,name,date,text,stars,answer
0,Виктория Панкратова,2024-02-26 13:19:11,"Помогли тут сделать карту. Все очень понравилось, быстро и оперативно, грамотные сотрудники не оставят без внимания любые вопросы, которые появляются. В целом офис хороший)",5,
1,Вадим Березин,2024-03-13 12:29:16,Профессиональный подход тут процветает. Я карту детскую забирал и уже через минут 10 уходил домой. Консультация очень информативная оказалась и полезная в будущем),5,
2,Василий Тарасов,2024-04-11 10:32:56,"Про отделение однозначно могу сказать что к посещению рекомендую. Я сам тут бывал не раз, по разным поводам. Ни разу не было разочарования. каждый визит завершался полной информацией и решенными вопросами. Сотрудники работают быстро не смотря на большую загруженность. Очереди конечно есть, но это ерунда.",5,
3,Мирослава Чернышева,2024-03-27 13:31:35,"Добрый день, вчера была в этом отделении Альфа банка. Получала дебетовую карту, обслуживанием осталась довольна, сотрудники молодые и активные. Быстро выдали мне мою карту и все подробно о ней рассказали. Обслуживание на все 100",5,
4,781283 Лиснвская,2024-01-07 06:28:48,"Стабильность, это просто конек этого отделения- сколько существует так и не решена проблема с очередями и технологии с электронной очередью ему не помогает. Просидеть можно долго, одно это уже отбивает всякое желание иметь отношение к этой банковской организации. Кто сталкивался поймет о чем речь.",2,"Здравствуйте! 

Простите нас за долгое ожидание! Всего стараемся максимально быстро помочь клиентам. Обязательно обратим внимание и исправимся."
5,yulya240805,2023-07-27 16:04:37,"Особенно хочу отметить удобное расположение этого банка, что действительно является большим плюсом. Можно легко припарковаться и быстро дойти от общественного транспорта. Сотрудники адекватные и грамотные, и я полностью довольна обслуживанием.",5,
6,Жанна Власова,2024-04-26 14:59:06,Очень долго работают сотрудники. Ходят со своими ноутбуками еле еле. Чтобы решить максимально простую проблему поднимается чуть ли не весь штат. Именно мне нужно было карту разблокировать. Часа полтора ушло. Поэтому и очереди.,2,"Здравствуйте, Жанна.
Извините, что заставили ждать.
Будем стараться работать быстрее."
7,Марина М.,2023-09-21 08:28:47,"Я приятно удивлена тем,как банк всегда поддерживает чистоту и создаёт комфортную атмосферу. Когда возникают вопросы,сотрудники стремятся помочь и всегда ясно объясняют. Благодарю за профессиональный подход!",5,
8,Рыжий Лис,2023-11-18 12:23:00,"Сервис отличный как и сотрудники,снизил оценку из-за отсутствия парковочных мест как для клиентов так и для сотрудников,что бы попасть в офис машину придется ставить далеко(",4,
9,Рамазан Самитов,2023-05-05 19:58:54,"Отличное обслуживание, отзывчивый персонал. Нравится дизайн помещения, в нем приятно находиться. В целом нравится альфа банк, мой первый банк и самый любимый",5,
10,Орловская Дарья,2023-07-21 18:39:28,"Персонал этого отделения проявляет вежливость, оперативность и отзывчивость. Они подробно объясняют и рассказывают все, что может быть непонятным. Мне удалось получить зарплату без проблем и даже без комиссий. Я также пополнила карту с другого банка без каких-либо дополнительных комиссий. В целом, у меня остались только положительные эмоции.",5,
11,МАРИЙКА,2023-02-12 10:19:19,"Отличный сервис. Все специалисты знают свою работу, всегда встречают с хорошим настроением и улыбкой, готовы ответить и решить все мои вопросы. Радуют приятные бонусы в виде кэшбекапо картам.",5,
12,Мария Захарина,2023-02-03 09:10:37,"Быстро обслуживают, доброжелательные сотрудники, все очень доступно объясняют. Пришла с мужем в отделение для того, чтобы узнать, где можно оплатить кредит, т.к. мы оба с работы и нужно было сделать оплату, а не стоять полчаса в очереди. В итоге, оказалось, что в этом отделении можно оплатить кредиты и без сотрудников. Все удобно.",5,
13,Дудос,2024-04-26 06:15:13,"Оказывается, что этот банк только для юридических лиц, так что на входе охранник меня просто развернул и отправил искать другой банк. Хотя на картах об этом не написано открыто.",1,"Здравствуйте!
Пишем на нашем сайте: alfabank.ru/office/map/ функционал офисов."
14,Юлия Черакшева,2023-07-15 20:36:29,"Расположение удобное, имеется хорошая парковка - всегда найдется место. Персонал дружелюбный и всегда готов оказать помощь.",5,
15,Алексей,2023-05-06 18:22:10,"Очень понравилось обслуживание в данном банке. Вежливые сотрудники, всегда готовы с удовольствием рассказать об интересных акциях. В офисе приятная обстановка, всё красиво обустроено. Очередей нет, делают всё быстро и качественно! Я не жалею, что перешла именно на этот банк с прекрасными для меня условиями.
Альфа, большое спасибо ❤",5,
16,Милана В.,2023-01-19 18:52:06,"Много раз обращалась сюда. Здесь всегда приветливый персонал, работают быстро и профессионально. Всегда подскажут, подскажут и еще раз подскажут! Побольше бы таких людей в банковской сфере.",5,
17,Лада,2023-03-24 07:25:56,"Большой выбор продуктов, всегда вежливые и доброжелательные сотрудники. Очень порадовал сервис по выдаче кредита. Приехала, взяла кредит, сдала документы, через 3 дня получила деньги. Все просто и быстро.",5,
18,Виталий Я.,2023-06-19 13:36:31,"Отделение банка обслуживает и физических лиц, и юридических. Персонал находится на высшем уровне. Здесь предоставляются лучшие условия для многих банковских услуг.",5,
19,Александр Санеев,2023-09-26 12:57:16,"Открывал расчетный счет для бизнеса в этом отделении. Все очень оперативно, управились минут за 20, наверное. К Альфа банку, в принципе, отношусь не очень, но тут все понравилось.",5,
20,Алина Н.,2023-03-15 18:08:42,"Обслуживание на высшем уровне,все быстро,вежливо и главное без очередей,что очень радует.Смс оповещения о движении средств по карте приходят вовремя, спасибо!",5,
21,Анонимный отзыв,2023-05-13 10:33:16,"Добрый день всем. Если куда идти и в какой офис, то только сюда. Была нестандартная ситуация-Специалист Юлия полностью решила мой вопрос, карта терерь снова работает, сбои отсутствуют. Спасибо вам большое за проявленный прлфессионализм.",5,
22,Хусаинова,2023-03-13 16:55:22,"Я люблю этого банка за его инновационной подход и современный дизайн .Их сайт и приложение для мобильных устройств очень просты в использовании и я всегда чувствую себя уверенно , когда работаю с ним.Я также оцениваю их высокий уровень безопасности и прозрачности во всех финансовых операциях.",5,
23,Ольга Т.,2022-08-22 11:33:33,"Высокий уровень сразу виден, это же АЛЬФА! Интерьер со вкусом, все очень красиво и комфортно. Сотрудники все очень красивые, грамотная речь. Мне там было очень приятно. И буквально в пару минут от жд вокзала 👍",5,
24,Никита Ермолаев,2023-05-23 12:32:30,"Открывал вклад не так давно и пока всем доволен. Оперативно смог открыть счет оставив заявку, которую банк быстро рассмотрел. Процентная ставка одна из самых лучших среди других банков, да и в целом сам банк мне нравится.",5,
25,Александр Тюков,2023-01-25 17:22:31,"Я с альфой уже много лет и из всех банков,с которыми я сотрудничаю, к нему у меня больше всего доверия. В основном это из за стабильности во всем и очень квалифицированного персонала. Кто еще не с альфой - обратитесь, увидите разницу с другими банками.",5,
26,Макс Калинин,2023-07-29 14:03:05,"Переоформление карты занимает не так много времени. Все это время помогал стикер, но карта в любом случае нужна, так что спасибо за оперативность)",5,
27,Анастасия Соколова,2023-06-30 18:29:36,Я выражаю огромную благодарность офису Альфа банка за их помощь в оформлении международного перевода. Весь процесс прошёл быстро и профессионально.,5,
28,Vasya Smirnov,2023-05-19 13:20:14,"Сейчас нет комиссии за переводы. Вообще супер. Просто у меня есть две карты – Альфа и Сбер. И часто надо перекидывать бабки с Альфы на Сбер. Раньше за это бралась комиссия, сейчас комиссию отменили))",5,
29,Анна Жукова,2023-05-23 19:27:54,"Быстрое и оперативное обслуживание без очередей и грубости.Большое спасибо, что вы существуете! Филиал расположен в шаговой доступности от моего дома, поэтому я почти каждый день захожу сюда, чтобы снять деньги.Всегда получаю быстрое и профессиональное обслуживание.",5,
30,Виталик Афанасьев,2023-02-16 18:23:45,"Срочно была необходима валюта, не хотелось идти в какие-то подвальные конторы. Заказал валюту в отделение Альфа, пришел, все получил, курс отличный, есть комиссия, но за спокойствие души и в сравнение с курсами других организаций, все равно остаешься в плюсе.",5,
31,Елизавета Овсянникова,2023-01-21 22:08:41,"Всегда вежливо, приветливо отвечают на все вопросы. Все сотрудники компетентные, все знают. Если у меня возникают вопросы, то мне их всегда грамотно объясняют.",5,
32,Ксения Сырова,2023-02-25 18:02:24,"Несколько лет назад брала автокредит в Альфа банке, вот совсем недавно рассчиталась, поэтому решила оставить отзыв. Оплачивала кредит через приложение, что очень удобно, никаких трудностей в период кредитования не было. Вообще Альфа банк понравился. Буду обращаться еще.)",5,
33,Айсылу Исмакатова,2023-02-26 13:33:35,"Очень хороший персонал! Всегда помогут, и ответят на любые вопросы, подскажут всё! 
Спасибо за проделанную работу🙏💕",5,
34,Алевтина Т.,2023-07-25 15:58:28,"Регулярно я посещаю это отделение, и в целом, все меня устраивает! Недавно решала вопрос с мобильным приложением, и мне оперативно помогли переустановить и настроить все необходимое.",5,
35,Жанка Фальковская,2023-04-20 13:16:18,"Все сотрудники вежливые,предупредительные,всегда готовы помочь.Удобное расположение отделений,есть как в центре города,так и на окраинах.Большой выбор кредитных продуктов,нет очередей.В общем отл чный банк.",5,
36,Кристина Ч.,2022-12-29 14:48:02,"Сотрудники стараются работать максимально быстро и избегать очередей. Иногда конечно, среди клиентов банкавстречаются бабушки, которые тормозят процесс, но, на мой взгляд, это неизбежно и в этом нет вины ни самого банки, ни его сотрудников.",5,
37,Юлия А.,2023-02-07 13:39:42,"Хороший банк с приливным обслуживанием. Бывает, что в отделении много народу, но старается все решить быстро, спокойно. Главное никто никому не хамит и не грубит при этом.",5,
38,Стас Хаустов,2022-06-20 11:22:25,"Знающий, привеливый, вежливый персонал. Хорошее и ухоженные помещение. Доступное для посещения место, но парковки нет. Так что лучше общественным транспортом.",5,
39,Юлия К.,2023-11-27 12:50:14,"Получила консультацию по кредитованию в отделении банка. Спасибо сотруднику за качественную информацию, которая помогла разрешить множество вопросов.",5,
40,Владимир Миронов,2023-01-14 17:52:14,"Пол года как пользуюсь кредиткой альфы, изначально брал на небольшую сумму, так это мой первый опыт и были какие то опасения. Вот недавно предложили увеличить лимит в два раза, с удовольствием согласился",5,
41,Константин Голяк,2023-01-17 16:58:53,"Приехали в воскресенье с девушкой,она не могла получить деньги по вкладу,и мы попросили,чтобы нам выдали наличные. В итоге,мы получили больше,чем просили,ещё и бонус в виде карты с бесплатным обслуживанием и бесплатным переводом средств. Очень приятно.",5,
42,Viktor111,2023-03-11 12:18:01,"Удобное месторасположение, много грамотных специалистов. Комфортный вип зал для клиентов",5,
43,Andre Glad,2022-10-16 13:06:21,"В отделение пришел, потому что не знал,как лучше отцу кредит погасить. Девушка не просто рассказала обо всех вариантах, но и предложила тут же внести платеж и посмотреть, что реально всё быстро и легко . Теперь отец сам за свой кредит платит без проблем.",5,
44,Анна,2023-03-02 20:18:56,"Очень клиентоориентированный и профессиональный коллектив. Все сотрудники банка, и не только банковские служащие, отзывчивые и вежливые, всегда придут на помощь. Моя искренняя благодарность!!!",5,
45,Анна Ш,2023-09-30 12:27:21,"Я посетила это отделение всего один раз, когда была в городе проездом и нужно было снять деньги. Здесь работают очень вежливые девушки, атмосфера приятная, и обсуживание было быстрым и без проблем",5,
46,Даша Калинина,2023-02-16 22:28:29,"Искала, где получить карту МИР, везде либо недели ожидания готовности, либо нет пластика, либо надо платить. АЛьфа Банк спас меня, все в наличии, карту получила через 3 дня, все бесплатно.",5,
47,динар хафизов,2023-04-23 18:57:40,"Мне приятно работать с таким внимательным и вежливым персоналом! Спасибо огромное! Хочется пожелать дальнейших успехов в работе и побольше клиентов! С уважением, клиент Альфа Банка",5,
48,Евгений Ряхин,2023-04-02 06:52:12,"Очень приятно иметь дело с таким банком. Хочу выразить благодарность сотруднику банка Юлии за оказанную помощь при получении кредита на покупку квартиры. Юлия провела консультацию по всем интересующим меня вопросам и помогла собрать все необходимые документы для получения кредита. В дальнейшем, когда я уже получил кредит Юлия помогала в течении всей процедуры оформления документов. Спасибо ей большое.",5,
49,Гузель,2023-06-23 07:11:33,"У Альфы самые лучшие оффлайн банки, и это главным образом благодаря отличному персоналу! Все сотрудники добрые и профессиональные, это видно с первого посещения офиса.",5,
50,Татьяна Максимова,2023-08-10 05:07:24,"Скорость и качество обслуживания на высшем уровне! Коллектив сотрудников проявляет вежливость, внимание и профессионализм. Искреннее спасибо сотрудникам этого филиала.",5,
51,Лилия Ибрагимова,2023-08-26 15:04:43,"Разнообразие банковских продуктов велико, но менеджеры ориентируются в них и предоставляют подробные объяснения. Поначалу я была настроена на одну форму ипотеки, однако Светлана, менеджер, проконсультировала меня и предложила ипотеку с господдержкой, что оказалось более выгодным вариантом для меня.",5,
52,Роман Сорокин,2023-04-14 11:55:06,"С самого момента открытия отделения и на сегодняшний день, только положительные эмоции от посещения данного отделения. Обслуживание на высшем уровне, всегда вежливые и внимательные сотрудники, делают свою работу на отлично.",5,
53,2298 Аванесян,2023-05-24 20:22:25,"Сотрудники доходчиво объяснили и рассказали условия по расчётному счету. Скажу так, на много дешевле обслуживание чем в других банках",5,
54,Виктория Л.,2023-08-07 07:19:13,"Мы обратились в отделение Альфа-банка, чтобы разрешить банковские вопросы. Первое, что бросилось в глаза – это уютное и просторное помещение офиса. Очередь оказалась небольшой и быстро двигалась. Наши запросы были обработаны с оперативностью.",5,
55,Борис Анин,2023-05-10 20:52:58,"Приехал прямо с утра, в 10 часов. Очереди нет. Народу тоже. ФПерсонал вежливый, отзывчивый. Обслуживание быстрое. Всё чётко. Остался впринципе доволен.",5,
56,Alya,2022-10-13 09:48:22,"Была клиентом нескольких банков, но везде счета закрыла и перевелась на полное обслуживание сюда после истории с блокировкой нескольких карт в других банках. Тут уже 3 года, никто безосновательно карты не блокирует и ни в чем клиентов не обвиняет.",5,
57,Карина Алиева,2022-11-19 15:01:27,"Наконец-то смогла зайти и получить свои карту! Офигенные условия, бесплатная и с такиииим кэшбэком ))))) БОЛЬШОЕ спасибо!",5,
58,Артём Савельев,2023-08-05 19:39:01,"Наше сотрудничество с Альфа-банком уже длится 3 года. За все это время у нас не было ни одной просрочки и ни одного штрафа. Обслуживание на высоком уровне, менеджеры всегда проявляют вежливость и приветливость. Благодарим за вашу работу!",5,
59,Татьяна Облетникова,2022-12-16 14:29:19,Очень чистое и просторное отделение банка. Всегда работающие банкоматы и сотрудники вежливые.,5,
60,Алина Стрельникова,2023-02-12 16:05:54,"Очень удобно, что есть банкомат. Так же есть терминал для оплаты коммунальных услуг. Из минусов - они не всегда могут быть доступны, например если меняют что-то внутри автомата, но в остальном мне всё нравится.",5,
61,Ольга П.,2022-10-20 11:18:35,"Лучший офис в котором была)) Быстро и без лишних вопросов помогли мне оформить кредит по хорошей ставке. Предупредили о страховке и сказали что смогу отключить ее, если потребуется",5,
62,Алина Морозова,2023-07-30 04:08:57,"Долго размышляла,но все-таки решила взять ипотечный кредит. Тщательно изучила все подводные камни и детали по кредиту, после чего пришла на консультацию в отделение банка. Все прошло на высшем уровне, и я была уверена в своем выборе.",5,
63,Роман Выров,2023-01-28 16:39:45,"В банке я бываю часто, но в этот раз был приятно удивлен. Когда я пришел в банк, мне очень вежливо и быстро помогли, за что им огромное спасибо! Всем рекомендую, отличное заведение!",5,
64,Анастасия Щетинина,2023-03-02 15:03:04,Профессиональные сотрудники четко подобрали нужный вариант для вложения денежных средств.,5,
65,Эльмира Г.,2023-02-16 13:51:23,"Мне нравится , что тут всегда по-человечески к тебе относятся и девчонки менеджеры улыбчивые.",5,
66,Алиса Васильева,2023-07-10 09:03:53,"Мой парень и я получили карты Альфа в июне прошлого года и часто путешествуем. Нам нравится, что переводы осуществляются без комиссии, а приложение очень удобное, даже в отдаленных местах.",5,
67,Nikita Stepin,2023-08-29 16:00:04,"Я оформлял ипотеку на жильё в новостройке в Альфа Банке. Мне понравилась возможность досрочного погашения, а также первоначальный взнос в размере 15% от стоимости жилья. Хочу выразить благодарность менеджерам за профессиональное сопровождение во время оформления и сделки.",5,
68,Максим А.,2023-03-30 16:51:44,Я бы хотел выразить благодарность альфа банку за отличное обслуживание. Сотрудники были очень внимательны ко мне и предоставили мне все необходимые услуги.,5,
69,Анастасия,2023-09-06 10:50:54,"Я должна признать, что это место заслуживает высших похвал. Здесь мне помогли разобраться во всех вопросах и предоставили качественную консультацию.",5,
70,Света Резина,2023-01-11 14:20:17,"По кредитке условия просто шик, оформила несколько месяцев назад и пользуюсь с удовольствием. Забирала карту в этом отделении",5,
71,Елена,2023-02-25 14:24:11,"Являюсь клиентом этого банка уже 2 года, и за все это время ни разу не возникло проблем, всегда все в срок и без нареканий. Сотрудники банка вежливые и компетентные. Погашаю кредит через банкомат, очень удобно и быстро.",5,
72,Александр Поздняков,2023-08-23 20:28:20,"Карта с бесплатным обслуживанием, при этом приходят списания за обслуживание счета )",1,
73,Никита Худяков,2023-03-05 10:57:06,"Очень удачное месторасположение банка, приветливые сотрудники",5,
74,Наталья Алексеевна,2023-04-07 13:14:10,"Персонал не грубит, все понятно объясняют, это важно, как по мне. В банке есть терминал, можно оплатить коммунальные услуги, пополнить счет мобильного телефона, оплатить кредит и т.д. В общем все, что нужно для платежных операций.",5,
75,Александровна,2023-03-18 18:10:56,"Всегда прихожу только в это отделение. Недавно зашла в другой банк по просьбе мамы и была в шоке от того, какая разница в сервисе! Большое спасибо за такое высокое качество обслуживания, держать марку вам удаётся лучше всех!",5,
76,Алия Нуриева,2023-04-27 16:33:12,"Сменила несколько банков,в которых мне не давали кредит.В этом банке мне одобрили кредит.Подала заявку на кредит на сайте,и через 5 минут мне позвонили,сказали какие документы предоставить.Я предоставила документы,и мне одобрили и выдали кредит.Всё быстро и удобно.Банк очень хорошии,советую",5,
77,Серго Ювелир,2023-04-04 15:56:17,"Куда не глянешь сейчас везде есть отделения Альфы, а не только банкоматы, лет 5 еще назад совсем не так было. А сейчас можно зайти где угодно в банк, уточнить какие-либо моменты, может, вопросы есть по продуктам, удобно)",5,
78,Павел Иванов,2023-02-09 18:52:03,"Уютный офис, приветливый персонал, всегда готовый помочь и подсказать. Вы можете прийти в любое время суток и решить любую проблему.",5,
79,Кристина Муллина,2023-03-04 16:40:37,"Открыла вклад в Альфа банке. И спасибо за это хочу сказать девушке, которая дала мне грамотную и интересную консультацию, пока я была в офисе банка по другим вопросам. Предложение и правда выгодное, не зря оформила.",5,
80,Алим М.,2023-02-20 16:07:28,"Очень отзывчивый персонал, очень вежливый и приятный. Счет в банке открыли без проблем. Обслуживание на высшем уровне. Побольше бы таких банков",5,
81,Наталья Степанова,2022-05-05 15:21:49,"Там работает очень высококлассный специалист - Ирина Викторовна, вот кто реально знает всё и готова помочь по вопросам банковской сферы.",5,
82,Олеся Олейникова,2023-03-25 20:19:00,"Нравится банк, менеджеру все приятные, очереди не большие",5,
83,Ирина М.,2023-03-17 12:55:46,"У Альфа банка отличные тарифы на кредиты и депозиты. Я получила выгодную сделку на свой кредит, и я довольна, что выбрала их в качестве своего финансового партнёра.",5,
84,Слава,2023-03-02 16:38:29,"Открыла вклад в альфе, ставка хорошая смотрю на проценты и радуюсь",5,
85,Евгения С.,2023-04-02 05:33:16,"Я от себя очень рекомендую этот офис банка, сотрудники внимательны к пожилым людям, не первый раз замечаю, как здесь заботятся о моей маме. Просто молодцы, спасибо большое!",5,
86,Юлия Силкина,2023-01-29 20:45:26,"Все очень быстро и вежливо! Смс оповещения приходят в срок, о поступлениях денежных средств на карту. Всегда есть возможность дозвониться до оператора, который всегда поможет.",5,
87,Ольга Петренко,2023-02-09 03:39:49,"Стабильно получаю кэшбек, трачу более 100.000р в месяц. Мелочь, а приятно.",5,
88,Юлия Х.,2022-09-09 08:04:37,"Крутой банк, всё быстро, времени не теряешь, когда заходишь. Здесь как-будто тебя ждут всегда.",5,
89,Алёна Хамидуллина,2023-03-26 16:01:15,"Стабильный, большой банк. Доверяю ему полностью, знаю, что тут не обманут",5,
90,наталья сарайкина,2023-11-11 19:28:19,Лучший банк 👍,5,
91,Екатерина Короткова,2023-08-22 09:04:57,В очередях можно спокойно потерять час и больше,3,"Здравствуйте, Екатерина!
Извините, что заставили вас ждать. Не все вопросы получается решить быстро, за счёт этого ожидание может быть дольше обычного."
92,Даниил Замалдинов,2023-02-05 14:18:54,"Пару недель назад получал тут свою кредитку год без процентов. Пользуюсь в одно удовольствие, с таким сроком без переплаты можно не беспокоиться, закрыть всегда успею",5,
93,Елена Капотова,2023-03-11 12:40:45,"Приходила забрать уже готовую карту тут,быстро, чётко,заняло всего ничего по времени и ещё про бонусы рассказали,спасибо",5,
94,Mary,2023-03-09 20:12:01,"Я уже не в первый раз обращаюсь в это отделение и ни разу не было обманов или грубых слов в мой адрес. Спасибо большое, что вы есть. Очень хороший банк.",5,
95,Павел Соклаков,2023-02-10 18:21:27,"Удобно, быстро, профессионально.",5,
96,Катерина Иванова,2023-02-27 15:17:55,"В этом году оформила потребительский кредит на ремонт. Сотрудники очень доброжелательные, все объяснили. Рекомендую.",5,
97,Юлия Мустафина,2023-03-23 18:14:34,Мега довольна условия кэшбека и в принципе политикой банка,5,
98,Людмила Завгороднева,2023-05-25 15:12:53,"Скорость обработки запросов меня устраивает, а обслуживание клиентов отличается вежливостью и порядочностью.",5,
99,Данияр,2023-05-23 12:15:23,"Нравится банк ,хороший и честный .",5,
100,Елена Катютина,2023-03-11 14:13:45,"Установил приложение инвестиций, теперь коплю потихоньку, очень удобно.",5,
101,Талибуллина Гульнара,2023-02-08 19:22:52,"С утра и до вечера можно обслужиться,все быстро и четко.Никогда не стою в очередях,намного быстрее обслуживают.",5,
102,Вадим Попов,2023-05-11 17:11:43,"Альфа-Банк- forever!
Больше сказать нечего.",5,
103,Любовь Когитина,2023-04-10 13:57:39,Ну очень странные сотрудники в этом банке работают.,3,"Здравствуйте, Любовь!
Всегда стремимся помочь и предоставить качественный сервис.
Подскажите, почему сложилось такое мнение?
Можете написать подробную информацию на нашу почту smm@alfabank.ru"
104,Валерий Харитонов,2022-09-09 19:49:18,"Всё делаю через приложение. Очень нравится, в банк хожу для снятия наличных.",5,
105,Светлана С,2019-10-01 15:26:20,"Идеальное отделение! Чисто, просторно, обслуживание быстрое, сотрудники квалифицированные и позитивные👍👍👍👍👍. Жаль, что такого сервиса нет в Сбер.",5,
106,Сергей Гребнев,2023-08-02 18:20:31,Все супер!!!,5,
107,Константин,2021-02-11 08:32:40,"Пользуюсь только банкоматом, нравится что там можно пользоваться функцией nfc, т.е. банковскую карту с собой носить не нужно.",5,
108,Сергей Кузьмин,2021-11-26 05:44:51,Хамско-оскарбительное отношения охраны к клиентам.больше в этот банк на Невской не пойду.,1,
109,Андрей Четников,2021-06-08 12:33:45,Уютный офис. Круглосуточный банкомат. Выручал не раз.,5,
110,Vladimir PV,2022-05-22 17:36:10,"Только для юр.лиц, обидно однако",4,
111,Записки кухонного философа,2022-02-06 18:01:36,Лучший банк по сервису и прочему),5,
112,Саша,2022-01-23 07:32:26,Банкоматы норм,5,
113,541268 Ковальчук,2021-09-30 09:57:33,Полезная организация!,5,
114,Николай Миронов,2020-11-27 00:54:15,Не рекомендую никому работать с этой организацией.,2,
115,Анна Ю.,2019-11-30 03:14:35,Банк по этому адресу только для юридических лиц.,4,
116,Евгений Хлюстов,2021-06-24 17:56:18,Отлично,5,
117,Кристина,2019-10-05 06:52:37,Не удобная система. Медленно работают.,3,
118,Сергей Г.,2019-07-25 11:21:54,Очень долгое ожидание обслуживания,3,
119,Александр О.,2017-12-31 12:39:28,Отличный офис. Сотрудники прелесть! Особенно работники инкассации,5,
120,Евгений Коптев,2019-11-28 07:09:02,"Быстро, професионально",5,
121,Наталья m.,2019-08-16 13:34:37,Вежливые сотрудники,5,
122,Руководитель проектов,2019-08-24 15:04:49,норм отделение,4,
123,Анубис,2018-06-24 12:56:57,Все хорошо как и во всех альфа банках.,5,
124,Евгений Петров,2019-08-07 05:24:08,Обычный банк,1,
125,Сергей Дудин,2019-05-27 12:44:44,отличный банк,5,
126,Александр П.,2019-07-26 11:37:42,Лучший банк,5,
127,Передистов Александр,2018-03-14 05:34:10,Нет паркрвки,4,
