,name,date,text,stars,answer
0,Арина Толмачева,2024-01-23 14:19:56,"Детская карта это чистое удобство просто. Я как мама не могла и лучшего желать. Приложение удобное, работает отлично как и сама карточка. Все возможности которые нужны для родителя там имеются",5,
1,Роман Иващенко,2024-02-19 09:34:10,"Хорошее отделение альфа банка! Всегда приветливый персонал, достаточно часто захожу туда по вопросам ИП счёта, всегда помогут, объяснят и решат любую проблему.",5,
2,Алёна Тарасова,2024-03-27 11:27:24,"Обслуживаюсь в Альфа банке достаточно давно, приходит зарплата на эту карту, вот ее перевыпуск я и забирала в этом отделении сегодня. Минусы как и у всех банков конечно есть, но не критичные. Персонал здесь работает хороший, обслуживание быстрое и качественное, зачисление зарплаты банк не задерживает. Все хорошо!",5,
3,Елена Баланцева,2023-06-27 03:24:51,"Обслуживание находится на высоком уровне, сотрудники очень вежливы и приветливы, они всегда готовы помочь подсказать. Очень удобно, что есть и банкоматы, и окна с сотрудниками. Лично мне удобно оплачивать коммунальные услуги в окне, чем в банкомате, но это уже дело предпочтения каждого.",5,
4,Валик Богданов,2023-09-04 12:33:09,"Чисто, внутри красиво, понравилось, что персонал вежливый, грамотный и помогли тут разобраться с условиями по Альфа-стикеру за короткое время. Как раз и на работу получилось успеть и консультация топ",5,
5,Александра Тимофеева,2024-04-24 14:57:48,"Спасибо за качественное выполнение своей работы. Почувствовала к себе особое отношение, когда вели диалог с менеджером за отдельным столом. Раньше такое было только с отдельными услугами, а сейчас доступно для всех",5,
6,Дарья Грицко,2024-04-03 15:25:27,"Ждали пол часа, менеджер Валерия отказала в приёме и сказала что работает с только с юр.лицами 
Но по факту обсуждала проблемы всех остальных в том числе проблемы с картой и другими платежами
Время 18.24
Дата : 03.04.24
Жду обратную связь",1,"Дарья, здравствуйте! 

Напишите на нашу почту smm@alfabank.ru ваше ФИО и дату рождения. В теме письма прикрепите ссылку на отзыв. Хотим разобраться в ситуации 🙌"
7,Ксения Авдеева,2023-06-17 16:55:13,"Ребята очень заботливые и добрые даже когда вопросы касаются просрочки. Ценю их терпеливость и выгодные продукты. Попробовала уже почти все! Очень приятный накопительный счет, кредит наличными тоже брала и отдала почти без проблем. Почти, потому что сама не рассчитала, а банк- молодцы.",5,
8,сергей масса,2023-07-09 19:08:09,"Очень удобное расположение банка. Прямо на остановке Парка Памяти. В офисе мне помогли с оформлением ипотеки. Оказали хорошую консультацию. Я не пожалела, что выбрала Альфу для оформления ипотеки.",5,
9,Наталья Соловьёва,2023-09-21 16:33:42,"Недавно оформиляли сыну карту, ему исполнилось 14. Мы выбрали рисунок для карточки, условия для карт были максимально выгодными. Этот выбор идеально подходит для его первого опыта.",5,
10,Наталия Максимова,2022-10-27 15:21:05,"Вежливые менеджеры, уютно чисто. Прекрасное обслуживание. Время ожидание очень малое, отношение к клиентам вежливо, персонал опртный, вежливый, обслуживание на высоте. Самый лучший менеджер Анастасия!!",5,
11,Алиса Шуткевич,2023-03-12 17:23:31,"Я давно пользуюсь услугами Альфа банка. Нравится, что он современный, быстрый и удобный. Особенно радует то, что есть возможность оплатить кредит в банкомате. Это очень удобно кроме того, у банка есть много отделений и банкоматов",5,
12,Женя Петров,2023-07-05 17:22:27,"Хочется похвалить персонал. Не первый раз тут появляюсь, сотрудницы вежливые, в общении приятные, никаких конфликтов ни разу не было. Тут оформляли кредит на выгодных условиях, все понравилось",5,
13,Валентина хворостова,2023-10-06 11:14:23,"Хорошее отделение, девушки приветливые, тактичные. При мне был клиент который вел себя мягко говоря неадекватно, но 
все обошлось хорошо благодаря сдержанности и профессионализму сотрудников.",5,
14,Анастасия Д.,2023-07-09 13:01:04,"Месторасположение отделения рядом с моим домом очень удобно, на мой взгляд. Сотрудники всегда вежливы, внимательны и приветливы. Любые вопросы решаются быстро, все ясно и понятно. Очередей и суеты нет.",5,
15,Шевченко Елизавета,2023-04-14 08:53:32,"Хм… Стикеры от Альфа банка я оценила. По сути это обычный пластик. На нем указаны все банковские данные. Плюс: удобно пользоваться. Но мне стало интересно. А если я посею телефон, получается, что кто-то может воспользоваться этим стикером, если я ежесекундно не заблокирую стикер? Надо будет обратиться с этим вопросом в отделение банка.",5,
16,Андрейка,2023-03-03 19:20:53,"Удобное расположение, несколько банкоматов круглосуточных, один также внутри, закрывается если необходимо без лишних глаз снять или положить д.с. Отделение приятное, сотрудники на месте",5,
17,Роман Тиняков,2024-01-13 12:02:12,"Понравилось все, встретили как дома, еще бы кофе было и ващеее супер",5,
18,Надежда Полозова,2023-11-07 13:57:37,"Очередь. Сотрудники не компетентные. До конца так и не помогли, сотрудница просто развернулась и ушла.",3,"Здравствуйте, Надежда.
Расскажите, подробнее, что произошло?"
19,Евгения Золотухина,2023-03-30 15:18:02,"Хочу сказать коротко и по факту) Это САМЫЙ ЛУЧШИЙ БАНК в России! У меня открыто несколько счетов. Условия в Альфе САМЫЕ выгодные! И сотрудники здесь самые НЕ навязчивые, чего не скажешь о других банках (извиняюсь, если что). За 7 лет с Альфой у меня ни разу не было никаких проблем или нареканий. Максимально удобно и защищенно!",5,
20,Ева Морозкина,2023-05-08 11:23:29,"Альфа-Банк для меня фаворит по условиям и удобству. Уже на протяжении девяти лет с ними. А это отделение банка вообще нравиться очень. Такой хороший персонал, всегда помогут и расскажут. Никогда не навязывают лишнего. Я довольна)",5,
21,Алексей Владимирович Сологубов,2023-01-04 19:09:51,"Удобное расположение, рядом с трассой и остановкой. Красивый офис и приветливый персонал. На ресепшене помогли разобраться в личном кабинете. До этого забыл пароль на карте, оказывается все можно было сделать онлайн.",5,
22,Екатерина г.,2023-08-22 09:11:25,"За 40 минут ожидания не один специалист не подошёл...человек вынужден ждать пока все оформят кредиты,что бы получить зарплатную карту...только при мне четыре человека не выдержали и ушли. Ужасное отношение к клиентам.",1,"Здравствуйте, Екатерина!
Извините, если заставили ждать 😔

Принимаем клиентов в порядке очереди, а во время большой нагрузки ожидание может быть дольше, чем обычно. Приложим все усилия, чтобы подобное не повторилось."
23,Иван Обрубов,2023-04-09 08:41:59,Очень приветливый персонал. Обслужили быстро и качественно. Все вопросы решили моментально и без лишних затрат времени. Спасибо большое.,5,
24,Алексей,2023-04-11 11:11:52,"Я приходила получать карту в данный офис. Мне очень понравилась обстановка. Офис сделан в необычном стиле. Много зелёных растений. За столами сидят сотрудники с ноутбуками. Когда я пришла, меня встретила вежливая сотрудница. Она мне выдала пластиковую карту и зарегистрировала, как нового клиента. Ещё рассказала про акции, которые у них проходят. 
В целом я осталась довольна, что не зря перешла в Альфа-Банк.
Альфа, большое спасибо! 🥰 ❤",5,
25,Анастасия Ковалёва,2022-10-19 11:22:34,"Приятно удивил банк,устроилась на работу и карту надо было забрать с этого банка,быстрое обслуживание без очереди,сотрудники работают оперативно,все обьяснили понятно,проблем не возникло очень довольна,и меня удивил интерьер не стандартный но уютный,приятная атмосфера.",5,
26,Екатерина Муругова,2023-05-29 11:23:40,"Совершенно не понравилось ничего в самом отделении и в сотрудник. 
Ожидание очереди не пойми как, куда идти не понятно, очередь подошла менеджер ушёл по своим делам, ещё стой! Менеджер говорит тихо ничего не слышно, музыка фоновая громкая. Была тут зимой, и сейчас смотрю ничего не поменялось!!!!",1,"Здравствуйте, Екатерина!
Грустно, что вам не понравился наш офис. Старались, чтобы было уютнее. Ситуации и вопросы могут быть разные, требуется разное количество времени на решение. Иногда может быть очередь. Простите, что пришлось ждать! Учтём ваше замечание, подумаем, как сделать обслуживание более комфортным 🤝"
27,Елена М,2023-06-21 15:50:44,"Вежливые и квалифицированные специалисты, очень понравилось обслуживание, за 15 минут решили все вопросы!",5,
28,Юля,2023-04-03 17:25:14,"Была в Альфа банке несколько раз! Хочу отметить, что качество обслуживания на высоком уровне, персонал вежливый и приветливый, Все понравилось.",5,
29,Дмитрий Белицкий,2023-04-09 16:09:08,"Вежливый персонал! Отделение оформлено в интересном стиле, оперативно оформили карту. Отличное отделение!",5,
30,Максим Сторожев,2023-04-28 07:33:41,"Меня все устраивает.Заказывала в крайний раз кредитную карту банка.Пришлось ждать,когда ее выпустят.Но судя по разговору с коллегами,это сейчас нормальная ситуация со всеми банками,поэтому как минус не считаем.А вот условия очень даже выгодные.Поэтому присмотритесь",5,
31,полина м.,2023-05-03 15:59:05,"Честный банк в плане процентов, всё всегда понятно по начислениям процентов и остатков, данные всегда отображаются в приложении, не надо дополнительно ездить в отделение банка или звонить операторам.",5,
32,Даша С.,2023-07-13 19:27:30,"Я сразу заметила доброжелательность и вежливость сотрудников в этом отделении. Они быстро и качественно консультируют по всем вопросам. Также хочу отметить возможность использования банкомата и оплаты услуг, не выходя из отделения, что не всегда доступно в других местах. 
Большое спасибо!",5,
33,lt.corbiss,2022-08-10 06:43:52,"А я решила ребенка приобщать к ""общению"" с деньгами и оформила ему специальную детскую карту. Отличный продукт банка считаю, не просто баловство, а огромная польза. Теперь вот учу рассчитываться самому в магазинах, тратить деньги с умом, планировать расходы. Конечно, все операции под контролем, и сумма на карте минимальная, но ребенок в восторге) Интересно так наблюдать за ним.",5,
34,Александр,2023-07-19 15:26:31,"На протяжении недели были постоянные непонятные списания с каких-то левых сервисов, получилось быстро устранить проблему с помощью горячей линии банка. Спасибо вам большое!!",5,
35,Александр,2022-08-12 06:52:47,"Долго пересматривал предложения разных банков по кредитам, и остановился на кредите в Альфа Банке. Расскажу по какой причине. У них ставка 5.9%, и ниже я просто не нашёл. А еще дают свободно даже крупные суммы, а мне как раз и нужна была такая и нас срок как минимум лет 5. Ну и теперь счастливый конец: кредит мне одобрили, плачу сейчас и так как дополнительных услуг не навязано, думаю, что с полной оплатой справлюсь без проблем",5,
36,сабина гамзаева,2023-05-15 08:38:53,"Сегодня пришли в офис около часа ждали и никто не подходил для уточнения вопроса, что меня интересует. Лично подошла к сотруднику попросила еще подождать. К сожалению, обслуживание отвратительное.",2,
37,Виктория Заметалина,2023-04-17 15:16:21,"Замечательный офис Альфа-банка, просто прекрасное место для получения банковских услуг. Работники очень вежливы, профессиональны и быстро решают все вопросы клиентов. Чистота и порядок на высшем уровне",5,
38,Анна Отина,2022-08-04 12:21:07,"Формат банка расслабляет, уютная атмосфера ,внимательные специалисты готовые помочь разабраться в предоставляемых услугах.мне лично всё понравилась,но это банк ,а с банками всегда должны быть ушки на макушке.",4,
39,Анна Белеева,2023-06-02 16:01:52,"Я давненько клиентка банка. И Альфу я очень уважаю. Знаю, что банк заботится обо мне и моих финансах, ибо я имею несколько вкладов, которые застрахованы. Лучший банк.",5,
40,Игорь Игорь,2023-03-26 04:39:54,Да что тут сказать . Офис как всегда чистый и аккуратный. А сотрудникам лучше набраться опыта в плане вежливости и умению. Такое ощущение что кроме клиентов которые готовы взять кредит или ипотеку им другие не интересны. Девочки глазами хлопают с длинными ногтями. Мальчики как будто директора все,1,
41,Сырга Допчун-оол,2023-06-20 14:18:11,"Здесь мне нравится. Очередей меньше. Сотрудники всегда общаются вежливо и готовы помочь с любой проблемой. Было бы здорово, если бы ещё чаепитие устраивали, и тогда бы жизнь была идеальной.",5,
42,sbvs s.,2022-07-12 09:31:48,"Черепашки в этом отделении работают. Невозможно долго, я где то за год пришла первый раз пришла и в ужасе, от того как поменялось обслуживание. Всегда максимум 10 минут и ты решаешь свой вопрос, сейчас приходишь по записи ждешь 15 минут и сотрудница на мой вопрос зачем вы тогда делаете электронную запись с недовольным лицом, говорит ждите когда специалист освободиться. Вот интересно вы что не знали что я за 5 часов записалась и прийду в это время, может все таки вам специалиста освободить к этому времени. А самое главное руководитель стоит при входе и рассказывает культурно о том, что вам нужно подождать. вместо того, что б помочь своим нерадивым сотрудникам решить проблемы клиентов.",1,
43,Яна,2023-07-30 14:29:26,"Обслуживание в банке удобно и доступно через онлайн -чат, что позволяет решить множество вопросов, не выходя из дома. Однако для оформления документов на вклад пришлось посетить отделение. Я осталась довольна уровнем сервиса.",5,
44,Наташа Псюкалова,2022-07-19 17:07:14,"Переехал сейчас, ближе к парфюм декору. Интерьер стал современный, интересный, необычный, вроде финансовое учреждение, а внутри как кафе. Но вот мне кажеться стало меньше сотрудников либо работают медленнее.",5,
45,Юлия Смирнова,2023-05-02 18:56:42,"Понадобилась срочно карта мир, почти все банки пишут неделю или 10 дней изготовление. Только Альфа банк предлагает за 2-3 дня. Все как обещали, карта была готова через день.",5,
46,Кривцова Светлана,2023-01-18 15:51:55,"Моя пожилая мама ходит сюда оплачивать счета и коммуналку. Всегда с добротой рассказывает о девочках в банке,какие все приятные,как все стараются ей помочь во всём. Спасибо вам большое!",5,
47,Сергей Нерезов,2023-07-03 02:08:18,"Лучший банк , пользуюсь услугами более15 лет нареканий нет персонал в любом отделении приветлив.",5,
48,Александр Романов,2023-03-03 12:07:09,С самого открытия этого отделения альфа банка сотрудники оперативно решают вопросы и не заставляют стоять в очередях. Очень вежливые и отзывчивые сотрудники.,5,
49,Маша Зеленцова,2023-03-21 20:11:57,"Все сотрудники вежливые, внимательные и доброжелательные. Всегда помогут. Не смотря на то, что отделение маленькое, очередей почти нет. Обслуживание быстрое. Очень хорошо, что в отделении есть банкомат.",5,
50,Мария Петухова,2023-07-22 03:49:08,"Радует возможность иметь дело с вами! Очень удобно что можно предварительно записаться на прием, а если у меня нет возможности придти лично в день обращения, то можно записаться по телефону. Кроме того, некоторые вопросы можно решить даже без посещения отделения. Ваша система просто идеально налажена, и я вам благодарна!",5,
51,Никита Корытин,2023-06-02 16:24:52,"Недавно оформил кредитку 365 дней. Оформлял на сайте, анкетка там небольшая и заполняется быстро. Доставили мне карту прямо домой.",5,
52,Ольга Кленкина,2022-11-02 05:22:42,"Обновлённый интерьер очень нравится. Порадовало отсутствие очереди. Очень подробно все объясняют менеджеры, молодцы.",5,
53,Мария Фёдоровна,2022-08-18 06:09:03,"Против Альфы ничего не имею. Тетя из Испании перевела мне деньги в евро на карту на Новый Год. Я их держала, а потом санкции… Стала обзванивать. Сказали выветси вполне реально, но не через банкомат. Получила деньги через неделю после заказа. Заказать можно в офисе или по телефону. В общем, все-таки не кинули, дали евро. Причем с нормальным выражением лица.",5,
54,Рома Федотов,2023-08-22 14:25:21,"Мне комфортно находиться внутри, нет давящей атмосферы как в других банках. Сотрудницы приятные, всегда помогут и подскажут что делать в конкретном случае. Все подробно и быстро",5,
55,Андрей С.,2023-04-21 17:12:49,"Давненько пользуюсь услугами Альфа банка. Все всегда оперативно и без лишних слов. В офисе всегда вежливые и отзывчивые сотрудники. Если что-то не так, всегда помогут и объяснят. Это очень важно.",5,
56,Donovan Zabel,2023-05-30 22:41:29,"Хорошее отделение, чистое, светлое. Клиентоориентированность на высоте.",5,
57,юрий селивëрстов,2023-06-06 22:00:55,"Ушëл из Сбера в Альфу. Вот ни разу не пожалел! Здесь и отношение к клиентам человеческое, и условия по картам и кредитам отличные.",5,
58,Сергей Б.,2023-04-07 18:46:01,"Самый плохой банк! Кассы нет,персонал неграмотный! Информацию всю не доносит или искажает! В личный кабинет не зайти.... Не видит логин,пароль! горячая линия отвратительная!!!",1,
59,Снежана Кустова,2023-01-23 15:19:27,"Все чётко, быстро, профессионально! Очень комфортно и удобно. В отделении работают специалисты, которые знают свое дело, а не просто сидят и ждут клиентов.",5,
60,Алексей Преснов,2022-10-26 18:53:37,"Сделали всё в новом стиле, движение к лучшему, персонал приветливый, приятно нахрдится.,но в остальном все банки -это роставщики.",4,
61,Юлия,2023-05-14 16:15:58,"Хорошие операторы быстро понимаю за чем пришел к ним человек, спасибо огромное за дебетовую карту. Всегда поможет!",5,
62,Irina P.,2023-08-26 13:16:47,Приветственный кэшбэк от банка приятно удивил меня. Регулярно обновляемые категории и щедрые проценты за покупки позволили заработать немало бонусных рублей,5,
63,Олег Коновалов,2022-07-19 17:42:38,"Просидел час, табло очереди не работает. Персонал избирательно выбирает посетителей. Пока не стали делать замечания, никто и не сдвинулся с места. Потом появилась ещё сотрудница, которая после обслуживания клиента, даже не задала вопрос, а какой вопрос интересует меня. Просто ушла. Ушёл за 3 минуты до закрытия. Так нельзя работать.",1,
64,Aivengo,2023-04-07 13:38:13,"Была проблема с картой. Позвонил в банк, объяснил ситуацию. Приехал в отделение с документами и все решил за 15 минут. Спасибо сотрудникам банка",5,
65,Екатерина Гаршина,2023-07-10 11:47:51,"Есть возможность быстро заменить визу на карту мира. Я запросила перевыпуск карты через приложение, а затем просто явилась в отделение на следующий день. Сотрудники оперативно приняли меня и выдали новую карту - очень удобно.",5,
66,Ольга,2023-05-23 14:29:07,"Посетила отделение банка, чтобы открыть новый счет. Всё прошло очень оперативно. Сотрудник, который меня обслуживал, проявил высокий профессионализм и заботу о моём комфорте. Я получила отличный сервис.",5,
67,Садык Г.,2023-05-22 15:15:36,"Я получил страховку в Альфа Банке и чувствую себя уверенно, что моя семья и я защищены в случае непредвиденных обстоятельств.",5,
68,Айса Ли,2023-05-03 19:26:33,Банковская система Альфа банка очень хорошо защищена. Поэтому вы всегда можете быть уверены в сохранности своих денег,5,
69,Егор Зуев,2023-08-10 04:10:39,"Стремительное развитие с Альфой продолжается много лет, и моя личная история - это отличнй пример. Не только обычная дебетовая карта и кредитная линия, но и вклады - везде я нахожу комфортные условия. Поддерживаю их специалистов.",5,
70,Земфира Клименко,2023-04-02 19:08:01,"Вежливые и внимательные сотрудники, работающие для клиентов. Мне нравится сюда обращаться",5,
71,Анатолий,2023-04-11 13:07:12,"Очень долго ждать своей очереди! Работает с 10 - это неудобно. В выходные не работает. По сервису уступает многим, в том числе и Сберу",2,
72,Виктория Довиденко,2023-07-17 09:58:54,"Я полностью довольна сотрудничеством с Альфа -Банком и вижу только положительные моменты.например,я подключила торговый эквайринг, и комиссиия за оплату сдесь значительно ниже, чем в других банках",5,
73,Анастасия,2023-04-10 18:28:11,"С момента открытия в городе очень нравится . Приходили в отделение с мамой, открыли счет, пока мама оформляла свою карту, я открыла вклад. В офисе все очень быстро и удобно.",5,
74,Анна Селукова,2023-05-27 14:29:35,"Обслуживание здесь быстрое, вежливое и, что самое важное, качественное! В последнее время редко можно встретить такое отношение к клиентам. Большое спасибо за это!",5,
75,Дмитрий Качалков,2023-06-30 11:49:26,"Недавно открыл накопительный счет в Альфа-банке, а теперь решил получить кредитную карту. Очень понравились их условия с беспроцентным периодом и бесплатным обслуживанием. Начал использовать карту сразу и уже получил приятные бонусы.",5,
76,Маргарита Михайлова,2023-08-17 19:52:44,"Открыла карточку здесь и приятно удивлена бесплатным обслуживанием. Дополнительно радует кешбэк. Это маленькое, но приятное дополнение!",5,
77,Олеся Крючкова,2023-05-17 11:39:11,"Этот банк очень нравится мне. Они всегда надежны в решении моих проблем, и поэтому я хочу их искренне поблагодарить. Конкретно это отделение является одним из самых удобных для меня, так как оно находится рядом с моим домом.",5,
78,Ксения Р.,2023-05-24 12:03:51,"Когда все платежные системы перестали работать, я пошла в Альфа-Банк, чтобы получить заранее оформленную карту МИР. У меня было много положительных отзывов о банке, и я наконец-то решила открыть карту здесь. Мое первое впечатление было очень положительным. Обслуживание на высшем уровне.",5,
79,Оксана Бежелева,2023-06-07 18:28:37,"В этом отделении работает отличный и внимательный персонал. Когда я обратилась в банк по поводу кредита, они проконсультировали меня и помогли оформить его. Я хочу отметить профессионализм работников этого офиса.",5,
80,Ольга,2021-10-03 13:42:31,"Три раза пыталась получить карту. Она оформлена, нужно только забрать. Но в первый раз, после долгого ожидания в очереди, у оператора возникла сложность и он попросил прийти ещё раз, пообещав, что примет без очереди. В итоге вечером того же дня я стояла в очереди, несмотря на то, что предупредила о своём приходе, ожидала когда освободится оператор (при этом взяв талон) но так и не дождавшись очереди ушла(час). В следующий раз так же не смогла получить свою карту из-за слишком долгого ожидания в очереди, т к я работающий человек! Работает отделение только в будни! Сб и вс выходные. Вот и получается замкнутый круг. Слишком долгое обслуживание! На одного человека час это слишком.",2,
81,Юрий Андреев,2023-07-11 08:10:55,"Очень быстро персонал работает, очередей минимум, приятный ремонт и быстрое одобрение кредита, как оказалось сотрудницы палки в колеса не вставляют, а стараются помочь, так что спасибо!",5,
82,Михаил Хайлов,2023-08-10 15:44:33,"Получил свою первую карту Альфы здесь. Анкету заполнил онлайн, через пару дней карта была готова. Пробыл в очереди 5 минут, на офомление и предоставление документов ушло еще 5 минут - и все готово.",5,
83,Veta,2022-07-01 12:38:50,"Отвратительное обслуживание, сегодня хотела за время обеда забрать заказанную карту, простояла 20 мин к одной , занятой клиентом даме, после того, как она освободилась, заявила, что уходит, а мне лучше присесть и «Возможно» ко мне кто то подойдёт! Это нормальное отношение??? Я Не стала испытывать судьбу, ушла🤷‍♀️",1,
84,Рита Петрова,2023-04-23 14:50:20,Являюсь постоянным клиентом Альфа банка и всегда оставляю только положительные отзывы. Недавно пришла в отделение для оплаты кредита и была приятно удивлена быстрой и качественной обработкой моей заявки.,5,
85,виктория е.,2023-05-15 14:47:02,Лично уже больше года пользуюсь услугами данного банка. У меня уже есть зарплатная карта этого банка. И всё это время я являюсь клиентом данного банка и очень довольна. Рекомендую всем своим друзьям и знакомым.,5,
86,Максим Рау,2023-03-18 14:43:49,"Я открыл вклад здесь в прошлом году. Был приятно удивлен тем, какой у альфы высокий процент, т.к. искал максимально выгодные условия для вложения денег, и Альфа-банк в итоге оказался лучшим вариантом. Всё понравилось, буду обращаться еще)",5,
87,Вита Раёва,2023-04-28 19:42:07,"Очень быстро ,без волокиты и лишней нервотрепки оформили кредит на сумму 200 т. р. с минимальными процентами. В случае необходимости всегда можно обратиться в службу поддержки и получить ответ на волнующий вопрос. Спасибо за хорошую работу",5,
88,Елена,2023-06-23 15:56:02,"Персонал банка компетентный и внимательный. Когда я пришла с моим подроском,чтобы оформить дебетовую карту,мы не ждали долго,а зона ожидания была уютной,в итоге мы получили карту и успешно ей пользуемся.",5,
89,Cuszer,2023-03-28 11:33:53,"Альфа предлагает действительно хорошие условия для клиентов, я бы сказал, лучшие на рынке",5,
90,Вова Крутой,2022-08-27 13:13:37,"Через app store приложение пока не скачать. Я деньги перевожу со счета на карты сотрудникам. У многих копилка есть, тоже от этого банка. Через приложение видны операции, доход, налог",5,
91,Анастасия Никонова,2022-08-29 16:41:18,"Затупила, сняла деньги через приложение другого банка и пришлось платить комиссию. Конечно, деньги не вернули, ошибка всё же моя, но разъяснили все условия, надеюсь, что ошибок больше не допущу. За помощь спасибо!",5,
92,Александр Моисеев,2022-05-21 11:42:51,"Неудобно, что альфа банк не работает в субботу, т.к. многие люди работают с понед по пятницу+ у детей всякие кружки в будние дни, было бы хорошо если бы офис работал в субботу, хотя бы 14:00. Фотографии офиса неактуальные, обновите.",2,
93,кристина к,2023-08-17 06:39:45,"Я захожу в это отделение с самого момента его открытия. Всегда поддерживается безупречная чистота, сотрудники всегда на месте, не заставляют ждать. Все операции проходят гладко.",5,
94,LeIvan1990,2023-02-21 13:54:51,"Персонал вежливый и компетентный. Не первый раз посещаю это отделение, никогда не возникало проблем. Большое спасибо сотрудникам за профессионализм, оперативность и внимание.",5,
95,Анатолий Загайнов,2023-02-13 20:56:46,"Недавно открыл накопительный счет в альфе. Лучшие условия среди наших банков. Все прошло отлично, я очень доволен обслуживанием.",5,
96,Светлана Лукьянова,2023-03-31 14:16:22,"Обслуживание на высоте, все вопросы решали в течении 10 минут,а то и быстрее. Очень приветливый персонал, особенно в зале с банкоматами.",5,
97,Натали Г,2023-03-10 20:13:52,"Я уже несколько лет являюсь клиентом Альфа-банка, и могу сказать, что я очень довольна услугами, которые они предоставляют. У меня есть вклады и кредиты в этом банке, и я всегда чувствую себя в безопасности, зная, что мои деньги находятся в надежных руках.",5,
98,Юрий Красножонов,2023-04-14 10:22:26,Выражаю благодарность менеджеру отдела кредитования- очень грамотно проконсультировала меня и помогла с оформлением кредита,5,
99,Валерия Михайлова,2023-08-06 10:38:52,"Недавно решила взять кредит в этом банке. Заполнила анкету,и уже через 15 минут получила звонок из банка с утверждающим ответом . Приехала в отделение и оформила все необходимые бумаги. Процесс был быстрым и выгодным.",5,
100,Вероника Б.,2023-05-05 13:09:33,"Проходила тут регистрацию ИП. Делала это впервые, мне все понравилось, сделали быстро, без лишних вопросов. Все документы выдали, на словах объяснили, как и что. Спасибо за помощь.",5,
101,Sergey Yatsenko,2023-01-26 17:46:59,"Сервис обслуживания отличается от других банков.
Мне понравилось.
Персонал грамотный.",5,
102,Андрей Джужома,2022-09-05 15:04:17,"Ужаснейшее отделение. Выбиваешь чек, горит твоя фамилия и кто менеджер. И сидишь ждёшь менеджера больше часа, а она сидит и принимает клиентов которые зашли после меня. Ужасно, ужасно, ужасно",1,
103,Вероника Першина,2023-03-30 16:20:08,"После санкций стало много обращений в поддержку, но стараются работать оперативно",5,
104,me0wkat,2023-06-13 15:20:35,"В этом месте работают отличные сотрудники. Всегда можно получить информацию о любых продуктах у сотрудников банка. Нет сомнений, что они работают честно. Благодарю вас!",5,
105,Елена Г.,2023-08-23 10:09:25,"Всегда оперативное, комфортное и беспроблемное обслуживание. Зарплату и пенсию получаю только здесь, так как у меня уже открыто несколько счетов.",5,
106,Привет Пока,2023-04-19 18:20:45,"Я был крайне удивлен уровнем сервиса в этом банке. Сотрудники были очень вежливыми и эффективными, и я получил все необходимые услуги без проблем .",5,
107,Katunya-iv89,2022-05-06 19:02:36,"За все мое время обслуживания, встретила, лишь одного компетентного специалиста, к сожалению, остальные были не грамотные, и в целом не довольные жизнью люди!",1,
108,Ольга Г.,2022-05-02 13:08:22,"Персонал отзывчивый ,вежливый, компетентный..Местоположение удобное, в центре Спартановки.",4,
109,Дарья Р.,2023-03-24 18:01:49,Банк с лучшими сотрудниками.Очень внимательные и вежливые менеджеры.,5,
110,Юлия_Юлия,2023-03-07 20:03:48,"Этот банк действительно помогает своим клиентам. Они предлагают хороший сберегательный счет по выгодной процентной ставке. Я так же могу настроить автоматические переводы и оплату счетов, что упрощает управление финансами.",5,
111,Евгения С.,2023-03-11 19:04:49,"Очень вежливый персонал, который всегда готов прийти на помощь. Всегда быстро реагируют на любую ситуацию и решают ее довольно быстро.",5,
112,Александр шиманаев,2023-08-28 19:52:58,Хорошая обслуживание и персонал супер,5,
113,Sonya,2022-09-20 07:46:19,"Открыла для сына вклад, для оплаты института. Очень срочно деньги понадобились, сняли без потери процентов. Легко и быстро!",5,
114,Ксюша Малахова,2023-11-16 17:54:54,Обслуживание очень хорошее. Сотрудники компетентные.,5,
115,Юлия Никишина,2022-01-25 16:29:43,"Сервис на уровне неразберихи- электронная очередь вроде есть, но она не действительна, в том окне, куда направляет табло может не оказаться специалиста, и если сидящий рядом специалист свободен-может так по-свойски поинтересоваться, что надо). Была здесь два раза, мнение от посещений однородное.",3,
116,Марк Тимофеев,2023-04-14 21:58:33,"Всегда стараются оперативно решить вопросы, молодцы",5,
117,Алина П.,2023-06-28 16:34:12,"Я посетила это отделение, чтобы получить наличный кредит, и это был мой первый опыт.
Одобрение произошло мнгновенно.
Обслуживание было на высшем уровне.",5,
118,Татьяна,2022-08-27 11:54:30,"Была с утра, программы подвтсают, служащие не все на раб месте,сто,т покурить да и однозначно не всегда ответят конкретно впечатление шпаргалки",3,
119,Анна Р.,2023-06-11 16:14:22,Менеджеры хорошо разбираются в своих продуктах и очень быстро помогли оформить и решить вопрос с кредитом.,5,
120,Алексей,2023-07-26 14:03:33,Моя первая кредитная карта была заказана и одобрена очень быстро. Я получил ее в отделении на следующий день. Все прошло безупречно.,5,
121,Юля Воскресенская,2023-04-27 15:40:12,"За все время работы, тут ни одного нарекания. Если и были какие то ошибки, то без проблем исправляли. Сотрудники очень вежливые, всегда помогут.",5,
122,Ибрагимова,2023-03-05 18:37:45,"Много места для совершения сделок с физическими лицами,просторный офис.Приятные и компетентные сотрудницы тут .",5,
123,Rinal Nafikov,2023-03-16 18:58:38,"Открыл для себя кредитную карту год без процентов альфа-банке. И жалею лишь об одном, что не знал о ней на протяжении стольких лет. Супер удобная штука, всем советую.",5,
124,Виталий,2023-08-01 17:55:34,"Хорошие отделение, личный подход к клиенту.",5,
125,Яна Хохлова,2023-02-23 15:47:36,"Отделение одно из моих любимых! Я работаю недалеко , захожу после работы,если надо что-то выяснить . Меня уже знают по имени и всегда здороваются))) мелочь ,а приятно !",5,
126,Вероника б.,2022-03-29 09:38:52,"Банк нового поколения, сотрудники любезные, но их мало, если людей много то и присесть то некуда и стоять особо негде т.к там одни столы как в кафе",5,
127,Мы живем в свободной стране???,2022-07-20 17:37:23,Персанал не следит за очередью . Электронная очередь не работает . Очень не понравился офис и обслуживание в нем .,2,
128,а л,2022-02-03 16:52:04,"хорошее обслуживание,быстро решают вопрос,но иногда приходится подождать в очереди,т.к.офис небольшой,сотрудников мало",4,
129,Вика Л.,2022-12-19 14:59:37,"Отличные тут работники. Всегда можно узнать о любых продуктах у сотрудника банка. Сомнений не возникает, что работают они честно. Благодарю!",5,
130,Anton Smirnov,2022-10-15 17:36:57,Хорошее отделение банка с отзывчивыми и внимательными сотрудниками.,5,
131,Артём Кинзин,2023-02-08 17:34:56,Хочу выразить глубочайшую благодарность всему персоналу данного отделения банка. Помогли разобраться с выписками по всем моим счетам. Спасибо!,5,
132,Виктория Ражева,2023-03-14 14:00:05,"Этот банк ни разу (за 5 лет работы с ним) не оставил с проблемой лицом к лицу, так сказать. Спасибо за такой высокий уровень обслуживания.",5,
133,Сергей Ушаков,2022-07-19 08:17:17,"Ужасное обслуживание, в отделении очень холодно и сидишь в очереди целый час! За то девушки красивые консультанты.",1,
134,Намиг Аллахвердиев,2022-03-07 14:44:55,"Внутри сделали красиво, но очень долгое обслуживание, в целом неплохо",4,
135,Ющенко Ольга,2022-09-06 17:33:24,"Персонал вялый, кажется, что девочки сюда ходят, чтобы губами друг перед другом посветиться",3,
136,tonxkn,2021-06-04 08:21:27,"Не сотрудники, а ленивцы из зверополиса, ожидание приема больше часа, работают всего 2 сотрудника из 5, но даже когда через час ожидания подошла ваша очередь, вас просят подождать ещё, когда кто-нибудь освободится, но когда это будет неизвестно, чихать им на ваши проблемы!",1,
137,Андрей Ю,2023-05-14 17:11:23,Обслуживание отношение к клиентом хорошее,5,
138,Соня Борисова,2023-03-30 15:24:20,"Нареканий к работе банка нет, работают хорошо",5,
139,SVETLANA E,2022-07-07 18:33:08,Очень приятная обстановка. Вежливые сотрудники.,5,
140,валерий торбинский,2023-08-03 18:48:18,Мне понравилось спасибо,5,
141,Ахмед. Мавсунов,2022-01-03 09:03:27,"Замечательное обслуживание, везде чисто, отзывчивый персонал",5,
142,Валентин Маленко,2023-05-14 07:11:10,Очень быстро решили проблему,5,
143,Прицепыч,2023-08-13 14:21:17,Вежливые сотрудники!,5,
144,Елена Валитова,2023-02-19 16:47:43,"Любые задачи, какой угодно сервис, чёткие рамки по времени. Никто никогда не задерживает, всё быстро.",5,
145,Калимат Магомедова,2022-05-24 10:15:22,Оооочень долгое ожидание !!!!!! Чтобы забрать карту сидеть надо 2 часа ужасно!!!!!!!,2,
146,Копча,2022-10-20 13:42:50,"Просидел только без толку,так никто и не подошел,зря потратил время.",1,
147,Vitalan Nikitin,2023-03-16 12:39:44,Отношение к клиентам замечательное,5,
148,сергей потапов,2021-09-11 15:11:05,Банк а кому он вообще нужен правдо рядом есть аптека это кстати надо ещё коллекторов посадить и вообще классно будет,1,
149,Антонина Ткаченко,2021-07-05 09:07:40,"У Альфа-Банка проблемы с безопасностью, как только появляются средства на карте, мошенники звонят сразу же и распологают всеми личными данными",2,
150,Олег Краснобрыж,2023-04-02 17:11:04,Очередей нет. Быстро открыли счет,5,
151,Andy Rossi,2022-07-05 17:23:38,Компетентный и грамотный специалист ( мужчина) при входе...,4,
152,ирина камнева,2022-09-04 02:08:33,"Прекрасные вежливые сотрудники, все на высоте. Рекомендую!",5,
153,Правовой центр ЮФО,2022-12-26 18:07:27,Доброжелательный коллектив,5,
154,Mikhail Z.,2021-03-12 20:16:40,"Гнилая система безопасности!!!
Сделал вклад и открыл счёт месяц назад и начали названивать мошенники со знанием моих абсолютно всех данных !
Пойду завтра закрывать вклад",1,
155,Олеся Толстая,2021-09-12 07:22:48,"Быстрое и качественное обслуживание, вежливый персонал.",5,
156,Татьяна,2021-11-08 09:02:42,Альфа Банк это мой любимый банк ! Этим все сказано. Много лет я являюсь клиентом этого банка,5,
157,Renovations,2020-10-01 13:23:45,"Сегодня положил деньги на счёт карты через банкомат,деньги на счёт не пришли из-за сбоя их сервера.По итогу я сейчас без денег вообще.Через кассу отделения деньги отказываются возвратить мотивируя на ожидание прекращения сбоя.Вы сегодня меня и мою семью оставили без продуктов питания.",1,
158,Анонимный отзыв,2019-08-22 18:35:02,"Очень хороший филиал банка ! Пользуюсь услугами постоянно . Вежливый отзывчивый и профессиональный коллектив! Всегда разъяснят и помогут клиенту. Молодцы, так держать!!!",5,
159,Наталья Гаврилова,2023-06-17 17:12:29,Все понравилось!,5,
160,Павел В.,2022-09-12 08:18:47,Сотрудники ни что не могут сделать самостоятельно.,1,
161,Siranna,2020-03-03 04:24:02,"Мой любимый банк давно хотела писать о них ,не знала куда.Супер обслуживание,высокая культура поведения работников исключительно всех,Огромное Спасибо создателю этого банка ,оригинален, честен без подводных камней",5,
162,Евгений П.,2020-02-02 10:58:02,"Небольшой офис банка, но в нем уютно и быстро обслуживают. Тем более терминалы работают круглосуточно. Летом можно зайти попить воды в жаркую погоду.",5,
163,Татьяна Татьяна,2021-06-06 17:27:42,"Банк одним словом, светло чисто, консультанты приветливый.",4,
164,Инна Крайникова,2021-07-31 08:51:59,Здесь выгодный кредит грамотное обслуживание никаких нареканий на работу банка нет,5,
165,Наталья Сухаренко,2020-01-11 06:24:56,"Работники банка в целом то воспитанные, внемательны. А, вот банк сам хотелось бы лучше. Проценты если вовремя не оплатил, офигенные. Так ещё и звонками разные хамки и хамы задолбают. Прям не люди, а не люди. Знаю по словам подруги.",3,
166,сергей дурница,2022-01-09 10:58:48,Хороший банк. Удобное место для посещения.,5,
167,Vi K.,2020-02-07 11:03:08,Хороший банк и предлагаемые им продукты...кредитная карта 100 дней выручает. Спасибо за это предложение. Консультации всегда исчерпывающие.,5,
168,Игорь Бар,2021-09-06 15:29:26,"Обычный банк
 Все добродушные , помогают решить вопросы.",5,
169,Andrey A.,2023-06-25 16:36:16,Дороговато.,4,
170,Галина,2022-05-08 21:21:18,Прекрасный интерьер и банк тоже.,5,
171,Юрий Легеньков,2021-12-12 11:36:51,"Быстрое обслуживаие ,вежливый персонал",5,
172,Игорь Шахерезадов,2020-06-10 12:24:18,"Небольшое уютное отделение, работают быстро и слаженно, никогда нет очередей. Рекомендую.",4,
173,Наталья Слесаренко,2021-10-07 06:57:25,"Брала в этом банке кредит,все ясно и доходчиво объяснили,хорошо работают",5,
174,Наталья К.,2020-04-18 14:36:27,Если сократить время ожидания в очереди с часа до 10-15 мин впечатление значительно можно улучшить. Спасибо. Только дистанционное обслуживание,3,
175,максим калинин,2022-10-23 07:39:05,Очень вежливый и грамотный персонал,5,
176,GOOD,2021-11-01 20:10:29,Вполне себе обычное отделение вполне себе обычного банка,5,
177,Алексей,2021-10-31 13:56:06,Банк отвратительный. Дерут скрытые комиссии. Наживаются на всех,1,
178,Татьяна Чуракова,2021-12-19 12:47:18,Обслуживание быстрое и четкое,5,
179,Slash Freeman,2021-05-26 10:50:00,"Отделение Альфа-банка, удобное расположение.",5,
180,Алия Пыкина,2021-10-02 18:52:34,"Карта кредитная, снятие наличных, это единственный плюс.",4,
181,Андрей Г.,2020-12-21 13:52:58,"Качество обслуживания отвратительное! Всегда очереди, а персонал работает как черепахи!",1,
182,Ник ...@,2022-03-03 09:22:40,"Бот гоняет по кругу, только убивает время.",1,
183,Эллина,2021-07-21 04:52:48,"Хорошее помещение, уютно.",5,
184,Леночка Макарова,2020-07-11 12:54:32,"Грамотные консультации,быстрое обслуживание,хорошие ставки по картам",5,
185,Митя Пожарский,2021-07-05 03:49:29,Выдают обманным путём карты кредитные на сначала одних условиях а по факту оказываются другие.Будьте аккуратней!,1,
186,Marina G.,2021-03-23 09:39:58,"Все супер. Чисто, светло, безопасно.",5,
187,Константин Данков,2021-02-04 17:52:03,Отзывчивые сотрудники! Помогли решить вопрос.,5,
188,ВАЛЕРИЙ Б.,2021-04-13 21:01:18,Все замечательно. Грамотный и вежливый персонал.,5,
189,Олег Колесников,2022-02-07 19:27:42,Посредственное отделение,3,
190,А. В.,2020-11-12 12:31:52,Ужасный банк в день звонят по 5 раз навязывают кредит оставьте людей в покое,1,
191,Сергей Кучугуров,2021-02-12 10:51:26,Вежливый персонал.решает любой вопрос,5,
192,Андрей.,2021-12-27 12:34:07,"Не дозвониться, карта живёт своей жизнью, приложение шляпа.",1,
193,Александр Филиппов,2021-02-11 15:55:41,"Чёткий банк, люблю его, а сбер терпеть не могу!",5,
194,Антон,2021-12-12 11:06:32,Недовольные моськи персонала расстраивают.,3,
195,Екатерина Рябикова,2019-08-01 15:49:12,Приветливые консультанты на входе и высококвалифицированные специалисты банка,5,
196,Михаил,2020-03-14 08:09:31,"Как и все отделения альфа банка, но в этом отделении нет обмена валют",3,
197,vertolja,2020-04-12 05:44:43,"Вежливые сотрудники, чисто, удобно",5,
198,Сергей Люташин,2021-01-19 11:59:43,"Ничего лишнего, работают шустро!",5,
199,Евгений Сашенко,2021-11-13 13:08:49,Хороший банк,5,
200,atem83,2019-01-25 15:56:52,"Всё очень удобно, проффесиональный вежливый персонал !",5,
201,Елена Кандаурова,2020-07-21 08:45:49,"До сихпор не удалили данные клиента , и нет смс потверждения что клиет не должник банка ,а в черном списке .",1,
202,ASSASIN,2020-01-30 17:06:11,Лажа бригада тупо вымогателей и кидалова не ума не фонтазии,2,
203,Татьяна Кобылина,2021-06-01 14:49:46,Как и все банки,5,
204,Игорь Малюженко,2019-07-30 06:39:02,"Оценивать услуги банка не будем, :) Однако, персонал очень нравится.",5,
205,Лина,2019-07-27 15:37:49,"Уважительный персонал, помогут всегда.",5,
206,Людмила Р.,2019-10-29 16:40:13,Очень давно здесь снимает это место банк альфа,4,
207,Владислав,2019-12-03 21:32:16,Есть кулер с бесплатной водой),4,
208,Илья,2020-03-28 16:07:19,Быстрое обслуживание,5,
209,Sherilin,2020-10-29 17:32:16,Давно здесь,3,
210,ДаДамс,2019-08-24 18:12:27,Отсутствует доступная среда для маломобильных групп населения.,1,
211,олег швецов,2021-03-26 08:56:32,Всё 0к.,5,
212,Александр Абрамов,2019-11-23 04:18:21,Удобная парковка,5,
213,Павел -,2019-10-13 13:26:42,Хорошее обслуживание,5,
214,Наталья Сапрыкина,2019-09-01 08:06:37,обычное отделение банка,4,
215,1979 В.,2019-07-27 03:36:30,Хорошее обслуживание.,4,
216,Игорь Портенко,2019-09-15 15:09:06,Много людей....,4,
217,w,2018-06-04 07:07:14,Указанный режим работы не соответствует фактическому,1,
218,Александр П.,2019-07-26 11:40:47,Лучший бане,5,
