,name,date,text,stars,answer
0,Екатерина Мелихова,2024-01-09 16:57:13,"Отличный банк! Мне нравится в банкоматах можно заранее указать какие купюры удобнее снять, а то бывает снимаешь, а выдают много мелкими банкнотами. Парковаться лучше во дворе, либо в арке, но редко свободно. Частенько бывает, что талоны терминал не выдаёт и приходиться в живой очереди находится. Конечно не очень удобно, но я думаю, что руководство это устранит в ближайшее время(!) А так в целом банк мне нравится!",5,
1,Алексей Носов,2024-02-28 12:51:10,"Условия для индивидуальных предпринимателей порадовали меня. Ставка по эквайрингу здесь значительно ниже, чем в других банках. Более того, здесь предлагается множество различных преимуществ, которые регулярно обновляются. Я действительно доволен этим банком, так как получаю максимальную выгоду для своего бизнеса и профессиональные консультации от специалистов.",5,
2,Сергей Сергей,2024-01-01 16:20:18,"Вроде бы не маленький зал ожидания, много окон для приёма посетителей, но возможно, мне не повезло и я попал в тот момент, когда приказал долго жить терминал электронной очереди... В итоге, 40 минут ожидания приема по вопросу, который удалось решить за 1,5 минуты... при этом, когда я попросил, чтобы меня хотя бы просто проконсультировали, было сказано - у нас живая очередь, ожидайте, и там решите все свои проблемы.. Короче, место оставило не очень лесное впечатление
3 из 5",3,"Здравствуйте, Сергей! 
Простите, что заставили долго ждать решение простого вопроса. 
Стараемся решать вопросы клиентов быстро, но из-за высокой нагрузки и разной сложности вопросов иногда не справляемся."
3,Богдан Иванов,2024-01-29 14:02:28,"В этом отделении работают профессиональные, вежливые работники. Компетентны в решении поставленных вопросов. Быстро и терпеливо все объясняют. Было очень приятно.",5,
4,Владимир,2024-01-02 11:15:15,"С утра при попытке снять наличные банкомат ""съел"" карту, на экране совет обратиться в офис. Обратился именно сюда. Жалею время и свои нервы. Нет электронной очереди, девушка распорядитель вперед меня попустила другого, на замечания не реагируют. Когда подошла моя очередь, за столом сотрудница обучала меня на моем телефоне работать с приложением их банка!!!!! Я за этим разве приходил????? Создается впечатление, что адекватность в других банках побольше. Ну вы даете!",1,"Здравствуйте, Владимир! 
Простите, что произошла такая ситуация. 
Возьмём её на заметку."
5,Олег Крючков,2024-03-18 13:19:58,Отделение хорошее и бывать тут приятно. Есть возможность прийти в субботу. Я был тут недавно. Мне нужно было понять дадут кредит или нет. С помощью сотрудника сформировали запрос. Вскоре мне сообщили что кредит одобрен.,5,
6,Павел Миронов,2024-04-30 14:20:45,"Про кредитные продукты банка знал только со слов коллег на работе. И когда самого прижало приехал в банк, тут-то на меня и обрушилась информация. И про кредитную карту рассказали и про кредит наличными. Посчитали что выгоднее, оформил год без процентов, отличная скорость одобрения. Получил необходимый лимит за минут 5 ожидания",5,
7,Ксюша Гаврилова,2024-01-24 18:01:04,"Заходила в банк узнать по поводу ипотечных программ. Меня встретила приятная девушка, дала первичную консультацию и записала к профильному специалисту. Дальше я получила ровно то, за чем пришла, понятную разложенную по полочкам информацию. Спасибо!",5,
8,Игорь Богданов,2024-02-27 13:49:52,"Выбрал для себя дебетовую карту Альфа банка для регулярных оплат. Она бесплатная в обслуживании. Переводы с неё также бесплатны. И конечно же кэшбэк реальными деньгами. Резюмирую, карта хорошая и удобная.",5,
9,Арина Черных,2024-04-12 13:56:36,"У меня украли кредитную карту. Когда заметила сразу побежала в это отделение. Оказалось, что они уже заблокировали её, когда увидели подозрительную активность и пытались до меня дозвониться, но не смогли. Вот это я понимаю забота о клиенте! На месте карточку сразу же перевыпустили. Спасибо!",5,
10,Даниил Овчинский,2024-04-01 10:44:14,"Решил получить кредитку альфы. Главное - год без процентов. При посещении отделения мне одобрили неплохой лимит. Получить карту было очень быстро, не успел зайти как мне её уже принесли.",5,
11,Марк Синицын,2024-01-20 13:18:19,"Никакого навязывания, хамства, некомпетентного поведения с клиентами. Очень нравится общение с менеджерами в данном офисе. Недавно объяснили мне что такое минимальный платёж по кредитной карте и как он правильно рассчитывается. На все ушло минут пять)",5,
12,Максим Никитюк,2024-03-26 11:37:05,"Окна в пол это супер идея! Я когда вижу, что внутри много людей, просто прохожу мимо) Это не к сотрудникам претензия, они отлично работают. Консультации всегда проходят быстро и результативно",5,
13,Миша Титов,2024-02-19 15:30:07,Пользуюсь брокерским счетом альфа банка и зто увлекательное занятие приносит мне неплохой доход. Помогли разобраться в тонкостях полезные статьи в приложении банка.,5,
14,Олег Абрамов,2024-04-09 10:51:10,"Закрыл кредитную карту досрочно так же просто как и оформил. Сотрудник еще попался отличный, приятно было обслуживаться. Так еще и по приложению меня сориентировали оперативно)",5,
15,Виталина Тужилина,2024-04-26 18:56:20,"Девочки работают все внимательные и доброжелательные,спасибо им большое,очень приятно было общаться.",5,
16,Юрий Алексеевич,2023-10-03 10:38:15,"Не работает электронная очередь, хотел там получить наличные так как в службе поддержки сказали, что можно в любом отделении получить наличные, но у них не оказалось кассы с наличными и я просто так просидел 30 минут, отвратительное отношение к клиентам: объясню почему, если не работает электронная очередь то должен быть человек, который направляет клиента в соответствии с функционалом отделения, а меня только через 30 минут спросили зачем я пришёл",1,
17,Михаил Игнатов,2024-03-13 12:22:04,Отличное место. Ненапряжное обслуживание без впаривания всяких ненужных услуг и развода на деньги. Все четко по делу и без одурачивания.,5,
18,Инкогнито 9264,2023-11-03 14:14:26,"Расставить знаки препинания, запятые автоматически. Проверка пунктуации
 

Символов всего: 374 Язык: PRO версия: 
Во-первых, до Альфа-банка никак не дозвониться. 18 минут слушал какую-то песню, которая играла на фоне. Во-вторых, приехал в это отделение банка, чтобы услышать ответы на свои вопросы, касающихся карты, на что они, не дослушав до конца мой вопрос, направляют меня в другой место, а потом и в общем, ""забили"" на меня и начали общаться с другим клиентом. Одним словом, кошмар!",1,
19,Дима Архипов,2024-04-11 11:13:00,"Мне нужна была дебетовая карта для переводов. Выбрал карточку Альфа банка с бесплатным обслуживанием. Получал в этом отделении, все супер.",5,
20,Алла Малинина,2023-12-30 13:23:13,"Хорошая девочка сидит в кабинете, помогла. Но вот что там всего один специалист сидит очень плохо, приди людей было оооочень много, сидели долго",5,
21,Галя Тарасова,2024-02-21 14:32:56,"Хорошие отделения и приятный персонал. Уважает вас и ваше мнение, всегда выслушат и помогут, сервис на 5+",5,
22,Елена Загоруйко,2023-07-11 04:33:57,Очень хорошее обслуживание. Персонал весь внимательный объясняют доступно. Не первый раз обращаюсь. Всё нравиться очередей мало. Брала кредит и карту. Всё устраивает,5,
23,Сергей Лесков,2024-02-10 08:39:37,"Тут работают очень общительные и улыбчивые люди, к которым приходить не только полезно но и приятно. Мне помогли разобраться в тонкостях вкладов и вместе с сотрудником выбрали оптимальные условия по вкладу, который я тут же и оформил.",5,
24,Богдан Старовойт,2023-09-26 10:01:08,"Спасибо сотруднику, которая быстро обслужила меня и решила мою главную проблему с кредитной картой. И спасибо банку за лояльное отношение к своим клиентам. Буду рекомендовать вас своим клиентам.",5,
25,Сергей Фирсов,2023-05-21 09:49:35,"Меняю отзыв с негативного на позитивный, прошла всего неделя, и хотя в Банке тот же персонал, отношение к клиенту изменилось в лучшую сторону координально, обслуживание очень хорошее,внимательный персонал, вежливое отношение к клиенту, все очень понравилось, очередей нет, работает электронная запись, очень порядочное отделение, спасибо персоналу за работу",5,
26,Алексей Александрович,2024-03-27 18:13:28,"Хорошее отделение, один раз брал карту, второй - консультировался. Оба раза получил необходимое внимание и результат.",5,
27,София Иванова,2024-04-14 04:37:45,Альфа- мой надежный банковский партнер с отличными условиями и лояльным отношением к клиентам.,5,
28,Alex AKs,2023-12-26 20:02:10,"Обслуживающий персонал проявил внимательность к моим просьбам , сделали новый выпуск карты , ожидание было не долгим.",5,
29,Але Дол,2024-04-27 14:14:43,"Очень долго решают простые вопросы, специалист не помогает решить проблему коротким путем а растягивают по самому долгому пути",1,"Добрый день.
Мы всегда стараемся быстро решать вопросы, но иногда нужно больше времени, чтобы во всём разобраться. 

Напишите, пожалуйста, на нашу почту smm@alfabank.ru ваши ФИО, дату рождения и прикрепите скриншот отзыва. В теме письма напишите: Яндекс Карты. Але Дол. Всё проверим."
30,Алия Валиева,2023-05-19 12:16:10,"Стала недавно клиенткой банка.Плюсы: бесплатное пользование карточками и отличные условия; минусы: нет возможности скачать приложение, оно удалено из Сторов, выручает только веб-версия.",5,
31,Ольга Бушуева,2024-02-16 02:12:14,"Позвольте выразить мою благодарность за возможность получения консультации в любое время,дня и ночи.Это действительно ценно ,так как не нужно отпрашиваться с работы и проводить часы в очередях.Обслуживаниепроходит быстро,и вам достаточно просто зайти в отделение,чтобы оформить или оплатить услуги,без лишних сложностей.",5,
32,LuizaUsmanov,2023-09-25 14:41:48,"Хорошое обслуживание, быстро решили мою проблему, компетентные работники, по сравнению с отделением в Красноармейском районе, в которое я ходила два раза, не смогли решить проблему .",5,
33,553542 Хаитмухамедова,2023-05-22 18:08:46,"Сотрудничаем с альфа уже который год, и могу сказать смело, работу свою они выполняют качественно и за все это время, мне даже минусы выделить не удалось. Эквайринг у них самый лучший.",5,
34,твоя прокрастинация,2023-03-24 08:17:37,"Отличный банк, всем советую. Обращалась к ним для рефинансирования кредита. Сделали все в лучшем виде, подробно рассказали и удалось рефинансировать мой кредит. Я очень довольна!",5,
35,мария ева,2023-08-08 05:24:38,"В Кировском р-не нет отделения Альфа-Банка вообще, поэтому пришлось ехать в центр! Оказалось ....зря! 
В этом отделении отсутствует касса! Пришлось ехать уже во второе отделение! И это на такой огромный город!
Странно...Альфа входит в 10 крупнейших банков, а сервис и обслуживание на низком уровне!",1,
36,Ряна Подугольникова,2024-01-09 10:17:48,"Работают молодые ребята. Постоянно очередь. И во время этой очереди, они просто могут встать и уйти куда нибудь.",2,"Здравствуйте! 
Простите, что столкнулись с долгим ожиданием. 
Напишите, пожалуйста, на нашу почту smm@alfabank.ru ваши ФИО, дату рождения, расскажите о ситуации подробней и прикрепите скриншот отзыва. 
Хотим во всём разобраться и проверить работу сотрудников."
37,Александр,2023-12-15 17:46:03,"Здравствуйте , очень доволен всем рекомендую,!!! Спасибо сотрудникам этого банка",5,
38,Елена Русинова,2023-06-03 17:59:45,"Быстро, приветливо, очень понятно, хорошее приложение, платежи без комиссии, ну и плюшки разные в виде кешбэка... Пока буду пользоваться, а там посмотрим...",5,
39,Виктория Франк,2023-12-12 18:59:57,"Поддержка банка заслуживает , отдельного уважения , работает круглосуточно и реагирует на проблему .",5,
40,Вадим Шнейдер,2023-12-13 19:26:53,"Вежливое обслуживание в отделении банка, никакой излишней бюрократии, все быстро и понятно.",5,
41,Лилия,2024-03-05 18:06:21,"Альфа банк- это надежный и честный банк, я полностью довольна его сервисом и обслуживанием👍🏽",5,
42,Андрей Кузнецов,2023-01-07 19:39:04,Удобное месторасположение. Качественная работа. Особенно с вип клиентами. 3 банкомата. Быстро проходит очередь. Чистый офис и вежливые сотрудники решают вопрос.,5,
43,Мария З.,2024-04-09 17:13:36,"Получила приятное обслуживание в банке-сначала помогли разобраться,потом быстро оформили карту с индивидуальным дизайном. Очень довольна этим опытом!",5,
44,Александр Карпенко,2023-07-19 17:21:54,"Обслуживание оперативно, персонал вежливый, банковский продукт разнообразный, процентные ставки привлекательны.",5,
45,Ольга,2022-11-14 14:38:32,"Большой светлый офис с несколькими окнами для обслуживания. Есть еще несколько банкоматов, все раблтает испоавно и очередей к ним нет обычно всегда. Менджеры умнички, в откашивании от работы замечены не были)) Работают, улыбаются, стсраются быть шустрыми.",5,
46,Людмила,2022-10-22 07:08:07,"Хороший офис, менеджеры грамотные. Обслуживание вежливое. Мой вопрос разрешился быстро. Обращалась в этот офис, несколько раз-осталась довольна. Менеджер все расписала по пунктикам.",5,
47,Маргарита П.,2024-03-15 13:53:21,"Отсутствие у сотрудников навыков коммуникации с клиентами,недоброжелательность, банк НЕ СОВЕТУЮ!",1,"Здравствуйте, Маргарита! 
Напишите, пожалуйста, на нашу почту smm@alfabank.ru ваши ФИО, дату рождения, когда обращались в отделение и расскажите о ситуации подробней. 
Прикрепите скриншот отзыва. 
Хотим разобраться в ситуации и проверить работу сотрудников."
48,Галина Воропаева,2024-02-25 17:10:40,"Чисто, уютно, доступно, отличный персонал",5,
49,Алина П.,2024-03-30 17:56:37,"Посетила одно из отделений банка. Впечатления остались хорошие, чисто и просторно. Условия по дебетовой карте объяснили на простом языке.",5,
50,Адольф Комиссаров,2023-09-18 11:48:16,"ППриду в это отделение еще и не один раз! Тут самые вежливые и шустрые сотрудники, мне все очень нравится!",5,
51,Anastasiya Mikhailovna,2023-01-13 13:50:53,"Регулярно посещаю это отделение и могу смело говорить о профессионализме сотрудников. Все вопросы решаются, сотрудники искренне заинтересованы в помощи клиенту. У меня вклад, кредитка и дебетовая карта.",5,
52,Ulyana Volkova,2023-03-12 14:05:20,"В офис Альфа банка ходила несколько дней назад по вопросу открытия накопительного счёта. Очень понравилось, как консультант меня обслужил. Все понятно и доступно рассказал,варианты предложил. Выбрала для себя самый выгодный.",5,
53,Богдан,2024-02-12 16:53:21,"Первый раз посетил отделение Альфа банка и остался доволен. Чисто, уютно, обслуживание на высшем уровне.",5,
54,Женя Казанцева,2023-08-21 04:57:03,"Калькулятор на сайте экономит кучу времени, да и минимизирует риски каких-то левых рассчетов в отделении. Так и получается все и быстрее и надежнее",5,
55,Виола,2023-12-04 16:31:59,"Сотрудник банка зачем-то зашел в мои госуслуги и зачем-то поменял там пароль, хотя я не просила.",1,
56,Валентина Огонькова,2023-02-14 13:15:14,"Год назад открыла здесь вклад и по сей день все на высшем уровне. Выгодная процентная ставка, неплохие условия и отличный уровень обслуживания. Рекомендую.",5,
57,Оксана Гординова,2022-11-30 15:43:05,"Потеряла дебетовую карту, решила позвонить на горячую линию, чтоб заблокировали ее. Сотрудница была очень вежливой, вошла в положение. Старую карту заблокировали и тут же сотрудница предложила оформить перевыпуск с доставкой на дом. Я согласилась, и через пару дней курьер уже доставил мне карту. Ни об одном другом банке не могу оставить настолько положительный отзыв, как об альфа. Рекомендую.",5,
58,Пестрецова Валентина,2023-04-08 21:04:21,"Обслуживаюсь в этом офисе постоянно. Всегда все на высшем уровне, по делу и по порядку. Персонал делает все быстро и четко.",5,
59,Александра Зверева,2023-08-25 14:14:49,Всегда пользуюсь этим отделением банка. Терминалы доступны круглосуточно. Очень удобно.,5,
60,аа Орелл,2023-03-07 11:50:02,"Поехали с женой за границу. Так в нашей стране уехать можно, а свои личные доллары банк выдаст только если заранее их заказать, да ещё и процент за услугу удержит! Я понимаю, что это решение ЦБ, но всё равно обидно. Хотя Альфа банк в этом молодцы, не очень долго ждали свои деньги.",5,
61,Саша Яковлева,2023-09-28 06:53:26,"Телефон в рассрочку, комп в кредит) Очень удобно в таком случае ваше приложение где вообще все отслеживается и даже не рнужно париться.",5,
62,вадим мрясов,2023-05-22 15:09:42,"К работе банка у меня никаких претензий нет. Справляются они просто на ура. Даже тогда, когда бывает загруженность в офисе, ты не сидишь по часу, чтобы дождаться решения твоего вопроса. Это меня в альфа и привлекает.",5,
63,Светлана Казакова,2023-02-17 14:54:01,"Отличный банк - внимательные ,грамотные и доброжелательные специалисты, удобно расположен. Рекомендую 👍",5,
64,Светлана Куфтырева,2023-02-27 15:23:56,"Необходимо было оформить ипотеку, впервые решила обратиться в данный банк. Подкупило очень удачное расположение. Сотрудники все отзывчивые, а главное приветливые и спокойно проконсультируют по любому вопросу (спасибо им за это!). Осталась очень довольна.",5,
65,964 598,2024-01-13 12:53:50,"Хорошее,грамотное обслуживание. Спасибо",5,
66,Михаил К.,2023-04-09 03:52:28,Нужно было активировать карту Альфа банка после её блокировки. Сотрудник банка всё чётко и грамотно без проблем помог в данной ситуации. Отличный сервис обслуживания!,5,
67,Анна Никитушина,2022-12-05 12:44:12,"Весной 2021 года брала кредит на нужды бизнеса. Долго анализировала рынок, среди всех банков мне понравились условия в альфе. Оформление прошло быстро, карту доставлял курьер, на следующий день уже пользовалась ей. Спасибо.",5,
68,Елена Гусева,2024-02-07 18:41:31,"Моя поездка в банк для оформления кредита на образование была приятным опытом. Сотрудники подробно объяснили условия, и я смогла досрочно погасить кредит, что меня порадовало.",5,
69,me0wkat,2023-01-19 18:57:31,"Очень вежливый, улыбчивый и отзывчивый персонал! Всегда можно проконсультироваться по любому вопросу. Отдельно хочется отметить специалиста по выдаче кредитов, который с первого раза вник в суть моей проблемы и помог мне получить кредит на выгодных условиях.",5,
70,иван к,2023-02-02 13:40:18,"Отличный банк!В офисе работают настоящие профессионалы,а не просто сотрудники банка.Оперативно и качественно оказывают помощь.По обслуживанию замечаний нет.",5,
71,Татьяна Ш.,2024-01-13 18:49:24,"Альфа-банк ценит ваше время и комфорт.
У них отличное онлайн-банкинг приложение и быстрое обслуживание в отделениях",5,
72,Василиса Ковинааа,2023-03-14 12:35:15,"Приходилось бывать в этом отделении. Понравилось, что девушка администраторов , направила к нужному сотруднику , тот молодец , помог подобрать выгодный вклад для ИП",5,
73,Михаил Федотов,2022-12-20 03:02:05,"Не первый год являюсь клиентом альфа банка. Как у любого человека возникало много вопросов за время пользования, всегда звонил на горячую линию и все вопросы решались быстро, без обязательного похода в банк. Однозначно рекомендую, банк стоящий.",5,
74,Яна С.,2022-08-29 20:52:51,"Оформила кредитную карту, хотела по пользоваться, но так и не успела. Долгов по карте не было, но они начали названивать каждый день самое большое кол-во звонков 118!!!118 звонков в день!!! Причём причину я так и не услышала ,переводили звонок так,как будто я им звонила,отвечали типа «слушаю вас». Донимали месяца два ежедневно,пока не пригрозила судом за донимательство,после этого закрыла карту и вычеркнула альфа банк из своей жизни навсегда,не дай бог ещё раз связаться",1,
75,Ирина Аксанова,2023-09-09 06:55:05,"Месторасположение банка очень удобное, здесь всегда есть парковка. Персонал всегда приятен и готов помочь во всем, не оставляя клиента в стороне",5,
76,Лера Сигарёва,2022-11-15 15:13:51,"Банк посоветовала подруга, получила кешбек я, здорово что есть такие условия. 👍 Банк отличный, персонал и менеджеры очень приятные, рекомендую!",5,
77,Роза Пукаева,2023-03-07 16:21:24,"Комфортное отделение. За ожиданием находится приятно, менеджеры грамотные, вопросы решают оперативно",5,
78,Олеся Крючкова,2024-02-03 20:47:29,"Взяла ипотеку в данном банке и не могу высказать ничего негативного. Работники выказали понимание, ясно рассказали об условиях. Помогли оформить всё быстро. Отличный сервис",5,
79,Игорь Баранов,2023-08-03 11:11:41,Поддержка работает отлично! Мой вопрос быстро приняли в обработку и решили буквально за 10 минут!,5,
80,Таюша Рябинина,2024-01-18 14:01:36,"Время ожидания в очереди сократили, оптимизировали процесс. Электронные документы упростили оформление, что удобно.",5,
81,Виталик Кузьмин,2023-02-22 01:33:56,"Являюсь давним клиентом альфа банка. Всем доволен. Санкции съели приложение, но ребята сделали очень удобную веб версию.",5,
82,Ольга З.,2024-01-23 13:33:06,"Открытие счета заняло минимум времени, а обновленные условия для юридических клиентов сделали операции гораздо быстрее и эффективнее.",5,
83,Максим С,2024-04-28 13:51:13,Моя карта отлично подходит для получения зарплаты и оплаты. Я ценю кэшбэк в рублях за большие преимущества.,5,
84,Сергей Сергеевич,2024-01-02 11:42:31,Живая очередь конечно это да. Будто попадаешь обратно в 20 век.,1,"Здравствуйте, Сергей! 
В отделении есть терминал электронной очереди."
85,Ясмина Жабраилова,2023-04-07 16:27:19,"Есть кредитная карта Альфа банка, очень хорошая вещь, кстати. Льготный период большой и обслуживание карты бесплатно",5,
86,Третьякова К.,2022-11-23 20:42:17,"Работаю в двух шагах от Альфа банка, хожу часто в обед туда, людей всегда полный зал, но надо отдать должное сотрудникам, в таком режиме работать и при этом оставаться вежливыми. Всегда помогут и спокойно всё объяснят",5,
87,Sohne Tanais,2023-09-18 20:14:01,Таким банкам в пору бы кануть в 90е..обобрали народу немерено... Никому не рекомендую это схема а не банк,1,
88,ярк,2023-06-06 12:28:02,"У меня не было счета в этом банке. Я открыла в феврале, поэтому и ставка первые 2 месяца была 9,5%. Сейчас она как у всех 7,5% по альфа счету",5,
89,Арина,2023-02-28 17:02:24,"Перевыпустили мою зарплатную карту, и помогли подобрать лучший вклад, который не только поможет сохранить деньги, но и немного приумножить.",5,
90,Максим Якимов,2023-10-12 07:09:13,"Два года назад я решил сравнить условия по вкладам среди топовых банков,и условия Альфа-Банка оказались наилучшими.С тех пор я пользуюсь их кредиткой и дебетовой картой.В общем,все банковские продукты от Альфа-Банка мне очень нравится.",5,
91,Татьяна Шаркова,2021-10-25 13:42:48,"Покупала микроволновку в интернет магазине . Положила в корзину , отметила все что положено. Заполнила все поля , выбрала оплату Apple Pay . Оплачиваю как всегда - система рисует кривую рожицу и говорит что оплата временно не возможна, попробуйте позже. Через 3 часа захожу в интернет магазин, эти товары недоступны для заказа . Очистила корзину. Пошла другую микроволновку , все далее по пунктам , оплачиваю - проходит оплата, приходит чек на Viber, возвращаюсь в банк смотрю на сумму на карте и понимаю что то не то….. Оказывается когда система говорила что нельзя оплатить , через 15 минут деньги списали . Но заказ в интернет магазине не появился , в отличии от повторно оплаченного, чека нет тоже , в отличии от повторной операции",1,
92,Евгения Азарова,2022-04-15 18:04:14,"Очень удобное расположение банка, обслуживание на самом высоком уровне, персонал компетентный и доброжелательный, время ожидания не значительное, банкоматы работают бесперебойно!",5,
93,pav-pon1972,2023-09-19 09:22:34,"Барышням респект, всё быстро переоформили. Единственное, то что голосовой помощник ТУПИТ...",5,
94,Сармолдаева Анастасия Александровна,2022-12-30 05:16:33,"Я была очень удивлена ,увидев ,как быстро движется очередь в Альфа банке . Вопросы решаются быстро без лишней болтовни .Как долго там обучали этому навыку ?)Это очень ценно .",5,
95,Сергей Фадеев,2022-08-06 04:41:04,"Получали карту, прождали 3,5 часа, обслуживал клиентов один сотрудник и не очень спеша. Медленную работу объяснили тем, что все сотрудники в отпусках. И из всех банков с которыми я имел дело, это худший банк! Как можно отпустить всех сотрудников одновременно? У многих клиентов тоже отпуска и за это время они хотели бы решить свои проблемы!",1,
96,ride-garik,2023-02-16 23:20:47,"Прекрасная организация, работа банка практически никак не поменялась после санкций, сплю спокойно, потому что знаю, что мои сбережения в надежных руках.",5,
97,Alexander,2023-02-07 17:49:15,"Аккуратно, чисто, не всегда удобно.
Нет возможности парковки автомобиля. 
Отделения этого банка отличаются недоступностью для автомобилистов, неудобными местами расположения.",3,"Здравствуйте, Александр.
Спасибо за ваше мнение, обязательно его учтём."
98,vixkxkxa,2023-06-02 16:28:59,"Жалко, что приложение Альфы из Сторов удалили. Скачать теперь его никак. Но спасает то, что сайт понятный и простой в использовании.",5,
99,Денис Дмитриев,2023-01-29 06:58:09,"Обманули как и в других отделениях этого банка, недоволен одним словом этим банком и не могу его никому рекомендовать а наоборот советую не пользоваться его услугами",2,
100,Авигея Жукова,2023-03-02 15:01:17,"Оформила Альфу карту в отделении быстро, безо всяких заморочек и очередей. Девушка менеджер приятная попалась",5,
101,Дарья Колдаева,2023-03-23 09:07:34,"Классный банк, всегда помогают и поддерживают, если возникают вопросы, оперативно отвечают",5,
102,Елена Кириченко,2024-01-31 14:21:00,"Никогда не стояла в очереди в этом отделении, обслуживание всегда безупречное. Я довольный клиент Альфа Банка и рекомендую его всем!",5,
103,а к,2021-11-24 09:03:57,"В этом году совершенно недавно, месяц или полтора назад открывала кредитную карту, так, на всякий случай, в подарок получила дебетовую, условия были хорошие, снимать можно в любом банкомате мира без комиссий, единственно, что по кредитной лимит меньше чем по собственной, при оформлении дала всё контактные данные, место работы телефон и т. д. На дебетовую положила деньги и планировала пользоваться и пользовалась, но вдруг мне срочно понадобилось перевести деньги себе на Сбер, и тут сюрприз! Ни по СБП, ни по номеру телефона я не смогла перевести себе же свои деньги, потому что в этом чудо банке в базе и личном кабинете встал номер моего телефона 2010 года, этим номером давно пользуется кто-то другой, это куда же и кому я эти деньги переведу? в чате переписывалась с сотрудниками 3 дня, никто не мог помочь, претензии не принимали, в личном кабинете изменить не смогла(он там просто не активен), только визит в банк, с заявлением, а я болею тяжело уже месяц(не ко видом) посетить банк не могу, зачем спрашивается при оформлении запрашивают данные, если в системе встают автоматом старые, 15-20 летней давности, т. е. сто лет назад когда я ещё юная брала свой первый кредит(ноутбук и принтер и ещё что-то, уже не помню) и всё эти данные которые давала тогда намертво встали в базе. Никто помочь не может, вернее не хочет, заблокировала все карты и ушла в другой банк виртуально, не посещая офиса.",1,
104,Рената О.,2024-02-20 00:59:32,Кредитную карту одобрили и доставили курьером уже на следующий день после подачи заявки. Лояльный подход банка к клиентам впечатляет.,5,
105,евгений самылин,2023-08-30 13:41:39,"Относительно быстро, компетентно, доброжелательно",5,
106,Даша Суворова,2022-11-24 18:08:35,"На горячую линию не могу дозвониться. Сотрудник этого офиса показала как запррсы в чатах писать, чтоб в офис не ходить. Сейчас так и делаю, удобно, отвечают быстро.",5,
107,Inna,2024-03-26 19:08:21,Девушки на витринах очень внимательные и приятные.Очень радуют такие ветки банка! Спасибо за заботу о клиентах!,5,
108,Эльза М.,2023-01-27 20:20:36,"Сотрудники все вежливые и приветливые. Операционист, который работает понедельникам, просто супер! Все быстро, чётко и по делу. Я осталась довольна.",5,
109,Olya Prokop’eva,2023-02-24 04:49:56,Среди многих банков сложно найти действительно хороший. Альфа банк один из них. Очень нравится,5,
110,Аксана Ильина,2023-01-13 12:40:34,"Обслуживание замечательно, отношения к клиентам отличное. Очень удобно.",5,
111,Сабрина,2023-10-23 16:35:23,Все делается быстро и профессионально. За несколько лет сотрудничества с этим банком у меня не было никаких проблем. Обслуживание на уровне!,5,
112,Алиса К.,2023-04-28 08:15:35,Иногда бывают очереди к терминалу.Особенно в дни зарплаты.а так все хорошо.Банком довольна.Пользуюсь давно.,5,
113,Вадим И.,2023-05-22 12:22:03,"Воды нет в кулере! Зато есть лимит 500тр на перевод, даже на счёт юрлицу, а если выше лимита то 2тр комиссия. Позор",1,
114,Анастасия А.,2022-11-29 12:09:27,"Я сегодня оформила здесь зарплатную карту. Давно хотела к альфа банку прийти, никак не получалось, руки не доходили. Знаю, что неплохой, посмотрим, как будет в действительности.",5,
115,Yurii,2024-04-24 14:28:07,"Работает 2 человека, очень все долго",1,"Добрый день, Юрий.
Мы стремимся к тому, чтобы обслуживание было максимально комфортным и быстрым. Но из-за большой нагрузки время ожидания может быть больше обычного. 
Простите, что заставили ждать 😔"
116,Елена Чернова,2023-02-25 16:42:27,"Ирина, спасибо. Вы лучший менеджер этого отделения. Всегда в хорошем настроении и готовы помочь.",5,
117,Анастасия Чурсина,2024-03-11 16:32:57,Отличное отделение для ипотечного кредита. Сотрудники всегда готовы помочь.,5,
118,Ирина,2023-04-05 10:59:19,В некоторых отделениях Альфа Банка можно оплатить штрафы ГИБДД и другие налоги. Это очень удобно и экономит мое время.,5,
119,Алина Кара,2023-01-25 11:33:34,"В первый раз в этом банке, ужасно медленное обслуживание, мы час сидели не могли подать заявку на кредит. Отвратительный банк. Сотрудники как черепахи.",1,
120,Анна Гасанян,2023-01-15 20:25:48,"Мой любимый банк! Пользуюсь почти всеми его услугами, и дебетовая и кредитка и вклад у меня тут. По мне так лучше условий нигде нет",5,
121,Жданова Оксана,2023-04-29 13:16:22,"Хорошее обслуживание, всё доступно и понятно обьяснят.",5,
122,Михаил Бурашников,2021-12-21 15:32:11,"Сотрудник Альфа банка ввела в заблуждение при выдаче кредита по страхованию. Сказала что страховку можно вернуть при досрочном погашении кредита. А в результате потом при досрочном погащении посоветовали обращаться в страховую компанию-где сказали что нельзя вернуть страховку.А она 50 тыс. а кредит я взял на 4 месяца получается
Отделение г.Самара Гагарина 64. Не доверяйте Альфа-банку",1,
123,Татьяна Колганова,2023-03-12 04:57:37,Обращалась по поводу открытия дебетовой карты. Сотрудники доброжелательные. Один минус долгое ожидание очереди.,5,
124,svetlana ivanova,2022-05-31 14:49:31,"Хуже обслуживания я не встречала. И дело не в офисе, а в принципе. Брокерское обслуживание отстой. Была свидетелем, как не только я, но и много клиентов, уходили с разочарованием из офосов при переводе к другому брокеру. Персонал не грамотный и в офисаи и те, кто выпустил приложение по инвестициям.",1,
125,жаиал лезина,2024-01-03 17:18:31,Отличные продукты продают,5,
126,лариса мур,2022-05-17 07:34:16,Очень удобное расположение . Сотрудники оперативно выполняют все задачи . Спасибо за организованную работу.,5,
127,EGOR1428,2023-10-25 11:54:58,Все нормально. Персонал правда не сильно компетентен,4,
128,Любовь Анохина,2022-08-11 09:12:22,"Открыла он-лайн карту, но чтобы оперировать своими же деньгами через систему СБП с другими банками надо ""тащиться"" в офис и ОФОРМЛЯТЬ физ. карту((((
Как так-то?! Сами себе не доверяете или инет плохой???? (((",1,
129,Дмитрий Хатин,2023-03-06 08:34:45,"Зарекомендовали себя с отличной стороны, грамотный подход к бизнес-клиентам",5,
130,Евгений Серебрянский,2023-05-14 12:33:02,Марина 4 окно супер! Прекрасное обслуживание! Ожидание 1 минута. Кредит карта.,5,
131,Артем,2022-12-13 19:48:18,"Хороший банк. Достаточно быстрое обслуживание. Хорошие, отзывчивые сотрудники.",5,
132,Рузанна И.,2024-04-25 06:46:01,В этом отделении я уверена в сохранности своих денюшек) прекрасные проценты и надежность.,5,
133,Валерия,2021-12-04 10:01:32,"Обратилась для закрытия счета. Мало того, что система электронной очереди не работает, меня даже не пригласили как обещали через 2 человека. В качестве компенсации за неудобства мной занялась заместитель руководителя ( так написано на штампе).
Вместо документа о закрытии счета мне выдали выписку по счету совершенно постороннего человека. Может бумажки на столе перепутали? Нет! Счет закрыт не был! Таких дебильных заместителей руководителя я ещё не встречала.",1,
134,Анна,2023-02-23 18:04:42,Расположен удобно. Есть банкоматы. Вежливые сотрудники,5,
135,Андрей Ковалев,2023-03-05 13:25:37,"Брал тут кредитку чтобы закрыть кредит в другом банке, без процентов 100 дней намного выгоднее",5,
136,Татьяна Леонтьева,2024-03-06 14:53:17,"Нравится,что оформляют кредит быстро и без задержек , хороший банк.",5,
137,Олеся Рубцова,2023-05-10 21:15:03,процесс получения ипотеки был очень быстрым и без лишних бумажных формальностей,5,
138,ulyana.shpes,2023-02-23 12:39:23,"Всем от души рекомендую банк. Есть с чем сравнивать. Работают честно, для людей.",5,
139,Иван Ж.,2023-03-20 06:44:46,"Отлично работает банк, удобная появилась веб версия вместо приложения.",5,
140,Носкова К.,2023-02-10 09:28:55,Есть банкоматы. Есть комната для переговоров. Есть зал ожидания. Очень добрый персонал. Есть удобные сиденья. Очередей нет.,5,
141,khazova_darja,2023-01-29 03:32:10,"Так как я являюсь клиентом банка уже не один год, то знаю, что при возникновении любой проблемы, связанной с обслуживанием в банке, я могу всегда рассчитывать на помощь сотрудников. Всегда удачно захожу в отделение)",5,
142,Анна Храмова,2023-04-04 01:09:01,Надëжный и серьезный банк! Удачные и выгодные программы! Вежливые и грамотные сотрудники! Молодцы!,5,
143,Анастасия Прохорова,2021-04-22 04:59:11,"Пришла брать кредит. Договорилась с сотрудником, что справка о доходе будет не 2 НДФЛ, а по форме банка. Сделала справку, пришла в банк, а они говорят, что неправильно заполнена справка и не примут её. Не все поля заполнены, хотя я говорила, что некоторые поля не будут заполнены ещё до заказа справки. Сотрудница уверила, что помогут решить этот вопрос. Тупые сотрудники не хотят даже в суть проблемы вникнуть и как то помочь её решить. Работают по шаблону. Я отправила эту сотрудницу к начальнице, та тоже в отказ. Зря потраченное время. Даже ещё до точных расчётов не дошли по процентной ставке, а уже отказ.",1,
144,Ирина,2023-03-26 09:17:37,"Отличная кредитка, можно не только в магазинах расплачиваться, но и снять наличные",5,
145,Герман Борисов,2023-02-27 17:38:04,"Сотрудничаем с этим банком год, довольны. 1% на эквайринг-это хорошее предложение",5,
146,Светлана Лопанина,2023-06-25 08:54:01,"Отношение вежливо, все расскажут по всем вопросам",5,
147,Ольга Белоусова,2022-01-21 05:44:51,"Ужасный банк ИИС не оправдывает себя ,деньги можно вернуть не известно когда!!!!После окончания договора с колоссальными убытками ,после срока договора каждый день с суммы снимают по 2000р это безобразие!!!!Ужас люди не ложите туда деньги!!!!!!!",1,
148,Дмитрий Котов,2023-02-21 07:58:28,Обратился в банк за потребительским кредитом. Удаленно самому толком разобраться не получилось и решил зайти в отделение. Сотрудники все рассказали и показали.быстро одобрили и оформили.,5,
149,Виктория А.,2024-02-28 21:08:04,"Очень приятное отделение,я действительно довольна!",5,
150,Дима П.,2022-01-25 11:59:18,"Перевел в фонд защиты животных небольшую сумму, перевод не отобразился в мобильном банке, через 5 минут повторил операцию и она прошла, спустя ночь увидел что деньги списались дважды, а суперспециалисты говорят обращайтесь в фонд… ну вы поняли как некачественно работает у них мобильный банк",1,
151,Egor Svb,2023-02-16 19:13:20,"Не знаю, воспользуюсь ли ещё когда-нибудь другими банками, здесь меня всё устраивает! И приложение максимально удобное, доступны все необходимые функции.",5,
152,Илья Гончаров,2024-02-06 00:17:09,"При оформлении вклада я избежал очередей, все заняло всего 10 минут и без стресса",5,
153,Раиса Б.,2023-04-08 12:10:39,"Вежливые сотрудники.
Удобная авторизация через мобильный телефон.",5,
154,Роман Говоров,2023-06-23 11:36:27,"Вечные очереди к специалистам, можно просидеть от 10 мин, до часа.",3,
155,Трумэн,2021-12-04 07:00:47,"Ужасный филиал!!! Просто отвращение !!! Сотрудники этого филиала столько проблем предоставили 🤬 Во первых накосячили с номером телефона, каким-то образом привязали старый номер который не должен быть в базе Альфы, потом сотрудница при регистрации он-лайн кабинета внесла х.з какой логин. Пришлось час названтвать на горячую линию, туда фиг дозвониться. И все ровно поехал опять в этот филиал т.к сотрудники внесли свое проверчное слово! Когда приехал, меня ждала вишенка на торте!!!! Оказалось, что 12 лет назад у меня была зарплатная карта Альфы и там было какое-то проверочное слово 🤯 Карл, 12 лет, Карл, 12!!! Карты этой уже как 12 лет нет 🤣Потом были проблемы с блокировкой переводов по каким-то выдуманным проблемам в он-лайн банке, опять поездка 🤪 В общем фин. год закончится, закрываю счет ИП, личный счёт и бегом оттуда 👍",1,
156,Alex,2021-11-03 12:15:23,"Обычное отделение, вежливые сотрудники, три банкомата в зоне 24 часа, удобное территориальное расположение. Очередей на обслуживание больших не видел.",5,
157,Razer,2022-04-28 09:30:55,Некудышный банк. Выдали кредитную карту вместе с зарплатой. Не активировал и не пользовался насчитали за обслуживание и просрочку за то что не пользовался денежными средствами.👎,1,
158,Ера,2022-07-28 13:44:56,"Очень большие очереди!!!! Очень медленный персонал!!!! Шесть окон, а работает только два!! Руководство возьмите под контроль!!!!!",1,
159,Дарья Антонова,2023-02-13 11:26:26,"Сотрудники отделения очень хорошие. Не раз замечала, как помогают пенсионерам.",5,
160,Максим Эльдаров,2023-02-16 16:02:17,"Доволен,
передаться не к чему. Банк знаю давно, все вопросы всегда решаются",5,
161,Наталия Вячеславова,2021-11-20 18:31:04,"Давно сотрудничаю с этим банком, очень довольна! Девочки молодцы всё подробно объясняют! Выгодные условия!",5,
162,Евгений С.,2023-02-24 18:32:11,"Написал в комментариях в контакте-среагировали за 3 минуты, ответили на вопросы",5,
163,Нина Апарина,2022-11-23 20:17:34,"Быстрое обслуживание, доброжелательный коллектив.",5,
164,Маргарита Богданова,2023-03-20 04:40:27,"Оооо. Любимый банк. Интересные предложения дает, н-р реферальная программа. Обслуживают хорошо",5,
165,Алим М.,2023-02-04 15:46:00,"Я пришел за дебетовой, к счастью, зал был пуст. Меня приняли сразу, все сделали за несколько минут, также помогли установить приложение. Спасибо",5,
166,Наталья,2020-05-15 15:37:02,"Очень довольна обслуживающим персоналом, грамотные и компетентные специалисты. Взяла кредит в этом Банке, до этого обошла 5 Банков, не буду называть какие, где мне отказали, хотя кредитная у меня история положительная, кредиты платила во время и иногда досрочно выплачивала. Видимо подстраховались, возраст у меня пенсионный. Только этот Банк мне одобрил кредит, правда процент я считаю завышен, однако когда срочно надо, то и соглашаешься на все условия. Мне рассчитали разные варианты, я выбрала приемлемый для меня, работающего пенсионера. Оформление составило всего 30 минут, причем рабочий день у специалиста заканчивался, но со мной занимались спокойно, атмосфера была доброжелательная. Очень признательна специалистам этого Банка за высокий профессионализм в своей работе. Недавно зашла получить консультацию по онлайн приложению Алфа-Банка, и опять встретила взаимопонимание и компетентность специалиста. Жалко стало девочек, сидели в масках перчатках, очень тяжело им. Я думаю в этот период вознаграждение за их труд должно быть повышенное. Банкоматы работают отлично. Помещение просторное, есть посадочные места для ожидания. Очереди нет, благодарю весь персонал за хорошее обслуживание. С уважением к вам Наталья!",5,
167,Лера Кравец,2023-03-16 12:07:36,"Спасибо сотрудникам банка, помогли с решением кредитного вопроса",5,
168,Алёна Ф.,2022-12-15 13:15:19,"Очень хороший специалист - Михаил. Очереди почти не было в его окно. Моë обращение прошло максимально эффективно, уже через 10 минут вопрос был закрыт.",5,
169,Евгения Семенова,2023-03-03 11:57:55,В любое время можно позвонить и получить ответы на все интересующие вопросы. Весь персонал банка очень приветливый и компетентный,5,
170,Кристина Волынюк,2021-12-10 08:31:17,"Не дозвониться до гор.линии!карту очень долго доставляют! Хотела забрать сама,оказывается еще нужно 4 дня рассматривать этот вопрос,чтобы забрать самой!!! Бред!!!",1,
171,Ольга,2023-01-24 12:30:37,Вежливый персонал. Мою проблему решили сразу.,5,
172,Санал Чимидов,2023-02-18 12:04:03,"Хороший персонал, быстро помогли.",5,
173,alenka171t,2022-09-04 20:50:47,"Быстрое, грамотное обслуживание. Хороший офис",5,
174,Мария Калинич,2023-03-08 13:09:57,Быстрое и качественное обслуживание.,5,
175,Наталья,2022-02-01 15:00:43,"Крайне навязчивые и наглые сотрудники. По факту ни на один вопрос ответить, кроме как - обращайтесь в филиал, не могут. Бесполезный банк.",1,
176,Дилара Хаберьянова,2023-02-23 04:03:52,"Оформил карту, привезли домой.
Удобно, что можно заказать доставку, когда нет возможности ехать в офис",5,
177,Евгений Золотов,2023-03-03 17:23:49,"Пришёл сюда по рекомендации друга,ни о чем не пожалел",5,
178,игорь володин,2022-01-22 06:11:06,"Заказал именную кврту, сделали быстро, обслужили вежливо, очередей нет вообщем на должном.. на пятак",5,
179,Владислава С.,2023-02-25 14:35:07,"Держу в Альфа банке расчетный счет уже пару лет. В этом году оформили зарплатный проект, всё очень нравится.",5,
180,rus197934,2022-03-11 03:28:34,Не хотят ни чем занимаешься только кредитки раздавать заказали справку о закрытии счета они уже три месяца закрываю,1,
181,Катя Я,2021-03-16 05:58:19,"Это видимо самый бедный банк, потому что берет комиссию с клиента, чтобы снять со своего же накопительного счета! Ни в одном банке такого нет! 
И денег нет в отделении, надо заказывать аж за 3 дня! Одна реклама, а обслуживание на двойку.",1,
182,Инкогнито 1549,2024-02-20 17:23:51,Нравится,5,
183,glavrek,2021-04-08 09:45:18,Самый невыгодный банк. Складывается впечатление что на гране банкротства или последний хрен без соли доедают. Берут комиссию со всего. Скоро введут комиссию за вход в отделение. Поют красиво....,1,
184,Димитрий Ефремов,2023-01-07 15:01:17,Хороший банк. Вежливый персонал.,5,
185,Пан,2021-11-08 13:06:17,"Отвратительная тех поддержка, при разговоре перебивают, жалобу принимают с формулировкой которая им нужна, а не то что говорит им клиент, не стесняются смеются, и что самое смешное, не знают значения ""дать ответ в письменном виде""!) а банк не уведомляет о размере комиссии и о комиссии в целом!)",1,
186,Alexander Bashkin,2020-11-20 06:34:07,"Нагрубили на входе, по поводу маски и перчаток. Могли бы сказать спокойно и вежливо. Неприятно когда едешь 400 км специально что бы попасть в этот банк, а общение начинается с грубости. Но девушка операционист была максимально вежлива и профессиональна. Здесь вопросов нет.",3,
187,Vitaly,2022-06-07 16:26:25,"Хорошее обслуживание, удобное местоположение. Всегда можно припарковаться (сбоку, если что)",5,
188,Анастасия Юнкина,2023-07-06 18:04:42,Быстрое обслуживание,5,
189,Данил,2023-04-28 16:15:55,"Обманули с темой , касаемой закрытия счета.
По итогу , за один поход в офис вопрос решить не удалось .",1,
190,Игорь Ельников,2020-09-06 10:40:28,"Банк предоставляет удовлетворительный для меня коммерческий продукт. Не хватает, на мой взгляд, лишь электронной очереди, что для крупной организации является в современном укладе вещей, моветоном.",4,
191,Роман,2022-04-23 18:16:32,"Это банк который навязывает платные услуги, причем клиент узнает об этом далеко не сразу.",1,
192,Irina C.,2019-09-29 11:32:33,"Нормальный офис, вежливые сотрудники. Всегда готовы помочь, прямо у входа встречает сотрудница банка ,помогает в выборе нужного талона, помогает пожилым людям у банкомата. Посещала данный офис два раза, в первый ожидание около получаса, во второй раз не ждала ни минуты. Электронная очередь есть. Единственный минус нет закрытой кабинки( кассы) для получения наличных денег.",4,
193,Julia,2021-08-10 09:08:14,"Были только в зоне банкоматов. Мало людей, просторное помещение, работает кондиционер.",5,
194,Инна Олеговна Гончарова,2021-12-16 10:08:10,"Прекрасное отделение банка, вежливый и неравнодушный персонал.",5,
195,Евгений Ч.,2021-02-08 07:58:37,"Звонят каждый день с разных номеров со своими предложениями, блокировать бесполезно. Причем согласия на обработку персональных данных не давал. Грязные спамеры",1,
196,Дарья Блинова,2023-03-15 14:38:02,"Долгое время уже пользуюсь банком, нареканий не возникало,проблем не каких нет",5,
197,Анна,2020-11-29 19:09:19,"Быстрое обслуживание, всегда подберут нужный вариант, много банкоматов - не приходится долго стоять в очереди",5,
198,Гаджи Джамалов,2023-04-14 10:01:10,"Вежливый персонал,довольные клиенты...",5,
199,Ольга Ж.,2019-12-21 15:58:59,".........Сервис филиала банка на высшем уровне!Быстро,комфортно и профессионально!!!
 Одно неудобство-сразу с "" порога"" идет регистрациия клиента.",5,
200,Вероника Журбенко,2020-04-07 11:25:58,"Не понравился совсем, заблакировав карту в приложении еще в ноябре 2019г в марте 2020 они мне за 3 месяца обслуживания счет вынесли! Я не понимаю как этот банк работает?! Не знают как еще содрать денег с людей, выдумывают небылицы! Я искренне не советую этот банк, открывала карту дебетовую обычную!",1,
201,Надежда Филюрина,2021-11-02 07:16:29,"Кошмар, пишут заберите карту все готово, прихожу не одобрено. Зачем гонять людей в такое время",1,
202,Mona Muuur,2022-02-28 06:49:10,Восстановили потерянную карту. Сразу провели активацию и в мобильном приложении появился баланс. Быстро и без заминок. Спасибо,5,
203,Татьяна К.,2020-10-20 06:41:56,Служба безопасности не работает. Мошенникам уходит вся информация о клиенте. Мошенники без проблем вешают кредиты без вашего ведома. Самый не надёжный банк. И я такая не одна.,1,
204,DMITRY,2021-07-05 15:42:08,"Дозвониться нереально по номеру горячей линии, ждал полчаса, безрезультатно 😕 
Вопрос остался нерешеным🤔🤒",1,
205,Mari Ilmera,2021-12-21 18:03:57,"Связи нет, убожество . Требуют для связи номер паспорта . Тявкает автоответчик .",1,
206,Маргарита К.,2021-04-25 09:04:55,"У меня случилась истерика пока я звонила на горячую линию, отвратительный голосовой помощник и никто не ответил на звоник ...",1,
207,Антон З.,2020-08-26 18:31:25,"Халатное отношение администратора к клиенту : девушка не захотела вникать в суть проблемы и направила меня на горячую линию, хотя вопрос был самый что ни на есть стандартный.",2,
208,Владимир Горшков,2021-09-08 12:45:43,Центральный офис альфа-банка отношение к клиентам хорошее помогают сразу,5,
209,Asket,2021-03-21 02:29:15,"Достали с обзвонами, Вы хоть ночью не звоните. Тех поддержка 10 мин....
Вы что там с Моргенштейном не заигрались?",1,
210,Надежда Сергеевна,2022-06-24 13:27:49,"Банк хороший, брала кредит довольна.",1,
211,Риддик Ричард,2022-12-10 09:46:32,Быстро объяснили как заблокировать карту через приложение.,5,
212,Вадим Туманян,2022-02-09 18:15:59,Прекрасное обслуживание. На высоте,5,
213,Лина,2021-11-19 10:24:36,"Горячая линия настолько горяча, что дозвониться по ней невозможно.",1,
214,saragarik,2022-08-26 06:47:54,Надоели своими звонками!!!,1,
215,Дмитрий,2019-08-28 17:29:29,"Сотрудники вежливые, в основном - симпатичные девушки. Внимание к клиентам приятное. Но некоторые сотрудницы чрезмерно прямолинейны и проявляют некомпетентность в нестандартной ситуации. Это оставило неприятный осадок.",4,
216,irinka-lera2001,2020-02-02 04:04:08,"Всегда приветливые ,стараются помочь с проблемой. Выдали мне справку для налоговой с реквизитами банка,но имя и реквизиты были не мои.Пришлось возвращаться.",4,
217,Алексей Гусев,2021-11-28 18:37:25,Быстро и оперативно решили вопрос!,5,
218,Елена Князева,2021-12-09 10:55:56,"Мне нравится банк, давно пользуюсь его услугами",5,
219,Дмитрий Нифантов,2022-04-24 13:19:00,Отзывчивый персонал,5,
220,Мария,2019-01-05 14:38:47,Месторасположение удобное. Банкоматы всегда исправны. Но вот обслуживание немного хромает. Некоторые специалисты не особо рады клиентам.,4,
221,Элла Аристова,2019-11-15 10:07:29,"Чисто, приятный, общительный персонал, редко бывает очередь в любое время дня.",5,
222,Прохожий,2021-09-02 11:54:00,"Банк, как банк... Бесплатно ничего в нём нет",4,
223,Анонимный отзыв,2020-03-05 17:42:56,"Часто не работает один из банкоматов. Из за этого скапливается очередь. А так, очень вежливые девочки.",4,
224,Егор Кудрявцев,2022-12-15 17:31:36,Гуд,5,
225,Ирина А.,2021-10-24 00:23:30,"Внимательные сотрудники, хорошее обслуживание",5,
226,Нинель Алифанова,2020-11-10 19:57:20,"Дикие очереди
Сотрудники вообще медленные черепахи, и вечно недовольные",2,
227,djstereo,2020-08-11 20:05:42,"Удобное расположение, красивые сотрудницы😉",5,
228,Galina Silischeva,2018-04-21 11:31:29,"Обычный банк. Офисы Альфа банка имеют единый дизайн их перепутаешь с другими банками. Персонал в основном молодые специалисты или стажеры или сотрудники. Одежда велый верх, темный низ. Но даже при этом к сожалению , нет лоска и эллегантности и как следствие",5,
229,Евгений Сашенко,2021-11-18 10:19:34,Хороший банк N1,5,
230,Джозефина Лански,2021-03-15 13:46:59,выгодные зарплатные проекты,5,
231,Ольга П,2020-07-28 12:28:10,"Доступные банкоматы, удобное расположение.",5,
232,Сюзанна,2020-03-12 18:37:38,"быстрое обслуживание,карту выдали менее 10минут",5,
233,Паша Пашин,2020-12-11 13:39:37,Навязывают много ненужного,1,
234,Татьяна Г.,2019-06-20 08:23:41,"Очередь на час минимум, припарковаться нельзя, электронная очередь не работает ...",1,
235,ДаДамс,2019-08-02 16:14:56,"Отсутствие доступной среды для маломобильных групп населения, во всех отделениях Альфа банка города Волгограда",2,
236,игорян ларионов,2020-04-14 19:17:55,Грамотные специалисты спасибо,5,
237,Саня,2020-02-08 14:36:32,"Один минус, нет парковки рядом.",5,
238,July_sun,2019-11-30 18:16:31,"На мой взгляд, лучшее отделение в городе",5,
239,Денис Низкодуб,2021-09-02 17:10:14,Хорошо все,5,
240,Serg Berkyt,2020-01-30 09:40:03,Берите кредиты в банке и никогда их не отдадите,1,
241,лалита Вальковская,2020-03-23 09:45:30,Выгодные предложения,5,
242,Сергей Максимов,2019-11-24 18:39:13,Вежливые консультанты.,5,
243,Оксана Старикова,2020-01-09 20:20:43,Отличное обслуживание.,5,
244,Ярослав Холодов,2019-10-02 12:31:15,Вежливый персонал!,5,
245,Александр П.,2018-02-07 10:04:58,Всегда быстро,5,
