,name,date,text,stars,answer,load_time
0,Артем Иванов,2024-05-08 04:11:37,"Офис рядом с транспортом. Остановки в минуте ходьбы. Я получал тут дебетовую карту. Выдача прошла вполне быстро. Мне все понравилось. Особенно то, что сотрудники не просто отдали карту и забыли про меня. Они проговорили все условия, кешбэк, бесплатные переводы. В общем, было приятно такое отношение.",5,,2024-05-20 11:15:40
1,Екатерина З.,2023-11-28 12:52:23,"Пользуюсь услугами Альфа-Банка ,и обслуживание мне нравится. Вежливый персонал ,выгодные предложения по кредитованию -выбрала подходящий вариант и получила кредит на выгодных условиях",5,,2024-05-20 11:15:40
2,Надя Зайцева,2024-05-15 17:34:42,"Оформила детскую карту для своей дочери, чтобы она училась управлять своими деньгами. В банке все подробно объяснили, как пользоваться картой безопасно. Мне понравилось, классная карта)",5,,2024-05-20 11:15:40
3,Яна Данилова,2024-04-13 13:19:00,"Отделение хорошее, народа не очень много. Сотрудники спешат помочь. Я пришла открыть вклад. Очень хороший процент предлагает банк своим вкладчикам и можно выбрать разные срок. Народа много . А в остальном посещение не заняло много времени. Сам офис очень симпатичный",5,,2024-05-20 11:15:40
4,Анатолий Холодный,2024-01-10 19:36:32,"Поступают постоянные звонки с невороятно щедрым предложением - оформить карту. Обращение в службу поддержки помогает лишь кратковременно, как будто галочку ставят, не звонить неделю-две :) (в ответе конечно же напишут, что если я сообщу им о проблеме, то все решат, но это не так) При этом клиентом банка не являюсь, а данные у банка мои есть",1,"Здравствуйте, Анатолий.

Отправьте, пожалуйста, письмо на smm@alfabank.ru В теме укажите ссылку на ваш отзыв, а в самом письме напишите ФИО и дату рождения, а также скриншот отзыва и номер телефона, на который поступают звонки, постараемся помочь.",2024-05-20 11:15:40
5,Никита Лебедев,2024-03-20 09:49:39,"Здесь вежливый персонал, предлагают выгодные предложения по кредитованию. Сотрудник банка помог мне все оформить и получить кредит на нужную сумму, все прошло просто и без напрягов, спасибо)",5,,2024-05-20 11:15:40
6,Dm$$$,2024-05-11 17:42:13,"Пришел, что бы открыть карту для оплаты коммуналки.
Оператор девушка начала делать, 
в итоге получил карту. А дома уже понял что она сделала мне кредитную карту., которая мне не нужна !
С первого же платежа взяли комиссию.
Не советую !
Ужас",1,"Здравствуйте.
За платежи кредитной карты комиссию не списываем. Можем списать комиссию за перевод или снятие. Тем не менее, хотим проверить работу сотрудника. Отправьте, пожалуйста, письмо на smm@alfabank.ru В теме укажите ссылку на ваш отзыв, а в самом письме напишите ФИО и дату рождения, а также скриншот отзыва и дату обращения.",2024-05-20 11:15:40
7,Наталья Феоктистова,2023-05-27 15:12:08,"Место, где расположен офис банка, очень удобное. Сотрудники хорошо обучены, общение происходит вежливо, все операции и консультации проводятся очень оперативно. Здесь нет никаких нареканий.",5,,2024-05-20 11:15:40
8,Кирилл Плотницын,2024-03-29 09:08:59,За любым советом по вкладу или другому продукту иду сюда. Сотрудники тут универсалы. Можно за один визит решить несколько вопросов по разным областям банковского дела.,5,,2024-05-20 11:15:40
9,Светлана Корешкова,2023-12-12 16:59:35,"Все быстро, четко. Девушка все объяснила, помогла без лишних походов в пенсионный фонд. Очень довольна.",5,,2024-05-20 11:15:40
10,Алия,2024-03-27 05:35:44,Я выражаю благодарность филиалу за качественное обслуживание. Всегда грамотные специалисты и никаких проблем сними,5,,2024-05-20 11:15:40
11,"Натали ,,,",2023-01-26 16:33:59,"Была тут раз 5, все отлично ! 
Обслуживание на высоте , очень быстро , даже очень! Мне тут нравятся сотрудники , особенно управляющий , он реально помогает решать вопросы, за что ему спасибо ! Так же есть банкомат , в котором можно снять наличные с карты , что очень удобно ! В общем, место очень хорошее, всем советую !",5,,2024-05-20 11:15:40
12,Irina,2023-08-18 12:23:58,Весьма компитентный и вежливый персонал! Первое посещение этого отделения меня неоставило равнодушной - мне быстро предложили помощь. Отсутствие формальностей и ожидания в очереди - это большой плюс. В этом банковском филиале работники смотрят на свою работу с улыбкой и добротой. Огромное вам спасибо за ваши усилия!,5,,2024-05-20 11:15:40
13,Алёна Т.,2024-04-15 14:35:23,"Долго пользуюсь кредитной картой Альфа-банка
и условия становятся только лучше, Недавно продлили период до года
Прекрасный банк)",5,,2024-05-20 11:15:40
14,Валя С.,2023-04-30 16:09:14,"Очень классная команда сотрудников в альфе, всегда вежливые и внимательные. Всё расскажут, покажут, объяснят. И даже если что-то не поняли, всё равно объяснят ещё раз! Я уже не раз обращалась в отделение, и всегда все было на высшем уровне!",5,,2024-05-20 11:15:40
15,Олеся Ж.,2024-03-13 15:06:16,"Посещение отделения Альфа-банка - всегда приятное занятие. Профессиональные консультанты, быстрое и оперативное обслуживание, атмосфера уверенности.",5,,2024-05-20 11:15:40
16,Анастасия С.,2023-06-13 11:42:50,"Банк прекрасный,можно легко открыть карту и пополнить её в любом другом отделении .Банкомат принимает купюры надёжно,а использование железного сборщика удобно и приятно.График рабочего дня также устраивает,особенно после рабочего дня.",5,,2024-05-20 11:15:40
17,Геннадий Банюк,2024-05-01 11:26:29,Замечательный персонал.знающее своё дело.подробно объясняют.спасибо им большое и здоровья!,5,,2024-05-20 11:15:40
18,ЕЛЕНА КУЛИЕВА,2023-03-27 16:25:09,"Офис банка находится в оживлённом районе города, рядом небольшая парковка, на которой обычно нет мест. Обслуживающий персонал вежливый, налажено обслуживание клиентов по электронной очереди",4,,2024-05-20 11:15:40
19,Алия Е.,2023-04-05 14:16:02,"Решила оформить здесь ипотеку, потому что понравилось обслуживание. Сначала обратилась в отделение возле работы,но в итоге оформляла в отделении, которое около моего дома. Оформили все довольно оперативно,без долгих очередей и проблем с документами. Вот сегодня как раз получила долгожданную ипотеку! Спасибо!",5,,2024-05-20 11:15:40
20,Татьяна Петросян,2023-08-23 18:09:26,Обслуживание у банка на первом месте. Помогли довольно быстро разобраться с довольно сложной ситуацией с ипотекой. Сотрудники настоящие профессионалы своего дела!,5,,2024-05-20 11:15:40
21,Ксения Перова,2024-03-10 14:47:23,"Альфа банк - лучший выбор для покупок и других финансовых операций. Карты удобны и практичны. Отличный сервис, который приятно испытывать постоянно.",5,,2024-05-20 11:15:40
22,Наталья Гордеева,2024-01-13 15:24:01,Менеджер был очень внимателен и терпелив при оформлении дебетовой карты для пожелой мамы. Очень доступно обьяснил все условия и быстро оформил карту.,5,,2024-05-20 11:15:40
23,Олег Шведов,2024-01-29 12:45:32,"Хорошие специалисты, отзывчивые, решил все вопросы быстро.",5,,2024-05-20 11:15:40
24,Марк Хапонен,2023-03-30 17:25:19,"Плюсы: Находится в центре района, нет вони, посторонних людей
Минусы: Пришёл забирать карту, в итоге показал паспорт сотруднице, у него немного отходила прозрачная плёнка, но в военкомате и других банках подтвердили что паспорт всё ещё действительный, но не здесь, тут сотрудница вначале отодрала эту плёнку совсем, да так что кусок краски с паспорта прилип к её задней стороне, потом показала паспорт своей подруге, подруга так же ещё сильнее отодрала плёнку, после протянула паспорт мне и сказала что он под замену, в тех поддержке банка ничего не сказали, в целом именно в этом отделении у меня сложилось впечатление что банк клал на своих клиентов.
Не рекомендую ни банк, ни это отделение.",1,"Здравствуйте, Марк.

Простите за такой опыт 😔 Хотим проверить действия сотрудников и принять меры, чтобы подобное не повторилось в будущем. Отправьте, пожалуйста, письмо на smm@alfabank.ru В теме укажите ссылку на ваш отзыв, а в самом письме напишите ФИО и дату рождения, а также дату обращения и скриншот отзыва.",2024-05-20 11:15:40
25,Макар Ларионов,2023-09-02 02:13:00,"Долго подбирал наиболее подходящую по условиям кредитку и остановился на альфа. Все супер, никаких подводных камней и все в соответствии с договором!",5,,2024-05-20 11:15:40
26,Александр Миллер,2024-05-10 18:43:21,"Я остался доволен визитом. Приятный персонал, сотрудник хорошо меня проконсультировал, ответил на все мои вопросы, решил мои проблемы с приложением. Одним словом, молодец!",5,,2024-05-20 11:15:40
27,190489 Рензяева,2024-03-06 09:01:11,"Удобное расположение, разумные проценты, отсутствие платных услуг. Возможность онлайн - оформления кредита - прекрасно! Рекомендую всем.",5,,2024-05-20 11:15:40
28,Зоя Ануфриева,2023-08-27 17:19:18,"Звонки в коллцентр Альфа всегда были эффективными, меня оперативно консультировали и решали мои проблемы без длительного ожидания. Рекомендую.",5,,2024-05-20 11:15:40
29,Виталий Гурвич,2024-01-17 17:25:53,"Пришли в отделение для получения информации по ипотеке. Специалист подробно рассказала о всех деталях, учла наши пожелания и помогла выбрать наилучшую программу.",5,,2024-05-20 11:15:40
30,Алиса Васильева,2024-03-14 12:07:06,"Очень хорошие и отзывчивые сотрудники работают в этом отделении. Помогли мне решить все вопросы по карте и кешбекам. Я довольна, благодарю ☺️",5,,2024-05-20 11:15:40
31,Анастасия Анастасия,2023-02-09 01:20:22,"Всегда все объясняют быстро, вежливо и понятно. Очень удобное расположение и время работы. Вы можете придти практически в любое время с 10 до 19. Они так же работают по выходным!",5,,2024-05-20 11:15:40
32,tr17on,2023-08-30 17:31:19,"Менеджер Яна быстро оформила мне справку об отсутствии задолженности по автокредиту, которая понадобилась для продажи автомобиля. За 20 минут я получил все необходимые документы и поехал продавать машину.",5,,2024-05-20 11:15:40
33,Татьяна,2024-01-29 18:54:06,"Обслуживание в банке быстрое и вежливое, без лишних очередей. Я довольна предоставляемым качеством обслуживания, персонал всегда готов ответить на вопросы и помочь при возникновении трудностей.",5,,2024-05-20 11:15:40
34,дарья ласточкина,2023-11-24 11:25:23,"Альфа-банк привлекает внимание разнообразием услуг, карты с кэшбеком, привлекательными условиями. Очень довольна, выбрав кредитку с беспроцентным периодом.",5,,2024-05-20 11:15:40
35,Стас Лесников,2023-05-17 15:21:13,"Я получил резервную карту - Альфа МИР. Ее функционал не уступает другим картам Visa и Mastercard. В одном из отделений банка мне помогли оформить ее всего за несколько минут. Мне понравилось, как молодой человек мне помогал и рассказал обо всех преимуществах карты для новых клиентов.",5,,2024-05-20 11:15:40
36,Анастасия Сорокина,2023-03-26 18:13:00,"Есть терминалы, которые принимают оплату за коммунальные услуги, что очень удобно. Можно оплатить за телефон, интернет, кабельное телевидение, домофон и многое другое. И пользоваться всеми этим меня научили сотрудников альфы, спасибо.",5,,2024-05-20 11:15:40
37,Алина Кошелева,2023-08-13 10:06:08,"Посетила Альфу для получения ипотеки. Менеджеры были дружелюбными и внимательными, процедура оказалась быстрой и простой. Спасибо !!!",5,,2024-05-20 11:15:40
38,Екатерина @Katrinbul,2024-03-19 15:31:21,"После смены телефона пришлось восстанавливать приложение через браузер, но менеджер в отделении был очень отзывчив и помог восстановить приложение на новом телефоне. Очень благодарна за помощь.",5,,2024-05-20 11:15:40
39,Никита,2023-07-27 17:55:23,"Персонал ничего не знает. Проконсультировать толком не могут. Просто расскажут вам варианты кредитов без сути. Возможно, это не их вина и начальству стоит как-то лучше лучше обучать персонал. Но факты такие. Так что, если что разбирайтесь сами.",3,"Здравствуйте, Никита! 
Очень удивлены прочитанным. Если у вас остались вопросы, напишите нам на электронную почту smm@alfabank.ru ваши ФИО и дату рождения, а также прикрепите скриншот вашего комментария. В теме укажите «Я.Карты. Никита. Вопросы по кредиту».",2024-05-20 11:15:40
40,Григорий,2023-05-03 15:38:14,"Я очень доволен отделением альфы в нашем городе. Это просторное, современное и уютное место с комфортабельными стульями и хорошим освещением. Я оформил кредитную карту на год без процентов и менеджеры были очень вежливы и оперативны в своей работе.",5,,2024-05-20 11:15:40
41,Марина,2023-12-18 05:06:28,"Обращалась сюда не раз. В этом отделении всегда быстрое обслуживание. Особенно нравится, что нет необходимости стоять в очереди, все операции можно сделать без лишних задержек.",5,,2024-05-20 11:15:40
42,Надежда Мартынюк,2023-08-31 01:50:07,"Все процессы в Альфа-банке автоматизированы, что удобно и экономит мое время. Профессионалы да и только.",5,,2024-05-20 11:15:40
43,марьяшка йёу,2023-08-24 18:26:55,Отличный условия по Семейной ипотеке! Процент невысокий! Платить каждый месяц комфортно!,5,,2024-05-20 11:15:40
44,Андрей С.,2023-03-09 09:50:25,"Мне нужен был кредит на машину, тут помогли быстро получить одобрение. Сотрудник, который мне помогал, был очень честен, все понятно мне объяснил. Процентная ставка была также низкой, что может не радовать.",5,,2024-05-20 11:15:40
45,лилия филиповская,2024-04-03 18:35:34,"Я хотела оформить дебетовую карту на сайте Альфы , но после изучения условий для кредитной карты поняла, что это мне более выгодно . Быстро одобрили , и я смогла прилбрести то , о чем давно мечтала .",5,,2024-05-20 11:15:40
46,Лариса Белова,2023-06-30 19:58:35,"Оформила карту онлайн и забрала её в отделении Альфа банка. Всё прошло быстро и без каких либо проблем, сотрудники также предоставили полезные советы по использованию карты.",5,,2024-05-20 11:15:40
47,олимпиада измайлова,2023-06-24 19:23:52,"Это отделение удобно расположено,имеет достаточно большой офис, всегда чисто и красиво.В общем пребывание здесь приятное,даже когда нужно решать самые скучные банковские вопросы.",5,,2024-05-20 11:15:40
48,Ляйсан Зарипова,2024-02-11 17:06:55,Персонал банка грамотный и приятный. Всегда помогают быстро и эффективно решать проблемы с моим счётом,5,,2024-05-20 11:15:40
49,Дина Камалова,2023-07-30 15:00:24,"Сервис меня приятно удивил, а также наличие банкоматов и терминалов для оплаты услуг - это действительно удобно. Выражаю благодарность всему персоналу за их работу.",5,,2024-05-20 11:15:40
50,Максим Кузовков,2023-09-12 18:30:41,"Прекрасный банк, а особенно рекомендую условия по карте 365 дней и неплохую акцию - ""Приведи друга""",5,,2024-05-20 11:15:40
51,Михаил,2023-10-25 09:28:29,"Всё быстро, чётко без проволочки отработал менеджер. Спасибо!",5,,2024-05-20 11:15:40
52,Алина П.,2023-12-28 15:54:12,"Замечательные профессионалы работают в этом отделении. Они внимательны и вежливы, что очень важно для клиентов.",5,,2024-05-20 11:15:40
53,Константин Емельянов,2024-02-27 15:40:19,"Я счастливый клиент Альфа банка и буду им оставаться. Их онлайн-банкинг один из лучших, персонал всегда готов помочь и дать профессиональную консультацию.",5,,2024-05-20 11:15:40
54,Любовь Ч.,2023-10-01 07:47:55,"Для меня важно, что в городе есть множество отделений. В них есть банкоматы, включая круглосуточные. Однако самое главное-это персонал. Сотрудники банка. Их может и не так много, но они всегда выступают в роли вежливых и приветливых специалистов, готовых подсказать и помочь.",5,,2024-05-20 11:15:40
55,Мария Петухова,2023-06-23 18:04:18,"Все происходит чётко, быстро и без не нужных вопросов. Персонал в отделении внимателен и дружелюбен. В отличие от многих других банков, здесь много сотрудников.",5,,2024-05-20 11:15:40
56,Амир Даутов,2023-03-29 19:02:00,"Быстрый, эффективный и профессиональный сервис-это то, что я получил, посетив офис альфа банка. Спасибо за отличную работу!",5,,2024-05-20 11:15:40
57,Инна Р.,2023-07-26 12:50:42,"Недавно получила кредитную карту в данном отделении и осталась очень довольна. Здесь предоставляют шикарные условия, бесплатное обслуживание, безпроцентный период, а одобрение происходит быстро. Благодарю!",5,,2024-05-20 11:15:40
58,newsense,2023-08-24 18:25:49,"Банк работает честно. Сразу видно, что хочет держать лицо и порядочную репутацию, за что респект! Я, как клиент, доволен Альфа-банком.",5,,2024-05-20 11:15:40
59,Вера Шумилова,2023-08-25 14:38:41,"Очереди в банке действительно минимальны. Приятно, что не нужно тратить свое время на ожидание, а вопрос решается за десять минут.",5,,2024-05-20 11:15:40
60,Уля Персидская,2022-12-19 13:56:36,"когда полетели все платежные системы, я пошла в альфа банк, чтобы забрать заранее оформленную карту Мир. Начиталась положительных отзывов, решила наконец завести карту в этом банке. Первое впечатление положительное) Обслуживание на высоте.",5,,2024-05-20 11:15:40
61,Слава Колычев,2023-08-24 18:25:03,На днях получила курьером на дом свою дебетовую карту)) Доставили быстро! Курьер мне еще и консультацию оказал.,5,,2024-05-20 11:15:40
62,Максим Зебаров,2023-04-24 17:38:19,Я зашёл в отделение Альфы для открытия счета и получил качественное и быстрое обслуживание. Сотрудники были очень профессиональны и помогли мне выбрать наиболее подходящий продукт.,5,,2024-05-20 11:15:40
63,Сергей Емельянов,2024-02-04 07:15:22,"Давно являюсь клиентом Альфа банка, и я доволен. Это крупнейший частный банк, в котором я уверен, что справится с любой сложной ситуацией.",5,,2024-05-20 11:15:40
64,Андрей Белоусов,2023-05-24 02:50:35,"Приятно видеть компетентных консультантов, их трудно найти в других местах. В отделении всегда есть свободные окна. Они легко оформили мои кредитные документы без каких-либо проблем. Все прошло очень быстро! Спасибо!",5,,2024-05-20 11:15:40
65,Ильзида Лутфуллина,2024-01-26 18:19:59,"В отличие от других банков, здесь есть уборные,что важно для посещения. Позаботились об удобстве клиентов и менеджеров.",5,,2024-05-20 11:15:40
66,Vladislav Maslov,2022-09-21 19:49:22,"Получал в этом отделении карту по рекомендации друга, после первой покупки начислили 500 рублей.Понравилась программа лояльности, думаю тоже приглашать в банк близких раз уж выгодно. Карту получил минут за 10 с ожиданием, очень быстро, сотрудница попалась приятная",5,,2024-05-20 11:15:40
67,Светлана Зацепина,2023-03-03 13:42:52,"Обращалась в отделение с запросом справок по моим счетам. Они были нужны для оформления справки для госслужащих. Все быстро выгрузили и отправили на почту, спасибо.",5,,2024-05-20 11:15:40
68,Наталья Т.,2023-07-24 18:52:27,"Этот банк - надёжный и стабильный партнёр. Я довольно долго пользуюсь его услугами, у меня открыт счет. Проценты регулярно начисляются, и я могу контролировать все операции через приложение. Поддержка всегда на связи. Все полностью соответствует моим ожиданиям.",5,,2024-05-20 11:15:40
69,Татьяна Колонистова,2023-11-12 06:12:49,"Решено оформить карту «МИР» через Альфа-банк, а на следующий день она уже была готова! Эффективность- это то, что присуще всему в этом банке, будь то работа сотрудников или операции банка. И это здорово.",5,,2024-05-20 11:15:40
70,Ольга П.,2023-05-11 13:04:38,"Не думала, что оформление кредита наличными может быть таким лёгким и быстрым. Отличный сервис и приветливый персонал в Альфа-банке. Офис чистый и уютный, не пришлось долго ждать своей очереди.",5,,2024-05-20 11:15:40
71,Айнур Набиуллин,2023-07-09 15:37:15,"В этом отделении никогда не приходилось стоять в очереди, обслуживание всегда безупречное. Я являюсь довольным клиентом Альфа Банка и рекомендую его всем! Этот банк подходит всем, несмотря на мнения некоторых, что он только для пенсионеров.",5,,2024-05-20 11:15:40
72,Alexander Kolchanov,2023-10-05 18:14:59,"Я пользуюсь дебетовой картой Альфа уже 3-4 года. Бонусная система с кэшбэком меня радует. Каждый месяц я проверяю, сколько денег я получаю назад. Это всегда приятная сумма, и мне нравится, что я могу воспользоваться этой привилегией.",5,,2024-05-20 11:15:40
73,Вера Мих,2022-10-29 13:39:07,"Я получила там карточки. Я еще я встретилась там с консультантом, которая направила меня к ""своей голове"". Думать самой. Пришлось пройти маленькое тестирование в сфере инвестиции от Альфа банка. Спасибо!",5,,2024-05-20 11:15:40
74,Надежда С.,2023-06-22 14:19:05,"Нигде я ещё не встречала таких компетентных сотрудников, как Альфа банке. Я уже много лет с Вами и не собираюсь уходить!",5,,2024-05-20 11:15:40
75,Тася,2023-05-25 09:48:23,"Отделение хорошо организовано. Персонал очень вежливый и приветливый, все операции проводятся быстро и четко.",5,,2024-05-20 11:15:40
76,Архип Колесов,2023-08-20 23:52:46,"Однажды потерял карточку, связался с банком через колл центр и мне сразу заменили карточку без лишних вопросов.",5,,2024-05-20 11:15:40
77,slayez,2023-12-08 17:32:23,"Я клиент несколько лет, и могу сказать, что банк заботится о клиентах. Все сотрудники дружелюбны и готовы помочь в любой ситуации.",5,,2024-05-20 11:15:40
78,Olga K.,2022-06-27 12:42:33,"Отвратительный сервис. Уже при входе в банк предупреждают, что ожидание 30-40 минут! Когда во всех нормальных банках уже все вопросы в чатах решаются, здесь как в СССР на каждый шаг нужно тратить свое время и приходить в офис. Свои собственные средства не могу вывести на свет другого банка, это куда вообще годится?!?! Нужно обязательно выпускать карту этого банка. Никогда в жизни в этот банк ни ногой!",1,,2024-05-20 11:15:40
79,Павел Архиповский,2023-08-30 18:25:59,"Приятно видеть такое отношение к клиентам, в Альфе я всегда чувствую себя важной персоной",5,,2024-05-20 11:15:40
80,Олеся Крючкова,2023-06-20 12:51:33,"Альфа банк предоставляет отличные условия для индивидуальных предпринимателей, а также я получаю обслуживание как физическое лицо. За все пять лет нашего сотрудничества не возникло ни одного решенного вопроса!",5,,2024-05-20 11:15:40
81,Диана Губанова,2024-04-24 10:31:21,"Узнала о бесконтактной оплате со стикером в Альфе и сразу воспользовалась. Быстро, удобно, оцениваю на 10 из 10!",5,,2024-05-20 11:15:40
82,Любовь Селиванова,2023-05-20 06:46:20,"У меня небольшой опыт работы с кредитными картами. Я оформила две карты ещё в начале лета, и одна из них Альфа. По всем параметрам на данный момент Альфа выигрывают, поэтому я закрыла вторую карту и оставила только эту.",5,,2024-05-20 11:15:40
83,Анна Куйдина,2023-08-04 14:32:24,"Сотрудники вежливые и доброжелательные. Помогают не только советами, но и решают проблемы. Первый раз обратилась, чтобы оформить кредит и тот же день получила его. Все понравилось.",5,,2024-05-20 11:15:40
84,Роман Сорокин,2023-04-28 15:03:23,"Все четко, понятно и просто. Очень вежливый персонал и в зале и по телефону, где можно уточнить информацию. Большое спасибо заведующей отделения и всем сотрудникам!!!",5,,2024-05-20 11:15:40
85,Олечка Оленька,2023-10-09 16:13:49,"Я уже несколько раз оформляла банковские гарантии здесь,и на мой взгляд, условия здесь наиболее выгодные. Спасибо большое.",5,,2024-05-20 11:15:40
86,егор хлопков,2023-09-12 18:33:16,Ох как бы мне хотелось повернуть время вспять и успеть оформить вклад в Альфе под 20%))),5,,2024-05-20 11:15:40
87,Владимир К,2023-04-27 11:25:42,"Я обратился в отделение Альфа банка для получения консультации по вопросам страхования жизни. Сотрудники были очень компетентны и помогли мне разобраться во всех деталях страховых продуктов. Я получил много полезной информации и рекомендую этот банк всем, кто ищет страховой продукт",5,,2024-05-20 11:15:40
88,Юлия Григорьева,2023-04-24 03:35:38,Благодарю сотрудников отделения Альфа банка за профессиональный подход к работе и отличный сервис. Я пришла для оформления кредита и все было сделано очень быстро.,5,,2024-05-20 11:15:40
89,Екатерина,2023-10-16 03:44:59,"Мои впечатления просто замечательные! Сотрудники этого отделения всегда дружелюбные, внимательные и вежливые",5,,2024-05-20 11:15:40
90,Райхана С.,2023-05-03 14:08:48,Приятная атмосфера и отзывчивый персонал! Быстро помогли решить проблему с моим счётом. Спасибо за оперативность!,5,,2024-05-20 11:15:40
91,Алена Пошелюжная,2023-06-14 05:09:07,"Офис банка просторный и просторный. Сотрудники компетентны и всегда готовы помочь, ответить на любые вопросы и помочь выбрать подходящую услугу для вас.",5,,2024-05-20 11:15:40
92,Валерия И.,2023-10-28 13:07:10,Отличный банк. Посещения отделения всегда приносит удовольствие благодаря профессионализму сотрудников.,5,,2024-05-20 11:15:40
93,Анна Драгунова,2023-09-17 11:55:02,Моя долгая история с Альфой приносит мне полное удовлетворение. Я очень ценю наличие многочисленных отделений и банкоматов по всему городу. Это всегда приносит удобства.,5,,2024-05-20 11:15:40
94,Sveta Petrova,2023-06-11 17:57:03,"В банке удобная возможность оплаты коммунальных платежей,штрафов,кредитов и других счетов.Нет необходимости куда-то ездить,всё можно сделать прямо в отделении.Мне помогли разобраться с мобильным приложением.",5,,2024-05-20 11:15:40
95,Мария Макарова,2023-07-14 06:19:39,"Иногда я запутываюсь в банковских вопросах и с техникой. Благодарю службу поддержки за терпение к таким клиентам,как я. В этом офисе я получила свою кредитную карту, и у меня нет вопросов к качеству обслуживания.",5,,2024-05-20 11:15:40
96,Анастасия Денисова,2023-04-14 09:25:34,"Никакой очереди, все вопросы решаются очень быстро. Не знаю, что можно было бы улучшить, мне всё и так очень нравится. Абсолютно грамотные сотрудники, опыт положительный со всех сторон)",5,,2024-05-20 11:15:40
97,сергей голубев,2024-05-05 06:43:03,"Организация обслуживания такая,что нет нужды бегать за специалистом, всё продумано до мелочей.",5,,2024-05-20 11:15:40
98,Анна Р,2023-04-30 16:17:18,"Отделение Альфа-Банка на моем пути домой и это удобно. Я часто захожу, чтобы сделать переводы и всегда получаю быструю и дружелюбную помощь.",5,,2024-05-20 11:15:40
99,Виктория Колобова,2023-03-20 21:11:55,"Альфа, на моём опыте, самый лояльный банк. Не бывает проблем с карточкой. На любой вопрос найдется ответ даже в техподдержке онлайн, так что практически не захожу в отделения. Но когда бывает, всегда приятное обслуживание.",5,,2024-05-20 11:15:40
100,Валентин Леташков,2022-11-28 17:31:35,"Вопросы иногда возникают. Но они возникают везде, а в Альфе они быстро и профессионально решаются.",5,,2024-05-20 11:15:40
101,Михаил Воробьев,2023-04-08 11:17:02,"Получали карту в данном офисе. Классные специалисты, быстро работают.",5,,2024-05-20 11:15:40
102,Луиза,2023-06-27 07:51:48,"Месяц назад я оформила кредитку здесь, и все рекомендовали Альфа банк. Год без процентов оправдал мое решение выбрать именно этот банк для получения кредитки.",5,,2024-05-20 11:15:40
103,Валентина Г.,2023-06-29 02:18:19,"На днях я решила оформить себе кредитку Альфы по рекомендации друга. Мне и другу пришел бонус, и я сразу начала ею пользоваться. Очень удобно, что обслуживание бесплатно.",5,,2024-05-20 11:15:40
104,Андрей Потапов,2024-02-14 11:54:57,Быстрое обслуживание.,5,,2024-05-20 11:15:40
105,Мария Абраменко,2023-04-27 13:46:39,"Приходила на прошлой неделе чтобы получить кредитную карту. Быстро забрала, очереди практически не было, сразу на входе мне уже помогла сотрудница, которая сопровождала до самого выхода из отделения. Приятно!",5,,2024-05-20 11:15:40
106,Мария Швец,2023-04-09 20:20:17,Всегда приятно заходить в альфа банк. Всегда все четко и по делу! Не надо ждать в очереди! Все быстро и без лишних вопросов! Так держать,5,,2024-05-20 11:15:40
107,олиян е.,2023-05-10 19:56:19,"Сотрудники вежливые, приветливые. Все показали, все объяснили. На все вопросы смогли ответить. Очень быстро и быстро обслужили.",5,,2024-05-20 11:15:40
108,Антон с.,2023-08-07 09:38:43,"Наконец-то я выплатил последний кредит!автоплатежи оказались удобными-даже не заметил, как успешно их использовал.теперь, наконец, кредит закрыт.",5,,2024-05-20 11:15:40
109,Христина Юдина,2023-01-16 17:10:30,"Очень вежливый персонал, уютная обстановка..",5,,2024-05-20 11:15:40
110,Dmitrii Mishin,2022-07-30 10:37:04,"Хороший банк, рядом в центре у остановки. Хорошо обслуживают и приятные.",5,,2024-05-20 11:15:40
111,Игорь Нохрин,2023-02-05 16:21:23,"Взял кредит, как ни странно, на айфон)) Он нужен был для онлайн-обучения, но оплатить такую покупку не было возможности на тот момент. Но кредит одобрили, я за пару месяцев все погасил, оказалось очень выгодно)",5,,2024-05-20 11:15:40
112,Александр,2023-04-11 12:40:11,"Не был тут ни разу в отделении банка, хотя я уже года три точно пользуюсь услугами банка. Вот решил зайти получить консультацию по кредитке, всё чётко, понятно, спасибо!",5,,2024-05-20 11:15:40
113,МАТВЕЙ НАУМКИН,2021-11-28 16:18:59,Понравилось отношение сотрудников при получении детской карты. Всё рассказали и показали. Научили как пользоваться.,5,,2024-05-20 11:15:40
114,Елена,2023-09-11 19:20:02,Персонал=лучше не бывает!,5,,2024-05-20 11:15:40
115,Александр Кравчук,2023-03-18 19:30:14,Отличный банк для международных переводов! Я смог без проблем перевести деньги в другую страну с минимальными комиссиями и максимальной скоростью.,5,,2024-05-20 11:15:40
116,Сергей Пушкин,2023-08-09 09:49:42,"Вежливые, знающие сотрудники.",5,,2024-05-20 11:15:40
117,Наталия Чернозем,2021-08-31 16:49:49,"Любимый магазин в этом районе. Всегда приветливые продавцы-консультанты, очень много акционных товаров. Никогда не ухожу с пустыми руками",5,,2024-05-20 11:15:40
118,Алиса П.,2023-03-12 11:21:56,Большое спасибо за вежливое отношение к клиентам и быстрый сервис! С момента оформления карты до её получения прошло всего лишь 2 дня.,5,,2024-05-20 11:15:40
119,Игорь,2021-12-23 17:35:23,"Банк противный, навязывают страховку, чего делать не имеют права.
При отказе от страхования угрожают, что кредит тогда выдать не смогут.
Мерзкий банк, связываться больше не буду.
Даже если предложат низкую ставку, то за этой низкой ставкой будут доп условия.
Страховку сказали что можно будет вернуть при досрочном погашении, пошел в Альфа страхование, там мне ничем помочь не могут, говорят безвозвратная она.
Сотрудники работают ради лишней копейки заработанной, обманывая людей. Не ведитесь и не ходите в этот банк.",1,,2024-05-20 11:15:40
120,Ирина Вострякова,2023-07-07 13:03:23,"Банк, просто банк. В выходные не работает.",4,,2024-05-20 11:15:40
121,134805 Балуев,2023-12-06 12:04:56,Супер.,5,,2024-05-20 11:15:40
122,Татьяна Лоймоева,2021-11-02 23:17:29,"В банк зашла по приглашению в получении карты. Промучили меня больше получаса, с заполнением анкеты, фотографированиям и т.д.карту так и не получила.",3,,2024-05-20 11:15:40
123,Isaevka,2021-09-04 20:38:31,"Не большое,функциональное отделение .Внутри есть банкоматы. Со своими задачами справляются.",5,,2024-05-20 11:15:40
124,Дмитрий,2020-11-12 16:10:50,"Отвратительное обслуживание!!!
Система зависает. Потратил 2 часа и не добился своей цели.
Даже после того как получил дебетовую карту,был в шоке!!! Не смог положить на нее деньги😱.и оператор не смогла помоч


Не ходите в этот банк!!! Поберегите нервы и время!!!",1,,2024-05-20 11:15:40
125,Алексей Андреевич,2021-10-13 13:47:26,"Большой ассортимент, чистый зал, выгодные акции",5,,2024-05-20 11:15:40
126,Сергей Винокуров,2023-04-11 16:18:47,Хороший банк...,5,,2024-05-20 11:15:40
127,_FINIK_ Мальцев,2022-09-07 16:38:00,Оформил карту очень красивая для молодёжи подходит,5,,2024-05-20 11:15:40
128,Слава Петров,2023-01-28 12:20:38,Часто очереди.,4,"Здравствуйте! 
Когда у нас много клиентов, то мы стараемся вывести больше сотрудников в зал, чтобы решить вопросы как можно быстрее. 
Простите, если заставили ждать.",2024-05-20 11:15:40
129,Рустам Абдулкеримов,2022-07-08 17:49:10,Банк как банк со своими продуктами,5,,2024-05-20 11:15:40
130,Diana Markova,2021-11-16 15:15:32,"Все хорошо, впечатления положительные",5,,2024-05-20 11:15:40
131,Егор Лебедев,2021-09-02 18:12:35,Наш райончик!¡¡! 😎девчонки молодцы!!! 👍🌹🌹🌹,5,,2024-05-20 11:15:40
132,Юлия Журавлёва,2021-03-13 12:51:50,Вежливый отзывчивый персонал. Всё как надо.,5,,2024-05-20 11:15:40
133,Николай Бузов,2020-07-11 21:32:29,"Повторяю: хороший, нормальный Банк. Полтора года назад оформил здесь кредит.. В других банках сейчас намного дороже...",5,,2024-05-20 11:15:40
134,Александр,2021-12-31 16:14:22,Не ходите туда. Они наживаются на людях.,1,,2024-05-20 11:15:40
135,rfhfdfy78@mail.ru,2021-11-07 20:34:02,Серьёзное заведение. Всем рекомендую,5,,2024-05-20 11:15:40
136,МК,2021-08-22 03:49:06,"Хорошие,грамотные специалисты.",5,,2024-05-20 11:15:40
137,Елена Дякончук,2020-01-06 12:50:51,"Офис удобный, персонал вежливый, но ремонт крыльца уже достаточное количество времени не завершен.",3,,2024-05-20 11:15:40
138,Полина А.,2019-10-13 12:39:51,"Долго обслуживают, гоняют по окнам, складывается ощущение что в данном отделении стажёры, которые учатся работать тратя при этом твое время.",3,,2024-05-20 11:15:40
139,Илья Романов,2020-10-21 17:12:34,"Хорошие девочки , ради денег готовы даже выйти на работу , даже сами деньги дают 😂",5,,2024-05-20 11:15:40
140,Андрей Сорокин,2021-08-21 07:17:30,Для меня очень удобный филиал.,5,,2024-05-20 11:15:40
141,Любовь Ноприенко,2020-01-22 14:26:12,"Хорошие девочки, внимательные. Никогда долго не ждала очереди. Не далеко от дома. Ну пожалуй и всё.",5,,2024-05-20 11:15:40
142,Екатерина Петровская,2021-06-16 13:21:53,Хорошее обслуживание спасибо,5,,2024-05-20 11:15:40
143,Эксперт города,2021-09-28 23:56:29,"Уютно , комфортно",5,,2024-05-20 11:15:40
144,Мария И,2019-11-21 19:38:09,"Девочки все очень доброжелательны, быстро, без особых очередей!",5,,2024-05-20 11:15:40
145,Инкогнито 3753,2022-10-29 18:43:02,Хорошо,5,,2024-05-20 11:15:40
146,Bello Jiafra,2020-10-01 14:29:23,Всё замечательно и рядом с домом,5,,2024-05-20 11:15:40
147,Станислав,2020-11-04 13:22:57,"Мало менеджеров, приходится долго ждать.",4,,2024-05-20 11:15:40
148,Дмитрий Бондаренко,2020-03-29 07:57:46,"Ради денег, они готовы пойти на все, даже на работу!",4,,2024-05-20 11:15:40
149,Ирина Р.,2021-07-23 17:40:39,Отстой,1,,2024-05-20 11:15:40
150,Андрей,2019-10-14 05:53:09,"Новый офис, грамотный персонал",5,,2024-05-20 11:15:40
151,Александр К.,2020-07-22 12:08:33,В окошках быдлы сидят,1,,2024-05-20 11:15:40
152,Роман Агеев,2020-03-08 20:06:14,Обслуживание на высоте,5,,2024-05-20 11:15:40
153,Константин Н.,2019-08-02 16:08:01,Хоть тут банкоматы работают,5,,2024-05-20 11:15:40
154,Анонимный отзыв,2019-12-09 07:02:01,Отличный банк,5,,2024-05-20 11:15:40
