,name,date,text,stars,answer
0,Светлана Хохлова,2023-08-26 12:12:35,"Отличное представительство Сбера! Всегда вежливые сотрудницы, всегда всё понятно объясняют! А это в банковском деле очень важно! Очень удобно расположено.",5,
1,Анна Гольке,2022-06-01 20:59:44,"Уютное, компактное отделение банка. Всегда приветливый персонал. Все помогут, подскажут. И практически без очередей.",5,
2,Ольга Киселева,2022-07-08 13:43:17,"Неудобный банкомат: в доступе лишь ограниченный перечень операций. Но профессионализм, вежливость, внимательность сотрудников по отношению к клиентам это компенсирует",5,
3,pavlin.sega,2022-01-22 14:15:37,"Сбербанк как Сбербанк. Единственный минус в том, что нет возможности через банкомат положить деньги на карту. Если это делать в самом банке,то деньги могут поступить в течении 3х дней.",3,
4,Ирина Зуева,2023-07-29 14:09:26,"Отличные сотрудницы,компитентны",5,
5,Лариса Лончина,2023-06-27 06:48:03,Обслуживание на уровне,5,
6,Екатерина Горячева,2019-12-14 10:56:42,"не очень удобный график работы, рано закрываются. И раньше у них стоял в самом банке банкомат который выполнял больше операций, можно было вносить деньги на карту через него, а теперь убрали, и приходиться через оператора это делать, а это не очень удобно, они не сразу зачисляются, почти сутки. Или вообще в город надо ехать. А так сам банк расположен удобно, в центре поселка, есть парковка. В банке есть деткий уголок.",4,
7,Павлов Александр,2022-10-25 10:03:20,Новый банкомат супер!),5,
8,Наталия М.,2019-08-23 12:02:00,"Дурацкий график работы, когда в будни после рабочего дня в отделение не попадёшь, поскольку они тоже уже не работают. Понедельник выходной? Вы серьёзно??? И зачем-то убрали терминал самообслуживания, где можно было и заплатить, и внести деньги.",3,
9,Анна Викина,2019-09-18 06:40:50,"Единственной банк в округе, все хорошо. Кроме того что им урезали функционал и операции с валютой и кредитными картами тут теперь не проводят.",5,
10,Ilya Serov,2020-01-28 19:03:36,Быстрое обслуживание и корректные консультанты.,5,
11,Анатолий М.,2020-03-11 04:20:10,Часто нет денег в терминале или он не работает.,2,
12,Сохибжон Э.,2019-10-04 08:04:45,Почему здес только снять ???,1,
13,Шура Марков,2020-04-02 12:29:28,Вечные очереди,2,
