,ID,name,address,website,opening_hours,lat,lon,rating,phone,social,Обслуживание,Отношение к клиентам,Персонал,Время ожидания,Кредит,Ипотека,Расположение,Банкомат,Вклад,Ремонт,График работы
0,237662984022,Альфа-Банк,"Садовая ул., 256, Самара",alfabank.ru,"'mon': выходной, 'tue': выходной, 'wed': выходной, 'thu': выходной, 'fri': выходной, 'sat': выходной, 'sun': выходной",53.202421,50.120127,"4,7",['8 (800) 200-00-00Показать телефон'],"['https://ok.ru/alfabank', 'https://t.me/alfabank', 'https://vk.com/alfabank', 'https://www.youtube.com/user/alfabankru']",95,95,96,98,91,73,,,,,
1,24250231930,Альфа-Банк,"ул. Миронова, 3, Новокуйбышевск",alfabank.ru,"'mon': 10:00-19:00, 'tue': 10:00-19:00, 'wed': 10:00-18:00, 'thu': выходной, 'fri': 10:00-18:00, 'sat': выходной, 'sun': выходной",53.096533,49.949501,"4,2",['8 (800) 200-00-00Показать телефон'],"['https://ok.ru/alfabank', 'https://t.me/alfabank', 'https://vk.com/alfabank', 'https://www.youtube.com/user/alfabankru']",100,100,100,,,,,,,,
2,147583084438,Альфа-Банк,"Запорожская ул., 18А, Чапаевск",alfabank.ru,"'mon': 10:00-19:00, 'tue': 10:00-19:00, 'wed': 10:00-18:00, 'thu': выходной, 'fri': выходной, 'sat': выходной, 'sun': выходной",52.954760,49.689286,"4,2",['8 (800) 200-00-00Показать телефон'],"['https://ok.ru/alfabank', 'https://vk.com/alfabank', 'https://www.youtube.com/user/alfabankru']",,,,,,,,,,,
3,214335329955,Альфа-Банк,"ул. Агибалова, 76, Самара",alfabank.ru,"'mon': 10:00-19:00, 'tue': 10:00-19:00, 'wed': 10:00-19:00, 'thu': 10:00-19:00, 'fri': 10:00-19:00, 'sat': выходной, 'sun': выходной",53.193634,50.121915,"4,4",['8 (800) 200-00-00Показать телефон'],"['https://ok.ru/alfabank', 'https://t.me/alfabank', 'https://vk.com/alfabank', 'https://www.youtube.com/user/alfabankru']",72,69,80,68,55,,100,86,75,75,70
4,172409579033,Альфа-Банк,"ул. Мичурина, 19В, Самара",alfabank.ru,"'mon': 09:00-20:00, 'tue': 09:00-20:00, 'wed': 09:00-19:00, 'thu': выходной, 'fri': 10:00-18:00, 'sat': 10:00-18:00, 'sun': выходной",53.203451,50.140536,"4,3",['8 (800) 200-00-00Показать телефон'],"['https://ok.ru/alfabank', 'https://t.me/alfabank', 'https://vk.com/alfabank', 'https://www.youtube.com/user/alfabankru']",71,67,75,73,54,,70,68,90,,
