,ID,name,address,website,opening_hours,lat,lon,rating,phone,social,Обслуживание,Отношение к клиентам,Персонал,Время ожидания,Кредит,Расположение,Вклад,Ипотека,Банкомат
0,74784220222,Альфа-Банк,"ул. Барашева, 7А, Липецк",alfabank.ru,"'mon': 09:00-20:00, 'tue': 09:00-20:00, 'wed': 09:00-20:00, 'thu': 09:00-20:00, 'fri': 09:00-20:00, 'sat': 10:00-18:00, 'sun': выходной",52.602854,39.587479,"4,8",['8 (800) 200-00-00Показать телефон'],"['https://ok.ru/alfabank', 'https://t.me/alfabank', 'https://vk.com/alfabank', 'https://www.youtube.com/channel/UCRKc2vCbyuaOYfo86L7g-sA']",87,85,87,83,95,94,100,90,70
1,1248735251,Альфа-Банк,"ул. Космонавтов, 16/1, Липецк",alfabank.ru,"'mon': выходной, 'tue': выходной, 'wed': выходной, 'thu': выходной, 'fri': выходной, 'sat': выходной, 'sun': выходной",52.617236,39.575333,"4,4",['8 (800) 200-00-00Показать телефон'],"['https://ok.ru/alfabank', 'https://t.me/alfabank', 'https://vk.com/alfabank', 'https://www.youtube.com/user/alfabankru']",72,72,81,69,67,86,,,
2,177896371080,Альфа-Банк,"просп. Победы, 20, Липецк",alfabank.ru,"'mon': 09:00-20:00, 'tue': 09:00-20:00, 'wed': 09:00-19:00, 'thu': выходной, 'fri': 10:00-18:00, 'sat': 10:00-18:00, 'sun': выходной",52.596405,39.565245,"4,6",['8 (800) 200-00-00Показать телефон'],"['https://ok.ru/alfabank', 'https://t.me/alfabank', 'https://vk.com/alfabank', 'https://www.youtube.com/channel/UCRKc2vCbyuaOYfo86L7g-sA']",74,72,78,67,56,93,,,86
3,195135099009,Альфа-Банк,"ул. имени Генерала Меркулова, 10А, Липецк",alfabank.ru,"'mon': 09:00-20:00, 'tue': 09:00-20:00, 'wed': 09:00-20:00, 'thu': 09:00-20:00, 'fri': 09:00-20:00, 'sat': 10:00-18:00, 'sun': выходной",52.590491,39.542320,"4,4",['8 (800) 200-00-00Показать телефон'],"['https://ok.ru/alfabank', 'https://t.me/alfabank', 'https://vk.com/alfabank', 'https://www.youtube.com/channel/UCRKc2vCbyuaOYfo86L7g-sA']",76,71,76,72,61,100,,,
