,ID,name,address,website,opening_hours,lat,lon,rating,phone,social
0,72432473048,Альфа-Банк,"ул. Космонавтов, 16/1, Липецк",alfabank.ru,"'mon': 00:00-23:59, 'tue': 00:00-23:59, 'wed': 00:00-23:59, 'thu': 00:00-23:59, 'fri': 00:00-23:59, 'sat': 00:00-23:59, 'sun': 00:00-23:59",52.617236,39.575333,,['8 (800) 200-00-00Показать телефон'],"['https://ok.ru/alfabank', 'https://t.me/alfabank', 'https://vk.com/alfabank']"
1,78819867611,Альфа-Банк,"ул. Барашева, 7А, Липецк",alfabank.ru,"'mon': 00:00-23:59, 'tue': 00:00-23:59, 'wed': 00:00-23:59, 'thu': 00:00-23:59, 'fri': 00:00-23:59, 'sat': 00:00-23:59, 'sun': 00:00-23:59",52.602854,39.587479,,['8 (800) 200-00-00Показать телефон'],"['https://ok.ru/alfabank', 'https://t.me/alfabank', 'https://vk.com/alfabank']"
2,228476796509,Альфа-Банк,"ул. Космонавтов, 16/1, Липецк",alfabank.ru,"'mon': 00:00-23:59, 'tue': 00:00-23:59, 'wed': 00:00-23:59, 'thu': 00:00-23:59, 'fri': 00:00-23:59, 'sat': 00:00-23:59, 'sun': 00:00-23:59",52.617193,39.575412,,['8 (800) 200-00-00Показать телефон'],"['https://ok.ru/alfabank', 'https://t.me/alfabank', 'https://vk.com/alfabank']"
3,46871571564,Альфа-Банк,"ул. П.И. Смородина, 13А, Липецк",alfabank.ru,"'mon': 08:00-22:00, 'tue': 08:00-22:00, 'wed': 08:00-22:00, 'thu': 08:00-22:00, 'fri': 08:00-22:00, 'sat': 08:00-22:00, 'sun': 08:00-22:00",52.588675,39.535673,,['8 (800) 200-00-00Показать телефон'],"['https://ok.ru/alfabank', 'https://t.me/alfabank', 'https://vk.com/alfabank', 'https://www.youtube.com/channel/UCRKc2vCbyuaOYfo86L7g-sA']"
