,ID,name,address,website,opening_hours,lat,lon,rating,phone,social,Обслуживание,Отношение к клиентам,Персонал,Время ожидания,Кредит,Банкомат,Расположение,График работы,Вклад
0,136096492200,Альфа-Банк,"Всеволожский просп., 29, Всеволожск",alfabank.ru,"'mon': 10:00-19:00, 'tue': 10:00-19:00, 'wed': 10:00-18:00, 'thu': выходной, 'fri': 10:00-18:00, 'sat': выходной, 'sun': выходной",60.018569,30.646511,"4,0",['8 (800) 200-00-00Показать телефон'],"['https://ok.ru/alfabank', 'https://t.me/alfabank', 'https://vk.com/alfabank', 'https://www.youtube.com/user/alfabankru']",71,77,75,50,,,,,
1,88699231578,Альфа-Банк,"просп. Просвещения, 84, корп. 1, Санкт-Петербург",alfabank.ru,"'mon': 10:00-20:00, 'tue': 10:00-20:00, 'wed': 10:00-19:00, 'thu': выходной, 'fri': 10:00-18:00, 'sat': 10:00-18:00, 'sun': выходной",60.036830,30.415554,"4,2",['8 (800) 200-00-00Показать телефон'],"['https://ok.ru/alfabank', 'https://t.me/alfabank', 'https://vk.com/alfabank', 'https://www.youtube.com/user/alfabankru']",57,57,62,51,67,57,85,,
2,1002389822,Альфа-Банк,"Лиговский просп., 73, Санкт-Петербург",alfabank.ru,"'mon': 10:00-20:00, 'tue': 10:00-20:00, 'wed': 10:00-19:00, 'thu': выходной, 'fri': 10:00-18:00, 'sat': 10:00-18:00, 'sun': 12:00-17:00",59.925737,30.357074,"4,2",['8 (800) 200-00-00Показать телефон'],"['https://ok.ru/alfabank', 'https://t.me/alfabank', 'https://vk.com/alfabank', 'https://www.youtube.com/user/alfabankru']",54,51,54,44,50,56,88,50,
3,1047989075,Альфа-Банк,"Новочеркасский просп., 43/17, Санкт-Петербург",alfabank.ru,"'mon': 10:00-20:00, 'tue': 10:00-20:00, 'wed': 10:00-19:00, 'thu': выходной, 'fri': 10:00-18:00, 'sat': 10:00-18:00, 'sun': выходной",59.928217,30.411260,"4,3",['8 (800) 200-00-00Показать телефон'],"['https://ok.ru/alfabank', 'https://t.me/alfabank', 'https://vk.com/alfabank', 'https://www.youtube.com/user/alfabankru']",67,64,68,63,58,67,85,,
4,1217113671,Альфа-Банк,"ул. Академика Лебедева, 31, корп. 2, Санкт-Петербург",alfabank.ru,"'mon': 09:00-20:00, 'tue': 09:00-20:00, 'wed': 09:00-19:00, 'thu': выходной, 'fri': 10:00-18:00, 'sat': 10:00-18:00, 'sun': выходной",59.958999,30.354011,"4,2",['8 (800) 200-00-00Показать телефон'],"['https://ok.ru/alfabank', 'https://t.me/alfabank', 'https://vk.com/alfabank', 'https://www.youtube.com/user/alfabankru']",78,75,78,75,60,36,100,,
5,233849538090,Альфа-Банк,"Фурштатская ул., 40, Санкт-Петербург",alfabank.ru,"'mon': 10:00-19:00, 'tue': 10:00-19:00, 'wed': 10:00-18:00, 'thu': выходной, 'fri': выходной, 'sat': выходной, 'sun': выходной",59.945414,30.360631,"4,3",['8 (800) 200-00-00Показать телефон'],"['https://ok.ru/alfabank', 'https://t.me/alfabank', 'https://vk.com/alfabank', 'https://www.youtube.com/user/alfabankru']",84,83,83,88,90,70,83,42,82
6,110155439929,Альфа-Банк,"просп. Науки, 14, корп. 1, Санкт-Петербург",alfabank.ru,"'mon': 10:00-20:00, 'tue': 10:00-20:00, 'wed': 10:00-19:00, 'thu': выходной, 'fri': 10:00-18:00, 'sat': 10:00-18:00, 'sun': выходной",60.012229,30.402942,"4,2",['8 (800) 200-00-00Показать телефон'],"['https://ok.ru/alfabank', 'https://t.me/alfabank', 'https://vk.com/alfabank', 'https://www.youtube.com/user/alfabankru']",51,48,55,37,47,50,,27,
