,ID,name,address,website,opening_hours,lat,lon,rating,phone,social,Обслуживание,Отношение к клиентам,Персонал,Время ожидания,Расположение,Банкомат,Кредит,График работы,Ремонт,Вклад
0,45744356657,Альфа-Банк,"бул. Адмирала Ушакова, 2, Москва",alfabank.ru,"'mon': 10:00-20:00, 'tue': 10:00-20:00, 'wed': 10:00-19:00, 'thu': выходной, 'fri': 10:00-18:00, 'sat': 10:00-18:00, 'sun': выходной",55.548430,37.553230,"4,4",['+7 (495) 788-88-78Показать телефон'],"['https://ok.ru/alfabank', 'https://t.me/alfabank', 'https://vk.com/alfabank', 'https://www.youtube.com/user/alfabankru']",69,67,72,66,98,65,31,58,,
1,1150615452,Альфа-Банк,"бул. Дмитрия Донского, 11, Москва",alfabank.ru,"'mon': 09:00-20:00, 'tue': 09:00-20:00, 'wed': 09:00-20:00, 'thu': 09:00-20:00, 'fri': 09:00-20:00, 'sat': 10:00-18:00, 'sun': выходной",55.566807,37.576393,"4,3",['+7 (495) 788-88-78Показать телефон'],"['https://ok.ru/alfabank', 'https://t.me/alfabank', 'https://vk.com/alfabank', 'https://www.youtube.com/user/alfabankru']",61,60,63,51,81,78,38,62,,
2,1578298930,Альфа-Банк,"Москва, поселение Московский, Киевское шоссе, 22-й километр, 4с1кБ",alfabank.ru,"'mon': 10:00-20:00, 'tue': 10:00-20:00, 'wed': 10:00-19:00, 'thu': выходной, 'fri': 10:00-18:00, 'sat': 10:00-18:00, 'sun': выходной",55.633999,37.442877,"4,4",['+7 (495) 788-88-78Показать телефон'],"['https://ok.ru/alfabank', 'https://t.me/alfabank', 'https://vk.com/alfabank', 'https://www.youtube.com/user/alfabankru']",59,56,61,51,96,59,47,55,70,
3,1158809418,Альфа-Банк,"Варшавское ш., 160, Москва",alfabank.ru,"'mon': 10:00-19:00, 'tue': 10:00-19:00, 'wed': 10:00-18:00, 'thu': выходной, 'fri': 10:00-18:00, 'sat': 10:00-18:00, 'sun': выходной",55.582991,37.595249,"4,3",['+7 (495) 788-88-78Показать телефон'],"['https://ok.ru/alfabank', 'https://t.me/alfabank', 'https://vk.com/alfabank', 'https://www.youtube.com/user/alfabankru']",65,66,72,69,91,68,58,,,
4,204337625441,Альфа-Банк,"Ломоносовский просп., 25, корп. 1, Москва",alfabank.ru,"'mon': 10:00-19:00, 'tue': 10:00-19:00, 'wed': 10:00-18:00, 'thu': выходной, 'fri': 10:00-18:00, 'sat': 10:00-18:00, 'sun': выходной",55.693597,37.532448,"4,3",['+7 (495) 788-88-78Показать телефон'],"['https://ok.ru/alfabank', 'https://t.me/alfabank', 'https://vk.com/alfabank', 'https://www.youtube.com/user/alfabankru']",76,73,71,75,100,,88,,,
5,245320331185,Альфа-Банк,"Новоясеневский просп., 7, Москва",alfabank.ru,"'mon': 10:00-20:00, 'tue': 10:00-20:00, 'wed': 10:00-19:00, 'thu': выходной, 'fri': 10:00-18:00, 'sat': 10:00-18:00, 'sun': выходной",55.607489,37.532367,"4,3",['+7 (495) 755-58-58Показать телефон'],"['https://ok.ru/alfabank', 'https://t.me/alfabank', 'https://vk.com/alfabank', 'https://www.youtube.com/user/alfabankru']",74,73,79,77,96,75,75,,,90
6,1153767635,Альфа-Банк,"Чертановская ул., 1В, корп. 1, Москва",alfabank.ru,"'mon': 10:00-20:00, 'tue': 10:00-20:00, 'wed': 10:00-20:00, 'thu': 10:00-20:00, 'fri': 10:00-20:00, 'sat': 10:00-18:00, 'sun': выходной",55.639461,37.607143,"4,3",['+7 (495) 755-58-58Показать телефон'],"['https://ok.ru/alfabank', 'https://t.me/alfabank', 'https://vk.com/alfabank', 'https://www.youtube.com/user/alfabankru']",69,66,68,65,94,58,80,,,86
7,226582973627,Альфа-Банк,"Луганская ул., 10, Москва",alfabank.ru,"'mon': 10:00-20:00, 'tue': 10:00-20:00, 'wed': 10:00-19:00, 'thu': выходной, 'fri': 10:00-18:00, 'sat': 10:00-18:00, 'sun': выходной",55.622324,37.667662,"4,3",['+7 (495) 788-88-78Показать телефон'],"['https://ok.ru/alfabank', 'https://t.me/alfabank', 'https://vk.com/alfabank', 'https://www.youtube.com/user/alfabankru']",70,69,72,66,97,25,67,,,
8,215135421171,Альфа-Банк,"ул. Генерала Белова, 35, Москва",alfabank.ru,"'mon': 10:00-20:00, 'tue': 10:00-20:00, 'wed': 10:00-20:00, 'thu': 10:00-20:00, 'fri': 10:00-20:00, 'sat': 10:00-18:00, 'sun': выходной",55.610830,37.723951,"4,3",['+7 (495) 755-58-58Показать телефон'],"['https://ok.ru/alfabank', 'https://t.me/alfabank', 'https://vk.com/alfabank', 'https://www.youtube.com/user/alfabankru']",65,60,67,60,96,43,44,,,50
9,25596313007,Альфа-Банк,"просп. Андропова, 18, корп. 6, Москва",alfabank.ru,"'mon': 09:00-18:00, 'tue': 09:00-18:00, 'wed': 09:00-17:00, 'thu': выходной, 'fri': выходной, 'sat': выходной, 'sun': выходной",55.692785,37.662164,"4,5",['+7 (495) 788-88-78Показать телефон'],"['https://ok.ru/alfabank', 'https://t.me/alfabank', 'https://vk.com/alfabank', 'https://www.youtube.com/user/alfabankru']",80,78,85,79,82,,84,,,
10,1077414965,Альфа-Банк,"Профсоюзная ул., 104, Москва",alfabank.ru,"'mon': 09:00-20:00, 'tue': 09:00-20:00, 'wed': 09:00-20:00, 'thu': 09:00-20:00, 'fri': 09:00-20:00, 'sat': 09:00-20:00, 'sun': 12:00-17:00",55.642006,37.524471,"4,3",['+7 (495) 788-88-78Показать телефон'],"['https://ok.ru/alfabank', 'https://t.me/alfabank', 'https://vk.com/alfabank', 'https://www.youtube.com/user/alfabankru']",56,53,58,50,89,75,25,83,,
11,243597884679,Альфа-Банк,"Школьная ул., 23, Видное",alfabank.ru,"'mon': 10:00-19:00, 'tue': 10:00-19:00, 'wed': 10:00-18:00, 'thu': выходной, 'fri': 10:00-18:00, 'sat': выходной, 'sun': выходной",55.556467,37.708086,"5,0",['+7 (495) 755-58-58Показать телефон'],"['https://ok.ru/alfabank', 'https://t.me/alfabank', 'https://vk.com/alfabank', 'https://www.youtube.com/user/alfabankru']",81,81,83,77,93,75,69,,,
