,ID,name,address,website,opening_hours,lat,lon,rating,phone,social,Обслуживание,Отношение к клиентам,Персонал,Время ожидания,Кредит,Расположение,Вклад,Банкомат,Ипотека
0,37412738943,Альфа-Банк,"просп. Мира, 6, Краснокамск",alfabank.ru,"'mon': 10:00-19:00, 'tue': 10:00-19:00, 'wed': 10:00-19:00, 'thu': 10:00-19:00, 'fri': 10:00-19:00, 'sat': выходной, 'sun': выходной",58.082493,55.746572,"4,2",['8 (800) 200-00-00Показать телефон'],"['https://t.me/alfabank', 'https://vk.com/alfabank']",,,,,,,,,
1,1508016306,Альфа-Банк,"Автозаводская ул., 44А, Пермь",alfabank.ru,"'mon': 10:00-19:00, 'tue': 10:00-19:00, 'wed': 10:00-19:00, 'thu': 10:00-19:00, 'fri': 10:00-19:00, 'sat': выходной, 'sun': выходной",58.006693,55.949339,"4,5",['8 (800) 200-00-00Показать телефон'],"['https://ok.ru/alfabank', 'https://t.me/alfabank', 'https://vk.com/alfabank', 'https://www.youtube.com/user/alfabankru']",91,93,92,93,96,,,,
2,202115149010,Альфа-Банк,"ул. Мира, 70, Пермь",alfabank.ru,"'mon': 09:00-20:00, 'tue': 09:00-20:00, 'wed': 09:00-20:00, 'thu': 09:00-20:00, 'fri': 09:00-20:00, 'sat': 10:00-18:00, 'sun': выходной",57.979178,56.188031,"4,4",['8 (800) 200-00-00Показать телефон'],"['https://ok.ru/alfabank', 'https://t.me/alfabank', 'https://vk.com/alfabank', 'https://www.youtube.com/user/alfabankru']",83,81,86,82,81,88,92,75,
3,199133622801,Альфа-Банк,"ул. Ленина, 66, Пермь",alfabank.ru,"'mon': 10:00-20:00, 'tue': 10:00-20:00, 'wed': 10:00-20:00, 'thu': 10:00-20:00, 'fri': 10:00-20:00, 'sat': 10:00-18:00, 'sun': выходной",58.008943,56.229129,"4,3",['8 (800) 200-00-00Показать телефон'],"['https://ok.ru/alfabank', 'https://t.me/alfabank', 'https://vk.com/alfabank', 'https://www.youtube.com/user/alfabankru']",72,70,79,68,76,91,,40,
4,80940794246,Альфа-Банк,"Комсомольский просп., 49, Пермь",alfabank.ru,"'mon': 10:00-20:00, 'tue': 10:00-20:00, 'wed': 10:00-20:00, 'thu': 10:00-20:00, 'fri': 10:00-20:00, 'sat': 10:00-18:00, 'sun': выходной",58.001343,56.247436,"4,4",['8 (800) 200-00-00Показать телефон'],"['https://ok.ru/alfabank', 'https://t.me/AlfaBank', 'https://vk.com/alfabank', 'https://www.youtube.com/user/alfabankru']",76,72,79,77,71,100,,80,
5,1001810141,Альфа-Банк,"Советская ул., 45, Пермь",alfabank.ru,"'mon': 09:00-19:00, 'tue': 09:00-19:00, 'wed': 09:00-19:00, 'thu': 09:00-19:00, 'fri': 09:00-19:00, 'sat': выходной, 'sun': выходной",58.014797,56.238632,"4,4",['8 (800) 200-00-00Показать телефон'],"['https://ok.ru/alfabank', 'https://t.me/alfabank', 'https://vk.com/alfabank', 'https://www.youtube.com/user/alfabankru']",87,86,86,86,83,100,,82,
6,156790419524,Альфа-Банк,"Пермская ул., 17, Пермь",alfabank.ru,"'mon': 09:00-18:00, 'tue': 09:00-18:00, 'wed': 09:00-18:00, 'thu': 09:00-18:00, 'fri': 09:00-16:45, 'sat': выходной, 'sun': выходной",58.015056,56.255162,"4,7",['8 (800) 200-00-00Показать телефон'],"['https://ok.ru/alfabank', 'https://t.me/alfabank', 'https://vk.com/alfabank', 'https://www.youtube.com/user/alfabankru']",97,97,96,91,100,,,,91
