,ID,name,address,website,opening_hours,lat,lon,rating,phone,social,Обслуживание,Отношение к клиентам,Персонал,Время ожидания,Кредит,Расположение,График работы,Банкомат
0,1049195804,Альфа-Банк,"ул. Ленина, 299, Ставрополь",alfabank.ru,"'mon': 09:00-20:00, 'tue': 09:00-20:00, 'wed': 09:00-19:00, 'thu': выходной, 'fri': 10:00-18:00, 'sat': 10:00-18:00, 'sun': выходной",45.038180,41.947680,"4,3",['8 (800) 200-00-00Показать телефон'],"['https://ok.ru/alfabank', 'https://t.me/alfabank', 'https://vk.com/alfabank', 'https://www.youtube.com/user/alfabankru']",61,58,67,57,33,80,30,64
1,157707951430,Альфа-Банк,"ул. 50 лет ВЛКСМ, 11/1, Ставрополь",alfabank.ru,"'mon': 10:00-19:00, 'tue': 10:00-19:00, 'wed': 10:00-19:00, 'thu': 10:00-19:00, 'fri': 10:00-19:00, 'sat': выходной, 'sun': выходной",45.016690,41.924509,"4,3",['8 (800) 200-00-00Показать телефон'],"['https://ok.ru/alfabank', 'https://t.me/alfabank', 'https://vk.com/alfabank', 'https://www.youtube.com/user/alfabankru']",63,67,74,50,,,,
2,59234863161,Альфа-Банк,"ул. Дзержинского, 114, Ставрополь",alfabank.ru,"'mon': 09:00-18:00, 'tue': 09:00-18:00, 'wed': 09:00-17:00, 'thu': выходной, 'fri': выходной, 'sat': выходной, 'sun': выходной",45.044203,41.970952,"4,4",['8 (800) 200-00-00Показать телефон'],"['https://ok.ru/alfabank', 'https://t.me/alfabank', 'https://vk.com/alfabank', 'https://www.youtube.com/user/alfabankru']",70,66,73,63,67,80,,69
3,65653576737,Альфа-Банк,"ул. Войкова, 454/1, Михайловск",,"'mon': 09:00-18:00, 'tue': 09:00-18:00, 'wed': 09:00-17:00, 'thu': выходной, 'fri': выходной, 'sat': выходной, 'sun': выходной",45.128872,42.035254,"4,2",['8 (800) 200-00-00Показать телефон'],"['https://ok.ru/alfabank', 'https://vk.com/alfabank', 'https://www.youtube.com/user/alfabankru']",,,,,,,,
