,ID,name,address,website,opening_hours,lat,lon,rating,phone,social,Обслуживание,Отношение к клиентам,Персонал,Время ожидания,Кредит,Банкомат,Расположение,График работы,Вклад,Ремонт,Страхование,Ипотека
0,1079158923,Альфа-Банк,"ул. Перерва, 56/2, Москва",alfabank.ru,"'mon': 10:00-20:00, 'tue': 10:00-20:00, 'wed': 10:00-19:00, 'thu': выходной, 'fri': 10:00-18:00, 'sat': 10:00-18:00, 'sun': выходной",55.657850,37.747730,"4,3",['+7 (495) 788-88-78Показать телефон'],"['https://ok.ru/alfabank', 'https://t.me/alfabank', 'https://vk.com/alfabank', 'https://www.youtube.com/user/alfabankru']",63,61,64,58,55,50,,,,,,
1,112855126846,Альфа-Банк,"Носовихинское ш., 7, Реутов",alfabank.ru,"'mon': 10:00-20:00, 'tue': 10:00-20:00, 'wed': 10:00-19:00, 'thu': выходной, 'fri': 10:00-18:00, 'sat': 10:00-18:00, 'sun': выходной",55.745559,37.859067,"4,5",['+7 (495) 788-88-78Показать телефон'],"['https://ok.ru/alfabank', 'https://t.me/alfabank', 'https://vk.com/alfabank', 'https://www.youtube.com/user/alfabankru']",66,64,70,58,53,70,97,50,,,,
2,71619330774,Альфа-Банк,"Покровская ул., 20, Москва",alfabank.ru,"'mon': 10:00-20:00, 'tue': 10:00-20:00, 'wed': 10:00-19:00, 'thu': выходной, 'fri': 10:00-18:00, 'sat': 10:00-18:00, 'sun': выходной",55.701866,37.931650,"4,3",['+7 (495) 755-58-58Показать телефон'],"['https://ok.ru/alfabank', 'https://t.me/alfabank', 'https://vk.com/alfabank', 'https://www.youtube.com/user/alfabankru']",69,65,68,71,65,55,100,38,,,,
3,189299966920,Альфа-Банк,"Уральская ул., 1, Москва",alfabank.ru,"'mon': 10:00-20:00, 'tue': 10:00-20:00, 'wed': 10:00-19:00, 'thu': выходной, 'fri': 10:00-18:00, 'sat': 10:00-18:00, 'sun': выходной",55.811634,37.797729,"4,3",['+7 (495) 755-58-58Показать телефон'],"['https://ok.ru/alfabank', 'https://t.me/alfabank', 'https://vk.com/alfabank', 'https://www.youtube.com/user/alfabankru']",68,65,66,68,59,68,100,36,67,,,
4,1165641049,Альфа-Банк,"Олимпийский просп., 19, корп. 1, Мытищи",alfabank.ru,"'mon': 10:00-20:00, 'tue': 10:00-20:00, 'wed': 10:00-19:00, 'thu': выходной, 'fri': 10:00-18:00, 'sat': 10:00-18:00, 'sun': выходной",55.923706,37.757050,"4,3",['+7 (495) 755-58-58Показать телефон'],"['https://ok.ru/alfabank', 'https://t.me/alfabank', 'https://vk.com/alfabank', 'https://www.youtube.com/user/alfabankru']",55,51,57,43,17,36,86,,,75,,
5,79469688898,Альфа-Банк,"ул. Новинки, 1, Москва",alfabank.ru,"'mon': 10:00-19:00, 'tue': 10:00-19:00, 'wed': 10:00-18:00, 'thu': выходной, 'fri': 10:00-18:00, 'sat': 10:00-18:00, 'sun': выходной",55.677565,37.666252,"4,3",['+7 (495) 788-88-78Показать телефон'],"['https://ok.ru/alfabank', 'https://t.me/alfabank', 'https://vk.com/alfabank', 'https://www.youtube.com/user/alfabankru']",76,77,81,69,73,65,96,,,,,
6,1178226406,Альфа-Банк,"ш. Энтузиастов, 7/1, Балашиха",alfabank.ru,"'mon': 10:00-20:00, 'tue': 10:00-20:00, 'wed': 10:00-19:00, 'thu': выходной, 'fri': 10:00-18:00, 'sat': 10:00-18:00, 'sun': выходной",55.795469,37.933977,"4,3",['+7 (495) 755-58-58Показать телефон'],"['https://ok.ru/alfabank', 'https://t.me/alfabank', 'https://vk.com/alfabank', 'https://www.youtube.com/user/alfabankru']",61,57,65,50,37,53,62,,55,46,,
7,154991580164,Альфа-Банк,"Автозаводская ул., 5, Москва",alfabank.ru,"'mon': 10:00-20:00, 'tue': 10:00-20:00, 'wed': 10:00-19:00, 'thu': выходной, 'fri': 10:00-18:00, 'sat': 10:00-18:00, 'sun': выходной",55.708460,37.662084,"4,4",['+7 (495) 755-58-58Показать телефон'],"['https://ok.ru/alfabank', 'https://t.me/alfabank', 'https://vk.com/alfabank', 'https://www.youtube.com/user/alfabankru']",57,56,60,53,43,72,94,,20,,,
8,217601592560,Альфа-Банк,"Октябрьский просп., 151/9, Люберцы",alfabank.ru,"'mon': 10:00-20:00, 'tue': 10:00-20:00, 'wed': 10:00-19:00, 'thu': выходной, 'fri': 10:00-18:00, 'sat': 10:00-18:00, 'sun': выходной",55.679641,37.892583,"4,3",['+7 (495) 755-58-58Показать телефон'],"['https://ok.ru/alfabank', 'https://t.me/alfabank', 'https://vk.com/alfabank', 'https://www.youtube.com/user/alfabankru']",62,58,65,55,40,66,73,,,,,
9,135399944115,Альфа-Банк,"Свободный просп., 20А, Москва",alfabank.ru,"'mon': выходной, 'tue': выходной, 'wed': выходной, 'thu': выходной, 'fri': выходной, 'sat': выходной, 'sun': выходной",55.751260,37.816271,"4,4",['+7 (495) 788-88-78Показать телефон'],"['https://ok.ru/alfabank', 'https://t.me/alfabank', 'https://vk.com/alfabank', 'https://www.youtube.com/user/alfabankru']",53,50,62,57,38,77,90,57,59,,8,69
10,39652021738,Альфа-Банк,"9-я Парковая ул., 23, Москва",alfabank.ru,"'mon': 10:00-20:00, 'tue': 10:00-20:00, 'wed': 10:00-19:00, 'thu': выходной, 'fri': 10:00-18:00, 'sat': 10:00-18:00, 'sun': выходной",55.795044,37.798799,"4,3",['+7 (495) 788-88-78Показать телефон'],"['https://ok.ru/alfabank', 'https://t.me/alfabank', 'https://vk.com/alfabank', 'https://www.youtube.com/user/alfabankru']",56,56,59,49,58,48,92,,,,,
11,28258577430,Альфа-Банк,"ул. Мира, 26А, Мытищи",alfabank.ru,"'mon': 10:00-20:00, 'tue': 10:00-20:00, 'wed': 10:00-19:00, 'thu': выходной, 'fri': 10:00-18:00, 'sat': 10:00-18:00, 'sun': выходной",55.916623,37.726736,"4,4",['+7 (495) 755-58-58Показать телефон'],"['https://ok.ru/alfabank', 'https://t.me/alfabank', 'https://vk.com/alfabank', 'https://www.youtube.com/user/alfabankru']",60,60,66,61,30,59,87,50,58,,,
12,60318410459,Альфа-Банк,"3-й Крутицкий пер., 13, Москва",alfabank.ru,"'mon': 10:00-20:00, 'tue': 10:00-20:00, 'wed': 10:00-19:00, 'thu': выходной, 'fri': 10:00-18:00, 'sat': 10:00-18:00, 'sun': выходной",55.730548,37.663513,"4,1",['+7 (495) 755-58-58Показать телефон'],"['https://ok.ru/alfabank', 'https://t.me/alfabank', 'https://vk.com/alfabank', 'https://www.youtube.com/user/alfabankru']",52,44,55,43,,,,,,,,
13,164819686969,Альфа-Банк,"просп. Космонавтов, 27Б, Королёв",alfabank.ru,"'mon': 10:00-20:00, 'tue': 10:00-20:00, 'wed': 10:00-19:00, 'thu': выходной, 'fri': 10:00-18:00, 'sat': 10:00-18:00, 'sun': выходной",55.913520,37.868382,"4,4",['+7 (495) 755-58-58Показать телефон'],"['https://ok.ru/alfabank', 'https://t.me/alfabank', 'https://vk.com/alfabank', 'https://www.youtube.com/user/alfabankru']",59,56,67,55,41,51,64,,55,,0,
14,91699299995,Альфа-Банк,"ул. Маршала Чуйкова, 3, Москва",alfabank.ru,"'mon': 09:00-21:00, 'tue': 09:00-21:00, 'wed': 09:00-21:00, 'thu': 09:00-21:00, 'fri': 09:00-21:00, 'sat': 10:00-18:00, 'sun': 12:00-17:00",55.703885,37.764986,"4,5",['+7 (495) 755-58-58Показать телефон'],"['https://ok.ru/alfabank', 'https://t.me/alfabank', 'https://vk.com/alfabank', 'https://www.youtube.com/user/alfabankru']",56,51,58,46,31,91,93,54,,,,
15,59637618712,Альфа-Банк,"бул. Энтузиастов, 2, Москва",alfabank.ru,"'mon': 10:00-20:00, 'tue': 10:00-20:00, 'wed': 10:00-20:00, 'thu': 10:00-20:00, 'fri': 10:00-20:00, 'sat': выходной, 'sun': выходной",55.746482,37.682619,"4,3",['+7 (495) 788-88-78Показать телефон'],"['https://ok.ru/alfabank', 'https://t.me/alfabank', 'https://vk.com/alfabank', 'https://www.youtube.com/user/alfabankru']",70,66,69,62,62,58,89,,,,,
16,133808663530,Альфа-Банк,"Вельяминовская ул., 6, стр. 2, Москва",alfabank.ru,"'mon': 10:00-20:00, 'tue': 10:00-20:00, 'wed': 10:00-19:00, 'thu': выходной, 'fri': 10:00-18:00, 'sat': 10:00-18:00, 'sun': выходной",55.781834,37.722989,"4,3",['+7 (495) 788-88-78Показать телефон'],"['https://ok.ru/alfabank', 'https://t.me/alfabank', 'https://vk.com/alfabank', 'https://www.youtube.com/user/alfabankru']",55,52,55,49,55,50,85,,,,,
17,1045351204,Альфа-Банк,"Русаковская ул., 29, Москва",alfabank.ru,"'mon': 10:00-20:00, 'tue': 10:00-20:00, 'wed': 10:00-19:00, 'thu': выходной, 'fri': 10:00-18:00, 'sat': 10:00-18:00, 'sun': выходной",55.787877,37.677067,"4,4",['+7 (495) 788-88-78Показать телефон'],"['https://ok.ru/alfabank', 'https://t.me/alfabank', 'https://vk.com/alfabank', 'https://www.youtube.com/user/alfabankru']",62,61,64,48,52,64,93,,,,,
18,224344887474,Альфа-Банк,"Пролетарская ул., 2, корп. 2, микрорайон Железнодорожный, Балашиха",alfabank.ru,"'mon': 10:00-19:00, 'tue': 10:00-19:00, 'wed': 10:00-18:00, 'thu': выходной, 'fri': выходной, 'sat': выходной, 'sun': выходной",55.750282,38.006831,"4,8",['+7 (495) 755-58-58Показать телефон'],['https://t.me/alfabank'],85,87,90,85,76,,90,,,,,
19,1078085453,Альфа-Банк,"Нижняя Красносельская ул., 45/17, Москва",alfabank.ru,"'mon': 10:00-20:00, 'tue': 10:00-20:00, 'wed': 10:00-20:00, 'thu': 10:00-20:00, 'fri': 10:00-20:00, 'sat': 10:00-18:00, 'sun': выходной",55.772882,37.676313,"4,3",['+7 (495) 788-88-78Показать телефон'],"['https://ok.ru/alfabank', 'https://t.me/alfabank', 'https://vk.com/alfabank', 'https://www.youtube.com/user/alfabankru']",70,69,71,62,76,71,100,,,67,,
