,ID,name,address,website,opening_hours,lat,lon,rating,phone,social,Обслуживание,Отношение к клиентам,Персонал,Время ожидания,Кредит,Расположение,Банкомат,Вклад,График работы,Ипотека
0,109104755824,Альфа-Банк,"просп. Ленина, 100Д, Нижний Новгород",alfabank.ru,"'mon': 09:00-20:00, 'tue': 09:00-20:00, 'wed': 09:00-20:00, 'thu': 09:00-20:00, 'fri': 09:00-20:00, 'sat': 10:00-18:00, 'sun': выходной",56.240523,43.865445,"4,4",['8 (800) 200-00-00Показать телефон'],"['https://ok.ru/alfabank', 'https://t.me/alfabank', 'https://vk.com/alfabank', 'https://www.youtube.com/user/alfabankru']",79,79,83,70,83,100,92,,,
1,68321044405,Альфа-Банк,"ул. Белинского, 61, корп. 2, Нижний Новгород",alfabank.ru,"'mon': 09:00-20:00, 'tue': 09:00-20:00, 'wed': 09:00-20:00, 'thu': 09:00-20:00, 'fri': 09:00-20:00, 'sat': 10:00-18:00, 'sun': выходной",56.316289,44.017507,"4,3",['8 (800) 200-00-00Показать телефон'],"['https://ok.ru/alfabank', 'https://t.me/alfabank', 'https://vk.com/alfabank', 'https://www.youtube.com/user/alfabankru']",54,50,56,41,65,87,65,93,,
2,1038380178,Альфа-Банк,"ул. Максима Горького, 140, Нижний Новгород",alfabank.ru,"'mon': 09:00-20:00, 'tue': 09:00-20:00, 'wed': 09:00-20:00, 'thu': 09:00-20:00, 'fri': 09:00-20:00, 'sat': 10:00-18:00, 'sun': выходной",56.314402,43.994946,"4,3",['8 (800) 200-00-00Показать телефон'],"['https://ok.ru/alfabank', 'https://t.me/alfabank', 'https://vk.com/alfabank', 'https://www.youtube.com/user/alfabankru']",61,55,63,57,63,94,45,,70,
3,26853458298,Альфа-Банк,"ул. Гайдара, 61, Дзержинск",alfabank.ru,"'mon': 09:00-20:00, 'tue': 09:00-20:00, 'wed': 09:00-20:00, 'thu': 09:00-20:00, 'fri': 09:00-20:00, 'sat': 10:00-18:00, 'sun': выходной",56.233345,43.436239,"4,4",['8 (800) 200-00-00Показать телефон'],"['https://ok.ru/alfabank', 'https://t.me/alfabank', 'https://vk.com/alfabank', 'https://www.youtube.com/user/alfabankru']",74,71,76,73,83,,,,,
4,72939497033,Альфа-Банк,"просп. Ленина, 45, Нижний Новгород",alfabank.ru,"'mon': 09:00-20:00, 'tue': 09:00-20:00, 'wed': 09:00-20:00, 'thu': 09:00-20:00, 'fri': 09:00-20:00, 'sat': 10:00-18:00, 'sun': выходной",56.281361,43.923971,"4,4",['8 (800) 200-00-00Показать телефон'],"['https://ok.ru/alfabank', 'https://t.me/alfabank', 'https://vk.com/alfabank', 'https://www.youtube.com/user/alfabankru']",63,61,68,60,50,,,,,
5,153823749480,Альфа-Банк,"ул. Героя Фильченкова, 10, Нижний Новгород",alfabank.ru,"'mon': 09:00-18:00, 'tue': 09:00-18:00, 'wed': 09:00-18:00, 'thu': 09:00-18:00, 'fri': 09:00-18:00, 'sat': выходной, 'sun': выходной",56.320218,43.946338,"4,9",['8 (800) 200-00-00Показать телефон'],"['https://ok.ru/alfabank', 'https://t.me/alfabank', 'https://vk.com/alfabank', 'https://www.youtube.com/user/alfabankru']",82,82,84,82,90,91,,,,
6,214848622764,Альфа-Банк,"ул. Коминтерна, 164, Нижний Новгород",alfabank.ru,"'mon': 09:00-20:00, 'tue': 09:00-20:00, 'wed': 09:00-20:00, 'thu': 09:00-20:00, 'fri': 09:00-20:00, 'sat': 10:00-18:00, 'sun': выходной",56.348163,43.867844,"4,3",['8 (800) 200-00-00Показать телефон'],"['https://ok.ru/alfabank', 'https://t.me/alfabank', 'https://vk.com/alfabank', 'https://www.youtube.com/user/alfabankru']",72,72,76,73,82,,,,,
7,170224396448,Альфа-Банк,"Новая ул., 8, Нижний Новгород",alfabank.ru,"'mon': 09:00-18:00, 'tue': 09:00-18:00, 'wed': 09:00-18:00, 'thu': 09:00-18:00, 'fri': 09:00-16:45, 'sat': выходной, 'sun': выходной",56.310932,43.997632,"4,8",['8 (800) 200-00-00Показать телефон'],"['https://ok.ru/alfabank', 'https://t.me/alfabank', 'https://vk.com/alfabank', 'https://www.youtube.com/user/alfabankru']",90,91,90,88,88,,,,,80
