,ID,name,address,website,opening_hours,lat,lon,rating,phone,social,Обслуживание,Отношение к клиентам,Персонал,Время ожидания,Кредит,Банкомат,Расположение,График работы,Ипотека,Вклад,Ремонт
0,216364385838,Альфа-Банк,"просп. Строителей, 19, Саратов",alfabank.ru,"'mon': 09:00-18:00, 'tue': 09:00-18:00, 'wed': 09:00-17:00, 'thu': выходной, 'fri': выходной, 'sat': выходной, 'sun': выходной",51.597790,45.967957,"4,4",['8 (800) 200-00-00Показать телефон'],"['https://ok.ru/alfabank', 'https://t.me/alfabank', 'https://vk.com/alfabank', 'https://www.youtube.com/user/alfabankru']",75,72,80,68,68,64,94,18,,,
1,120099580390,Альфа-Банк,"ул. Белинского, 127/1, Кузнецк",alfabank.ru,"'mon': 09:00-18:00, 'tue': 09:00-18:00, 'wed': 09:00-17:00, 'thu': выходной, 'fri': 10:00-18:00, 'sat': выходной, 'sun': выходной",53.118400,46.589568,"4,3",['8 (800) 200-00-00Показать телефон'],"['https://ok.ru/alfabank', 'https://t.me/alfabank', 'https://vk.com/alfabank', 'https://www.youtube.com/user/alfabankru']",,,,,,,,,,,
2,1080456150,Альфа-Банк,"ул. Николая Ершова, 29Б, Казань",alfabank.ru,"'mon': 09:00-18:00, 'tue': 09:00-18:00, 'wed': 09:00-17:00, 'thu': выходной, 'fri': выходной, 'sat': выходной, 'sun': выходной",55.793956,49.168012,"4,4",['8 (800) 200-00-00Показать телефон'],"['https://ok.ru/alfabank', 'https://t.me/alfabank', 'https://vk.com/alfabank', 'https://www.youtube.com/user/alfabankru']",79,77,84,78,82,,,,,,
3,1210626824,Альфа-Банк,"ул. Карла Маркса, 51, Чебоксары",alfabank.ru,"'mon': 09:00-20:00, 'tue': 09:00-20:00, 'wed': 09:00-19:00, 'thu': выходной, 'fri': 10:00-18:00, 'sat': 10:00-18:00, 'sun': выходной",56.133312,47.246875,"4,3",['8 (800) 200-00-00Показать телефон'],"['https://ok.ru/alfabank', 'https://t.me/alfabank', 'https://vk.com/alfabank', 'https://www.youtube.com/user/alfabankru']",71,68,75,70,64,50,80,,,,
4,167862811644,Альфа-Банк,"ул. Закиева, 1, Советский район, микрорайон Азино-1, Казань",alfabank.ru,"'mon': 09:00-18:00, 'tue': 09:00-18:00, 'wed': 09:00-17:00, 'thu': выходной, 'fri': выходной, 'sat': выходной, 'sun': выходной",55.776715,49.221138,"4,7",['8 (800) 200-00-00Показать телефон'],"['https://ok.ru/alfabank', 'https://t.me/alfabank', 'https://vk.com/alfabank', 'https://www.youtube.com/user/alfabankru']",80,74,83,84,82,90,,,92,,
5,49305516182,Альфа-Банк,"ул. Гагарина, 14, Тольятти",alfabank.ru,"'mon': 10:00-19:00, 'tue': 10:00-19:00, 'wed': 10:00-18:00, 'thu': выходной, 'fri': 10:00-18:00, 'sat': 10:00-16:00, 'sun': выходной",53.511665,49.421444,"4,3",['8 (800) 200-00-00Показать телефон'],"['https://ok.ru/alfabank', 'https://t.me/alfabank', 'https://vk.com/alfabank', 'https://www.youtube.com/user/alfabankru']",64,64,74,53,58,67,,,,,
6,177896371080,Альфа-Банк,"просп. Победы, 20, Липецк",alfabank.ru,"'mon': 09:00-20:00, 'tue': 09:00-20:00, 'wed': 09:00-19:00, 'thu': выходной, 'fri': 10:00-18:00, 'sat': 10:00-18:00, 'sun': выходной",52.596405,39.565245,"4,6",['8 (800) 200-00-00Показать телефон'],"['https://ok.ru/alfabank', 'https://t.me/alfabank', 'https://vk.com/alfabank', 'https://www.youtube.com/channel/UCRKc2vCbyuaOYfo86L7g-sA']",74,72,78,67,56,86,93,,,,
7,168810608049,Альфа-Банк,"Московская ул., 73, Пенза",alfabank.ru,"'mon': 09:00-19:00, 'tue': 09:00-19:00, 'wed': 09:00-18:00, 'thu': выходной, 'fri': 10:00-18:00, 'sat': 10:00-18:00, 'sun': выходной",53.194752,45.017601,"4,3",['8 (800) 200-00-00Показать телефон'],"['https://ok.ru/alfabank', 'https://t.me/alfabank', 'https://vk.com/alfabank', 'https://www.youtube.com/user/alfabankru']",76,69,75,74,80,46,87,,,,
8,185369707954,Альфа-Банк,"ул. имени А.М. Горького, 36, Саратов",alfabank.ru,"'mon': выходной, 'tue': выходной, 'wed': выходной, 'thu': выходной, 'fri': выходной, 'sat': выходной, 'sun': выходной",51.532195,46.030779,"4,4",['8 (800) 200-00-00Показать телефон'],"['https://ok.ru/alfabank', 'https://t.me/alfabank', 'https://vk.com/alfabank']",67,65,74,63,62,70,73,,,50,
9,26229324872,Альфа-Банк,"ул. Ленина, 9, Рязань",alfabank.ru,"'mon': выходной, 'tue': выходной, 'wed': выходной, 'thu': 09:00-20:00, 'fri': 09:00-20:00, 'sat': 10:00-18:00, 'sun': выходной",54.623045,39.753757,"4,3",['8 (800) 200-00-00Показать телефон'],"['https://ok.ru/alfabank', 'https://t.me/alfabank', 'https://vk.com/alfabank', 'https://www.youtube.com/user/alfabankru']",72,68,77,67,78,70,89,,,73,
10,139456309578,Альфа-Банк,"Революционная ул., 32, Тольятти",alfabank.ru,"'mon': 09:00-19:00, 'tue': 09:00-19:00, 'wed': 09:00-18:00, 'thu': выходной, 'fri': 10:00-18:00, 'sat': 10:00-16:00, 'sun': выходной",53.525435,49.274399,"4,3",['8 (800) 200-00-00Показать телефон'],"['https://ok.ru/alfabank', 'https://t.me/alfabank', 'https://vk.com/alfabank', 'https://www.youtube.com/user/alfabankru']",68,68,71,62,61,67,100,,,,
11,212162467298,Альфа-Банк,"Ульяновский просп., 6, Ульяновск",alfabank.ru,"'mon': 09:00-20:00, 'tue': 09:00-20:00, 'wed': 09:00-19:00, 'thu': выходной, 'fri': 10:00-18:00, 'sat': 10:00-16:00, 'sun': выходной",54.372592,48.585049,"4,6",['8 (800) 200-00-00Показать телефон'],"['https://ok.ru/alfabank', 'https://t.me/alfabank', 'https://vk.com/alfabank', 'https://www.youtube.com/user/alfabankru']",84,82,86,90,74,,,,,,
12,1038380178,Альфа-Банк,"ул. Максима Горького, 140, Нижний Новгород",alfabank.ru,"'mon': 09:00-20:00, 'tue': 09:00-20:00, 'wed': 09:00-20:00, 'thu': 09:00-20:00, 'fri': 09:00-20:00, 'sat': 10:00-18:00, 'sun': выходной",56.314402,43.994946,"4,3",['8 (800) 200-00-00Показать телефон'],"['https://ok.ru/alfabank', 'https://t.me/alfabank', 'https://vk.com/alfabank', 'https://www.youtube.com/user/alfabankru']",61,55,63,57,63,45,94,70,,,
13,124438729621,Альфа-Банк,"ул. Герасимова, 10, стр. 4, Ульяновск",alfabank.ru,"'mon': 10:00-19:00, 'tue': 10:00-19:00, 'wed': 10:00-18:00, 'thu': выходной, 'fri': выходной, 'sat': выходной, 'sun': выходной",54.296341,48.295010,"4,7",['8 (800) 200-00-00Показать телефон'],"['https://ok.ru/alfabank', 'https://t.me/alfabank', 'https://vk.com/alfabank']",87,90,88,88,85,83,44,,,,
14,1295468980,Альфа-Банк,"Советская ул., 51, Сызрань",alfabank.ru,"'mon': 09:00-18:00, 'tue': 09:00-18:00, 'wed': 09:00-17:00, 'thu': выходной, 'fri': выходной, 'sat': выходной, 'sun': выходной",53.153088,48.467874,"4,5",['8 (800) 200-00-00Показать телефон'],"['https://ok.ru/alfabank', 'https://t.me/alfabank', 'https://vk.com/alfabank', 'https://www.youtube.com/user/alfabankru']",85,84,88,79,83,,,,,,
15,212860448806,Альфа-Банк,"Коммунистическая ул., 52, Саранск",alfabank.ru,"'mon': 09:00-20:00, 'tue': 09:00-20:00, 'wed': 09:00-19:00, 'thu': выходной, 'fri': 10:00-18:00, 'sat': 10:00-18:00, 'sun': выходной",54.184003,45.179069,"4,3",['8 (800) 200-00-00Показать телефон'],"['https://ok.ru/alfabank', 'https://t.me/alfabank', 'https://vk.com/alfabank', 'https://www.youtube.com/user/alfabankru']",62,60,63,57,60,44,92,,,,
16,172409579033,Альфа-Банк,"ул. Мичурина, 19В, Самара",alfabank.ru,"'mon': 09:00-20:00, 'tue': 09:00-20:00, 'wed': 09:00-19:00, 'thu': выходной, 'fri': 10:00-18:00, 'sat': 10:00-18:00, 'sun': выходной",53.203451,50.140536,"4,3",['8 (800) 200-00-00Показать телефон'],"['https://ok.ru/alfabank', 'https://t.me/alfabank', 'https://vk.com/alfabank', 'https://www.youtube.com/user/alfabankru']",71,67,75,73,54,68,70,,,90,
17,1021676637,Альфа-Банк,"просп. Ямашева, 82, Казань",alfabank.ru,"'mon': 09:00-20:00, 'tue': 09:00-20:00, 'wed': 09:00-19:00, 'thu': выходной, 'fri': 10:00-18:00, 'sat': 10:00-18:00, 'sun': выходной",55.827768,49.146748,"4,4",['8 (800) 200-00-00Показать телефон'],"['https://ok.ru/alfabank', 'https://t.me/alfabank', 'https://vk.com/alfabank', 'https://www.youtube.com/user/alfabankru']",68,65,71,57,73,,92,,,,
18,56970827519,Альфа-Банк,"Воронежская ул., 3, Самара",alfabank.ru,"'mon': 09:00-20:00, 'tue': 09:00-20:00, 'wed': 09:00-19:00, 'thu': выходной, 'fri': 10:00-18:00, 'sat': 10:00-18:00, 'sun': выходной",53.215995,50.256670,"4,4",['8 (800) 200-00-00Показать телефон'],"['https://ok.ru/alfabank', 'https://t.me/alfabank', 'https://vk.com/alfabank', 'https://www.youtube.com/user/alfabankru']",71,68,72,58,64,66,96,57,,,100
19,78974080024,Альфа-Банк,"ул. Стара-Загора, 126, Самара",alfabank.ru,"'mon': 09:00-19:00, 'tue': 09:00-19:00, 'wed': 09:00-18:00, 'thu': выходной, 'fri': 10:00-18:00, 'sat': 10:00-16:00, 'sun': выходной",53.244236,50.229928,"4,3",['8 (800) 200-00-00Показать телефон'],"['https://ok.ru/alfabank', 'https://t.me/alfabank', 'https://vk.com/alfabank', 'https://www.youtube.com/user/alfabankru']",69,65,71,50,57,50,84,60,,,
20,94369123948,Альфа-Банк,"ул. Декабристов, 129, Казань",alfabank.ru,"'mon': 09:00-20:00, 'tue': 09:00-20:00, 'wed': 09:00-19:00, 'thu': выходной, 'fri': 10:00-18:00, 'sat': 10:00-18:00, 'sun': выходной",55.826761,49.083426,"4,3",['8 (800) 200-00-00Показать телефон'],"['https://ok.ru/alfabank', 'https://t.me/alfabank', 'https://vk.com/alfabank', 'https://www.youtube.com/user/alfabankru']",65,64,66,53,77,42,100,,,,
21,214335329955,Альфа-Банк,"ул. Агибалова, 76, Самара",alfabank.ru,"'mon': 10:00-19:00, 'tue': 10:00-19:00, 'wed': 10:00-19:00, 'thu': 10:00-19:00, 'fri': 10:00-19:00, 'sat': выходной, 'sun': выходной",53.193634,50.121915,"4,4",['8 (800) 200-00-00Показать телефон'],"['https://ok.ru/alfabank', 'https://t.me/alfabank', 'https://vk.com/alfabank', 'https://www.youtube.com/user/alfabankru']",72,69,80,68,55,86,100,70,,75,75
