,ID,name,address,website,opening_hours,lat,lon,rating,phone,social,Обслуживание,Отношение к клиентам,Персонал,Время ожидания,Кредит,Банкомат,Расположение
0,155517860668,Альфа-Банк,"ул. Анджиевского, 1, Ессентуки",alfabank.ru,"'mon': 09:00-17:00, 'tue': выходной, 'wed': 09:00-18:00, 'thu': 09:00-18:00, 'fri': 09:00-18:00, 'sat': выходной, 'sun': выходной",44.048569,42.857077,"4,3",['8 (800) 200-00-00Показать телефон'],"['https://ok.ru/alfabank', 'https://t.me/alfabank', 'https://vk.com/alfabank', 'https://www.youtube.com/user/alfabankru']",63,60,60,,,,
1,172876765173,Альфа-Банк,"просп. 22-го Партсъезда, 94/1, Минеральные Воды",,"'mon': 10:00-18:00, 'tue': выходной, 'wed': 10:00-19:00, 'thu': 10:00-19:00, 'fri': 10:00-19:00, 'sat': выходной, 'sun': выходной",44.195849,43.132034,"4,2",['8 (800) 200-00-00Показать телефон'],"['https://ok.ru/alfabank', 'https://vk.com/alfabank', 'https://www.youtube.com/user/alfabankru']",71,75,71,,,,
2,140230753611,Альфа-Банк,"Октябрьская ул., 1, Пятигорск",alfabank.ru,"'mon': 10:00-19:00, 'tue': 10:00-19:00, 'wed': 10:00-18:00, 'thu': выходной, 'fri': 10:00-18:00, 'sat': выходной, 'sun': выходной",44.037197,43.074676,"4,8",['8 (800) 200-00-00Показать телефон'],"['https://ok.ru/alfabank', 'https://t.me/alfabank', 'https://vk.com/alfabank', 'https://www.youtube.com/user/alfabankru']",86,86,89,92,86,64,100
3,112662101334,Альфа-Банк,"ул. Горького, 17Б, Кисловодск",alfabank.ru,"'mon': 09:00-18:00, 'tue': 09:00-18:00, 'wed': 09:00-18:00, 'thu': 09:00-18:00, 'fri': 09:00-18:00, 'sat': выходной, 'sun': выходной",43.908304,42.710975,"4,2",['8 (800) 200-00-00Показать телефон'],['https://t.me/alfabank'],77,73,73,,,,
