,ID,name,address,website,opening_hours,lat,lon,rating,phone,social
0,104451305993,Альфа-Банк,"ул. Чехова, 12, Пушкино",alfabank.ru,"'mon': 10:00-22:00, 'tue': 10:00-22:00, 'wed': 10:00-22:00, 'thu': 10:00-22:00, 'fri': 10:00-22:00, 'sat': 10:00-22:00, 'sun': 10:00-22:00",56.008706,37.851907,,['8 (800) 200-00-00Показать телефон'],"['https://ok.ru/alfabank', 'https://t.me/alfabank', 'https://vk.com/alfabank']"
1,227174071742,Альфа-Банк,"Московский просп., 59, Пушкино",alfabank.ru,"'mon': 10:00-20:00, 'tue': 10:00-20:00, 'wed': 10:00-20:00, 'thu': 10:00-20:00, 'fri': 10:00-20:00, 'sat': 10:00-20:00, 'sun': 10:00-20:00",55.996749,37.862267,,['8 (800) 200-00-00Показать телефон'],"['https://ok.ru/alfabank', 'https://t.me/alfabank', 'https://vk.com/alfabank']"
2,119085340677,Альфа-Банк,"Советский просп., 2Б, Ивантеевка",alfabank.ru,"'mon': 10:00-22:00, 'tue': 10:00-22:00, 'wed': 10:00-22:00, 'thu': 10:00-22:00, 'fri': 10:00-22:00, 'sat': 10:00-22:00, 'sun': 10:00-22:00",55.975254,37.906902,,['8 (800) 200-00-00Показать телефон'],"['https://ok.ru/alfabank', 'https://t.me/alfabank', 'https://vk.com/alfabank']"
3,31438032136,Альфа-Банк,"Московский просп., 59, Пушкино",alfabank.ru,"'mon': 09:00-22:00, 'tue': 09:00-22:00, 'wed': 09:00-22:00, 'thu': 09:00-22:00, 'fri': 09:00-22:00, 'sat': 09:00-22:00, 'sun': 09:00-22:00",55.996747,37.862274,,['8 (800) 200-00-00Показать телефон'],"['https://ok.ru/alfabank', 'https://t.me/alfabank', 'https://vk.com/alfabank']"
4,210582249086,Альфа-Банк,"Московская область, городской округ Пушкинский, М-8 Холмогоры, 33-й километр, с18",,"'mon': 08:30-23:00, 'tue': 08:30-23:00, 'wed': 08:30-23:00, 'thu': 08:30-23:00, 'fri': 08:30-23:00, 'sat': 08:30-23:00, 'sun': 08:30-23:00",56.000377,37.881731,,['8 (800) 200-00-00Показать телефон'],"['https://ok.ru/alfabank', 'https://t.me/alfabank', 'https://vk.com/alfabank']"
