,ID,name,address,website,opening_hours,lat,lon,rating,phone,social,Обслуживание,Отношение к клиентам,Персонал,Время ожидания,Кредит,Расположение,Банкомат,График работы,Ремонт,Вклад
0,62663757836,Альфа-Банк,"ул. Гагарина, 24, Жуковский",alfabank.ru,"'mon': 10:00-19:00, 'tue': 10:00-19:00, 'wed': 10:00-19:00, 'thu': 10:00-19:00, 'fri': 10:00-19:00, 'sat': выходной, 'sun': выходной",55.605495,38.102483,"4,8",['+7 (495) 755-58-58Показать телефон'],"['https://ok.ru/alfabank', 'https://t.me/alfabank', 'https://vk.com/alfabank', 'https://www.youtube.com/user/alfabankru']",80,77,83,74,61,100,79,,,
1,217601592560,Альфа-Банк,"Октябрьский просп., 151/9, Люберцы",alfabank.ru,"'mon': 10:00-20:00, 'tue': 10:00-20:00, 'wed': 10:00-20:00, 'thu': 10:00-20:00, 'fri': 10:00-20:00, 'sat': 10:00-18:00, 'sun': выходной",55.679641,37.892583,"4,3",['+7 (495) 755-58-58Показать телефон'],"['https://ok.ru/alfabank', 'https://t.me/alfabank', 'https://vk.com/alfabank', 'https://www.youtube.com/user/alfabankru']",62,58,65,55,40,73,66,,,
2,71619330774,Альфа-Банк,"Покровская ул., 20, Москва",alfabank.ru,"'mon': 10:00-20:00, 'tue': 10:00-20:00, 'wed': 10:00-20:00, 'thu': 10:00-20:00, 'fri': 10:00-20:00, 'sat': 10:00-18:00, 'sun': выходной",55.701866,37.931650,"4,3",['+7 (495) 755-58-58Показать телефон'],"['https://ok.ru/alfabank', 'https://t.me/alfabank', 'https://vk.com/alfabank', 'https://www.youtube.com/user/alfabankru']",69,65,68,71,65,100,55,38,,
3,1178226406,Альфа-Банк,"ш. Энтузиастов, 7/1, Балашиха",alfabank.ru,"'mon': 10:00-20:00, 'tue': 10:00-20:00, 'wed': 10:00-20:00, 'thu': 10:00-20:00, 'fri': 10:00-20:00, 'sat': 10:00-18:00, 'sun': выходной",55.795469,37.933977,"4,3",['+7 (495) 755-58-58Показать телефон'],"['https://ok.ru/alfabank', 'https://t.me/alfabank', 'https://vk.com/alfabank', 'https://www.youtube.com/user/alfabankru']",61,57,65,50,37,62,53,,46,55
4,57365798567,Альфа-Банк,"ул. Михалевича, 1А, Раменское",alfabank.ru,"'mon': 10:00-19:00, 'tue': 10:00-19:00, 'wed': 10:00-19:00, 'thu': 10:00-19:00, 'fri': 10:00-19:00, 'sat': выходной, 'sun': выходной",55.568181,38.227070,"4,8",['+7 (495) 755-58-58Показать телефон'],"['https://ok.ru/alfabank', 'https://t.me/alfabank', 'https://vk.com/alfabank', 'https://www.youtube.com/user/alfabankru']",78,77,78,74,83,,,,,
