,ID,name,address,website,opening_hours,lat,lon,rating,phone,social
0,172085389551,Альфа-Банк,"ул. Молодцова, 7, корп. 2, Сертолово",alfabank.ru,"'mon': 09:00-18:00, 'tue': 09:00-18:00, 'wed': 09:00-18:00, 'thu': 09:00-18:00, 'fri': 09:00-18:00, 'sat': выходной, 'sun': выходной",60.142294,30.213774,,['8 (800) 200-00-00Показать телефон'],"['https://ok.ru/alfabank', 'https://t.me/alfabank', 'https://vk.com/alfabank']"
1,129354371442,Альфа-Банк,"Приозерское ш., 28, посёлок Парголово",alfabank.ru,"'mon': 08:00-23:00, 'tue': 08:00-23:00, 'wed': 08:00-23:00, 'thu': 08:00-23:00, 'fri': 08:00-23:00, 'sat': 08:00-23:00, 'sun': 08:00-23:00",60.112715,30.264431,,['8 (800) 200-00-00Показать телефон'],"['https://ok.ru/alfabank', 'https://t.me/alfabank', 'https://vk.com/alfabank']"
2,237710404102,Альфа-Банк,"ул. Молодцова, 1, корп. 3, Сертолово",,"'mon': 10:00-21:00, 'tue': 10:00-21:00, 'wed': 10:00-21:00, 'thu': 10:00-21:00, 'fri': 10:00-21:00, 'sat': 10:00-21:00, 'sun': 10:00-21:00",60.140883,30.212203,,['8 (800) 200-00-00Показать телефон'],"['https://ok.ru/alfabank', 'https://vk.com/alfabank']"
3,87356755441,Альфа-Банк,"Сосновая ул., 3А, Сертолово",alfabank.ru,"'mon': 10:00-21:00, 'tue': 10:00-21:00, 'wed': 10:00-21:00, 'thu': 10:00-21:00, 'fri': 10:00-21:00, 'sat': 10:00-21:00, 'sun': 10:00-21:00",60.142281,30.210073,,['8 (800) 200-00-00Показать телефон'],"['https://ok.ru/alfabank', 'https://t.me/alfabank', 'https://vk.com/alfabank']"
