,ID,name,address,website,opening_hours,lat,lon,rating,phone,social,Обслуживание,Отношение к клиентам,Персонал,Время ожидания,Кредит,Расположение,Банкомат,График работы,Ремонт,Вклад,Страхование,Ипотека
0,243961624704,Альфа-Банк,"ул. Калинина, 30, Гусь-Хрустальный",,"'mon': 09:00-18:00, 'tue': 09:00-18:00, 'wed': 09:00-18:00, 'thu': 09:00-18:00, 'fri': 09:00-18:00, 'sat': выходной, 'sun': выходной",55.614867,40.669967,"4,0",['8 (800) 200-00-00Показать телефон'],[],,,,,,,,,,,,
1,162248411006,Альфа-Банк,"Люблинская ул., 165, корп. 1, Москва",alfabank.ru,"'mon': 10:00-20:00, 'tue': 10:00-20:00, 'wed': 10:00-19:00, 'thu': выходной, 'fri': 10:00-18:00, 'sat': 10:00-18:00, 'sun': выходной",55.650069,37.745933,"4,4",['+7 (495) 788-88-78Показать телефон'],"['https://ok.ru/alfabank', 'https://t.me/alfabank', 'https://vk.com/alfabank', 'https://www.youtube.com/user/alfabankru']",53,49,53,40,37,100,,,,,,
2,112855126846,Альфа-Банк,"Носовихинское ш., 7, Реутов",alfabank.ru,"'mon': 10:00-20:00, 'tue': 10:00-20:00, 'wed': 10:00-20:00, 'thu': 10:00-20:00, 'fri': 10:00-20:00, 'sat': 10:00-18:00, 'sun': выходной",55.745559,37.859067,"4,5",['+7 (495) 788-88-78Показать телефон'],"['https://ok.ru/alfabank', 'https://t.me/alfabank', 'https://vk.com/alfabank', 'https://www.youtube.com/user/alfabankru']",66,64,70,58,53,97,70,50,,,,
3,84097230920,Альфа-Банк,"просп. Вернадского, 119, Москва",alfabank.ru,"'mon': 10:00-20:00, 'tue': 10:00-20:00, 'wed': 10:00-20:00, 'thu': 10:00-20:00, 'fri': 10:00-20:00, 'sat': 10:00-18:00, 'sun': выходной",55.657621,37.482780,"4,4",['+7 (495) 788-88-78Показать телефон'],"['https://ok.ru/alfabank', 'https://t.me/alfabank', 'https://vk.com/alfabank', 'https://www.youtube.com/user/alfabankru']",66,64,68,58,39,79,78,63,69,,,
4,135440115187,Альфа-Банк,"Фестивальная ул., 13, корп. 1, Москва",alfabank.ru,"'mon': 10:00-20:00, 'tue': 10:00-20:00, 'wed': 10:00-19:00, 'thu': выходной, 'fri': 10:00-18:00, 'sat': 10:00-18:00, 'sun': выходной",55.855810,37.477103,"4,3",['+7 (495) 755-58-58Показать телефон'],"['https://ok.ru/alfabank', 'https://t.me/alfabank', 'https://vk.com/alfabank', 'https://www.youtube.com/user/alfabankru']",55,54,57,45,46,90,34,13,82,,,
5,63128675733,Альфа-Банк,"Профсоюзная ул., 13/12, Москва",alfabank.ru,"'mon': 10:00-20:00, 'tue': 10:00-20:00, 'wed': 10:00-20:00, 'thu': 10:00-20:00, 'fri': 10:00-20:00, 'sat': 10:00-18:00, 'sun': выходной",55.680555,37.566467,"4,4",['+7 (495) 788-88-78Показать телефон'],"['https://ok.ru/alfabank', 'https://t.me/alfabank', 'https://vk.com/alfabank', 'https://www.youtube.com/user/alfabankru']",64,62,63,58,62,97,65,50,,91,,
6,1178226406,Альфа-Банк,"ш. Энтузиастов, 7/1, Балашиха",alfabank.ru,"'mon': 10:00-20:00, 'tue': 10:00-20:00, 'wed': 10:00-20:00, 'thu': 10:00-20:00, 'fri': 10:00-20:00, 'sat': 10:00-18:00, 'sun': выходной",55.795469,37.933977,"4,3",['+7 (495) 755-58-58Показать телефон'],"['https://ok.ru/alfabank', 'https://t.me/alfabank', 'https://vk.com/alfabank', 'https://www.youtube.com/user/alfabankru']",61,57,65,50,37,62,53,,46,55,,
7,83448862424,Альфа-Банк,"Осенний бул., 7, корп. 1, Москва",alfabank.ru,"'mon': 09:00-20:00, 'tue': 09:00-20:00, 'wed': 09:00-20:00, 'thu': 09:00-20:00, 'fri': 09:00-20:00, 'sat': 10:00-18:00, 'sun': выходной",55.757794,37.406944,"4,4",['+7 (495) 755-58-58Показать телефон'],"['https://ok.ru/alfabank', 'https://t.me/alfabank', 'https://vk.com/alfabank', 'https://www.youtube.com/user/alfabankru']",63,58,64,50,60,94,83,,,,,
8,212186021627,Альфа-Банк,"Новослободская ул., 23, Москва",alfabank.ru,"'mon': 10:00-20:00, 'tue': 10:00-20:00, 'wed': 10:00-19:00, 'thu': выходной, 'fri': 10:00-18:00, 'sat': 10:00-18:00, 'sun': выходной",55.781398,37.598537,"4,4",['+7 (495) 755-58-58Показать телефон'],"['https://ok.ru/alfabank', 'https://t.me/alfabank', 'https://vk.com/alfabank', 'https://www.youtube.com/user/alfabankru']",64,63,69,57,34,95,75,,,,,
9,1578298930,Альфа-Банк,"Киевское шоссе, 22-й километр, 4, стр. 1, корп. Б",alfabank.ru,"'mon': 10:00-20:00, 'tue': 10:00-20:00, 'wed': 10:00-20:00, 'thu': 10:00-20:00, 'fri': 10:00-20:00, 'sat': 10:00-18:00, 'sun': выходной",55.633999,37.442877,"4,4",['+7 (495) 788-88-78Показать телефон'],"['https://ok.ru/alfabank', 'https://t.me/alfabank', 'https://vk.com/alfabank', 'https://www.youtube.com/user/alfabankru']",59,56,61,51,47,96,59,55,70,,,
10,1252333485,Альфа-Банк,"ул. Лескова, 3Г, Москва",alfabank.ru,"'mon': 09:00-20:00, 'tue': 09:00-20:00, 'wed': 09:00-20:00, 'thu': 09:00-20:00, 'fri': 09:00-20:00, 'sat': 10:00-18:00, 'sun': выходной",55.898765,37.591719,"4,3",['+7 (495) 755-58-58Показать телефон'],"['https://ok.ru/alfabank', 'https://t.me/alfabank', 'https://vk.com/alfabank', 'https://www.youtube.com/user/alfabankru']",57,54,59,44,38,84,25,38,,,0,
11,115208039878,Альфа-Банк,"просп. Ленина, 26, Владимир",alfabank.ru,"'mon': 09:00-19:00, 'tue': 09:00-19:00, 'wed': 09:00-19:00, 'thu': 09:00-19:00, 'fri': 09:00-19:00, 'sat': выходной, 'sun': выходной",56.120432,40.367710,"4,4",['8 (800) 200-00-00Показать телефон'],"['https://ok.ru/alfabank', 'https://t.me/alfabank', 'https://vk.com/alfabank', 'https://www.youtube.com/user/alfabankru']",70,69,74,64,68,80,50,33,,71,,
12,96765425134,Альфа-Банк,"Авиационная ул., 66, Москва",alfabank.ru,"'mon': 10:00-20:00, 'tue': 10:00-20:00, 'wed': 10:00-19:00, 'thu': выходной, 'fri': 10:00-18:00, 'sat': 10:00-18:00, 'sun': выходной",55.809687,37.460097,"4,5",['+7 (495) 755-58-58Показать телефон'],"['https://ok.ru/alfabank', 'https://t.me/alfabank', 'https://vk.com/alfabank', 'https://www.youtube.com/user/alfabankru']",65,62,63,62,63,85,58,,,,,
13,1066499300,Альфа-Банк,"просп. Мира, 91, корп. 2, Москва",alfabank.ru,"'mon': 09:00-20:00, 'tue': 09:00-20:00, 'wed': 09:00-20:00, 'thu': 09:00-20:00, 'fri': 09:00-20:00, 'sat': 10:00-18:00, 'sun': 12:00-17:00",55.806120,37.635440,"4,4",['+7 (495) 788-88-78Показать телефон'],"['https://ok.ru/alfabank', 'https://t.me/alfabank', 'https://vk.com/alfabank', 'https://www.youtube.com/user/alfabankru']",63,57,65,59,44,96,73,48,88,,0,
14,217601592560,Альфа-Банк,"Октябрьский просп., 151/9, Люберцы",alfabank.ru,"'mon': 10:00-20:00, 'tue': 10:00-20:00, 'wed': 10:00-20:00, 'thu': 10:00-20:00, 'fri': 10:00-20:00, 'sat': 10:00-18:00, 'sun': выходной",55.679641,37.892583,"4,3",['+7 (495) 755-58-58Показать телефон'],"['https://ok.ru/alfabank', 'https://t.me/alfabank', 'https://vk.com/alfabank', 'https://www.youtube.com/user/alfabankru']",62,58,65,55,40,73,66,,,,,
15,26229324872,Альфа-Банк,"ул. Ленина, 9, Рязань",alfabank.ru,"'mon': выходной, 'tue': выходной, 'wed': выходной, 'thu': 09:00-20:00, 'fri': 09:00-20:00, 'sat': 10:00-18:00, 'sun': выходной",54.623045,39.753757,"4,3",['8 (800) 200-00-00Показать телефон'],"['https://ok.ru/alfabank', 'https://t.me/alfabank', 'https://vk.com/alfabank', 'https://www.youtube.com/user/alfabankru']",72,68,77,67,78,89,70,,,73,,
16,1184112859,Альфа-Банк,"Неглинная ул., 10, Москва",alfabank.ru,"'mon': 10:00-20:00, 'tue': 10:00-20:00, 'wed': 10:00-19:00, 'thu': выходной, 'fri': 10:00-18:00, 'sat': 10:00-18:00, 'sun': выходной",55.762146,37.620411,"4,3",['+7 (495) 788-88-78Показать телефон'],"['https://ok.ru/alfabank', 'https://t.me/AlfaBank', 'https://vk.com/alfabank', 'https://www.youtube.com/user/alfabankru']",52,46,53,51,37,86,62,,,,,
17,207021063627,Альфа-Банк,"ул. Земляной Вал, 41, стр. 1, Москва",alfabank.ru,"'mon': 10:00-20:00, 'tue': 10:00-20:00, 'wed': 10:00-20:00, 'thu': 10:00-20:00, 'fri': 10:00-20:00, 'sat': 10:00-18:00, 'sun': выходной",55.753889,37.657314,"4,3",['+7 (495) 788-88-78Показать телефон'],"['https://ok.ru/alfabank', 'https://t.me/alfabank', 'https://vk.com/alfabank', 'https://www.youtube.com/user/alfabankru']",53,48,57,51,46,84,52,,,65,,
18,76465325675,Альфа-Банк,"просп. Мельникова, 2Б, Химки",alfabank.ru,"'mon': 10:00-20:00, 'tue': 10:00-20:00, 'wed': 10:00-20:00, 'thu': 10:00-20:00, 'fri': 10:00-20:00, 'sat': 10:00-20:00, 'sun': выходной",55.901183,37.407538,"4,4",['+7 (495) 755-58-58Показать телефон'],"['https://ok.ru/alfabank', 'https://t.me/alfabank', 'https://vk.com/alfabank', 'https://www.youtube.com/user/alfabankru']",55,53,60,39,41,95,67,,83,,,
19,137477055720,Альфа-Банк,"1-й Красногвардейский пр., 15, Москва",alfabank.ru,"'mon': 10:00-19:00, 'tue': 10:00-19:00, 'wed': 10:00-19:00, 'thu': 10:00-19:00, 'fri': 10:00-19:00, 'sat': выходной, 'sun': выходной",55.750485,37.539526,"4,3",['+7 (495) 755-58-58Показать телефон'],"['https://t.me/alfabank', 'https://vk.com/alfabank', 'https://www.youtube.com/user/alfabankru']",60,54,63,71,72,73,,,,,,
20,164819686969,Альфа-Банк,"просп. Космонавтов, 27Б, Королёв",alfabank.ru,"'mon': 10:00-20:00, 'tue': 10:00-20:00, 'wed': 10:00-20:00, 'thu': 10:00-20:00, 'fri': 10:00-20:00, 'sat': 10:00-18:00, 'sun': выходной",55.913520,37.868382,"4,4",['+7 (495) 755-58-58Показать телефон'],"['https://ok.ru/alfabank', 'https://t.me/alfabank', 'https://vk.com/alfabank', 'https://www.youtube.com/user/alfabankru']",59,56,67,55,41,64,51,,,55,0,
21,91699299995,Альфа-Банк,"ул. Маршала Чуйкова, 3, Москва",alfabank.ru,"'mon': 09:00-21:00, 'tue': 09:00-21:00, 'wed': 09:00-21:00, 'thu': 09:00-21:00, 'fri': 09:00-21:00, 'sat': 10:00-18:00, 'sun': 12:00-17:00",55.703885,37.764986,"4,5",['+7 (495) 755-58-58Показать телефон'],"['https://ok.ru/alfabank', 'https://t.me/alfabank', 'https://vk.com/alfabank', 'https://www.youtube.com/user/alfabankru']",56,51,58,46,31,93,91,54,,,,
22,1378806523,Альфа-Банк,"Новокрюковская ул., 1824, Зеленоград",alfabank.ru,"'mon': 10:00-20:00, 'tue': 10:00-20:00, 'wed': 10:00-20:00, 'thu': 10:00-20:00, 'fri': 10:00-20:00, 'sat': 10:00-18:00, 'sun': выходной",55.982079,37.168172,"4,3",['+7 (495) 755-58-58Показать телефон'],"['https://ok.ru/alfabank', 'https://t.me/alfabank', 'https://vk.com/alfabank', 'https://www.youtube.com/user/alfabankru']",50,48,56,34,33,58,43,27,,,10,
23,1061346448,Альфа-Банк,"Можайское ш., 76А, Одинцово",alfabank.ru,"'mon': выходной, 'tue': выходной, 'wed': выходной, 'thu': выходной, 'fri': выходной, 'sat': выходной, 'sun': выходной",55.682692,37.295006,"4,3",['+7 (495) 788-88-78Показать телефон'],"['https://ok.ru/alfabank', 'https://t.me/alfabank', 'https://vk.com/alfabank', 'https://www.youtube.com/user/alfabankru']",50,50,56,37,22,88,47,48,,,8,
24,1318665127,Альфа-Банк,"Каланчёвская ул., 27, Москва",alfabank.ru,"'mon': 10:00-19:00, 'tue': 10:00-19:00, 'wed': 10:00-19:00, 'thu': 10:00-19:00, 'fri': 10:00-19:00, 'sat': выходной, 'sun': выходной",55.774791,37.650334,"4,2",['+7 (495) 755-58-58Показать телефон'],"['https://ok.ru/alfabank', 'https://t.me/alfabank', 'https://vk.com/alfabank', 'https://www.youtube.com/user/alfabankru']",41,34,46,48,22,87,50,40,,59,12,50
