,ID,name,address,website,opening_hours,lat,lon,rating,phone,social,Обслуживание,Отношение к клиентам,Персонал,Время ожидания,Кредит,Банкомат
0,139261920787,Альфа-Банк,"Коммунистический просп., 1А, рабочий поселок Линёво",alfabank.ru,"'mon': 09:00-18:00, 'tue': 09:00-18:00, 'wed': 09:00-18:00, 'thu': 09:00-18:00, 'fri': 09:00-18:00, 'sat': выходной, 'sun': выходной",54.459735,83.376549,"4,9",['8 (800) 200-00-00Показать телефон'],"['https://ok.ru/alfabank', 'https://t.me/alfabank', 'https://vk.com/alfabank', 'https://www.youtube.com/user/alfabankru']",97,96,98,100,86,
1,227633141770,Альфа-Банк,"ул. Ленина, 42, Бердск",alfabank.ru,"'mon': 10:00-19:00, 'tue': 10:00-19:00, 'wed': 10:00-19:00, 'thu': 10:00-19:00, 'fri': 10:00-19:00, 'sat': выходной, 'sun': выходной",54.761233,83.100605,"4,3",['8 (800) 200-00-00Показать телефон'],"['https://ok.ru/alfabank', 'https://t.me/alfabank', 'https://vk.com/alfabank', 'https://www.youtube.com/user/alfabankru']",68,64,66,49,53,47
2,224681779681,Альфа-Банк,"ул. Ильича, 6, Советский район, микрорайон Академгородок, Новосибирск",alfabank.ru,"'mon': 09:00-20:00, 'tue': 09:00-20:00, 'wed': 09:00-20:00, 'thu': 09:00-20:00, 'fri': 09:00-20:00, 'sat': 10:00-18:00, 'sun': выходной",54.839313,83.095359,"4,8",['8 (800) 200-00-00Показать телефон'],"['https://ok.ru/alfabank', 'https://t.me/alfabank', 'https://vk.com/alfabank', 'https://www.youtube.com/user/alfabankru']",82,82,85,77,79,80
3,74979444632,Альфа-Банк,"ул. Пушкина, 40А, Искитим",alfabank.ru,"'mon': 10:00-19:00, 'tue': 10:00-19:00, 'wed': 10:00-19:00, 'thu': 10:00-19:00, 'fri': 10:00-19:00, 'sat': выходной, 'sun': выходной",54.639419,83.303947,"4,3",['8 (800) 200-00-00Показать телефон'],"['https://ok.ru/alfabank', 'https://t.me/alfabank', 'https://vk.com/alfabank', 'https://www.youtube.com/user/alfabankru']",,,,,,
