,ID,name,address,website,opening_hours,lat,lon,rating,phone,social,Обслуживание,Отношение к клиентам,Персонал,Время ожидания,Кредит,Вклад,Банкомат,Расположение,Страхование,График работы,Ремонт,Ипотека
0,222700929148,Альфа-Банк,"просп. Мира, 42, Москва",alfabank.ru,"'mon': 10:00-20:00, 'tue': 10:00-20:00, 'wed': 10:00-19:00, 'thu': выходной, 'fri': 10:00-20:00, 'sat': выходной, 'sun': выходной",55.780693,37.633667,"4,3",['+7 (495) 788-88-78Показать телефон'],"['https://ok.ru/alfabank', 'https://t.me/AlfaBank', 'https://vk.com/alfabank', 'https://www.youtube.com/user/alfabankru']",59,55,63,67,45,93,72,95,27,,,
1,112855126846,Альфа-Банк,"Носовихинское ш., 7, Реутов",alfabank.ru,"'mon': 10:00-20:00, 'tue': 10:00-20:00, 'wed': 10:00-20:00, 'thu': 10:00-20:00, 'fri': 10:00-20:00, 'sat': 10:00-18:00, 'sun': выходной",55.745559,37.859067,"4,5",['+7 (495) 788-88-78Показать телефон'],"['https://ok.ru/alfabank', 'https://t.me/alfabank', 'https://vk.com/alfabank', 'https://www.youtube.com/user/alfabankru']",66,64,70,58,53,,70,97,,50,,
2,135440115187,Альфа-Банк,"Фестивальная ул., 13, корп. 1, Москва",alfabank.ru,"'mon': 10:00-20:00, 'tue': 10:00-20:00, 'wed': 10:00-19:00, 'thu': выходной, 'fri': 10:00-18:00, 'sat': 10:00-18:00, 'sun': выходной",55.855810,37.477103,"4,3",['+7 (495) 755-58-58Показать телефон'],"['https://ok.ru/alfabank', 'https://t.me/alfabank', 'https://vk.com/alfabank', 'https://www.youtube.com/user/alfabankru']",55,54,57,45,46,,34,90,,13,82,
3,14069004642,Альфа-Банк,"Дмитровское ш., 15, корп. 1, Москва",alfabank.ru,"'mon': 10:00-20:00, 'tue': 10:00-20:00, 'wed': 10:00-20:00, 'thu': 10:00-20:00, 'fri': 10:00-20:00, 'sat': 10:00-18:00, 'sun': выходной",55.819580,37.573295,"4,3",['+7 (495) 788-88-78Показать телефон'],"['https://ok.ru/alfabank', 'https://t.me/alfabank', 'https://vk.com/alfabank', 'https://www.youtube.com/user/alfabankru']",59,55,59,51,49,,72,97,,42,,
4,189299966920,Альфа-Банк,"Уральская ул., 1, Москва",alfabank.ru,"'mon': 10:00-20:00, 'tue': 10:00-20:00, 'wed': 10:00-20:00, 'thu': 10:00-20:00, 'fri': 10:00-20:00, 'sat': 10:00-18:00, 'sun': выходной",55.811634,37.797729,"4,3",['+7 (495) 755-58-58Показать телефон'],"['https://ok.ru/alfabank', 'https://t.me/alfabank', 'https://vk.com/alfabank', 'https://www.youtube.com/user/alfabankru']",68,65,66,68,59,67,68,100,,36,,
5,1165641049,Альфа-Банк,"Олимпийский просп., 19, корп. 1, Мытищи",alfabank.ru,"'mon': 10:00-20:00, 'tue': 10:00-20:00, 'wed': 10:00-20:00, 'thu': 10:00-20:00, 'fri': 10:00-20:00, 'sat': 10:00-18:00, 'sun': выходной",55.923706,37.757050,"4,3",['+7 (495) 755-58-58Показать телефон'],"['https://ok.ru/alfabank', 'https://t.me/alfabank', 'https://vk.com/alfabank', 'https://www.youtube.com/user/alfabankru']",55,51,57,43,17,,36,86,,,75,
6,19095141006,Альфа-Банк,"Пролетарский просп., 9, Щёлково",alfabank.ru,"'mon': 10:00-19:00, 'tue': 10:00-19:00, 'wed': 10:00-19:00, 'thu': 10:00-19:00, 'fri': 10:00-19:00, 'sat': выходной, 'sun': выходной",55.919937,37.996823,"4,8",['+7 (495) 755-58-58Показать телефон'],"['https://ok.ru/alfabank', 'https://t.me/alfabank', 'https://vk.com/alfabank', 'https://www.youtube.com/user/alfabankru']",76,73,80,80,76,,,,,,,
7,158457592820,Альфа-Банк,"ул. Менжинского, 23, корп. 1, Москва",alfabank.ru,"'mon': 10:00-20:00, 'tue': 10:00-20:00, 'wed': 10:00-20:00, 'thu': 10:00-20:00, 'fri': 10:00-20:00, 'sat': 10:00-18:00, 'sun': выходной",55.869764,37.660377,"4,4",['+7 (495) 788-88-78Показать телефон'],"['https://ok.ru/alfabank', 'https://t.me/alfabank', 'https://vk.com/alfabank', 'https://www.youtube.com/user/alfabankru']",53,51,52,43,38,,52,93,,,,
8,1178226406,Альфа-Банк,"ш. Энтузиастов, 7/1, Балашиха",alfabank.ru,"'mon': 10:00-20:00, 'tue': 10:00-20:00, 'wed': 10:00-20:00, 'thu': 10:00-20:00, 'fri': 10:00-20:00, 'sat': 10:00-18:00, 'sun': выходной",55.795469,37.933977,"4,3",['+7 (495) 755-58-58Показать телефон'],"['https://ok.ru/alfabank', 'https://t.me/alfabank', 'https://vk.com/alfabank', 'https://www.youtube.com/user/alfabankru']",61,57,65,50,37,55,53,62,,,46,
9,185830033641,Альфа-Банк,"Московский просп., 9/2, Пушкино",alfabank.ru,"'mon': 10:00-20:00, 'tue': 10:00-20:00, 'wed': 10:00-20:00, 'thu': 10:00-20:00, 'fri': 10:00-20:00, 'sat': 10:00-18:00, 'sun': выходной",56.010498,37.848098,"4,8",['+7 (495) 755-58-58Показать телефон'],"['https://ok.ru/alfabank', 'https://t.me/alfabank', 'https://vk.com/alfabank', 'https://www.youtube.com/user/alfabankru']",77,78,79,68,82,,83,100,,23,,
10,1252333485,Альфа-Банк,"ул. Лескова, 3Г, Москва",alfabank.ru,"'mon': 09:00-20:00, 'tue': 09:00-20:00, 'wed': 09:00-20:00, 'thu': 09:00-20:00, 'fri': 09:00-20:00, 'sat': 10:00-18:00, 'sun': выходной",55.898765,37.591719,"4,3",['+7 (495) 755-58-58Показать телефон'],"['https://ok.ru/alfabank', 'https://t.me/alfabank', 'https://vk.com/alfabank', 'https://www.youtube.com/user/alfabankru']",57,54,59,44,38,,25,84,0,38,,
11,212186021627,Альфа-Банк,"Новослободская ул., 23, Москва",alfabank.ru,"'mon': 10:00-20:00, 'tue': 10:00-20:00, 'wed': 10:00-19:00, 'thu': выходной, 'fri': 10:00-18:00, 'sat': 10:00-18:00, 'sun': выходной",55.781398,37.598537,"4,4",['+7 (495) 755-58-58Показать телефон'],"['https://ok.ru/alfabank', 'https://t.me/alfabank', 'https://vk.com/alfabank', 'https://www.youtube.com/user/alfabankru']",64,63,69,57,34,,75,95,,,,
12,96765425134,Альфа-Банк,"Авиационная ул., 66, Москва",alfabank.ru,"'mon': 10:00-20:00, 'tue': 10:00-20:00, 'wed': 10:00-19:00, 'thu': выходной, 'fri': 10:00-18:00, 'sat': 10:00-18:00, 'sun': выходной",55.809687,37.460097,"4,5",['+7 (495) 755-58-58Показать телефон'],"['https://ok.ru/alfabank', 'https://t.me/alfabank', 'https://vk.com/alfabank', 'https://www.youtube.com/user/alfabankru']",65,62,63,62,63,,58,85,,,,
13,1066499300,Альфа-Банк,"просп. Мира, 91, корп. 2, Москва",alfabank.ru,"'mon': 09:00-20:00, 'tue': 09:00-20:00, 'wed': 09:00-20:00, 'thu': 09:00-20:00, 'fri': 09:00-20:00, 'sat': 10:00-18:00, 'sun': 12:00-17:00",55.806120,37.635440,"4,4",['+7 (495) 788-88-78Показать телефон'],"['https://ok.ru/alfabank', 'https://t.me/alfabank', 'https://vk.com/alfabank', 'https://www.youtube.com/user/alfabankru']",63,57,65,59,44,,73,96,0,48,88,
14,1184112859,Альфа-Банк,"Неглинная ул., 10, Москва",alfabank.ru,"'mon': 10:00-20:00, 'tue': 10:00-20:00, 'wed': 10:00-19:00, 'thu': выходной, 'fri': 10:00-18:00, 'sat': 10:00-18:00, 'sun': выходной",55.762146,37.620411,"4,3",['+7 (495) 788-88-78Показать телефон'],"['https://ok.ru/alfabank', 'https://t.me/AlfaBank', 'https://vk.com/alfabank', 'https://www.youtube.com/user/alfabankru']",52,46,53,51,37,,62,86,,,,
15,39652021738,Альфа-Банк,"9-я Парковая ул., 23, Москва",alfabank.ru,"'mon': 10:00-20:00, 'tue': 10:00-20:00, 'wed': 10:00-20:00, 'thu': 10:00-20:00, 'fri': 10:00-20:00, 'sat': 10:00-18:00, 'sun': выходной",55.795044,37.798799,"4,3",['+7 (495) 788-88-78Показать телефон'],"['https://ok.ru/alfabank', 'https://t.me/alfabank', 'https://vk.com/alfabank', 'https://www.youtube.com/user/alfabankru']",56,56,59,49,58,,48,92,,,,
16,207021063627,Альфа-Банк,"ул. Земляной Вал, 41, стр. 1, Москва",alfabank.ru,"'mon': 10:00-20:00, 'tue': 10:00-20:00, 'wed': 10:00-20:00, 'thu': 10:00-20:00, 'fri': 10:00-20:00, 'sat': 10:00-18:00, 'sun': выходной",55.753889,37.657314,"4,3",['+7 (495) 788-88-78Показать телефон'],"['https://ok.ru/alfabank', 'https://t.me/alfabank', 'https://vk.com/alfabank', 'https://www.youtube.com/user/alfabankru']",53,48,57,51,46,65,52,84,,,,
17,76465325675,Альфа-Банк,"просп. Мельникова, 2Б, Химки",alfabank.ru,"'mon': 10:00-20:00, 'tue': 10:00-20:00, 'wed': 10:00-20:00, 'thu': 10:00-20:00, 'fri': 10:00-20:00, 'sat': 10:00-20:00, 'sun': выходной",55.901183,37.407538,"4,4",['+7 (495) 755-58-58Показать телефон'],"['https://ok.ru/alfabank', 'https://t.me/alfabank', 'https://vk.com/alfabank', 'https://www.youtube.com/user/alfabankru']",55,53,60,39,41,,67,95,,,83,
18,28258577430,Альфа-Банк,"ул. Мира, 26А, Мытищи",alfabank.ru,"'mon': 10:00-20:00, 'tue': 10:00-20:00, 'wed': 10:00-20:00, 'thu': 10:00-20:00, 'fri': 10:00-20:00, 'sat': 10:00-18:00, 'sun': выходной",55.916623,37.726736,"4,4",['+7 (495) 755-58-58Показать телефон'],"['https://ok.ru/alfabank', 'https://t.me/alfabank', 'https://vk.com/alfabank', 'https://www.youtube.com/user/alfabankru']",60,60,66,61,30,58,59,87,,50,,
19,137477055720,Альфа-Банк,"1-й Красногвардейский пр., 15, Москва",alfabank.ru,"'mon': 10:00-19:00, 'tue': 10:00-19:00, 'wed': 10:00-19:00, 'thu': 10:00-19:00, 'fri': 10:00-19:00, 'sat': выходной, 'sun': выходной",55.750485,37.539526,"4,3",['+7 (495) 755-58-58Показать телефон'],"['https://t.me/alfabank', 'https://vk.com/alfabank', 'https://www.youtube.com/user/alfabankru']",60,54,63,71,72,,,73,,,,
20,164819686969,Альфа-Банк,"просп. Космонавтов, 27Б, Королёв",alfabank.ru,"'mon': 10:00-20:00, 'tue': 10:00-20:00, 'wed': 10:00-20:00, 'thu': 10:00-20:00, 'fri': 10:00-20:00, 'sat': 10:00-18:00, 'sun': выходной",55.913520,37.868382,"4,4",['+7 (495) 755-58-58Показать телефон'],"['https://ok.ru/alfabank', 'https://t.me/alfabank', 'https://vk.com/alfabank', 'https://www.youtube.com/user/alfabankru']",59,56,67,55,41,55,51,64,0,,,
21,91699299995,Альфа-Банк,"ул. Маршала Чуйкова, 3, Москва",alfabank.ru,"'mon': 09:00-21:00, 'tue': 09:00-21:00, 'wed': 09:00-21:00, 'thu': 09:00-21:00, 'fri': 09:00-21:00, 'sat': 10:00-18:00, 'sun': 12:00-17:00",55.703885,37.764986,"4,5",['+7 (495) 755-58-58Показать телефон'],"['https://ok.ru/alfabank', 'https://t.me/alfabank', 'https://vk.com/alfabank', 'https://www.youtube.com/user/alfabankru']",56,51,58,46,31,,91,93,,54,,
22,133808663530,Альфа-Банк,"Вельяминовская ул., 6, стр. 2, Москва",alfabank.ru,"'mon': 10:00-20:00, 'tue': 10:00-20:00, 'wed': 10:00-20:00, 'thu': 10:00-20:00, 'fri': 10:00-20:00, 'sat': 10:00-18:00, 'sun': выходной",55.781834,37.722989,"4,3",['+7 (495) 788-88-78Показать телефон'],"['https://ok.ru/alfabank', 'https://t.me/alfabank', 'https://vk.com/alfabank', 'https://www.youtube.com/user/alfabankru']",55,52,55,49,55,,50,85,,,,
23,1045351204,Альфа-Банк,"Русаковская ул., 29, Москва",alfabank.ru,"'mon': 10:00-20:00, 'tue': 10:00-20:00, 'wed': 10:00-20:00, 'thu': 10:00-20:00, 'fri': 10:00-20:00, 'sat': 10:00-18:00, 'sun': выходной",55.787877,37.677067,"4,4",['+7 (495) 788-88-78Показать телефон'],"['https://ok.ru/alfabank', 'https://t.me/alfabank', 'https://vk.com/alfabank', 'https://www.youtube.com/user/alfabankru']",62,61,64,48,52,,64,93,,,,
24,1318665127,Альфа-Банк,"Каланчёвская ул., 27, Москва",alfabank.ru,"'mon': 10:00-19:00, 'tue': 10:00-19:00, 'wed': 10:00-19:00, 'thu': 10:00-19:00, 'fri': 10:00-19:00, 'sat': выходной, 'sun': выходной",55.774791,37.650334,"4,2",['+7 (495) 755-58-58Показать телефон'],"['https://ok.ru/alfabank', 'https://t.me/alfabank', 'https://vk.com/alfabank', 'https://www.youtube.com/user/alfabankru']",41,34,46,48,22,59,50,87,12,40,,50
