,ID,name,address,website,opening_hours,lat,lon,rating,phone,social,Обслуживание,Отношение к клиентам,Персонал,Время ожидания,Кредит,Расположение,График работы,Банкомат,Ремонт,Вклад,Страхование
0,185830033641,Альфа-Банк,"Московский просп., 9/2, Пушкино",alfabank.ru,"'mon': 10:00-20:00, 'tue': 10:00-20:00, 'wed': 10:00-19:00, 'thu': выходной, 'fri': 10:00-18:00, 'sat': 10:00-18:00, 'sun': выходной",56.010498,37.848098,"4,8",['+7 (495) 755-58-58Показать телефон'],"['https://ok.ru/alfabank', 'https://t.me/alfabank', 'https://vk.com/alfabank', 'https://www.youtube.com/user/alfabankru']",77,78,79,68,82,100,23,83,,,
1,19095141006,Альфа-Банк,"Пролетарский просп., 9, Щёлково",alfabank.ru,"'mon': 10:00-19:00, 'tue': 10:00-19:00, 'wed': 10:00-18:00, 'thu': выходной, 'fri': 10:00-18:00, 'sat': выходной, 'sun': выходной",55.919937,37.996823,"4,8",['+7 (495) 755-58-58Показать телефон'],"['https://ok.ru/alfabank', 'https://t.me/alfabank', 'https://vk.com/alfabank', 'https://www.youtube.com/user/alfabankru']",76,73,80,80,76,,,,,,
2,1165641049,Альфа-Банк,"Олимпийский просп., 19, корп. 1, Мытищи",alfabank.ru,"'mon': 10:00-20:00, 'tue': 10:00-20:00, 'wed': 10:00-19:00, 'thu': выходной, 'fri': 10:00-18:00, 'sat': 10:00-18:00, 'sun': выходной",55.923706,37.757050,"4,3",['+7 (495) 755-58-58Показать телефон'],"['https://ok.ru/alfabank', 'https://t.me/alfabank', 'https://vk.com/alfabank', 'https://www.youtube.com/user/alfabankru']",55,51,57,43,17,86,,36,75,,
3,28258577430,Альфа-Банк,"ул. Мира, 26А, Мытищи",alfabank.ru,"'mon': 10:00-20:00, 'tue': 10:00-20:00, 'wed': 10:00-19:00, 'thu': выходной, 'fri': 10:00-18:00, 'sat': 10:00-18:00, 'sun': выходной",55.916623,37.726736,"4,4",['+7 (495) 755-58-58Показать телефон'],"['https://ok.ru/alfabank', 'https://t.me/alfabank', 'https://vk.com/alfabank', 'https://www.youtube.com/user/alfabankru']",60,60,66,61,30,87,50,59,,58,
4,164819686969,Альфа-Банк,"просп. Космонавтов, 27Б, Королёв",alfabank.ru,"'mon': 10:00-20:00, 'tue': 10:00-20:00, 'wed': 10:00-19:00, 'thu': выходной, 'fri': 10:00-18:00, 'sat': 10:00-18:00, 'sun': выходной",55.913520,37.868382,"4,4",['+7 (495) 755-58-58Показать телефон'],"['https://ok.ru/alfabank', 'https://t.me/alfabank', 'https://vk.com/alfabank', 'https://www.youtube.com/user/alfabankru']",59,56,67,55,41,64,,51,,55,0
