,ID,name,address,website,opening_hours,lat,lon,rating,phone,social
0,14501981544,Альфа-Банк,"просп. Кирова, 65, Пятигорск",alfabank.ru,"'mon': 10:00-22:00, 'tue': 10:00-22:00, 'wed': 10:00-22:00, 'thu': 10:00-22:00, 'fri': 10:00-22:00, 'sat': 10:00-22:00, 'sun': 10:00-22:00",44.035480,43.065216,,['8 (800) 200-00-00Показать телефон'],"['https://ok.ru/alfabank', 'https://t.me/alfabank', 'https://vk.com/alfabank']"
1,65030001401,Альфа-Банк,"Октябрьская ул., 1, Пятигорск",alfabank.ru,"'mon': 00:00-23:59, 'tue': 00:00-23:59, 'wed': 00:00-23:59, 'thu': 00:00-23:59, 'fri': 00:00-23:59, 'sat': 00:00-23:59, 'sun': 00:00-23:59",44.037197,43.074676,,['8 (800) 200-00-00Показать телефон'],"['https://ok.ru/alfabank', 'https://t.me/alfabank', 'https://vk.com/alfabank']"
2,79190171247,Альфа-Банк,"Октябрьская ул., 1, Пятигорск",alfabank.ru,"'mon': 10:00-19:00, 'tue': 10:00-19:00, 'wed': 10:00-19:00, 'thu': 10:00-19:00, 'fri': 10:00-19:00, 'sat': выходной, 'sun': выходной",44.037197,43.074676,,['8 (800) 200-00-00Показать телефон'],"['https://ok.ru/alfabank', 'https://t.me/alfabank', 'https://vk.com/alfabank']"
3,149964459678,Альфа-Банк,"Октябрьская ул., 1, Пятигорск",alfabank.ru,"'mon': 00:00-23:59, 'tue': 00:00-23:59, 'wed': 00:00-23:59, 'thu': 00:00-23:59, 'fri': 00:00-23:59, 'sat': 00:00-23:59, 'sun': 00:00-23:59",44.037249,43.075020,,['8 (800) 200-00-00Показать телефон'],"['https://ok.ru/alfabank', 'https://t.me/alfabank', 'https://vk.com/alfabank']"
4,48451539636,Альфа-Банк,"Привокзальная площадь, 1А, Ессентуки",alfabank.ru,"'mon': 10:00-19:00, 'tue': 10:00-19:00, 'wed': 10:00-19:00, 'thu': 10:00-19:00, 'fri': 10:00-19:00, 'sat': выходной, 'sun': выходной",44.048569,42.857077,,['8 (800) 200-00-00Показать телефон'],"['https://ok.ru/alfabank', 'https://t.me/alfabank', 'https://vk.com/alfabank']"
