,ID,name,address,website,opening_hours,lat,lon,rating,phone,social
0,1803947939,Альфа-Банк,"Боровское ш., 6, Москва",alfabank.ru,"'mon': 10:00-22:00, 'tue': 10:00-22:00, 'wed': 10:00-22:00, 'thu': 10:00-22:00, 'fri': 10:00-22:00, 'sat': 10:00-22:00, 'sun': 10:00-22:00",55.658799,37.401914,,['8 (800) 200-00-00Показать телефон'],"['https://ok.ru/alfabank', 'https://t.me/alfabank', 'https://vk.com/alfabank']"
1,194237430912,Альфа-Банк,"Советская ул., 9, Одинцово",,"'mon': 10:00-21:00, 'tue': 10:00-21:00, 'wed': 10:00-21:00, 'thu': 10:00-21:00, 'fri': 10:00-21:00, 'sat': 10:00-21:00, 'sun': 10:00-21:00",55.673269,37.277458,,['8 (800) 200-00-00Показать телефон'],"['https://ok.ru/alfabank', 'https://t.me/alfabank', 'https://vk.com/alfabank']"
2,54655131035,Альфа-Банк,"Лукинская ул., 13, Москва",alfabank.ru,"'mon': 00:00-23:59, 'tue': 00:00-23:59, 'wed': 00:00-23:59, 'thu': 00:00-23:59, 'fri': 00:00-23:59, 'sat': 00:00-23:59, 'sun': 00:00-23:59",55.641793,37.334836,,['8 (800) 200-00-00Показать телефон'],"['https://ok.ru/alfabank', 'https://t.me/alfabank', 'https://vk.com/alfabank']"
3,228217375112,Альфа-Банк,"Можайское ш., 76А, Одинцово",alfabank.ru,"'mon': 00:00-23:59, 'tue': 00:00-23:59, 'wed': 00:00-23:59, 'thu': 00:00-23:59, 'fri': 00:00-23:59, 'sat': 00:00-23:59, 'sun': 00:00-23:59",55.682729,37.294817,,['8 (800) 200-00-00Показать телефон'],"['https://ok.ru/alfabank', 'https://t.me/alfabank', 'https://vk.com/alfabank']"
4,1430932837,Альфа-Банк,"Солнцевский просп., 21, Москва",alfabank.ru,"'mon': 08:00-23:00, 'tue': 08:00-23:00, 'wed': 08:00-23:00, 'thu': 08:00-23:00, 'fri': 08:00-23:00, 'sat': 09:00-23:00, 'sun': 09:00-23:00",55.647046,37.411750,,['8 (800) 200-00-00Показать телефон'],"['https://ok.ru/alfabank', 'https://t.me/alfabank', 'https://vk.com/alfabank']"
5,184887265706,Альфа-Банк,"ул. Погодина, 4, корп. 2, посёлок ДСК Мичуринец",alfabank.ru,"'mon': 09:00-18:00, 'tue': 09:00-18:00, 'wed': 09:00-18:00, 'thu': 09:00-18:00, 'fri': 09:00-18:00, 'sat': 00:00-23:59, 'sun': 00:00-23:59",55.656966,37.333875,,['8 (800) 200-00-00Показать телефон'],"['https://ok.ru/alfabank', 'https://t.me/alfabank', 'https://vk.com/alfabank']"
6,31125855179,Альфа-Банк,"ул. Скульптора Мухиной, 12, Москва",alfabank.ru,"'mon': 08:00-00:00, 'tue': 08:00-00:00, 'wed': 08:00-00:00, 'thu': 08:00-00:00, 'fri': 08:00-00:00, 'sat': 08:00-00:00, 'sun': 08:00-00:00",55.639750,37.341592,,['8 (800) 200-00-00Показать телефон'],"['https://ok.ru/alfabank', 'https://t.me/alfabank', 'https://vk.com/alfabank']"
7,1219245073,Альфа-Банк,"ул. Чистяковой, 1, Одинцово",alfabank.ru,"'mon': 09:00-22:00, 'tue': 09:00-22:00, 'wed': 09:00-22:00, 'thu': 09:00-22:00, 'fri': 09:00-22:00, 'sat': 09:00-22:00, 'sun': 09:00-22:00",55.695115,37.333163,,['8 (800) 200-00-00Показать телефон'],"['https://ok.ru/alfabank', 'https://t.me/alfabank', 'https://vk.com/alfabank']"
8,1806717031,Альфа-Банк,"Можайское ш., 32, Москва",alfabank.ru,"'mon': 00:00-23:59, 'tue': 00:00-23:59, 'wed': 00:00-23:59, 'thu': 00:00-23:59, 'fri': 00:00-23:59, 'sat': 00:00-23:59, 'sun': 00:00-23:59",55.719627,37.418505,,['8 (800) 200-00-00Показать телефон'],"['https://ok.ru/alfabank', 'https://t.me/alfabank', 'https://vk.com/alfabank']"
9,225188020711,Альфа-Банк,"Можайское ш., 76А, Одинцово",alfabank.ru,"'mon': выходной, 'tue': выходной, 'wed': выходной, 'thu': выходной, 'fri': выходной, 'sat': выходной, 'sun': выходной",55.682754,37.294883,,['8 (800) 200-00-00Показать телефон'],"['https://ok.ru/alfabank', 'https://t.me/alfabank', 'https://vk.com/alfabank']"
10,40067829932,Альфа-Банк,"Центральная ул., 8, дачный посёлок Лесной Городок",alfabank.ru,"'mon': 09:00-21:00, 'tue': 09:00-21:00, 'wed': 09:00-21:00, 'thu': 09:00-21:00, 'fri': 09:00-21:00, 'sat': 09:00-21:00, 'sun': 09:00-21:00",55.632632,37.211516,,['8 (800) 200-00-00Показать телефон'],"['https://ok.ru/alfabank', 'https://t.me/alfabank', 'https://vk.com/alfabank']"
11,103440137562,Альфа-Банк,"Можайское ш., 76А, Одинцово",alfabank.ru,"'mon': 00:00-23:59, 'tue': 00:00-23:59, 'wed': 00:00-23:59, 'thu': 00:00-23:59, 'fri': 00:00-23:59, 'sat': 00:00-23:59, 'sun': 00:00-23:59",55.682692,37.295006,,['8 (800) 200-00-00Показать телефон'],"['https://ok.ru/alfabank', 'https://t.me/alfabank', 'https://vk.com/alfabank']"
12,189146603500,Альфа-Банк,"ул. Шолохова, 5, корп. 2, Москва",,"'mon': 09:00-21:00, 'tue': 09:00-21:00, 'wed': 09:00-21:00, 'thu': 09:00-21:00, 'fri': 09:00-21:00, 'sat': 09:00-21:00, 'sun': 09:00-21:00",55.636793,37.354375,,['8 (800) 200-00-00Показать телефон'],"['https://ok.ru/alfabank', 'https://t.me/alfabank', 'https://vk.com/alfabank']"
