,name,date,text,stars,answer
0,Анна Сорока,2024-02-15 20:48:31,"Быстрое обслуживание, вежливый персонал. Очередей нет. Чисто. Есть банкоматы. Удобно расположение. С парковкой проблема, много машин, рядом магазин продуктовый.",5,
1,Влада Сафронова,2023-10-05 12:52:45,"Обслуживание, отношение к клиенту, время ожидания , банкоматы - все на высшем уровне ! Отличное отделение рядом с домом. Сотрудники всегда готовы помочь и решить любую проблему ❤️❤️❤️",5,
2,Татьяна Новикова,2023-10-20 06:03:37,Необыкновенно внимательная администрация отделения. Сотрудники помогают разобраться во всеможных возникающих сложностях. Показывают лайфхаки приложения СБОЛ. Очень понравилось отделение.,5,
3,Татьяна Волкова,2023-11-25 10:59:29,"Хороший банк, внимательный персонал. Отдельное спасибо замечательному сотруднику Шумиловой Ольге Андреевне.",5,
4,Т.А.,2023-08-12 13:09:52,"Очень хорошее отделение банка. Часто отправляю посылки через сберлогистику именно в этом отделении. Все сотрудники замечательные и приветливые. Консультации получаю подробно и в полном обьеме. Отделение удобно располагается, рядом с метро.",5,
5,Шохжахон Дехконов,2022-08-17 16:45:24,"Недалеко от метро, чистота, сотрудники вежливые, хорошо выполняют свои работы,11/08 -22 г ,, был вечером,,,, очередь не много,,,,работница (кабина 7-) активно работает,помогает клиентам, вежливые, успевают везде,, сотрудница Петрищева Нигина (6- кабина) отлично работает, оперативно решает все проблемы,,,, общем хороший атмосфера, приятно было,,,, спасибо всем работникам, оценка отлично!!! Сегодня (17/08-22 г) был здесь,,, оформлял новый банковские карта,,,народа не много, довольно быстро получил очередь,,,,сотрудница Шумилова (8-кабина)- очень хорошо выполняют свои работы, быстро обслуживает, оперативно решает все вопросы, знаток свои дела, очень вежливая, помогает советами, общем приятно было , оценка отлично!!! спасибо за работу!!!",5,
6,Евгения Крылова,2023-11-09 04:23:31,Удобное расположение..очередей нет. В основном пользуются спросом банкоматы которых там установлено 4 на выдачу и внос денег и 2 для оплаты коммунальных услуг,5,
7,С.М.А.,2024-02-06 15:40:11,"Отделение очень популярно в районе. Всегда очереди в кассу и банкомат. Не оставляют без внимания отделение и бомжи, которых всегда много около метро. Но если зажать нос, то нормально.",3,
8,Alena,2023-09-08 16:45:29,"Пришла в отделение выкупить монету по интернет заказу, отделение работает до 19:30, талончик от 19:25, девушка на кассе, куда была распределена моя очередь, сказала, что нужно приходить раньше, сказав, что это долго и своё незнание как выдать интернет заказ вылила на меня в виде недовольства! Я настояла на выволнении услуги, девушка действительно не знает как с этим работать, ждала пока освободится менеджер и уже после закрытия отделения выдавала мне монету. Картой оплату не дали провести, деньги сняли, попросили документы подписать и только потом пошли доставать монету с витрины… Ужасное обслуживание. Я думала сбербанк сначала учит своих сотрудников, а потом уже сажает на кассу",1,
9,NATALY-1456,2024-01-16 17:37:03,"Был понедельник, 08.01.2024. Все операторы отделения сидели недовольные, а один из них(женщина), повышала голос и пыталась разговаривать , используя нецензурную лексику , общаясь с посетителями.",1,
10,Dzen_Deni,2023-06-20 13:27:56,Хорошее отделение банка. Мне нравится. Довольно быстро очередь идёт. Обслуживание приятное. В зале чисто и аккуратно. Нечего добавить. Молодцы.,5,
11,Елена П.,2023-05-22 08:54:59,"20,05,23г, посетила отделение и осталась очень довольна обслуживанием сотрудника Ильи, Все подробно, грамотно,спокойно об""яснил мою ситуацию. Я ему очень благодарна,",5,
12,Ильяс Омармагомедов,2023-03-31 15:13:48,"Посещал это отделение 2 раза, третий раз не пойду, хоть и удобное расположение. Первый раз мою услугу не выполнили, говорили ждать что-то около 10 дней. Прошло 3 недели, не дождался и пошёл сам. Объяснил ситуацию, показал бумагу, долго что-то разбирались, искали. И в конце сказали, что какой-то сбой. Хотя косяк был на сотруднике. Это был перевыпуск карты.
Второй случай по той же теме. Обслуживала молодая девушка с голосом, будто хочет меня на что-то уломать. Подал заявку, все как бы хорошо. Но, в конце она мне заявляет, что на меня оформлена кредитная карта, и предлагает получить в этом отделении. На вопрос кто мне её оформил и почему оформили без моего ведома ответить она не смогла. Хотя я через приложение вижу всё.
В общем, пыталась уломать на кредитную карту. К сожалению не помню как её зовут",1,
13,827771 леутина,2023-08-02 12:48:58,"Отличное обслуживание, внимательно относятся к клиентам. Очень быстро решили проблемы которые возникли у меня. Банкоматы удобно расположены.",5,
14,Ирина Михайловна,2023-07-18 05:12:27,"Всегда много народа! Не люблю это отделение. Однако, в районе оно самое удобное по расположению. Или постройте его побольше, или откройте те, которые закрыли, сделав из них магазин цветы, например. Район огромный, а отделений сбера очень мало!",3,
15,33 33,2024-04-05 11:44:05,Несмотря на большое количество народа быстрое и вежливо обслуживание.,5,
16,HourMeteR,2023-06-01 09:56:18,"01.06.2023 я обратился утром в отделение Сбербанка по адресу: г. Москва, ул. Шолохова, д. 16 по вопросу получения посылки. В отделении Сбербанка мною был получен талон на получение посылки. Консультанту Сбербанка был предъявлен паспорт на мое имя, номер отправления посылки и штриховой код на получения товара. Отсканировав штриховой код на товар и проверив мои персональные данные, консультант Сбербанка отказался выдать мой заранее оплаченный товар по штриховому коду. Руководитель отделения Сбербанка Елизарова Елена Андреевна отказала мне в выдаче товара и потребовала назвать консультанту код полученный мною от SberLog на телефон по СМС. Мне пришлось подчиниться незаконным, противоправным действиям Елизаровой Е.А. и назвать консультанту Сбербанка код из СМС. Я недоволен противоправными действиями руководителя отделения Сбербанка Елизаровой Е.А. и ее подчиненных. Я не давал работникам Сбербанка согласие на обработку моих персональных данных. В отделение Сбербанка нарушаются Федеральный закон от 27.07.2006 № 152-ФЗ ""О персональных данных"" и Закон РФ от 07.02.1992 N 2300-1 ""О защите прав потребителей"".",1,
17,Полякова Анна,2024-01-23 16:12:58,"Спасибо большое менеджеру Идрису,приятный молодой человек , помог решить мой вопрос !",5,
18,Olesya Lisnevskaya,2024-02-28 13:09:20,"Лучший офис, сотрудники всегда идут навстречу, поэтому любой вопрос закрывается за 1 посещение. И так уже много месяцев! Идеально, обожаю вас",5,
19,Marina,2023-06-16 13:37:30,"Приходила в первой половине дня. Народу практически никого не было. Обслужили очень быстро. Персонал доброжелательный, терпеливо отвечали на мои вопросы. Впечатление самое приятное.",5,
20,Светлана Литошина,2023-09-23 19:03:18,"Прекрасное Отделение Сбербанка, удобное расположение офиса в районе, Грамотный персонал",5,
21,Татьяна А.,2024-02-26 18:40:59,Огромное спасибо менеджеру Марине за профессионализм и отзывчивость!,5,
22,Юля Сарычева,2023-01-15 05:09:52,"Привезла свою бабулю она хотела снять пенсию со сберкнижки. Это как раз было после новогодних праздников, народу было очень много. Очень порадовало, что сотрудница, которая работала с бабулей сразу поинтересовалась, для чего она снимает такую сумму, для себя или нет, звонил ли ей кто то. Возможно, несколько простых вопросов от работников банков в будущем помогут пожилым людям сохранить свои накопления и не отдать их в руки мошенников.",5,
23,Александр Максимов,2022-10-22 18:50:39,"Нормальный банк, нормальный персонал. Банкоматы есть, но и очередь бывает. Вопросы решают быстро, иногда навязчиво предлагают некоторые услуги во время замены карточки. Банк стал более жадным к клиентам, раньше многие услуги Сбербанка были бесплатны, сейчас плати. Маленький лимит на переводы, 50000р, дальше плати комиссию. Грефф-повернись лицом к обычным людям, а не только к своим акционерам.",4,
24,Елена,2023-01-19 07:43:11,"Очень грамотные и приветливые сотрудники. Всегда помогут, подскажут как лучше поступить в тех или иных вопросах, связанных с финансовыми операциями.",5,
25,Svetlana M,2022-05-28 18:29:28,"Обслуживание нормальное. Недолгие очереди, консультант всегда подскажет, как правильно произвести оплату. Есть несколько банкоматов. График работы удобный, месторасположение- недалеко от ст. метро",5,
26,Марина Скалдина,2024-01-13 17:41:29,"Быстрое обслуживание, профессиональный подход.",5,
27,Анна Гришина,2024-01-05 12:03:18,Зачем писать что отделение работает до 19:30 если оно не работает вообще до 8 числа,1,
28,Сергей Мартыненко,2024-03-10 13:24:13,"Хорошее отделение , с приятным обслуживанием",5,
29,Эдгар,2023-03-09 16:42:44,"Небольшое отделение, удобное расположение, 4 банкомата и 2 терминала в круглосуточном доступе.",5,
30,ольга галанина,2023-01-24 08:48:12,"Сопровождала пожилого человека. Вопрос по вкладам. Сотрудница ( не запомнила имени к сожалению) уделила нам много времени, все объяснила, на все вопросы подробно ответила. спасибо большое.",5,
31,coffe1975,2023-05-03 17:10:51,"Отделение как отделение, все приветливы и вежливы, все у них хорошо, у сбербанка))",5,
32,Людмила Храмова,2023-06-20 17:18:00,"Очередей нет, чисто. Быстро приняли, вопрос решили. 
Максимум в банке потратили минут 10 не более. Персонал вежливый. 
Рекомендую.",5,
33,Игорь,2024-04-26 17:27:43,Часто не работают один два банкомата всего их четере.,3,
34,Андрей М.,2023-12-25 05:52:23,Всегда помогут. Но сложные вопросы могут не решить.,5,
35,Жанна Екименко,2022-01-23 14:34:40,"Недавно обратилась по поводу изготовления карточки ""Мир"". В очереди стоять не пришлось, опытные сотрудники работают быстро и чётко. Очень доброжелательные, разговаривали даже на различные темы. Помогли установить приложения: сбермаркет, самокат, сбераптека и другое. Я осталась очень довольна обслуживанием.",5,
36,Лилия Гончар,2022-09-17 13:55:46,"Стало не уютно. Народу бывает очень много. Дышать тяжело. На Скульптура Мухиной лучше. 
Внимания мало пожилым...обидно. Было намного раньше лучше",3,
37,Абдухолиқ Назиров,2022-11-03 14:46:00,Обслуживание нормально и персонал очень хороший чистый рабочие культурные но минус в том что режим работы не очень мало банкоматов,5,
38,Юлия Спирина,2022-08-03 18:02:37,"Хороший филиал. Отзывчивые, приятные работницы. Бабулю попытались обмануть по телефону ***. Пришли с ней в этот банк, ей всё подробно объяснили, уделили достаточно времени, чтоб она поняла и поверила. Спасибо большое!",5,
39,Долженко Анна,2024-01-05 08:53:52,"На сайте написано что открыт, а по факту закрыт",1,
40,Омарасхаб Магомедов,2022-02-23 07:01:16,График удобен. Банкомат круглосуточный . Парковка есть. Персонал вежливый. Очередей практически не бывают. Удобное расположение,5,
41,juliepulya,2023-04-01 14:43:20,"Отличное отделение! Все быстро, качественно и вежливо!",5,
42,Юлия С.,2024-04-03 11:20:30,Постоянно перегружен большие очереди,2,
43,Петр Евтушенко,2023-11-05 11:33:33,Не очень удобный подъезд,4,
44,ната малышева,2023-03-14 17:46:02,Отличный банк. Банкомата всегда работают. Персонал вежливый.,5,
45,валентина круглова,2022-09-17 21:12:46,"Персонал хороший, стараются помочь решить проблему, но техника( электронная очередь) часто не работает .",4,
46,Екатерина Сива,2022-12-24 16:06:07,"Быстрое решение проблем, добродушный и отзывчивый персонал. Очередей как правило нет.",5,
47,Ирина Бондарева,2023-01-23 17:22:11,Отличные и вежливые сотрудники. Всегда приятно обращаться,5,
48,DJ A.,2023-10-08 15:03:01,Хорошие приятные сотрудники там работают .,5,
49,Дарья Никитина,2021-05-27 15:42:40,"Уважаемые сотрудники Сбербанка!
Меня зовут Людмила Ивановна, я являюсь вашим постоянным клиентом, так как проживаю по соседству и регулярно пользуюсь вашими услугами. Хочу выразить вам искреннюю благодарность за ваше внимание, доброжелательность и отзывчивость! Ваша оперативная и четкая работа позволяет быстро получить нужную мне услугу. Очень важно в это непростое время сохранять внимательность и терпение к нам клиентам, особенно к пенсионерам. Я стараюсь жить по принципу, который люди часто называют «золотым правилом поведения». Оно звучит так: «Поступайте с другими так, как хотели бы, чтобы они поступали с вами» (Евангелие от Луки 6:31, Современный перевод). Если бы все люди старались поступать подобным образом, то наша жизнь стала бы намного лучше!
И когда я встречаю людей, которые стараются следовать этому правилу, лично меня это радует, и я всегда стараюсь поблагодарить таких людей. 
Желаю вам и вашим семьям крепкого здоровья, успехов в работе и эмоциональных сил сохранять живой интерес к вашим клиентам!
С большой благодарностью!",5,
50,Юля Пуля,2023-07-25 21:10:58,"Любимое отделение! Вежливость, скорость, четкость!",5,
51,нелли нек,2022-08-31 17:28:50,Обслуживаюсь в этом отделении Сбербанка . Внимательные и доброжелательные работники банка. Очередей нет. Рекомендую!,5,
52,Eлена Стешенко,2022-07-14 14:52:54,"Хорошее обслуживание, очень чисто, но помещение маленькое и всегда очередь",4,
53,Alexey Ivanov,2024-01-06 12:05:04,Обычный филиал сбера.,5,
54,Вероника Виленкина,2023-05-29 19:15:53,"Хороший, быстро, никогда не бывает огромной очереди.",5,
55,Виталий В. Герасименко,2021-12-04 16:49:40,Всегда грязное помещение с банкомата и.. Очень тесно. Но качество обслуживания на прекрасном уровне. Сотрудники вежливые и профессиональные.,4,
56,bard simpson,2023-05-09 16:53:30,"Отличное отделение банка всё быстро, все всё понимают",5,
57,Склад Бау,2023-10-15 18:31:09,Даже в Африке просторнее холлы в банках.,1,
58,A F,2023-10-30 22:21:27,"Сотрудники ужасные, человек похожий на нетрадиционную ориентацию уговорил купить кредитную карту",1,
59,Надежда Крамар,2022-09-14 19:01:01,Маленький уютненький банк. Приветливый персонал. Вопросы решаются оперативно.,5,
60,Анна,2023-05-18 16:29:26,"Хорошее отделение, доброжелательные сотрудники",5,
61,Нина Ф.,2022-03-25 14:31:01,"Выражаю большую благодарность Орловой Марине, за грамотное и вежливое обслуживание.",5,
62,Вова Вовкин,2023-05-22 19:43:03,"Приличное отделение, персонал отличный.",5,
63,Саша Отдельнов,2022-06-14 17:53:33,"Отделение банка очень хороше. Работают молодые, вежливые работники, всегда помогут и подскажут",5,
64,Dron-78,2022-05-11 20:20:40,"Не могу избавится от карт сбербанка.Ходил уже 2 раза.Просил удалить.Говорят всё сделали .
Спустя время опять приход,т отчёты по карте.
Бес предел...",2,
65,Наталья Ахмедова,2022-01-07 04:17:30,Очень хороший банк персонал вежливый что не понятно обьяснят всегда помогут советую посетить имено этот банк,1,
66,Александр Басистов,2024-03-06 09:47:18,Просто круто,5,
67,Алексей Михайлович Горелов,2021-12-03 08:53:34,В целом неплохо. Но администрация и управляющие относятся к клиентам как к отбросам. Пишешь обоснованную жалобу звонят просят убрать обещают сделать все что захочу. Пишешь в книгу жалоб что все урегулировано и сразу они обо всем забывают. Такие руководители филиалов портят честное имя сбера.,3,
68,Юрий Геннадьевич,2022-08-25 13:53:57,"Свободный зал,вежливый персонал всегда всё подскажут.",5,
69,Михаил Ионов,2021-09-14 08:43:13,"Банкомат 24 часа (более 5 терминалов). Удобная электронная очередь и очень редко бывает много посетителей, времени на посещение тратится минимум.",5,
70,Ольга Кузнецова,2022-12-20 06:10:03,Большое количество банкоматов. Очень удобно.,5,
71,Кирилл,2021-10-16 15:44:19,Вежливый и тактичный персонал. Все подсказали и помогли с выбором нужного продукта .,5,
72,Дмитрий,2022-10-17 04:05:12,"Обычный сбербанк, разве что тесновато. В закутке, где банкоматы скверная вентиляция, тесно, а летом душно.",4,
73,kancmaster@inbox.ru,2022-02-06 18:31:23,"Был проездом в Москве, заказал карту по этому адресу. В итоге как не старалась специалист, карту передать мне не смогли, потому что висела система.",3,
74,Наталья Волчихина,2022-10-25 17:46:20,"Отличное обслуживание, внимательный персонал",5,
75,Юви Автозапчасти и автотовары,2023-09-15 12:01:56,Удобно расположен,5,
76,Радион Сумбаев,2023-02-05 18:20:36,"На Шолохова 8 было удобней! Теперь там Узплов,.",1,
77,маргарита панкратова,2023-04-03 17:45:06,"Чисто,народ принимают быстро",4,
78,Peony,2023-03-20 11:34:38,Постоянные очереди в банкоматы и медленное обслуживание.,3,
79,Наталья Грицкевич,2022-10-25 12:30:13,"Постоянно очередь, не хожу больше, предпочитаю на Скульптора Мухина обслуживатся",2,
80,Михайл Лисица,2022-01-28 04:08:59,"Чистота,и порядок, очередей больших нету культурное обслуживание культурное , вежливость",5,
81,Г К,2022-09-14 16:12:25,"Вежливый персонал, очень быстро всё показали помогли решить проблему, я довольна.",5,
82,Алексей Погуляев,2023-01-21 17:29:27,Стандартный сбербанк вежливый персонал,5,
83,Марина Корнеева-Ибрагимова,2021-06-23 10:08:26,"Зашла открыть дебетовый счёт.ОТКАЗАЛИ по невнятной причине,что-то типа ""так не делаем"" ""сегодня снять деньги не получится"".В другом отделении через дорогу замечательно всё открыли.В чём логика я не понимаю.Не хотят работать!Грубый персонал.",1,
84,Лариса Т.,2022-07-04 16:19:04,"Девочки работают очень непрофессионально (возможно не все). Отправьте на повышение квалификации, низкий уровень консультации и в целом работы. Разговаривают возможно негрубо, но на ""отвали"".",2,
85,СВЕТЛАНА БЕЛЯВЦЕВА,2022-12-20 20:03:24,"Все в норме. Без проблем. Пять звёздочек, о многом говорят.",5,
86,Ирина Г.,2022-05-14 17:53:59,"Профессиональные сотрудники, очень вежливые. Время ожидания около 10 мин",5,
87,Александр Колмыков,2022-06-15 18:28:42,Вежливые и профессиональные операторы. Отношение к клиенту на высоте.,5,
88,Оленёнок,2024-01-23 17:28:29,Быстрое и хорошое обслуживание,5,
89,40313 Высоцкая,2022-04-19 18:11:36,"Вежливый, сдержанный персонал. Проблемы решают, подскажут что не понятно.",5,
90,Таня,2022-01-11 11:14:47,Персонал внимательный! К банкоматам почти всегда очередь. Помещение маленькое для Банка.,4,
91,Надежда Сахарова,2021-11-20 18:26:51,"Небольшое отделение, от бычно немноголюдно и есть где припарковаться",5,
92,Михаил,2023-02-14 14:00:32,"Классный банк , но давно его не обновляли",5,
93,Зоя Волкова,2023-05-21 08:39:53,Хорошее отделение Сбера.,5,
94,Римма Петрова,2022-12-05 17:37:16,Внимательный и грамотный персонал.,5,
95,Светлана П.,2020-08-17 06:34:54,"Банк возле дома. Удобно, консультанты помогут в затрудненной ситуации, если есть очередь - движется быстро. Спасибо за хорошую работу!",5,
96,Андрей Костюков,2023-05-01 15:13:25,Обычное отделения Сбербанка,5,
97,Дмитрий Подберёзный,2022-08-28 17:29:08,"есть банкоматы, 5 шт, но они переодическине работают",4,
98,Маргарита Мусина,2022-12-30 15:31:52,"В магазине я купила всё, что мне нужно.",5,
99,Просто Маша,2023-03-20 16:48:34,Хорошое отношения с клиентами,5,
100,Оксана Нестерова,2022-02-18 11:41:50,Быстрое обслуживание. Весь персонал вежливый.,5,
101,Agapova Elena,2023-04-23 17:38:25,Прекрасный персонал.,5,
102,Наташа Ж.,2020-04-14 19:54:59,"В этом филиале есть грамотные и успешно работающие на мой взгляд люди. Но к сожалению есть и бестолковые и не к чему не пригодные люди, грубят ,особенно пожелым,просят их отойти и посидеть с талоном, и когда их очередь проходит, о них забывают. Есть те кто до сих пор ходит со сберкнижками",4,
103,Лена Конфеткина,2021-06-07 06:05:32,"Рядом метро Ново-Переделкино,очень удобно расположен)",5,
104,Катя Чижикова,2021-09-05 17:30:08,"Удобное расположение, банкоматов стало больше, мы довольны !",5,
105,Владимир Ковалев,2019-12-04 07:29:26,"Расположен рядом с метро ""НОВОПЕРЕДЕЛКИНО"" , нормальное обслуживание, есть человек, который поможет и подскажет при работе с банкоматом",4,
106,Сергей П,2022-04-27 03:57:30,После последнего ремонта очень удобный стал.,4,
107,Светлана Федорова,2022-07-12 17:57:28,Консультант по кредитам очень некомпетентный,2,
108,Галина И.,2023-02-28 17:31:32,Хорошее обслуживание,5,
109,вера косолапова,2021-11-22 17:24:13,Иногда приходиться ждать. В целом не плохо. Очень внимательные служищие.,4,
110,Алиса Р.,2020-01-02 11:52:15,"Обращалась с просьбой распечатать квитанцию. Операция предполагала под собой вход в личный кабинет с дежурного компьютера. Без моего ведома оформили дополнительные услуги. Попросив зайти в мобильный банк, без спроса внесли ряд изменений. В какой-то момент поднесли камеру к лицу - хотели сделать биометрику. Крайне возмущена поведением консультантов. Моя оценка 2 балла-только за близкое расположение отделения. Случайно нажала 3 балла.",3,
111,Ирина Шунина,2022-07-25 17:29:10,Не квалифицированные специалисты,1,
112,Виктор Дивеев,2020-03-06 12:39:26,"Стало лучше,после установки новых банкоматов.
Персонал приветливый,девочки в зале встретят и подскажут",5,
113,814197 Курбанов,2022-11-24 07:03:55,Отличное обслуживание,5,
114,Георгий Крючков,2022-08-23 16:01:48,Все быстро и чётко,5,
115,Лана Мамедова,2020-02-11 20:02:01,"Бываю там часто. Очень близко к дому. А сотрудницы,которые встречают клиентов просто супер отличные девченки.",5,
116,Стас Г.,2020-03-05 17:09:18,"Мало того что сам банк дно, так персонал и того хуже. Консультанты говорят одно, а по факту операционист говорят другое. Один из худших банков по обслуживанию. По возможности не то что проходите, а держитесь за километр и быстро пробегайте мимо.",1,
117,Antonovmaks2000,2022-12-30 13:15:11,Приличное место,5,
118,Д Д,2023-01-22 12:59:00,"Грязно, очередь",3,
119,Софья Панкова,2021-07-08 17:30:48,моя маиа и мой дедушка всегда пользуются услугами этого банка. Никогда не жаловались.,5,
120,С,2020-08-21 19:20:37,Бедные девочки... В масках целыми днями сидят. И снимать не могут - их штрафуют за это. Кому-нибудь эти маски помогли вообще? Ну это же бред!!,5,
121,ZOmBI,2019-10-27 19:24:07,"Никакого кредитного договора не существует. Максимум что есть на руках у большинства из вас это «Предварительные условия потребительского кредитования». Ключевые слова – предварительные условия. То есть, это не кредитный договор. Иногда бывает – «Предварительные условия к кредитному договору 020244558520458» (Циферки условные). Важно понять, что цифры эти ничегошеньки не значат, потому как сам кредитный договор вы не подписывали. А нет договора, значит нет разговора. Вы соглашались платить исправно, в случае если БАНК, вам предоставит деньги. Но банк этого не сделал, банк просто обменял ваши обязательства, на обязательства ЦБ. 
Если банк утверждает что выдал вам свои «кровные», важно понимать, что это нужно подтвердить. Документом подтверждающим факт выдачи денег, является мемориальный (банковский ордер). Иногда этот документ называют расходным ордером. Вы, должны расписаться, что получили такую-то сумму. Готов биться об заклад, что многие из вас не подписывали таких документов, следовательно не получали кредит. 
Являясь посредником между потребителем и производителем, банк выступает гарантом того, что вы предоставили ему свои обязательства. В итоге, взяв к примеру автокредит, вы не получаете обязательства ЦБ на руки взамен своих. Обязательства ЦБ (которые теперь являются вашим имуществом на основании равнозначного обмена), уходят в автосалон. Таким образом, ваши деньги (обязательства) уходят в ЦБ, а ЦБ, передаёт то, что принадлежит вам в автосалон. Казалось бы, каждый остался при своих. В данной цепочке, в выигрыше будет ТОЛЬКО ЦБ. Потребитель отдал обеспеченную бумагу, производитель отдал материальную ценность, а банк (БАНК РОССИИ не дал НИЧЕГО. Стоимость напечатания купюры в 5000 билетов, равна 5-10 тех же билетов = ) Предположим авто стоит 1000 000 билетов, по нынешнему курсу. Это 200 купюр достоинством по 5000. Потратив максимум 2000 билетов на краску и бумагу, ЦБ РФ получил чистую прибыль 1000000 – 2000=998000, обеспеченных потребителем рублей.""",1,
122,Андрей Родионов,2022-12-04 11:32:14,Удобный банк,5,
123,Геннадий черных,2021-10-20 12:27:23,Нет очередей вечером быстро обслужили без проблем,5,
124,Александр Худяков,2020-01-31 05:54:48,"Точка продаж услуг от самого распространенного банка в России. Очередей в последнее время меньше. Любят впаривать ненужные услуги, особенно пожилым людям.",5,
125,Марина Л.,2022-12-28 10:30:07,Удобно.,4,
126,Ромарио Родригезз,2022-02-22 06:46:25,.просто отделение хорошего банка.,5,
127,Татьяна 😼,2020-02-27 10:18:10,"Была один раз, не понравилось отношение, в кассе сидит дама явно чем-то раздражённая, говорит сквозь зубы. Да и вообще сбербанк испортился, дерут комиссию за всё что только возможно",3,
128,Анонимный отзыв,2021-08-27 14:48:17,много Бомжей у этого СберБанка.. страшно ночью деньги снимать,3,
129,Настёна Давыдова,2021-10-04 07:27:34,Услугами предоставления банком довольна.,5,
130,Рэкхэм,2021-08-14 10:01:26,Постоянные очереди как и в любом другом сбербанке,3,
131,Александр Важанов,2021-05-10 16:14:14,"Постоянно много народа. А в общем, нормальный филиал.",4,
132,Арсений Басиев,2021-04-15 11:07:55,Обычное отделение Сбербанка. Особо выделить нечего :),4,
133,Елена Важнова,2021-10-16 14:27:24,Отлично всё работает,5,
134,Штирлиц ( Исаев),2020-10-06 05:46:20,"Бывает очень много народу, тогда грустно, но бывает и нормально, обслуживание в целом хорошее",4,
135,Никита Жабковский,2021-11-28 10:30:36,"Снимал тут деньги ,мне понравилось",5,
136,Любовь Зыкова,2019-08-02 20:46:08,Очень не проффесиональный коллектив.Многие не знают основной функционал.Руководителя данного подразделения-на курсы по полной!Специалист ни о чем!,1,
137,Елена Булгакова,2020-09-27 13:44:51,"Быстрое обслуживание,приветливый персонал",5,
138,Сергей Грошев,2021-09-06 12:46:31,Великолепное обслуживание.,5,
139,Татьяна Фокина,2021-11-20 21:52:53,Чисто. Нет очередей.,5,
140,Марго,2021-08-16 09:02:03,Хороший ремонт. 4 банкомата,5,
141,Татьяна Нефедова,2022-02-07 20:24:26,Хорошее обслуживание,5,
142,Наталья Малышева,2021-08-25 14:46:21,"После ремонта, отличный.",5,
143,super-murka07,2021-07-02 08:52:50,Самый лучший банк России ‘’ (в кавычках),1,
144,Лев Смоленцев,2021-09-18 06:55:11,Место мало в зале ожидания,4,
145,Георгий Сумишевский,2021-08-28 13:22:39,Вечно банкоматы еле работают!,1,
146,Светлана Андина,2021-09-18 11:52:03,Отличное обслуживание.,5,
147,Aлексеева Алексевна Алкесевна,2019-09-26 15:42:30,Очень хорошие консультанты девушки добрые все раскажут и подскажут.Молодцы так держать.,5,
148,Марат Мусин,2021-10-05 16:29:20,Самый лучший отдел!,5,
149,vajenczewa,2020-08-01 17:45:37,Хорошие операторы и удобная зона банкоматов,4,
150,Роман Акулов,2021-11-24 04:01:45,Хорошее отделение,5,
151,nikos,2020-03-13 14:54:54,"Не всегда справляется с наплывом клиентов, хоть банкоматов поставили много)",3,
152,Ален Ньюман,2019-12-22 11:20:41,Обычный Сбербанк. Хорошо банкоматов теперь больше стало. Нет проблем со снятием наличных.,4,
153,никита гг 228 @,2022-01-12 16:46:54,Вежливые люди,4,
154,Надежда Потапова,2021-09-05 10:48:59,"Сбер банк, хороший!",5,
155,табар курбанов,2021-09-29 14:05:48,Прекрасные спецы,5,
156,Антон Миядин,2021-05-10 19:37:40,Оперативно работают.,5,
157,Анна Г.,2021-08-13 16:18:49,Хорошее обслуживание,5,
158,Наталья Николашина,2019-11-29 20:56:28,"Помогут, отзывчивые сотрудники, мне нравится👍",5,
159,Алла Богрова,2020-09-04 15:23:37,Нормальное отделение районного Сбербанка.,4,
160,Mr Smile,2020-02-17 08:13:04,После ремонта гораздо удобнее все стало.,5,
161,KoreOIOan,2019-10-25 17:00:55,Девчонки молодцы что у банкоматов что за стоиками всё подробно и чётко,5,
162,Hot_Bebrochka,2022-04-26 17:08:55,Нормуль,5,
163,Елена Ерофеева,2019-08-28 18:34:23,"Хороший сбербанк,все оперативно и четко",5,
164,Жорж Метелкин,2021-03-06 20:56:58,Быстро обслуживают.,5,
165,Андрей Андреев,2020-03-27 03:44:09,Вежливый и отзывчивый персонал,4,
166,АЛЕНА ПЛАХОВА,2020-01-16 20:35:46,"Всегда очередь, что в банкомат,что к специалистам",3,
167,Александр,2019-11-18 21:47:31,Работают по субботам. Ремонт свежий. Банкоматов хватает.,5,
168,Тремонд,2020-01-21 09:45:52,"Хорошо, много места под банкоматы",4,
169,Ваня Иванов,2022-10-30 16:52:16,Всё быстро.,5,
170,Ксения Куклянова,2019-11-20 17:17:17,"Всё вежливые,всегда помогут.",5,
171,Конс,2021-11-26 09:37:18,Крутоц,5,
172,Татьяна Становова,2019-11-22 16:32:02,Навязчивая реклама сбера и комиссия за все...,4,
173,Юлия Ежова,2019-09-26 13:14:19,Что может быть в сбербанк особенногл ничего. Всё стандартно,5,
174,Татьяна Гиндич,2020-03-21 19:18:13,Нормик. Работает круглосуточно,5,
175,Юлия,2021-09-07 14:56:33,Отличный Сбербанк,5,
176,Максим М,2021-03-13 14:19:43,Много людей,1,
177,Василий Стунеев,2020-04-20 11:16:53,Удобно расположен,5,
178,Денис Старков,2019-10-23 12:46:08,Очень уютно и комфортно,5,
179,Андрей Г,2019-12-28 17:10:56,Всегда очереди к банкоматам,4,
180,Равиль Мустафин,2019-09-05 03:39:42,"Хороший банк,обслуживают быстро.",5,
181,Elena K.,2020-04-02 12:25:46,Компетентные сотрудники,5,
182,Андрей,2020-01-11 06:53:32,"Плохо, всегда много народа.",3,
183,Е.,2020-08-10 12:46:28,Умные сотрудники,5,
184,валерия юзефович,2020-05-23 18:57:37,Нормальный такой банк,4,
185,Ольга Б.,2020-03-12 16:47:37,Рядом и удобно,5,
186,Анна Калинина,2019-11-29 15:03:43,Грамотные консультанты.,5,
187,иван о.,2020-02-28 13:15:14,обслуживание супер,5,
188,Максим Б.,2019-11-03 13:09:25,Тут массовое обслуживание.,4,
189,Ра,2020-08-03 19:15:44,Тесно и долго,1,
190,Лена,2019-11-15 09:42:07,Иногда очереди ...но лучше чем 30 лет нзад,3,
191,Islam Zolotoy,2019-12-24 13:47:56,Рядом и удобно,5,
192,Татьяна,2019-12-30 08:21:00,Много банкоматов.,5,
193,Нургазы Т.,2019-12-17 13:31:17,Обслуживание идеал,5,
194,Taтьяна Н.,2019-09-10 09:26:01,"Оплачиваю ЖКХ,очередей нет.",5,
195,Сергей Белозеров,2019-09-28 11:20:24,Маленький но приятный,5,
196,Саша Белый,2020-03-28 21:41:22,Хороший персонал,5,
197,Шурави,2019-09-25 20:56:06,Ну очень быстрое!,5,
198,Сергей Титов,2019-10-23 15:37:34,Нормально работает,4,
199,Анатольевич Дмитрий,2019-10-14 16:53:43,Стандартный банк,4,
