,name,date,text,stars,answer
0,olegshinnik,2024-04-10 04:09:23,Отделение в шаговой доступности от дома. В этом месяце открылись после капитального ремонта. Стало уютнее и удобней. Регулярно пользуюсь услугой банкомата.,5,
1,Антон Дидик,2023-07-05 12:12:13,"Очень хорошее отделение, всегда помогут и расскажут, особенно понравилась руководитель отдела , Ольга в 15 окне, настолько все грамотно и толково, что нет слов , да и в общем все хорошие и грамотные, даже помню руководитель, девушка сидит внутри помещения, возле кассы, сама лично помогала. Всем советую данное отделение!!!👍👍👍",5,
2,Мархабо Хатамова,2023-08-02 14:59:51,"Обращалась туда несколько раз. Само отделение хорошее. Но сотрудники не клиентоорентированы точно. Вместо того чтобы помочь клиенту и найти альтернативы вежливо посылают тебя ""домой"". Мол это не их проблемы. Могли бы помочь, но не захотели. Я должна таскаться с 10 мес ребенком лишь потому что им лень идти на уступки. Да и госпожа Маркив (имя не помню, но уверенна что там одна с такой фамилией) будьте с клиентами по вежливее! Учитесь слушать сначало, а не затыкать им рты. После сегодняшнего случая не хочу туда больше идти. Пожалела что оформила ипотеку именно в этом отделении...",1,
3,АЭР,2023-01-01 14:42:09,"Для меня отделение удобно тем, что по пути. Про персонал и обслуживание особо не могу сказать, только один раз обращался к ним пару лет назад, и действительно, пришлось минут 15 ждать вызова, при том, что в зале из ожидающих был только я один, одного посетителя обслуживали, а остальные сотрудники, человек 4-5 были заняты какими-то своими делами. Вот не понятно какими. Если это дела, не связанными с обслуживанием клиентов, то это уже не отделение, а офисы банков, где заняты финансовыми процессами. А в отделениях, я так понимаю, главная задача - это обслуживание клиентов и решение их задач.
Ещё не нравится режим работы. Тоже не ориентирован на клиентов. То есть, работающий человек не может туда попасть ни до работы, ни после работы, у них открыто с 10 до 19. В вск не работают, что интересно, и в пнд закрыты. На кого рассчитан такой график - не понятно.
Но так как я туда захожу только, чтобы воспользоваться банкоматами, то и тут есть минусы. Всего два банкомата и это с учётом с их коротким режимом работы. В двух банкоматах в таком оживлённом месте с большой проходимостью деньги на выдачу часто не хватанет. Плюс, банкомат, который стоит слева, часто барахлит, зависает. Последний раз, вообще, с карты этот банкомат деньги списал, выдал чек, что я получил, а деньги не выдал, просто лоток даже не открыл. Пришлось стоять у банкомата и вызывать сотрудницу. Хорошо, обошлось, кое-как у себя на компьютере они отменили выдачу и деньги вернулись на счёт. А так иди, докажи, что не получил деньги. И никто этот глючный банкомат не заменяет. Не рискую больше, жду в очереди, чтобы попасть на правый банкомат.",2,
4,Павел,2023-03-07 11:13:55,"Удобно расположен, у автобусной остановки, часто захожу, персонал вежливый, всегда помогут и подскажут. Людей не особо много. Очередей обычно не бывает.",5,
5,Шоира Жураева,2023-06-06 12:54:18,"Всё замечательно,Персонал вежливый и понимающий .Качественное и грамотное обслуживание,спасибо всем огромное",5,
6,Ирина,2023-03-28 15:46:59,"Хороший офис, всегда много народу. Но обслуживают быстро и внимательно. Быстро консультируют. Профессионально все делают.",5,
7,Владимир Аракелян,2023-09-26 17:57:13,"Нормальная , приятная атмосфера.Доброжелательные сотрудники , готовы помочь в решении проблем.Быстрая электронная очередь.Однозначно СБЕР.",4,
8,Олег Б,2022-11-25 11:36:12,"Когда только открылось отделение, то был расстроен некомпетентностью персонала, и его настройкой только на развод клиентов на кредиты, инвестиции и прочие ""услуги"", не очень выгодные клиенту. Плюс умалчивание про выгодные предложения, вклады. Сейчас персонал обновился и стал более ориентирован на потребности клиентов. Проще стало решить проблемы по заказу денег, решению справочных вопросов по ранее открытым вкладам, по компенсациям для возрастных категорий. Был приятно обрадован.",5,
9,Ателье Атлас,2023-06-28 17:02:37,"Чем мне нравится это отделение - они по субботам работают. Молодцы. И сотрудники отзывчивые. Редко к ним захожу, но вежливость, внимательность - всегда на высоте.",5,
10,Нелли Ив,2023-11-07 17:37:36,"Очень приятный персонал, отношения к клиентам,на высшем уровне...",5,
11,ольга фещук,2023-01-26 12:09:21,"Хорошее отделение, приветливые сотрудники. Три звезды - за площадь помещения. Когда его только открыли, зона ожидания была намного больше, сейчас всё урезали и установили дополнительные рабочие столы штату сотрудников.
Однако,после того, как закрыли отделение на Можайское шоссе, рядом с почтой, приходиться смириться.",3,
12,Мария М.,2024-03-30 04:10:47,"На сайте написано что банкоматы круглосуточно работаю, приехал, оказалось что нет",3,
13,Инкогнито 1519,2023-05-19 17:34:02,"Персонал вежливый, отзывчивый и понимающий; но сам банк огорчает плохим взаимодействием отделов и низкими процентами по вкладам.",2,
14,allya,2022-09-17 16:50:38,"Очень хороший коллектив сотрудников. Много раз обращалась, всегда дадут дельный совет, помогут оформить платежи, карты. Спасибо всем огромное!",5,
15,Sem,2024-04-06 16:50:54,"Обслуживание хорошее, очередь подошла быстро",5,
16,Grigory L.,2023-10-26 16:40:00,"График работы с выходными в воскресенье понятно, но в понедельник это перебор + работа с 10 утра напоминает какой-то совок",3,
17,Илья Г.,2023-02-18 18:35:23,"Перевыпускал карту. Сотрудник умолчал о том, что я не смогу получать пособия, соц выплаты(если таковы есть) в этом регионе.При заборе карты, другой сотрудник мне это объяснил и объяснил о сбер спасибо (сбербанковский кешбек).",4,
18,ПИТ,2022-09-06 11:35:04,"Хотел оформить КАСКО. Представил все необходимые документы. Сотрудник оформил заявку на Каско. Я хотел узнать размер страховой премии, мне объяснили, что все расчеты придут на мою электронную почту. Мне пришёл только номер заявки. Еще хуже подготовлены по оформлению КАСКО сотрудники офиса на ул. Чикина 12. Вообще не могут объяснить премию за КАСКО.",2,
19,ZAP-PORTAL,2023-09-17 12:22:58,Прекрасный персонал: хорошие люди и грамотные специалисты,5,
20,Андрей Павлович,2023-02-16 16:49:10,"Все замечательно, рекомендую всем! Лучшее отделение Сбербанка и сотрудники в Одинцово!",5,
21,NIK Giv,2022-05-27 07:48:00,"Отвратительные сотрудники! Ожидая в очереди в субботу, простоял 15 минут, на 3 сотрудника, обслуживали 6 человек, один из которых принимал корпоративных клиентов исключительно, вторая сотрудница часто куда-то уходила. Плюс к нервному моему ожиданию, сотрудница не решила мой вопрос, дала краткий ответ, не прочитав всю доверенность, в которой многое указанно. Так сказать не стала включаться в проблему! И просто иронично, как бы издевательски, пожелала хорошего дня! Отвратительное поведение!",1,
22,дмитрий кулешов,2023-08-06 14:07:52,"Обслуживание на уровне Дикси вот так скажу один банкомат и очередь до небес. Хотя стоит два, но один всегда сломан.",4,
23,Алексей Каштанов,2023-11-04 23:00:29,Банкомат всегда и в любое время работают,5,
24,Анатолий Додонов,2023-05-23 19:09:30,Хороший офис Сбербанка. Приветливый персонал и простор. Рекомендую.,5,
25,Боня,2024-01-14 15:50:37,"Постоянно как не зайдешь ,банкоматы не работают",2,
26,Инкогнито 7225,2023-05-26 13:05:13,"Отличный персонал, качественное и грамотное обслуживание.",4,
27,Алла кодрян,2023-05-22 21:12:04,Отличный сбербанк ! Обслуживает и объясняет . Один минус когда кредитки навязывают а одобрение нет .,5,
28,Елена Иванова,2022-03-24 15:04:58,"Ужасное отношение к клиентам. Проводили Сделку ( не ипотечную) с электронной регистрацией , расчеты через банковскую ячейку. Ячейки в отделении не оказалось. Закладывались в стороннем банке. Оплатили услугу электронной регистрации по договору. В назначенный срок документы на почту участникам сделки не пришли. Регистрация прошла, прошло два дня для передачи денежных средств, получить средства продавец не может. Наступает ипотека в силу закона, тк указанный срок по договору прошёл. На вопрос за что мы заплатили деньги- ответ не получили. Документы не присылают. Вынуждены вскрывать ячейку двумя сторонами с представителем Банка. Сейчас напишем жалобу и требование компенсации денежных средств за не предоставленные вовремя услуги по договору.",1,
29,Саралиева Хеди,2022-11-19 17:44:16,Обсуждение на высате все хорошие о добрые когда подошел сказали здравствуйте по какому вопросу очень добрые и добложилательные спасибо !,5,
30,Гуля Фазылова,2023-05-11 11:26:10,На коляске не удобно. Зимой! На пандусе поставлены максимально скользкие напольные плитки. Навернуться на раз два. Само по себе отделение приятное. В очереди долго ни разу не приходилось сидеть. 2 банкомата на выдачу/прием. Пастомат.,3,
31,Светлана В.,2023-10-15 18:50:48,Обслуживают быстро. Удобно расположен,5,
32,Екатерина Х,2024-01-05 06:53:48,"Выхода нет, приходится ходить👎",1,
33,А М,2023-12-17 06:27:06,"Всегда толпа народу! Очередь медленная! К банкомату толпа!
Парковки нет( мало мест и забита). 
Не советую…",1,
34,Валентина Ивановна Д.,2021-07-21 12:50:57,"Пришла оплатить квитанции по счёту, взяла талон А023, простояла 25 минут пока на табло не высветилось А022 и голосовое сообщение пригасило девушку с этим талоном к окну №5. За это время я заметила, что оплатой квитанций занимается только окно 5, другие менеджеры - другими операциями. Жду своего приглашения согласно своему талону, как вдруг менеджер этого окна приглашает к себе без очереди другую женщину, и обслуживает её 15 минут. Я пенсионерка, мне идёт уже 8-й десяток лет, больное сердце, душно, так долго ждать уже не было сил, подошла к менеджеру 5-го окна и спросила: ""Как долго ещё ждать и почему приём ведётся ст. менеджером по обслуживанию клиентов Луканиным Олегом А. без очереди?"" На что он ответил: ""Так надо, сидите, ждите"". Видимо ему очень не понравился мой вопрос, и он решил проучить старушку. После обслуживания той женщины\. он вызвал ещё двух людей, которые были за мной. Тут моё терпение лопнуло, я попросила заведующую принять меня на что она сказала, что моя очередь была пропущена. Выходит, что этот Луканин умышленно это сделал, сбросив вызов-кнопку приглашения следующего клиента. Очень прошу администрацию за такое недозволенное отношение к пожилым людям, принять меры дисциплинарного и материального воздействия на менеджера Луканина О.",2,
35,ARG,2023-03-16 12:45:40,"Банкоматы постоянно не работают, постоянно очереди. В принципе ничего удивительного для сбербанка",3,
36,Алекс М,2023-10-06 18:13:54,"Достойное обслуживание, после ожидания в очереди 👍",4,
37,Вячеслав Владимирович,2022-11-22 14:52:40,"Несмотря на рывок Сбербанком в сфере технологий и информатизации обслуживания клиентов, данное отделение сильно тянет вниз общий рейтинг!",3,
38,ЭГМАС_мои путешествия,2022-02-19 15:28:31,"Были сегодня в банке. При переводе со счета на счёт в другой банк, сотрудницы сами предложили вариант, при котором мы сэкономили 1,5 тыс. рублей. Вроде, и мелочь, а приятно! Думаю, это характеризует их не только с профессиональной стороны, но и с человечной! Спасибо большое за отзывчивость!",5,
39,Мария А.,2022-11-28 20:42:32,"Радует, что это отделение работает по субботам . Стараюсь записываться на определенное время, чтобы не сидеть в очередях .",5,
40,Анна Б.,2022-06-16 07:56:25,"Очень мало окон, время ожидания больше 30 минут. Сотрудники почему-то работают медленно. Советуются с друг другом. Само помещение маленькое, людей много.",1,
41,Вадим Урин,2023-03-15 17:46:05,"Много банкоматов, внутри банка чисто, удобно.",4,
42,Георгий Георгиевич,2023-12-02 20:28:00,Работники отл.,5,
43,Виктория Владимировна,2023-07-21 09:34:47,"Постоянно очереди, долгое время ожидания",3,
44,Александр Бограт,2023-07-14 07:03:29,удобно быстро хорошо,5,
45,Евгения Шункевич,2023-03-18 18:32:51,Духота и много людей. Отделение явно не справлялся с потоком.,2,
46,Миг,2021-12-15 10:01:22,"Специалисты знают свое дело, терминал работает. Вежливо, ненавязчиво предоагают кредит под 21%, 😕",5,
47,Академия Дизайна,2021-07-19 15:39:48,Для меня главное чтобы банкомат всегда работал. На каждые 10 посещений только 1 раз был в нерабочем состоянии на приём денег. Для России это хороший показатель.,5,
48,Илья Ковалев,2021-09-16 10:11:30,Удобное расположение. Приветливый персонал. Отсутствие очереди. Чистота и порядок. Оказали помощь в запросе в полном объёме. Остался в целом доволен.,5,
49,Жека Потапов,2022-11-21 07:56:45,Отличный вежливый персонал. Молодцы!,5,
50,Клим,2023-06-08 20:15:09,Сбербанк это печаль и грусть всей страны,1,
51,Диля Ташпулатова,2023-09-23 14:40:56,Быстрое обслуживание,5,
52,Владимир Александров,2021-05-04 22:03:15,"Очень нравится это отделение. Быстро обслуживают,сотрудники приветливы и всегда готовы помочь.",5,
53,Андрей,2021-12-12 12:26:53,"Персонал хороший, но очень много народу!
Нужно расширяться....",3,
54,Мураз Бутки,2023-06-04 12:58:18,"Если есть деньги,то хорошо.",5,
55,MATVEIDIDUR,2022-01-01 15:05:47,"Стандартное отделение Сбербанка, на входе несколько банкоматов. Внутри все как обычно.",5,
56,Темнила,2019-12-12 11:52:36,"Очень удобный по расположению для меня банк! Хорошо работают в зале, но иногда попадаю на то, что не все сотрудники на местах- окна пустуют. Возможно у них обед, прихожу с 13 до 14час! Главное же то, что помогают и терпеливо работают с пожилыми людьми- за это Спасибо!",4,
57,Olga Gubina,2022-11-27 12:24:00,Вежливо объяснили! Молодцы!,5,
58,Тоха,2023-01-14 14:23:31,"Наглый сбер банк,за карту плати,за переводы плати!",3,
59,Даниил О.,2023-06-19 14:25:44,От души благодарю сотрудников банка за доброту и компетентность.,5,
60,Рика Эдельвейр,2019-10-10 14:08:25,"Хорошее отделение, даже в час пик не слишком много людей, сотрудники, как правило, быстро с потоком справляются, и всегда вежливые, все подскажут. По банковским услугам не подскажу - в основном с матерью туда за пенсией ходим.",4,
61,ДЕНИС С.,2022-08-26 01:23:34,Как всегда. Сбербанк- сервис ниже плинтуса!,1,
62,Ирина Гладких,2022-08-12 17:45:47,"Отличные сотрудники, удобная",5,
63,Татьяна В.,2022-09-05 06:12:31,"Грязно, сотрудники не заинтересованы в своих клиентах.",1,
64,Зайцева Ирина,2021-08-26 06:04:04,"Грамотные консультанты, вежливые. Быстро и грамотно работают. Сама являюсь клиентом банка. Советую его посетить другим.",5,
65,Виктория Заплатина,2020-01-21 13:48:12,"Все просто предпочитаю потому что рядом с домом,всегда отзывчивые сотрудники,помогут если не понятно.В выходные много народу.",4,
66,k m,2022-04-18 15:08:57,"Много людей, даже для консультации приходится стоять около часа",1,
67,Katherina,2022-07-16 10:42:46,Забрать карту - 1 час ожидания в будний день.,2,
68,ice ice,2020-03-24 10:00:47,"Самый невыгодный и неклиентоориентированный банк. Постоянные очереди в банкоматы, ограничение на снятие с карт других банков, лишний документооборот и.т.д. Есть возможность не пользоваться - не пользуйтесь, альтернатив полно!",1,
69,Alex.V,2021-08-02 13:47:39,"Вежливый персонал, людей не много, на входе два банкомата. ВС, ПН выходной.",5,
70,Виталий,2022-09-12 11:15:51,"Хороший офис,уютно",5,
71,РыжийКот,2021-08-23 12:27:17,"Персонал вежливый, всегда помогут решить проблему",5,
72,Kristinka Xis,2023-04-14 16:20:04,Обслуживание,5,
73,Сергей Скиф,2020-08-16 04:37:59,"Отношение к Сберу в общем. Полный негатив. Из-за утечки персональных данных постоянно названивают мошенники, пытаясь вытянуть от меня доп. информацию. А всё из-за провала в хранении персональных данных клиентов банка.",1,
74,Валентина Морозова,2020-02-21 17:05:09,"Персонал вежливый, всегда и во всём помогут, дадут консультацию. Очереди нет, что очень радует.👍👍👍",5,
75,Артур Хачатрян,2021-12-12 19:16:14,"Если нет очередей, То все хорошо, иногда тупят банкоматы",4,
76,Игорь Игоревич О.,2021-07-06 08:41:22,"Офис хороший, обслуживание хорошее, быстро, видимо мало посетителей было.",5,
77,Шахноза Кодировна,2021-12-09 11:30:36,"Было дело, как посетила этот банк. Хороший персонал у них.",5,
78,AnnA O.,2019-11-29 14:55:33,"В общем, неплохо. Да бывают очереди, но это когда приходит пенсия, не войти. Да бывает зависают аппараты, да не всегда хватает “специально обученных сотрудников” , но и железо ломается, и люди ошибаются.",4,
79,Мария Родионова,2022-05-02 16:49:56,Снимать деньги удобно в банкоматах.,5,
80,Анастасия,2020-04-13 11:50:33,"Обслуживание отличное,квалифицированные специалисты. Всегда принимают без задержек",5,
81,Алексей Сафонов,2022-12-01 12:31:52,Ничего особенного,4,
82,Антонина Кустова,2022-08-15 13:21:41,Хорошо обслуживание,5,
83,Мария,2019-11-06 10:50:55,"Приятная атмосфера в банке, грамотные консультанты и качественное обслуживание клиентов))",5,
84,Лилия Булатникова,2021-04-25 12:26:35,"Постоянно хожу в этот филиал, сотрудники вежливые и внимательные.",5,
85,Светлана Гордеева,2020-03-14 17:49:51,"Такое ощущение что там одни богини сидят. Развалится в кресле и так посмотрит на тебя, что больше не хочется туда идти. Только работницы в зале бегают все помогают.",2,
86,Speaker,2021-09-06 05:18:11,"Сбербак не спасти. Очереди, ожидание, вечно что-то не работает",1,
87,Вячеслав,2021-04-04 08:02:28,"Отличный Сбер Банк! Но скоро будут торговать конфетами, как на Почте России!",5,
88,Сергей Гудков,2019-10-22 12:57:25,"Работать надо в понедельник!!! Все хорошо, но по понедельникам выходной! Никуда не годится! А если еще и банкомат сломается при входе - очередь на улице стоит!!!",3,
89,Александр,2020-01-16 18:18:35,"Удобное отделение. Очередь организована. Есть несколько банкоматов, как внутри, так и снаружи.",5,
90,Павел Неснов,2022-01-13 11:43:59,"Чисто, но очереди, не дождался ушел",4,
91,Сергей Иванов,2022-07-16 11:19:17,Отличный банк!,5,
92,Людмила,2020-01-17 22:29:30,Грамотные специалисты работают в этом филиале. Всегда помогут и разъяснят. Спасибо!,5,
93,Ирина,2021-06-27 14:51:37,"Банкомат 24 часа, в самом отделении не была.",4,
94,МАРИНА,2020-02-28 12:41:52,"Захажу иногда снять деньги. Но вообще кредитный отдел меня обидел. Хотел взять кредит, мне не дали потому, что я отказалась от страховке.",5,
95,A krasil,2021-12-25 09:06:50,Негде парковать автомобиль.,3,
96,Илья Панов,2019-11-22 05:19:08,"Я в шоке от того, что у банка в понедельник выходной, и от того что, сбербанк работает только с 10.00 утра))) госсударственный банк)))))",1,
97,Любовь Воронцова,2022-02-13 17:30:55,Хороший сбербанк,5,
98,Владимир Диких,2019-12-05 14:40:04,Часто работает только один банкомат. Персонал косячит. А в остальном современное отделение СБ.,3,
99,Эльвира Филимонова,2020-01-16 19:17:25,"Народу не много, толпы нет, уютно ожидаешь своей очереди на диванчике😊😊",5,
100,Alex Tay,2020-11-20 14:23:13,в банкомате вечно нет денег либо он не работает...не хватает специалистов.,3,
101,Ирина,2021-09-02 17:48:18,Обслуживание качественное!,5,
102,MO_DA_LI,2019-09-28 06:58:47,"Сбер как сбер, не работают по понедельникам, вежливые девушки-ассистентки, много операторов.",5,
103,Карина Теунаева,2021-09-29 05:42:06,Давно требуется ремонт,2,
104,Liza,2020-11-14 14:17:11,"Очень грязно, сотрудники неприлично выпаривают страховки и тд",2,
105,vkfueek,2021-02-21 16:24:31,"Ну так ,офис не очень ,мне другой нравится",3,
106,ow3092,2019-09-06 19:07:00,"Отличное отделение Сбера. Работает по субботам. Приветливые сотрудники, всегда готовы прийти на помощь.",5,
107,А. Ф.,2019-08-27 16:09:02,"Всегда много народу в банкоматы (их два) и к операторам в зале, где меееедлено обслуживают",2,
108,Александр Б.,2020-02-18 04:22:43,У сбера высокие стандарты обслуживания. Все четко.,5,
109,Роман Б.,2017-09-02 14:08:53,"Здравствуйте.Про госпожу Прудько! Дочь копила мелочь в основном 10 рублевые монеты и настало долгожданное время подсчитать( аж 2700 рублей получилось ) и сходить в Сбербанк для размена . По приходу в сбербанк ( Московская область, Можайское шоссе 117 ) обнаруживаем, что очереди нет и нам крупно повезло,взяли талон , подходим к окну , ждём госпожу ПРУДько. По приходу она нам отвечает, что считать мелочь не будет, мол она не обязана , сломался аппарат (Наверное, дорогой маникюр жалко стало). Попросил её несколько раз поменять, мы же не 50 кг.железа принесли. И всё это на глазах ребенка, очереди нет!!! но госпожа Прудько, Была не Покорна.И пошли искать мы банк : на Чикина не работает,и т.д...... .Суббота- День Города . Зато Госпожа прудько пойдёт на салют с высоко поднятой головой и Великолепным настроением. Очень жаль, что работают такие личности с людьми.",1,
110,Дмитрий Рюмов,2021-06-11 13:33:36,Типичное отделение сбера,4,
111,А. Ш.,2021-08-14 05:10:15,Банкомат работает . 👍😂,5,
112,Оля Князева,2020-02-12 06:36:45,"Вежливые консультанты, удобный график работы.",5,
113,Анатолий Портнов,2019-11-11 18:31:45,"Всего 2 банкомата на целый район. Постоянные очереди, добавьте банкоматов.",2,
114,Вячеслав Глинко,2020-06-23 16:20:58,Приветливый персонал. Отсутствие очередей.,5,
115,Игорь Курукин,2020-08-21 05:10:41,Лучший банк.Недостатки есть у всех.,5,
116,Юлия г.,2021-04-30 11:17:27,Заказывала деньги за 2 дня. Пришлось ждать полтора часа!!!,2,
117,Маруся Федорова,2019-11-24 10:18:29,"Очень долго ждать обслуживания, как правило работают не все операционист.",2,
118,k k,2021-03-18 14:00:17,Обычный офис сбербанка,4,
119,Вадим П,2021-01-17 14:33:59,"Сбер ужас, надо уходить.",2,
120,Сергей Чулков,2019-07-03 17:32:51,Ближайший Сбербанк. Внимательные сотрудники. Если надо помогут.,4,
121,Елена Н.,2020-08-16 06:33:30,Воскресенье и понедельник выходной,5,
122,bulogNatali G.,2019-01-19 12:50:28,Отличное обслуживание клиентов. Осталась довольна.,5,
123,Роман П,2020-03-17 10:45:53,Много банкоматов и без очередей,5,
124,ALEKSANDR PUCHKOV,2019-09-01 06:29:41,"Хотелось добавить, что всегда очередь в банкомат!!",4,
125,Валерий,2020-05-27 14:22:21,На мой взгляд обслуживание могло быть лучше.,3,
126,Ilya Meshcherinov,2020-08-09 12:07:42,"Сбер, этим все сказано",3,
127,Андрей Георгиевич,2019-11-04 19:05:43,Хороший банк. Выходной - понедельник!?,5,
128,Anna Bulkina,2019-08-08 15:43:49,"Очереди есть, но работают оперативно",4,
129,Влад,2020-03-01 09:56:45,Нормальное отделение. Не хамят.,3,
130,Виктор П.,2021-08-10 07:42:39,Хуже банка не найти.,1,
131,Александр,2019-10-01 09:15:49,Один из самых не дружественных банков.,1,
132,Геннадий,2019-07-25 12:13:47,Классное место для работы с деньгами.,5,
133,DaGaydt,2020-02-20 11:29:01,Иногда по ночам в тамбуре спит бомж,3,
134,Игорь Б.,2019-07-14 14:32:45,Обычное отделение Сбербанка. Банкоматы.,5,
135,Надежда Ширикова,2020-07-13 21:11:41,Очередей мало,5,
136,Наталья Я.,2018-03-06 09:48:05,Банкомат новый поставили ещё неделю назад так и не подключили а старый не работает,2,
137,Акбар А.,2019-07-19 16:14:49,потеря времени .....не советую,1,
138,Светлана Белкина,2020-03-20 23:49:45,Всегда очередь,5,
139,Денис Ковалев,2020-01-09 19:49:37,Большая очередь,3,
140,Артур А.,2019-10-15 22:12:13,Среднестатистическое отделение Сбербанка.,4,
141,Мария,2017-02-14 17:40:28,А банке постоянно не работает банкомат. Очереди огромные. Главная проблема это конечно же банкомат!,1,
142,Николай Я.,2018-03-30 09:52:46,Плохо работают,2,
143,Mihail,2016-01-20 13:56:40,работают абы как,0,
