,name,date,text,stars,answer
0,904080 Скокова,2023-11-06 22:34:44,"Классный сбербанк. Просторный, чистый, персонал вежливый. Рядом с моей студией маникюра Alla Skokova Beauty, поэтому очень удобно, часто пользуюсь банкоматом . Обычно нет больших очередей",5,
1,Владимир И.,2023-10-31 05:36:48,"Очень вежливый, довольно быстро работающий персонал. Хотя порой собирается довольно много посетителей, сотрудники отделения стараются справиться быстро с любым наплывом.",5,
2,Artem K.,2024-01-06 21:20:27,Понравились консультации специалистов все всё знают и даже больше приятно туда ходить один из немногих в Москве сберов где действительно работают профи,5,
3,Анастасия Кузнецова,2024-02-10 11:47:46,"Пошла в банк в декабре прошлого года, чтоб установить приложение сбол на телефон. Мне сказали, что его можно установить только через кредитную карту, которой у меня не было и мне впарили кредитку. Наврали, что обслуживание на весь срок бесплатное, даже если не буду использовать ее. Сейчас у меня снимают за обслуживание 220 рублей каждый месяц, так как я ей не пользуюсь. Позже я узнала, что кредитка для приложения не нужна была. Я уехала из России и непонятно когда вернусь, а эту кредитку можно закрыть только в отделении. Спасибо большое дорогой Сбербанк, что так качественно обманываете ваших клиентов. Кстати оформил мне ее один из ваших старших менеджеров, имя не помню.",1,
4,GuriaNata65,2023-08-30 15:54:59,"Хорошее отделение Сбербанка,молодой и грамотный персонал,вежливы,хорошо консультируют,добираться удобно,много транспорта,пока ремонт на Солнцевском проспекте,они ближе всех находятся.",5,
5,Елена Shi,2024-01-26 09:57:56,"Очевидный плюс банка - это тот факт, что вы всегда найдете место, где припарковать авто! 
Есть пандус, чтобы забраться в помещение без ступенек. 
Внутри есть достаточно большой диван для комфортного ожидания. 
Работа сотрудников, как и везде. 
Было бы здорово, если бы органтзовали туалет для клиентов (!).",5,
6,Анастасия Ч,2024-03-21 16:51:41,"Всегда чисто , мало народа в банкоматах . Даже если есть очередь, то она быстро проходит. Любезные или приветливые сотрудники",5,
7,Владимир Маклеев,2023-10-17 11:37:50,"Данное отделение - отличное!Персонал отзывчивый,грамотный и вежливый!Подсказали,проконсультировали,обслужили!Остался доволен!",5,
8,Марина Кравченко,2023-08-10 19:14:04,"Очень внимательный и приветливый персонал в этом отделении, была здесь пару раз и каждый раз все было быстро, очень вежливо и дружелюбно. 
Людей было немного.",5,
9,Сергей Т.,2023-07-16 12:36:26,"Хорошее просторное отделение. В шаге от дома.
Необходимо было заменить истекшую карту. 
Консультант Данил оперативно все оформил и проконсультировал по всем возможностям банковского продукта (зарплатная карта МИР).",5,
10,Mleck(Алексей Гуторов),2023-10-19 15:47:53,"довольно не плохой офис, внутри все красиво. К сожалению не всегда проходит быстро обслуживание других клиентов. Доволен впринципе этим банком. Рядом с домой и всё устраивает",4,
11,Andrey Z.,2024-02-23 13:59:43,"Парковки нет, информация об офисе полученная в контактном центре не соответствует действительности. Единственный плюс - адекватное руководство.",3,
12,КРИСТИ ВАСИЛЬКОВА,2023-06-21 07:02:33,Сбер как Сбер...закрываеться Рано.. но есть Банкоматы...Расположен удобно..Персонал услужливый..вежливый..Нужный обьект,4,
13,August W. Wagner,2023-11-07 11:40:34,"Очень хорошее место!!! Когда деньги кончаются, можно зайти, вставить в щель шкафчика кусочек пластика и... опля!!! - открывается маленькая дверца и денежки модно складывать в кошелёк или в мешок. Очень хорошее место!!!",5,
14,Анна Дмитриева,2023-09-09 18:14:32,"Хороший офис. Оформляла кредитную карту. Консультант Даниил. Все подробно объяснил, схематично нарисовал. Понятно. Доступно. Спасибо!",5,
15,Раис хасянов,2023-08-27 12:29:01,"Отлично,не так много людей, персонал всегда приветлив, время ожидания мин.5 , есть пандус для колясок и инвалидов",5,
16,Ирина Москаленко,2023-09-30 05:24:24,"Хорошие отделение, иногда очень много посетителей, приходиться долго ждать. Всегда решались всё вопросы с которыми приходишь. Банкоматы круглосуточные.",4,
17,184374 Сердюкова,2022-12-22 14:16:45,"Отделение сбербанка. Сотрудники приветливые, если к ним не обращаешься могут и не заметить и не поздороваться. В остальном, по нуждаемости помогут получить услугу. Плохо, что разделили банкоматы на - в общем зале и в отдельном зале, и они разные по функционалу. Чтобы оплатить квартплату-в отдельный зал, чтобы узнать баланс на карте на чеке-в общий зал. Вот так-то. А если это воскресенье-не узнаешь по чеку сколько осталось на карте денег-общий зал то не работает,",3,
18,Ирина Мещерякова,2023-01-26 06:59:51,"Хожу в это отделение постоянно. Сотрудники безупречные,работают быстро, окажут любую помощь, помогут оформить документы,подскажут, объяснят. Даже если есть небольшая очередь, то ожидать комфортно",5,
19,Евгения Голубятникова,2022-12-02 11:32:52,Удобно. Хороший и Грамотный персонал. Много банкоматов. К операторам больших очередей нет. Сотрудник при входе всегда поможет. Это актуально для наших бабушек,5,
20,Елена,2023-09-22 17:48:26,"Большие очереди, непонятно, какой талон брать, по названиям не понятно, что за операция. Нет консультанта у аппарата с талонами, чтобы спросить, просточла не в то окно, отправили обратно брать талон и сточть заново очередь",2,
21,Головина Любовь,2023-03-23 13:21:04,Вежливый персонал.Всегда подскажут и разъяснят.Стараются сокращать ожидание клиента.Есть функция персонального менеджера. очень удобно.,5,
22,Елена Лившиц,2023-06-11 12:17:51,"Мне повезло, только вошла (27 апреля), взяла талон и сразу пригласили на прием. Сотрудница, которая меня обслуживала, доброжелательная, внимательная, профессионально мне ответила на все поставленные вопросы. Визитом осталась довольна.",5,
23,Анна Родина,2024-02-06 17:34:24,За одно посещение получила все что планировала. Отличный персонал,5,
24,Галина Панина,2023-06-14 16:42:31,"Хорошее отделение банка. Расположено удобно. Сотрудники вежлевые , внимательные . Если обращаться во второй половине месяца меньше ждать очереди ,так как в первой пенсионеры получают пенсию",4,
25,Ольга Ольга,2022-11-17 14:47:39,"Всё в пределах нормы. Персонал доброжелательный с чувством юмора, за что отдельная им благодарность.Спасибо за хорошее обслуживание и прекрасное настроение😉👍💐💐💐",5,
26,САРДОР ХОЛМУРОДОВ,2023-11-12 18:42:24,Мне понравилось все сотрудники все хорошо относится к людям,5,
27,таня ряз,2022-08-11 16:10:01,"Просторно ,людей всегда много .Отдельный вход к банкоматам (снять/внести),почти всегда свободный человек что поможет с выбором талончика! Чисто и много зон ожидания .",5,
28,Алла Скокова,2022-11-03 18:59:22,"Классный сбер, прям рядом с моим салоном AS beauty. Частенько хочу туда за бабушкиной пенсией 😂 Обслуживание на высоте, чисто и приветливый персонал",5,
29,Раиса Л.,2022-07-28 11:08:23,"Любимое мое Отделение в Солнцево. Текучки нет, коллектив слаженный, заведующая супер. Сотрудник на выдаче карт, который, просто сама вежливость! В этом отделения действительно думают о людях и « любят ближних». А насчёт дней, когда пенсию выдают- но это , сами понимаете, российская действительность!!!",5,
30,Алла Зайцева,2023-12-06 05:59:27,Отличный! Меня всё устраивает! Спасибо!!!,5,
31,Юлия Кумейко,2023-04-01 06:13:33,"Обслуживание своевременное, персонал вежливый, отношение к клиентам достойное, время на ожидание не понадобилось. Довольна",5,
32,Белла Лагметова,2022-08-23 18:32:04,"Грамотные ,вежливые,отзывчивые сотрудники,все доступно объясняют,всегда помогут,прекрасное отделение банка,все просто супер.",5,
33,Людмила Грызунова,2023-09-02 14:41:45,".операторыЯ туда хожу очень редко и написать ничего не могу. Операторы работаю быстро, обслуживают приятно грубости нет",5,
34,Елизавета Мавлюханова,2023-10-02 10:57:31,"Нет человека , который стоит и помогает по вопросам и выбор операций на терминале , огромные очереди",1,
35,Елена Фомиченко,2023-09-11 16:34:31,"Быстро решили мои проблемы. Компетентные, знающие и доброжелательные специалисты.",5,
36,Дмитрий Геннадьевич,2023-10-11 08:19:19,"Созвонились, договорились о заключении договора по юридическим лицам. 40 минут мозг делали и развели руками, направив в другое отделение.",1,
37,Татьяна Дорогая,2023-11-07 07:46:24,"Не мой сбер, но пока наш был на ремонте ходила, хороший",5,
38,Екатерина Додина,2024-01-10 12:27:02,Хороший персонал. Отличное отделение,5,
39,Сергей Писарьков,2024-03-13 05:49:56,"Хороший офис,удобный,оперативный!",5,
40,Елена Полянская,2023-04-19 16:49:39,"Доброжелательный и квалифицированный персонал, удобное месторасположение",5,
41,Отари Келенджеридзе,2023-03-31 08:36:19,"Сара очень отлично обслуживает ,большое ей спасибо быстро и профессионально",5,
42,Михаил Захаров,2023-05-30 11:42:30,"Удобное расположение, шаговая доступность, банкоматы работают 24/7",5,
43,Юрий,2022-05-23 20:18:00,"Круглосуточные банкоматы. Не всегда есть возможность при парковаться. Приятное отношение сотрудников, готовые подсказать и помочь. В принципе стандартный СберБанк.",5,
44,Николай,2024-01-09 17:35:41,"Хорошее обслуживание,отзывчатый персонал.",5,
45,Александр Ролдугин,2023-08-24 12:43:39,Отлично мне нравиться то что банкоматы расположены отдельно,5,
46,Инкогнито 2677,2023-01-06 18:14:03,"Хороший банк, отличные сотрудники .Всё расскажут и быстро и качественно обслужить.",5,
47,Ингибитор,2023-02-08 06:51:48,Закончился срок карты. Забрать деньги (свои денги) - час. Или через приложение - 30 дней. Сбер такой сбер. Если вы положили деньги в наш банк - это теперь наши деньги. И мы максимально усложним их вывод.,1,
48,DEATH,2022-09-03 22:30:34,"отлично нравиться что сбер себя продвигает и делает больше банкоматов и берёт хороших работников к себе на работу

конечно не всегда их выбор правильный",5,
49,Александр Евтюхов,2022-12-10 12:03:19,Вежливые менеджеры удобная парковка.Обратился по замене карты все сделали быстро и делекантно,5,
50,Андрей Леонов,2023-02-25 15:33:23,"Оксана Помогалова сбербанк сотрудница - сует кредитные карты без разрешения и просьбы, еще и деньги взяла за оформление бесплатной карты, лучше обходить эту сотрудницу стороной, всучит на невыгодных условиях",1,
51,Марина И.,2022-01-06 13:38:09,"Часто посещаю это отделение Сбера. Мне нравится отношение к клиентам - готовность помочь присутствует всегда + помогают всегда. Особенно хочется отметить работу окна 1, операции проводятся быстро и корректно. Рекомендую к посещению однозначно.",5,
52,Юрий Сивенков,2022-08-23 17:15:44,"Слаженный коллектив профессионалов, добродушная обстановка, все решили в пять минут. Большое Спасибо",5,
53,Rina Tina,2022-05-19 05:03:03,"Я не буду как и все люди ставить плохую оценку из за того что их не устраивает где и как расположен сбербанк. Я ставлю 5 баллов за хорошее обслуживание и быстрые ответы на впопросы , специалисты приветливы и с ними приятно общаться. Хожу к вам более 8 лет .",5,
54,Гарегин М.,2024-01-22 09:08:02,Все было хорошо. Никаких проблем,5,
55,олег колосков,2023-08-21 14:00:01,Хороший персонал не большая очередь есть терминалы и банкоматы.,5,
56,Phys Lab,2022-09-30 13:18:29,Прекрасное отделение! Обслуживание быстрое и профессиональное. Уважительное отношение. Рекомендую!,5,
57,Сергей Мойсеенко,2023-03-11 20:49:35,"Хороший сбербанк, вежливые сотрудники, все чисто и аккуратно",5,
58,Дмитрий Бокарев,2023-11-07 18:15:03,Нормальное обычное отделение Сбера,4,
59,Светлана Иванова,2023-01-14 10:28:23,"Бываю очень редко, девочка помогла решить проблему, очень быстро. Молодец.",5,
60,Виктор,2022-12-09 12:07:44,"Вежливые сотрудники, быстро, удобно есть парковка, ожидание не долгое.",5,
61,ФК СОЛНЦЕВО,2023-10-16 11:33:40,Вечно заполнен людьми. Центральная точка района сбер. Очередь бывает долгой.,5,
62,Николай,2022-05-27 04:19:22,Большой зал очередей нет установлены удобные диваны есть электронная очередь имеется отдельное помещение где установлены банкоматы .,5,
63,Мария Попова,2023-03-04 23:25:28,"Иногда бывают большие очереди, но в целом всегда всё устраивало.",4,
64,Инкогнито 9155,2023-08-25 14:12:01,"Хорошее отделение, кондиционер работает, все вопросы решили.",5,
65,Людмила Ивановна Панина,2022-07-20 07:33:29,"Персонал вежлевый, если обращатся не в первые дни месяца ждать не долго. Работает в удобное время. Удобно расположен легко доехать",3,
66,Сергей Корнеев,2023-05-14 15:04:01,"Обычный сбер. Порой чудят, порой помогают, ни хуже, ни лучше, чем везде. Народу немного.",4,
67,Алексей Б.,2023-06-20 19:17:42,"Удобный график, есть круглосуточные банкоматы для внесения денег",5,
68,Борис Митрофанов,2023-01-27 13:10:51,Быстрое обслуживание.Профессиональная работа сотрудников банка.Вежливое отношение к клиентам.,5,
69,Людмила,2023-03-16 18:25:34,Хорошее отношение к клиентам. Все быстро решают. Сотрудники вежливые,5,
70,Фёдор,2023-04-01 12:23:56,Ну в сбере всегда очень вежливые и позитивные сотрудники,5,
71,ВЛАДИМИР ПАНИН,2023-12-26 12:38:32,Приятный коллектив,5,
72,Сераж. М.,2023-03-18 17:38:35,"Быстро,грамотно,качественно!Обслуживание на 10!",5,
73,Виктория Ш,2022-12-13 17:24:06,"Сбербанк обычный, как все. Приятные лица, чисто, уютно!",5,
74,Татьяна Лотарева,2021-10-30 16:49:19,"Очень хороший коллектив в этом Сбербанке. Работают душевные люди, всегда помогут, об'яснят. У нас в Солнцево вообще работают очень хорошие люди. Так держать!",5,
75,Елена,2023-07-11 02:46:42,"Чистенько, уютно, вежливый персонал",5,
76,Борис Харьков,2023-08-27 12:10:03,"Приятное обслуживание, не приходиться долго ждать в очереди.",5,
77,Александр Лугарев,2024-02-25 17:08:56,Хорошее отделение!,5,
78,Анна С.,2022-06-08 18:37:58,"Отделение небольшое, но всегда внимательный и вежливый персонал. Рекомендую!",5,
79,Лёлик и Болик,2023-05-06 10:54:12,Хорошее отделение и отзывчивые специалисты,4,
80,Марчела Реховская,2024-04-25 10:15:03,Хорошие обслуживание,5,
81,Олег Колофедин,2022-07-29 11:21:37,"Супер, отличное обслуживание сотрудником ,выражаю благодарность .",5,
82,лилия осипова,2022-10-15 21:11:15,Молодцы 0бслуживание на высшем уровне персонал квалифицированный.,5,
83,Софья Жилякова,2022-12-18 14:56:45,"Персонал всегда все подскажет и расскажет, приятно",5,
84,андрей моя,2023-07-03 21:17:53,Всё отлично! Без суеты и спокойно!,5,
85,Лора,2022-08-13 04:42:17,"Хорошее отделение, внимательные сотрудники, удобное расположение.",5,
86,Лена Г.,2021-04-03 09:29:16,"Обычное стандартное отделение Сбербанка. Каких то особенностей как плохих так и хороших нет. Стандартное обслуживание клиентов. Достаточное количество банкоматов. Очереди есть, но двигаются вполне быстро.",5,
87,Таис,2022-01-21 17:42:41,"Убрали банкомат оплаты за коммунальные услуги. Они только в самом банке. В выходной день при не работающем банке по идёт я искать другой офис. А в прошлом году зимой. Шла из банка в отделение банкоматов и поскользнулся, упала. Ни кто из сотрудников не подошёл. Спустя 2 недели положили резиновый коврик.",3,
88,Юрий Плахин,2022-10-26 11:39:46,Стандартное отделение банка. Ничего выдающегося. Сбербанк - банк для пенсионеров очень пожилого возраста.,3,
89,Анна,2021-11-02 08:28:53,"Сам Сбер нормальный, но Девушка которая встречает при входе, крайне не компетентна!!! Встречает с хамством, как будто я к ней домой пришла без спроса, «ну и какой у вас вопрос?! Ну и в чем ваша проблема?!» это что вообще за обращение с людьми?! У меня нету времени стоять и выяснять с ней отношения!! Дала талон и все, зачем демагогию разводить",3,
90,Елена,2022-12-17 18:07:50,"Отличный персонал, оперативно решают любые вопросы.",5,
91,Владимир Якушев,2022-04-26 06:19:09,"Часто пользуюсь этим банком. Всегда обслуживают быстро, качественно. С клиентами терпимо.",5,
92,Яков,2022-01-22 18:07:00,Каждый день клиенты сбербанка останавливаются перед банкаматами прям по середине проезда во двор и тем перекрывают проезд во двор !!! Очень не хорошо расположен вход к банкоматам !!!,1,
93,Анатолий Саф,2023-11-05 16:26:09,Много народу,4,
94,olga 916 luna,2020-12-05 10:10:37,Сбербанк очень удобно расположен. Остановка автобуса рядом и магазин Пятерочка. И это заметно. Всегда много людей. Но всегда много операционистов. Очередь идет быстро.,4,
95,Ирина Береснева,2023-09-11 17:36:00,"Постоянно очереди…., все остальное как обычно в банке.",4,
96,виталий г.,2021-10-26 09:00:06,Удобное расположение. Подойти и подъехать можно со всех сторон. Внутри помещения очень свобоно и чисто.,5,
97,Мария Наговицина,2022-04-29 21:34:17,"Хороший отдел Сбербанка, быстрое обслуживание, отзывчивые консультанты!",5,
98,Гамлет,2023-12-21 21:06:29,Сбер есть Сбер,1,
99,Дарья Слободяник,2023-07-01 12:38:50,"Все на высшем уровне!
Всегда решают вопрос",5,
100,Леночек,2023-08-12 18:22:09,"Сбербанк как Сбербанк, сотрудники хорошие",5,
101,Роман,2023-04-04 13:08:34,"Хороший офис. Всегда быстро, почти нет очереди",5,
102,Олег Клименков,2022-06-21 17:50:09,"Вежливый персонал , банкомат работает круглосуточно , удобно .",5,
103,Елена Серова,2021-09-09 14:33:26,"Карта, до перевыпуска которой оставалось 3 дня была утеряна и заблокирована. В результате долго не удавалась получить новую. Пришлось несколько раз приходить в банк и звонить в службу поддержки -- они направляли меня друг к другу. При этом мне постоянно норовили втирать про подписку на скидку, очень навязчиво, прям как цигане.",3,
104,Тамила Дутаева,2023-05-09 20:01:19,Очень приятный и вежливый персонал,5,
105,Сергей Колокольников,2024-04-11 10:20:02,Всё хорошо 👍.,5,
106,Татьяна,2023-09-22 19:24:56,"Постоянно народ, обслуживание медленное",4,
107,Николай Калиничевн,2023-03-01 17:32:07,"У меня там деньги с сбер книжки сняли,кто не знаю, так и не вернули, вот вам и банк.",3,
108,Инкогнито 0430,2023-12-09 06:01:30,Удобное место,5,
109,Дмитрий,2022-12-17 17:28:21,хорошее отделение банка. чисто .быстро обслуживают.,5,
110,lyubov-miha,2021-08-31 09:29:09,"Отличное отделение. Хороший персонал, дорожат своей репутацией. Очень нравится уровень обслуживания клиеньа",5,
111,Егор Макарцев,2019-12-27 14:19:56,"Одно из старейших отделений сбера в Солнцево.

Расположение удобное.

В отличие от многих других отделений, внутри просторно и светло, как в ""обычном"" зале, так и в зале для банкоматов.

Обслуживанием здесь всегда был доволен.",5,
112,Ржаникова Юлия,2022-06-14 18:13:49,"Отправляла посылку на авито через сберлогистику. Все достаточно быстро, народу было мало. Мне понравилось.",4,
113,abdulkerimibaev,2022-07-22 18:30:37,"очень приветливый персонал, всегда уходил оттуда довольным,",5,
114,Григорий О.,2023-07-10 17:18:17,Иногда переполнены банкоматы нельзя закинуть наличку,5,
115,Рауф Хайдаров,2023-09-10 19:41:11,Отличное место банкамат 24/7,5,
116,Михаил М.,2022-02-16 06:28:30,"С парковкой проблематично, бросаешь на проезжей части.
В предбаннике где банкоматы, затхло и грязно было.
А так стандартное сберовское отделение.
О персонале ничего не скажу, не контактировал.",3,
117,Анонимный отзыв,2023-07-30 17:03:13,"Низкие проценты по вкладам, дорогие кредиты",3,
118,Gray Sensei,2021-11-18 07:39:35,Быстрое обслуживание и много круглосуточных банкоматов (что редкость). Спасибо за это отделение.,5,
119,Анна М.,2023-04-25 06:51:35,"Потеряли посылку и 2 недели говорили, что она едет 🤦🏼‍♀️",1,
120,Маматова Эльмира,2023-01-08 08:55:59,"Все нравится и обслуживание, ожидания, отношения к клиентам.",5,
121,Александр Редькин,2021-12-04 17:24:02,"Обычный типовой офис Сбера в жилом районе. Услуги стандартные, как в любом другом офисе. Сотрудники вежливые.",4,
122,bella.igor.makar,2023-07-19 16:11:50,"Удобно,рядом с домом",5,
123,Evgen Ynovich,2022-05-12 11:43:02,Обычный Сбербанк! Персонал работающий здесь подобран хорошо !,5,
124,Клименков Васильевич,2022-02-15 13:48:40,"Иногда захожу , вежливое обслуживание , отличный персонал .",5,
125,Юлия Мяу,2023-03-02 13:30:35,"Мне нравится это отделение, всегда решали мои вопросы",5,
126,РН,2024-03-22 16:20:24,Сижу уже 50 минут не могу получить готовую карту.,1,
127,Лёня Необязон,2024-04-14 17:46:10,Топ,5,
128,Александр Котровский,2023-10-26 17:34:12,Есть куда стремится,4,
129,Ренат Акжигитов,2022-06-08 18:55:23,"В Сбере все как всегда- вежливо, быстро, по существу.",5,
130,дмитрий блюхер,2023-10-13 16:13:41,Вопрос не решен!!!!!!,1,
131,Дени Кодзоев,2022-08-07 10:50:46,"Все нравится, как всегда, сбербанк на высшем уровне)",5,
132,Мария Р,2021-12-14 17:45:18,"Небольшое, но очень уютное отделение. Многи сотрудники уже как родные.",5,
133,Андрей Полетаев,2021-08-28 22:09:18,Пару раз был в этом филиале. Внутри оба раза было очень долго. При незначительном количестве посетителей. Так что как и в другом Филиале - банкоматы.,4,
134,Леонид Фёдорович Балдицин,2022-12-11 18:55:30,"Вежливый персонал,оперативно.",5,
135,Reisvelda,2022-06-05 21:30:24,Люблю это отделение! Очень быстро решаются все вопросы по Сберу,5,
136,Милена,2020-12-25 09:20:56,"Хороший Сбербанк.Консультанты и опреторы тоже .Единственное минус во всех сбербанках,навязывают свои продукты и услуги.Вот это раздражает.",5,
137,Саенко Ирина Николаевна,2023-09-06 16:58:27,Хороший персонал.,5,
138,Ирина Н.,2022-09-19 18:02:36,Сотрудники орут на весь зал о суммах операции. Это нормально вообще?!,3,
139,Лариса Иванова,2023-01-24 16:11:11,"Не торопятся, хотя и не почта России.....",3,
140,203537 олесов,2022-08-25 18:46:57,"Есть банкоматы круглосуточно, удобно",5,
141,Юрий Никитин,2021-07-19 08:09:29,"Обычное отделение ,но если вы пришли оформить карту вы будете сидеть до вечера, т.к операторы видимо специально пропускают такие талоны и принимают других клиентов.",2,
142,Светлана Попова,2023-10-02 16:55:35,Лучший банк!,5,
143,尤金胖的,2020-03-10 13:56:39,"Редко бывают очереди. Приветливые и квалифицированные консультанты. Все операции проходят быстро. Чистый, просторный зал.",5,
144,Алексей Игнатов,2023-08-31 11:12:59,Хорошая работа,5,
145,Ольга Медведева,2023-08-14 16:23:47,Хороший персонал,5,
146,Артём Третьяков,2022-09-09 11:10:42,"Хороший персонал , минимальные очереди .",5,
147,Анастасия Сыропятова,2023-06-07 22:02:30,Сотрудники не вежи,1,
148,василий немна,2022-07-04 17:22:00,"Был только в банкомате, чисто народу мало",5,
149,Потапова Галина,2021-09-26 19:32:48,"Уже несколько раз теряли мою карту при перевыпуске 😄 а так всё ок - чисто, удобно, вежливые сотрудники",4,
150,Виктория З,2023-04-30 15:55:22,Хороший офис у дома,4,
151,Инкогнито 0843,2022-11-21 17:08:33,"Мне нравиться, народу не много.",5,
152,Шахбоз Ходжиматов,2021-07-03 14:12:13,"Радует то, что банкоматы всегда работают, всегда есть наличка в банкоматах, без каких либо сьоев работают.",5,
153,Рахат Джумагулова,2022-05-02 16:54:04,"Вежливые сотрудники,быстрое обслуживание",5,
154,Андрей Лёва,2022-09-15 07:54:32,много банкоматов круглосуточно,5,
155,Гадкий Я,2021-02-09 12:43:50,"На входе очень приветливые сотрудеики, очередей практически небывает ноесли есть то не надолго. Более 10 мин ниразу не пробыл",5,
156,Ольга👑,2019-09-20 20:46:31,"Всегда хожу в этот Сбербанк, там никогда нет очередей. А особенно мне нравится менеджер Юрий очень обходительный, вежливый и главное грамотный сотрудник. Рекомендую 👍",5,
157,Елена,2023-07-30 18:40:29,Все отлично,5,
158,Елена Денисова,2020-11-22 06:02:03,"Часто бываю в этом сбере... За последние годы очень изменилось и обслуживание и время ожидания...
Очень напрягает куча навязчивых услуг...",5,
159,Мария,2023-04-16 17:31:29,Обычное отделение,5,
160,Андрей Огиренко,2023-04-09 18:40:05,Все отлично.,5,
161,Алла Юсупова,2020-03-03 14:21:38,"Очень хороший сбербанк, постоянно сюда хожу... Грамотные, вежливые специалисты, быстро работают. Советую!",5,
162,юлия,2021-08-19 09:31:25,"Умнички, работают как часы. Четко объясняют,очень приятно внимание.",5,
163,Liupav,2021-09-12 13:16:34,"Уютненький банк, помогут подскажут. Всё хорошо",5,
164,Инкогнито 2695,2023-01-12 16:57:23,Отличное обслуживание,5,
165,Мария Кашуба,2021-10-23 16:17:15,"Быстрое обслуживание, редко попадались большие очереди.",4,
166,Александр,2023-10-11 17:16:23,Отличный),5,
167,Гарик Мартиросян,2020-03-15 21:41:14,"Очень удобное расположение, рядом можно припарковаться, быстро работают, банкоматы стоят отдельно",5,
168,Анна Шантарина,2022-09-18 14:06:07,Шигапова Виктория лучшая!,5,
169,Юлия Ким,2021-06-10 17:25:49,"Обслуживаюсь в этом банке ,имеется личный менеджер, все на высшем уровне,всем довольна",5,
170,Антон,2022-01-04 20:09:17,"Понравилось, 2 раза был и без очереди. Точнее ждал не значительно долго",5,
171,Елена Полянская,2021-04-14 13:04:29,"Довольно быстрое обслуживание, отзывчивый персонал",5,
172,margomargo90,2020-10-21 10:06:51,"Почему бы в банкоматы- МЕГА ПОПУЛЯРНОЕ МЕСТО!в связи с обострившейся ситуацией Covid не поставить, человека(как в макдональдсе, например) протирающего хотя бы кнопки банкоматов, ИЛИ ПОВЕСИТЬ ДЕЗИНФЕКТОР рук на входе?!",1,
173,Акацки,2021-07-06 22:15:21,"Заходил к банкоматом после 23,иногдаа были запахи будто кто-то обмочился.Но в целом не плохо .",4,
174,Владимир Буланцев,2020-03-14 08:26:32,"С одной стороны - удобное расположение на перекрёстке. С другой - отсутствует парковочное пространство, проезд затрудняется.",4,
175,Наталья Л.,2022-11-07 13:00:44,Внимательный персонал,5,
176,MURA FORD,2023-05-15 16:47:39,Отлично,5,
177,САРДОР Х.,2023-02-25 19:29:12,Хороший место,5,
178,Луканов Ю.В.,2021-04-05 19:29:39,"Комфортный зал ожидания, тесный вход, свободные банкоматы(ни разу не ожидал обслуживания у них).",5,
179,Зорин Павел,2021-10-11 11:46:44,"Вежливое обслуживание, во ещё по выходным бы работали.",4,
180,Бергман Иосиф,2021-07-11 15:43:01,"Отделение с грамотными специалистами. 
Заходите, не пожалеете.",5,
181,Анатолий Лебедев,2022-07-15 10:03:31,Очень приятный персонал,5,
182,павел брусяев,2023-01-21 06:53:46,Недопонимание,4,
183,Мария Предеина,2022-02-03 17:20:11,Хорошее просторное отделение,5,
184,Бабашева Марьяна,2023-05-11 17:10:49,Всё супер,5,
185,Михаил Вачаев,2021-06-20 20:29:21,Всё очень хорошо работает. Мне нравится,5,
186,Андрей Орлов А101,2022-11-13 13:04:57,Очереди бешеные.,2,
187,Лариса,2019-08-20 13:52:50,"Классное Солнцевское отделение.Редко долго ждём в очереди , профессиональные сотрудники . Нет стоянки , но машину всегда есть куда припарковать.Поставьие лайк , если не трудно!?",5,
188,Zarema.,2022-09-15 17:18:29,Вежливые. Работники,5,
189,Янки Дотсон,2021-09-03 15:00:21,Получал в этом отделении карты. Работники банка внимательны и терпеливы.,5,
190,Сергей,2022-01-16 17:55:49,Обычный сбер. Банкомат круглосуточный.,5,
191,Люда Павлова,2019-12-07 15:06:08,Сбербанк находится рядом с домом сотрудники банка приветливаи если что надо подскажут и помогут качество обслуживания на 5 из 5 спасибо,5,
192,Миша М.,2020-03-27 12:16:36,"Обслуживание понравилось, очереди не было, правда пришли под закрытие. Сотрудники достаточно вежливые, не смотря на окончание рабочего дня",5,
193,Наталья,2020-11-03 07:35:50,"Хороший Сбербанк. Вежливый персонал, работают быстро, очередей нет.",5,
194,Владислав Любичев,2021-11-10 00:16:47,"Отлично, быстро обслужили.",5,
195,Александр Мурзикович,2019-07-25 14:08:12,"Отделение выполнено по принципу Оупен спейс (Open space), то есть открытое пространство без перегородок. Вокруг диванчики и электронная очередь. Работают быстро.",5,
196,Honey ✨,2021-08-19 19:53:34,Удобно.Красиво.И для родителей удобно,5,
197,stanislav16071976,2022-06-07 15:20:49,Круглосуточный обменник,5,
198,Людмила,2021-08-26 16:25:49,"Отзывчивый персонал,решают любые вопросы!",5,
199,Вадим П,2020-01-10 18:11:51,"Постоянно плачу в этом офисе нет очередей и доступность. Жаль что решают не все вопросы, не смогли вернуть пуш уведомления, отправили в бестолковый колцентр, в живую помочь не можем(((",3,
200,548199 Маркина Виктория,2022-08-21 18:46:49,Очень приятно,5,
201,Владимир Афанасов,2021-08-30 16:35:35,"Чисто, немноголюдно. Хорошо",5,
202,Алекс,2021-04-24 19:26:39,"Все подробно обьяснят и расскажут,молодцы",5,
203,Сергей К.,2020-01-25 21:28:53,Очень приветливо и внимательно. Одновременно быстро и качественно обслуживают. К тому же у этого отделения уже своя аура,5,
204,ФОТОКОПИ,2020-12-20 14:40:39,очень удобное отделение. грамотные сотрудники,5,
205,Павел ростовский,2020-02-10 22:03:16,"После ремонта стало намного лучше, банкоматы отдельно рабочая зона отдельно и народу не много",4,
206,Виктор,2019-10-22 15:43:06,"Хорошее отделение сбербанка. Нормальное, по размерам, помещение. Банкоматы вынесли в отдельную комнату, так что тем, кому они нужны, не толпятся в общем зале.",5,
207,Алексей Цветков,2020-02-08 16:40:21,"с точки зрения шаговой доступности 5 баллов,а подъехать проблема стоит на пороте паркинга шиш еловый .",3,
208,Сергей Шлыков,2021-10-23 13:19:18,"Хороший банк, внимательное отношение.",5,
209,Магадун,2020-01-10 10:08:23,Очень хорошее отделение. Девушки замечательные. Банкомат круглосуточно.,5,
210,Юрий М,2019-10-12 14:58:14,"По сравнению с другими филиалами, не особо много народа. Быстро обслуживают. Всегда помогут.",5,
211,Олег...,2022-06-14 14:20:05,Отличный банк .,5,
212,Татьяна Гущина,2019-09-09 11:12:46,"Чистое, светлое отделение банка. Имеется помещение с банкоматами - работает круглосуточно.",5,
213,Юлия,2019-12-10 07:09:37,"Ужасный банк, всегда куча народу, сотрудники обслуживают медленно и нерасторопно, в банкоматы всегда очереди, частенько не все банкоматы работают",1,
214,Сергей,2019-09-24 14:02:33,"Был в банкомате в 4 утра, вообще огонь очередей нет, людей нет, и вообще в это время ни кого нет, рекомендую к посещению",5,
215,людмила с.,2019-08-08 09:20:53,Обслуживают в этом отделении. Очень давольна. Вежливые и внимательные работники. Рекомендую,4,
216,Нелли Муравьёва,2021-06-11 08:35:54,Удобно время работы банкоматов,4,
217,Александр К.,2022-12-23 12:22:45,Хорошо,4,
218,М,2021-05-29 15:23:56,"Консультация хорошая, а вот обслуживание немного грубоватое , видимо смотрят на национальность",4,
219,Татьяна Посевкина,2022-02-07 16:57:58,Хороший Сбербанк.,5,
220,Имя Ф.,2019-08-26 13:27:36,"Рядом с домом, банкоматы работают круглосуточно. Вежливый персонал",5,
221,AMGRS,2022-05-16 18:06:53,Банкомат доступен в любое время,5,
222,Чоник Чоник,2021-05-08 09:14:27,Всё очень хорошо удобно,5,
223,Роман,2021-03-15 06:42:16,Уважение и внимательность к вопросам клиентов,5,
224,Валерия Чибисова,2021-05-19 15:30:38,"Банк хороший,персонал любезный",5,
225,Нестеренко Антон,2019-10-05 10:06:36,Консультанты приветливые и порой грамотные. Есть бесплатный Wi-Fi.,5,
226,nikolay-shuvay,2021-07-09 14:17:07,Отлично для инвалидов,5,
227,Виктория Чернавина,2021-08-30 10:23:50,В целом все хорошо,4,
228,Сергей Иванов,2021-06-06 14:09:25,"Стали навязывать услуги, как на рынке.",4,
229,Кутлиев Руслан,2021-12-09 16:30:19,Вежливый персонал,5,
230,Neobro,2021-08-31 18:39:04,Навязывают ненужные услуги,2,
231,Игорь,2021-06-18 10:34:03,Грязно и нет чековой ленты почти никогда,2,
232,Светлана Харинова,2020-10-12 10:18:45,Бываю редко но работники банка работают хорошо,5,
233,Леднёв Владимир,2020-03-06 13:05:15,Более менее нормальная обстановка и адекватные сотрудники.,4,
234,Ольга К.,2019-12-15 06:30:55,и быстрое обслуживание и очень вежливый персонал,5,
235,Шахман Даудиев,2022-01-13 16:30:16,Лучший из лучших,5,
236,Виктор Николаевич Лебедев,2019-11-05 17:34:09,отлично подготовленный персонал и всё остальное,5,
237,Вероника,2022-05-13 18:18:39,Все хорошо),5,
238,Павел Ник,2020-02-04 17:18:21,"Понравилось обслуживание, а какие красивые девушки работают....",4,
239,Анонимный отзыв,2021-05-26 17:12:58,"Очень понравилось обслуживание, нет очередей!",5,
240,Алла К.,2019-09-18 10:59:27,"Ребята молодцы. Все вежливо, культурно. Всегда помогут и объяснят что и как",5,
241,Наиль Бедретдинов,2022-01-27 16:44:53,Великолепно,5,
242,Михаил Михаил,2019-10-16 04:24:35,"Места для ожидания, электронная очередь, работа консультанта, банкоматы, ставлю 4",4,
243,Валерий Игнатов,2019-11-18 19:11:24,"Хорошее отделение, много банкоматов, решают любой вопрос!",5,
244,Владимир Леонидович Ж.,2021-08-18 17:37:43,Много банкоматов очередей практически нет.,5,
245,Владислав Зарянский,2020-10-02 19:38:22,Хороший грамотный персонал.,5,
246,АрaMaN Prodigy,2020-01-20 21:54:50,"Приветливый персонал, хороший сервис!!!",5,
247,Max,2022-05-18 11:47:07,Удобный,5,
248,Tatiana D.,2018-03-25 11:25:25,"Хорошо обслужили. Получала тут карту, все очень быстро и понятно. Подключили автоплатеж, не спросив.за это минус)))",4,
249,Татьяна Ш.,2019-07-31 14:10:46,Приветливые и грамотные сотрудники. Спасибо!,5,
250,Евгений,2019-12-31 14:35:08,Всё работает в штатном режиме. Вежливый персонал.,4,
251,mikp,2019-11-01 15:04:43,Очень быстрое и качественное обслуживание.,5,
252,Юлия $,2021-05-08 09:28:39,Хорошее отделение,5,
253,Lina,2019-10-02 16:44:13,Единственный нормальный сбер с адекватными работниками,5,
254,Дмитрий А.,2019-11-20 19:08:43,Мало народа днем обслуживание довольно быстрое,4,
255,Shakhnoza,2019-07-31 09:15:39,"Вежливый персонал, чисто, нормальный банк.",5,
256,Миша Андрюшин,2021-05-10 13:39:35,Не люблю Сбербанк,4,
257,Вячеслав В.,2020-02-17 14:50:09,"Уютно, хорошие консультанты",5,
258,Радик Клос,2019-09-03 17:42:24,Всё супер на входе подошли сотрудники оказали помощь.,5,
259,Юрий,2022-01-28 13:52:31,Окей,5,
260,ГАЛИНА САМОХИНА,2021-06-19 15:15:50,0чень нравится.,5,
261,Валентина Н.,2020-03-03 19:34:02,"Хорошее отделение банка, хорошее обслуживание.",5,
262,Иван Александров,2021-10-12 16:30:00,Всё хорошо,5,
263,ann60374482,2020-02-25 10:41:01,Быстрое и внимательное обслуживание!,5,
264,Максим П,2020-03-23 07:04:54,Рядовой сбер со стандартными проблемами.,2,
265,Баса Бегиев,2020-01-27 21:28:10,Есть паркинг и персонал нормальный,5,
266,Дмитрий Лебедев,2019-11-24 19:41:08,"Спасает днём и ночью,а какой красивый персонал 😁",5,
267,ЛЮДМИЛА ГЛЕБОВСКАЯ,2019-11-21 10:01:43,Все быстро и отзывчивые операторы,5,
268,Максим Ф.,2019-08-04 11:26:51,"Персонал не встречал, но в отличие от других точек сбербанка, в этом еще ни разу не видел неработающих банкоматов.",5,
269,Vova Kyznetsov,2020-04-01 09:20:55,"На карантине не работает, только банкоматы",1,
270,Екатерина Екатерина,2020-03-31 14:57:07,Обычный сбер. НО работает с 10.00,4,
271,Рухсара Гусева,2020-06-02 14:29:35,Очень хороший и удобный,5,
272,ноу х.,2021-01-10 16:12:22,Хорошие. Спасибо.,5,
273,Анонимный отзыв,2021-07-24 11:13:26,Все услуги,5,
274,владимир нечаев,2019-09-15 11:04:16,Близко круглосуточно удобно,5,
275,Шамил,2019-10-01 20:33:58,"Обычный филиал, ничего примечательного очередей мало",4,
276,Константин Зубков,2018-07-09 12:30:16,"Нормальный сбер, недавно отремонтировали. В отдельном помещении 5 банкоматов",5,
277,DIG (mobile),2019-11-06 09:18:20,Обычное отделение. Банкоматы стоят в отдельном (круглосуточном) помещении.,4,
278,Маргарита Вурье,2020-11-13 09:33:39,Рядом с домом,5,
279,agibalov23,2019-08-09 13:37:28,"Все как всегда, но проблема не в банке а в людях.",4,
280,Денис М.,2020-03-22 09:42:59,Ненавязчивый персонал,5,
281,Pavel Kydrivtsev,2020-02-28 19:26:30,"Обычное здание,, Сбербанк,",3,
282,Ляля,2020-03-18 07:34:07,Банкоматов бы побольше.),3,
283,PainKiller,2019-08-04 07:16:35,"Банкоматов здесь достаточно,аж пять штук.",5,
284,Любовь,2019-09-25 16:33:37,Быстро. Профессионально.,5,
285,Shuxrat Xidirov,2020-01-21 10:41:04,очен вежливый персонал,5,
286,Олег Ромашков,2019-08-23 12:13:54,Неплохо относятся к своим обязанностям.,4,
287,Юри Ник,2019-04-27 13:43:35,Иногда не все банкоматы работают очень плохое,4,
288,Валентин Тюрбеев,2019-08-23 20:15:57,Обычный сбер. Работает хорошо.,5,
289,Татьяна,2019-10-15 15:16:14,Очень медленное обслуживание,3,
290,Ева Де,2019-08-14 19:04:56,Не плохой сбербанк. Хорошие сотрудники готовые помочь во всем.,3,
291,Любовь Л.,2018-03-21 12:18:12,"Была два раза, платила за коммунальные. Работало одно окно, вроде сотрудников нет у них.",3,
292,Наталья П.,2020-03-18 18:46:45,Быстрое обслуживание,4,
293,Richard R.,2018-08-18 14:43:09,Очень удобно и коллектив понимающий,5,
294,Николай Прохоренко,2020-03-15 02:07:15,Всегда под рукой.,4,
295,Михаил,2019-03-18 18:08:04,Обманывают скрывают информацию касающуюся моих счетов.,3,
296,Дмитрий К.,2020-01-12 10:22:34,Есть банкомат 24/7,5,
297,Сергей protivcragi,2019-09-11 10:49:00,Обычный сбер. Как везде.,3,
298,Кристина Кауфова,2019-07-30 20:52:34,Обслуживание качественное,5,
299,Любовь,2019-07-29 22:52:41,Для села нормальный сбер!,4,
300,Марина,2019-12-04 16:43:06,Хорошее обслуживание,5,
301,махамад м.,2019-07-26 14:05:07,Отзывчивые сотрудники,5,
302,Виталий Лион,2019-05-07 21:00:43,Куча пенсионеров и гастарбайтеров,5,
303,света мухина,2019-08-16 17:42:23,Лучше чем могло быть.,5,
304,Ирина К.,2019-08-08 16:24:02,Быстрое обслуживание,5,
305,Шухрат Давлатназаров,2019-12-22 08:47:40,там тоже не плоха,5,
306,Анонимный отзыв,2019-08-09 22:44:05,Оферисты с запада,1,
307,Анастасия О.,2018-03-20 15:06:56,"Очереди большие, всегда много народу. Банкоматы работают через раз.",2,
308,Сергей Мальгин,2019-08-18 18:38:41,Всегда очереди.,1,
309,владимир нечаев,2018-05-30 17:42:01,рядом с домом-удобно!-круглосуточно!,2,
310,Сергей Кузин,2018-03-08 09:23:32,"Удобно,быстро,качественно",5,
311,7 C.,2019-05-07 18:45:47,Рутинная организация,2,
312,ЧС,2019-11-27 17:18:38,Работает 24/7 без перебоев,5,
313,Алексей Харин,2019-08-25 12:04:00,Банк как банк,3,
314,Aleksandr Nikiforov,2019-08-03 10:58:35,как солёные мухи,3,
315,ВАЛЕРИЙ B,2019-12-03 05:12:07,Самые длинные очереди,4,
316,Александр Агафонов,2019-05-26 19:58:58,Надежный банк),5,
317,Владимир,2018-06-16 13:20:04,Постоянные очереди!!!!,3,
