,name,date,text,stars,answer
0,Ольга Северюхина,2024-03-25 03:53:57,Всё очень замечательно и хорошее качество обслуживания желаю успехов и здоровья работникам Сбербанка,5,
1,ShashlikOtAdidas,2022-02-03 17:39:40,"Меня обслужили очень быстро и самое главное качественно! Внутри все очень ярко и красочно! Это лучший сбербанк где я была, другого такого не найти!",5,
2,Олег Горностаев,2022-12-06 10:09:46,"Очень отличные консультанты, прошёл всë наглядно объявили и показали, одним словом супер всё",5,
3,Дмитрий К.,2019-08-24 14:29:09,"Ни в одном Сбербанке мира со мной не происходило ничего подобного(с)!
 Генри Баскервиль
Во многих банках, в том числе и сбербанке, аэропортах и прочих заведениях никого не интересовал вид моего паспорта! Здесь же очень щепетильно киэтому относятся... я думал у меня и правда паспорт изношен...но посидел послушал-не один я такой. Кроме паспорта вообщето есть другие документы удостоверяющие личность- права например. Могут отказать в обслуживании по этой причине. А так обычный сбер. 4 человека работают. Здание 2 этажа-можно целое отделение солдатиков рассадить. В общем много рекламы а так обычный банк как и все",3,
4,Николай Бергер,2021-07-09 08:39:51,"Офис обслуживания Сбера, отличный вариант, если проживаете в Искателях или ближайших к нему районах.",5,
5,Андрей Шатыло,2023-02-24 16:20:33,"Мало народу, ждать не долго",5,
6,Валентина,2021-10-04 17:20:35,"Работников нет, ожидание долгое. как то уже не то.",2,
7,Дарья,2023-04-17 17:39:57,Быстрое обслуживание,5,
8,Мудрая,2020-02-20 19:38:42,На данной момент доверяю только сбербанку И пользуюсь только его предложениями. Надёжно и информативно.,5,
9,Герман пашун,2022-07-10 14:13:01,Все хорошо,5,
10,Виталий Снигирь,2021-07-08 11:19:51,Нормальное отделение,4,
11,Алексей Матюшенко,2020-02-05 22:35:20,Вежливый персонал! Отзывчивые сотрудники!,5,
12,Виолетта Репина,2020-11-26 17:17:52,Всегда помогут) респект❤️,5,
13,Влад Уткин,2021-10-03 15:13:07,Надо его переделать,4,
14,Виктор Богданов,2020-02-14 20:11:10,"Парковки нет, а так обычное отделение сбербанка",5,
15,Никита,2021-11-13 01:24:03,Все на уровне!,5,
16,Сергей Никишин,2019-10-21 10:05:35,Не одобряют кредит! Навязывают то что не нужно!!!!,1,
17,Галина Ф.,2020-02-27 06:03:15,"Меньше очередь, чем в центре.",4,
18,Андрей Петрович,2020-01-17 22:09:00,Сберыч он и в Москве сберыч.,4,
