,name,date,text,stars,answer,load_time
0,Елизавета,2023-12-15 12:26:08,"Хочу выразить благодарность банку за качественное обслуживание. Внимательное и профессиональное отношение сотрудников, позволяет чувствовать себя комфортно и уверенно во всех финансовых вопросах.",5,,2024-05-20 09:00:31
1,Хэленочка,2023-12-26 14:25:05,"Очень нравится, что есть круглосуточный доступ к банкоматам в этом отделении. Обслуживание организовано в современном стиле. Сотрудники стараются быстро решать любые банковские вопросы.",5,,2024-05-20 09:00:31
2,Дарьяна Галкина,2024-04-02 14:02:05,"Персонал в этом офисе продолжает стабильно работать и помогать разобраться с любыми вопросами. Я когда кредитку оформить хотела пришла сюда за помощью. Беспроцентный период подкупил, снять наличку можно, удобное бесплатное обслуживание. Райская карта)",5,,2024-05-20 09:00:31
3,Эльвира Поленкова,2024-04-17 19:09:51,"С каждым разом подтверждают статус лучшего банка, по моему мнению. Было много раз и уже не нервничаю, знаю, что со всем получится справиться. Сотрудники работающие здесь, настоящие знатоки своего дела, всем очень благодарна.",5,,2024-05-20 09:00:31
4,Мария Громова,2024-04-05 04:50:52,"Уже больше трех месяцев не могут решить вопрос по совпадению номеров паспортов, из-за этого не можем оформить доверенность на вклад, поэтому ничего хорошего не могу сказать. Обращение по Эл.почте ничего не решило, только одни отписки: ""напишите в контакте"", пусть то..., пусть это... Мама пишет с моей Эл.почты, т.к. своей нет, но их это не устраивает, т.е. пожелой человек не может получить услугу только потому, что у его нет Эл.почты.",1,"Мария, здравствуйте.

У нас свои способы идентификации клиентов, изменить которые не можем, так как это — вопрос безопасности. 

В том числе не можем проверить информацию по одному клиенту через чужую электронную почту.

Ваша мама может написать нам в личные сообщения любой соцсети со своей страницы, всё проверим.",2024-05-20 09:00:31
5,Светлана,2024-05-09 16:41:45,"Быстрое обслуживание, общение очень вежливое. Мне ответили на все вопросы, посоветовали открыть расчетный счет для ИП и перейти на РКО. Понравилась упрощенка по налогам, буду переходить в Альфу.",5,,2024-05-20 09:00:31
6,Елизавета В.,2023-12-20 21:00:07,"Хорошее отделение с большим выбором услуг. Обслуживание на высшем уровне, всё оперативно и быстро.",5,,2024-05-20 09:00:31
7,Светлана Чистякова,2024-05-10 11:20:07,"Стабильный банк, который выдержал все кризисы, была в этом отделении, чтобы узнать подробнее о дебетовой карте, точно ли она бесплатная, и правда, абсолютно бесплатная карта. Сотрудница все про нее рассказала и мы вместе ее оформили.",5,,2024-05-20 09:00:31
8,Алексей Ш.,2024-01-29 18:36:52,"Отделение ужасное. При получении дебетовой карты обязательно навяжут кредитный продукт, будьте уверенны. Причём навяжут под предлогом ""Сейчас оформляем дебетовую карту вместе с дополнительным счётом (ЕСТЕСТВЕННО КРЕДИТНЫМ)"". В общем не рекомендую. Плюс к тому же ожидание долгое. Просто ВЫДАЧА карты со всеми ""дополнительными обязательными счетами"" занимает минут 30.",1,"Здравствуйте, Алексей.
Удивлены прочитанным, простите за такой опыт. Проверим работу коллег и исправимся. 
Подскажите, пожалуйста, вопрос с кредитной картой уже решили?",2024-05-20 09:00:31
9,Анна П.,2023-09-10 12:16:35,"Я живу всего в нескольких шагах от этого отделения, и оно для меня самое удобное. Всегда, когда я прихожу, меня встречают дружелюбные сотрудники, которые оперативно и профессионально решают мои вопросы.",5,,2024-05-20 09:00:31
10,Екатерина Упорова,2024-03-31 07:02:47,"Просто отлично! Никаких проблем или нареканий, обслуживание было быстрым и профессиональным",5,,2024-05-20 09:00:31
11,Мария Мазур,2023-12-17 18:12:02,Банк стал для меня настоящим помощником в финансовых вопросах. Удобный интернет-банк и отзывчивый персонал.,5,,2024-05-20 09:00:31
12,Галинка,2023-11-21 08:22:26,"Рекомендую офис. Так как обслуживают тут просто отлично. Персонал грамотный, вежливый и реально помог мне с условиями за короткое время. Менеджеры сами подходят и объясняют.",5,,2024-05-20 09:00:31
13,Александр В.,2023-09-26 12:05:38,"Данный банк сначала снял комиссию по страховке по кредитной карте! Я обратился с претензией, деньги тут же вернули. Сейчас дважды сняли комиссию с дебетовой карты. Первый раз за перевод с использованием другого банка. Даже смысл формулировки никто объяснить не смог! Написал претензию, деньги сразу молча вернули. 

Второй раз сняли за перевод с карты на карту!

Я перевожу через сбп , лимит в месяц не исчерпан + подключена услуга переводы без комиссий! 

В итоге никто за 3 часа висения на трубке с оператором не смог найти, за чтт сняли деньги. Составили претензию! И банк её ОТКЛОНИЛ!! С формулировкой - типа всем не угодишь!!!! И это банк из топ по стране!!! В итоге комиссию возвращать не собираются! 

Кроме этого у банка позорный чат! Оттуда невозможно написать сотруднику! Выбери вариант и так покругу! Ну или сиди дозванивайся! 

Короче хуже банка еще поискать!

Сервис отвратительный, на клиентов начихать!!!",1,"Здравствуйте, Александр.

Хотим разобраться и помочь. Отправьте, пожалуйста, письмо на smm@alfabank.ru В теме укажите ссылку на ваш отзыв, а в самом письме напишите ФИО и дату рождения, а также скриншот отзыва.",2024-05-20 09:00:31
14,Галина Булавина,2023-02-24 13:50:07,"Обслуживание на высшем уровне! Всегда доброжелательные сотрудники. Приходишь в любое время, даже в выходной день и тебе всегда рады! Все покажут, расскажут, помогут с любой проблемой! И что самое главное, не навязывают свои услуги!!!",5,,2024-05-20 09:00:31
15,Анюта,2024-04-25 11:24:24,"Огромная благодарность девушке на входе!
Она быстро помогла с оформлением платежей по ЖКХ. 
Все было ясно и понятно, большое спасибо!!",5,,2024-05-20 09:00:31
16,Игорь Гончаров,2024-02-20 14:24:56,Все вопросы решают оперативно. Персонал вежливый и компетентный. Спасибо!,5,,2024-05-20 09:00:31
17,Валерия Б.,2024-05-12 09:28:24,"Нет расписания когда работает касса. Зачем то есть функция внесения наличных через кассу, когда получаешь талон и ждёт потом в ответ что касса с 12 работает, зачем функция доступна с 10 ?",1,"Здравствуйте, Валерия.
Адреса и режимы работы офисов, в том числе тех, где есть касса, можно найти здесь: alfabank.ru/office/map/.",2024-05-20 09:00:31
18,полухин дмитрий,2023-04-02 16:06:49,"Обслуживание вежливое. Сотрудники отзывчивые. Очень помогла сотрудница банка Кристина- грамотный ,доброжелательный и отзывчивый человек. Большое спасибо . Рекомендую, всегда помогут .",5,,2024-05-20 09:00:31
19,Дарья Медведева,2023-09-28 08:33:41,"Хорошее отделение, с приятным персоналом и грамотным в общении, что большой плюс. Никто не теряется, когда задаешь вопрос. Ориентируются менедежры в продуктах и услугах банка оперативно",5,,2024-05-20 09:00:31
20,Сергей кокнаев,2023-04-11 05:27:23,"Обслуживания на отличном уровне,отношение ко мне было очень вежливо,ответили на все мои вопросы,и помогли решить все мои проблемы ,персонал работает качественно вообщем и целом всем доволен",5,,2024-05-20 09:00:31
21,Татьяна Александровна,2024-03-30 05:53:34,"Разговаривать не умеют. Наталья Х. Все настроение испортила. Задала один лишь вопрос спокойно, ответ поступил как будто я сюда пришла от них что-то требовать",2,"Татьяна, здравствуйте!

Извините, что столкнулись с таким обслуживанием, для нас это — не норма. Обязательно проверим работу сотрудников.",2024-05-20 09:00:31
22,Инкогнито 1654,2024-04-15 15:01:12,"Обслуживание полный ноль!! Сотрудников человек пять, а по факту работают один или два сотрудника. Простоял в электронной очереди два часа!",1,"Здравствуйте! 
Простите, что столкнулись с долгим ожиданием. 
Стараемся решать вопросы клиентов быстро, но из-за высокой нагрузки иногда не справляемся. 
В данном отделении обслуживаем физических и юридических лиц. По всей видимости, сотрудники были из другого отделения и ожидали своих клиентов.",2024-05-20 09:00:31
23,Максим Мельников,2023-09-07 14:42:07,"Спасибо сотрудникам отделения, которые мне помогли открыть вклад на выгодных условиях. Девушка помогала разобрать все детали и условия. С веб версией разобрались минут за 5. Да и банкоматы рядом, удобно класть сразу деньги)",5,,2024-05-20 09:00:31
24,Виталий Шерстянкин,2024-05-08 16:10:40,"Чтобы получить кредит, мне потребовалась всего пара дней. По паспорту смогла запросить нужную сумму и после одобрения забрала карту в этом филиале.",5,,2024-05-20 09:00:31
25,Ирина,2024-04-04 19:25:09,"Обслуживание понравилось, менеджеры доброжелательные, улыбчивые, клиентоориентированные. Они даже предложили зарядку для телефона, увидев, что у меня мало процентов. Вопрос был решён быстро и грамотно.",5,,2024-05-20 09:00:31
26,Марат Юнусов,2023-10-30 18:15:08,"Всем, кто надумал брать ипотеку, рекомендую обращаться в Альфа банк. Здесь самые выгодные условия и для новостроек и для рынка вторичного жилья. Выплачиваю свою уже второй год, нормально.",5,,2024-05-20 09:00:31
27,екатерина гергерт,2023-12-14 09:58:05,"Выдают кредитные продукты ученики без опыта. Делают ошибки и консультируют не до конца, а их ошибки стоят потом клиентам денег.",1,"Екатерина, здравствуйте!
К подготовке сотрудников относимся серьёзно. 
Напишите всю ситуацию подробно, а также ФИО и дату рождения на нашу почту: smm@alfabank.ru В теме укажите: Я.Карты. екатерина гергерт. Жалоба.",2024-05-20 09:00:31
28,Прр,2023-06-30 13:45:33,"Очень красивое отделение, стильный ремонт, свежий воздух , удобные диваны, быстрое и качественное обслуживание",5,,2024-05-20 09:00:31
29,Юлия Труфакина,2023-02-15 14:45:01,"Отличная работа сотрудников банка! Я очень довольна обслуживанием. Всё четко, по-деловому. Очень внимательные и вежливые сотрудники. Спасибо большое за ваш труд!",5,,2024-05-20 09:00:31
30,Матвей Шестаков,2023-05-26 20:30:34,"Кредитка самая выгодная, по моему мнению. Оформление ее в этом отделении прошло легко и быстро. Что самое главное-сотрудник сразу на берегу с ервой консультации ввел меня в курс дела, какие условия, какой % в какой последовательности будет списываться. Так что 10 баллов из 10 за профессионализм!",5,,2024-05-20 09:00:31
31,Алексей Б,2023-09-23 15:20:09,"Когда мне понадобился кредит на ремонт дома, я обратилась в банк. Менеджер по имени Кристина заметила мое беспокойство и оказала заботу, даже предложила вызвать скорую помощь. Несмотря на то, что вежливость-это часть их профессиональной практики, я почувствовала искренний интерес и заботу со стороны сотрудников.",5,,2024-05-20 09:00:31
32,Саня Прокопов,2023-12-14 09:02:05,"Использую кредитные карты банка, удобно и надежно. Никаких проблем с обслуживанием.",5,,2024-05-20 09:00:31
33,Дина М,2023-12-25 16:01:49,"Клиентоориентированность Альфы на высшем уровне. Пришла для разбора выписок, нужных для госслужбы. Получила подробную помощь и рекомендации. Удачно попала на специалиста с опытом. Спасибо!",5,,2024-05-20 09:00:31
34,Ольга Баранова,2023-08-28 06:12:05,"Добрый день. Оформила кредитную карту, очень довольна. Их всех банков этот привлекает мое внимание больше. У кредитки есть срок без процентов, можно снимать деньги и оплачивать с нее разные услуги",5,,2024-05-20 09:00:31
35,Сергей,2023-04-07 15:54:29,"Был в командировке в Екатеринбурге, пару дней назад. Возникла проблема с приложением А-инвестиции, зашел в ближайшее отделение - сотрудники четко, ясно, доходчиво объяснили в чем проблема была. Дополнительно подсказали как обновить приложение.",5,,2024-05-20 09:00:31
36,Виктория Попова,2023-03-24 13:16:47,Офис обновлён под стиль кафе или холла. Убрали ряд столов и принтер спрятан в шкаф. Создание дружественной неформальной обстановки НЕ добавилось профессионализма сотрудникам. На один и тот же вопрос отвечают все поразному бЕЗ приложения совсем не работают. ВСЕ только после скачивания приложения и силами техники клиента.,2,"Виктория, здравствуйте!
Извините, не хотели вас расстраивать. К подготовке сотрудников относимся серьёзно. Для удобства, ряд операций можно провести в приложении. Об этом стараемся рассказать и показать.",2024-05-20 09:00:31
37,Денис К.,2023-04-13 12:09:45,"Хорошая концепция Альфы, обслуживание на диване, без вороха бумаг, просто и легко, все документы податсываете через приложение ЭЦП, можно при этом выпить каппучино, всё чётко, из минусов пожалуй маленькое помещение и на мой взгляд низкая квалификация сотрудников",5,,2024-05-20 09:00:31
38,Миша Максимов,2023-08-28 08:39:10,"Хорошее отделение! Пришел оформить кредитную карту. Всё быстро сделали, неожиданно даже. Сотрудники хорошие, мне всё понятно объяснили, как гасить, когда и тд. Вопросов не осталось",5,,2024-05-20 09:00:31
39,Назар Самигуллин,2023-11-03 15:46:40,"Люблю Альфа банк за то, что от него не надо ждать неприятных сюрпризов. Все свои операции тщательно отслеживаю онлайн, пару раз приходилось на горячую линию звонить, помогли.",5,,2024-05-20 09:00:31
40,Шишкин Александр,2024-03-10 15:13:55,"Отличный банк. Менеджеры встречают посетителей хорошо, а они уходят довольные.",5,,2024-05-20 09:00:31
41,Egor,2023-09-29 13:33:19,"Офис Альфа банка впечатляет своей чистотой и уютом. Здесь всегда есть место, где можно комфортно подождать. Сотрудники оцениваются как вежливые и компетентные, и они всегда готовы помочь без задержек в очереди.",5,,2024-05-20 09:00:31
42,Дмитрий Ларюков,2023-12-24 09:44:08,"Очень доволен качеством предоставляемых услуг, банк действительно заботится о клиентах.",5,,2024-05-20 09:00:31
43,алеся лучникова,2023-10-30 15:11:47,"После развода нам с дочкой пришлось съехать на съемную квартиру. Я сразу поняла, что плачу в никуда и надо брать ипотеку. Оформила в Альфе. Условия достаточно неплохие даже при моей небольшой зарплате, зато квартира своя.",5,,2024-05-20 09:00:31
44,Mari,2023-04-25 13:49:02,"Худшее отделение этого банка. Не уважение к клиентам. На входе встретила грубая девушка. Мне нужно было в кассу, ждала очередь 40 мин. Стояла в каком-то коридоре, возле кассы нет ни одного стула и все это возле туалета, дверь туда-сюда открывают, неприятно. За мной люди на корточках сидели, тоже мучались. Стало душно и плохо, воды нигде нет. Если бы я находилась в деревеньке, то ладно, но это центр Екатеринбурга. Не хочу возвращаться в этот банк",1,"Здравствуйте! Странно, на нас не похоже. Уточните, с каким вопросом приходили в офис и удалось ли его решить?",2024-05-20 09:00:31
45,Аня Семенова,2023-09-18 11:47:29,"Оперативное обслуживание и приятный в общении персонал. Мне тут помогла сотрудница разобраться с возможностями кредитной карты, так еще и с ее досрочным погашением",5,,2024-05-20 09:00:31
46,Evgeny Bulatov,2024-03-10 16:06:34,"Одна касса, очередь. Немного не понравилось. Пришлось ждать. В других отделениях оперативнее",5,,2024-05-20 09:00:31
47,Никита Санников,2023-12-18 13:01:50,"Благодарю за удобное мобильное приложение, это делает управление счетами быстрым и простым.",5,,2024-05-20 09:00:31
48,Алина 🍉,2023-10-30 12:13:58,"Муж предложил взять кредит, давай мол, завтра в банк сходим. А я помню слышала, что можно вроде через приложение оформить. Так и есть! Мы вечером уже получили деньги на карту 450 тыс. Обалдеть просто!",5,,2024-05-20 09:00:31
49,Мария Д,2024-02-20 01:09:26,"Очень довольна обслуживанием! Сотрудники вежливые и доступные. Получила карту с бесплатным обслуживанием , доставили прямо на дом.",5,,2024-05-20 09:00:31
50,Топорищев Эдуард,2023-08-17 15:50:59,"Интерьер интересный, современный, но вот человеческий фактор… видимо мне не повезло. 
 В целом все вопросы решили , но осадок от специалиста остался ( но все же надеюсь , что это только мне не повезло",4,"Здравствуйте, Эдуард! 
Расскажите, пожалуйста, подробней, что произошло? 
Можно написать на нашу почту smm@alfabank.ru и прикрепить скриншот отзыва.",2024-05-20 09:00:31
51,Сергей Филатов,2024-02-04 14:11:56,"Обслуживание на высшем уровне,ответы на все вопросы и отсутствие проблем.Рекомендую",5,,2024-05-20 09:00:31
52,Зиля В.,2024-02-07 18:58:42,"Сегодня посетила отделение и осталась впечатлена! Персонал внимателен и вежлив, а зона ожидания чистая и уютная.",5,,2024-05-20 09:00:31
53,Дарья Лукина,2024-01-14 18:22:59,"Отлично, что теперь есть отделение с современной техникой поблизости. Можно как записаться, так и просто заглянуть.",5,,2024-05-20 09:00:31
54,Наталья Муратова,2024-03-09 17:56:06,"Вежливые и отзывчивые менеджеры, мне понравилась Гоар",5,,2024-05-20 09:00:31
55,Ольга Донаева,2022-11-28 14:39:49,"Обслуживание "" хорошее"", недоговаривают про кредитные карты с лимитом в 100 дней, где в течение 30 дней рассрочка на год, а с 31 дня обычная на 100 дней. На деле карту получила на руки 27 июля, оформила через приложение 24 июля. Позвонила на горячую линию 23 июля, успеваю купить холодильник стоимостью 39.900 в 30 срок, да успеваете. В результате эта покупка у меня была с 31 дня, на 100 дней, и 105 000, которые я потратила в течение 30 дней, я тоже должна была выплатить в 100 дневный срок, тк. мне объяснили, что если бы я все деньги потратила в течение 30 дней с момента оформления договора, то тогда бв была рассрочка на 12 месяцев, а так вы обязаны все выплатитьдо 3 ноября, все 147000. Т.е. я картой , деньгами, начала пользоваться 27 июля, ирассрочки у меня не было на 12 месяцев, как они рекламируют. ***.",2,,2024-05-20 09:00:31
56,Эдуард Гудаль,2023-03-21 21:39:52,"Пользуюсь Альфа-банком долгое время, все безумно нравится. Очень хорошо что,каждый месяц копится кешбек. Отличный банк, рекомендую!",5,,2024-05-20 09:00:31
57,Максим Григорьев,2023-04-21 10:27:49,"Ужасный сервис , ни кому не рекомендую там быть клиентом банка , пришел взял талончик , просидел 40 минут ждал пока подойдет менеджер , вначале обслуживают клиентов банка , а они постоянно идут и про тебя забывают !спросил у девушек которое встречают клиентов почему так долго , ответ не заставил сомневаться в не профессионализме персонала -НЕЗНАЮ , Плюну и ушел , надеюсь жизнь не сведет с этим банком !",1,"Здравствуйте, Максим! Жаль, что пришлось столкнуться с таким опытом, работу коллег проверим и проведём необходимые меры. Уточните, с каким вопросом обращались?",2024-05-20 09:00:31
58,Аn G-N 🧚,2024-01-19 11:07:16,"Выражаю благодарность руководству банка за отличную организацию работы и профессионадизм сотрудников. Кредит под залог помог мне в трудной ситуации, и я оценила понимание и доброту персонала",5,,2024-05-20 09:00:31
59,Екатерина Иванова,2024-02-26 05:15:07,"Быстрое и организованное оформление карты, привлекательные тарифы и подробные разъяснения по всем функциям - большой плюс.",5,,2024-05-20 09:00:31
60,Андрей Федотов,2023-11-12 15:20:12,"Большой выбор банкоматов, понятный интерфейс интернет-банка и много полезных функций. Обслуживание на высоком уровне, где всегда готовы помочь разобраться с непонятными вопросами.",5,,2024-05-20 09:00:31
61,Анна М.,2024-01-30 15:32:00,В этом отделении всегда быстрое и внимательное обслуживание. Сотрудники дружелюбные и готовы помочь. Рекомендую!,5,,2024-05-20 09:00:31
62,Александр Безбородов,2022-08-02 11:17:39,"Отделение на красной линии, удобно подъехать. Сотрудники работают грамотно и быстро, очередей нет. Обслуживание на уровни электронной очереди. Чисто и по домашнему в зале.",5,,2024-05-20 09:00:31
63,Ирина У.,2023-04-07 15:53:19,Персонал очень отзывчивый. Быстро сделали карту и всё показали и объяснили. Обслуживанием очень довольна,5,,2024-05-20 09:00:31
64,whitney21,2023-12-12 12:31:46,Довольна услугами Банка. Сотрудники всегда вежливы и готовы помочь в любой ситуации. Рекомендую этот банк своим друзьям и знакомым.,5,,2024-05-20 09:00:31
65,Катерина,2023-02-13 18:58:38,На сегодняшний день являются клиентом банка. Сотрудничаю с банком через онлайн-банк. Очень удобный сервис. За все время пользования не было ни одного сбоя. В случае возникновения вопросов всегда можно позвонить в банк и получить консультацию.,5,,2024-05-20 09:00:31
66,Алсу Корепанова,2024-02-16 19:48:50,"В этом отделении работают дружелюбные и внимательные сотрудники, обслуживание быстрое и четкое, очередей практически нет.",5,,2024-05-20 09:00:31
67,Анастасия Жукова,2024-04-29 04:42:56,"Отличное обслуживание, особенно отмечу Елену. Всегда Рада помочь и отвечает и встречает с улыбкой",5,,2024-05-20 09:00:31
68,Анна Ф.,2023-12-14 14:41:55,"Клиентоориентированный банк, решает проблемы быстро. У меня была небольшая проблема с закрытием депозита, но все решино оперативно.",5,,2024-05-20 09:00:31
69,Lia,2024-02-12 17:35:33,весь персонал проявляет вежливость и профессионализм. они всегда готовы ответить на все вопросы и помочь в решении любых проблем,5,,2024-05-20 09:00:31
70,Екатерина Г.,2024-05-11 20:53:22,"Надо было оформить дебетовую карту. Обслуживание порадовало: менеджер все понятно объяснил, а диваны в филиале оказались удобными. Приятно, когда процесс не затягивают! 👍",5,,2024-05-20 09:00:31
71,Бибинур Хуснеева,2023-09-13 10:27:56,"Приветствую!Это отделение действительно удобное,а персонал очень приветливый.Они решили мой вопрос по карте за 5 минут .Все здорово! Альфа Банк,как всегда,на высоте!Отдельное спасибо администратору.",5,,2024-05-20 09:00:31
72,Марина Геря,2024-04-25 12:22:11,"Первый раз побывала в банке и думаю, что в последний. Всё не понравилось.",1,"Здравствуйте, Марина! 
Напишите, пожалуйста, на нашу почту smm@alfabank.ru и расскажите подробней, что произошло. Прикрепите скриншот отзыва. 
Хотим разобраться в ситуации.",2024-05-20 09:00:31
73,Евгений,2023-07-13 13:50:22,"Нормальные сотрудники. Красиво, удобно, уютно. Быстрое обслуживание",4,,2024-05-20 09:00:31
74,Сашка Мудрова,2023-11-02 08:10:19,"Внимательно ознакомилась с договором. Никакого мелкого шрифта, заумных непонятных фраз. Прозрачная система у Альфы банка",5,,2024-05-20 09:00:31
75,Ольга С.,2024-05-02 22:39:53,"Реальность превзошла мои ожидания. Менеджеры не просто проводят время за столом - они стараются помочь. Благодаря им мы получили кредит наличными, отказавшись от других банков.",5,,2024-05-20 09:00:31
76,Анна Телегина,2023-01-07 19:57:50,"Отделение Альфа-Банк очень эффектно выглядит, современно. Приятно и комфортно обслуживаться в таком офисе.",5,,2024-05-20 09:00:31
77,Марина Б.,2024-02-28 17:42:59,"Персонал доброжелательный и уважительный, но время ожидания немного увеличивается из-за ограниченного количества окон.",5,,2024-05-20 09:00:31
78,Валерий Быков,2023-05-26 17:12:06,"Чистенько, вежливые , отзывчивые сотрудники . Впечатление оставляет хорошее.",5,,2024-05-20 09:00:31
79,Кристи Крис,2022-08-18 08:55:15,"После ремонта офис стал домашним
Очень уютно
И вообще новые форматы банка очень радуют
Что сейчас можно идти в банк и пообщаться на равных со специалистом
Банкоматы работают исправно",5,,2024-05-20 09:00:31
80,Стас Ларионов,2023-10-19 03:14:22,"Оплату всегда делаю по QR. С ним не нужен пластик, камеры на смратфоне хватает. Пару секунд и все готово",5,,2024-05-20 09:00:31
81,Светлана Светлакова,2024-03-26 10:03:36,"Альфа Банк - это не только надежный банк, но и источник реальных бонусов. Я ценю акции и привелегии, которые предоставляет банк своим клиентам.",5,,2024-05-20 09:00:31
82,Максим Метлицкий,2022-07-14 14:30:56,"Всё красиво, уютно и вежливый персонал. Всё понравилось. Удобные кресла, но не удобно смотреть на табло. Кресла направлены на стену",5,,2024-05-20 09:00:31
83,Елена И.,2023-10-14 13:43:56,"В отделении работают очень вежливые девушки. Ты чувствуешь себя как дома, приходя в банк. Очень рада, что у нас в городе есть такой банк, который предоставляет возможность быстро и без проблем получить кредит.",5,,2024-05-20 09:00:31
84,Татьяна П.,2023-02-21 10:50:42,"Гнилой банк, заставляют взять кредитную карту мотивируя тем что мы не выдадим вам зарплатную карту пока не возьмёте кредитную, сотрудники хамят(какая-то не руская морда) ужасный банк, сотрудников мало, обслуживание долгое, сидела ждала 20 минут. Не рекомендую!!!",1,"Татьяна, здравствуйте!
Извините за ситуацию, такое поведение для нас не допустимо. Можем предложить оформить кредитную карту, но финальное решение остается за вами. 
Стараемся не допускать большой очереди, но на время ожидания может повлиять сложность вопросов, время и день обращения. 
Хотим проверить консультацию. Напишите нам на smm@alfabank.ru ваше ФИО, дату рождения и дату, когда обращались в офис. В письме прикрепите скриншот отзыва.",2024-05-20 09:00:31
85,Сергей Колташев,2024-01-07 15:11:45,Спасибо что обьяснили и помогли мне в моем вопросе,4,,2024-05-20 09:00:31
86,julia rastorgueva,2024-03-06 17:31:44,Альфа - удобный банк с быстрым обслуживанием и множеством отделений без очередей. Я пользуюсь его услугами давно и собираюсь продолжить.,5,,2024-05-20 09:00:31
87,александр н.,2022-04-06 07:33:45,"В связи с окончанием срока действия зарплатной карты выданной альфа банком, мне сообщили о необходимости переиздать карту. Я обратился к бухгалтерию на работе с просьбой помочь произвести эту процедуру. Что и было сделано. В нашем поселке отделений банков нет. Для получения новой карты я должен был явиться в указанное отделение альфа банка (Ленина 60) г.Екатеринбурга. Приехал в город и при личном обращении в указанном отделении, по адресу Ленина 60, менеджер банка не нашел моей карты. Сказал что карта находится в другом отделении на М.Горького 17. Я город плохо знаю, пришлось покататься пока нашел. Прошу там выдать карту, отвечают карты нет, она находится по адресу Ленина 60. Езжайте назад или приезжайте через пять дней, карту переведут на новый адрес. Ждать не стал, поехал назад, хотя уже опаздывал по заранее купленному билету на электричку. Приехал на Ленина 60, прошу выдать карту. Отвечают карты нет, езжайте опять на М.Горького. Я попросил разобраться в ситуации, а не гонять меня по городу. Дал менеджеру номер телефона отделения на М.Горького. Говорю созвонитесь, решите вопрос. После этого пошли искать мою карту. Нашли, говорят надо регистрировать, а для регистрации нужна какая-то программа альфа банка в телефоне. Не могу объяснить в чем принципиальная необходимость такого требования, но дал им свой телефон. Теперь жалею,что то случилось с телефоном, но это не важно. По окончании, попросил официальный бланк банка и написал обращение с просьбой разобраться и принять меры к должностным лицам, в том числе возместить материальный ущерб. Копия текста обращения у меня на руках. Предъявлю по запросу. Считаю справедливым свое требование. Через четыре дня получил сообщение на телефон, что решение принято. Поговорил по телефону с менеджером банка и в связи с отказом о возмещении ущерба, так как нет такого пункта в договоре с банком, по телефонному разговору попросил принести письменные извинения (Тел. 8800200000). Менеджер предложил зарегистрировать новое обращение. Еще через четыре дня получил очередной ответ. Сказали что банк письменных извинений не дает. От безысходности написал отзыв в Яндексе. Теперь пытаюсь понять, что же происходит и почему меня просят пересмотреть мой отзыв, в чем я неправ...
В итоге, полдня потраченного времени, спасибо хоть карту отдали, а то без зарплаты плохо. Потерянные деньги на проезд и нервы. Но я старался терпеть, даже голос не повысил. Разговаривал так же как и пишу сейчас.
Я достаточно подробно изложил суть моего отзыва и прошу модераторов службы поддержки Яндекс Маркета опубликовать мой отзыв о работе альфа банка. Очень надеюсь что кому то помогу. Заранее спасибо.",1,,2024-05-20 09:00:31
88,Наталья Наталья,2023-10-31 20:04:36,"Удобное местоположение офиса порой создаёт небольшие очереди , но ожидание редко превышает 10 минут. Хорошие условия для вкладов и кредитов.",5,,2024-05-20 09:00:31
89,Сергей Будаков,2023-11-19 10:28:19,"Вы не сможете тут в отделении оплатить госпошлину, только через приложение, не удобно",4,,2024-05-20 09:00:31
90,Илья,2023-05-05 17:38:05,Отличное обслуживание банкомат работает круглосуточно хорошее отношение клиентам,5,,2024-05-20 09:00:31
91,Наталья Белых,2024-01-20 08:16:19,"Очень нравится,ходить туда и платить деньги",5,,2024-05-20 09:00:31
92,Оксана,2022-05-22 14:45:01,"Очень интересный офис, нет стоек с опереционистами. Обслуживание быстрое. Альфа как тотнезаметно стало основным банком для маня, бесплатные карты и хороший кешбек.",5,,2024-05-20 09:00:31
93,Елена Елена,2023-03-21 19:04:48,"Всё чётко быстро и понятно. 
Можно заранее записаться. 
Вежливые специалисты.",5,,2024-05-20 09:00:31
94,Елена Елена,2023-02-03 19:05:34,Отношение к клиентам на высоком уровне. Время ожидания небольшое. Обслуживание супер. Спасибо!,5,,2024-05-20 09:00:31
95,Валентина Ш.,2022-09-10 10:34:24,"Приятный располагающий интерьер, система без окошек радует. 
Но сотрудница общается свысока, закатывает глаза, когда не понимаешь ее профессиональную терминологию, которой она разговаривает. Очень неприятно обращаться в банк и встречать такое хамское отношение и неспособность объяснить простым языком. 10.09.22 талон к511, вроде. Сотрудница в очках с русыми волосами",2,,2024-05-20 09:00:31
96,Анастасия М.,2024-03-14 22:41:43,"Альфа устраивает полностью, как по обслуживанию, так и по продуктам. Надеюсь, так будет и дальше, ни разу не подвели.",5,,2024-05-20 09:00:31
97,Наиль Ахметов,2024-02-25 16:28:08,Удобно расположен.,5,,2024-05-20 09:00:31
98,Елизавета Федоринова,2024-03-11 15:44:44,"Альфа банк-место,где ты встретишь улыбку и получишь качественное обслуживание",5,,2024-05-20 09:00:31
99,bashkort199000,2023-08-29 17:32:17,Мне требовалось консультация по регистрации своего бизнеса. Сотрудник подробно разъяснил все нюансы и помог заполнить заявку на регистрацию ИП всего за 15 минут,5,,2024-05-20 09:00:31
100,Ирина,2023-10-17 11:48:05,Часто посещаю данное отделение Альфа-банка. Отмечаю быструю работу и приятное общение с персоналом.,5,,2024-05-20 09:00:31
101,ирина кий,2022-10-12 07:43:09,"Сейчас в банкоматах невозможно получить валюту, это сделано по решению ЦБ,но если заранее заказать её в офисе,то можно спокойно её получить,если что за это берётся комиссия.",5,,2024-05-20 09:00:31
102,Анна Л.,2021-10-01 12:57:13,"Во-первых, автопомошник никак не мог соединить меня с оператором, чтобы я могла узнать - где в Екатеринбурге находятся валютные банкоматы, скидывал в сообщения адреса ВСЕХ банкоматов. Во-вторых, узнав все-таки уже самостоятельно где находится валютный банкомат, я приехала 1.10.22 по адресу Екатеринбург, ул. Машиностроителей, 19 и спрашиваю специалиста - где валютный банкомат, зная #счета и кода, могу ли я положить валюту 3-му лицу. Ответ - нет, потому что вы не являетесь клиентов Альфа банка и без карты вы это не сделаете, положите через специалиста. В итоге, меня консультировал человек, который являлся получателем как я должна была положить валюту и вы знаете, каким то чудесным образом это удалось сделать. После проведённой операции я зашла в зал операционистов и девушке положила чек и задала вопрос - как я это сделала? Почему она не компетентна!? Ужасная работа альфа банка! Если можно было бы поставить «0» я бы это сделала!",1,,2024-05-20 09:00:31
103,Олеся Лобанова,2023-10-26 20:51:59,"Теперь каждый месяц дарят 100% кешбека. Я думала тупо реклама, не верила. Мне только в сентябре впервые дали все 100% за покупку крема для рук и лосьона",5,,2024-05-20 09:00:31
104,Иван Витальевич,2022-07-03 10:55:22,"Удобное месторасположение, обслуживают и юр. лиц. Хорошее отношение к клиентам и компетентный персонал",5,,2024-05-20 09:00:31
105,Jane Air,2024-02-17 10:53:39,"Обслуживания VIP-клиентов здесь нет. Как и менеджеров VIP, все в одну очередь",1,"Здравствуйте!
Мы стремимся к тому, чтобы обслуживание было максимально комфортным и быстрым. Но из-за большой нагрузки время ожидания может быть больше обычного. Извините, что заставили ждать.",2024-05-20 09:00:31
106,Шахзода Алиева,2024-03-19 17:31:06,Операторы внимательно и вежливо обслуживают клиентов.,5,,2024-05-20 09:00:31
107,Sam M.,2021-07-27 18:37:16,"Парковки почти нет, поэтому бываю тут редко .
В прошлый раз при приёме денег, банкомат глюканул и съел деньги. 
Составил обращение. Деньги зачислили через полтора суток. И это я вип- клиент )))
А что тогда было бы, будь я не вип?
Такие досадные случаи были и в других отделениях, но до этого, самое долгое зачисление составило полдня. А тут полтора суток
Нереспепт, в общем. А в целом, Альфу люблю.",3,,2024-05-20 09:00:31
108,Елена Климова,2022-11-28 15:05:39,"Новый офис, мягкие кресла, быстрое обслуживание. Что еще нужно довольному клиенту?",5,,2024-05-20 09:00:31
109,Коля Незнанин,2023-07-07 14:08:12,"Долгое обслуживание, работает только один сотрудник, и консультант",1,"Добрый день, Николай!
Простите за ожидание, в период большой нагрузки помогаем дольше обычного. Постараемся исправиться в ближайшее время.",2024-05-20 09:00:31
110,Галина Пудова,2023-02-12 15:21:47,"Оказывается, если ты не являешься клиентом банка, то невозможно оплатить квитанцию, только через открытие счета🤔",1,"Галина, здравствуйте!
Оплата услуг без открытия счёта доступна не во всех офисах и не для всех видов услуг. Подумаем над расширением функционала.",2024-05-20 09:00:31
111,Максим Мельников,2022-03-26 13:19:22,"Ужастный филиал просидел в очереди 40 минут в итоге сказали,что время ожидания 1,5 часа сразу складывается отрицательное впечатление о банке ведь даже карту спокойно получить так и не удалось",1,,2024-05-20 09:00:31
112,Натали Г,2023-02-21 19:39:55,"Вчера я была в этом офисе и должна сказать, что я удивлена. Сотрудники очень вежливо общаются с клиентами, при этом быстро решают любые проблемы. Осталась довольна.",5,,2024-05-20 09:00:31
113,Коптелова Татьяна,2021-07-24 08:43:05,"Очень приятные и грамотные консультанты, которые искренне хотят понять вопрос и помочь. На доступном языке пояснили. Заказала дететовую карту этого банка. Муж давно имеет расчётный счёт в этом банке, теперь и я в числе клиентов «Альфа-банка». 👍🏼",5,,2024-05-20 09:00:31
114,Бова Сергей,2023-11-22 15:44:57,Солидный банк!,5,,2024-05-20 09:00:31
115,Ольга П.,2023-07-05 13:53:21,"Все супер, стильно и красиво 🤩",5,,2024-05-20 09:00:31
116,RUSLAN,2022-12-13 12:31:21,"Педалят, отсылают в головной, хотя простые операции, но не компетентные, так же как на Кузнецово, на уралмаше",2,,2024-05-20 09:00:31
117,лора быкова,2021-12-04 03:33:36,"А мне нравится это отделение Альфа-банка. Отзывчивый персонал, всегда помогут разобраться в проблеме, подскажут, как и что. Благодарю.",5,,2024-05-20 09:00:31
118,Денис Ульбаев,2024-05-07 11:07:45,Сотрудница действительно проявила ум и помогла мне сэкономить кучу денег и нервов,5,,2024-05-20 09:00:31
119,Дмитрий Малярчук,2023-06-22 14:34:30,Тебя понят тогда кода делают предложение услуг а вот далее не дозвониться,3,"Здравствуйте, Дмитрий! 
Простите, что столкнулись с длительным ожиданием. 
В период высокой нагрузки можем отвечать дольше обычного.",2024-05-20 09:00:31
120,Максим Константинов,2023-07-01 08:58:11,"Огромная очередь, а работают всего 2 сотрудника",1,"Здравствуйте, Максим!
Работаем с каждым клиентом, отвечаем на все вопросы.
Из-за этого может возникать очередь.",2024-05-20 09:00:31
121,айрат ямилов,2024-03-02 13:44:38,Очень хорошый👍,5,,2024-05-20 09:00:31
122,Дмитрий Прокошев,2023-06-16 14:55:47,"Хороший банк, отличный персонал.",5,,2024-05-20 09:00:31
123,ДЭМ,2022-06-01 04:07:29,"Любимое отделение.
Правда раньше я там был вип-клиентом и даже был у меня любимый менеджер Жанна, но сейчас я просто клиент и отделение стало любимым в полном составе :), правда только по причине ""в двух шагах от работы""",5,,2024-05-20 09:00:31
124,Михаил У.,2022-07-12 15:15:46,"Отличное и удобное отделение, в банкоматах всегда есть нал",5,,2024-05-20 09:00:31
125,Александр Федоров,2023-06-20 14:02:22,Обслуживание и отношение к клиентам ниже плинтуса,3,"Здравствуйте, Александр! 
Очень обидно читать такие слова. Почему у вас сложилось такое впечатление?",2024-05-20 09:00:31
126,Григорий Викторович,2022-04-29 05:15:29,Вежливые и грамотные сотрудники. Очень понравился сделанный ремонт. Из недостатков - вечно занятая парковка.,4,,2024-05-20 09:00:31
127,Михаил Шульмин,2023-06-15 20:13:33,По некоторым вопросам приходится ждать до 30 минут,4,"Здравствуйте, Михаил.
Да, для решения некоторых вопросов нужно больше времени. 
Уже работаем над этим, постараемся совсем скоро порадовать вас результатами!",2024-05-20 09:00:31
128,Алсу Хабибуллина,2023-10-24 11:26:37,"Хотела закрыть кредит, и меня проконсультировали даже про то, о чем я забыла. Молодцы!",5,,2024-05-20 09:00:31
129,Дима Малыш,2024-05-09 08:23:49,1 большой+,5,,2024-05-20 09:00:31
130,Вячеслав Кудрявцев,2022-01-04 13:43:52,Выбесил новый формат... Кто подойдёт... Когда подойдут... Сидишь как ненормальный чего то ждёшь. Не по себе и не понятно сколько ждать и чего... Как то так,3,,2024-05-20 09:00:31
131,Андрей Т.,2021-07-15 18:19:23,"Банк всегда не причём и толком не кто не чего не знает откуда берутся не понятные счета и заявки на кредит, по любому вопросу невозможно дозвонится а если даже дозвонился то они не пределах и не чего не знают",1,,2024-05-20 09:00:31
132,Галимулин Рашид,2022-02-04 16:49:34,"Всегда снимаю зарплату с УБРиР нормальными купюрами. В субботу не ходите, времени потратите уйму. Карту ребёнку почти час получал",4,,2024-05-20 09:00:31
133,Ирина Четверикова,2021-09-04 14:19:12,зашла буквально пару раз от такие девочки хорошие а что вы а вы дадите туда всё нам не сказали Я не тушила всё пошла всё сделала приятно просто приятно,4,,2024-05-20 09:00:31
134,Гугл Гугл,2022-06-29 16:57:14,Всё отлично. Обслуживание на высоком уровне,5,,2024-05-20 09:00:31
135,www ggg,2022-01-06 13:01:00,"До 18-00, это значит если вы пришли в 17-45, то вас уже не обслужат, потому что в очереди и так люди сидят. Вежливо, но не круто",2,,2024-05-20 09:00:31
136,Н. Такташов,2021-09-19 11:55:57,Нравится! Всегда доступен. Хорошая парковка по по всему проспекту.,5,,2024-05-20 09:00:31
137,Boris,2022-05-26 16:09:34,"Уютненький такой офис. Сотрудники мало того, что приветливые так ещё и квалифицированные. Это очень приятно.",5,,2024-05-20 09:00:31
138,ирис иванова,2022-06-24 04:37:26,"Один менеджер..... ждать приходится очень долго, что очень сильно напрягает",1,,2024-05-20 09:00:31
139,Светлана А.,2021-05-28 10:15:27,"Быстрое обслуживание, грамотные специалисты, расскажут и подскажут. Молодцы.",5,,2024-05-20 09:00:31
140,Владимир Захаров,2022-01-11 08:08:31,"Вежливый персонал, народу не очень много. Поэтому ждали не очень долго.",4,,2024-05-20 09:00:31
141,reinaldo lara,2022-11-27 17:54:55,"Быстро, ясно и очень приятно",5,,2024-05-20 09:00:31
142,Юра м.,2023-07-12 15:19:13,Долгое ожидание,1,"Добрый день, Юрий!
Простите за такой опыт. Хотим помогать быстро и качественно, но иногда на решение вопроса клиента перед вами требуется больше времени.",2024-05-20 09:00:31
143,Наталья Морозова,2021-10-13 14:55:48,"Большое спасибо сотрудникам этого банка . Отзывчивые , вежливые . Так держать ! 👍",5,,2024-05-20 09:00:31
144,Алексей Чуприян,2022-06-30 07:06:35,"Всё через одно место. Карту выпустить не могут, счёт открыть пол дня потратить...",3,,2024-05-20 09:00:31
145,Юлия Бажева,2022-08-11 16:13:14,"Замечательный, квалифиуированный персонал.",5,,2024-05-20 09:00:31
146,Павел Л,2022-07-30 15:34:55,Реклама не соответствует действительности. Просто обманывают.,1,,2024-05-20 09:00:31
147,Ольга Затулеева,2023-01-06 17:37:26,Понравилось обслуживание.,5,,2024-05-20 09:00:31
148,Андрей,2022-04-21 10:15:33,Весь месяц отказываются отдать МОИ деньги со счета.,1,,2024-05-20 09:00:31
149,Ислам Азимов,2023-05-05 16:02:41,Все четко.,5,,2024-05-20 09:00:31
150,Николай Н.,2020-03-19 14:53:57,"19.03.2020 обратился в банк с целью расторжения договора «добровольного» страхования.
Сотрудницы в два горла начали «лечить» как оно мне необходимо, а в конце-концов просто отказались объяснять что именно необходимо указать в заявлении. Пришлось связываться с сотрудницей «Альфы» другого отделения.",1,,2024-05-20 09:00:31
151,Александра Балина,2022-08-31 15:33:27,"Банк не плохой, но денег не дают",5,,2024-05-20 09:00:31
152,Вячеслав Глаголев,2021-07-30 11:41:58,"Не успел карточку получить, как все информация в руках мошенников. Больше этим банком не пользуюсь",1,,2024-05-20 09:00:31
153,uncle Vakkh,2022-03-16 17:41:12,"стильно, модно, современно",5,,2024-05-20 09:00:31
154,наташа,2019-08-14 17:28:39,"Очень удобные банкоматы, все описывается и показывается по операциям очень удобно. Единственный минус большие % по кредитам",4,,2024-05-20 09:00:31
155,Diveevo7 A.,2020-08-05 02:13:00,"На редкость удачно подобран персонал банка! Молодые, квалифицированные, вежливые!",5,,2024-05-20 09:00:31
156,Юрий Гайфуллин,2021-09-13 06:31:43,Парковка плохая. Персонал не квалифицированный. Очереди.,1,,2024-05-20 09:00:31
157,андрей алтынов,2022-08-20 15:56:18,Обслуживание на высоте,5,,2024-05-20 09:00:31
158,Ольга Боброва,2020-02-16 12:04:21,"И быстрое о бслуживание, и грамотные консультанты и удобные кредиты. Один иэ лучших банков",5,,2024-05-20 09:00:31
159,Владислав Арзянцев,2022-12-22 15:13:39,Лучший офис!,5,,2024-05-20 09:00:31
160,Сергей Ломаев,2021-11-18 13:48:56,Отличный банк приятный персонал,5,,2024-05-20 09:00:31
161,KotЯ,2019-10-04 13:29:38,"Отделение то само как и все, но вот зачем делать банк там где авто не припаркуешь, а если и припарковал, то выезд очень не безопасный и только на Генеральскую в сторону Малышева",4,,2024-05-20 09:00:31
162,Игорь Баев,2020-05-03 08:24:57,"Пополняю здесь карту, в любое время дня и ночи))) всё работает отлично.",5,,2024-05-20 09:00:31
163,"Наталья Белыхтам,я не была",2021-03-25 11:14:51,Работает молодой человек супер девочки помогают им пять,5,,2024-05-20 09:00:31
164,Feodor Sadritdinov,2022-05-15 05:20:28,Ждать долго оператора,2,,2024-05-20 09:00:31
165,Анастасия Дроздова,2020-07-13 05:34:39,"Вежливые сотрудники, быстрое обслуживание, несколько терминалов.",5,,2024-05-20 09:00:31
166,Жека,2021-06-24 10:09:14,"Долговая яма, если кредит, читайте мелкие строчки, скрывают",2,,2024-05-20 09:00:31
167,Дмитрий Иркутский МАГнитоГорец,2021-05-26 15:41:24,Удобно. Быстро. Грамотно,5,,2024-05-20 09:00:31
168,Таня Р.,2020-02-04 19:41:00,"Хороший офис, всё решают компетентно и довольно быстро.",5,,2024-05-20 09:00:31
169,EP,2020-10-25 12:46:46,"А вот с этими товарищами, лично я связываться как физ.лицо и уж тем более как юр.лиц низачто и никогда больше не буду, такого кидалова я не ожидал!!! МОЯ ОЦЕНКА - 10 ЗВЁЗД",1,,2024-05-20 09:00:31
170,Полина И.,2021-09-10 22:07:51,Банк с обычным набором услуг.,3,,2024-05-20 09:00:31
171,Артем Борисович,2021-12-11 12:48:36,Отличное обслуживание,5,,2024-05-20 09:00:31
172,Халиков Руслан,2020-03-07 04:57:01,"Грамотные консультанты, удобная парковка на тротуаре.",5,,2024-05-20 09:00:31
173,Sergey Gorshkov,2022-01-07 16:15:52,Работать умеют,5,,2024-05-20 09:00:31
174,Вахмурка,2019-11-04 05:16:21,"Надёжная репутация, профессиональное обслуживание, выгодные условия!",5,,2024-05-20 09:00:31
175,Владимир К.,2019-08-06 05:41:28,Персонал Молодцы!!! Очень помогли. Спасибо Вам огромное.,5,,2024-05-20 09:00:31
176,Яна Динчева,2021-02-24 11:23:49,Внимательные сотрудники.,5,,2024-05-20 09:00:31
177,Андрей Кныш,2019-12-04 08:12:46,"Очень грамотно, вежливо и компетентно.",5,,2024-05-20 09:00:31
178,Галина,2019-08-03 14:46:50,"Галина, vip клиент Альфа- банка.

Надежный банк. Больше десяти лет являюсь клиентом.",5,,2024-05-20 09:00:31
179,Наталия Зверева,2020-02-17 17:18:25,"Отделение банка мне понравилось, персонал хороший.",5,,2024-05-20 09:00:31
180,Павел,2019-08-28 14:15:13,"Удобное расположение, но редко случается, чтобы работали все стойки обслуживания.",4,,2024-05-20 09:00:31
181,виктор малыгин,2020-03-27 05:23:17,"Посетить можно , с парковкой беда .",4,,2024-05-20 09:00:31
182,Фекла Комова,2019-12-09 05:22:00,Грамотные консультанты .вежливые.,5,,2024-05-20 09:00:31
183,анна рыбкина,2019-09-13 19:19:08,Сам банк не плохой. Но сотрудники равнодушные и высокомерные.,2,,2024-05-20 09:00:31
184,Лариса Р.,2020-01-29 13:29:10,"Хороший банк,вежливое обслуживание",2,,2024-05-20 09:00:31
185,Светлана М,2019-12-02 04:30:07,Сотрудники не хотят ответить на вопрос по делу,1,,2024-05-20 09:00:31
186,Denis Kolupaev,2019-11-19 06:12:53,"Работают профессионалы , очередей нет!",5,,2024-05-20 09:00:31
187,Юлия Б.,2016-11-18 08:50:27,"с этого банка постоянно трезвонят и говорят что я являюсь должником, а не только не знаю как открываются двери в этом банке Я ВООБЩЕ никогда не брала никаких кредитов не только в альфа банке!!",1,,2024-05-20 09:00:31
188,Марина Байрамгулова,2020-07-13 12:39:48,Дружный коллектив,4,,2024-05-20 09:00:31
189,Иван Медведев,2019-12-07 16:01:20,Общения не хватает. Клиент всегда должен. И обязан,3,,2024-05-20 09:00:31
190,Копыч,2019-12-13 07:16:37,Вроде пока нечего короче пойдёть!,1,,2024-05-20 09:00:31
191,Наталья Брянцева,2020-02-19 19:24:26,Быстрое обслуживание,5,,2024-05-20 09:00:31
192,рустам валеев,2019-12-14 06:15:11,Быстро без очередей.,5,,2024-05-20 09:00:31
193,Даниил Коркин,2020-03-19 11:08:19,Хорошее отделение,4,,2024-05-20 09:00:31
194,Сергей,2019-09-19 14:51:02,Альфа кредитка 5+,5,,2024-05-20 09:00:31
195,Константин Сергеевич,2020-03-10 01:22:35,Супер банк.,5,,2024-05-20 09:00:31
196,Светлана В.,2018-02-09 08:25:56,Меня подключили даже к банку,5,,2024-05-20 09:00:31
