,name,date,text,stars,answer
0,Мария А.,2023-10-30 16:56:43,"Было желание прийти и устроить скандал, но решила поберечь свои нервы. 
30.10.2023г. обратилась в отделение банка на Спортивной для открытия нового счета, взамен была, откровенно говоря, НАВЯЗАНА кредитная карта, якобы ""в подарок"" от банка и по словам консультанта закрытие ее может быть не ранее, чем через 3 месяца (чистое вранье!).
Мои многочисленные отказы на оформление данной карты видимо не дошли до сотрудницы (окно11) и мне был против воли вручен пластик. Кстати, по основному моему обращению, помощи я так и не дождалась... 
В другом отделении банка, часом позже, данную кредитку закрыли, без всяких проблем, не дожидаясь трех месяцев...
В отделении банка на Спортивной просто мошенничество средь бела дня!! Не первый раз уже остается негативное впечатление после обращения в данное отделение. В первый раз подумала, что была случайность, но нет, видимо закономерность.",1,
1,Марк Нахимовский,2023-12-05 16:18:56,"Поддержу комментарий ниже про ""навязанную"" кредитную карту по адресу Лыткарино Спортивная улица 1. Сегодня (5го декабря) произошла точно такая же ситуация. Мошенничество, что могу ещё сказать. Пришёл ругаться, в отделении оправдываются что им надо делать продажи и т.д. не советую свой выходной в никуда",1,
2,pavel-anatolevic1992,2023-06-05 17:02:56,"Обслуживание хорошое помогает в любых вопросах. Только вот проскочил кредит на несколько мес. И больше до зарплаты не дают 3000 ((( хотя кредит погасил) 
А так все хорошо, персонал работает быстро корректно! Все вопросы решаются за пару минут! Это первый павильон Сбербанка где такой персонал вежливый, понимающий, решиют любой вопрос! Завтра приду за кредитом, вот не дай бог за такой отзыв вы не дадите мне 3000 тысячи до зарплаты!)))",5,
3,Сергей Николаев,2023-09-19 11:36:26,"Сбер это просто худший банк! Наплевательское отношение на клиентов. В банкомате снять нал больше 50тыс нельзя, в окнах нет такой суммы, переправляют в кассу а в кассе никого...пол часа - никого! У сотрудников спрашиваем, сейчас, сейчас подойдет...",1,
4,Ксения Титова,2024-02-24 15:34:41,"Отвратительное обслуживание!
24.02.24 при выдаче карты сбер кидс, сотрудник окна 13 мастерски навязала совершенно ненужную услугу под название - просто карта в подарок. Открыв сбербанк онлайн, я увидела, что это кредитная карта, которая мне совершенно не нужна. Крайне долго оформлялось закрытие этой услуги- карты, которое исполнится только через месяц !",1,
5,Светлана Шапошникова,2023-02-11 11:53:48,"Обслуживание вежливое. Спасибо операторам. К клиентам относятся внимательно. Просто иногда бывают большие очереди, из за того, что на весь город, практически, один банк.",4,
6,София,2023-04-06 17:16:53,"Хороший сбер, персонал тоже классный, банкоматы в доступности круглосуточно, что очень помогает",5,
7,Наталия Жинжина,2023-10-13 18:21:43,"Была сделка с недвижимостью, очень медленная работа сотрудников, ожидание каждого талона порядка 30-40 минут",3,
8,Наталья Наталья,2022-01-15 11:55:00,"Фото не того отделения. Сбербанк на Спортивной,1 - в самом центре г.Лыткарино. При входе в сам банк располагаются банкоматы. Два зала- операционный и кредитно-договорной. Туалета нет. Припарковаться можно перед банком, если есть места или с внутренней стороны дома, правда этой зимой довольно проблематично на машинах с низкой посадкой, чистят дворы плохо. Обслуживание хорошее, персонал доброжелательный.",5,
9,Мария У.,2022-04-01 09:34:03,"Взяли и отменили сделку по ипотеке по одобренным ранее условиям, причем всем, у кого дата сделки была на 29 марта и позднее. Заявкуна дом клике муж подавал в феврале, до повышения ставок, всё одобрили, объект нашли и документы загрузили. 22 марта одобрили недвижимость. Сделку нужно было провести до 22 апреля, как уверяли в дом клике. А 29 марта, банк взял и всё отменил, как так? Потом пришла информация что банк восстановит сделки, в которых в роли продавцов или покупателей выступают несовершенолетние дети. Так вот в нашей семье 4 несовершенолетних ребенка, и ВСЕ ОНИ ПРОПИСАННЫ в договоре, проект которого отправлялся на одобрение вместе с объектом недвижимости, и был успешно одобрен СБЕРБАНКОМ, менеджером ипотечного кредитования. Сделайте хоть что нибудь, чтоб вернуть эти заявки, зачем так подставляете людей.",1,
10,Ольга Капкина,2023-04-13 09:54:42,"Обычное отделение. Находится только как то неудобно, ну для меня по крайней мере. А так чистенько, персонал вежливый.",4,
11,Татьяна Бедова,2023-02-09 17:17:34,Как все сберы. Чисто. Оперативные сотрудники. Нет огромных очередей. Рекомендую.,5,
12,марианна,2022-12-21 13:17:34,"Быстрое и внимательное обслуживание, приятные сотрудники, а самое удивительное - ожидание не более 2х минут))",5,
13,Анастасия,2023-11-10 21:26:41,"Маленькое помещение, но и народу не особо много туда обращается. Может мне так везло,что не видела очереди.",5,
14,Анна Гайдай,2023-03-09 14:05:43,Ждала своей очереди больше 20 минут. Сотрудники общаются на отвлеченные темы и совершенно не настроены на работу.,2,
15,сергей иванов,2023-04-03 13:05:25,"Просто не люблю сбербанк!!! Ужасное расположение, лестница при входе, само помещение и обслуживание.",2,
16,Алексей Вековенков,2024-01-10 19:44:47,Проблемы с парковками,4,
17,Оксана Рыбачек,2022-07-25 19:27:36,"Обслуживание на высшем уровне 5звёд.
Очень внимательный персонал.
Сама живу в Подмосковье г.Лыткарино.
Очень далеко ехать, но оно того стоит.",5,
18,юрий ворон,2022-11-23 06:05:44,"На Портивной 1 хорошее отделение сбербанка и обслуживание на должном уровне, а фотография взята с другого места.",5,
19,Екатерина Щербакова,2022-12-29 17:10:26,"Не налажена работа, между ФССП, ПФР И ПАО СБЕРБАНК!!!! Третью неделю не могут разблокировать счёт!!!!!!! Ужасный банк! Хуже не придумать",1,
20,Екатерина Борисовна,2023-03-15 18:28:21,"Всегда быстро и чётко, все объяснят и помогут.",5,
21,Rik Kolin,2022-03-18 03:19:59,"При входе сотрудник сбербанка стоял в маске. Хотя маски отменили и сказали, что это преступно. Находиться в маске. После того, как я спросил, почему вы носите маску? Когда Собянин отменил. Сотрудник мне ответил, я не подчиняюсь приказом Собянина. Я подчиняю своему руководству.",1,
22,Алексей Орехов,2023-01-06 14:54:15,Обслуживание быстрое! К моему вопросу отнеслись с полной отвецтвенностью и качеством!,5,
23,Клавдия Ж.,2022-10-28 19:02:17,"Хорошее отношение к клиентам, грамотные специалисты,хорошее обслуживание.",5,
24,Роман Ш.,2023-07-11 08:32:28,Сотрудницы беспардонные и наглые. 11.07 в 11-15 у банкоматов,1,
25,Татьяна Aлексеева,2023-04-25 04:48:07,Немного повежливее хотелось бы видеть сотрудников.,4,
26,Ольга,2022-03-29 14:22:22,"Позорище и свинство! Взять в одночасье отменить свое же решение, когда уже одобрили недвижимость и проверили документы, когда собраны все разрешения и назначена дата сделки!",1,
27,Борис Борисович,2023-02-23 17:49:00,"Удобно, быстро, профессионально",5,
28,Умар Хабибуллозода,2023-05-31 21:44:31,Хороший работники супер нет слов,5,
29,Max Trushkin,2022-01-31 12:32:00,"Отвратительное заведение, впрочем как и все другие филиалы, совсем не понимаю людей, которые пользуются услугами этой сомнительной организации...",1,
30,Павел Бельченко,2022-02-26 19:48:22,С каждым разом становится платить всё удобнее и удобнее(ну и естественно быстрее).,5,
31,olga Derevyanko,2022-07-01 16:58:26,"Вежливый персонал, прекрасная атмосфера.",5,
32,Олеся Коньякова,2022-05-29 17:32:41,Пользовалась только банкоматом для выдачи денег. Работу сотрудников оценить не пришлось,5,
33,наталия у.,2020-08-22 08:43:48,Была в этом отделении 21.08.2020г хочу написать благодарность всему отделению особенно Ирине и заведующей девочки молодцы отнеслись к клиентам с огромным терпение и пониманием по больше бы сбербанку таких работников!!!,5,
34,Наталья Голоева,2021-04-16 09:16:53,"Всегда хожу в это отделение. Управляющая толковая женщина, и весь коллектив такой же.. Всегда помогут, подскажут, объяснят, обслужат)",5,
35,Адхамжон Отажонов,2022-05-23 10:51:10,"Окна 13 респект, спасибо огромное из автосервис",5,
36,Александр Г,2022-06-18 08:54:05,"Был проездом в будний день. Очень людно , очереди",5,
37,Юрий,2020-03-31 06:43:16,"После ремонта стало гораздо лучше, и места больше и персонал профессиональнее, ещё бы добавили банкоматы, что бы было меньше очередей. С парковкой проблем нет",5,
38,оксана к.,2023-01-11 20:56:37,Хорошее отделение банка,5,
39,Роман Архипкин,2022-06-04 04:28:56,Фотография не соответствует действительности.,1,
40,Тамара Харитонова,2020-11-20 12:15:38,"Очень комфортно, приятный, вежливый персонал. Молодцы!",5,
41,Kisliy limon,2023-07-19 16:46:12,Хорошо,5,
42,Тамара Каменская,2020-07-27 10:16:18,"Постоянные проблемы с интернетом и кабельным ТВ,обещали более 90 каналов,вещают 43 из них 5 или 6 что-то продают или гадалки,парочка детских каналов.",1,
43,Александр Кашин,2021-06-30 11:36:55,"Этого банка там уже нету,но было мало народу и оперативное обслуживание клиентов",5,
44,Надежда Х.,2021-10-08 19:38:59,Здесь уже давно закрыли .и на этом месте пятёрочка магазин,1,
45,Василина Рыжикова,2021-09-03 13:22:32,"Все хорошо, пришел сделал свое дело и ушел",5,
46,зилола ишмирзоева,2021-08-21 15:29:26,удобно быстрое обслуживание,5,
47,Екатерина С.,2021-08-06 13:27:56,Нормальный сбербанк. Для маленького города пойдёт,4,
48,елена сергеева,2022-11-22 21:16:19,обслуживание,5,
49,Сергей Андреев,2022-08-02 10:25:47,Обычный банк,3,
50,Anton T.,2022-01-05 10:47:51,Сотрудники абсолютно не компетентные,1,
51,Вера Панина,2022-06-22 20:37:26,Обычный Сбербанк,5,
52,Муроджон Асранов,2023-01-06 16:05:48,Супер,5,
53,Никита,2020-07-31 15:58:14,"последний раз разочаровался, не смогли решить мою проблему, даже не не разобравшись с ней.",2,
54,Юнус магомадов сераждинов,2019-09-05 01:14:18,Ребята тут отличное обслуживание. Спасибо огромное сотрудников!!!!,5,
55,Патя М,2021-08-19 16:35:58,Быстро можно обслужиться,5,
56,виталий д.,2022-02-04 14:50:54,Цены задрали,1,
57,Елена *,2019-08-19 08:29:18,"обычный сбер, хорошая заведующая, сотрудники разные есть - попадаются и глупенькие",4,
58,Olga,2019-10-03 08:15:04,"Спокойные операторы, хорошо общаются со старшим поколением. Помещение неудобное. Низкие сиденья.",4,
59,анастасия александровна,2020-02-11 14:54:38,"Банк был всегда пустой, можно бвдо быстро все сделать, но он закрылся,",5,
60,Михаил Кравченко,2021-08-31 11:07:25,В этом банке моя пенсия .,5,
61,Акиф Ширванлы,2020-03-25 05:01:18,Всё отлично спасибо огромное за помощь,5,
62,Ольга Рыбина,2021-07-13 09:11:19,Грамотные специалисты.,5,
63,Farhad Abdumuminov,2021-02-18 10:19:28,Девушки работают оперативно,5,
64,Григорий Н.,2020-12-05 15:50:43,Адекватные условия кредитования,5,
65,Дерзкий сварщик,2020-08-20 07:00:41,"Уже давно там нет сбербанка, там теперь пятёрочка.",1,
66,Валентина Круглова,2021-08-16 12:42:54,Нормальный офис,3,
67,Ирина Николаева,2022-04-21 04:18:35,Нормально,5,
68,Сергей Богданов,2022-05-09 17:31:45,Норм,5,
69,Sofie Maleannik,2019-08-01 12:13:35,"Очень короткие часы работы. И персонал не всегда уделяет время на помощь. Ну, сойдёт.",3,
70,Дмитрий Алава,2020-12-12 17:45:22,Выдали кредит на выгодных условиях,5,
71,Дмитрий.,2019-11-23 19:44:34,Всё достаточно быстро и удобно.,5,
72,Владимир Мишин,2020-01-14 19:34:08,Вообще то На фото Бывшее отделение сбербанка по адресу Ленина 21,1,
73,МАРИЯ КАТЫШЕВА,2019-09-18 06:42:21,"Всегда очереди, очень часто многие окошки не работают в час пик...",3,
74,Ольга Антонова,2018-07-21 15:16:11,"Прекрасное обслуживание, персонал входит в положение, помогают все оформить",5,
75,Arkady G,2019-11-07 11:31:43,"Нормальный банк. Удобно, что снова Юр. лица стали обслуживатью",5,
76,Евге,2020-03-31 08:08:10,"бывал пару раз,работают быстро)",5,
77,703710 Закураев Михаил,2020-08-17 08:39:24,Вообще не нравится Сбербанк,3,
78,🙂,2019-07-26 07:12:32,"Работают хорошо, достаточно оперативно, Стараются 👍",5,
79,Сергей Кулешов,2020-05-18 08:37:29,Три последних раза попадал в очереди,3,
80,Алексей Куликов,2020-10-24 13:19:44,"Банк недавно стал Сбер, а на этом адресе его уже давно нет.",1,
81,СЕРГЕЙ ДМИТРИЕВ,2021-03-24 07:33:12,Обычный сбер,4,
82,Марина Коломиец,2021-09-05 13:32:22,Класс,5,
83,Евгений,2021-08-04 08:18:33,Не был,5,
84,Sergey Skopich,2020-03-19 05:50:50,Быстрое обслуживание.,5,
85,Я Ам,2019-08-30 11:44:26,"Все хорошо, но очереди достали",5,
86,Andrey Travin,2019-12-08 21:40:36,заброшенный портал в 80 тые,1,
87,Галина Зимина,2017-01-12 09:12:03,"Очень удивлена сберу, очереди нет сотрудники вежливые все быстро делают.",5,
88,Уктамжон Джуманов,2019-12-09 12:13:15,Быстро решает проблему,5,
89,Анжелика П.,2018-02-19 04:43:46,"Ужасные люди. Коллектив просто отвратительно себя ведёт,по отношению к людям. Злые очень",1,
90,Василий Ионов,2020-01-06 20:40:02,Очередь меньше,1,
91,Сетлана,2019-11-11 17:27:13,вседа много наруду,5,
92,Михаил,2020-08-18 08:26:20,Люблю сбер,5,
93,Анна Б.,2019-08-05 19:19:42,Большие очереди.,2,
94,Игорь,2019-08-24 09:55:06,Банкомат завис. Не отдавал карту.,1,
95,Seabob,2019-09-30 17:28:48,Быстрое обслуживание,5,
96,Отдел Проектирования,2019-10-22 15:13:15,Как везде,4,
97,Ракета,2020-06-23 19:32:42,Дно днище,1,
