,name,date,text,stars,answer
0,Бахронова,2023-12-03 16:32:22,"Очень удобный банк. Чистый, комфортный, сотрудники очень уважительные и стремительные. Быстро и чётко объяснять и быстро и качественно обслуживают. Спасибо большое сотрудникам сбербанка.",5,
1,Дядя Артак,2023-12-29 14:36:27,"На счёт сбербанка скожу что уже 20 лет я клиент сбербанка и именно все делал здесь в капотне 5 квартал !! Скажу сразу мне все очень нравиться все вопросы там решаются оперативно с улыбкой все как положено ! Я наверно рас ,десять к ним оброщался на счёт карточки !! И молодцы ребята ( хотя там в основном красивые тетеньки ,))все быстро и оккуратно решают и 24 чса аппараты работают !! Так что всех вас советую пользоваться услугами сбербанка Капотня 5 квартал",4,
2,Наталья Абрамчук,2024-03-04 15:13:03,"Очередей нет, всегда можно поменять валюту, очень дружелюбные сотрудники, которые помогут, подскажут, вежливо отвечают, помогают старикам с платежами, решают быстро все вопросы",5,
3,Olga Pantera,2023-09-05 08:10:20,"👍🏻 Всё отлично, кроме очередей. Для пожилых и даже некоторых молодых, стоять ингода приходится долго, мало сидячих мест. Персонал супер - быстро и компетентно обслуживают. Для того, чтобы небыло очередей, нужно снова открыть отделение банка на втором квартале Капотни.",5,
4,Николай Колодяжный,2023-12-09 17:23:52,"Хорошее отделение банка
С вежливым и дружелюбным персоналом
Всегда тебе рады, всегда знают свое дело 
Рекомендую 🤝",5,
5,Сеня Горностаева,2024-04-06 08:37:14,"Просто безобразие!
Все банки работают по субботам.
Единственный банк в Капотне - не работает.
А как быть клиентам, которые в будние дни в 8 утра уезжают на работу, а 20.00 приезжают?!
Не могу попасть в отделение уже 1,5 месяца.",1,
6,Наталья Асташова,2023-12-06 11:34:12,Удобное расположение. Всегда вежливое обслуживание. Достаточное количество банкоматов.,5,
7,Наталья,2024-03-18 06:07:59,"Зашла в 18.30 работает один операционист, а другие гуляют, шорохаются по залу, курят! Передо мной было 8 человек. Подождала 10 минут, очередь даже не сдвинулась. Я развернулась, ушла.",2,
8,Мила Выборнова,2023-08-21 06:47:55,"Начну с того что банк во главе руководителя Майи Владимировны просто отвратителен,она сама не компетентна в знании банковских дел и еще сотрудников вводит в заблуждение,изначально сперва не решив вопросы довела мою маму когда переоформляли пенсию с пенсионной книжки на карту ,несколько раз привозила маму чтобы то точку где то поставить то еще что то,не умеют не составлять не решать вопросы,после чего к нее поднялось давление ,теперь я не могу получить по генеральной доверенности деньги,так как Майя Владимировна решила что генеральной доверенности мало,после посещения я почувствовала себя тоже плохо,поднялось давление,то есть человек настолько не компентентен в работе с клиентами и не зная законов ,как она продолжает руководить банком? Это первое !На основании выше изложенного я вынуждена буду обращаться в высшие инстанции.",1,
9,Екатерина Гервагина,2024-03-20 09:25:27,"У вас в зале работает невоспитанная невежливая консультант. Высокая худая девушка. Нужно с ней провести работу, чтобы уважительно общалась с клиентами. Спасибо!",3,
10,Осмонбек Амирабай уулу,2024-04-15 15:02:59,В этом отделении Сбербанка все сотрудники без образование ничего не понимают обратился 15.04.2024 года в 15:40 не смогли даже карту оформить отправили на другой банк!,1,
11,Наталия,2023-11-04 19:48:28,"После перехода на новую систему когда берется единый талон стало вообще не выносимо. Постоянно толпа народа,вызывают в одно окно оказывается что нужно в другое,талон возвращают в очередь и так постоянно. Это ладно когда молодые люди так ходят туда-сюда,а когда старушку гоняют,это вообще бред полный. Я такое только в Капотне увидела.",3,
12,Старый Кот,2023-12-17 10:11:55,"Не только сам офис маленький, но и 70% рабочих мест пустует. Приём ведут 1-3 окна, что вызывает огромные очереди.

В остальном же проблем нет.",4,
13,александр даниленко,2023-11-09 13:17:30,Хороший сбербанк. Уютно. Вежливый персонал. Приятно обращаться.,5,
14,Bergil,2023-04-05 12:28:54,"Хороший банк, на входе много банкоматов. Персонал вежливый и отзывчивый, обслуживание на высоком уровне. Ремонт новый, внутри помещения всегда чисто.",5,
15,Фируза Иломидин,2024-04-27 18:09:15,Это рядом с моим домом и очень хороший Сбербанк мне нравится девушки там очень хорошие,5,
16,Олег,2023-11-10 11:13:10,"Вы издеваетесь? Чтобы забрать заказ, надо отстоять эту очередь!!!!
Сделайте отдельное окно для выдачи! У Вас комнат свободных полно",1,
17,934721 Прохоренкова,2023-06-27 17:55:03,"Хорошее быстрое обслуживание. Недавно забыла в банкомате карту... Сотрудник банка без возражения извлекла ее, попросив меня лишь предоставить документ, удостоверяющий личность.Единственный минус не стало человека, который помогает в зале или у банкоматах в решении копеечных вопросов.",5,
18,Римма Кутушева,2023-08-27 11:47:40,"Все решают быстро и без проблем. Хоть и малюсенькое помещение, но есть кондиционер , и это здорово. Банкоматы пользуются особым спросом.",5,
19,Ирина Филимонова,2023-09-22 16:41:11,"Очень много народу, единая очередь, несмотря на то, что многим нужна касса,Ино сначала надо отстоять очередь к опреционисту, а потом направляют в отдельную очередь в кассу????",3,
20,Tatyana Raut,2022-01-19 23:28:39,"Обслуживание достаточно быстрое. Персонал квалифицирован. Офис небольшой, но зона ожидания вполне комфортна. Много банкоматов. Удобно расположен - недалеко отостановок общественного транспорта",4,
21,Марина Х.,2023-10-16 14:59:48,"Была не часто, в общем все хорошо и все молодцы, но есть отдельные высокомерные индивидумы, возомнившие себя королями! Видимо попали не туда)",4,
22,Каролина Малина,2023-03-25 15:36:57,"Что за темноволосая хамка? Спрашиваешь по кредиту вопросы, т.к первый раз с этим сталкиваешься, сидит хлопает наращенными ресницами и ссылается на приложение в котором эта информация не указана, разговаривает с надрывом через не хочу. На все вопросы отправляет смотреть в приложение . Совсем обленились. Отношение ужасное.",5,
23,Лавейкин Владимир,2022-11-22 21:08:20,"Хоть этот филиал внутри стал не большой и сотрудников не много, но по возникающим вопросам дают качественные ответы или консультации. Обратил внимание, что не задерживаются работники на должности дежурного консультанта, наверно (это тот, который 1-й встречает нас и разводит по нужным специалистам).
Место удобное, работники думаю дорожат своим местом, поэтому отзывчивые. Это приятно.",5,
24,Евгения,2024-03-21 17:08:50,Очень удобно расположен. Есть банкоматы,5,
25,SergiO,2023-11-18 14:32:12,Заехал положить денег на карту. Очередь километровая в банкомат. Один не работает. Жесть,1,
26,Dga Dga Binks,2023-09-12 15:05:30,"Удобное отделение, рядом есть всегда места на паковке. В час пик бывает многолюдно.",5,
27,Самир Замонов,2023-08-31 10:19:47,"Сотрудников не хватает 
Ждал более 20 минут чтоб решить проблему 
А сотрудники решают проблемы симкарта а не Сбербанка делают другие дела свои а не государственные",1,
28,Людмила,2022-06-19 05:42:42,"18 июня 2022 г. пришла в отделение оформить наследство по вкладам. Взяла талон. Вызвали в окно N7 Оператор ,узнав ,что вопрос наследства по вкладам , перенаправил меня в окно N3. Следующий оператор направила меня в окно N1,сказала,что этот вопрос не в ее компетенции. Оператор окна N1сообщила,что мне нужно взять справку у нотариуса на право получения вкладов по наследству. Я поехала к нотариусу, где мне сказали ,что нотариус таких справок НЕ ДАЁТ и работники Сбера ЭТО ОТЛИЧНО ЗНАЮТ. ТАК ЗАЧЕМ ИЗДЕВАТЬСЯ НАД ЛЮДЬМИ???? Сначала гоняют из окна в окно,потом направляют по не нужным инстанциям?",1,
29,Adolfo Segura,2023-07-17 14:34:08,"Симпатичное отделение сбербанка, небольшое, уютное, адекватный персонал. Удобное расположение. Помню как брал свой первый кредит на машину в нем, в 2008 году.",4,
30,Евгений Лазурин,2024-01-29 15:40:46,Сотрудник отсутствовал во время рабочего дня. Хотя должна была работать ещё час,1,
31,Павел Гарин,2023-10-28 06:47:57,"Небольшая сберкасса, но банкоматов много. Очередей нет. Мой вопрос быстро решили.",5,
32,Людмила Ромашова,2023-04-24 18:06:38,"Обычное отделение. Все вроде нормально, но как то чувствуется, что посетители там не совсем желанны. Немного уставшие и замотанный сотрудники",4,
33,Ольга Бобылева,2023-11-15 11:09:08,Всё очень нравится в обслуживании,5,
34,Александра Маркина,2023-06-13 13:55:38,Специалисты всегда готовы помочь. Много банкоматов . Удобно.,5,
35,Сатир Вагнер,2024-01-28 17:57:41,Как и в любом банке. Персонал знает свою работу,4,
36,Rob Tank,2023-11-30 16:37:42,"Профессиональный и дружелюбный персонал, первоклассное обслуживание.",5,
37,Андрей,2023-08-27 12:18:42,"Очень долго ждать своей очереди, нужно расширять сбер для этого района он маленький.",3,
38,Юрий Крцпин,2023-11-02 08:23:44,"Хорошие отзывчивые сотрудники, помогли.",5,
39,Виктория Демидова,2023-09-01 18:49:55,Чисто. Много терминалов. Есть СберЛогистика.,5,
40,Сергей Пышкин,2022-06-18 11:26:45,Удобно расположен. Сотрудники вежливые и всегда помогут подобрать удобный и необходимый вам продукт банка.,5,
41,Олег,2024-04-01 14:09:28,из плюсов рядом с домом из минусов всегда из 7 окон работает максимум 3 окна постоянно очередь.,2,
42,Ася В.,2022-02-07 16:39:20,"Мне нравится этот филиал. Небольшой, но всё имеется: терминалы, касса, окна обслуживания и отдельные кабинеты для решения каких-то вопросов. В очереди придется немного посидеть. Да и выбирать не приходится, он один на весь район.",5,
43,Артём Чернышов,2024-02-04 13:33:43,Быстро удобно рядом,5,
44,Владимир Камахин,2023-06-21 06:47:54,"Выбора нет. В принципе, нормально. Специалисту Александру спасибо!",4,
45,Юлия Платон,2022-05-14 15:08:02,"Быстрое обслуживание, понятно всё объясняют и очень быстро устраняют проблемы. Лучший сбер в котором когда-либо была. Теперь постоянно хожу туда.",5,
46,вера макарова,2023-04-15 12:42:43,"Отношения к клиентам отличное,все прдробно обьясняют и во всем помогают.",5,
47,Ирина Кочадзе,2023-03-11 09:29:55,"Обслуживание профессиональное, но очень жалко, что филиал Сбербанка в Капотне всего один.",5,
48,Вячеслав Владимирович Антонов,2024-04-24 17:52:51,"Постоянная очередь, грязно",2,
49,Ольга Мамонова,2022-01-09 08:12:25,"Обслуживание на высоте! Персонал ВСЕГДА помогает! Вежливы,корректны. Спокойно и доходчиво разъясняют возникшие вопросы.",5,
50,Сергей Маликов,2024-02-29 13:24:10,Супер прямо в моём доме,5,
51,надежда богодист,2023-03-09 12:15:06,Всегда очень быстро и грамотно обслуживают. Редко очередь,5,
52,Елена Симоненко,2023-05-18 16:54:20,"Пользуюсь лишь банкоматов иногда.
Но,персонал очень внимательный?",5,
53,Alex,2023-01-23 12:42:27,"Отличное, быстрое обслуживсние. Очень вежливый персонал!",5,
54,Sacha,2022-12-25 19:08:33,Два парня на входе с клиентами огрызались и вели себя не корректно. Меня это не коснулось я это видел пока ожидал очередь в окно.,2,
55,Жанна,2021-12-24 13:22:01,Отличное отделение. Хорошие операционисты. Прекрасно решили все мои вопросы. Помогли. 5+ Консультанты часто немного подтупливают.,5,
56,Марика Т,2023-03-10 18:37:22,"В выходные работает только один или два банковата, всегда огромная очередь. Персонал не квалифицированный, не может объяснить и понять что нужно. Такое ощущение что они надышались воздухом с завода.",2,
57,Владимир Мурашкин,2021-12-02 15:10:56,"Спасибо всем кто работает в этом отделении, всегда приветливые, всегда проконсультируют. Прекрасное отношение к клиенту. Очередей практически нет. Так держать.",5,
58,artbalans-studio,2022-09-14 10:43:08,"Маленький, но комфортный банк с компетентным персоналом. Хорошо бы добавить только Сбер логистику.",5,
59,Ирек Садеков,2023-06-23 16:24:15,"Всё чётко, быстро как и во всех сберах",5,
60,ਦਾਨੀਏਲ,2023-02-12 09:06:11,В Капотне даже банк и тот самый лучший! Только парковка подкачала. Её в принципе нет!,5,
61,Руслан Сидоров,2024-03-12 16:15:54,Хорошо работает,5,
62,ирина,2023-06-07 17:17:09,"Культурное общение, быстрое обслуживание.",5,
63,Dmitry Kuznetsov,2022-07-24 19:46:45,"На твердую четверку. Очередь быстро проходит и операторы в меру хабалистые, много банкоматов",4,
64,Наиль Ф,2022-04-25 17:49:40,"Персонал не всегда доброжелателен. Приходил получать товар, сначала не могли решить кто выдаст, потом искать начали... Неприятно, как будто ты им должен",3,
65,Дарья Гордеева,2022-12-03 18:13:47,"Как то грязно, очереди, неприятный филиал. Жаль, что выбора в районе при срочности вопроса - нет.",3,
66,Алексей,2023-05-17 18:40:20,"Быстро , вежливый и опытный персонал",5,
67,Звезда,2023-07-23 11:02:36,Отлично. Персонал супер!,5,
68,Ольга Дмитриева,2021-10-30 19:27:27,"Единственный Сбер в Капотне. Естественно хожу. Снимаю деньги, плачу за электричество, беру квитанции за автоплатеж. Много терминалов, деньги всегда есть. Если что не понятно, помогают консультанты. В целом всё хорошо.",4,
69,Сергей Соловьев,2023-10-19 07:36:37,Половина банкоматов не работают,3,
70,мария с.,2023-02-22 20:41:26,"Сотрудники не могут объяснить ничего нормально, ужасное обслуживание",1,
71,Наталия Пономарева,2023-10-18 17:59:17,Всегда работают банкоматы,5,
72,Вячеслав Панин,2023-05-06 12:09:12,Внимательный и грамотный руководитель,5,
73,Сергей,2023-03-22 13:22:13,"Заходил в банкомат , есть где припарковаться",5,
74,сергей горшков,2024-01-15 12:12:58,Отлично,5,
75,kmp1959 kmp1959,2023-08-13 12:08:44,Принципиально Сбербанк не люблю.,1,
76,Виктория Миронова (Воробьева),2023-08-12 13:45:15,Как и все банки. Обычный.,3,
77,Николай Николай,2023-06-19 16:22:25,"Помогли, работники знающие.",5,
78,Динара Юлдашева,2023-01-15 14:38:33,Обслужили грамотно и вежливо,5,
79,Мила,2022-02-19 15:08:16,Единственное отделение в раионе. Всегда много людей. Специалисты нормальные.,4,
80,Макар Савельев,2021-06-13 13:10:36,"Вежливость и организованность - это единственное, что требуется от банковского отделения. Банкоматы зачастую исправны, обслуживание хорошее.",5,
81,Евгений Гавриленко,2021-08-16 04:21:00,"Сбербанк нужно называть как угодно, только не России. Самые плохие условия для россиян. Ребята, вы иностранный банк. Вам наплевать на нас.",1,
82,юлия л.,2018-08-21 16:13:13,"Добрый день! Хотелось бы выразить ОГРОМНУЮ БЛАГОДАРНОСТЬ сотруднице Сбербанка ( 5-й кв. Капотни) ЛАНЦОВОЙ ДАРЬЕ! Всегда внимательна к клиентам, помогает разобраться во всех ситуациях , спокойна, доброжелательна, всегда с улыбкой! Лично мне помогла выяснить непонятное списание денег с карты .. (а выяснение это заняло мин 40!!) Была со мной до конца)) Сама звонила в банк! Делали запрос. Ее консультация и профессиональные советы помогли прояснить ситуацию!
Считаю, что Дашу нужно премировать, как минимум!)) Спасибо огромное! Терпения всем сотрудникам.",5,
83,Александр Доржиев,2022-11-20 16:21:55,Только банкоматами пользовался. Нормально.,5,
84,Татьяна В.,2023-07-01 18:07:09,Отличный персонал,5,
85,Владимир,2022-11-20 18:59:13,"Слишком маленькое помещение,у банкоматов много алкашей,в помещении очень тесно часто не работают аппараты",2,
86,мухамадсадик. Холназаров.,2022-01-06 14:28:10,Хорошая обслуга главное приветливо и отношение к клиентам.,5,
87,Диана Садыкова,2022-07-24 17:31:27,Уютный маленький офис. Мало народа. Нет очередей,5,
88,Инкогнито 3053,2023-04-17 19:09:33,Очень грязное помещение,3,
89,Амирчик KIDS T.,2022-11-03 17:02:21,Популярное место очереди У банкомата,2,
90,Софья Фецер,2022-04-19 19:39:20,Большие очереди из за того что иногда не работают какие то автоматы,4,
91,Roman Bubnov,2020-11-16 18:40:14,Вечером не зайди .Народ на ступеньках к банкоматам стоит. В самом помещении тоже народищу. Одно отделение СБЕРа на всю Капотню. Просто чудесно.,2,
92,ВБ,2022-12-05 23:34:11,Рядом. Хотя по воскресеньям закрыта (,5,
93,Наталья,2019-10-14 18:37:33,"Грамотные консультанты помогут в любую минуту, действительно внимательные сотрудники у входа, не смотря на юный возраст, оч уважительны и с вниманием к любой проблеме даже к престарелым, что сецчас большая редкость)",5,
94,Юрий Лосев,2022-07-23 03:22:24,"Хороший сбер, вежливый персонал",4,
95,Alex Arkhipencov,2021-08-18 16:03:53,"Не большое отделение, много народу, персонал вежливый.",5,
96,Инкогнито 8573,2022-12-28 16:57:23,Сотрудников надо менять,1,
97,Ольга Михалева,2021-10-01 09:17:39,"Припарковаться можно, офис в очень старом здании в глубине района",4,
98,Олег Сергеевич,2022-12-30 14:59:15,Вежливое обслуживание,5,
99,Надежда Фомкина,2022-07-05 17:16:36,"Приветливый персонал, очередь по талонам.",1,
100,Водопшин Сергей,2022-12-22 08:06:51,"Парковка очень маленькая и постоянно забитая, банкоматы бывают тупят",1,
101,Михаил Каплун,2022-06-29 08:03:22,Всё как всегда хорошо у них!!,5,
102,Павел Морев,2020-03-09 14:43:39,Два ночных банкомата и приветливый и оперативный персонал днём- все что нужно для обслуживания клиентов. Молодцы.,5,
103,андрей басов,2022-06-23 17:52:16,Стараюсь обходить это обдиралово стороной,2,
104,Алекс Б,2022-08-16 17:17:11,Часто не работает банкомат на приём.,4,
105,Madi Nas,2023-09-21 16:40:54,Норм,5,
106,Елена Симоненко,2020-08-11 11:53:56,"По моему,это единственное место, где можно воспользоваться терминалом чтобы снять наличные. Спасала ещё ""Пятёрочка"", но она закрыта сейчас.",5,
107,Сергей,2022-06-26 07:43:47,Обслуживание на высшем уровне,5,
108,223237 Т.,2020-02-22 08:01:19,"Там обслуживание очень хорошее.Все сотрудники без исключения,выслушивают и всегда если что то не знаешь подскажут правильный выбор.Спасибо вам ребята.",5,
109,Житель района,2022-11-30 17:56:16,Доброжелательный персонал а это важно ☝️,5,
110,Анастасия С.,2021-08-14 10:47:59,"Всегда много людей,
Большие очереди
Мало места",4,
111,Ирина В,2019-10-19 16:10:00,"после ремонта стало очень удобно. увеличили количество банкоматов, при чем все они в свободном круглосутосном доступе. специалистов на приеме стало больше, удобное табло.",5,
112,Оксана П.,2019-11-08 11:16:31,"На твёрдую тройку.коллектив молодой. Молодцы, что помогают и консультируют. Народу всегда много. Парковка отсутствует.",3,
113,Анатолий Никулов,2019-08-11 15:32:34,Раньше было уютней что ли. Да и при сесть в ожидании можно было удобно. Всё и всех было видно. Так что новое не всегда значит практичность.,3,
114,Natali Natalino,2021-11-05 11:39:55,"Все хорошо, что рядом с домом)))",5,
115,Анастасия,2021-06-08 17:38:51,Персонал компетентный. Работают оперативно.,4,
116,Надежда Мещанинова,2021-08-09 12:49:57,Всегда умные и профессиональные работники!!!,5,
117,Владимир Сошников,2023-05-31 18:39:19,Хорошо,5,
118,Мадина Джамалдинова,2021-09-04 07:04:40,"Уютно,вежливый персонал👍👍👍",5,
119,Муся,2022-04-29 17:59:37,Время ожидания. Персонал,4,
120,666839,2020-03-30 15:37:29,"Грамотные специалисты, и консультанты всегда помогут по любому вопросу",5,
121,Ибрагимов Сергей,2019-08-29 17:30:33,"Чисто, аккуратно. Всегда готовый помоч, персонал. Круглосуточно работает банкомат.",5,
122,Дмитрий Литвинчук,2023-02-21 16:53:02,Пойдёт,4,
123,Александра М.,2022-11-29 18:12:10,Нормально.,4,
124,RED,2020-05-01 22:37:11,"2 работающих банкомата 24/7- полного цикла- снятие и пополнение,- очень удобно.",5,
125,шамсина джураева,2020-01-21 11:52:51,"Ранше было на много лучше и просторнее, а тепер что, тесно и не удобно.",1,
126,Александр С.,2021-10-04 10:21:50,"Ничего необычного, всё как и везде.",5,
127,Александр O.,2019-10-12 11:30:45,"Нормальный доп офис, только побольше бы сделали банкоматов работающих после 20-00, т к как не зайдёшь там очереди в банкоматы",5,
128,Светлана петрова,2021-09-17 13:04:28,Консультацию получила хорошую,4,
129,Андрей. Аренда кассы,2023-02-16 16:18:42,Очередь большая,4,
130,вадим гроссу,2022-11-28 11:17:54,Супер,5,
131,Ирина Мольс,2021-09-22 12:30:55,Обслуживание на уровне!!!,5,
132,Игорь У.,2020-08-27 15:42:23,"Заказал сумму, и не выдали скажи а мы не заказали мы вас ждали в друго день",1,
133,Лена,2021-09-08 06:58:06,Не оказалось нужной суммы наличными,4,
134,Олег Шпаков,2019-11-10 07:20:24,"Банк не большой,но очень актуален. Стоит в правильном месте. С нерешёнными проблемами отсюда не уйдёшь.",5,
135,Андрей Власов,2022-08-20 19:26:13,Стандартное отделение,5,
136,Дильшад Муминов,2019-12-18 05:19:44,"По больше терминалов надо по району установить, а то на весь район одно отделение и 4 терминала.",3,
137,Денис Львов,2018-08-19 15:20:49,"Постоянно не работает один из двух круглосуточных банкоматов,всвязи с этим огромные очереди в банкомат.А бавает довольно часто не один банкомат не работает.",2,
138,Serg,2020-03-13 14:55:34,"сотрудники не компетентны, как следствие, потерял уйму времени на решение простейшего вопроса!",1,
139,Татьяна Д.,2019-10-11 07:52:54,"Очередь когда приходит время получать пенсии, неужели нельзя обеспечить пенсионерам достойную старость.",4,
140,Denis P.,2022-09-07 20:19:11,Норм,5,
141,Матвей Соколов,2021-09-06 17:01:28,Поймут подскажут.,2,
142,Котова Ольга Анатольевна,2020-07-26 04:32:06,Измените фото банка! Картинка не соответствует действительности!,5,
143,Игорь,2020-03-29 13:02:29,Нормально все устраивает удобный для меня,5,
144,nigora baratova,2022-04-25 14:10:24,Удобно,5,
145,Алексей Задоркин,2020-08-22 14:54:05,Понравилась вежливое обращение с клиентами,5,
146,Антон Кищенко,2022-05-20 16:32:33,Очередь,2,
147,Ирина Данилова,2019-08-09 08:20:27,"Очереди в банкоматы, места ожидания нет, люди стоят на улице, от непогоды укрыться негде.",3,
148,Вячеслав Диденко,2020-02-23 21:07:26,Это фото уже давно закрытого офиса сбербанка 2-й квартал капотни.,3,
149,Владимир Булавкин,2020-08-18 08:30:09,Отличное отделение. Никогда нет очереди,5,
