,name,date,text,stars,answer
0,Елена Осипова,2023-11-15 15:52:08,"Оформила кредитную карту в приложении. Для получения пластика обязали явиться в офис банка, доставки нет. При выдаче карты сотрудник банка предложил оформить страховку и получил мой отказ. Передал планшет для подписания в получении карты и мило улыбнулся. Через несколько дней открыв приложение и посмотрев историю операций обнаружила подключенную страховку в день обращения в банк. Отключить - только обращаться в банк. Видимо для того, чтобы снова втихаря подключили дополнительные платные услуги.
Читайте внимательно все документы в электронном и бумажном виде, не уходите от специалистов, пока не проверите историю операций. За вашей спиной и без вашего ведома снимут деньги и за ваш же счёт получат премии.",1,
1,N,2024-03-15 15:55:56,"Самое плохое отделение в центре города Калининграда. Обслуживание ужасно медленно, высокомерные, вальяжные, сегодня одна вообще сказала что она не будет меня обслуживать, пусть дома тогда сидит. Да, настроение было не очень, когда час голодный и уставший после работы просидел в очереди. Но, считаю недопустимо так говорить клиенту, я так никогда не говорила людям, которые были клиентами. В конце рабочего дня вообще все 10 человек не хотят принимать. Чтобы получить карту новую час ждала, всех вр4пели пропустила и всех позади. Вечно там ""не слава Богу""",1,
2,Славянка,2023-01-21 11:56:37,"Очень удобно и быстро можно отправить посылку из Калининграда. Вообще из Калининграда проблематично отправить в другой город вещи( личные особенно!). Здесь же без проблем приняли, и доставили в Санкт-Петербург. Но, если несколько минусов- в коробку XL ( это самый большой размер из существующих в Сберлогистике) мало чего входит- например пуховик и пара ботинок и всё, больше ничего не войдёт. И огорчило так же ограничение по весу- посылку можно отправлять не более 10 кг. Хотелось бы больше вариантов по весу и объему коробок! 
 Дополнительно хотелось бы отметить длительность доставки- отпавляли вещи 22 декабря в Санкт-Петербург, часть приехала уже 11-14 января, но пары коробок ещё нет до сих пор на момент написания отзыва 21 января. 
 В целом Сберлогистика очень понравилась- быстро, удобно, недорого, предоставляют упаковку, можно заранее оформить все через личный кабинет и привезти на отправку.",5,
3,Ян Чухалёнок,2023-01-23 07:37:37,"Хорошее место. Очень нравится обновление дизайна, банкоматов, появление постомата для посылок ""сбер"". Есть огромный минус по сравнению с прошлым местом, а именно доступ к банкоматом уже не доступен в 19:00 с понедельника по пятницу и до 17:00 в субботу, а про воскресение вообще молчу, так как выходной. Отсутствие круглосуточных банкоматов очень сильно огорчает. Также можно купить кофе и продукцию ""Сбера"".",4,
4,Анастасия,2024-03-08 06:55:51,"Зашла заплатить налог, девушке в руки отдала квитанцию. Девушка не смогла по квитанции провести платёж. Второй платёж она не всю сумму погасила. И теперь из-за 24 копеек мне опять придётся идти в сбербанк. Мне не понравилось. Я не советую. Лучше самим через приложение.",1,
5,Илья Шабанов,2023-01-23 07:33:36,"Много новых банкоматов, удобное место рядом с автобусной остановкой и Плазой. Сделали отличный ремонт, хоть и перенесли местоположение чуть дальше. Из минусов могу выделить, что раньше доступ к банкоматам был круглосуточный, а теперь какой-то непонятный бред с расписанием",4,
6,Дильфуза Таджиева,2023-11-06 16:08:31,Мне не понравилось обслуживание очень долго ждали пришли за детскими картами очень долго ждали не могли сразу найти ждали долго,3,
7,Виктор Буренин,2023-09-04 14:18:07,"Отличный персонал, быстрые очереди, прохладно в жару, наличие банкоматов, потому-что рядом ближайших просто нет)",5,
8,Игорь,2024-02-15 12:48:30,"Чётко, быстро, профессионально. Приятный, удобный офис.",5,
9,Андрей,2023-02-04 18:54:30,"Получал новую карту (замена). Только взял талон, тут же пригласили в окно. На всё ушло всего 10 минут. Обслуживание на высоте, всё быстро, профессионально!
Филиал новый, просторный, комфортный. Также есть банкоматы, можно положить/снять наличку.",5,
10,Валера Л.,2023-12-23 10:46:24,"Касса по обмену валюты, после каждого клиента закрывается, приходится ждать по 15 минут, пока опять откроются шторы. Ужасно",1,
11,Мария Олеговна,2023-04-21 12:42:09,"Обожаю именно это отделение банка! Отлично отношение к клиентам🔥 Хожу а основном только сюда по всем вопросам!
Плюс очень удобное расположение 👍",5,
12,Космос,2022-12-12 17:27:02,"Удобное расположение отделения сберлогистики недалеко от работы. 
Сотрудники работают оперативно и по делу. Правда, 3 раза предлагали мне одну и ту же кредитку- которая мне не нужна была..
Товары упаковываются бережно и аккуратно.",4,
13,Юрий Петрович.,2022-12-12 14:08:21,"О личное обслуживание, душевное отношение к клиентам, грамотный персонал, время ожидания минимальное, всё рядом, молодцы, очень отлично. Мспасибо",5,
14,Елена С.,2022-12-26 07:52:09,"Разочарование. 
У меня есть счета/карты, как физ.лица, так и ИП. Чтобы досрочно закрыть кредит на Сбер бизнес, надо пройти 7 кругов ада. . Сначала надо подать заявку (внимание!)обязательно через компьютер, через приложение нельзя!!! Заявка принимается только на даты внесения очередного платежа по кредиту!! Теперь надо обеспечить полную сумму. Перевести ВНУТРИ банка деньги тот ещё геморрой!!! С карты на карту нельзя (с физ лица на бизнес- один и тот же банк и человек!!!) потому что зачисляется 5 дней и в нужный день денег может не оказаться!!! То есть в личном кабинете сумма отображается, но на счету ее нет!!! При этом банк снял 1 процент от суммы перевела!!! Но физически денег нет на счету и кредит не списывается!!! Оператор предлагает перевести на бизнес счёт деньги! Делать нечего - перевожу! И снова списывается 1 процент!!! Как так?!!!! Внутри банка, один и тот же человек!!! Перевожу. И жду....очень долго жду. Ну почему так все сложно?!!! Почему без этого всего геморроя я не могу закрыть кредит в тот день, когда у меня появилась возможность?!! Не ждать неделю, не платить проценты, пополняя бизнес счёт, не платить лишние проценты по кредиду за эту неделю ожидания!!! Разочарование, а не банк!!!",1,
15,Дмитрий к,2022-11-14 17:08:37,"Отличный ребрендинг получился, комфортное место, обращался парк раз и все разы, не то попал на хороших спецов, не то там 100% грамотных в своём деле специалисты!",5,
16,Дмитрий С.,2024-03-13 20:32:25,Дмитрий Шилов все про вас правильно сказал. Одной звезды для вас очень много,1,
17,Вадим К.,2022-11-12 11:11:58,"Отличный офис, чисто, уютно, информативно, персонал подготовленный, доброжелательный, сразу сами подходят, предлагают свою услиги...",5,
18,Лариса Кришанс,2022-12-03 22:09:10,"Сбербанк на Шевченко просто ужасный ужас!!! Отношение к клиентам никакое, обслуживание 0,0 ; персонал ходит друг за другом и смеётся: им весело. Взяла талон , ждала 25 минут пока мой номер вызовут но его не вызывают.Вызывают людей, которые пришли позже меня. Обратилась к одной из сотрудниц она сказала ждите.... Я ушла так и не решив свой вопрос. Отношение конечно: "" ни в сказке сказать, ни пером описать"" .Моя оценка работникам 0,0 так как они ничего не хотят делать.",2,
19,Helga,2022-07-06 17:48:46,"Отличное отделение: современное и функциональное. Ожидая, можно выпить кофе. Работают кондиционеры. Сотрудники внимательные и профессиональные. Обслуживаюсь только в этом отделении.",5,
20,Вероника Волкова,2024-03-23 15:00:18,"решила некоторые вопросы, в целом компетентные работники, знающую свою работу",3,
21,Зинаида Николаевна Зиновьева,2024-04-01 17:50:36,Мне понравились новые кассовые терминалы. Очень удобные.,5,
22,ирина яцишина,2023-02-22 07:31:46,Обслуживание отличное. Вежливый и гостеприимный персонал. Быстрое обслуживание клиентов.,5,
23,Сергей Буга,2023-03-17 17:19:47,"Удобное расположение,просторный зал для клиентов,внимательный персонал,есть сберлогистика",5,
24,Социальный Р.,2022-09-20 09:23:26,"Сбербанк-Онлайн всё время профилактические работы и попробуйте позже... За что получают программисты там деньги мне не понятно, за профилактические работы??? На телефоне 900 проблемы решать не хотят! Спрашивают ФИО, потом серию и номер паспорта, потом кодовое слово! После того как я сообщил всему автобусу все возможные варианты мне отказали в обслуживании. Кодовое слово? Вы серьезно? Полный идиотизм связан ещё и с тем, что кодовое слово отказываются полностью удалять в отделении Сбербанка. Это видимо у них уловка такая, чтобы отказать в обслуживании доброй половине людей. Зачем перед этим ФИО, серию и номер паспорта спрашивают также не понятно... Самое страшное что альтернативы нет. У всех банков свои причуды, но, Сбербанк по причудам и спецам на ""первом"" месте!!!",1,
25,Евгений Медведев,2022-11-23 18:39:21,Всегда вежливые и компетентные девушки консультанты. Также есть детский уголок с планшетом и играми что не мало важно когда проходишь с ребёнком.,5,
26,Инкогнито 2920,2024-01-22 13:42:12,"После реновации, лучшее отделение в Калининграде!",5,
27,Солнцева Лина,2024-04-22 11:01:59,Ужасно медленное отделение. Просидеть в очереди в кассу час? - это нормально.,1,
28,В К,2023-01-25 21:51:50,Сбербанк как Сбербанк быстро и удобно девочки молодцы помогли и подсказали как правильно сделать.,4,
29,Сергей Коломников,2022-12-27 15:47:06,"Очень удобное отделение СБЕРа,
хорошее современное оборудование,
доброжелательный персонал.",5,
30,Сергей Семенов,2023-02-09 20:23:12,"Просторно, чисто, относительно немного посетителей. Сотрудники помогают, если нужно.",5,
31,Елена Гулина,2022-11-06 18:46:50,"Хорошее расположение,современные банкоматы,быстрое и вежливое обслуживание консультантов.рекомендую",5,
32,.,2024-03-13 13:14:42,Сегодня брала образовательный кредит. Ольга - лучшая!!!,5,
33,Ирина,2023-06-17 12:11:58,"Красиво, свободно!! Обслуживание быстрое, но чуть хромает)) Жаль, что снятие наличных теперь возможно только в рабочее время(",5,
34,Андрей,2021-10-21 13:15:41,"Очень нравится сотрудничать со Сбербанком. Очень много офисов и банкоматов не только по России, но и по нашей области. Очень удобный и понятный сайт, ничего искать не надо, всё понятно. Быстрые платежи, приятные сотрудники. Самые низкие проценты по кредитам. Всем советую. Не знаю, как будет дальше, но надеюсь, что только лучше!!!!",5,
35,Дмитрий Сухов,2022-12-01 22:14:14,"Хорошее расположение , четкое обслуживание , всем девушкам сотрудникам банка респект , благодарность их работа стоит оценки 10 баллов",5,
36,Лена Татаринова,2024-03-26 13:46:50,"Очень долго ждать в очереди, больше сюда не приду",1,
37,Артем,2022-11-23 13:37:19,"Оставили приятное впечатление. Давно не был в офисах. Понравилось, что убрали официоз. Все как то по простому и быстро. Получение карты заняло 20 минут",5,
38,Андрей Буглинин,2021-10-09 22:55:50,"Хочу дать отзыв в целом на весь Сбербанк, а не на данное отделение. Так вот, Сбербанк - это самый худший банк в России. Банком его даже трудно назвать. Обычная ГБшная контора, по сбору всех твоих личных данных. Мало того, что этот ""банк"" украл у наших граждан миллионы советских рублей, так сегодня он только усложняет жизнь нашим гражданам. Сотрудничает с ОВД и без моего ведома взымает с меня штраф. И ничего доказать нельзя. Вклады - по самой низкой процентной ставке в стране. Кредиты - по самой высокой в стане ставке. Ужас.",1,
39,Андрей Проскуряков,2022-08-13 07:47:02,Отличный Сбер. Давно пора переходить на новый уровень. Всё сделано для людей. И обслуживание сразу как-то изменилось в лучшую сторону. Я думаю людям приятно работать в комфортных условиях. Так держать🤝🏻,5,
40,Алла Попова,2022-12-08 18:18:50,Всё отлично. Но не хватает круглосуточных банкоматов. На Ленинском проспекте в районе гос. Калининград их нет вообще.,0,
41,Ирина Чурилова,2022-07-23 19:49:50,Обслуживание хорошее. Внимательное отношение персонала к клиентам. Минимальное время ожидания.,5,
42,ZLoDeY,2023-06-27 18:58:52,"Нужно повесить большое объявление с режимом работы и о том, что к банкомата не попасть после закрытия",3,
43,александр асачий,2022-10-17 19:12:15,сортировка г калининград работает отвратительно посылка лежит уже 10дней звонил на горячую линию почта россии назвали очень много отмазок жалобу писал что-то зашивелилось потом через 2дня все заглохло,1,
44,Алексей В.,2022-10-17 05:15:42,Сотрудница сбербанка по улице Шевченко 11а при выдачи мне карты сбербанка забыла выдать мне пин код на новую карту и где спрашивается внимательность сотрудника я не смог заплатить за квартиру.,3,
45,Анвар Сафаров,2022-01-26 20:39:24,"Очень удобное место, быстрое обслуживание, практически очередей нет.в дни оплаты жкх,как и по всему городу, немного больше времени уходит на ожидание.",5,
46,сабина бернюкова,2023-06-11 13:48:54,"Удобное расположение,персонал всегда подскажет что нужно именно вам,очередей нет",5,
47,Сергей Иванов,2021-11-18 09:43:35,"Большой, но уютный офис Сбера. Преимущество в том, что он находиться на пересечении людских потоков и всегда можно обслужиться, даже ночью есть возможность снять наличные или оплатить квитанции.",4,
48,Виктория,2023-02-13 14:21:45,Большое удобное помещение! Вежливый персонал! Очередей нет! 👍,5,
49,Наталья Кириченко,2022-12-27 18:31:23,"Современный Сбер, быстрые терминалы, внимательный персонал.",5,
50,Дмитрий Пантюхин,2022-10-15 00:03:26,Всё очень современно и мобильно вежливые сотрудники рекомендую,5,
51,Анастасия Григорьева,2021-11-06 21:48:00,"Обещают бонусы, но как только пробуешь ими воспользоваться, заказ отменяется. Короче, сбер есть сбер, вообще ничего не меняется. Служба поддержки вообще не в курсе что происходить. Типа, если у Вас по бонусам обратитесь туда, если по оплате, сюда. А зачем нужна служба поддержки Сбермегамаркета, непонятно. Короче, первый опыт, негативный. Задумка хорошая, реализация Сбербанка ))",1,
52,Вера Ш.,2021-09-29 08:06:02,Офис Сбера в центре центра города. Очень многолюдно всегда. Банкоматы. Электронная очередь. Все отлично если бы не тучи народа.,4,
53,Екатерина Максютова,2022-12-29 07:46:11,"Оформляла карту момент, очень быстро и подробно объяснили все.",4,
54,Евгения Минасьян,2021-08-14 13:02:23,"удобное расположение, можно зайти ""по пути"". вежливое и достаточно быстрое обслуживание. все подскажут и раскажут",4,
55,Макс Титов,2023-01-09 12:03:56,"Классный туалет, хай тэк, смесь игровой комнаты с залом ожидания",4,
56,катя плотникова,2023-10-15 17:14:38,"хороший персонал,вежливые,",5,
57,Решение,2021-11-02 15:42:37,"Обратилась с серьёзным вопросом ,по закрытию номинального счёта( третий раз) сложная операция переход опекуна . Очень помогли , а именно Наумова Надежда. Спасибо за помощь !
Рекомендую!",5,
58,Борис Бондарчук,2023-02-21 18:20:21,"Очень грамотный персонал, комфортный офис",5,
59,Любовь Бабенко,2021-07-09 09:12:55,"Очень здорово, очереди нет, специалисты вежливые, обслуживают быстро. Рядом с остановкой, что очень удобно.",5,
60,Дмитрий Верещак,2020-04-10 14:31:26,"Сбербанк как всегда на высоте, качественное обслуживание, но не без казусов. Помню пришёл туда к назначенному времени проконсультироваться, но специалист ещё не освободился, сказали ожидать, сижу жду, спасибо, чай и кофе предложили, пол часа прошло, говорят: все все, сейчас освободится, жду, уже час прошёл, потом объявляют что в здании обнаружена ничейная сумка, угроза террористического акта, все быстро покидают здание банка, я , человек спокойный, сижу дальше, мимо меня несколько раз пробегает консультантка банка к которой я пришёл, искоса смотрит, все не знает как ко мне подойти, после часа моего ожидания, и сказать что помещение нужно покинуть, с четвёртого раза(прохождения мимо меня), найдя в себе силы и собрав волю в кулак, она подошла и сказала, извините, но так как в здании обнаружен неопознанный предмет, вам нужно покинуть помещение, на что я сказал хорошо, но у меня уже нет времени, тороплюсь, нужно идти, уже часа полтора прошло, я попросил, чтобы специалист связался со мной, на что получил удовлетворительный ответ, мол конечно конечно, свяжется. P. S. Так со мной никто и не связался, конечно, а надобность в консультации пропала. Вот такая комичная ситуация приключилась со мной.",5,
61,Leylа Muxammed,2022-11-22 15:56:00,обслуживание быстро и качественно спасибо,5,
62,Роман К.,2023-06-13 18:41:37,"Обслуживание быстрое, очереди нет совсем.",5,
63,Дмитрий,2023-10-01 10:58:02,Похоже есть банкомат. Но первый раз вижу банкомат с часами работы. Если отделение закрыто - к нему не прорваться (,2,
64,Юлия Безуглая,2023-02-06 18:22:02,"Большое помещение, вежливый персонал, нет очереди",5,
65,Виктор Усатов,2023-01-10 12:39:16,Персонал вежлив. Доступность операций.,5,
66,mr. Goldenfold S,2022-06-19 10:46:17,Благодарность сотруднику Татьяне за компитентность харизму и вежливость.,5,
67,Дмитрий,2022-11-20 18:34:27,"Вежливо, профессионально, рекомендую!",5,
68,Игорь Иванов,2022-12-25 13:53:33,Новое и современное отделение банка. Всё чисто и эргономично находится,4,
69,Вероника,2023-01-06 19:10:26,"Просторно, грамотный персонал",5,
70,Виктор Вольвач,2022-01-18 15:41:41,"Большой офис, часто посещаемый клиентами, тем остановка всего транспорта здесь. А парковки нет, кроме дворов.",5,
71,Анна Барсук,2023-06-24 00:40:54,Замечательные сотрудники!),5,
72,Александр,2021-10-16 06:32:01,"Худший банк в России!!!!!!! Операторы ничего решить не могут, интеллектуальный помощник ничего может, короче как всегда. Даже почта лучше стала",1,
73,Алексей Суханов,2023-03-27 18:23:18,"Сбер на высоте, как всегда.",5,
74,Олег Ясинский,2022-02-09 03:50:42,"40 мин ждал , работников мало, хотел переоформить кредитку..."" ...вам за 60 , кто вам сейчас даст новый кредит""",2,
75,Vadim Fedorenko,2023-05-30 00:00:07,В файле комфортность поднять,4,
76,Анюта Нютиковна,2023-04-22 16:01:40,Сберлогистика опять подвела.,3,
77,Сергей морковкин,2022-12-24 19:07:23,"Просторно, без очередей...",4,
78,Zuffarov,2022-07-04 17:50:16,Нормальные место и сотрудники тоже Труда любимый,5,
79,Евгений Попов,2022-08-26 05:17:43,Понраыилось отделение. Все оформлено и сделанно в ногу со временем,5,
80,анастасия михайлова,2022-11-01 18:31:49,"Быстро работают, вежливые девушки",5,
81,Виолетта Леньшина,2021-09-18 13:07:53,Хороший офис. Консультанты всегда помогут и подскажут.,5,
82,Оксана,2022-11-14 21:03:22,Нужен кондиционер. Очень душно и жарко.,4,
83,Ирина Скорнякова,2023-04-28 19:19:35,"Офис, как музей!",5,
84,Евгений,2021-07-21 20:15:26,"Худший банк, переводы приходят с задержкой, никакой ориентации на клиента. Только отвратительные впечатления.",1,
85,Валентина Федянина,2020-02-24 20:48:08,"самое посещаемое мною отделение - рядом работа . регулярно захожу распечатать квитанции . Один большой плюс - в течение 1-2 часов решается вопрос о получении кредита , хотя ставки могли бы быть ниже . 2 года назад отказалась от услуг этого банка в пользу другого...",5,
86,Galina L.,2022-08-01 16:38:58,У меня была кредитная карта и каждый месяц навязывают увеличение лимита Довели что вынуждена заблокировать карту,1,
87,Irina C.,2023-01-19 18:36:23,"Много терминалов, большое помещение, нет толкучки",5,
88,Мамедова Гульноза,2021-09-16 19:58:47,Очень хорошая обслуживание всегда довольно,5,
89,Константин П.,2022-11-10 18:27:51,Отличный банк и сервис,5,
90,Татьяна Кирьянова,2022-11-13 18:51:34,"Красивый, новый офис.",5,
91,pavel198444,2023-01-05 12:59:47,Самый худший банк,1,
92,Elena Chernoshtan,2022-01-25 12:26:57,Всегда помогут решить все проблемы очереди нет,5,
93,Михаил Богачев,2021-12-21 15:08:00,Постаянные очеререди порой чтобы разменять деньги приходиться стоять целый час,1,
94,АзиЗ аКа,2022-10-24 16:19:56,Консультанты вопше 0..!,1,
95,Наталия,2022-03-24 21:37:51,Грамотные вежливые сотрудники,5,
96,Alla P.,2020-03-24 11:18:08,Удобно по располаже нию да и сотрудники грамотные.Очень удобно расположен в банкоматы.,5,
97,Наталья П.,2022-11-04 19:14:10,"Хорошо,свободно",5,
98,Светлана Ф.,2021-06-03 14:51:36,Сбербанк. Небольшое отделение. Приветливые сотрудники.,5,
99,Юлия Куксенко,2020-10-24 12:42:04,"Быстрое обслуживание, квалифицированные работники,отзывчивые",5,
100,Дмитрий Цех,2020-04-01 06:18:30,"Сотрудники всегда все подскажут и помогут. Обращаюсь именно в этот филиал, так как он лучший в городе",5,
101,Точное мнение,2021-08-04 21:08:36,"Есть удобный пандус, маловато банкома́тов.",5,
102,Диана Скитейкина,2022-10-24 18:56:49,Отличный сервис.,5,
103,KSiPT_OBG,2021-12-07 14:57:02,"Сбербанк - антинародный банк, что ещё о нём можно говорить не знаю.",2,
104,татьяна додонова,2022-01-29 13:02:59,Хорошее обслуживание. Рекомендую,5,
105,Юля Епифанова,2021-03-04 07:57:32,"Отлично работают, оперативно и грамотно.",5,
106,Мунира Хабибова,2021-11-05 01:52:06,Просто удобно возле остановка...,5,
107,Роман Дик,2021-07-12 14:31:50,"Приятный персонал, мне все нравится",5,
108,Сергей Ш.,2021-05-01 09:54:35,"Всё нравится,особо внимательность персонала и отзывчивость)))",5,
109,Андрей К.,2020-03-30 05:21:28,Консультантов для простых граждан 0.что не спроси рычать и не хотят выходить к гражданам в отделение с банкоматами.,1,
110,Тамара Ткаченко,2023-02-18 13:18:57,Очень,5,
111,сергей С.,2019-12-07 11:32:46,"Ужасное отделение, если по вопросу получения услуг (справки) очередь в приоритете для тех, кто пришел к примеру за кредитом, так очередь и талоны шли мимо целый час.",1,
112,АЛЕКСАНДР ЛЮБИМЫЙ,2019-08-23 18:48:59,"Самый плохой банк. Ужасное обслуживание не квалификацинированный персонал. Дурастика с эл. Очередью. Можно прийти по простейшему вопросу а торчать там 3 часа, самый плохой курс доллора к рублю",1,
113,Денис,2020-06-23 17:46:36,"Бомжи ночуют ночью часто, утром зашёл как-то, пахнет га... м, сотрудники выгнали товарища через час только, когда клиенты уже ор подняли. Такой вот банк 🙂",2,
114,Ирина Саварина,2020-03-22 19:47:50,"Удобно расположен, грамотные и приветливые сотрудницы",5,
115,Aleksei Potapov,2021-05-29 09:32:45,"Грязное отделение,вечерами там спят пьяные и вонючие бездомные",3,
116,Павел Скатков,2022-08-14 15:23:27,Классно,5,
117,Сергей,2020-11-27 11:03:51,"Хороший , но проценты по вкладам есть и по лучше",4,
118,Левашов,2020-08-02 02:11:38,"удобно расположен, много банкоматов, ок",5,
119,Евгений Д.,2019-11-02 12:54:33,"Отличное обслуживание,вежливый персонал.Бывают очереди.",5,
120,Лариса Ц.,2019-10-06 13:46:40,"Этот банк для меня близко от дома ,милые добрые нормальное обслуживание",5,
121,Kras,2020-05-25 08:54:14,"Работники вникли в вопрос, предложили более подходящие варианты решения вопроса.",5,
122,Виктория Х.,2020-01-27 12:44:57,Удобное расположение филиала. Быстрое обслуживание.,5,
123,Олег,2020-07-16 09:50:06,Сотрудники МОЛОДЦЫ!!!! За отношение 10 балов. Так держать.,5,
124,Алина,2020-02-12 13:36:26,Круглосуточный банкомат в центре-очень удобно!,5,
125,Андрей Стрекачинский,2021-05-31 09:59:43,Сбербанк всегда сбербанк.,5,
126,LSK88iNet,2020-08-22 08:53:32,"Сбер, всегда на виду, удобно",4,
127,Константин Б.,2020-03-26 14:26:59,"Как обычно в Сбербанке- душно, полноценных банкомата всего два, очереди.",2,
128,Ирина,2021-03-03 21:49:59,Слишком навязывают разные услуги,4,
129,Рустам Хусенов,2022-01-20 13:22:26,Отлично,5,
130,Ольга Фетисова,2020-08-21 08:18:04,Грамотные консультанты и нет очередей.,5,
131,Марина Антоненко,2020-03-23 19:39:56,"Попали на компетентных работников, очень порадовало",5,
132,EVGENIY OSMANOV,2021-05-12 14:59:19,Специалисты ни о чем .,1,
133,Быкова Татьяна,2019-12-10 08:19:53,"Комфортно, быстро, удобно!",5,
134,Ольга В.,2019-10-21 21:31:29,Удобное месторасположение в городе,1,
135,Elena Popova,2020-01-31 17:30:48,Всегда много народу в этом офисе,5,
136,Галина Лятиева,2020-10-26 11:57:22,"Банк, как банк...",5,
137,Ирина Пестова,2019-09-14 14:19:11,Хорошое расположение.Много банкоматов👍,5,
138,Vladislav Zaytsev,2019-10-08 10:39:06,"Постоянные очереди, народу тьма.",4,
139,Владимир,2019-08-06 13:59:50,Обслуживание с пиитетом к кленту.,4,
140,Андрей ТОРР,2019-10-02 11:33:55,Обычный банк ничего особенного,4,
141,Татьяна А.,2019-08-21 19:57:21,Всё понравилось.,5,
142,Игорь Н.,2020-01-30 06:10:53,Все ок,4,
143,Константин,2018-03-15 18:23:02,Проходной место и поэтому вечные очереди,4,
144,Анонимный отзыв,2015-07-09 11:38:09,"Обслуживание оставляет желать лучшего, абсолютное безразличие к своим клиентам...По телефону вообще не дозвониться ни в какое время...",1,
145,Andrew,2019-10-07 10:31:21,Хорошее обслуживание,5,
146,Анонимный отзыв,2014-02-19 16:27:29,"Прекрасное обслуживание, прекрасные специалисты, всегда приятно посетить этот офис.",5,
