,name,date,text,stars,answer
0,Евгения Н.,2023-12-12 22:17:10,"Диана Потугина!!!!!!!!
Выдайте ей все премии возможные!
Единственный человек, который смог мне помочь! И не один раз
Каждый раз, когда я к вам обращаюсь, только она мне помогает!!!! Ощущение, что кроме нее никто не работает!
Помогла мне с кредитами и с моими не до конца оформленными картами!!!
Спасибо ей огромное. 
Из всего отделения она одна работает( ощущение именно такое). Спасибо",5,
1,Валерий Валерьев,2024-04-14 12:17:22,"Единственный филиал в этом большом районе, по мимо этого, из восьми имеющихся банкоматов на приём и выдачу наличных работают только четыре, отсюда постоянные очереди в будние дни, а это самый главный минус, так как больше банкоматов в этом районе нет. Ближайший только на батальной , и ремонтировать их по ходу не собираются. Проблема сохраняется уже месяц...",3,
2,Инкогнито 0050,2024-03-08 11:58:34,"Быстро обслужили,вежливый персонал! Всё подсказали объяснили! Небольшой минус с парковкой,но это минус всего Калининграда!",5,
3,jeikil j,2024-01-08 19:03:08,"Забирал посылку из мега маркета. Слов нет. Ну в целом как и всегда. Это самый наверное загруженный филиал банка, постоянные очереди. Ждал выдачу товара 24 минуты. 
Скажу так: сделать из банка ещё и онлайн магазин -- была не лучшей идеей)))) банк должен оставаться банком, а магазин магазином.",2,
4,Алексей Спиридонов,2023-12-22 14:57:04,"Слаженный коллектив, все работают ответственно выполняя каждый свою работу. Отдельное спасибо и руководству банка.",4,
5,Светлана Палёнко,2024-01-10 12:31:56,"Очень понравился банк, особенно кассир,такая приятная и позитивная женщина. И консультант Нина,открывали вклад у неё. Осталось очень приятное впечатление о банке и о сотрудниках.",5,
6,Юлия Карабецкая,2023-08-12 18:25:59,"Хорошее заведение, сотрудники вежливые. Все чисто, аккуратно, современно.
Берёшь талон и ждёшь пока тебя вызовут. Удобно. Напрягает то, почему распечатать реквизиты карты Мир платная услуга",5,
7,Ирма Зеленина,2024-02-17 18:09:02,"Есть большой плюс: СберБанк находится в самой гуще "" старого Балтрайона"", что удобно. Второе: даже в нерабочие дни и часы можно воспользоваться банкоматами",5,
8,Лыщицкая Марина,2023-10-31 14:20:16,"Высокий сервис, сотрудники ориентированы на клиента. Обслуживание всегда быстро и качественно.",5,
9,Игорь Григорьев,2024-01-19 18:59:50,Вежливое отношение к клиентам. Время ожидания не долго. Удобное время работы банкоматов - круглосуточно.,5,
10,Сергей М,2023-06-06 18:44:36,"Всегда прихожу не в часы пик по будням сотрудники вежливые подскажут посоветуют но могут советовать на грани навязывания но я понимаю это их работа их хлеб, отношение к клиентам в целом хорошее , время ожидания если не вчас пик не более 2х минут ну а в час пик есть час пик можно и до 20 просидеть, банкоматы есть много вроде бы 9 штук если не ошибаюсь, есть как для оплаты так и для приёма платежей .",5,
11,Анатолий Ткаченко,2023-07-05 19:15:25,"Часто бываю здесь, т.к. плачу за ЖКУ картой с тлф, а к банкомату приезжаю за чеками. Для оформления налогового вычета мне понадобились реквизиты счёта. Практически очереди не было. Менеджер меня позвала, сделала спраку (2 экз.), тут же оформили вклад на свободные деньги, и рассказала, как разабатывать повышенный кэшбэк. Мне всё понравилось, обслужили быстро и с вниманием к клиенту. Спасибо.",5,
12,Дмитрий Карташов,2023-06-01 19:17:47,Это помоему самый лучший Сбер в Калининграде. Очереди быстро идут. Персонал вежливый. Здесь круглосуточно работают автоматы. Есть обмен валюты.,5,
13,Сергей Степанов,2023-12-05 18:16:35,"Работают вроде ничего так, НО только до 18.30 (по субботам и то только до 16.30 всего)- после работы не успеть зайти.",3,
14,Рома Комаров,2023-09-12 09:06:46,"Достаточно быстро и качественно обрабатывают вопросы. Помогают в тех моментах, когда ты в замешательстве и не знаешь, какой пункт необходимо выбрать на электронном табло.",5,
15,Дюша,2023-05-24 12:21:46,Отличный банк отличный сотрудники вообще на будьте любезны всё приятно всё красиво всё удобно Спасибо большое,5,
16,Veta Hvostova,2023-11-30 21:20:10,"Сбербанк изменился,работают быстро,отвечают на все вопросы,очереди почти нет,молодцы так держать.",5,
17,Елена Военмастео,2024-02-01 22:02:04,"Качественное обслуживание, хорошее и внимательное отношение",5,
18,Виктория Аширова,2023-04-26 17:42:37,"Хорошее отделение банка, хорошее обслуживание. Иногда много бывают людей, и долго проходит очередь, а так всё оперативно и качественно.",5,
19,Юлия Улитина,2023-03-10 12:13:15,"Вежливый и приветливый персонал. Чисто, тепло и комфортно в зоне ожидания. Время ожидания бывает утомительно долго...",5,
20,Виктория,2023-06-18 17:28:33,"Большое помещение для банкомата 24 часа в сутки работает, очень удобно 
Персонал банка очень приветливый
Время ожидания по времени, удобные кресла",5,
21,Екатерина Малащенко,2022-08-04 12:09:43,"Хороший персонал, больших очередей нет. Попалась очень вежливая грамотная женщина, быстро оформила мне моментальную карту ""Мир"" рассказала про обслуживание карты. Я всем остальным довольна!!!",5,
22,Вера Девятова,2023-11-29 13:47:58,"Обслуживание быстрое, внимательное! Спасибо)",5,
23,Антон,2022-08-20 19:31:06,"При выдаче дебетовой карты навязчиво предлагали ненужные банковские продукты, я отказался от них всех, получил карту и ушел. Спустя некоторое время пришло сообщение на телефон о подключении смс-оповещения (платного), разумеется никто меня не спросил хочу ли я его подключить, сотрудник сделал это втихаря. Через личный кабинет Сбербанка написал обращение-жалобу на действие сотрудников банка, быстро ответили в электронном виде, что услугу отключили, денежные средства не списывались и для урегулирования инцидента начислено 200 бонусов СПАСИБО. Служба поддержки и урегулирования споров работает лучше, чем отделения. Удовлетворен способом разрешения конфликта, что не пришлось ни с кем ругаться. Советую всем писать электронные обращения, их действительно быстро рассматривают в Сбербанке.",2,
24,Nikol Boiko,2022-06-07 17:54:08,"Мне нравится всё. Всегда очень быстро, и главное очень доброжелательные работники. Очень отзывчивые. Так что всё хорошо. Само место очень светлое, приятное.",5,
25,Наталья Русанова,2024-01-07 19:08:07,"Хороший филиал, но всегда много народа",5,
26,Лариса Толмачева,2023-04-08 08:57:16,"Мне нравится наше отделение Сбера, и обслуживание хорошее, талон берёшь через автомат и быстро и вежливо девочки решают наши проблемы",3,
27,Артемий Борисов,2023-03-08 11:55:02,"Всегда сюда хожу. Нравится что банкомат 24:00 часа, быстро обслуживают, очередей практически нет, из минусов не работает по воскресеньям и в субботу сокращенный день.",5,
28,Антон С,2024-03-19 14:43:04,Хороший сбер. Все быстро и четко,5,
29,тимур ефремов,2022-08-20 21:34:03,"Проблем с очередью нет, вежливый персонал, уютная остановка, работает кондиционер, девочки быстро обслужат подскажут, помогут во всём разобраться",5,
30,226833 Туркбоев,2023-01-23 15:47:15,Все сотрудники отличные даже возле дверей со стаканчиком дед привыходе благодорит и благославляет классно же,5,
31,Лия Эффе,2022-06-02 21:44:23,"Возможно мне так везёт, персонал вежливый, девочки всегда стараюсь помочь, ответить на вопросы. Ожидание по разному было, когда быстро, когда не очень. Расположение для меня удобное, но вот парковки нормальной нет.",5,
32,Michael Fassbender,2023-05-04 13:46:35,"Единственный сбер на районе, достаточно часто бывает очередь, тамбур с банкоматами это отдельный квест, грязно, переодически стоят местные маргинальные личности и попрошайки.",3,
33,Светлана Машенскова,2022-11-12 19:38:04,"Сам банк нормальный и обслуживание хорошее, но вот парковка отсутствует, раньше когда на киевской было одностороннее движение можно было парковаться вдоль дороги, а теперь киевскую сделали с двусторонним движением, паркинг вдоль тротуара запрещён.",3,
34,Татьяна Исакова,2023-07-15 11:24:20,"Хорошее отлеление. Операторы грамотные, всегда относятся с пониманием и вниманием.",5,
35,Данила Голубихин,2022-09-03 19:39:19,"Приятное обслуживание и удобное расположение. Банкоматы хотелось бы круглосуточные, а так придраться особо не к чему. Иногда собачек погреться пускают :)",5,
36,Мария Писаренко,2023-01-08 11:55:12,Удобное располржение Вежливый персонал! Достаточное количество банкоматов. Рекомендую,5,
37,Светлана Егорова,2023-10-24 19:25:32,Неплохие отделение. Сотрудники грамотные и живые. Спасибо,5,
38,Галина Багирова,2023-07-14 18:46:41,"Всё супер, и персонал, и время ожидания. Любой вопрос можно решить.",5,
39,Алексей Д.,2023-07-13 07:32:15,"Обманывают клиентов, навязывают платные услуги.
После того как выяснили обман, никто разбираться не стал, на обращения одни отписки.",1,
40,Danke,2023-11-01 12:19:55,Успешно снимал деньги. Очередей не было. Никто не мешал,5,
41,Евгений Семенович,2023-05-05 20:36:49,"Отличный сервис, отзывчивый персонал. Всем советую данное место",5,
42,Виктор Андреевич.,2024-04-05 17:28:03,Хорошее отделение.Отзавчивый персонал.,5,
43,Руслан Физиев,2022-10-17 06:57:31,"Обслуживание клиентов на высшемуровне, подход к своей работе отличный , знает персонал свою работу, обязанности, подход к работе и самое главное отношение и обслуживание своих посетителей. Только самые положительные впечатления о даном банке благодаря и персоналу и руководству. Спасибо за ваше грамотное качество обслуживание и отличное выполнение своей работы!!!",5,
44,дмитрий Кузнецов,2022-11-14 18:49:46,"Отделение банка очень хорошее, на прием клиентов уходит ровно столько времени, на сколько сложным является вопрос. Время ожидания тоже не велико, персонал вежливый.",5,
45,874003 Кузнецов,2022-07-12 05:33:19,"Хорошее отделение банка, сколько сюда приходил всегда быстрое обслуживание, внимательный персонал. Вообщем всё на высоте. 
Мне нравится.",5,
46,Valeria K.,2022-12-02 11:37:04,Из самых известных песен и стихов и не может быть не может найти себе девушку и не может не может не быть мне не нравится💓 мне приехать на что не быть,5,
47,Алексей Береговой,2023-07-04 14:05:35,"Работают быстро, норм готовы все объяснить
По вечерам изредка бомжи воняют в банкоматной зоне",4,
48,Татьяна Бочко,2024-04-02 18:36:28,Доброжелательный персонал,5,
49,Ирина Георгиевна,2022-07-15 16:19:09,очень вежливые сотрудники... но почему - то настойчиво предлагали взять кредитную карту... я же неработающая пенсионерка !!! мне не надо связываться с кредитом. много времени было затрачено на оформление карты . новые порядки не понравились.,3,
50,Елена,2023-06-11 18:26:07,"Хорошее обслуживание, удобное расположение 👍",5,
51,Екатерина Кислицына,2023-12-26 20:05:07,Не приветливый персонал,4,
52,Людмила Бойкова,2023-06-14 13:48:58,"Отделение Сбербанка!как у всех!банкрматы,персонал!все можно сделать и узнать",5,
53,Анонимный отзыв,2022-06-29 11:45:14,"Заходила раз пять и выходила в ужасе... Касаемо банкоматов на оплату и выдачу..., постоянно народ, постоянно чем то воняет, кондиционер отсутствует. К персоналу не обращалась сказать не могу...",4,
54,Элис,2023-03-06 18:03:59,"Быстрое, достойное обслуживание, вежливый персонал",5,
55,Андрей Шнайдер,2023-10-06 07:33:11,Фигня навязывают кучу услуг от которых ты не можешь отказаться,4,
56,РОМАН ЗАЯЦ,2024-04-21 07:38:59,Не всегда работает,1,
57,Валентина Вартанова,2022-06-09 17:22:13,Самый ближайший пункт для меня. Всегда обращаюсь с любыми проблемами. Решают и помогают специалисты. Спасибо,5,
58,Инкогнито 6129,2023-11-08 18:32:49,Быстро и четко,5,
59,Марина Мазяркина,2022-10-23 19:29:59,"Много банкоматов на внесение и выдачу наличных. В самом банке нет больших очередей, вежливые сотрудники",5,
60,ВИталий Емелин,2024-01-18 14:50:55,Хороший Сбербанк,5,
61,Сергей М.,2024-02-14 17:41:31,Всё очень долго.,4,
62,Максим Пожидаев,2024-03-19 17:24:52,Народу многовато,4,
63,Олег Большаков,2022-08-07 16:18:55,"Одобрили ипотеку , продал дом , продал машину , перевёз все вещи и семью в Калининград на пмж , выбрали дом , и на последнем этапе отказали !!!!! Больше с вами не сотрудничаю !!!! Возвращаюсь на родину потратив несколько сотен тысяч рублей на переезд и перевозку вещей ! Подстава от сбера очень дорого мне вышла. Не ожидал.",1,
64,Sergey G.,2023-01-09 17:31:28,"Обслуживание хорошее, персонал грамотный, одно слово - SBER!",4,
65,Виктория Ив,2022-05-01 20:34:42,"Молодцы девочки администраторы, справляются с потоком людей, всегда доброжелательны. Спасибо.",4,
66,Александр Логвиненко,2023-10-26 19:57:44,Оперативно и все по теме,5,
67,Светлана Котова,2021-08-08 12:58:19,Отличный офис. Всегда помогут с любым вопросом. Очередь проходит очень быстро. В офис обращаюсь уже давно. Очень довольна.,5,
68,Алиса Елисеева,2024-03-01 16:22:36,Хороший банк,5,
69,Анастасия Л.,2023-03-30 16:42:13,вежливый персонал. Но в холе с банкоматами часто пахнет бомжами :(,5,
70,Елена Орлова,2023-10-23 06:27:41,Хорошее отношение к посетителям,5,
71,Павел Медведев,2023-08-05 17:42:29,Хорошее и быстрое обслуживание,5,
72,TOYOTALC-200,2022-11-03 12:46:41,Сбербанк как Сбербанк. Много банкоматов. Всегда доступен.,5,
73,Светик Мурзюкова,2022-04-17 18:24:09,"Обслуживание хорошее, отношение хорошее, время ожидания тоже быстро. Банкомат подтупливает",5,
74,Евгений,2022-07-07 12:03:48,"Быстрое обслуживание,отзывчивый персонал,много банкоматов.",5,
75,Stas Kurkin002,2023-03-02 18:33:33,Отличный банк очередей нет. Специалисты хорошие.,5,
76,Светлана )),2023-10-09 07:43:30,Вечно забитое очередями отделение Сбера,3,
77,Дима А.,2023-06-18 11:35:39,Отличное обслуживание персонала,5,
78,Наталья Холостова,2022-06-22 14:59:14,"Быстро, качественно и комфортно.. Сотрудницы молодцы.",5,
79,Elmira Gutkniht,2023-09-03 18:47:12,Качественно и быстро,5,
80,Александр Домшенко,2021-10-02 11:19:58,"Приятный персонал, время ожидания минимальное, все делают очень качественно и быстро",5,
81,Ivanovskkiivsergei,2024-03-23 18:51:15,Очень тесно,1,
82,Александр Ч.,2022-01-17 13:46:19,Обманывают уже ровно пять месяцев не могут выдать сбербокс деньги заплатил руководитель обещал решить проблему но оказался не очень серьёзным приходил в отделение пять раз,1,
83,Игорь Лавров,2023-07-22 17:32:35,Старые банкоматы плохо реагируют сесоры,3,
84,Ирина,2021-08-30 19:30:55,"Хороший ремонт, огромное количество круглосуточных банкоматов, часто пользуюсь сбер доставкой! Вот только вечно отирающиеся на входе колдыри всё портят(((",5,
85,Светлана Березкина,2022-09-05 06:49:06,"Замечательный персонал, быстрое обслуживание",5,
86,Vasily N,2023-12-10 02:36:59,В чем прикол ночных банкоматов которые закрыты ночью?,1,
87,Roman D.,2022-07-18 12:05:06,"Хорошее отделение. Много банкоматов, но они не всегда корректно работают",5,
88,mishania1984,2021-12-30 15:58:33,"В холле где стоят банкоматы, когда снег на улице, ноги не протянуть, только в резиновых сапогах туда заходить. Вот только за это и три звезды.",3,
89,Лариса Азаренко,2022-02-15 18:19:22,Персонал очень приятный и дружелюбный.Обслуживание по высшему разряду,5,
90,Елена Батурина,2022-06-19 11:26:01,"Удобный график работы зала терминалов, большие очереди бывают редко.",4,
91,Ирина Костырина,2022-06-26 14:27:21,"Была давно, чисто, работают банкоматы круглосуточно.",3,
92,vladw72,2021-07-31 09:36:43,"Электронная очередь, вежливый персонал, обслуживают быстро. На входе стоит несколько круглосуточных банкоматов",5,
93,Дмитрий Верещак,2019-07-24 19:28:06,"Как и всегда оперативное обслуживание, доброжелательный персонал, присутствует электронная очередь, что очень удобно, только не хватает бойлера с водой для посетителей, так как иной раз приходится длительное время находиться по тем или иным вопросам банковских операций, а жажда не заставляет себя долго ждать в жаркий летний день.",5,
94,Данила Сементин,2022-11-23 11:42:32,"Все отлично,персонал отзывчивый",5,
95,Инкогнито 3496,2023-10-01 21:08:33,Один минус очереди,4,
96,Дмитрий Ю.,2021-05-16 09:19:47,"Хороше расположено отделение, с профессиональным сотрудниками.
Недостаток только в том что практически всегда много клиентов.",4,
97,Алексей,2023-02-19 12:37:37,"Отлично, постоянно посылки забираю",5,
98,Олеся Голубцова,2023-04-22 19:09:08,"Что, касаемо карт. . Мего быстро.",3,
99,Насиба Ажибекова,2022-01-09 11:52:32,"Очередей минимум, тепло, чисто, можно за один приход решить сразу много вопросов",5,
100,Балтика,2023-10-03 11:57:33,Всё нормально,5,
101,Eliz First,2021-09-07 22:07:28,"Очень медленно работают сотрудники. Есть глючной терминал и глючной банкомат, тупит и зажевывает карты. Хоть бы повесили бумажку или отключили.",3,
102,Инкогнито 9305,2022-09-06 18:07:17,"Хорошее впечатление, хорошее отношение. Дальше время покажет",5,
103,Виталий Тройников,2021-09-10 16:27:48,"Тоже в целом хороший сервес, персонал доброжелательный, воспитанный и пунктуальный",5,
104,Пётр Шестов,2021-07-19 12:31:09,"Обычный сбербанк, много банкоматов!
Удобно. Всегда можно положить и снять без очереди.",5,
105,Елена Вира,2022-12-09 08:36:02,"Отношение не плохое, но не всегда внимательно.",4,
106,171065 котасонова,2022-10-24 12:11:25,Обслуживание. Персонал отношение к клиентам,5,
107,Валентина Смирнова,2021-09-08 08:07:06,хочеться уйти уже давно банкоматы глючат на приеме обслуживание не всегда хорошее и тем более по телефону с ихним дебильным роботом,1,
108,Anvar Kurbanov,2023-04-22 09:22:46,Отлично супер,5,
109,ольга дмитриева,2021-07-22 14:43:52,"Быстрое обслуживание, всегда можно получить грамотную консультацию.",5,
110,Димон Бирицкий,2022-06-27 10:36:38,"Большое скопление людей, чтоб оплатить квитанцию простоял 40 минут.",3,
111,Коя,2023-04-13 12:12:08,Очереди в банкоматах,3,
112,Раиса Иванова,2021-05-14 19:10:09,"Хорошее отделение Сбербанка, но очереди дикие и летом в предбаннике с банкомата и жарко неистово и по выходным не работает кондей.",4,
113,lacram,2022-12-06 18:00:21,Все замечательно!!! 👍,5,
114,Сергей Матаеенков,2023-09-12 19:52:03,Удобно.,3,
115,Влад Новикоф,2021-12-04 00:58:59,"удобно. отзывчивый, грамотный персонал.",5,
116,olga-lediolga,2021-06-08 13:03:46,"Быстрое обслуживание, внимательные операторы и консультанты, близко с домом",5,
117,Ирина Масалкина,2023-03-24 17:52:23,Хорошее обслуживание,4,
118,Анонимный отзыв,2022-07-08 20:47:32,Часто бывает свободно и это хорошо,5,
119,Светлана,2021-09-18 12:34:23,"Всегда помогут, разъяснят,,,, обслуживание хорошее",5,
120,pavel198444,2023-01-24 00:57:54,Обдираловка и все,1,
121,Евгений Магдиев,2021-11-09 13:25:41,"Хорошие консультанты, вежливый персонал.",5,
122,Азам Обидов,2022-04-23 17:47:02,"Очень любезные рабочие,всегда помогут",5,
123,Elena Kolaidiha,2023-07-02 19:05:16,Все хорошо.,5,
124,Наталья Майорова,2023-02-22 14:46:51,Классный банк,5,
125,Евгений,2021-12-29 04:37:49,"Очень много людей , постаянно не работает электронное табло не комфортно, даже негде постоять очередь и тем более по сидеть.",4,
126,Александр,2023-07-09 17:39:34,Персонал не всегда здоровается,4,
127,юрий симанин,2021-12-16 16:16:40,"Клеркам 5, от вопросовне уходят, все разьясняют!",5,
128,Дмитрий Казачук,2023-04-01 19:37:24,Удобно!,5,
129,Ann L.,2023-06-13 17:20:45,Очереди…,3,
130,Евгений,2023-06-18 17:57:03,Большой,5,
131,Елена Мерзлякова,2018-07-05 11:01:20,"Много операторов, удобные диваны для ожидания, быстро отвечают на запросы, доступ сбербанк- онлайн с функцией бесплатной распечатки квитанций, много терминалов самообслуживания с богатым функционалом. Пользуется популярностью, поэтому заходить лучше в будний день в обед, когда поменьше людей. Плюс свободный вай-фай",5,
132,Наталья П.,2022-11-04 19:13:30,Много народу,4,
133,Нина Ив,2021-12-13 21:34:05,Душно в помещении. Персонал великолепный,5,
134,Сергей Ивановский,2019-11-30 12:10:34,"Такое ощущение, что сотрудники не компетентны по многим вопросам, справку о состоянии счета делал два дня бесплатную , хотели втюхать платную на фирменном бланке, на бесплатную у них компьютер виснет.",1,
135,Анонимный отзыв,2020-02-12 09:55:04,"Хороший филиал, сотрудники очень вежливые, быстро отпускают и консультируют. Очередей не бывает.",5,
136,Сергей Щербаков,2023-02-09 17:57:27,Удобно,5,
137,Татьяна Рудик,2019-06-22 05:43:01,"хорошие консультанты, оказывается, например: талончик взять для перевода денег на карту другого лица, если много людей, открыли секрет: можно выбрать другую графу на табло и намерок попадается по вызову бестрее",4,
138,Любовь Г.,2019-12-27 13:40:50,"Банкоматы сбербанка работают ночью, девчата вежливые И во всем помогают, особенно пинсионерам.",5,
139,Игорь Бугрышев,2021-12-20 05:19:19,"Как всегда долго, бестолково и навязчиво.",1,
140,Надин Кис,2019-08-23 06:41:34,Отличное отделение! Девушки всегда приветливы и помогут. Лучшее отделение в городе💐,5,
141,дмитрий сухов,2021-09-09 20:33:43,Типичный Сбербанк со своими плюсами и минусами,5,
142,Татьяна К.,2019-12-07 14:15:24,"Самое любимое отделение, все быстро, всегда дают отличные консультации",5,
143,Лев чумаков,2021-04-09 10:04:22,"Вечно ничего незнают как кним необратись,только кридиты могут выдовать.",3,
144,Ирина,2021-05-07 17:17:42,Быстрое и профессиональное обслуживание,5,
145,Просто Я,2022-12-04 11:45:39,жить можно,5,
146,Нина Р.,2021-05-24 09:32:03,"Хороший офис, много аппаратов для снятия денег и оплаты",5,
147,Рая Кудзаева,2021-04-21 10:22:56,"Быстрое обслуживание,хорошее отношение👍",5,
148,Дмитрий Углов,2021-04-19 09:24:38,Решают проблемы клиентов очень оперативно.,5,
149,ольга смирнова,2021-10-12 16:44:52,Внимательные ожидание не очень долго,5,
150,ilya zaytsev,2021-05-10 16:00:34,Лучшее отделение в этом районе города.,5,
151,Анвар Курбанов,2022-12-02 00:36:42,Супер,5,
152,вячеслав реутенко,2021-04-01 14:18:26,Очень много народа во время массовых оплат платежей ЖКХ.,1,
153,Catherine,2020-01-16 18:09:44,"Удачное расположение, присутствует пандус. Минусом является очереди в терминалы.",4,
154,Владимир П.,2020-08-17 13:46:16,Хороший банк. Приветливые сотрудники. -1 звезда за Грефа.,4,
155,виктория школина,2021-10-10 10:55:15,"Быстро, удобно",5,
156,ksmal1982,2019-09-09 08:15:58,Хорошее отделение и отзывчивый персонал. Бывают большие очереди,5,
157,kafkakar,2020-02-12 11:58:38,Персонал супер компитентны вежливые и постоянны,5,
158,Олег Мацкевич,2022-05-29 23:40:09,Нормально.,3,
159,Marina Sergeeva,2021-07-28 17:49:43,"Работают люди, работают.",5,
160,Евгений,2022-08-04 18:28:57,Ок👍,5,
161,Елена,2021-08-04 10:50:11,Отзывчивые сотрудники,4,
162,мила китриш,2021-04-03 08:18:52,Постоянная грязь и хамское обслуживание,1,
163,Олег О.,2019-09-03 06:19:52,"Отличное отделение, приветливый и грамотный персонал",5,
164,владимир терновых,2021-01-07 07:07:53,"Рядом с домом, по этому пятёрка.",5,
165,Svetlana Koval,2020-04-09 13:03:12,"Часто им пользуюсь. Особенно банкоматом, это надёжней чем уличными",5,
166,Алёна Павелко,2021-04-27 06:09:56,Просто очень удобно.,5,
167,АВ,2019-10-11 17:11:10,"Хорошее обслуживание, доброжелательный персонал.",5,
168,Buran,2021-09-06 13:13:07,Сбер на уровне.+ круглосуточные банкоматы,5,
169,Evgeny,2021-07-31 09:20:18,Отличное обслуживание,5,
170,Андрей Справедливый,2021-03-08 21:45:51,"Маленькое помещение, народу много, меры безопасности не соблюдаются.",3,
171,Вероника Рохаева,2020-05-30 13:35:01,Все вежливые обслуживают хорошо..,5,
172,Ольга Перова,2019-08-26 14:04:48,"Комфортно, свободно, всегда есть консультанты",5,
173,Эдуард Бур,2020-07-29 14:35:36,Сбербанк есть Сбербанк. Как везде в Сбере.,1,
174,Sadirov Baxtiyor Baxromjonovich,2020-04-19 20:50:22,обслуживают бистро и отлично,5,
175,Ольга Полякова,2020-02-17 11:52:56,"Много банкоматов, всегда всё работает",5,
176,Baltiec67,2020-08-20 05:10:07,"Небольшой, но комфортный",5,
177,Александр Донов тишина и покой,2019-11-20 18:40:45,"Класс, что не так , в Сбербанке Грефа мне всё нравится",5,
178,алексей трифонов,2019-12-22 15:33:11,"Все понравилось ,но в выходные не работает",5,
179,Андрей Юрьевич,2020-04-26 06:15:00,Хорошее отношение к клиентам...,5,
180,Артём Акумов,2019-09-08 08:14:21,"Здесь удобно, да и близко с домом)",4,
181,Ирина К.,2020-04-24 16:09:49,"Сбербанк как и везде, все одинаково.",4,
182,Сергей С,2020-08-30 08:11:13,Хорошие консультанты.,5,
183,Elen A.,2018-07-02 06:30:35,"Работники этого банка очень вежливые, обслуживание отлично.",5,
184,Татьяна Антаневич,2019-10-07 14:53:19,Информация и обслуживание на уровне.,5,
185,Александр Гусейнов,2022-05-31 17:45:41,Норм,4,
186,Анюта Куракина,2020-03-19 13:42:18,Быстрое обслуживание,5,
187,Светлана,2019-11-20 21:28:27,Хорошее обслуживание..,5,
188,Александр Челноков,2019-12-08 11:08:26,Хорошо объясняют,5,
189,Артур Решетов,2020-01-17 18:00:14,Всё отлично.,5,
190,Nimastor,2020-04-08 07:49:40,"Быстро, качественно",4,
191,Вадим Л.,2018-02-03 14:25:58,"Качественно,достойно.",5,
192,Татьяна,2019-11-01 05:51:56,Все ок,5,
