,name,date,text,stars,answer
0,Марина Зильберс,2024-03-09 10:10:25,"Отделение открылось после ремонта. Запись по талонам при входе. Можно, как и во всех отделениях по интернету записаться. В отделении чисто, удобно. По субботам много посетителей, так как выходной день. При входе банкоматы.",5,
1,Аркадий Осипов,2023-06-14 07:08:28,"Прекрасное обслуживание! Персонал работает чётко, никто из посетителей не остаётся без внимания, всё делается быстро, оперативно. Людям почтенного возраста терпеливо объясняют все непонятные моменты. Одним словом-профессионалы! Спасибо! С уважением-Аршак Ашотович, Ваш постоянный клиент!",5,
2,Роман Щербаков,2023-12-05 18:26:51,"Отличное отделение сбербанка, все общительные и добрые, все чисто и опрятно!",5,
3,Инкогнито 2884,2023-12-14 19:55:35,"Хороший колектив 
Расположен очень Удобно 
Можно сказать почти рядом с остановкой",5,
4,Павел Шиков,2022-11-03 13:12:51,"Очень часто бываю в этом сбере. В целом все отлично, всегда быстро помогут. Приветливый и вежливый персонал. Большое количество банкоматов и терминалов. Как и везде электронная очередь . Могу смело рекомендовать!",5,
5,G,2023-12-18 10:39:36,"Хорошее отделение. Сотрудники компетентны, стараются максимально оперативно помочь.",5,
6,Елена Яковлева,2023-01-21 17:07:14,"Сбербанком на ул. Интернациональная,59 пользуюсь регулярно,его расположение для меня самое удобное. Каждое посещение оставляет у меня только самые благоприятные впечатления. В связи с тем,что при каждом посещении,напрямую взаимодействию с персоналом Сбербанка,могу отметить профессионализм,компетентность сотрудников. Обслуживание полностью удовлетворяет и соответствует моим ожиданиям.",5,
7,Alise,2022-08-16 09:53:58,"Несмотря на большой холл и множество операторов, тут всегда много народу! Хотя некоторые операторы ничем не заняты,а у других толпа людей. 
Тормозят очень сильно. Приставы сняли ИП ещё в мае, уже август, а карты все ещё в аресте. 
Сбер доставку не могли выдать минут 20, не знала как зарегать талончик!!! ТК в доставке была указана Имя и Отчество и телефон, вместо Фамилии и Имени. Говорю забейте Отчество как фамилию и номер и будет счастье - она тупит-система вас не может найти по фамилии и номеру!!! Логично ! Так как сбер карты у меня нет и я не клиент банка и вместо Фамилии у меня в сбермаркете указано как Алиса Юрьевна - так какого лешего нужно мою фамилию туда тыкать??? Боже.... Ей 20 минут объясняли два начальника что делать!!! И да, после этого начинает спам звонки лететь! ""Спасибо"" сбермегамаркет и сберу, кто из вас данные сливает, не ясно! 
Такое себе место... Никогда там карту не заведу и не советую никому ! Но из плюсов- есть банкоматы, а так же удобные сиденья и места для рисования с раскрасками и карандашами для детей.",3,
8,Александр Лузанов,2023-11-27 14:36:55,"Сбер. 
Если бы не обкрадывал при оплате квитанций, то был бы банк хороший. 
А так что есть, то и берём.",5,
9,Зоя Кочеткова,2022-12-26 06:42:12,"Внимательны, терпеливы, вежливы и профессиональны. Надо было улучшить программу СБЕР онлайн. Помогли установить новую версию. Терпеливо объясняли и установили успешно.",5,
10,ИРА ПЕТРОВА,2022-01-07 10:20:09,"Добрый день сотрудники Сбербанка, расположенного на улице Интернациональной 59а г. Калининграда.
 Нам приятно выразить благодарность вашим сотрудницам Юлии Колоть и Марии Степанян, за хорошее обслуживание . Мы уже не молодые люди и нам приходилось переспрашивать, и задавать вопросы по несколько раз. Они проявили к нам хорошее отношение , чуткость и доброту. Они не раздражались и с улыбкой отвечали на наши вопросы и помогли решить нашу проблему очень быстро, без суеты и беготни. Было очень приятно и легко с ними общаться. Библия с похвалой отзывается о таких людях: «Добрый человек хранит в сердце доброе, и от него исходит добро, ... Ведь что у человека в сердце, о том он и говорит»
 (Евангелие от Луки, глава 6, стих 45)
 Желаем всему коллективу здоровья и успехов в вашей непростой работе.
 Ваши благодарные клиенты, Анатолий Витальевич и Анна Ильинична.",5,
11,Ирина,2022-12-17 19:10:48,"Самый большой и загруженный филиал банка в городе, наверное. Но успешно справляется. Недавно был ограблен. 
Коллектив дружный, вежливый. 
Обращалась уже несколько раз, всегда помогают в ситуации.",5,
12,Aleksey Vital’evich,2023-11-29 17:36:41,"Помещение после ремонта. Чисто, светло, быстро",5,
13,Roman Filippenko,2023-03-20 19:38:36,"Очень большой штат специалистов, поэтому ожидать долго в очереди не придется. Специалисты приветливы, компетентны. Так же есть круглосуточный зал с банкоматами.",5,
14,Юлия Анисимова,2023-02-02 19:16:11,"Грамотные, внимательные специалисты. Быстрая очередь. Отношение очень трепетное к клиенту. Молодцы. Чистота в зале.",5,
15,Светлана Белоброва,2023-03-26 17:28:59,"Очень быстрое обслуживание клиентов, вежливый персонал, всегда дают профессиональную консультацию",5,
16,Сергей Анянов,2024-03-25 21:32:36,"Теряет комфорт обслуживания, особенно заметно стало в марте 2024года: очереди.",5,
17,Svetlana naumenko,2022-06-18 18:20:11,"Хочу сказать спасибо сотруднику Сбера Константину за прекрасное и быстрое обслуживание. Очень внимательный. Делает всё быстро. И вообще, это отделение работает как надо. Успехов вснм сотрудникам. Спасибо!",5,
18,Ирина А,2023-03-01 19:17:54,"Дважды обращалась. Отношение к клиентам внимательное. Сотрудники очень терпеливы. С очередью - как повезет, то густо то пусто. Парковка через дорогу перед торговым центром, удобно",5,
19,Ms Vialoff,2022-05-22 08:58:10,"Прекрасный коллектив, всегда помогут, подскажут. Офис чистый, сотрудники внимательные. Сколько не приходила, очереди нет. Все быстро делали, без навязывания лишних услуг, как в других банках.",5,
20,Таисия Матвейчук,2022-07-29 19:31:59,"Очень благодарна сотруднику банка по ул.Интернациональная 59 Александру за внимательное и компетентное отношение. Мой вопрос более проблемный чем обычно,но он с лёгкостью помог его решить. Побольше бы таких отзывчивых специалистов",5,
21,Анна Савоченко,2022-08-30 18:54:31,"Я не частый гость в филиале, обычно пользуюсь услугами онлайн, но иногла приходится идти в офис. От посещения данного офиса остались тол ко приятные впечатления, уже на входе находится человек , готовый помочь, очередь небольшая, есть зона для деток, в жару вполне комфортно, работают кондиционеры, сотрудники компетентны.",5,
22,Анастасия Гильдт(Демченко),2023-03-28 19:49:35,"Хорошие отделение, отличный персонал,
Быстро квалифицированно обслужил кассир.",5,
23,Инкогнито 2928,2023-11-29 19:30:49,"Хорошее обслуживание, минусов не заметила.",5,
24,Елена Ваторина,2023-11-28 14:29:31,"Быстро, удобно и вежливо",5,
25,Анатолий Регер,2022-01-22 07:36:01,"Одзыв только положительный.Обслуживание отличное,все доброжелательны и разьясняют девочки все подробно и доходчиво что бы нам особенно старикам понятно было.Спасибо.",5,
26,Елена Ивлева,2023-10-04 15:03:28,"Я часто хожу в этот банк, хорошее обслуживание, всё в порядке очереди.",5,
27,александр дуюнов,2023-02-08 19:46:00,"Девушки молодцы, время к закрытию а они объеденились, чтоб человек пришедший к ним после работы ушёл довольным обслуживанием. Молодцы, везде бы так👍",5,
28,S M.,2024-01-17 20:31:45,Удобно вежливо красиво,5,
29,Юлия Рудневская,2021-05-22 12:38:41,"Очень слаженная команда, и девочки, и мальчики, молодцы!!! Всегда ответят на все вопросы, всегда посоветуют что-то, всегда с улыбкой! Очень вежливы с любым посетителем! Спасибо большое! Держите марку! Молодцы!",5,
30,Ирина А.,2024-04-09 18:30:17,Самое лучшее отделение в городе,5,
31,Оксана Рогозина,2022-09-06 18:30:05,Очень внимательные и доброжелательные и отзывчивые сотрудники. Всегда готовы прийти на помощь.(как чип и дейл))))))),3,
32,Инкогнито 1929,2023-07-09 17:49:51,Вежливые доброжелательные работники. Всегда помогут.,5,
33,Юля Л.,2024-01-20 18:13:27,Супер место и остальное.,5,
34,Елена,2022-05-28 18:50:48,"Мне нравится наше отделение, сотрудники вежливые, всё объяснят, помогут в решении вопросов быстро и грамотно.",5,
35,Чопыхсон Домашний,2022-01-03 08:45:29,"Очень нравиться этот Сбербанк. Вежливые грамотные сотрудники . Приятно ходить туда, всегда помогут объяснят всё что не понятно. Спасибо за работу.",5,
36,жанна,2022-11-21 18:16:25,"Отличный персонал,вежливый,знающий свое дело,всегда расскажут и предложат услуги банка.",5,
37,Наталья Г.,2024-03-30 20:35:13,Рекомендую во всех отношениях,5,
38,Ольга Иванова,2022-04-26 16:59:47,"Вежливые сотрудники, качество обслуживания на высоте, вызвали сразу, подсказали как оформить вклад под самый высокий процент и защитить свои деньги. Спасибо обслуживание, приду к ним ещё.",5,
39,Нюшок,2022-12-28 13:09:06,"Отличный банк, и со рулники все вежливые, все понятно объяснили и решили мою проблему.",5,
40,Альбина Неронова,2021-09-06 21:23:10,"Мне часто приходилось бывать в Сбербанке на Интернациональной, специалисты работают грамотные и внимательные, обслуживание проходит четко и без эксцессов, я довольна.",5,
41,Олеся Филатова,2022-05-28 19:45:22,"Обслуживание быстрое и Доброжелательно, не все конечно но это не критично.
Видно хорошо. Найти легко",5,
42,Irina Shadyrko,2021-09-11 15:39:01,"Хороший филиал, быстрое обслуживание, мало очередей, сотрудники вежливые, приходили дочери оформлять первую карту, все подробно объяснили, в этих банкоматах есть размен, по 50 и 100 рублей,",5,
43,Андрей Т,2022-12-04 11:30:20,Банкомат сожрал 10000 рублей. Отношение к клиенту как к быдлу. Так ничего и не доказал. Записи с камер наблюдения только для собственного пользованя банка.,1,
44,Юрий Ельчанинов,2022-10-20 16:51:09,"Удивительно, но все было по высшему уровню, и при чем не раз. Из 3 банков в которых имею счета - это лучший банк. Так держать!!!",5,
45,Денис Дукач,2022-05-15 19:15:13,"Персонал работает на отлично они всё объяснят и помогут 

Но сам банк это минус 

Парковка для машин отсутствует",2,
46,Юлия Лыкова,2022-12-21 18:59:02,Запах в зоне банкоматов не располагает к клиентоориентированности. Персонал приветливый,3,
47,Руслан Гулиев,2023-12-28 18:14:18,Вечные очереди...,1,
48,Вера  Воробьева,2023-03-25 18:28:26,"Отличный коллектив, все быстро и четко.",5,
49,Манзура Негматова,2023-02-15 18:36:17,Очень хорошо что рядом с домом и хороший персонал,5,
50,Александр Ц.,2023-03-23 19:07:03,Очень хороший персонал. Внимательное отношение к клиентам.,5,
51,Арзамаскина Елена,2023-07-09 13:38:25,"Отношение к клиентам Уважительное,быстрое обслуживание.",5,
52,Ксения,2023-07-05 07:20:47,Очень хороший и приятный персонал,5,
53,Ольга,2022-02-06 19:24:47,"Получила карту. Начали всякие сервисы предлагать, но я ответила, что только ЗП на нее получаю, пока не интересно. Особо не приставали. Рассылками сильно не мучают. Но с сайтом в ЛК беда, невозможно добиться ответов на вопросы.",4,
54,w815y53v8l,2021-09-21 06:24:50,"Небольшая площадь , несколько банкоматов. В самом зале достаточно мест для ожидания, есть электронная очередь, помощник на входе. Постматы сбер..",4,
55,Георгий Асылгареев,2022-02-15 18:52:24,"Это не отделение, а просто помещение с банкоматами и судя по специфическому запаху помещение не редко является пристанищем лиц без определенного места жительства.",3,
56,Инкогнито 7220,2024-01-11 19:24:06,Удовлетворён,4,
57,Vadim Fedorenko,2023-05-11 12:20:16,"Фасад здания должен быть модернизирован, а то как будто ещё живут в 20 веке",3,
58,Антонина,2021-12-17 19:10:54,"СберЛогистика отвратительная. Доставка была указана на 2-4 декабря, а доставили 13 декабря!!! В пункте выдачи простояла в очереди 30 минут. В ПВЗ Озон и Вайлдбериз выдают за 1 минуту. Не заказывайте доставку СберЛогистики!",2,
59,Анжелика Павленко,2022-01-26 17:48:28,"По моему мнению, это - самое лучшее отделение Сбера! Девочки все очень хорошие, грамотные специалисты!",5,
60,Алена н.,2021-09-01 13:21:22,"Все хорошо, но есть один минус: нет детского столика с раскрасками и карандашами для тех, кто пришел с маленькими детьми.",4,
61,женя Харьков,2023-10-09 19:02:44,Об служили на все вопросы ответили,5,
62,ольга василевская,2023-06-21 18:58:56,"Хорошее обслуживание, молодцы",5,
63,Виктория Щ,2021-10-01 12:03:20,"Мне нравится делать оплаты в этом банке. Сотрудники всегда вежливы, если нужна помощь всегда помогут. Очень благодарна за понимание.",5,
64,иван морозов,2023-02-22 18:56:51,Постоянно очень много народа. Не проникнуться.,1,
65,Светлана Тамкович,2021-12-30 14:20:08,"Обслуживание хорошее, персонал профессиональный, к своим обязанностям относятся добросовестно.",5,
66,ЕВГЕНИЙ НОВИКОВ,2021-09-16 13:59:26,"И именно здесь мне сказали что жена может пользоваться мой картой без всяких документов , и в первую же ниделю , моя жена осталась без денег на пол года. Очень плохая организация.",1,
67,1 5,2022-06-15 18:30:58,"Всё хорошо. Но нужно вернуть ""ПРЕМЬЕР"". это отделение на краю города. Южнее нет ни одного.",5,
68,Наталья Н.,2022-08-01 22:30:01,"Отличное обслуживание, быстро и удобно",5,
69,ГЕНРИК СИРАКАНЯН,2022-06-22 19:52:50,Всегда при обращение персонал вежливо обслуживает. Я доволен.,1,
70,Артём К.,2020-07-03 10:53:41,"Сбербанк обладает самой крупной сетью отделений в стране. Консультанты всегда готовы придти на помощь, подсказать интересующий продукт или предложить открытие кредитной линии. Очень терпеливый и вежливый персонал.",5,
71,Вася,2023-02-09 13:09:31,бываю очень редко. в основном онлайн.,4,
72,Marina Sergeeva,2022-01-18 17:17:13,"Спасибо за работу.
Грамотные специалисты, душевное отношение.",5,
73,Ольга Гавриш,2022-08-28 17:37:14,"Очень удобно, банкоматы все работают.",5,
74,Анжелика Наумова,2022-07-21 18:43:02,Вежливые менеджеры. Но часто надо ждать обслуживания.,4,
75,Наталья Фëдорова,2022-05-03 17:08:28,Большинство сотрудников компетентны и доброжелательны,5,
76,Ирина Виско,2022-08-26 17:54:51,Очень вежливые! Быстро работают 👍,5,
77,Елена Кузнецова,2022-07-12 20:44:57,Шикарен люди отзывчивые и помогают,5,
78,Жека Неважно,2023-04-24 18:15:52,С парковкой проблемы,3,
79,Юлия Шабардина,2023-03-19 17:56:27,Отличное обслуживание!,5,
80,Диляра Щерба,2021-06-12 15:47:08,"Практически нет очереди, вежливые сотрудники, всегда помогут м подскажут.",5,
81,Яся Яся,2022-12-04 18:46:57,нравиться много места,5,
82,илья григорович,2021-12-09 15:08:02,Отличный персонал всегда вежлив к посетителю,5,
83,Эллона Селиванова,2023-02-03 20:12:50,Мне тут одобрили ипотеку👍,5,
84,Николай,2021-05-13 09:23:49,"Грамотные и внимательные сотрудники ,приятно посещать этот банк.",5,
85,Елена,2021-12-19 10:11:05,Хорошие сотрудники работают. Очередь электронная идёт быстро.,5,
86,Ольга,2022-04-20 19:44:00,"Отличный банк,вежливое обслуживание.",5,
87,И.Б.,2019-11-29 10:48:45,Любую проблему решают быстро и качественно. При необходимости подскажут как лучше сделать. Являюсь клиентом данного отделения,5,
88,Сергей Павлович,2020-05-19 11:58:00,Во всех отделениях сбербанка очень внимательный и компетеньный персонал. В этом отделении был и могу дать только отличный отзыв.,5,
89,Светлана Рывкина,2020-11-21 14:38:52,"Быстрое обслуживание, большое количество терминалов. Приятные консультанты.",5,
90,Kris V.,2021-04-03 10:01:51,"Очень приятный персонал, выполнили все очень быстро!",5,
91,Сергей Водяной,2021-09-03 09:39:02,Удобное место и очень приветливые сотрудници банка,5,
92,Татьяна Грибанова,2022-06-11 18:38:49,Очень приветливый персонал.,5,
93,Пашин Ден,2022-11-05 05:54:46,Приятное обслуживание,5,
94,Andrey Beloborodov,2021-07-16 23:23:26,Удобное расположение. Хорошие консультанты,5,
95,Виктория Дякова,2022-10-26 23:36:35,Вежливый персонал.,5,
96,Максим Фролов,2022-02-01 17:56:02,"Хорошее обслуживание, быстрое",5,
97,Дмитрий Казачук,2023-04-01 19:40:13,Стандарт👍🏻,5,
98,Анонимный отзыв,2022-07-08 20:46:27,Красиво и чисто,5,
99,Анастасия Колоскова,2021-07-08 09:39:19,Вежливые сотрудники. Быстрое обслуживание.,5,
100,Константин,2022-06-08 18:31:14,Регулярно бывает душно😤,3,
101,Алексей Белявский,2020-06-02 09:30:06,Нормальный сбер всё работает всё быстро всё как надо да плюс рядышком находится...,5,
102,Sergey Gromov,2021-09-11 20:53:22,Очень долго ждать и не работает программа для компьютера,1,
103,remark,2021-07-03 09:32:09,"Ближайшее отделение к моему дому, в целом неплохое!",5,
104,smorchkovaya,2022-06-29 19:17:59,Хорошее отделение.,5,
105,Мария Алёшина,2021-05-10 20:05:46,Хороший филиал. Доброжелательные сотрудники,5,
106,Сергей Т,2020-07-16 11:18:34,"Хороший и вежливый персонал, всё объяснили и рассказали",5,
107,марина красовская,2019-12-27 19:01:42,"Очень удобно , рядом с домом.отношение хорошее, всегда помогут....",5,
108,игорь меньшов,2021-09-12 14:00:40,"Нормально, персонал отзывчивый.",4,
109,Анатолий Белобородов,2020-05-22 16:22:58,"Просто сбербанк, девчонки молодцы всё подскажут и расскажут",5,
110,Вадим М.,2022-12-12 18:10:01,Все хорошо,5,
111,Владимир Комышев,2021-10-16 08:51:50,"Много терминалов, очереди никогда нет.",5,
112,Данил Балацкий,2019-11-27 19:13:30,Нет профессионалов.Очень долгое обслуживание.Не всегда действуют закон.Г.К.Р.Ф.Если выгода для банка-всегда.Если для для клиента-никогда!,1,
113,Тимофей Рабиевский,2022-05-14 17:33:34,Огромные очереди,2,
114,Марина Николаевна.,2020-05-06 19:46:14,"нет больших очередей, грамотные и вежливые консультанты, и главное рядом с домом!",5,
115,Константин Кириллов,2022-05-26 19:20:41,Всегда очередь!,4,
116,Андрей Васильев,2022-02-18 18:37:48,Обслуживание на троечку,3,
117,Любовь Латыпова,2019-10-12 11:17:37,"Все хорошо! Всегда помогают, приветливо в тречают!! Молодцы!!!!!",5,
118,Антон Балмасов,2022-08-07 18:16:24,Кайфовый сбер,5,
119,За ВДВ,2020-08-10 11:29:14,"Отлично работают, быстро и качественно",5,
120,Александр Комаров,2020-03-10 10:48:02,"Обслуживание быстрое, грамотное, доброжелательное.Молодцы.",5,
121,Отабек акхмада,2021-08-26 17:12:59,Очень хороший обслуживание,5,
122,Вит Киселев,2020-12-10 18:15:30,Очень нравится особенно не далекоот доиа,5,
123,Светлана,2019-11-14 16:08:33,"Быстро, удобно, работники доброжелательные, всегда помогут с удовольствием!",4,
124,Валентин,2021-05-29 19:15:53,"Все соблюдают, все на уровне",5,
125,Paler,2021-04-09 10:40:39,"Хороший банк, выгодные условия!",5,
126,Виктория С.,2021-12-24 12:25:00,Всё на высоте,5,
127,Калонов Муминджон,2021-10-31 05:12:08,обслуживание хороший,5,
128,Екатерина Путилина,2019-10-21 21:33:20,Очень вежливый персонал. Всегда стараетсч помочь.,5,
129,Светлана,2021-09-12 23:19:54,"Нет вентиляции, духота.",1,
130,Светлана,2019-12-19 09:32:39,"хорошее отделение. Всегда помогут, подскажут.",5,
131,Дарья Анциперова,2020-12-11 17:10:08,Хорошее и быстрое обслуживание,5,
132,Виталий Чирко,2020-02-28 17:55:23,Просто супер! Очень нравится! Часто захожу!,5,
133,Наталья Чиркова,2021-08-26 14:08:48,Хорошее обслуживание.,5,
134,Вячеслав Салтыков,2020-02-09 21:17:02,"Быстрое обслуживание, вежливый персонал",5,
135,Рыжая Бестия,2022-05-11 19:09:59,Всё супер,5,
136,Альберт Ващенко,2018-05-10 11:29:32,Не нравится: Когда идёт списание с рублёвой карты в другой валюте не видно сколько списано рублей. При расчётах остаток виден в смс. В формах отчёта о движении средств нет баланса после каждой транзакции. Операция по оплате процентов за пользование кредитной картой не отражаются.,4,
137,Юрий Петрович.,2020-05-03 12:34:12,"Супер, Очень хороший персонал.",5,
138,Ольга Синица,2021-08-04 12:59:13,Всегда очередь,3,
139,Екатерина Онуфриенок,2019-08-29 06:56:02,"Приятное обслуживание, грамотный персонал",5,
140,Дмитрий Черкасов,2020-03-19 15:44:38,"Быстро качественно,надежно",5,
141,Георгий Родин,2020-08-10 11:47:42,"Ни одного замечания, все хорошо",5,
142,александр деев,2019-11-25 12:59:27,Приветливый персоонал и в вечернее время мало людей,5,
143,Олег Ельченинов,2020-04-08 11:46:37,Офис с очередями. По качеству претензий нет.,3,
144,Андрей К.,2020-04-19 19:56:21,"Единственный минус, маленький зал.",5,
145,Вероника Рохаева,2020-05-30 13:36:54,"Плохо обслужил один парень, ему не в банке работать",5,
146,dmitrij schupka,2020-05-16 20:26:37,С хорошей пропускной способностью!,5,
147,Костик Прудников,2019-10-02 15:25:20,"Часто там бываю, всё отлично.",5,
148,☀штофф☀,2019-11-24 20:11:56,"Все что нужно ничего , вот аппарат с кофе не помешало",5,
149,Ангелина Блудова,2020-03-27 11:00:48,Карту делают за 5-7 дней мне сделали ща 3,5,
150,Сергей,2019-09-05 06:45:51,"Всё было оперативно, молодцы.",5,
151,Наталья П.,2019-10-16 18:15:07,Очень хороший офис суперский персонал,5,
152,Инга Храбрая,2022-08-18 04:50:16,Ок,5,
153,Винга Л.,2019-08-18 14:31:50,Быстрое и качественное обслуживание.,5,
154,Юльчитай,2019-09-05 17:17:20,"Быстрое, чёткое обслуживание",5,
155,Алекс.,2019-09-30 18:26:59,"Отзывчивые продавцы, ассортимент товара",5,
156,Татьяна К.,2019-12-14 19:27:59,Люблю это отделение сбербанка.,5,
157,Елена Н,2020-08-17 18:39:54,Хороший банк!,5,
158,Сергей анатольевич,2020-02-28 10:24:23,Доволен данным офисом,4,
159,Людмила Хижинская,2020-01-12 21:24:03,Всегда многолюдно,4,
160,Владислав,2019-12-24 05:52:30,Внимательный персонал!,5,
161,Александр С.,2019-10-06 16:16:08,Очень крутой магазин,4,
162,Mariita M.,2019-08-25 18:29:38,Обычное отделение Сбербанка,4,
163,Александр Ч.,2019-12-22 09:13:05,Маленькое помещение.,3,
164,Денис Киселев,2019-09-20 13:21:02,Грамотные консультанты,5,
165,Ольга Вотер,2020-03-05 22:31:54,Все устраивает,3,
166,Дмитрий Дударев,2018-06-09 15:49:58,"Вежливый, квалифицированный персонал.",4,
167,Дмитрий Варжайтис,2019-08-06 05:07:15,Обслуживание хорошее,4,
168,Анатолий Смирнов,2019-05-17 14:25:17,Высокий процент,4,
169,Юлия Данилкина,2019-08-07 14:51:29,Парковки нет,4,
170,Катямба Зубова,2020-01-19 19:48:17,Вежливый персонал,4,
171,ПЕРВЫЙ МЕБЕЛЬНЫЙ,2018-04-17 10:40:07,Нет парковок,3,
