,name,date,text,stars,answer
0,Елена Чипилёва,2024-03-03 17:41:27,"Персонал очень внимательный и приветливый!Оформляла карту для ребенка,.. подробно все объяснилиПомогли подключить банк онлайн.Все объяснили.Спасибо за внимательное обращение.",5,
1,Farad,2024-03-06 20:11:59,"Хорошее отделение, живу неподалеку от него. Сделали там не так давно редизайн и отделение стало выглядеть как внутри так и снаружи очень приятно.
Круглосуточный банкомат у них явно устанет работать, грузит очень долго",4,
2,галина С.,2023-12-02 18:26:36,"Всё очень быстро, Екатерина особенно внимательна и хороша в обслуживании,обьяснила все, как положено, спасибо",5,
3,Евгений,2023-10-18 13:23:21,"Отделение сделано неплохо. Сотрудники работают хорошо, вежливо. Всегда помогают старикам разобраться с банкоматами. Достаточно диванов. Минус один - всегда очередь. Видимо пользуется большим спросом....",4,
4,Alice S.,2023-08-27 19:42:22,"Очень приятное отделение Сбербанка, сотрудницы очень вежливые и быстро помогли со всеми вопросами, даже установили приложение на новый телефон. Само помещение очень светлое, приятно находиться. Буду ездить сюда теперь.",5,
5,Дмитрий Сушков,2023-06-02 18:09:47,"Один из самых продвинутых в техническом плане офисов города. Все чисто, аккуратно, дружелюбно. Зачастую бывает очень много народу, и ждать приходится достаточно долго.",5,
6,Инкогнито 0974,2024-01-22 19:03:41,"Недавно пользовалась услугами банка. Осталась довольна. Быстрое обслуживание, вежливое обращение, грамотное решение вопросов.",5,
7,Валентина Ермашкевич,2021-10-15 18:31:58,"Посетила Сбербанк на ул.Чекистов 36,довольно просторный ,чистый и уютный,много окон для обслуживания клиентов,нет очередей даже если ты взял электронный талон,есть диванчики,где можно посидеть,разметка и соблюдение соц. дистанции,приветливые специалисты.Быстро и профессионально был решён мой вопрос по поводу окончания срока действия карты, старший менеджер по обслуживанию клиентов Ольга Валтышева (фото с ее разрешения)мне очень подробно и профессионально разъяснила все действия по закрытию счета,а затем рассказала и про другие услуги банка,чего я и не знала и не пользовалась ,очень ей признательна за внимательное и тёплое отношение к клиентам, не всегда встретишь таких специалистов,короче мои рекомендейшен 😊и только сюда!Спасибо за Вашу добросовестную работу! Не могу не написать о сотруднике банка о Семенцовой Валерии(фото с ее разрешения ), это профессионал своего дела ,приятная,улыбчивая,очень внимательная,по моему вопросу все сделала очень быстро ,грамотно,легко, просто ещё раз убеждаюсь какие люди здесь работают ,с душой и сердцем,вникнут в твою проблему и найдут решение,очень благодарна этому Сбербанку ,хочется всегда приходить ,и рекомендовать их своим знакомым.Удачи им в работе!!!",5,
8,Наташик,2023-11-15 05:19:11,Отделение после ремонта преобразилось. Стало тепло и уютно. Но услуги Банка по-прежнему не выгодные:-),5,
9,Алекс Марч,2022-08-14 04:00:23,"Красиво, современно, стильно, быстро. Можно не любить сбербанк, но делать они стараются всё качественно. Единственное что не нравится - это новые банкоматы: экран большой, чтобы набрать пин нужно нагибаться, изворачиваться.",5,
10,Виктория Б.,2024-01-01 09:08:36,"Удобное расположение в микрорайоне, есть круглосуточный банкомат.",5,
11,АНДРЕЙ В.,2023-05-14 18:13:04,"Даже после ремонта все равно какой-то не душевный банк удобно расположен поэтому захожу иногда что то не так ,а сформулировать, что не могу но щас обслуживать стали лучше чем раньше только не понятно зачем им компьютеры поставили если они все в планшетах делают)))",3,
12,Анна Сердюк,2022-07-24 17:44:13,"Очень понравилось Это отделение Сбербанка. Обслуживание идёт быстро, персонал квалифицированный внимательный и отзывчивый. Довольно удобный и приятный интерьер. Только положительные эмоции.",5,
13,Максим Пресняков,2023-07-14 18:43:45,Очень современное и удобное отделение банка. Свободное пространство внутри и самое главное небольшое время ожидания.,5,
14,Евгения Овечкина (Иванова),2023-09-22 11:06:28,"Удобное расположение, в шаговой доступности. Суббота и воскресенье - выходные. Профессиональный персонал. Отсутствие очередей. Быстрое обслуживание. Всё хорошо. Рекомендую!",5,
15,Светлана С.,2022-04-26 15:37:50,"Очень прекрасный,внимательный и грамотный персонал. Прекрасный современный дизайн. Даже когда бывает очередь, решают вопросы быстро.
Желаю всем крепкого здоровья и оставаться такими же добрыми и внимательными. С УВ. Ваши постоянные клиенты Смотрикина С.А и Дуркин А.Б.",5,
16,… …,2024-02-02 09:06:44,Приятный персонал ❤️ и отличное обслуживание ❤️,5,
17,Владимир Корнаухов,2023-09-30 17:20:24,"Хорошее, и приятное место. Обслуживающий персонал вежливый, ну и внутри приятно.",5,
18,Елизавета Пономарева,2023-11-26 18:49:58,"Квалификацированные сотрудники, всегда рады помочь.",5,
19,Васильев Виталий,2023-02-15 20:17:11,"Пошёл взять справку о доходах, а вышел с кредитом........... Очень популярно и доходчиво объяснила девушка что и как. У меня есть нерешённые вопросы но я долго не решался боясь вляпаться. Короче я ещё ни разу себя так комфортно не чувствовал как с этим кредитом. Спасибо девушке, рабочее место #2.",5,
20,Мария Липакова,2022-11-27 17:34:09,"Отличное отделение, обслуживаюсь в нем более 6 лет!! 
Сделан ремонт, всё новенькое, даже ,почему-то, специалисты!!
Но они умнички - грамотная команда!
Понравилась мне СберЛогистика!!",5,
21,176840 Власов,2023-06-24 21:10:06,"Пришол с одной проблемой нерешили, так наотмох постарались избавится от Меня.
Торопились, конец смены видимо была.
Пришлось в другом филиале этот вопрос решать. Извените",2,
22,Александр Грибович,2023-03-15 19:37:21,"Чем это отделение отличается от подобных ему?!? Одни из ворот в АД, для нас всех, вынужденных пользоваться. Приложение обновлённое ни о чём. Пользуюсь старым. Ну а в данном отделении помыты и подметены полы как минимум ...
И парковки нет и никогда не будет!",1,
23,олег м.,2023-06-21 21:34:28,"Удобное место для очень большого района, очень благожелательный персонал",5,
24,Сергей Кучин,2023-03-08 17:54:38,"Неоднократно обращался в данный Сбер, всё быстро, сотрудники банка вежливые и грамотные, решают все проблемы и вопросы. Всем рекомендую",5,
25,aidadarakchan,2023-06-15 14:21:04,Лучшее отделение.Но есть одна девушка с короткой мальчишеской стрижкой и в татических штанах которая явно перепутала место работы.Грубая хамка.,5,
26,Виктория жанжарина,2024-04-19 09:58:09,Хороший Сбер. Удобное расположение.,5,
27,Natali Gold,2022-08-29 12:01:56,"Всегда быстро и профессионально обслуживают. После ремонта даже зайти приятно, всё на уровне. Пожалуй лучшее отделение банка.",5,
28,Ксения Панькив,2023-08-11 19:12:22,"Почему 4 звёздочки потому что я хочу сделать так что бы я смогла снять с карты 50 рублей! 
А так всё супер 👍",4,
29,Павел Борисенко,2023-11-21 19:51:13,Персонал заботлив и внимателен,5,
30,Вячеслав Ульянеев,2022-08-12 13:19:48,"Отличное отделение, бываю там часто отзывчивые сотрудники не боящиеся тратить на тебя время, вежливые во всем покажут, подскажут.",5,
31,Ирина Туманян,2023-08-20 20:59:08,"Отличное местоположение , офис с круглосуточным банкоматом",5,
32,Анна Медведчикова,2022-09-09 18:38:11,Персонал работает на высшем уровне! В помещении современное оборудование и зона ожидания очень комфортная!,5,
33,Михаил Фомичев,2021-08-29 07:28:27,"Люблю сюда приходить , когда нужна консультация специалиста.
Удобный , нет- прямо комфортный зал ожидания с мягкими сиденьями в современном дизайне. Внимательный персонал, иногда пропускают стариков без очереди с всеобщего одобрения ожидающих👍",5,
34,IKёnig39,2022-07-28 09:28:53,"Часто сюда обращаюсь, сотрудники вежливые особенно молодой человек по-моему зовут Александр умница просто , быстро решают все мои вопросы. Советую!",5,
35,466661 Севряков,2024-03-26 17:42:39,"Удобно,персонал вежлив.",5,
36,светлана Нестерова,2023-09-02 17:49:32,"Класс. Быстро, качественно. Всё объяснят. Ничего не навязывают. 🥰",5,
37,Людмила Соколова,2022-05-30 19:14:29,"После ремонта помещение- светлое и просторное. Уважительное и внимательное отношение к клиентам.
Банкоматы новые, персонал помогает освоить работу с ними.",5,
38,Константин С.,2024-04-05 03:59:20,Классный офис и сотрудницы тож,5,
39,Владимир Волосунов,2024-02-14 08:02:28,Отличная работа персонала,5,
40,bratstvo boevoe,2024-04-02 11:43:51,"Ремонт сделали, но очереди остались.",4,
41,Елена Конькова,2022-05-29 10:08:07,"Обычно я пользуюсь терминалом. После ремонта отделения, установили новые терминалы в достаточном количестве, поэтому очередей нет. Всё устраивает. К операторам давно нп обращалась ,поэтому ничего сказать не могу.",5,
42,тамара набока,2023-05-27 20:46:02,Все устраивает консультации дают профессиональные помогают в оплате,5,
43,заря,2022-07-15 09:15:31,"Обыкновенное стандартное отделение Сбербанка, впечатление от которого складывается в зависимости от того с каким сотрудником приходится общаться. У меня- молодая девушка, долго соображающая. Итог: буду ту же процедуру делать на Карл Маркса. Быстрее намного. В чём суть? Поолучение посылки...",4,
44,Мила Николаева,2023-02-09 12:33:43,"После ремонта просто отвратительно!!! Мало того, что даже кассир не охраняется, так еще и оттяпали «вечернюю» зону под Сберлогистик. После закрытия отделения работает ТОЛЬКО 1 банкомат . Один на весь район, где раньше было ТРИ отделения СБЕРБАНКА, а сейчас только 1 банкомат!!! 
И он стоит в тамбуре, где больше 2-3 людей не встать. Очередь на улице постоянно в вечернее время.",2,
45,наталья,2021-10-22 19:47:03,"Не впервые обращаюсь в этот банк.Особенно хочу отметить Екатерину Шутову за ее огромное желание помочь клиенту,и действительно мне лично дважды помогла ,за высокое профессиональное обслуживание и за то что она еще и очень приятный человек.Оцениваю на 5 с плюсом!",5,
46,kenopaywall,2023-04-25 12:57:13,"Прекрасное , быстрое, вежливое обслуживание",5,
47,олег маркелов,2021-11-13 15:16:14,"Можно сказать-один из лучших банков Калининграда. Персонал подобран культурнейший, заинтересованный в результатах своей общей работы и уважающий клиентов.",5,
48,Владимир Воропай,2024-03-04 17:35:09,Отличный персонал!,5,
49,Дмитрий И.,2022-01-07 06:47:17,"Нормальное отделение Сбербанка, вежливый персонал и небольшое время ожидания. Можно решить любые денежные вопросы, большие денежные суммы придётся заказывать заранее.",5,
50,Елена,2022-11-15 14:32:42,Хорошее расположение с домом. Быстрый прием. Все окей,5,
51,Anita Avanesian,2023-09-27 13:53:57,"Топ, только налички иногда в банкомате нету",5,
52,Евгений Логинов,2022-08-22 19:16:49,"По-моему, это пилотное отделение, оформленное в новом корпоративном стиле. Банкоматы - самые новые, какие только могут быть. Управляющая отделением - замечательная молодая девушка, с иронией и чувством юмора. 
Отделение - рекомендую на всё 100%, хотя у Сбера сейчас почти всё можно делать онлайн, не выходя из дома.",5,
53,valeria vik,2021-06-05 20:07:33,"Этот банк в 5 минутах ходьбы от дома. Довольна, что рядом и очень удобно. Так как захожу частенько туда. Персонал молодежь в основном. Обслуживают нормально. Те, что возле терм. не всегда приветливые, видимо устают от клиентов.",5,
54,Денис Шибаев,2023-01-20 19:34:55,"После ремонта супер стало,есть планшет с мульти для ребенка",5,
55,Светлана Соболева,2021-08-28 10:45:40,"Там работают очень отзывчивые сотрудники. Обращалась по разным вопросам, всегда помогут, спасибо большое!",5,
56,Мария Зайнитдинова,2022-11-11 19:03:38,Обслуживание просто супер!!! Большое спасибо Вашим сотрудникам!,5,
57,Александр Харченко,2022-08-25 17:18:42,"Спасибо за старые реквизиты
Два месяца без зарплаты 
Никогда больше не приду и не посоветую и уйду в другой банк!!!",1,
58,Александр Фролов,2022-05-04 16:14:46,"после ремонта там стало как то посовременнее)) ояереди есть но 10 минут я ждал вызова, новые банкоматы. персоонал на высоте",5,
59,h4rmful,2022-05-15 20:18:59,"Грамотные специалисты и приятно, что всегда есть купюры для снятия в банкомате!",5,
60,Сергей Ш,2023-11-03 20:00:12,Нормально,3,
61,валера федирко,2023-04-07 18:53:56,Банк хороший если надо помогут. Тем более рядом с домом.,5,
62,Любовь Ж.,2023-06-13 17:19:36,В этом отделении потеряли мою посылку.,1,
63,Инкогнито 9492,2023-10-05 15:55:05,До ремонта было лучше.,3,
64,Гала,2021-12-14 17:40:33,"Нормальный сбербанк. Некоторые новые услуги или отсутствие услуг не радуют, но это претензии не к сотрудникам отделения, а к политике банка.

закрылся...",4,
65,1FORTERS,2022-12-18 21:04:33,"Очередь подходит быстро, хорошее отношение к клиентам",5,
66,Тожихон Усманова,2024-04-24 18:20:27,Хороший,5,
67,Владимир Ивкин,2022-07-14 18:12:20,"Новое, модернизированное отделение Сбера, есть Сберлогистика",5,
68,Наталия Жемчужнова,2022-08-22 15:03:22,"Хорошее место, квалифицированные сотрудники.",5,
69,Виктор,2022-07-15 20:17:51,Не понравилось - новые банкоматы неудобны в обращении. Консультанта в зале нет.,3,
70,Александра Соколова,2022-08-20 08:19:27,"Сбербанк рядом с домом,после ремонта стал уютный",5,
71,Олег Шамардин,2021-07-20 15:09:13,"Хорошее отделение Сбербанка,грамотные консультанты, близко от дома,но пришел получить посылку как то очень вяло и неохотно выдали ещё пол часа навязывали услуги которые я и сам могу подключить если надо",0,
72,Яна Туманова,2021-08-03 12:11:47,"Хорошее отделение сбербанка,никогда нет очереди,тихо,чисто,приветливый персонал",5,
73,Крэйзи MEN,2021-08-28 16:00:44,"Очень удобный сбер,,,,, плохо, что негде ставить свой дёшево красивый АвтоМобиль, а так всё збст",5,
74,Елена К.,2022-08-05 16:36:54,"Быстро, качественно и доступно.",5,
75,Oleg Dmitrenok,2022-11-25 13:02:27,Не все сотрудники горят желанием помочь людям.,3,
76,Роман Попов,2021-04-11 08:58:50,"С годами стало сомнительным местом по привлекательности. Стали навязывать кредитные продукты и обманом вытягивать к себе в офис. У них видимо кризис в связи с пандемией, поэтому стали себя так вести. Постепенно избавляюсь от этого банка.",1,
77,гриша малыгин,2022-07-23 11:30:36,"Отличное обслуживание,проктически нет очереди",5,
78,Виктория Барсукова,2022-08-24 18:21:51,Рядом с домом. Современные банкоматы.,5,
79,Pony_Cone,2023-06-02 18:34:23,Самый обычный сбер,5,
80,Надежда Шарина,2022-01-16 13:58:16,"Отделение удобно по расположению, в данное время закрыто на ремонт",5,
81,Марина Журавская,2020-11-06 15:35:15,Удобное расположение. Обычно не много людей. Банкоматы работают круглосуточно в двух помещениях,4,
82,Игорь Королев,2022-02-20 13:44:08,Спасибо что вернули отделение. Да ещё и в новом обличии. 👍👍👍👍👍👍👍👍👍👍👍👍,5,
83,Ангелина Ивахненко,2022-08-29 18:38:54,Быстро и просто!!!Новые технологии!!!,5,
84,Владислав Окольничий Калининград,2021-10-02 14:51:41,"Всë хорошо, всë что надо подскажут консультанты на входе.",4,
85,Зоя Егорова,2020-02-11 13:06:36,"Мой любимый сбербанк! Очень грамотные специалисты! Всегда помогут, все расскажут, посоветуют! Так держать! 👍👍👍👍👍",5,
86,Александр Смирнов,2019-11-21 00:25:32,"Живу рядом, часто там бываю. Приветливые сотрудники, всегда помогут и подскажут. Очень быстро обслуживают.",4,
87,Людмила Березовская,2023-03-21 18:24:13,Все нормально.,5,
88,Сергей Б,2021-09-23 16:32:06,"Очень помогла девушка, которая встречает на рецепшене. Спасибо!",5,
89,Евгений Невинский,2021-09-02 21:08:53,Хорошее отделение. Вполне грамотные специалисты.,5,
90,Игорь Старченко,2023-07-04 18:48:33,Все хорошо,5,
91,tonus,2021-01-03 20:58:39,Быстрое и качественное обслуживание. Приветливый персонал.,5,
92,Вадим Прокопчук,2021-06-10 10:02:31,Грамотные консультанты кассиры и очень быстро обслуживают,5,
93,Вадим,2021-08-30 19:36:31,Одно из старейших отделений Калининграда. Всегда все ок !,5,
94,Анастасия Лукина,2022-01-10 08:22:44,Хорошее отделение с хорошими специалистами.,5,
95,Sergey Feleppov,2021-06-25 12:24:09,"По моему, это одно из лучших отделений банка в нашем городе! Рекомендую!)",5,
96,Maxim Martynov,2022-03-23 12:48:51,"Обычный банк, с обычными банкоматами.",5,
97,Наталия,2021-07-28 20:32:33,"Нет очередей, старающиеся быть вежливыми сотрудники",4,
98,Vladimir,2021-08-27 16:36:31,Бываю не часто и всегда огромные очереди,3,
99,Антон Местный,2021-08-22 09:17:06,Удобно. Работают опытные кассиры.,4,
100,Сергей,2022-02-02 14:30:18,"Один банкомат, очередь постоянно",2,
101,Наталья,2019-09-17 16:42:35,"Я постоянно пользуюсь услугами этого отделения. Спасибо сотрудникам, всегда внимательны и дружелюбны.",5,
102,Alex B.,2020-01-18 23:42:41,"Небольшое отделение, есть специалисты, работающие там не один год, с ними приятно общаться.",4,
103,Виталий Ш,2021-08-22 17:35:21,Отделение как отделение ни лучше ни хуже остальных,5,
104,Александр Матюхин,2020-03-21 10:30:11,"Хороший сбербанк, сатрудники вежливые все хорошо объяснят.",5,
105,ТарасКа,2022-01-12 20:09:08,сбер - зло. где бы он ни был.,2,
106,il.v,2021-09-25 09:04:20,просто норм....5 звезд это очень хорошее обслуживание .....,3,
107,Алекс Zellmann,2021-08-29 18:58:03,"часто за коммуналку плачу там,народу битком всегда",5,
108,севиндж гамидова,2021-04-03 20:57:44,Очень хороший работники все объясняет,5,
109,Alena,2021-08-08 17:35:05,"Очень долгое ожидание. 
Всегда",3,
110,Николай Николаевич,2021-08-01 13:19:18,Удобно и все услуги. График работы бы увеличить,5,
111,Николай Иванофф,2021-09-26 10:24:11,Отзывчивые сотрудники,5,
112,Патриот России,2020-10-18 18:58:03,Доброжелательные сотрудники. Спасибо!!!,5,
113,Андрей Б.,2020-03-22 06:09:07,Отличное расположение сбербанка и удобнее!,5,
114,Татьяна Сыромятенко,2022-07-14 05:39:17,Все супер,5,
115,Polina Semashko,2018-06-20 06:09:17,"Отделение хорошее, девочки приветливы. Во всем помогут. И банкоматов много. Очередей почти нет.",5,
116,Сергей С.,2021-10-09 18:22:04,"Вечно в отделении какие то проблемы то одно, то другое...",2,
117,Иван,2020-09-19 06:41:59,"Банк надежный, но проценты по кредитам не самые низкие, в этом отделении полный набор услуг имеется",4,
118,Николай Соколов,2021-07-30 10:52:40,Хорошее обслуживание,5,
119,Неизвестный Критик,2021-07-18 22:49:22,Удобные банкоматы.,4,
120,Вероника_ММКЦ,2022-04-24 18:45:34,Время ожидания большое,3,
121,olga-12-42,2020-07-03 13:39:36,Хороший сбербанк.все делают опнративно.Вежливы.,5,
122,jackxvorobey2020,2021-07-21 08:12:46,Банк как банк,4,
123,Людмила  Кульчицкая,2020-02-05 10:05:24,"Все отлично,нет парковки.",3,
124,Nikita,2019-07-31 12:29:55,"Достойное, хорошее отделение. Есть все необходимое",5,
125,Дмитрий Т.,2021-05-14 12:54:39,Сбер как сбер,5,
126,Надежда Титкова,2020-07-15 08:19:38,Очень хороший персонал🙂,5,
127,Vladimir Kindsfater,2020-10-10 12:40:32,Отличный сервис,5,
128,Сергей,2019-11-14 15:40:40,Да все устраивать и все норм,4,
129,Юрий,2020-01-29 17:01:54,Довольно тесно и мало консультантов.,3,
130,Евгений Петров,2019-11-03 10:44:18,Круглосуточно работает банкомат,5,
131,Валентин Прокопюк,2019-12-17 17:36:39,Всё классно и быстро.,4,
132,Дмитрий М.,2019-10-27 13:48:38,Стандартное отделение Сбера.,4,
133,Николай Мвшков,2020-01-08 20:53:01,Прекрасный банк,1,
134,Швец Евгений,2018-02-16 15:05:40,Претензий нет. Все работает четко.,4,
135,Виктор Боргезе,2018-06-04 09:54:37,Банкоматы постоянно ломаются,3,
136,Dmitry S.,2020-05-02 13:15:29,Все отлично,5,
137,Александр Б.,2014-04-22 08:58:37,"Дозвониться не реально...
Сотрудники думаю предпочитают общение по старинке.",1,
