,name,date,text,stars,answer,load_time
0,Лена Кононова,2024-04-14 09:38:09,Самый-самый лучший банк прекрасное обслуживание вежливый персонал всегда чисто в помещении оперативная работа операторов и техподдержки всегда помогут лучший банк прекрасное обслуживание отличное обслуживание рекомендую всем,5,,2024-05-19 10:19:42
1,Костя Филиппов,2023-12-15 04:57:15,"Крайне положительный банк с хорошим и грамотным персоналом, мне помогли оформить кредит на выгодных условиях, все подробно объяснили, рассказали и с рассчетами помогли, спасибо)",5,,2024-05-19 10:19:42
2,Олег Кабаргин,2024-01-17 10:00:17,"Все очень долго. 17.01.24 пришел в отделение забрать готовую карту. В мире цифровых технологий мне дают бумажку с номером, сказали ждать, девушка выкрикнет ваш номер и подойдете. Передовой банк и нет цифровой очереди 😅 Дальше интереснее: я ждал 20 минут что бы просто забрать готовую карту. Все и всё в отделении работают очень медленно. В наше время самое дорогое - это время. Здесь это не ценят.",3,"Здравствуйте, Олег.

Каждый сотрудник выполняет определённые задачи.
Скорость обслуживания зависит не только от количества сотрудников и клиентов, но и от сложности вопросов. Стараемся сократить время ожидания, насколько возможно.",2024-05-19 10:19:42
3,Игорь Б.,2024-01-10 12:16:40,"Мало рабочего персонала, пришел получать карту, нужен был именно личный визит, просидел в очереди из 4х человек почти полтора часа потому что принимало всего 2 сотрудника, хотя к зале были и другие но они видимо не занимаются такими вещами. Хотя моё мнение что в операционной работе всегда даже руководитель должен уметь делать то что рядовой сотрудник что бы клиенты были довольны.",2,"Здравствуйте, Игорь!
Извините за потраченное время.
Стараемся помогать в кратчайшие сроки, иногда возникают задержки.",2024-05-19 10:19:42
4,Егор Минаев,2024-01-22 08:47:10,"Мне однозначно нравятся категории по кэшбэку. В офисе банка мне помогли разобраться где их нужно выбирать в приложении, барабан кешбэка также нашелся. Сотрудник мне все сразу подсказал, ушло на это минут пять всего",5,,2024-05-19 10:19:42
5,Виктор Зайцев,2024-02-27 15:29:05,"Искренне восхищен сервисом, забота о клиенте чувствуется на каждом шагу. Отдельно хочу поблагодарить сотрудников за проявленный профессионализм и дружелюбие.",5,,2024-05-19 10:19:42
6,Алина Шаброва,2024-04-11 17:37:55,"Отличное обслуживание без проблем оформила вклад. Менеджеры работают грамотные, Всё мне рассказали и показали сколько я получу по окончании срока вклада. Ощущение от посещения банка остались только положительные.",5,,2024-05-19 10:19:42
7,Лариса Алешина,2024-01-25 16:04:07,"Альфа - мой первый банк, открыла карточку еще в 18 лет и мне приятно смотреть на то, как с каждым годом он становится все более и более крутым и продолжает радовать своих клиентов! Спасибо за все!!",5,,2024-05-19 10:19:42
8,Руслан Ткачев,2024-01-25 17:08:32,"Выбрал ипотеку Альфы и не пожалел ни разу. Хорошая ставка и условия. Также перед получением отлично пообщались с сотрудницей офиса, спасибо её за развернутую консультацию.",5,,2024-05-19 10:19:42
9,Арина Короткова,2024-03-06 15:10:50,"Все чинно-мирно и благородно. Чувствуется что общаешься с хорошими людьми, который правда хотят помочь, а не отвечают заготовленными фразами. Была тут всего пару раз, но буду приходить еще)",5,,2024-05-19 10:19:42
10,Лена Кононова,2023-06-30 16:22:44,"Самый лучший банк в помещении чисто вежливый персонал прекрасное отношение к 
банкоматы работают бесперебойно сотрудники банка очень вежливые если надо могут и помочь рекомендую всем этот банк клиентам",5,,2024-05-19 10:19:42
11,Мария Романова,2023-08-12 08:20:48,"Была 10.08.2023 в банке чтобы забрать зарплатную карту. Сотрудник Даниленко Павел при выдаче карте сообщил что обслуживание по данной карте будет платное , если забирать только эту карту . Можно сделать бесплатное обслуживание, если только сделать и вторую карту , как он назвал - «с лимитом» , то есть кредитную . Я отказалась от кредитной карты , тогда он сказал , что ежемесячное обслуживание карты будет составлять 150 р , скрепя зубами , я на это согласилась , так как не хотела влазить в долги , по кредитной карте , которой он захотел оформить мне. Спустя пару дней мне на почту пришли сообщения , о том что я подключила страховку , хотя мне в отделении банка никто о страховке не уведомил , даже речи об этом не шло . Как можно доверять вашему банку после такой ситуации?",1,"Здравствуйте, Мария! 
Простите, что произошла такая ситуация. 
Оформления кредитной карты не влияет на стоимость обслуживания зарплатной карты. 
Напишите, пожалуйста, на нашу почту smm@alfabank.ru ваши ФИО, дату рождения и прикрепите скриншот отзыва. В теме письма укажите: Яндекс Карты. Мария Р. Обслуживание в отделении. 
Хотим проверить работу сотрудника и помочь с отключением услуги страхования.",2024-05-19 10:19:42
12,Роман Галоян,2023-10-16 19:53:37,"Застрял в сложной ситуации с моим смартфоном, но благодаря компании, все проблемы были решены быстро и эффективно. Обслуживание оказалось профессиональным и результативным. Теперь я буду обращаться только к этой компании.",5,,2024-05-19 10:19:42
13,Светлана Ветошкина,2024-02-12 12:55:36,"Любимый банк❤️Часто выручает в трудные дни.Может вовремя дать заем,выручить кредитной картой.Из минусов- надо внимательно читать условия займов- это как и в любом банке😊🙏",5,,2024-05-19 10:19:42
14,Петр Холодов,2023-08-10 15:53:13,"Часто захожу сюда, офис прямо у дома. Обслуживание всегда вежливое, ребята знают свое дело и всегда могут легко и быстро решить вопрос. Надеюсь, что и в других отделениях также, но подсказать не смогу, поскольку хожу только в это)",5,,2024-05-19 10:19:42
15,Фото Кулагин,2023-11-29 12:00:35,"Третий день не могу получить карту...Беру номерок, сижу в очереди час...и все, нервы не выдерживают-ухожу. Зачем 8 окон, если работают только 3 оператора? Если Вы набрали клиентов , ОК, посадите операторов!",1,"Здравствуйте!
В период нагрузки можем обслуживать дольше, простите.
Стараемся усовершенствовать этот процесс.",2024-05-19 10:19:42
16,Юрий В.,2023-10-25 08:35:46,"Интересное отношение у них к потенциальным клиентам. Пришел узнать, с какими условиями они мне могут дать кредит. В цифровую очередь встал только по номеру телефона. Далее девушка пригласила меня и сказала, что сказать дадут они мне кредит или нет и при каких условиях могут только клиентам банка, поэтому без оформления карты никакого разговора не будет. В общем все как всегда. Лишь бы навязать карту. Кроме этого, после посещения банка на номер начали лететь спам смс о том, что мне какие-то займы одобрены. Думаю, что это дело рук этого же банка. Не рекомендую даже близко подходить к этому банку.",1,"Юрий, здравствуйте. 

Простите нас за ситуацию 😔 Возможно сотрудник предложил бесплатную карту, чтобы удобнее было погашать платежи по кредиту. Но оформление только на ваше усмотрение. Учтём ваши замечания и исправимся 🙌

Что касается сообщений: данные клиентов никому не передаём, с нашей стороны любые утечки исключены. За этим внимательно следим.",2024-05-19 10:19:42
17,Гульнара З.,2023-12-25 19:30:44,"Всегда приятно общаться с компетентными сотрудниками . Очень удобно , что обслуживание быстрое и без большого количества документов . Я являюсь давним клиентом этого банка и рекомендую его всем . Кроме того , офисы стали еще красивее , что тоже важно .",5,,2024-05-19 10:19:42
18,Алёна Клевакова,2024-04-12 07:59:49,"Не нравится персонал в этом филиале. Делают вид что меня нет когда зашла в банк. Не здороваются, не стремятся помочь… Больше не приеду в этот филиал, тут клиентам не рады.",1,"Здравствуйте,Алёна.
Жаль, что у вас сложилось такое впечатление. Мы всегда рады нашим клиентам.
Обязательно примем меры.",2024-05-19 10:19:42
19,Олеся Г.,2022-11-27 15:21:06,"Ходила в банк для оформления кредита для покупки новой мебели. Само помещение очень чисто и уютно и даже мило. Сотрудники вежливые и профессиональные. Кредит быстро выдали, для оформления подтверждение дохода опционально, то есть доход не обязательно подтверждать. Это очень хорошо.",5,,2024-05-19 10:19:42
20,Виктор Сурин,2024-02-05 16:18:09,"Это просто кошмар а не отделение, впрочем как и сам банк. Одна касса, два сотрудника, очереди постоянно. Снять сложно, внести сложно, постоянно сбои. Категорически не советую!!",1,"Здравствуйте, Виктор.

Каждый сотрудник выполняет определённые задачи.
Скорость обслуживания зависит не только от количества сотрудников и клиентов, но и от сложности вопросов. Стараемся сократить время ожидания, насколько возможно.",2024-05-19 10:19:42
21,Виктория П.,2023-02-15 14:30:51,"Заходила на прошлой неделе забрать свою дебетовую карту . Очень понравился сервис , все быстро и четко . По поводу обслуживания все отлично, никаких нареканий . Даже дали карту с бесплатным обслуживанием , хотя я не просила , но это бонус .",5,,2024-05-19 10:19:42
22,Анастасия Колесникова,2023-09-06 15:18:20,"Одна звезда только за приятных работниц. Пришла поменять данные по смене паспорта, отстояла очередь, девушка пригласила меня к окошку. В итоге пришлось бороться (в прямом смысле) за стул. Извините за выражение, из под попы женщина забрала!! Оказалось, в одно место было две очереди, максимально не проработан этот момент. Приема так и не дождалась, еще и испорченное настроение из-за хамского поведения женщин из очереди",1,"Анастасия, здравствуйте!
Всегда стараемся решать вопросы клиентов как можно быстрее, но повлиять на их количество не получится, увы.",2024-05-19 10:19:42
23,Дарья Л.,2023-10-07 13:02:42,"Неделю назад получила кредитную карту и полностью удовлетворена. Здесь множество партнеров в нашем городе, а кэшбэк в конце месяца приятно удивил. Обслуживание в банке на высоком уровне.",5,,2024-05-19 10:19:42
24,Ирина Горская,2024-01-12 20:03:23,"Персонал грамотный ! Но его недостаточно ! В очереди , что в будни , что в выходной проводишь после 1 час ! Для такого уровня банка как то недостойно .",1,"Добрый день, Ирина!
Иногда на решение вопроса клиента перед вами требуется больше времени. Простите за ожидание. Постараемся исправиться.",2024-05-19 10:19:42
25,Николай Романов,2023-10-05 11:50:57,"Буду теперь сюда приходить. Отделение удобное, персонал граомтный и вежливый, очень порадовал сервис. Представитель банка помог мне с открытием счета и условиями за несколько минут",5,,2024-05-19 10:19:42
26,Виктория,2024-01-30 12:17:04,"Посещая различные отделения Альфа Банка, я заметила, что все они чистые и современные. Консультанты приятны и оперативны, всегда готовы помочь в решении вопросов.",5,,2024-05-19 10:19:42
27,Юля Шатохина,2024-04-28 19:00:25,"Отделение Альфа банка было чистым и просторным, создавая приятную атмосферу. Быстрая помощь с открытием счета, дружелюбные и профессиональные сотрудники.",5,,2024-05-19 10:19:42
28,Александр Золотарев,2024-01-18 06:06:17,"Само отделение небольшое, не так много народу, удобно и быстро решать вопросы, я иногда пользуюсь чат поддержкой. Там вообще никаких проблем, решение вопроса приходит через пять минут вместе с SMS от оператора. И выходить не надо из дома)",5,,2024-05-19 10:19:42
29,Евгений Г.,2023-09-25 14:18:31,"Или посадите сотрудника, чтобы выбивал талоны, или разверните терминал ко входу, чтобы посетители могли сами брать талоны. Я здесь был не один раз и даже не пять, но думал, что это рабочее место (и там раньше сидел консультант). А обходить стойку ресепшн и заходить на чужое рабочее место (а выглядит оно от входа именно так), не принято.",3,"Здравствуйте, Евгений.
Мы обязательно проработаем ваше замечание и примем меры. Извините за сложности.",2024-05-19 10:19:42
30,Сергей Грызун,2023-06-01 08:39:49,Открыл карту банка. Пока нравится. персонал отзывчивый. Оперативно объясняет и не крадет время у меня и себя. Рекомендую. рядом рынок можно прогуляться и сразу потратить кредит :).,5,,2024-05-19 10:19:42
31,Ксения Сафарова,2023-12-27 11:36:51,"В этом филлиале очень приятный персонал. Девушка помогла определиться с выбором кредитной карты, рассказала про тарифы и разницу между ними. Выбрала в итоге год без %, получила на руки через несколько дней после подачи заявления. Пользоваться и отслеживать все платежи удобно.",5,,2024-05-19 10:19:42
32,Дмитрий,2023-10-23 18:16:36,"Жель, что раньше не узнал о данном банке. Отличные продукты и привлекательные условия, особенно накопительный счет. Действительно клиентоориентированный банк.",5,,2024-05-19 10:19:42
33,Катерина Волошина,2023-07-12 10:14:36,"Если можно было бы поставить 0, я бы поставила, девушка, как она сказала, она старшая, грубая! Устала от работы? Тогда зачем работать с людьми, или день не задался? Обслуживание очень медленное, ужас просто. Ждём уже более 40 минут, чтобы просто получить карту. Ужасное заведение, медленное обслуживание!!!!! Ни в одном банке мы не видели такого.",1,"Екатерина, приветствуем! 
Согласны, что описанное вами поведение сотрудников недопустимо. Обязательно проведём работу с коллективом и приложим все силы, чтобы впредь подобного не повторилось.
Посетители приходят в офис неравномерно, но мы стараемся всё проанализировать заранее, чтобы в период нагрузки работало как можно больше специалистов.
Простите за такой опыт.",2024-05-19 10:19:42
34,Юлия Коробицына,2024-01-27 17:54:51,"Приятно, когда в отделении порядок и чистота. Здесь удивительная атмосфера без традиционных очередей и перегородок . Рекомендую оценить!",5,,2024-05-19 10:19:42
35,Oleg,2022-12-08 12:15:50,"Хорошее отделение. Молодые ребята работают но очегь популярно всё объясняют, быстро обслуживают. Особенно отличается Анжела. Очень грамотная девущка в своём деле",5,,2024-05-19 10:19:42
36,ZEDger,2022-05-27 12:55:01,"Отличное отделение для обращения, есть места временной парковки авто, но днём в рабочие дни и после 17:00 очень тяжело найти место парковки и самой парковки от банка нет.
Второй момент, фактически вход с одной стороны, но все карты навигации и в том числе данные у специалистов ""горячей линии"" адрес отличается и по их данным место находится правее и выше по соседней улице. Но по факту входа там нет.

Персонал вежливый и приветливый, очередь ожидания как правило короткая. Пару современных банкоматов, множество окон для обращения, ресепшн, терминал очереди и т.п. Чисто, уютно, без замечаний.",5,,2024-05-19 10:19:42
37,Денис Бояркин,2022-12-22 18:44:51,"С альфа-банком сотрудничаю не первый год. Это отличный банк для бизнеса. Пользуюсь их бухгалтерией, все очень удобно, можно спокойно управлять всем через приложение. Этим удобством и нравится альфа. Хороший банк!",5,,2024-05-19 10:19:42
38,Ростислав,2023-09-16 12:27:23,"Ужасное место. Долгое обслуживание, сидение на 9 человек, а в зале очередь из 15
Одобрили карту, приехал, прождал час очереди, потом девушка не могла выслать мне смс с кодом, ждали еще 20 минут. В итоге сказали что не одобрили…",1,"Ростислав, здравствуйте!

Извините, что заставили вас ждать. К сожалению, отказ может поступить в любой момент. Повторную заявку можно подать через 30 дней.",2024-05-19 10:19:42
39,Юрик Федотов,2022-11-11 13:44:36,"Хорошее обслуживание, вежливый персонал, всегда помогут, подскажут, постоянный их гость, очередей практически не бывает, банкоматы всегда работают , расположение тоже хорошее , в общем 👍🌟",5,,2024-05-19 10:19:42
40,Владислав К,2022-08-04 11:06:09,"Быстро, качественно, удобно. Сделал запрос через интернет, 10 минут предварительно одобрили. Приехал девушка все рассказала, все проценты что как и почему. Уточняла и с пониманием объясняла некоторые нюансы что бы люди не попадались машенникам. Еще 10 минут все одобрили. Банкомат сразу при входе в банк работает 24/7. Сразу снял всю сумму. Считаю что все максимально удобно и качественно.",5,,2024-05-19 10:19:42
41,Елена Ковалёва,2022-12-28 13:35:58,"Неплохой банк, пользуюсь их сервисом второй год, лично меня все устраивает. Особенно хочу похвалить их мобильное приложение, все удобное и понятно. Легко осуществлять платежи по ЖКХ или штрафам, а также осуществлять переводы.",5,,2024-05-19 10:19:42
42,Карина Елемина,2023-11-19 18:58:31,"Потеряла карту, но быстро перевыпустили в офисе. Улучшить только работу с очередью и все будет шикарно",5,,2024-05-19 10:19:42
43,Оксана Добрынина,2022-12-07 13:05:23,"Оставлю свой отзыв на замечательную работу как банка, так и его сотрудников. Несколько лет уже пользуюсь услугами банка, никогда не было никаких проблем. Сотрудники банка вежливые, знают всю необходимую информацию, всегда помогут. Дебетовая карта, которой пользуюсь уже три года замечательная, много приятных бонусов, не нужно платить за её обслуживание. Кредитование в этом банке тоже происходит без лишних проблем. Отличный банк, рекомендую!",5,,2024-05-19 10:19:42
44,Гузель Халиуллина,2023-10-16 14:07:33,"У Альфы отличная программа бонусов накопительных , что мне очень нравится ну и в целом отличный банк я считаю .",5,,2024-05-19 10:19:42
45,Aleks K.,2023-04-08 09:49:31,"Все очень быстро и хорошо,все рассказали и объяснили понятно.Персонал очень отзывчивый и доброжелательный.",5,,2024-05-19 10:19:42
46,Сергей Колпаков,2024-03-11 14:00:33,"Уже давно искал подходящие условия по кредиту. Банками пользуюсь многими, почти везде сделал заявки, где-то банки сами присылали предложения, но лимиты небольшие где-то, либо ставка очень большая. Попробовал тут, в целом одобрили что-то среднее, что и в сумме, по ставке ок) Оформили за полчаса, одобрили",5,,2024-05-19 10:19:42
47,Иван Акимович,2023-05-02 14:30:21,"Всё относительно неплохо, но интернет внутри банка плохой... А так как всё операции нуждаются в быстром доступе, то приходится выходить на улицу, что не есть хорошо... А персонал достоин похвал - старается, как умеет)))",4,,2024-05-19 10:19:42
48,Жасмин 🌹,2023-10-19 18:53:46,"Душевное спасибо Альфа-банку за надежность и стабильность,которую он предоставляет в моей финансовой жизни.",5,,2024-05-19 10:19:42
49,Никита Ларцев,2023-10-11 19:17:59,"Я доволен тем, как Альфа Банк предоставляет отчетность по моим счетам. Они всегда точны и понятны, что помогает мне контролировать свои финансы.",5,,2024-05-19 10:19:42
50,Анастасия Борзых,2024-05-12 10:07:56,"В связи с переездом мне пришлось открыть ещё один счёт в этом банке, и я снова пошла туда, чтобы поменять пароль от личного кабинета. На этот раз всё прошло очень быстро и без проблем, меня оперативно обслужили и решили мой вопрос",5,,2024-05-19 10:19:42
51,Галина Иванова,2023-12-11 17:21:39,"Филиал порадовал своим состоянием, всегда чисто и терминалы работают без сбоев. Надежное место для размещения больших сумм на счету.",5,,2024-05-19 10:19:42
52,Кристина Ч.,2023-01-22 11:43:48,Обслуживание на высоте! Все сотрудники доброжелательны и вежливы. Особенно хочу отметить сотрудника банка на входе. Она профессионал своего дела!,5,,2024-05-19 10:19:42
53,Владислава К.,2022-12-22 13:18:15,"Открыла у альфа счет для бизнеса. Порадовал большой выбор пакетов, остановился на быстром развитии. Храню деньги как в рублях, так и в валюте. Все максимально просто в использовании. Спасибо альфа)",5,,2024-05-19 10:19:42
54,Наталья Клименко,2022-01-08 18:29:24,"Для живущих недалеко удобное расположение, рядом нахичеванский рынок. Спецпарковка не предусмотрена, но машину припарковать рядом не проблемно. Обслуживание быстрое, персонал вполне адекватный, вежливый.",5,,2024-05-19 10:19:42
55,Елизавета,2024-03-15 02:00:16,Отделение Альфа банка - мое основное место для обмена валют. Здесь всегда предлагают лучший курс и обслуживание проходит быстро.,5,,2024-05-19 10:19:42
56,Никита Шиманов,2022-12-02 21:08:54,"Спасибо сотрудникам Альфа банка,что вселили в меня веру и подробно проконсультировали по вопросам ипотеки.У меня было много сомнений,ситуация непростая,и очень переживал,что не выйдет",5,,2024-05-19 10:19:42
57,Алик Тукманбетов,2024-02-04 14:11:10,"Клиент банка многие годы, с зарплатной картой и кредитом. ни каких проблем за всё это время. Сотрудники всегда вежливы и корректны. За границей успешно использую интернет-банк",5,,2024-05-19 10:19:42
58,Иван Петухов,2024-03-06 09:51:10,"Я заказывал себе дополнительную карту с доставкой в это отделение. Так как к работе оно самое близкое. В целом и общем провел там минут 10, очередь быстро шла, персонал толковый)",5,,2024-05-19 10:19:42
59,Денис Goiman,2023-07-11 18:11:05,"Работают три окошка, обслуживание клиентов очень долгое, так что если сталкнетесь с этой организацией по простому вопросу..., будьте готовы провести там 2часа!!!",2,"Денис, приветствуем! 
Работаем над тем, чтобы не было очереди и томительного ожидания. Извините, если заставили ждать.",2024-05-19 10:19:42
60,Давид Д.,2023-07-15 21:13:32,"Если и брать кредит на какие-то свои нужды, то только в Альфа банке. Давно сделала такой вывод, поскольку условия самые лучшие и нет никаких подводных камней.",5,,2024-05-19 10:19:42
61,Nadinka N.,2024-04-21 15:23:45,"Быстрый процесс, наличие банкомата и вежливый персонал. Очень довольна этим отделением.",5,,2024-05-19 10:19:42
62,Анастасия К.,2022-06-04 09:05:08,"Добрый вечер! Являюсь клиентом данного банка очень давно. В связи с изменением паспортных данных обратилась в самое ближайшее отделение, и была ОЧЕНЬ ОГОРЧЕНА!!! Обращение к клиентам отвратительное!! Элементарно, сотрудники даже не здороваются, по И.О к клиенту не обращаются! Где корпоративный стиль одежды??Где соблюдение стандартов?? Ужас просто! 
Клиент заходит в отделение банка, а на тебя смотрят как на врага, с таким выражением лица «Чё ты сюда пришёл». Почему клиент должен из сотрудников банка, вытягивать каждое слово? Где выявление потребностей клиента? 
Если сотрудник отказывает в обслуживании, так пусть хоть произнесёт фразу «Извините, но к сожалению…..» а не так что «я отказываю вам в обслуживании..у вас паспорт не читаемый». Почему что по другим банкам вопросов с НОВЫМ нечитаемым паспортом не возникло. Никаких дополнительных справок никто не требовал. С таким отношением к клиенту, просто нет никакого желания сотрудничать с банком. Хотела у вас оформить дебетовую карту после актуализации данных, так меня ещё и в мобильное приложение послали, оформляйте в нём. А на ответ что у меня нет приложения, сразу же «тогда ничем помочь не могу». 
Возникает вопрос, а если бы я была тайником, как бы сотрудники его прошли??)) видимо премию никто не хочет) с таким отношением только подставляют своего руководителя данного структурного подразделения, вот и всё!!",1,,2024-05-19 10:19:42
63,Юрий Степанов,2023-07-07 08:33:00,"Пошел в отделение банка, чтобы снять наличные по своей карте; банкомат работал нормально. Операции проходили быстро, ничего не тормозило.",5,,2024-05-19 10:19:42
64,Наталья Савушкина,2024-04-25 11:40:04,"Если сомневаетесь в кредите, начните с кредитной карты! При правильном использовании нет процентов, акции на карты. Отличный выбор для сомневающихся.",5,,2024-05-19 10:19:42
65,Януся Т.,2024-05-02 20:40:17,"Быстрое и удобное решение проблем с восстановлением пароля и проплатой кредита, заслуживает благодарности",5,,2024-05-19 10:19:42
66,Николай Стефанов,2023-09-13 05:57:58,"Экономят на сотрудниках. Из 8 окон, работают макс 3. Чтобы получить услугу, необходимо запастись терпением и ждать своей очереди.",3,"Николай здравствуйте!

Стараемся решать вопросы клиентов как можно быстрее, назначаем окна в зависимости от вопроса. 

Извините, что заставили вас ждать.",2024-05-19 10:19:42
67,Инкогнито 4879,2023-04-11 09:52:14,"Сорвали сроки доставки ЗП/ карты. Прислали с задержкой. Курьер у них опоздал. Если бы я оплатил кредит не во время, сразу бы штраф прислали, а интересно, какой штраф предусмотрен банку, за сорванные сроки?",1,,2024-05-19 10:19:42
68,Антонина Черепанова,2023-10-13 18:15:33,"Срочно понадобилась большая сумма денег, многие банки отказали. Обратился в Альфа-банк,одобрили без проблем.",5,,2024-05-19 10:19:42
69,Lyudachka Aristova,2024-02-16 18:35:56,"Я всегда обращаюсь к специалистам банка с вопросами о предлагаемых услугах. Они подробно объясняют, что входит в платные услуги и какая от них польза.",5,,2024-05-19 10:19:42
70,Анонимный отзыв,2023-07-07 07:29:35,"По кредитной карте я могу год не иметь проценты. Комиссию банк тоже не снимает. Я зарабатываю 30 тысяч, в банкомате даже 100 рублей не оставляю",5,,2024-05-19 10:19:42
71,Andrey Novikov,2023-10-16 15:25:50,Доволен сервисом и обслуживанием банка. Обслуживание на потоке. Оперативно.,5,,2024-05-19 10:19:42
72,Ульяна Жукова,2022-11-24 16:12:27,"Вся инфа на сайте соответсвует действительности оформила кредитку неделю назад. Реально после первой покупки вернулся кешбек 1000. Прикольно так, думала развод и замануха, но нет, реально",5,,2024-05-19 10:19:42
73,Александр Кучмасов,2022-10-26 17:55:57,Приятные люди всегда помогут расскажут. Время ожидания незначительное. Высокая скорость операций. Удобный и надёжный банк,5,,2024-05-19 10:19:42
74,Альбина В.,2024-03-25 14:07:43,"Я давний клиент Альфа банка, и этот филиал - ближайший к моему дому. Здесь проводу большинство операций. Работой отделения полностью довольна.",5,,2024-05-19 10:19:42
75,Полина Зерова,2023-09-18 13:56:11,"Обслуживание всегда на высшем уровне. На прошлой неделе я пришла, чтобы открыть расчетный счет, и у меня возникло много вопросов. Все вопросы были исчерпывающе решены, и мне помогли с оформлением.",5,,2024-05-19 10:19:42
76,Вера Т.,2024-04-04 18:28:12,Удобный график работы и отсутствие долгих очередей делают обслуживание комфортным. Благодарна за это!,5,,2024-05-19 10:19:42
77,liza Z.,2022-11-24 14:11:26,"Неплохие условия по ипотеке. Сейчас не знаю не интересовалась,но в прошлом году нас всё устроило. Почти год живём в своей квартире. Ипотеку плачу в личном кабинете, всё работает. Банком довольна",5,,2024-05-19 10:19:42
78,Анна Ф.,2024-02-28 23:03:38,"Тут лучший консультант из всех банков в которых мне удосужилось побывать, помог мне быстро разобраться с моими вопросами.",5,,2024-05-19 10:19:42
79,Алина Р.,2023-10-14 15:13:01,"возможность получения кредитной карты, то я настоятельно рекомендую обратиться в Альфа-банк. Лично я пользуюсь их картой уже второй год, и условия предоставления карты становятся только лучше и лучше. В настоящее время предоставляется возможность пользоваться картой целый год без уплаты процентов.",5,,2024-05-19 10:19:42
80,виктория Волкова,2022-05-10 11:51:13,"Только недавно по совету подруги решила перейти на этот банк и не пожалела. Если лишь в одном отделении такое трепетное отношение к клиенту, то, я уверена, сам банк тоже замечательно о них заботится. Время ожидание в данном отделении ничтожно мало, а обслуживание быстрое. Приятно, что работники действительно хотят помочь, а не побыстрее сплавить тебя",5,,2024-05-19 10:19:42
81,Людмила Таран,2023-08-31 05:35:13,"В целом при посещении никаких минусов для себя не обнаружила. Общались со мной крайне вежливо, само помещение приятное и прохладное. Очереди не было, смогла получить консультацию довольно быстро без каких-то сложностей",5,,2024-05-19 10:19:42
82,инна идунова,2023-07-19 11:03:57,Самые медлительные операторы в мире.Час просидели в очереди с целью открыть счет.Ни один оператор не освободился.Отношения к клиентам ужасное,1,"Приветствуем, Инна! 
Работаем над тем, чтобы не было очереди и томительного ожидания. Извините, если заставили ждать.
Если закажете дебетовую карту, счёт откроем автоматически. Предлагаем пользоваться доставкой карты до дома. Бесплатно привезём карту в удобное для вас время!",2024-05-19 10:19:42
83,Максим Белоусов,2023-09-23 14:55:18,"Этот банк славится высокой профессиональностью и компетентными сотрудниками. Обслуживание здесь как всегда на высшем уровне, и я искренне рекомендую его.",5,,2024-05-19 10:19:42
84,Дмитрий Никифоров,2023-10-16 09:21:56,"Я картой альфа банка плачу за свет, газ, жилье, интернет. Раньше мелкую комисию за это брали, а с этого года ее нет",5,,2024-05-19 10:19:42
85,Александр Дзен,2023-01-20 16:15:51,"Хорошее отделение, игровой столик для детей, что важно, если приходишь с ребенком.
Очереди нет, оформили все быстро",5,,2024-05-19 10:19:42
86,Александр Скориков,2022-08-13 19:39:38,"Вечная очередь в банкоматы. Расположен рядом с рынком, поэтому народу всегда много. Если вам нужен именно этот банк, лучше выбрать другое отделение, но только не это.",2,,2024-05-19 10:19:42
87,Кирилл Кужаров,2023-01-19 10:38:39,Отвратительное отделение банка. Никто не торопится никуда. Талон взять невозможно. Терминал СУО отвернут от посетителей. Администратор обслуживает в порядке живой очереди. Ужасные условия по картам и отсутствия информации об их изменениях,1,,2024-05-19 10:19:42
88,Даниль Ибрагимов,2023-02-07 07:23:55,"Отделение оснащено всем необходимым для удобства клиентов. Есть терминал для оплаты услуг, банкоматы, терминалы для оплаты сотовой связи и интернет-банкинга, где можно оплатить коммунальные услуги и многое другое. Я обычно оплачиваю интернет тут и мобильную связь. Удобно.)",5,,2024-05-19 10:19:42
89,Галина Иванова,2023-06-15 15:11:04,"Всегда очереди . Сотрудники не всегда вежливы , если обращаешься за помощью неохотно помогают и объясняют. .",3,"Галина, приветствуем! 
Описанное вами поведение сотрудников недопустимо. Обязательно проведём работу с коллективом и приложим все силы, чтобы впредь подобного не повторилось.
Работаем над тем, чтобы не было очереди и томительного ожидания. Извините, если заставили ждать.",2024-05-19 10:19:42
90,Нина Ошуркова,2022-12-01 11:05:10,"Заходила недавно в офис, всё понравилось, времени здесь можно сказать не потратила, всё хорошо и быстро. Спасибо",5,,2024-05-19 10:19:42
91,Фания Гайсина,2023-01-16 14:42:14,"Здесь работают настоящие профессионалы. Я обращалась в это отделение для получения кредита, а также для открытия вклада. Мне все понравилось, обслуживание на высоком уровне, сотрудники вежливые и компетентные. Все, что нужно подсказали, помогли оформить документы.",5,,2024-05-19 10:19:42
92,Анастасия Шамбратова,2023-08-29 16:48:31,"У меня имелось два кредита, которые я желала объединить через рефинансирование. Хочу выразить благодарность Татьяне, менеджеру, который помог мне успешно совместить два кредита в один. Теперь мои выплаты снизились, а процентная ставка осталась невысокой.",5,,2024-05-19 10:19:42
93,Юлия_Юлия,2024-02-07 20:55:51,"В офисах альфа банка продумана каждая деталь, обеспечивая высокий уровень удобства и комфорта.",5,,2024-05-19 10:19:42
94,сява А.,2023-08-01 16:52:05,"Очень долгое обслуживание по оформлению дебетовой карты,и грубые сотрудники не советуют ходить на этот адрес",1,"Здравствуйте! 
Очень удивлены прочитанному. Обычно, выдаём карты за 5-10 минут, но не больше. Скорость обслуживания во многом зависит от сложности вопроса. 
Обязательно поговорим с коллегами, чтобы подобных ситуацией не было. Простите!",2024-05-19 10:19:42
95,Лика Баст,2022-04-25 14:01:53,"работают студенты... ничего не знают. обвиняют в ошибках банка. решить проблему невозможно, опять же, потому что единственный ответ- не знаю. не видят счета клиента, не могут закрыть счет, посылают на горячую линию. с горячей линии тоже ничего не знают, посылают в отделение. В итоге банальная операция с закрытием старого счета стала квестом. деньги через кассу не принимают. только терминал. Терминал путает счета и отправляет деньги на деревню дедушке ( не в первый раз), чеки не дает. выбирая одну и ту же опция, вставляя одну и ту же карту, деньги могут упасть на другие счета.",1,,2024-05-19 10:19:42
96,Aleksander,2023-04-30 06:13:21,В отделении сказали нельзя прийти с наличными и оплатить покупку! Нужно приобретать карту и с нее переводить ! Очень не удобно!,3,,2024-05-19 10:19:42
97,Кристина Козлова,2022-11-17 13:30:57,"Поддержка в чате и некоторые спецы в офисах это отдельный вид искусства) вежливые, дружелюбные и с ноткой юмора, - все что надо для позитивного диалога и продуктивного обсуждения))",5,,2024-05-19 10:19:42
98,Ильмир Васимов,2022-12-28 10:24:42,"Очень доволен тем, что открыт тут вклад. Условия очень хорошие. Совсем скоро уже получу выплату с процентами и не могу дождаться этого момента ))",5,,2024-05-19 10:19:42
99,Татьяна Бондарева,2022-11-29 17:34:57,"Очередная контора которая навязывает открывание счетов, чтобы 20 раз попереводить со счета на счёт и сделать видимость и значимость проводимой работы. Просто прийти и оплатить что-то невозможно. Наличные не принимают",1,,2024-05-19 10:19:42
100,Анна А.,2024-02-20 08:06:45,Надёжность банка определяется его клиентоориентированностью. Адьфа-банк может гордиться таким отношением к клиентам.,5,,2024-05-19 10:19:42
101,Адель,2022-10-21 17:55:03,Пришла обменять валюту сказали два дня ждать счёт в конечном итоге сегодня пришли и сказали что такой услуги нет у них...😅За два дня все изменилось.Дозвониться невозможно.Просто ужас.Никогда больше не пойду.,1,,2024-05-19 10:19:42
102,Елена Лебеденко,2023-08-28 09:39:48,"Пересмотрела свое отношение к банковским услугам после опыта в другом банке. Здесь явно высший уровень сервиса, ощущается заинтересованность в клиенте. Предложили более выгодный вариант вклада с капитализацией.",5,,2024-05-19 10:19:42
103,Tarzan,2023-10-22 17:26:54,"У них отличный интернет-банкинг, который упрощает мою жизнь.",5,,2024-05-19 10:19:42
104,Елена,2024-01-18 19:50:31,Сотрудники не претендуют на роль финансовых гениев; они просто решают проблемы и стараются в интересах клиента.,5,,2024-05-19 10:19:42
105,Тигран А,2023-04-09 06:23:55,"Приятный офис, быстрое обслуживание, отличный руководитель!",5,,2024-05-19 10:19:42
106,Aleks_wolf,2022-11-10 12:17:48,"Зашли, быстренько подошёл менеджер.Поинтересовался с каким вопросом. Обслуживание очень быстрое и качественное))",5,,2024-05-19 10:19:42
107,Евгения,2023-10-17 08:13:09,В этом отделении все дружелюбные и ответственные. Особенно поразило качество сервиса и чистота.,5,,2024-05-19 10:19:42
108,Любовь Ч.,2023-12-14 12:21:54,"Давний клиент банка. Сайт и приложение хорошо оформлены, всем довольна.",5,,2024-05-19 10:19:42
109,Альбина Г.,2023-01-07 19:20:42,"Альфа-банк сейчас один из любимых банков т.к. условия тут прямо на высоком уровне. К обслуживанию в отделениях тоже никак не прикопаться. Всегда образцовые менеджеры решают любые проблемы, с которыми приходишь.",5,,2024-05-19 10:19:42
110,Сафонов Владимир,2023-09-08 20:05:36,"В этом банке все продумано до мелочей, и сотрудники активно взаимодействуют с клиентами, стараясь помочь в решении всех вопросов и проблем.",5,,2024-05-19 10:19:42
111,Дмитрий Хрущев,2021-08-20 17:33:46,"Являюсь клиентом альфа-банка больше 10 лет, очень нравится этот банк для физ лиц, а персонал в данном отделении всегда помогает быстро и результативно решать все проблемы связанные с финансами",5,,2024-05-19 10:19:42
112,Людмила Шараурова,2022-01-18 07:29:40,"Людей мало. Время ожидания приема специалиста составило 3 мин. Оформила дебетовую карту, получила консультацию по всем интересующим вопросам. Все оформили быстро. Объяснения специалиста не вызвали какого то непонимания- все доходчиво, кратко без навяливания каких то услуг.",5,,2024-05-19 10:19:42
113,Денис Николаев,2022-12-29 18:37:00,"Для меня как для зарплатного клиента условия очень хорошие, к тому же клиентоориентированность на высоте",5,,2024-05-19 10:19:42
114,Егор,2023-09-29 14:35:01,"Несмотря на то, что финансы- не моя область экспертизы, я всегда легко общаюсь с сотрудниками этого банка. Они ясно и доступно объясняют все детали.",5,,2024-05-19 10:19:42
115,Валерия Дмитрева,2022-12-27 16:08:43,"Кредитные условия мне понравились, приятная девушка помогла все оформить. Спасибо.",5,,2024-05-19 10:19:42
116,Феликс К.,2023-09-11 16:16:48,Всем знакомым рекомендую! Мне все нравится!,5,,2024-05-19 10:19:42
117,Наталья Шелкова,2022-12-16 11:26:55,"Часто бываю в отделении по работе и иногда бывают интересные клиенты, которых вечно все не устраивает, лишь бы поконфликтовать. Но сотрудники не только не поддаются, а решают все проблемы как можно быстрее, чтобы не доставлять другим дискомфорт.
Спасибо.",5,,2024-05-19 10:19:42
118,витос п,2023-08-26 17:20:04,Дилетанты.Обращался с периодичностью в год ничего не изменилось.Жаль.,2,,2024-05-19 10:19:42
119,Иван Сапрыкин,2023-02-19 15:42:27,"Обслуживание на высшем уровне и приветливый персонал. В отделении всегда внимательное отношение, приятные сотрудники.",5,,2024-05-19 10:19:42
120,Александр Петров,2023-02-21 15:56:57,"Неделю назад открыл тут свой первый вклад. Собственно, все движения отслеживаю через сайт или приложение. Этим отзывом хочу сказать, что у альфы отличные айтишники, или кто там трудиться над сайтом и приложением, я не знаю) все быстро работает, спасибо!",5,,2024-05-19 10:19:42
121,виктория д.,2021-08-08 13:30:28,"Работает сотрудница в этом банке , зовут её Ляликова Юлия, девушка ведет себя очень не пристойно. 
Пользуется, тем, что у неё есть номера клиентов, пишит сообщения личного характера ( не рабочего), зная, что у клиента есть жена. Это не допустимо и аморально так себя вести. 
Прошу разобраться с тем, чтобы эта девушка на работе работала, а не искала ухажёров, ещё и женатых.",1,,2024-05-19 10:19:42
122,Наталья Рыбакова,2023-01-10 12:09:31,"Очень приятно когда сотрудники банка идут на встречу клиенту. Понимаешь, зачем нужны оффлайн отделения",5,,2024-05-19 10:19:42
123,Андрей Кожанов,2022-08-10 02:59:01,Не советую и очень потому что обратился я для открытия счета по доверенности меня отшили пришлось ехать а другой филиал и позже обратившись мне не помогли с моей проблемой,1,,2024-05-19 10:19:42
124,Виктор Крикало,2022-06-30 09:04:48,"Ужасный офис. Один парень работает остальные сидят. Очередь, женщина орет что ей не дают погасить кредит. В альфа банк ни ногой! То что делается в других банках 10 минут, у них нужно запрашивать и ждать 3 дня.",1,,2024-05-19 10:19:42
125,Илина Гайнуллина,2023-02-26 14:40:41,"Ничего плохо не могу сказать об этом филиале альфы. Хорошие сотрудники, работают все быстро, качественно. Банкоматы тоже всегда работающие. Все супер.",5,,2024-05-19 10:19:42
126,Артём Тыняный,2023-09-25 12:46:57,"Отвратительное обслуживание, терминала для очереди нет, не понятно как занимать очередь (походу как в поликлинике), менеджерам на тебя все равно!!! Ужас!!!",1,"Здравствуйте, Артём.
Удивлены прочитанному, так как это совсем не похоже на нас.
Мы проведём полную проверку и примем меры. Извините за неоднозначный опыт.",2024-05-19 10:19:42
127,Светлана Якимова,2023-02-24 13:21:33,"Взяла кредит на путешествие полгода назад, вот заканчиваю выплаты. Весь опыт положительный, всё было быстро, качественно, без нареканий)",5,,2024-05-19 10:19:42
128,Ирина Татарчук,2022-02-17 12:52:07,"Оформила кредитную карту Альфа банка, очень удобные и выгодные условия, большой льготный период, бесплатное обслуживание. Заранее напоминают о том, что нужно совершить платëж.",5,,2024-05-19 10:19:42
129,Dary🤞🏽,2022-06-08 10:10:05,"Не особо понятно почему сотрудники сидят просто так,а я жду пока примет девушка на вхоже чтобы распределить меня к сотруднику или чтобы она помогла сама. В итоге собирается огромная очередь.",2,,2024-05-19 10:19:42
130,Анонимный отзыв,2022-11-29 15:08:37,"Качество услуг хорошее, банкомат всегда работает, даже с разменом можно деньги снять. Хороший банк.",5,,2024-05-19 10:19:42
131,Мария Веретельникова,2023-06-01 17:33:40,"Отличное отделение, работаю знающие сотрудники",5,,2024-05-19 10:19:42
132,Александр Верченко,2023-01-09 10:37:12,"Одно из лучших отделений банков. Сотрудники работают очень живо, не заставал очередей.",5,,2024-05-19 10:19:42
133,Станислав,2022-01-16 07:05:20,"У меня нет счетов в альфе, человек делал перевод со своей альфы на мой сбер, но его приложение выдало что мой телефон имеет счет в альфе!!!Деньги ушли!Человек спокоен,что расчитался, я в недоумении, а альфа заработала!Банк обманным путем зарабатывает!будьте аккуратны(",1,,2024-05-19 10:19:42
134,Кирилл Иванов,2023-02-05 18:20:46,"Хорошее обслуживание, все что требовалось объяснили и оформили.",5,,2024-05-19 10:19:42
135,Екатерина,2024-02-25 18:30:55,Оформлять ипотеку здесь просто и доступно.,5,,2024-05-19 10:19:42
136,Виктория Вербицкая,2022-05-17 13:05:01,"Заказала зарплатную карту, выбрала это отделение банка т.к. было удобно территориально получить здесь. После подачи заявки, прошла неделя и я получила карту. Очень довольна сотрудниками банка т.к. все подробно и доходчиво рассказали какую лучше заказать карту. Рекомендую альфабанк.",5,,2024-05-19 10:19:42
137,Кристина М,2022-08-31 15:12:48,"Отличный персонал, подскажут расскажут все,что вас интересует)",5,,2024-05-19 10:19:42
138,Михаил Юрьев,2023-06-16 12:50:29,Довольно приятное обслуживание.,4,,2024-05-19 10:19:42
139,865261 Семеренко,2022-11-10 17:56:12,Отличный офис. Спасибо сотрудникам за помощь во всех вопросах!!!,5,,2024-05-19 10:19:42
140,Артемий Асрян,2021-07-04 02:05:18,"Являюсь индивидуальным предпринимателем и расчётный счёт открыт в Альфа банке, проблем не было никаких, а данное отделение удобно расположено и располагает очень радушным и вежливым персоналом. Рекомендую однозначно.",5,,2024-05-19 10:19:42
141,Scream Team,2022-06-07 17:35:34,"Нормальный офис , приветливый персонал. Бывает хороший курс валюты",5,,2024-05-19 10:19:42
142,Сергей Д.,2022-05-03 18:11:41,Удобное расположение. Приятный персонал. 2 банкомата.,5,,2024-05-19 10:19:42
143,Виктор Викторович,2021-11-23 17:44:51,"Не берите кредитную карту!!! Я взял сразу сняли комиссию за обслуживание карты 1190. Хотя реклама 1год бесплатно! На обращение в банк, они сказали что онлайн договоре этой функции не было.",1,,2024-05-19 10:19:42
144,Милена Титова,2022-05-12 13:21:44,"Приезжала в это отделение, чтобы открыть вклад по новым повышенным %, компетентный персонал, уютный офис.",5,,2024-05-19 10:19:42
145,Ростовчанин,2022-07-18 10:19:07,"нормальное вежливое обслуживание,остался доволен!))))",5,,2024-05-19 10:19:42
146,Captyura,2021-01-22 06:11:58,"Если берёте кредит или товар в рассрочку, то после погашения кредита сразу идите в банк и требуйте расторжения договора, иначе будете висеть в системе по всей России как задолжник, это нонсенс, но это так! Я с этим столкнулся, когда хотел взять товар в рассрочку и мне отказали по причине имеющегося кредита, который я погасил ещё два года назад. Полный трэш.",2,,2024-05-19 10:19:42
147,Андрей Ростовский,2021-07-07 09:59:38,"Банк ведет агрессивную рекламу, направленную на молодёжь, применяя при этом методы, противные для большинства других слоев населения (например, приём на работу Моргенштерна, косвенно рекламирующего наркотики и проституцию). Топменеджеры явно не доробатывают. ""Такой футбол нам не нужен!""",2,,2024-05-19 10:19:42
148,Алексей Павленко,2022-04-21 11:02:57,"Это развод, пришёл сегодня получить карту по акции и говорят, что только с 20 лет, когда заказывал нужно было чтоб человеку было 18 лет.",1,,2024-05-19 10:19:42
149,Эллина Каверзнева,2023-03-26 16:32:53,Быстро. Вежливо. Банкоматы работали.,5,,2024-05-19 10:19:42
150,Елена Хурса,2023-05-02 06:18:58,"Час голову морочали, а кредит так и не выдали",3,,2024-05-19 10:19:42
151,Мария Горьковенко,2022-05-07 22:28:01,"Отличные сотрудники,граматно выполняют свою работу,помогуть решить проблему в сложившиеся ситуации",5,,2024-05-19 10:19:42
152,Любовь,2022-07-24 21:32:17,"Не дали полную информацию. Наверное это всё таки больше от людей зависит. Плохое консультирование. Наверное девушка стажёр, ну значит так училась. А так всё уютно. Удобно местоположение. Но пришлось после посещения офиса, звонить на горячую линию.",1,,2024-05-19 10:19:42
153,Елена Прохорова,2021-09-02 12:47:09,"Везде бы так, ни очереди , всё объяснят , просторный зал для ожидания, хотя там и ждать нечего сотрудников хватает, мы пользуемся услугами банка.",5,,2024-05-19 10:19:42
154,Кирилл Белов,2022-10-27 17:07:06,"мало персонала , интерьер так себе.. выглядит отделение как микрозаймы",3,,2024-05-19 10:19:42
155,Александр Амирбегян,2023-07-13 17:42:33,Все замечательно.,5,,2024-05-19 10:19:42
156,Андрей Чебураков,2022-08-10 11:33:04,Ну пока всё норм.Персонал тоже не испортился пока. Подскажут покажут помогут...,5,,2024-05-19 10:19:42
157,Елизавета Ширай,2021-07-31 10:50:43,Не возможно дозвонится на горячую линию!!!!! Ну удалось совершить покупку!!!! Не смогла снять наличные !!!Оказалось в неловком положении!!!! Не в одном банке такого безобразия нет!!! Я в шоке!!,1,,2024-05-19 10:19:42
158,Александр,2021-08-20 09:52:50,"Самый лучший банк в России! Быстрое обслуживание, в отделениях чисто и современный ремонт. Рекомендую всем своими друзьям.",5,,2024-05-19 10:19:42
159,Герм@н,2022-09-11 12:00:22,"Банк не позаботился о парковке для клиентов,в наше время это огромный минус.",2,,2024-05-19 10:19:42
160,Алексей Бутко,2023-05-17 12:42:25,Отношение к клиентам на высшем уровне,5,,2024-05-19 10:19:42
161,Александр Х.,2020-06-01 06:27:10,"Отличный банк! Оформлял кредитную карту у менеджера Владислава, очень грамотный сотрудник, качественно проконсультировал. Я остался доволен обслуживанием!!",5,,2024-05-19 10:19:42
162,Олег,2021-12-16 12:59:46,"Все понравилось, слажено и быстро. Спасибо персоналу.",5,,2024-05-19 10:19:42
163,Михаил Медведев,2022-05-07 16:14:27,Квалифицированный персонал. Быстрое решение вопросов.,5,,2024-05-19 10:19:42
164,Алексей Иванов,2023-01-07 13:05:08,"Удобно, качественно !!!",5,,2024-05-19 10:19:42
165,Анонимный отзыв,2020-02-14 20:29:48,"Хороший банк. Онлайн банк отлично сделан и они совершенствуются, но вот с обучением персонала надо бы поработать, хорошо обученные сотрудников в офисе не много (",5,,2024-05-19 10:19:42
166,Оксана,2019-12-20 18:43:42,"Самый ужасный банк в мире!!!!
Разводят на деньги.
Самый некомпитентный персонал именно в этом отделении!!!!
Пришли узнать что делать в случае смерти человека взявшего кредит.
Трое сотрудниц открыли рты - кинулись читать инструкции со словами, ой не знаю...сейчас посмотрю! Это просто ужас какой-то!
Постоянно проблемы возникают!
Заплатили за 5 месяцев вперед кредит, а они присылают- что мы не оплачиваем его!!!!!!
Если нужен кредит- обходите этот банк стороной!!!
По горячей линии говопят обратитесь в отделение банка, в банке говорят обратитесь в горячую линию!!!!!
Посмотреть сколько у тебя осталось платить и сколько внесено на счет можно только раз в месяц!!!
Не ходите и не связывайтесь с Альфа-Банк!!!!",1,,2024-05-19 10:19:42
167,Дмитрий,2022-06-12 19:26:56,Есть банкоматы. Банкоматы работают круглосуточно.,5,,2024-05-19 10:19:42
168,Ольга Ткаченко,2022-08-31 04:45:50,"Хороший банк,всё объясняют,консультируют",5,,2024-05-19 10:19:42
169,Денис,2023-08-10 02:24:24,Все нормально,5,,2024-05-19 10:19:42
170,Artem Makarov,2019-12-14 21:51:56,"Всё устраивает и место и удобство посещения,
Но сотрудники зачастую очень не компетентны, задают постоянно вопросы клиентам, те которые должны сами знать, как сотрудники банка, тем самым вводя вьполный ступор клиентов.
Соглашусь с комментариями,выше изложенными, по Экроу Счетам совершенно не подготовленные.....
Проведите пожалуйста треннинг специалистов, потому как многие работают уже давно...",5,,2024-05-19 10:19:42
171,Александр Бочкарёв,2022-05-05 14:28:56,Был. Общался. Очереди небыло. Персонал адекватный. Могу сказать на пятерочку,4,,2024-05-19 10:19:42
172,Вероника,2022-07-15 18:02:07,"Сотрудники вежливые, кредиты не навязывают, как в Сбербанке.",5,,2024-05-19 10:19:42
173,аня малишевская,2022-02-07 17:30:51,"Банк хорошо оборудован, приятное обслуживание",5,,2024-05-19 10:19:42
174,Елизавета Строева,2022-04-29 08:06:53,"С банком дружу с 2020 года и ему доверяю. Не зря столько добрых отзывов, я к ним тоже присоединияюсь. Маленький минус - убрали процент на остаток.",4,,2024-05-19 10:19:42
175,Олег Бессараб,2022-01-08 20:07:44,Все работают быстро четко. Удобный график работы.,5,,2024-05-19 10:19:42
176,"ООО ""Ростовские лаборотории"" - ООО ""Центромед"" МД 8.",2021-08-31 13:56:10,"хамский сервис, специалисты сами не знают как действовать в той или иной ситуации .. полная некомпетентность , не советую никому!",1,,2024-05-19 10:19:42
177,Юлия М.,2019-10-26 17:34:43,"Этот банк предпочитаю в первую очередь по причине близости к дому. Но здесь очень приятно находиться: практически никогда не жду в очереди, персонал банка доброжелательный, стремящийся помочь с вопросом, с которым пришёл клиент. Спасибо.",5,,2024-05-19 10:19:42
178,Анна Анна,2023-02-02 16:45:52,Огромные очереди к банкоматам,4,,2024-05-19 10:19:42
179,Алексей,2022-08-16 13:55:30,"Нехотя решали мой вопрос.
Да и не хватает наличия парковки",3,,2024-05-19 10:19:42
180,Рубен Б.,2019-10-03 11:09:00,"Альфа-банк, сам по себе неплох. Этот офис тесноват и имеет всего один банкомат. Расположен рядышком с Нахичеванским рынком, что само по себе очень удобно.",4,,2024-05-19 10:19:42
181,венера волкодав,2022-05-19 21:50:42,"Всегда тихо,спокойно,без суеты. Прекрасный филиал Альфабанка",5,,2024-05-19 10:19:42
182,Марина Навальнева,2021-03-15 15:11:51,"Достали со своими звонками с предложением карты. До операторов не дозвониться. Напишу заявление на них, заодно и на оператора, чтоб знали как базу телефонов продавать.",1,,2024-05-19 10:19:42
183,вячеслав стрельников,2022-02-15 13:06:29,Огромнейший выбор... Вежливые продавцы...,5,,2024-05-19 10:19:42
184,Евгений Добкин,2023-01-06 19:29:03,Бардак в офисе. Сильно не торопятся,2,,2024-05-19 10:19:42
185,Игорь Х,2023-10-31 17:34:55,Нормальный,5,,2024-05-19 10:19:42
186,евгения я.,2022-01-31 09:34:09,"Обслуживание оставляет желать лучшего, не специалисты, а мумушники какие-то",3,,2024-05-19 10:19:42
187,Челси Лейн,2022-06-30 17:39:14,Обслуживание замечательное. Спасибо,5,,2024-05-19 10:19:42
188,Вадим Г.,2022-06-04 18:19:35,Отвратительное обслуживание. Всё построено на обмане.,1,,2024-05-19 10:19:42
189,Михаил С.,2022-09-11 17:13:31,Долгое обслуживание,1,,2024-05-19 10:19:42
190,Кириленко Оксана,2022-10-27 18:12:28,Очень вежливые сотрудники,5,,2024-05-19 10:19:42
191,Вячеслав Поляхов,2022-11-11 02:49:19,Не компетентный персонал.,1,,2024-05-19 10:19:42
192,Ольга Оболенская,2022-06-12 16:20:16,"не решили мой вопрос, отправили на горячию линию",3,,2024-05-19 10:19:42
193,Валерий Чеботарь,2023-01-16 16:09:04,Кредит инвалидам не дают,1,,2024-05-19 10:19:42
194,Инкогнито 0735,2023-03-29 22:16:35,"Клиенты банка паркуются вторым рядом, из-за этого создаются пробки на дороге!",1,,2024-05-19 10:19:42
195,ecodon1,2019-12-02 16:05:58,"С первого раза никогда не решают вопрос. Отправляют звонить в контактный центр на единый номер. Только после того, как объясняешь, что уже звонил и там сказали, что надо обращаться непосредственно в отделение, начинают хоть что-либо предпринимать в решении вашего вопроса.",1,,2024-05-19 10:19:42
196,Влад,2021-12-25 09:12:00,"Великолепный банк, быстрое обслуживание!",5,,2024-05-19 10:19:42
197,Евгений С.,2022-01-16 18:25:42,"Один из лучших банков России, только банкоматов мало.",5,,2024-05-19 10:19:42
198,No Comment,2020-01-15 10:20:03,".Альфа банк это банк с большими возможностями,все мои знакомые обращались и получали положительные результаты...Я пока не обращался,надеюсь в будущем если понадобится обращусь...",5,,2024-05-19 10:19:42
199,Татьяна,2020-04-16 16:15:22,"Всегда проконсультируют,быстро решают возникшие вопросы.Терминалы круглосуточно работают.",5,,2024-05-19 10:19:42
200,Ник,2022-08-11 16:00:00,Кода сотрудники прекратят беспредел.,1,,2024-05-19 10:19:42
201,Анна О.,2021-01-13 05:31:04,"Днище банк....
Перевод идёт уже 2 недели все не как не дайдет. 
Не кому не советую... И сам закрою счета.",1,,2024-05-19 10:19:42
202,Кристинка,2022-06-08 12:02:51,Ужас. Как они вообще есть на рынке?!,1,,2024-05-19 10:19:42
203,Mr,2020-02-13 06:03:46,"Банк НЕ СОВЕТУЮ решил взять карту на 100000 руб но мне отказали без причины кредитная история: 2 кредита на общую сумму 250000 выплоченных без задержек за 3,5 года почему отказали не знаю!!! Не лезте в этот банк!!!",1,,2024-05-19 10:19:42
204,Екатерина С,2019-09-20 15:25:40,"Не понравилось обслуживание .Сотрудник долго оформляла эскроу счёт ,на вопросы отвечала ,что она не знает ,не поставила дату в договоре ,не выдала реквизиты ,приезжала второй раз ,хотя первый раз я уточняла реквизиты мне тыкнули на счёт в самом договоре и на этом все .",2,,2024-05-19 10:19:42
205,Юрий Эксперт,2020-06-10 06:42:47,"хороший банк, который предлагает реальные рублевые кэшбеки) за прошлый год около 20000 насобирал) приятно)",5,,2024-05-19 10:19:42
206,Ивист Болатаев,2022-12-18 16:43:39,"Такой же банк как и все ,ожидал лучшего",3,,2024-05-19 10:19:42
207,Машуля Веретельникова,2020-05-25 12:17:49,"В этом отделении очень доброжелательные сотрудники, всегда помогут внести, сделать перевод, активировать карту",5,,2024-05-19 10:19:42
208,Viktoriya V,2021-09-22 20:16:51,"Очередь в банкоматах, часто один из двух не работает",4,,2024-05-19 10:19:42
209,Александр,2019-08-15 12:49:50,"Оценить банк сложно. Каждый выбирает по своему ""продукту"" или по принуждению. Обслуживание нормальное, только операционный зал маловат. Из-за одного банкомата образуются очереди.",4,,2024-05-19 10:19:42
210,Денис Пигарев,2021-07-23 10:41:11,"Сотрудники проинструктировали как положено, спасибо!",5,,2024-05-19 10:19:42
211,Татьяна Булатова,2022-01-17 10:27:59,"Отвечаю на звонок около часа,проблемные",2,,2024-05-19 10:19:42
212,Andrei Podkuiko,2020-08-05 12:10:58,"Ну очень медленное обслуживание, и не говорят, что делают. Не проверяют действующие продукты и не сообщают о них.",2,,2024-05-19 10:19:42
213,Татьяна Суворова,2019-10-19 08:04:11,"Приветливые сотрудники, очень чисто в отделении , всегда помогут с вопросами",5,,2024-05-19 10:19:42
214,Маргарита Пискачёва,2021-12-09 20:59:43,"Работают быстро, вежливые",5,,2024-05-19 10:19:42
215,Виталий Сибиряков,2021-02-21 12:57:46,Альфа банк вы достали со своими звонками и навязываниями карт. Когда вас закроют уже,1,,2024-05-19 10:19:42
216,Дмитрий Т.,2019-12-20 14:05:08,"Отличное отделение, был десять раз и каждый раз все быстро, компетентно и по делу!",5,,2024-05-19 10:19:42
217,Ладъ Б.,2020-03-01 17:18:25,"Отличное обслуживание, быстро, чётко. Успехов в бизнесе!",5,,2024-05-19 10:19:42
218,Алина 😍,2023-03-02 05:01:05,Лучшее отделение 🤍,5,,2024-05-19 10:19:42
219,Тимур Бирюков,2022-02-20 13:40:58,Быстрый банк. Суетятся,4,,2024-05-19 10:19:42
220,Константин Кондольский,2019-10-11 14:40:38,Менеджеры ориентированы на клиентов. Если кто-то свободен встречают на входе. Сервис персонала настроен дружелюбно.,5,,2024-05-19 10:19:42
221,Людмила Соколова,2019-09-29 20:57:18,"Удобно, что круглосуточный банкомат с разной валютой. Днем сложности с парковкой.",4,,2024-05-19 10:19:42
222,Valentina,2021-06-19 10:17:19,"Не закрывают на ночь банкоматы, можно восспользоваться, молодцы ребята",5,,2024-05-19 10:19:42
223,Максим Ломтев,2020-12-23 15:28:35,Банк полное г...но! Во всех смыслах этого слова! Никому не советую,1,,2024-05-19 10:19:42
224,Борис Темкин,2020-02-04 12:07:52,"Отличный банк, грамотный и приветливый персонал.",5,,2024-05-19 10:19:42
225,Александр,2020-12-04 15:05:54,Отлично) очень милый персонал,5,,2024-05-19 10:19:42
226,Артём Горбуненко,2021-10-09 07:25:54,Классное обслуживание,5,,2024-05-19 10:19:42
227,Зинаида Солнышкина,2021-02-24 10:45:04,"Отвратительное обслуживание, на телефоне горячей линии висишь по 15 минут, уже тошно слушать музыку и виртуального помощника.",1,,2024-05-19 10:19:42
228,Ткаченко Александр,2022-05-13 17:42:57,"Хорошо, но тесновато...",4,,2024-05-19 10:19:42
229,Руслан Щ.,2019-10-17 12:20:27,Мне нравится то что он рядом находится и грамотные консультанты Мне нравится,5,,2024-05-19 10:19:42
230,Любовь Л,2019-08-02 17:31:28,"Быстрое обслуживание, грамотно консультируют и помогают .",5,,2024-05-19 10:19:42
231,Михаил,2019-11-24 08:18:59,"Удобно расположен, хорошо видно с дороги мимо не пройдешь",5,,2024-05-19 10:19:42
232,Артем,2022-07-11 06:27:53,Проблема с парковкой,4,,2024-05-19 10:19:42
233,АВ,2019-08-19 13:47:00,Обслуживаюсь в этом отделении. Часто долго выдают карты из за очередей. Стоек приема много. По факту работает 3-4. В остальном дружелюбные.,4,,2024-05-19 10:19:42
234,Михаил,2020-08-19 14:00:53,"Пользуюсь банкоматами, все нравится.",5,,2024-05-19 10:19:42
235,Ольга Бережная,2019-11-28 14:58:57,"Все нравится, негативных впечатлений от посещения этого отделения у меня не было.",5,,2024-05-19 10:19:42
236,Сергей Степанов,2021-07-22 13:37:44,Обычный офис банка,4,,2024-05-19 10:19:42
237,Антон Сергеевич Пекарский,2020-08-04 16:23:30,Отрицательные эмоции по отношению к этому банку!,1,,2024-05-19 10:19:42
238,Николай Николаевич Косякин,2020-05-26 07:54:35,"Обслуживаюсь в этом отделении, все в норме",4,,2024-05-19 10:19:42
239,Андрей Сайфутдинов,2020-02-18 07:00:15,Задолбали спам-атаками со своими предложениями!,1,,2024-05-19 10:19:42
240,Елена Ц.,2020-05-07 03:57:46,приставы с кредитной карты снимают деньги!!!!,1,,2024-05-19 10:19:42
241,Елена Сапачева,2019-09-19 08:37:35,"Очень долгое рассмотрение, хотя предварительно карта была одобрена!",3,,2024-05-19 10:19:42
242,Александр К.,2021-03-07 21:47:58,Нормальный банк,5,,2024-05-19 10:19:42
243,Александр,2019-10-07 19:34:34,"Такое чувство при посещении, что всё организовано временно!",3,,2024-05-19 10:19:42
244,Вадим К.,2020-02-17 14:15:39,Просто рядом банкомат круглосуточно,5,,2024-05-19 10:19:42
245,Анастасия,2021-01-15 11:52:57,Самый ужасный банк!!!!,1,,2024-05-19 10:19:42
246,Stan Novic,2020-05-20 14:05:20,Низкий уровень обслуги и операций!,1,,2024-05-19 10:19:42
247,Наталья П.,2019-08-07 07:40:59,"Обычное отделение Альфы, пользуюсь иногда банкоматом.",4,,2024-05-19 10:19:42
248,эдик,2020-03-09 16:18:29,Вежливый персонал и всё.,5,,2024-05-19 10:19:42
249,Наталья Журавлёва,2019-08-02 12:31:26,Давно являюсь клиентом данного банка. Мне все нравиться.,5,,2024-05-19 10:19:42
250,Андрей,2019-10-06 13:31:50,"Отделение банка, удобное расположение",5,,2024-05-19 10:19:42
251,Светлана,2019-09-22 19:16:19,"Нет очередей, но парковаться приходится далеко",5,,2024-05-19 10:19:42
252,Иван Владимирович Староконенко,2020-07-31 11:52:46,Хорошее отделение.,5,,2024-05-19 10:19:42
253,Шайдуллов Д.,2019-07-29 16:06:46,"Обычное отделение банка, ничего примечательного.",4,,2024-05-19 10:19:42
254,Виталий М.,2019-11-14 20:18:36,"Быстрая работа, не чего лишнего",5,,2024-05-19 10:19:42
255,Влада Крутикова,2019-12-22 09:46:04,Банкомат всегда работает,5,,2024-05-19 10:19:42
256,Сергей К.,2020-06-29 13:46:59,Лучший банк!,5,,2024-05-19 10:19:42
257,Лубрикойл Шахты,2019-11-03 18:21:52,Нормативные сотрудники,5,,2024-05-19 10:19:42
258,Анатолий,2020-04-16 13:42:57,Банк-пьянка.,3,,2024-05-19 10:19:42
259,Sergey Pryadkin,2019-10-12 14:55:15,Хорошее обслуживание,5,,2024-05-19 10:19:42
260,Михаил Медведев,2020-01-31 13:28:21,Очень хорошо)),5,,2024-05-19 10:19:42
261,Дмитрий Serov,2019-03-23 07:45:54,Бешенные комиссии и проценты,1,,2024-05-19 10:19:42
262,Георгий Циркунов,2019-08-04 09:29:45,Все очень быстро,5,,2024-05-19 10:19:42
263,Игорь,2019-08-11 11:11:16,Самое лучшее отделение банка,5,,2024-05-19 10:19:42
264,taraba.nova,2020-01-15 08:55:59,Офис недорабатывает,3,,2024-05-19 10:19:42
265,Mariana,2019-11-23 12:22:43,Быстро работают,5,,2024-05-19 10:19:42
266,Fire Fly,2019-08-01 05:56:38,Вежливые сотрудники,3,,2024-05-19 10:19:42
267,Токарский Антон,2018-06-08 18:07:37,Медленное обслуживание.,4,,2024-05-19 10:19:42
268,Дмитрий З.,2020-04-06 12:03:44,Хорошо всё.,5,,2024-05-19 10:19:42
269,Юлия Г.,2018-02-19 11:01:20,Отличный банк,5,,2024-05-19 10:19:42
