,name,date,text,stars,answer
0,Анастасия,2023-11-25 16:53:41,"Довольна обслуживанием. Менеджер спокойная, вникает в суть вопроса и быстро находит решение. Видно что с опытом. Рада что к ней обратилась!",5,
1,Фатич,2023-12-12 12:04:53,"Приобретал у них заложенное имущество - квартиру. По телефону все было ок, без проблем. При подписании договора стали выясняться некоторые проблемы, в частности - именно на меня как на покупателя ложатся расходы по погашению задолженности по капремонту. Другие моменты не буду описывать, так как они относятся к правовым вопросам. В связи с чем совет будущим покупателям, перед покупкой такого имущества обсудить все детали сделки и заранее увидеть договор купли-продажи, чтобы у Вас было время на его обдумывание и обсуждение с другими специалистами. После сделки возникали вопросы - но уже никто не отвечал на вопросы и способы их решения. Не понятно - почему не используют дистанционные методы заключения сделки. Будьте внимательны, взвешенно относитесь к рискам и выгодам предлагаемые банком. Рекомендую данный банк как один инструментов инвестирования.",4,
2,Раушания Исламова,2024-03-21 07:47:21,"Удобное местоположение, но неудобная парковка. Плюс - наличие круглосуточных банкоматов",5,
3,Ирина Рябчикова,2023-12-01 06:26:12,Довольна обслуживанием. Помогают разобраться с возникшими проблемами быстро и без проволочек.,5,
4,Руслан Миннибаев,2023-08-02 17:36:27,"Приятный персонал. Быстрое обслуживание. Много банкоматов, очередь минимальная, время ожидания умеренное. Всё отлично!)",5,
5,Виола,2023-09-24 04:14:42,"Долгое ожидание в очереди, обслуживание основано не на потребности клиента,а на навязывании дополнительных услуг, что очень занимает много времени. Хожу по необходимости, а так банк все хуже и хуже.",3,
6,Рифкат Л.,2023-06-26 16:51:23,Всё отлично и ни каких проблем. Мне пришлось легче. Все сотрудники молодцы вежливые и добрые. Хорошо объяснить и выручает.,5,
7,shigapovyunys,2023-12-13 00:44:36,"Все хорошо, ждать пришлось не долго, вопрос решили быстро, вежливый оператор, спасибо",5,
8,Евгений Бодрягин,2023-05-26 14:03:28,"Обслуживание в банке блеск, все подскажут, предложат. Персонал подобран на пять, не придираться. При этом душевно по домашнему.",5,
9,Анонимный отзыв,2023-07-25 17:58:03,"Хороший приветливый персонал банка, есть место парковки. Удобное место расположение в городе.",5,
10,Алайя,2022-07-09 17:50:30,"Оформляю ипотеку для клиентов. Быстро, удобно, есть парковка, никогда нет очередей. Единственно, уж очень коммерчески подкованные специалисты работают, можно ""случайно"" купить совершенно ненужную услугу",5,
11,Фагима Низамиева,2024-03-24 13:06:52,21 марта забрала карту. Очень быстро обслужили. Всё объяснили.,5,
12,Ильдар Исмагилов,2024-02-25 17:25:29,Менеджеры Сбер премьера и сбер первого большие умницы,5,
13,руслан нафиков,2024-03-11 18:30:47,"Обслуживание супер, спасибо Сберу за сотрудников.",5,
14,Илюза Губайдуллина,2023-04-23 17:23:38,"большое количество банкоматов, долго ждать не приходится, бывает,что и ждать не надо. хорошее отношение сотрудников к посетителям, что очень радует.",5,
15,Елена М.,2023-02-10 06:51:23,"Оформили кредитную карту без моего согласия! Не предлагали ее оформить, а сразу сказали в утвердительной форме: «сейчас вам кредитную карту оформим», на что я сказала: «нет, спасибо». Но сотрудник все равно оформила, без ведома.",1,
16,Людмила Тютюгина,2024-03-17 13:14:58,Спасибо кассиру которая мне помогла в моей проблеме !!!,5,
17,Саша Прокопьева,2022-12-15 14:34:51,"карта пришла в здание, но в другой филиал, как объяснили сотрудники на повышенных тонах. никто не уведомил о том, что карту получить не смогу. просто потратила деньги, нервы и время! так же никто не ответил когда конкретно я смогу забрать карту.",1,
18,Ильдус Юнусов,2024-03-28 15:41:42,50/50 не скажу плохого но и хорошего добавить нечего,3,
19,Дания Шакирова,2023-08-20 16:14:13,"Очень доброжелательное отношение к клиентам, всё объясняют ,отвечают тактично на все вопросы.",5,
20,155grafa,2021-10-06 14:44:21,"Вежливые в большинстве своём сотрудники, замечаний по банковским продуктам тоже немного, за исключением нововведения с установкой комиссии за размен... Да и был негативный опыт работы с недобросовестным кредитным специалистом в 2013 г., которая работая в мошенническом стиле, упуская и не проговаривая важные моменты, обманом практически склонила к взятию кредита на не выгодных условиях. Не думал просто, что в самом Сбербанке может такое практиковаться, а когда спохватился было уже поздно. Благо, что получилось взять кредит в другом банке и перекрыть неудачный кредит. С тех пор в Сбер больше за кредитом не обращался, да и документы изучаю самостоятельно, а не доверяю просто специалистам, чего и Вам советую.",3,
21,венера губанова,2024-04-13 16:35:23,Сотрудники банка стараются решить проблему,5,
22,ГУЛЬСИНА БАРИ,2023-01-04 17:20:52,Обслуживание культурное. Очередность по талону. Очереди как таковой нет. Время ожидание не значительное зависит от скорости работы операторов.,5,
23,Алина Вафина,2022-01-28 17:02:16,"Пришла к ним за зарплатной картой (направили с работы), выдав карту, девушка-консультант 30 минут не отпускала меня, утверждая, что обязана вместе с моей картой выдать еще вдобавок и кредитную. Якобы она должна провести кредитную карту через реестр. Получив мой ответ, что кредитная карта мне не нужна и я не соглашаюсь на её использование, пообещала, что откроет и сразу при мне закроет её. Отправляла на мой телефон уведомления для открытия данной карты, смс не приходили, после того, как я вспотела и откровенно говоря замучилась заниматься абсолютно ненужной мне ерундой и моего возмущения, с недовольным лицом согласилась не оформлять её мне. В следующий раз не дам издеваться над собой, сразу обращусь к главному.",1,
24,Не скажу Екатерина,2022-11-26 18:45:12,Быстрое обслуживание хороший персонал вежливые отношения клиентам всегда в рабочем состоянии банкоматы,5,
25,Любопытная,2022-10-08 04:59:25,"Удивительное место😆
Пошла просто перевыпустить карту! В итоге : 
1 новая карта
2 новый блендер (как раз сгорел старый) 
3 новая сим карта для ребёнка (первоклашке надо было купить, всё некогда было идти) 
4 Новая подписка за 390р (теперь смотрю ОККО, симка абонентская входит, и бонусы спасибо начисляют много, и переводы бесплатно) 

В общем я не ожидала 😜 оказалось очень полезно. И главное, всё что было мне нужно, оказалось в неожиданном месте",5,
26,Kelly Milk,2023-05-10 18:21:52,Серёга в Сбере четкий пацан обслужил качественно,5,
27,Ольга Бабич,2023-01-08 07:12:46,"Отношение к клиентам и обслуживание на должном уровне, время ожидания в пределах нормы. 5-6 банкоматов.",5,
28,Лилия Мустафина,2023-01-23 20:15:59,"Вежливые сотрудники, решили вопрос быстро и качественно👌👍",5,
29,Denis Arhipov,2022-12-13 01:05:20,Девушка по имени Влада очень грамотно всё объяснила и пояснила .11 из 10.,5,
30,Эльвира Кузнецова,2021-09-06 06:14:28,"Банк рядом с работой находится. Иногда заглядываю,чтобы снять деньги или заплатит квартплату. Вежливый персонал. Всегда помогут с вопросами банкомата. Молодцы!!!",5,
31,Альбина Каюмова,2021-12-30 13:16:42,"Обращалась в данное отделение по поводу открытия счета,специалист грамотно всё объяснила,а так же в короткие сроки были решены проблемы с настройкой приложения Сбербанка.",5,
32,Оксана Антипова,2023-08-02 13:24:46,"Хороший банк, вежливые консультанты",5,
33,Бектур Улукшаев,2023-02-26 17:45:45,"Нормальные сотрудники на все вопросы ответили , решили мою проблему",5,
34,Артур Миннуллин,2021-11-15 08:59:18,"В общем заказал я карту, мастер кард голд, пришло уведомление забрать карту, приехал , а они говорят что данные не верны, все напутали, ещё хамили, проблему решили только через 3 дня. Не рекомендую",1,
35,Фарит Галиев,2022-11-26 17:58:31,Отзывчивые и доброжелательные сотрудники!!!,5,
36,EFA,2022-12-02 19:35:28,"Удобное расположение
Адекватные сотрудники",5,
37,Айгуль Габдувалиева,2023-04-09 04:33:46,"Хорошее обслуживание,банкомат не зависает",5,
38,Инкогнито 8788,2024-02-15 19:32:49,Супер,5,
39,Елена Мариненко,2021-10-20 13:09:50,Все на отлично! Как ни обращусь - не зря потраченное время! Быстро качественно и с улыбкой 👍🏻,5,
40,Павел Муравьев,2022-06-05 17:52:51,Обслуживание и персонал на уровне. Центр города. Без замечаний,5,
41,Венера,2023-10-05 17:52:17,Работа с ИП и ООО 👌🏻,5,
42,Юлия Ефимова,2021-12-09 11:48:30,"Быстрое обслуживание, грамотные и вежливые консультанты.",5,
43,Валерий Нугманов,2023-02-28 05:11:27,Кристина супер менеджер,5,
44,наталья гвоздикова,2021-07-21 14:06:37,"Вежливые работники банка, готовы всегда помочь. Очередей нет. Быстрое обслуживание.",5,
45,evgeni-afana5jev,2021-12-05 10:36:18,"Вежливый персонал, всё всегда подскажут",5,
46,Раиля Бадикова,2023-02-18 16:49:04,Все прекрасно,5,
47,Нафиса Е.,2022-12-06 18:43:28,"Обслуживание,персонал,.",5,
48,"TD ""KOMFORT""",2022-02-23 15:44:24,"отношение к клиентам отвратительное, по телефону если дозвонишься,что бывает очень проблематично, говорят одно, а при встрече совсем другое.",1,
49,Ильфак Хабиров,2021-12-11 10:01:28,Удобная парковка. Вежливый персонал.,5,
50,Неля Зарипова,2019-11-04 05:29:18,"Удобная парковка и въезд-выезд,приветливый и отзывчивый персонал,банкоматов много-ждать практически не приходится.",5,
51,Владимир Г.,2019-07-28 05:06:57,"Быстрое обслуживание, качественное и компетентные обслуживание. Приятная атмосфера и приветливый персонал.",5,
52,Айдар Назмиев,2021-09-13 17:14:00,"для юр лиц, можно открыть расчетный счет без абонентской платы старт",5,
53,Ильмир Султанов,2019-09-25 19:20:07,"Просто отняли время, могли сразу глянуть по программе есть возможность оперативного открытия расчетного счета либо нет...
Надо весь пакет документов, бланков заполнить, и т.д., а потом сказать ой не смогла я... программа плохая не даёт добро...",2,
54,Ильшат Зарипов,2021-10-17 06:10:16,"Отделение банка и сотрудники нормальные , но сам банк ужасен",1,
55,Идрис Аминов,2021-08-17 14:57:33,"Норм, Сбербанк скоро останется единственный банк в России",4,
56,Ринар Миндубаев,2022-11-03 17:29:02,Сбер как сбер,5,
57,Виктор Н.,2020-10-30 21:13:05,"Хорошее обслуживание, быстро, понятно, доходчиво!",5,
58,Андрей Виноградов,2021-05-03 18:51:38,можно прийти. обслуживание по электронной очереди. порядок,5,
59,владимир чернов,2020-05-28 15:11:53,"Недавно был у них в гостях, очень общительные девушки, всё объясняют, всё понятно.",5,
60,Ильдус Гайнутдинов,2019-09-19 05:25:57,Всё отлично. Как- никак Центральный офис Сбербанка России. Много банкоматов уже при входе. Время в очереди не теряешь.... 😊,5,
61,Ильдар Шарипов,2021-06-10 07:48:53,Часто снимаю деньги в этом филиале. Зона 24 с банкоматами и терминалами работает круглосуточно.,5,
62,Ольга Ежукова,2021-10-27 08:54:00,Хорошее обслуживание. Полный спектр услуг,5,
63,Ильнар Р.,2021-05-13 05:07:37,"Все хорошо, по стандартам сбера.",5,
64,Марат Мунирович,2019-11-28 07:14:00,"Грамотно подобран персонал, профессиональный подход к делу!",5,
65,Айгуль М.,2019-11-09 11:01:25,"Всегда много касс работают, хороший персонал, быстро работают!",5,
66,Aliya A.,2018-12-22 21:24:49,"Заказала карту, сказали будет готово через 2 недели. Через 2 недели пришла, сказали прийти позже, т.к.не готово ещё. Пришла потом через месяц (чтоб уж наверняка) была готова, но карту мою нашли не с первого раза",1,
67,Ниль Валиев,2021-12-06 15:43:06,Операторам пять звёздочек,5,
68,Елена Фролова,2020-06-11 06:07:11,"Вежливый персонал, быстрое обслуживание.",5,
69,Светлана,2020-06-24 20:26:22,"Главный офис, можно решить многие вопросы, работают по выходным",5,
70,Роман П.,2022-07-14 16:57:37,Нормально,3,
71,Анатолий Б,2020-06-20 15:16:53,"Нет доступа для инвалидов,ступеньки как подниматься? Центральный Банк.",1,
72,Константин Казаев,2019-11-23 08:28:09,Ужасное место. Очень медленно обслуживают. Хамят. Стараются отправить в другие филиалы. Разогнать всех.,1,
73,Ильдар Ф.,2020-03-16 21:44:54,"Некоторые банкоматы не читают NFC карты и смартфона, а так в целом мне нравится!",5,
74,korobok-gulia,2018-08-24 13:27:16,"категорически не понравилось, талоны в очередь, тасуют по своему усмотрению, были дико возмущены и на ответ, занять очередь по новому, хлопнули дверью, будем писать дальше, свинство за наши же деньги",1,
75,Наиль А.,2021-04-27 11:53:29,Минус - неудобная парковка,5,
76,Алексей,2021-12-08 15:47:32,Отличный банк,5,
77,Рамиль Раитович,2020-03-08 10:41:19,Вроде всё новое оборудование и по талонам а очереди всегда в дежурстве. )),4,
78,Елена М.,2019-10-05 06:58:43,"Быстрое обслуживание, высокий профессионализм сотрудников,",5,
79,Denis A.,2020-08-11 14:23:23,"Вежливые, все покажут, расскажут",5,
80,Александр Ч.,2019-09-16 08:12:01,"Обслуживание на высоком уровне, персонал компетентный",5,
81,Евгений Трифонов,2019-12-06 13:34:58,"Грамотные специалисты, к банкоматам всегда очереди",5,
82,Радик Ф.,2020-01-07 13:55:27,"Все отлично,отзывчивые сотрудники",5,
83,Зульфира Шакирова,2019-07-26 19:51:02,Да хорошо. Тебя встречают обслуживают. Быстро очень.,5,
84,Оля Мугинова,2020-04-16 16:05:52,"Пусть переводятся с 810 кода, на 643. А так мошеники.",1,
85,Arhipov Denis,2020-05-11 19:33:33,"Хороший банк,нормальный персонал.",4,
86,Rustam Gazizov,2019-12-05 18:45:16,Понравилось отношение к корпоративным клиентам.,5,
87,НИКОЛАЙ Р.,2019-08-23 07:50:26,Удобные терминалы хорошее обслуживание.,5,
88,артём морозов,2019-12-11 11:29:52,Неплохой вариант для оформления кредитного договора,4,
89,Ростислав Герасимов,2020-04-15 06:19:31,Высокое качество обслуживания,5,
90,Ильнур.2019,2019-12-03 17:29:38,Нет защиты данных и счётов клиентов так как информация доступна третьим лицам то есть судебным приставам,1,
91,Kaya Contract,2019-07-27 04:43:22,Ужасно банк. Сотрудник не уважает клиенту. Именно юридических лиц,1,
92,Amarock,2019-09-07 09:21:03,"Основан в 1860, а как что - так в 1998 была реформа.",5,
93,Вячеслав Донченко,2020-07-17 08:16:04,Самый хороший банк,5,
94,Владислав Шайдуллин,2021-04-03 08:47:16,Удобно.,5,
95,Александр,2019-12-10 21:02:37,"Все хорошо, но планировка офиса не очень",4,
96,Динара Шевченко,2020-04-30 12:30:18,Вежливый персонал,5,
97,александр ц.,2020-03-05 17:43:48,Сбербанк как сбербанк,4,
98,Заколюкина Татьяна,2018-06-06 16:03:32,"Обслуживание оперативное, сотрудники приятные",4,
99,Maluta,2019-08-25 14:45:57,Айгуль специалист на высоте,5,
100,Шайхутдинов Айдар,2018-05-25 13:40:58,Все по талонам как в обычных сбербанках. Обслуживание хорошее,5,
101,Рамиль Хасаншин,2020-03-09 06:48:55,Маленькая парковка,3,
102,Рафис Усманов,2019-06-24 00:59:44,"Очень плохо, обманули на 5 тысяча рублей",1,
103,Евгений Шамин,2019-12-28 10:43:58,Быстрое обслуживание,5,
104,Nikita Chukashov,2020-02-09 14:07:07,Отсутствие очереди,5,
105,Мистер,2019-11-23 17:58:42,Специалисты супер,5,
106,ильнар валиев,2019-10-16 16:37:01,Очередь долго идет,1,
107,Ильгиз С.,2019-11-21 07:20:52,Отличный банк.,5,
108,Воаа Невский,2020-01-02 10:21:39,Все хорошо,5,
109,Евгения,2020-02-16 13:24:19,Отличный банк!,5,
110,сагдиев ринат,2018-03-06 20:18:04,Нет тайны вкладов,2,
