,name,date,text,stars,answer
0,Дмитрий Пронин,2023-12-04 12:35:53,"Очень мало в городе отделений Сбербанка, живу в районе Главпочтамт, ни одного банка нет в шаговой доступности, приходится ходить либо до кольца панорама, либо до Макдональдса, либо на Гафиатуллина. Ужасное расположение по городу, явно, далеко не на первом месте, как он себя приподносит в рекламах.",2,
1,mavleeva,2023-09-27 10:38:01,"Отвратительный сервис , операторы сидят с таким лицом, будто клиенты им что-то должны и вообще пришли к ним домой за картой 
Отправка сберлогистики это вообще отдельная ветвь эволюции! Посылка 10 дней просто лежала в отделении после оформления отправки.
Если бы можно было поставить -10 , то поставила бы эту оценку",1,
2,Дарья Михеева,2023-07-05 13:36:44,"Все доброжелательные, обслуживают быстро. Время ожидания стало быстрым.
Специалистов почти нет,отправляют в центральный сбербанк!",4,
3,Виктор Батурин,2023-05-30 14:09:00,"Быстрое и качественное обслуживание, отзывчивые Компетентные сотрудники.",5,
4,Александр Помогаев,2023-07-20 13:40:37,Все просто супер . Быстро качественно обслуживаемый сбербанк.,5,
5,Айдар Газизов,2023-09-25 11:23:11,"Очень удобно : 4 банкомата, вежливые сотрудники.",5,
6,Инкогнито 0065 Марина,2024-01-24 18:34:56,Это наш банк!Ну очень хороший персонал!,5,
7,Зульфия Шувалова,2021-08-13 04:19:52,Отсутствие очереди. Светло . Хорошие сотрудники. Удобно расположено. Устраивает режим работы. Банкоматы. Парковка перед зданием обновилась. Рядом магазины.Желаю процветания.,5,
8,Дания Шакирова,2022-11-07 06:15:51,"Очень добродушный персонал ,хорошее обслуживание,ответили на все интересующие вопросы.",5,
9,Продавец-консультант3 Альметьевск-1,2023-11-28 13:33:09,Банкоматы часто не работают,3,
10,Эльвира Трофимова,2022-09-07 20:48:51,"Бываю не часто, но бываю. Нормально, обслуживание хорошее, вежливый персонал",5,
11,Ильдар Шарипов,2023-05-30 13:10:20,"Сотрудники вск вежливые. В Зоне 24 есть банкоматы, через которые можно по карте перевести деньги, снять, оплатить квартплату и.т.д. через штрих код.",5,
12,Юля К,2023-04-26 18:40:08,Не понравилось отношение персонала,4,
13,Александр украинский,2022-08-08 18:07:48,Обслуживание отличное всегда выручает,5,
14,Людмила Раскопа,2023-04-30 20:31:06,"Отлично, возле дома",5,
15,Николай Калугин,2022-07-18 12:44:44,Вообще пйоследнее время перестал нравится.пытаются навезать не нужные вещи.,2,
16,gulnaz agliullina,2021-06-09 17:32:12,"Один из любимых отделениев банка Сбер, вежливый грамотный в своей сфере персонал!",5,
17,евгения хаярова,2023-08-14 15:22:21,Все на уровне,5,
18,Жалал А.,2023-07-22 17:21:26,Всё чётко!!!,5,
19,Полад Касумов,2023-10-20 07:45:33,Хороший вежливый персонал,5,
20,Лиля Терентьева,2022-01-10 10:44:57,"Персонал приветливый, быстрое обслуживание",5,
21,Оксана Кудряшова,2021-06-04 13:42:24,"Персонал вежливый, помогут, подскажут",5,
22,Асаль,2021-04-04 07:22:09,Весёлый и приятный любезный персонал,5,
23,Дарья Кузнецова,2023-01-11 17:09:31,Норм,5,
24,Lutfullo U.,2021-07-15 16:32:12,Меня всё устраивает там.,5,
25,Максим Андреев,2021-07-27 08:22:36,Вежливый консультант,5,
26,Игорь Мухин16,2019-12-16 11:19:14,Очень хороший персонал помогли во всё разобраться,5,
27,Флорида Хайрутдинова,2019-08-25 15:35:28,"Не самое лучшее отделение,то банкоматы глючат,то с крыши вода капает.Очереди ждать всегда приходиться.",3,
28,Элина,2021-02-25 15:40:18,Очень долгое обслуживание!!!,1,
29,Сергей Сергеев,2019-08-31 22:25:31,Граммонтная и профессиональное знание у персонала яС/банка.Мододчы,4,
30,максим горячев,2021-05-02 06:07:42,Что за место класс,5,
31,Альбина Горшенина,2020-01-26 12:10:35,"Грамотные консультанты, выгодные кредиты.",5,
32,MarishaFill,2019-09-07 16:16:34,"Странно конечно, но почему-то не работают в субботу вообще.",3,
33,schewtsovalen,2020-03-13 22:32:31,Нет причин быть недовольным,5,
34,Anton K.,2019-09-13 22:25:28,Отвечает на все необходимые вопросы,5,
