,name,date,text,stars,answer
0,Инкогнито 5783,2024-03-12 13:17:22,"Самый худший из банков, персонал вежливый во всех отделениях, но вот компетентность сотрудников оставляет желать лучшего и это не только в Канске, это и горячая линия и другие отделения банка... Я оформила кредитную карту два года назад, вернула сумму через месяц как положено в полном объеме, а теперь на протяжении двух лет не могу закрыть и даже договор расторгнуть, то арест, то переодически образуется какая-то задолженность от 2-5 тысяч, начисляют годовое обслуживание и т.д., хотя движения по карте никакого нет. Все погашено и я ей просто не пользуюсь. Погасить задолженность в обход приставов это вообще отдельная история, если так случилось ... Ребята не пользуйтесь этим банком, один геморрой, себе дороже, поберегите свои нервы.
Кстати, что касается Канского отделения, в нем работает сотрудник- парень, который реально что то может решить, хотя бы пробует какие-то варианты в сложных вопросах)",1,"Здравствуйте! 
Напишите, пожалуйста, на нашу почту smm@alfabank.ru ваши ФИО, дату рождения и прикрепите скриншот отзыва. 
Хотим разобраться в вашей ситуации и проверить работу сотрудников."
1,Олена Иванько,2024-02-04 07:53:34,"Отделение Альфа-банка в Порт Артуре больше похоже на привокзальное кафе Ждала свою очередь 40 минут , через час вернулась- еще 30 минут и я дождалась. Слышно всё о чем говорят клиенты с сотрудниками банка.. Я не довольна отделением Альфа-банка в Канске. Руководству Банка нужно более ответственно относится к своим должностным обязанностям. Преимуществ перед другими банками Канска не вижу. Не рекомендую к посещению",1,"Здравствуйте! 
Простите за такой опыт. Всегда стараемся помочь клиентам в моменте, но иногда время ожидания может быть увеличено. Это зависит от количества и сложности вопросов клиентов перед вами.
Жаль, что вам не понравился наш новый формат отделения."
2,Валентина Валуева,2024-04-25 04:40:18,"Мне отделение понравилось, неформальная обстановка внутри, менеджер сам к тебе подходит, уточняет твой вопрос, помогает решить. Я пришла забрать свою кредитную карту, была небольшая очередь, постояла немного, хотела уйти, но народ быстро двигался. Карту получила, пользуюсь, очень довольна и отделением и своим банком.",5,
3,Файзулло К.,2024-04-21 06:25:50,"Хорошее отделение, вопросы менеджера решают быстро, не тянут и не ленятся, это радует. Если за весь банк говорить-когда есть вопрос, его можно задать в чате поддержки где операторы работают круглосуточно.",5,
4,АЛЕКСЕЙ ПАВЛЕНКО,2023-09-11 03:25:57,"Отделение Альфа-банка похоже на кафе, столики со стульями. Я ждал своей очереди 40 минут и не дождался. Пришёл перед закрытием. Ожидающих было ещё больше. Когда в обед ждал своей очереди, ко всем ожидающим клиентам подошла старший сотрудник, поинтересовалась вопросами клиентов и ушла на улицу. Пришла с едой и зашла в свой кабинет. Конфиденциальности никакой нет, кафешка. Слышно всё что говорят клиенты с сотрудниками банка. К банкомату претензий нет, работает отлично. Ещё позиционируется как круглосуточный, но это нужно проверять. В общем я не доволен этим отделением Альфа-банка в Канске. Руководству Банка рекомендую взбодрить всё отделение. 

Дополнение через две недели. Приехал к открытию. Сотрудник банка (мужчина) быстро решил мой вопрос за 20 минут.",1,
5,Алиме,2024-04-22 16:07:29,"За кредитом только сюда, нигде больше нет таких крутых условий, для новых клиентов ещё и длинный беспроцентный период. Короче всём рекомендую.",5,
6,Карина Иванова,2023-09-12 14:35:26,"Замечательный офис, отзывчивые сотрудники. пришла за кредитом, оформили быстро и выгодно. Сотрудница все рассказала про кэш бек. Очень хорошо, что у нас появился этот банк",5,
7,Елена Пенизева,2023-12-21 02:17:23,Очень медленное обслуживание. Приготовьтесь к ожиданию в очереди от 30 минут. Работает только два сотрудника. В обеденное время - один,2,
8,Мария Козлова,2023-10-20 12:08:58,"Не могут решить элементарный вопрос как перевести со счёта на счёт!! Не могут привязать действующую карту к социальному счёту МИР. Для чего там сидят сотрудники, если они ничего не знают и не могут? Для чего им компьютеры? Ужас!!!",1,
9,Митя,2024-03-26 16:37:05,"Обслужили быстро,всё объяснили по по полочкам разложили",5,
10,Андрей Дм. Sozan TV sozan_tv,2023-06-09 13:33:22,"Долго ждал))) цыгане пытались взять кредит )))) но им отказали))) интересно почему? Прождал 40 мин, видимо был не мой день))). А так милые, приветливые сотрудники.",4,
11,Ник Эм,2023-11-05 10:51:25,"Были проездом, заехал. Всё очень четко и по сути. Везде бы так. И плюс, что никого не было.",5,
12,Ольга Смирнова,2023-06-06 14:22:20,"Отличные специалисты, вдумчивые, серьезные. Уютный офис. Рекомендую.",5,
13,Денис Гультяев,2023-12-28 07:40:06,"Кто не ценит свое время, вам сюда",1,
14,Сергей А.,2023-07-01 22:49:00,"Стол есть, стулья есть, двери, окно, обои есть. очередь не большая. Туалета нет. Оператор один. Буфета нет. Ничего нет. Тупые клиенты есть.",5,
15,андрей созанский,2023-07-23 00:29:40,"Маловато сотрудников. Прождал в очереди 40 мин, это не годится!",4,
16,Julia,2023-06-19 16:54:29,"""вам предварительно одобрен миллион"" заявка не дают 5 тыщ",3,
17,Кристина,2023-07-23 14:37:43,"Все отлично, работники банка добрые вежливые, все отлично объяснят!",5,
18,986654 саку,2023-06-07 16:10:39,Отличный новый портик всё есть .,5,
