,name,date,text,stars,answer
0,Марина Белова,2024-04-24 15:01:33,"Хорошее отделение, ни разу не сталкивалась в нем с очередями, видимо из-за того, что за углом есть еще одно) Добавьте возможность приходить с животными, мне как местной было бы очень удобно. По другим параметрам меня все устраивает. Сотрудники работают толковые, умеют и общаться и делать свою работу. За все мои посещения ошибок со стороны банка не было",5,
1,Александр Кобыляцкий,2024-02-18 16:12:41,"Отличное качество обслуживания клиентов в банке Альфа. Сотрудники всегда проявлят вниманиевнимание и заботу, а также оперативно решают все возникающие вопросы.",5,
2,Михаил Свободин,2024-03-29 11:59:07,"Красивый офис, приятно находиться. Пришел по вопросу рефинансирования. Быстро получил всю информацию. Задал ряд вопросов. Понял что эта услуга не является чем то сверхсложным. Спасибо Карине, она спец высшего уровня",5,
3,Данил Фокин,2024-03-13 11:21:12,"Обслуживание не долгое, хоть и пришлось подождать, пока сотрудник подойдет. Но тут и кофе предложили. и ремонт красивый вокруг, и кресло удобное. Почему бы и не подождать? Оформили мне кредитку за 20 минут и одобрение получил быстро)",5,
4,Элина Петрова,2024-03-18 18:20:53,В прошлом году получала кредит в этом офисе. Тот визит мне запомнился легкостью общения. Сотрудник на простом и понятном языке проговорил мне все условия. Составил план выплат на весь срок. На сегодняшний день остался один платеж и кредит будет закрыт. Мне было комфортно выплачивать.,5,
5,Даша Мельникова,2024-04-12 13:16:40,"При получении карты мне рассказали про платежный стикер. Он по сути та же карта но удобнее. Он не потеряется, так как наклеен на телефон. Таким образом забыть его в терминале, как карту, невозможно. Работает оперативно, не висит и не глючит. Менеджеру в банке отдельное спасибо за рекомендацию",5,
6,Оксана Наговицина,2023-11-21 17:27:43,"Зал оформлен уютно, чисто, и сотрудники дружелюбны. Очереди на выдачу кредитов бывают, но не большие. Сотрудники всегда оперативно отвечают на вопросы. Приятно иметь дело с таким банком, где все четко и конкретно.",5,
7,Арсений Викторов,2024-04-12 17:20:24,"В этом отделении банка всё происходит намного быстрее и цивилизованнее,чем в других.Сотрудники здесь очень грамотные и внимательные.Большое спасибо за это!",5,
8,Елена Беляева,2024-03-14 10:37:21,"Альфа банк радует обновлениями. Я например не знала, что тут есть услуга ""зарплата каждый день"". Для получения денег можно расписаться электронной подписью, в отделение ходить не надо.",5,
9,Ольга Жмурко,2023-12-11 16:57:16,"Это отделение - самое лучшее в городе, сотрудники компетентные и вежливые, обслуживание быстрое и четкое.",5,
10,Валерия Ц.,2024-01-25 19:03:15,"Открыла депозит в отделении этого банка. Проценты начисляются строго день в день, и за весь период не было ни единой задержки, что придает мне чувство надежности и финансовой стабильности.",5,
11,Владимир К.,2024-03-22 15:21:16,Обслуживание здесь быстрое и оперативное. Отделение удобно расположено рядом с остановкой. Персонал очень дружелюбен и отзывчив. Я остался доволен всем на 100%.,5,
12,Леша Егоров,2023-06-30 13:58:51,"Отличный офис. все продумали тут от современного дизайна до отличного персонала. который реально помогает разобрать любой вопрос. Ну и банкоматов несколько, так что очереди тут-явление редкое",5,
13,Линара Абдрахманова,2024-04-30 14:16:22,"Альфа - достойный банк. Много отделений по городу, и все банкоматы работают круглосуточно. Удобно брать и переводить деньги. У меня есть несколько карт Альфы, в том числе дебетовая карта с повышенным кэшбэком.",5,
14,Алевтина Т.,2023-09-30 15:23:23,"Офис банка удобно расположен, всё находится в шаговой доступности. Офис чистый и аккуратный, а рядом находятся два банкомата, что очень удобно, особенно когда требуются наличные средства рядом с магазином.",5,
15,Эльвина М.,2023-09-14 18:07:02,"Банк очень удобно расположен, в пешей доступности от дома и инфраструктуры. Работа сотрудников меня более чем устраивает.",5,
16,Юрий Астахов,2024-01-30 12:22:12,"Среди всех банков, Альфа мой фаворит. Продукты мне тут нравятся гораздо лучше чем в других банках",5,
17,Анастасия,2023-07-06 12:20:22,"Помогли тут с кешбеками разобраться. сотрудница подробно расписала мне и рассказала о возможностях веб версии, где можно отслеживать кешбеки и как ими пользоваться. Особенно порадовали предложения от партнеров банка",5,
18,Дарья,2023-04-10 01:56:28,"Это мое любимое отделение Альфа банка! Сотрудники всегда очень дружелюбны и профессиональны. Они помогли мне с любыми вопросами и проблемами, с которыми я сталкивалась, и всегда сделали это с улыбкой. Я всегда буду рекомендовать это отделение.",5,"Дарья, здравствуйте!
Большое спасибо за такой приятный отзыв и рекомендацию. Очень рады, что вам всё нравится."
19,Алина З.,2023-09-16 11:57:56,"Недавно я открыла вклад в этом банке, и я впечатлена высокими процентами. Процентные ставки действительно порадовали, они гораздо выше, чем в других банках. Здесь я могу быть уверенной в сохранности своих средств.",5,
20,Олег Власов,2023-07-13 07:53:26,"Сотрудница помогала разобрать условия по максимальному вкладу. каждый пункт со мной обсудила. так же рассчитала выгоду при мне. очень приятные условия и добродушный персонал, спасибо!",5,
21,Руслан Карпов,2023-06-23 10:39:00,Обращение в этот офис выручает. Никаких тебе длительных очередей или непонятных условий. Сотрудницы всегда хорошо разбирались в любых нюансах вместе со мной. Приятно приходить и получать ответы на интересующие вопросы),5,
22,Леха Мельников,2023-06-06 17:18:31,"Отзывчивости персонала можно только позавидовать, как не приду-всегда улыбчивые, даже если к закрытию ближе. Помогли мне разрешить вопросы с платежами по кредиту именно тут и всего за пару минут!",5,
23,Анна П.,2023-07-15 08:43:12,"Часто сюда забегаю по каким-то своим рядовым вопросам. Сотрудники очень приятные, в ходе разговора могут даже как-то пошутить. Круто когда у банка нет скриптов и ты общаешься с настоящим человеком)",5,
24,Матвей А.,2023-08-27 13:59:57,"Осуществил рефинансирование ипотеки благодаря стараниям менеджеров банка, которые искренне стремятся помочь, а не просто проработать часы. Все формальности были улажены оперативно, а условия оставили хорошее впечатление, что привело к значительной экономии.",5,
25,Алсушка,2024-04-07 12:23:34,"Обязательно порекомендую этот банк всем, кто ценит качество обслуживания! Проблема с кэшбэком была решена моментально после обращения в офис, и это произошло очень быстро и без проблем для меня.",5,
26,Анна Куликова,2023-06-02 19:06:22,"Пользуемся Альфа-банком почти 4 года всей семьей, вообще никаких проблем и претензий нет. Отделение просто супер. Тут и кредит нам одобрили быстро, и по условиям ипотечного кредитования сориентировали сотрудники за минут 10!",5,
27,Коля Григорьев,2023-06-27 21:03:46,"Мне персонал понравился, грамотный, приятный в общении. Девушка-менедежр помогала с оформлением кредита наличными, все подробно объяснила, так что ни вопроса не осталось без ответа",5,
28,Анастасия Родионова,2023-01-21 17:15:50,"Очень приветливый и отзывчивый персонал! Всегда помогут, подскажут, не оставят в беде. Это касается и кассиров, и менеджеров. В последнее время у них стало лучше с обслуживанием, чем в других отделениях.",5,
29,Антон Абрамов,2023-06-15 16:13:23,"Очень быстро обслуживают в этом отделении, нужно было досрочно погасить кредит. Сотрудница помогла разобраться с этапами, которые мне предстояли, рассчитала, сколько нужно будет выплатить и в какую дату. После все пошло как по маслу. Отличный профи своего дела)",5,
30,Анастасия Устинова,2022-05-26 18:02:58,"Одно из лучших отделений Альфа-банка, удобно расположено, прям рядом с метро. Очень вежливый и компетентный персонал, знает о продуктах банка, всегда отвечает на возникающие вопросы. Обращалась с открытием накопительного счёта, предложили самый выгодный вариант и рассказали как действовать в дальнейшем.",5,
31,Вера Карманова,2023-12-18 08:51:08,"Это лучшее отделение, где я бывала. Профессиональные и дружелюбные сотрудники, обслуживание на высшем уровне, рекомендую всем",5,
32,Султанова Г.,2023-05-16 16:25:45,"Уровень обслужиыания великолепеый. Сотрудники обладают высокой квалификацией и знают как помочь коиенту. Обратившись в банк по горячей линии, я получила быстрые ответы на свои вопросы и грамотные консультауии, ни чуть не уступающик офлайн банку.",5,
33,Виталий Гурвич,2023-09-11 15:59:54,"Отделение банка заслуживает похвалы. Сотрудники работают быстро и вежливо, обслуживание на самом высоком уровне.
Мне удобно получать зарплату через кассу, и всегда можно получить полную информацию о банковских продуктах.",5,
34,Андрей Стерликов,2023-11-30 15:30:31,Детская карта в банке - отличная и удобная возможность ддя отслеживания трат.,5,
35,Елизавета Ф.,2023-09-01 21:43:53,"Я не ожидала, что банк может быть настолько отзывчивым! Когда у меня возникли проблемы с оплатой кредита, сотрудники Альфа-Банка помогли мне найти выход из сложной ситуации.",5,
36,Аня С.,2024-03-18 18:08:28,"Сотрудники очень вежливы и гостеприимны. Удобное расположение, быстрое обслуживание. Есть возможность оплатить налоги и штрафы ГИБДД.",5,
37,Rommoral,2023-06-13 17:47:12,"Сотрудница отделения рассказала, что есть возможность сделать код в приложении, чтоб обезопасить себя от мошенников и проверить, звонит ли тебе реально сотрудник банка. Очень полезная консультация получилась, хорошо, что клиентов оповещают о подобных возможностях!",5,
38,Анна Сельскова,2023-12-08 19:03:03,"Программа страхования ""Альфа Дом"" впечатлила по стоимости и удобству отслеживания в приложении, идеально подходя для страхования квартиры.",5,
39,Андрей В.,2023-11-15 19:51:50,"Неделю назад открывал новый счёт в этом отделении. Все прошло замечательно. Работники банка провели все необходимые процедуры, ясно объяснили условия и действовали быстро и эффективно.",5,
40,Егор Линкелис,2023-02-02 11:47:15,"Удобное приложение,быстрый онлайн-банк.Все операции,которые делает банк,выполеяются мгновенно.Не нужно идти в банк и стоять в очереди.Можно дистанционно провести платежи,оплатить услуги ЖКХ или сотовую связь.Быстро и удобно.",5,
41,Лолита,2024-02-02 07:44:35,"Здесь все отлично, если нужен кредит. Приятная атмосфера, вежливые сотрудники, быстрые решения.",5,
42,Светлана,2023-06-10 15:09:52,"Посетила банк, чтобы исправить проблему с моей кредитной картой, связанную с просрочкой. Сотрудница по имени Алина сделала всё возможное, чтобы исправить ситуацию. Большое спасибо!",5,
43,ralf.62@mail.ru,2023-12-26 16:45:33,"Сколько раз обращалась, столько раз быстро и эффективно проблемы были решены.",5,
44,Маргарита Кузнецова,2023-09-12 18:33:20,Дебетовая лучше кредитной. По дебетовой нет лимита на вывод средств. Кредитная установила лимит на 50 тысяч. Кто больше снимает те должны платить комиссию,5,
45,Сергей Николаевич,2023-09-28 19:00:33,"Внимательный вежливый персонал, оперативно решили проблему. Отделение небольшое, но и народу обычно немного. Есть два банкомата на выдачу и приём наличных.",5,
46,Анастасия М,2023-07-30 05:21:43,"Приятно удивлена уровнем сервиса в этом банке.Сотрудники были чрезвычайно вежливы и эффективны,что позволило получить все необходимые услуги быстро и без каких-либо проблем.Впечатление о банке оказалось очень положительным .",5,
47,Ксения,2023-08-22 13:24:27,"обслуживание в отделении альфа-банка безупречное! внимательные сотрудники оперативно решают мои финансовые запросы. рекомендую всем, кто ищет качественное обслуживание.",5,
48,Ольга Савина,2023-08-15 16:00:24,"Хорошее обслуживание, удобное расположение около метро и наземного транспорта.",5,
49,Александр Волков,2023-02-09 02:14:25,"Это как раз то место, где можно получить всю информацию в полном объеме по продуктам банка, и вам никто не будет пытаться продать что то. Я клиент данного банка уже более 3 лет и за всё время работы не было ни одной проблемы, которая бы не решилась в момент.",5,
50,___NVA___,2022-07-14 17:51:36,"Вы когда-нибудь пробовали дозвониться до оператора банка? Нет? Попробуйте, забавный квест.
P.S. Единственный способ прорваться сквозь бесполезного бота это сказать что хотите оставить жалобу, только после этого вас переведут на живого оператора. Но не радуйтесь раньше времени. Сотрудники на том конце совершенно некомпетентны и с очень низкой долей вероятности вам помогут.
Зато спамить звонками по 5 раз в день с разных номеров они могут, молодцы👍
Банку процветания, наша встеча была случайной и не по моей воле.",1,
51,Иван Егоркин,2024-04-28 15:53:06,"Это лучшее отделение в городе, сотрудники компетентные и вежливые, обслуживание быстрое и чёткое.",5,
52,Варвара Главатских,2023-08-27 17:44:57,"Как приобрела тут карту и стала пользоваться Альфой, так многое в жизни стало проще, оплачиваю все покупки и нет задержек по платежам.",5,
53,Dmitrij Solovjov,2023-01-11 13:55:07,"Всегда слышал об альфе, но почему то пользовался одним банком и боялся переходить в другие, привычка. Но друг как то рассказал об условиях, один кешбэк чего стоит! Вот оформил себе дебетовую карту, думаю и кредитку оформить на всякий",5,
54,Упырь Сайган,2023-08-28 16:32:31,"Как приобрёл тут карту и стал пользоваться альфой , так многое в жизни стало проще , оплачиваю все покупки и нет задержек по платежам",5,
55,Наталья Гордеева,2024-01-29 13:57:40,Оцениваю высокий уровень работы менеджеров и приятное общение с технической поддержкой . Отсутствие искусственного интеллекта делает общение более приятным.,5,
56,кирилл,2023-09-30 07:48:53,"Хороший персонал, в моменты когда ждешь даже можно пообщаться, немного неудобный банк в плане расстановки",4,
57,Алина Алинка,2024-01-13 07:27:16,"Год без % по кредитной карте и выгодный кэшбэк - это то, что стало возможным благодаря этому банку. Менеджер хорошо объяснил систему бонусов, и теперь у меня нет вопросов.",5,
58,Севиле Хатламаджиева,2024-03-26 13:07:31,"Спасибо техподдержке за терпение и качественное обслуживание. Я осталась довольна услугами, которые получила в этом офисе.",5,
59,Анастасия Р.,2024-04-23 13:01:58,"Отличное отделение, где всегда помогут решить даже сложные вопросы быстро. Я очень довольна их работой.",5,
60,Наталья Глазкова,2024-02-22 18:46:46,"Получаю развернутые ответы на свои вопросы в банковском отделении. Сотрудники оперативно решают проблемы, не перегружая информацией. Очень ценю такой подход.",5,
61,Дарья Кононова,2023-04-04 04:28:34,Отличное обслуживание! Сотрудники банка всегда приветливы и готовы помочь в любых вопросах . Банковские услуги оказываются профессионально и быстро . Рекомендую это отделение банка всем.,5,
62,Людмила Шаматова,2023-02-19 16:56:27,"Прекрасный филиал альфы. Обслуживание клиентов на высшем уровне! Менеджеры работают быстро, не заставляют долго ждать. Всегда подскажут как лучше сделать. Очень вежливые и приятные люди.",5,
63,Олег Мотовилов,2024-01-21 14:56:32,"Банк предоставил кредит на строительство дома, решение приняли быстро. Большое спасибо за оперативность!",5,
64,Наталья Шелкова,2023-07-10 10:23:45,"Когда я обращалась в банк, чтобы изменить дату платежа по кредиту, все было быстро и четко. Онлайн-заявка оформляется просто замечательно. Я рекомендовала этот банк своему коллеге как лучший и с быстрым одобрением. Спасибо вам за вашу работу.",5,
65,Анжелика 0,2023-10-26 07:50:26,Год назад взяли лизинг. Отличные условия и квалифицированная помощь для грузовика. Плюс есть возможность сезонной оплаты.,5,
66,☀️ Yanina VS,2023-08-05 16:54:59,"Из опыта с многими банками, Альфа стоит на первом месте. Это мое первое выбор при множестве выгодных условий и разнообразных услуг. Оффлайн офисы славятся замечательным персоналом",5,
67,регина магсумова,2024-03-30 17:57:13,"Неудобство вызывает то, что деньги не выдаются в банкоматах по решению ЦБ. Однако, я получила свои доллары с комиссией, заказав валюту заранее в офисе",5,
68,Карина Ковтун,2023-08-24 06:12:58,"Сбережения доверила этому банку. Лежат там, хоть никто не пытается своровать втихоря в отличии от моей снохи...",5,
69,кристина к,2024-02-11 05:51:02,Этот банк отличается от других. Я уже больше года пользуюсь их услугами и довольна отсутствием процентов по кредиту и дополнительных комиссий.,5,
70,София Сорокина,2023-07-07 18:23:28,"В данном отделении Альфы можно не только осуществить платежи и провести другие необходимые операции, но и получить консультацию от опытных специалистов по любым вопросам. Все сотрудники вежливы, внимательны и профессиональны.",5,
71,Юлия Н.,2022-06-29 10:50:06,Очень нравится этот банк! Всегда приветливые сотрудники которые подскажут и помогут) Ещё переживала что из-за санкции отменят кэшбэк в приложении но нет) Всё хорошо) Советую!,5,
72,Роман М.,2022-07-18 20:18:23,"Пользовался раньше другими банками, но увидел рекламу альфы и решил попробовать оформить её. Из плюсов - бесплатное обслуживание и можно переводить без комиссии, кшбэк рублями, а не баллами ""Спасибо"". Из минусов - нет приложения, но есть довольно неплохой веб банк",5,
73,Ва Кри,2024-01-17 00:18:28,"Консультация по рефинансированию длилась 10 минут, все подробности были разъяснены. Одобрение на мою заявку почти мгновенное.",5,
74,Лидия М.,2023-09-28 15:39:44,"В отделении банка можно получить консультацию, оплатить услуги, снять деньги, погасить кредит или даже оплатить коммунальные платежи. Сотрудники банка всегда выступают с вежливостью и готовностью помочь.",5,
75,Екатерина Сутягина,2023-06-27 20:03:44,"Персонал очень дружелюбный и приветливый, что является редкостью для банков. Все вопросы решаются быстро и без лишней сложности.",5,
76,Альбина Искужаева,2022-07-04 10:42:39,"Благодарна банку за возможность взять взаймы без процентов. Карта очень выручает. Я не пользуюсь крупной суммой, но когда не хватает, использую в районе 10000руб и с з/п вношу обратно. При оплате за покупки процентов банк не берет. Спасибо банку за эту услугу",5,
77,Ксения К.,2023-08-07 06:35:41,"Мы решили взять ипотеку в альфа банке, только что оформили документы. Что могу сказать, весь процесс был прозрачен. Сотрудник, который обрабатывал нашу заявку, дал развёрнутые ответы на все наши вопросы. Условия ипотеки также оказались адекватными на сегодняшний день.",5,
78,зарина з.,2023-06-23 02:38:57,Я сотрудничаю с этим банком уже более 4-х лет. За это время у меня не возникло никаких нареканий. Всегда все было на высшем уровне! Я очень довольна услугами и обслуживанием в этом банке.,5,
79,Juli,2022-07-15 17:48:56,"Фантастическое место, где ты вообще никому не интересен и не нужен. Амебные сотрудники, не реагирующие на посетителей. Решила вопрос по телефону с Московской службой поддержки, пока ждала, когда ко мне просто подойдут!!!!! Не подошли, к слову 🤣 платят , видимо, не за это.",1,
80,Miko,2023-06-13 13:29:58,"Недавно открыла вклад в альфе. Условия среди наших банков - просто отличные. Оформление прошло идеально, и я очень давольно качеством обслуживания.",5,
81,Елена С.,2023-06-17 20:09:02,"Я обслуживаюсь в этом отделении уже очень долгое время, и ни разу не возникало проблем. Я оплачиваю коммунальные услуги и счета за телефон здесь. Сотрудники всегда вежливы и приветливы, всегда готовы помочь и дать совет.",5,
82,Алсу Корепанова,2022-12-17 19:50:26,"Очень приятные люди работают в Альфа банке. Всегда доброжелательные, участливые, в меру эмоциональные, компетентные. Работают сверх оперативно, решают любой волнующий вопрос за 10 минут. Великолепное обслуживание.",5,
83,Maria Valery,2022-07-06 08:41:56,"Открыл здесь вклад под большой процент. Сотрудники помогли выбрать самые выгодные условия, чтобы получить больше. Дебетовая карта тоже очень нравится, никаких вымышленных баллов- только деньги!",5,
84,Любовь Ч.,2023-08-24 14:28:12,"Я осталась довольна обслуживанием в отделении Альфа-банка. Сотрудники проявили дружелюбие и готовность помочь в каждой ситуации, обеспечивая полную информацию.",5,
85,Арина П.,2023-03-31 05:47:27,"Заходила вчера, была приятно удивлена уровнем внимания и заботы, которые предоставили мне работники. Они были очень профессиональны и ответили на все мои вопросы.",5,
86,Светлана Романова,2023-06-25 17:10:26,"Впечатление осталось хороше, добросовестный персонал, девушка смогла мне помочь с оформлением кредитной карты, подробно объяснила, как можно сделать лимит, банк может увеличивать его сам. Много нового)",5,
87,Ляйля Х.,2023-05-08 16:52:45,Спасибо отделению Альфа банка за профессиональный подход к решению моих финансовых вопросов. Здесь всегда можно получить качественную консультацию.,5,
88,catherine31195bar,2023-02-04 13:21:26,"Все доступно, понятно, вежливые сотрудники. В отделении всегда чистота, все на своих местах. Отдедение работает без обедов и выходных. Рекомендую",5,
89,Ольга Шульцева,2023-01-28 10:11:04,"В отделении работают очень вежливые и приветливые сотрудники. Всегда
помогут в решении любых вопросов. Отдельное спасибо менеджеру по работе с клиентами!",5,
90,Екатерина Петрова,2023-08-19 16:36:48,"Я Обратилась для открытия рассчетного счета. К тому же, Альфа помогла зарегистрировать ИП, подала заявление в налоговую, мне не пришлось идти в ФНС. Я благодарназа возможно сделать все быстро и без лишних сложностей.",5,
91,Егор Смыслов,2023-04-07 20:21:30,"По любому вопросу можно получить консультацию, даже по телефону. Все быстро, четко, понятно. Отдельных слов благодарности заслуживает менеджер на входе",5,
92,Алия Сюндюкова,2024-02-07 18:41:12,"Банк хороший, а это отделение особенно. Уже третий год платим ипотеку здесь, все менеджеры знакомы в лицо!",5,
93,Кристина К.,2023-06-25 17:51:24,"Очень приятно иметь дело с опытными людьми. Когда я пришла оплатить кредит, они рассказали мне, как это сделать правильно, и помогли выполнить все необходимые действия.",5,
94,Наталья Шполянская,2023-07-12 12:40:05,"У меня есть две кредитные карты, но сейчас я решила закрыть одну из них сделав рефинансирование. Я оставлю только карту Альфа, так как её условия для меня гораздо удобнее и надёжнее.",5,
95,Kot Basilio,2022-09-02 15:46:05,"Это офис закрытого формата.. Не знаю, что это значит, но для людей ""с улицы"" не работает.
Обычный за углом, по 7й линии к Малому и работает до 20.00 (не верьте картам!))",3,
96,Владислава К.,2023-09-12 14:11:00,"У меня карта Мир. Очень рада что наконец-то заказала ее. Дебетовая беленькая. С виду невзрачная, но столько всего умеет. Платежи, переводы, снятие денег- бесплатно всё",5,
97,Савелий Н.,2022-06-21 06:32:09,"Спасибо банку что остается стабильным и поддерживает высокий уровень обслуживания. Только твердая пятерка, молодцы!",5,
98,Илья Хализов,2022-09-13 06:19:41,"Хороший офис, очередей нет почти. Заказывал обычную карту себе. Всё подробно рассказали. Остался доволен.",5,
99,Александра Ларина,2023-09-01 02:28:13,Банк 1 год не берет проценты. Но сначала надо успеть в 1-ый месяц сделать покупки,5,
100,James Poluan,2022-11-02 00:14:32,"очень тесно, отношение к клиентам так себе, отходят не по делу. не приятно было находиться в этом банке, как клиент я бы больше туда не пошёл (",2,
101,галина черванева,2022-06-28 13:15:29,"Видно, что банк кончается, при огромных процентах за пустяковый кредит впаривают страховку, менеджеры злые, никто не разводится, видимо...
Сразу после подачи заявки стали звонить ***, прощай альфабанк...",1,
102,Goode Girl,2022-04-22 14:56:58,"Удобный офис, просторный офис. Сотрудники приветливые, объяснила проблему с картой и сотрудница сразу все объяснила",5,
103,Евгения Копытцева(Александрова),2023-10-16 10:22:13,"Великолепное отделение, комфортное, с квалифицированными специалистами.",5,
104,Олег Аввакумов,2022-07-15 13:45:45,"Отдельный лайк за тех поддержку в вк! Стало гораздо удобнее обращаться с возникшими вопросами, решают все быстро",5,
105,Ирина Чистякова,2023-02-16 13:19:23,"Приятный персонал, помог разобраться с проблемой по кредитной карте. Оказывается, у меня оставался долг, который, я не выплатила. Разобрали проблему, на будущее с такими ситуациями. Спасибо, всем бы банкам такие спецы!",5,
106,Альбина Гималетдинова,2024-03-13 14:39:09,Обратилась в отделение банка для открытия счёта. В зале уютно.,5,
107,Елена,2023-07-27 18:16:27,"Приняла решение о рефинансировании кредита в Альфа банке. Заявка была рассмотрена буквально за пять-десять минут, и её сразу же утвердили. В результате получилось гораздо выгоднее.",5,
108,Георгий Антонов,2023-03-28 21:01:56,"Сотрудники не навязывают страховки, как это делают в других банках. Я не боюсь за свои деньги, и у меня есть возможность выбрать страховку, но когда про них говорят каждый раз, это надоедает)",5,
109,Максим Веденин,2023-11-11 18:02:30,"Просторно и светло, не чувствуешь себя зажатым в углу .",5,
110,Евгения Ч.,2022-05-27 20:27:21,Пришла забирать перевыпущенную карту. Сотрудник предлагал различные доп. Услуги и кредитку. Ну работа такая у них. Вежливо от всего отказалась и ушла.,5,
111,Анастасия Кирсанова,2022-05-12 07:20:29,"Хорошее расположение офиса. Сам офис просторный и удобрый, очередей нет. Персонал внимательный и вежливый. Предоставили услугу в полном обьеме и в удобное для меня время.",5,
112,Татьяна Э.,2023-04-14 18:39:10,"В этом отделении Альфы не первый раз. Хочу сказать огромное спасибо сотрудникам отделения! Это лучшие сотрудники на свете, которые относятся к клиентам с любовью и пониманием.",5,"Татьяна, здравствуйте!

Большое вам спасибо за такой приятный отклик и добрые слова. Всегда рады помочь."
113,Victor Kuchugulov,2023-09-29 17:30:20,Отделение норм можно встать на аварийке напротив него.,5,
114,Дима,2022-06-28 10:42:55,"Хороший банк, километровых очередей ни в одном отделении не встречал. Всегда вежливое обслуживание и компетентное консультирование!",5,
115,Дарья С.,2023-01-31 14:33:18,"Обслуживание вежливое, быстрое, все документы оформляются в одном месте, очередей нет. В банке есть банкоматы с функцией приема денежных средств, которые работают круглосуточно.",5,
116,Екатерина М.,2022-07-11 12:00:45,"Не подвели своих клиентов, а это самое главное! Сто процентов останусь и дальше с вами, хорошо показали себя в сложной ситуации",5,
117,Нина Антипова,2022-04-24 16:41:27,"Прекрасное обслуживание. Оформили продукт банка за короткое время, без всяких скрытых страховок и лишних продуктов. Спасибо за честность.",5,
118,Дмитрий,2022-05-23 18:43:10,"Невозможно дозвониться до кол-центра, в чате тоже отвечает только бот. Пришлось ехать в отделение, ладно хоть тут всё доходчиво объяснили по моему вопросу.",4,
119,Марина Кремнева,2023-06-15 14:04:58,"Новый подход к работе понравился. 
Все сотрудники работают за отдельными столами, как в кафе.",5,
120,Вероника Дарчева,2023-02-06 15:44:01,"Сегодня посетила это отделение банка и осталась очень довольна. Хотела снять наличные с карты, но не смогла, подошла девушка сотрудник и помогла разобраться.
Спасибо огромное.",5,
121,Арсений Кашперко,2022-06-28 21:41:37,"Альфа банк меня всегда устраивал, сотрудничаем с ним давно, брал кредит тут, хочу оформить вклад под выгодный процент.",5,
122,Ольга В.,2021-05-21 10:03:03,"Офис закрытого формата для премиальных клиентов. Нравится, что нет никаких очередей, тихо, спокойно, кулуарно. Приходишь в удобное тебе время по записи к своему менеджеру. Очень удобно и комфортно.",5,
123,Савелий Наумов,2023-01-29 05:09:15,"Обслуживание на высшем уровне! Я клиент этого банка уже более 5 лет. И ни разу не было такого, чтобы я не смог воспользоваться услугами банка! Все для клиента!",5,
124,Любовь С.,2022-05-26 08:47:52,"Всей своей семье сделала карты в Альфа банке, детям удобно отправлять деньги на проезд и питание, все видно в приложении что и куда потратили. Сама с помощью карты Альфа банка коплю кешбек с покупок. В общем, нормальный банк!",5,
125,Владимир Лактионов,2022-08-31 12:30:34,"Меня очень хорошо обслужили , специалисты отличные. Проконсультировали по тарифам, быстро оформили карту",5,
126,Наталия,2023-05-19 11:33:57,"Использую две дебетовые карты Альфа-банка и задумываюсь о кредитной. Сервис очень нравится, а беспроцентный период привлекает.",5,
127,Анастасия Мартынова,2022-06-01 12:25:32,"Отделение хорошее, сотрудники вежливые,оформила кредитку. Очень удобно, ещё и кешбек есть на различные категории 👍",5,
128,DoNchii,2022-07-29 07:53:40,"Уже больше пяти лет работаю с Альфа-банком. За это время успел взять и закрыть три кредита, а недавно перевёл свой расчетный счёт сюда. Приятно, что раньше всех понизили эквайринг, а процесс открытия счета занял не больше пяти дней.",5,
129,Thomas,2022-07-05 15:10:15,"Неплохое отделение, в Питере обычно на большевиков хожу, но тут тоже хорошо",4,
130,диана м.,2023-02-23 13:46:23,"Открывала вклад в Альфе, и не смогла немного разоьраться с процентами при досрочном закрытии, но мне все подробно объяснили, спасибо вам",5,
131,artem lavrov,2022-08-02 11:24:49,"Был в отделении в четверг . Крутой банк с хорошим обслуживанием ,помогли разобраться с автокредитом и оформили его ,всем доволен !!",5,
132,Анастасия К,2022-05-30 10:08:35,"Пришла в отделение,в банкомате снять наличку. Карту заживал и не отдал. Спасибо позитивной сотруднице Дарье, карту не только вернула, но и настроение своим юмором подняла! Побольше бы таких.",5,
133,Павел,2023-06-15 14:29:46,Все отлично и отделение и сам банк. И люди которые там работают),5,
134,Наталья Егорова,2020-06-25 21:38:14,"Такое проходное место, а режим работы дурацкий. В выходные и нерабочие часы к банкоматам не попасть. Приходится идти в этот же банк, но другое отделение на 7 линию .... Там хоть и тесновато, но как то чувствуется что тут все для клиента. 
А это отделение просторное, но .... Никакое 
Да и персонал активностью в работе не сияет (((",2,
135,"t,me/commissionsecondhand",2023-01-31 16:33:55,"Хороший офис, рекомендую.",5,
136,Светлана К.,2022-04-18 19:45:52,"Дверь без Вывески, рядом с Буше. Если не знаешь, то не в раз найдёшь",4,
137,Елена Румянцева,2022-04-07 13:28:04,"Удобное место, парковка, наличные есть в банкомате",5,
138,Устинов С.,2023-02-08 18:23:26,Отличный персонал!,5,
139,Ярослав Ледовской,2023-08-21 13:24:38,Погасил кредит в чужом банке картой Альфа банка,5,
140,Stanislav Valentsev,2019-10-18 15:14:11,"Нормальное отделение, Единственное что персонал смотрит на тебя и думает, что ты не туда зашел: у нас тут вип, все дела. Колхозники с мышлением из 90х все никак не поймут, что мир изменился и не привыкнут, что не по одежке надо встречать, а нормально. Сами менеджеры ок, со всеми задачами справились.",4,
141,Даниэль,2022-08-28 11:49:32,Хорошее отделение. Менеджер Артем и Марина супер.,5,
142,Сергей,2020-07-31 07:51:27,Достал этот альфабанк своими постоянными звонками с разных номеров по кредитным картам! Даже если понадобиться кредит-Альфа-Банк будет последним в списке!!!,1,
143,Андрей Никифоров,2023-06-01 13:29:56,Быстро,5,
144,alex Ves,2021-08-25 14:38:24,"Чисто, приятное отделение.",4,
145,Владимир Апреликов,2022-12-13 09:13:04,Морген топ,5,
146,Светик Simka,2020-06-09 14:02:57,"Все вопросы решаются быстро,но мало места",4,
147,Даша Б.,2021-10-31 17:12:52,Хороший офис,5,
148,Дмитрий Клепцов,2020-05-23 14:49:09,Мне удобно получать услуги банка в этом отделении,5,
149,Инна Лелюх,2020-05-07 11:21:04,Прекрасное отделение для ВИП клиентов,5,
150,Анастасия Ч,2020-02-21 15:51:59,Банк как банк.ничего особенного,4,
