,ID,name,address,website,opening_hours,ypage,lat,lon,rating,phone,social
0,237662984022,Альфа-Банк,"Садовая ул., 256, Самара",,,,53.202421,50.120127,"4,7",,
1,24250231930,Альфа-Банк,"ул. Миронова, 3, Новокуйбышевск",,,,53.096533,49.949501,"4,1",,
2,147583084438,Альфа-Банк,"Запорожская ул., 18А, Чапаевск",,,,52.954766,49.689277,"4,2",,
3,214335329955,Альфа-Банк,"ул. Агибалова, 76, Самара",,,,53.193634,50.121915,"4,4",,
4,172409579033,Альфа-Банк,"ул. Мичурина, 19В, Самара",,,,53.203451,50.140536,"4,3",,
