ID,name,address,website,opening_hours,ypage,lat,lon,rating,phone,social
198985095964,Альфа-Банк,"просп. Металлургов, 32, Новокузнецк",,,,53.759246,87.118957,"4,5",,
1312921776,Альфа-Банк,"ул. Тольятти, 44, Новокузнецк",,,,53.759991,87.150552,"4,5",,
86406925140,Альфа-Банк,"ул. Ленина, 38, Киселёвск",,,,54.002088,86.639293,"3,8",,
1176165471,Альфа-Банк,"ул. Шишкина, 11, Прокопьевск",,,,53.875315,86.650325,"4,3",,
