,ID,name,address,website,opening_hours,lat,lon,rating,phone,social
0,167623894339,Альфа-Банк,"ул. Свердлова, 67, Лебедянь",alfabank.ru,"'mon': 07:00-20:00, 'tue': 07:00-20:00, 'wed': 07:00-20:00, 'thu': 07:00-20:00, 'fri': 07:00-20:00, 'sat': 07:00-20:00, 'sun': 07:00-20:00",53.023230,39.130560,,['8 (800) 200-00-00Показать телефон'],"['https://ok.ru/alfabank', 'https://t.me/alfabank', 'https://vk.com/alfabank']"
1,98107144120,Альфа-Банк,"ул. Льва Толстого, 80, Лебедянь",alfabank.ru,"'mon': 00:00-23:59, 'tue': 00:00-23:59, 'wed': 00:00-23:59, 'thu': 00:00-23:59, 'fri': 00:00-23:59, 'sat': 00:00-23:59, 'sun': 00:00-23:59",53.022515,39.180507,,['8 (800) 200-00-00Показать телефон'],"['https://ok.ru/alfabank', 'https://t.me/alfabank', 'https://vk.com/alfabank']"
2,204656858146,Альфа-Банк,"Почтовая ул., 33А, Лебедянь",alfabank.ru,"'mon': 08:00-22:00, 'tue': 08:00-22:00, 'wed': 08:00-22:00, 'thu': 08:00-22:00, 'fri': 08:00-22:00, 'sat': 08:00-22:00, 'sun': 08:00-22:00",53.009318,39.128502,,['8 (800) 200-00-00Показать телефон'],"['https://ok.ru/alfabank', 'https://t.me/alfabank', 'https://vk.com/alfabank']"
3,71903869733,Альфа-Банк,"Почтовая ул., 33А, Лебедянь",alfabank.ru,"'mon': 08:00-22:00, 'tue': 08:00-22:00, 'wed': 08:00-22:00, 'thu': 08:00-22:00, 'fri': 08:00-22:00, 'sat': 08:00-22:00, 'sun': 08:00-22:00",53.009318,39.128502,,['8 (800) 200-00-00Показать телефон'],"['https://ok.ru/alfabank', 'https://t.me/alfabank', 'https://vk.com/alfabank']"
