,ID,name,address,website,opening_hours,ypage,lat,lon,rating,phone,social
0,178007162288,Альфа-Банк,"просп. Ленина, 19А, Мурманск",,,,68.953244,33.082517,"4,4",,
1,198826487174,Альфа-Банк,"Кольский просп., 158, Мурманск",,,,68.914482,33.095255,"5,0",,
2,152872347040,Альфа-Банк,"ул. Сафонова, 13, Североморск",,,,69.075762,33.420517,"2,2",,
3,19929513238,Альфа-Банк,"просп. Ленина, 82, Мурманск",,,,68.971254,33.076796,"4,2",,
