ID,name,address,website,opening_hours,ypage,lat,lon,rating,phone,social
74784220222,Альфа-Банк,"ул. Барашева, 7А, Липецк",,,,52.602854,39.587479,"4,7",,
1248735251,Альфа-Банк,"ул. Космонавтов, 16/1, Липецк",,,,52.617236,39.575333,"4,4",,
177896371080,Альфа-Банк,"просп. Победы, 20, Липецк",,,,52.596405,39.565245,"4,5",,
195135099009,Альфа-Банк,"ул. имени Генерала Меркулова, 10А, Липецк",,,,52.590491,39.54232,"4,4",,
