,ID,name,address,website,opening_hours,ypage,lat,lon,rating,phone,social
0,217601592560,Альфа-Банк,"Октябрьский просп., 151/9, Люберцы",,,,55.679641,37.892583,"4,3",,
1,112855126846,Альфа-Банк,"Носовихинское ш., 7, Реутов",,,,55.745559,37.859067,"4,5",,
2,73738624923,Альфа-Банк,"Сосновая ул., 2, корп. 4, Котельники",,,,55.674717,37.854530,"4,0",,
3,156110490472,Альфа-Банк,"Лермонтовский просп., 10, корп. 1, Москва",,,,55.700563,37.851808,"4,5",,
4,71619330774,Альфа-Банк,"Покровская ул., 20, Москва",,,,55.701866,37.931650,"4,3",,
