,ID,name,address,website,opening_hours,lat,lon,rating,phone,social,Обслуживание,Отношение к клиентам,Персонал,Время ожидания,Кредит,Банкомат
0,178007162288,Альфа-Банк,"просп. Ленина, 19А, Мурманск",alfabank.ru,"'mon': 10:00-19:00, 'tue': 10:00-19:00, 'wed': 10:00-18:00, 'thu': выходной, 'fri': 10:00-18:00, 'sat': 10:00-18:00, 'sun': выходной",68.953244,33.082517,"4,4",['8 (800) 200-00-00Показать телефон'],"['https://ok.ru/alfabank', 'https://t.me/alfabank', 'https://vk.com/alfabank', 'https://www.youtube.com/user/alfabankru']",81,82,84,81,84,58
1,19929513238,Альфа-Банк,"просп. Ленина, 82, Мурманск",,"'mon': 09:00-20:00, 'tue': 09:00-20:00, 'wed': 09:00-19:00, 'thu': выходной, 'fri': 10:00-18:00, 'sat': 10:00-18:00, 'sun': выходной",68.971254,33.076796,"4,1",['8 (800) 200-00-00Показать телефон'],"['https://ok.ru/alfabank', 'https://vk.com/alfabank', 'https://www.youtube.com/user/alfabankru']",44,38,47,27,,
2,198826487174,Альфа-Банк,"Кольский просп., 158, Мурманск",alfabank.ru,"'mon': 10:00-20:00, 'tue': 10:00-20:00, 'wed': 10:00-19:00, 'thu': выходной, 'fri': 10:00-18:00, 'sat': 10:00-18:00, 'sun': выходной",68.914482,33.095255,"5,0",['8 (800) 200-00-00Показать телефон'],"['https://ok.ru/alfabank', 'https://t.me/AlfaBank', 'https://vk.com/alfabank', 'https://www.youtube.com/user/alfabankru']",97,96,97,98,94,
3,152872347040,Альфа-Банк,"ул. Сафонова, 13, Североморск",,"'mon': 10:00-19:00, 'tue': 10:00-19:00, 'wed': 10:00-18:00, 'thu': выходной, 'fri': выходной, 'sat': выходной, 'sun': выходной",69.075762,33.420517,"4,3",['8 (800) 200-00-00Показать телефон'],"['https://ok.ru/alfabank', 'https://vk.com/alfabank', 'https://www.youtube.com/user/alfabankru']",100,100,,,,
