,ID,name,address,website,opening_hours,ypage,lat,lon,rating,phone,social
0,104451305993,Альфа-Банк,"ул. Чехова, 12, Пушкино",,,,56.008706,37.851907,,,
1,227174071742,Альфа-Банк,"Московский просп., 59, Пушкино",,,,55.996749,37.862267,,,
2,119085340677,Альфа-Банк,"Советский просп., 2А, Ивантеевка",,,,55.975254,37.906902,,,
3,31438032136,Альфа-Банк,"Московский просп., 59, Пушкино",,,,55.996747,37.862274,,,
4,210582249086,Альфа-Банк,"Московская область, городской округ Пушкинский, М-8 Холмогоры, 33-й километр, с18",,,,56.000377,37.881731,,,
