ID,name,address,website,opening_hours,ypage,lat,lon,rating,phone,social
17126988994,Альфа-Банк,"ул. Литвинова, 2, Иркутск",,,,C52.28424,104.28806,"4,3",,
4054672646,Альфа-Банк,"ул. Кожова, 20, Иркутск",,,,C52.27126,104.28937,"4,4",,
7458315971,Альфа-Банк,"ул. Лермонтова, 63, Иркутск",,,,C52.26957,104.25705,"4,4",,
1124757899,Альфа-Банк,"ул. Ленина, 25, Иркутск",,,,C52.27677,104.28605,"4,3",,
66608770531,Альфа-Банк,"30А, 6-й квартал, Шелехов",,,,C52.20904,104.09253,"3,1",,
