,ID,name,address,website,opening_hours,ypage,lat,lon,rating,phone,social
0,1034159938,Альфа-Банк,"ул. Молодогвардейцев, 32А, Челябинск",,,,55.195442,61.331785,"4,3",,
1,132482659526,Альфа-Банк,"ул. Кирова, 108, Челябинск",,,,55.162541,61.399831,"4,4",,
2,75565027800,Альфа-Банк,"Коммунистический просп., 28, Копейск",,,,55.118071,61.583196,"4,3",,
3,58527131828,Альфа-Банк,"просп. Ленина, 73А, Челябинск",,,,55.159470,61.379530,"4,6",,
4,23216428868,Альфа-Банк,"ул. Доватора, 35, Челябинск",,,,55.145921,61.382459,"4,3",,
5,166821996202,Альфа-Банк,"ул. Цвиллинга, 8, Коркино",,,,54.890324,61.410747,"3,7",,
6,1030580735,Альфа-Банк,"Комсомольский просп., 2А, Челябинск",,,,55.192379,61.383123,"4,3",,
7,139592626660,Альфа-Банк,"ул. Чичерина, 38В, Челябинск",,,,55.177098,61.298645,"4,7",,
8,138995344255,Альфа-Банк,"ул. Свободы, 82, Челябинск",,,,55.156194,61.412938,"4,3",,
