,ID,name,address,website,opening_hours,ypage,lat,lon,rating,phone,social
0,109104755824,Альфа-Банк,"просп. Ленина, 100Д, Нижний Новгород",,,,56.240523,43.865445,"4,4",,
1,68321044405,Альфа-Банк,"ул. Белинского, 61, корп. 2, Нижний Новгород",,,,56.316289,44.017507,"4,3",,
2,1038380178,Альфа-Банк,"ул. Максима Горького, 140, Нижний Новгород",,,,56.314402,43.994946,"4,3",,
3,26853458298,Альфа-Банк,"ул. Гайдара, 61, Дзержинск",,,,56.233345,43.436239,"4,4",,
4,72939497033,Альфа-Банк,"просп. Ленина, 45, Нижний Новгород",,,,56.281361,43.923971,"4,4",,
5,153823749480,Альфа-Банк,"ул. Героя Фильченкова, 10, Нижний Новгород",,,,56.320218,43.946338,"4,9",,
6,214848622764,Альфа-Банк,"ул. Коминтерна, 164, Нижний Новгород",,,,56.348163,43.867844,"4,3",,
7,170224396448,Альфа-Банк,"Новая ул., 8, Нижний Новгород",,,,56.310932,43.997632,"4,8",,
