,ID,name,address,website,opening_hours,lat,lon,rating,phone,social
0,38087246842,Альфа-Банк,"к1446, Зеленоград",alfabank.ru,"'mon': 08:00-00:00, 'tue': 08:00-00:00, 'wed': 08:00-00:00, 'thu': 08:00-00:00, 'fri': 08:00-00:00, 'sat': 08:00-00:00, 'sun': 08:00-00:00",55.984675,37.151720,,['8 (800) 200-00-00Показать телефон'],"['https://ok.ru/alfabank', 'https://t.me/alfabank', 'https://vk.com/alfabank']"
1,194237430912,Альфа-Банк,"Советская ул., 9, Одинцово",,"'mon': 10:00-21:00, 'tue': 10:00-21:00, 'wed': 10:00-21:00, 'thu': 10:00-21:00, 'fri': 10:00-21:00, 'sat': 10:00-21:00, 'sun': 10:00-21:00",55.673269,37.277458,,['8 (800) 200-00-00Показать телефон'],"['https://ok.ru/alfabank', 'https://t.me/alfabank', 'https://vk.com/alfabank']"
2,70507341255,Альфа-Банк,"Школьная ул., 2, рабочий посёлок Нахабино",alfabank.ru,"'mon': 09:00-21:00, 'tue': 09:00-21:00, 'wed': 09:00-21:00, 'thu': 09:00-21:00, 'fri': 09:00-21:00, 'sat': 09:00-21:00, 'sun': 09:00-21:00",55.841812,37.145804,,['8 (800) 200-00-00Показать телефон'],"['https://ok.ru/alfabank', 'https://t.me/alfabank', 'https://vk.com/alfabank']"
3,92858658533,Альфа-Банк,"ул. Ленина, 2, Красногорск",alfabank.ru,"'mon': 10:00-22:00, 'tue': 10:00-22:00, 'wed': 10:00-22:00, 'thu': 10:00-22:00, 'fri': 10:00-22:00, 'sat': 10:00-22:00, 'sun': 10:00-22:00",55.819454,37.320248,,['8 (800) 200-00-00Показать телефон'],"['https://ok.ru/alfabank', 'https://t.me/alfabank', 'https://vk.com/alfabank']"
4,197493341213,Альфа-Банк,"115, стр. 2, д. Новинки",alfabank.ru,"'mon': 10:00-22:00, 'tue': 10:00-22:00, 'wed': 10:00-22:00, 'thu': 10:00-22:00, 'fri': 10:00-22:00, 'sat': 10:00-22:00, 'sun': выходной",55.810506,37.128179,,['+7 (495) 755-58-58Показать телефон'],"['https://ok.ru/alfabank', 'https://t.me/alfabank', 'https://vk.com/alfabank']"
5,11727919786,Альфа-Банк,"Рублёво-Успенское шоссе, 8-й километр, 114, д. Барвиха",alfabank.ru,"'mon': 10:00-20:00, 'tue': 10:00-20:00, 'wed': 10:00-20:00, 'thu': 10:00-20:00, 'fri': 10:00-20:00, 'sat': 10:00-18:00, 'sun': выходной",55.739032,37.262936,,['8 (800) 200-00-00Показать телефон'],"['https://ok.ru/alfabank', 'https://t.me/alfabank', 'https://vk.com/alfabank']"
6,168719747088,Альфа-Банк,"ул. Новая Опалиха, 16, Красногорск",alfabank.ru,"'mon': 07:00-00:00, 'tue': 07:00-00:00, 'wed': 07:00-00:00, 'thu': 07:00-00:00, 'fri': 07:00-00:00, 'sat': 07:00-00:00, 'sun': 07:00-00:00",55.834204,37.256449,,['8 (800) 200-00-00Показать телефон'],"['https://ok.ru/alfabank', 'https://t.me/alfabank', 'https://vk.com/alfabank']"
7,182208439695,Альфа-Банк,"ул. Ленина, 38Б, Красногорск",alfabank.ru,"'mon': 00:00-23:59, 'tue': 00:00-23:59, 'wed': 00:00-23:59, 'thu': 00:00-23:59, 'fri': 00:00-23:59, 'sat': 00:00-23:59, 'sun': 00:00-23:59",55.833855,37.298940,,['8 (800) 200-00-00Показать телефон'],"['https://ok.ru/alfabank', 'https://t.me/alfabank', 'https://vk.com/alfabank']"
8,187193975763,Альфа-Банк,"Новокрюковская ул., 1824, Зеленоград",alfabank.ru,"'mon': 00:00-23:59, 'tue': 00:00-23:59, 'wed': 00:00-23:59, 'thu': 00:00-23:59, 'fri': 00:00-23:59, 'sat': 00:00-23:59, 'sun': 00:00-23:59",55.981827,37.168847,,['8 (800) 200-00-00Показать телефон'],"['https://ok.ru/alfabank', 'https://t.me/alfabank', 'https://vk.com/alfabank']"
9,225188020711,Альфа-Банк,"Можайское ш., 76А, Одинцово",alfabank.ru,"'mon': выходной, 'tue': выходной, 'wed': выходной, 'thu': выходной, 'fri': выходной, 'sat': выходной, 'sun': выходной",55.682754,37.294883,,['8 (800) 200-00-00Показать телефон'],"['https://ok.ru/alfabank', 'https://t.me/alfabank', 'https://vk.com/alfabank']"
10,1710026597,Альфа-Банк,"ул. 50 лет Октября, 12, Красногорск",alfabank.ru,"'mon': 09:00-22:00, 'tue': 09:00-22:00, 'wed': 09:00-22:00, 'thu': 09:00-22:00, 'fri': 09:00-22:00, 'sat': 09:00-22:00, 'sun': 09:00-22:00",55.817871,37.311076,,['8 (800) 200-00-00Показать телефон'],"['https://ok.ru/alfabank', 'https://t.me/alfabank', 'https://vk.com/alfabank']"
11,240399855804,Альфа-Банк,"Москва, Зеленоградский административный округ, Крюковская площадь, 1",alfabank.ru,"'mon': 08:00-22:00, 'tue': 08:00-22:00, 'wed': 08:00-22:00, 'thu': 08:00-22:00, 'fri': 08:00-22:00, 'sat': 08:00-22:00, 'sun': 08:00-22:00",55.982669,37.175008,,['8 (800) 200-00-00Показать телефон'],"['https://ok.ru/alfabank', 'https://t.me/alfabank', 'https://vk.com/alfabank']"
