,ID,name,address,website,opening_hours,lat,lon,rating,phone,social
0,222080851415,Альфа-Банк,"Уфимская ул., 30Б, Салават",,"'mon': 10:00-20:00, 'tue': 10:00-20:00, 'wed': 10:00-20:00, 'thu': 10:00-20:00, 'fri': 10:00-20:00, 'sat': 10:00-20:00, 'sun': 10:00-20:00",53.364972,55.919866,,['8 (800) 200-00-00Показать телефон'],"['https://ok.ru/alfabank', 'https://t.me/alfabank', 'https://vk.com/alfabank']"
1,143955464407,Альфа-Банк,"Уфимская ул., 30А/1, Салават",alfabank.ru,"'mon': 10:00-19:00, 'tue': 10:00-19:00, 'wed': 10:00-19:00, 'thu': 10:00-19:00, 'fri': 10:00-19:00, 'sat': 10:00-19:00, 'sun': 10:00-19:00",53.365579,55.920728,,['8 (800) 200-00-00Показать телефон'],"['https://ok.ru/alfabank', 'https://t.me/alfabank', 'https://vk.com/alfabank']"
2,212781875727,Альфа-Банк,"бул. Космонавтов, 13, Салават",,"'mon': 00:00-23:59, 'tue': 00:00-23:59, 'wed': 00:00-23:59, 'thu': 00:00-23:59, 'fri': 00:00-23:59, 'sat': 00:00-23:59, 'sun': 00:00-23:59",53.352386,55.926504,,['8 (800) 200-00-00Показать телефон'],"['https://ok.ru/alfabank', 'https://t.me/alfabank', 'https://vk.com/alfabank']"
3,121055795231,Альфа-Банк,"Стахановская ул., 92, Ишимбай",alfabank.ru,"'mon': 09:00-23:00, 'tue': 09:00-23:00, 'wed': 09:00-23:00, 'thu': 09:00-23:00, 'fri': 09:00-23:00, 'sat': 09:00-23:00, 'sun': 09:00-23:00",53.449473,56.037761,,['8 (800) 200-00-00Показать телефон'],"['https://ok.ru/alfabank', 'https://t.me/alfabank', 'https://vk.com/alfabank']"
