,ID,name,address,website,opening_hours,ypage,lat,lon,rating,phone,social
0,104151060354,Альфа-Банк,"просп. Карла Маркса, 55, Новосибирск",,,,54.991801,82.910162,"4,5",,
1,224681779681,Альфа-Банк,"Цветной пр., 2, Советский район, микрорайон Академгородок, Новосибирск",,,,54.839313,83.095359,"4,9",,
2,35340132727,Альфа-Банк,"площадь Карла Маркса, 5, Новосибирск",,,,54.982507,82.892339,"4,6",,
3,227633141770,Альфа-Банк,"ул. Ленина, 42, Бердск",,,,54.761233,83.100605,"4,3",,
4,74979444632,Альфа-Банк,"ул. Пушкина, 40А, Искитим",,,,54.639419,83.303947,"4,3",,
