ID,name,address,website,opening_hours,ypage,lat,lon,rating,phone,social
203411068455,Альфа-Банк,"Комсомольская ул., 10, Волгоград",,,,48.710177,44.521008,"4,3",,
1061556597,Альфа-Банк,"просп. имени В.И. Ленина, 2, Волгоград",,,,48.703773,44.512601,"4,4",,
61225441096,Альфа-Банк,"ул. 8-й Воздушной Армии, 47Д, район Семь Ветров, Волгоград",,,,48.756747,44.500303,"4,6",,
1152425281,Альфа-Банк,"Невская ул., 11А, Волгоград",,,,48.717358,44.5081,"4,5",,
150348626165,Альфа-Банк,"просп. Героев Сталинграда, 49, Волгоград",,,,48.515627,44.536917,"4,4",,
73419427780,Альфа-Банк,"ул. Николая Отрады, 6, Волгоград",,,,48.81476,44.624064,"4,5",,
107518028325,Альфа-Банк,"ул. Мира, 74А, Волжский",,,,48.767472,44.807823,"4,4",,
