,ID,name,address,website,opening_hours,ypage,lat,lon,rating,phone,social
0,112855126846,Альфа-Банк,"Носовихинское ш., 7, Реутов",,,,55.745559,37.859067,"4,5",,
1,217601592560,Альфа-Банк,"Октябрьский просп., 151/9, Люберцы",,,,55.679641,37.892583,"4,3",,
2,62663757836,Альфа-Банк,"ул. Гагарина, 24, Жуковский",,,,55.605495,38.102483,"4,7",,
3,57365798567,Альфа-Банк,"ул. Михалевича, 1А, Раменское",,,,55.568181,38.227070,"4,7",,
4,71619330774,Альфа-Банк,"Покровская ул., 20, Москва",,,,55.701866,37.931650,"4,3",,
