,ID,name,address,website,opening_hours,lat,lon,rating,phone,social
0,115328900653,Альфа-Банк,"Русская ул., 94А, Владивосток",alfabank.ru,"'mon': 08:00-22:00, 'tue': 08:00-22:00, 'wed': 08:00-22:00, 'thu': 08:00-22:00, 'fri': 08:00-22:00, 'sat': 08:00-22:00, 'sun': 08:00-22:00",C43.17279,131.93898,,['8 (800) 200-00-00Показать телефон'],"['https://ok.ru/alfabank', 'https://t.me/alfabank', 'https://vk.com/alfabank']"
1,167605980713,Альфа-Банк,"ул. Фрунзе, 65, Артём",alfabank.ru,"'mon': 10:00-19:00, 'tue': 10:00-19:00, 'wed': 10:00-19:00, 'thu': 10:00-19:00, 'fri': 10:00-19:00, 'sat': выходной, 'sun': выходной",C43.35355,132.17444,,['8 (800) 200-00-00Показать телефон'],"['https://ok.ru/alfabank', 'https://t.me/alfabank', 'https://vk.com/alfabank']"
2,205855579321,Альфа-Банк,"ул. Кирова, 64А, Артём",,"'mon': 08:00-23:00, 'tue': 08:00-23:00, 'wed': 08:00-23:00, 'thu': 08:00-23:00, 'fri': 08:00-23:00, 'sat': 08:00-23:00, 'sun': 08:00-23:00",C43.35884,132.20515,,['8 (800) 200-00-00Показать телефон'],"['https://ok.ru/alfabank', 'https://t.me/alfabank', 'https://vk.com/alfabank']"
3,1216273262,Альфа-Банк,"Русская ул., 19В, Владивосток",alfabank.ru,"'mon': 10:00-20:00, 'tue': 10:00-20:00, 'wed': 10:00-20:00, 'thu': 10:00-20:00, 'fri': 10:00-20:00, 'sat': 10:00-20:00, 'sun': 10:00-20:00",C43.16770,131.91204,,['8 (800) 200-00-00Показать телефон'],"['https://ok.ru/alfabank', 'https://t.me/alfabank', 'https://vk.com/alfabank']"
4,196417363766,Альфа-Банк,"ул. Муравьиная Бухта, 73, территория Муравьиная Бухта",alfabank.ru,"'mon': 00:00-23:59, 'tue': 00:00-23:59, 'wed': 00:00-23:59, 'thu': 00:00-23:59, 'fri': 00:00-23:59, 'sat': 00:00-23:59, 'sun': 00:00-23:59",C43.29771,132.27592,,['8 (800) 200-00-00Показать телефон'],"['https://ok.ru/alfabank', 'https://t.me/alfabank', 'https://vk.com/alfabank']"
