ID,name,address,website,opening_hours,ypage,lat,lon,rating,phone,social
214599868441,Альфа-Банк,"ул. Ленина, 25, Зеленодольск",,,,55.846189,48.501785,"4,0",,
146837783175,Альфа-Банк,"ул. Ленина, 56Б, Волжск",,,,55.865162,48.361379,"4,1",,
14358315341,Альфа-Банк,"ул. Островского, 103, Казань",,,,55.778127,49.137666,"4,3",,
94369123948,Альфа-Банк,"ул. Декабристов, 129, Казань",,,,55.826761,49.083426,"4,3",,
234419105523,Альфа-Банк,"ул. Рихарда Зорге, 75, Казань",,,,55.748296,49.213026,"4,3",,
1021676637,Альфа-Банк,"просп. Ямашева, 82, Казань",,,,55.827768,49.146748,"4,3",,
167862811644,Альфа-Банк,"ул. Закиева, 1, Советский район, микрорайон Азино-1, Казань",,,,55.776715,49.221138,"4,7",,
1080456150,Альфа-Банк,"ул. Николая Ершова, 29Б, Казань",,,,55.793956,49.168012,"4,3",,
