ID,name,address,website,opening_hours,ypage,lat,lon,rating,phone,social
1049195804,Альфа-Банк,"ул. Ленина, 299, Ставрополь",,,,45.03818,41.94768,"4,3",,
157707951430,Альфа-Банк,"ул. 50 лет ВЛКСМ, 11/1, Ставрополь",,,,45.01669,41.924509,"4,3",,
59234863161,Альфа-Банк,"ул. Дзержинского, 114, Ставрополь",,,,45.044203,41.970952,"4,4",,
65653576737,Альфа-Банк,"ул. Войкова, 454/1, Михайловск",,,,45.128872,42.035254,"4,2",,
