,ID,name,address,website,opening_hours,lat,lon,rating,phone,social
0,126061710508,Альфа-Банк,"Калининградская область, Гурьевский муниципальный округ, Приморское кольцо, 2",alfabank.ru,"'mon': 10:00-22:00, 'tue': 10:00-22:00, 'wed': 10:00-22:00, 'thu': 10:00-22:00, 'fri': 10:00-22:00, 'sat': 10:00-22:00, 'sun': 10:00-22:00",54.772375,20.549636,,['8 (800) 200-00-00Показать телефон'],"['https://ok.ru/alfabank', 'https://t.me/alfabank', 'https://vk.com/alfabank']"
1,139122283042,Альфа-Банк,"ул. Куйбышева, 2, Калининград",alfabank.ru,"'mon': 00:00-23:59, 'tue': 00:00-23:59, 'wed': 00:00-23:59, 'thu': 00:00-23:59, 'fri': 00:00-23:59, 'sat': 00:00-23:59, 'sun': 00:00-23:59",54.725820,20.528635,,['8 (800) 200-00-00Показать телефон'],"['https://ok.ru/alfabank', 'https://t.me/alfabank', 'https://vk.com/alfabank']"
2,167844286369,Альфа-Банк,"Пражский бул., 2А, Гурьевск",alfabank.ru,"'mon': 06:30-22:00, 'tue': 06:30-22:00, 'wed': 06:30-22:00, 'thu': 06:30-22:00, 'fri': 06:30-22:00, 'sat': 06:30-22:00, 'sun': 06:30-22:00",54.760023,20.601963,,['8 (800) 200-00-00Показать телефон'],"['https://ok.ru/alfabank', 'https://vk.com/alfabank']"
3,1684050888,Альфа-Банк,"Артиллерийская ул., 22, Калининград",alfabank.ru,"'mon': 07:00-00:00, 'tue': 07:00-00:00, 'wed': 07:00-00:00, 'thu': 07:00-00:00, 'fri': 07:00-00:00, 'sat': 07:00-00:00, 'sun': 07:00-00:00",54.731976,20.540796,,['8 (800) 200-00-00Показать телефон'],"['https://ok.ru/alfabank', 'https://t.me/alfabank', 'https://vk.com/alfabank']"
4,220674992032,Альфа-Банк,"Пражский бул., 2А, Гурьевск",alfabank.ru,"'mon': 07:00-23:00, 'tue': 07:00-23:00, 'wed': 07:00-23:00, 'thu': 07:00-23:00, 'fri': 07:00-23:00, 'sat': 07:00-23:00, 'sun': 07:00-23:00",54.761171,20.605690,,['8 (800) 200-00-00Показать телефон'],"['https://ok.ru/alfabank', 'https://t.me/alfabank', 'https://vk.com/alfabank']"
5,199636706915,Альфа-Банк,"Шатурская ул., 5, посёлок Васильково",,"'mon': 10:00-23:00, 'tue': 10:00-23:00, 'wed': 10:00-23:00, 'thu': 10:00-23:00, 'fri': 10:00-23:00, 'sat': 10:00-23:00, 'sun': 10:00-23:00",54.741769,20.580789,,['8 (800) 200-00-00Показать телефон'],"['https://ok.ru/alfabank', 'https://t.me/alfabank', 'https://vk.com/alfabank']"
6,23928038311,Альфа-Банк,"Пражский бул., 1Ж, Гурьевск",alfabank.ru,"'mon': 07:00-23:00, 'tue': 07:00-23:00, 'wed': 07:00-23:00, 'thu': 07:00-23:00, 'fri': 07:00-23:00, 'sat': 07:00-23:00, 'sun': 07:00-23:00",54.761937,20.605965,,['8 (800) 200-00-00Показать телефон'],"['https://ok.ru/alfabank', 'https://t.me/alfabank', 'https://vk.com/alfabank']"
