ID,name,address,website,opening_hours,ypage,lat,lon,rating,phone,social
244334932205,Альфа-Банк,"Тверская ул., 34, Колпино",,,,59.740987,30.611297,"3,8",,
11731633586,Альфа-Банк,"Ленинградская ул., 29, Пушкин",,,,59.726411,30.418941,"3,2",,
217503515137,Альфа-Банк,"Дунайский просп., 31, корп. 1, Санкт-Петербург",,,,59.834809,30.383628,"4,3",,
149084420390,Альфа-Банк,"Московский просп., 192-194, Санкт-Петербург",,,,59.863365,30.321599,"4,3",,
