,ID,name,address,website,opening_hours,ypage,lat,lon,rating,phone,social
0,139261920787,Альфа-Банк,"Коммунистический просп., 1А, рабочий поселок Линёво",,,,54.459735,83.376549,"4,9",,
1,227633141770,Альфа-Банк,"ул. Ленина, 42, Бердск",,,,54.761233,83.100605,"4,3",,
2,224681779681,Альфа-Банк,"Цветной пр., 2, Советский район, микрорайон Академгородок, Новосибирск",,,,54.839313,83.095359,"4,9",,
3,74979444632,Альфа-Банк,"ул. Пушкина, 40А, Искитим",,,,54.639419,83.303947,"4,3",,
