ID,name,address,website,opening_hours,ypage,lat,lon,rating,phone,social
205403345303,Альфа-Банк,"ул. Менделеева, 130, Уфа",,,,54.714382,56.00144,"4,4",,
1009613475,Альфа-Банк,"просп. Октября, 6, Уфа",,,,54.742678,55.989135,"4,3",,
96414574271,Альфа-Банк,"ул. Ленина, 32/1, Уфа",,,,54.727567,55.949017,"4,3",,
202783716281,Альфа-Банк,"ул. Маршала Жукова, 29, Уфа",,,,54.771746,56.058745,"4,7",,
103246309828,Альфа-Банк,"просп. Октября, 107А, Уфа",,,,54.782744,56.03176,"4,7",,
144021261595,Альфа-Банк,"Первомайская ул., 24, Уфа",,,,54.817407,56.0739,"4,4",,
