,ID,name,address,website,opening_hours,ypage,lat,lon,rating,phone,social
0,206484949647,Альфа-Банк,"пер. 1905 года, 14А, Томск",,,,56.493765,84.950622,"4,3",,
1,129397584545,Альфа-Банк,"Коммунистический просп., 63, Северск",,,,56.600832,84.886186,"2,9",,
2,207217458697,Альфа-Банк,"Комсомольский просп., 53, Томск",,,,56.475678,84.980986,"4,8",,
3,182138474693,Альфа-Банк,"Тверская ул., 18, Томск",,,,56.482926,84.971346,"4,4",,
4,150401836207,Альфа-Банк,"Красноармейская ул., 101А, Томск",,,,56.462526,84.965984,"4,6",,
