ID,name,address,website,opening_hours,ypage,lat,lon,rating,phone,social
7593713577,Альфа-Банк,"ул. Ленина, 21, Ижевск",,,,56.845244,53.222531,"4,5",,
126340246289,Альфа-Банк,"Пушкинская ул., 216, Ижевск",,,,56.854547,53.2115,"4,3",,
115786086912,Альфа-Банк,"Пушкинская ул., 173А, Ижевск",,,,56.841064,53.214877,"4,8",,
1790151169,Альфа-Банк,"Молодёжная ул., 87, Ижевск",,,,56.850117,53.29173,"4,4",,
