ID,name,address,website,opening_hours,ypage,lat,lon,rating,phone,social
37412738943,Альфа-Банк,"просп. Мира, 6, Краснокамск",,,,58.082493,55.746572,"4,0",,
1508016306,Альфа-Банк,"Автозаводская ул., 44А, Пермь",,,,58.006693,55.949339,"4,5",,
202115149010,Альфа-Банк,"ул. Мира, 70, Пермь",,,,57.979178,56.188031,"4,4",,
199133622801,Альфа-Банк,"ул. Ленина, 66, Пермь",,,,58.008943,56.229129,"4,3",,
80940794246,Альфа-Банк,"Комсомольский просп., 49, Пермь",,,,58.001343,56.247436,"4,4",,
1001810141,Альфа-Банк,"Советская ул., 45, Пермь",,,,58.014812,56.238613,"4,4",,
156790419524,Альфа-Банк,"Пермская ул., 17, Пермь",,,,58.015056,56.255162,"4,7",,
