ID,name,address,website,opening_hours,ypage,lat,lon,rating,phone,social
185830033641,Альфа-Банк,"Московский просп., 9/2, Пушкино",,,,56.010498,37.848098,"4,8",,
19095141006,Альфа-Банк,"Пролетарский просп., 9, Щёлково",,,,55.919937,37.996823,"4,8",,
1165641049,Альфа-Банк,"Олимпийский просп., 19, корп. 1, Мытищи",,,,55.923706,37.75705,"4,3",,
28258577430,Альфа-Банк,"ул. Мира, 26А, Мытищи",,,,55.916623,37.726736,"4,4",,
164819686969,Альфа-Банк,"просп. Космонавтов, 27Б, Королёв",,,,55.91352,37.868382,"4,4",,
