ID,name,address,website,opening_hours,ypage,lat,lon,rating,phone,social
14501981544,Альфа-Банк,"просп. Кирова, 65, Пятигорск",,,,44.03548,43.065216,,,
65030001401,Альфа-Банк,"Октябрьская ул., 1, Пятигорск",,,,44.037197,43.074676,,,
79190171247,Альфа-Банк,"Октябрьская ул., 1, Пятигорск",,,,44.037197,43.074676,,,
149964459678,Альфа-Банк,"Октябрьская ул., 1, Пятигорск",,,,44.037249,43.07502,,,
48451539636,Альфа-Банк,"Привокзальная площадь, 1А, Ессентуки",,,,44.048569,42.857077,,,
