ID,name,address,website,opening_hours,ypage,lat,lon,rating,phone,social
1232920239,Альфа-Банк,"ул. 70 лет Октября, 13/3, Омск",,,,54.982975,73.3174,"4,3",,
135702008778,Альфа-Банк,"просп. Мира, 54, Омск",,,,55.029456,73.2806,"4,4",,
1139237534,Альфа-Банк,"просп. Карла Маркса, 10, Омск",,,,54.973817,73.381659,"4,3",,
195335506618,Альфа-Банк,"ул. Маршала Жукова, 25, Омск",,,,54.984837,73.387346,"4,3",,
171003202283,Альфа-Банк,"ул. Богдана Хмельницкого, 162, Омск",,,,54.971833,73.411654,"4,4",,
228135213726,Альфа-Банк,"ул. Красный Путь, 61, Омск",,,,54.996097,73.356911,"4,4",,
