,name,date,text,stars,answer
0,Аннетка А,2024-04-22 15:45:43,"Обслуживание на высоком уровне, всегда готовы помочь и дать объяснения. Я не первый раз пользуюсь услугами Альфа-банка, и каждый раз остаюсь доволен качеством обслуживания. В их отделении имеется множество банкоматов, что обеспечивает удобство, поскольку не нужно стоять в очереди у единственного банкомата. Менеджеры всегда готовы предоставить консультацию и помочь с вопросами.",5,
1,Владимир Хоранов,2024-03-19 15:34:53,"Альфа банк по обслуживанию своих клиентов Близнец банку ВТБ.. если ты надумал пойти в эти банки.. возьми с собой раскладушку и что нибудь по есть.. т.к. пол дня твоей жизни придётся отдать в этих банках на ожидании сотрудников заведений!!.. И ещё, если захочешь не быть больше клиентом этих банков надо закрыть карту.. а потом годами ходить в банк, чтобы закрыть счёт!! Упаси Боже еще когда то иметь с ними какие то дела!!! Альфа банк так же не выплатил обещанные 2т. р. за регистрацию юр. лица на пользование их терминала и 1 т.р.за первую покупку товара.. Зачем обманывать, раз банк сам предлагает эти бонусы!?? Реклама по телеку банка Альфа-фарс и обман.. Никому не советую",1,"Здравствуйте, Владимир!

Простите, что заставили ждать.

Хотим во всём разобраться. Пожалуйста, расскажите подробнее о своём опыте, написав на почту: smm@alfabank.ru. 
В теме укажите: Претензия / Яндекс Карты / Владимир Хоранов. В тело письма вложите скриншот отзыва, а также ваши ФИО и дату рождения."
2,Zaur Bas,2024-04-18 18:06:21,"Лучший банк. Отделение по своему интерьеру и принципам работы ломает все стереотипы о скучных походах в банк. Удобная мебель и вкусное кофе поможет дождаться вашего менеджера... Именно так и работает. Вы садитесь в любом удобном месте и ожидаете пока подойдут к вам,а не бесконечные очереди в окошко.",5,
3,А,2024-03-04 20:45:58,"Очень медленное обслуживание. Оформила на сайте карту, пришло приглашение забрать её в отделении банка. Прихожу вечером, за час до закрытия, предположила, что вопрос легко и быстро решаемый, но сотрудник банка так не думает ))) и сразу говорит, что сегодня не успеете получить. Хорошо, спрашиваю, какие есть варианты: завтра вечером могу прийти - нет, могу записаться в любой день на определенное время - нет, у нас такой услуги нет. Говорю - хорошо, тогда как можно получить карту? Приходите завтра в первой половине дня, иначе не успеете. Вы серьёзно? 😂 21-й век цифровых технологий и очереди из 90-х годов. Полдня ждать в отделении, чтобы просто получить заранее заказанную карту? Нет, конечно. Обращусь в другой банк, который больше заинтересован во вкладчиках. Может через пару лет в банк наберут более расторопных сотрудников, а не медлительных и незаинтересованных в количестве клиентов.",1,"Здравствуйте.
Извините за такой опыт 😔
Если в офисе большая нагрузка, можем заранее предупредить, что не успеем принять всех клиентов, чтобы вы не тратили время на ожидание."
4,Адам Смит,2024-03-06 09:59:41,"ужасный банк, время ожидания даже не в час пик - оставляет желать лучшего ( очень очень долго), не советую даже приходить в утренний сервис, максимальная давка в помещении, люди идут без очереди, запись по талонам не работает, лишь просидите, а может и простоите без дела кучу времени ожидая пока к вам подойдет один из немногих специалистов, придёте и потратите своё время. Самое минимальное время ожидания час, может и больше. Очень маленькое помещение, людям приходится ждать снаружи.",1,"Здравствуйте.
Извините, если заставили ждать 😔
Из-за большого количества обращений время ожидания может быть дольше, чем хотелось бы. Постараемся сократить очередь."
5,Верон6 Базаева,2024-03-21 16:37:36,"Не смотря на то что ожидание долгое, как клиент банка могу сказать одно! Спасибо большое за 500р , спасибо за кэшбэк который возвращается с каждой моей покупки и заправки, люди которые ничего не понимают, пользуйтесь пожалуйста наличкой) 
И не нужно обсырать то что вы не поняли или не понимаете, дай Бог в Беслане тоже откроют отделение банка , будет очень круто ❤ 
Сотрудники вам сил и нервов столько клиентов обслужить очень трудно ❤",5,
6,Мария Г.,2024-02-26 15:16:34,"К персоналу претензий нет, все вежливо. Претензии к системе и помещению. Слишком маленькое, люди сидят впритык друг к другу, кашляют друг на друга , нет кулера. Терминал не работает, людей очень много, а работают только до 6, когда многие люди только освобождаются с работы. Пришли и ушли ни с чем. Теперь каждый день туда кататься ?",2,"Здравствуйте, Мария.
Примем к сведению ваши замечания, подумаем, что можно сделать 🙌"
7,Инкогнито 5879,2024-02-14 12:35:16,"Обычный российский банк) приятная атмосфера, доброжелательный персонал, всё подскажут, всё покажут, всё объяснят. Минусов не могу сказать, может пока не столкнулся)",5,
8,Вадим Тедеев,2024-02-25 19:18:03,"Не было печали , но по телефону предложили кредитную карту. Пришел в офис и все оказалось не так красиво . Карта не та и не на ту сумму. Но перед тем как озвучили сумму, заполнили личные данные. Отказался от карты и ушел. В тот же день начались звонки от мошенников. Личные данные утекли.",1,"Здравствуйте, Вадим.
После оформления сначала озвучиваем предварительное решение. Окончательное принимаем в офисе после проверки документов, поэтому лимит может отличаться.
Данные клиентов не передаём третьим лицам. К вопросу безопасности относимся серьёзно."
9,Залина Гаспарова,2024-04-24 19:08:33,"Начиталась отзывов и, честно говоря, приготовилась к худшему, когда пошла получать заказанную кредитную карту. И очень удивилась, что очереди в банке нет, сотрудники все на месте, работают, тихо все спокойно, ни кто не скандалит. Потратила я 15 минут своего времени, получила кредитку, пользуюсь и радуюсь.",5,
10,Элеонора Ваниева,2024-02-16 09:44:15,"Нормальный банк, приятная атмосфера. Спасибо Яне за решение моей проблемы! Очень грамотный, приятный специалист 👌🏽👍🏼",5,
11,залина баева,2024-03-20 21:54:40,"Отличный банк хорошим условия. Но так как только открылся, очень не хватает сотрудников для обслуживания. Ожидание пока очень долгое.",5,
12,Аслан,2024-03-30 17:37:19,"Записался заранее через приложение, пришел с опозданием, но все равно обслужили быстро. Помещение маленькое конечно. А девочки красивые работают)",5,
13,Тимур,2024-03-24 04:57:59,"Приветливый и компетентный персонал. Небольшой минус в том, что маленький зал и при наплыве людей возникают столпотворение и очереди",4,"Здравствуйте, Тимур!
Спасибо за ваш отзыв. Учтём ваше замечание и будем работать над этим."
14,Кристина Кристина,2024-02-06 10:58:55,"Оооооочень долгое обслуживание. Надо что-то с этим делать… На 15 человек, 2 специалиста. Сижу в очереди часа полтора и меня еще не приняли.
Звезда за дизайн помещения 😂",1,"Здравствуйте, Кристина.
Извините, если заставили ждать 😔
В период нагрузки время ожидания может быть дольше, чем обычно. Примем меры."
15,Владислав Влад,2024-04-07 18:58:38,"Был в командировке, зашел поменять номер на карте для смс.
Все четко, быстро.
Молодцы!",5,
16,Ева Бучниева,2024-02-20 05:45:43,"Как до этого говорили и ожидание долгое, так еще не замечают как клиента, минус за клиентоориентированность и доброжелательность",1,"Здравствуйте, Ева.
Удивлены прочитанным 🤔
Из-за большого количества обращений время ожидания может увеличиться, извините за это.
Проверим работу сотрудников и примем меры."
17,Заурбек Байцаев,2024-01-18 08:28:35,"Отличный современный офис, приятные и вежливые сотрудники.",5,
18,Сергей Шеметов,2024-04-22 07:49:03,Всё очень понравилось персонал добрый всё объяснил всё сделал,5,
19,Сима Темирова,2024-05-03 15:13:27,"Кошмар. Просидела 1,55 мин. В результате мне сказали, что рабочий день закончился. Не советую.",1,
20,Инкогнито 3693,2024-01-22 19:07:21,Грамотно и быстро обслужили.карту оформила онлайн,5,
21,German Karaev,2024-04-04 08:56:11,Отличное обслуживание. Спасибо,5,
22,Лали М.,2024-02-13 11:52:21,Очень очень долгое ожидание. Два часа.,3,"Здравствуйте.
Простите, что пришлось ждать 😔
Из-за большого количества обращений обслуживать можем дольше, чем хотелось бы. Постараемся исправить ситуацию."
23,Дмитрий Петрин,2024-04-20 10:46:07,Класс!,5,
