,name,date,text,stars,answer
0,Sergey Sufiyarov,2024-01-08 16:12:20,"К персоналу ни малейших претензий - все вежливы, готовы помочь. Еще из плюсов - два банкомата круглосуточно. Но само помещение, по-моему, мало подходит для банковского офиса: уровень приватности в основном зале стремится к 0 - ожидающие своей очереди вынужденно сидят слишком близко из-за малой площади. 
Впрочем, лучше такой филиал, чем вообще никакого. Да и в сравнении с Птицефабрикой у нас еще очень даже ничего.",3,
1,Олег Песчанский,2024-04-22 12:12:27,Прекрасный банк очень хорошие сотрудники помогают кто что-то не знает сотрудники отзывчивые очень хорошее обслуживание,5,
2,Елена М.,2024-01-22 14:38:25,"Он единственный на районе так что это и хорошо! Редко обращаюсь, но всегда приветливые сотрудники. Банкоматы работают, но иногда по одному)))",5,
3,Нина Касимова,2024-04-22 16:08:09,"Хорошее отделение, обслуживают быстро. Никаких очередей днём нет. Сотрудники доброжелательны, внимательны к посетителям. Видно, что заинтересованы в новых клиентах. Рекомендую.",5,
4,Елена Казакова,2023-12-27 13:20:48,Очень ответственные вежливые работники. Один минус долго в очередях сидишь иногда и могут в запаре пропустить твой талон и не признать. А так отличное отделение!,4,
5,Татьяна Казакова,2024-03-09 10:54:57,"Хорошее отделение банка. Всегда подскажут, помогут. Самое главное, что есть в нашем микрорайоне",5,
6,Наталья С.,2024-02-13 13:36:57,"Закрыли дверь за пару минут до закрытие прямо перед носом, кто успел зайти - те там и их приняли. Я Гугл картах информация что до 19.00 работают",2,
7,Алексей Сергеев,2024-02-10 15:23:11,Отличный персонал! Всегда остается приятное впечатление! Молодцы!,5,
8,Sveta Airbender,2023-07-17 12:00:05,"Всегда очень долго обслуживают, вплоть до того, что пропускают вперёд пришедших позже, приходится отстаивать свои права .
Думаю, что это просто из-за непрофессионализма, не знают элементарно, сколько времени деньги будут зачисляться мне на карту через их кассу если класть, не знают, что у них старые банкоматы, и в них нельзя снять деньги через Сбербанк онлайн QR кодом.",2,
9,Василий Сокольских,2023-05-17 12:49:20,"Работают специалистки высочайшего разряда, дружно, качественно, энергично. Прямо вот, хотелось бы отругать, вот хоть к чему нибудь придраться, но нет. Могу только похвалить, молодцы девушки.",5,
10,Елена Р.,2023-01-11 17:19:54,"Единственный офис в шаговой доступности на посёлке Компрессорный. Всегда много клиентов, нагрузка очень серьёзная. Сотрудники терпеливы, отзывчивы, профессиональны. 🙏💕",5,
11,Ксения лапина,2024-03-29 15:42:12,"Это Сбербанк! Тут даже говорить ничего не надо. Сотрудники занимаются своими делами, работать не стараются.",1,
12,Елена Третьякова,2023-09-28 14:58:35,"Это потрясающее отделение .гнездо перфекционизма.если вы такой ,то вы должны обслуживаться только в этом отделении.молодцы каждая цифра и буква будет обследована.молодцы.",5,
13,Андрей Ш.,2022-09-14 18:31:27,"Зашел просто получить готовую карту. Ожидание составило 41 минуту. Причем 2 сотрудника сидели с 2 бабушками, предлагая им допуслуги и подписки.

(Ранее также возрастному тестю выдали кредитную карту со словами, что вам не придется платить... Когда вместе пришли ее закрывать, спросил - ""Зачем вы это делаете?"" Ответили - ""Не отпускайте его одного?"")

Затем без спроса и, несмотря на мои возражения, стали фотографировать меня для биометрии. Якобы, мы сделаем, а потом отправим вас в другое окно, чтобы написать заявление на отказ,

Ну и вишенкой на торте стал таракан, ползающий по экрану банкомата. На замечание сотруднице, та ответила, что это ""очень хорошо"".

К тому же, очень часто не работают банкоматы и скапливаются очереди.",2,
14,Наталья Шубина,2023-06-27 18:44:06,хорошее отношение вежливые консультанты банкомат работает хорошо местоположение удобное,5,
15,Ольга М.,2023-01-12 15:08:00,"Не удобный режим работы: после работы не успеваю, в выходные не работают. Если нужно отделение банка, а не банкомат, необходимо куда-то ехать. Раньше, когда отделение банка находилось в другом месте, работали до 20 и в субботу. Было удобно",1,
16,Светлана Вялик,2023-08-11 11:45:52,"Маленькое отделение, медленно работает, всего 2 банкомата, 1 еще и сломан часто. Очередь по 15-17 человек на улице. Позор!",2,
17,Роман Кабаков,2022-10-28 13:11:16,"хорошее отделение. в принципе всегда получается то, за чем пришел )))... но места внутри маловато - тесно... особенно в комнатке с банкоматами - люди стоят часто на улице в очереди",4,
18,ольга сыропятова,2023-04-02 16:28:14,"Обслуживание на 5.персонал вежлив, объясняет доступным языком. Клиентов не много, поэтому очередей нет",5,
19,Марина Доронина,2021-12-17 18:23:05,"Если честно, мне не очень нравятся отделения Сбербанка потому что ну либо монополисты!!!! Либо не уделяют кадрам должного внимания( можетз.п не соответствует), но хотелось бы более КАЧЕСТВЕННОГО и деликатного внимания к клиенту!!! Так вот!!!! В этом отделении НА УДИВЛЕНИЕ!!!!!! Очень вежливые, добросовестные, профессионалы!!!!
Правда приятно удивлена, что грамотно, быстро решили вопросы!!! Но и не только!!! Нашлось время на предложения от банка и качественного рассмотрения предложения!!! Не смотря на то что это единственный сбер на ОГРОМНЫЙ РАЙОН!!!!",5,
20,Максим Кузнецов,2022-08-23 16:00:57,"Не плохое отделение сбера! Персонал вежливый, всегда поинтересуются что нужно! Но с персоналом как и везде беда, хотелось бы чтобы когда наплыв поситителей, сотрудников было побольше, а не 2 рабочих окна))))",5,
21,Юрий,2023-08-03 16:13:10,"Очень приятное отношение к клиенту. Девушки стараются. В офисе прохладно, в жару хоть не выходи.",5,
22,Юлия Силина,2023-06-06 15:42:08,Приветливые сотрудники. Обслуживание быстрое и профессиональное.,5,
23,Павел Бурдыгин,2022-09-12 14:50:13,"На большой район, маленькое отделение, мало специалистов. Постоянно очередь. Но есть плюсы. Хорошие консультанты. Дождешься своей очереди, вопросы решаться.",2,
24,Даша Стеблина,2022-08-18 15:27:38,"Обслуживание на высшем уровне, отношение к клиентам к каждому особое,персонал отличный,время ожидания приемлемое",5,
25,Константин Лангер,2023-10-27 11:10:50,Всё нормально. Удобно и по человечески,5,
26,Антон Моисеев,2021-04-16 06:37:49,"Самое ближайшее отделение Сбербанка от моего дома, поэтому часто захожу сюда. Можно снимать с карты и наоборот закидывать на карту деньги в любое время, так как банкоматы работают 24 часа (это плюс). В целом перебоев с работой банкоматов не наблюдал. Однако очень маленькое помещение, где стоят банкоматы, не развернуться (это минус). Количество банкоматов тоже хотелось бы увеличить, так как поток людей проходит большой через данное отделение. В остальном всё как во всех отделениях. Оценка 4.",4,
27,Андрей Иванищев,2023-05-30 15:20:49,"Все хорошо, за исключением обслуживания. Персонал вежливый,но медленный по тому и очереди всегда. При чем просидеть можно около часа или больше с будучи вторым в очереди.",4,
28,Евгения Акулова,2023-05-04 13:17:46,"Ужасно долгое ожидание, и это не разовое а регулярно так. Не важно с каким вопросом ты придёшь, готовь час потратить на ожидание... Нигде такого не встречала. Один - два оператора работают, обслуживают долго...",1,
29,Моккочи,2021-04-26 05:57:57,"очень плохое отделение, с непрофессиональным персоналом, обращался в него 4 раза. из них помогли и ответили на все вопросы только 1 раз и 3 разных человека. В остальные разы грубили, переводили на другово клиента не ответив на вопрос, чтобы быстрее освободил место.
крайне не рекомендую, есть возможность обратится в другой филиал лучше туда.
В любом другом филиале: и помогали и отвечали, а если и нет то подсказывалу куда и как обратится чтобы помогли с решением вопроса и грубости нет.",1,
30,Олеся Л,2024-01-16 15:57:32,Сбер везде хорош,5,
31,Veta Veta,2023-09-14 12:12:11,Удобно электронная очередь сиди и жди .,5,
32,елена филимонихина,2021-12-16 11:11:50,"Нравится, хотя бывает много народу, но т. к работают все окна очередь быстро проходит, все работают чётко.",5,
33,Татьяна Прибылова,2021-12-24 12:15:27,"Сам банк может и ниче.обслуживание супер ,всегла встретят помогут, чувствуешь что тебе рады 😀но постоянная очередь к банкоматам удручает сильно. Постоянный толпы к банкоматам",2,
34,Max Leeegend,2023-04-28 14:47:25,"Очереди очень большие ,много ошибок очень много",3,
35,Житяева,2021-10-16 06:24:29,"Такой же, как и все филиалы банков. Всё хорошо. Очередь меньше чем на ЖБИ например.☝🏼☺ Нас устраивает. Сотрудники обходительные и вежливые.",5,
36,Владимир К.,2023-02-25 13:19:45,"Достаточно быстро, ждать не приходится, работают девушки быстро.",5,
37,Александра Карагодина,2023-08-04 16:22:12,Работники всегда с недовольными лицами....,3,
38,Анна Окунцева,2021-12-29 11:17:50,Хорошое отделение. Всегда все доступно. Но иногда очень большие очереди в банкомат.,5,
39,DmitryKa,2020-06-28 16:20:44,"Нет парковки. Очередь. Банкоматы сбербанка вообще отдельная история. IBM386 с Windows 95, на мой взгляд, работает стабильнее и быстрее! Из плюсов - раздельные залы банкоматов и интерактивного обслуживания.",3,
40,Юра Комаров,2023-07-27 16:18:42,Только положительные отзывы!!!,5,
41,Наталья Львова,2022-01-02 02:27:52,"Сотрудники очень вежливы, каждого выслушает и максимально удовлетворять потребности",5,
42,Севиль Муслимова,2023-01-13 18:00:57,Отличное и быстрое обслуживание,5,
43,Егор Черемных,2024-04-30 14:28:47,Быстро,4,
44,Александр Гуркин,2022-06-10 21:18:28,Банкоматы работают круглосуточно. Единственное график работы не очень самого банка.,5,
45,Елена КУЗНЕЦОВА,2023-01-23 01:41:36,Отличное внимательное обслуживание .,1,
46,Людмила,2019-02-18 14:29:18,"Бываю в этом отделении не часто, но всегда работники встречают с улыбкой. Сотрудники работают как пчелки, всегда вежливы и доброжелательны!!! Чувствуется атмосфера заботы и заинтересованности, всегда подскажут и посоветуют, что и как сделать. Не оставят без внимания ни один вопрос! Спасибо за хорошую, не всегда быструю (поселок растет, появляются новые дома, много новых жителей), но очень качественную работу!",5,
47,Евгений,2021-12-25 14:43:30,"Очереди на улице.
Работает 1 банкомат на прием, на весь район.
До ближайшего банкомата ехать 25 минут на машине.",2,
48,вася пономарев,2021-10-27 13:51:18,"Пару раз был тут, отзывчивые и вежливые обслуживание. Банкомат съел карту быстро достали.",5,
49,Александр Смирнов,2021-07-19 17:07:00,"Сбер как сбер, единственный на районе, банкоматы круглосуточные, а вот сам банк работает не до поздна к сожалению. Очень не удобно.",4,
50,Анна Полтавцева,2022-11-05 11:55:06,Отзывчивый персонал. Хорошее место,5,
51,Михаил Дунаев,2023-05-04 17:17:58,Сбер как всегда на уровне.,5,
52,Aleksandr Shklyarov,2022-07-22 15:06:45,"Банкомат не круглосуточный, но место отличное.",5,
53,Роман Тарасенко,2021-10-09 16:47:04,"Довольно быстро обслуживают, хотя поток людей довольно большой. Новую карту получил за пять минут.",5,
54,Иван Клименко,2022-06-06 15:07:09,Постоянная очередь в банкомат. Банкомат работает очень медленно,3,
55,Людмила,2022-10-23 17:30:05,Отделение с компетентными работниками.,4,
56,Наталья Ш.,2020-01-16 05:11:00,"Ранее обращалась в отделение банка, на латвийской 27. Для получения карты moment- рассказали все подробно и понятно, и сразу же оформили карту именную, а самое главное то что сохранился счёт без изменений. Спасибо, что выручили так как требовалось осуществить срочный перевод",5,
57,Александр Ярославцев,2022-07-23 14:59:08,"Круглосуточное обслуживание, снятие и прием наличных",5,
58,иван Иванов,2021-08-01 05:50:07,Всё нормально но есть одно большое НО! Персонал очень долго обслуживает,3,
59,Наталья,2022-07-12 15:44:16,Ставлю 5 звёзд за круглосуточные банкоматы.,5,
60,Елена Гурлебаус,2022-12-13 05:56:42,Очень долго сидеть в очереди,3,
61,Сергей Сергеевич Ярушин,2023-04-15 17:28:02,"Нормально, пусть",5,
62,Светлана Казанцева,2021-08-28 17:38:08,Отвратителье отделение В МИРЕ. очереди!!! Обслуживание медленно!!! Нет внесения наличных!!!,1,
63,Ирина Ку,2022-02-09 07:28:44,"Банкоматы часто подтупливают, ломаются и пустуют наличкой",4,
64,Aleks S.,2019-08-30 13:09:43,"Ужастно долго ждать. Работает одно окно, а если два то всё равно долго обслуживают клиента. Навязывают платные услуги в ввиде страховки, а говоряд что это абсолютно бесплатно, только через некоторое время приходит смс что если им не отправить смс с кодом то автоматически спишется сумма, а чтобы это оключить надо придти в банк и написать заявление.",1,
65,Анна Семенова,2021-12-14 14:59:10,Все хорошо. Персонал отличный.,5,
66,mary636,2019-11-19 05:59:21,"Администратор, девушка то ли глупая, то ли что, полчаса тыкала в телефоне ничего не объяснив, как потом оказалось, она пыталась завести онлайн банк, а спросить не судьба? Есть он или нет, нужен или нет? Просто жаль потерянного времени.",1,
67,Денис Русинов,2022-11-11 17:27:03,Быстро и четка,5,
68,Мария Рейзина,2023-03-11 18:02:06,Обслуживание,5,
69,Алексей Ш.,2019-08-21 07:46:13,"Типичный сбербанк, очереди несмотря на электронную очередь, долгое время ожидания, потому что нет персонала и из 10 операторов на месте 4. Банкоматы работаю не всегда, либо работают но не принимают деньги.",3,
70,OXANA,2019-08-07 05:26:36,"Ужасное обслуживание(((( все очень медленно, при очереди в 10 человек, работают 3 специалиста! Получить готовую карту получилось за 1,20! Возмутительно, что на такой район один банк и тот работает на неделе до 18.00 и ни дня в выходные(((((",3,
71,Краса Урала,2021-03-12 05:37:16,"Вежливый персонал,есть круглосуточный терминал.",5,
72,Е,2019-04-06 17:04:50,"Круглосуточно работает банкомат.
В самом банке электронная очередь. Вежливые консультанты, всегда проконсультируют грамотно.",5,
73,Александра Зимних,2019-10-01 19:10:42,"Отвратительный график работы, если ваш рабочий день 5/2 с 9 ти до 18 то вы никогда не сможете попасть в это отделение банка, так же очень плохо работают двери у входа к банкоматам !",2,
74,Анна Асхатова(Сахарова),2020-06-09 03:41:35,"С новой системой очереди по талонам стало удобнее. Теперь нет такого, что занимают на несколько человек.",4,
75,Александр каленчук,2019-08-18 13:25:18,"Рядом с домом консультанта объясняют всё грамотно, срочно нужны были деньги девушка помогла вечером пришли на карту",5,
76,Александр И.,2019-08-19 12:35:59,"из плюсов - достаточно быстро перевыпустили карту,
минусы - как ни придёшь, всегда толкучка возле банкоматов, т.к. один или два банкомата их 3х не работают",3,
77,Olga,2020-02-09 05:23:43,Лучший банк. Спасибо за вашу работу. Работницы банка все как на подбор красавицы и умницы!,5,
78,Татьяна Соловьева,2020-05-19 12:53:05,В банке очень хороший консультант.Всегда поможет и подскажет как и лучше заплатить,5,
79,Vinoku,2020-06-21 17:29:56,мне нравится там работает такая девушка прямо в коридоре такая умница и так она помогает просто чудо почему ее не повышают а следовало на нее обратить внимание,5,
80,людмила рублева,2020-04-13 15:01:12,Рядом с домом. Хорошее обслуживание. Круглосуточный банкомат,4,
81,Ася Ш,2021-08-15 12:09:41,Всегда очереди. Неработающие банкоматы.,1,
82,максим пермикин,2021-12-10 12:39:59,Много народу на банкомат,5,
83,александр ефимов,2020-09-15 15:45:53,"Хорошее отделение сбербанка, вежливый персонал.",4,
84,Екатерина Ж.,2020-02-11 12:40:16,"Небольшое отделение, вежливый персонал, уютно и мило.",5,
85,Геннадий Пономарев,2021-11-14 16:20:12,Провинциальное отделение.,3,
86,Tatiana Kazakova,2021-09-21 15:17:03,Пользуюсь. Всё устраивает,5,
87,Elena Golub,2019-10-15 17:34:20,"Персонал вежливый , народу не много. консультанты, отзывчивые.",5,
88,Таисия Белашова,2021-12-04 12:04:47,"Пользуюсь, рекомендую",5,
89,Мария Халиуллина,2021-07-24 11:12:54,Работаю хорошие специалисты,5,
90,сергей колясников,2021-02-19 02:52:07,К банкоматом утром не зайдёшь дверь не открывают,1,
91,PSmain,2020-05-28 18:24:06,"Расширены площади, адекватно. Три банкомата. Хорошо",5,
92,Александр Горюнов,2019-12-27 16:33:24,"Хорошее отделение, очереди практически не бывает, доступ к банкоматам круглые сутки",5,
93,Альберт Миниянов,2018-06-18 07:15:42,"В общем вроде всё не плохо, но вечно неработающие банкоматы просто убивают, часто приходится пользоваться банкоматом для пополнения карты, а банкомат либо совсем не работает, либо не работает пополнение.",3,
94,тимур газизов,2021-07-02 07:49:38,Очень любезные работники,5,
95,korn_ey,2021-08-13 12:24:35,зеленый как зеленый,5,
96,ekat19615,2020-01-24 17:34:09,"Работники внимательные , всегда подскажут как делать .",5,
97,София Карташова,2021-05-15 03:45:24,Часто не работают банкоматы,5,
98,лилия трякина,2020-07-13 13:32:12,"Работают быстро, с уважением относятся к клиентам",5,
99,Alex Nos,2020-07-17 08:59:05,Продлили график работы на час и теперь работают до семи,5,
100,Аня Д.,2019-11-20 12:27:29,"отличный персонал ,всё доходчиво объясняют",5,
101,Людмила,2020-01-11 00:48:54,Хорошее обслуживание. Профессионально.,5,
102,Маргуша мотринова,2020-02-15 06:46:41,"Грамотные консультанты, но часто меняются, быстрое обслуживание",5,
103,Александр,2020-02-02 13:33:50,после рабочего дня бывают очередь в банкоматы и это плохо:(,3,
104,Эдуард Марков,2021-11-29 10:17:29,Отлично,5,
105,Евгения Еремеева,2021-11-10 13:07:00,"Всё норм,",3,
106,Анастасия Пашкова,2020-01-06 08:24:55,"в будни работает до 18, и не работает в выходные - нормальному человеку не попасть...",2,
107,Наталья К.,2019-02-15 03:37:09,Хорошее отделение с вежливыми сотрудниками и крайне неудобным рабочим графиком,4,
108,Клара,2019-11-30 05:54:19,Не работает в выходные. Очень плохо в наше время.,2,
109,сергей багин,2019-10-11 15:12:32,Очень хорошее обслуживание и быстро,5,
110,людмила з.,2019-11-05 08:57:36,Все устраивает и отношение сотрудников о личное.,5,
111,Сергей,2020-05-18 00:53:11,"Когда необходимо, то рядом.",5,
112,Рустам Ш.,2019-10-31 15:37:48,Все вежливые приятно зайти,5,
113,Андрей Белоусов,2021-07-13 14:47:15,Удобно,5,
114,319405 Кудашев,2021-09-03 14:27:56,Отличный,5,
115,Максим Никулин,2020-04-22 05:05:48,Хрень на компрессорном,1,
116,Oleg M.,2020-03-13 04:54:33,Всё на высоком уровне.,5,
117,saha6696,2020-09-02 06:50:08,Вечная очередь,2,
118,Мария Горшкова,2019-09-24 04:31:09,Единственный сбер на компрессорном,5,
119,Валерия Ульянчева,2019-10-27 11:39:40,классное обслуживание,5,
120,Максим,2020-02-15 17:13:49,Не плохое отделение.,5,
121,Алексей Шерстобитов,2018-03-05 17:52:48,"Новое, хорошее отделение с позитивными сотрудниками",5,
122,Иван Р.,2019-11-24 08:54:10,Хорошее обслуживание,5,
123,марат г.,2018-06-28 07:58:52,Всегда рядом всегда есть банкоматы,5,
124,Светлана Л.,2019-12-14 04:38:37,Вежливые сотрудники,5,
125,Валерий Валерий,2019-08-06 13:40:06,Нет очередей,5,
126,Костя Б.,2018-06-17 11:46:13,Долго ждать очередь,2,
127,Татьяна Б.,2016-11-12 06:38:49,"График работы ужасный, хотя бы в субботу работали",0,
