,name,date,text,stars,answer
0,Антон Б.,2024-01-18 12:30:11,"Замечательное отделение. Всегда подскажут, помогут. Расположено внутри университета, при входе слева до поста охраны. Могут зайти все желающие. Есть сбер почта. Можно получить товар, комфортные места ожидания. Два банкомата около отделения.",5,
1,NatalyL,2023-12-02 07:27:32,"Хороший офис, сотрудники всегда вежливы и стараются работать оперативно и индивидуально с каждым клиентом. Есть также пункт доставки - тоже никаких нареканий)) рекомендую",5,
2,Максим В.,2023-08-18 02:06:02,"Остались только хорошие впечатления. Можно воспользоваться всем желающим, не только студентам, хоть и расположено в здании Университета, попасть туда можно, не проходя через охрану. Сотрудники всегда готовы помочь, подсказать. А ещё там отличный кофе)))",5,
3,Светлана,2023-08-27 17:35:40,"Обслуживание в этом отделении очень даже отличное, персонал заботится о своих клиентах, ответят на все вопросы, подскажут и помогут как правильно всё сделать! Спасибо за ваш труд!!!",5,
4,Роман С,2024-02-07 18:24:35,"Приходит много иностранцев с института - зачем отделение Банка с сотрудниками, которые не владеют другими языками.",3,
5,Andrei Korelin,2022-02-21 13:45:40,"Удобное расположение, отзывчивый персонал. Грамотные консультанты. Всегда помогут и придут на помощь. Кофе большой бонус. Есть точка отправки корреспонденции. Бесплатная зарядка беспроводная - приятная и полезная неожиданность.",5,
6,Михаил,2023-09-26 12:46:52,"Такое себе отделение банка, я бы поискал и заехал в другое. На вкус и цвет как говорят товарищей нет, лично мне атмосфера данного отделения банка не понравилось",3,
7,Лина,2023-04-26 19:02:59,"Обычное отделение Сбера, но если ты студент УрФУ, то это будет самым удобным местом для решения различных финансовых вопросов. Оформление карты, кредита и так далее. Далеко ходить не придется .",4,
8,Tanya Novichkova,2023-08-22 10:15:20,"Очень вежливый персонал. Работают быстро, ничего лишнего не подключают, обо всем информируют. Впервые встречаю таких профессионалов!",5,
9,Инкогнито 5643,2024-02-10 17:46:47,Это наш банк!спасибо Надежде Сергеевне всегда помогут и направят!,5,
10,Мария Мукосеева,2023-08-22 13:46:26,"Очень отзывчивый персонал. 
Удобно, быстро, внимательно.",5,
11,Станислав Придвижкин,2023-05-24 03:07:34,"Шустро, удобно и на месте. Для сотрудников и студентов лучший вариант",5,
12,Ирина,2022-12-26 09:41:46,"Очень быстро помогли решить проблему, в шаговой доступности , очень удобно",5,
13,Марьяна,2022-06-10 13:20:59,"В этом отделении СберБанка всегда приветливы, проконсультируют максимально подробно. Один минус,что работают только когда ВУЗ открыт.т",5,
14,Инкогнито 1326,2023-03-25 14:54:43,"Самое лучшее отделение Сбера!
Всё на самом высшем уровне!",5,
15,Elena Васина,2023-08-13 14:52:28,Один из лучших офисов в городе Екатеринбург,5,
16,Любовь Рябкова,2023-09-08 11:24:48,Хорошее отношение к клиентам .,5,
17,Абделрхман Гомаа,2023-02-25 13:31:27,Очень помогающие и профицианальные сотрудники.,5,
18,Ирина Ирина,2021-03-06 05:18:56,Компетентные и доброжелательные сотрудники. Удобное расположение. Основные посетители - сотрудники и студенты УрФУ.,5,
19,Andrey Andrey,2021-06-19 10:56:26,"Юные сотрудники офиса ужасны; те, что постарше, - просто супер. Все было бы неплохо, в этом отделении, но конечно это банк сам по себе - это воплощение адского кошмара",3,
20,Галина Шульгина,2021-05-28 13:46:56,"Фактически на работе, близко, удобно, быстро, персонал вежливый, поможет решить любой вопрос.",5,
21,uspvktrr,2023-02-21 18:41:36,"Не самое быстрое обсуждение, зато очень удобно для студентов",4,
22,Sami M.,2023-04-15 16:02:39,они там очень милые♥️♥️,5,
23,ooooomegooooo,2022-11-22 15:38:53,"Сбербанк как Сбербанк, ничего плохого.",5,
24,Ярно Матармаа,2023-03-27 05:36:03,Хорошее обслуживание,5,
25,Ксения Данилова,2020-07-03 11:30:54,"Вежливые сотрудники, спокойная обстановка. Немного не хватает количества сотрудников. В пики очередь большая",5,
26,Татьяна П.,2022-08-11 14:26:34,очень отзывчивый персонал,5,
27,Виталий Пирожков,2021-07-28 13:20:59,Хороший филиал банка. Персонал грамотный и решает все вопросы.,5,
28,Кира Соловьева,2022-07-06 15:07:45,Самый лучший Сбербанк!,5,
29,Андрей Болтенков,2019-10-17 04:36:19,"Есть банкоматы, операционный зал с консультантами, компьютера с выходом в личный кабинет. Очень удобно.",5,
30,Лариса,2019-08-02 13:11:53,"Хорошее отделение, приветливые сотрудники, быстрое обслуживание.",5,
31,Александр Сердитов,2022-07-13 05:19:57,Ок,5,
32,Ольга М.,2019-08-09 14:37:50,"Очень тесно, длительное ожидание. Персонал отзывчивый и внимательный.",4,
33,алексей степанов,2021-09-01 15:12:48,Хороший офис,5,
34,фывфыв ф.,2018-08-29 05:21:08,"неудобное время работы, особенно, после того, как закончил путягу",3,
35,paltys2006,2019-09-06 15:48:19,Отличный банк можно сказать лутший,5,
36,Игорь,2019-11-08 16:25:33,Хороший персонал.,4,
37,Пётр,2018-06-02 12:08:27,Единственный минус это большая очередь в час пик.,5,
