,name,date,text,stars,answer
0,Эльвира Таранова,2022-08-25 17:40:17,"Нет сотрудника, зарплата что-ли маленькая?! Вот и мучается все село без ьанка",2,
1,Евгения,2022-11-02 15:59:59,мало того он один в нашей деревне дак ещё и работает раз через раз,3,
2,Ирина Булдакова,2022-04-30 14:24:47,"Была впервые ,один оператор ,но для нашего района хорошо ,что вообще он есть",4,
3,Надежда Верлока,2021-03-02 07:08:06,Очень вежливая отзывчевая девочка сейчас работает очень рады что сейчас она у нас!!!,5,
4,Даниил Морозов,2021-08-30 15:45:24,"Постоянные очереди. Оператор долго обслуживает, рекламирует услуги банка, банк ужасный",3,
5,Юлия Садихова,2021-08-28 20:44:10,"Хороший оператор, грамотный",5,
6,Михаил П,2020-03-11 11:15:31,"Дополняю: Сбер находится в том же помещении что и почта, только комната другая",5,
7,Михаил Мишкин,2020-03-27 07:28:38,Очень чисто и вежливая сатрудница банка,5,
8,Алимурад Алимурадов,2019-12-05 07:48:57,Не нужно не куда ехать вышел из дома вот он и банк 👍👍👍,5,
9,Андрей Галкин,2020-03-10 18:02:20,Очень неудачное место в подворотне,1,
10,Катя Хоменко,2018-08-03 10:08:50,По моему вопросу все устроело.,5,
