,name,date,text,stars,answer
0,Наталья Ветлужских,2024-01-13 17:47:53,"Отличное отделение Сбера. Всё девушки компетентны, доброжелательны, работают быстро и с обязательными коментариями: что, для чего делают. Всегда хватает терпения дождаться реакции ""слегка зависших"" возрастных клиентов. Ухожу из отделения всегда на позитиве. Спасибо, милые девушки.",5,
1,Булькающий Карасик_0,2024-04-20 16:09:21,"Быстрый и хороший персонал, нет больших очередей и это очень хорошо. Персонал вежливый и внимательный, всегда подскажут и помогут.",5,
2,Людмила Филаретова,2024-02-28 17:56:42,"27 февраля, вечером обратилась в банк с просьбой помочь с приложением Сбер бизнес. Пригласили в 10 окно, к молодому человеку. Спасибо большое сотруднику, помог на 5+. Вежливый, воспитанный, грамотный, на самом деле любит свою работу. Удачи ему и обязательно повышения по карьерной лестнице.",5,
3,Максим Бабкин,2024-04-15 15:09:57,"Вежливые сотрудники-большой плюс отделению.
11- рабочих мест, которые занимаются вопросами граждан.
Из минусов могу отметить, что два окна расположены за барьером и не доступны для прохода посетителей. Из-за чего и сотрудники и посетители вынуждены общаться через перегородку и мешать посетителям первого окна.",4,
4,Анна Петрова,2024-01-30 09:25:14,"Заказала 2 детские карты, в отделение пришли достаточно быстро👍
Когда пришла получать, процесс выдачи карт у оператора занял почти 30 минут, девушка старалась как могла, но данные каждого ребёнка вводила по несколько раз( сама оператор профессионально работала👍).
Просьба, автоматизировать процесс занесения данных с одного раза, по скорости списывания кредитов ( хотя бы).",1,
5,Ксения,2023-11-10 13:40:12,"Рабочий день короткий, в выходные не работают. Инва-доступен. Чисто, много банкоматов и сотрудников готовых помочь. В зале ходит консультант, помогает потерявшимся.",4,
6,Замира Зиедуллаева,2024-03-18 18:00:38,Сотрудники очень хорошие на все вопросы отвечают объяснять ну обшим все отлично..главное с клиентами вежлива они спакойние сотрудники..не все сбербанках такой толка на крауля 63,5,
7,мисс Бурпл,2023-12-01 17:05:37,"оставляет очень приятные эмоции от посещения Сбера по данному адресу.
персонал выполняет свои обязанности 
отлично, мне при обращении, всегда помогают в решении моих вопросов.",4,
8,Zena,2023-12-25 17:42:28,"Персонал вежливый, внимательный. Отношение хорошее. Всегда все расскажут, подскажут.",5,
9,Татьяна Норицина,2023-12-30 05:02:30,"Толкучка, ожидание долгое, у банкоматов грязища и лужи в коридоре, очень приставучие менеджеры зала. Кстати, если вас не просят сто то менять в личном кабинете клиента, то итне нужно этого делать. Прошлый раз согласилась проделать операция под надзором такого оператора, так потом со сменой пароля мучалась",2,
10,Елена Третьякова,2023-08-27 14:52:17,"Очень грамотно,вежливо и быстро обслуживают специалисты.прием клиентов ведётся одновременно почти во всех окнах.всегда помогают решить любой вопрос,дадут совет в любой ситуации.",5,
11,Маргарита,2024-03-26 07:04:24,"Живу рядом. Пользуюсь. Нравится. Объясняют доходчиво, предлагают всякие новые предложения.",5,
12,Наталия Лисина,2023-03-27 18:44:22,"Сбербанк всегда нужен и что важно- рядом с домом, рядом с работой. Оперативно можно решить свои вопросы! К специалистам замечаний нет, все хорошо, качественно и с уважением к клиентам, за что большое спасибо!👍👍👍",5,
13,Nagay2007,2023-07-23 13:41:43,"Очень хороший филиал. Всегда помогут, всегда решат проблемные вопросы. Очередь двигается быстро, работает кондиционер. Банкоматы круглосуточные. Персонал доброжелательный.",5,
14,Максим Дрыгин,2024-01-14 11:57:50,"Заехал поставить новое приложение на телефон, по случаю удалению его из Апп стора. Спустя 2 месяца отделение так и не обзавелось шнурком Type C, зря прождал в ОГРОМНОЙ очереди. Банк старого формата, еще не обновлен.",3,
15,Яшка Яковка,2023-07-30 12:27:53,"В отделении хорошая атмосфера. Персонал знающий, готовый помочь. Но иногда бывает большое скопление народа. Часто в помещении душно. Хотелось бы добавить время работы, суббота почти не рабочая у них",5,
16,Анастасия Кирилловских,2024-02-25 03:30:40,"Сотрудники работают давольно быстро. Всегда приветливы, готовы прийти на помощь, если что то не понятно- объяснят.",5,
17,Оксана Пантелеева,2023-09-22 10:00:16,"Хорошее обслуживание. Вежливое отношение. Самое главное , рядом с домом. Очень удобно",5,
18,Александр,2022-12-05 11:31:59,"Приветствую всех читающих этот отзыв! Хочу поделиться о работе сотрудника данного филиала Светлане Бутаковой. Суть в том, что я пришел в субботу в 14:40 по страховому случаю. Эта процедура как оказалась очень долгая и муторная. Но данный специалист даже слова не сказал, что они работаю до 15:00. Даже я не знал, что они так работают. Но Светлана довела дело до конца, все данные заполнила и отправила. В итоге я вышел из банка в 16:15. За это выражаю ей огромную благодарность ! Руководство прошу обратить на это внимание!",5,
19,ЮЛЯ ЧЕПЧУГОВА,2022-11-23 06:38:47,"Хочу поделиться своим приятным впечатлением от посещения офиса по адресу Крауля 63. Очень понравилось обслуживание, приятная девушка - сотрудник все понятно и доходчиво рассказала про действующие акции и предложения. Все понравилось, спасибо за таких грамотных и лояльных сотрудников!",5,
20,Ренат,2023-05-11 19:52:50,"Отличный офис! Все четко, быстро. Руководитель у них просто супер сколько раз наблюдал всегда в зале либо сотрудников учит либо клиентам помогает.",5,
21,Олег Крутиков,2023-06-22 04:53:29,"Вежливый персонал, грамотно обслужили, пользуюсь услугами Сбербанка! Постоянный клиент, рад сотрудничеству!",5,
22,Наиля Хусниярова,2023-12-08 12:13:36,"Сбербанки, в принципе, терпеть не могу, особенно сейчас, когда частенько не могу снимать наличку",5,
23,виктория усольцева,2023-07-07 13:38:24,Ужасный персонал украли карту пришли в банк попросили карту заблокировать в конечном итоге деньги сняли с карты не успели заблокировать и девушки ничего и никак ни отреагировали сидели в телефонах и разговаривали между собой !!! Не люди а животные!!!!!!,1,
24,Виталий Козлов,2022-09-09 22:11:34,"Недальновилность руководства этого банка удивительна. Забежал на обеде взять немного наличности. Редко-редко, но бывает такая проблема. Но оба банкомата находились на обслуживании в полностью разобранном состоянии. Ну понимаю один, а второй работает, но оба в раз, чтобы в тотал. Либо я что-то путаю, и у них один банкомат, который они умудрились утратить. Понимаю, почему Греф говорит, что банки стремятся к самоуничтожению, и на них уже стали бюджеты резать. Ведь с такой заботой о клиентах, они бегут навстречу самоуничтожению с распростертыми объятьями.",2,
25,Виктория Рысенкова,2024-01-10 10:33:22,Захожу исключительно к терминалам. Удобное расположение.,5,
26,Дмитрий Якимов,2023-10-08 12:55:20,"Хорошее отделение, отзывчивые сотрудники. Хорошо, что стали по субботам дольше работать, не всегда в будни успеваешь зайти.",4,
27,гриша дорош,2023-03-08 13:04:09,"Работают на износ, персонал вежлив, даже когда устают, работяги!!!! Всегда подскажут если возник вопрос! Девочки вы молодцы!!! Терпения вам, с нами, раздражительными и заносчивыми клиентами!",5,
28,Лиза,2023-11-17 15:43:08,"Душно, много народу, операторы долго обслуживают, навязывают, то что не нужно",2,
29,Лилия Яковлева,2023-05-26 15:51:17,"Некомпетентные сотрудники , очень медленно пришла открывать сберегательный счёт по доверенности просидела 50 минут перед сотрудником, который наконец то понял что у него не работает эцп, пересадили к другому-оформили за 5 мин.",1,
30,Екатерина Алексеева,2023-10-27 16:50:13,Отличное отделение банка.Быстрое и качественное обслуживание.,5,
31,Вера Бояринцева,2024-01-10 04:04:11,"Постоянный клиент, банк у дома , очень хорошо",5,
32,Оксана Малова,2023-07-02 15:14:45,"Добрый вечер, благодарю за обслуживание и внимание, желаю успехов и процветания вам. ❣️❣️❣️",5,
33,Сергей Крицкий,2023-09-12 11:33:00,Огромное вам спасибо.Гусева Елизавета.Сработала на Отлично.,5,
34,Анастасия Власенко,2022-12-27 07:56:37,"Помещение небольшое, много народу. Стали там же выдавать и принимать посылки Сбермегамаркет. Эта процедура сильно затягивается - сначала возьмёте талон, потом будете ждать, когда подойдет сотрудник, потом он будет искать вашу покупку по коду в шкафу. От 15 до 30 минут.",3,
35,Евгений Вячеславович,2023-09-08 13:23:25,"Постоянные очереди, хоть и есть электронная очередь, обслуживают долго, всего два-три сотрудника.",1,
36,Екатерина Котельникова,2023-03-02 10:57:24,Маленький офис. Всегда много посетителей. Сотрудницы умнички - все быстро и четко.,4,
37,Александр Злоказов,2024-01-20 20:12:55,"Норм сбербанк, правда ждать долго приходится чтоб приняли",4,
38,Ольга Петрова,2022-12-18 16:26:45,"Удобный офис. Вежливые менеджеры, бывают очереди. Но в этом районе ~единственный офис, так что приходится мириться. Работает в субботу! Для меня важно!",5,
39,Рашид С.,2023-12-24 10:24:56,Сложные времена думаю это банк на любителя острых ощущений,5,
40,Tatty NZP,2023-07-04 01:43:27,"Бывают ничем неоправданно очереди. Не все специалисты умеют толково объяснить. Ходить туда не хочется, но приходится",3,
41,Ин Ос,2022-04-21 01:54:17,"Очередь почти всегда есть- электронная, наверное минут 15 каждый раз жду, но я бываю в районе обеда, персонал вежливый. Банкоматы работают. Управляющий всегда в офисе, очень доброжелательная.",5,
42,Олег Юрьевич,2023-12-16 14:04:49,Нормальный банк нормальные сотрудники могут помоч,4,
43,Антоний Троян,2023-11-02 15:19:35,Быстрое и качественное обслуживание. Четыре банкомата,5,
44,Евгения Бабичева,2022-04-11 05:40:40,"Что за отношение к клиентам, я пришла и взяла талон. Мне надо было забрать готовую карту. Сижу жду минут 20, работает 1 человек на получение карты. Но заходит девушка, спрашивает с кем можно просто проконсультироваться по вопросу вклада или что то там и ее провожают без талона и очереди к столу оператора, который как раз освободилась. Вы считаете это приемлемо? Нафига ваши талоны тогда если вы так делаете. Я на работу опаздываю но сижу жду, а оказывается можно было и без очереди просто подойти к столу. Неприемлемо, я считаю, в сфере обслуживания.",3,
45,Рустам Газизов,2023-11-12 19:14:46,Отношение сотрудников к клиентам ужас,1,
46,Ирина И.,2022-07-26 14:52:28,Отделение банка пользуется большой популярностью. Народ ВСЕГДА. Долгое ожидание в очереди. Сотрудница банка была не совсем компетентна решить мой вопрос. Захожу сюда в случае крайней необходимости,4,
47,Карина Алексеева,2023-04-14 13:13:39,"Хороший банк, специалисты видно стараются. Толкучка в основном у входа, к банкоматам.",4,
48,Я Делюк,2022-01-29 12:51:59,Оформлял тут карту и забыл паспорт. Сотрудники вошли в моё положение подождали пока мои друзья принесли мой паспорт. И мы спокойно её оформили. Также оплачиваю тут общагу. Приветливый персонал. Довольно удобный график работы. Приемлемое время ожидания. Хорошее обслуживание,5,
49,Светлана,2023-02-07 15:31:05,"Компетентный сотрудник ,быстро решил мою проблему,грамотно и быстро.Рекомендую.",5,
50,Ната,2022-06-05 11:28:10,Обслуживают быстро и вежливо. Отвечают понятно на все возникающие вопросы. Приятно приходить и пользоваться услугами.,5,
51,Татьяна Руслякова,2022-04-15 08:37:46,"Пожилой клиент пришел получить деньги, стали навязывать страхование квартиры, человек объяснила, что не является владельцем, все равно начали настаивать, смотреть паспорт, прописку, количество квадратных метров, что это такое, на каком основании навязывают услуги в принудительном порядке глубоко пожилым людям?",1,
52,Константин Новосëлов,2024-02-08 14:16:26,"Обслуживание, отношения",5,
53,елена Немешаева,2022-12-12 01:53:10,"Доброе утро!!Понравилось обслуживание!!Работают профессионалы,спасибо!!!",5,
54,Ринат Булатов,2023-01-11 13:34:25,"Отношение к клиентам обещает желать лучшего, плохое отношение, персонал не приятный во всех отношениях.",1,
55,Таня В.,2022-07-28 05:35:28,"Обращаюсь в это отделение, потому что живу рядом. Это просто издевательство над людьми, а не отделение. Персонал.... да вежливый, НО абсолютно неквалифицированный.... После смерти мужа, приходится часто посещать данное отделение, т.к. муж был застрахован в сбере и ипотека была. НИ РАЗУ НЕ ОДНО заявление НЕ ПРИНЯЛИ С ПЕРВОГО РАЗА. После утраты самого родного и близкого человека и так в жизни всё перевернулось с ног на голову, а тут ещё и сбер.... ""ковыряет"" рану ржавой вилкой.... НАУЧИТЕ УЖЕ СВОИХ СПЕЦИАЛИСТОВ НЕ ТОЛЬКО ВЕЖЛИВОСТИ....",1,
56,Djoni,2024-01-29 15:13:58,Хороший филиал,5,
57,"Типография""Хорс""",2021-09-10 16:38:40,"Ответственный и приветливый персонал, удобные часы работы, много банкоматов, очередь проходит очень быстро.",5,
58,кирилл аброськин,2023-03-01 14:27:03,"Не компетентный персонал, 2 раза не смогли оказать помощь, не ответили ни на одн вопрос",1,
59,Надежда Прядеина,2023-10-28 13:13:30,Всё продуманно удобно,5,
60,Максим Пустуев,2022-09-09 10:40:12,"Хотите потратить много времени, смотря как неквалифицированные работники пытаются разобраться в инструкции, то вам сюда.",1,
61,Оксана,2023-04-17 15:07:46,Банк хороший и сотрудники внимательные и профи.,5,
62,Ольга Бабинова,2022-03-29 08:02:54,"Ужасное отношение к клиентам, сижу с талоном на получение выпущенной карты уже 40 минут, передо мной клиент сидит 50 минут и его тоже не вызывают. На обращение, когда нас вызовут все молчат и не реагируют",1,
63,Анатолий Г.,2023-09-29 22:01:12,"Написано 24/7, де факто не попасть ночью.",1,
64,Инна Якимова,2022-08-14 11:25:00,"Всегда очереди!
Хотя девочки все приветливые, проблемы и вопросы решают быстро",4,
65,Saymon Nelson,2023-12-17 11:20:41,Круто банк,5,
66,Алена Калашникова,2024-01-25 06:13:53,Банк четкий,5,
67,С Ми,2023-03-01 15:34:57,"Все зависит от смены. Есть нормальное общение, есть замят.",2,
68,Алексей Еремеев,2022-07-16 16:50:33,"Во-первых, удобно парковаться. Комфортное обслуживание.",5,
69,Радамир Гаевский,2020-08-17 19:59:08,"Я хожу сюда чаще всего в гости к банкомат. Всегда есть люди у банкоматов. Удобно то, что банкомат круглосуточно работают. Минус: иногда долго бывают сломаны.",5,
70,Наталья,2022-05-05 11:31:16,"Часто скопление людей из за неработающих окон , особенно жалко пожилых людей, просьба нанять персонал",3,
71,екабеша,2022-01-04 15:14:58,"Очень маленький и неудобный закуток с банкоматами, ожидать особо места нет, иногда люди стоят в очереди на улице.",3,
72,Код,2022-02-12 08:22:56,"Просидел 20 минут что бы распечатать три листочка, зато в первую очередь просят ввести код специалиста что он проделал работу.",1,
73,Валера Логунов,2022-11-28 15:01:22,"Много банкоматов, ребята вежливы.",4,
74,Федор Ч.,2022-07-01 12:16:44,Хорошее отделение. Все быстро чётко. 👍,5,
75,Лизавета,2021-09-20 05:22:15,"Очень большая очередь, люди ругаются. Не понятно зачем закрыли доп офис на Крауля 52. Чтобы оформить карту нужно очень долго ждать.",1,
76,66759 Сварожич,2023-07-24 15:28:49,Постоянно толпа,1,
77,Анчугина Дарья,2021-11-24 18:07:50,"Этот офис с годами становится только лучше, но банкоматов мало и очень часто ломаются",4,
78,Галина Ш.,2021-06-04 04:02:34,"Работают вполне нормально, басовые вещи знают, а сложные справки и нестандартные ситуации рбъясняет старший менеджер.",4,
79,Ольга К.,2023-01-22 04:14:53,"Мало банкоматов,часто днём очередь.",4,
80,Ахмет,2023-09-13 11:53:25,После закрытия второго офиса на крауля постоянные очереди.,3,
81,Оксана Ш.,2023-06-28 11:59:57,Всегда очередь,4,
82,Анна,2021-05-14 12:55:59,"Везде указано что ночью банкоматы работают, на входе написано что надо нажать кнопку/посмотреть в камеру. Нажимаешь/смотришь, а дверь так и не открывается",3,
83,Иван О.,2020-03-05 08:40:24,"Низкая квалификация сотрудников или нежелание работать с клиентами. 
Взяв талон и отстояв очередь обратились за справкой о том, что при ипотеке не использовался мат. капитал. Одна сотрудница не смогла ничего пояснить и посоветовалась с другой сотрудницей, которая сказала, что такие справки они не выдают, а нужно ехать на Малышева, 31В - там ипотечный отдел (с её слов). Приехав на Малышева,31В обнаружили такое же обычное отделение Сбербанка, в которм нам выдали нужную справку и сказали, что выдаются они в любом отделении Сбербанка. Но, видимо, только не в отделении на Крауля!",1,
84,Ольга К,2020-04-23 18:03:38,"Пользуюсь только банкоматами в данном заведении, поэтому про само отделение ничего сказать не могу. Так вот, банкоматы очень часто работают не все, а пользователей всегда достаточно, поэтому бывают очереди. О том что, какой-то из банкоматов не работает, могут и не написать.",3,
85,Артем Чулков,2021-04-07 05:18:21,"Постоянно сбои в работе банкоматов, невероятные очереди. Медленное обслуживание. Часы работы подобраны таким образом, что нужно отпрашиваться с работы чтобы попасть к оператору.",1,
86,Marina,2022-11-27 04:40:54,Очень хорошие сотрудники банка,5,
87,Николай Размочкин,2021-05-15 20:50:41,"По ночам дверь к банкомата не открывают. Эта проблема уже 3 года, руководство на жалобы не реагируют. Внутри грязное помещение.",2,
88,Евгений Таран,2021-09-16 12:53:17,"Сегодня я не мог ""договориться"" с банкоматом. Администратор быстро нашла решение. Спасибо!",5,
89,Сергей Калина,2023-04-02 15:15:27,Отказали в кредите,3,
90,Kolycha,2020-02-18 13:22:38,"Хороший филиал Сбербанка. Менеджеры внимательно вы слушают,толково об,яснят. Очередь(если много клиентов,) двигается быстро. Одним словом молодцы!",5,
91,Денис С.,2023-09-26 16:15:51,Норм,5,
92,Романова Алла,2021-05-23 14:33:23,"Толпа народа... Навязывание услуг, кредитов, карт, страхования... А пришла всего лишь за дебитовой картой...",2,
93,Лидия Кудрявцева,2018-11-17 05:47:25,"Очень хороший офис, жаль, загруженность почти всегда очень высокая, из-за чего и сняла одну звезду. По часу-два в очереди бывает(. Но специалистам большой РЕСПЕКТИЩЕ, работают очень квалифицированных. Все объяснят, покажут-расскажут-посоветуют. Видимо, из-за этого и очереди..",4,
94,alexandere1,2022-04-08 03:17:19,"Сбер как сбер, типичный банк, один из многих.",3,
95,Елена Ц.,2020-01-28 11:48:18,"Обслуживание быстрое, но был негативный опыт частично-досрочного платежа по ипотеке. Просила с уменьшением срока платежа, оформили с уменьшением суммы выплаты,. Это и он-лайн доступно. Фамилию кассира к сожалению не помню",3,
96,dennshal,2022-04-19 14:25:12,Большие очереди и невежливые сотрудники,1,
97,Cергей,2022-07-26 10:28:52,Вечные очереди к банкоматам,3,
98,Ольга *,2020-09-15 20:19:40,удобно расположен банк. все есть. время работы тоже удобно,5,
99,Сергей Б.,2022-06-06 14:27:41,Непродолжительное ожидание,4,
100,Anastasiya San,2023-03-23 15:40:35,Как везде,5,
101,Волшебница,2018-07-27 08:42:30,"Отсутствует коллективный подход к обслуживанию клиентов, т.к. образуется длинная очередь у одного специалиста в одно окно, а у другого специалиста очередь отсутствует. Постоянные технические перерывы у сотрудников (работают чаще всего 3 сотрудника из семи окон). Отсутствует в зоне обслуживания консультант! Это просто уже правило в этом отделении. Дважды хотели открыть услугу «Сбербанк Онлайн», но на месте не было специалиста (пришлось идти в другое отделение).",1,
102,Света Хольная,2021-09-02 17:34:19,"Все хорошо,но бывают очереди",4,
103,наталья с.,2019-09-05 06:42:04,"Много банкоматов, есть консультанты в зале. Но много народу, бывает, что в очередь приходится постоять",4,
104,Михаил Коваленко,2018-08-05 11:28:53,"Все найс, отделения почти в каждом квартале, ЛК удобный, красив и прост в оформлении, но есть и минус-очень большая Комиссия если снимаешь с карты другого банка в их банкомате",4,
105,Михаил Пырков,2019-11-21 09:07:10,"Когда как: пенсию начислють - бабульки набегут, сиди полчаса, жди, когда они все проблемы страны и мира с операционистами обсудят...",4,
106,VK,2021-07-18 14:03:50,Обслуживание на высоте.Рекомендую!,5,
107,В...,2020-11-21 10:32:50,"У банкоматов толкотня, в остальном всё хорошо!",4,
108,Эмилия,2020-03-24 05:57:35,"хорошее, просторное отделение. но всегда очередь и мало операторов",4,
109,Анна Ильченко,2018-04-18 04:59:24,Сотрудники не могут ответить на заданные им вопросы((пришла в банк хотела по доверенности снять деньги сотрудник отправила в другое отделение сказав идите туда где вам заводили счет.Ужас!!!я приехала из другого города...времени и сил не было разбираться уехала в отделение по ул.Татищева там сразу и быстро всё сделали.А вашему отделению огромный минус.Таким образом вы теряеете клиентов.,1,
110,Юлия Соловьёва,2020-07-07 08:14:04,"Ходовой банк, очень удобно, рядом с домом.",4,
111,o.s.b.,2022-11-22 14:42:22,5 из 5. Но грязненько.,5,
112,Ильдар,2019-11-13 07:27:13,"Обычный Сбер. График работы мизерный, можно и дольше и в выходные работать. Видно, денег и так не мало.",4,
113,Наталья Тимершина,2020-02-01 13:16:16,В маленьком помещении стоят 4 банкомат и посетители друг другу мешают. Очень неудобно.,4,
114,Инна Иванова,2021-10-05 23:42:28,Банкоматов много.,4,
115,Дима Костоусов,2021-08-11 13:22:59,Не доверяю банкам России,1,
116,Бова Сергей,2021-07-26 09:41:06,Спасибо работникам,5,
117,Андерсон,2020-02-11 10:45:48,"Очереди в банкомат, очереди к специалистам. Обслуживание хорошее.",3,
118,Татьяна Лобанова,2020-03-26 07:20:35,"Всегда очень много народу, очереди к банкоматам",4,
119,Анонимный отзыв,2017-12-11 14:32:58,"Крайний непрофессионализм, непростительное отношение к клиенту. Пришли оформлять карту - не только не оформили, сотрудник позволил себе испортить паспорт (разорвал страницу). 

Внешне отделение грязное, работают неопрятные тетехи.

Мастера, короче, насрать в душу.",0,
120,Илья Новоселов,2020-01-24 08:51:27,"Все четко, всегда помогут, подскажут!",5,
121,olga_novoselova9691@mail.ru,2020-07-23 02:37:32,"Рядом с домом, быстро принимают.",5,
122,Наталья,2019-12-17 05:14:27,"Хороше отделение, грамотные сотрудники. Рядом с домом.",5,
123,Sergey G,2022-07-05 04:47:54,Народу дофига,4,
124,Leon Play,2022-06-12 14:33:01,Сбер как сбер,4,
125,Александр Удеревский,2020-05-28 16:48:11,Хорошее место есть вайфай,5,
126,Самойлова Жанна,2020-04-04 15:58:13,"3, только из-за очередей, так все ровно",3,
127,ТЕСТЫ,2019-08-02 07:28:54,"Хороший банк! Жаль что до 19,00 работает, на часик бы подольше!!!",5,
128,денис с.,2021-05-04 12:02:36,Очередей нет,5,
129,Valery Mukhin,2019-08-02 16:04:37,Невежливое отношение к клиенту. Очень сложно добиться внятного ответа.,3,
130,Людмила А.,2020-05-12 12:57:12,В банкоматах всегда очереди,3,
131,Иван,2019-11-26 13:04:51,"Постоянно много народа, а сотрудников мало.",4,
132,Андрей И.,2020-02-28 07:28:31,"Быстро, качественно.",5,
133,Наталья,2019-10-13 10:17:06,Постоянно очередь и не все окна работают,2,
134,Оксана Рябинова,2020-08-15 12:07:52,Всегда очереди.,3,
135,Малых Мария,2019-11-12 12:19:03,"Неплохо, иногда чудят операционисты, но принципиально не косячат и не хамят!",4,
136,Александр Ш.,2020-01-15 07:09:33,Быстрое обслуживание.,5,
137,Степан Б.,2020-01-14 16:30:59,Как везде сбербанк,4,
138,Матвей Посохов,2019-09-15 13:37:54,быстрое обслуживание,5,
139,Михаил,2018-07-11 12:16:11,45 минут. работает 1 человек. народу тьма собралось,1,
140,v1ktorgluh,2019-10-31 15:00:59,Банк как банк.,5,
