,name,date,text,stars,answer
0,Игорь,2023-11-15 11:09:35,"Заказывал на сбермегамаркете различные хозтовары, получал в этом отделении. Внутри все красиво, цивильно и тут... из подсобки мне выносят стиральный порошок, мыло, и большую упаковку туалетной бумаги, и выносит это все не какой-то подсобный рабочий, а девушка администратор в красивой чистой форме сбербанка, а кругом посетители. Как-то не ""камильфо""",4,
1,Ольга Яндола,2023-07-11 15:17:59,"Обслуживание быстрое . Персонал приветливый , грамотный - доступными словами помогли разобраться с возникшим вопросом . Отношение к клиентам - достойное . Время ожидания - минимальное . Чисто . Прохладно .",5,
2,Елена Н.,2024-03-22 12:13:34,"Трижды уточняли условия пользования кредитной картой. Сегодня сотрудник офиса убедила нас, что у нас беспроцентный период 120 дней, т.к.карта оформлена меньше месяца тому назад.
Не успели поверить, снять, как выяснилось, что нас не предупредили, что со след.дня проценты начисляются за годовое обслуживание. За снятие взяли 4500.
Сотрудник номер 3 столь некомпетентен, что нет слов.ее незнание обошлось нам в 4500. С кого возчрат требовать?",1,
3,Наталья Юденкова,2024-04-04 14:59:21,"Чистота, обслуживание на высшем уровне.Консультанты всегда помогут любому человеку, без проблем возмешь талончик и обслужат даже если что-то не понятно,разъеснят.",5,
4,Людмила Попова,2024-04-30 15:59:44,"Время работы не удобно для района, банкоматы находятся внутри офиса не удобно, раньше были выведены вне офиса и работали круглосуточно.",5,
5,Софья Егошина,2022-11-04 15:39:05,"Отделение сбербанка выглядит хорошо, удобно расположен, чисто, уютно, на этом для меня все плюсы, минусы этого отделения не квалифицированные сотрудники, сколько раз обращалась, столько раз мне и не смогли помочь, зато в другом отделении без проблем.",3,
6,сергей трошин,2024-01-28 08:16:37,"Удобное место и хотя был там всего 3 раза рабтают расторопно, что не может не радовать
В некоторых филиалах по 30 мин ждешь что б закончить 2 прпдложениями",5,
7,Тимур Воронин,2023-11-07 04:07:48,Компактное отделение. Есть банкоматы. Кофемашина. Но работают только с небольшими суммами в виду своего размера,5,
8,Георгий,2024-03-15 05:00:48,"По залу ходит помощник, пытается всем помочь, но глубоко в суть вопроса не вникает поэтому помощь оказывается так себе.
А так все аккуратно и чисто, как во всех Сбербанках",5,
9,Марна79,2022-12-01 12:36:07,"Данный офис расположен в шаговой доступности, персонал вежливый, компетентный в своей сфере, время ожидания иногда затягивается, но это можно списать на индивидуальный подход к клиенту, так как не у всех бывают вопросы которые можно решить быстро. Так всё чистенько и аккуратно. Наличие банкоматов тоже имеется, что тоже положительно сказывается на времени обслуживания клиентов и очередей.",4,
10,Екатерина Харламова,2024-02-11 10:55:27,"Ранеше банкоматы были круглосуточный, теперь находятся внутри офиса, это крайне не удобно, очень очень не устраивает",1,
11,497488 Королева,2023-07-08 10:07:02,"Нужно было снять со счета наличные. Через сбер онлайн есть запись в данное отделение на операции с наличными на крупную сумму. Записались на определенное время. Пришли. Подошла администратор, очень удивилась, что была какая-то запись... Самое смешное, что в этом отделении НЕТ кассы, какие наличные? Предложили заказать через 2 дня, но предупредили, что выдать могут только в общем зале при всех посетителях. Зато в данном отделении есть современный дизайн и кофе, что преподносится как крутая фишка. Смешно и грустно одновременно.",3,
12,Алексей Александрович,2021-12-22 17:58:02,"На мой взгляд пожалуй это лучшее отделение в городе, начнем с того что есть удобная парковка, далее красивое чистое здание, рядом остановка транспорта. Персонал хорошо подготовлен, сдержан, доброжелателен, вежлив, а главное всегда отзывчив, начиная от управляющего, до самих сотрудников. Мне они помогли быстро настроить мобильное приложение, получить кредит, рассказали про теле приставку Салют Сбер, которую я приобрел и очень рад, тут же научили меня ей пользоваться. Большое спасибо коллективу данного офиса!",5,
13,Татьяна Василенко,2022-12-27 04:40:47,"Очень понравилось обслуживание, всегда достаточно быстро, чётко, персонал знает своё дело на все вопросы грамотные, доступные для восприятия ответы - молодщ",5,
14,Любовь К.,2023-09-19 11:07:18,"Хотела поменять карту в связи со сменой фамилии,они мне выпустили новую карту со старой фамилией .Невнимательные ,неквалифицированные сотрудники ,вопрос решить не могут ,только время потеряла и нервы.",1,
15,Котэ Зверков,2023-12-23 13:18:16,"Ремонт сделали, интерьер поменяли. Но как были очереди, так они и остались. Либо больше сотрудников нужно в филиал, либо нужно работать над производительностью. И еще нет доступа к банкоматам после окончания работы филиалы. Как снять деньги скажем, после 20.00? На шварца, например это можно сделать.",3,
16,Людмила П.,2023-08-08 16:37:10,"Минусы , отдыхают как все по выходным. Плюсы,Современный зал, отзывчивый персонал.",5,
17,Алексей,2023-10-14 06:18:07,"Таких очередей за 20 лет в Сбербанке не видел... Пришел получать посылку, простоял в общей очереди 30 минут, с бабулями, которые пришли платить за квартиру по квитанции.",1,
18,Андрей,2023-07-28 14:53:59,Отличное место чисто светло сотрудники вежливые профессионалы своего дела,5,
19,Иван Золотухин,2023-02-08 17:57:59,"Очень понравился стильнового отделения, сотрудники тоже норм, но вот раньше всегда встречал консультант, но вот в последнее время нет, понимаю, что это не от сотрудников зависит, оптимизация.... Так вот может прочтут это.....",5,
20,Хлебная Крошечка,2022-07-08 10:58:29,"Хорошее отделение. Оперативное обслуживание. 
Вежливый персонал. 
Редко захожу в это отделение, так как большинство вопрсов можно решить через приложение Сбербанка.",5,
21,Гульсара Юсупова,2023-03-24 16:44:43,"Очень приятное помещение, обслуживание хорошее, персонал вежливый. Мне все нравится 😊",5,
22,Lara M.,2022-12-22 14:37:06,"Хорошее отделение. Сотрудники отзывчивые, но конечно им приходится что-то вам рекламировать (такая работа).. Я всегда честно говорю у меня рабочее время, или по делу говорим или я ухожу. Обычно всё понимают как надо. Классная зона банкоматов. Душевно, чисто, пахнет кофе.",5,
23,Юлия,2023-06-25 05:22:53,"Отдельное, личное СПАСИБО 🫸🫷Кириллу, за четкость и внимательность. Больше пока рассказать не о чем 🙂 Все звёзды только для Кирилла.",5,
24,Марина,2022-11-03 10:04:51,"После ремонта отделение стало просто ужасным. Время ожидание- более 20 минут, очень долгое обслуживание, неквалифицированный персонал, который всех отправляет к банкоматам. Простояла 30 минут, нужно было оформить платежку, сотрудник сказал, что реквизиты неверные, потом выяснилось, что реквизиты корректные. В результате, потеряла время, а услугу так и не получила.",1,
25,Елена Кузнецова,2024-01-22 16:22:57,Прекрасное место вежливый персонал.,5,
26,Людмила,2022-11-10 15:10:41,"Очень раздражает необходимость при получении заказов, сделанных через сбермегамаркет подтверждать свою личность, сканируют фейс каждый раз, тратят свое и мое время, есть смс, есть штрих код, номер заказа чего ещё? Поэтому, стараюсь реже с ними сотрудничать.
Ну в остальном, неплохо Хотя персонал так себе.....отношение к клиентам снисходительно - терпимое, есть такие девицы в этом отделении",4,
27,Al Al,2023-08-27 14:32:13,"Без различные сотрудники. 
Помощи попросить не у кого, легко можно нарваться на хамство. 
Хорошо что я не клиент сбер.",2,
28,владимир бормотов,2023-09-01 15:51:30,"Удобный, небольшой офис, недавно после ремонта, есть боксы для доставки",4,
29,Рафаил Шакиров,2023-04-16 16:38:42,"Приветливый персонал, во время ожидания можно попить вкусное кофе! Рекомендую",5,
30,kuzinatrik,2023-11-25 10:57:28,"Отделение банка после ремонта, сотрудников стало меньше",5,
31,Руслан,2022-09-08 11:54:44,"Жалко больше нет круглосуточных банкоматов , а так новое отделение нравится , все быстро , красиво и вежливо",4,
32,Миля Гаркавенко,2023-03-27 14:36:06,"Хорошее отношение к клиентам. Ожидание недолгое. 
Банкоматы внутри.
Если отделение закроется, то можно через дорогу сходить в банкомат.",5,
33,shomaxis,2022-09-09 11:14:45,"Светлый, всё новое, персонал вежливый, вкусные кофейные напитки, мест сидячих маловато.",5,
34,Евгений Баталов,2023-07-16 19:09:23,"Отделение банка есть, но банкоматов нет. Это - минус. Странно... Не хватает. Лучше круглосуточно...",3,
35,Юлия Подберезных,2022-08-19 07:51:39,"Раньше был хороший сбербанк сейчас ходить туда не советую.. во первых очень долго и сидеть душно .. и во вторых тут нет отдельной кассы , если будете брать кредит они при всех считают деньги и отдают вам- это не безопасно !!!!!!!!",1,
36,Лариса,2022-11-03 04:26:05,Забигала по делам. Народу мало хотя был вечер. Персонал вежливый. Все сделала быстро. Очень довольна. Для деток есть целый стол с раскрасками и карандашами,5,
37,Екатерина П,2022-06-04 08:43:59,"Слелали ремонт и закрыли доступ к банкоматам во время того, как банк закрыт. Раньше можно было воспользоваться банкоматом в любое время. Теперь стало очень неудобно. Кстати, касс в отделении теперь тоже нет. Зато есть кофе. Люди же за этим в банк ходят, чтобы исключительно в рабочее время попить там кофеек.",1,
38,наталья соловьева,2023-09-01 15:04:01,Офиса Сбера с современным дизайном и новым форматом работы,5,
39,Юлия Дроботова,2023-02-07 09:45:59,"Небольшое отделение. Банкоматы работают только в часы работы отделения, что создает неудобства. Внутри постомат Сберлогистики",5,
40,Имя Дзен,2023-11-25 08:02:34,"Нет парковки , не удобно",2,
41,Елена Кузнецова,2023-09-11 15:24:53,"Молодцы,стараются,вежливые, всё обьясняют",5,
42,Данил Хурамшин,2023-11-14 14:57:29,"скажу что не плохо, НО тинькофф лучше",5,
43,Ирина Ирина,2021-04-08 06:54:22,"Хорошее отделение Сбербанка. Персонал грамотный, отзывчивый, приветливый. В помещении чисто, иногда ближе к вечеру есть очередь, но в целом норм.",4,
44,Евгения,2022-06-09 09:25:09,"После ремонта убрали кассу, сидит 3 оператора. Автомат по выдаче талонов не разделяет потоки, берёшь один общий талон и ждёшь минут 40 с платежкой за к/у. Зато кофемашину поставили, и автомат для выдачи посылок. Банкоматы доступны только во время работы отделения. Парковка маленькая, вечно забита.",1,
45,Вадим,2023-09-19 04:13:20,Хороший офис. С парковкой не удобно.,5,
46,сава триф,2022-11-01 16:22:00,"Народу мало,обслуживают быстро,пару раз получал там посылку все хорошо,быстро обслужили",5,
47,Ольга Ольга,2023-08-31 11:10:20,"Быстро. Грамотно. 
Оформляли карту.",5,
48,виктор малыгин,2023-07-14 13:59:26,"Можно обращаться .
По картам часто не все условия говорят .",4,
49,Любовь,2023-11-01 16:42:10,"Крупный филиал Сбербанка, много сотрудников, все приветливы.",5,
50,Алексей Политов,2024-02-25 17:56:27,Профессионалы!!!,5,
51,Ма А,2022-08-22 11:35:28,"После обновления и ремонта, стало почему то больше очередей. Раньше было лучше. Всего 2 специалиста консультируют.",3,
52,Артём Мамзин,2023-08-19 15:34:00,"Хороший банк, умный и добрый персонал",5,
53,Алекс Вето,2021-09-05 10:14:17,"Банк всегда соответствует известной шутке - ""даёт тебе зонтик, пока светит солнце и забирает его, когда идёт дождь! Субъективно, мне всегда не нравилось посещать банк, поэтому не переношу их совсем. С виду вроде ничего так. Внутри, как и везде в Звербанках, любимый цвет от Грифа.",2,
54,Сергей Куликов,2022-11-30 12:20:39,"Всегда свободные банкоматы. Это очень радует, в остальных местах вечные очереди.",5,
55,Vanek B.,2023-12-08 15:55:06,Нет зоны 24.,4,
56,Артём Манылов,2021-04-20 15:32:46,"Маленький, но удобный банк. 
Все сотрудники живые и идут на человеческий контакт. Улыбаются и рады помочь. 
Банкомат - спасает по ночам, работает круглосуточно",5,
57,Иван Санников,2023-03-20 15:48:20,Обычный филиал зеленого демона жаждущего заполучить ваши кровные деньги.,3,
58,Дмитрий Львович,2021-12-09 12:21:21,Все как обычно в «любимом» Сбербанке. Количество банкоматов не большое. (Быстро скапливается очередь),5,
59,Larisa,2021-08-26 13:22:40,"Этот банк рядом с домом, всегда мало народа, небольшая очередь идёт быстро. Недавно оформила соц.карту Мир,никаких проблем.",5,
60,Анастасия К,2022-09-11 07:34:18,"Современное отделение банка, чистота, вежливое обслуживание",5,
61,Serg Kylikob,2022-08-30 16:46:36,Нет очередей в банкомат. Чисто. Приятно посещать.,5,
62,Елена Кривоногова,2023-07-24 12:48:11,"Отличный банк, никогда нет очередей",5,
63,Абакумова Алена,2023-11-03 04:10:29,Очень душно в помещении,3,
64,Энтони Крес,2020-10-19 09:45:53,"Нормальное отделение Сбера, но очереди всегда практически, часы работы не удобные для работающих. Банкоматы иногда бывает не все работают и бывает очередь в банкомат. Ну по сути ничего не обычного, сбер он и есть сбер в отдаленных районах они особо не отличаются. Но, консультанты хорошие и компетентные.",5,
65,Людмила Волкова,2022-11-02 14:52:12,"до ремонта больше нравилось.
сейчас операторов мало и долго ждать приходиться",3,
66,Дима,2020-12-01 10:12:02,"Приехал, места парковочные есть, по-царски свою бричку поставил. Вхожу, антисептиком пахнет, все в масках, но ограбления не было, таковы реалии 2020го. Предложили взять талон и сразу пригласили для получения карты. 
Предложили дополнительные услуги, мне не потребовались, отказался, они не расстроились, быстро выдали карту и попрощались.",5,
67,олеся соколова,2024-03-25 15:24:32,Класс,4,
68,Эдуард Г.,2022-07-04 03:07:19,Пользуюсь банкоматом иногда. Часто вижу маргинальных личностей которые спят на входе.,4,
69,Дмитрий М,2021-10-07 10:05:20,"Удобное расположение, быстрое обслуживание, много банкаматов.",5,
70,OZ,2022-11-30 02:19:11,Ужастный банк. Думаю попадёт в историю антибакнов.,1,
71,Alex alex,2022-09-04 14:31:33,"Всё быстро, удобно, красиво.",5,
72,Инкогнито 5211,2023-01-03 07:37:00,"Банкомат внутри ,раньше лучше было",3,
73,Людмила Салимова,2022-09-08 14:51:24,"Самые низкие ставки на вклады , самые высокие ставки кредитов",4,
74,310 310,2021-02-18 13:22:30,"Хороший филиал.Банкоматы круглосуточно.Чисто всегда,в спину никто не дышит Девушка у левого столика-просто принцесса королевская.Хожу только из за нее))",5,
75,Алексей Овцин,2021-12-22 16:02:58,"Я там редко бываю но обслуживание прекрасно на высоте ,!",5,
76,Максим К.,2023-08-26 03:33:18,Очень хорошо.,5,
77,Михаил,2022-08-07 18:40:23,"Обновлённое отделение, хороший ремонт, нет очереди.",5,
78,Даниил Порошин,2023-09-16 08:12:31,Современно,5,
79,Василий,2023-03-01 16:54:29,Обслуживание на высоте,5,
80,Маргарита Б.,2019-10-19 17:43:23,"На удивление предложили чай, кофе, конфеты. Стараются сделать отличный сервис. Решают проблемы быстро. Очень порадовало!",5,
81,Валентин Мир,2023-08-20 13:39:03,Хорошо,5,
82,Николай Дерипаско4.,2022-08-10 15:56:09,Типичное отделение сбербанка,4,
83,Гуля Рыкова-Хисамова,2022-08-06 15:03:17,Стало намного лучше чём было.,5,
84,Сергей Вишняков,2019-09-21 16:35:46,"Хорошее отделение, работают оперативно, для меня удобно расположен ( соседний дом), вроде негатива никакого не случалось.",5,
85,Mama Risha,2022-07-27 17:16:17,Хороший офис после ремонта.,5,
86,Анна,2022-10-20 11:52:12,Удобное отделение,5,
87,Валерий Хорьков,2021-09-15 12:44:38,На мой взгляд не плохо. Но почему то работал только один банкомат из 3,0,
88,Алекс Нестерович,2020-04-04 13:52:51,Очень удачное отделение банка. Заведующая толковая. Отделение работает как часы. Быстро и вежливо.,5,
89,Семён,2023-01-04 16:05:44,Нормально,5,
90,Дарья Роскошная,2019-08-20 06:15:15,"Нравится, что обычно все операции очень быстрые. Правда, очереди к банкоматам уже немного похожи на проблемку",5,
91,Di_ana,2020-04-15 05:30:41,"Вежливый персонал, не навязывают лишних услуг, нет очередей,оперативно решают вопросы",5,
92,ирина чиркова,2019-12-17 09:13:29,Очень хорошо организована работа. Все вежливые и приветливые.,5,
93,Семенова О.,2019-09-16 17:51:59,"Отличный сервис, вежливое обслуживание. Сбербанк отлично работает",5,
94,Николай Пономарев,2020-03-14 16:08:04,"Рядом. Удобно. В остальном все для людей: - нате вам рубль, вернете пять.",4,
95,Виктор Мальцев,2022-11-22 16:54:17,Класс,5,
96,Елена Шпак,2020-03-14 14:38:11,"Удобно расположен, внимательный персонал",5,
97,Инкогнито 4949,2022-08-14 14:50:01,Норм,3,
98,Елена В.,2020-02-18 15:22:53,"Удобное расположение, хороший персонал",5,
99,Александр Богатырев,2019-11-02 03:22:47,Самое внимательное отношение к клиенту. Консультант Диана - чудо-специалист.,5,
100,алексей овцин,2019-11-09 16:47:03,В этом отделинии банка -всегда быстро и качесвенно обслуживают,5,
101,Алексей Е.,2019-12-04 15:19:08,"Быстрое обслуживание, доброжетельные работники",5,
102,Алексей,2019-10-19 11:44:54,"Древний, глючный банкомат, рухлядь, впрочем как и вся система...",2,
103,Алексей Ш.,2019-06-30 15:43:55,"Банк который работает исключительно для собственной выгоды, а не для людей.",1,
104,Ольга Казарина,2019-08-05 12:25:05,"Все хорошо. Но неудобно, что по выходным не работает.",5,
105,Анастасия П.,2019-12-22 16:20:48,Там все и всегда помогут,5,
106,Елена Попова,2020-01-15 15:48:13,"Много банкоматов, мало людей.",5,
107,Егор Ефремов,2021-04-08 20:48:59,Пойдет.,4,
108,Анна С.,2019-08-13 10:39:03,Хороший банк. Держат марку!,5,
109,Алина С.,2018-06-01 19:19:20,Банкомат внесения денег на в Екб. на Родонитовой 18Б постоянно не работает.,3,
110,Cosholad,2019-10-20 10:15:15,"Да, обслуживают быстро и вежливо!",5,
111,Марина Бородина,2020-01-21 11:38:08,Советую всем,5,
112,Наталика,2020-01-29 17:06:02,Нет очередей,5,
113,Ксана С.,2018-08-05 11:46:36,Вежлевый персонал! Мне нравиться!,5,
114,Igor,2020-01-31 05:07:10,все номуль,5,
115,Игорь,2018-03-05 17:26:20,Иногда бывают очереди у банкоматов,4,
