,name,date,text,stars,answer
0,Игорь Моисеев,2024-02-18 04:58:29,"Посещаю обычно только для выдачи посылок мегамаркета. В отделении все чисто и аккуратно. В основном работают позитивные и приятные девушки, быстро выполняют свою работу, видно, что знают свое дело. Есть электронная очередь и она работает. 
В зоне банкоматов постоянная грязь, периодически заходят разные асоциальные субъекты чтоб погреться, но это редкость. Хорошо, чтотзона банкоматов отделена оотзоны остального отделения",5,
1,Ринат Фазылбеков,2023-12-07 06:49:19,"Хочу сказать, что это лучшее отделение в Екатеринбурге, очень добрый и приветлевый персонал, очень грамотный и знающие своего дела сотрудники. 
Отдельно хочу выделить сотрудника Ксению, последний мой визит в отделение банка , прошёл максимально успешно и быстро. Очень грамотный специалист, знает свою работу. Ксения очень быстро помогла мне разобраться с моими вопросами и решить их сразу
Спасибо большое всему коллективу банка за ваш профессионализм , всем советую это отделение 
Всем хорошего дня!",5,
2,Анна Пономарева,2023-12-25 12:28:17,"Прекрасное обслуживание. Чистота , много места, просторно, красивые диванчики для ожидания . Очереди бывают , но быстро распределяются . Долго никогда не ждала .",5,
3,Татьяна Соболева,2024-02-04 04:51:50,"Хорошее отделение банка. Персонал вежливый, много окон, помогают разобраться практически с любой проблемой. Плюс открыли пункт выдачи товаров с Авито! Вобщем, я довольна!))) Спасибо Сберу!",5,
4,Нурлан Наурзгалиев,2023-10-08 11:26:38,"Отличное место расположение,рядом есть практически все,команда очень хорошая и девочки все умницы и внимательны ко всем,мне очень понравилось,удачи Вам и всех благ вам и вашему руководству,храни Вас Господь Бог",5,
5,Лилия Попова,2024-03-09 04:41:13,"Если иду в Сбер, то только сюда, в это отделение....рядом с моим домом, комфортно , даже если придется подождать своей очереди, много посадочных мест для ожидания...Сотрудники вежливые, внимательные...",5,
6,ИННА,2023-10-31 13:04:18,"Комфортный офис, квалифицированный персонал . Очередь через терминал идет быстро, много консультантов. Много терминалов и банкоматов. Быстрое обслуживание, внимательное и доброжелательное отношение.",5,
7,Майя Шкулепа,2023-07-12 14:13:24,"Хорошее, удобное расположение отделения, работают кондиционеры, чисто, персонал обыкновенный, некоторые сотрудники доброжелательные, но не все!!!!! Не всегда быстрое обслуживание, хоть и есть пустые кресла! А так вобщем не плохой банк.",5,
8,Алла Заворотова,2023-06-27 15:45:54,"Хорошее обслуживание, все очень быстро. Все проблемы решают профессионально. Персонал вежливый, грамотный всегда помогут. Была там с разными не простыми ситуациями. Помогли и подсказали. Спасибо. Рекомендую.",5,
9,Ольга С,2024-03-07 09:12:22,"Очень удобно, что отделение работает с 9-00. Электронная очередь. Обслуживание быстрое, персонал вежливый.",5,
10,Майя Болдырева,2024-02-27 01:11:18,"Заходили перед закрытием, хотела разблокировать детскую карту, специалисты невежливо проконсультировали, причем сначала вдвоём громко обсудили нашу проблему, но помочь отказались, отправили к роботу Афине, у которой вообще не добьёшься ответа на конкретно интересующий нас вопрос😂🤣",2,
11,Георгий Ашпур,2023-03-09 06:41:30,"Сам банк вполне хороший, все делают быстро без лишних вопросов и особо навязчивых предложений. Банкоматов много, но тут беда в том что банк закрывается рано, и вечером к банкоматам опасно подойти. Вчера вечером в банк зашел деньги с карты на карту перекинуть. В проходной стояло двое. На одном банкомате кто-то пинкод не давел, мне было лень разбираться как это убрать. На других вещи чьи-то шапки, перчатки. Встал за мужиком и то ли он параноик, то ли вымогатель. Наехал на меня мол что я за ним встал если остальные банкоматы свободны, начал требовать чтобы я пошел к банкомату с картой. Я понял что он не настроен на конструктивный диалог, невменяем и требования у него мягко говоря подозрительные и ушел в другой сбер. И в другом тоже вечно кто-то пасется. Я еще не разу не видел чтобы там не было чтобы там кто то не пасся и не стоял подоле. Иногда да это просто человек замерз на улице. А иногда это может быть дружки выше описанного типа, если бы это оказалось так то кортик меня бы не спас. На будущей буду брать на толпу с собой если вообще пойду туда",1,
12,Аркадий Бирюков,2024-04-19 13:11:58,"Пользуюсь всеми услугами, банка, а в последнее время и доставка посылок с маркетплейсов. Персонал вежливый и внимательный.",5,
13,Софья Данилова,2024-04-14 19:47:51,"Большое отделение Сбербанка, хорошие сотрудники всегда подскажут и помогут решить вопрос.",5,
14,Вита Минка,2023-09-28 12:32:54,"Быстро доступно вход и с магазина и с улицы, что очень удобно. Сотрудники вежливые, всегда помогут.",5,
15,елена светлова,2024-02-03 14:35:07,Функциональный. Удобно. Специалисты вежливые. Компетентные.,5,
16,Денис Гилимшин,2023-04-27 14:21:53,"Был отличный банк, после последнего посещения осталось ощущение что я посетил какую-то рекламную компанию по впариванию доп услуг, начиная от мобильной связи и заканчивая пакетами с разными платными каналами, получается минут 20 мне пытались всучить доп пакеты, кредитную карту, подписки на каналы и прочее, ну а в остальном банк как банк.",5,
17,Сима,2023-12-21 17:28:49,Быстрое обслуживание. Вежливые сотрудники. Быстрая помощь в решении вопроса,5,
18,Наталья Курасова,2023-06-05 15:37:58,"Дежурный офис Сбербанка, работает даже в выходные дни. Находится в центре района ЖБИ. Очереди бывают в дни пенсии, но в целом по талону вызывают почти сразу, сотрудники вежливые и компетентные.",5,
19,Регина Троегубова,2023-08-04 15:03:11,"Ничего плохого не могу сказать. Обслужили быстро, объяснили всё до мелочей(я с банками очень дотошная, боюсь что-либо не то сделать), сотрудники вежливые и терпеливые. 👍 рекомендую.",5,
20,Наталья Ермакова,2024-02-26 15:56:51,"Удобные часы работы, вежливые сотрудники, круглосуточные банкоматы.",5,
21,Zoya,2022-10-21 08:31:21,"Филиал СберБанка понравился подчёркнуто вежливым и внимательным отношением персонала, грамотным и быстрым обслуживанием. Очереди не большые, во время которых посетители сидят на мягких диванах. Посещать такой филиал приятно. РЕКОМЕНДУЮ!)",5,
22,Tatjana Ivanova,2023-01-07 06:40:23,"Неплохое отделение банка, но для меня всегда проблема попасть в кассу. Даже если в кассе никого нет надо прождать 10 - 20 минут прежде чем вызовут. Пользоваться кассой сбербанка приходиться несколько раз в неделю, причем в разное время рабочего дня и каждый раз одно и то же при отсутствии людей в кассе ждешь 10 - 20 минут пока кассир проснёться. За это ставлю оценку 3 - ( три с минусом ).",3,
23,Елена,2021-09-21 08:01:00,"Хоть это отделение сбербанка не большое,но очень удобно расположено,в шаговой доступности по району.Всегда всё быстро по эл.очереди,решаются все возникающие вопросы по платежам ,страховкам,картам и т.д,здесь специалисты грамотно работают,всё понятно,и банкоматы,сколько раз посещали,всегда работают без проблем.Рекомендую,обращайтесь в это отделение!!!!",5,
24,Светлана,2023-10-06 02:29:49,"Мне нравится что банкоматы есть не только в самом Сбербанке, но и за пределами зала, где можно посещать 24часа в сутки.",5,
25,Доска объявлений,2022-04-14 14:45:48,"Отличный банк, персонал отзывчивый помогают с любыми вопросами, опрятный внешний вид всегда, работают быстро и качественно посоветуют выгодный вариант в сфере финансов)",5,
26,Игорь Панфилов,2024-02-24 07:56:31,"Очень вежливый персонал, рекомендую всем 👍",5,
27,Анонимный отзыв,2022-08-25 07:25:02,"я хочу написать жалобу про сотрудницу я пришла сбербанк и потом я хотела поговорить что не так с моей карты и мы сотрудницей пошли положить деньги в автомате и потом мы все сделали и дальше она как помогла мне, она мне сказала забери карту и потом я вапче не чего не поняла что это вапче было я ей хотела как взять карту она просто бирет и уходит как не в чем не бывало что это за поведения у ваших сотрудниц ах я даже не знала что нажимать ну хотябы девушка помогла мне достать своё карту нет так нельзя вести перед людьми.👎🏻😠",1,
28,Виталий Т.,2023-04-03 09:26:54,"К сожалению разочаровался в обслуживании этого филиала, мне нужно было распечатать счёт реквизита, то одна программа не работает, то другое окно оправили там занято, пришлось идти в другой филиал.",1,
29,Вадимыч,2023-03-07 03:37:43,"Много банкоматов, точно так же как и сотрудников. Вежливых сотрудников, которые сами к тебе подходят, когда ты сидишь с талоном в очереди. Плюс очень комфортно.",5,
30,Alex Dark,2023-09-26 11:32:18,"Всегда помогут. Но очень много народу, очередь двигается медленно, хотя ничего плохого о сотрудниках сказать не могу.",4,
31,татьяна сидорова,2023-01-09 19:25:03,"Отзывчивый персонал, быстрое обслуживание. Отношение к клиентам отличное. В шаговой доступности от дома",5,
32,валентина неволина,2022-11-28 14:23:26,"Обслуживание отличное. Персонал вежливый. Отношение к клиентам хорошее. Время ожидания минимальное, если работает много стоек. Мне нравится это отделение.",5,
33,Алексей Суворов,2023-04-24 11:48:25,"Несколько последних посещений обернулось 15-20 минутным ожиданием, крайний раз после 15ти минутного ожидания плюнул и ушёл. Сбер, что то решите уже, так не пойдёт...",2,
34,Екатерина Горбунова,2023-10-10 14:49:54,"Всегда вежливый персонал, всегда помогут с любым вопросом",5,
35,Kossword,2023-03-09 17:33:07,"Менеджеры достаточно хорошо объясняют нюансы и вопросы
Но неприятно, когда на дивана в зале ожидания сидят бомжи, воняют и кашляю...
В зале грязно.
К самим сотрудникам претензий нет.",4,
36,светлана брызгалова,2022-10-24 14:15:44,"Хамское , не профессиональное отношение к работе и клиентам , мало того что прямо на рабочем месте разговаривают по личным тел , пытаються решать вопросы прямо в зале не у специалиста ( как можно решить вопрос о вкладах у входа в офис ) . Такого отношения к клиентам я не видела ни в одном офисе . Оценка 0 с минусом",1,
37,сергей логиновский,2022-12-02 15:14:04,"много банкоматов,вежливое и профессиональное обслуживание,удобное расположение,большой офис",5,
38,Татьяна Михахос,2023-07-13 16:03:45,"Персонал весь хороший, отзывчивый. С вопросами обращаюсь только в это отделение",5,
39,Елена Гусева,2023-05-14 15:21:35,Отличное отделение Сбера. Всегда вежливые и терпеливые операторы!!!,5,
40,Любовь Кузнецова,2022-06-14 18:17:21,"Терпеливо и доходчиво разъяснили мой вопрос. На входе встречает приветливый сотрудник. Была проблема с распечаткой чеков по оплате жкх, плачу онлайн, чеки нужны, а принтера нет, оказалось, что напрасно беспокоилась, распечатали без слов.",5,
41,Наталья Ф.,2023-07-12 03:46:05,"Все отлично, сотрудники приветливые, в офисе чисто",5,
42,Елена Палкина,2023-04-17 12:39:23,"Обслуживание стало лучше, больше автоматов поставили, у некоторых сотрудников отношения стало лучше к клиентам",5,
43,CTCTwinblock CTCTwinblock,2023-09-17 15:06:00,"Отказали в ипотеке))) сняла все деньги и отнесла в Альфа банк, там умеют работать с клиентами!",4,
44,ДМИТРИЙ БАЛАКИН,2023-03-27 15:49:24,"Отделение довольно большое ,прием по электронной очереди окон много очередь идёт быстро",5,
45,Владимир 1000-7 Разживин,2022-12-08 19:57:41,"Войдя в отделение, выбираете нужную вам категорию, после чего выдают талон. В порядке очереди вас вызовет, достаточно громкий, голос робота и вы пройдете в нужное окно. 
Сотрудники отзывчивые, порой даже весёлые 😄, свою работу выполняют отлично, помогут с любым вопросом. Так же присутствует достаточное количество банкоматов, через которые можно снять/внести наличные, оплатить счета.",5,
46,денис минхазов,2022-09-16 16:16:39,"Отличный выход, когда надо снять наличные. Огромный плюс, есть доступ в ночное время. И Огромный минус что практически постоянно скапливаются очереди в очень маленьком помещении.",4,
47,Aльфира,2023-09-14 17:31:08,Очень добросовестные отзывчивые сотрудники .,5,
48,NICK Baibl,2023-02-05 15:27:42,"Мне отделение нравится, очередей нет, банкоматов много, тепло, чисто. А больше ничего и не надо.",5,
49,Анастасия Ковязина,2023-02-08 12:42:14,"Обслуживание хорошее, сотрудники вежливые, но когда много народу ждать приходится по долгу",5,
50,Светлана Микитченко.,2022-06-21 04:24:58,"Обслуживание хорошее, но слишком навязчивый работник. Для банка, наверное, это хорошо, но для клиента утомительно слушать все расклады, которые тебя не интересуют",5,
51,Сергей Бухвалов,2021-09-15 07:05:34,"Обычное отделение Сбера, на входе консультант, приветливый, улыбается). Я по поводу подтверждения личности для госуслуг. А он мне - только для клиентов Сбербанка. Я начал с ним спорить, что это нарушение, все банки оказывают, такую услугу. А он как робот. Плюнул и пошел через дорогу в УБРиР. Там всë сделал. Тройку поставил только за то, что он в Кировском расположен.",2,
52,Татьяна Кротова,2022-06-06 13:51:30,"Банк есть банк- дресс код и все по правилам, при этом сотрудники относятся по человечески и всегда встречают с улыбкой клиентов. Брала ипотеку здесь- все четко, без проблем",5,
53,Галина Шульгина,2022-06-25 12:40:37,"Близко, удобно, доброжелательный, отзывчивый персонал, решает всё вопросы быстро.",5,
54,Анастасия Бунь,2024-03-26 16:06:56,Адекватные сотрудники,5,
55,Светлана Хорошилова,2022-06-29 15:14:25,"Чистый офис. Вежливый персонал. Плохо, только то, что не всегда есть консультанты. А в целом все хорошо.",5,
56,Max Berdov,2022-06-09 11:15:49,"Удобно расположен, появился пункт выдачи заказов Сбермегамаркет, отличный современный офис",4,
57,Андрей Ш.,2022-08-27 10:59:26,"Бываю часто, то в банкомат, то коммуналку оплатить, нормальное отделение, иногда правда народу много.",5,
58,Андрей Ларионов,2022-01-04 12:55:18,"Отличное отделение. Очень приветливые и вежливые специалисты. Всегда помогут, дадут ответ на волнующий вопрос. Спасибо всем большое. Быстро, качественно и с улыбкой!)))",5,
59,Денис Дорохов,2023-01-04 21:54:57,"Хожу в это отделение не впервый раз, ожидание вызова по талону не долгое, а сотрудники очень компетентные и всегда готовы помочь. При проведении каких либо услуг с картой всегда помогали и всё объясняли.",4,
60,Анонимный отзыв,2021-11-08 18:40:50,"Оперативно и быстро.Что бы кто не говорил но в принципе не очень огромное отделение справляется с обязанностями,не хомят,подсказывают.Кстати от их же коллег в отделение на ост.Каменные палатки.",5,
61,Наталья Федотова,2023-03-14 05:53:47,"Мой любимый магазин 
с хорошим ассортиментом",5,
62,Оксана Маликова,2022-10-23 16:51:13,"Менеджеры доброжелательны и терпеливы. Всегда ответят на вопросы, помогут разобраться в ситуации.",5,
63,Евгений Кузьмин,2022-12-31 15:45:30,"Обслуживание на высоте, банкоматов много, как и персонала",5,
64,hurshi muhamedova,2023-11-24 11:32:56,Много очереди,5,
65,Андрей Молочков,2023-03-22 14:09:42,"Не плохой филиал, но всё ещё очередь к опероцианистам. Не понятно почему?",4,
66,Сергей,2022-12-11 17:17:59,"Всё быстро решили мой вопрос,рядом от дома,удобно.",5,
67,nanocat,2023-02-02 17:11:49,"Хорошее обслуживание, нужно было поменять карты, время ожидания менее 5 минут.",5,
68,Юлия,2023-01-24 11:08:29,Забираю заказы со Сбер Мега маркета. В очереди не стою. Приходит все быстро.,5,
69,Николай Касьянов,2023-02-15 16:59:25,"Всегда очередь к определённому терминалу, не успевают другие чинить что ли?",3,
70,Андрей Петров,2021-08-14 03:32:25,"Очень профессиональный коллектив, делают все быстро и оперативно.... НО иногда бывают очереди",4,
71,Наталия,2024-01-02 14:17:48,Все отлично,5,
72,Александр,2023-05-21 16:11:41,Именно в этом отделении постоянно душно и чем-то воняет,2,
73,Максим Никифоров,2021-12-17 08:31:34,"Постоянно очередь,из семи банкоматов два работает.Мало места,куча людей без масок .Уборщица нерусская только грязь размазала и ушла.Вообщем плюс только персоналу,всегда помогут.",1,
74,ЛиКа 49,2022-12-18 15:08:44,"Хороший персонал, чистый и приятный офис.",5,
75,Александр Данилов,2023-11-19 16:48:36,Много народу и всегда очереди.,4,
76,Анатолий Колмыков,2021-12-24 13:24:51,"Сбербанк вообще оборзел пользуясь моими деньгами он ещё и у меня берет деньги за обслуживание карты. Я отказался от этого банка, перешёл в другой.",5,
77,Госпажа Леди,2023-02-15 06:56:48,Девчонки грубие! Не сможет нормально объяснить.,1,
78,Алексей Смирнов,2021-09-11 03:47:34,"Вежливый персонал. Чисто, опрятно.. Как в общем-то и в любом отделении Сбера.",5,
79,Александр Д.,2021-06-01 13:31:14,"Не организовано. Молодые сотрудники, до 25 лет, заняты пенсионерами, сотрудники за столами хамовиты и высокомерны, НОРМАЛЬНОМУ человеку возвращаться в это отделение не хочется...",2,
80,Денис Чернавских,2022-05-11 15:57:08,Не пользуюсь и не люблю. Все для банка но не для клиента. Обмануть может Любой а помочь ни кто.,1,
81,Марина A,2022-12-01 16:53:15,"Самое обычное отделение сбербанка, как везде",5,
82,Юлия Бажева,2021-12-08 09:16:10,Самый лучший магазин с качественным товаром и низкими ценами.,5,
83,Михаил Рубцов,2022-11-06 14:17:15,Отличное отношение всё что надо узнал всё на 5,5,
84,Fedorova Aksinia,2021-09-11 18:48:05,"Быстрое, компетентные обслуживание. Сотрудники готовы помочь. Большое спасибо",5,
85,Олег Бездных,2022-11-02 11:23:47,Проблем не было! Девочки всегда на позитиве!,5,
86,Елена Обрезкова,2022-09-16 07:41:50,"Персонал вежливый, всегда поможет",5,
87,Наталья Морозова,2021-09-29 15:36:57,"Вежливые , отзывчивые работники сбербанка . Помогают решать разные проблемы . 👍",5,
88,Оля Хаирова,2023-02-13 16:03:08,Всегда так много народу...,2,
89,Герман Сторонов,2022-10-03 02:15:01,Хорошо работал молодой человек Рустам.,5,
90,Ольга К.,2020-02-12 04:11:36,"Пришла к 8.00,оказалось работает с 8.30...но это ничего,я прождала 40 минут ,пришла заранее так как с 9.00 работаю.Передо мной прошли человек 5 и их обслужили.Пришлось бежать до работы и сообщать о задержке.Вернулась,но очередь моя так и не подошла. После моих возмущений меня наконец -то вызвали.По обслуживанию пока ничего сказать не могу ,специалист банка извирилась за задержку.Но хочу сказать,что надо тогда выводить больше специалистов по данному вопросу.Так как карта уже готова была и получить ее не долго.",1,
91,Ольга Д.,2022-07-08 02:29:34,"Быстро, удобно, хорошие специалисты",5,
92,Елена Пятина,2022-04-20 15:22:05,"Довольно миленько-всё объяснят, кроме Сбербанка-Онлайн...",4,
93,Спивак Светлана,2019-08-28 05:44:28,"Быстро, качественно и без лишних вопросов. То, что я очень ценю. Люди реально работают ценят своё время и других!!! По любому вопросу быстро и компетентно проконсультируют в кратчайшие сроки. Вообщем очень рада, что есть сбер от дома в шаговой доступности!",5,
94,Василий Х,2019-11-16 17:43:12,"Офис Сбербанка на первом этаже в большом Кировском. Войти можно и из супермаркета и с улицы, причем с улицы доступ круглосуточный. Много банкоматов, много банковских специалистов, много посетителей.",5,
95,Cetlana Krapivina,2022-08-06 03:30:16,"Много автоматов, крмпетентный персонал",5,
96,Малика Акбалаева,2023-04-05 15:02:08,Долгое ожидание всегда,3,
97,Анжела Бикбулатова,2023-01-04 15:19:35,Обслуживание. Отношение к клиентам.,3,
98,Анна Воробева,2022-01-05 17:47:25,"Всегда очень много народа, стараюсь лишний раз не ездить",3,
99,Дарья Салимова,2022-02-10 05:16:29,Ни разу не сидела в очереди. Всё делала быстро. Специалисты знают своё дело,5,
100,Елена Николаевна,2021-10-17 16:29:49,"Большие очереди. Отсутствие работников объясняется тем, что идет сокращение персонала.",2,
101,Надежда С.,2022-04-24 16:31:42,"Удобно и быстро, хороший офис",3,
102,Andrey Vasilev,2022-12-31 21:43:56,"Помогли, но не быстро",4,
103,АкваЭнерджи,2022-02-06 07:02:44,"Пришёл в банк 11.00 , кассир уже на обеде. Очередь стоит, а им все равно!!!",1,
104,Ирина Шкуратова,2021-09-11 16:10:59,"Удобное отделение, много банкоматов, очереди редко скапливаются",5,
105,Анна Матюшина,2022-06-14 10:58:04,"Лояльные сотрудники, много окошек.",5,
106,Александр Шлыков,2021-09-03 11:26:23,"Принимают только карты сбербанка. Платил госпошлину, пришлось самому реквизиты в телефоне искать",1,
107,Олег,2021-09-01 16:09:06,В зале электронная очередь - удобно! Но банкоматы часто заняты.,4,
108,Анна Б.,2022-09-01 14:48:34,"Офис как офис, это же Сбербанк",5,
109,Наталья Ганина,2023-01-24 14:44:14,Всё отлично!,5,
110,Дионис MDN,2022-06-14 13:32:39,"Отличное отделение, квалифицированные сотрудники",5,
111,Марина Т.,2020-02-09 06:46:21,"Доверяю я больше всего сбербанку, а здесь он удобно расположен и обслуживание мне нравится.",5,
112,Владимир Морозов,2021-07-02 14:09:44,"Чисто , комфортно и быстро . Так держать 👌",5,
113,Ольга Д.,2021-06-17 09:36:40,Быстрое обслуживание и грамотные консультанты,5,
114,Александр Данилов,2021-06-04 14:24:51,"Не плохое отделение но для большого ЖБИ маловато, зато работает по выходным",4,
115,UpGrade 360,2021-07-06 08:25:08,По сравнению с др.отделениями ждать приходится меньше. Норм. Рекомендую,5,
116,Антонович Дмитрий,2022-10-17 11:29:41,Отличный филиал,5,
117,Мария Устюжанина,2019-10-07 11:01:21,"Была тут однажды. Хотела перекинуть деньги на чужую карту. Сильно болела тогда, с температурой. Но консультант заставил меня оформить карту, скачать приложение, активировать приложение, сделать какую-то дичь через терминал и планшет.",1,
118,Татьяна Саламатова,2021-04-23 09:29:12,"Увеличили количество окон,уменьшились очереди,просто радость сейчас туда ходить.",5,
119,Валентина Валентина,2021-09-05 10:50:27,"Всегда большие очереди, сотрудники работают медленно",2,
120,Влад М.,2021-08-31 06:08:35,"Вечные очереди, лучше на Высоцкого сходить там нет их,",3,
121,Наталья,2019-08-08 08:45:08,"Рядом с домом, много банкоматов. Электронная очередь ( минимальное время ожидания). Сотрудники быстро помогают решить вопросы.",5,
122,Николай Н.,2020-03-06 05:01:37,"Карты «моментум» предлагали за 1600р, хотя по факту они выпускаются бесплатно. 
06.03.2020 сотрудник данного отделения отказалась выпускать карту бесплатно.",1,
123,Милена Озер,2019-09-27 15:09:33,"Здесь быстрое обслуживание добрые Консультан(ты,тки)Также нравится то что обслуживание банкоматов идёт круглосуточно",5,
124,Андрей К.,2022-08-19 15:22:13,Деньги качественые,5,
125,Елена Кудрина,2020-09-20 03:36:02,"Удобно, быстро, персонал отзывчивый, вежливый",5,
126,Долинская,2019-08-08 01:30:17,"Посетила отделение 7 августа. Прекрасное обслуживание, спасибо сотруднице за человеческое отношение, помогла мне в решении проблемы.",5,
127,Буров Олег,2020-10-18 14:20:14,"удобно рядом и все есть, специалисты норм..",5,
128,Долин Антон,2021-09-13 17:06:27,всё всегда быстро и понятно.,5,
129,Мехрубони,2023-02-17 13:02:11,Класс,5,
130,Ilya S.,2022-01-23 14:55:13,Очень многолюдно и грязно!,2,
131,Сергей Сторонов,2022-04-21 15:40:43,Отличный персонал.,4,
132,Игорь Чуваков,2021-09-20 12:48:13,Очень часто большие очереди,5,
133,Ирина Ивановна,2021-06-01 15:19:09,"Оценка самому банку, а не персоналу что там работает",1,
134,Серёга Ф.,2022-04-05 14:05:30,На толпу 2 оператора,2,
135,Елена Береснева,2019-11-08 07:45:17,"Обслуживание в пределе нормы, если нет часа пик. В часы пик долго ждать приходится. Душно. Персонал достаточно знающий свою работу.",3,
136,Василий,2021-09-13 16:47:45,Хорошая работа с клиентами.,5,
137,Рафик Шаймурзин,2021-10-21 08:38:02,пользуюсь услкгами ростоянно.,5,
138,Николай Чегодаев,2019-12-02 15:19:04,"удобный банк - рядом с домом, множество окон и время ожидания небольшое",5,
139,Серёга Завьял,2022-02-13 15:02:54,Худший банк в принципе,1,
140,Елена,2022-10-23 11:43:47,Быстрое обслуживание,5,
141,Илья Будкевич,2021-07-04 09:13:45,Не всегда работают банкоматы,3,
142,елена с,2021-09-05 15:46:23,всегда много народа,3,
143,Наталья С.,2021-04-11 06:15:14,Увеличить время работы до 21: 00,2,
144,Владимир Ч.,2019-08-03 16:32:33,Ну что сказать стандартное отделение Сбера. Однажды прождал 50 минут чтобы приняли. Есть подозрения что персонал прогуливал занятия по конфликтным ситуациям. в остальном терпимо.,3,
145,Анастасия Неверова,2018-10-17 10:18:32,"Работают оперативно, но на такой большой район жби одного офиса мало, поэтому очереди и на прием к специалистам и в терминал",4,
146,Алексей Викторович Новоселов,2021-07-21 12:00:04,Самый лучший банк,5,
147,Елена Филиппова,2020-06-30 17:37:42,"Толковый персонал, всегда помогут",5,
148,Ксения Бебнева,2021-08-20 16:34:33,Всегда очередь!,4,
149,Alamjon Abduxapizov,2021-07-05 05:33:52,Удобные сервисы,5,
150,Елена Фирсова,2021-08-08 14:43:22,Рядом с домом,5,
151,Евгений Якорнов,2021-06-21 14:09:53,Работают хорошо,4,
152,Юлия,2021-07-31 09:19:19,всегда рядом,5,
153,Дарья Павлова,2020-03-12 04:15:17,Большой офис банка. Много операторов. Электронные таллны,5,
154,Андрей,2019-09-20 11:40:09,"Все неплохо, но огорчило, что сотрудница неверно указала адрес получения новой карты",4,
155,Наталья Коверзнева,2022-05-02 08:51:32,Постоянные очереди!,2,
156,olga d.,2019-08-30 13:28:14,Мне очень нравится и обслуживание и как консультируют,5,
157,Лена Королёва,2021-02-23 08:26:41,Быстрое обслуживание.,5,
158,Сергей К,2020-10-14 13:24:54,Слишком мылый зал с банкоматами.,3,
159,Евгений Окишев,2021-06-21 18:19:42,"Нормальный сбер, но довольно тесный",4,
160,Оля Семёнова,2019-08-17 17:19:54,"Быстро, оперативно, доступно объясняют",5,
161,Анатолий Колмыков,2019-12-05 07:49:42,"Имею дважды отношения к этому банку,ток как являюсь его клиентом.",5,
162,Tanya,2019-10-21 11:34:55,"Частенько снимаю в банкомате наличные, карту востанавливала,",5,
163,Александр Трезвый,2020-03-01 15:14:07,"Как и все отделения сбербанка, на уровне",4,
164,Зинаида Завьялова,2020-10-25 17:25:20,Быстро. Удобно.,5,
165,Ольга Ю,2019-10-20 14:01:07,Грамотные консультанты. Маленькие очереди.,4,
166,Рустам Л.,2018-11-09 10:27:22,отличное обслуживание адекватные профи работники,5,
167,Konstantin Бородыня,2021-07-28 09:00:54,Обычно.,2,
168,Александра Никулина,2021-07-30 03:06:39,Удобно,5,
169,Юрий Гайфуллин,2021-07-20 08:10:20,Грязно,2,
170,Юлия Казакова,2020-04-08 18:09:11,"Не плохо, ещё бы поменьше очередей",4,
171,Вячеслав,2021-04-08 11:00:41,Сильно навязывают свои услуги,5,
172,Александра Л.,2019-08-07 16:16:38,Прекрасное и быстрое обслуживание,5,
173,А,2020-08-12 17:51:05,Достаточно быстрое обслуживание.,4,
174,Sveta Loshmanova,2020-03-06 04:17:52,Зарплатную карту делали три недели,3,
175,ushakov.yasha,2019-09-17 15:25:56,в выходные работают и это не может не радовать,5,
176,Сергей Х.,2019-09-20 16:58:00,Надёжный партнёр в финансовых вопросах.,4,
177,Евгений Жестков,2020-01-17 08:56:53,в зоне банкоматов днём давка,3,
178,Егор Будкевич,2020-03-29 19:04:23,Сотрудники топ✔️✔️✔️,5,
179,Надежда Новосёлова,2019-09-25 11:04:23,Сервис обслуживания отвратительный.,1,
180,Эдуард Островский,2020-01-25 18:04:08,"Сбер, он и в Африке-Сбер.",5,
181,Сергей Х.,2019-09-26 16:27:36,"Надёжный, проверенный банк.",5,
182,В,2019-11-05 09:28:19,Очень маленький и тесный зал с банкоматами.,3,
183,Михаил Ж.,2018-07-31 04:13:10,Рядом с домом все удобно,5,
184,Владимир Барабанов,2019-12-11 07:04:55,Очереди всегда,4,
185,Евгений В.,2019-10-09 08:20:52,Банк как банк,4,
186,Житяева,2019-09-03 17:31:20,Всё нравится,5,
187,Анонимный отзыв,2013-10-15 05:51:36,"Постоянные очереди, когда на конец руководство упорядичит систему приёма граждан. Иногда не работает терминал электронной очереди. Работники отдела кредитования работают очень медленно.",2,
188,Анонимный отзыв,2015-04-02 11:01:46,"До отделения банка не дозвониться! Сидят, пьют чай. Звонок от аппарата телефона мимо ушей. Отвратительное отношение!!!",1,
