,name,date,text,stars,answer
0,Ильдар Аканаев,2024-02-09 02:18:05,"Хорошие,уютное подразделение Сбера. Помогите решить любой вопрос связанный с работой Сбера от открытия счета до выпуска детсклй карты например. Молодцы!!!",5,
1,Станислава,2024-02-24 08:28:18,"Всегда попадаю к разным девочкам! Но как же все быстро делают! Идут на встречу) 
Один раз заказала 7 посылок на Сбермегамаркете, думала что не унесу, но девочки помогли упаковаться 🙂 спасибо 🙏✨",5,
2,Инкогнито 1795,2023-09-21 13:29:04,Сбербанк по адресу Павла Шаманова 26 молодцы сотрудники спасибо Вам за терпение и за вежливость. Всегда помогут подскажут. Спасибо девушкам с 2 и 7 окна помогли и решили все быстро. Вот что значит профессионал своего дела.,5,
3,Артур Султанов,2023-11-21 19:38:02,"Быстрое гбслузивание, вежливый пенсонал! Особенно менеджер Галлямутдинова Альфия, спасибо!",5,
4,Андрей Николаевич Петренко,2023-07-23 12:44:15,"Обычный Сбербанк) сбер… сберчик) бывает многолюдно) персонал профессионален и приветлив, чисто и светло, есть банкоматы",4,
5,Анфиса Зайнуллина,2022-12-30 12:27:10,"Персонал доброжелательный. Все расскажут, подключат, перевыпустят. Работают оперативно. Время ожидания относительно не большое днем. По вечерам не знаю. Парковка рядом, но всегда занята, потому что мало парковочных мест. А в целом не плохо.",5,
6,DreamerLena,2023-06-23 04:29:36,"Банкоматы нравятся. Обслуживание достаточно быстрое, но народу всегда много. Помещение маленькое, все толпятся всегда у входа. Насчет компетентности персонала, мои вопросы решить не смогли, сказали звонить в техподдержку.",3,
7,Рыбникова Кристина,2023-04-10 11:44:07,"Банкомат зажевал деньги, звонила в поддержку, сказали никого не надо ждать, деньги зачислят в течении часа, а через 2 недели их списали обратно тк в банкомате недочет. Имейте ввиду что вас не спасет в таком случае камера наблюдения. После месяца разборок, мне позвонила сотрудник и сказала что банк отказывает в возмещении средств, а описывая сцену на камере рассказала небылицы что подошел молодой человек и достал 5000 купюру и подал мне и что остальную сумму я положила и достала обратно. Но на деле купюры зажевало, от них торчали уголки. Несколько раз доставали и вводили карту и нажимали кнопку внести, чтобы он открылся хоть, но его заело. Знала бы что так будет сидела бы там до открытия отделения чтобы сотрудники сами зафиксировали при мне неисправность банкомата. Но нам сказали ехать домой, банк честный, все вернет. А на деле списали внушительную сумму и оставили меня с носом. Не буду пользоваться больше сбером. Есть банки где уважают клиентов и свою репутацию",1,
8,Надежда Позднякова,2024-01-24 05:20:10,"Мне это отделение очень нравится. Сотрудники банка вежливы с клиентом, на все вопросы всегда можно получить чёткие ответы.",5,
9,Петр Ситник,2024-04-07 10:07:46,"Приятный офис, где мне честно с порога сказали: ""Денег наличных нет, но нужную сумму вы сможете снять в нашем банкомате :)""",4,
10,Мария С.,2023-06-13 14:37:02,"Пришли за ПОСЫЛКАМИ сбермегамаркет. Раньше всегда норм все было. Тут, сотрудник минут 10 давай навязывать какие то карты!!! Человек пришел за посылкой!!! Отказываешься - у нее лицо все недовольнее и недовольнее. Заставила заходить в приложение, какие то коды называть. Да никогда такого не было. Я понимаю, люди зарабатывают, но блин. Я очень часто заказываю и прихожу за посылками к вам - каждый раз по 10 минут про карты слушать?",3,
11,Simper,2023-09-14 04:20:50,"Капец там народа. Заходишь и человек 20 очередь. Заходил в разное время и дни, всегда толпа. Окошек тоже вроде много, но движется медленно. Вспомнил кадры из союза, очереди в сберкассу. Что там делает столько людей? Щас все дистанционно работает",3,
12,Татьяна Черепанова,2023-08-29 17:46:37,Не очень компетентные сотрудники по оформлению сделок с недвижимостью. Видимо не хватает опыта. Но девочки стараются. Научатся. Спасибо им! Жаль что руководитель отделения им совершенно не помогает.,1,
13,Лина Шато,2024-01-31 13:14:54,"Внимательные, компетентные сотрудники, удобное расположение",5,
14,Сергей,2023-10-10 15:26:00,"Молодцы девочки и мальчики! Фронт-линия как на фронте - держатся, улыбаются, быстро и эффективно работают с клиентами. Так держать!",5,
15,Светлана Старовойтова,2022-06-16 19:01:31,"В целом впечатление положительное . Из минусов: мало места, всегда много народу ,невозможно припарковаться . Но! Сотрудники вежливые , грамотные , быстрые , позитивные. Оформляли ипотеку в этом отделении , вообще супер быстро !!! (и предложение банка было невероятное , даже не знала ,что такие ставки возможны )",5,
16,Виктор Ш.,2023-11-21 12:52:19,"В отделении Сбера на П. Шаманова мне встретились добрые, квалифицированные работники!",5,
17,Фуркат Мусакжанов,2023-11-25 05:40:39,"Сотрудники банка, всегда очень приветливо встречают, почти нет очередей",5,
18,Лариса,2023-10-12 01:43:51,"Отличный офис, народ всегда есть, но ожидание не большое, всегда можно решить все вопросы с которыми придешь.",5,
19,Оксана,2023-07-29 04:06:52,"Мне удобен этот банк, рядом с домом, обращалась пару раз, особо долго не ждала очереди, всё решили быстро, банкоматы так же хорошо для снятия налички👍",5,
20,Владислав Хохолков,2023-06-13 16:51:16,"Все как и всегда в банковской системе.. трудно, запутано, все отвечают только на определённый список вопросов который им заложили в головы. Чуть изменив их привычный алгоритм и все рушится... зависает люди и техника",3,
21,Валерия Трегубова,2022-12-05 06:32:21,Очень осталась довольна работой сотрудника Евгении Якубенко. Грамотно и понятно объяснила про предложения банка. Помогла в решении моего вопроса несколькими вариантами. Благодарна за такое обслуживание.,5,
22,woodche ru,2023-08-12 13:06:44,"Очень плохо , менеджеры пытаются ввести в заблуждение, впарить продукты , подключить не нужные опции и ТД. А также навязать страховки. Карту зелёную бесплатную категорически отрицают что можно открыть , но она есть.",1,
23,Elizaveta Uzkikh,2023-12-02 15:30:58,"Быстрое обслуживание, стараются помочь! Была удивлена",5,
24,Ольга *,2023-06-05 17:34:43,"Не очень комфортный офис. Проходной двор, нет приватности. Вечно пахнет духами, одна пройдёт мадам, весь офис пахнет. Понимаю, что офис банка там нужен, но помещение неудобное. Ипотечные кабинки, микро микро...",3,
25,Соболиный,2023-05-09 17:41:05,"Пришёл узнать, на какую сумму могу рассчитывать при оформлении ипотечного кредита. В результате вышел из отделения с оформленной заявкой, которая в данный момент мне была абсолютно не нужна по той лишь причине, что у меня имелись незакрытые кредитные карты других банков. Вот такой казус...",3,
26,Иван Демидов,2022-12-28 16:39:45,"Сбербанк начинает превращаться в почту России. Начали выдавать посылки, при этом специально пункт выдачи меняют на отделение, чтобы попутно впарить какой нибудь продукт типа кредита, кредитной карты, подписки и т.д Соответственно, на это все нужно время и чтобы получить товар надо выстоять в очереди несколько десятков минут, вместо максимум 5 минут в любой точке выдачи",1,
27,Екатерина Мокрова,2024-03-22 14:44:51,"Решают вопросы качественно, но очередь конечно по часу приходится ждать",5,
28,Евгения,2023-06-08 05:34:37,"удобная электронная очередь, сотрудники помогут решить любой вопрос быстро и качественно.",5,
29,Ксения Ц.,2023-02-20 08:33:59,"Оформляли в этом отделении сделку на покупку квартиры для родителей. Очень хороший менеджер, все сделал быстро, качественно. На все вопросы ответил.",5,
30,Римма Файзрахманова,2024-02-27 13:00:54,У банкомата круглый год грязь и вонь! В отделение очень долго обслуживают!,3,
31,Ирина Окулова,2023-01-24 12:41:49,"Отличное отделение Сбербанка ! Вежливые, грамотные сотрудники , грамотная организация работы . Время ожидания небольшое .",5,
32,Татьяна Седанова,2022-04-29 12:33:54,"Очень заботливое и качественное обслуживание! Подробно ответили на все мои вопросы. Рассказали о новых услугах. Работают быстро. Отлично, что банк рядом с моим домом!",5,
33,Александр Аввакумов,2023-07-24 17:54:17,Всё устроило! Все вежливы и приветливы! Обслуживают быстро! Ждал свою очередь пару минут!,5,
34,NS,2022-10-29 08:13:18,"В пятницу вечером 28 октября обратилась в этот офис, молодой человек с отдела ипотечного кредитования очень помог мне, огромное спасибо ему, к сожалению не вспомнб как его зовут, но не смотря на то что я обратилась не в тот отдел куда мне надо было , он всё же поступил очень благородно . Спасибо ему огромное,",4,
35,Aleksandra,2022-10-22 13:22:36,"Отношение к клиентам было приятным, все доходчиво объясняют, если нужно подождать, то вежливо говорят об этом, очередей почти нет, никогда не попадала в очередь прям.места маловато, но девочки работают активно.",5,
36,Елена Крашакова,2022-08-10 11:04:49,"Для меня лично это самое удобное место офиса, так как я живу в этом доме. А если серьезно - банкоматы всегда в доступе, работают. Сотрудники банка всегда приходят на помощь. Даже если нужна помощь в освоении карты, банкомата, сотрудница выходит на помощь( это мой опыт общения).",5,
37,Денис Усов,2023-02-27 13:11:23,"Отличное отделение, улыбчивый персонал и помогают в решении проблем, несмотря на регламенты... Спасибо!",5,
38,Мария Хвалова,2023-05-19 12:02:53,"Быстро обслуживают, не навязывают кучу ненужных услуг. Всегда есть консультант, которая объяснит и направит в нужное окно.",5,
39,Анжела К.,2022-05-13 02:42:11,"Всё отлично .В назначенное время,без задержек.Обслуживание на высшем уровне,персонал профессиональный.Расположение удобное.Отношение к клиентам доброжелательное.",5,
40,Михаил Уваров,2022-06-19 16:31:10,"Оформляли ипотеку. 
Все четко, грамотно, оперативно! 
Галямутдинова Альфия Нургаяновна, вам особое спасибо!",5,
41,Андрей Андрей,2023-11-03 20:11:45,"Консультанты лучшие,каждый раз. Обращаюсь только сюда",5,
42,Оксана Синегуб,2024-02-05 12:55:40,Специалисты грамотные. Всегда работают быстро. Отвечают на все вопросы,5,
43,Евгений С,2023-01-12 15:40:20,"Сбер этим все сказано, обращался в данный офис по вопросу консультации по ипотеке, В ответ услышал, все на сайте , читайте, больше Вам ни чем помочь не можем",1,
44,Татьяна Лобанова,2024-02-08 02:26:36,Квалифицированный персонал,5,
45,владимир стахеев,2023-07-24 15:11:02,"Хорошее обслуживание,остался доволен персоналом.Молодцы",5,
46,Гражданин Екатеринбурга,2022-11-24 07:24:51,"Сбер как сбер. Доводилось 1 раз обратиться за консультацией. Помогли, рассказали, показали... внутри чисто, персонал приветливый. При входе банкоматы, что минимизирует толпы за операциями",5,
47,Елена Харлова,2022-05-06 10:36:32,"В целом- неплохой офис. Немного напрягает дама, которая, по всей видимости, старшая у них. Часто болтает на отвлечённые темы с некоторыми сотрудниками. Ведёт себя порой шумновато, нарочито. Очередей почти нет. В целом довольна.",4,
48,Аптека №423 Здоровей-ка,2023-11-15 15:15:58,Быстро решили нашу проблему,5,
49,Ксения Жевнодей,2021-11-17 14:40:24,"Всем добрый вечер! Сегодня у меня случилась такая ситуация: нужно было снять деньги 💰... сумму наличными. Сотрудник сказала, что без проблем, такая сумма в кассе есть... Дождалась очереди на кассу, там сказали, что такой суммы нет и больше ничего не сказали. А дома, посмотрев данные по счёту, оказалось, что деньги списаны. Хорошо, что время позволяло зайти и все выяснить (оказывается, нужно было операцию отменить). Вернули 💰сразу, НО осадок остался.❗ Будьте внимательны, проверяйте всё пока Вы ещё в банке.",2,
50,Ахунова Альфира,2023-04-21 15:23:21,"Мне понравилась работники банка, открытые, всё объяснять, когда говорят на тебя смотрят, это доверие.",5,
51,Алексей,2022-08-11 15:25:49,"Хорошее отделение.
Небольшое время ожидания.
Вежливый и компетентный персонал.
Хожу и буду ходить.",5,
52,Генриетта А.,2022-05-09 04:08:41,Обслуживание- профессиональное.Отношение к клиенту-внимательное. Персонал в зале меняется.Банкомат +.Расположение приемлемое.,4,
53,Виктория,2023-01-07 06:31:41,Обслуживание быстрое. Народу обычно немного. Консультанты вежливые,5,
54,Андрей Пашинский,2022-01-18 16:38:00,"Отличное отделение сбербанка, где практически нет очередей, да вы не ослышались. Минимум траты времени, да и есть помощница в зале. Многое может помочь решить. Хожу частенько, всегда возвращаюсь довольным, чего и вам советую.",5,
55,Наталья,2023-04-06 14:32:46,"Удобно. Доброжелательный, внимательный персонал.",4,
56,Римма Файзрахманова,2023-09-20 12:24:00,Все устраивает! Профессионалы своего дела!,5,
57,Елена Шестакова,2023-01-25 14:44:29,Отношение к клиентам хорошее. Операторы стараются помочь клиенту. Мне помогли снять старый арест со счета,5,
58,Александр Крат,2023-09-26 10:38:08,Хорошее отделение. Персонал вежливый.,5,
59,Виталий Тимуров,2022-05-16 04:55:18,"Всегда почему-то много людей. То ли пользуются популярностью, то ли медленно работают. Но как заходишь почти сразу подбегает девочка и спрашивает и советуют что делать и куда обращаться.",4,
60,Виталий,2023-05-01 17:41:18,"Отличное отделение Сбера! Минимальное ожидание очереди, не высокий трафик! Удобная парковка прямо у отделения!",5,
61,Ольга,2022-04-27 11:57:25,"Стоял в очереди что бы просто получить карточку, 20 минут жду, 30 минут жду. В итоге уже начал опаздывать и уехал, зато своих друзей и знакомых очень быстро пропускают, без очереди, очень классное обслуживание👍🏻",1,
62,Николай Андреев,2022-05-14 15:55:26,"Почему-то нет привычного менеджера зала. Пришлось спрашивать первую сотрудницу за стойкой. А спрашивал, какой талончик брать для получения симки. Оказалось где-то в разделе платежных карт, другие услуги.",4,
63,Ксения Ильина,2023-01-29 15:27:47,Маленькое уютное отделение с отличными специалистами.,5,
64,Фарид Ахтаров,2023-05-07 16:46:39,"Как и любое отделение неплохо работают,но всего до 18ч",4,
65,Анжела К.,2023-06-01 13:06:43,"Само отделение неплохое, но ипотеку оформлял стажёр ну очень долго....",3,
66,Владимир G,2022-06-25 15:19:01,"Нормашьный адекватный персонал, но в целом контора чересчур жадная, взимать комиссию за перевод с карты на карту внутри организации это жлобство",4,
67,Кирилл Скутин,2024-04-11 10:08:54,Хорошее отделение,5,
68,Ирма,2023-07-20 18:44:05,Была два раза в данном отделении.Очень долгое обслуживание,3,
69,марина дульцева,2022-12-26 14:51:31,Персонал вежливый и главное все делают оперативно,5,
70,Геннадий Белов,2021-12-10 09:29:36,"Отделение Сбербанка недалеко от дома, удобно наличие электронной очереди, внимательные консультанты.",5,
71,Павел Коростелев,2022-02-11 15:17:47,"В целом приятное отделение, но некоторым сотрудникам надо поработать на собой в плане доброжелательности к клиентам. Да, мы будем задавать много вопросов, это нормально.",4,
72,Андрей Андрюков,2023-06-29 13:09:45,Сбер как сбер. Обсудили быстро и хорошо.,5,
73,Анвар Ахмедов,2021-09-09 14:17:17,"Удобное отделение Сбербанка.Персонал вежливый, грамотно и комфортно решают вопросы клиентов. Нет больших очередей.",5,
74,Светлана,2023-06-21 17:13:54,"Слаженная работа, но бываю крайне редко",5,
75,Пулод Нодиров,2023-04-26 11:30:22,Получил ипотеку помогли объяснили доходчиво.,5,
76,Олеся Бикташева,2022-04-28 15:27:47,Быстро. Качественно. Два раза оформляли ипотеку.все очень удобно.,5,
77,Тимофей Колпаков-Аставин,2021-09-26 08:35:04,"Хорошее отделение банка, персонал работает быстро.
А очереди исключительно из-за клиентов, которые тупят. 
Если адекватный, то заходишь 5 минут обслуживают, а то и меньше и свободен.",5,
78,Специалист Евгений,2020-06-08 03:28:15,"Хочу выразить глубокую благодарность специалисту по ипотечному кредитованию Багаевой Оксане. Она быстро, качественно оформила нулевые нам документы. И что особенно важно подчеркнуть, она подсказала нам какие нужны документы для оформления права собственности. Без её подсказки, мы могли потерять много времени, безрезультатно посетив МФЦ.",5,
79,юлия пологова,2022-11-07 14:12:03,"Быстрое обслуживание, вежливые сотрудники, сберлогистика.",5,
80,Анна Кир,2022-05-05 13:49:56,Удивила неадекватная реакция сотрудников на вопрос о графике работы. Принежелании отвечать рекомендуется писать график на видном месте,3,
81,Елена,2022-02-19 16:07:40,Отличное отделение. Вежливый персонал. Всегда все быстро! Супер,5,
82,Ольга Переверзева,2021-10-05 08:44:59,Очень маленькое и неудобное пространство возле банкоматов. Т.к там постоянная очередь - приходится толкаться. Не удобно.,3,
83,Галина Х.,2021-11-12 09:24:04,"Я всегда с ними, отличное обслуживание, больше никуда не хожу, мне с ними очень комфортно.",5,
84,Светлана,2023-09-03 16:22:45,Всегда работают банкоматы 👍,3,
85,Алексей Аникин,2022-02-11 17:48:04,"Хороший Филиал, сотрудники профи и усе пытаются помочь! Особенное спасибо опотечным специалистки",5,
86,Анна,2023-04-03 00:45:40,"Супер, отличное обслуживание",5,
87,ЛиЛу,2023-02-07 14:25:24,"Многолюдно, но сотрудники стараются, без дела не сидят",5,
88,Dmitr,2024-01-29 17:48:57,Всё хорошо.,5,
89,Марина Татаринова,2023-05-12 17:53:43,"Компетентный, вежливый персонал",5,
90,Саша Д.,2022-01-28 05:14:31,В основном хожу в банкоматы. Но они всегда работают и всегда можно к ним попасть. Само отделение так же работает исправно,5,
91,206216 Анцупурович,2023-05-24 04:54:28,"Прям возле дома, удобно.",5,
92,Александр,2022-11-06 17:31:48,Приветливый персонал )👍молодцы девочки,5,
93,Наталья Герасимова,2022-04-17 17:10:26,"Хорошее отделение. Все сделали быстро, правда пришлось постоять в ооочереди.",5,
94,Марго Ша,2021-07-14 02:34:24,"Быстрое обслуживание, много навязывают различных программ, хотя надо только перевыпустить карту например, и это напрягает.",4,
95,Юлия Березко,2022-12-12 12:06:48,"Грамотный персонал, очередь идёт быстро!!",5,
96,Дмитрий Загрядский,2023-10-21 14:19:11,Самый отстойный банк,2,
97,Исламчик Ходжаев,2021-10-05 08:10:55,"Все устраивает, правда сотрудники делают и предлагают рекламы всякого разного рода, но ничего, их можно понять это ведь их работа, обязанность.",5,
98,Максим К,2021-03-24 09:31:35,"Быстро решили все мои проблемы, профессиональные сотрудники, и отличный руководитель отделения!!! Спасибо!",5,
99,Vitalya,2021-09-07 04:52:34,"Оформлял ипотеку, без очередей. Удобно, что в шаговой доступности и не нужно никуда ехать. Радует, что много банкоматов для выдачи и внесения денежных средств.",5,
100,Ольга Белоусова,2023-05-23 17:44:39,А это отделение нравится больше,5,
101,Azizjon Ziyoboev,2022-05-12 14:42:38,На обслуживание нету слов и тут много банкоматы есть отношения к клиентам тоже не плохо,5,
102,nphne-dy43reuw,2023-08-22 19:54:02,Ни чем не смогли помочь,1,
103,Александр Полищук,2022-01-15 16:08:00,"Сотрудники помогают решать вопросы, время ожидания стандартное, график работы устраивает работающих.",5,
104,людмила дейкова,2023-09-10 20:29:40,Обслуживание на 100,5,
105,Егор,2022-12-15 15:53:35,"Постоянно много людей, возле банкоматов очереди.",4,
106,Александра Мазур,2023-03-22 15:31:05,Лучшие менеджера по ипотеке,5,
107,Андрей екенин,2022-02-18 17:25:23,Находится в шаговой доступности. Очень удобно.,5,
108,Полина,2019-11-17 09:32:08,"Хочу отметить отделение именно по данному адресу! Неоднократно бываю здесь, всегда все услуги оказываются быстро и качественно, обслуживание замечательное ( или мне везёт))) Бывают иногда очереди в банкомат.",5,
109,Надежда С.,2021-11-18 14:19:46,"Хорошее отделение, очередей почти нет. Удобно. Недалеко от дома.",4,
110,Игорь Б.,2021-01-27 03:53:18,"Раньше был клиентом Сбера, но кода пришел взять кредит, мне выкатили такой процент по кредиту то это была последняя капля работы с ним"" клиент сбербанка с 1982 года"". Много и до этого было минусов у Сбера. Не советую",1,
111,Дмитрий Воложанин,2023-02-12 13:10:26,"Очереди большие,долгое обслуживание",1,
112,Елена Сидоренко,2022-07-11 14:51:02,"Один из худших офисов сбербанка, всегда очередь, персонал грубый, неприветливый",3,
113,Артур Давлатшоев,2023-02-19 14:09:16,Работает хороший коллектив,5,
114,Илья Николаевич,2022-12-11 16:39:34,"О как всегда, ждём, когда все без дела (((",4,
115,Александр Усачёв,2021-08-01 10:13:10,Моё мнение свежий банк очередей в принципе не так много обслуживают быстро рекомендую,5,
116,Дарья Моисеева,2023-05-08 13:46:58,Обслуживание хорошее,5,
117,Анастасия Лейн,2021-09-09 12:16:12,"На протяжении многих дней не могли попасть к банкомату, звонок был но никто не открывал, решите эту проблему",1,
118,Татьяна С.,2021-03-03 17:42:15,Небольшая площадь. Мест для ожидания очень мало. Консультанты не всегда компетентны.,4,
119,Валентин Мочалов,2021-12-23 10:34:33,"Нормальный, сбер. Как везде без туалета и детской комнаты",3,
120,Светлана Ч.,2019-08-07 03:09:10,"Работают отлично, сколько раз была - всегда быстро, оперативно, персонал вежливый, всё объясняют терпеливо и популярно. Отличное место!",5,
121,сергей воробьев,2022-06-25 12:20:14,"Стараются работать быстро, но этот сбер)",5,
122,624628 Календарь,2023-06-08 14:09:57,Хороший банк,5,
123,Андрей Б.,2022-05-04 06:37:02,"Громаднейшие очереди, 04.05.2022 более получаса ждал приема.",1,
124,Сергей Коуров,2021-07-10 05:54:30,Обслуживание на высоте. Все быстро и понятно. Рекомендую.,5,
125,Ольга,2021-07-15 08:23:43,"Всегда вежливые сотрудники, никогда на очереди не попадала. Много терминалов стоит",5,
126,Антон Мусихин,2022-08-02 16:52:29,"Долгое ожидание, персонал знает всё",3,
127,Елена Матушкина,2020-10-18 17:15:46,"Классический сбер. Но при экстренной ситуации вошли в положение. И когда надо было поспешить, все сделали вовремя! Девчонки, спасибо 😘",3,
128,Галина Александровна,2019-03-14 11:47:39,"Очень быстро, оперативно обслуживают клиентов, переводы и платежи, по моему наблюдению проводятся быстрее, чем в некоторых офисах того же сбербанка. Желаю всем сотрудникам доброго здоровья и побольше хороших клиентов!",5,
129,Алина Lisena,2023-01-22 14:24:48,"Хорошее обслуживание в банке, чисто.",5,
130,Акмалжон Халмурзаев,2022-12-02 14:33:02,Ипотеку мне одобрили,5,
131,Светлана Крылаткова,2021-10-11 13:50:24,"Грамотные операционисты, и быстрое обслуживание",5,
132,Anutka Gus,2020-09-13 02:29:17,"Очередь электронная, консультант поможет если есть вопросы. НО часто терминалы не работают, образуются толпы людей",4,
133,Любовь Лесникова,2021-10-28 06:35:43,Профессиональное и быстрое обслуживание.,5,
134,Маргарита Серова,2021-07-12 08:44:42,"Граммотные специалисты, всегда быстро обслуживают",5,
135,Ivan I.,2021-09-04 09:28:03,"Ужасно медленные сотрудники, по два человека в час обслуживают в 4 окно",1,
136,Роман,2022-05-22 14:44:57,Пойдет...но очереди всегда!!,4,
137,663914 Замараев Павел Николаевич,2021-10-16 04:07:11,Все отлично. Всегда подрукой.,5,
138,Татьяна Гаврилова,2021-07-05 06:42:29,Прекрасный офис! Обслуживание отличное!,5,
139,Aleks,2021-12-06 11:59:51,Консультанты безграмотные в водят клиентов в заблуждение,1,
140,Павел Сугатов,2022-01-18 17:59:08,"Не далеко от работы, очень удобно.",5,
141,Екатерина,2022-01-21 16:56:00,"Всё быстро, чётко, профессионально, спасибо.",5,
142,Юлий Цезарь,2022-12-15 14:52:16,Далеко от дрма,3,
143,Сергей Иванцов,2021-12-03 12:16:58,"Много всегда народу, так как в этой стороне один он",3,
144,pavelp3351741,2022-07-23 16:47:26,Стандартный офис сбера,4,
145,Евгения,2021-09-11 14:10:35,Молодцы все быстро и удобно,5,
146,Андрей,2021-04-28 01:37:54,Работают самые отзывчивые девушки. И симпатишные 😒,5,
147,Кристина Хвощ (Cchris_art),2021-09-12 12:49:47,"Работаюо оперативно, без нареканий",5,
148,Гиндуллин Альберт,2022-01-30 14:48:09,Место маловато и туалета нет,3,
149,parohot,2020-04-06 17:46:24,"Всегда отзывчивый персонал (помогают, если что-то непонятно). Помещение не слишком большое, а так ГУД!!!!",5,
150,nik nik,2021-08-13 11:18:26,Удобное расположение а так офис как офис,3,
151,Алексей,2022-10-22 14:41:15,Все хорошо!,5,
152,Азиз Шарипов,2021-04-23 10:15:25,"Вроде все как обычно , днём всё без проблем , а вечером ждешь долго",4,
153,Степан Стенин,2021-12-20 10:29:18,Как в шутке про отделение ада на земле,3,
154,Сергей Геннадьевич Крейдер,2021-08-13 12:21:26,"Как и всё в Сбербанке, хорошо.",5,
155,Максим черных,2022-04-16 14:21:49,Хорошее отделение,5,
156,Ремонт Радиаторов,2019-10-26 08:59:49,"Персонал в этом отделении очень хороший, всегда приветливые, внимательные",5,
157,V.lad.A,2019-10-16 10:25:22,"Очень люблю это отделение Сбербанка! Нет очередей, кассиры расторопные, вежливые и адекватные",5,
158,Юлия Коваленко,2022-11-15 16:16:41,Очереди!!!,4,
159,***,2020-06-29 17:31:43,"Приветливый персонал, удобное расположение",5,
160,Илья,2018-03-01 03:03:45,"Технологии обслуживания передовые, в сравнении с другими банками Сбербанк опережает их по развитию, все относительно прозрачно, высокий уровень доверия",5,
161,Светлана Т.,2020-06-11 03:09:04,Отделение нравится. Обслуживают быстро и вежливо 👍,5,
162,Ирина Окулова,2019-11-03 13:46:59,"Отличное отделение, грамотные сотрудники, быстрое обслуживание",5,
163,Лариса Лобанова,2020-10-14 13:51:55,"Самое ужасное отделение банка, очень медленные работники, частые сбои в системе",1,
164,Петр Р.,2018-08-08 10:38:41,Самый худший банк России в плане сервиса и отношения к клиентам. Застрял в СССР на вечно. Ни один вопрос не возможно решить оперативно. Пообщаться с сотрудником и решить любой вопрос при помощи телефонного звонка не реально. Всех заворачивают на дебильный call - центр от которого толку ровно нуль.,1,
165,Олег С,2021-08-14 10:38:21,Отвратительное и грязноеместо,3,
166,Людмила Романова,2020-10-28 09:59:03,Скорость👍 Доброжелательность🔥 желание помочь на 5+,5,
167,Александр Карманов,2021-10-01 15:44:20,Оформили всё быстро,5,
168,shuk3005,2019-12-22 19:06:08,"все хорошо по работе, пользуемся услугами года три. нареканий не было)",5,
169,Павел Н.,2020-02-05 12:30:30,"Персонал вежливый, обслуживание на хорошем уровне.",5,
170,Анатолий Шатов,2019-09-21 10:50:07,"Удобное расположение, круглосуточное работа банкоматов",5,
171,Виталий А.,2019-12-09 08:09:26,"Вежливый и практичный персонал, и всё по делу.",5,
172,Алексей,2020-03-18 07:24:21,очень хорошее обслуживание по ипотечным продуктам,5,
173,алексей т.,2019-10-27 15:39:40,Сотрудники супер обслуживание банкомат все гут,5,
174,Лариса А.,2020-02-21 09:02:06,захожу днем в будний день. А там ни один банкомат не работает: связи нет,2,
175,OLEWKA,2020-04-15 05:07:48,"Был. Лучше чем на Де Генина, на порядок. Народу поменьше.",4,
176,Александр Неуймин,2020-03-13 19:18:44,"Круглосуточные банкоматы, единственный плюс.",5,
177,..,2020-01-26 18:10:58,Быстрое обслуживание. Приветливый персонал. Мне нравится.,5,
178,aut0girl,2019-09-12 05:15:06,"Нормальный филиал, достаточно большой, несколько банкоматов.",5,
179,Андрей Шаров,2020-06-25 01:52:02,Молодцы ребята быстро работают,3,
180,Клавдия Щербак,2020-02-17 10:39:21,Удобно близки банкоматы очереди почти нет!,5,
181,Руслан Гордин.,2020-04-16 01:29:13,"Обычное отделение банка, чем то особенно не выделяются.",4,
182,Александр,2019-09-12 21:42:16,Хорошее отделение приветливые девочки работают,5,
183,Василий И.,2020-06-10 17:19:51,Название этого заведения говорит само за себя,3,
184,Екатерина Полякова,2020-07-01 14:09:31,"Очереди никогда нет, нравится туда ходить)",5,
185,Илья Черкасов,2019-08-20 14:23:39,"Отделение новое, пока все чисто, аккуратно",4,
186,Petr Viat,2022-01-09 13:31:34,Норм,4,
187,ahtarovfarid@gmail.com,2019-12-19 10:32:04,Очередей практически нет никогда. Работают быстро.,5,
188,Даша Л.,2019-10-09 11:03:20,Очереди! Потому что постоянно не работает один из банкоматов,2,
189,86237 Ч.,2019-10-25 13:05:52,Быстрое и грамотное обслуживание,5,
190,Юрий Якубович,2020-10-24 02:46:24,Неплохой персонал,4,
191,Максим,2019-07-28 10:10:13,"Типичное отделение банка, всё хорошо и без проблем.",5,
192,Никита Дернов,2019-10-16 18:35:45,"всегда очереди, к банкомату не протолкнуться",3,
193,Владимир Старицын,2020-10-08 07:57:02,Хорошие сотрудники,5,
194,077taa@mail.ru,2020-02-13 13:17:52,"Да все нормально, очередей нет.",5,
195,Vanch,2019-10-08 14:26:28,Как и во всех отделения банка ужасные очереди,3,
196,Ирина Бадрутдинова,2019-10-20 02:02:16,Все вороосы решаются быстро,5,
197,Анастасия Г.,2019-11-21 20:37:08,Очень быстрое обслуживание,5,
198,grommmmm21-77,2020-08-11 11:45:46,Ненавижу этот банк,1,
199,Александр,2019-10-07 17:38:11,автоматы постоянно не работают -уродство,1,
200,Андрей Тихомиров,2020-07-20 11:28:40,был один раз,1,
201,mdteatron,2019-10-16 07:19:48,Им бы банкоматов добавить.,4,
202,Константин Кобелев,2020-03-20 21:56:04,Народа много,4,
203,Петр Кичигин,2019-12-06 08:13:23,Персонал никакой,1,
204,Игорь Бергольц,2019-11-04 12:42:47,"Рядом, удобно",5,
205,Марина Жестерова,2019-08-08 16:12:26,быстрое обслуживание,5,
206,Евгений Богданов,2019-11-21 08:27:44,Всегда рядом.,4,
207,Максуда Касимова,2019-10-10 12:41:56,По больше бы отделений,5,
208,Валентина С.,2019-02-10 09:34:17,На редкость поздно открывается,4,
209,Владимир В.,2019-09-06 06:20:08,Обычное отделение,3,
210,Мадина Д.,2020-01-28 15:40:48,Хорошее место,4,
211,Евгений Ф.,2019-09-11 07:08:21,Все под рукой,4,
212,Наталия Олькова,2019-09-04 07:25:07,удобный офис,5,
213,Алексей М.,2018-07-01 20:11:29,"Если бы была ему альтернатива, никогда бы с ним не связался.",3,
214,Игорь Д.,2018-05-20 13:10:30,"Пять банкоматов, но работают всегда не более трёх.",3,
215,Бродяга по миру,2019-07-26 16:23:42,Как всегда очередь.,3,
