,name,date,text,stars,answer
0,Элит-Эксперт,2024-02-20 12:25:58,"Офис по проведению сделок выше всяких похвал. Машарипова Елена - сотрудник банка по ипотеке- профессионал своего дела. Всегда на связи, всегда готова помочь, всегда подскажет клиентам и риэлторам в решении сложных вопросов. Организует межрегиональную сделку. Приложит максимум усилий для того, чтобы любая сделка состоялась. Бесконечно благодарны ПАО Сбербанк за такого ценного сотрудника. Доброжелательность отмечают все клиенты. Поэтому сделки проводим только в данном отделении. Также хочется отметить сотрудника Анну, работающую с аккредитивами. Очень вежливая и внимательная. 
Единственный минус отделения - небольшая парковка.",5,
1,Я Я,2024-02-21 14:22:18,"Очень удобное для посещения отделение Сбера. Есть небольшая парковка, но если даже на ней нет мест, то легко можно оставить машину просто на обочине, движение по ул. Луначарского очень слабое.
Главное преимущество этого отделения в том, что гарантировано круглосуточно работают банкоматы.
Персонал банка доброжелательный, очередь электронная, всё быстро и чётко.",5,
2,Галина А.,2024-02-24 15:28:04,"С удовольствием обращаюсь именно в это отделение банка, рекомендую всем своим клиентам и знакомым. Ответственные, доброжелательные сотрудники и особенно хочу выразить свою благодарность менеджеру по ипотеке Машариповой Елене (всегда на связи,всегда подскажет,поможет) , а также руководству банка за подбор таких очень компетентных сотрудников!",5,
3,Елена Власова,2023-12-11 06:15:09,Самое лучшее отдаление из всех в городе. Мне есть с чем сравнить. Вежливые и грамотные сотрудники. Всё доступно объясняют. Всегда помогут.,5,
4,Людмила Шнырина,2024-01-29 17:11:38,"Отличное помещение банка. Сотрудники доброжелательные, вежливые. Нас обслуживал Николай Титов. Огромное ему спасибо. Решил все вопросы быстро и грамотно.",5,
5,ольга корнеева,2024-02-06 09:36:44,"Много лет все вопросы по обслуживания своего юридического счета решаю только в этом отделении. Здесь работают действительно специалисты своего дела. Атмосфера рабочая, сотрудники всегда помогут и проведут операции быстро и без ошибок.",5,
6,Ольга Полуэктова,2023-09-20 17:19:35,"Все сделки провожу именно в этом отделении. Всегда отзывчивые сотрудники помогают в разных задачах. Менеджер по ипотеке Елена может решить любой вопрос, так же Анна - руководитель банка всегда готова помочь своим клиентам. Рекомендую отделение.",5,
7,Миха Хм,2023-11-05 22:39:29,"Отличный офис. Правда плохо с парковкой. Окон рабочих много, зал ожидания комфортный. Вызывает только положительные эмоции. Нет очередей, все можно сделать быстро",4,
8,Марина Х.,2023-11-03 17:22:57,"Отдельное спасибо сотрудникам банка! Нужно было забрать новую карту. Забежала в рабочий обеденный перерыв. Посетителей было огромное количество... Понимая, что не успею, решила не ждать. НО! Девочка, которая помогает с талонами, меня пропустила без очереди! И специалист меня обслужила очень быстро, и главное была такая приветливая, вроде как бы только меня и ждала! Спасибо персоналу! Девочки молодцы!",5,
9,Анастасия Иванникова,2023-11-09 18:06:11,"Отличные сотрудники банка. Приветливые,все объясняют. Оформляли ипотеку и пользовались другими услугами. Мы остались довольны.",5,
10,Счастье есть,2024-04-16 13:43:49,"Деньги выдают прям на глазах у других людей, не спрашивая удобно мне или нет если толпа будет видеть мою наличку.. Просто я в шоке )) ну как бы такой себе сервис.. Греф, друг.. Надо срочно что-то менять..",2,
11,Ольга Колп,2023-11-30 14:15:58,"Улучшенный зал ,большой персонал ,которые занимаются своим делом ,очередь быстро проходит .Удобно .",4,
12,Анна Гурьева,2023-01-08 16:50:26,"Большой просторный центр обслуживания населения. Полный перечень услуг банка. Комфортная атмосфера, приветливость в общении, отзывчивые и вежливые специалисты. Однако после снегопада очень сложно найти подходящее место для парковки автомобиля.",4,
13,Ольга Нестерова,2023-10-22 11:23:57,"Обслуживания быстро , есть очередь , но не долго .
Сотрудники не профессионалы, приехали переоформить карту так как утеряна , сказали только с другим расчетным счетом , даже другой сотрудник подтвердил . 
Вышли , позвонили оператору . Они сказали что можно переоформить так как нам нужно. 
Вывод - не знаю свою работу . 
Больше туда не поеду .",1,
14,Екатерина Астафонова,2022-10-30 17:21:02,"Хорошее отделение. Все удобно, консультанты отличные, отзывчивые, все подробно рассказывают. У меня остались только положительные впечатления. Мы проводили оплату по сделке (покупка квартиры).",5,
15,БС,2023-10-19 09:28:06,Обслуживание понравилось. Девочки очень хорошие и грамотно все обьяснили и сделали как надо. Спасибо! Надеюсь им дают премию за хорошую работу,1,
16,Ольга Семенова,2023-07-03 14:44:40,"Отвратительное обслуживание, с заблокированной карты не могли получить 600 рублей более часа, причем списали деньги, чтобы выдать за 3 секунды, но когда что то у оператора пошло не так, обратно на счёт деньги вернуть не смогли.... До этого приходили разменять 5000 купюру по тысяче, сказали, что за эту операцию теперь сбербанк берет 1,5 процента от суммы, то есть за свои деньги же я должна отдать 75 рублей только потому что мне необходимо их нужно было их разменять",1,
17,Екатерина Керн,2023-03-31 12:10:08,"Мало народа, когда бы не пришла. Просторное помещение, когда жарко всегда включен кондиционер. Приятно приходить в это отделение! Приветливый персонал, всегда во всем помогут и объяснят.",5,
18,Мария Кирсанова,2023-07-25 17:43:27,"Часто пользуюсь услугами этого банка, т. к. являюсь агентом по недвижимости. Привожу сюда своих клиентов на ипотечные сделки, а так же на обычные сделки с использованием номинального счета, аккредитива, ячейки. Никаких нареканий. Вежливый, грамотный персонал. Приятно иметь дело с данным заведением.",5,
19,Виктория Сиразетдинова,2022-12-18 20:47:15,"Быстро приняли. Нет больших очередей. Поздравили с наступающими праздниками. Очень вежливый. Запрос мой был быстро решён. Удобнее и быстрее,чем в центре. Благодарю",5,
20,василий васильев,2023-06-12 17:32:21,"Центральное отделение, обслуживание клиентов происходит быстро, есть кансультанты готовые подсказать и помочь с вопросами и направят к нужному специалисту.",5,
21,Татьяна Культина,2023-07-09 17:29:55,"Баллы только за режим работы. Для работающих не возможно попасть...И парковка маловата. А в остальном все отлично, что касается обслуживания.",2,
22,Николай Сафонов,2023-12-01 11:01:04,"Убрали со 2-го этажа обслуживания бизнеса, по всем вопросам теперь нужно стоять в общей очереди",1,
23,Валерия Толубко,2022-12-13 07:21:51,"Не смогла сегодня 12.12.22г. отправить посылку сберлогистикой талон С007, т. к. сотрудник попросила оплатить 205 ₽ по правилам Авито отправка посылки всегда бесплатная, сотрудник же меня убеждала, что деньги потом вернут (не понятно кто). Пришлось ехать в другое отделение банка по ул. Советская 71 напротив ДК Россия, там оформили посылку быстро и без доплат. Возмущает некомпетентность сотрудника центрального офиса, руководству банка надо сотрудников обучать, а не гонять по городу в поисках нормально работающего отделения Сбера, беретесь оказывать услугу, оказывайте правильно. Без фото",1,
24,Александр Киселёв,2023-09-22 17:22:43,"Отличный, удобный банк. Нет больших очередей. Вежливые, отзывчивые сотрудники.",4,
25,Елена Тропотяга,2022-12-04 14:06:38,"Больше, чем на 3 звезды не тянет. Открывали ИП, это просто жесть! Экваринг открывали 14 дней, это непостижимо 14 дней. Техник по терминалам не хотел выезжать на место, пришлось самостоятельно везти, причем почему то один, хотя заявка была на 2. Пока муж не поругался, никаких сдвигов не было, да еще и отправляли в сервисный центр, для заливки ключей, хотя ключи на обоих терминалах есть(т.е. как мы поняли, хотели поиметь лишних денег). Вообщем пока не поругаешься, никто не шевелится, отвратительное отношение к клиентам.",3,
26,Елена Чередниченко,2024-03-31 12:02:39,"Удобно стало, вежливые сотрудники, но всё время какие то занятые, уставшие",5,
27,ольга слободская,2023-03-19 13:17:54,"Отличный филиал банка. Работники вежливые, помогают с решением ваших вопросов быстро, оперативно, всё объясняя",5,
28,Экосистема Серпухов,2023-02-23 17:12:28,"Классный персонал этого отделения, м молодые и опытные сотрудники - все супер. Помогают, не задерживают. Приятно к вам заходить 👌",5,
29,Ильгиз Каримов,2022-08-16 16:04:41,"Приходил оформлять ипотеку, сделано было все достаточно хорошо и быстро, менеджер подсказывала что и как делать. Однако из-за неожиданной задержки с предыдущими клиентами нас обслужили позже назначенного времени, из офиса мы уходили последними клиентами, после шести вечера.",5,
30,SanyaL _,2023-07-21 16:32:31,"Помещение большое,очередь подходит быстро,персонал работает быстро и профессионально.",5,
31,Любовь Кабанова,2022-04-20 17:24:12,"Центральное отделение банка. Грамотные специалисты и менеджеры по ипотечному кредитованию. Всегда помогут и подскажут. Банкомат работает круглосуточно, Хороший, большой зал для клиентов",5,
32,Елена Коромыслова,2023-01-14 05:25:23,"Пользуюсь этим банком регулярно, т.к работаю риелтором. Провожу в нем ипотечные сделки. Хороший персонал! Грамотный и доброжелательный",5,
33,Иван М,2023-03-22 18:04:44,Удобное расположение. Вежливый персонал. Руководитель вмегда готова придти на помощь.,5,
34,Ярослав Белых,2023-03-18 09:14:55,"Хорошее отношение к клиентам. Правда pickpoint с Авито работает кривовато. Но персонал делает всё, чтобы помочь в решении проблемных вопросов.",5,
35,Галочка,2022-07-20 06:42:35,"Как физическое лицо, пользующееся услугами этого банка, могу сказать - приемлемо и обслуживание и онлайн программа. Как юридическое лицо - в возмущении, в банке правая рука не знает что делает левая, звонок на номер 0321 превращается в пытку - гонка по кругу, специалисты не компетентны, в банке говорят одно, в техподдержке другое... в общем ужас, кошмар и неразбериха!!!",3,
36,Алексей,2023-12-30 17:26:49,Всё быстро и качественно,5,
37,Андрей,2023-12-12 06:16:34,"Быстрое и качественное обслуживание, менеджер домклик профессионал 👍",5,
38,Герман,2023-09-11 12:53:52,Очень медленное обслуживание долгие очереди надеюсь все улучшиться в лучшую сторону,2,
39,Михаил Шибанов,2022-12-29 19:16:22,Автопарковка рядом. Удобный график работы. Электронная очередь. Вежливые и знающие специалисты.,5,
40,АЛЕКСАНДР ГОЛОВИН,2022-08-07 09:27:14,"Очень хороший и удобный офис Сбербанка с хорошим, добрым и внимательным коллективом! Огромное им СПАСИБО!",5,
41,Иван Петров,2022-11-01 03:44:30,"Заказывал посылку на авито через Сберлогистик. Брал одежду (костюм димнесезонный). Очень плохо, что нет примерочных. Костюм в итоге не подошёл, пришлось за свой счёт отправлять обратно. Не советую.",3,
42,Наталия Фазилова,2022-02-09 12:39:19,"Обслуживание отличное, время ожидания на 5, персонал объясняет всё очень хорошо, доступно, если есть вопросы, на все ответят с улыбкой.Спасибо",5,
43,Ветеран СНГ,2022-06-06 18:45:02,"Есть удобная бесплатная парковка.
Большой зал ожидания.., большой сервис услуг в т.ч. Домклик.
Выдача денег через банкомат и через кассу. Среднее время ожидания порадовало .. всего около 10 минут.
Спасибо, молодцы. Жалко, что это отделение не центральное в Серпухове и не работает по выходным. Хотя может это и хорошо, меньше людей..",5,
44,Игорь Камальтдинов,2023-08-30 18:12:47,"Хорошие специалисты, удобный и чистый офис.",4,
45,Просто Алёша,2023-03-27 12:37:05,"Единственное отделение где с юр лицами работают по видимому,обязательно идите к мужчине(худощавого телосложения)он единственный видимо там специалист имя к сожалению не запомнил",4,
46,Umka423,2023-09-04 11:28:35,Персонал и обслуживание на высшем уровне!Спасибо.,5,
47,Алена,2022-03-29 16:43:13,"Не законно отменили сделку по ипотеке! Подписание документов было назначенно, страхование жизни, страхование недвижимости, договор, оценку, все уже оплатили, теперь из-за неправомерной работы банка (захотели-отменили сделку в одностороннем порядке) теряю недвижимость, потраченные деньги, подвожу продавца!!! Самый УЖАСНЫЙ банк!!! Который только подводит своих клиентов!!!!",1,
48,Ирина,2022-04-04 07:50:32,"Сегодня4апреля меня в течении50минут обслуживала сотрудник банка так и не решив мой вопрос по выдачи пенсии по доверенности.Ко всему прочему мне пришлось подвергать своё Здоровье опасности ,так как сотрудница с признаками болезни :кашляла ,с насморком .Сказала ,что с удовольствием бы вышла на больничный.Почему у Вас больной сотрудник обслуживает клиентов.?",1,
49,Ирина Викторова,2021-08-19 16:52:56,"Несколько лет назад здесь было очень много клиентов.Сейчас народу меньше, обслуживание несколько ускорилось.Операционистки грамотные и услужливые.Если сравнить с филиалом на Советской, здесь себя чувствуешь гораздо уверенней и спокойней.",4,
50,Mak S.,2022-02-14 20:53:14,"Многофункциональный и крупный банк города, можно оформить ипотеку и получить грамотную консультацию по всем вопросам а так же получить кредит под малый процент, всем помогут тут",5,
51,Екатерина Д.,2022-12-05 12:52:54,"Персонал вежливый, обслуживание быстрое. Не ждали вообще. Были в отделе для ип. График работы с 9 до 18 как везде.",5,
52,Инкогнито 8598,2024-04-21 18:21:16,Иногда много народа.,4,
53,Мирина,2021-09-22 22:02:19,"Была несколько раз в отделе по работе с бизнесом. Очень вежливый персонал! Работают быстро, четко и конкретно! Для последующих посещений звонили не однократно, уточняли вопросы и подбирали удобное время. 😊🤝😊👍",5,
54,Наталия Александровна,2023-11-20 10:19:14,Нормальное отделение банка,4,
55,екатерина казанцева,2022-05-10 20:13:21,"Очень толковые менеджеры и милая девочка-администратор, всегда готовая помочь и которую не раздражают непонятливые посетители.",5,
56,Геннадий Шаранов,2023-11-11 16:50:07,Молодцы. Помогли,5,
57,Людмила,2022-09-02 18:07:32,"Обслуживание норм, ожидания вообще не было, но подача заявки в банк и их какие-то не понятные требования оставили осадок, думаю, что ещё долго не буду обращаться.",4,
58,Владимир Валентинович Кирсанов,2023-05-14 13:21:49,Не узнал (в хорошем смысле). Очереди нет! Обслуживание очень быстрое.,5,
59,Владислав Исаков,2022-10-20 04:18:29,Замечательное отделение Сбера. Персонал тактичный и отзывчивый,5,
60,Екатерина,2023-12-20 17:23:43,Хорошие сотрудники,5,
61,Любовь Ю.,2022-11-27 19:25:39,"Грамотные специалисты, расскажут, подскажут и порекомендуют, ту или иную услугу банка",5,
62,Михаил Медведев,2022-07-11 05:01:04,"Отличное обслуживание, профессиональные сотрудники, быстрый подход!",5,
63,Олег,2024-01-05 17:50:03,Всё понравилось.,5,
64,oleg oleg,2023-06-29 12:58:59,"Доброжелательный, грамотный персонал",5,
65,Михаил Х,2022-01-19 23:46:08,Хороший офис. И для юридических лиц для физических. Правда минус часто бывают очереди. Но в общем и целом на твёрдую четвёрку.,4,
66,Евгений Коноплев,2022-05-05 07:41:53,Очень понравилось отношение к клиентам и в целом атмосфера в отделении. Спасибо специалисту Соколовской Юлии за качественное обслуживание.,5,
67,наталья т.,2022-06-03 09:20:39,"Очередь всегда, для заказа денег в первый день нужно отстоять очередь минимум час!!!! На следующий день для получения ещё час в очереди!!!!!",1,
68,694978 ясакова,2023-11-15 16:42:17,Обслуживание,5,
69,Титан Олимпа,2022-01-27 12:09:28,"Хороший просторный Сбербанк, персонал адекватный, очередей особо не бывает, но воду запрещено ставить, туалета нет, денег просто так не дают)))",5,
70,ГАЛИНА,2023-06-04 13:42:56,Банк большой делает много разных операцый,5,
71,Андрей,2022-05-31 05:18:14,"Клиентоориентировано, чисто, быстро осблужили, решают все вопросы",5,
72,Буба 7678,2022-04-25 13:56:33,Пришлось несколько раз приезжать. Заявка на кредит полностью слетела из программы. Оставили телефон для связи по которому невозможно дозвониться,3,
73,Любовь Буланова,2022-02-09 12:19:02,"Была наверно 2-3 года назад было совсем не так а это сотрудник банка встретили проаодили помогли все оформит вежлиаые,внимательнве мне очень понрааилось",5,
74,Александра Победря,2023-06-21 17:26:48,"Очень долго и, к сожалению, не смогли помочь.",4,
75,Т95,2023-10-10 18:06:22,Красавцы все помогут,5,
76,Виктория Рожкова,2021-10-20 08:31:18,"Большое здание, много места для посетителей, вежливые и квалифицированные сотрудники",5,
77,Arcyspire,2022-05-15 13:36:37,"Приветливые сотрудники, очередей нет, отличное отношение к привилегированным клиентам",5,
78,нов нина,2023-10-31 18:04:15,Работаю профессионалы,5,
79,Дмитрий Евстратов,2022-02-19 08:00:05,Очень нравится приезжать в это отделение. Очень грамотный персонал в сбербанк премьер.,5,
80,Анастасия,2021-11-30 06:10:35,"Очень долгое ожидание, хоть и ро талонам(электронная очередь). Удобно, что можно положить деньги через банкомат при входе, не надо очередь выстаивать",4,
81,Мутриба Махмудова,2023-03-29 05:58:14,Очень хорошо особенно Павловна)),5,
82,екатерина с.,2024-01-15 17:28:31,Нормально,3,
83,Алексей А.,2019-10-26 09:09:28,"Отличное отделение. Стабильно работает электронная очередь - ждать долго не приходится. В зале работает консультант. Все подскажут, все расскажут. Расположение хорошее. В качестве пожелания : было бы здорово сделать парковку побольше и дорогу за банком, а то там дорога из старых плит - едешь как по стиральной доске)).",5,
84,Дмитрий,2023-07-27 20:47:38,Профессиональные сотрудники,5,
85,Денис К.,2023-08-10 17:55:08,Ставлю 4 только из за парковки,4,
86,S SA,2022-10-18 07:00:26,"Адекватные сотрудники, приятно с ним сотрудничать",4,
87,Оксана @,2021-01-06 08:06:23,"К сожалению сбербанк работает в будни с 9 до 18. И это центральный филиал в городе. Как большинству трудящемуся населению в будни в это же время посетить банк, при этом не отпрашиваясь с работы минимум на пол дня?! Где сервис для людей?!
В новогодние праздники банк не работает. Ни один день. Это главный банк страны!!!",2,
88,Дмитрий П,2023-06-09 12:30:46,Очень долгое ожидание своей очереди,3,
89,Асадулло Гуломов,2022-12-11 16:43:26,"Банк как банк. туалета нет горошком ходить,так иб в других банках",5,
90,Marina Bukina,2021-06-09 14:33:28,Место не очень удачное. Но всегда чисто и аккуратно. Квалифицированные специалисты,4,
91,Татьяна Олейник,2022-05-22 20:07:13,Обслуживают быстро. Электронная очередь. Удобно.,5,
92,Михаил,2019-02-25 10:38:16,"Всем доброго времени суток!!!! Был в данном отделении 20.02.2019 года оформлял ипотеку. Все понравилось. Претензий к менеджеру нет, только благодарность!!! Спасибо Вам Анастасия С. Все обьяснила грамотно и доходчиво. Вот с парковкой засада. Пока был в банке ,мой автомобиль эвакуировали на штраф площадку. Не учел правило парковки перед пешеходным переходом( я припарковался 3-4 метра до знака) ,а нужно не менее 5 ти метров. Я не предпологал что гаишники умеют пользоваться рулеткой. Итог : потраченые 2 часа времени и 4300 рублей за штрафплощадку и эвакуатор, и 1000 рублей штраф ГИБДД.",5,
93,Марина Куликова,2022-08-24 17:34:49,"Не смотря на много работников, очереди дикие. Не всё вопросы решают.",2,
94,Александр,2021-10-31 11:43:03,"Хорошее помещение, приятное и своевременное обслуживание. Быстро, удобно, современно.",5,
95,Рома Демидов,2022-01-14 10:29:18,"хорошие специалисты,всегда доступно объясняют(без истерик если человек не понял)",5,
96,Наталья Катрич,2019-11-15 08:35:21,"Удобный банк,только бы побольше парковочных мест. Сотрудники вежливые и профессиональные! Очень приятно обслуживаться в данном отделении! Не совсем удобен график работы,до 18-00 и не рабочий день в субботу лишает возможности обслуживаться в это время и дни.",5,
97,Dima S,2022-01-08 08:19:49,"Возможно перед праздниками что-то шло не так. Вопрос не решили, а подсказку дали в другом отделении Сбера",3,
98,Мишель,2022-10-26 16:57:37,Все быстро и качественно,5,
99,Алена,2023-06-25 17:26:41,"Удобное,четкое,быстрое обслуживание",5,
100,Александр Могилевский,2023-07-27 18:00:00,Злая управляющая.,4,
101,Анастасия Кочеткова,2023-09-21 17:53:23,Классно,5,
102,Евгения,2022-05-09 17:00:48,Большой Сбербанк. Приветливый персонал.,5,
103,Людмила Журенко,2022-04-20 19:35:51,Нормально! Вежливо обьяснили и дали ответ на мой вопрос.СпасиБо!,4,
104,Ирина,2022-01-08 17:20:55,"Пользуюсь услугами Сбера более 30 лет, ни разу не разочаровалась, молодцы",5,
105,Ольга Власова,2022-12-26 18:48:57,"Быстро, вежливо",5,
106,Галл,2022-09-07 03:29:16,"Персонал нормальный, не долго",5,
107,Роман Демидов,2021-08-27 13:08:32,"Вежливое обслуживание посетителей, и исправно работающие банкоматы",5,
108,Александр Ромашов,2023-08-01 17:47:25,Всё Ок,5,
109,Юлия Брандукова,2022-05-11 07:00:41,Вежливые сотрудники. Отсутствие очередей.,4,
110,Mad (Юлия) Stray (Паршина),2019-02-05 05:42:08,"Посещаю утром - тогда и места есть, и гайцы спят) И в банке народу достаточно мало - поэтому все мои вопросы решаются быстро и грамотно! Рекомендую к посещению либо в час открытия, либо за час до закрытия - народа явно меньше)",5,
111,Михаил Лютов,2021-07-09 13:46:24,"Самое большое отделение Сбербанка в городе, все на высоте!",5,
112,вячеслав корнеев,2019-11-25 19:48:49,"Центральное отделение сбера в Серпухове, к самому банку претензий нет, есть большая проблема в отсутствии парковки, вернее она есть но настолько мала, что вызывает скорее раздражение, и лепят люди свои машины кто куда умудрится. Очень неудобно, проблема давняя.",5,
113,Иван Мельников,2023-02-23 17:34:48,Хороший магазин,5,
114,Natalie,2022-10-27 17:12:59,Нормальное отделение,5,
115,Olga Sycheva,2021-07-09 13:48:24,"Обслуживание на высшем уровне, вот тут в банке мне понравилось и всё объяснили",5,
116,Илья И.,2019-08-12 20:23:24,"Сбер... ъ его. ну большое отделение, с ячейками и др. функциями которых нет в маленьких офисах. Чисто, просторно, красивые сотрудницы. Но это сбер. Гори он в аду ;-)",4,
117,Арутюн,2020-11-29 07:50:09,"Хорошее отделение, очереди по моему вопросу не было... Сотрудник, все рассказала. Вопросов по работе нет.",4,
118,Даниил Потапов,2019-09-17 20:49:41,"Отличный банк, вежливый персонал, и краткий срок ожидания получения карты и все необходимые касательно банковых услуг находится под рукой.",5,
119,H Group,2022-05-11 18:18:19,Отличный банк и коллектив,5,
120,Владимир Пакусин,2019-12-15 11:30:04,"Просторно,грамотно,быстро,вежливо!Ещё бы премию за комментарий(отзыв)платили вообще была бы уважуха и почет!",5,
121,Сергей Герасимов.,2019-10-14 16:14:49,"Обслуживаемый персонал_высший класс... Обслуживают грамотно,четко и быстро. Так держать, молодцы.",5,
122,Safin Vitalik,2021-10-01 10:30:44,Обычное стандартное здание сбербанка не вес не отличается от других.,5,
123,Елена Киреева,2019-08-09 20:20:55,"Большое, достаточно комфортабельное здание, но практически нет парковки. Обслуживание не всегда достаточно быстрое.",4,
124,Евгений А.,2022-06-16 17:29:04,Классное обслуживание.,5,
125,Pchelovod,2023-09-26 17:17:10,Как всегда очереди,3,
126,Дмитрий Плясов,2021-09-14 14:16:34,Обычное отделение Сбера. Нареканий к работе не имею.,5,
127,Александр гуртовой,2023-05-07 17:15:01,Супер,3,
128,Юрий Baron,2023-08-28 11:25:07,"Очень, очень долго.",3,
129,валерий саидгареев,2019-07-28 09:46:44,центральный офис банка.. нет нормальной стоянки! Политика и условия кредитования как во всех коммерческих банках драконовский.! Но персонал хороший отзывчивый..,3,
130,Леонид Мещеряков(Рейх),2019-12-28 13:44:23,"Грамотные консультанты, быстрое обслуживание и доброжелательные. Молодцы.",5,
131,Алёна Ефимова,2022-06-17 17:41:12,Ну очень всё долго....,3,
132,gi72,2020-01-16 12:27:44,"Открывал счет, долгое обслуживание. На сайте написаны бонусы новым клиентам при открытии счета, но при открытии менеджер даже не замкнулся об этом.",3,
133,Михаил Александрович,2021-09-12 23:02:41,Банк сбербанк храните деньги в сберегательной кассе))),5,
134,Анна,2019-09-15 20:49:42,"Парковка практически отсутствует, банк по этому адресу является центральным, но для посещения банка необходимо рискнуть, оставив автомобиль - большая вероятность его заберёт эвакуатор.",3,
135,Елена Осипова,2021-10-12 15:41:59,"Долгое время ожидания в очереди, более 30 минут",3,
136,Николай Логунков,2021-08-30 12:05:48,"Пришли в обед , народу никого .быстро обслужили .",5,
137,Александр Волк,2022-04-26 20:35:45,Отличное обслуживание,5,
138,bryancevab3,2020-07-26 10:25:08,"У персонала не достаточно навыков для проведения сделки с недвижимостью, затянули на почти 5 часов",3,
139,Rieltor 888,2021-05-16 08:43:55,"Здесь ячейка и ипотека, все услуги в одном месте",5,
140,Дмитрий Быченков,2020-01-16 19:27:43,Очень удобно расположен банк. Большое просторное помещение.,5,
141,Константин Турасов,2020-10-29 14:01:02,"Хорошее, просторное отделение. Много окон. Приветливый персонал.",5,
142,Алексей,2019-09-15 06:04:37,"Удобно расположен, хороший персонал, всегда много посетителей.",5,
143,Евгений Пучков,2021-05-06 12:47:10,Сбербанк возле дома! Удобно!,5,
144,Арина Сенкевич,2020-07-23 12:55:37,Цивильно. Вежливо. Внимательно к клиенту. Доходчиво,5,
145,МИРОСЛАВА,2020-09-26 07:08:35,Приходила забирать карту.Была одна и больше никого.Прождала своей очереди 20 мин.,3,
146,Олег С.,2020-02-15 19:58:11,"Очень неудобное месторасположение и входы с высокими лестницами, а внутри совсем неудобно находиться.",1,
147,Shiriaev Vladimir,2020-04-06 12:51:07,"Ну уж ооооочень нерасторопные менеджеры, причём как по работе с физическими, так и с юридическими лицами",3,
148,Марина В Д,2019-08-21 13:10:50,Не плохой сервис но бывают частенько сбои с интернетом и это мешает быстрому обслуживанию .Хотя очень удивительно для токого учреждения.,4,
149,BabaYaga,2022-01-15 16:44:14,Хорошее обслуживание,5,
150,Юлия .,2021-06-09 05:47:12,"Центральный банк, обслуживание как везде",5,
151,Dreamer,2019-12-01 18:05:32,"Просторное помещение,комфортные условия. Бывают очереди к операторам и долгое ожидание.",3,
152,Александр Ильин,2021-07-11 10:09:06,Опреративное грамотное обслуживание,4,
153,Александр,2022-06-29 11:41:02,Сбер как сбер,4,
154,denchik748,2020-02-26 20:26:43,"Качественное обслуживание.приветливый,грамотный персонал.",5,
155,Даниил Огий,2019-10-01 15:50:37,"Был в отделе по обслуживанию юрлиц. Это КАПЕЦ. Такое впечатление, что всех злых и тупых из сбербанка, собрали в этом месте",1,
156,Петр Ч.,2018-03-15 10:30:44,"Обслуживание юридических лиц на низком уровне. Сотрудники не компетентны. Работает одно окно на потоке. Сотрудники уходят на обед, хотя он не заявлен в режиме дня, и прием прекращается. Сбербанк заявляет о использовании высоких технологий, но тем не менее каждый раз нужно приходить с паспортом лично, только в одно отделение и ни в какое другое, чтобы получить простейшую услугу.",1,
157,Игорь,2019-08-28 15:51:02,Центральный офис банка в городе. Обслуживание как и в других офисах. Можно арендовать банковскую ячейку.,5,
158,ЛюдМила,2019-11-23 16:46:08,"Сотрудники компетентные, обслуживание быстрое и качественное!",5,
159,Евгений Гусев,2021-08-07 18:07:28,Банк как банк ни чего особенного,5,
160,Василий Ковалев,2020-03-10 06:58:33,"Старший менеджер очень высокого о себе мнения , общению с клиентами банка не на должном уровне .",3,
161,Макс Тихий,2021-05-08 19:01:14,Хороший банк с лучшими услугами ),5,
162,Дмитрий Стар,2019-09-22 05:13:49,"Хорошее отделение, один минус припарковаться негде. Ищите место в ближайших дворах.",4,
163,Максим Куфтырев,2021-09-28 18:15:25,"Быстро, удобно",5,
164,Алексей Александрович Тамчук,2021-07-18 08:16:54,Банкоматы Принимает 5000₽,5,
165,Сергей Енин,2021-01-04 10:17:25,"Банк как банк 
я плохого не могу ничего сказать.",5,
166,Сергей,2019-09-09 17:25:12,"Самый крупный сбер в городе, все современно и удобно",5,
167,Паша Степанов,2019-09-28 04:13:17,"Центральный банк. Всегда помогут, объяснят, подскажут. Молодцы.",5,
168,Вася В.,2019-11-20 08:07:17,"Операторы работают очень медленно, всегда очередь. Стоянка очень маленькая, парковаться негде.",3,
169,Ася,2020-03-06 15:52:24,"Хорошо, чисто, очередей нет, но с парковкой туго.",4,
170,Сергей Огий,2021-08-31 10:28:11,Мало рабочих банкоматов,4,
171,KUBO G.,2019-11-14 17:17:26,"помогли с проблемой, вежливо, красиво, быстро",5,
172,Катя Королёва,2020-11-10 14:11:02,Понравилось качество обслуживания 👍,5,
173,С.Ф.,2020-01-04 07:22:56,"Хорошее отделение Сбербанка, на мой взгляд лучшее в Серпухове.",5,
174,Илья Данюшевский,2020-02-20 08:07:47,Довольно неудобно расположен. В остальном нормально.,3,
175,Галл,2021-08-03 10:04:41,неработает в выходные,3,
176,Ирина Серегина,2020-08-22 20:23:12,"Сплошная тягомотина. Клиентов ,,маринуют'' и водят за нос.",1,
177,Ирина К.,2020-04-05 21:08:57,"Оперативно, качественно, грамотно!",5,
178,виктор скляренко,2020-01-16 21:55:59,Все устраивает. Доброта и вежливость присутствует.,5,
179,Александр Б.,2019-07-27 16:29:31,"Для меня, как для пенсионера, так и всё бы хорошо. Бывают очереди ну а где их нет...",5,
180,Александр Шатоха,2019-09-24 14:16:05,Быстро и качественно. Работники знают своё дело.,5,
181,Сергей Игоревич,2019-10-04 10:57:31,"Обычный Сбербанк, нет ни каких претензий, есть круглосуточный доступ к банкоматам",5,
182,Денис Т.,2021-06-23 10:37:50,"Очень долго, душно!",3,
183,Eugene,2019-12-06 08:15:40,Много операторов. Стараются быстро обслуживать,5,
184,валерий ше,2020-04-02 11:31:58,"банк сливается... кредиты дорого, проценты по вкладам мизерные.",2,
185,Алишер,2020-03-26 05:28:02,"мало парковочных мест, большое время ожидания.",3,
186,Евгений Х.,2020-04-20 14:30:38,Имеется пару грамотных специалистов.,5,
187,Ярослав Головкин,2020-01-02 03:07:26,"Очень удобно,прекрасные сотрудницы",5,
188,Николай Угодник,2020-04-07 17:37:22,Сбербанк он везде. С каждым разом он лучше,4,
189,Новгородова Ирина,2019-09-19 10:29:26,Очень нравится этот офис. Квалифисированные сотрудники!,5,
190,AgentX005,2021-06-10 08:39:17,Обычный офис,5,
191,Евгений Попов,2020-02-25 06:21:40,Хорошо здание. Но парковки не найти.,5,
192,Елена С.,2019-11-30 08:08:10,Почему не работают в выходные? Хоть в сыбботу до обеда🤷‍♀️,3,
193,Владимир,2020-10-19 11:15:39,Всё быстро и качественно!,5,
194,олег буланов,2019-10-28 13:16:14,Он центральный в Серпухове и работает в выходные дни.,4,
195,Сергей С,2020-01-20 08:42:54,"Большой филиал, но не работают в выходные дни",4,
196,Chkalov pilot,2020-07-28 10:56:31,Большой центральный офис,4,
197,Елизатета,2020-03-09 20:40:59,"Блин, народу здесь всегда дофига",3,
198,Светлана В.,2019-11-21 20:37:21,Специалисто великолепны... Спасибо!),5,
199,Марина Кононенко,2019-10-07 08:30:37,"Очередь не большая, обслуживают быстро.",5,
200,anastasia44444,2019-10-31 21:50:42,"Отличный банк,сотрудники молодцы!",5,
201,илья ш.,2019-09-07 12:37:05,Очень много народу почти всегда,4,
202,Игорь Митрофанов,2020-08-11 11:54:17,Отличное обслуживание,5,
203,Виталий Белоусов,2018-06-21 11:18:51,"Отсутсвуют свободные места на парковке (почти всегда), орудуют эвакуаторы.",5,
204,юлия медведева,2021-08-09 12:29:21,Норм,5,
205,Владимир П.,2019-11-27 16:02:42,"Очень большая, не следят за очередю и прут",2,
206,Константин,2018-11-28 08:35:48,"Парковки нет, Постоянно работает эвакуатор гаишники зарабатывают деньги",1,
207,Михаил П.,2019-09-06 12:22:45,"Жаль, что по выходным только банкоматы.",4,
208,Ден,2019-09-30 19:45:45,Работать умеет только начальник в Юр отделе,4,
209,Мария Г.,2019-10-06 02:25:48,Как всегда все на высоте,5,
210,Маша Б,2020-06-09 12:51:36,Хорошее отделение,5,
211,Vladimir F.,2020-09-13 12:12:21,Простой банк,4,
212,СВЯТОСЛАВ ВАКУЛЕНКО,2018-03-26 09:51:25,"Не стоянки. Обслуживают быстро, но компетентность сотрудников вызывает сомнение.",3,
213,прокошин а.,2019-09-19 14:34:41,девочки стараются а банк так себе,3,
214,Елена,2019-09-12 19:09:47,Не удобно добираться,4,
215,Иван Царев,2019-09-12 06:37:45,Имеется три банкомата 24ч.,5,
216,Kondrat,2019-09-18 17:11:08,"Все знают прекрасно, что такое сбербанк",3,
217,Санек Апарин,2019-09-26 10:20:00,Грамотные консультанты,5,
218,Милана Ким,2019-07-29 18:53:12,Очень долго ждать своей очереди,4,
219,Елена Сарычева,2019-11-27 13:13:36,Отличное обслуживание,5,
220,Оксана,2019-08-07 10:57:35,Некомпетентность многих сотрудников этого отделения повергает в шок.,2,
221,Алексей Герасимчук,2018-07-26 09:06:59,"Всегда много народа, стараюсь избегать",2,
222,Елена Андриенко,2019-10-09 14:45:57,Всё хорошо обьясняют,5,
223,Moa Mo,2019-08-26 10:20:32,Сбербанк как сбербанк,4,
224,Андрей Соловьев,2020-01-12 10:35:46,Внимательное отношение к клиентам,5,
225,Дмитрий,2018-03-25 09:52:53,Не сообщили о том что выпущенная карта уже в отделении.,3,
226,Константин,2017-08-24 12:42:49,"Не очень приветливый персонал, медленное обслуживание",4,
227,ИВАН А.,2019-08-16 11:25:02,НРАВИТСЯ ОЧЕНЬ,5,
228,Tatyana Fedyashova,2020-02-23 19:38:13,Всё хорошо,5,
229,Sonka P.,2019-09-13 06:21:53,Туалет на втором этаже справа,4,
230,m-kz24,2019-10-25 17:54:34,Всё хорошо,5,
231,Андрей Рокшин,2018-05-11 12:56:16,Решил проблему за 5 минут,5,
232,your daughter,2018-05-25 17:20:23,Все прекрасно,5,
233,Татьяна Н.,2018-04-28 15:33:34,Отличный банк!),5,
234,Виктор С.,2014-03-22 09:04:18,22 марта 2014 г в течении двух часов немого дозвониться до Вашего отделения по телефону представленному на сайте Сбербанка.,1,
235,pav-pon1972,2014-12-19 22:21:32,Оперативность!!!,5,
