,name,date,text,stars,answer
0,Ольга Кравцова,2023-09-12 08:33:52,"Добрый день! Хочу выразить огромную благодарность сотруднику Марии! За четкое и быстрое решение задачи, граммотное общение, считаю что такими работниками нужно гордиться и брать с них пример в работе и культуре общения с клиентами! Побольше таких сотрудников вашему отделению! Она хороший пример честности, большое спасибо за её работу.",5,
1,ЕЛЕНА КОРОЛЕВА,2024-05-05 12:06:11,"Чисто,уютно , народу очень много, большие очереди , персонал хороший подходят помогают если что нужно",5,
2,Олег Сидорин,2023-12-01 21:41:59,"Вот это самый удобный банк,персонал очень приветливый,есть небольшой минус,долгое ожидание по талончику, бывает много народу,а несколько касс не работают",3,
3,Екатерина Туркина,2023-11-17 17:50:36,"Отличное отделение,персонал вежливый,ответственный, оперативно решают вопросы и проблемы, огромное спасибо !",5,
4,Адвокат Игорь Огородников,2023-08-27 12:20:24,"В целом достойные обслуживание, персонал и отношение к клиентам. Бывает многолюдно, банкоматов достаточно. Девочки приветливые и вежливые. Жалко, что в Протвино оставили только 1 отделение на 35тыс.жителей(((",4,
5,Татьяна,2024-02-09 16:05:59,"Часто собирается очередь к специалистам. При посещении лучше настаивать на своём вопросе, иначе скатываются к установке приложения. Такое ощущение, что в приоритете именно это.",4,
6,Наталья Г.,2023-09-12 07:42:36,"Получала кредитную карту у менеджера Марии,очень вежливый,компетентный грамотный сотрудник все грамотно и доступно объяснила,следующее посещение банка только к ней.",5,
7,Лариса Т.,2023-02-20 20:41:39,"Хорошее отделение, очень грамотные специалисты всё доступно объясняют и помогают. Не однократно обращались по разным вопросам и каждый раз девочки все вопросы очень быстро решали. Спасибо.",5,
8,Евгений,2023-09-04 10:59:27,Оформлял перевыпуск карты. Вежливые сотрудницы все грамотно сделали. Помогли с возникшими вопросами. Молодцы. Спасибо,5,
9,Александр гуртовой,2024-01-05 18:54:25,"Банк очень удобно стоит, и в нём сделано банкоматы отдельно,персонал вежливый",5,
10,Александр Зуй,2023-04-27 13:09:53,"В зале есть места для ожидания персонал вежливый к клиентам относятся культурно, вежливо. Время ожидания когда как все зависит от количества клиентов я больше 10-15минут не ожидал",5,
11,Алексей санников,2023-09-26 20:40:40,"Про само оделение сказать ничего плохого не могу но про помещение где находятся банкоматы могу сказать одно. Это собачья конура где стоят банкоматы и постоянно воняет псиной. Иной раз даже заходить тошно, хочется блевануть от этих запахов.",1,
12,ЕАБ28282828,2024-03-01 02:55:44,"Очень даже приятный коллектив!) что для банка,большая редкость сейчас)",5,
13,Юля Архипова,2024-01-20 08:33:53,"Очень внимательные специалисты, всегда подскажут что и как.",5,
14,Жанна Стрельникова,2023-10-31 21:19:28,"Быстрое обслуживание, очереди почти нет. Много банкоматов, что очень удобно.",5,
15,Татьяна Фролова,2022-10-22 17:24:13,"Очень хорошее отделение:чистое,вежливые сотрудники,очереди есть,но на 1 талон уходит не так уж и много времени. Отдельная благодарность Горюнковой Надежде,помогла решить вопрос и проконсультировать о дальнейших действиях.",5,
16,Светлана Масленникова,2023-02-06 18:27:58,"Приятно туда ходить,есть вежливый персонал и которые всегда помогут.Хожу часто всегда все устраивает. Обслуживание на высшем уровне.",5,
17,Виктор Кульман,2023-03-04 17:26:36,Банк расположен очень удобно. Есть возможность снимать деньги круглосуточно. Персонал профессиональный и внимательный к клиентам,5,
18,N.I.V.1,2023-06-12 16:05:00,"Девочки УМНИЧКИ! Особенно темненькая и в прекрасном положении, добрые, всë обьяснят, молодцы. Терпения Вам)))",5,
19,Таня Зима,2022-09-10 06:31:18,"Сотрудники вежливые, консультирую грамотно. Молодцы. Конечно пришлось подождать в очереди. Раньше были сотрудники в зале сбербанков, которые значительно сокращали время ожидания, объяснив мелкие вопросы и проблемы",5,
20,Егор Ревякин,2024-01-30 11:57:41,"Много банкоматов, можно быстро снять или положить деньги, без очереди",5,
21,Елена Кавалева,2022-10-22 18:04:54,"Обслуживание на высшем уровне,отношение дружелюбное, персонал отзывчивый и внимательный,ожидание своевременно,банкоматоми довольна",5,
22,Диана Терёшина,2024-03-31 11:13:21,Всегда чисто. Много банкоматов,5,
23,Виталий Коваленко,2023-01-14 16:52:14,"Обслуживание на должном уровне, клиентам относятся отлично расскажут подскажут ни каких претензий, бывают запары толи от нехватки сотрудников или много клиентов, а остальном отлично",5,
24,Екатерина Смирнова,2023-02-08 17:59:07,"Быстрое и качественное обслуживание,персонал хорошо помогает с решением интересующих вопросов",5,
25,Леночка Курагина,2023-12-02 22:39:07,Очень удобно расположен👍👍👍,5,
26,Ася Григорян,2023-05-10 17:14:58,"Обслуживание хорошее, персонал очень вежливый, отношение к клиентам хороший",5,
27,весенняя,2023-07-08 13:01:45,"Отличное обслуживание, чисто, вежливые сотрудники",5,
28,Борис Кузнецов,2023-01-05 18:03:58,"Быстрое обслуживание, приветливый персонал, всегда помогут, подскажут.",5,
29,Инкогнито 1378,2023-12-24 17:59:28,"Обычный,нормальное обслуживание.",5,
30,Андрей Киковский,2022-04-17 19:01:56,"Отделение как отделение, персонал как и в других отделениях - это отделение чаще всего посещаю, проживаю недалеко от этого места. Достаточно банкоматов для выдачи и внесения денежных средств.",5,
31,Mak S.,2022-07-31 12:27:56,"Как и все отделения Сбера, иногда ломаются от насыщенности посетителей, но система является самой стабильной и надёжной в стране",5,
32,Дыев Евгений,2023-01-16 13:15:34,"Взяла талон в 15:54 . Сейчас 16:13. Я ещё жду. Из 10 окон работают только 4, причём никто не работает с картами. Отвратительно построена работа филиала.",1,
33,Инкогнито 8402,2024-01-16 19:20:06,Хорошее обслуживание.,5,
34,ЛюдМила,2022-06-04 09:53:39,Хорошее и быстрое обслуживание.Грамотные сотрудники. Чисто и приятно,5,
35,Михалыч,2023-02-20 18:59:04,"Оплачивал немаленькую сумму в счет погашения долга перед налоговой 40000р деньги до сих пор не зачислили, куда пропали не известно",3,
36,Сергей Огий,2021-08-26 09:54:07,"Чистое, удобное помещение. Отзывчивый и вежливый персонал. Все вопросы можно решить достаточно быстро.",5,
37,Сергей Шолом,2022-07-26 03:13:28,"Все хорошо, чистенько, ну очереди всегда и девочка доказывал что у родителей капты нет, хотя они её держали в руках",3,
38,Резиновый Утенок,2023-08-23 06:13:38,"отправлял сбермаркетом, долго ждал,а так нормально",4,
39,𝐹𝑜𝓃𝓉𝒯𝑒,2022-11-18 09:11:13,Удобно рядом с домом народу только много бывает,5,
40,Максим Алехин,2023-08-17 16:19:54,Всегда все верно работает никогда нет задержек,5,
41,Рамзес,2022-09-17 17:05:47,"Всегда очередь
На той неделе простоял 20 минут, не дождался ушёл. Раньше такого не было, наверное не кому работать",4,
42,Саида Кутарба,2023-05-25 06:57:34,"Работают профессионалы!
В ожидании не стояла никогда !",5,
43,Оксана Чистова,2019-12-05 15:06:11,"Удобное рассположение, сотрудники быстро работают, помогают советом. Большое количество банкоматов. Чисто и уютно. Есть место для детей. Удобные зоны ожидания. Есть кулер с водой и кондиционер",5,
44,Dave,2021-11-20 16:06:23,Очень и отзывчивый персонал! Пожалуй самое лучшее отделение в городе! Спасибо Вам!,5,
45,Ольга Валерьевна И.,2021-12-12 14:23:34,Помещение просторное. Сотрудники доброжелательные. Помогут и подскажут .,5,
46,Ольга Тетерлева,2021-02-20 21:10:16,"Доброжетательные , Дмитрей помогает всем 😊 кто не справляется , новенькая Ольга старшая всегда в зале . Работают отлично😊",5,
47,Александр,2022-06-10 17:54:34,Попросил сотрудников помочь с биометрией для госуслуг- они не справились. Элементарные вопросы вроде решают.,3,
48,Дмитрий Постников,2023-06-26 13:50:46,"Народу было мало, обслужили быстро",4,
49,Николай Панасов,2022-07-18 19:39:54,"Все на уровне, но, всегда хочется чего-то лучше.",5,
50,Дмитрий.,2023-07-21 14:09:59,Все по талону выданному при входе.,5,
51,Анастасия Глебова,2022-11-12 17:06:59,"Удобно, близко. Всегда всё доступно",5,
52,Андрей С,2021-12-29 06:41:58,Обслуживание...персонал...ГОРА БаНкОмАтоВ вот это да.там их гдето 8.вот только припарковаться получиться далековато.,4,
53,Vladimir C.,2022-12-22 12:02:19,"Быстрое обслуживание, свой вопрос решил за 15 минут",5,
54,Ярослав Белых,2022-10-24 15:47:59,Сбербанк не перестаёт удивлять качеством обслуживания.,5,
55,Эдуард Рогов,2023-03-30 16:55:37,"Нет парковки, если только для пары машин!",4,
56,Лариса Орехова,2021-10-12 16:06:02,"Стандартный филиал, подождать конечно придётся, но это как везде, вопросы решают быстро и любые, уважительное обращение",5,
57,Муся,2021-08-04 10:48:42,"Сейчас получше ,раньше там час можно было просидеть,сейчас и персонал поразговорчевее стал и очередей таких нет и все почти на своих местах рабочих",4,
58,Таня Тарканова,2023-09-20 17:02:07,Медленно работают,3,
59,Ирина Уколова,2021-10-17 12:49:20,"Супер,очень быстрое и качественное обслуживание,рекомендую",5,
60,Игорь Кравченко,2022-11-11 17:56:46,Хорошее обслуживание хороший персонал,5,
61,Марина Леонова,2022-08-10 16:28:27,"Персонал приветливый, время ожидания короткое.",5,
62,Дмитрий,2023-08-25 14:07:48,Все понравилось.,5,
63,Татьяна Листраденкова,2022-09-06 18:45:33,Удобно и недалеко. И быстро,5,
64,Дмитрий Т.,2021-12-03 15:42:25,Вежливый приветливый персонал. Одно плохо. Проблема с парковкой.,5,
65,urii sharametov,2023-05-16 17:38:32,почему выбросили столото?,4,
66,Александр Афонин,2022-05-11 13:03:49,"Отличный сервис, но иногда попадаются странные личности.",4,
67,САРГИС ЭЛОЯН,2022-11-04 19:24:11,Внутри банка всегда находятся бродячие собаки,2,
68,Артем Копущу,2023-04-12 17:10:08,Есть к чему стремиться.,5,
69,Анастасия Ядыкина,2023-04-20 16:34:26,Не хватает персонала,3,
70,Атанов Александр,2022-03-26 12:50:01,До того ленивые что приходишь за 20 минут до закрытия а они обслуживать не хотят,1,
71,Екатерина Родина,2023-04-11 12:00:50,Огромное ожидание.,4,
72,Дима Соломатин,2022-08-13 19:44:48,"Все хорошо, обычный сбербанк",5,
73,Светлана,2023-03-31 21:15:35,Хорошее обслуживание,5,
74,Сергей Перепелов,2022-04-15 17:49:08,"Хороший персонал,рядом, удобно",5,
75,Валерия Иванова,2022-10-20 11:06:41,было бы лучше если выдал лишние деньги,3,
76,Владимир Семенов,2022-07-18 21:18:13,"Удобно, много банкоматов",5,
77,Наталия К.,2021-08-02 15:17:50,Работают как хотят.Вечно очереди.Карту не могу получить уже месяц.Не компетентные сотрудники.Вечно курят..,1,
78,Наталья Климова,2023-03-07 16:21:33,Хорошие сотрудники,5,
79,Ирина,2023-04-21 16:39:37,Всё нормально,5,
80,Artak Marukyan,2022-05-30 18:08:49,Вежливо и быстро обслужили.,5,
81,Алексей Евгеньевич,2023-10-08 00:26:59,Нормуль,5,
82,Baxriddin Irgashev,2023-01-28 14:46:42,Хороший сотрудники 👍,4,
83,дмитрий егай,2021-08-16 09:27:48,"Были здесь с грудным ребёнком, приняли без очереди, всё сделали быстро",5,
84,Елена Бойчук,2021-05-27 12:21:58,Чтобы получить готовую банковскую карту нужно прождать 30 минут в очереди! Это какое-то безобразие!!!,1,
85,С Р,2021-08-31 11:32:12,Просторно. Прохладно. Больше 3 банкоматов.,5,
86,Ди,2022-06-17 11:37:59,Пока все хорошо. По любым вопросам были найдены решения.,5,
87,Ирина Смолина,2020-02-16 14:09:16,"Очень нравиться. Когда бы не была всегда довольна посещением и консультант-помощник очень хорошая девушка, обращалась не раз.",5,
88,Екатерина Платонова,2022-06-10 17:13:28,"Долго приходится ждать , народу полно ужасно",1,
89,Сергей Ерёмин,2021-07-03 20:04:23,"Заходил за информацией, дали и разжували всё качественно!!!",5,
90,Андрей Сибриков,2019-12-25 05:37:38,"Офис банка с быстрым и квалифицированным обслуживанием. Достаточно банкоматов, что позволяет обслужить быстро многих клиентов",4,
91,Marina Bukina,2021-06-09 14:32:31,Ночью работает терминал и это классно. Т. К деньги можно снять в любое время,4,
92,Максим Шуманов,2021-03-03 17:21:44,Не плохое отделение мне встречались отделениях того банка с ужасным персоналом и подходом к работе,4,
93,Инна Ермакова,2021-06-11 15:48:23,Улучшается сервис. И сотрудники благожелательные 👍,5,
94,Людмила Безрукова,2022-01-26 17:33:01,Отличное обслуживание!Очередей нет!,5,
95,Лилия К,2022-11-23 17:13:57,Хороший банк,5,
96,Иван Иванов,2021-05-01 02:56:51,После ремонта стал лучше. Но все равно около банкоматов как то стремно!,4,
97,Надежда К.,2019-10-17 08:07:12,Удобно и рационально организована работа банка. Один минус - операционистки делают слишком большие паузы между клиентами.,4,
98,Ирина К.,2022-08-11 10:14:48,Классное место,5,
99,Иван Садомцев,2022-05-27 09:26:30,Нормальное обслуживание,5,
100,perov.vladimir,2022-02-19 15:25:21,Много банкоматов. Нет очереди.,5,
101,Татьяна Буданова,2022-01-01 15:29:28,Всё хорошо. Комфортно.,5,
102,Любовь К.,2020-01-06 16:14:35,Сбербанк я очень люблю и он всегда рядом и с ним очень все удобно и бысто,5,
103,Стен,2020-01-20 11:56:53,Обычный филиал сбера ничего особенного. Красную дорожку никто ещё мне не положил при посещении. Короче Филиал ничем не хуже и не лучше стандарт.,5,
104,Игорь,2020-08-14 09:55:17,"Отделение Сбербанка, такое же как и везде, работают быстро, очередей нет, есть банкоматы.",5,
105,Николай Нелеп,2022-01-12 09:46:26,"Как и везде, ни чего необычного",4,
106,bobr,2022-04-19 16:33:51,"Все отлично, персонал хороший!",5,
107,владимир агеев,2021-11-10 00:12:05,Операторов хватает все быстро,5,
108,Евгений Гусев,2021-08-06 13:30:25,"Удобное расположение, мало очередей.",5,
109,Дима Диман,2023-03-03 18:02:15,Норм,4,
110,Павел Кузнецов,2021-09-06 08:58:49,Вечно большие очереди и проблемы с подьездом,2,
111,ТАТЬЯНА,2021-11-03 10:08:14,Рано закрывают а так всё хорошо,5,
112,Игорь Петешов,2019-08-16 04:41:20,"После ремонта стал ещё лучше и удобнее.
Рекомендую.
А вот на ул.Ворошилова у вокзала лучше не обращайтесь.",5,
113,Елена СМЕТАННИКОВА,2021-08-03 08:42:23,Хожу туда в банкомат все хорошо,5,
114,Бичаров Эльдар,2022-05-28 18:00:55,Обычный сбербанк,3,
115,Николай Смольянинов,2018-07-06 02:58:43,"Этот сбербанк мне нравится! Здесь всегда быстро можно решить все проблемы. Теплодушный прием, все вежливые. Спасибо Вам.",5,
116,Кам Мир,2022-11-23 18:54:48,Норм,5,
117,Наталия Васильева,2020-04-20 08:21:30,"Удобное расположение, вежливый персонал",5,
118,Хасан Содиков,2022-09-12 17:02:16,Нормально,4,
119,Щербаков Александр,2021-08-23 12:50:09,"Зимой сотрудники сидят в рубашках, а клиенты парятся, да и вообще сбер обдираловка",2,
120,Даниил Огий,2021-04-29 15:12:20,Хорошее помещение. Нет парковки,3,
121,Елена Аверкина,2021-09-10 16:32:16,Всегда всё быстро.,5,
122,Ольга Б.,2019-09-25 11:57:16,Отличный сбер. Обслуживание быстрое и качественное.,5,
123,Екатирина Коваленко,2021-08-22 04:57:45,Уверенность в завтрашнем дне,5,
124,Максим Куфтырев,2021-09-28 18:10:49,"Быстро, удобно",5,
125,Дима Павлов,2021-05-04 10:26:15,Для меня очень удобно,5,
126,Инна Боброва,2019-11-23 08:05:52,"Убрали банкоматы. Теперь они внутри самого отделения. Ужасно не удобно. 
В самом отделении вечно очереди.",3,
127,Белоконь Валерий,2018-07-19 14:30:40,"С вопросом ""решить проблему""ждал вызова 1ч.36мин.Но вопрос и проблему так и не решили торопливая консультация ни к чему не привела. Пришлось обращаться письменно в головной офис, и к независимым юристам.",2,
128,сергей плохов,2020-02-05 12:14:16,Вежливый персонал и быстрое обслуживание.,5,
129,Идущий в лесу,2021-08-24 17:50:13,Нормальное отделение,4,
130,Владимир,2020-10-23 10:38:38,Много терминалов - удобно,5,
131,А. Шорох,2020-06-25 05:51:35,Испотился сбер. окончательно. Приходишь оплачивать квитанции.....мы наличные не принимаем....банкоматы очень часто не работают.,1,
132,Андрей Розанов,2018-08-02 17:18:05,сотрудники банка чтобы проверить карту хватают телефон из рук и начинают лазить в телефоне как в своем собственном подключать услуги без разрешения что за хамство? если карту проверяют каждые полгода я получила 3 месяца назад проблемы в этом банке . научите вежливости сотрудников и общению с клиентами,0,
133,Владимир Ванявин,2020-02-01 14:06:31,"Сделали ремонт, поставили дополнительные банкоматы теперь может очередей не будет",5,
134,Анастасия Заяц,2020-02-20 16:21:04,"Хороший банк, много банкоматов, есть пандус.",5,
135,Валентина С.,2019-09-10 03:25:11,Крайне неудобная парковка. Внимательный и вежливый персонал.,4,
136,Дмитрий Машков,2021-06-23 19:08:48,Парковка не удобна,3,
137,Билл W Г.,2018-06-30 10:50:12,"Как и все отделения Сбербанка в Серпухове! Глупые, некомпетентные сотрудники, неуважение к клиенту, да и в целом, сам банк, работающий исключительно на унижение человека!",1,
138,Илья,2021-08-21 06:29:57,"Свободно, много банкоматов.",5,
139,Борис максимов,2021-05-15 12:30:53,Уменьшили парковку,2,
140,Slava Makarov,2019-08-08 16:26:44,"Бери кредит, бери тебе говорят.. всего 23%, чего ты. Как зарплатный норм, но не более..",3,
141,Любовь Ю.,2020-08-11 13:07:31,Отличное обслуживание клиента,5,
142,Игорь Сергеич,2020-03-02 22:31:24,"Переодические проблемы с банкоматами, а так норм",3,
143,AgentX005,2020-11-20 22:37:42,"Обычный офис, ничего выдающегося",4,
144,Александра,2021-08-16 17:49:09,Хороший банк,5,
145,Наталья котова,2021-09-06 09:30:39,Хорошее место,5,
146,Елена Тяпкина,2021-02-14 18:29:24,Быстрое обслуживание,4,
147,Светлана Короткова,2019-10-27 19:38:34,"Удобно расположен, много банкоматов",5,
148,privet27061983,2021-05-15 11:49:21,Хороший персонал,5,
149,Оксана Т.,2021-03-31 12:09:38,Постоянные очереди,3,
150,юрий пуканов,2019-08-07 05:57:48,"Не самое плохое отделение, нормальный персонал, но в малом количестве",4,
151,Владимир Демидов,2019-08-07 18:45:25,Всё хорошо кроме парковки о стравить машину негде,5,
152,Владимир Савкин,2020-04-01 15:58:26,"Людей всё меньше, а банкоматов всё больше.",5,
153,Ольга Николаевна,2020-02-08 09:03:03,"Недалеко от дома, персонал 👍",5,
154,николай,2019-08-22 11:23:35,Персонаоу напоевать что происходит в зале.. Никто не зачто не отвечает,1,
155,Мария Г.,2019-10-22 14:17:57,Качественное быстрое обслуживание 💪🏻,5,
156,Маша Б,2020-07-08 12:08:59,Сбербанк как Сбербанк 👍🏻,5,
157,Николай Ипатенков,2019-11-20 15:16:39,Самое лучшее отделение в Серпухове.,5,
158,Сергей Андреев,2019-08-17 10:16:00,"Хорошее отделение, народу не так много",4,
159,111,2018-12-26 21:38:17,В целом довольна. А Грубость?! Это видимо модно или менталитет уже такой.,5,
160,алексей черёмушкин,2020-11-22 14:26:01,Хороший банк.,5,
161,Николай,2019-08-08 10:56:10,Операторы не хотели снять с карточки деньги!!!,2,
162,Ольга Игнатова,2019-10-15 14:35:55,Очень хорошее обслуживание.,2,
163,Оксана Ш.,2019-11-30 08:57:49,Выгодные условия по кредиту,5,
164,Куренкова,2019-10-16 09:44:32,Грамотные консультанты.,5,
165,Ксения,2019-08-05 11:53:53,"Много окон , очередь не больше",5,
166,Владимир Шашкевич,2020-03-22 06:07:13,Очень удобно,5,
167,Николай Максимов,2019-10-10 21:09:07,Грамотные специалисты,5,
168,Галя П.,2019-11-04 23:12:06,Долго но все обьясняют,5,
169,Сергей Манохин,2019-09-14 05:19:01,Некомпитентный персонал,2,
170,Сергей Веселов,2019-10-29 18:41:46,так себе вечно очередь.,2,
171,Андрей С.,2019-08-06 11:00:26,Обычный офис Сбербанка.,4,
172,алексей иванов,2019-10-10 15:10:06,Хорошый банк,5,
173,Валерий М.,2018-05-22 13:06:02,Не обосновано отказано в кредите...,1,
174,Василий Гришин,2018-06-26 19:58:11,Быстро обслуживают,5,
175,F.Zherebenkov,2018-05-29 12:04:22,Грубый персонал,3,
