,name,date,text,stars,answer
0,Ольга Варданян,2024-04-08 19:43:35,"Единственный но огромный минус данного отделения это отсутствие электронной очереди. Т.к. там всегда много народу толпа начинает путаться кто за кем и т.д.была там пару месяцев назад в ожидании карты простояла в очереди 45 минут.А сотрудник меня обслужила замечательная ,улыбчивая девушка во 2 окошке.свое улыбкой скрасила весь мой негатив.",3,
1,Лариса Сенатская,2023-11-28 17:48:00,"С тех пор как закрыли отделение СБ на Московском шоссе, о чем очень сожалеем, пользуемся этим., от нас, Московское ш., 46, далековато, для людей пенсионного возраста доехать сложно, а дойти тем более. Отделение банка тесноватое, но сотрудники квалифицированные 
 и доброжелательные.",5,
2,Алексей Габышев,2023-07-09 21:20:01,"Бесплатная стоянка находится в 50 м от филиала сбербанка. Специалисты сбера квалифицированный и очень подкованы! Всегда находятся общий язык с клиентом и помогают решить любые задачи связанные с их профессией! Мне понравилось, рекомендую С уважением Алексей",5,
3,Варвара М,2024-05-04 13:05:21,"Филиал неплохой, персонал по большей части приветливый . Рекомендую. 
В очередной раз восхищаюсь отзывчивостью, вниманием и готовностью разъяснить и помочь Ненашевой Натальи. Таких сотрудников единицы, спасибо",5,
4,Svetlana Gil,2023-07-12 02:42:04,"Своей парковки для машин нет. Отделение не большое. 3 операциониста работали и очередь к ним 12 человек. 
Когда наша очередь подошла, то все было сделали быстро, четко, вежливо. Профи! Рекомендую к посещению.",4,
5,Елена Власова,2024-02-29 12:33:40,"В принципе нормальное отделение. Но когда спросила, принимают ли мелочь, такую мордочку скорчили.",4,
6,Наталья,2024-01-03 06:11:29,Хорошее отделение. Вот только минус не хватает сотрудников.,4,
7,Павел Л.,2024-04-29 05:28:00,Нет электронной очереди. Ограниченное количество мест для ожидания.,1,
8,Анна Горячева,2022-09-07 16:28:49,"Самое отвратительное отделение. На все дворики один маленький филиал, в котором максимум видела 2 работающих окна. Большие очереди, долгое обслуживание. Очень болтливый персонал, можно узнать все новости двориков, пока посидишь в очереди. Ну и с коляской туда очень трудно зайти.",1,
9,екатерина с.,2024-01-15 17:30:58,"Бедные клиенты, такое неуважение редко где можно наблюдать.",1,
10,Лариса С.,2023-01-10 06:35:17,"Самый отвратительный офис сбербанка! Работают как хотят! Работает только 2 окна еле еле не спеша, народу много! Денег как всегда нет! Бабушки пожелые приходят из-за зря, по такой погоде, по гололеду!",1,
11,Иван Иванов,2023-09-02 20:15:19,Обычное отделение Сбера. Персонал грамотный и добросовестный.,5,
12,Сергей Раков,2023-02-08 19:24:33,"Отличный персонал. Помогли в сложном вопросе, на который даже call-центр не смог дать ответ. Спасибо большое. Советую обращаться в данный филиал.",5,
13,Виктория,2022-10-17 09:52:48,"Отделение не большое. Персонал доброжелательный. Допуск к банкомата круглосуточный,что порой очень удобно.",5,
14,Ирина Кондратьева,2022-05-22 10:36:05,"Самый худший офис сбербанка. Открывается поздно, закрывается рано. У работников добиться какой-либо информации невозможно. Сидят прям королевны! Хотела обменять валюту, в одном окне сказали, чтобы я шла в другое. Отстояв очередь, мне сказали, что мне надо было сначала обратиться в первое окно, а только потом идти уже к ним. А сразу объснить нельзя было. Не рекомендую однозначно!",2,
15,Анастасия Макарова,2023-11-21 16:56:47,"Быстрое обслуживание,вежлево.",5,
16,Зарина Достакова,2024-02-25 06:07:50,Хорошие работники вежливые,4,
17,Регина Латыпова,2023-06-20 17:00:52,"Маленький зал, но обслуживание быстрое, все хорошо",5,
18,Елена Ова,2022-08-30 17:24:25,"Банкомат может не додать купюры. А по кассовой ленте всё норм и смс приходит , что все выдано в полном объеме. Пишут - сбоев в работе банкомата не обнаружено. Деньги просто испарились.",2,
19,Shroom Ghost,2023-02-18 08:27:36,"Отличный Сбербанк, хоть и с живой очередью! Сотрудницы просто душки)) . Являюсь постоянным клиентом!",5,
20,елен,2022-02-01 12:35:19,"Небольшое помещение . Неудобный подъезд. Обслуживают чаще максимум трое операционистов достаточно быстро. Пенсионеры, мамочки с сберкнижками , коммунальные платежи , карты помогут в любом вопросе. График работы по мне так неудобный до 18 часов.",5,
21,Андрей Емельянов,2023-09-07 19:32:26,Отличное отделение. +пункт выдачи заказов мегамаркета.,5,
22,сергей митрофанов,2023-07-11 09:34:32,"Вечные очереди, не вежливый персонал, банкомат еле-еле работает.",3,
23,Нина Александрова,2023-01-13 08:38:50,"Живая очередь, медленные работники, тесно. Долгое ожидание, но в конце концов сделала все за чем пришла",3,
24,Наталья,2023-07-31 06:11:18,"В банке очередь всегда . Банкомат старый, работает через раз",3,
25,Роман Артёмов,2023-01-03 10:55:28,"Самое отвратительное отделение сбера, выходные устраивают как захочется, также как график работы",1,
26,Вадим Копылов,2024-02-25 16:40:06,Вечно не работает,1,
27,Сергей Николаев,2022-08-03 06:17:37,Работники банка не полностью владеют информацией по кредитным картам и советуют обращаться с вопросами в центральный офис по телефону.,3,
28,volkova-0312,2021-09-27 14:54:40,"Отделение очень маленькое, работает максимум одна касса, график работы меняется чаще чем прогноз погоды, сотрудники однозначно невежливы, наровят закрыть окошко прям перед носом, им не важно сколько вы провели в очереди. Решать проблемы клиентов не желают в принципе. Очень разочарована обращением в это отделение.",1,
29,Алексей Прилепский,2022-07-04 09:00:57,"Ох уж этот сбербанк., очереди как при Советском союзе, но надо отдать должное, во первых есть кондиционер и он неплохо работает, есть где присесть пожилым людям и людям с инвалидностью, и плюс вежливое обслуживание, с пониманием., 5 звезд заслуженно!",5,
30,Сергей Литвинов,2022-07-23 16:41:11,Обслуживание клиентов очень хорошее забирал карты все быстро и без очереди,5,
31,Мария Мамаева,2021-09-11 19:29:20,"Была тут 2 раза, сотрудники вежливые, помещение чистое. Теперь из минусов -обычно работают 2 кассы и очень большая очередь,",4,
32,Марина Ошарова,2021-12-01 09:24:45,"Очень внимательный и компетентный персонал. Все объяснят, научат, подскажут и помогут.",5,
33,Анна Нужных,2022-06-13 11:51:18,Очередей нет. Персонал быстро и качественно обслуживант клиентов.,5,
34,Стив,2021-10-16 17:47:56,"Маленькое отделение. Персонал приветливый. На самом деле странно, что на район такое микропомешение , для Сбора это как то не солидно . Поэтому 4*",4,
35,Ирина Куприянова,2023-06-11 11:53:11,Очень всегда большая очередь,3,
36,Екатерина Никитина,2022-12-29 17:34:18,"Хорошее отделение, быстрое обслуживание",5,
37,Елена Безлихотнова,2023-03-16 18:03:42,"Ужасный банк. Неудобный график, некомпетентные специалисты",1,
38,Антон Попов,2023-09-24 16:33:41,Отвратительные работники,3,
39,Анонимный отзыв,2023-01-26 11:48:41,Всегда работает одно окно. Как не придёшь вечно очередь.,4,
40,Александр Сергеевич,2022-12-18 15:48:51,Очень доброжелательный персонал.,5,
41,Ксения Курченкова,2021-11-18 09:57:43,"Ужасно, очень долго работают, постоянно что-то с системой. Приходишь в час дня, уходишь через 3 часа, хотя просто забираешь карту",1,
42,Марина Денятина,2022-06-03 13:06:48,Маленький удобный офис приветливые менеджеры,5,
43,Елена Юрьевна,2023-05-07 11:52:57,Все очень медленно!!,4,
44,Алексей К.,2021-06-17 20:15:36,"После выбора лицом компании (даже не знаю как помягче...) фрика в лице Дани М., комментировать заведения под этой вывеской не хочется... Дно!",1,
45,Алексей Попов,2023-03-03 03:43:38,Хорошие обслуживание.,5,
46,артем г.,2021-12-11 08:53:32,Неплохое отделение но банкомат что рядом не всегда дает положить наличные,4,
47,Владимир Иванов,2023-06-21 16:31:19,Отлично,5,
48,Людмила Трифонова,2021-09-09 21:02:39,"Всегда очереди,для такого большого микрорайона он должен быть больше по размеру",4,
49,Alexey,2021-01-20 14:36:03,"Отвратительное обслуживание, банкомат постоянно сломан! Часы обслуживания, самые неудачные какие только могли придумать!",1,
50,karl карпенко,2022-01-05 12:58:50,"Вроде бы меняется все,а тут всегда делают все не спеша",3,
51,Александр,2021-09-17 19:57:02,"Нет очередей, персонал вежлив, по мере необходимости захожу.",3,
52,Михаил Александрович,2021-09-12 22:50:52,Все как положено работают .. Сделайте рабочие дни по выходным,5,
53,Алик,2021-10-15 09:33:01,Вообще не советую обходите стороной данную организацию,1,
54,Светлана Лапшина,2022-06-16 16:21:48,Стали лучше работать .,5,
55,Crypto Coin Desk,2021-07-28 13:42:05,Как могут при заказе средств привозить в течение трех (3) дней!,2,
56,А.К.,2020-09-08 04:34:12,"Живые очереди, которые движутся оооочень медленно, подходя к окошку, понимаешь почему - персонал еле шевелится",3,
57,Евгений Х.,2020-03-25 11:36:25,"Отличное отделение, сотрудники молодые опытные, старшая -блондинка умная и шустрая!",5,
58,Владимир,2020-04-08 05:53:40,"Хамят, нет электронной записи а так же сберегательных книжок! Пришлось даже жаловаться а книжку получать в другом отделение!",3,
59,Маргарита васильева,2019-12-10 13:43:53,"Отвратительное отделение, из прошлого века. Ладно обед сохранили, но... Режим работы самый ужасный. Попасть практически не реально. Либо закрывайте его совсем либо меняйте график.",1,
60,Kamilla Kleo,2022-04-30 11:33:27,Вежливый персонал. Сколько раз заходила - очередей нет,5,
61,Роман Анатольевич,2020-04-09 13:05:17,Хороший банк отличный вежливый перстнал все в норме не то что раньше!!!,5,
62,Фёкла,2020-08-24 06:53:42,"Мало места,почти всегда толпа!и очень долго ждать приходиться,т.к.один человек считай принимает",2,
63,Сергей Чижиков,2022-02-23 17:53:21,Отзывчивый персонал,5,
64,Андрей Жигулин,2019-11-19 23:05:15,"маленькое помещение, не удобное. Стандартный набор операций, хотя обмена валюты нет, даже банкомата нет, только на улице за углом",2,
65,Гость,2019-11-04 10:45:27,"Вечные очереди, а сотрудников 1 или 2 . Можно провести половину дня. Качество обслуживания клиентов оставляет желать лучшего.",2,
66,Александр,2019-08-20 14:45:32,"Самое плохое отделение сбербанка в городе Серпухов. Сотрудники ничего не знают и не понимают своей работы, зато с роют из себя нипойми кого. Вечные очереди..",1,
67,Борис Орлов,2020-09-06 13:55:47,"Внимательный персонал, хорошее обслуживание.",5,
68,Марина Кононенко,2019-10-31 11:22:23,В какое бы время не пришла всегда очередь. А когда инкасация приехала вообще все закрыли и народ стоял ждал когда уедут.,3,
69,Иван Петров,2021-03-01 15:41:43,Ооооочень медленный банкомат. Больше не хожу туда.,3,
70,Вадим Агафонов,2020-02-02 11:01:54,Все отлично молодцы. Хотелось бы чтоб работали до 18-00,5,
71,вячеслав афанасьев,2021-11-24 00:07:15,Очень маленький филиал,3,
72,Светлана А.,2021-10-12 15:41:14,Быстрое обслуживание,5,
73,Орхидея,2020-07-10 04:22:24,Вежливые и доброжелательные сотрудники,5,
74,вася серпуховский,2019-11-13 20:08:40,"Больше компетентных работников, почти нет клиентов, просторно.",5,
75,Екатерина Д.,2020-04-05 13:56:04,"Хорошие сотрудники,внимательный подход к клиентам.",5,
76,Роман Веселов,2019-08-02 18:28:38,"Очень медленно, не расторопные, строят из себя очень важных персон, в общем бесполезные сотрудники!!!!",1,
77,Елена Коромыслова,2021-09-21 13:43:52,Очередь на пол дня!,3,
78,777,2020-04-14 16:36:31,Сотрудник Тормозова действительно ТОРМОЗ некорректный,1,
79,Всеволод Лихолетов,2022-02-01 16:09:09,Ок,5,
80,Евгений Шумка,2020-01-23 12:14:21,"Один банкомат, не всегда работает, нет функции внесения наличных",2,
81,Мария Михеева,2019-12-01 22:59:57,"Недобросовестные работники,всегда делают свою работу с одолжением!",2,
82,марина котина,2019-11-03 09:22:17,"Очереди, закрыто отделение и в выходные, и в понедельник",3,
83,Paulina Kuftyreva,2018-06-03 12:16:36,"Доброжелательный персонал, всегда пойдут навстречу и всё объяснят",5,
84,Наталья,2019-08-11 13:57:01,"Очень маленькое помещение, ужасное обслуживание. Вечные очереди.",1,
85,Андрей лаврухин,2019-12-15 20:23:04,"Иногда народу много,а работает одно окно",3,
86,Павел Елистратов,2020-08-29 11:09:22,Маленькое отделение банка,3,
87,Константин Дихтяренко,2021-09-19 15:06:07,Молодцы.,5,
88,Нина Ивановна М,2019-12-23 15:43:56,После ремонта преобразился ))),5,
89,Сергей Дроздов,2021-08-16 08:31:26,Обычное отделение,3,
90,виктория Мартынова,2019-12-13 10:59:41,"быстро,четко,мало очереди",5,
91,Денисок З.,2020-01-13 06:09:01,В банкомате на углу воняет мочёй.,5,
92,Роман Гречихин,2021-07-23 12:07:14,Отделение не плохое.,3,
93,Deleted,2019-07-29 10:28:16,"Обслуживание отвратительное, хамят, грубят, и уходят прям перед тобой не выполнив свои обязанности!",1,
94,Cthutq G.,2020-03-04 14:36:19,"Тесновато, очереди",3,
95,Елена К,2019-11-10 07:49:00,"Невозможность бесконтактной оплаты, отсутствие электронной очереди",3,
96,Михаил П.,2019-09-29 16:26:09,Самый «бедный» Сбербанк в городе,2,
97,Dmitry G.,2019-11-04 13:18:21,В этом отделении нету обмена валют,4,
98,шохрух еркинжонов,2020-02-08 11:30:32,Мне нужно каждый день,5,
99,Владимир,2019-12-10 14:51:26,Быстро и надёжно,5,
100,сергей плохов,2019-11-25 12:30:50,Отличные работники.,5,
101,Иван Ильин,2018-01-26 13:59:51,"Офис, как офис, иногда бывает небольшая очередь, иногда нет",4,
102,Сергей Мамаев,2020-04-01 15:25:15,Обычный Сбер,5,
103,Анна Тимлис,2019-02-14 14:07:12,Ужасные сотрудники,1,
104,Дима,2019-09-04 17:47:39,Нет нечего,2,
105,Evgeniy,2019-07-29 09:33:50,Нет электронной очереди,3,
