,name,date,text,stars,answer
0,Ангелина Коновалова,2024-01-15 16:35:58,"Невозможно пополнить, банкомат тупит, экран не реагирует на нажатия",1,
1,ura cbolson,2023-11-25 17:53:36,обходите стороной это заведение тут все плохо.,2,
2,San S.,2023-12-29 15:50:03,Только снятие. Отсутствие возможности пополнения.,1,
3,Валерий,2023-06-17 09:32:40,Только на снятие,1,
4,Виктор Райлян,2023-02-15 12:32:18,Только на снятие,1,
5,Сергей Кудряшов,2021-08-23 11:48:20,Только на снятие,1,
