,name,date,text,stars,answer
0,Светлана П.,2023-12-28 11:19:05,Три звезды за расположение. Не удобное расположение банкомата. Около прохода. Помимо постоянные мимо проходящих людей еще и дует из тепловой пушки. А так к работе претензий нет,3,
1,Aleksandr7xXx,2024-02-20 16:30:08,"Расположение минус
Нельзя использовать Вирт карту телефона",1,
2,Ангелина Восканян,2024-01-10 09:39:12,Не работает на снятие наличных,1,
