,name,date,text,stars,answer
0,алевтина п.,2023-10-17 09:55:55,"Нет операции ""пополнить""Очень плохо. Приходится искать другой банкомат и ехать , тратить время. Нельзя ли поставить банкомат со всеми функциями!?",2,
1,Dmitry,2023-12-27 15:12:44,"Нет возможности пополнить карту, нет возможности работы с банкоматом бесконтактно (приложить карту/смартфон)",1,
2,Den,2024-02-21 21:11:29,Нет пополнения карты,1,
3,Максим Д.,2022-03-04 11:26:17,"глюченый, половина экрана не работает. снять/внести нельзя.. не мешало бы еще добавить описание где он..",1,
4,Кристина,2021-09-15 17:49:30,Нет бесконтактного обслуживания,1,
5,Игорь,2021-12-31 09:33:25,Нет возможности пополнить,3,
6,Александр Нянькин,2021-08-07 14:11:43,Нельзя внести,1,
7,Aleksey Maslov,2018-12-27 15:20:05,банкомат Альфа банка не работает,1,
