,name,date,text,stars,answer
0,Ranakhan Orunbaeva,2024-04-15 11:02:55,"Всегда вежливое и быстрое обслуживание. Всегда все подскажут и помогут. И вообще пользуюсь услугами довольно давно, и всегда довольна. Не бывает очередей и т д",5,
1,Юлия Ларионова,2023-07-11 17:19:56,"В здании произвели ремонт, изменили систему электронной очереди, теперь по некоторым категориям вопросов работники банка выходят зал и общаются с клиентами на диванчиках в зале. Работники приятные, профессиональные. В кассе обеденный перерыв как в советском универмаге с 14-00 до 15-00. Я пришла в 14-20... и без карточки (деточка на место не положила). Столько, сколько мне нужно было денег мне выдать не смогли. Так что имейте в виду и такой нюанс графика работы отделения.
Условия продуктов как всегда чуть ниже, чем у других, видимо до сих пор Сбер берет количеством.",3,
2,Надежда Печунка,2023-08-14 13:19:58,Прекрасное обслуживание. Очень внимательны и отзывчивы к клиентам. Время ожидания приемлемое. График работы устраивает. Здоровья всем и карьерного роста.,5,
3,mypartner1,2023-12-08 08:30:47,"Сплошное навязывание услуг! Придешь по делу футболят как мяч, от 4мкр до Занородных в -40, но, прошу заметить , вежливо предложат тариф премиум )",1,
4,Катрин Мартынова,2023-08-02 11:52:25,"Девушка которая работает в 21 кабинете не компетентна, с клиентами разговаривать не умеет и нет желания. Зашла к ней уточнить про ипотеку, перед мной ей позвонили на телефон и она сразу переключилась на другого клиента не смотря на то что я сидела в кабинете. В итоге сказала звонить на номер 900 и что там все объяснят. А тогда, для чего там работают сотрудники если они не могут предоставить информацию.",1,
5,Server_86,2023-08-21 02:34:06,"Банк редкостное *овно, забыл продлить страхование квартиры, никто не звонил, ни присылал смс с уведомлением о том что необходимо продлить в страховку, в тихаря начислили пени в размере 30к за 6 месяцев и только после этого начали напоминать, что необходимо оплатить. Перешел к желтым.",1,
6,Евгений Романович,2023-08-29 14:12:12,"Классное отделение сбера, большое просторное, и сотрудники быстро обслуживают, кофе аппарат правда не очень у них...",5,
7,Антон Липкин,2023-06-24 05:18:10,"Быстрое обслуживание, приятные и доброжелательные специалисты, единственный мину - время работы, но это Нягань, тут все так работают.",4,
8,Артем Белоусов,2023-04-01 14:49:15,"Надо заметить что в сравнение с ""90"" банки сильно изменились в лучшею сторону. Посещение банка стало намного удобнее. Именно ""Сбер"" по данному адресу ничем не уступает по комфорту и удобству банкам в Москве.",5,
9,Виктор Половинкин,2023-04-14 17:08:43,Магазин 🏬 на все100%. Покупки 🛒 делаю ежедневно. Обслуживание 🈂 отличное. Персонал обслуживает отлично 👌 никогда 🙅‍♂ с их стороны 😊 не слышал грубости. Спасибо 🙏 им за 😉 всё 🤦‍♀.,5,
10,Махфуза Умурбаева,2023-05-10 16:21:05,Всегда помогут в решении проблемы а сотрудники таких бы всем знают свое дело и оооочеееньь вежливые,5,
11,Альфард,2023-05-06 04:08:55,"В целом ""Сбер"" - сберегать, к сожалению они утратили звание на фоне значимости самого слова. В целом специалисты не плохие, но нужно работать над безопасностью тех, кто дает возможность банку зарабатывать - именно!",3,
12,Марина Бекренёва,2021-09-30 16:58:06,"Вообще Сбер мне не нравится как банк, но к персоналу это не относится. Девочки предельно вежливы, не навязчивы и очень доброжелательны. Работу свою выполняют очень хорошо, все объясняют.",5,
13,Svetlana Shustova,2022-06-27 05:18:24,"Отношение персонала отличное. 
Продукт ""Банк Премьер"" в доходной части по страхованию не актуален, вложенные денежные средства обесцениваются...",4,
14,Александр Мамутин,2021-12-27 12:28:53,"Хороший большой сбербанк, на уровне конечно же. Современный, не везде такой есть, но а по услугам, а что по услугам деньги кредиты ипотеки. Дают-улыбаются, деньги берут тоже улыбаются, не платишь, ругаются))) юмор...",5,
15,Алексей Щербинин,2023-08-25 05:56:08,"Хорошее отношение, быстрое обслуживание",5,
16,Марат Сайфуллин,2024-04-13 14:27:53,Хороший сбербанк,5,
17,Регина Кадырова,2023-10-14 05:22:11,"1звезду снимаю, нет воды для посетителей",4,
18,Марина Черепанова,2021-12-28 12:08:06,"Грамотные консультации, вежливое и быстрое обслуживание. С наступающим вас Новым годом, хороших клиентов",5,
19,Артём К.,2021-12-17 14:04:23,"Чтобы получить посылку нужно взять талон, в котором не указано сколько человек в очереди, и сидеть и ждать в порядке общей очереди , обслуживание в 2 окнах,а в остальных сотрудники ""балду гоняют""Идиотизм полный",2,
20,Виктор Поспелов,2023-05-05 15:10:54,Если говорить о Нягани то это лучший сбербанк.,5,
21,117088 Осминин,2023-05-18 14:55:07,Все вопросы решаются быстро.,5,
22,Нина,2021-08-21 14:08:46,"Быстрое обслуживание, грамотные специалисты. Красивый , хорошо оборудованный офис.",5,
23,Андрей Тишин,2019-09-06 13:16:16,"Большой зал, много окон с множеством операций, электронная очередь, много вежливых и отзывчивых консультантов, есть доступ для инвалидов, в зале есть удобные диванчики для ожидания очереди, есть детский игровой уголок",5,
24,Олег Глусь,2022-02-25 16:47:50,"Центральный банк города,прекрасное обслуживание,внимательный персонал",5,
25,Леночка,2020-04-14 19:23:00,"Бываю там очень редко, только в Сбербанк Премьер за определенными услугами прихожу, либо карту поменять, если срок подошел. Все остальное по интернету... Девочки в основном зале - приветливые, кто то прям раздражает своей приветливостью и навязчивостью. Кто то умный, кто то не очень, даже продукты банка не особо знают",5,
26,Токтохан Калыкова,2023-08-30 15:02:50,Девушки специалисты работают на совесть молодцы,5,
27,Вячеслав Копченов,2023-04-18 06:52:19,Сбербанк 🏦 супер 👍👍👍,5,
28,Светлана,2022-08-12 08:14:51,"До банка не дозвониться!!! Какая-то ассистент Афина отвечает, ничего не понимает!!!Тратишь свои нервы и время, а дозвониться никак!! Позор",1,
29,Александр У.,2023-06-16 17:10:03,Большие очереди,5,
30,Навойчик Сергей,2020-11-13 04:14:25,"Всегда пользуюсь этим отделением, очень удобно, сотрудники вежливые и тактичные.",5,
31,Lexus,2022-07-06 11:35:02,Хороший банк вежливый персонал,5,
32,Виталий Федоров,2021-11-04 13:17:07,Всё отлично. Только очередь большая...,4,
33,Бек Д,2020-02-28 17:56:02,"Грамотные, вежливые и самое главное терпеливые, внимательные специалисты. Спасибо всем!",5,
34,Ольга Захлевная,2021-07-03 16:28:05,Быстрое обслуживание. Все подробно объясняют.,5,
35,дмитрий иванов,2020-06-12 12:36:01,"Головной Сбер в городе. Большое помещение, много специалистов. Вопросы решаются оперативно.",5,
36,Александр Т.,2022-02-22 03:38:25,Впарить продукт или услугу-это наше все.,3,
37,Дарья Мельчакова,2023-07-14 15:07:27,Класс,5,
38,Светлана,2020-08-28 09:18:19,"Хорошее отношение к клиенту, грамотная консультация по любому вопросу",5,
39,Галина Багаева,2021-02-20 16:39:19,"Чисто, но не уютно, сиден ья неудобные",2,
40,Oleg,2021-12-04 16:31:35,Как хочется избавиться от Сбера!,5,
41,МаDoo,2020-03-11 13:53:14,"Отличные сотрудники и управляющая очень внимательны к своим клиентам. 
Спасибо 👌",5,
42,Анатолий Ш.,2019-11-30 16:32:37,"Много персонала, обслуживание быстрое и достаточно банкоматов.... 👍",5,
43,Галина Е.,2020-01-11 09:59:47,Премьер работает проблемотично не дозвонится и работают до пят часов а я до шести поэтому ни как не успеваю,5,
44,Павел Анисимов.,2020-07-29 13:46:32,Отличный банк быстрое и своевременное обслуживание одни плюсы от посещения,5,
45,ирина рейф,2019-07-24 18:04:46,"Именно здесь очень грамотные, вежливые, достойные сотрудники!",5,
46,Роман Ростовский,2019-08-05 16:15:50,"Удобное расположение, большая парковка, приятный персонал.",5,
47,Ruslan&amp;KO,2021-09-29 16:24:06,"норм, основной офис",5,
48,NoNTower,2020-02-11 16:31:01,есть электронная очередь. ждать недолго. есть уголок для детей.,5,
49,Наталья Кошеварова,2020-02-27 07:27:51,"Удобно, достаточно быстрое обслуживание.",5,
50,Галина Саенко,2020-05-13 06:48:30,Приятно посещать это отделение. С клиентами работают с порога.,5,
51,Андрей Филипьев,2019-10-07 06:54:23,Сбербанк одним словом - это не можем это не знаем - банк один а работать с филиалами не могут,3,
52,Вера Логачева,2020-11-07 15:29:23,"Быстрое , компитентное , обслуживание",5,
53,elena .,2020-04-13 17:31:20,Удобно. Качественно. Профессионально,5,
54,Осинцева Евгения,2019-12-11 07:41:20,"Быстро,а самое главное без нервов выполняют свою работу. Мне нравится.",5,
55,Наталья Гриняк,2019-10-31 13:41:20,"Быстрое обслуживание, вежливые консультанты.",5,
56,Сергей,2020-09-15 15:17:43,Обслуживание клиентов вежливое,5,
57,Эмильбек Акимов,2019-10-08 02:37:15,"Удобное расположение, бесконтактные банкомат",5,
58,Сергей Спасёнов,2019-12-13 01:14:53,Понравилась организация работы и внимания к клиентам.,5,
59,Владимир Шумилин,2020-03-16 12:49:07,"Грамотный, вежливый персонал.",5,
60,Сергей Я,2021-11-13 12:32:46,Удобно,5,
61,Николай Донецкий,2019-11-25 05:22:17,Быстро и красиво получил услугу.,5,
62,Михаил,2019-12-15 09:41:53,Головной Банк города....Форт Нокс Няганьский,5,
63,Евгений,2021-04-28 21:51:18,Дорогой банк,3,
64,Кристина Ципан,2020-09-25 19:07:36,Обслуживание быстро,4,
65,Вадим Корболин,2020-02-15 15:32:05,Как и все банки большой процент,1,
66,Ирина Голи,2020-07-13 13:58:44,Работает в субботу,4,
67,Евгений Тюрин,2019-12-15 22:26:20,"Пользовался услугами, советую",4,
68,Сергей Кабылин,2020-03-27 09:43:52,Быстрое обслуживание.,5,
69,Елена Оспенникова,2021-03-25 14:24:49,Отлично),5,
70,Денис Т.,2020-03-22 20:17:19,Классный Сбербанк,5,
71,Никита Н.,2021-04-20 16:48:52,Хорошо,5,
72,Валера Понамарев,2020-05-16 05:16:38,банк отличный,5,
73,Владимир Глушков,2021-06-06 18:38:16,воры,1,
74,Виктория Калашникова,2019-08-01 18:11:02,Отличный банк,5,
75,Александр М.,2013-10-14 10:43:36,Ни по одному из телефонов не получить информации менеджеры откровенные ЛОДЫРИ перекладывают друг на друга обязанности в общем плохо,1,
76,mascrash,2019-09-26 14:44:19,хорошо,5,
