,name,date,text,stars,answer
0,Юлия Панарина,2024-02-25 13:59:36,"Очень нравится и офис, и банк, и сотрудники. Девочки приветливые, всё чётко и понятно объясняют, на любой вопрос дают подробный ответ. Доброжелательные. Спасибо 😊",5,
1,Елена Радуга,2024-04-03 04:20:56,"Хочу отметить грамотную работу, доступную и компетентную информацию и клиентоориентированность сотрудника банка Эвелины!!! Человек знает и любит свою работу и старается дать свои знания клиентам!!! Умница, с большой буквы!!!",5,
2,Анастасия,2024-03-27 07:23:49,"Отвратительное обслуживание, всё очень долго, каждый визит очередь растягивается минимум на час, негде ни присесть, ни встать. Сотрудники решают свои проблемы по телефону, при этом очередь стоит. Единственный плюс, это расположение!",1,"Здравствуйте, Анастасия.
Извините, если заставили ждать 😔
Из-за большого количества обращений время ожидания может быть дольше, чем обычно. Постараемся работать быстрее."
3,Виталий Мхитарян,2024-04-03 17:09:25,"Один из лояльных и простых в использовании приложений АЛЬФА БАНКА, всегда находят общий язык с клиентами,я кстати тоже являюсь клиентом этого банка",5,
4,Алексей К,2024-04-27 03:45:02,Побольше бы специалистов!!! Очень долгое обслуживание. Эвелина отличный профессионал),3,"Здравствуйте, Алексей! 
Простите, если столкнулись с долгим ожиданием. 
Скорость обслуживания зависит не только от количества сотрудников и клиентов, но и от сложности вопросов. Стараемся сократить время ожидания, насколько возможно."
5,Фёдор Конев,2024-01-22 17:01:11,"Удобно, приемлемые условия, грамотный персонал, минимум комиссии, рекомендую!!!",5,
6,Денис Анищенко,2023-09-19 02:03:05,Офис нового формата. Открытое пространство. Непривычно но интересно. Брал дебетовую карту пользуюсь месяц пока неплохо,5,
7,Инкогнито 7875,2024-04-08 07:06:54,"По техническим вопросам принимает только 1 сотрудник, очередь огромная",1,"Здравствуйте!
Возможно, другие сотрудники были заняты.
Примем меры и постараемся улучшить качество обслуживания."
8,Tatyna,2023-09-08 13:27:01,"Обманывают сначало предлогая карту без процентов на снятия и перевод, когда приходит время плотить смотрите опа процент и не маленький не советую",1,
9,Евгений Цимбельман,2024-02-17 11:44:17,Очень тесно в помещении негде присесть ожидая своей очереди,3,"Здравствуйте!
Мы стремимся к тому, чтобы обслуживание было максимально комфортным и быстрым. Но из-за большой нагрузки время ожидания может быть больше обычного. Извините, что заставили ждать."
10,Одевай-Ка Рубцовск,2023-06-30 14:03:03,"Очень маленькое помещение. Клиенты ожидая , не имеют возможности даже присесть. Локация 
удобная.",5,
11,Алекс,2023-10-10 13:24:28,Обычный стандартный банк,5,
12,Наталья Вдовина,2023-08-06 02:53:36,Вежливое обслуживание,5,
