,name,date,text,stars,answer,load_time
0,Ольга Петрова,2024-03-30 13:43:32,"Банк современный, очень круто внутри, без очередей, столики для ожидания как в кафе, весь персонал приветливый, все расскажут, помогут подключить все услуги. Я там получала,дебетовую карту, отношение к клиенту отличное. 👍",5,,2024-05-16 15:23:03
1,Нина У.,2024-01-22 10:54:17,"Банк находится в удобном расположении,приветливый персонал.Выражаю огромную благодарность за обслуживание Роману, профессиональный подход,быстро и уважительно! Рекомендую!",5,,2024-05-16 15:23:03
2,Александр,2024-02-10 01:28:37,"Новый отдел банка, пока всё серовато и сотрудники не совсем что ли компетентны хотя очень приветливы и радушны. Радует что данный отдел есть и есть банкоматы. Надеюсь что банкомат будет и в Энергетике хотя бы.",4,"Здравствуйте, Александр.
Грустно, что вам не очень понравился новый формат офисов. Старались, чтобы было комфортнее. 
Сотрудников постоянно обучаем, повышаем их квалификацию и экспертизу.
Учтём ваши пожелания по банкоматам. Напомним, что вы всегда можете воспользоваться на наших условиях банкоматами наших партнёров.",2024-05-16 15:23:03
3,Дмитрий Шпаковский,2024-04-08 14:07:08,"Число аккуратно, вежливый персонал,объясняют всё,помогают если что не понятно,советуют как поступить в сложившейся ситуации, объясняют всё доходчиво!!!",5,,2024-05-16 15:23:03
4,Olesya.,2024-02-08 00:38:29,"В банке одна проблема-никогда не дозвониться операторам на горячую линию. Ссылаются на занятость, отвечает всегда робот. Но это слабая отговорка. 😡Не могу, переодически, зайти в приложение. С другими приложениями никогда проблем не возникает",3,"Приветствуем!
В период нагрузки, можем отвечать дольше обычного на линии. Извините 🙏
Голосовой помощник пытается помочь сам и, если не знает ответа, переводит на оператора. 

Если у вас остались сложности со входом в приложение, напишите нам на smm@alfabank.ru В письме приложите скриншоты ошибок, при наличии, и укажите ФИО и дату рождения.",2024-05-16 15:23:03
5,Юлия Давыдова,2024-04-09 16:09:04,"Отличный банк,приятные сотрудники ,всегда когда прихожу предлагают кофе 👌🏻мне все нравится",5,,2024-05-16 15:23:03
6,елена федотова,2024-03-30 17:05:57,Супер,5,,2024-05-16 15:23:03
