,name,date,text,stars,answer
0,elena,2023-11-22 09:35:23,"Пришли, чтобы сделать копию одного листка. Взяли талончик , после нас зашли еще несколько человек, которые по итогу оказались первее нас. Чтобы сделать саму копию потребовалось 10 минут… почта России в соседнем здании работает куда быстрее.",1,
1,Алена,2023-08-02 16:26:37,"Быстро обслуживают, работают асы одни, найдут выход, помогут всегда, руководители тоже всегда и сразу подключаются к решение проблемы",5,
2,Илья Бабин,2023-11-17 14:41:31,"Хорошее отношении к клиентам и всегда подскажут, где что",5,
3,Елена,2022-11-02 18:23:17,"Банк просторный,есть много мест для ожидания своей очереди, а самое главное сидеть в очереди долго не приходится. Персонал достаточно вежлив и внимателен.!!!",5,
4,Сергей Марченков,2023-08-02 03:23:28,"Центральный банк Чебаркуля. Небольшой но удобный, можно совершать все операции в финансовой сфере.",5,
5,Елена Зуева,2022-08-24 15:33:50,"В этом отделении все классно и работники хорошие, отзывчивые. Раньше было много народа, теперь всех обслуживают быстро, оперативно",5,
6,Инкогнито 3305,2023-06-27 13:51:34,Отлично обслуживание персонала.Все замечательно...,5,
7,Инкогнито 0289,2023-07-10 18:24:04,постоянно очередь мест сесть не хватает с кредитом напряжонка,4,
8,Xelax,2022-11-09 19:37:48,"Можно умереть в очереди. Пришел перевыпускать карту, потратил минут 20, так карту и не перевыпустили. Лучше уж Тинькофф пользоваться, там никаких отделений нет и всё удобно с доставкой на дом.",3,
9,Саня,2022-04-18 14:54:08,"Обслуживание нормальное, ожидать надо долго, персонал тоже нормальный,доброжелательные, всегда помогут пожилым людям.",3,
10,Роман,2022-01-23 05:30:40,"Всё для клиентов. Индивидуальный подход. Сделают всё возможное и невозможное (при закрытии одного счета и открытии другого полагалось ждать месяц. Тем не менее, новую карту выдали сразу).",5,
11,Татьяна Утяшева,2023-08-28 15:16:06,Отношение к клиентам желает быть лучшим.,1,
12,Стас Крылов,2023-05-11 11:39:49,Распечатать реквизиты платно это уже моразм,2,
13,А.Борисова,2020-02-26 04:28:23,"Современный, оснащённый банк,конечно народу много , но по салону очередь проходит быстро...девочки всегда помогут, всегда приветливы и отзывчивые!",5,
14,акула,2021-11-18 10:15:25,Помогли со второго захода. Маргарита помогла с первого раза. Огромное ей спасибо,5,
15,Алексей Петрович Васильев,2021-11-02 09:52:40,"Не знаю, почему у меня стояло плохая оценка. Нет мне нравится это отделения банка, девушки помогают чем могут!",5,
16,989474 нефедова,2023-10-03 14:37:55,Всё отлично,5,
17,Мэри Кристмас,2021-07-19 18:18:38,"Персонал в зале оставляет желать лучшего ((
А вот почтальоны хорошие. Цены слишком высоки.",2,
18,Владислав Евстратов,2022-06-07 12:48:18,Самый поробощающий банк загоняющий людей в долги,1,
19,Наталья Брайловская,2023-06-16 20:33:52,Отлично!,5,
20,анна с.,2019-09-25 10:26:49,"Ужасное обслуживание, сегодня закали справку, сказали в течении дня мы вам позвоним. Прошло уже более 5 часов. Мы приехали из Челябинка, на сегодняшний день у нас запись уже к другому специалисту, нам нужна эта справка....А МЫ ВСЕ ЖДЕМ!!!!!!!!!!!!!!!!!!!!!!!!!!",1,
21,Ирочка,2019-10-28 11:38:52,Коллектив хороший. Всегда быстро и качественно обслуживают. Постоянно пользуюсь этим отделением.,5,
22,Елена Никишина,2020-02-18 12:55:27,"Отличное и быстрое обслуживание,грамотные консультанты, вежливый персонал",5,
23,Елена А.,2017-11-11 11:01:03,"Здравствуйте. Недавно я стала клиентом Вашего банка по указанному адресу (г. Чебаркуль, ул. Ленина-37), оформив карту МИР для перевода на неё денежных средств. Не дожидаясь данного момента, решила пользоваться картой, положив на неё наличные деньги. 8 ноября 2017 года я пришла в вышеуказанное отделение банка, Ранее я картами не пользовалась. Для недопущения ошибки в указанной операции, я обратилась к консультанту Куразовой Наталье, объяснив ситуацию. Она направила меня к банкомату, не объяснив правила вложения денег и обращения с данной техникой. В результате неопытности я допустила ошибку, деньги пропали в банкомате. Я вновь обратилась к Куразовой, которая в грубой форме начала допытываться, что было написано на экране банкомата. Затем направила меня к вышестоящему руководителю отдела банка, которой также было некогда вникнуть в данную ситуацию, она отправила меня ""к девочкам в зал"", которые мне должны очередной раз ""помочь"". Я думала, что консультанты по своему роду действия должны консультировать, а не столбом стоять, изучая действия клиентов банка.
Прошу разобраться по данному случаю в части невыполнения должностных обязанностей работников, ответ жду на этот электронный адрес. С ""уважением"" Захарова А.И.",1,
24,Петро,2020-11-12 06:13:37,"Отлично переделали в своё время.
Теперь все радуются.",5,
25,Иван К.,2019-11-28 11:41:13,Хорошие сотрудники отзывчивые умные и очень симпатичные девушки которые работают в этом банке,5,
26,Evgenia K.,2020-07-09 15:06:57,"Грамотные консультанты, хорошее обслуживание",5,
27,Алёна Елистратова,2021-12-26 14:54:16,Хорошее отношения,5,
28,Сергей Владимирович Березин,2019-10-14 10:49:23,"С 1 октября 2019 г. вновь перестали принимать платежи по системе ""Город"". Только по квитанция оплата.",4,
29,"""Чебаркуль: Юристы рядом!"" *Разводы *Наследство",2020-10-21 11:48:26,"ну, если честно, то достаточно удобный офис.",4,
30,ф,2021-09-07 11:42:44,хорошее обслуживание,4,
31,7921 Отставнова,2022-01-09 07:17:04,Все отлично,5,
32,Светлана Ильиных,2019-12-11 20:08:19,"Вежливый персонал , но очереди последнее время большии",5,
33,Валентина Николаевна К.,2019-08-18 12:35:35,"Отвратительный банк, постоянно очереди, низкий процент по вкладам, комиссия за все.",2,
34,Sergey Goldobin,2020-03-07 11:52:58,Быстрое обслуживание. Чисто,5,
35,Фома Фомин,2021-06-18 09:42:55,"Профессионально, быстро.",5,
36,Оксана Курченкова,2019-11-22 11:44:08,Хороший отзывчивый персонал,5,
37,Светик - Светлячок,2020-03-04 02:32:57,Замечательное обслуживание!,5,
38,Игорь Рукавишников,2020-05-01 04:29:52,Это самый дырявый банк!!!!!,1,
39,Николай У.,2019-11-25 07:41:16,Вежливые консультанты,5,
40,Ефремов,2019-08-24 15:56:47,В общем нет особых претензий,4,
41,Ольга Бурухина,2019-09-19 16:50:31,"Учтивее,чем везде.",5,
42,Роман К.,2019-08-29 08:30:35,Хорошее обслуживание,5,
43,Денис Карелин,2019-07-30 13:48:50,Вежливый персонал,5,
44,Мэри,2020-01-01 18:28:38,Быстрое обслуживание,5,
45,евгений р.,2019-09-18 08:32:51,хорошо,5,
