,name,date,text,stars,answer,load_time
0,Лариса Юдина,2023-12-21 13:12:52,"Сын доволен новым Алфа-стикером для его карты, помогла оформить его сотрудница отделения. Все быстро, четко и без заморочек, спасибо за крутой сервис!",5,,2024-05-20 11:57:47
1,Евгения Чернышева,2024-05-15 06:22:04,"Посещение Альфа банка всегда приятно удивляет своим уровнем сервиса, сколько бы раз сюда не заходила) Недавно решила вопрос по потерянной карте. Всё было выполнено быстро и точно, с учётом всех моих пожеланий и особенностей ситуации. Заблокировали быстро. Спасибо за вашу работу и внимание к деталям!",5,,2024-05-20 11:57:47
2,Сергей Гаврилов,2024-02-24 14:06:56,"Альфа-Банк проявил себя лучше всего среди других банков, клиентам которых я являюсь. Мне даже помогли установить необходимое приложение за несколько минут, отношение к клиентам всегда самое лояльное а в офисах готовы помочь)",5,,2024-05-20 11:57:47
3,Анна Павлова,2024-04-12 11:25:53,"Я приходила в банк, чтобы открыть накопительный счет, ну и вообще узнать по сберегательным программам. Девочка-специалист мне объяснила, что открыть вклад или накопительный счет можно даже из дома. Для этого нужно получить карту и подключиться к личному кабинету. Теперь я могу сама своими деньгами управлять",5,,2024-05-20 11:57:47
4,Юлиана Вендина,2024-02-13 15:01:00,"Отличный офис банка. Грамотные менеджеры, которые помогают клиентам. Отдельная благодарность менеджеру Екатерине, которая помогла оформить кредит, который почему-то не хотел подписываться он-лайн",5,,2024-05-20 11:57:47
5,Дмитрий Лычев,2023-12-15 15:08:25,"Замечательный офис, нет кабинок и очередей, выполнен в формате открытого пространства, общение с сотрудником легкое и непринуждённое, сильно отличается от отделений зеленого банка в лучшую сторону",5,,2024-05-20 11:57:47
6,848095 ТATASTAVRO,2024-04-05 16:30:58,"Случилось открыть там вклад. Очень хорошие проценты, все быстро, без лишних бумаг. В приложении отслеживаем начисления. Оформили на 3 месяца. И за этот срок прибыль отличная. Понравилось.",5,,2024-05-20 11:57:47
7,Артём Макаров,2024-03-19 13:13:23,"С альфой я спокойна, вклад в надежном банке уже чего то стоит. 15.5 процентов получил всего на 4 месяца. Небольшой срок, но мне подходит. Отдельное спасибо менеджеру за консультацию и подбор срока",5,,2024-05-20 11:57:47
8,Кира Никишина,2023-12-21 12:53:55,"Благодарю менеджера отделения за помощь с оформлением года без процентов. Карта суперская, удобная и без обмана. За 2 месяца лишнего ничего не списали, так что могу смело рекомендовать)",5,,2024-05-20 11:57:47
9,меди с.,2024-02-13 21:12:24,"Непрофессиональные, медлительные ребята . Не рекомендую обращаться. Ждала час , в итоге не дождалась и ушла, не стала клиентом этого банка , хотя приехала из другого города . Надеюсь больше обращаться к ним не прийдется .",1,"Здравствуйте!
Извините, что пришлось ждать. Не все вопросы получается решить быстро, за счёт этого ожидание может быть дольше обычного.
Если ещё не являетесь нашим клиентом, то карту можно заказать на сайте, во многих городах есть доставка.",2024-05-20 11:57:47
10,Ольга Щербакова,2024-04-15 10:38:51,"Выдали детскую карту в этом филиале. Получила быстро, при этом рассказали все, чем она полезна. Как с помощью неё следить и контролировать расходы ребенка",5,,2024-05-20 11:57:47
11,Алик Тукманбетов,2024-02-17 12:08:04,"Персонал здесь весь вежливый, обслуживание проходит быстро и качественно. В отделении есть банкоматы, терминалы для оплаты интернета, телефона и коммунальных платежей.Очередей нет, все операции выполняются оперативно.",5,,2024-05-20 11:57:47
12,Егор Минаев,2024-01-30 11:49:58,"Понравилось, что не просто выдали кредитную карту, но и объяснили как ей правильно пользоваться, какие условия, комиссии и кешбек. Все в приложении менеджер показала)",5,,2024-05-20 11:57:47
13,Светлана Болдырева,2024-04-24 14:15:08,"Прекрасное обслуживание, которое радует меня из раза в раз. И карту можно забрать быстро, и обо всех деталях по продукту узнать заранее. Обсуждания со специалистами проходит легко и в неформальной обстановке. Спасибо большое за уровень сервиса)",5,,2024-05-20 11:57:47
14,Ирина Юрченко,2023-04-15 06:00:14,"Совсем недавно я посетила ваш офис на Дзержинского. Я была очень приятно удивлена. Порадовал не только внешний вид вашего офиса и сотрудников, но и весь формат взаимодействия с клиентом. Все очень современно, стильно и непринужденно. При этом я получила полноценно квалифицированную информацию. Очень понравилось, молодцы ))",5,,2024-05-20 11:57:47
15,Каринэ А,2023-04-07 20:00:24,"Очень прикольная концепция офисов Альфа, приятный лаундж, удобные кресла и отсутсвие офисных столов, что даёт ощущение комфорта в первую очередь психологического. Этот офис люблю за его удобную локацию в центре города, девочки консультанты всегда приветливы.",5,,2024-05-20 11:57:47
16,Виктория,2024-01-31 03:37:03,"Впечатление от этого места просто удивительное - здесь царит спокойная и тихая атмосфера. Сотрудники оперативно и вежливо решают все вопросы, не допуская скандалов или повышенных тонов.",5,,2024-05-20 11:57:47
17,Мира Мусаева,2024-05-16 19:11:23,Обратилась в первый раз и мне показалось. Атмосфера и обслуживание и вежливость персонала),5,,2024-05-20 11:57:47
18,Елена К.,2023-04-07 16:17:42,"Удобное расположение офиса, чисто, уютно. Обслуживание клиентов быстрое и качественное. Сотрудники грамотно консультируют по всем вопросам.",5,,2024-05-20 11:57:47
19,Алексей Медведев,2024-04-09 21:37:10,Долго сам филиал решал проблему. Немогли дозвониться в главный офис в этоге просидели 2.5 часа хорошо хоть разобрались с проблемой,3,"Здравствуйте, Алексей!
Простите, что пришлось ждать! Ситуации и вопросы клиентов бывают разные, на решение требуется разное количество времени. Стараемся сократить время ожидания, насколько возможно. Будем работать над улучшением этого вопроса 👌",2024-05-20 11:57:47
20,Таисия Кудинова,2023-11-29 05:58:53,"Отделение удобно расположено, всегда захожу сюда за деньгами или чтобы пополнить карту. Чисто, просторно, без толпы народу. Рекомендую.",5,"Здравствуйте, Таисия!
Большое вам спасибо за добрые слова, высокую оценку и рекомендацию. Очень рады, что вы остались довольны ❤️ Постараемся не разочаровать.",2024-05-20 11:57:47
21,Дмитрий Зарецкий,2023-02-28 15:47:08,"Хотел оформить кредитку. Договорился с курьером о доставке в период с 15 до 17 на работу. Курьер позвонил в 18.57 и сообщил, что сможет доставить кредитку не раньше, чем через 2 часа. Без извинений. Предложил перенести на следующий день. Я согласился и попросил со мной связаться его руководителя. На следующий день со мной никто не связался. Я сам позвонил в банк и оставил претензию. Договорился о приезде курьера в то же время. В течении дня мне ответили на претензию ""курьер приезжал, клиент не получил карту, так как был занят на работе"". Меня возмутило, что курьер донес неверную информацию, а сотрудники банка даже не удосужились это перепроверить (было достаточно послушать запись разговора курьера со мной). Я оставил повторную претензию с просьбой разобраться. Повторную претензию рассмотрели моментально, решение было ""претензия рассмотрена"". Все, весь ответ! Продолжаю историю. В назначеное время повторно приезжает курьер (уже другой), и дает мне подписать заявление на выпуск кредитки, в котором в том числе отмечен пункт, что я ""ознакомлен и согласен с условиями Соглашения об электронном взаимодействии в целях заключения договора ..."". Я спрашиваю курьера, где я могу ознакомиться с этим соглашением? Курьер не смогла ответить, позвонила своему руководителю, та тоже не смогла на это ответить. Позвонил в поддержку банку, провисел на телефоне 18 минут, там тоже не смогли ответить. Конечно я нашел потом это соглашение на сайте самого банка за 30 секунд, но ""профессионализм и клиентоориентированность"" всех без исключения сотрудников банка в данной цепочке мне дали понять, что дел с ними иметь не стоит. Отменил заявку, попросил удалить все контактные данные и теперь я обхожу Альфа банк стороной. Репутация растоптана, браво.",1,"Здравствуйте, Дмитрий!
Простите за такой опыт. Хотим детально разобраться в ситуации с доставкой карты, а также проверить работу коллег.

Пожалуйста, напишите ваши ФИО и дату рождения на почту: smm@alfabank.ru. 
В теме укажите: Претензия на работу курьера / Яндекс Карты / Дмитрий Зарецкий. В тело письма вложите скриншот отзыва.

По результатам проверки примем все необходимые меры.",2024-05-20 11:57:47
22,Алиса Васильева,2023-12-10 18:46:52,"Работают быстро, профессионально и вежливо! Грамотные специалисты на всех этапах, всегда готовы помочь. Обращение с вопросами - без проблем.",5,,2024-05-20 11:57:47
23,Татьяна Г.,2023-05-10 16:31:44,"Получила дебетовую карту курьером, через 6 дней кредитную также курьером. Слили моментально информацию мошенникам. На следующий день в 8.46 после получения кредитной карты мне звонили ***, владея всей информацией-полные мои ФИО, домашний адрес по которому курьеры привозили карты, даты когда карты привозили и сумму на кредитной карте. Либо курьеры сливают информацию либо работники банка. Карту получила в обед, а на следующее утро звонят, это вообще нонсенс.",1,"Здравствуйте, Татьяна! Безопасность клиентов всегда была и остаётся одной из наших приоритетных задач.
Данные клиентов третьим лицам не передаём, и утечки информации с нашей стороны нет. 
Такие данные как номер телефона, ФИО и банк легко достаются из других источников: соцсети, интернет-магазины, любое место, где мы просто так оставляем информацию о себе.",2024-05-20 11:57:47
24,Елена Римша,2022-06-03 07:18:50,"С Альфа-банком знакома давно. Была и зарплатным клиентом и счёт ИП тоже открыт именно у них. Вполне всё устраивает.

Офис обслуживания находится в центре города. На машине удобно подъехать прям к зданию. Если нужна парковка, то можно заехать в арку за зданием и там припаковаться (платно, но цена низкая и за машину спокойно). Остановка общественного транспорта тоже рядом. 
Сам офис просторный, светлый. По сравнению с Ленина, небо и земля.

Девчонки вежливые, стараются быстро всех обслуживать. Максимум в очереди ждала минут 30 и это считаю норма в час пик.
Работает кондиционер, от духоты с ума не сходишь. Можно с комфортом посидеть, ожидая свою очередь, и выпить кофе из автомата или водичку из кулера.

""Втюхивания"" продуктов или услуг не замечала. Да, предлагают новые продукты. Это информирование клиента. Такой процесс есть в каждом банке. Не надо - не берите. 

В основном, практически все вопросы решаю через интернет-банк, но когда приходится ехать в офис, то выбираю именно этот.",5,,2024-05-20 11:57:47
25,Офелия Рамазанова,2023-12-31 18:20:33,"Прекрасный офис , я довольна картой этого банка и обслуживание было прекрасным. Ставлю 5 звезд",5,,2024-05-20 11:57:47
26,Ольга Федорова,2023-02-17 08:03:00,"Этот банк самый не компетентный не профессиональный из всех банков. Я столкнулась с ним в 2020 году и отголоски огребаю в 2023 году. Платила исправно по договору от снятых ста тысяч рублей 5 процентов в месяц (5 тысяч) рублей. Но получила повестку в суд, где и судья не понял сути заявления. Вообщем, выплатила я весь долг по графику и договору в 2022 году. Но в 2023 году арестовываются у меня две карты на одинаковую сумму и снимаются деньги в пользу альфа банка. Разбор этого бардака мною длился неделю. Потерянное время, нервы, планы.",1,"Здравствуйте, Ольга!
Пожалуйста, расскажите подробнее о вашей ситуации, написав на почту: smm@alfabank.ru. 

В теме укажите: Вопрос по задолженности / Яндекс Карты / Ольга Федорова. В тело письма вложите скриншот отзыва, а также ваши ФИО и дату рождения. 
Всё детально проверим и поможем разобраться.",2024-05-20 11:57:47
27,Людмила Гусева,2024-01-30 12:05:57,"Оформляла тут кредитную карту, все прошло гладко и быстро. Ну как и всегда в Альфа-банке. Попался хороший, очень вежливый сотрудник. Все показал, посчитал, объяснил",5,,2024-05-20 11:57:47
28,Елена Дубровина,2023-12-19 13:30:25,"В Альфе самая нормальная дебетовка, могу смело ее рекомендовать. Работает отлично, и приложение тоже удобное, мне все нравится))",5,,2024-05-20 11:57:47
29,Елена Б.,2023-02-21 13:57:47,"Очень удобное расположение в центре города! Операционистки всегда приветливы! На днях, когда я была в отделении, мне предложили сделать вклад в рублях. Я была очень удивлена, так как не ожидала, что в банке есть такое предложение. В итоге я решила открыть вклад, так как условия очень выгодные.",5,,2024-05-20 11:57:47
30,Евгений Третьяков,2023-02-25 14:06:58,"Сам по себе бан не плохой. Персонал достаточно вежливый, но проблемы к сожалению решать не умеют. Акции есть, но они не актуальные для предпринимателей. Политика компании не удержать клиента, а максимально усложнить ему жизнь. Парковка общая,со всеми торговыми центрами и магазинами, что есть рядом, машину поставить днем невозможно.",3,"Здравствуйте, Евгений!

Простите за трудности с парковкой, не всегда получается сделать выделенные места для клиентов.

Обидно такое читать, ведь на нас это совсем не похоже.
Пожалуйста, расскажите подробнее о своём опыте, написав на почту: smm@alfabank.ru. 

В теме укажите: Претензия / Яндекс Карты / Евгений Третьяков. В тело письма вложите скриншот отзыва, а также ваши ФИО и дату рождения. Если обсуживаетесь как юридическое лицо, то укажите ИНН организации.

Всё проверим и обязательно поможем разобраться.",2024-05-20 11:57:47
31,Аркадий Измайлов,2023-12-02 17:47:14,"Сотрудники умнички, работают со всеми вежливо, даже со скандалистами. Видела ни раз",5,"Аркадий, здравствуйте!
Спасибо вам за приятные слова и высокую оценку. Рады, что всё понравилось ❤️",2024-05-20 11:57:47
32,Ерош (Воронина) Дарья,2023-09-09 05:56:22,"Интерьер отделения очень красивый и уютный, и хотя я не знаю, как он сравнивается с другими, мне здесь очень понравилось. Однако самое главное- здесь работают вежливые и приветливые сотрудники.",5,,2024-05-20 11:57:47
33,Хелена Генова,2024-01-27 19:41:59,"В отделении банка я получила трэвел-карту перед отпуском.
Менеджер обстоятельно проконскльтировала по её преимуществам и возможностям. Процесс был быстрым, а продукт действительно заслуживает внимания.",5,,2024-05-20 11:57:47
34,Сергей А.,2023-11-28 16:19:21,За что уважаю Альфу? За их классные кредитные продукты. Из последних-кредитка 365 дней,5,,2024-05-20 11:57:47
35,Лиля Курбанова,2024-03-26 19:08:56,"Это прекрасное место! Я частый клиент и могу уверенно сказать, что это лучшее отделение, которое я посещала. Сотрудники всегда вежливы и готовы помочь.",5,,2024-05-20 11:57:47
36,IraLu,2024-02-19 20:29:41,"Вчера посетила банкомат после работы, чтобы внести деньги. Была поражена чистотой помещения - никаких бумажек, как обычно. Все было идеально чисто.",5,,2024-05-20 11:57:47
37,Анатолий Данилов,2022-09-14 14:30:28,"мошенничество чистой воды! Обращения клиента не решают. Мне привезли карту с кредитным договором 30 дней 365 дней без %. Выдали карту с моим именем, при оплате оказалось что я не могу с неё оплатить - в личном кабинете привязалась карта мне не известная с другими цифрами. В Ставрополе в данном офисе также корректно не решили мой вопрос. Все ссылаются на что я подписал сам договор и 30 дней пошло с момента подписания , а по факту возможности воспользоваться по не привязанной карте нет. составлял более трёх обращений как через приложение, как через оператора так и через офис банка. Пока решали 30ый срок закончился, карты у меня нет физически до сих пор, время потрачено зря. А ещё просто «убило» в данном офисе - требование писать самостоятельно обращение от руки. хотя сидят менеджеры с компьютерами переносными - 21 век , информационный банк с приложением - а писать требуют от руки и в грубой форме - выглядело это мягко говоря не профессионально!",1,,2024-05-20 11:57:47
38,Елена И.,2024-05-03 17:07:38,Оформление ипотеки в Альфа банке прошло на высшем уровне. Менеджеры помогли выбрать лучший кредитный вариант и подробно объяснили все условия.,5,,2024-05-20 11:57:47
39,алла васильева,2023-05-25 11:08:55,"Как же неожиданно, но дебетовая карта от альфа банка - одна из самых хороших карт, которая у меня когда-либо была. Пользуюсь ей ежедневно и за все это время не с сталкивалась с проблемами.",5,,2024-05-20 11:57:47
40,Gazgu,2023-05-25 10:10:50,Я получил кредит наличными от альфа и был приятно удивлен хорошим процентными ставками. Все прошло быстро и четко.,5,,2024-05-20 11:57:47
41,Нина Молодькова,2024-02-13 07:03:05,"Моему сыну исполнилось 14 и мы пришли оформлять ему карту. Мы могли выбрать дизайн на карте, условия были выгодными. Это отличный опыт начинающего клиента.",5,,2024-05-20 11:57:47
42,Алексей Дизер,2023-05-20 16:56:45,Я очень доволен услугами Альфа Банка в оформлении ипотеки на свою первую квартиру. Превосходный сервис и отличное обслуживание.,5,,2024-05-20 11:57:47
43,Екатерина,2024-03-16 16:18:08,"Менеджер за минуту сделал мне выписку по банковской карте.Она сама предложила мне установить приложение на телефон, помогла с загрузкой и научила пользоваться. Очень удобно!",5,,2024-05-20 11:57:47
44,Sofia Sulima,2023-05-16 10:45:34,"Альфа банк - это банк, который следит за своим развитием и совершенствованием. Они постоянно внедряют новые технологии и функционал для удобства клиентов",5,,2024-05-20 11:57:47
45,Светлана Лунина,2022-11-27 07:59:52,"Чистый и довольно уютный офис, приятно приходить со знанием, что щас-то ты точно получишь помощь даже в самой тупиковой ситуации. Желаю всем профессионального роста!",5,,2024-05-20 11:57:47
46,Ксения Курныгина,2023-05-23 11:54:00,"У Альфы очень удобный сайт. Я недавно клиентка банка и знаю, что приложение банка удалено из Сторов. Но пользоваться сайтом не менее удобно. Сайт понятный))",5,,2024-05-20 11:57:47
47,Георгий К.,2023-10-08 20:42:34,"хороший банк, приятные менеджеры, работают до последнего клиента. Быстро со всем помогли.",5,,2024-05-20 11:57:47
48,Граффити,2023-12-03 12:31:32,"Люблю банк за честность и стабильность, на него точно могу положиться",5,,2024-05-20 11:57:47
49,Harry Potter,2023-05-23 13:45:45,"Хорошее отделение банка, находится на остановке Площади Ленина. Сотрудники банка всегда помогают. Мне помогли с оформлением ипотеки. на 15 лет",5,,2024-05-20 11:57:47
50,Nikita T.,2023-04-19 12:15:26,"Самый отвратительный банк, говорят терминал (талоны не даёт) по факту все работает. Стоит девушка Юлия, грубит и сбрасывает талоны, так как ей удобно. Прошу Вас провести проверку по факту работы сотрудников данной организации.",1,"Добрый день, Никита!
Подскажите, пожалуйста, ФИО и дату рождения нам на почту smm@alfabank.ru с датой вашего визита и скриншотом отзыва. Всё проверим и разберёмся.",2024-05-20 11:57:47
51,СОНЯ Павлова,2023-05-20 14:59:59,"Отличный, светлый и современный офис с рабочими банкоматами, в которых любые операции проходят быстро!",5,,2024-05-20 11:57:47
52,Эдуард Макаров,2023-04-07 21:17:03,"Хороший удобный банк, хорошие специалисты в обратной связи, много приятных моментов и бонусов. Рекомендую.",5,,2024-05-20 11:57:47
53,петренко м.,2022-07-12 09:58:02,"Удобное расположение в центре, отзывчивый персонал, всегда полные банкоматы. Вечером может быть очередь рядом с банкоматами, но двигается она довольно быстро. 5 баллов отделению!",5,,2024-05-20 11:57:47
54,ПравдаМэн Александр,2024-03-27 00:35:49,"Удобно, быстро, современно, советую",5,,2024-05-20 11:57:47
55,Екатерина Пономаренко,2022-06-16 19:26:20,"Отвратительное обслуживание и его отсутствие. В шоке до сих пор, что в 21 веке такое возможно в банках. Передовой офис в центре города. Пришла забирать свою выпущенную карту, но так ее и не получила! Сидела очень долго с сотрудником, у нашего стола оказывалось то трое сотрудников, то ни одного. При чем никто ни слова не сказал о причинах задержки или проблемвх. Межку собой на своем банковском сленге переговаривались, перекрикивались. Информацию добывала у сотрудницы только я сама лично, спрашивая, в чем проблема, что случилось, почему такая задержка. На что сотрудница мне отвечала: техника не работает. Сама лично не изъявляла желание мне что-либо объяснить, я аросто сидела и ждала. Помимо этого сотрудница постоянно забивала на меня, просто бросая меня и уходя заниматься другими клиентами, ни слова не говоря. И так было несколько раз. В очередной раз, когда меня бросили, ни слова опять мне не сказав, я просто взала свой паспорт со стола, который у меня сотрудница взяла полчаса назад, и ушла, по пути сообщив этой сотруднице: «Вы мною не занимаетесь, я забрала свой паспорт, приду в другой день». На что сотрудница мне сказала «хорошо». Настроение на вечер испорчено. Я не могла больше ждать и провести там весь вечер, меня неподвлеку ждал ребёнок с мужем. Отвратительно. Не рекомендую. За своей картой придется идти в другой день опять, тратить время. Надеюсь уже к другим сотрудникам. Пошла бы в другой офис, но карту я могу забрать только в этом, к сожалению",1,,2024-05-20 11:57:47
56,Елена Орлова,2022-07-30 05:17:50,"отслеживает движение по своей карте. Списывают деньги за услуги, которые я не получаю и более н отключила при получении карты. Причем ежемесячно и каждый месяц я звоню на горячую линию с просьбой вернуть деньги за услуги которые я не получаю. Каждый месяц списывают 159 рублей за услугу Альфа чек и каждый месяц я доказываю в обращениях что не получаю данную услугу. Банк ВОРУЕТ деньги с кредитных карт которые люди оформляют не от хорошей жизни! Ни друзьям, ни знакомым не совег этот банк и в доказательство показываю историю списание в личном кабинете и все в шоке. Погашу долг и ни когда в жизни больше не обращусь в данный банк!!!!? И всем не советую!!!!!!",1,,2024-05-20 11:57:47
57,Вера Матвиенко,2023-08-16 16:02:11,"Хорошее отделение. Преимущественно пользуюсь тут банкоматами, не лагают, выдают деньги правильно, меня все устраивает.",5,,2024-05-20 11:57:47
58,Анна Тупиченко,2023-08-28 09:43:56,"Здесь царит приятная атмосфера, которая отличается от других банков.При этом ожидание бывает редко, в основном обслуживание быстрое, и очередей почти не бывает.",5,,2024-05-20 11:57:47
59,Галина Касторнова,2022-08-11 15:35:27,"Дозвониться до оператора невозможно, и прийдя в офис мне сообщили , что мне поможет девушка, которой нет в офисе, которую мне пришлось ждать 10 минут, в банкомате я не смогла самостоятельно сделать выписку, т.к . карта банкомат не читает, все очень долго, мне не подходит, плохое обслуживание, прийдя в офис , девушка сделала мне выписку по снятиям денежных средств, хотя я просила ее сделать выписку по приходу денежных средств на карту, мобильным приложением мне вообще неудобно пользоваться, при введении пароля повтор породят пишет, что не совпадение пароля, сервис на 0.",1,,2024-05-20 11:57:47
60,Лиана С.,2023-02-02 16:53:03,"Обслуживание на высшем уровне! Операционисты отзывчивые, все расскажут и обьяснят. Всегда помогут в решении проблем. Очень вежливый персонал. Есть банкоматы, которые работают круглосуточно.",5,,2024-05-20 11:57:47
61,Дарья Т.,2024-03-12 11:32:50,Обслуживание в Альфа банке на высшем уровне.Сотрудники всегда вежливы и готовы помочь.Никаких нареканий.,5,,2024-05-20 11:57:47
62,Егор Никитин,2023-05-21 19:17:44,У Альфа банка хороший арр. Договор в электронном формате. Все квитанции и чеки прилагаются. Вижу и свой баланс и малейшие изменения и объяснения о выгодных альфа баллах,5,,2024-05-20 11:57:47
63,Sergei040482,2023-05-20 15:19:35,Пользуюсь Альфа-картой для путешествий. Условия выгодные и отличный кэшбэк на покупки зарубежем.,5,,2024-05-20 11:57:47
64,Максим Коваленко,2023-09-17 12:04:21,"Отличное обслуживание, уважительное отношение, грамотное обслуживание.",5,,2024-05-20 11:57:47
65,Альбина У.,2024-01-23 21:22:45,"Офорила вклад в Альфа-банке , условия отличные, в том числе для вкладов в юанях. Можно выбирать вариант с капитализацией процентов или без.",5,,2024-05-20 11:57:47
66,Денис,2022-09-12 15:58:18,"Приятно разговаривать с компетентными людьми. Всегда нравится быстрота обслуживания и без кучи документов. Давно являюсь клиентом этого банка. Рекомендую всем. И да офисы стали ещё красивее, а это не мало важно",5,,2024-05-20 11:57:47
67,Софья Смирнова,2023-05-20 14:14:39,"Клиентоориентированный банк с индивидуальным подходом. Исходя из моих доходов и желаний, помогли подобрать выгодные условия по кредиту :)",5,,2024-05-20 11:57:47
68,Настя Пайсова,2022-06-29 20:22:10,"Клиентом стала недавно, но банк и его отделения очень нравятся. Проконсультировали и помогли выбрать продукт специально для меня. В приложении все интуитивно понятно, планировала визит через него.",5,,2024-05-20 11:57:47
69,M KH,2024-04-05 11:38:16,"Современный офис, отличный персонал",5,,2024-05-20 11:57:47
70,Ангелина Алейникова,2023-04-19 15:50:23,"Отношение к клинетам хорошее, очередей практически нет. Работники знают своб работу на отлично, довольна",5,,2024-05-20 11:57:47
71,Настя,2023-11-22 14:02:41,"Я люблю кэшбек от Альфы, тысячи две в месяц капают стабильно.",5,,2024-05-20 11:57:47
72,Алина,2023-05-03 09:12:31,"Отвратительный банк, ужасное обслуживание, зашла в свой обеденный перерыв получить зарплатную карту, у них сидит очередь из 9 человек, им пофиг, встали пошли на обед!!! Это как вообще!",1,"Здравствуйте, Алина!
Извините, что пришлось ждать.
Спасибо за обратную связь!",2024-05-20 11:57:47
73,Галина Р.,2022-07-06 05:51:24,"Выражаю благодарность всем сотрудникам этого офиса за прекрасную работу и профессионализм,всегда стараюсь приходить именно в этот офис(являюсь постоянным клиентом Альфа-Банка). Так же хочется отметить и сам офис. Чистый, современный и просторный.",5,,2024-05-20 11:57:47
74,Алина Добровольская,2022-11-23 06:15:14,"Не могут привезти зарплатную карту с августа!!! Звоню на протяжении месяца, чтобы получить пластиковую карту или реквизиты карты, на которую мне перечисляют зарплату. Сотрудники Альфа-банка кормят обещаниями.
Сайт неудобный, большинство «предложений» не действительны. Оплачивать жкх и другие платежи неудобно.",1,,2024-05-20 11:57:47
75,Рамазан Батчаев,2023-05-21 18:42:48,"Период без % длится год. Потом если совершать выплаты и пополнения, дают еще 100 дней без %. Банк облегчает жизнь клиентам, это только в плюсе",5,,2024-05-20 11:57:47
76,Max,2022-11-02 17:14:53,"Посетил одно из отделений данного банка в моем городе и остался с приятным впечатлением от того, что Альфа банк действительно заботится о своих клиентах и предлагает самые лучшие услуги из всех банков нашей стране.",5,,2024-05-20 11:57:47
77,kari.vvasileva,2022-11-30 17:55:28,"Так удивительно случилось что я зашла на сайт Альфы за одним , а в итоге оформила совсем другое. Хотела сделать дебетовую карту, в итоге почитала условия по кредитке и поняла что мне сейчас это более актуально, одобрили без проблем, уже заказала свою долгожданную мини мечту",5,,2024-05-20 11:57:47
78,Нияз,2023-11-20 19:36:21,"Хочу похвалить менеджеров этого отделения, они мне очень помогли с оплатой через терминал",5,,2024-05-20 11:57:47
79,Ангелина А.,2023-05-25 11:45:44,"Открывала ИП с помощью альфа банка. С работой ребята справились отлично, а главное, что не пришлось идти в налоговую самой
.",5,,2024-05-20 11:57:47
80,Артём Артём,2023-04-09 19:01:40,"Хороший офис, уютно 
Консультанты приветливы, быстро помогают решить вопрос.",5,,2024-05-20 11:57:47
81,Рузанна И.,2024-01-14 16:50:55,"В отделении мне оперативно оформили зарплатную карту, помогли с приложением на телефоне и объяснили, как им пользоваться.",5,,2024-05-20 11:57:47
82,Елена Алтунина,2024-05-11 16:52:20,"Отличный банк, вежливые сотрудники",5,,2024-05-20 11:57:47
83,Наталья Посаднева,2023-11-22 12:09:15,"На самом деле здесь очень много разных выгодных предложений, все для народа",5,,2024-05-20 11:57:47
84,Артём Савельев,2023-08-29 18:18:37,"Все мои запросы были решены в кратчайшие сроки. Большое спасибо за профессионализм и понимание! Если вы хотите получить качественное обслуживание в офисе Альфа Банка, то вам точно сюда.",5,,2024-05-20 11:57:47
85,Анна Г,2024-04-09 18:00:47,Отделение банка очень хорошее. Хочу выразить благодарность заместителю руководителя за компитентность и внимание .,5,,2024-05-20 11:57:47
86,Михаил Зощенко,2022-10-27 13:50:15,"Банк-ужас, говорили что подарят акцию случайно выбранного предприятия, если скачаю приложение их инвестиционное и куплю акций, в итоге все так сделал, акцию так и не подарили, банк непорядочный, увожу все активы от них, жалею, что связался",1,,2024-05-20 11:57:47
87,Ильзида Лутфуллина,2024-03-20 16:27:39,Получила карту с бонусом по рекомендации подруги. Приятный бонус к удобству пользования. Перехожу полностью на услуги Альфа банка.,5,,2024-05-20 11:57:47
88,Айгуль Хусаинова,2024-04-29 12:36:08,Впечетлена условиями и процессом получения карты на год без процентов в Альфа банке. Персонал высокопрофессионален и дружелюбен.,5,,2024-05-20 11:57:47
89,Есения Пиянзина,2022-10-18 09:55:24,"Решила прийти в само отделение банка, потому что на горячую линию в последнее время звонить бесполезно. Были вопросы по начислению процентов на вкладе, представитель банка всё проверил и показал где мои мысли расходятся с банковскими условиями . Ушла домой с полным пониманием. Спасибо за консультацию!",5,,2024-05-20 11:57:47
90,Марианна Э.,2022-04-05 14:59:49,"Ужасное обслуживание! Хотели с мамой подать заявку на кредит просто даже слушать не стали.Дальше входа в банк не пустили, это что за отношение к клиентам. Девушка на входе после того как узнали что доход это пенсия с таким призрением сказала ""пенсионеров не кредитуем"". После того как я просила что даже если в вашем банке есть кредитная история? На что мне ответили ""Даже так"". Как-будто человек у кого доход это пенсия - это люди второго сорта. Научитесь вежливо общаться с потенциальными клиентами а не затыкать рот при входе.",1,,2024-05-20 11:57:47
91,Bеn ten,2023-09-18 14:02:14,"Персонал всегда общается с клиентами корректно и понятно объясняет все детали. Приятно знать, что специалисты такого уровня работают с вами.",5,,2024-05-20 11:57:47
92,смулько Илья,2022-06-13 19:52:48,"При переводе денег из сбербанка на Альфа-Банк в июне 2022 года мне плательщик показал в мобильном приложении,что перевод выполнен за мои услуги, а платеж не поступил и через несколько часов.Потом я позвонил в Альфа-Банк узнать где деньги, и тут мне сообщают, что платежи временно отклоняют и деньги потом вернутся плательщику.
Вот такая тихая подстава. Кроме матов слов нет.",1,,2024-05-20 11:57:47
93,Анастасия,2023-10-14 14:26:12,"Я интересовалась получением кредитной карты и задавала много вопросов. Меня приятно удивило, что сотрудник предоставил мне исчерпывающие и понятные ответы, вместо стандартных списков.",5,,2024-05-20 11:57:47
94,Юлия Юшманова,2022-08-29 20:49:06,"Была недавно в отделении этого банка. Мне понравилось, как меня обслужили. Я открыла себе здесь карту. Буду теперь получать Cashback, как все мои знакомые уже делают это давным давно.",5,,2024-05-20 11:57:47
95,анна,2022-07-27 20:41:01,"Оформила тут недавно карту для ребёнка. Классно , что счёт привязан к моему и может полностью мной контролироваться , при этом ребёнок вроде как приучается к самостоятельности, трате денег. Мне прям нравится.",5,,2024-05-20 11:57:47
96,Наталия Л.,2022-06-26 11:01:27,"В целом работой банка довольна, но если будете заказывать карту с доставкой, откажитесь сразу от курьера по имени Дмитрий. Несколько дней карту довезти не мог, на связь не выходил. Очень довольны работой Николая, толковый, вежливый, компетентный. Ему лично 5 с тремя плюсами!!!.",4,,2024-05-20 11:57:47
97,Оксана Ракоид,2024-05-12 00:00:56,"Банк радует гостеприимством.К каждому клиенту относятся очень хорошо,так держать!",5,,2024-05-20 11:57:47
98,Влад К.,2023-11-18 16:07:27,"Хорошее обслуживание , персонал и интерьер",5,,2024-05-20 11:57:47
99,aslan s.,2022-08-30 07:33:08,"Выбрал кредитку именно в этом банке, потому что здесь огонь предложение мне дали по количеству дней погашение, целых 100! В предыдущей моей кредитке на порядок меньше был период , не больше 60 точно",5,,2024-05-20 11:57:47
100,алиса лукьянова,2023-11-19 17:37:54,По всем показателям работы у Альфа лидирующие позиции среди российских банков,5,,2024-05-20 11:57:47
101,светлана ефремова,2022-09-16 01:42:25,"Благодаря её дружелюбному, компетентному и спокойному поведению и быстрым действиям все вопросы удалось наладить, и в течении нескольких дней все было сделано по моему желанию.",5,,2024-05-20 11:57:47
102,Артем Гаспарян,2022-07-18 17:38:05,"Странная история в фойе с банкоматами, во-первых, не работает кондиционер, во-вторых, это какая-то чушь сделать зону для внесения и снятия наличных прозрачной, по мне это не очень безопасно для клиентов, то есть с улицы все видят, что ты делаешь, а учитывая настроения многих так можно попасть и в неприятности",1,,2024-05-20 11:57:47
103,Юлия М,2022-02-08 10:09:48,"Ужасное отношение к клиентам!! Отделение нового формата, но сотрудники ведут себя так, как-будто ты к ним приходишь домой, да еще и денег задолжал! У всех недовольные лица, отвечают на вопросы с неохотой, некоторые сотрудники позволяют себе СИДЕТЬ НА РАБОЧЕМ СТОЛЕ во время визита клиента! Такое я первый раз вижу, у меня случился культурный шок!!!!! 

ОЧЕНЬ ХОЧЕТСЯ, ЧТОБЫ РУКОВОДСТВО БАНКА ОБРАТИЛО ВНИМАНИЕ НА ДАННЫЕ ФАКТЫ И ПРИНЯЛО СООТВЕТСТВУЮЩИЕ МЕРЫ!!!!!!!!!! 

Лучше я буду обслуживаться в отделении старого формата, но там обстановка гораздо приятней, чем здесь.",1,,2024-05-20 11:57:47
104,Werona Ингалычева,2022-06-03 08:34:10,"Оформила карту для получения через интернет,приехал специалист и не оформил её тк.говорит выходит ошибка извините это все вопросы к банку...ближайший банк находится в Ставрополе, мне вообще далеко туда ехать!!!!Я за картой приехала потратила деньги и получила отказ!!!!отвратительное обслуживание!!!!!",1,,2024-05-20 11:57:47
105,Георгий Вавилов,2022-02-18 16:20:48,"Дозвониться не реально,но а если набераешься терпения и упорно слушаешь их музыку то скажут ответит оператор через 5 минут ,то минута у них длится 2 настоящих минуты и потом живой оператор говорит сейчас переключю на др специалиста и опятт ждите 10 минут ,а минута у них как писала уже 2 за одну и того еще 20 минут .И так по кругу.Людииии таким отношением доверие теряете",2,,2024-05-20 11:57:47
106,Елизавета,2024-03-25 19:26:57,нравятся новые условия кэшбэка. очень выгодная система для клиентов.,5,,2024-05-20 11:57:47
107,Антон Дубровский,2022-11-07 06:08:34,"Самый бесчестный и непорядочный банк из всех, с которыми мне когда-либо приходилось иметь дело. Обман в рекламе, обман в договорах и грязная неуважительная политика по отношению к клиентам.",1,,2024-05-20 11:57:47
108,Екатерина Ш.,2022-07-02 10:00:20,"Пришла забирать зарплатную карту, рассказали как пользоваться картой и приложонием. Ответили на все вопросы и посоветовали открыть вклад по выгодному проценту. Задумываюсь над этим, так как выгоднее чем у конкурентов",5,,2024-05-20 11:57:47
109,meowwww,2022-07-19 14:41:29,"Отличные проценты по вкладам и по накопительным счетам. Перевел сбережения из ВТБ от греха подальше. Карта дебетовая лежала давно, но пользоваться начал недавно из-за хорошего кешбэка и предложений от партнеров. В целом банк нравится, но без приложения печально.",5,,2024-05-20 11:57:47
110,Николай Федоров,2023-02-06 13:16:20,"Я захожу в этот офис у банкоматов, обычно снимаю и вношу наличные. Банкоматы есть всегда, работают быстро,не глючат.",5,,2024-05-20 11:57:47
111,Виталик,2023-11-21 09:58:26,Так держать! Банк мне нравится и полностью устраивает,5,,2024-05-20 11:57:47
112,Алина Хохлова,2022-02-28 08:12:15,"Подсказали какой кредит мне выгоднее взять, четко рассказали когда платить, все способы, подсказали как пользоваться приложением. Качественный сервис!",5,,2024-05-20 11:57:47
113,Знаток,2021-07-23 09:17:51,"Очень сомнительная организация. Заставили перейти назп карты. Стали предлагать потребительские кредиты. По телефону менеджер предлагает процент 5,6. Как только приезжает курьер с доками там процент 16,8. У нас так несколько сотрудников столкнулись с такой ситуцией. Задается вопрос почему такой диссонанс. Ответ там коммисия за обслуживание,процент за то,что дышишь смотришь и так далее. Кто то отказался,кому срочно нужны были деньги,согласились. Очень непоиятная организация,хитрецы на грани жуликов. Еще отрицательный момент. Не можешь перевести дегь на карту в другой банк. То какие то сообщения что нет средств, то лимть превышен. Хотя перевод 4х значный. В общем те еще жулики,хотят нашимт средствами пооперировать и маржу заработать любыми способами. НЕ СОВЕТУЮ!!!!!!!",1,,2024-05-20 11:57:47
114,Анна Ясакова,2022-06-28 09:34:32,"Несмотря на нестабильность в стране единственный банк, которому доверяю всецело - Альфа-банк. Всё работает, как и работало (приложение) санкции почти не коснулись.",5,,2024-05-20 11:57:47
115,Анастасия,2022-07-11 12:37:59,"Очень достойный банк, ничем не уступающий своим прямым конкурентам. Хорошие условия, в банкоматах всегда есть наличка и без очередей.",5,,2024-05-20 11:57:47
116,Гузель Гатина,2022-09-15 06:03:30,"Если онлайн оставить заявку, якобы на 40-60% точно одобрят. Я оставила, и все прошло без затруднений. Пополненную карту курьер привез на следующие сутки",5,,2024-05-20 11:57:47
117,Михаил Ярковой,2021-10-17 23:08:34,"Смахивает на мошенничество деятельность Альфа-Банка! Сначала навязывают кредитные карты , а потом подключают самостоятельно доп услуги и списывают без вашего согласия за них деньги ! Очень удобно , раздать карты например 1 миллиону абонентов , а потом подключить вам услугу страхования , без вашего согласия и списать без вашего согласия по 500-600р. 500р умножаем на 1 млн абонентов и получаем пол миллиарда - НЕПЛОХОЙ БИЗНЕС !!! Расцениваю это как мошенничество в особо крупном размере !!!",1,,2024-05-20 11:57:47
118,Альбина,2023-05-20 14:50:04,Заказала карту дебетовую с доставкой на дом т.к с ребенком не очень удобно посещать отделение банка. Карту доставили быстро. Спасибо,5,,2024-05-20 11:57:47
119,Альфия И.,2024-04-21 20:14:28,Адекватные процентные ставки по кредиту. Оформляю второй раз и всегда довольна.,5,,2024-05-20 11:57:47
120,Мария,2024-02-07 19:03:43,Банкоматы Альфа всегда надежны и удобны в использовании.,5,,2024-05-20 11:57:47
121,Хайруллин Ринал,2023-05-21 20:34:37,В Альфа банке я получаю зп стабильно. У меня меньше 50 тыс так что вывожу без комиссии,5,,2024-05-20 11:57:47
122,zamelanyya123,2022-07-15 07:47:47,Приветливый и дружелюбный персонал. Заказывала карту 100 дней без процентов и открывала дебетувую. Всегда без очередей,5,,2024-05-20 11:57:47
123,Юлия Курчашова,2022-08-18 18:48:12,"Первый раз за многолетнюю историю сотрудничества с Альфа Банком я могу сказать, что есть люди, которые действительно решают проблемы клиента!",5,,2024-05-20 11:57:47
124,G. V.,2021-11-11 14:53:25,"Ужасное обслуживание.Мне надо было получить зар.пл.карту.Пришло смс, что получать на ул.Ленина 299.Чере 2 дня я поехала получать, там ее не оказалось.Сказали ,что надо забрать на Дзердинского 114,приехала сюда.Жду уже пол часа.Всего 2 менеджера.Почему меня за 2 дня не , пока я не пртезжала за картой ,не уведомили, что она находится по друглму адресу? Бардак.Почему я должна тратить время свое, деньги на проезд по их филиалам!",1,,2024-05-20 11:57:47
125,Асылбек Кадырбеков,2022-09-12 11:08:53,"Когда кредит брал, никто не спросил где и кем работаю. Подумал может позже спросят, но нет. Вот уже 7 месяцев никто не звонит, не мучает. Плачу стабильно.",5,,2024-05-20 11:57:47
126,f-daimon,2022-04-11 18:49:16,"Условия по кредитке стали вообще не интересны. А по дебетовым, просто, без предупреждения перестали начислять кэшбэк. В общем, нужна нормальная карта, тут вам её не предложат, точнее предложат, но на деле, кроме гемороя с поиском банкомата, ничего не получите.",1,,2024-05-20 11:57:47
127,Дарья М.,2022-08-01 18:40:13,"Хоть и уменьшили кешбэк из-за ситуации в мире, но от Альфы все равно не уйду. Даже учитывая уменьшение кешбэка, предложений выгоднее сейчас найти не могу",5,,2024-05-20 11:57:47
128,Meskas0da,2022-07-04 09:58:35,"В целом банком и его работой я доволен. Обслуживание на высоте, правда если писать в чат банка, могут долго не отвечать видимо именно там загруженность!!!",5,,2024-05-20 11:57:47
129,Сергей Орлов,2022-06-28 07:38:46,"Я уже и забыл, когда был последний раз в банке лично, но в этот раз пришел забирать наличку и приятно удивился, как тут все преобразилось.",5,,2024-05-20 11:57:47
130,Екатерина К.,2022-02-02 07:08:26,"Обман на обмане. Сначала звонят и представляются сотрудниками банка по делам умершего родственника. Начинаю выяснять, направляю запросы, вместо внятного письменного ответа СМС с пометкой что мне ответы предоставлены. Вот они Фридманы-Авены в действии. Должен только народ, а не они.",1,,2024-05-20 11:57:47
131,Максим Богословский,2022-02-18 14:01:27,"Согласен с многочисленными отзывами. Похоже на мошенничество. Открыли мне счет без моего ведома и начисляют комиссию за обслуживание. Счет закрывать не хотят. В чате говорят что не могут, говорят звонить на линию, на линии говорят что не могут закрыть так как там задолженность (за услуги которыми я не пользовался). Порочный круг.",1,,2024-05-20 11:57:47
132,виктория соколова,2022-09-18 16:22:33,"Всегда были готовы помочь. Особенно таким эмигрантам, как я, которым часто требовалась поддержка на английском языке.",5,,2024-05-20 11:57:47
133,darian1996,2022-07-18 10:56:37,"Сижу в очереди уже 40 минут, продвижения никакого нет по очереди и вообще очерёдности клиентов нет никакой, подхобслуживание ужасное, сидит 3 медленных девушки операторы, просто ужас",1,,2024-05-20 11:57:47
134,Александр Мызников,2022-04-29 12:15:47,"Обслуживания не какого, искусственно созданная очередь, сотрудники не знают что им делать спрашивают друг у друга что им делать, смешно, пустая трата времени, в целом сам банк не плох, а вот в банках бордак!!!",1,,2024-05-20 11:57:47
135,Наталья Ванюшова,2022-12-28 12:10:34,"Услышала в очереди, как помогают одной бабушке. Рассказали все условия честно и без обмана, показали как работает мобильное приложение и ко всему прочему отвечали на все вопросы без каких-либо насмешек и вздохов",5,,2024-05-20 11:57:47
136,Александр Гончаров,2023-03-25 15:58:42,Самый не хороший банк России. Если мягко. Проценты бешеные просто. Не рекомендую связываться,1,"Здравствуйте, Александр!
Хотим помочь вам разобраться с начислением процентов. 

Пожалуйста, расскажите подробнее о своей ситуации, написав на почту: smm@alfabank.ru. 

В теме укажите: Начисление процентов / Яндекс Карты / Александр Гончаров. В тело письма вложите скриншот отзыва, а также ваши ФИО и дату рождения.",2024-05-20 11:57:47
137,Ксения Майер,2023-01-11 22:12:17,"Год назад оформила тут кредит на отличных условиях и вот недавно приходила закрывать. Сотрудник меня от души поздравил с таким быстрым закрытием , приятно было))",5,,2024-05-20 11:57:47
138,Гулия Хисматуллина,2022-09-08 16:40:54,"Менеджер помогает выбрать тариф, сразу называет изюминку каждого. Очереди в банке есть всегда, но вот перевод денег делают за пару минут",5,,2024-05-20 11:57:47
139,Алиса,2023-02-10 14:53:27,"В банке мне нравится абсолютно все: обслуживание, условия, проценты, ну и конечно же - сотрудники! Спасибо вам за высокий уровень обслуживания клиентов и за лояльное отношение.",5,,2024-05-20 11:57:47
140,Анна Ильина,2023-02-19 13:20:45,Часто захожу в данное отделение альфа банка. В офисе работают очень вежливые и внимательные сотрудники. Редко где можно встретить такое отношение в наши дни,5,,2024-05-20 11:57:47
141,Денис Денис,2021-09-08 14:05:19,"Крайне не рекомендую данную компанию, сначала на сайте одобрили кредит, и приглашают в офис. В офисе найти заявку которую оставили на сайте не могут, навязали карту, прождал 40 минут, так и не дождался решения, к тому просили оставить оригиналы документов для кредита. Либо мошенники либо некомпетентные люди работают. Жаль только потраченного времени.",1,,2024-05-20 11:57:47
142,Сергей,2022-02-09 10:39:59,"как же надоели холодные звонки ботов с предложением каких то услуг и другой фигни, когда уже в нашей стране запретят холодные звонки. ладно бы звонили люди, так звонят боты с которыми даже поговорить не получается.",1,,2024-05-20 11:57:47
143,диана с.,2022-06-30 20:43:03,"Отличный банк, давно с ними, не переживаю за свои вклады , Альфа-банк - это точно стабильность и уверенность в завтрашнем дне.",5,,2024-05-20 11:57:47
144,Руслан Дауров,2022-05-21 07:52:29,"Прекрасное обслуживание, приветливые сотрудники - приятно возвращаться в банк",5,,2024-05-20 11:57:47
145,Владимир Архитюк,2022-08-31 12:13:32,"Крутое обслуживание в Альфе, сотрудницы молодые и красивые, люблю туда заходить.",5,,2024-05-20 11:57:47
146,Андрей К.,2023-02-24 21:16:11,"По условиям кредита были кое-какие вопросы, я слабо разбираюсь вообще в этом всем. Мне все подробно рассказали и разъяснили, теперь думаю брать!",5,,2024-05-20 11:57:47
147,Мария Ш.,2023-01-08 18:53:59,Не так давно сотрудник банка помог мне разобраться с приложением. Это было очень кстати т.к. мне трудно самой было. Теперь умею оплачивать ЖКХ и делать разные другие штуки.,5,,2024-05-20 11:57:47
148,Антон Колодяжный,2022-08-27 14:40:09,"На удивление сегодня попал в час-пик, простоял в очереди из 3 человек. А так обычно некогда не бывает народа.",5,,2024-05-20 11:57:47
149,Юлия Гурьева,2023-05-21 18:40:08,"Отличный банк с большими возможностями. Каждый раз что-то новое, детские карты, стикеры, отмена полная комиссии",5,,2024-05-20 11:57:47
150,Азамат,2023-05-05 13:04:06,"Круглосуточный банкомат
MIRpay на смартфоне не работает",4,,2024-05-20 11:57:47
151,Mihail9111982,2022-04-05 16:49:05,Все не понравилось!!! Самое отвратительное и не деловое отношения к клиентам!!! Оценка - 0!!!Операторы кидают стрелки друг на друга!!! Не дозвониться!!!,1,,2024-05-20 11:57:47
152,Виктория Ананьева,2022-05-03 12:13:44,"Не знаю насколько хорошее обслуживание, но месторасположение мне подходит и банкоматы 24/7",5,,2024-05-20 11:57:47
153,Тат Оси,2022-03-24 08:49:05,"Ну что можно сказать. Если при оформлении кредитной карты случился форс мажор, то не трудно представить, дальнейшее сотрудничество с банком",1,,2024-05-20 11:57:47
154,Пепега Четвёртый,2023-04-24 10:44:02,Грубят и не дают пользоваться терминалом задерживая очередь,1,,2024-05-20 11:57:47
155,Надежда,2022-07-23 14:35:21,"У нас в Альфа-Банке получена ипотека. Сразу скажу, что при оформлении документов, переводе денег застройщику никаких проблем не возникло. По сути мы только заявку оставили, а дальше уже работали специалисты. Очень удобный и приятный сервис.",5,,2024-05-20 11:57:47
156,Машулька Вишнёва,2022-06-19 16:16:30,Лучшее отделение. Профессионалы. Нет очередей. Отношение максимально приветливое,5,,2024-05-20 11:57:47
157,Дом Барски,2022-07-20 12:52:44,"Самый отвратительный банк, втюхивают свои продукты. Пыталась неоднократно получить справку по счетам- не дают.",1,,2024-05-20 11:57:47
158,Алия,2022-09-10 04:39:18,"Отличный банк, девчонки на обслуживании супер",5,,2024-05-20 11:57:47
159,Ставропольский край,2021-09-16 05:41:52,"Не выдали кредитную карту с суммой 15 к, зато задали тонну вопросов, вплоть до будущих планов в моей жизни. Где логика? Тот же Тинькофф мне установил сумму в 8 раз больше. Странная организация...",1,,2024-05-20 11:57:47
160,Инна Банькова,2022-08-04 17:03:36,"Хороший. Терминал круглосуточный есть, что радует. В самом банке ещё не была.",5,,2024-05-20 11:57:47
161,Антон Юрьевич,2022-04-13 16:06:51,Бываю тут набегами. Чтобы положить деньги на карту. Все удобно. Все устраивает!,5,,2024-05-20 11:57:47
162,Владимир-Сергеевич Сухой,2021-08-27 04:02:19,"Ужасное обслуживание. Долго, ооооооооочень долго. Час в офисе - это примерно на одного человека, и ни дай Бог вам попасть на очередь
Имею ввиду Дзержинского около цума",1,,2024-05-20 11:57:47
163,Алексей Тошин,2022-06-30 05:40:45,После закрытии карты при отсутствии задолженности откуда-то появилась задолженность.,1,,2024-05-20 11:57:47
164,Елена Полякова,2022-03-24 12:41:30,"Как вам можно дозвониться если бот только говорит как проблемы решать,если для уточнения нужен человек",1,,2024-05-20 11:57:47
165,Янина,2022-04-25 11:26:55,"Помогли оформить кредитную карту, рассказали как пользоватся мобильным приложением. В целом довольна.",5,,2024-05-20 11:57:47
166,Анастасия Л.,2022-09-08 16:38:47,"Заказывала у альфа инкассацию. При мне переместили, закрыли на замок и уехали. Сбережения в надежных руках- проеряла само собой:)",5,,2024-05-20 11:57:47
167,Евгения,2024-02-14 16:58:55,Отличные менеджеры,5,,2024-05-20 11:57:47
168,саша евсеев,2022-04-19 17:23:51,Альфа - настоящий Альфа в мире банков. Никогда не подводил! Не то что всякие...,5,,2024-05-20 11:57:47
169,Segda ES,2023-02-16 18:43:23,Персонал доброжелательный,5,,2024-05-20 11:57:47
170,Сергей Ч.,2022-02-03 10:45:27,С офисом не сталкивались трижды брали карту с доставкой всё отлично,5,,2024-05-20 11:57:47
171,Михаил Мясищев,2022-09-09 11:14:16,Снимают комиссии за не подключённые услуги Альфачек,1,,2024-05-20 11:57:47
172,Анатолий Чернов,2022-03-10 07:41:05,"Сколько ж засланных комментаторов то. Хороший банк, в отличие от большинства.",5,,2024-05-20 11:57:47
173,Аркадий Мишунов,2022-02-03 18:33:46,"Если Альфа-банк обещает бесплатный перевод, это значит что комиссию снимут позже.",3,,2024-05-20 11:57:47
174,Денис Абрамович,2022-07-21 17:20:59,"Быстро,вежливый персонал.",5,,2024-05-20 11:57:47
175,Антон Будяков,2022-04-05 19:37:36,Дозвониться до специалиста для решения проблемы не реально,1,,2024-05-20 11:57:47
176,дмитрий соколов,2022-02-15 10:05:06,Не дозвонится не берут трубки и не какой помощи,1,,2024-05-20 11:57:47
177,Кирилл Астафуров,2022-08-14 16:50:33,Боже... Его испортил донат...,1,,2024-05-20 11:57:47
178,Давид Х.,2021-08-05 09:14:24,"Невозможно дозвониться до кол центра 
В мобильном приложении банка в чате нет консультантов",1,,2024-05-20 11:57:47
179,елена,2022-01-21 13:31:51,"Как то пыталась его найти, потратила время. Парковки нет.",3,,2024-05-20 11:57:47
180,Alexander,2021-07-25 14:53:44,Лучший офис в городе! Такого формата и комфорта нет ни в одном банке.,5,,2024-05-20 11:57:47
181,Филипп,2021-10-07 13:10:20,"Очереди невыносимые, персонал как черепашки...",2,,2024-05-20 11:57:47
182,Станислав У.,2021-09-29 11:14:06,Нр хватает сотрудников банка,3,,2024-05-20 11:57:47
183,Эдуард Удовiченко,2021-08-17 16:06:38,Он был нужен в этом месте!!!,5,,2024-05-20 11:57:47
