,name,date,text,stars,answer
0,Даниил Литвинов,2024-02-28 11:53:32,"Отличное офисное пространство с дружелюбным персоналом, явно профессиональным и умеющим рассказывать сложные вещи простыми словами. Я несколько раз был здесь и всегда оставался доволен. Благодарю!",5,
1,Марина Суранова,2023-11-22 20:43:56,"Очень понравилось обслуживание, консультанты банка вежливые, грамотно и понятно объесняют как пользоваться приложением, быстро решают возникшие вопросы. Практически не бывает очередей. Время работы банкомата круглосуточное, что очень удобно. Рядом есть парковка.",5,
2,Инкогнито 0719,2024-03-13 11:35:53,"попала к сотруднику - Каринэ, еще ни разу не видела на столько не грамотного специалиста в банке. Отношение к проблеме и отношению О!!!!
Пришла получить кредит!! я пришла к ней уже с заявкой!!! Говорю на горячей линии сказали подойти с паспортом чтобы выдали кредит !!!! Все одобрено и нужно только подтвердить придти к сотруднику в банк! Она сказала хорошо и начала спрашивать обратно все данные .. я поняла, что она заново заполняет заявку. Я сказала, что мне новая не нужна у меня есть уже. На что сотрудник ответил, что она ее удалила и решила САМОВОЛЬНО заполнить заново. После чего сотрудник сказала, что у нее не получилось завести и она и эту отменила, говорит давайте в личном кабинете еще раз у себя подайте!!!! И видимо из за того, что уже три раза ее заводили! Мне отказали совсем!!!!!!!!!!",1,"Здравствуйте.

Удивлены прочитанным. Хотим проверить работу сотрудников и принять меры.
Отправьте, пожалуйста, письмо на smm@alfabank.ru В теме укажите ссылку на ваш отзыв, а в самом письме напишите ФИО и дату рождения, а также скриншот отзыва и дату обращения."
3,владимир дронов,2023-12-15 02:57:27,Очень красивый и приятный персонал понятно и доступно всё объясняют банк очень достоин и удобен буду советовать всем большое спасибо за обслуживание,5,
4,Kirill Tritonov,2023-09-02 15:57:19,"Оценивать альфа банк не буду, а конкретного место. 

Расположение хорошее, можно перекусить недалеко от банка или сходить за покупками, далеко от дома, т.к. отделений альфа банк в Тольятти очень мало. При входе встречают два банкомата, при входе в офис подходит девушка и помогает разобраться как что и куда. Персонал понравился, в отличие от одной дамы. Был электронный талон, в котором было написано «Специалист Ксения скоро к вам подойдёт», так никто и не подошёл, снова подошла девушка, которая меня встретила и мы вместе нашли этого специалиста. Ксения — выдуманное имя, не буду разглашать настоящее имя.",4,
5,Екатерина Мишанина,2024-04-21 05:57:57,"Я не понимаю в чем причина, но, мне второй день назойливо названивают операторы данного банка. Настолько назойливо, что звонки поступают каждые 30 минут в течении всего дня. Я старалась спокойно объяснить, что карта крежитная мне не нужа, что я не заинтересована в данном предложении. Но, они продолжают названивать до сих пор. Это уже прзоже на буллинг и спам. Трубку беру, потому что не хочу пропустить важные для меня звонки, ну и банк звонит каждый раз с нового номера. Уже сил нет, правда. Издеваются как будто. Мне если нужен какой-то продукт банка, я сама в состоянии найти, позвнить и заполнить данные.",1,"Екатерина, здравствуйте! 
Напишите, пожалуйста, нам на почту: smm@alfabank.ru, номера телефонов с которых вам звонили, и на какой был звонок, а также приложите скриншот отзыва. В теме укажите Жалоба. Яндекс. Екатерина Мишанина. Всё проверим и разберёмся."
6,Алиса Фролова,2024-03-29 10:35:46,"Первый раз была в Альфа банке, делала тут карту. Подход сотрудников этого отделения к клиенту мне понравился. Все толково рассказали, помогли установить приложение и разобраться в нем. Все прошло достаточно быстро",5,
7,Дарья М.,2024-04-12 05:38:32,"Пользуюсь кредиткой от Альфы давно, выручает при крупных покупках и при просто ежедневных тратах. Обслуживание недорогое, вполне себе можно потянуть за то, что год пользуешься деньгами бесплатно. Спасибо Вам большое.",5,
8,Виктор Сухомлинов,2024-04-11 10:45:13,"Помогли с оформлением кредитной карты в этом отделении. Самый интересующий меня вопрос был, конечно про льготный период и про кэшбек. Так же ли он начисляется по кредитке как и по дебетовке, оказалось, что да. Сотрудница банка подробно мне все рассказала, ответила на множество моих вопросов. Спасибо! Обязательно буду заходить сюда.",5,
9,Полина Полещук,2024-02-10 12:19:13,"Прошу обратить внимание руководства филиала на некомпетентность сотрудников и их полное невнимание к просьбе клиента о помощи. Не смогли разрешить элементарный вопрос по заказанной дебетовой карте. 
Подошла за 30 минут до закрытия, прождала 20 минут для того, чтобы услышать от сотрудника (которая при этом общалась с другим клиентом), что мне надо позвонить на горячую линию. Простите, но я и дома это могла сделать, если не удалось разрешить проблему на гор линии, я приехала в банк. Потратила свое время в ожидании, что мо мной будут общаться и помогут разрешить вопрос. Напрасно прождала, так и не удосужились поговорить со мной.
Абсолютно не клиентоориентированный банк!!!",1,"Здравствуйте, Полина! 
Напишите, пожалуйста, на нашу почту smm@alfabank.ru ваши ФИО, дату рождения, когда и с каким вопросом обращались в отделение, прикрепите скриншот отзыва. 
Проверим работу сотрудников."
10,Алёна Клименко,2024-04-12 12:43:16,"Моя карта была нещадным образом постирана с вещами в стиральной машинке. Заказала перевыпуск в это отделение, сегодня забрала. Карту мне выдавала очень милая девушка. Обслуживание меня приятно удивило. Быстро выдали карту, проинформировали по условиям, я и так их знала, но все равно интересно было послушать.",5,
11,Виктория Назарова,2024-03-18 10:33:50,Отделение работает по субботам. Для меня это удобно. После работы в будни не всегда могу или хочу куда то еще идти. Про работу персонала могу сказать что она на высоком уровне. Мне хорошо помогли понять какой выбрать вклад.,5,
12,Иван Дунь,2024-04-12 03:24:23,"Категорически не рекомендую пользоваться услугами данного банка. Основной принцип работы альфа банка - непрозрачность условий, благодаря которой клиент может что-то не заметить или где-то оступиться, что-то не заплатить вовремя, за что банк с радостью снимет щедрую комиссию и никогда не вернёт её. Работа филиала сводится к тому, что сказать клиенту - звоните на горячую линию или пишите в чат, зачем филиал - не понятно. 
В моём случае при пользовании кредитной картой банки нигде в явном виде не показывает необходимость внести сумму для того, чтобы у клиента не было проблем, напротив висит успокаивающий баннер ""расчёт будет произведён тогда-то"", но в указанную дату происходит не расчёт платежа, а расчёт штрафа/комиссии. На вопрос ""Как можно было избежать комиссии"" Банк отвечает - надо было самому считать, заранее заказывать выписки. При выплате полной задолженности в тот же день банк не идёт навстречу клиенту и не возвращает комиссию и штраф, по сути за 1 день просрочки благодаря тому, что ввёл клиента в заблуждение. 
Просто совет - обходите стороной это заведение",1,"Здравствуйте, Иван!
Жаль, что у вас сложилось такое мнение, простите за такой опыт. 
Как мы поняли по отзыву, вы вышли за рамки льготного периода. В этом случае мы начисляем проценты, по условиям вашего кредитного договора. 
Информацию о льготном периоде (дате его завершения) мы также указываем в мобильном приложении."
13,Женя Жукова,2024-04-28 13:57:48,"Расположение топ, очень удобно и своим ходом на транспорте и развилка рядом для автобусов. Банкоматы есть, оформить продукт просто)",5,
14,Елена Ларионова,2024-05-02 04:29:24,"Кого бы что ни писал про Альфа банк, а мне он нравится. Неоднократно брала кредиты там. Хорошие условия, все четко, отзывчивые работники. Все решаемо, если даже какой то вопрос. Так держать. Спасибо",5,
15,Никита Фадеев,2024-01-03 07:55:49,"Обслуживание персонала и сам банк всегда на высоте. Недавно помогли разобраться с условиями по вкладам, максимальный расписали и рассчитали сотрудники)",5,
16,Добро,2023-12-27 09:37:52,"Пришли с вопросом просто установить личный кабинет Альфа Инвестиций, так как были переведены акции из ВТБ брокера. Мы просидели больше часа. Отвратительное обслуживание. Очереди не видно, через сколько примут - не понятно. Ждите…. Зато все заняты. Сидят и сидят с ноутбуками. В скорости и четкости работы никто не заинтересован. Наблюдали час. Печатают одним пальцем…. Откуда скорость обслуживания то возьмется!",1,"Здравствуйте!
Иногда возникает очередь. К нам обращаются с разными вопросами, всегда стараемся решить их побыстрее. Извините, что заставили ждать."
17,Дмитрий,2024-03-26 15:35:14,"Очень уютный офис, сотрудники вежливые, всё рассказывают, объясняют. Мне нужна была просто дебетовая карта, я достаточно быстро её получил и ушёл))",5,
18,Дмитрий Семушкин,2024-04-05 05:39:07,"Приветливый и отзывчивый персонал, особенно положительно выделяется на общем фоне консультант Екатерина",5,
19,андрей,2023-12-09 07:32:32,"Хороший банк, пользуюсь дебетовой картой, все замечательно. В этом отделении работают вежливые, компетентные, знающие свою работу сотрудники.",5,
20,Юлия Чу,2023-10-19 05:07:39,"В жизни не свяжусь больше с этим банком. Заказывала дебетовую карту курьером, он приехал, но карту мне не отдал, причину объяснить не смог. Пришлось идти в филиал, в первый раз меня послали, сказав просто пользоваться виртуальной картой (с которой нельзя переводить деньги или закрыть ее без пластика), только во второй визит я узнала, что МОИ паспортные данные вбиты у ДРУГОГО клиента. Сказали, все решим, перезвоним. Но ничего не изменилось, только в третий раз одна девушка реально помогла, к сожалению, имени не знаю. 
Но это ещё не все. Пластик на оформленную карту мне так и не выдали, оформили новую карту с другими условиями, и якобы они все идут сейчас в паре с кредитными картами. Консультант поставил мне минимальный кредитный лимит и опцию ""тратить сначала свои, потом кредитные деньги"", о том, что можно выбрать ""только свои деньги"" он умолчал. Потом отвёл к банкомату, снял кредитные деньги с карты и снова положил их, якобы их нужно было прогнать по картам. Только из-за этого у меня потом висела задолженность и пришлось ждать, пока она погасится, чтобы создать заявку на закрытие кредитки. Обещали закрыть кредитку в течение 45 дней, прошло 2 месяца, операций по ней не совершалось, а кредит все ещё висит.
Сейчас я хочу только одного, закрыть все карты в этом банке и чтобы там больше не светились мои паспортные данные ни под моим именем, ни под чужим",1,"Здравствуйте, Юлия.
Простите за печальный опыт 😔 Хотели бы разобраться в ситуации.
Напишите, пожалуйста, на нашу почту smm@alfabank.ru ваши ФИО, дату рождения и прикрепите скриншот отзыва. В теме письма напишите: Яндекс Карты. Юлия Чу."
21,Альвина Кузьмина,2024-04-10 18:51:49,Через приложение получила предложение от банка на кредитную карту с одобренным лимитом в 150000. Мне такое предложение понравилось к тому же там дают год без процентов. Пришла сюда и за полчаса закончила оформление кредитной карты.,5,
22,Никита Е.,2023-11-21 07:13:44,"Пусть у Альфы все будет хорошо и замечательно. Желаю побольше интересных акций для нас, клиентов",5,
23,Наталия Е.,2024-04-10 17:57:59,"Персонал в этом отделении всегда вежливый, обслуживание быстрое и качественное. Всегда есть места для комфортного ожидания, и все операции выполняются оперативно.",5,
24,Наталья Ануфриева,2024-01-20 17:50:37,"Не правильно организован приём клиентов банка. У одного оператора много клиентов, другие свободные не принимают, с их слов говорят что занятые. Это постоянно так делают. Я была много лет клиентом банка, но в это посещение я закрыла все свои счета и карты.",4,"Здравствуйте, Наталья!
Извините, если заставили ждать 😔 В период нагрузки обслуживаем дольше, чем обычно. Постараемся уменьшить время ожидания в очереди."
25,Максим Морозов,2024-03-22 12:30:27,"Мне скорость обслуживания не так важна, я сюда больше за съемом налички в банкоматы бегаю. Круглосуточные, работают, и то славно. Очереди не беспокоят)",5,
26,Михаил Титков,2023-11-08 16:50:32,"Отделение банка вполне приятное для обслуживания, не считая службы безопасности финансов. Проводят блокировку клиентов от балды по любому поводу, затягивая процесс ""разморозки"" карт и счетов.",1,"Здравствуйте, Михаил!
Система безопасности работает.
При любом сомнение, что операцию проводите не вы, проводим блокировку, чтобы сохранить ваши деньги."
27,Вячеслав В.,2023-11-09 11:06:11,"Удобное расположение , приветливый персонал, чисто и аккуратно",5,
28,Вячеслав,2024-01-27 08:49:05,"Выглядит все неплохо, система абсолютно не понятное клиентов зовут не по порядку что вызывает возмущение и недоумение по какому принципу всё работает",1,"Здравствуйте, Вячеслав. 
Обслуживаем клиентов в порядке очереди. Надеемся, следующие визиты оставят только положительные эмоции."
29,Оксана Г.,2023-12-31 16:14:58,"Хорошие, отзывчивые сотрудники, но мой вопрос не решили. Сама концепция банка, на мой взгляд, не удобна ни сотрудникам, ни клиентам.",3,"Здравствуйте, Оксана!

Напишите, пожалуйста, нам на почту: smm@alfabank.ru все подробности, ФИО, дату рождения, а также приложите скриншот отзыва с указанием города, адреса отделения и даты обращения. В теме укажите Жалоба. Яндекс. Оксана Г. Всё проверим и разберёмся."
30,Vladimir B.,2024-02-02 11:01:16,"Очередь к персональным менеджерам больше, чем к операционным сотрудникам. Прождал полчаса, но так никто и не принял. Есть к чему стремиться в плане развития сервиса.",3,"Здравствуйте, Владимир.

Скорость обслуживания зависит не только от количества сотрудников и клиентов, но и от сложности вопросов. Стараемся сократить время ожидания, насколько возможно."
31,Галина Удалова,2023-07-23 16:36:41,"Для меня важна шаговая доступность- данное отделение под рукой! На входе сотрудник всегда встретит, поможет, подскажет - обслуживание на высоком уровне.",5,
32,Alexey Petrov,2024-04-06 15:47:05,"Чистенько, понятненько, приятненько, народу обычно нет, толкучки никогда не бывает",5,
33,thefkncorner,2023-04-08 08:24:25,"Я считаю что альфа банк, является банком будущего, всё быстро аккуратно, сотрудники поддержат любой разговор, само здание выглядит красиво, внутри всё опрятно, рекомендую всем!",5,
34,Мария Николаева,2023-04-07 16:26:13,"Хорошее отделение банка, хороший ремонт. Обслуживающий персонал очень внимательный и отзывчивый. Быстро помогли и ответили на все интересующие вопросы. Спасибо большое, приду ещё",5,
35,Татьяна Абрамова,2023-08-24 12:45:10,Мне не понравился банкомат. Думает долго . Обслуживание так себе. Не понятно к кому идти и с каким вопросом. И специалисты не все вопросы решают. Пришлось два раза с одним и тем же вопросом ходить. А у мужа так вообще вопрос не решили. Кредитные карты раздают на право и на лево .Условия не плохие.,4,"Здравствуйте, Татьяна!
Простите, что произошла такая ситуация. 
Попросите вашего мужа написать нам на нашу почту smm@alfabank.ru ФИО, дату рождения, когда и с каким вопросом обращался в отделение, прикрепить скриншот вашего отзыва. 
Постараемся помочь в решении вопроса и проверим работу сотрудников."
36,Артем Ш.,2024-01-16 16:53:13,Хороший персонал быстро разобрались с проблемой и помогли найти решение.,5,
37,Эля Хафизова,2023-06-30 15:27:54,"Отличное обслуживание, особо хочется отметить операциониста Эльвиру, всегда чуткая, внимательная быстрая и с хорошим настроением.",5,
38,Светлана Щ.,2023-07-24 09:54:50,"Не советую.Не могу второй месяц закрыть счёт.Сотрудники некомпетентные.В отделении банка закрыла счёт,однако выставлена сумма 149 р за обслуживание карты,как оказалось счёт не закрыт.Положить деньги на счёт можно только с терминала,который принимает купюры 100 и выше руб,долг 149,даже положив 200 р я не смогу закрыть счёт,так как там будет 51 р Один обман. Сотрудники многое не договаривают при оформлении карты.",1,"Здравствуйте, Светлана! 
Счёт закрываем в течение 45 дней. Если за этот период спишется комиссия или поступят деньги, то счёт не закроем. 
Попробуйте пополнить счёт переводом по номеру телефона и закрыть его. Если есть остаток на счёте, то вывести его можно оплатив мобильную связь. 
Если проблему не получится решить, то напишите на нашу почту smm@alfabank.ru ваши ФИО, дату рождения и прикрепите скриншот отзыва. В теме письма укажите: Яндекс Карты. Закрытие счёта."
39,Юлия,2024-02-06 15:50:09,"Непонятно, то по живой очереди принимают, то по талонам.. не успеешь в живой очереди дождаться, как уже по талонам вызывают..",3,"Юлия, здравствуйте. 

Простите, что визит в офис вызвал у вас такие эмоции 😔 Обязательно обратим внимание на скорость обслуживания клиентов."
40,Гаяне Микаелян,2023-04-13 10:41:03,"Приветливый персонал, все четко, ясно и понятно объясняют, обслуживание на 5, принимают клиентов очень быстро, помогли мне с моими вопросами, хороший банк и отдел.",5,
41,Мухаммад Мусаев,2022-12-03 17:05:06,"Обновлённые отделения Альфа-банка стали очень уютными, современными и стальными. Кроме этого обслуживание клиентов стало быстрым, поэтому пропали очереди. Убрали окошки, через которые раньше сотрудники общались с клиентами. А теперь клиенты банка приглашаются индивидуально за круглые столики и общаются непосредственно за столом с сотрудниками. Персонал очень вежливый и приветливый. Интерьер и мебель в выдержанном, элегантном стиле. Молодцы. Приятно заходить в такой банк.",5,
42,Наталья Савушкина,2024-02-17 21:11:39,"Отличное отделение банка, особенно заметно внимательное отношение к клиентам. Всегда вежливый персонал, готовый помочь и радостно встречающий клиентов.",5,
43,Ярослав Лобода,2023-12-19 09:47:15,"Все оплачиваю в веб версии приложения, потому что случайно его удалил, там тоже удобно все и просто",5,
44,Наталья Куприянова,2024-05-01 16:56:37,"Лучшие премиум-менеджеры, оформлять кредит не только дорого, но и приятно:)",5,
45,Юля Шатохина,2024-03-25 16:01:06,"При обращении в банк по вопросу рефинансирования кредита меня встретили вежливо и доброжелательно. Обслуживание было быстрым, квалифицированным и компетентным.",5,
46,Олеся Ж.,2023-11-13 16:47:46,"Сестра поделилась ссылкой на оформление карты, получила бонусы. Тоже оформила, подучила бесплатное обслуживание. Картой пользуюсь регулярно. Пока все устраивает.",5,
47,Максим Ежов,2023-01-10 12:27:24,"Чисто, аккуратно, отличный персонал, приятный офис и оперативное решение всех вопросов, спасибо! Новый формат офиса - топ!",5,
48,Helena Muller,2022-09-19 04:39:04,"Не реально получить обслуживание у специалиста в оптимальное время ((( 
 Постарались оснастить отделение по последнему слову техники: и электронная очередь с оповещение по смс,и рабочее место специалиста больше похоже на столик, чтобы попить кофе с приятелем( хотя на мой взгляд это не удобно и сотрудникам и клиентам банка),и не смотря на всё это в очереди приходиться сидеть более часа!!!! О ужас((( А на общение со специалистом тратишь ещё минут 40((( Всегда было нудно и долго именно в этом банке, а сейчас ещё и раздражает медлительность, некомпетентность сотрудников ,а може быть они просто на своём месте?!",2,
49,Олег /.,2023-04-11 17:20:49,"Про Альфа-Банк знаю давно,но его продуктами и услугами никогда не пользовался.Решил я получить альфа-карту. Возникли вопросы по начислению кэшбэка.10 января,обратился через приложение в онлайн чат с банком. После непродолжительного общения с ботом (которые меня сильно раздражают),перевели на связь с человеком.Оператор-Ольга подключилась быстро и все просто и грамотно объяснила.",5,
50,Алексей Д.,2023-11-20 16:59:49,"Мои благодарности Елене, помогла оформить кредит и подробно рассказала о нем.",5,
51,Алина Седухина,2024-02-09 15:35:48,Я давно являюсь клиентом банка и очень уважаю его. Обслуживание всегда на высоком уровне.,5,
52,Кирилл Сопин,2024-04-22 16:26:33,"Тут работает слаженная команда профессионалов, готовых помочь каждому. В банке есть банкоматы и касса. При записи к назначенному времени вас ждет менеджер. Банк надежный, сотрудники доброжелательны и квалифицированы.",5,
53,Natalia,2023-03-20 17:27:39,"Чисто, уютная обстановка,в стиле кафе, но без кофе)) ожидание конечно час в очереди, в прочем как и в других банках.Работают до последнего клиента.",4,"Наталья, здравствуйте! Иногда на решения вопросов клиентов требуется дополнительное время, поэтому ожидание в очереди увеличивается, но стараемся не задерживать 🙏🏼 Простите, что заставили ждать столько времени."
54,Настюша К.,2023-11-26 07:42:50,"Я уже давно с этим банком и меня все устраивает. В приоритете у них честность, молодцы",5,
55,Аким Новиченко,2023-01-08 12:46:25,"Парковку у банка оценил. Вообще отделение расположено удобно. Внутри чисто, зал просторный, очереди бывают редко. Все прекрасно.",5,
56,Сергей Дятлов,2023-04-08 10:17:58,Новый современный офис! Грамотные специалисты! Компетентны решить любую проблему! Ожидание удивило... Очень быстро !!,5,
57,Александр Воронин,2023-11-17 13:14:13,"Сотрудники здесь никогда не раздражаются, если что не понятно. Наоборот, стараются помочь",5,
58,Станислав Дудин,2023-04-30 16:36:59,"Да вроде неплох, однако я очень нервничал, а так очень стильно красиво без лишних цветов, и что было противоположенно мне: очень спокойно",4,
59,Софа Кудрявцева,2023-12-18 12:22:30,"вежливое компетентное обслуживание, без навязывания ненужных услуг👍🏼",5,
60,Валентина,2023-01-22 08:26:29,"Все быстро,четко и по делу.Даже не пришлось ждать в очереди. И самое главное, что все доступно обьяснили.Спасибо!Буду рекомендоваиють ваш банк всем знакомым.",5,
61,Оксана Ткачёва,2022-12-01 19:04:21,"Определенно хвалю работу приложения (кто не обновлял) и поддержки (вк, там оперативнее)ребята все супер, для полного счастья осталось только убрать или уменьшать комиссию за снятие с кредиток.",5,
62,Артур С,2023-12-23 08:08:09,"Больше всего люблю их кредитку 365 дней, она очень выручила однажды.",5,
63,Евгений Соколов,2024-04-27 04:24:07,Работают быстро и очень грамотно. Карту выдали за 5 минут!,5,
64,Анастасия Ф.,2023-02-10 15:00:28,"Очень удобное расположение, в центре города. Нет очередей, есть банкоматы, где можно снять деньги. Всегда есть свободные места для парковки. Персонал вежливый, всегда помогают. Мне очень нравится это отделение, я всегда обращаюсь сюда",5,
65,Ксения Ларина,2023-11-25 16:17:04,"Обращалась, мой отзыв положительный. Помогут, объяснят. Дальше ваш выбор))",5,
66,Жадовская Наталья Васильевна,2023-04-07 19:27:47,"Очень качественное обслуживание, персонал знает и выполняет свою работу на 5+, много лет сотрудничаю только с этим банком очень довольна их предложениями и так далее",5,
67,Сергей Костылев,2022-10-04 10:15:42,"Ужаснейший банк. Матушка додумалась просто взять кредитную карту этого банка. Молодой человек взял и перевел со счета куда то 10 рублей. В итоге ей названивали сотрудники банка в течении всего дня вплоть до 12 ночи. И так целую неделю. По сути денег она не брала. В итоге собрал ее привез в банк. Запллатить просто закрыть нельзя. Открыли дебетовку. Положили 10.72 копейки как сказал оператор. Оказывается на эти 10 рублей насчитали коммисии и тд аж на 2.20. ну кто считать умеет делайте выводы. Короче возьмете 10 потратите нервов на 1000. И речь идет вот именно не о тысячах, а о несчастных рублях. Отвратительный банк. Поэтому в основном работает молодежь. Понаглее и понахрапистей. Обходите этот банк стороной",1,
68,Ольга Андрианова,2024-04-15 06:52:20,Очень удобно оплачивать коммунальные услуги и штрафы ГИБДД в этом банке. Сотрудники оперативные и вежливые. Отличная работа!,5,
69,Рекунова Наталья,2024-03-17 07:09:03,"Сотрудники Альфа банка оперативно помогли мне с проблемами, связанными с моей кредитной картой. У них удобное и быстрое обслуживание !",5,
70,Граб Друидович,2022-12-30 10:43:01,"Банк перешёл на новый уровень обслуживания, это радует, приятный уютный зал, очень вежливай и компетентный персонал.",5,
71,Слава Б.,2023-04-07 15:42:34,"Говорю на полном серьёзе, это лучший банк из всех, бесплатное обслуживание это классно не у всех банков есть такое, превосходный банк",5,
72,Казаченко Антон,2022-11-17 06:08:42,"Альфа Банк находиться в легко доступном месте, персонал очень толковый и вежливый, есть круглосуточный банкомат. Рекомендую, есть",5,
73,Александр Ушмудьев,2023-10-28 11:37:32,"Приехал открыть расчетный счёт. Даже не ожидал что так быстро и просто. Особое благодарность Екатерине, менеджеру банка.",5,
74,самарчанин,2023-06-15 15:32:04,"Хороший отзывчивый персонал и главное, что знают свое дело! Успехов всей команде!",5,
75,Мария ч.,2024-01-23 11:41:54,"Менеджеры хорошо разбираются в продуктах. Рассказали об условиях накопительного счета копилка до зарплаты, оформление заняло всего 10 минут",5,
76,Андрей Нихайчик,2022-10-10 09:14:04,"Был сегодня 10.10.22. 
Приятнее с банкоматом, чем с персоналом, разве не должно быть наоборот?
Менеджер за ноутбуком, совсем не френдли отвечала на мой вопрос (брюнеточка, недовольная, что ее побеспокоил клиент в клиентском зале))
В кассе сотрудник не поднимая головы ,отвечала на вопрос не вежливо. 
Мой дорогой, зарплатный Альфа Банк, может для Тольятти это норм, а может я сноб, но это отделение мне не НОРМ, перевернутая лайка на этот адрес. Обслуживание VIP-клиентов - ХДЕ?",1,
77,Максим,2023-02-25 12:02:18,"Хорошее и быстрое обслуживание, есть wifi бесплатный, очень уютно удобные сиденья",5,
78,Алиса Ф.,2023-11-19 10:18:12,"Дебетовая карта хорошая, по ней есть кэшбэк. все ок",5,
79,ГАНИЧКИН Алексей,2023-11-16 12:04:10,Отвратительное обслуживание прождал целый час самый медленный банк,1,"Здравствуйте, Алексей.
Простите за такой опыт. Постараемся работать быстрее."
80,Надежда Бражникова,2022-09-08 04:02:33,"Очень хорошее агентство Альфа банка! Персонал дружелюбный, приятный и очень хорошо советует и объясняет. Мы оформляли банковский кредит и весь процесс прошел гладко.",5,
81,Элина Мениахметова,2024-04-18 20:40:18,Я рекомендую всем обратить внимание на карту без процентов в этом банке.Я открыла ее недавно и довольна оперативным обслуживанием.,5,
82,Анна Кучменко,2023-10-14 19:40:31,Персонал заслуживает похвалы за свою доброжелательность и готовность оказать помощь при необходимости. Расположение банка является удобным,5,
83,Олеся Нетунаева,2023-10-13 12:54:08,Красивые и профессиональные сотрудники. Грамотные руководители.,5,
84,Александр Ковчх,2024-02-03 16:53:17,Отличный банк и компетентные сотрудники.,5,
85,кристина б.,2024-04-29 15:19:00,"Здесь сотрудники проявляют интерес и стараются найти решение для твоих проблем, что сейчас уже редкость в банковской сфере.",5,
86,Сергей Верхотуров,2023-04-08 16:05:17,"Новый офис достаточно интересная идея, всё просто и удобно, персонал отличный",5,
87,Дмитрий Новиков,2023-08-02 14:19:15,"Всегда много посетителей , а новая концепция офиса только усугубляет ситуацию - кто-то берет талоны, кто-то не берет, сколько ждать, неясно. Какой-то Сбербанк получается",3,"Здравствуйте, Дмитрий.

Жаль, что сложилось такое впечатление. Старались сделать офисы уютными и комфортными, а обслуживание быстрым и качественным. Скорость обслуживания зависит не только от количества сотрудников и клиентов, но и от сложности вопросов. Стараемся сократить время ожидания, насколько возможно."
88,евгений савкин,2022-09-09 10:09:38,Выражаю большую благодарность сотруднику Марте которая очень сильно помогла разобраться в вопросе поступления денежных средств на карту . До этого обращались в другой офис где не смогли прояснить ситуацию,5,
89,adelya,2023-12-26 20:31:30,"Лучшие условия по вкладам- проверенн. Комфортно, проценты начисляются вовоемя, без задержек.",5,
90,Катерина,2023-08-28 16:47:12,"Офис современный, сотрудники отзывчивы, быстро смогли мне помочь🥹",5,
91,Лейсан Шарафутдинова,2023-09-23 21:54:54,"Большинство запросов можно легко решить с помощью приложения, но несмотря на это, личный визит всегда сопровождается высококачественным обслуживанием.",5,
92,Елена,2023-04-07 16:34:52,"Очень уютный офис банка. Всегда доброжелательные сотрудники, помогут, ответят на все вопросы.",5,
93,Елена Лозинская,2023-07-17 01:53:57,"Очень неудобный график работы,долгое время ожидания в очереди, нет клиентоориентированного подхода к клиенту у самого банка",3,"Елена, здравствуйте! Прочитанное нами, очень сильно отличается от наших стандартов, на нас это не похоже 🙅🏼‍♂️ Скорость обслуживания зависит как от количества сотрудников и клиентов, так и от сложности вопросов. Мы делаем всё возможное для того, чтобы сократить время ожидания, насколько возможно. Простите, пожалуйста, что заставили ждать и за такой опыт."
94,Виктория,2024-02-21 15:37:27,"В Альфе самая грамотная клиентская поддержка. Быстрая реакция по телефону, в чате приложения и даже в социальных сетях.",5,
95,Тимур Егоров,2024-03-12 17:18:37,"Недавно обратился в этот банк за кредитом. Заявку одобрили быстро, получил нужную сумму. Проценты приемлемые. Благодарю за помощь!",5,
96,Дмитрий Елизаров,2023-09-07 16:21:32,"Единственный офис Альфа банк в округе
Народу всегда полно
Очереди и к специалистаи и в банкомат",3,"Здравствуйте, Дмитрий! 
Простите за долгое ожидание. 
Всегда стараемся решать вопросы клиентов быстро, но из-за высокой нагрузки и разной сложности вопросов иногда не справляемся."
97,Дамира Исангулова,2024-01-31 16:42:22,"Ипотечный кредит был оформлен оперативно, без излишних вопросов и хлопот. Рекомендую банк и это отделение.",5,
98,Авессалом Изнурёнков,2023-05-11 18:55:22,"Хотел открыть вклад сегодня,не смогли найти лист с предложениями по вкладам.Ушел.Завтра попробую на Тополиную заехать,может там повезет.",1,"Здравствуйте!
Удивлены написанному. Напишите, пожалуйста, ФИО и дату рождения нам на почту smm@alfabank.ru, если помните, то имя сотрудника, приложите скриншот отзыва, проработаем.
Вклад можно также открыть самостоятельно в приложении, если вы уже наш клиент → Все мои продукты → Новый счёт или карта."
99,Мария Шмагельская,2023-09-09 11:59:21,"Обслуживание всегда вежливое и четкое, никогда не осталось нерешенных проблем. Недавно у меня возник вопрос с двойным списанием платежа по кредиту, оказавшимся всего лишь технической ошибкой. Проблема была решена моментально.",5,
100,Екатерина Волк,2024-02-27 12:58:18,Обслуживание в этом банке на высшем уровне. Возможность получать кешбэк за покупки делает его просто лучшим выбором.,5,
101,Лежачева М.,2023-09-19 19:54:54,"Альфа банк предоставляет полный спектр услуг, включая вклады, кредиты, карты и переводы. По сравнению с другими банками, это удобное банковское обслуживание с высокими процентными ставками по вкладам.",5,
102,Татьяна Грязнова,2024-02-29 13:05:23,Спасибо девочкам за обслуживание.,5,
103,Ярослава .,2024-01-28 13:07:14,"После сделки по ипотеке узнала, что менеджер отложила отпуск, чтобы завершить сделку. Приятно видеть такую ответственность.",5,
104,Елена Мороз,2023-12-23 16:29:38,"Хороший банк,внимательные менеджеры",5,
105,Виктор Драгунов,2022-08-09 16:27:24,Самый лучший банк! Отдельное спасибо Смирновой Дарье за огромную помощь в решении моего вопроса! Сервис на высоком уровне!,5,
106,Елизавета,2024-03-08 01:39:55,"Приятно получать кэшбек за пркупки, это всегда приятный бонус! Я никогда не упускаю такие вознаграждения.",5,
107,nikolai ramzin,2022-11-06 05:37:52,"Хорошие ребята там работают . Работает там парень щовут Вадим , этот человек реально работает на своём месте !",5,
108,Артём,2023-06-22 21:24:58,"Круглосуточно работают банкоматы, Удобно, быстро.",5,
109,анна с.,2023-01-17 13:43:16,Хамское отношение к клиентам и общение с гонором. Им вообще объясняют этику делового и клиентского общения??? Не первый раз уже с этим сталкиваемся в данном отделении.,1,"Здравствуйте!
Грустно такое читать, это совсем на нас не похоже.
Хотели бы во всём разобраться. Расскажите подробнее о своем обращении в наш офис?"
110,Денис Хамин,2023-06-05 16:15:00,"Будте внимательны, особенно при оформлении кредитных карт, не говорят о сроках и не предупреждают о платежах!",3,"Здравствуйте, Денис!
Удивлены прочитанным. Всегда стараемся предоставить качественный сервис.
Льготный период в 365 дней предоставляем на операции покупок, совершенные в первые 30 дней со дня оформления кредитной карты. На операции покупок, совершенные с 31-го дня с даты оформления договора, предоставляем 100 дней льготного периода. Информацию также указываем в договоре.
О необходимости внесения минимального платежа направляем смс и указываем информацию в личном кабинете: Счёт – Информация по кредиту."
111,Станислав Котов,2023-10-04 11:20:55,хорошее место обслуживание в стиле кафе,5,
112,Сергей Родионов,2023-05-22 08:01:47,"Сегодня хотел оплатить счёт, а они не умеют. Говорят чтобы я стал ихним клиентом, а потом попробуют что нибудь сделать.",1,"Здравствуйте, Сергей. 
Оплатить можно только с вашего счёта, поэтому предложили вам сначала открыть его, а потом провести платёж.
Нам жаль, что не смогли помочь вам."
113,Сергей Лесков,2023-09-04 09:52:00,Удалось получить отличную консультцию по кредитной карте год без % у сотрудницы отделения. Что понраивлось больше всего-ненавязчивый севрис и простые условия и возможности карты,5,
114,Александр Мартынов,2023-11-21 17:09:48,"Получил информацию и ушел оформлять ОСАГО. Быстрое обслуживание, информативно и без потери времени.",5,
115,Анжела Захарова,2023-04-17 07:22:39,"Записалась в личном кабинете,пришла.Быстпо помогли и решили проблему.Но народу всегда много.",5,
116,Александр,2022-07-05 02:33:09,"Очень понравился сервис. Общение с сотрудниками банка проходит в ненавязчивовой обстановке, за отдельными столиками, как в кафе.",5,
117,Galina,2023-02-02 18:33:47,"В отделении есть несколько окошек для оформления кредитов, где можно узнать о том, какие документы нужны и как подать заявку на кредит . Можно тут же оформить кредит по паспорту, много времени это не займет. В целом можно и онлайн оформить, тут как повезет)",5,
118,Екатерина Саакянц,2022-12-28 15:51:36,"Оформлял себе вклад. Хочу сказать, что условия здесь прямо топовые. Вариации есть различные под любые нужды и потребности. Лично я осталась довольна этим продуктом",5,
119,Вера Пасечная,2022-09-08 08:32:27,"Отвратительное обслуживание. Взяли талон в 11:30, номер слетел непонятно по какой причине. Время 12:30, до сих пор нас не посадили к специалисту. Опаздываем в МФЦ. У консультантов дежурные фразы. Не рекомендую",1,
120,Ильнар Ринатович,2023-09-02 16:26:15,Отличное обслуживание и внимание сотрудников!,5,
121,Анастасия Миротворцева,2022-05-10 17:04:51,"Долго ждала свою очередь, но обслуживание комфортное, мой вопрос решили.
Работа приложений и брокерское обслуживание более современное, но не на высоте",5,
122,Владислав,2022-11-19 16:18:29,"Милый отзывчивый персонал. Удобные банкоматы, а бОльшего мне и не нужно.",5,
123,Валерий Шумкин,2022-05-11 14:10:47,"Известный банк который выдаёт карты с безпроцентным периодом в 110 дней! Ого! И за то чтобы им пользоваться нужно заплатить 1600 рублей! 🤭😄🤣 Ого-го, эге-гей... Но зато можно снимать наличку. А без оплаты я даже не знаю существует ли такая карта? Одно мошенничество кругом и вкручивания в уши реклам по телевизору...",1,
124,Савелий Наумов,2023-02-22 15:26:40,"Альфа банк лучший в плане обслуживания. С ним сотрудничаю уже несколько лет. И не могу не отметить, что за это время, ни разу не было никаких проблем. За все время сотрудничества не видел ни одного недовольного клиента.",5,
125,Алексей Д.,2022-02-12 08:25:40,"Испортились. Все крыльцо заросло льдом, чуть не убился там. Дверь еле открывается. После посещения данного учреждения начали десятками в день поступать звонки с неизвестных номеров и предлагать кредиты. В основном Быстроденьги. Если вы хотите жить в телефонном кошмаре и как можно быстрее слить свои персональные данные, то добро пожаловать в эту Альфазабегаловку.",1,
126,Сергей,2022-11-05 14:29:38,"С персональными столиками для клиентов здорово придумано.
Терпеливые менеджеры в зале.",5,
127,Дмитрий А.,2022-07-20 07:19:48,"Банк отстой. Заблокировали карту с деньгами. Перевести на другой счёт не могут, на телефон вывести тоже не могут и не отдают деньги. И счёт тоже не могут закрыть с деньгами. Короче хищение денежных средств",1,
128,Валерий Федотов,2023-05-25 07:48:53,"Душевный персонал, индивидуальный подход.",5,
129,Евгений Стецюра,2022-02-05 16:00:06,"Удобный банк с хорошей обстановкой в нутри, терминал, банкомат, мягкая мебель в нутри для ожидания своего номера очереди для клиентов банка.",5,
130,Светлана Полушкина,2023-12-21 20:57:29,Хорошее обслуживание,5,
131,Аня П.,2024-01-22 13:24:40,Не возможно попасть ожидание 40 минут каждый день! Не важно в какое время ты приезжаешь!!!,1,"Здравствуйте, Анна!
Жаль, что сложилось такое впечатление о нашей работе. Иногда есть нагрузка и не всегда успеваем ответить быстро. Хотим во всём разобраться. Напишите, пожалуйста, нам на почту smm@alfabank.ru ФИО и дату рождения, а также ситуацию и скриншот отзыва. Постараемся помочь."
132,Инесса Чудненко,2022-10-30 07:57:13,"Отличное отделение, отношение прекрасное, не хватает туалета, и кофемашины",5,
133,Абоба Абобская,2024-02-14 07:17:50,Отличное место,5,
134,Владимир Родин,2021-03-19 11:18:38,"НЕ советую посещение этого заведения!!!
 Решил проверить фактические условия по кредитным картам. Подал заявку на сайте и заполнил анкету ( УКАЗАЛ НЕ ЖЕЛАНИЕ ПОЛУЧИТЬ ФИНАНСОВУЮ ЗАЩИТУ В ВИДЕ СТРАХОВКИ). Пришло сообщение, что карта одобрена, приходите забирайте. Приехав в офис, пригласили по талончику, сотрудница опять, что то долго заполняла ( мои данные, номера телефонов и т.д.), я спроисл зачем? при подаче заявки я все указал. Ответили, что так надо ( хотелось уже показать неприличный жест у виска пальцем), но да ладно, систему ведь наверняка придумали очень гениальные люди).
После завершения внесения данных, на стол кладеться бумага ( якобы анкета), где указанны мои данные и ниже мелким шрифтом много текста и окошко с уже поставленной галочкой. Распишитесь. Ну ОК, начинаю читать, а там указанно, что я даю согласие на заключение договора фин защиты и все в таком духе....
Задаю логичный вопрос - зачем? я не желаю страховаться! 
Ответ - даааа, а у нас это автоматически. 
Я - уберите пожалуйста этот пункт и я подпишу.
Сотрудник- НУ ВЫ ПОДПИШИТЕ, Я ПОТОМ УБЕРУ!
Я - немного удивился после этих слов ( мягко говоря), в лучших традициях развода!
НЕТ вы уберите сначала пункт.
На, что у сотрудника изменилось лицо на очень не довольное.
Я - я подавал заявку без страховок и т.д. мне прислали условия ( проценты и т.д.) по которым карта одобрена, выдайте пожалуйста.
СОТРУДНИК- НЕТ, это нужно новую заявку оформлять, эту заявку аннулировать и бу бу бу...
Я - ок сколько это займет времени?
Сотрудник- ну долго, мин 30-40, а может и дольше...
Я - видя желание не выдавать мне ничего сворачиваюсь и ухожу.

ВОТ ТАК РАБОТАЕТ АЛЬФАБАНК. ( ВПАРИВАНИЕ СТРАХОВОК), НЕ ВЕРЬТЕ НИЗКИМ СТАВКАМ И РЕКЛАМЕ)",1,
135,Зульфия Сафина,2023-11-08 16:27:17,Приятный офис,5,
136,Михаил Безденежный,2021-11-29 12:04:47,"Это просто ужас! В отделении 9 окон из них работают 3, все очень долго, сотрудники без масок половина ходит, пропускают кого то вне очереди. Не рекомендую этот банк и это отделение!",1,
137,Матлюба Пирмахмадовна,2024-04-20 16:14:14,Хороши одношений,5,
138,Алина П.,2022-12-15 12:46:56,"Мой любимый банк сейчас - выполяняют обещания и часто идут навстречу. По условиям все хорошо, проценты по кредитам очень неплохие",5,
139,Ольга Ольга,2022-10-20 18:04:16,"Все хорошо, если работают программы, как известно, без интернета ни кто ни чего не может тебе ни в чем помочь",5,
140,Людмила Аксенова,2023-01-10 09:55:45,"Неделю назад открыли тут вклад. Лучше условий, чем у Альфа банка мы просто не нашли. Да и сотрудники все так подробно разложили по полочкам, что отказать было невозможно",5,
141,Анна Анфилатова,2023-10-07 15:01:17,"пришла в отделение с вопросом, связанным с моей картой, и сотрудники банка оперативно помогли решить его",5,
142,Дмитрий Семёнычев,2023-09-07 15:46:05,Над банком есть ещё и не плохой магазин!,4,
143,Алексей Калугин,2022-05-01 04:06:13,"Необычный офис. Обстановка кафешшная, круглые столикики, садишься за свободный и к тебе подходит человек с ноутбуком. Очереди нет вообще.",5,
144,Алексей Як,2022-05-13 18:17:32,"Некомпетентные менеджеры, удерживают клиентов инвесторов под выдуманными предлогами, совсем неконкуретно арентированный банк. Не вижу смысла быть клиентом этого псевдо банка.",1,
145,Ксения Петренко,2022-12-08 07:04:43,"Некомпетентный персонал, который в наглую обманывает клиента только в пользу своей выгоды.",1,"Здравствуйте.
Это совсем на нас не похоже. Напишите нам на почтовый ящик SMM@alfabank.ru ваше ФИО и дату рождения, когда обращались в отделение, и расскажите подробнее о произошедшем, также прикрепите скриншот с отзывом."
146,Вячеслав Кисель,2022-04-01 07:30:54,"Мне все понравилось! Комфортно, быстро, удобно! Рекомендую!",5,
147,Шаназар Байназаров,2023-01-21 15:18:09,"Обслуживание быстрое, персонал хороший",5,
148,Алевтина М.,2022-02-18 13:52:01,"Безобразный банк! Только позвонив на горячую линию я сразу передумала связываться с данным заведением. Мало того что бот задает кучу ненужных наводящих вопросов. Потом бесконечно ждешь соединения с оператором под дурацкую музыку, выносящую мозг. Так еще эти операторы не отвечают на вопросы, а занимаются скидыванием клиента друг другу. После чего просто опять переключают на бота. И так по кругу. Интересующую информацию получить просто невозможно! Зачем такая ""линия""?! Полное засилье электронных ботов удручает и очень осложняет жизнь.",1,
149,Светлана Солдаткина,2023-04-02 18:00:39,Молодцы. Отличные специалисты,5,
150,Enzhe,2023-02-26 20:23:14,"Оформляла кредитку, вот уже больше года пользуюсь, мне нравится. Использовать очень просто, нет проблем со снятием налички. Советую.",5,
151,Далмир Дымченко,2024-04-26 17:10:16,"Всегда понятно, что происходит с моим счётом в этом банке.",5,
152,Галина С.,2022-07-14 10:50:02,"Очень медленное обслуживание в кассе, кассира нет на месте. Две звёзды только за красивый офис",2,
153,Елена,2023-10-18 23:58:33,Всегда знают ответы на мои вопросы. Профессионализм на высшем уровне!,5,
154,Виталий Д.,2021-11-28 19:51:49,"Нормальный обычный офис, ничем не отличается от других. Вот ничего особенного. Претензии есть к самому Альфа-банку, но не к конкретному офису.",4,
155,Егор Т.,2023-02-05 14:39:40,"Я вообще редко бываю в отделении, но прислали перевод, поехал забирать. Быстро, чётко, с расстановкой",5,
156,Алексей,2023-04-13 06:35:38,"Хороший фиалил, хорошего банка для бизнеса",5,
157,Анастасия Л.,2020-07-29 13:45:42,"Время ожидания 50 минут. Приехала получить карту зп. При входе нужно отстоять очередь что бы девушка на бумажке выписала вам номер электронной очереди. Далее из 8 окошек работает 4. Далее дают анкету в которой написано, что я согласна с договором обслуживания, но сам этот договор не дают. Я спросила договор, мне сказали, что он есть на сайте и они его в распечатанном виде не дают. Я настаивала, но мне договор так и не дали. Это нарушение закона! Далее мне выдали карту ура, но активировать её нужно самостоятельно. Отношение сотрудников безразличное. Есть скрипт и я его говорю, а на остальное все равно. И всем навязчиво предлагают свои кредитные карты. В целом банк так себе, но это отделение банка просто ужас.",1,
158,Наталья Морозова,2022-05-13 13:28:37,"Очень и очень долгое ожидание в очереди. Пришла получить карту, ждала около часа своей очереди.",1,
159,Алина Гулиева,2022-05-07 17:18:43,"Персонал не знает свою работу , не могу выполнить заполнение обычного заявления грамотно",2,
160,Станислав Васильев,2022-05-22 01:41:16,"И зачем стоило закрывать на ремонт,после ремонта стало похоже на кафе у ""Зины"",нелепые столы,вечно зависший терминал.",3,
161,С,2021-02-15 09:00:23,"Нарушаете права своих же клиентов! Изучайте законы, ваши клиенты не обязаны надевать маску, чтобы ему оказали услугу, это рекомендация! Отвратительное незаконное отношение! Отказываете обслуживать по причине отсутствия маски. Опережая, скажу, не надо ссылаться на законы, которые носят рекомендательный характер, так как противоречат вышестоящим законам. Изучайте конституцию РФ.",1,
162,Масис Григорян,2022-01-06 10:47:59,"Мой Альфа банк так я охарактерезую банк с каторым я дружу много лет
Условия простые делай всё правильно и нет проблем.",5,
163,Александр А1,2021-02-10 14:45:05,"Никогда не пользовался услугами ""Альфа-Банка"", поэтому о качестве этих услуг судить не берусь. Никогда не давал своих контактных данных сотрудникам этого банка, поэтому крайне возмущают навязчивые спам-звонки с разных номеров с предложением (робот озвучивает) взять у них кредитную карточку.
Не был я клиентом данного банка и принципиально становиться им не собираюсь!",1,
164,Анна Гиндина,2023-04-11 08:06:08,Замечательное обслуживание!,5,
165,Попов Александр,2023-04-08 11:48:02,"Обслужили очень быстро оператор Марта, Получила ответы на все вопросы оказали помощь закрытие счетов.",5,
166,Михаил Барков,2021-08-19 02:19:30,Образцовое отделение банка. Вежливые сотрудники и быстрое решение вопроса по обслуживанию.,5,
167,Инна ),2021-10-15 10:29:37,Понравилось что менеджер объяснила все быстро и доступным языком.,5,
168,Майрам Ч.,2023-04-07 16:56:25,Это нравится. Я использую Альфа Банк,5,
169,олеся плесовская,2021-04-28 17:31:37,"Хороший персонал, все обьясняют, приветливы, комфортный зал для клиентов",5,
170,Фариз Багиев,2022-02-15 18:26:00,"Очень вежливый персонал встретили очень хорошо. Мне нравится,Альфа-банк один из лучших!",5,
171,Николай Данилин,2022-02-16 04:52:30,Квалифицированные сотрудники. Преобрел 2 карты. Хороший банк.,5,
172,Аля,2021-10-09 17:52:59,"Удобная парковка, грамотные специалисты, банкомат 24/7.",5,
173,Юлия,2021-10-24 04:08:47,"Всегда какие то бешенные очереди, что банкомат что к сотруднику на приём. Хотя может мне так не везёт, не знаю.",1,
174,Димитрий,2021-03-26 09:10:04,Отличное обслуживание. Чистота и порядок. Милый и вежливый персонал.,5,
175,Илья,2022-02-13 17:08:15,Вежливый персонал. Мои вопросы решили оперативно,5,
176,Олег Соломка,2021-12-21 20:05:00,"Приветливый персонал, работают профессионально.",5,
177,Оксана Дмитриева,2021-12-19 16:32:52,"Очень долго обслуживают, нужно было получить карту, простояла 30 минут и ушла, открыла счёт в другом банке. Пришлось столько ждать, хотя работали не все окна, некоторые сотрудники сидели без клиента.",2,
178,Сергей Кагитин,2022-08-18 15:15:06,Красиво. Модно. Современно.,5,
179,анна К,2021-06-17 18:54:07,"Девушка встречает на ресепшене и все помогает, если какие-либо несложный операции может быстренько сама все сделать)",5,
180,Наталья Родионова,2021-10-04 09:31:45,Коллектив не плохой на рецепшине не корректная девушка желалобы лучшее.всегда очень озлобленная.,4,
181,presedent63,2020-09-25 17:12:51,"Конкретно в этом филиале понравился персонал - девочка - Екатерина все рассказала и объяснила. Кредит, правда брать не стал - нашел условия по-выгоднее.",5,
182,Галина Б.,2022-06-07 10:46:09,Очень все быстро и вежливо,5,
183,ладно н,2021-06-09 05:54:39,Хороший банк быстрое оформление. Сотрудники доброжелательные .,5,
184,Цветок,2020-01-03 09:05:24,"БУДЬТЕ ВНИМАТЕЛЬНЫ ПРИ ОФОРМЛЕНИИ КРЕДИТНЫХ КАРТ! Операторы втихую, не акцентируя внимание, подключают страховку, согласно которой со счёта производятся ежемесячные списания - у меня списано за 1 месяц 400руб. При этом Договора добровольного страхования в своем пакете документов заемщика не обнаружила. Позвонила на горячую линию и отключила страховку.",1,
185,Малефт,2021-04-21 10:40:13,Долгое обслуживание и непонятные процедуры. Ах да еще не забудьте отключить страховку это же Альфа-банк!!!! ((((,4,
186,Сергей Шарипа,2022-06-16 16:54:25,"Маленькое помещение, много народу",3,
187,Кеша Кешунов,2022-07-06 11:58:53,Хороший банк.Есть кэш бек.,5,
188,Валентин Р,2022-08-14 17:16:59,Лучший банк в городе,5,
189,Сергей Куприков,2021-08-06 10:47:43,"Девочки работают быстро, с улыбкой, грамотно",5,
190,Вячеслав Маликов,2022-02-03 03:39:36,"Мой любимый банк! 
Всегда помогает!!!",5,
191,SOVINSK1,2022-06-12 23:03:39,Обслуживание очень медленное,3,
192,Никита Сайдиреев,2021-08-17 18:46:23,"Лучшиц банк за последннюю 1000 лет, жаль, что убрали отделение на Дзержинке",5,
193,Татьяна Усова,2022-11-28 14:26:53,2556 отлично,5,
194,Дмитрий Кузнецов,2021-01-03 07:19:37,Заколибали со своими спам-звонками с непонятных номеров. Наровят всучить кредит даже если он мне не нужен.,1,
195,Добра Желатель,2020-02-14 18:05:20,"Возникли не большие проблемки, которые быстро и оперативно решили. За что большое спасибо сотрудникам банка.",5,
196,СТА,2020-03-14 07:57:32,"Отвратительно, написано есть обмен валюты, но его нет, я зачем то должен быть их клиентом для этого... Ужас.. Что за шаражкина контора, по типу почтабанка и им подобным...умеют только кредиты впаривать...",1,
197,Ирма Д.,2021-12-28 09:54:55,Сижу час жду очередь! Несказать что народу много,1,
198,Яна Шуляк,2021-12-02 10:25:11,Крайне строгая дама встречает. Уж видимо все ей надоели)))),2,
199,Ольга Лебедева,2021-12-14 11:19:58,"Ужасное обслуживание!!!
К сведению руководства!!!",1,
200,Юрий А,2020-02-28 17:11:03,"Хороший открылся филиал, единственное некоторые сотрудники не до конца рассказывают обо всех преимуществах банка. Видимо мало опыта, но это не у всех.",4,
201,Максим,2020-03-15 19:16:31,Непонятный по сравнению с другими банк. Сложные схемы взамидействия с клиентом. Не дружественный своим клиентам банк. Отказался от их услуг,1,
202,A J,2021-10-06 19:55:55,Мало чем отличается отделение от других. Банк- есть банк.,5,
203,Natalia Mart63,2021-04-23 07:29:28,"Мало банкоматов,для денежных операций,вечно приходится ждать своей очереди что нервирует,для отделения банка такого уровня это большой минус!!!!",2,
204,Антон Зайцев,2021-04-30 07:43:28,"Отвратительное заведение, абсолютно безграмотные сотрудники!!!! Не рекомендую",1,
205,Юлия,2021-08-05 06:40:21,Хороший ьанк помогли оформить документы,5,
206,VTK VTK,2021-10-03 22:03:24,Хорошая организация приёма посетителей,4,
207,Ольга Коснова,2022-01-09 12:43:42,Грязное помещение входной зоны((,2,
208,Денис Прокопов,2021-04-13 14:39:28,Удобное расположение и есть пандус,5,
209,Виталий С.,2020-07-11 09:16:25,"Удобно, быстрое обслуживание. Профессионализм.",5,
210,Алексей Бердников,2022-01-17 07:19:14,Быстрое обслуживание.,5,
211,Юрий Дементьев,2021-11-24 12:10:31,быстро все оформили,5,
212,Александр Т.,2021-03-09 12:30:59,"Безобразное обслуживание, режим работы не соответствует.",1,
213,Виктор Голицин,2021-03-28 08:33:29,"Постоянные очереди, по пол дня теряешь чтобы вопрос решить.",3,
214,варвара я.,2022-04-16 16:41:02,Отличный офис,4,
215,чумаков роман,2021-10-05 18:40:41,Банкоматы всегда открыты,3,
216,Сергей  Каверин,2021-09-14 04:30:46,Медленная работа персонала,3,
217,Марина Кузьмина,2022-08-10 15:12:38,Хорший банк,5,
218,Марина Симоненко,2021-12-10 10:27:31,Очень долгое ожидание,4,
219,Татьяна У.,2021-11-10 13:34:43,Расположение хорошее,5,
220,Бэлла Б,2021-11-28 19:47:48,Отличный офис банка,5,
221,александр петрушкин,2021-12-14 18:25:31,Кредиты для всех,2,
222,Оксана Оськина,2022-08-08 19:49:39,Самое долгое удовольствие,3,
223,Марсель,2021-07-22 12:14:40,Некоторые сотрудники неадекватные.,4,
224,олег к.,2021-02-25 10:33:33,Всё сделали быстро. Карту в нём делал.,5,
225,Анастасия Курылёва,2021-04-21 17:53:50,Вежливые всегда ответят на вопросы,5,
226,Любовь,2021-09-06 14:23:52,"Самый неудобный банк с персоналом, неориентированным на клиента",1,
227,S A Y L Ξ S,2021-07-12 12:44:28,Ну все пишут плохо я то же,1,
228,Людмила Нечаева,2020-03-02 14:34:14,"Быстрое обслуживание, грамотные консультанты",5,
229,Арсен,2022-01-08 15:46:48,Хороший банк.,5,
230,Анастасия,2019-12-10 07:23:31,"Красивый, светлый офис, отзывчивые сотрудники",5,
231,Алла Нугуманова,2021-09-02 17:31:15,Медленно. Очень.,3,
232,Ирина Алексеевна,2021-07-02 12:34:45,Сразу решили вопрос.,5,
233,Григорьев Виталий,2021-08-06 08:57:15,Все хорошо!,5,
234,Семён П,2019-12-27 15:33:56,"Отвратительный персонал, больше сказать нечего",1,
235,сергей куприков,2019-09-03 09:46:19,"По телефону ничего не смог узнать, вы зачем подключили эту железяку, просто ужас",2,
236,Ольга Бондарева,2021-06-27 14:40:59,Удобно,5,
237,Сабай,2020-08-13 17:19:43,Банкоматы не работают...,3,
238,Юрий,2019-09-11 03:45:20,Банк жесть приехал за картой а её ещё не привезли ждал 10 дней,1,
239,Ольга Валентиновна,2019-09-07 07:56:44,Хороший банк. И персонал отличный,5,
240,Гуля Иванова,2021-08-08 12:55:07,О,1,
241,Oskar Kakoshka,2019-12-10 13:30:12,Проблема решилась прямо с порога. Спасибо.,5,
242,Иван Жуков,2020-07-17 08:40:29,"Обычное отделение, радует что рядом",4,
243,Nikita Zakharov,2020-03-04 06:03:30,Назойливые сотрудники,4,
244,Олег В.,2020-07-23 07:15:16,отличный банк,5,
245,владимир л.,2019-08-04 12:17:07,График работы с9-30 до 17-30. Для кого работают? Для себя?,1,
246,Светлана С.,2020-04-24 12:48:43,хорошее место,5,
247,Александр Д.,2019-11-21 13:13:55,Банк как банк,5,
