,name,date,text,stars,answer
0,Эльза Хайруллина,2024-02-05 07:16:55,"3 февраля в 17:30 получили кредит, заемщик папа, оформили 1710 тр со страхованием, сотрудник Эльвира обслуживала, очень не компететна ""вшила"" нам дополнительное коробочное страхование на сумму 35 тр при этом изначально это дополнительное страхование не было озвучено. При подписании кредитного договора только я об этом узнала, естественно папа в этом не разбирается- так она решила продать доп.услугу! Пытаемся зайти по ссылке на документы система даёт ошибку, при отсутствии документов не может сделать возврат коробочного страхования! На горячей линии ни чем не могут помочь без документов на руках, так как название страхование указано в полосе, который не возможно открыть по ссылке которую прислали на электронная почту. Очень не довольна что сотрудники не консультируют полноценно, вводят в заблуждение утверждая что БЕЗ КОРОБОЧНОГО СТРАХОВАНИЯ основная страховка будет больше. Прошу разобраться в данной ситуации и дать мне ответ как можно вернуть деньги за КОРОБОЧНОЕ СТРАХОВАНИЕ в размере 35 тр. Прошу дать ответ до истечении 14 дней периода охлаждения по КОРОБОЧНОМУ СТРАХОВАНИЮ!",1,"Эльза, здравствуйте. 

Любые услуги подключаем только с согласия клиента. Хотим помочь решить вопрос. Попросите вашего папу прислать на нашу почту smm@alfabank.ru ФИО и дату рождения. В теме письма прикрепит ссылку на отзыв."
1,Рамиль Ка,2023-11-14 09:36:41,7 ноября 2023 года Я взял онлайн кредит в вашем банке 120 тыс. руб. При этом мне выдали кредит 131 тыс руб и незаконно 11 тыс сразу удержали в виде комиссии. Меня такие условия кредита не устраивают. 8 ноября я полностью погасил кредит. Прошу вернуть незаконно удержанную комиссию в сумме 11002 руб. В случае игнорирования моих законных требований я обращусь в суд. С вас удержат расходы на юриста и наложат штраф в размере 50% от суммы иска.,1,"Здравствуйте!
Хотим помочь во всём разобраться. Пожалуйста, расскажите подробнее о своём опыте, написав на почту: smm@alfabank.ru. 
В теме укажите: Кредит / Яндекс Карты / Рамиль Ка. В тело письма вложите скриншот отзыва, а также ваши ФИО и дату рождения. 
Всё детально проверим и поможем разобраться."
2,Алмаз Юсупов,2023-12-08 17:39:38,"Недавно оформила дебетовую карту Альфа-банка. 


Курьер приехал в указанное время, ответил на все вопросы. Также при оформлении курьер подсказал, что приложение удалено и не доступно в AppStore, а для его установки можно обратиться в любой офис банка. 


Я обратилась в офис Альфа-банка по адресу Мира 61В, так как он находится недалеко от работы.",5,
3,Мария,2023-06-25 20:23:24,"Все здесь просто, прозрачно и понятно. И самое главное - удобно. Обслуживание находится на высоком уровне. Менеджеры на ресепшн отзывчивые и всегда готовы помочь. Я уже много лет пользуюсь услугами этого банка и ни разу не столкнулась с проблемами. Благодарю за это.",5,
4,Наташа С.,2023-07-25 15:45:43,"Удобное расположение отделения банка приятно радует - всего пять минут от дома. Несмотря на возможность многих операций через удобное приложение, встречаются ситуации, требующие личного присутствия. Благодарю за удобное месторасположение офиса.",5,
5,Игорь А.,2024-02-24 15:24:55,"Я давно клиент этого банка. Обслуживание быстрое, сотрудники доброжелательные. В понедельник оставил заявку на кредит, уже во вторник утром получил одобрение. Спасибо!",5,
6,854848 Сущенко,2023-12-27 14:34:36,Очень приятно работать с вами.работаете быстро и четко .особенно мененджеру Артуру.,5,
7,Виктор,2024-04-14 05:15:10,"Офис красивый, но не удобный. Пошел я за новой кредитной картой взамен утерянной, захожу в этот офис, а мне с порога работница этого заведения кричит что у них тут живая очередь, хотя потом уже увидел что ""менеджеры"" сами вбивают данные клиентов когда забирают их. А так как не все ""менеджеры"" могут выдать карту и на каждого клиента уходит минимум 30 минут, то в очереди начинается путаница. Не знаю как в другие дни, но конкретно в эту субботу было очень много клиентов, и становилось все больше потому что на каждого клиента уходило ну очень много времени. Например одному мужчине оформляли кредитную карту 45 минут, ""менеджер"" одним пальчиком набирала текст на клавиатуре, бегала к МФУ (он один в офисе, спрятан в шкафу, видимо для красоты), крутила пк чтобы сфоткать клиента, потому что отдельной камеры нет. И кстати там спокойно можно стоять рядом с клиентом и слышать и видеть все его данные. Через час ожидания, а кресла там удобные, я понял что карта мне не особо то и нужна.
Пс: банкоматы в этом офисе не работают.",1,"Здравствуйте, Виктор!
Мы стремимся к тому, чтобы обслуживание было максимально комфортным и быстрым. Но из-за большой нагрузки время ожидания может быть больше обычного. 
Извините, что заставили ждать."
8,Марат Х.,2023-04-10 15:11:48,"Приятный персонал обслуживания,современный,чистый,уютный офис,хорошее местоположение в городе.Сотрудники профессионалы знают подход к каждому клиенту сразу понимают вопрос обращения и готовы помощь.",5,
9,Айрат Халиуллин,2023-08-23 14:27:33,"Подъезд на машине и стоянка хорошая. Персонал вежливый и внимательный, очень помогли мне. Инфомат работает. Зал чистый и просторный.",5,
10,Айсылу Салахова,2023-04-03 18:44:41,"Чистый красивый офис, всë аккуратно и свежо . Можно выбрать удобное время для посещения . Очень удобно , что есть банкоматы . Очередей не было . В общем все отлично",5,
11,арина есенина,2023-09-16 11:28:30,"Я являюсь давним клиентом Альфа-Банка и решила открыть вклад. Консультант помог мне подобрать наиболее выгодный вариант. Я полностью доверяю этой компании и уверена, что мои деньги будут под надежной защитой",5,
12,Семен Денисович,2022-07-23 18:01:55,"Современный офис. Чистое и уютное помещение. Персонал очень вежливый, обслуживают быстро, готовы ответить на любые вопросы. В зоне ожидания комфортно и просторно. Очень удобное расположение . Данным банком пользуюсь достаточно давно, имеется дебетовая и кредитная карта. Пока все устраивает.",5,
13,Суханов Александр,2023-04-09 11:27:49,"Оформлял детскую карту в этом отделении альфа банк, девушка менеджер все оформила очень оперативно и доступно объяснила что и как работает. Поставил 4 звезды за то что не все сотрудники данного отделения компетентны....",4,
14,Надежда Ш.,2023-04-05 16:31:41,"Расположение грамотное, легко найти и припарковаться. Стильный внешний вид офиса. Просторное помещение, поддерживают чистоту.Очереди не большие. Банкоматы круглосуточные.",5,
15,Анастасия Сабанаева,2023-08-22 14:56:58,"Отвратительное обслуживание! Заказывали крту зарплатную с работы. Пришло сообщение что готова карта. Подошла в отделение бнка. В итоге выяснилось, что карта не готова, зря только через пол города добиралась. Сказали поступит точно такое же сообщение. И того нет. Дозвониться нельзя. Приложение скачать тоже нельзя. Уже все сроки прошли.",1,"Добрый день, Анастасия!
Обычно с смс не ошибаемся, простите. 
Карту на работе заказывали или самостоятельно? 
Вопрос уже решили?"
16,Алёна Кубраченко,2023-11-12 15:43:30,Отделение Альфа-банка отличает внимательный персонал. Все мои вопросы были рассмотрены и решены четко и подробно. Очень довольна уровнем обслуживания.,5,
17,Николай Петровнин,2023-09-14 07:39:05,"Долгое ожидание во первых зачем делал через приложение талон не понятно, во вторых пришёл забирать зарплату карту так её не выдали ссылаясь на вид паспорта. Везде принимаю все норм им не нравится видите-ли. В Челнах обслуживание было все нормально.",2,"Николай здравствуйте!

Извините, что заставили ждать, для решения некоторых вопросов нужно больше времени.

Хотим во всём разобраться и помочь. Напишите нам на почту smm@alfabank.ru ваши ФИО и дату рождения."
18,Эльвира Юсупова,2023-12-08 17:32:07,"Заказала дебетовую карту,карта была готова уже на следующий день.Очень быстро и оперативно",5,
19,Ника Ч.,2023-06-14 16:11:17,"У меня в Альфа-Банке есть полный набор услуг: обычная карта,кредитная карта и вклад. Я очень довольна всеми услугами. Редко захожу в отделение, обычно только для подписание документов, так как у меня есть предложение и онлайн - банк для всех остальных нужд",5,
20,Олеся Браилко,2024-02-15 18:41:37,"Здесь всегда легко снять деньги в банкомате, он находится недалеко от дома, и очереди обычно небольшие. Оформление карточки также проходит быстро и вежливо.",5,
21,Регина Сафина,2023-10-10 13:12:09,"В офис обратились в первый раз, отношение сотрудников не порадовало , понятия не имею кто с нами общался, девушка вела себя заносчиво и высокомерно , пришли открыть вклад , в итоге все сделали сами .",1,"Здравствуйте, Регина.
Извините, не хотели расстроить.
Всё проверим и примем меры."
22,Д,2024-04-23 14:23:52,Сидим 2 часа в очереди народу мало менеджеры разговаривают с клиентами за жизнь. Из за этого очередь прожвигаеся долго.,1,"Здравствуйте.
Простите, что пришлось ждать! Ситуации и вопросы клиентов бывают разные, на решение требуется разное количество времени. Стараемся сократить время ожидания, насколько возможно. Будем работать над улучшением этого вопроса 👌"
23,Алия Нурмухаметова,2023-09-16 17:23:23,"Я выбираю этот банк за выгодные условия – перевод, зарплата, высокие проценты по вкладам, отсутствие комиссий за переводы в другие банки, возможность переводить деньги заграницу. Меня все это устраивает.",5,
24,Ильшат К.,2023-10-03 15:10:29,"Очень много народа , человек 15 насчитала. Ни кто не встречает, не понятно что делать . Оказалось нужно занять « живую очередь». Когда спросила , в какое время народу поменьше, безразлично рожали плечами",2,"Здравствуйте, Ильшат.
Извините, что столкнулись с таким обслуживанием.
Обязательно поработаем над этим моментом."
25,😔,2023-06-01 17:26:49,"Персонал очень вежливый и ответственный. Я зарегистрировалась на сайте банка, после чего получила звонок с приглашением в офис для оформления карты. Все прошло быстро и без проблем, и через несколько дней я уже держала карту в руках. Я довольна своим выбором этого банка.",5,
26,Дмитрий Машуков,2024-05-02 20:27:57,"Маленькое, но удобное отделение. Всегда чисто и уютно. Персонал вежливый, готов помочь с любыми вопросами. Доволен!)",5,
27,Раиля Егорова,2022-08-01 13:33:20,"арта от Альфа-банк это не только кусок пластика, но и выгодные условия, бесплатное обслуживание и по настоящему отличная поддержка. У меня часто случается различные ситуации, которые я не когда сама не решаюи сразу пишу поддержку. К примеру, у меня была ситуация, не выплачивали деньги за приведённых друзей, я обратилась в поддержку и уже на следующий день мне прислали все деньги, был баг видимо, не особо углублялась. К чему я это вообще, если у вас есть сомнения становиться ли клиентом Альфа-Банка, то обратитесь в поддержку и все поймёте.",5,
28,Миляш,2023-04-09 07:37:00,"все быстро и качественно
Консультаны все хорошо объяснили и быстренько решили проблему 
рекомендую, все чисто и красиво",5,
29,Андрей К,2023-07-17 09:42:12,"Я регулярно обращаюсь за помощью в поддержку Альфа-банка. Мои дети научили меня делать это через ВКонтакте, и я специально зарегистрировался там. Действительно, ответы приходят быстрее, чем в чате, и проблем нет.",5,
30,Марина Пушкина,2024-04-09 18:08:33,"Вежливый персонал, удобное расположение с обменом валюты и множеством банкоматов. Очень удобно и доступно.",5,
31,Марина Семенча,2023-08-09 02:40:58,"Местоположение очень удобное, нет необходимости ждать в очередях. Всегда есть удобные места для отдыха и наблюдения. Сотрудники вежливы и готовы помочь, а также всегда можно обратиться к консультантом для советов.",5,
32,Ирина Г,2024-02-08 05:26:47,"Последовав рекомендации коллеги, которая в восторге от обслуживания в банке, я обратилась в Альфа-банк. Там я оформила кредитную и дебетовую карты для зачисления зарплаты. Удобно оплачивать все покупки безналично, а деньги зачисляются на карту моментально.",5,
33,Маргарита,2024-01-18 07:58:07,"Здесь предоставляют отличное обслуживание. Зарплата поступает своевременно, а наличие денег в банкоматах приносит удовлетворение. Спасибо за удобство и надёжность!",5,
34,Марина Д.,2024-02-13 16:56:13,"К сожалению разочаровали. Персонал не компетентен, некоторые услуги не могут осуществить по месту",1,"Здравствуйте, Марина.

Удивлены прочитанным. Хотим проверить работу сотрудников и принять меры.
Отправьте, пожалуйста, письмо на smm@alfabank.ru В теме укажите ссылку на ваш отзыв, а в самом письме напишите ФИО и дату рождения, а также скриншот отзыва и дату обращения. 
В письме также уточните, по какому вопросу обращались."
35,Инкогнито 6441,2022-07-28 09:27:11,"Мне очень нравится банк, Я довольна. Хороший кэшбэк на карту дебетовую, дают кредитные каникулы без проблем. Всё устраивает. Сотрудники вежливые и отзывчивые. А ещё мне очень нравится пользоваться приложением: очень понятное, удобное, легко можно разобраться. Также удобно, что большинство переводов без комиссий и скрытых платежей.",5,
36,V J,2023-01-17 15:11:40,"Большое, просторное, светлое и чистое. Персонал вежливый и приятный. Если вы хотите положить деньги на карту, то это можно сделать. Мне кажется, что это самое лучшее отделение в городе, которое мне приходилось посещать",5,
37,Александр,2023-03-18 17:56:20,"Этот банк - идеальный выбор, для тех, кто ценит качество обслуживания и безопасность своих сбережений. Персонал компетентен и всегда готов помочь, что очень важно для клиентов.",5,
38,Максим Жерносенко,2024-01-13 17:49:23,"Классный банк, классные работники!
Благодарен за заботу и внимание!",5,
39,Сонечка Непеина,2023-08-30 05:49:31,Банк предлагает широкий выбор инвестиционных продуктов. Я инвестирую свои сбережения в их фонды и всегда получаю хороший доход.,5,
40,Дмитрий Евлампьев,2024-02-29 17:06:44,"Молодцы, быстро работают, хорошее обслуживание!",5,
41,Владислав,2024-04-25 09:20:54,"Приветливый менеджер пригласил меня на диван, где мы обсудили детали. Он предложил максимальную сумму кредита и подсказал, как снизить процентную ставку на 1%. Обслуживание порадовало.",5,
42,Валерия,2023-09-07 20:47:29,Я открыла кредитную карту в Альфа Банке и очень довольна ее условиями. Они предлагают низкие процентные ставки и много дополнительных привилегий.,5,
43,Инсаф Исхаков,2023-06-09 10:36:13,"Обратился первый раз чтобы заказать карту, именную, все сделали,сказали ждать пять рабочих дней в итоге по истечению две недели пришел сам в банк на мой вопрос где карта сказали она не была заказана
Хорошо работаем 👍",1,"Инсаф, здравствуйте.
Очень удивлены прочитанным.
Будем благодарны, если расскажете подробнее о произошедшем.
Ответ можете направить на нашу почту smm@alfabank.ru."
44,Гулюза Карамова,2024-04-22 11:11:26,"Плохо работают банкоматы! Специалисты всегда заняты, на вопросы не отвечают, ничего не знают",1,"Здравствуйте, Гулюза.
Нам очень жаль, что вы столкнулись с негативным опытом и потратили личное время.
Со своей стороны гарантируем, что проведём полную проверку и примем меры. Извините нас."
45,Аделя Хафизова,2023-06-23 19:01:02,"Отличное отделение банка! Я бы сказала, что это лучшее. Персонал здесь вежливый, операционисты работают быстро и профессионально. Всегда можно найти удобное время и прийти в банк для открытия вклада или оформление кредита.",5,
46,Тимур Х.,2023-03-11 18:25:54,"Банк мошенников и обманщиков, всегда делают страховку на кредитные карты и не предупреждают об этом, не уведомляют о платежах по кредитам, если вы просрочили минимальный платеж начисляют не реальный процент в районе 30-34к рублей, и самое главное не дают закрыть кредитную карту после того как выплатили всю сумму кредита",1,
47,Игорь Долганов,2024-02-25 07:36:02,"Отличные сотрудники, и конкурсы офигенные)))",5,
48,Софья Коваленко,2023-09-01 07:45:27,Мой надёжный финансовый партнёр. Я уже несколько лет пользуюсь их услугами и всегда получаю качественное обслуживание,5,
49,Елена,2024-03-31 07:12:22,Отличное обслуживание! Сотрудники всегда приветливы и готовы помочь. Рекомендую это отделение всем.,5,
50,Леся А.,2023-03-27 13:17:56,"Сделала тут в прошлом году кредит на авто . Проценты маленькие ,условия лояльные .Выплата кредита без проблем . Все четко и быстро. В общем , рекомендую",5,
51,Элеонора Горкуша,2024-03-26 18:45:53,Уже много лет являюсь клиентом этого банка и всегда довольна обслуживанием. Отдельное спасибо за качественный персонал.,5,
52,Резеда Галиахметова,2023-11-06 16:52:34,"Обслуживание понравилось! Быстро, качественно, профессионально",5,
53,Виталий Н.,2022-09-07 14:26:03,"Единственный офис в городе. Можно получить цифровой талон и записаться по времени. 
К сожалению, как и всегда, не все консультации специалистов совпадают с ответами поддержки в чате и дальнейшими действиям банка. С другой стороны, поскольку был проездом, не могу не отметить отношение специалистов и руководителя отделения. Позвонили, выполнили свое обещание и в меру своих возможностей сделали что могли.",4,
54,Анжела,2024-01-29 18:08:22,"Приятный опыт обслуживания в отделении Альфа банка.Профессиональные сотрудники, быстрые очереди, удобные банкоматы.",5,
55,Валентина К.,2023-12-24 18:00:50,"В этом банке обслуживают как физик, так и юрик, подходят индивидуально. Приятное общение, всегда готовы помочь и объяснить.",5,
56,Юлиана Вафина,2022-08-03 19:19:47,"Очень нравится этот банк, комиссия на переводы минимальная, есть переводы без комиссии.Удобное обслуживание банка.Много привилегий для клиента. Быстрые переводы. Советую всем этот банк! А также хороший кэшбэк,можно заработать на приглашении друзей
.",5,
57,Никита Сергеев,2024-01-23 12:20:10,"Когда нужно было увеличить кредитный лимит по ипотеке перед сделкой, заехали в офис к нашему менеджеру, и в неформальной обстановке все быстро решили.",5,
58,Alfiya Irduganova,2023-04-02 20:33:05,"Наконец то получила себе знаменитую кредитку альфы, и теперь могу позволить себе многое, что не всегда могла позволить раньше. Очень удобно, когда нужно сделать покупки в кредит. При этом все платежи и проценты, которые я должна платить банку, легко контролируется в личном кабинете. В общем, теперь я полностью доверяю этому банку.",5,
59,Альбина Хабибуллина,2024-04-23 14:00:42,"Ожидания по два часа , отвратительное обслуживание и навязывание услуг.",1,"Здравствуйте, Альбина.
Простите за такой опыт с ожиданием. Будем за этим следить, чтобы не допускать.
Проверим работу сотрудников, чтобы избежать подобных ситуаций в дальнейшем."
60,Наталья Рагеб,2024-02-19 19:21:23,"Пользуюсь кредитной картой Альфа-банка уже долго, и условия становятся только лучше. Недавно период без процентов продлили до целого года. Это лучший банк!",5,
61,Ильдар Айкаев,2023-02-19 17:07:49,"Мне не понравилось - очень долго и нудно, да и условия очень подозрительные , когда оформляешь кредитку дополнительно получаешь две (якобы запасной кошелёк)...Зайду через месяц и верну эти карты !!! Не буду с ними связываться - себе дороже выйдет....",1,"Здравствуйте, Ильдар.
На нас это совсем не похоже. Напишите нам на почту SMM@alfabank.ru ваши данные (ФИО, дату рождения, ник Ильдар Айкаев) и дату обращения в офис, и прикрепите скриншот с отзывом, всё обязательно проверим."
62,Ирина Осокина,2023-09-29 11:45:40,"Филиал банка отличный, хотя из-за удачного расположения здесь часто бывает многолюдно. Но сотрудники всегда в движении и оперативно решают запросы.",5,
63,Алёна Александровна,2023-08-21 19:08:11,"Работать с Альфа-банк одно удовольствие. Быстрые переводы, все платежи можно совершать, в планах рассматриваю оформить кредит.",5,
64,me0wkat,2023-07-29 15:04:28,"Отделение альфа банка выглядит неплохо. Сотрудники работают исправно, всегда готовы помочь. Офис чистый и просторный, есть места для отдыха и подписи документов.",5,
65,денис скрыпников,2023-03-08 13:07:20,Очень быстро получил карту .Сервис на высоте .Перед походом установите приложения альфа банка с play market и мир на телефон с экономит время при настройке и получение карты.,5,
66,Re,2023-01-19 18:04:48,"Недавно обнаружила, что приложение альфы заблокировали на айфонах. Сначала испугалась, что не смогу пользоваться своими картами, но зашла в офис, сотрудница рассказала про новое приложение, помогла установить, все в порядке.",5,
67,наталья г.,2023-08-07 06:21:11,"В последствии моего последнего визита я убедилась в профессионализме работников. Весь персонал приветлив и готов оказать помощь,подробно показать и рассказать. Большая благодарность!",5,
68,Софья Полякова,2023-09-09 09:32:55,Я самозанятой стала через этот банк.В приложении сама выбираю за какую задачу списать деньги в казну.Всего 4% от общего заработка,5,
69,ирина малышкина,2023-01-24 06:23:45,"Персонал очень вежливый,все грамотно обьяснили . Очень удобно, что без комиссии можно оплатить услуги с карты.",5,
70,Мария,2023-03-15 10:46:53,"Зашла, чтобы снять наличные, и опять же получила отличный сервис. Сотрудники банка были очень дружелюбны и быстро обработали мою заявку. Я была очень довольна",5,
71,Николай Панов,2023-05-22 21:15:45,"Берут комиссию за перевод в другие банки и на кошелек QIWI, нужно внимательно читать условия! Не всё так честно, как в их слогане: «Мы отменили все комиссии»",2,"Николай, здравствуйте!
Вы правы, очень важно ознакомиться с подробными условиями. Мы ничего не скрываем и размещаем их на нашем сайте. При подключенной услуге, без комиссии можно переводить по номеру: 
• карты;
• телефона;
• счёта."
72,Илья Иванов,2023-04-24 10:16:00,"Ужасное обслуживание взял талон, и до меня пошла очередь в итоге меня сместили, при этом нет объяснения на счет этого, грубое не уважительное общение с клиенту. Даже звезды не достоин",1,"Добрый день, Илья! 
Простите за такой опыт. Хотим понять в чём причина такого поступка. Напишите нам ФИО и дату рождения на smm@alfabank.ru, также укажите дату вашего визита. Мы всё проверим и разберёмся."
73,Елена Ю.,2022-07-20 18:58:11,"Спасибо за отзывчивое отношение к пенсионерам. Отправляла денежный перевод внучке на день рождения. Обслужили вежливо, всё по полочкам разложили. Первый раз была в этом банке, очень понравилось.",5,
74,Эльза М.,2023-07-22 13:23:57,"У меня была возможность получить кредит и всю информацию онлайн, но я предпочла обратиться в местный филиал банка. Когда я посетила отделение в пиковое время, сотрудники старались сократить очередь. Приятно удивила уверенность и компетентность скромной девушки, которая оперативно оформила все документы, и мы подписали договор.",5,
75,Светлана К.,2023-03-04 14:36:36,"Понадобился кредит на оплату лечения. Спасибо банку за крупную одобренную сумму на хороших условиях. И отдельное спасибо сотруднику по кредитованию, что оформлял документы.",5,
76,Ксения М,2023-11-19 19:12:04,"Обращалась в отделение по оформлению и досрочному погашению кредита. Менеджеры всегда ясно объясняют условия, благодарю за человеческий подход!",5,
77,Мария К.,2022-12-04 14:18:07,"Офомляли карты Альфа-банка родителям, рассматривали несколько банков, в итоге как-то Альфа приятнее оказался. Родители особо в таких вопросах не разбираются, но обучились всему без труда.",5,
78,Алина В.,2024-04-01 14:51:30,"Ужасное обслуживание. Часами ждать часами, чтоб оплатить. Бред.",1,"Здравствуйте, Алина.
Извините, что заставили ждать.
Будем стараться работать быстрее."
79,Светлана Бутакова,2023-10-17 17:42:56,"Помочь не помогли, времени заняли много, сотрудники постоянно куда-то отлучаются. Непонравилось",3,"Здравствуйте, Светлана!
Простите за такой опыт. Хотим проверить ваше обращение и помочь в решении вопроса.
Напишите на почту smm@alfabank.ru ФИО и дату рождения, а также детали вашего обращения. Также уточните вопрос, который вам не смогли помочь решить. Мы всё проверим и разберёмся.
В теме письма укажите Яндекс карты Светлана Бутакова."
80,Галина Булавина,2023-03-09 17:03:09,"Банк прекрасный. Недавно помогли оформить карту своей маме. Рассказывает, что из воздуха деньги делает) Кешбэк ей очень понравился)",5,
81,Флюр Газизов,2023-06-27 04:58:39,"Обслуживание на высоте, персонал не очень компетентный. остальное всё хорошо",3,"Здравствуйте, Флюр.
Расскажите, пожалуйста, почему сложилось такое мнение? С каким вопросом обращались, удалось ли его решить? Хотим разобраться в ситуации."
82,Валерия Еричева,2023-03-12 12:53:40,"Спасибо сотрудникам за человеческое отношение к своим клиентам! Я часто посещаю разные банки по работе,и Альфа сильно отличается своим отношением.",5,
83,Аннет М,2022-04-07 20:25:14,"Это просто дурдом а не отделение. Народу тьма, все с проблемами пришли в отделение а сотрудники просто стоят и треплются не обращая внимания на людей. Талоны брать не разрешают, якобы портим им статистику ими. Про кредитные продукты ничего не рассказывают у них даже нет заинтересованности работать. Взрослые женщины пытаются сами активировать зарплатные карты а сотрудники сидят на своих местах и иногда через весь зал как на рынке кричат, что делать и как активировать. Позорище, испортили представление как о банке. Руководство смотрите камеры и следите за работой сотрудников.",1,
84,Владислав Скворцов,2024-04-28 16:10:35,"Отличный банк,прекрасные сотрудники,качественное обслуживание.Я доволен.",5,
85,Татьяна,2023-08-16 16:33:04,Сотрудники этого банка всегда радушны и улыбчивы. Я регулярно пользуюсь их услугами и остаюсь очень довольной. Всем настоятельно рекомендую обратить внимание на данный банк!,5,
86,Tangare,2022-07-18 14:17:50,"Веб-версия версия работает отлично, несмотря на блокировку и удаление со сторов самого приложения. Банк надежный, знаю его уже не первый год и всегда сотрудники помогали с решением некоторых спорных вопросов",5,
87,Елена Г.,2023-07-12 04:29:46,"Я использую кредитную карту именно в этом банке, хотя у меня также есть продукты от других банков, поэтому я могу сравнить. Здесь всё очень удобно и просто, намного удобнее, чем где- либо ещё. Благодарю вас за то, что вы существуете.",5,
88,Настя Мутова,2023-06-08 19:38:32,"Отделение удобно расположено, а самое важное - банкомат работает круглосуточно. Все вопросы решаются быстро и профессионально.",5,
89,РигаЗ,2023-08-26 20:16:13,"В их офисе царит порядок, коллектив действует как слаженная команда. Очевидно, что опытные сотрудники помогают новичкам. Их энтузиазм к работе отражается на качестве обслуживания.",5,
90,Анастасия Казакова,2023-06-27 07:42:50,"Я открыла себе карту Альфа, и вот что случилось, что за последний год вся моя семья перешла в Альфа-Банк из разных банков. Мне очень нравится сервис. Особенно хочу отметить работу поддержки - обычно я пишу Вконтакте, и там отвечают быстрее, чем в чате.",5,
91,Андрей Иванов,2023-04-02 13:34:24,"Этот офис Альфа банка - настоящий ""Must-visit"", если вы ищете место где вас всегда будут встречать с улыбкой и предоставлять максимально быстрое и качественное обслуживание. Я никогда не жалел о том, что выбрал именно это место для своих финансовых операций.",5,
92,Ксения Т.,2023-04-11 13:33:20,"В этом офисе альфы работает очень много людей, каждый выполняет свою работу, но при этом все очень быстро. К каждому клиенту индивидуальный подход, что очень приятно. Всегда помогут, посоветуют, дадут совет.",5,
93,Айсылу Т.,2023-03-11 13:43:17,"Альфа банк- прекрасный выбор для тех,кто ищет высококачественный сервис и превосходное качество обслуживания. Я оцениваю их отличную работу и их готовность всегда помочь мне.",5,
94,раиса,2022-06-11 13:11:52,"Слишком долгое ожидание по обслуживанию, что бы получить просто консультацию , ждали 55 минут, после этого , имея на руках талончик, еще полчаса... Персонал вроде бы работает, но слишком медленно, второй раз приходить к ним нет желания, во всех банках по открытию вкладов обычно принимают вне очереди, вывод- потенциальными клиентами не дорожат, своих хватает!?",2,
95,Елена Ладыгина,2024-04-18 17:37:51,Просидела в очереди 2 часа. Но мне не помогли,3,"Здравствуйте, Елена.
Простите за такой опыт. Всегда стараемся помочь клиентам в моменте, но в периоды большой нагрузки время ожидания может быть дольше обычного. Это зависит от количества обращений и сложности вопросов клиентов перед вами."
96,николай ж.,2023-08-18 14:19:38,Прибыл для оформления документов и уже в этот день получил кредит. Считаю это огромное преимущество по сравнению с другими банками. Скорость обслуживания здесь на высшем уровне. Большое спасибо за такой отличный сервис!,5,
97,ВЛАДИМИР Д.,2024-03-12 06:45:34,"Пользуюсь приложением и поддержкой. Все работает отлично, хотя комиссию за снятие с карты можно было бы уменьшить.",5,
98,Юлия Т.,2024-02-28 15:09:46,Обслуживание на высшем уровне! Приветливые сотрудницы на кассе заслуживают отдельного упоминания.,5,
99,Лев Шевцов,2023-08-20 15:13:55,"Брокерский счет открыли бесплатно. Я осваиваюсь, очень интересно, а главное почти нет риска",5,
100,Сaderle,2023-06-29 05:41:22,"Уютно, удобно, зарядил планшет, хотя ждал недолго, вежливые работники.",5,
101,Алена Воробьева,2023-09-08 04:39:28,"Пользуюсь давно, устраивает банк, надёжный и проценты не задерают, нет задержек по платежам",5,
102,Елена Куприянова,2023-07-21 15:43:07,"Когда я обратилась в этот банк для получения кредита, менеджер, который мне помогал, выразился очень вежливо и проявил внимание к моим вопросам. Он исчерпывающе ответил на все мои вопросы и оперативно оформил кредит, без задержек.",5,
103,Светлана Л.,2022-11-19 15:43:02,"Менеджер (не помню ее имени) очень тонко понимает людей, с полуслова поняла мой вопрос и постаралась помочь всем в ее силах ) Надеюсь таких специалистов будет больше и больше",5,
104,Natali,2024-04-17 19:00:44,"Очень ценю что банк уважает мне время. Согласовав визит заранее, обслуживание занимает всего 10 минут без лишних ожиданий.",5,
105,Илюза Хаметова,2022-07-19 20:54:04,Ещё одно преимущество Альфа- банка перед другими - шаговая доступность офисов и банкоматов. Только у меня по дороге на работу и в детский сад 2 офиса. Очень удобно.,5,
106,Галина Кузнецова,2023-07-31 17:05:33,Обратилась в данное отделение Альфа - Банка для оформления срочного кредита с намерением досрочного погашения. Менеджеры четко и прозрачно объяснили все условия и помогли с оформлением. Большое спасибо.,5,
107,Арсений Петров,2022-08-04 22:18:18,"После того, как здесь мне одобрили кредит без дополнительных вопросов и справок, я решил завести у них и кредитную карту. Условиями в целом доволен, но деньги кредитные лучше не снимать, один раз попал на нехилую комиссию.",5,
108,милена гаврилова,2023-08-26 18:17:57,Большой выбор продуктов и услуг для клиентов разного уровня дохода.,5,
109,Ульяна Ярмина,2023-08-29 07:23:46,Я решила открыть вклад в Альфа-Банке для покупки автомобиля. Они предложили мне выгодные условия и помогли с выбором оптимальной программы.,5,
110,Анна Сельскова,2023-08-05 20:32:05,"Всегда ходила оплачивать счета в отделение, но сотрудница предложила оплатить ЖКХ онлайн. Это было откровением для меня. Теперь предпочитаю делать все онлайн и редко захожу в отделение.",5,
111,Камилла М.,2022-08-05 15:46:40,"Пару месяцев назад на покупку холодильника пришлось брать кредит, потому что жара , а денег до зп нужно было ждать. Оформила в Альфа Банке без проблем на 60 000 и рассчиталась сразу же после после зарплаты. Никаких проблем и проволочек.",5,
112,Алмаз Резяпов,2023-04-08 03:38:46,"Пришёл забрать карту, быстро обслужили и всё хорошо объяснили, хорошие сотрудники.",5,
113,Ангелина Старкова,2023-04-11 19:30:27,Ужасный банк.Обманывают людей.Не возвращают деньги! Помочь не могут с вопросами.обращалась дважды и оба раза теряла деньги!,1,"Добрый день, Ангелина!
Расскажите о вашей ситуации поподробнее. Постараемся решать ваш вопрос. Для этого напишите нам на smm@alfabank.ru ФИО и дату рождения со скриншотом отзыва."
114,Илья Буслаев,2023-08-10 01:56:16,"Зашел в банк, вышел довольный.
Минут 5 подождал подошла девушка.
Уютно, красиво, персонал грамотный Спасибо.",5,
115,Вюсаля Айдарова,2022-08-03 11:41:38,"Брала в мае небольшой кредит на отдых. Хотелось получить деньги наличными. После отзывов в интернете стало ясно, что большинство банков переводят деньги на счета. В альфа-банке по заявлению выдают сумму кредита наличными без проблем.",5,
116,Светлана Николаева,2023-09-23 14:12:30,"Открыла вклад в Альфа-банке и оформила документы в их филиале. Все прошло гладко и оперативно, а сотрудник помог в сложных моментах. Условия меня полностью устроили.",5,
117,Гузелия Фахрутдинова,2023-05-22 12:51:31,"Всё супер! Хороший надёжный банк! Уютно, комфортно!",5,
118,Поля Никифорова,2022-07-14 13:37:32,"Благодарю Альфа банк за одобренную ипотеку для айтишников. Взяли 1,5 млн на 15 лет по 4,7%. Платёж минимальный получается 11600. Очень выгодно для нас с мужем.",5,
119,Раиля Ш.,2022-08-04 10:00:52,"Являюсь клиентом банка достаточно давно, чтобы рекомендовать его. Продуктами, которыми пользуюсь (зарплатная карта и кредитка 100 дней) абсолютно довольна, все устраивает.",5,
120,Юлия Игоревна,2023-07-09 17:56:24,"Взяла ипотеку в данном банке и у меня нет н каких нареканий. Работники выказыли понимание и понятно рассказали об условиях, помогли оформить всё быстро. Отличный сервис.",5,
121,Елена Васильева,2023-04-09 18:46:01,"Обслуживание на высоком уровне и всегда доброжелательное отношение. В банкомате не было налички, а деньги требовались срочно. Операционист спас ситуацию и очень быстро все оформил. Спасибо.",5,
122,Ксения П,2023-08-11 13:25:48,"Альфа банк — это не просто удобное место для хранения финансов, а также настоящее сообщество людей, готовых оказать помощь в любой ситуации.",5,
123,akeit0,2022-07-24 07:55:48,"Приходила сюда на оформление кредита. Посчитали различные варианты по срокам и сумме, жаль не получила одобрение. Попробуем оформить на супруга, надеюсь всё получится.",5,
124,Елена,2023-03-07 17:58:14,"Я являюсь клиентом банка с сентября 2014 года, и за это время не было ни одного негативного момента . Сотрудники банка всегда вежливы и внимательны, четкие и понятные условия, всегда готовность помочь. Моя искренняя благодарность !",5,
125,Агата Оглезнева,2024-03-06 15:49:38,"Очень хороший ремонт, индивидуальный подход к каждому клиенту!",5,
126,Андрей Д,2024-03-16 17:59:13,"Нет для ЮЛ, но стараются",4,
127,Алексей гаврилов,2023-05-20 17:37:10,Девочки персонал молодцы все грамотно объясняют 👍🔥,5,
128,zolli,2022-10-24 20:56:38,"Ужасный банк, ужасное обслуживание, максимально некомпетентные и безграмотные сотрудники. Алсу и мужичок, работающий там. Надеюсь, что никогда не побываю там снова.",1,
129,Раушания Акмулова,2023-12-19 16:58:46,"Альфа-Банк помог с открытием вклада, сотрудник разъяснил условия, теперь пользуюсь.",5,
130,Ринар Тазенков,2022-11-10 13:01:41,Я ещё не встречал такого мутного банка чего-то там всё непонятно зато почти любой кредит имеет страховку от этого банка короче мне он ненравиться,1,
131,елена ушенкина,2023-10-23 17:07:05,Все очень быстро и профессионально.,5,
132,Anna Bigeeva,2022-11-30 19:50:39,Отличный персонал. Доступно объясняют. Удобное местоположение,5,
133,Даниил Черников,2022-08-21 06:00:36,"Картой альфы плачу почти за всё. Недавно гарнитур купил новый. Получил неплохой cashback. В Гибдд когда штраф выписали, через приложение заплатил.",5,
134,Марина,2023-03-21 14:02:38,"Нормальный такой банк. Персонал обученный, готовы ответить на все вопросы. Работают быстро. В очереди не приходилось стоять. Все документы и карты получили вовремя. Спасибо",5,
135,superzladey,2022-04-19 14:22:31,Да был тут получал карту пришёл под закрытие меня обслужили быстро и вежливо! Спасибо большое вам за этот сервис обслуживания,5,
136,Ш К,2023-10-05 13:45:03,"Филиал банка Альфа банк, приятное обслуживание.",5,
137,Ashot Shakaryan,2023-04-18 15:35:07,"Оформил себе в альфе ИП! Все оказалось так просто и быстро, сотрудник на протяжении всего процесса помогал, отвечал на вопросы, приятный молодой человек",5,
138,Мила Тазеева,2023-01-27 20:40:18,"Недавно у меня произошел неприятный случай с карточкой, но сотрудники быстро решили проблему. После того как украли кошелёк, всё быстро заблокировали по телефону, в отделении заполнила заявление на выдачу новой. Удобно!",5,
139,Надежда,2022-06-10 11:26:57,"Пустая трата времени на данный банк. Чтобы получить карту в этом отделении, нужно по талону отсидеть живую очередь. По офису гуляют сотрудники, работают с клиентами человека 2 не больше. Вечно отвлекаются на ""поболтать"", перекрикиваются через весь офис. Договора на дебет карту не выдают, приложения нет, чтоб посмотреть услуги, в онлайн банке ничего не отображается. Время в пустую, потенциальным клиентам не советую работать с таким сервисом.",1,
140,Алёна М.,2023-01-14 14:56:46,"Персоналу этого отделения спасибо за хорошее обслуживание. Брала кредит (нужно было срочно сделать ремонт машины), быстро получила одобрение и сами деньги непосредственно.",5,
141,Егор,2023-05-15 16:33:54,"Ужасная организация работы. Множество работников, а только один занимается выдачей карт, отсюда огромные очереди! Не налажена работа, отсутствует замещение сотрудников!",1,"Егор, здравствуйте!
Если в моменте не было очередей, другие сотрудники могли выполнять дополнительные задачи. Извините, если заставили долго ждать. Проработаем."
142,krisaalsu1818,2022-07-15 16:22:47,"Заходила по делу в отделение Альфа Банка, народу никого, спокойно приняли, дали консультацию. По сравнению с весной разительное отличие.",5,
143,Денис Метелев,2022-01-10 08:58:42,"Пришел в банк взял талончик, сижу жду, в зале ещё несколько клиентов, а три менеджера заняты одним клиентом и не могут разобраться, что делать!!! Квалификация специалистов очень высокая)))",2,
144,Любовь Калина,2022-05-11 10:54:15,"Обратилась в АЛЬФА- БАНК решила проблему свою в течения нескольких минут.
Благодарю сотрудников банка за оперативность решения проблем.",5,
145,Алина У,2022-07-24 13:37:48,"Оплачиваю здесь коммунальные услуги через мобильное приложение, платежи вовремя приходят, никогда не было задержек.",5,
146,Анонимный отзыв,2022-07-01 14:58:24,"Омезительный банк, сотрудники банка просто работают как черепашки, на конкретный вопрос нет четкого ответа как незнайки на луне!!!",1,
147,М.Е.Н.,2022-01-01 09:14:38,У Альфа банка новый подход к клиентам. Очень понравилось. Спокойная обстановка. Ненапрегает даже когда ждёшь. Молодцы!,5,
148,Михаил Соснов,2023-06-02 18:43:59,Близко и очень быстрое обслуживание,5,
149,Марат Габдулхаков,2022-06-06 12:56:51,Работающих сотрудников которые выдают карты 2 на всю толпу которая сидит в очереди. Очередь ели двигается не хотят работать просто🤬,1,
150,Настя Юдина,2023-11-26 16:43:02,долго ждать,2,"Здравствуйте!
В период нагрузки можем обслуживать дольше, простите.
Стараемся усовершенствовать этот процесс."
151,Yuliya Tolkacheva,2022-06-21 09:21:10,Отвратительная работа персонала! Чтобы получить карту нужно просидеть в банке ДВА часа!!!! Без приувеличения!!!,1,
152,Гульфина С.,2022-07-14 10:23:02,"Мне все нравится! С Альфой дружу давно и хорошо, никаких подстав и ненужных сюрпризов!",5,
153,Рустем Ф.,2022-08-29 09:29:29,"Пользуюсь кредитной и дебетовой картой. Удобные , есть небольшой кэш",5,
154,Альберт,2023-08-16 20:58:12,"В 8 утра вывелаа деньги.Кредитка не подвела,благодарю.Просто деньги срочно нужны были",5,
155,Серега Местный,2022-06-21 12:51:32,Обслуживание ужасно долгое !!! Талончики не дают и требуют сидеть в долгой и мучительно душном помещении !,1,
156,Руслан Халиуллин,2022-06-16 12:06:34,"Путаница с очередями. Персонал не понимает, что происходит. Электронная очередь не работает.",1,
157,Мозохин М.,2022-04-14 08:52:43,"Отвратительное отделение. Три дня не могу забрать готовую карту. Дикие ""живые"" очереди, медленное обслуживание.",1,
158,Салахов Ильвар Ильгамович,2023-04-08 12:49:28,Лучший мобильный банк для бизнеса.,5,
159,Дима Коновнин,2022-02-13 14:09:26,"Худший банк в мире, который обманывает своих клиентов. Лучший совет людям никогда не становится клиентом этого банка.",1,
160,Алексей Гурьянов,2023-03-26 17:54:03,"Класный банк,офис выполнен в экостиле.",5,
161,Дмитрий А.,2022-08-06 08:57:06,"Очень срочно нужны были деньги наличными в долларах. Пришлось сделать два визита в отделение банка, но деньги всё же выдали, хотя нигде не выдают.",5,
162,Артур,2022-05-06 14:13:27,"Отвратительный банк, дикие ЖИВЫЕ очереди, персонал совершенно свою работу не выполняет, туда сюда ходят только и пьют коктейли🤦‍♂️🤦‍♂️🤦‍♂️ Просто какой-то колхоз.",1,
163,Ольга Саримова,2022-05-06 08:53:30,"Работают 2 менеджера, очередь огромная, чтобы получить карту пол дня ушло",1,
164,виталий о.,2022-02-02 11:16:13,Ужас какой-то.сидеть ждать 2-3 часа.прошу разобраться с сотрудниками.все очень медленно,1,
165,Сайман Сафин,2022-11-18 13:20:28,Всё просто классно,5,
166,Никита Шаповалов,2022-07-12 15:23:39,"У меня только рублёвый счёт, поэтому каких-то напрягов не заметила в работе банка из за санкций!",5,
167,Марина Маркелова,2022-06-18 16:21:40,Всё нравится,5,
