,name,date,text,stars,answer
0,◎LΞG ΞFIMOV,2023-12-25 12:52:07,"Самое адекватное отделение банка: приятные сотрудники, отличные условия обслуживания для бизнеса и физиков. Очень рекомендую. 

А еще в альфе отличный премиум. В отличие от Тиннькофф можно получить возмещение не только в бизнес зале, но и в ресторанах в аэропорту. Поскольку с декабре я не планирую никуда лететь, просто свожу семью в ресторан в зоне ожидания. 5000₽ в месяц возмещается. На 6-7К вполне можно даже моей семьей пообедать.",5,
1,я я,2024-01-13 19:01:22,"Посещение этого филиала заставило меня задуматься, тому ли банку я доверяю свои деньги. 
Из плюсов: расположение и парковка.
Минусы : входящий поток клиентов не организован, терминал не работает, сотрудники не здороваются (хмурые , нет дресс-кода, нет бейджей с указанием имени и должности (непонятно к кому и как обратиться). 
Очень удивила/шокировала барная стойка с высокими стульями и сотрудница , ведущая прием за ней и пригласившая тоже взгромоздиться.
В итоге: вопрос мой не был решен. Пришлось обратиться в Сбер по соседству на Гагарина, где за 5 минут всё было решено.
Желания приходить этот филиал больше нет. Надёжность тут не видна.",1,"Здравствуйте!
Жаль, что у вас сложилось такое мнение.
Спасибо за отзыв и обратную связь!"
2,Светлана Ойцева,2024-01-22 19:19:26,"Сегодня были на Куйбышева 2 Калининград, хотела заказать карту. Очередь живая, терминал не работает. Сотрудники, то принимают, то не принимают в очереди 1 час, туалета нет, воды нет умрите поситители. Сотрудник принимает поситителей, принял и ушёл в дальнюю комнату на отдых, принял одного поситителия, и ушёл. И его час не было, пока скандал не устроила, воды нет. туалета нет, не банк, а ужас, даже их кэшбек не нужен. Потом зашли в Сбер, обслуживание на высшем уровне. Сбер недолеко От Альфа банка. И стоит сотрудникам ездить по организациям. Агетируете. А обслуживание ноль. В итоге с Альфа ушла и пошла в Сбер.",1,"Светлана, здравствуйте.

Извините, что столкнулись с таким обслуживанием. Обязательно всё проверим и примем меры."
3,Алина Ф.,2024-04-08 12:00:31,"являюсь клиентом банка уже 6 лет, но такое обслуживание наблюдаю впервые. Очередь огромная, талон брать не надо. Только по живой очереди ! Обновить паспортные данные можно только в офисе! Хотя договоры подписываем электронно! При себе необходимо иметь оригинал свидетельства о браке. Да звучит логично, но подружке меняли месяца 2 назад без оригинала свидетельства! В общем я очень разочарована в банке!",1,"Алина, здравствуйте!
Стараемся не создавать сильных очередей. Но, в часы нагрузки. время ожидания может быть увеличено. 
Сейчас, при смене фамилии, обновить данные паспорта возможно только в офисе. Это связано с техническими работами на сайте МВД. С собой нужен оригинал документа, подтверждающий смену данных."
4,Анжелика Гущина,2024-03-28 14:23:43,"В этом отделении оформляла кредит. Рядом есть парковочные места, удобно добираться на машине. Ежемесячный платеж меня полностью устроил, нет каких-то баснословных платежей. В банке работают приятные сотрудники, здороваются и улыбаются) От посещения банка остались положительные эмоции",5,
5,Данила,2023-12-14 12:32:25,"Прекрасное отделение! Отношение персонала- на высоте, решают все возникшие вопросы по банковским продуктам, в общем, это отделение - показатель качества оказания услуг и уважения клиентов для всех, спасибо, Альфа-банк!",5,
6,Алексей,2023-12-22 10:08:35,"Пришел в отделение , сразу бросилось в глаза , персонал неприветливый , с недовольным видом сказали присаживаться , просидел пол часа реакции ни какой , ожидайте очереди , терминал с талонами не работает , ощущение полного безразличии , далее подошла девушка спросила какой вопрос и спокойно растворилась . Отношение ни какое . Как отделение не порекомендую , и банк тем более .",1,"Здравствуйте, Алексей!
Нам очень жаль, что вы столкнулись с негативным опытом и потратили личное время.
Со своей стороны гарантируем, что проведём полную проверку и примем меры. Извините нас."
7,anastazzzzzziiii,2024-01-19 12:45:12,"5 звезд ставлю только девушке, которая работает в этом банке с шикарными рыжими волосами (девушка ради бога простите, я забыла ваше имя 😭) очень быстро помогла мне, спасибо огромное)
Остальным сотрудникам желаю меньше прохлаждаться и хорошего настроения, после ваших недовольных лиц от вас убегут все клиенты!!!!",5,
8,Нина Бессмертная,2023-12-26 17:09:10,"ПРиятное отделение, свободно, мои вопросы порешали девочки быстро и легко. Особенно благодарю Ирину и девушку, имени которой не знаю. Была 26 декабря 2023 г.",5,
9,Пал Палыч,2023-11-10 18:32:53,"В очередной раз убеждаюсь, что Альфа один из самых клиентоориентированных банков. Хочется отметить службу поддержки (будь то кредитный или дебетовый отдел, для юр лиц или физ лиц, инвестиционный или ипотечный, не важно), в любом отделе поддержки никогда не услышишь грубости. Всегда вежливы и внимательны.
Спасибо)",5,
10,Наталья В.,2024-04-04 17:39:44,"Маленькое отделение, парковки нет, так как отделение находится в ЖК. Новый формат офиса, мне больше не нравится, чем нравится. Раньше все понятно, взял талон, подошел к определенному окну, а сейчас тебя менеджеры выкрикивают, прослушал, пропустил 🤷‍♀️",4,"Здравствуйте, Наталья.
Грустно, что вам не очень понравился новый формат офисов. Старались, чтобы было комфортнее. Обязательно подумаем, как сделать наш сервис ещё лучше."
11,Диана Шукан,2023-11-14 15:55:06,"Опыт работы с этим офисом Альфы приносит удовлетворение. Отличные услуги, удобное онлайн-банкинг приложение и быстрая поддержка клиентов. Рекомендую!",5,
12,Юлия,2023-06-15 12:29:47,"В этом отделении работает очень вежливый, доброжелательный и отзывчивый персонал. В любой ситуации они всегда помогут и подскажут. Кроме того, здесь достаточно мест для посетителей. Большое спасибо за проделанную работу.",5,
13,Сергей Изварин,2024-03-20 14:01:06,"Раз в неделю точно здесь бываю. Нравится, что зона с банкоматами всегда убрана, есть порядок. Банкоматы всегда в рабочем состоянии, не тупят и простые в управлении",5,
14,Михаил,2024-03-06 13:16:04,"Мне не посчастливилось столкнуться с очень медленным сервисом и обслуживанием, мне надо было забрать карту. В этоге сижу уже 40 минут, воды даже нет, туалета тоже, очень ужастное место.",1,"Здравствуйте, Михаил!
Извините, если заставили ждать 😔
Из-за большого количества обращений можем обслуживать дольше, чем хотелось бы. Учтём ваши замечания."
15,Светлана,2023-09-18 19:02:30,"Отличный офис, всегда внимательные девочки, приятный персонал. Решают проблемы и сложности на раз, два. Советует хорошие предложения по банку. Вообщем осталась довольна",5,
16,Михаил Проценко,2023-12-05 12:29:54,"Всё отлично, там всегда профессионально, уютно и быстро. Персонал всегда готов.",5,
17,Инна,2023-09-21 09:13:43,"В банке предоставляются самые выгодные условия, как для потребительских кредитов, так и для ипотеки. Действительно, лучших предложений просто не нашла. Большое спасибо! Всё быстрои профессионально",5,
18,Александр Ан,2024-03-26 18:24:47,Отличный банк. Офис очень понравился своим оригинальным оформлением. Думал ещё будет кофе с круасанами.,5,
19,Асия Елебесова,2023-06-10 09:28:46,"Приходили за картой с человеком, которому отправляла рефералку. Самой стало стыдно за банк. 
Ладно, курьерскую доставку не дали возможности выбрать. Думали, что все равно быстро получим карту, так как подали заявку онлайн и пришло уведомление, что она готова в отделении. В итоге, просидели там час, пока сотрудница постоянно просила помощи у коллег, так как то не знала куда нажать, то куда вписать данные, то где карта лежит. 
И походу эта помощь не особо помогла: молодой человек раньше был клиентом банка, но в базе был старый номер. Мы дали новый, нам было сказано, что изменения внесены, можно скачивать приложение и активировать карту. Активировали не при них, так как уже очень хотелось сбежать. А это всего лишь оформление дебетовой карты, даже не кредитки.
При попытке активировать, приложение выдавало, что отправило смс на номер, привязанный к карте. На старый номер. А если он поменялся, написано в приложении, идите в отделение. 
Снова сидеть там час и не понимать, почему так долго и что вообще происходит, никто не имеет ни малейшего желания. Слишком много времени для открытия одной карты.",1,"Асия, здравствуйте.
Извините, что столкнулись с таким обслуживанием.

Насчёт доставки, если ваш друг раньше был нашим клиентом, то карту сможет получить только в офисе alfabank.ru/office, взяв телефон и паспорт.

По поводу остального, будем благодарны, если расскажете подробнее: во сколько и куда обращались, а также ФИО сотрудника, который вас консультировал.

Ответ можете направить на нашу почту smm@alfabank.ru. В теме письма пропишите: Яндекс.Карты/Асия Елебесова и прикрепите ссылку на этот комментарий."
20,Денис Б.,2024-01-16 09:04:51,"Банк и его работники занимаются прежде всего выдачей карт, а на остальные проблемы плевать, более 30 мин. Ждал чтобы получить справку о движении средств, не советую это отделение банка",1,"Здравствуйте, Денис.
Каждый сотрудник выполняет определённые задачи. Стараемся сократить время ожидания, насколько возможно.
Извините, что заставили вас ждать 😔"
21,Катя Кузьмина,2023-06-23 11:57:26,"Всегда выручало обращение в это отделение за помощью в решении любых вопросов. От оформления кредитной карточки до оперативного перевыпуска дебетовой карточки. Персоналу большое спасибо за работу, всегда получаю тут первоклассное обслуживание за несколько минут",5,
22,Artegor,2024-03-01 10:48:43,"Пришел разблокировать карту, предложили подождать пару часов, когда финмониторинг ответит. Без комментариев ) 

Сам офис красивый и концептуальный - как будто в кафе попал.",1,"Здравствуйте!
Увы, сейчас и правда не всегда получается быстро дозвониться. Но без этого не получится разблокировать. Нужно ещё раз подойти в офис, если пока не разблокировали."
23,Алексей М.,2023-07-31 16:49:43,"Расположение отделения банка очень удобное и доступное для автомобилей и общественного транспорта. Помещение отделения свежее, чистое и приятное.",5,
24,Соня Ковалёва,2023-09-18 13:13:44,"Сотрудник банка из Премиум обслуживания откровено обманула меня, выдала лживую информацию по вкладам и процентам и настаивала на ней. В итоге я потеряла деньги и время. Обращерие к руководству не дали весомого результата. В итоге я закрыла счет, и все мои родственники отказались от Альфа банка. 
Обман в офисе — это за гранью. 
Считаю что банк мне должен. И надеюсь что его доходы резко сократятся и он рухнет.",1,"Софья, здравствуйте! Очень удивлены прочитанным, на нас это не похоже 😕 У нас, как и во всех компаниях могут быть неопытные сотрудники, но обучаем их эффективно, проводим тренинги внутри банка, а также приглашаем тренеров из вне. Иногда бывают вопросы в новинку, но со временем они познают процесс, учатся быстро. Сообщите ваши данные нам: smm@alfabank.ru с указанием даты обращения, города и адреса отделения с приложением скриншота отзыва. Передадим информацию руководству про этот случай."
25,Вера Целуйкина,2024-02-22 15:29:23,"Менеджеры только делают вид, что работают. Ждала 20 минут, никто так из сотрудников не подошёл, несколько из них были заняты с клиентами, а остальные лишь ходили по офису!!",1,"Вера, здравствуйте!
Извините, не хотели оставлять о себе такое мнение.

Если вам не смогли помочь с решением вопроса, напишите нам на почту smm@alfabank.ru ваши ФИО и дату рождения, а также прикрепите ссылку или скриншот этого комментария. Всё проверим."
26,Snob,2023-05-12 11:33:14,"Мне нравится именно это отделение банка , новое , удобное , парковка есть , персонал хороший , ожидание не долгое , на входе банкоматы и что важно принимают 5000 купюры не возвращая как в других банкоматах . Персональный менеджер Эля молодец .",5,
27,Evgenii K.,2023-06-28 19:45:06,Быстрое обслуживание. Специалист четко знает и делает свое дело. Лишнего не спрашивают и не навязывают ненужное. Комфортная обстановка. Парковка прям у входа. Рекомендую данное отделение.,5,
28,Яр Кауров,2023-05-22 19:43:19,"В Альфа банке предлагается несколько видов вкладов, подходящих для разных ситуаций. Например, можно разместить деньги на годовой вклад с процентами. Хотя проценты за год не слишком высокие , за полгода накапливается значительная сумма. Если же вы предпочитаете получать проценты ежемесячно, то подойдёт вклад «Сберегательный». Проценты начисляются ежедневно , и вы можете снять их в любое время.",5,
29,Андрей Павлов,2023-12-01 13:24:10,"Удобно, рядом парковка. Отличный сервис, вежливый персонал",5,
30,Таисия Милая,2023-11-27 20:07:10,Для ИПшника альфа предлагает отличные условия по ведению расчетного счета. В будущем рассматриваю вариант онлайн-кассы,5,
31,Настя Ким,2023-10-27 12:34:20,"грубая девушка на входе начала кричать какой у нас вопрос, не поздоровалась ничего, грубиянка просто ужас… 
с длинными русыми волосами 
стояла рядом пока она обслуживала другого клиента, грубит на каждом слове, если вы не в настроении не надо портить его другим! и тем более так разговаривать с клиентами",1,"Здравствуйте, Анастасия.
Извините, что столкнулись с таким обслуживанием. Обязательно всё проверим и примем меры."
32,Евгений Шелеметьев,2024-01-29 18:28:33,"У меня только положительные впечатления от Альфы: выгодный кэшбэк, разнообразные партнеры, вежливый персонал и удобное приложение. Также привлекательные проценты по вкладам.",5,
33,Валерия Овчинникова,2023-04-07 18:08:32,"Отличный,грамотный и профессиональный персонал, максимально тактичный. Комфортнпя обстановка. Осталась довольна как процессом оформления карты так и самими предложениями Альфа банка.",5,
34,Владимир Филин,2023-09-12 21:08:12,"Персонал здесь весьма вежлив, а обслуживание быстрое и качественное. В отделении есть банкомат и терминал для оплаты различных услуг, включая интернет, телефонию и коммунальные платежи. Приятный бонус - наличие кондиционера для комфортного пребывания. Очередей не бывает, и все операции выполняются оперативно.",5,
35,Валерия Архалович,2023-05-09 13:10:13,"Один из немногих банков в городе, который действительно заботится о своих клиентах. Очень быстро отвечает на все вопросы. Без проблем выдает кредиты и помогает в сложных ситуациях. Если вы ищете надежный банк, то вам сюда",5,
36,Анна Сергинова,2023-08-16 15:19:07,"Очень довольна обслуживанием в данном банке. За все время не было ни единой заминки. Когда мне понадобилась кредитная карта, я обратилась на горячую линию с просьбой оформить ее. Позже я пришла и получила ее. Все прошло отлично, и я готова порекомендовать.",5,
37,Вячеслав Николаевич,2023-10-11 17:35:23,"Концепция интересная, а вот обслуживание вообще ниочем. Пришлось 2 сотрудникам рассказывать одну и туже проблему, по несколько раз. Карту в результате восстановили, но пользоваться ей отпало желание.",2,"Здравствуйте, Вячеслав! 
Напишите, пожалуйста, на нашу почту smm@alfabank.ru ваши ФИО, дату рождения, когда обращались в отделение и расскажите о ситуации подробней, прикрепите скриншот отзыва. 
Проверим работу сотрудников."
38,Дарья Миселюк,2023-06-12 14:01:21,"Мы получили рекомендацию работать с Альфа-банком для нашего малого бизнеса, и за полгода мы абсолютно довольны. Наша бухгалтерия идеально упорядочена, нам не нужно ничего дополнительно проверять. Консультант всегда доступен, рекомендую!",5,
39,Разима П.,2023-08-15 11:18:32,"Оформила кредитную заявку онлайн.

Позже решила зайти для уточнения деталей. И в итоге быстрое одобрение. 
Что очень обрадовало!
Условия кредита очень выгодные, все соответствуют моим ожиданиям.",5,
40,полина денисова,2023-03-10 21:18:58,"худший банк с не компетентные сотрудниками! сотрудник Елена отказала в выдаче карты, назвав мошенницей, тк не знала, что за 3 года человек способен изменить внешность и не распознать осветленные волосы и крашенные веснушки. Предложив смыть перед ней косметику, дабы наконец получить карту, назвала это цирком. Постоянно обращалась к другим сотрудникам за помощью в элементарных вопросах. Пока решали проблему, другие работники красили ногти и ели. Вызвать администратора отказались. Отвратительное обслуживание!",1,"Полина, здравствуйте!
На нас не похоже 😳 Отправьте, пожалуйста, письмо на smm@alfabank.ru, а в нём укажите ваши ФИО и дату рождения, описание ситуации. Обязательно всё проверим и проработаем с сотрудниками."
41,Виктория Заверховская,2024-03-26 13:22:47,"Большое спасибо за человеческое отношение и оперативную работу. Сотрудники всегда приветлевы и готовы помочь, обслуживание на высшем уровне.",5,
42,annasharton,2023-07-02 16:55:53,"Стала невольно клиентом, когда активы перевели из втб в альфу всвязи с так называемой сво. начиная от того, что невозможно зайти в ЛК (неверные вводные данные, хотя 5 минут назад все было ок), заканчивая тем, что обращения в банк (очные и онлайн-письма) остаются БЕЗ ответа. Через полгода закрываю ИИС и ухожу обратно в втб",1,"Здравствуйте!
Хотим разобраться в ситуации, но нужно больше деталей. 
Пришлите, пожалуйста, описание ситуации + ваше ФИО и дату рождения на нашу почту smm@alfabank.ru. В теме письма прикрепите ссылку на отзыв."
43,Наталья В.,2023-04-19 13:26:36,"Всегда готовы помочь с решением возникающих вопросов. Недавно в отделении сделали ремонт, сделали новые удобные стулья, а так же обновили оборудование. Все красивое и удобное.",5,
44,Юлия,2023-08-18 17:16:44,"Приветливый и учтивый персонал создает приятную атмосферу в отделении. 
Там всегда уютно и комфортно. Местоположение отделения удобное, близко к дому. Рекомендую всем!",5,
45,evgenia k,2023-07-24 07:40:54,"самый ужасный банк. Названивают с просьбой открыть у них р/с как попрошайки. несколько месяцев звонят пару раз в неделю. Видимо, у этого банка все так плохо, что им некого обслуживать. Был счет ип там, счатье, что ушла от них, так они бедные успокоиться не могут.",1,"Евгения, здравствуйте. 

Хотим помочь разобраться и убрать звонки, если они от нас. Пришлите, пожалуйста, на нашу почту smm@alfabank.ru номера, с которых были звонки, ваш ИНН и телефон. В теме письма прикрепите ссылку на отзыв."
46,Ирина С.,2023-07-10 16:24:57,"Хотя иногда бывают очереди, они быстро рассасываются. Впечатляет уровень стрессоустойчивости сотрудников и их способность сохранять качество работы при таком темпе.",5,
47,Evgenii Startsev,2022-10-16 17:48:13,"Пожалуй лучшее отделение Альфы в Калининграде, удобная локация, парковка, формат отделения очень крутой, можно даже проводить деловые встречи на их територии, кофе вас угостят;)",5,
48,виктория е.,2023-03-09 10:13:17,"альфа всегда предлагает широкий спектр банковских услуг, и сотрудники здесь очень профессиональны. красивый дизайн помещения и удобное расположение делают это отделение лучшим выбором для любого клиента. Поэтому я выбрала этот банк в качестве основного.",5,
49,Дарья Б.,2023-12-19 13:18:09,"Обслуживание ужасное, пришла забрать стикер карту - 20 минут ждала в будний день в три часа дня. Полный рассос",1,"Здравствуйте, Дарья.
Простите за такой опыт. Проверим работу коллег и постараемся исправиться."
50,Алёна Ванадис,2023-04-23 13:39:22,"Не могу не написать отзыв о работе персонала этого отделения. Я часто пользуюсь услугами данного банка, так как он находится рядом с местом работы. И поэтому, я очень довольна этим отделением. Сотрудники вежливые, отзывчивые и квалифицированные. Помогают в любой ситуации.",5,
51,Лилия Лазарева,2023-03-15 11:31:00,"Очень вежливый и компетентный персонал! Не смотря на то, что я первый раз зашла в это отделение, мне сразу предложили помощь! Без всяких формальностей и очередей. В этом отделении банка все сотрудники работают с улыбкой и любовью к своей работе. Спасибо огромное, за вашу работу",5,
52,Денис Иванов,2023-05-18 13:07:58,"Пришел забрать дебетовую карту. Особенно актуальная сейчас карта ""МИР"". Условия меня приятно удивили, и кэшбэк тоже неплохой. Качественная карточка.",5,
53,Olegs Matpoc,2023-04-20 12:24:27,"Красивый и уютный филиал банка Альфа Банк. Очень быстро открыли мне счёт и сразу выдали дебетовую карту. Спасибо отзывчивым и вежливым девушкам, работающим в этом филиале.",5,
54,Наталья С.,2023-09-23 11:17:20,"Мое посещение с целью открытия нового счета оказалось приятным. Сотрудники продемонстрировали высокой профессионализм, помогли мне выбрать оптимальный план, подробно разъяснили все нюансы и упростили весь процесс",5,
55,Михаил,2022-07-03 12:44:54,"Абсолютно новый и действительно крутой концепт банковского обслуживания! Отзывчивый и грамотный коллектив, поразительный интерьер, сочетание человеческого тепла и технологической скорости в решении вопросов клиента.",5,
56,Ева Уткина,2023-12-24 17:07:47,"здесь вежливый персонал, всегда готовый ответить на все вопросы и помочь, очень приятные и отзывчивые сотрудники.",5,
57,Ксения,2023-10-16 07:34:33,"в отделении банка просторно и комфортно, есть удобные места для ожидания. основное, что сотрудники проявляют экспертность и всегда готовы ответить на любые вопросы",5,
58,Павел Самойлов,2023-04-11 16:37:33,"Работают очень отзывчивые ,вежливые менеджеры.Обслужили быстро и качественно.Я был поражён.Спасибо им за хорошую работу.Буду советовать ваш банк друзьям.Больших вам доходов.",5,
59,Юлия Коробицына,2024-02-08 06:20:48,"Рабочий персонал банка компетентный и внимательный. Мы с сыном -подростком пришли оформлять дебетовую карту. Мы не долго ждали, место ожидания было уютным. В результате мы получили карту и уже пользуемся ею.",5,
60,Данил Савраев,2023-04-06 17:57:52,"Обратились в банк за ипотекой, и нам очень быстро ее одобрили! Мы очень благодарны за такую оперативность! Еще нам подарили карту с приветственным бонусом.",5,
61,Антон Литвинов,2023-10-10 15:37:33,"Всё отлично.
Очень удобное расположение офиса.
Все вопросы решаются на ура!",5,
62,Дмитрий М,2022-11-26 09:16:55,"Отличный офис. Обратился с проблемой восстановить платежные документы почти за год. Сотрудник банка Наталия, все сделала быстро, нашла все документы в электронном виде. Спасибо ей большое и всему офису банка",5,
63,Александр Иглин,2022-12-28 21:18:39,"Девчули ваще топ своё дело знают если что любой вопрос решат сервис на уровне Гималаев Я ВАМ КРИЧУ! А если серьёзно то очень отзывчивый и приятный персонал и весьма распологающий к себе офис. Сервис 10/10 интерьер 12 /10. Приятно пообщаться с квалифицированным персоналом, заодно и кофе ☕ попить. Всём добра",5,
64,Михаил М,2023-04-09 02:00:32,"Отличный персонал, вежливое обслуживание, всë делают быстро и грамотно,остался очень доволен!!!!",5,
65,Надежда Дроздова,2024-04-25 05:03:38,Альфа-Банк- отличный выбор. Лучшие условия по кредитам и кешбек. Профессионалы с консультанта до кредитного специалиста.,5,
66,олег маркелов,2023-07-24 01:48:58,"Очень доброжелательно отношение, отличное месторасположение, приятные специалисты.",4,
67,Денис Иванов,2023-06-18 19:04:42,"Это отделение банка максимально удобное.Здесь нет проблем с снятием денег или оплатой услуг. Я могу рекомендовать его с уверенностью,и очередей здесь практически не бывает.",5,
68,Ксения Ермолинская,2023-05-13 13:57:26,Очень понравилось обслуживание в данном банке . Команда сотрудников оказалась профессиональной и вежливой . Рекомендую!,5,
69,Юлия Зубовская,2024-04-12 07:05:43,"Красивое отделение, только нет кассы, и руководитель -дама неприветливая",4,"Здравствуйте, Юлия!
В некоторых наших отделениях мы не устанавливаем кассы. Выбрать удобное отделение вы можете на нашем сайте или в приложении, установив нужный фильтр. 

Учтём ваши замечания и будем работать над этим."
70,Юлия,2024-04-07 13:37:00,"Я выбираю Альфа-Банк уже много лет, и он остается самым удобным для меня. Все у них хорошо и устраивает меня.",5,
71,Евгения,2022-09-11 05:26:37,"Альфа банк перевернул представление о визитах в банк! Очень необычный подход. Я в восторге! Была в двух отделениях, везде понравились операционисты -сотрудники банка) грамотные, приветливые",5,
72,м з,2023-12-25 05:21:20,Не советую этот офис! Лучше на по Победы. Консультанты не знают о чем говорят(((,1,"Здравствуйте!
Расскажите подробнее, что повлияло поставить такую оценку?"
73,Евгения Г.,2023-04-10 09:01:31,"Очень быстрое обслуживание, а главное качественное! В наши дни мало где можно получить такое обслуживание клиентов. Спасибо вам большое за это!",5,
74,Елизавета Борсиева,2023-03-06 19:41:40,"Познакомилась с альфой давно, получила зарплатную карту. Вот недавно решила взять тут кредит, понадобились деньги на ремонт. Одобрили приличную сумму на выгодных условиях. Спасибо!",5,
75,Никита Сергеев,2023-08-14 08:08:49,Получил настоящее удовольствие от обслуживания в данном банке. Здесь действительно ценят своих клиентов и готовы помочь в любой ситуации. Редко где сейчас можно встретить такой уровень внимания.,5,
76,Алексей,2023-08-01 18:01:39,"Вежливый персонал, очереди за два визита не встречал, однако уровень профессионализма крайне низок - не смогли решить достаточно простую проблему с одного раза, техподдержка отправила опять в отделение, пытались отправить обратно из отделения в поддержку, за два месяца устал от корявой поддержки альфы - во всех прошлых банках не приходилось так часто ходить в отделение в надежде что тебе помогут хоть в этот раз.",2,"Здравствуйте, Алексей!
Всегда стараемся решить вопрос за одно обращение.
Напишите нам на smm@alfabank.ru ваши ФИО и дату рождения, приложите скриншот отзыва. Всё проверим."
77,Ваш консультант,2023-03-24 09:18:05,"Необычный офис, сотрудники с планшетами, столики у окна. Быстро подсказали, в чём проблема. Приятное послевкусие портит бюрократический механизм самого банка(",4,"Здравствуйте!
Обидно читать такие отзывы 😔
Расскажите подробнее, почему сложилось такое мнение?"
78,Евгений Дмитриев,2023-07-17 14:57:57,"Хоть это и банк но тут уютно) работают быстро, людей не много) все оперативно",5,
79,Маша Семакина,2023-04-28 13:59:16,"Я долго искала банк,который смог бы мне предложить выгодные условия и уровень сервиса,который я ожидаю. И я нашла его в альфе,отделение так же хорошое нареканий нету.",5,
80,Мрольдопсс Орлдщрсм,2023-06-07 17:00:14,"Давно перевела всю свою семью в Альфа банк, потому что лично убедилась, что там работают профессионалы, и никто из нас не пожалел о таком решении.",5,
81,Вячеслав Греков,2023-10-13 19:23:37,"Все клёво, но операторы не всегда компетентны и терпеливы. Как и везде впрочем.",4,"Здравствуйте, Вячеслав! 
Расскажите, пожалуйста, подробней о вашей ситуации. 
Можно написать на нашу почту smm@alfabank.ru и прикрепить скриншот отзываю 
Проверим работу сотрудников и проработаем её."
82,Тимофей Манаков,2024-03-17 20:05:04,Очень хороший банк но персонал немножко Злой и недовольный,4,"Здравствуйте, Тимофей.
Почему сложилось такое мнение?"
83,Артур,2024-03-08 13:20:29,"При возникновении спорной ситуации, сотрудница отказалась сообщить своё имя и спрятала бейджик, добавим к этому очереди и ОЧЕНЬ медленное обслуживание.
.",5,
84,Фарида Сагдеева,2023-12-12 19:18:46,"Оформила себе зарплатную карту, став самозанятым. Быстро и удобно решила все вопросы на месте в банке.",5,
85,Фатима Алимановв,2023-04-22 17:07:52,"Обслуживание быстрое, компетентное, вежливое и доброжелательное. Прихожу в банк как к себе домой. Очень понравился персонал, все вопросы решаются быстро и с улыбкой.",5,
86,Ва Кри,2024-01-23 23:57:37,"Закрыла депозит в отделении, и сумма вклада была выдана точно в срок. Проценты были начислены согласно договоренностям. Благодарю за надежность и исполнение обязательств!",5,
87,денис,2023-08-05 20:07:49,"Это настоящий банк профессионалов!Уровень сервиса впечатлил меня,сотрудники были дружелюбны и проявили высокий уровень внимания.Посещение банка стало приятным и легким опытом",5,
88,Шахзода Алиева,2024-02-04 17:59:00,"Тут профессиональный персонал. Это важно для меня, и я рада что есть банки с качественный сервисом.",5,
89,Дмитрий,2024-04-27 18:07:26,Отделение банка оставило на меня отличное впечатление. Персонал здесь компетентен и внимателен. Их профессионализм заслуживает уважения.,5,
90,Артём,2023-07-07 19:37:23,"Плохо обученный персонал, кроме одной девушки, сотрудника. К сожалению не запомнил имя. Помогла разобраться и решить вопросы. Спасибо.",3,"Здравствуйте, Артём.
Нам жаль, что у вас сложилось такое впечатление.
Сотрудников постоянно обучаем, повышаем их квалификацию и экспертизу."
91,Татьяна В.,2023-03-12 13:55:59,"По сравнению с предыдущими банками, здесь просто райское место! В зале чисто, окна застекленные, в отличие от других банков, где окна не закрываются даже зимой, а на полу постоянно лужи. Персонал вежливый, улыбчивый. Все очень быстро и качественно.",5,
92,Оля Стадниченко,2023-07-25 15:59:24,"Все вопросы в данном банке решаются моментально, без очередей и лишних хлопот. Условия кредитования меня приятно удивили:отсутствие заморочек с справками о доходах и месте работы делает процесс оформления кредита быстрым и удобным.",5,
93,Николай Иванович,2023-05-21 19:39:26,Был очень доволен качеством обслуживания в данном отделении. Сотрудники оказали мне внимание и предоставили всю необходимую информацию. Все услуги были получены быстро и эффективно.,5,
94,Ольга Гладилина,2023-07-17 22:35:25,"Мне особенно нравится простой и понятный интерфейс приложения Альфа-банка, которое никогда не вылетает, в отличие от других сервисов. У меня есть еще одна карта, иногда испытывающая сбои, в то время как у Альфа все работает без проблем!",5,
95,Виталий Ефименко,2024-03-07 19:01:44,Тут работают самые красивые девушки 💣💣💣,5,
96,Никита Сирота,2023-04-12 10:27:26,"Очень ответственные и коммуникабельные сотрудники, обслуживание на высшем уровне!советую!",5,
97,Павел Сашко,2023-03-21 12:14:51,"Пару дней назад оформлял тут кредитную карту, оформил год без процентов по совету друга.Уж за год я точно всё отдам, с этим тут проблем никаких!",5,
98,Елена Державицкая,2022-09-14 17:33:26,"Вот история )))) как я обрадовалась что открыли около дома офис и с чем я столкнулась))))) нулевая барышня не разобравшись с деле моем очень не обрадовала меня . Совсем не компетентная попалась очень совсем , жаль . А как было бы удобно.",1,
99,Анастасия Ильина,2023-07-15 12:45:35,"я выбрала этот банк для открытия вклада из за выгодной процентной ставки. недавно я успешно закрыла его, все прошло гладко, деньги были выданы, и у меня нет никаких нареканий к работе этого банка. я обязательно вернусь сюда еще раз",5,
100,Иван Пикулев,2024-02-29 01:16:50,"Сотрудник банка помог мне разобраться с приложением, что было очень полезно. Теперь я могу оплачивать ЖКХ и выполнять другие операции.",5,
101,Юлия Игоревна,2023-05-20 09:16:16,"Уже три года храню деньги на сберегательном счёте в Альфа-банке. Приложение удобно использовать , всё понятно и прозрачно для пользователя. Условия вклада полностью меня устраивают, и в отличие от многих других банков, Альфа не беспокоит своими звонками.",5,
102,Эдуард У.,2023-04-10 13:12:32,"Быстро, удобно, комфортно. Вежливый, отзывчивый персонал.",5,
103,Амина Гайнуллина,2024-04-12 13:04:46,"сегодня у меня возникла проблема с картами в банке, и ее решили очень быстро. большое спасибо за оперативность!",5,
104,Victorinox,2022-12-09 06:09:42,"Никаких бумаг, только электронное обслуживание. Круто - на шаг впереди по сравнению с другими банками. Рекомендую зайти и убедиться самим.",5,
105,Дмитрий Архипов,2023-09-18 05:47:03,"Та себе. Сегодня говорят так, на завтра дополняют . Девочки менеджеры - 2бала ещё и кассы нет.",3,"Дмитрий, здравствуйте! Для нас не норма, когда сотрудник не может помочь клиенту здесь и сейчас. Стараемся это исправить 🙏🏼 Понимаем ваши эмоции, но не во всех отделениях есть касса. Проверить можно на нашем сайте: alfabank.ru/office/ → фильтр «В офисе есть касса»."
106,Инга Ю.,2023-06-16 14:14:30,"В работе сотрудников этого отделения, всегда присутствует профессионализм. Они никогда не тратят время на пустые разговоры, всегда действуют чётко и слаженно. Порой кажется, что они настоящие профессиональные роботы!",5,
107,Елена Вязникова,2023-08-07 02:40:52,"Впечатление отличное! Персонал выделяется своей вежливостью и отзывчивостью. Прекрасная работа. Очередей нет,чего бы побольше таких банков.",5,
108,Alexander Kolchanov,2023-07-22 15:11:57,"Мы выбрали Альфа банк для оформления карт для наших родителей. Рассматривали несколько банков,но в конечном итоге предпочли Альфа. Родители, не разбирающиеся в этом, без труда справились со всеми инструкциями.",5,
109,Макар,2023-05-04 19:36:32,Я получил отличное обслуживание в филиале Альфа банка. Сотрудники оказали профессиональную помощь и быстро решили мои вопросы. Очень рекомендую этот филиал.,5,
110,С. Константин,2023-08-24 05:34:41,"Мне предоставили исчерпывающую консультацию по вопросам ипотечного кредита. Они разъяснили все очень просто, детально и понятно. Именно здесь я собираюсь оформлять ипотеку.",5,
111,Aleksey Nikiforov,2023-03-04 14:15:36,"Много банкоматов. Все быстро и удобно. Отсуствует очередь. С банкоматами проблем нет. В зале всегда есть сотрудники, готовые помочь",5,
112,Любовь Кучер,2024-03-25 13:49:32,"Оформила полис в офисе банка. Все условия были объяснены подробно, и оформление заняло минимум времени.",5,
113,Dina Jamalovna,2024-03-13 14:17:05,"долгое ожидание, ужасное обслуживание",1,"Здравствуйте, Дина.
Извините, что заставили вас ждать.
Сделаем всё возможное, чтобы работать быстрее."
114,Елена Премудрая,2022-11-22 16:21:38,"Красивый офис, приятные сотрудники, быстрое, качественное обслуживание.",5,
115,Дарья В.,2023-06-25 13:37:45,"Сотрудники работают быстро и оперативно.Всегда приходят на помощь . И самое главное ,они очень понятно объясняют и рассказывают .Я очень благодарна им за это !",5,
116,Стас С.,2023-04-29 18:33:14,"Если вы ищете современное отделение банка, то Альфа-банк точно соответствует этому требованию. Стильный дизайн, удобная мебель и приятная атмосфера - это далеко не все плюсы.",5,
117,Елена С.,2023-05-22 22:11:08,"Обычно я заходила, чтобы снять наличные после работы. Но в последние пару месяцев банкомат возле работы всегда без наличности)) Видимо после 6 часов туда заходят и другие. Теперь снимаю возле дома, все отлично!",5,
118,Миша Этюев,2024-03-30 20:49:41,"Заехал, чтобы открыть зарплатный счет. Получил карту без проблем и сразу установил приложение.",5,
119,Татьяна Ш.,2024-04-20 19:18:35,При погашении кредита была приятно удивлена улыбками сотрудниц и скоростью процесса,5,
120,khazova_darja,2023-01-17 17:34:10,"Очередь двигается быстро, сотрудники не тормозят, без дела не стоят никогла и видно, сто работают как команда, выручают друг друга. За таким приятно наблбдать.",5,
121,Katherine,2023-07-28 08:05:06,"Дебетовая карта от Альфа-банка - прекрасный выбор! Высокий кэшбек, множество партнёров и отсутствие комиссий за переводы в приложении и личном кабинете!",5,
122,Аделия Даутова,2023-03-16 14:24:59,"Получила позитивный опыт посещения этого отделения банка!Сотрудники были очень внимательны и профессиональны,я получила все необходимые сведения без задержек.",5,
123,Наталья С.,2023-03-18 17:36:52,"Хорошее отделение Альфы. Всегда быстрое обслуживание и также удобный интерфейс онлайн-банка. Я могу легко управлять своими счетами и производить платежи, не выходя из дома.",5,
124,Фара Вагапова,2023-06-27 08:45:01,"Офис очень хороший. Предоставляют все услуги, внутри чисто, а снаружи есть парковка!",5,
125,Лариса Высоцкая,2022-11-21 19:17:45,Современный офис. Вежливый персонал. Минимальное время ожидания. Исчерпывающие ответы.,5,
126,Ольга Козлова,2023-04-20 10:03:05,"Просто отличное отделение банка. Всё быстро, вежливо, без очередей. На входе встречают доброжелательные девушки.",5,
127,Виктория Г.,2023-01-15 18:36:10,"очень довольна, прекрасные условия и по кредитным картам и бизнес счетам, ушла из Тинькофф.",5,
128,Елена А.,2022-10-02 10:57:42,"Все специалисты очень грамотные и компетентные, всегда могут ответить на интересующие вопросы",5,
129,Анатолий Смирнов,2024-03-13 21:45:01,Отличный персонал,5,
130,Арсений Крафт,2022-10-11 07:57:13,"Чистое отделение, но конечно слушать брифинги пока стоишь у банкомата это странно, найдите другое место для собраний.",4,
131,Никита Б.,2023-01-08 19:58:58,Использую эквайринг от этого банка по совету коллеги. Именно тут подписывал все документы. Условия очень даже: Тех поддержка круглосуточная и отвечают быстро. Нареканий ещё не было.,5,
132,Илья Гимпель,2022-12-21 15:16:43,Сотрудники отделения помогли решить проблему! Отношение очень доброжелательное.,5,
133,Роман Хананов,2024-04-02 17:33:23,Удобный банк,5,
134,Александр Игнатов,2023-02-22 18:47:10,"Выручает по терминалам. 
Но сам банк наглеть стал, кредитка под 69,99% годовых",5,"Здравствуйте, Александр!
Кредитной картой можно пользоваться без процентов. Если вы укладываетесь в льготный период, то проценты не берём."
135,Егор Шабров,2024-04-10 08:27:02,"Никаких скрытых сюрпризов, только четкость и прозрачность.",5,
136,Кир Платонов,2023-08-31 13:34:43,Туалет сделайте для клиентов!!! Позорище,1,Здравствуйте! Примем во внимание 🙌🏼
137,Гульназ Рамеева,2023-05-26 05:50:56,Однажды я случайно забыла свою карту в банкомате. Через 20 минут сотрудник связался со мной и сообщил о моей потере. Спасибо !,5,
138,Разгувене Маргарита,2023-06-24 11:11:26,Все хорошо.Профессиональные менеджеры.,5,
139,Марина Кубатина,2023-10-22 11:46:19,"Подождала в очереди, но кредит был оформлен. Достойно, но с ожиданием.",5,
140,Денис З.,2023-05-08 18:12:43,"Отделение норм, правда банк весьма странный",3,"Здравствуйте, Денис!
Почему сложилось такое мнение?"
141,Юлия Артемова,2023-10-28 14:30:02,Ценю общение с профессионалами. Мне помогли правильно оплатить кредит.,5,
142,Елена С.,2022-12-28 14:09:19,Я понимаю что это отделение нового формата! Но кассу можно сделать!,1,"Добрый день, Елена! 
Спасибо, что обратили на это внимание. Рады любой обратной связи. Возьмём это дело на заметку. Возможно, что в ближайшем будущем касса появится."
143,Евгений Кузьмичёв,2022-12-31 22:44:11,"Увы, но в отделении нет кассы... Кому как, но для меня странно...",4,"Здравствуйте, Евгений!
Да, пока касса есть не во всех офисах.
Отделение с нужным функционалом можете найти на нашем сайте: alfabank.ru/office/map"
144,Александра Павлова,2023-03-27 12:17:27,"Пишу так как меня просто спасли! Дали отсрочку по кредиту!. Спасибо Альфа банку за то, что идёт навстречу в такой кризис, как сейчас!",5,
145,Сергей Напреенко,2024-02-11 18:40:13,Супер👍,5,
146,Маруся,2022-08-26 06:48:38,"Современный офис, хорошее обслуживание.",5,
147,Марина Девяткина,2022-11-14 12:00:21,"Много места, но долгое обслуживание.",4,
148,Aleksandr Bykov,2022-07-03 10:53:04,"Супер, просторно, современно …",5,
149,Виктор,2022-09-20 14:12:46,Возможно снять валюту только по грабительскому курсу! На 10 руб разница от других банков!,1,
150,Алексей Т.,2022-07-17 18:46:28,Все хорошо 👌,5,
151,Владимир Юрьевич Р.,2022-11-14 18:29:35,Молодцы,5,
152,Aleksandr Z.,2022-10-27 20:01:17,Спасибо,5,
