,name,date,text,stars,answer
0,Артём Доронин,2024-01-24 17:12:19,"Заказывали стикеры для детей. Очень удобная привязка к родителям, вся ответственность на вас и круто, что для этого дается доступ. Дети пользуются стикерами с удовольствием, хороший продукт)",5,
1,Андрей Мизеркевич,2024-01-02 13:22:00,"Отличный банк, оформлял вклад всё сделано быстро и понятно и % хороший. Работают профи, всем советую. На сегодня в этом банке лучшие предложения по вкладам и картам для физических лиц.",5,
2,Курсы Бесплатно,2024-01-18 20:14:28,"В офисе чисто и уютно. Нет бумажного хаоса. Большинство документов в электронном формате, что делает процессы удобным) эцп признана действительной",5,
3,Lis MUaser,2024-01-08 16:37:52,"Доставили кредитную карту курьером, но не сказали кредитный лимит отказан 2 недели добивалась по горячей линии и от курьера, почему не вижу ее на экране в личном кабинете и только после 1 месяца долгих звонков это выяснилось! Банк не рекомендую не порядочно сначала навязывать карту, в потом самому выяснять 👎",1,"Здравствуйте! 
Отказать в оформлении кредитной карты можем на любом этапе. 
Напишите, пожалуйста, на нашу почту smm@alfabank.ru когда и с какого номера звонили на горячую линию, прикрепите скриншот отзыва. 
Проверим работу сотрудников."
4,Рамзес,2024-04-08 19:21:01,"Да обслуживание отличное, консультанты Оля вежливая и грамотная. Немного тесноватое посещение но на итог моего обращения это не повлияло",5,
5,Ленара Ниязова,2023-09-24 12:27:06,"Абсолютно согласна с ранее написанными отзывами касательно звонков и передачи личных данных третьим лицам! 
Как только оформила карту в Альфа банке, сразу начали звонить ***, появилось очень много звонков. Хотя ранее я пользовалась услугами и других банков. 
Более того, сотрудники Альфа банка постоянно названивают с предложениями различных услуг. Я оооочень много раз просила, потом начала требовать перестать звонить, поскольку у Альфа банка ничего приобретать нет желания. 
Мои просьбы и требования игнорируются!!! Более того еще и приходят в место работы (магазин) с предложением оформления различных услуг (открытия расчетного счета, карт, и так далее), что вообще нонсенс!!",1,"Здравствуйте, Ленара.
Мы серьёзно относимся к данным клиентов, и 3-им лицам их не передаём. smm@alfabank.ru
Напишите, пожалуйста, нам на почту: smm@alfabank.ru, номера телефонов с которых вам звонили и на какой поступал звонок, также приложите скриншот отзыва. В теме укажите Жалоба. Яндекс. Ленара Ниязова. Всё проверим и разберёмся."
6,Яна Дергунова,2024-02-03 09:47:28,"Простояв 40 минут в очереди с ребенком + на 9 месяце беременности ушла … Работала только 2 оператора из 6 !!!
Нет отдельной очереди для беременных , пожилых и с детьми ! В отделение душно невозможно .",1,"Здравствуйте, Яна.

Каждый сотрудник выполняет определённые задачи.
Скорость обслуживания зависит не только от количества сотрудников и клиентов, но и от сложности вопросов. Стараемся сократить время ожидания, насколько возможно."
7,Виктор С.,2023-08-25 20:26:40,"Осторожно !
Сотрудники аффилированы с криминалом!
У меня списали деньги с карты в пользу третьих лиц в Ульяновске безо всяких уведомлений, смсок и прочих оповещений (и тем более разговоров из тюрьма-банка), узнал об этом когда пришёл в альфа банк по поводу смс оттуда о блокировке карты.
В СО ОМВД РФ Ц/р Калининграда возбуждено уголовное дело № 12201270015000120, я потерпевший, надеюсь всю эту кампанию возьмут за одно место или хотя бы заставят делиться с органами, ну вы поняли.
Следствие и сами опрошенные сотрудники местного отделения сообщают что случай не единичный, бегите оттуда !
Спасибо за внимание, Виктор Суховский, Калининград",1,"Здравствуйте, Виктор.
Напишите, пожалуйста, нам на почту: smm@alfabank.ru ФИО, дату рождения, а также приложите скриншот отзыва. В теме укажите Жалоба. Яндекс. Виктор С. Всё проверим и разберёмся."
8,Валерия,2023-11-30 12:23:04,"Все быстро, вежливо и профессионально! Буду обращаться только сюда! Молодцы!",5,
9,Анастасия,2024-04-04 15:59:03,"Обслуживание безупречное: быстрое, вежливое и всегда приветливое. На кассе всегда можно получить консультацию, все расскажут, покажут и объяснят. Большое спасибо сотрудникам!",5,
10,Оксана А.,2023-10-18 12:12:52,"Мне нравиться приходить с обращением в этот филиал. Сотрудники грамотные, коммуникабельны. 
Отдельное Спасибо Евгении, вежливая, знающая свою работу!",5,
11,Диана Скодтаева,2024-03-06 21:24:05,"В этом банке всегда отзывчиво помогают пенсионерам, внимательно выслушивают и терпеливо отвечают на все вопросы. Это действительно огромный плюс, так как не во всех банках такое встретишь. Говорю это, потому что моя бабушка ходила сюда и осталась довольна обслуживанием.",5,
12,Вероника К.,2023-11-24 06:51:08,Персонал в отделении всегда дружелюбный и готовый помочь. Чистота и аккуратность в зале. Удобное местоположение отделения рядом с остановкой,5,
13,наталья б.,2023-04-08 09:55:47,"Пришла в офис впервые. На входе встречала очень вежливая девушка, которая направила к нужному специалисту. В очереди не стояла ни минуты. Специалист, оформлявший карту, подробно рассказал про все плюсы карты, помог установить мобильное приложение, рассказал, как начисляется кеш-бек. Вообщем, все четко, бнз дишней воды и навязывания лишних услуг. Посещением банка осталась довольна: красивый офис, достаточно компетентные специалисты.",5,
14,Владимир Морозов,2024-01-30 13:49:01,"Кредитка хорошая, пользуюсь ей частенько, в приложении сразу вижу сколько потрачено и какой остаток по лимиту, удобно",5,
15,Арина Зуб,2023-05-10 13:48:21,"Я приятно удивлена отличным уровнем обслуживания в Альфа-банке, который отличается эффективностью и профессионализмом. Ни разв не уходила в плохом настроении из отделения, так как сотрудники тут настоящие профессионалы, которые качественно решают любой вопрос клиента",5,
16,Инкогнито 6737,2023-04-07 17:52:00,"Очень внимательно, чётко объяснила, помогла оформить все документы. Получил банковские карты. На следующий день оформил все последующие рекомендации банка. Очень доволен обслуживанием нас, клиентов, оперативностью. Больше спасибо!",5,
17,Элина И.,2024-02-03 21:31:44,"Все здесь быстро, вежливо и эффективно! Отделение удобно расположено, рабочее время удобное, операционисты всегда готовы помочь.",5,
18,Dmitry,2023-06-23 12:28:05,"Хотели открыть товарищу счет по загран паспорту в другом банке- отказ. Здесь вооообще без проблем👍
Замечательный сотрудник Дарья все оперативно сделала: открыла счет, провела платежи. С улыбкой и профессионализмом.
Рекомендую банк!
Сам давно им пользуюсь. Отличная поддержка и хорошие отделения.",5,
19,Ксения Исакова,2024-04-09 13:07:40,Выбрала это отделение для консультации по вкладу и не пожалела. Получила подробную информацию на этот счет,5,
20,РГ,2023-06-16 17:16:21,"Сегодня получила вторую СМС, что у меня кредит до 2028 года. Пошла разбираться. Сотрудница схватила мой паспорт и начала все страницы просвечивать, думаю, копии делать. Сказала, что кредит взял другой человек, а я должна справку принести, что это мой телефон, а кому слать СМС им все- равно. А я думаю, может это все срежиссировано, чтобы меня развести?",1,"Здравствуйте, Римма! 
Любой человек, который оформлял кредит, мог допустить ошибку в анкете и указать номер телефона по ошибке. По этой причине вам могли поступать смс. Такую проблему решаем с лёгкостью, удаляя ваш номер из системы. Чтобы во всём удостоверится, мы обязаны сверить данные паспорта."
21,игорь с.,2023-07-02 15:50:51,"Сотрудники банка не компетентны, вводят граждан в заблуждения, обманывают, ради своей личной выгоды, больше никогда не обращусь к данному банку и другим советую ни в коем случае не обращаться. В банке говорили одно на выходе все иначе, все договора делают под свою выгоду. Не советую по всем параметрам, буьте умнее граждане ......",1,"Здравствуйте, Игорь.
Не похоже на нас 😳 Хотим проверить работу коллег. 
Пожалуйста, расскажите подробнее о своём опыте на почту: smm@alfabank.ru. 
В письме прикрепите скриншот отзыва, а также ваши ФИО и дату рождения."
22,Максим Якимов,2023-11-12 13:45:19,"Обслуживание на высоте! Компетентные сотрудники всегда готовы помочь.Здесь нет очередей,все выполняется быстро и качественно.",5,
23,Инкогнито 9728,2023-12-23 12:39:12,"Несколько раз пользовался услугами банка, очень удобно и выгодно.",5,
24,Вадим К.,2024-03-16 14:01:18,"Быстро, без проволочек, просто и понятно. На все вопросы ответили в течении 10минут. Менеджер все понятно объяснил и показал. В целом, обслуживание отличное.",5,
25,Женя Степанова,2023-05-27 09:45:11,"Лояльные сотрудники в отделении банка, радует уровень сервиса. Действительно стараются все условия рассказать/объяснить, а не отделаться от клиентов поскорее. Так что к посещению рекомендую, однозначно!",5,
26,Мария Степанова,2023-12-20 11:36:38,"Хороший, стабильный банк. Чуткие, молодые сотрудники. с такими не пропадешь в случае чего))",5,
27,Ксения Степанова,2023-06-26 08:05:50,"Я благодарна Альфа-Банку за то, что они помогли мне реализовать мою мечту. Я взяла у них потребительский кредит на обучение за границей и получила много полезного опыта и знаний.",5,
28,Игорь Кулаков,2023-12-09 13:23:28,Приходится ждать в очереди около 20-30 минут а так обслуживание проходит очень даже хорошо,4,"Здравствуйте, Игорь! 
Простите, что заставили долго ждать. 
Стараемся решать вопросы клиентов быстро, но из-за высокой нагрузки и разной сложности вопросов иногда не справляемся."
29,Ирина TF-066 Оператор,2023-07-06 13:21:47,"Постоянно пользуюсь услугами этого отделения, персонал могу только похвалить. Никто никого не задерживает, помогают разобрать любой вопрос и продукт банка. Так же много банкоматов-большой плюс)",5,
30,Артемий Г.,2023-01-22 06:56:34,Очень приветливые и вежливые сотрудники! Все быстро и четко! Обслуживание на высшем уровне! Я очень доволен! Спасибо огромное!,5,
31,Инкогнито 2920,2024-01-22 13:40:54,"Маленькое помещение, но менеджеры справляются с очередью, хотя надо будет подождать минут 30.",5,
32,Носкова К.,2023-12-25 17:52:33,"Много отделений по городу, персонал всегда вежлив и помогает. Очень довольна долгим сотрудничеством без проблем.",5,
33,Роксана Назырова,2023-10-16 20:51:21,"Впечатляет отсутствие очередей и хорошо оборудованное отделение, которое позволяет клиентам легко получить необходимые услуги. Офис просторный и приятный для посещения",5,
34,Диана К.,2022-09-21 20:28:05,"Офис со свежим интерьером, даже в томительном ожидании освободивщегося специалиста находится приятно както)) Сотрудники грамотные и свое дело знают, так ято подробно объяснили, что такое ИИС, какие есть тарифы, про налоговый вычет и тп",5,
35,Грушина Ирина,2023-06-15 18:36:59,"Хоть и в отделениях банка часто очереди, загруженность высокая у сотрудников, но даже под конец рабочего дня сотрудники банка максимально лояльные и доброжелательные!",5,
36,melnikyx,2023-06-09 09:37:29,"Спасибо альфа банку за быстрое и легкое оформление кредита. Процентная ставка ниже, чем у конкурентов, а платежи удобно контролировать через приложение.",5,
37,R39,2022-11-04 09:14:52,"Пришел в банк в начале года обновить паспортные данные, более ничего не нужно было, но сотрудница поменяла без моего согласия условия обслуживания (по ее мнению так дешевле, но не учла что в 2 с лишним раза меньше стало кешбэка, который с огромным перевесом окупал все доп комиссии по карте). Заметил я это тока через 3 месяца, так как был в командировке 2 месяца и не пользовался картой, когда увидел меньшие начисления через месяц, стал разбираться. Написал об этом в банк, они в итоге через 2 месяца, хоть и долго, но откатили условия назад, за что спасибо. Но при этом перерасчёт кэшбэка сделать отказались за предыдущие месяцы. На просьбу дать развернутый ответ почему, в чем моя вина? Отвечали: Перерасчета не будет.

Будьте аккуратны в данном банке. За ошибки своих сотрудников банк ответственности не несёт.",1,
38,Андрей Федотов,2023-09-23 18:19:41,"Отделение банка всегда поддерживается в идеальной чистоте и порядке. Очереди здесь минимальны, терминалы всегда функционируют, и месторасположение просто отличное. В целом, ничего выделить и критиковать не могу - это действительно хороший банк.",5,
39,Валерия,2023-06-04 20:06:55,"Много отделений банка. Даже в самых мелких городах хотя бы одно, но будет. Говорю как человек, который часто разъезжает по стране. Банкоматы раньше были кнопочные, а сейчас сенсорные.",5,
40,Михаил Веселов,2022-06-18 12:55:25,"Обслуживание зависит от специалиста на которого ""попадешь"". Бывает, что попадаются очень грамотные люди, целью которых тебе действительно помочь... Но прошлый мой визит мне не помогли и не предложили альтернативных вариантов...Пришлось пару дней шерстить интернет, разбираться в банковских делах и разбираться самому. Разобрался. Благо служба поддержки другого банка помогла. 5 лет пользовался этим банком - удобное приложение и все устраивало. Но последний визит подпортил картину.",3,
41,Дмитрий Некрасов,2022-09-16 07:09:48,"Данное отделение Альфы для меня ближайшее. Поэтому я прихожу гасить свой кредит именно сюда. В этот раз я очень торопился , так как это был последний день погашения кредита. Поэтому надо было сделать все по-быстрому. И как на зло, банкомат по-страшному тупил. Обратился к консультанту, мне любезно помогли все оперативно сделать. Очень быстрая и качественная помощь получилась.
Спасибо сотруднику!",5,
42,Станислав Руденко,2023-01-19 08:04:26,"Во что бы то не стало, решил закрыть кредитную карту и перейти на дебетовую. Предложение было отличное(тем более от Альфы), карту бесплатную можно было у них открыть. Ну я и воспользовался им, зашел в отделение банка и оформил ее. Теперь никаких кредиток, никому ничего не должен.",5,
43,Ника Н.,2022-11-10 16:20:55,"Спасибо сотрудникам банка за то, что разрешили мою проблему с переводом. Отправила деньги с карты не на тот счёт, заволновалась, что не смогу теперь найти перевод и вовремя оплатить вовремя бронь. Стала звонить в поддержу, но линии были заняты, написала им в приложении Вконтакте прямо в личку , ответили достаточно быстро, уточнили детали операции и вернули деньги обратно на счёт. Просто спасли!",5,
44,Светлана Дармаева,2024-02-15 23:12:34,Это отличный банк! При использовании услуг этого отделения я всегда чувствую себя в безопасности. Профессиональный персонал всегда готов оказать помощь.,5,
45,coffeek,2022-10-20 15:29:04,"Добрый день! Хочу выразить огромную благодарность работнику банка, девушке работающей на консультации клиентов при входе в банк. Помогла мне в решении моего вопроса быстро и грамотно, тем самым с экономила мне много моего времени.",5,
46,Максим Ларионов,2022-10-21 08:42:47,"Очереди, конечно, есть, но обслуживанием в целом очень доволен. Менеджеры довольно приятные и умные, в продуктах разбираются и знают, как клиенту будет лучше",5,
47,Алина Б.,2023-01-10 12:28:26,"На сегодняшний день это лучшее отделение в городе. Обслуживание быстрое,вежливое. Всё на высшем уровне. Работают только хорошие люди. Спасибо Вам за Вашу работу.",5,
48,Александра Васина,2024-02-10 16:39:36,Очередь километр. Долгое ожидание. 2 звезды только зп чудесных девушек,2,"Здравствуйте, Александра! 
Простите, что столкнулись с долгим ожиданием. 
Стараемся решать вопросы клиентов быстро, но из-за высокой нагрузки и разной сложности вопросов иногда не справляемся."
49,marshwalforevertoha,2022-07-20 11:27:52,"Посчастливилось познакомиться с Альфа-банком благодаря работодателю. Сначала зашел к ним как зарплатный клиент. На этой неделе еще забрал обычную дебетовую карту. Всё делают со вкусом и в своем стиле, от приложения до физического офиса. Обслуживаться одно удовольствие. Комфортно разместился для ожидания в очереди, ждал около 5 минут, проконсультировали по всем вопросам, никаких страховок и кредитных карт не навязывали. Приятно, одним словом.",5,
50,Анна,2022-11-11 15:33:54,"Отличный офис, при входе всегда стоит консультант который поможет и объяснит как пользоваться этими всеми электронными штуками, сам имею и дебет и кредитную карту, уже не первый год. Первая просто с приятным кешбэком, а вторая выручает в трудную минуту",5,
51,Ричард Лобов,2023-11-26 17:09:11,"Отличное отделение, обслуживание быстрое",5,
52,Мария У.,2022-11-13 13:16:48,"Все окей,выдали карту за 15 минут - для меня это очень быстро, я закладывала больше времени на всякий) Пока что единственный небольшой минус это очереди, но тут время подбери и все окей будет)",5,
53,Анжела,2024-03-11 15:52:34,"В данном офисе работают прекрасные сотрудники.Захожу туда редко, так как 90% операций делаю через сайт или личный кабинет. Кстати,спасибо за удобство и быстроту работы сервисов!",5,
54,Мурыгина В,2022-09-18 06:04:59,"Приятный офис, много сотрудников, есть банкоматы. Консультанты помогают по вопросам и консультируют по услугам, которые можно самостоятельно произвести в банкомате или в приложении",5,
55,Виктор,2023-12-31 18:47:37,"Пришлось уйти, может и хороший банк не мне судить, сейчас в тинькофф, как-то так.",3,"Здравствуйте, Виктор!

Напишите, пожалуйста, нам на почту: smm@alfabank.ru все подробности вашей ситуации, ФИО, дату рождения, а также приложите скриншот отзыва с указанием города, адреса отделения и даты обращения. В теме укажите Жалоба. Яндекс. Виктор. Всё проверим и постараемся помочь."
56,Dmitriy Ushalov,2022-08-30 10:43:50,"Все супер, персонал вежливый, очень хорошее расположение отделения. По картам тоже все устраивает, выгодно и просто пользоваться.",5,
57,таня,2024-03-13 12:32:49,"Очень долгое ожидание , кошмар просто , почему нет большого отделения (",1,"Здравствуйте, Татьяна.
Иногда очередь может быть дольше, чем обычно.
Каждый вопрос стараемся решать быстрее.
Извините, что заставили ждать."
58,андрей к,2023-06-04 17:44:14,"Открывал зарплатную карту. Сделали быстро, очереди почти не было. Приветливый персонал. Надеюсь в дальнейшем не разочаруюсь.",5,
59,Inna,2024-04-09 17:56:54,"Я часто пользуюсь услугами этого банка и недавно решила получить кредит. Мне было предложено значительное количество, и оформление прошло гладко.Я полностью удовлетворена.",5,
60,Игорь Изотов,2022-06-29 07:43:36,"Навязчивость персонала банка заходит за все границы. Вам могут звонить и в восемь утра и названивать по десять - пятнадцать раз на телефон, при этом звонки идут с разных номеров, как будто люди не понимают если блокируют номер с которого они звонят, значит с ними не хотят разговаривать вообще, нужно звонить с другого номера. Как можно доверить свои деньги такой неадекватной и навязчивой, хамской организации? 
Самое интересное, что даже после опубликования отзыва звонки не прекратились. Не даром столько негативных отзывов про Альфа-Банк, точно идут ко дну, раз не стесняются быть такими навязчивыми.",1,
61,Иван Б.,2022-12-07 10:24:41,"Всегда для перевода средств пользовался мобильным приложением этого банка , но с некоторых пор оно плохо работает. Узнал в отделении, что быстрее всего будет теперь проводить эту операцию онлайн через интернет - банк. Действительно, не плохо работает.",5,
62,Vova25061991,2023-08-08 06:51:00,Если вы решили оформить продукт этого банка то готовьтесь что вам потом будут звонить *** потому что банк передаёт вашу личную информацию третим лицам,1,"Здравствуйте!
Данные мы не передаём посторонним — это исключено 🙅🏼♂️ Такие данные как, например, номер телефона, ФИО и даже банк легко достаются из других источников: соцсети, Интернет-магазины, службы доставки — любое место, где мы просто так оставляем информацию о себе. Важно помнить самые простые правила на звонках: не говорить свои данные, не называть коды из смс, не переводить деньги на «безопасные» счета, не устанавливать сомнительные приложения."
63,Vad RAT,2022-10-17 11:13:35,"Я просто карту получить заходил, так что ничего сверхсекретного не ожидал, но после общения со специалистом остались очень добрые впечатления =) Девушка была очень милой, позаботилось о моем знании условий карты и вообще как-то поговорила со мной по отвлеченной теме. Прикольно",5,
64,Елена Ч.,2022-07-29 07:39:00,"Долго искала себе новый банк, где можно хранить сбережения и остановилась на Альфе. Хорошие условия по вкладам и по накопительным счетам, найти выгоднее у прямых конкурентов сейчас почти невозможно. Кредитные продукты тоже нравятся, но проценты пока оставляют желать лучшего.",5,
65,Андрей Аброскин,2022-10-24 10:24:50,"При некорректной консультации с сотрудником банка проценты вместо 200рублей составили более 15тысяч.На обращение в банк говорят что за своих сотрудников они не отвечают, разъяснения их сотрудников не имеют значения и читайте договор. При этом без оповещения подключают страховки. За что господа банкиры тогда отвечают? Только за своё обогащение.",1,
66,Bulat ___1449,2022-10-18 10:14:54,"Устроило обслуживание и условия по дебетовке, кешбэк выходит очень солидный при ежедневных тратах. По многим вопросам, если сам разобраться не могу, иду в отделение. Бывают очереди, но консультации стоят этого ожидания",5,
67,Darya O.,2022-10-18 09:01:16,"Офис на Ленина 31 с отличными профессионалами в штате, общаться с ними одно удовольствие)) Помогли понять как сделать перевод по платежке, теперь я смогу делать это сама онлайн экономить время)",5,
68,Vadim G,2023-06-02 12:14:39,Альфа меня много раз выручал. Вот и недавно я обратился в Альфу за кредитом. Оформил быстро. Нужен был только паспорт.,5,
69,Евгения Горюнова,2023-10-08 18:47:24,"Прекрасный банк, менеджеры профессионалы, особенное спасибо Евгении!",5,
70,Алина Дьякова,2023-03-02 14:42:48,"Несмотря на очередь, персонал улыбчивый и отзывчивый, стараются решить вопросы оперативно",5,
71,Сима З.,2022-08-22 09:24:50,"Все здорово, консультанты общительные, всегда готовы помочь , и ответить на интересующие вопросы. Почти никогда нет очереди к банкоматам, за это отдельное спасибо!",5,
72,Ирина,2022-08-11 11:58:54,"Нравится формат обслуживания и расположение офиса. Нет никаких проблем в работе с банком, всегда идут на встречу) Хочу отметить также мобильный банк, работает без ошибок даже на моем стареньком аппарате.",5,
73,Андрей К.,2022-11-23 20:36:17,"Сотрудники отделения обманывают клиентов, при получение потребительского кредита навязывают страхование, обещают что при досрочном закрытие кредита можно вернуть не востребованную часть страховой премии. А по итогу оказывается что нельзя. Не рекомендую обращаться.",1,
74,Ольга Соколова,2023-02-17 18:47:47,"Очень радует , что Альфа не отменили Визу, Мастеркард и кэшбэк. Поэтому все круто, высший балл!",5,
75,Анна Сысина,2022-04-30 09:01:17,"Будьте осторожны!
Я ещё осенью 21го вывела все деньги из банка, но счёт и карту оставила на всякий случай. Сегодня закрыла там всё. 
Первая причина была обман со стороны банка о вознаграждении «приведи друга». Его просто решили на платить.
Сегодня последней каплей стала комиссии 1,95% за то что я подтянула деньги через другой банк. Об этом у меня нет ни одного оповещения в приложении, на почте, на телефоне.
Так же они стали брать комиссию за пополнение мобильного телефона, при этом данная комиссия никак не обозначается в приложении, а просто списывается постфактум.",1,
76,полина,2023-02-11 21:43:09,"Три раза посещала данный филиал банка. Два из них неудачно. Создаются впечатление, что сотрудники во -первых, не очень то тебе и рады, во-вторых, не слишком профессиональны.",2,"Здравствуйте, Полина! Напишите, пожалуйста, на нашу почту smm@alfabank.ru подробнее о вашем обращении в отделение. Укажите ваши ФИО, дату рождения, когда обращались, прикрепите ссылку на ваш отзыв. Проверим работу сотрудников."
77,Юлия К.,2023-12-19 17:15:19,Помощь с небольшим вопросом была оказана быстро и понятно. Удобно добираться!,5,
78,pirojok,2022-08-30 09:19:32,"Очереди действительно напрягают, но это сейчас везде. Само обслуживание и офис нравится, все чистые, аккуратные, понимающие и заботливые",5,
79,ollylolly gladkova,2023-08-29 19:59:20,"Хотелось бы выделить, что сотрудники проявили терпение и вниманием к моей проблеме. Они помогли мне составить заявление и всегда находились рядом, чтоб удостовериться, что проблема была успешно решена",5,
80,Макс Кальницкий,2024-01-15 12:27:12,Если планируете состариться в очереди- Вам сюда.,1,"Здравствуйте, Макс! 
Простите, если столкнулись с долгим ожиданием. 
Стараемся решать решать вопросы клиентов быстро, но из-за высокой нагрузки и разной сложности вопросов иногда не справляемся."
81,Никита,2022-08-09 11:48:07,"Впервые стал клиентом, когда получал зарплатную карту. Тогда особо не разбирался в банках да и накоплений не было. Когда увольнялся, карту решил закрыть. Неделю назад снова вернулся в альфу из-за высоких ставок по счетам. Карта дебетовая тоже хороша, полностью бесплатная да и с кешбэком хорошим. Пока все нравится, будем смотреть дальше",5,
82,Данил К.,2022-12-06 09:36:19,"Не мог оплатить услуги через интернет банк, позвонил уточнить, как это правильно сделать. Пришлось долго ждать, пока соединят меня с оператором. В итоге просто написал им в социальной сети и со мной связались и все рассказали.",5,
83,София С.,2022-10-21 13:27:37,"Разрешили зайти в офис с кошечкой в переноске, весь офис умилялся с нее) Стали прям звездочками местными на 5 минут аххахаха. Специалисты отделения зайки, очень отзывчивые и позитивные люди",5,
84,Марина Шишканова,2022-11-16 10:44:48,"Спасибо работникам банка за высококачественное обслуживание: грамотные, вежливые и очень компетентные.",5,
85,Бема,2022-01-27 15:51:02,"В целом не плохой банк. Но вот само обслуживание. Талоны на обслуживание брать не разрешают, менеджер выдаёт их только перед тем, как сесть на обслуживание-думаю связано это, чтобы не портить статистику отделения по времени ожидания клиента на общем рейтинге отделений по стране. 
У зарплатного клиента запросили справку 2НДФЛ с печатью, чтобы просто сделать предварительный расчёт на реф кредита. Разве у зп клиента нет преимущества, что ты можешь подать заявку лишь по паспорту? Зп белая, не маленькая и более полугода приходит. Предложила менеджеру прислать выписку ПФР с госуслуг, тоже не устроило. Бред бредовый. Даже предварительный расчёт не сделали.",3,
86,Владимир Г.,2022-10-09 21:21:02,"На отлично прошел прием, хотя я ничего не ждал особо, но впечатления хорошие. Расположение удобное, график работы тоже ок, персонал умеющий думать =)",5,
87,Вячеслав Никонов,2023-02-16 13:06:41,"Всегда было какое то недоверие Альфа. Банк красивый, но дорогой. Но … и тут просто выписка по закрытому счету- 2000 руб. Круто!!! Обходите стороной! Не ведитесь на красоту.",1,"Здравствуйте, Вячеслав!
Если счёт был закрыт, то он не может быть в минусе. 
Напишите, пожалуйста, ваши ФИО и дату рождения на smm@alfabank.ru. Также прикрепите ссылку на отзыв. Проверим и поможем решить вопрос."
88,Алена Гудкова,2023-12-13 18:24:16,Обращалась не раз за кредитом -всегда высокий уровень обслуживания . Считаю это отделение лучшим в городе .,5,
89,Мария Минина,2024-04-13 19:27:06,Обратилась в Альфа банк по рек омендации коллеги.Оформила кредитную и дебетовую карты для зарплаты.Удобно оплачивать покупки безналично.,5,
90,Яна Ангел,2023-03-17 18:48:47,"Удобное и простое в использовании приложение, всегда можно решить любой вопрос без посещения офиса",5,
91,Ильяс Шарипов,2022-12-05 15:35:12,"Меня всё устраивает, являюсь клиентом Альфа-банка уже четыре года. Обслуживание на высоте, по услугам тоже всё хорошо.",5,
92,Сергей Митрофанов,2022-09-13 07:44:06,Второй раз приезжаю в это отделение и в этот раз попался понастоящему заинтересованный менеджер. И позвонил сам за нас и бумаги распечатал и все оперативно сделал. Спасибо большое!,5,
93,Инкогнито 9448,2023-02-21 16:18:53,"Добрый день, выписку по счету моей компании передали моему бывшему работодателю. Теперь они знают обороты, клиентов. Что у вас с безопасностью в банке творится?",1,"Здравствуйте!
Расскажите подробнее, что произошло. Напишите нам на почту smm@alfabank.ru, разберёмся. Также прикрепите ссылку на отзыв."
94,Архип Моисеев,2023-03-17 17:03:43,"Замечательный банк с выгодными предложениями. Я полностью доверяю этому банку, периодически делаю вклады под проценты.",5,
95,Ксения Романова,2023-07-06 19:00:08,Компактное отделение в центре в удобной доступности,5,
96,Real Madrid,2022-10-28 19:38:55,"Очень удобная веб версия, пользуюсь,хотя мне уже много лет. Я клиентка банка,думала ничего у меня не получится, но сотрудники помогают справиться и найти информацию.",5,
97,Юлия Денисова,2022-08-26 11:36:57,"Мне хочется сказать большое человеческое спасибо службе мониторинга как за грамотно введённые ограничения (я их не заметила, а траты в последнее время были крайне шаблонными), так и за оперативность.",5,
98,Юрий Баранов,2023-03-12 18:09:00,"Об Альфа банке хочется говорить только хорошее , все всегда на высшем уровне, всегда все по делу без лишних проблем.",5,
99,Адель Гоцман,2022-07-22 15:48:15,"Хочу оставить благодарность сотрудникам группы поддерки в ВК, которые помогли мне вчера разобраться с неправильным заполнением при переводе. Пыталась сделать перевод в бюджетную организацию, половину полней не знала как заполнить. Сотрудник мне помог, запросив платежку. Вроде все сделали нормально и перевод ушел 😊",5,
100,Шахзода Алиева,2024-03-30 19:08:52,Я довольна обслуживанием в этом банке уже более двух лет и считаю его лучшим в городе. Рекомендую всем!,5,
101,Кристина Малиновская,2023-07-30 19:23:21,"Отличный банк, сотрудники отзывчивые и компетентные.",5,
102,Светлана Соболева,2022-07-18 17:46:34,"Дважды за последний месяц обращалась и каждый раз время ожидания было минимальным, очередь электронная и милая девушка-помощница. Есть банкомат. Обслуживание профессиональное.",5,
103,SVETLANA N.,2024-04-28 15:57:41,Прекрасный банк! Я регулярно пользуюсь его услугами и остаюсь очень довольной.,5,
104,v3rapotap,2024-04-25 10:27:00,Обслуживание на высшем уровне! Оплата коммунальных услуг заняла не больше 10 минут. Рекомендую всем!,5,
105,Диана Наумова,2022-10-29 08:14:00,"В банке было много людей, меня это взволновало, я не ожидала и расстроилась, но напрасно. В итоге я осталась довольной, получила всю необходимую информацию.",5,
106,Елена Нечаева,2022-09-06 17:49:49,"Хорошее помещение. Сначала мне очень понравилось отношение к клиентам, пока не узнала, что консультант не сказал мне об очень важном, для меня, условии. Расстроилась. Звезду сняла за это.",4,
107,Дима Смирнов,2023-02-03 15:11:43,"Сотрудники очень вежливые и быстро решают любые вопросы. Я пользуюсь Альфой уже 2 года и мне очень нравится. Взял здесь вторую ипотеку, и даже немного обидно, что не первую, потому что проценты очень выгодные по сравнению с другими банками.",5,
108,Анонимный отзыв,2022-07-25 16:29:36,"Отвратительное отношение к клиентам. Одно сплошное враньё. Предлагают в приложении одни ставки, перезванивают все подтверждают а в итоге в офисе говорят таких предложений нет, ставка в два раза больше, откажешься от страховки будет в четыре раза больше.",1,"Здравствуйте, Александр!
Простите, что дезинформировали вас в вопросах ставок. Очень хотим провести работу, чтобы подобного не повторилось, поэтому если подскажите цифры, которые называли сотрудники, и адрес отделения, в которое обращались, были бы очень благодарны"
109,EDVARD KH,2023-04-07 18:35:20,"Очень приятный персонал,быстрое обслуживание, получил карту за 10-15 минут",5,
110,Анастасия Антонова,2023-08-27 16:38:48,"Это отделение выглядит обновлённым, видимо, недавно применили современные технологии. В отличие от других, здесь есть, с чем сравнивать.",5,
111,keliastel,2022-08-04 18:10:37,"Раньше банк осталял желать лучшего, но сейчас все координально изменилось, очень рада что вернулсь обратно к Альфе. Выгоднее обслуживания я не смогла найти.",5,
112,Артем Флипи,2024-04-10 18:11:03,Названивают по ночам автоответчики,1,"Здравствуйте, Артем!
Пожалуйста, расскажите обо всём подробнее, написав на почту: smm@alfabank.ru.
В теме укажите: Яндекс Карты / Артем Флипи. В тело письма вложите скриншот отзыва, а также ваши ФИО, дату рождения, номер телефона.
Всё проверим и поможем разобраться."
113,polzovatel.kld,2023-09-28 11:29:57,Пол часа так и не дозвонился. Луи Армстронг перевернулся там не раз за это время. Банк отстой,1,"Здравствуйте.
В моменты нагрузки можем ответить не сразу, простите за это 🙏
Можете свой вопрос написать нам на почту: smm@alfabank.ru"
114,Алина Б.,2023-05-25 09:22:55,Устроили условия по кредиту и я его оформила. Что порадовало – процесс не занял много времени.,5,
115,Владимир Каминский,2023-03-28 16:07:47,Задолбали звонками несмотря на то что уже с десяток раз просил их не звонить! Я никогда не был вашим клиентом и никогда не буду!,1,"Здравствуйте, Владимир!
Если вы не наш клиент, то звонить не будем. Напишите нам на почту smm@alfabank.ru с каких номеров звонили, ваши ФИО и дату рождения. Всё проверим. Также прикрепите ссылку на отзыв."
116,Ἀνδρέας,2022-06-04 11:36:14,"Сижу в очереди уже час. Сколько предстоит не знаю. Пришёл, чтобы забрать готовую карту. Ужас! Девочка на входе уговаривает не брать талоны, потому что работают всего два оператора, а людей очень много. Больше в этот офис не пойду, буду искать более работоспособный.",1,
117,Ильмира Мубаракшина,2022-10-31 18:09:41,"Работают до позднего вечера. В выходные тоже. У меня очень удобное расположение, рядом с офисом.",5,
118,Алия Гильманова,2022-11-08 11:47:17,"Лучшая система с кешбеком,которая сейчас есть у банков.Процент высокий и есть партнёры -ежемесячно около 1500 рублей возвращается",5,
119,Алекс,2023-07-04 09:19:15,Звонят каждый день с разных номеров и предлагают обслуживание ип. Бесконечный спам. Офис так себе.,1,"Здравствуйте. 
Пожалуйста, напишите номера, с которых и на какой звонят. Если это были мы, поможем отключить звонки. 
Пришлите ответ на почту: smm@alfabank.ru. 
В письмj вложите скриншот отзыва, а также ваши ФИО и дату рождения."
120,Юлия Денисова,2022-09-14 14:43:21,"Альфа банк использую во всех случаях жизни: что дебетовая карта на ежедневное использование, что зарплатная. Везде устраивают условия. Не жалуюсь.",5,
121,Влад Васильев,2022-08-05 11:48:10,"В отделении забирал только карту, всё прошло отлично. Больше ездить не приходилось, так как с таким мобильным приложением это делать не приходиться)",5,
122,Дмитрий Сергеевич,2022-05-08 13:28:27,"Я очень растроен что когда-то выбрал этот банк. Очень сложно попасть к оператору. Дозвонится не возможно. 20мин в очереди это для них не предел. Очереди созданы искусственно, при свободных специалистах мы стоим.. Скодское отношение к своим клиентам!",1,
123,Наталья Вязигина,2023-11-19 18:33:07,Там сидят спецы своего дела,5,
124,Ариадна,2023-08-23 11:12:24,"Работники хорошие, отзывчивые. Сам по себе банк просто отвратительный",2,
125,ЕВГЕНИЙ НОВИКОВ,2021-09-15 21:04:57,"Конечно работа банка нормальна быстрые переводы, работа везде ( африка западная, Сейшелы, исландия) также быстрая как и в россии и без лишних вопросов. Но вот взятие ПОПСОВИКА Моргенштерна на работу вызывает массу вопросов и сомнения уже появляются к банку. Если банк берет такую бездарность на работу, не является ли банк таким же бездарным и самое главное может это тот банк который спонсирует иллюминатов в России??? Я лично видя эту ерунду отказываюсь от услуг этого банка",1,
126,Савелий Наумов,2023-02-05 14:43:55,"В этот банк я хожу уже несколько лет и менять его не собираюсь. Всегда адекватное и грамотное обслуживание, сотрудники тактичные, в отделении конкретно этом меня всё устраивает. Спасибо, что вы есть!!",5,
127,Аяна Н.,2022-10-30 16:51:23,"Дозвониться иногда и правда сложно, но я дозвонилась. Не верьте тем, кто пишет, что дозвониться невозможно. Затратьте чуть больше времени просто.",5,
128,Светлана Кобец,2023-01-24 10:16:33,"Квалифицированные специалисты, все четко, грамотно и понятно",5,
129,Милана Аминева,2023-06-14 18:12:24,В апреле открыла накопительный счёт и не пожалела. Обслуживание было приятным.,5,
130,Алексей Дугин,2022-07-10 19:07:30,Хуже банка не придумаешь. Пару лет назад закрывал у них карты и света и что вы думаете? Приходят смс с обслуживанием говорят что никаких заявленийне было. Кароче сотрудники этой забегаловки филонят только в путь,2,
131,Петр Малахов,2023-06-09 13:03:49,В отделении царит спокойствие и порядок. Прям эталон среди других банков!,5,
132,Эльзара В.,2024-04-17 12:33:26,Открытие нового счета в этом отделении прошло гладко и без проблем. Я довольна сервисом,5,
133,Дарья В.,2022-10-17 11:35:38,"Не начислили повышенный кешбек, так как у продавца был неправильный мсс код, после обращения в отделение исправили ошибку и начслили как полагается",5,
134,Артём К.,2022-06-27 15:59:43,"Альфа наверное единственный частник, к которому столько доверия. Их карты принимают везде и кафе, и тц, и поликлиники. Я где только своей не платил + real кешбек!",5,
135,Анастасия М.,2024-02-19 21:12:20,Профессиональные и прозрачные сотрудники делают работу банка рекомендуемой,5,
136,Elfat K.,2023-02-20 05:43:30,"Достойно выстояли в этот период, не закрылись, работают. Стабильность-признак мастерства",5,
137,Ashot A.,2022-12-08 12:01:04,"Специалисты,знающие своё дело.
Приходил с вопросами по ипотеке для IT специалистов. Процентная ставка всего 4%,а сумма ипотечного кредита до 18мл., ребята подобно рассказали про все условия и не навязывали ничего лишнего,за что респект",5,
138,Владимир Кублицкий,2021-09-21 11:29:08,"Это Альфа-воры.
 в 2000 году они украли у меня стипендию. Данный вид мошенничества после описывали федеральные каналы. 
Коротко: закрыл кредит на ноутбук, а через месяц звонит служба безопасности и говорит, что вы не доплатили ... копеек теперь вам штраф 200 руб. (в то время я месяц зарабатывал эти деньги) и все люди платили (думая что они ошиблись с последним платежом), но в моем случае сотрудник банка делала последний платеж.",1,
139,Татьяна М,2022-10-15 19:52:14,"Банк зороший, но не всегда грамотные сотрудники. Тем не менее, проблемы решают все, если не сами, то с помощью других сотрудников",4,
140,Максим Ковалёв,2022-10-19 12:53:21,"Офис почти напротив работы, так что карту зарплатну получилось забрать быстро. Очереди не было так что всё быстро.",5,
141,Максим Комаров,2022-02-14 08:31:34,"5 лет назад закрыл кредит по карте, у карты срок годности кончился, а теперь эти из Альфа-Банка, звонят и говорят, что у Вас задолженность по кредитке, мол Вы кредит закрыли, а обслуживание счета не закрыли, вот и плати. Только эти лица, не определённой национальности, ждали 5 лет, что-бы позвонить и сказать об этом.",1,
142,Деркач М.,2022-08-17 10:19:58,"Именно это заведение можно назвать идеальным по работе с клиентами. Внимательные и компетентные сотрудники делают все, чтобы помочь и решить проблемы посетителей. Всем довольна! Компетентнее чем в Москве",5,
143,Екатерина Ниловская,2022-12-13 15:37:22,"Сотрудники почти сразу решают проблемы, оперативно и слаженно выполняют поручения и желанию клиента. Точно отвечают на все вопросы, и при этом уделяют внимание каждому клиенту. Отличный банк!",5,
144,Рома Т,2022-02-25 09:51:54,"Нормальный банк, переводы быстрые по России как и везде. Персонал вежливый, вопросы решаютбыстро и грамотно.",5,
145,Алексей Комаров,2022-02-14 08:40:02,"Столкнулся с тем, что закрыл кредитную карту, позвонил в банк, уточнил что еще необходимо сделать, что бы закрыть счет кредитный, сказали все в порядке)) Но спустя 2 года звонят уже с отдела взыскания и требуют погасить задолженность, якобы за обслуживание счетов",1,
146,Юлия,2023-05-10 14:27:23,"Оформление автокредита в Альфа банке быстрое и удобное ! Документы принимаются в электронном виде , а сам кредит предоставляют по выгодным условиям!",5,
147,Светлана Виноградова,2022-08-08 18:09:03,Удобное местоположение. Центр города. Людей мало. Быстрое обслуживание.,5,
148,Руслан Романюк,2022-07-16 15:43:07,"Понравилось обслуживание в отделении. Просто и быстро одобрили кредитку, плюс бонус выплатили за приглашение друга",5,
149,Арина Сешева,2023-03-04 09:50:46,"Стабильная, крупная компания, спасибо, что вам можно доверять",5,
