,name,date,text,stars,answer
0,Валерия Костяшова,2024-02-11 18:00:15,"Очень приятное обслуживание и персонал) Решили вопрос за три минуты, крайне вежливо и профессионально) И очень располагающая форма офиса, со столиками)",5,
1,попов ю.,2024-01-18 17:27:48,"Все супер.быстро,вежливо,грамотно .особенно понравилась сотрудник Мария.фамилию не помню.очень грамотно и понятно объясняет.",3,
2,Елизавета Каменева,2024-04-14 20:24:12,"обслуживающий парень очень понравился, профессионал своего дела
всё по делу, быстро и понятно
атмосфера так же располагает к себе",4,
3,Инкогнито 5099,2023-10-22 11:28:00,"Были здесь 21.10.23. Девушка, вероятно, ведущий консультант вела себя максимально странно. При входе в помещение банка при всех посетителях громко через весь зал спрашивала, что собственно нужно вам в банке; все посетители в этот момент поворачивались в сторону входящего и выслушивали его проблему. Такое отношение мне не понятно в банке. Человек может прийти с проблемой, которой не хочет делиться с посторонними. 
Когда зашла я и озвучила свою проблему, мне менторским тоном было сказано «А вы вообще в курсе, что за передачу своих данных третьим лицам сами несете ответственность?!». В банке пришлось просидеть минут 20, посетители всё приходили и приходили, но консультанты почему-то подходили ко всем, но не ко мне. Странное выборочное отношение к людям. В итоге просто встала и ушла. Не советую это отделение. Девушка, ведущий консультант, не знаю, как вас зовут, но сбавьте немного тон, когда общаетесь с посетителями!",1,
4,sailorsamoor,2024-01-28 18:40:52,"Альфа. Лучший банк для предпринимателя. Все для тебя, но не забывай платить, банк не социальная служба.

Я с ним несколько кризисов пережил - Альфа работал всегда.",5,
5,Александр Осипов,2024-02-16 11:40:13,"Хороший персонал. Всегда поможет, подробно расскажет обо всём. Находится в удобном месте.",5,
6,Ирина Платонова,2023-05-12 18:05:40,"Была здесь один раз, но очень уютно , вежливый персонал. Вообще хороший банк,пользуюсь кредитной картой,очень удобно. Рада,что теперь АльфаБанк есть в нашем районе.",5,
7,Александр Лузанов,2023-11-26 11:07:41,"Светлое отделение. Мало консультантов. 15 минут ждал чтобы получить карточку. 
В остальном. 
В остальном. 
В общем и целом удовлетворительно.",5,
8,Артур,2024-02-27 18:28:42,"Хорошее отделение, доброжелательные сотрудники, есть банкомат альфы жаль не круглосуточные, очередей не",4,
9,Lis MUaser,2023-12-29 18:07:57,"Отличные сотрудники, привезли карту на дом! 2 недели прошло а активировать так и не могут, Анна сотрудник на смс не отвечает, звонки игнорирует, не рекомендую",1,"Здравствуйте.

Отправьте, пожалуйста, письмо на smm@alfabank.ru В теме укажите ссылку на ваш отзыв, а в самом письме напишите ФИО и дату рождения, а также скриншот отзыва."
10,Никита Костюков,2023-10-07 13:26:38,"Изначально получил карту от курьера.Он не мог решить проблемы с авторизацией,сказал обратиться в отделение.Я пришел в сюда.Тут работают очень вежливые сотрудники,но решить проблему они не могли,перекидывали с одного сотрудника на другого.Потратил время в пустую.НЕ СОВЕТУЮ",2,
11,Петр Васильев,2023-12-31 13:47:50,Уютный офис. Приветливый персонал. Качественное обслуживание.,5,
12,Futodama,2023-09-09 21:35:58,"Просторный филиал. Мало персонала в выходные. Есть два банкомата, если необходимо. В зале есть сервис менеджер по вопросам, не связаным с оформлением кредитов или карт. Дизайн помещения приятный.",4,
13,Мирон Леонидович.,2023-10-01 09:19:02,"Очень отличный банк, Вежливые сотрудники, качественное обслуживание, советую всём воспользоваться услугами этого банка",5,
14,Анатолий Тимощук,2024-02-16 00:10:56,"Очень долго понимает коллектив, а если принимает, то не справедливо по отношению к ранее пришедшим и только что занявшим!!!",1,"Здравствуйте, Анатолий.

Жаль, что сложилось такое мнение. Каждый сотрудник занимается решением определённых задач. Во время большой нагрузки время ожидания увеличено. Делаем всё возможное для сокращения времени ожидания."
15,Аркадий Осипов,2023-07-25 18:44:44,Приятный персонал хороших профессионалов. Все документы были оформлены вовремя. Спасибо всем и дальнейших успехов!,5,
16,Арзамаскина Елена,2023-12-30 08:25:05,"Удобно,близко к дому,с банкомата и всегда все в порядке.",5,
17,Алексей С.,2023-11-29 06:38:20,"Очень хороший персонал в банке, хоть и работает там 3 человека, но их работа на высшем уровне!",5,
18,Илья Голубев,2023-03-12 13:41:28,"Очень приятный офис, сотрудники очень вежливы. Я скачал приложение AKEY для быстрого входа в банк через браузер, сотрудница на тот момент не знала об этом приложении и мы подумали что это ***, было очень приятно после слов «я так вас не отпущу, давайте заведем другую карту». 10 из 10.",5,
19,Марина Радкевич,2024-03-03 20:12:19,"Пользуюсь только банкоматом. Удобно что можно зайти в любое время. Тепло, светло, уютно.",5,
20,сергей лазакович,2023-12-07 21:05:56,"На данный момент считаю,что это из лучших банков,во всяком случае для меня.",5,
21,Оля Егорова,2024-01-30 18:16:30,"Современно оформленный, симпатичный офис",5,
22,Владимир Иваненко,2023-12-08 17:14:56,"Просторно, уютно, здорово !",5,
23,Борис,2023-11-23 18:07:03,"Быстро, профессионально.",5,
24,Евгений Малкин,2023-09-10 06:58:57,Хорошее обслуживание и очень внимательные сотрудники.,5,
25,Мария Пряхина,2023-10-06 19:14:45,Красивый офис работники все очень профессиональны,5,
26,александр галанин,2023-02-28 18:41:52,"Обслуживание СУПЕР офис как будто пришёл в кафе на встречу с хорошим другом !!! Но решил все свои ""банковские"" вопросы",5,
27,КОТ Михельсон,2023-09-28 19:00:56,Квалифицированный и приветливый персонал.,5,
28,Игорь П,2024-01-17 15:43:58,Навязывают услуги,1,"Здравствуйте, Игорь.

Жаль, что сложилось такое мнение. Можем предложить выгодный продукт, но оформить его или нет — решать только вам."
29,Efna,2023-05-27 14:08:18,Наконец-то появилось отделение в этом районе.,5,
30,Михаил,2023-06-02 07:03:11,"Банк для Умных и Свободных! 
Добавить нечего)",5,
31,Александр Тарасенко,2023-04-05 19:49:19,Не был но говорят хороший банк на днях открою карту,4,
32,Денис,2023-09-10 08:10:10,Лучший Банк👍👍👍👍🤝,5,
