,name,date,text,stars,answer
0,Ирина Петрова,2024-02-22 15:04:22,"Это однозначно лучшее отделение в городе. Обслуживание тут на высоком уровне без лишних очередей, персонал всё делает быстро и вежливо. Большое спасибо менеджеру, который встречает клиентов на входе) сразу помогли сориентироваться",5,
1,Александра,2024-02-07 11:09:15,"А мне офис ооочень понравился - интерьер новый - комфортный, дружелюбный и располагающий, нет гнетущего ощущения, что ты пришёл в казённое заведение типа мфц. Я была в будний в 10 утра, очереди не было от слова совсем, нажала на терминал - сразу подошёл сотрудник, предложил присесть и пригласил менеджера, который тоже пришёл быстро. Сотрудники любезные и дружелюбные. Ну а номерки бумажные я рада, что не выдаются, и очередь электронная, как во многих местах сейчас - тренд на экологию, а не на одноразовый 5минутный мусор... В общем, Альфа впереди всех, как всегда🤗",5,
2,Pavel M.,2023-12-28 10:07:46,"Не выдержу и напишу отзыв :)
Офис в ""новом формате""... 
Я конечно всё понимаю, но вот ТАК (фото) сейчас выглядят новые офисы альфабанка. Ощущение, что я попал в зал ожидания на вокзале. Не хватает только бомжей, спящих в углу и чуваков, которые бухают водку на скамейке😁. ""С третьего пути отправляется......"".
Терминал электронной очереди даже больше не выдаёт талончик: видимо, слишком дорого... Никакой приватности и комфорта. Ощущения просто ужасные после посещения. И да, сотрудника я так и не дождался, ушёл раньше..",1,"Павел, здравствуйте!
Обидно, что так думаете и не оценили наш новый формат отделений. Постарались сделать нахождение в офисе максимально комфортным, но про безопасность в любом случае не забываем. Волноваться не стоит. Терминалы тоже есть, они работают. Если вы прошли биометрическую идентификацию на входе, то дополнительно брать талон не нужно. Сотрудник сам подойдёт. Если долго не подходит, то можно уточнить статус ожидания у администратора."
3,Татьяна Алексеева,2024-03-12 16:13:45,"Самое худшее отделение банка. Работа сотрудников на низком уровне, могут повесить кредит (договор подпишут без вашего ведома от вашего лица). Если сидеть в зале ожидания и ждать очередь, то к людям, которые пришли позже на 30 мин, подойдут раньше. В ожидании чуда сидишь и ждешь свою очередь час, пока сотрудник принимает клиентов, которые пришли позже вас) Берегите свои нервы и время)",1,"Здравствуйте, Татьяна.
Все кредитные продукты оформляются только с согласия клиента, подписывает договор также клиент. Время ожидания может быть увеличено, в зависимости от количества обращений и сложности вопросов, с которыми обращаются клиенты. Стараемся не задерживать долго очередь."
4,Ксения Конева,2024-02-16 16:33:01,"Пять грустящих в общем зале ожидания менеджеров так и не смогли решить проблему с отсутствием доступа к личному кабинету, посоветовали ""подождать"". Уважаемое руководство когда-то лучшего банка, а по какому принципу вы выбираете сотрудников? Отсутствие не только компетентности, но и элементарной вежливости, приветливости персонала, желания разобраться в проблеме. Напоминает сберкассу 20-30 лет назад.",1,"Удивлены прочитанным. Хотим проверить работу сотрудников и принять меры.
Отправьте, пожалуйста, письмо на smm@alfabank.ru В теме укажите ссылку на ваш отзыв, а в самом письме напишите ФИО и дату рождения, а также скриншот отзыва и дату обращения."
5,Александр Чижов,2024-03-02 18:23:05,"Место выбрано очень удобно. Условия покупки по кредитной карте бывают довольно неоднозначными, поэтому приходится обращаться к менеджерам отделения банка довольно часто, благо, что оно находится недалеко от метро.",5,
6,Светлана К,2024-02-17 10:41:50,"Получение готовой карты в субботу в 12:30 заняло ЧАС. Передо мной было 3 человека, которых уже обслуживали. То есть по факту я была первая в очереди. Мое ожидание в итоге составило 35 минут. Притом что в банке работало как минимум 3 менеджера. Я НЕ понимаю, как это в принципе возможно. Очень жаль, что мой работодатель сотрудничает именно с этим банком.",1,"Здравствуйте, Светлана.

Каждый сотрудник занимается решением определённых задач. Во время большой нагрузки время ожидания увеличено. Делаем всё возможное для сокращения времени ожидания."
7,Карина Сазонова,2024-01-10 16:14:59,"Идеальный вариант кредитки с годом без процентов нашла в этом банке. Думала оформлять кредит, но этот вариант для меня очевидно оказался выгоднее. Еще порадовало, что открытие и первый год обслуживания бесплатное. Пользуюсь с большим удовольствием))",5,
8,София Павлова,2024-04-17 11:43:58,"Не имею притензий к банку. Все делается тут с душой и комфортом для клиентов. Ожидание у меня в основном длится минут 5-7. даже если час пик и людей много. Действительно менедежры справляются даже с большим наплывом клиентов. При этом не чувствуешь себя лишней, участливые люди, это приятно)",5,
9,Аня П.,2024-04-21 06:32:48,"Мне в этом филиале очень нравится. Если иду сюда, то увереначто на мои вопросы получу полноценные ответы. Решила понять какой кредит лучше взять для покупки машины и обратился в отделение. Быстро вызвали, и подробно рассказали что к чему и дали на выбор несколько вариантов. Пока думаю.",5,
10,Режиссер,2024-03-21 13:49:58,"Офисы стали похожи на подъезд. Терминал с таллонами не работает. Нужно бегать по залу искать хвост очереди. Очередь на час. Лучше бы тех, кто делает обзвон с предложением кредита сажали в офис. Может очередей стало бы меньше. Самый не клиентоориентированный банк.",1,"Здравствуйте.

Мы хотели выйти за рамки привычного отделения и старались сделать офис уютнее и комфортнее для наших клиентов. Каждый сотрудник выполняет определённые задачи.
Скорость обслуживания зависит не только от количества сотрудников и клиентов, но и от сложности вопросов. Стараемся сократить время ожидания, насколько возможно."
11,yevgenii,2024-04-22 13:07:47,"Из плюсов : отличный офис у банка.

Из минусов: выдают талончики в очередь, но вызывают под твоим номером других людей, а на вопрос ""как так"" говорят ""ждите"".
Кроме того, что такое отношение сильно раздражает - это не даёт спланировать займёт ли посещение банка 5 минут или час.

Менеджеру Никите ""привет""",1,"Здравствуйте!
Извините за долгое ожидание и такой опыт. В моменты нагрузки это возможно. Больше спасибо, что поделились. Возьмём на контроль."
12,Peresvet,2023-12-19 08:28:21,"40 минут ждал когда кто-нибудь подойдет, так и не дождался. Дважды обращался к сотрудникам с просьбой как-то ускорить ожидание т.к. люди, пришедшие после обслуживались. Не знаю, только в этом отделение банка так или во всех остальных так же, я первый раз пришел. В общем, ушел ни с чем.",1,"Здравствуйте!
Простите, что так получилось. Обычно накладок не происходит, но в моменты нагрузки может быть более долгое ожидание. Будем над этим работать и постараемся не допускать."
13,Евгений Л.,2024-04-11 15:44:06,"Это просто ужас. Ребятки с ноутбуками работают настолько же расслаблено, насколько сделаны кресла в которых они сидят. Очереди огромные, ускорения никакого. Забрать готовый стикер не получилось, просидев полчаса",2,"Здравствуйте, Евгений.
Жаль, что сложилось такое мнение. Каждый сотрудник занимается решением определённых задач. Во время большой нагрузки время ожидания увеличено. Делаем всё возможное для сокращения времени ожидания."
14,Ольга Т.,2023-12-22 07:36:54,"Ждала 20 минут, людей обслуживали 2 менеджера, другие сидели за ноутбуками. Обслуживать начинали тех, кто пришёл после меня. Просила менеджера разобраться, почему так. На что он отвечал, сидите, к вам подойдут. Ушла ни с чем",1,"Ольга, здравствуйте!
Простите за долгое ожидание. Возможно, эти клиенты запланировали визит в офис заранее в нашем приложении. С нагрузкой будем работать."
15,Даниил Серов,2024-01-20 12:55:36,"Возникла сложность с кредитной картой год бес процентов. Мне начислили проценты уже после завершения льготного периода, возник соответственно вопрос – будет ли просрочка. Сотрудница отделении меня успокоила и заверила что все в порядке, так как я уложусь в 20 дней на оплату. Очень крутое обслуживание)",5,
16,Леша Комаров,2023-12-19 13:23:27,"Достойный банк, как и персонал, всегда готовы помочь. Хотел открыть счет в банке. Девушка объяснила все условия за несколько минут, и в итоге вклад оказалось выгоднее открывать)",5,
17,llumar,2024-02-08 01:15:14,"Навязывают карты, впаривают под любым предлогом в том числе путем обмана. Сказали что карта бесплатная, без всякой платы за обслуживание, но уже сняли 99 р. хотя картой ни разу не пользовался.",1,"Здравствуйте!
Обслуживание карты бесплатное. Вероятно, подключили услугу смс уведомлений Альфа-чек, за неё списываем комиссию 99 рублей в месяц. Без вашего согласия, подключить услугу невозможно."
18,Игорь Александров,2024-04-23 16:01:43,"Хорошо, что в нашем районе есть альфа банк. Можно забежать, снять наличку или поменять рубли на другую валюту. Работой данного отделения полностью доволен",5,
19,Карина Петрова,2023-12-23 13:19:38,"Менеджер очень помогла, когда нужно было досрочно погасить ипотеку. Она объяснила дельнейшие мои действия, не мешала, а наоборот доносила информацию четко и грамотно",5,
20,Лиза,2024-04-23 08:23:00,"Максимально понятное и простое приложение, нет ничего лишнего, как например у других банков. Со всякими функциями тут тоже порядок, не виснет, все работает как надо.",5,
21,Елена Солнечная,2024-02-26 21:16:09,"Приятные сотрудники, помогли оперативно оформить банковскую карту, подсказали и по другим вопросам. Приятный современный интерьер, в 50 метрах от метро, очень удобно.",5,
22,D K,2024-01-26 10:17:36,"Девочки по отделению бегают с ноутбуками, живая очередь, не понятно кто за кем, просидеть можно больше часа и никто так и не подойдёт, разочарован таким обслуживанием(",1,"Здравствуйте!
Простите за такой опыт. Пытаемся создать максимально комфортный и удобный формат обслуживания для всех наших клиентов. 
Учтём ваши замечания и будем работать над этим!"
23,Николай Буховец,2024-01-26 10:20:22,"Абсолютно не квалифицированный персонал, обратился с проблемой СПб, сотрудник банка уверил ,что всё исправил,по факту ничего не изменилось!",1,"Здравствуйте, Николай!
Пожалуйста, расскажите подробнее о своём опыте, написав на почту: smm@alfabank.ru. 
В теме укажите: СБП / Яндекс Карты / Николай Б.. В тело письма вложите скриншот отзыва, опишите ситуацию подробней, а также уточните ваши ФИО и дату рождения. 
Всё детально проверим и поможем разобраться."
24,easd с.,2024-03-30 18:20:26,Молодые и энергичные сотрудники прямо с порога встречают и помогают разрешить волнующий вопрос. Спасибо!,5,
25,Павел М.,2024-01-06 09:12:41,Присоединяюсь! Пришёл простоял в ожидании почти час и ушёл... Вопрос так и не решил,1,"Здравствуйте, Павел!
Простите за такой опыт. Пожалуйста, напишите ФИО и дату рождения нам на smm@alfabank.ru. В теме письма укажите Отзыв Яндекс Карты Павел М. 
Постараемся помочь."
26,саша ч.,2024-04-11 12:04:06,"Сотрудник, Виктор , наврал про то что страховка обязательна к кредитной карте",1,"Здравствуйте.
Удивлены прочитанным. Хотим проверить работу сотрудников и принять меры.
Отправьте, пожалуйста, письмо на smm@alfabank.ru В теме укажите ссылку на ваш отзыв, а в самом письме напишите ФИО и дату рождения, а также скриншот отзыва и дату обращения."
27,Егор,2024-02-19 17:07:33,"Нормальный банк, я тут выписку по банковской карте получил 👌",5,
28,Виктор Царану,2024-04-10 19:39:03,Давно перешёл в альфа банк. Не жалею. Хороший персонал,5,
29,Сергей Стадник,2024-04-04 15:50:17,Классный современный офис банка,5,
30,Валерий Чилиби,2024-03-07 16:42:45,"Удобно, быстро, хорошо.5",5,
31,_Алекс_,2024-03-09 10:04:53,Нормалбный,4,
32,Виктор,2024-03-23 16:12:26,Супер,5,
