,name,date,text,stars,answer
0,Людмила Пойманова (Бурля),2024-04-14 20:21:30,"14.04.24 обратилась в банк о закрытии карты, которой в течение года не пользовалалась и с которой в прошлом году призакрытии сняли сумму за обслуживани около трёх тысяч рублей. Карта была закрыта, как мне сказал специалист. Картой я не пользовалась. Как оказалось, её просто не закрыли при обращении мне сказали, что я еще должна оплатить 990р за обслуживание карты, котой я не пользовалась. И что не оплачивать невозможно, т к в договоре прописана оплата, меня об этом специалист не предупредила, тем более год назад уже списали сумму и я просила закрыть счет, чего не было сделано. Т е произошел просто обман. Очень бы хотелось, чтобы компетентные специалисты разобрались и карта, которой вообще не пользовалась была закрыта без снятия моих денег.",3,"Здравствуйте, Людмила!
Приносим извинения, что оказались в такой ситуации.
Пожалуйста напишите на почту: smm@alfabank.ru.
В теме укажите: Качество обслуживания / Яндекс Карты / Людмила Пойманова (Бурля). В тело письма вложите скриншот отзыва, а также ваши ФИО и дату рождения."
1,Галина Б,2023-12-06 06:45:28,"Впечатление от посещения данного офиса двоякое. 
На ресепшене была девушка Анастасия, которая наверное вообще не знакома с понятиями корпоративная этика, клиентоориентированность и дружелюбие. Впечатление от данного сотрудника такое, как будто у неё куча дел, а мы пришли к ней в дом и отвлекаем ее. В довольно грубой и на мой взгляд неприемлемой форме она объявила, что нам нужно ждать, пока она освободится. Все это было сказано таким тоном, и с таким выражением лица, что выбор данного банка вызвал сомнения. 
Далее общались с сотрудником Карина, которая немного нивелировала негативное общение с предыдущим сотрудником. 
Сотрудник на входе - лицо компании. 
У банка в данном офисе лицо негативное, злобное и высокомерное. Не лучший вариант...",2,"Здравствуйте, Галина.
Простите, если расстроили! С сотрудником проработаем, постараемся больше не огорчать вас 🌹"
2,Дарья Воробьева,2024-04-09 10:53:31,"Обращаюсь в банк не первый раз, стала обращаться сюда регулярно, так как обслуживание того стоит. Внимательный к деталям персонал, компетентный в решении вопросов, меня консультировали недавно по поводу кредита в банке, удобно что ничего навязывать не стали, помогли разобраться с вопросами, рассчитали выгодное для меня предложение)",5,
3,Эдуард Толмачев,2023-12-13 08:38:20,"С этим банком я уже не первый год и мне всё нравится,этот офис очень удобный и современый, очень приветливый и отзывчивый коллектив, всегда помогут объяснят и подскажут",5,
4,Дмитрий,2024-03-05 06:20:02,"Интересное отделение банка, сделано в стиле кафе) остаётся добавить возможность выпить кофе или чай во время ожидания очереди, которые, кстати, почти отсутствуют. Девушки приветливые, помогают разобраться",5,
5,Вадим Безукладов,2023-11-29 17:01:01,Отличное отделения банка чисто отзывчивые вежливые сотрудники оперативное Обслуживания мне понравилось был как юр лицо,5,
6,Алёна Тарасова,2024-03-14 10:40:57,"Смогла тут получить свою первую дебетовую карту за минут 20. Приятный и не навязчивый персонал, работают быстро, никаких сложностей при получении не возникло, так что могу только похвалить сотрудниц и это отделение.",5,
7,Роман Сизенко,2024-03-12 18:43:21,Оформляют карты не внимательно.Но персонал хороший.Я пришел сделать выписку с карты.Оказалось что при оформлении карты была допущена ошибка в отчестве.Час потерял времени пока не исправили ошибку.А затем ещё деньги списали за услугу.Мои данные Сизенко .Р.А. 1974гр.,1,"Здравствуйте, Роман.
Извините за случившееся.
За обновление данных не берём комиссию. Напишите нам на почту smm@alfabank.ru ваши ФИО и дату рождения, прикрепите скриншот этого отзыва и списания комиссии. Проверим, в чём дело."
8,Елена Калужина,2024-02-21 19:27:36,"Офис просто класс, уютно, комфортная мебель, сотрудники очень уважительные, атмосфера наивысшем уровне",5,
9,Юрок,2023-09-06 15:54:51,"Абсолютно Неодэкватный банк, заказал именню карту мне позвонили и сказали ожидать три дня, прождал неделю в итоге пришло смс что карта готова и я могу её забрать, пришёл в банк, с начала проверили сказали что да пришла но времени сейчас нет, вам подождать надо минут 40,ну думаю зайду позже, пришёл опять и сразу подошёл к менеджеру она проверила и сказала что оформление займет пол часа минимум я спросил что за оформление? У меня именная карта её надо забрать, в ответ мне говорят никакой карты нет это так бАНК людей обманывает чтобы они приходили к ним. 
Делайте выводы господа по поводу честности этого псевдо бАНКА.",1,"Здравствуйте! 
Простите, что столкнулись с долгим ожиданием. 
Напишите, пожалуйста, на нашу почту smm@alfabank.ru ваши ФИО, дату рождения, когда обращались в отделение и прикрепите скриншот отзыва. В теме письма напишите: Яндекс Карты. Юрок. Получение карты. 
Хотим более детально разобраться в вашей ситуации."
10,Людмила Ангеловская,2023-05-25 07:25:29,"Прекрасно , что в нашем городе появился филиал банка , очень удобное расположение и прекрасный персонал . Карина , моя любимица , вежливая , тактичная и шустрая профессионал) Спасибо 🙏",5,
11,Татьяна Минакова,2024-04-19 10:16:38,"Приличный банк рекомендую пользуюсь банком Альфа давно,и менять не собираюсь. Единственный банк где можно снимать наличные и за это ни комиссии ни процентов если улаживаешся в сроки .",5,
12,Марина Слуцкая,2024-03-30 13:06:58,"Получила кредит на ремонт дома в тот же день. Менеджер подготовил кредитный договор быстро и профессионально, теперь он хранится в электронном виде в моем приложении.",5,
13,Елизавета Горячёва,2024-01-18 06:02:08,"В свежих отделениях банка не видно бумажных талонов для очереди. Как только твоя очередь, менеджер подходит, уже зная информацию о клиенте. Смогла оформить кредитную карту всего за 10 минут",5,
14,Юля С.,2024-04-06 17:53:00,"Оформление услуг утром прошло быстро и удобно, я получила всю необходимую информацию и была довольна организацией процесса.",5,
15,Ксения Ковалева,2024-03-28 10:44:57,"Забирала свою новую вип карту. Тк тариф для меня новый, то хотелось послушать все условия. Менеджер ответил на все вопросы, которые я задавала , да и карту саму быстро получила.",5,
16,Юлия В.,2023-02-03 17:25:14,"Обслуживание на высоте! Девочки все вежливые! Креативный дизайн, доступность как транспортная, так и пешая! Самый центр города! И супер предложения по кредитованию! Персональный подход к каждому!",5,
17,Виктор Коготочкин,2024-03-16 09:23:37,"Спасибо Большое Анастасии, она очень грамотно проконсультировала на входе по кредитной карте и направила на входе",5,
18,Никита Одиноков,2023-08-30 18:03:47,"Очень доволен обслуживанием в отделении Альфа Банка. Сотрудники всегда готовы ответить на мои вопросы и предложить наилучшие решения для разнообразных ситуаций. Я чувствую себя важным клиентом, и это приносит мне большое удовлетворение.",5,
19,Юлия Я.,2024-04-09 12:48:49,"Обслуживание на высшем уровне, моментально помогли с вопросом по платежу. Большое спасибо за оперативность!",5,
20,Анна Сыч,2022-04-19 16:45:41,"Была в филиале города Шахты : хорошее обслуживание, приятные девочки, классная атмосфера и обстановка. 
Нравится интерьер, нравится внимание сотрудниц : быстро, мягко, вежливо. Была проблема с картой, решили, хотя косяк был с моей стороны. 

Максимально не понимаю людей, которые недочитывают уведомления или инструкции, не смотрят почту. А потом удивляются, что с их деньгами что-то случилось. Учитесь брать ответственность за себя и свои деньги. Никто не обязан делать это за вас. 
Всем пис.",5,
21,Лина,2023-06-09 16:59:18,"В 14.30 очередь, хотела взять электронный номерок, сотрудница у входа говорит, что не надо, типа сейчас менеджер освободится и подойдёт. 5, 10 мин - никто не освобождается, и видно, что разговоры у обоих менеджеров надолго. А тем временем сотрудники снуют по залу с пакетом с салатом, к себе туда куда-то. Людей уже прилично. Но номерок не берите... Хорошо устроились. Неизвестно, сколько ещё б просидела, если бы всё-таки не взяла номерок. И менеджер очень медленная, полусонная. В целом атмосфера расслабленная, как будто полуживые там все сидят.",3,"Лина, здравствуйте! Очень удивлены прочитанным, на нас это непохоже 😔 Простите за такой опыт. 
Скорость обслуживания зависит как от количества сотрудников и клиентов, так и от сложности вопросов. Стараемся сократить время ожидания, насколько возможно.
Напишите, пожалуйста, нам: smm@alfabank.ru ФИО, дату рождения, а также приложите ссылку отзыва с указанием города, адреса отделения и даты обращения. В теме укажите Жалоба. Яндекс. Лина. Всё проверим и разберёмся."
22,Роман Стрищенко,2024-02-19 16:56:00,Отличное отделение банка! Решаю вопросы по расчетному счёту быстро и профессионально. Удобное расположение и оперативное обслуживание делают это место идеальным для банковских операций.,5,
23,Слава Зыбин,2023-11-30 12:50:16,"Карту сказали получить самому . Заказывал через приложение думал привезут. А так всё нормально получилось, объяснила девочка всё хорошо !",5,
24,Оксана,2024-02-24 20:34:29,"Удобно расположен ,отзывчивый персонал, 
Наличие своих банкоматов .",5,
25,Лана А,2023-12-17 12:03:33,"Место необычное, обслуживание хорошее, быстро и качественно",5,
26,Дмитрий Р.,2023-08-24 03:52:19,"Ужас, менеджеры все не грамотные, очень всё долго и пришлось приезжать несколько раз, так как сотрудники не правильно заполняли, подгружали, я в шоке...такое ощущение ,что вчера их взяли на работу и ни кто не обучал, а обучение проходят на клиентах банка",5,
27,Виталий С,2023-04-19 15:10:47,"Обслуживание консультантов на высоком уровне! Всегда вежливые,улыбаются и очень приветливые.И очень приятно ,что они не смотрят на тебя как на клиента,а относятся к тебе как к близкому человеку.Спасибо большое за вашу работу!",5,
28,Nika Grey,2023-04-03 17:51:06,Очень интересно и необычно. К каждому клиенту свой подход . Садишься за столик работник сам подходит с ноутбуком и все вопросы решены за считанные минуты. Доброжелательные работники банка. Очень чисто и уютно.,5,
29,Чалая Ирина,2023-10-16 21:14:12,"Это замечательное отделение банка с высоким уровнем обслуживания. Все сотрудники, включая кассира, очень дружелюбные. У меня нет никаких нареканий.",5,
30,Оксана .,2024-03-19 13:43:35,"Менеджер здесь очень внимателен, вежлив и приветлив. Сотрудники в целом доброжелательны и всегда готовы помочь. Огромное спасибо ща ваш труд.",5,
31,Roman Fetisov,2024-03-21 12:23:18,Неприветливый персонал. Всегда приходиться подолгу сидеть в очереди. Если есть возможность выбирайте другой банк,2,"Здравствуйте, Роман!
Обидно такое читать, хотим разобраться.

Пожалуйста, расскажите подробнее о своём опыте, написав на почту: smm@alfabank.ru. 
В теме укажите: Качество обслуживания / Яндекс Карты / Roman Fetisov. В тело письма вложите скриншот отзыва, напишите ваши ФИО и дату рождения, а также когда и с каким вопросом обращались.

Проверим работу коллег и примем меры."
32,Михаил Тельчаров,2024-02-20 08:07:35,"Быстрое обслуживание. Вежливый персонал. Посоветовали более выгодный кредит,",5,
33,Елизавета Никишина,2023-12-28 16:13:34,"Отмечу профессионализм Менеджера. Она доступно объяснила все важные моменты, что особенно ценно для пенсионеров. Надеюсь на дальнейшее успешное сотрудничество с банком.",5,
34,Наталья С.,2023-06-28 16:54:33,Удобное расположение - центр города. Внутри приятная обстановка - будто в кафе сидишь. Сотрудники банка сами подходят к столику. Вежливый персонал,5,
35,max_shevc,2023-11-14 17:18:58,"Банк хороший, но по будням позже 9 часов утра нет возможности припарковаться, а по выходным не работают.",5,
36,анна зоткина,2023-04-08 18:31:39,"Чудесный офис банка! Вежливые и приветливые молодые сотрудники! Всё быстро и грамотно. Обслуживание на уровне. Всем довольна, спасибо вам!",5,
37,вика к.,2024-02-11 17:08:00,"Получение кредита в Альфа банке было быстрым и прозрачным процессом. Менеджеры подробно объяснили все условия, и я легко справилась с выплатой кредита, даже досрочно. Это замечательно, когда банк работает так четко и эффективно, как Альфа.",5,
38,Мария сухорученко,2023-09-29 06:29:32,"Всё отлично,приняли быстро.Девочка толковый специалист, всё объяснила,помогла с установкой приложения.",5,
39,Любовь Дедова,2023-11-28 14:54:27,"Ужасное само отделение,приходиться часами сидеть и ждать!это издевательство над людьми, работает один человек на всё отделение!",1,"Здравствуйте, Любовь!
Простите, что заставили ждать. 

Пожалуйста, расскажите подробнее о своём визите, написав на почту: smm@alfabank.ru. 
В теме укажите: Долгое обслуживание / Яндекс Карты / Любовь Дедова. В тело письма вложите скриншот отзыва, а также ваши ФИО и дату рождения. 

Проверим работу коллег и приме меры."
40,Арина Баблоянц,2023-04-10 10:09:25,"обслуживание просто прекрасное! с клиентами все очень добры и вежливы, быстро помогли в моей проблеме и решили её, спасибо огромное! 5 звёзд однозначно",5,
41,Елена З.,2023-07-14 14:38:08,"Я и моя семья безгранично довольны работой Альфа банка. Особенно хотелось бы отметить отличную работу сотрудников в отделениях. Здесь всегда вежливый персонал, готов помочь и понять клиентские проблемы. В случае возникновения сложностей они всегда готовы помочь найти решение. Искренне благодарю Вас за ваш труд.",5,
42,даша суханова,2023-06-17 16:55:55,"это отделение не только одно из лучших в банке,но и самое удобное в городе. Оно расположено недалеко от моего дома и всегда в отличном состоянии.",5,
43,Антон Михеев,2023-01-30 11:24:59,"Очень понравился данный филиал,доброжелательные сотрудники. Отдельно хотелось бы выделить сотрудника Аксинью, очень вежливая, помогла абсолютно во всем, рассказала как что и почему. Спасибо данному банку и филиалу за таких сотрудников!",5,
44,Кирилл Сопин,2024-02-15 17:39:59,"Банк отличный, их акции вызывают интерес. Не гарантируют выигрыш, но их оформление и концепция точно заслуживают внимания! Отделение тоже приятное, уютное и гостеприимное.",5,
45,Игорь Л.,2023-09-28 06:14:00,"Чёткая, профессиональная работа персонала! Всегда хорошие консультации! Иногда ожидание дольше предполагаемого времени.",5,
46,Ольга Самсонова,2024-01-26 16:48:24,"Очень ценю, что здесь сотрудники искренне стремятся помочь клиентам. Стояла перед сложным выбором вклада, но менеджер использовала понятные слова, консультирую меня. Я не чувствовала себя потерянной в море непонятных терминов.",5,
47,Александра Ш.,2023-04-24 05:32:30,"Офис чистый и аккуратный! Сотрудники проявляют максимум желания помочь и вникнуть в проблему. Было предложено много альтернативных кредитных продуктов! Очередь двигается быстро, не приходится подолгу ждать. Спасибо!",5,
48,А К,2023-01-27 14:33:02,"Ужасный банк в приложении даже нет обратной связи дпньги снимают в наглую при этом звоню оператору она отвечает что мол сняли все правельно а баланс за вчерашний день не видит,я говорю если вы не видите исходную сумму то как вы можете высчитать правельно сняли или нет,отве конечно порази-у меня другого ответа нет хотите принимайте его хотите нет,можно типа составить жалобу я говорю смысла мол нет на прошлую ответа так и не поступило а прошло уже 9 месяцев",1,"Здравствуйте!
Обратная связь есть и в чате приложения, и по номерам горячей линии. Всегда стараемся во всём разобраться и помочь. Про какое точно списание речь? Можете прислать нам скриншот с примером, номер обращения и ссылку на этот отзыв на почту smm@alfabank.ru?"
49,Валерия Батычко,2023-11-19 17:53:44,"Сотрудничаю с Альфа банком более 4 лет,и мне всегда оперативно и грамотно помогали.Индивидуальный подход к каждому клиенту -это большой плюс.",5,
