,name,date,text,stars,answer
0,Oleg Tsibirov,2023-12-25 12:23:04,"Свежеотремонтированное отделение, есть сбер логистика, людей обычно не много, при этом сотрудников, особенно по вечерам, не просто застать на рабочем месте 🤭 да да, такое тоже бывает: твоя очередь по талону подходит, сидишь и ждёшь пока сотрудник подойдёт. А потом видишь, что он или она просто болтала с коллегой за соседним столом 😁",4,
1,Станислав Милькевич,2024-04-18 17:50:49,"Не работал терминал по выдаче талонов для очереди, некомпетентный персонал выдал какой-то клочок бумаги с кривой надписью номера талона, после чего сам и внес сумятицу в очередь. В итоге человек, который был после меня в очереди, почему-то оказался передо мной. К тому же сотрудники очень громко ругались между собой",1,
2,Алла Доева,2023-08-31 06:12:28,"Хочу поблагодарить сотрудника вашего офиса Цораеву Людмилу. Решила быстро и квалифицированно мой вопрос, который для сотрудников другого офиса стал почти неразрешимой проблемой. Спасибо большое, хочется пожелать больше таких профессионалов в вашем банке!",1,
3,Марина Датдеева,2023-12-12 16:36:15,Сотрудники грамотные и приветливые. Есть постоянная проблема с терминалом электронной очереди.,5,
4,Артур Дзебисов,2024-01-23 13:04:52,Отделение удобно расположено. Дверь слева рядом - круглосуточный банкомат.,5,
5,★-ARCHI-★,2023-11-02 20:37:39,"Всё хорошо Всё отлично, рабочий персонал обслуживание 👍👍👍👍👍",5,
6,808197 Дзукаева Ф.,2023-05-12 19:44:56,"Самое лучшее отделение сбербанка во Владикавказе. Квалифицированный и доброжелательный персонал банка ,обслуживание клиентов на высшем уровне!",5,
7,АРГОС - Бона Деа Патентное бюро РСО-Алания,2021-09-22 15:11:08,"Сбер расположен в старинном здании в центре города. Потолки высоченные просторно дышится. Но ремонт уже староват. Сбер мог бы сделать подарок и на свои деньги восстановить исторический облик этого уникального здания нашего города. Вход кстати очень неудобный: заходишь и там пятачок сталкиваешься с посетителями.: пойдешь на право - к лестницам на 2й этаж , пойдешь на лево - там кажется кредитные отделы сидят. Надо делать ремонт.",5,
8,Марат Гацоев,2024-04-19 10:08:19,"Удобное расположение, быстрое обслуживание.",5,
9,Roman Dzarasti,2022-09-03 15:25:10,"Вроде всё устраивает, нормальное обслуживание, в новом здании, мне кажется стала атмосфера намного теплее, и обслуживание быстрее.",5,
10,Марат Марзоев,2024-01-06 12:25:17,Компетентные сотрудники. Только один оффлайн банкомат.,5,
11,Дмитрий Молотков,2022-01-01 06:33:37,"Отделение банка находится в старинном особняке недалеко от пешеходного бульвара и русского театра. Отделение стандартное, персонал вежливый. Само здание рекомендую осмотреть и посетить.",5,
12,Оксана Казбековна,2023-05-04 19:10:52,Прекрасный большой зал. Очень удобно. Без столпотворения и очередей.,5,
13,Алан Дударов,2022-07-03 15:15:15,"Самый современный Сбер! Удобна, красива и всегда найдётся место для парковки.",5,
14,Аслан Д..,2024-04-08 12:03:03,Отличное обслуживание,5,
15,Надежда Дзагоева,2021-12-24 14:56:33,"Зашла в Сбербанк на Миллера г.Владикавказ это ужас просто, такое только в городе Владикавказе ещё не было 18:00 время 17:45 открываю дверь а дверь закрыто это что за халатное отношение к работе не могу понять ? Ужас просто куда смотрят компетентные органы руководство Сбербанка и т д отвратительное обслуживание постоянно ворчат",1,
16,135441 Аланти,2023-01-07 17:08:48,"Отличное обслуживание, удобное местоположение.",5,
17,Дед Хасан,2021-09-14 10:17:55,Огромное спасибо всем сотрудникам банка за вежливое отношение ко всем посетителям очень грамотно разясьняют все вопросы которые возникают у людей посещающих банк,5,
18,Алина,2022-12-12 17:48:38,"Оформляла ипотеку. Доброжелательные сотрудники, особенно старший работник",4,
19,Фатима Я.,2022-07-30 11:02:54,"Очереди, персонал невнимательно относится к клиентам. Расположение и новый ремонт отличные.",4,
20,Alan Kisiev,2022-11-27 05:51:00,"Всё организовано почти, простоял некуда было присесть, а так качество обслуживания хорошее",5,
21,Артём Барсегян,2022-01-31 08:58:14,Ужасное дезинформирование со стороны специалиста. Второй раз попалаю на одну и туже девушку. И второй приходится звонить по номеру 900. Зовут Марина по моему. 🤦🏻‍♂️,1,
22,rendakovphotos,2021-09-03 13:31:54,"типичный владикавказ! в окна обслуживания приходят пообщаться на личные темы. Всем плевать на ожидание клиентов. Что бы забрать карту, потратил 30-40 минут. две минуты из этих пол часа мне выдавали карту. Остальное время слушал истории из личной жизни.",1,
23,Лев Кокоев,2021-06-23 18:43:42,"Старейшее здание в центре города в котором размешен Сбербанк , так вселяет уверенность , что этот банк не подведет в трудную минуту недавно убедился в этом, вопрос решился не ожиданно для меня в течении 20 минут.",5,
24,Урузмаг И.,2022-05-30 17:09:28,"Хорошее обслуживание , вежливый и внимательный персонал.",5,
25,Зорро,2021-10-25 11:23:48,"Самое отвратительное отделение в городе, всегда очередь, никогда неработают банкоматы ни снаружи ни внутри, сотрудники невежливые, форма одежды произвольная без бейджиков!",2,
26,Виктория З.,2023-03-04 10:16:30,Удобное местоположение! Всё ок,5,
27,Funny B.,2023-10-26 17:01:27,Супер обслуживание,5,
28,CHUMODAN111,2019-11-26 12:47:51,"Большой банк. Вход по лестнице на втором этаже. Банкоматов много, персонала тоже много. Есть стулья, стол и даже вода с кулера. Парковка через дорогу чуть дальше, но всегда забито в общем парковки нет. Насчёт перерыва не помню и выходного в вс. Но отделение банка лучше чем на коцоева и на Кирова. Смогли решить проблемы с картами, а вот услуги все равно навешивают на кредиты, и насчёт разхождения инфы с сайта и в реале не могут объяснить ничего внятного. Ну да ладно. Итог: минусы добраться проблемно, плюсы то что он большой и проблемы решают и не грубят как в других отделениях.",5,
29,Valter Man,2022-11-14 20:47:42,Всё хорошо. Отличные специалисты.,5,
30,Руслан Чехоев,2021-04-28 11:52:18,"Каждый раз когда прихожу забирать пенсию для своей матери, приходится стоять в 2-х очередях. 1-я очередь бывает за талончиком электронной очереди, а вторая, собственно говоря в окошечко за пенсией. Не понимаю какие технологии пытается внедрить Г.Греф. это же надо двойная очередь.",1,
31,Наталья Кузнецова,2021-08-22 12:26:52,Квалифицированные работники. Старшая по этому офису очень внимательный ответственный сотрудник,5,
32,Klim Davydov,2021-08-28 20:16:58,Ну тут заслужнено 5 звёзд. Обслуживают очень быстро и качественно,5,
33,JR,2020-08-23 03:24:54,"Меняли карту для мамы-пенсионерки. Все прошло быстро, оперативно, вежливо (что несколько удивительно для Осетии).",5,
34,vika dmit,2021-08-24 15:49:10,"Большой, суетной, какой-то неорганизованный. Его посещение всегда требует времени и сил. При возможности, предпочту другой банк.",3,
35,Инкогнито 3767,2023-08-29 07:05:03,Всё отлично,5,
36,Сослан Тебиев,2022-02-13 16:40:55,"Сотрудники вежливые, всегда стараются помочь.",5,
37,Anakreon Klubnichkin,2019-10-16 13:54:03,"Старейшее здание банка,хорошее обслуживание.Запомнилась консультант Элеонора,грамотный специалист,но малость грубовата.Трудность представляет для инвалидов и больных подъем на второй этаж ,где расположен операционный зал.",5,
38,Zalina Kazimova,2019-12-06 08:53:39,"Очень удобный офис. Внимательные менеджеры. Особенно личный менеджер Гутиева Елизавета. Внимательная, вежливая и всегла подскажет все",5,
39,Илья,2021-06-30 12:03:44,"Не самое удобное отделение сбер банка , особенно для пенсионеров , надо подниматься по лестницам",4,
40,Shadchnev38 Ш.,2020-10-04 20:41:32,Мне вообще нравится этот банк. Вежливое обращение с клиентами. Обслуживание достойное похвал. Спасибо!,5,
41,Vitalia,2020-04-04 11:55:55,"Непонятное и неудобное расположение кабинетов и окон. Маршрутизация отсутствует. Лифта -нет, что для пожилых и больных людей делает достаточно проблематичным посещение 2 этажа с высоким пролетом.
Работники в большинстве своем компетентны и любезны. 
Есть кулер. 
Подъезд удобный, но парковка по большей части стихийная.",3,
42,Влад,2021-06-18 18:33:06,Обычный сбер ничего необычного кроме месторасположения в самом центре города,5,
43,Слава,2023-01-08 16:38:29,Быстрая обслуживание,5,
44,катрин,2022-01-29 13:25:39,Всё хорошо но частенько зависают банкоматы,4,
45,Владимир Аветисянц,2022-10-07 09:06:20,Инновационное отделение,5,
46,Vi Viktori,2020-06-04 14:31:41,"Стараются навязать немыслимые страховки😂😂😂. В целом отделение неплохое, обслуживают быстро, но грубо, особенно с пожилыми надо быть более терпеливыми.",4,
47,Казбек Калманов,2022-11-30 16:49:15,Приятный персонал,5,
48,Arli,2024-02-17 11:40:01,Отлично,5,
49,заур ч.,2023-01-11 13:06:28,Часто очереди.,3,
50,Мурзик,2022-05-31 16:28:30,"Быстрое и грамотное обслуживание, уважение к клиентам.",5,
51,Елена Л.,2020-01-15 20:30:36,"В этом офисе самый грамотный менеджер в городе , Алета. Очень компетентно решает все банковские проблемы клиентов.",4,
52,Лариса Суанова,2020-02-24 18:56:29,Удобное место для посещения VIP клиента обслуживает Тогда быстро и хорошо отдельный вход,5,
53,Ингрида,2021-08-19 17:12:58,Не плохо но не мешало бы обновить помещение . Сервис . И все всем всех благ,4,
54,Станислав,2021-05-12 07:37:06,"Всегда очередь, а мест чтобы посидеть мало, а в очередях большинство стариков",3,
55,Анжелика Гучмазова,2021-11-14 19:46:01,Одно из самых лучших отделений Сбербанка.,5,
56,Майя Ц.,2020-01-27 05:38:43,"Не нравится мне банк ,я свою пенсию перевела в другой банк там мобильный банк бесплатно,а сбербанк пытается за мало мальскую услугу деньги сдерать",1,
57,Дмитрий,2021-07-25 15:21:02,Персоналу немного подучиться профессионально и не хамить.,3,
58,Сергей Юдин,2021-08-30 19:55:37,"Молодцы, подскажут, помогут.",5,
59,Вероника,2021-02-15 14:56:51,"Вежливый персонал, быстрое обслуживание",5,
60,Маргарита Медведева,2020-01-17 04:56:11,"Вежливые сотрудники, очень быстро подходит очередь, всегда оповещает о выгодных предложениях.",5,
61,АЛЕКСЕЙ ГЛУШКО,2019-08-10 13:08:57,Шарашкина контора порядка ноль .банкоматы в самом банке никогда неработают.персонал без бэйджиков без униформы.злые нездороваються по отношению к клиентам ведут себя или равнодушно или агрессивно.оссобенно в отделе обмена валюты худач женщина ни имени ни фамилии незнаю работают без бейжжиков,1,
62,Лиза К.,2020-02-07 09:03:52,"Воры. Заманивают людей и в прямом смысле слова грабят. Сбербанк Премьер, компания воров под маской Сбербанка.",1,
63,Михаил Павлов,2021-06-20 11:51:09,Длинные очереди (#твойкомментатор#тк),5,
64,Татьяна Хаджава,2019-04-12 15:09:08,"К сожалению, очень убогий интерьер. Возле операторов все расписано ручкой . Давно не видела такого.ощущение что ты не в банке.... Очень жаль.",1,
65,Azamat Pihov,2019-11-05 10:12:26,Сбербанк не отличается от других среднее обслуживание как и везде но если потерпеть то нормально,4,
66,Заира Черчесова,2021-12-04 08:36:28,Хороший банк,5,
67,ЗАРА ХУГАЕВА,2020-05-22 09:41:29,Нормальное обслуживание. Правда очереди. Ждать долго.,4,
68,ольга б.,2019-12-10 19:27:41,Быстрое и грамотное решение проблем и обслуживание,5,
69,Хачатур Фартанянц,2018-04-26 10:15:28,"Понравился персонал банка, намного улучшилось обслуживание клиентов, не понравилось, что рекламируя карту ""МИР"" не предупредили о невозможности покупать товар из Китая.",5,
70,Ильгар Ганбаров,2021-08-07 19:07:39,Нормальный офис.,4,
71,АВТОИНСТРУКТОР СЕРГЕЙ,2020-04-26 05:24:45,Обычный сбербанк.только вот с парковкой очень плохо,5,
72,Илья В.,2019-11-03 16:23:29,"Хорошее обслуживание, вежливый персонал",5,
73,Суламифь,2020-08-01 05:42:22,Большие очереди к банкомату. Их всего 2.,4,
74,Павел С,2019-12-15 17:28:18,Много окошек. Очередь электронная. Движется быстро.,5,
75,Марат Тавасиев,2022-02-09 16:41:34,Медленно,2,
76,Сергей Ксенофонтов,2019-11-22 10:49:32,"Хороший банк, опытный и любезный персонал.",5,
77,Андрей Тибилов,2019-08-07 13:40:57,"Получал там карточку.Быстро,вежливо,внимательны к клиенту.",5,
78,СОСЛАН Дзебоев Тазретович,2021-01-05 12:34:55,Как и все филиалы!!!,5,
79,Марина А.,2019-08-29 14:51:41,"В целом все хорошо, но не обходиться без минусов",4,
80,alena1203k,2019-07-29 09:29:54,Отвратительное и грубое обслуживание! Хуже ни в одном отделении не видела!,1,
81,Сергей Меликян,2019-08-10 17:49:04,место не плохое. плохо то что старикам и больным надо подниматься на второй этаж,3,
82,Дмитрий Гомулин,2020-02-14 08:35:45,Отделения Сбербанка мне все нравятся.,5,
83,Оксана Уруймагова,2019-02-09 08:20:21,Очень медленное обслуживание в премьер зоне 🙆‍♀️ просто нереально долго!!!,2,
84,ленчик лен,2020-08-02 12:02:04,Грамотные консультанты!,5,
85,nargizayt,2019-08-02 14:30:27,Руководитель Дарчиева Марина самая лучшая,5,
86,Елена Helen,2019-09-17 17:30:45,Очень грамотные консультанты,5,
87,Natalia Roma,2020-01-27 16:11:18,Внимательные сотрудники,1,
88,Vladimir Orlov,2020-02-29 15:24:27,Быстрое обслуживание,5,
89,Валерий Керчелаев,2019-11-15 14:35:13,Прекрасное обслуживание,5,
90,Иванова Наталья,2019-08-22 18:12:58,Не нравиться обслуживание,2,
91,Кун Д.,2019-11-26 13:28:28,Филиал АДА на земле,1,
92,Алан Гагоев,2020-04-30 11:05:18,Обычный сбер,4,
93,вика Б.,2019-08-03 19:26:30,Хороший банк я его уважаю,5,
94,Fatima 2.,2019-11-27 06:52:10,Очень грубые дамы,1,
95,Софья К.,2019-11-26 21:19:40,Неплохой банк,4,
96,Ахмед Н,2019-09-04 09:01:33,Лучше непободать,1,
97,Юра Караев,2019-07-26 16:29:25,Классно!,5,
