,name,date,text,stars,answer
0,Львовна,2023-07-04 09:12:20,Прекрасное обслуживание! Дружелюбное отношение к клиентам. Работают чётко и быстро. Отдельное спасибо хочу выразить сотруднику банка Хацаевой Рите. Помогла решить все проблемы. Доступно и доходчиво всё объяснила. Грамотный и компетентный сотрудник! За чуткость отдельное спасибо!,5,
1,Зарина,2024-03-23 16:22:47,"Посещала, посещаю. Обслуживали на втором этаже. Там две девушки Марина Амбалова и Зарина Багаева. очень внимательные , приветливые. Знающие, цените таких работников",5,
2,Сергеевна,2024-04-09 22:11:31,"Отличное отделение Сбербанка. Так случилось,что попали во время ремонта с моей бабулей в инвалидном кресле,а отделение находилось на 2 м этаже. помогли мне бабулю донести по лестнице. Спасибо огромное.",5,
3,Проф массажист,2024-04-24 16:53:14,"Пришла за помощью но ни один консультант не захотела помочь , только с 31 кабинета Зарина помогла , спасибо огромное за отзывчивость таких бы по больше 🙏🙏🙏",3,
4,Инкогнито 7146,2023-11-19 16:30:33,Первый этаж супер очень вежливые 👍👍👍отдел ипотеки менеджеры которые принимают документы на ипотеку очень грубые как будто к ним домой приходишь. Особенно их начальник.,5,
5,Аллана Цокова,2023-07-25 08:20:56,"Понравилось отделение Сбербанка. Локация удобная. Обслуживание клиентов хорошее, но на мой взгляд сотрудникам есть к чему стремиться. Побольше коммуникабельности и приветливости по отношению к клиентам Банка лишними не будут.",5,
6,Виктория,2023-10-29 14:25:51,"Всё понравилось,окно 2 незнаю как зовут девушку, всё объясняет доступно и быстро,вежливая и очень приятная!!!",5,
7,Нина Рудоманова,2023-12-13 04:44:46,"Оформляли семейную ипотеку, все быстро и грамотно! Спасибо сотрудникам👍",5,
8,Вера Погосянц,2023-05-12 21:18:10,"Очереди бывают, но не критично…в целом всё не плохо, обратилась к работнику банка помочь с информацией об операциях на моем расчетном счете…мне сказали, что у них распечатать документ стоит 1000р, я обалдела…это как так, ну 100р, 200р …Хотя в прошлом году я там же взяла эту информацию со своего счета и это ничего не стоило😏",3,
9,Михаил,2024-04-19 17:45:33,"Зашел туда, ремонт идет. Позже выяснилось что на втором этаже работают, но обьявлений нет. Я топал в другое отделение.",1,
10,Тамерлан Гаглоев,2024-01-06 13:47:41,"Грамотные и замечательные сотрудники! Подскажут, помогут, направят)",5,
11,Юрий Панчишин,2023-12-31 16:45:57,"Все услуги в одном зале, получаешь деньги со всеми, кто хочет смотрит, подходит. Нет отдельного помещения.",3,
12,Луиза Черчесова,2023-03-13 08:18:40,"Зашла единственный раз и то из-за посылки и мне охранник сразу же нагрубил когда я спрашивала где находится пункт выдачи посылок - СБЕРЛОГИСТИКА. Пришлось обратиться к девочкам в островке. Им не было сложно мне помочь и всё показать. Как никак этот охраник работает в Сбербанке и она должна была ответить на мой вопрос - но либо незнание, либо вредность и плохое настроение...",4,
13,Эрик,2023-06-30 06:08:45,"Хороший персонал внимательный но есть одно но . И по этому 4 звезды , когда зевнул, будучи молодой девушкой надо прикрывать ротик . Да и подходит мужчина надо вставать со стула а не сидя разговаривать. Потому что элементарно при входе в банк ты являешься его лицом выдавая талончики в очередь .",4,
14,Сергей Михайлов,2023-02-09 10:20:15,"Отличное отделение. Быстрое обслуживание. Заместитель руководителя всегда поможет в затруднительной ситуации, огромное им спасибо за свою деятельность. Приветливый персонал.",5,
15,ЭКСТРУДИРОВАННЫЕ КОРМА,2023-07-01 13:05:46,"Хороший офис. Крайний раз встретился с очень компетентной сотрудницей банка, специалист по ипотечным сделкам. 
Очереди отсутствовали. 
Настроение не испортили. 
Жду когда станут предлагать чашку кофе своим клиентам!!??))",5,
16,Диана Сабанова,2024-03-21 13:51:43,Персонал отличный. Система ужасная!!! Одна касса на всё отделение ! Полтора часа очередь в кассу.,1,
17,Эля ТЕБИЕВА,2023-10-04 06:40:08,"Очереди всегда, но это не минус. Девочки и парни всегда приветиливые. Живу рядом и часто бываю в этом банке.",5,
18,Лариса Коченова,2024-02-24 09:47:00,"Вежливый персонал, качественное обслуживание",5,
19,Лена,2023-10-14 11:10:05,"Ну товарищи добрый вечер, 4 сотрудника банка в отделе страхование , не смогли загрузить полис страхования в личный кабинет клиента, откровенно позор",1,
20,CHUMODAN111,2023-01-07 11:34:26,"Имеется парковка и кофе аппарат на входе.
Много окон обслуживания.
Отношение к клиентам 50/50
Много терминалов банкоматов для снятия наличности.
По своему опыту обращения в данный филиал отвечу лучше обратится в другой. ничего личного, только честный отзыв.",3,
21,Александра В.,2023-09-25 12:42:09,"Оставила заявку в этом отделении Сбербанка, мне сказали, что позвонят в течение недели. Не позвонили. До них самих не дозвониться. Просто не берут телефон.",1,
22,Марина,2022-12-23 08:25:24,"Всё доступно, уважительно, удобно что консультант на входе помогает с записью на этом ""чёртовом"" аппарате для квитанций!
Много лет к ним хожу и очень довольна!",5,
23,Анонимный отзыв,2023-05-12 14:00:06,"Очень тяжело найти место на парковке , безумно большие очереди . Квалификации персоналу не хватает или просто устают от такой нагрузки.",3,
24,Аланец Тренер,2023-03-15 18:34:46,"Сбер это кучка афиристов и сброд , даже охрана уже 70 летние бабульки, а так уже как Озон закидывают через предложение предлогают порошки товыры и всякие скидки. Хлев а не банк. 2 раза кинули и не вернули в Дом клик деньги. Самые изощренные схемы обмана именно в Сбере. Завязал с ними хватит.",1,
25,Тёма Маяковский,2023-06-24 13:47:27,"Быстро оформили расчётный счёт для бизнеса, персонал доброжелательный,жаль бизнес карту не получается ни у кого получить- проблемы системы",5,
26,Анастасия Ковригина,2022-11-09 18:37:30,"Самый лучший офис по обслуживанию малого бизнеса, менеджеры работают профессионально, очень вежливые, спасибо менеджеру Элине!",5,
27,Марат,2022-11-07 17:59:47,"Центральный офис Сбербанка. Довольно оперативно работают, в зале также девушки консультанты, которые консультируют и помогают избежать лишней траты времени",5,
28,Марат Абаев,2023-09-20 12:16:38,"Константин Калоев лучший работник в сфере ипотеки,объяснил всё доходчиво",5,
29,михаил,2023-05-14 16:39:02,"В час пик конечно сложновато, но в остальном чуткость сотрудников выруливае на качественное обслуживание)",5,
30,Виталий,2022-12-02 12:14:00,"Грамотный, вежливый персонал. Менеджер Анастасия лучше всех. Даже я с тремя классами образования всё понял .",5,
31,Екатерина Переверзева,2023-08-11 16:43:18,"Ужасно. Просто не хочу переходить на личности, но обслуживание на самом низком уровне, что у них не спроси ничего не знают.",2,
32,Сайгибат Салихова,2023-02-27 16:40:08,"Долго , очень долго выпускали карту. Более 10 дней, учитывая еще, что офис работает и в субботу. Недовольный и неприветливый персонал, да еще очень громко обсуждают личные вопросы.",3,
33,Елена Чепко,2024-01-28 18:33:54,Время ожидания и при этом нет санузла для клиента,1,
34,153840 Икаев,2022-11-05 18:41:19,Профессиональный персонал. Доброжелательное отношение к клиентам. Максимально стараются помочь в решении вашего вопроса.,5,
35,ляна дзитцоева,2021-09-11 09:47:51,"О Сбербанке всегда честно отзываюсь положительно.На Коцоева была не один раз и каждый раз выходила довольной оттуда.Удобная система обслуживания,грамотные специалисты и уютная атмосфера.Единственным минусом считаю,что на улице расположить свою машину бывает крайне сложно из-за большого количества машин,а так всё нормально!",5,
36,Иван Иванов,2024-04-13 12:44:48,Приветливый персонал. Быстрое обслуживание. Почти не бывает очередей,5,
37,Vladant8,2023-04-27 19:01:13,Центральный офис сбербанка в республике. Доброжелательный и вежливый персонал.,5,
38,Андрей Ермаков,2021-07-27 08:49:51,"Дружелюбное отношение к клиентам, все объясняют доходчиво и понятно. Работают быстро и четко. Есть отдельный зал с терминалами. Поток клиентов контролируется,очередей фактически небывает.",5,
39,Инкогнито 9609,2023-12-28 17:19:26,Внимательные девочки работают,5,
40,Алана,2022-09-15 16:44:24,"Ужасное обслуживание. Девушка постоянно откоекалась на посторонние вещи, как будто перед ней не сидели люди. Нормальной консультации там получить не удалось, пришлось всё узнавать через горячую линию",2,
41,chanch,2022-05-12 22:21:26,"Вежливый персонал!грамотное,профессиональное отношение к проблемам клиента.кроме основного вопроса помогли решить ещё два,на которые 3 месяца назад просто махнула рукой.Спасибо сотрудникам Банка!",5,
42,Светлана Кулаева,2024-02-09 12:55:16,Быстро решили возникший вопрос,5,
43,Na Tka,2023-04-01 16:53:34,"Всё быстро. Компетентные, внимательные, вежливые сотрудники.",5,
44,Эдуард,2022-01-21 18:19:20,"Скажите мне пожалуйста зачем сбербанк взял на себя такую ""неподъемную ношу"" как доставка посылок? Ещё ни разу не забрал свою копеечную посылку не простоя в отделении менее 20 минут, скорость доставки не отличается от ""почты"". И ещё самое интересное, что придумали ""создать досье с фотографией и полными паспортными данными"" для выдачи посылки, при этом выражение ""если вы не согласны, чтобы я вас сфотографировал, я не дам вам посылку!""",1,
45,Среднестатистический клиент,2023-10-15 19:23:23,"Шикарное здание банка почти в центре города. Есть парковка, но за забором. Услуги для юр. и физлиц.",5,
46,Владимир Бекоев,2022-01-18 18:13:27,"Хороший персонал, всегда на высшем уровне обслуживают. Решают любую проблемы. Живу в пригороде у нас есть дополнительный офис но я специально приезжаю в этот офис",5,
47,М Бо,2022-05-23 12:01:50,"Берёшь талон в кассу и ждёшь 3 часа пока вызовут. Спрашиваешь у кассира «к вам по талонам?» ответ да. А по факту живая очередь и ожидания талона вечного!!!! Был бы во Владикавказе Альфа-банк, не раздумывая убежала бы туда.",1,
48,Альберт,2022-12-23 20:29:29,Все хорошо с этим отделением. Кроме кассовой зоны. Это должно быть приватное место. А не открытое всем ветрам.,5,
49,Орнелла,2022-06-02 18:09:00,"Быстрое обслуживание, компетентные сотрудники. Всегда быстро и чётко решают все вопросы.",5,
50,Марина Д.,2022-02-21 09:03:12,"Отдел ипотечного кредитования Хутиева Мира блестящий, знающий, отзывчивый, ответственный специалист. Так же Хадзарагова Индира. Остальных для чего держат непонятно.",5,
51,граф Славка,2023-10-18 14:40:16,",обслуживание на уровне, всё быстро",5,
52,Анонимный отзыв,2022-10-27 16:50:26,"Персоналы бы ещё получится , обслуживать клиента . Ни какого участия не принимают , не помогают. Ведут только свои светские беседы .",3,
53,Роман,2022-01-26 06:36:10,"Спасибо специалисту, но зона Сбер Премьер находится в не удобном месте, на 2 этаже, за железной дверью, которая находится в тыльной части неработающих окон бизнес зоны.",3,
54,Коля Пекарь,2023-03-20 18:02:40,Был зимой. Еле перелез через сугробы вдоль тротуара. Аппарат выдал талон в нерабочее окно.,3,
55,Диана Кибизова,2022-06-09 17:45:52,"Если в обменнике доллар-70 рублей, то здесь вам предложат купить за 100-110рублей, Евро -80, то здесь-120-130рублей. Никому не советую связываться с этим банком, по миру пустят!",1,
56,сослан дамбегов,2024-04-15 22:41:39,хорошее отношение,5,
57,Оксана Ж.,2022-02-21 18:47:09,"На сайте и в реальности не соответствие режима работы. Это касается праздничных, предпраздничных, послепраздничных дней. Прежде чем ехать, смотрю в интернете режим работы, написано, что сегодня открыто, приезжаю- все закрыто. Работники, в основном, вежливые, помогают.",3,
58,Казбек Медоев,2024-01-13 20:06:58,Высокий уровень,5,
59,Лариса Суанова,2023-03-16 17:11:30,"Прекрасное обслуживание,виб клиенты заезжают на территорию",5,
60,Давид Цакоев,2023-02-13 17:30:22,"Слушайте никогда не общайтесь с человеком на ""ТЫ"" И не много вежливости вам не помешает",1,
61,Алина Халлаева,2023-10-21 08:04:42,"Вежливость -ноль
Обязанности свои -ноль",1,
62,Вера,2021-05-06 13:43:01,"Странное место. Как будто ресторан, а не сбербанк: женщины-консультанты размалеванные, некоторые в майках (реально майках на тонких бретелях) с грудями наполовину наружу - видимо, ищут среди клиентов мужей, бедные... Руководству сбербанка минус за отсутствие дресс-кода. Такого не встречала нигде в России (про Москву молчу - там всё четко, только в рамках официального стиля; но и в маленьких городах подобного нет), и ни в Европе, ни в Америке. Кавказ разнуздался хлеще всех получается🙈 Владикавказ, точнее.",2,
63,Рустам Магомедов,2023-02-25 18:40:58,"Отделение на уровне нету эти мрачных лиц с выражением ""чё пришел я тебя ненавижу чтоб ты сдох""",5,
64,а а,2023-03-10 18:14:25,"В навигаторе время работы одно, по факту другое. Парковка не удобная.",1,
65,Максим,2024-02-10 16:56:53,Хороший банк,5,
66,Asan Mar,2022-05-02 13:06:02,"Уровень работы службы поддержки,
обслуживание персоналом, 
досутпность отделений и банкоматов 
на высоком уровне.",5,
67,Арнольд Мамиев,2023-08-11 19:07:30,"Ужасно , мелочи нет в банке , это нонсенс !",1,
68,Тамара Е.,2023-01-04 16:39:16,Компетентные и доброжелательные работники! Спасибо им!,5,
69,HELENA,2021-11-27 09:38:40,Мне понравилось. Обратилась ч проблемой которую тут же решили сотрудники банка. Всё быстро и оперативно. Молодцы.,5,
70,Александр,2023-05-28 16:42:19,"Быстро, вежливо. Очень хорошое обслуживание на втором этаже.",5,
71,Иван Романов,2023-12-22 12:01:55,Отлично,5,
72,Диана Джейранова,2023-01-18 05:19:28,отдельное спасибо Фатиме за хорошую работу,5,
73,Алан Бирагов,2021-09-22 22:32:08,"Есть минусы и плюсы, но плюсов большое. Не был бы персонал такой сдержанный и тактичный, то 
жители бы давно поменяли этот банк на другой.",5,
74,David Tsakoev,2021-10-23 09:04:11,Персоналу стоит больше улыбаться быть добрее что ли.. А негатив можно и без посещения данного банка увидеть. И вопрос кулер с водой нельзя поставить????,2,
75,Константин Тук,2023-01-29 19:28:20,Сотрудники за исключением полупрофи и как правило хмурые,1,
76,Луиза,2023-11-06 17:33:52,Хорошо,5,
77,Sultan Bachalov,2020-08-20 17:00:48,"Главное отделение Сбербанка по городу Владикавказ. Приятный персонал,всегда отвечают на поставленные вопросы. Быстро и качественно. Молодцы!",5,
78,Коропова София,2022-11-25 19:01:35,Молодцы помогли мне вложить правиль деньги в мою пользу.,5,
79,Виталий Б.,2020-11-14 08:10:46,"Банк удобен в первую очередь тем, что работает и по субботам ведь нии все доверяют картам, а в выходные снять с книжки не полчится, да и обслуживание клиентов более качественный во всех смыслах, но вот с парковкой тоже серьезные проблемы хотя она есть и не маленькая, но это все из за большого количества посетителей",4,
80,Михаил Китаев,2022-12-11 11:23:46,"Очень быстрое обслуживание, долго ждать не придётся.",5,
81,Неля Теблоева,2021-08-15 15:52:57,"Быстрое и грамотное обслуживание, консультант(имя,к сожалению, не запомнила) была вежлива и компетентна",5,
82,Алла Фардзинова,2021-12-18 13:31:42,"Персонал вежливый работают быстро, молодцы спасибо большое им.",5,
83,а а,2021-10-05 17:46:23,"Как и все офисы сбербанка,чтоб взять кредит нужно чтоб была кредитная история,как на работу устраиваешся спрашивают опыт есть,так и в сбербанке",1,
84,МЗ,2022-06-23 05:12:23,"Цивильный банк, очередей немного, отпускают оперативно",4,
85,марина кокоева,2021-09-12 15:20:39,"Основной офис Сбербанка, напрягает отсутствие масок на всех окружающих, а если они на сотрудниках ,то на подбородке или на губах.",5,
86,Альбина Д.,2022-07-07 14:44:52,Вежливый персонал.Обслуживание на высшем уровни!,5,
87,Опасность,2021-08-29 17:09:50,"Быстрое обслуживание,но есть единицы,которые грубят,напирают,к таким с вопросами не хочется обращаться,в основном женщины в возрасте",4,
88,Константин Тускаев,2021-08-16 14:22:15,"Все банки заботятся о наживе любым путем, а сбербанк самый безобразный банк россии.
Бритоголовые рэкетиры в кожанках пересели в кабинеты Сбера и грабят страну, народ.",3,
89,Аброр Махаммадиев,2023-04-16 17:22:11,Очень хорошая обслуживание,5,
90,322921 Аскерова,2022-07-13 18:54:02,Очень вежливые сотрудники и своевременное зачисление денег,5,
91,виталик космынин,2023-06-03 13:32:09,"Хорошие обслуживание,",5,
92,Инженер Счастья,2021-09-13 10:34:11,"Да вроде бы все хорошо.Обслуживание нормальное.разве что очереди бывают-ну так центральный офис,наверное поэтому",5,
93,АРГОС - Бона Деа Патентное бюро РСО-Алания,2021-09-22 05:21:41,Хорошее место расположение Сбера. Хорошая организация труда и время в очередях там не теряешь.,5,
94,elena s.,2022-08-09 17:12:23,"Обслуживание хорошее, но нужно ждать в очереди",5,
95,Batraz Murray,2022-02-09 02:17:42,Очень вежливые и обходительные сотрудники.,5,
96,Виталий П.,2019-12-03 13:22:15,"Центральный офис. С парковкой немного тесновато, а так все очень удобно. Работники квалифицированные и приветливые.",5,
97,Павел С,2020-03-26 21:56:28,Быстрое обслуживание. Приветливый персонал. Отлично проконсультировать. Затем оформил кредит. Мне понравилось на 5.,5,
98,Инкогнито 2944,2023-09-29 18:22:44,Все хорошо),5,
99,Оксана Воронова,2021-07-29 10:35:08,В принципе нормально работают. Не грубят. Поставленные вопросы решают. Обслуживание без особых очередей,4,
100,Елена Елена,2022-08-07 08:21:23,Не вежливые и не компетентные сотрудники,1,
101,Фатима Газданова,2021-08-04 14:05:21,Достойный филиал. Грамотные консультанты. В 9 окне решают любые проблемы.,5,
102,Вероника Г.,2022-12-31 11:18:44,"Быстро, компетентно.",5,
103,. .,2021-11-25 16:41:32,Отвратительное отношение к клиентам. Не очень умные менеджеры. Долгие очереди в любое окно.,1,
104,Тамара Созанова,2022-05-07 21:38:46,"Удобно, быстро, качественно",5,
105,Яна Маргиева,2023-01-23 21:19:45,Отличное обслуживание.,5,
106,Альбина,2021-04-02 07:49:32,"Центральный офис Сбера. Бывают очереди, шумно, но обычно быстро все происходит. Жаловаться не на что.",5,
107,Алина Дауева,2022-04-25 18:22:01,"Отношение было нормальное, время ожидания быстро.",5,
108,Isabella,2020-11-02 13:35:35,"Сидела ждала, пока персонал в рабочее время думал, какие им конфеты к чаю надо, с марципанами или без. Слушала этот бред минут 15. Первый раз такое видела в банке.",1,
109,Игорь Кокоев,2020-08-03 05:37:46,"Обслуживание внимательное. Минусы Сбербанка - это высокие %, если захочешь брать кредит и маленький %, если вкладывать свои средства на определённый срок.",4,
110,Гиго,2020-03-05 14:09:52,"Навязывают немыслимую страховку 3 % в год от суммы кредита. Хотел взять 500 тыс. На 5 лет . И мне сказали что 75 тыс страховка остаётся банку , при чем возвращаешь их ( эти 75 тыс) тоже с процентами . То есть за деньги которые ты не взял платишь проценты и так их возвращаешь . Я их чуть не послал там",2,
111,Нелли *.,2021-09-05 13:35:52,"Обслуживание хорошее, быстро решала возникающие проблемы",4,
112,Марат А.,2022-07-20 16:44:47,Обслуживание на высшем уровне!,5,
113,Руслан Гусов,2021-06-06 10:37:43,Самый большой офис Сбербанка во Владикавказе. Хорошее обслуживание.,5,
114,Залина Кудухова,2020-04-05 13:24:23,"Предприниматели обязаны отчитываться перед банком кому и зачем переводят деньги. Не отчитались, блокируют сначала карту, потом счёт. Так что если вы ИП либо юр лицо, то лучше выбрать другой банк. Кстати, комиссии за переводы, обналичку и даже внесение денег на счёт грабительские.",1,
115,Whitelexus,2021-06-13 09:33:21,"Да, неужели такое чудо, решили проблему и ещё перезвонили, чтобы напомнить, для завершения вопроса",5,
116,Ferrante Falmani,2021-09-13 11:19:32,Как можно в принципе Сберу дать больше??? И это еще авансом под большой процент 😀,3,
117,"Асланбек Мазлоев, РСО-Алания",2021-08-11 15:42:19,Тут написано что работают до 19:00 а по факту до 18:00 неужели нет сотрудника который проконсультировал бы эту мелочь🤦‍♂️ Пёрся уверенно пешком после работы и всё зря 😡😡😡😡,1,
118,Анна А.,2022-11-05 17:27:52,Отличное обслуживание.,5,
119,Ольга К,2021-09-13 09:35:08,Хорошее обслуживание. Грамотный персонал,5,
120,Эхаб,2021-09-13 15:31:45,Советую.все операций может сделать на месте. Выходные дни суббота и воскресенье,4,
121,Денис Астаповский,2022-04-27 04:42:27,Как и большинство отделений но лучше,4,
122,sveta G.,2020-05-16 16:39:59,Грамотные консультанты и специалисты в окнах тоже всегда подскажут и вежливо обслужат,5,
123,Елена А,2021-12-23 05:17:28,"Оформляли сделку,все быстро,без очередей",5,
124,Атарбек Баскаев,2021-08-11 09:26:43,"Вежливый персонал, хорошее обслуживание.",5,
125,Aslan Gazzaev,2021-09-19 12:58:03,"Чисто, не сижу долго в очереди, все четко короче.",5,
126,Анжела Тер- Григорян,2019-08-24 12:14:07,"Не просто грамотные работники,внимательные,доброжелательные,очень быстро решают все вопросы и дают очень необходимую консультацию.",5,
127,Ильгар Ганбаров,2021-08-07 19:07:22,Самый ужасный офис Сбербанка. Всех самых обиженных собрали именно в этом офисе.,1,
128,Алан Бекоев,2021-09-29 15:37:39,нет парковочных мест. да и проехать просто так парой сложно.,2,
129,Юрий Касумов,2022-10-22 14:19:49,Банкомат 24 часа,4,
130,David,2020-03-20 03:06:32,"Обслуживания улучшается с каждым годом, но есть куда расти. Внутренний контроль качества, думаю, помогает.",4,
131,кодзаев марат,2022-02-16 18:11:09,Не могут помочь в нестандартных случаях.,3,
132,Pravda D.,2021-09-12 19:16:48,Гареть в аду грефу и всему его окружении 🤣🤣🤣 вот мои им пожелания,1,
133,Вадим,2023-05-22 17:13:42,Сбер👍,5,
134,Ингрида,2021-10-06 12:31:02,"Внушает место возможностей , но ограничен делами",4,
135,Марина Датдеева,2022-01-21 16:31:58,Лучшее отделение Сбера в городе.,5,
136,роман п,2022-07-01 12:52:07,"Жарко, душно, долгое ожидание",3,
137,лана м.,2020-05-23 14:59:36,"Близко к моему дому, персонал доброжелательный, быстрое обслуживание",5,
138,Zurox -.,2019-10-09 13:03:23,"Пришла за справкой. Бюрократия конечно в банке напрягает, пришлось поочередно подходить к разным окнам, пока они поняли, что я хочу. Но в конце концов мой вопрос был решен грамотно и я довольна.",5,
139,Гурген Степанян,2020-03-30 07:26:37,"Все нормально, только вот с парковкой почти всегда проблема. Не все же VIP клиенты? Нужно подумать и о большинстве обычных клиентов.",4,
140,151259 такоева,2022-01-19 11:57:07,Лучший из городских отделений,5,
141,Арам Акопян,2021-07-22 14:19:42,Почему опять собирают проценты за перевод денег на другую карту,3,
142,Frida Free,2022-02-02 17:48:10,"Приятные сотрудники,всегда найдут решение проблемы!",5,
143,Александр Серебряков,2021-09-02 07:15:31,Сбербанк как сбербанк. Ничего хорошего и плохого,5,
144,Роза О.,2020-03-16 06:32:02,"На днях была у них и мне попалась очень хорошая операционист Алина. Да и вообще все ,кто раб в Сбербанке, все знающие свою работу девочки",5,
145,David,2021-09-25 14:33:30,"Самый худший банк России.
Мне нечего больше сказать.",1,
146,Khetag Dz.,2019-12-10 17:22:22,"Удобное, достаточно просторное отделение Сбербанка, но вряд ли вам удастся провести здесь меньше 20 минут.",4,
147,Fri_Ang,2020-04-27 14:17:28,Была там однажды...проблема умельчить иностранную валюту не была решена...уж не знаю что там есть в принципе...,5,
148,Владимир Хоранов,2019-12-02 01:02:18,Самый народный банк..удобно пользоваться..но кредиты получать у них под 18%-мне не очень то хочется..могли бы сбавить аппетит и снизить ставки,3,
149,Бернгард Гернгросс,2020-06-15 10:23:31,"Держитесь подальше от этого ростовщика. Умудряются списывать долги с детких 10 тысяч, которые поступили на карту . Позор!",1,
150,Марина Ватаева,2023-01-31 17:29:39,Супер !,5,
151,Наталья Теравакова,2020-05-20 07:11:02,Не обманывать людеи необворовывать код 810 был анулирован президентом рф а банк дурит людеи и стоит на своих позициях,1,
152,VsadnikAppoKalipsa,2021-04-11 09:41:50,Дом мистера Гудвина🧝‍♂️💚архитектура конечно на двоечку🤑😄,1,
153,Орифжон Ражабов,2022-06-04 13:28:31,Отличный банк,5,
154,Аслан Баликоев,2021-06-12 08:49:04,Очередь большая практически всегда,4,
155,Руслан Ужегов,2021-07-12 08:18:52,В совокупности всё устраивает.,5,
156,Аслан Кудухов,2021-07-07 15:50:03,"Ужасно встречают клиентов, грубые",1,
157,анжелика габараева,2021-08-13 21:10:41,Грамотные консультанты и,5,
158,андрей,2020-01-15 18:58:05,Кредиты под высокий процент.Мягкое давление на обязательную страховку.Ничего хорошего.,1,
159,Серго Чёрный,2021-10-03 05:47:03,Некомпитентные сотрудники,3,
160,◕‿◕♥ АфИнА ♥◕‿◕,2019-10-28 14:32:00,"Работают по субботам, нет очередей, много мест для ожидания. Вежливые сотрудники.",5,
161,Арсалана Дзе,2021-03-29 16:19:20,"Все настолько плохо, что нет слов - одни эмоции.",1,
162,Залина Темирканова,2021-06-10 08:45:34,"Хорошое обслуживания,все обисняют",5,
163,Григорий А.,2021-08-22 15:39:55,Навязывает услуги клиентам.,3,
164,Габеев Алан,2019-07-28 16:23:46,"Нет профессионалов своего дела, не смогли по квитанции проплатить пошлину на регистрацию квартиры в Росреестре",3,
165,Зарина,2021-06-26 18:31:43,Банков много. А Сбер один.,5,
166,Владислав Дзалаев,2020-02-10 06:33:26,Грамотные и вежливые стараются помочь по существу.,5,
167,Артур Гой,2019-08-24 12:24:37,Современные стандарты обслуживания. Рядом вип с своей стоянкой,5,
168,Ирина Вразина,2022-07-29 16:04:13,Супер!!!,5,
169,Сергей Когдас,2020-03-04 19:23:07,"Хорошее обслуживание, персонал грамотный",5,
170,Алан Х.,2020-02-15 15:05:06,Хороший отзывчивый и грамотный менеджер.,5,
171,Павел Муравьев,2020-03-09 07:26:13,Большое отделение. Расторопные служащие. Неудобная парковка,5,
172,"ГАУ ""Аланиялес""",2020-01-01 11:13:26,"Быстрое обслуживание, грамотные специалисты",5,
173,mr.Gray,2020-10-22 15:04:31,"Высококвалифицированные специалисты, действующие в интересах посетителей",5,
174,Марина Мамсирова,2022-04-27 14:41:00,Люди суппер,5,
175,Суламифь,2020-08-04 04:42:43,Постоянные проблемы с банкоматами. Их мало. Или не работают.,4,
176,"Студия ""PhotoSharm""",2019-07-17 11:21:42,"Во всех банках большие проценты, этот банк оказался единственным для выдачи ипотеки 9% для ИП с ЕНВД, все остальные отказали. Банк авторизованный для Госпрограмм.",5,
177,Заур Чернозубов,2022-04-30 17:57:39,вообще хз к кому обратиться,1,
178,Ivan Lilin,2020-05-24 14:41:07,"Обычное отделение Сбербанка, ничем не отличающееся от остальных.",4,
179,Дмитрий Чекусов,2021-06-18 13:07:11,Профессионально.,5,
180,제라,2020-04-16 14:10:25,"Ощущение что это филиал почты России, такое медленно обслуживание.",3,
181,Туган Цоков,2020-08-07 06:33:17,"Сотрудники работают очень долго, хамят и грубят!",3,
182,Игорь Дзугаев,2021-08-29 18:10:31,Всегда помогут,5,
183,Нурмагомед Кайичов,2021-06-24 17:28:11,Вежливый персонал,4,
184,Дейв,2020-04-01 14:25:23,Отвратительное место с самого входа. Работники все на понтах.,1,
185,артем кокосьян,2019-09-10 18:03:14,Прекрасное обслуживание грамотные спецыалисты,5,
186,марио марио,2021-09-02 17:45:45,Абслжвание нол,1,
187,Юра Караев,2020-02-13 23:51:07,Отлично налаженное обслуживание,5,
188,Олег Петин,2020-09-25 14:03:49,Очень все достойно. Всем спасибо!,5,
189,Михаил Павлов,2021-06-20 11:52:03,Длинные очереди,5,
190,Марк,2020-09-16 15:29:38,"Трудно парковаться, а так быстро все",4,
191,ленчик лен,2020-08-01 12:52:11,Всегда вежливый персонал!,5,
192,лариса зураева,2021-06-30 17:24:52,Банк как банк.,5,
193,Oksana,2019-10-02 18:12:21,"Обслуживание нормальное, персонал вежливый.",5,
194,Хусейн Мамсуров,2021-04-18 08:11:20,Парковка днем занята!,5,
195,Эдуард,2018-08-06 08:54:26,"Сотрудники замученные как и в магните. Ничего хорошего не ожидал. Банкоматы, если работают, не справляются с потоком желающих...",1,
196,Анонимный отзыв,2015-12-16 08:34:07,"Консультанты ведут себя отвратительно!!! Пришёл положить на книжку деньги, девушка заявила мне, что я должен открыть карту, хотя мне она не нужна. Даже для ""электронной подписи"" - МНЕ НЕ НУЖНА КАРТА. На мой ответ консультант мне, нагло фыркнув, сказала, что в таком случае Сбербанк меня НЕ БУДЕТ БОЛЬШЕ ОБСЛУЖИВАТЬ. И ушла. Это как?! Я всё понимаю, у вас там планы, видимо, горят, но не стоит из-за этого навязывать свои услуги, когда я от них отказываюсь! Это дурдом! Вульгарные, невоспитанные, истеричные, очень наглые девушки. Стыдно за вас, осетиночки... Взял талон, положил деньги на книжку, как и хотел. Без всяких карт.",1,
197,Зарина Т,2019-11-11 15:26:45,Быстрое обслуживание. Опытные сотрудники.,5,
198,Лёва,2020-04-07 06:59:01,Обслуживание хорошее. Приятний колектив. Молоцы.,5,
199,Александр Г.,2019-08-03 12:47:31,удобно и картриджи напротив заправляют,5,
200,Aslan Gulaev,2020-10-14 12:30:44,Надежно удобно,5,
201,Владимир Васильевич,2020-03-31 13:29:15,Обслуживание на высшем уровне,5,
202,A.lisa,2020-11-12 18:05:16,Вежливый персонал,5,
203,Лилия,2021-10-31 09:24:42,Молодцы!,5,
204,Олег Булычев,2020-04-11 13:28:55,Все быстро и удобно,5,
205,Ляна С.,2020-10-28 17:51:34,Обслуживание юр.лиц 👍,5,
206,Елена Helen,2019-11-16 14:38:49,Быстрое и культурное обслуживание,5,
207,Yulia Kasparova,2019-08-19 13:21:40,В принципе мы очень быстро решили свои вопросы.,5,
208,Сергей Ксенофонтов,2019-10-02 15:52:09,Хороший и грамотный персонал,5,
209,Кира,2019-08-02 14:48:42,Грамотный и вежливый персонал,5,
210,TAMERLAN DZIOV,2019-12-01 10:01:29,"Работает по субботам, удобно.",5,
211,ГС,2020-12-01 14:55:58,Очень медленно,2,
212,Зарема,2020-01-31 13:27:08,"Все на пафосе, на людей смотрят свысока",3,
213,Сергей,2019-07-27 07:57:01,"банкомат на улице, внутрь не попасть в не рабочее время",3,
214,Сергей Хозиев,2020-11-15 11:55:53,Центральный сбер,5,
215,Агафон Белый,2019-08-08 18:40:01,"обслуживающий персонал мрачный, как буд то на похоронах",2,
216,лаура с.,2020-01-09 16:38:10,Всегда очень много людей,4,
217,Sergio R.,2019-09-20 18:34:33,"быстрое обслуживание, сотрудники 👍",5,
218,Malik,2020-11-19 13:13:10,нормальный сбербанк в Республике,5,
219,Ильмир,2020-04-05 01:48:17,Внимательные сотрудники,5,
220,ХАМИЦЕВ АЛАН,2018-06-27 13:34:47,Электронная очень работает очень редко ((( так же не всегда бывает стаканов в кулере,1,
221,Сабина Козаева,2020-11-11 17:59:47,Хороший банк,5,
222,Алла Хадарцева,2020-02-09 05:05:59,Низкие проценты по депозитам,3,
223,Ната Б.,2020-01-18 13:55:14,Консультанты грамотные),4,
224,nargizayt,2020-03-19 18:25:00,Самый лучший Банк :),5,
225,Роман Вдовин,2019-09-04 19:58:02,Если бы не долгие очереди поставил бы пятёрку. В остальном все технично,4,
226,Анна Б.,2020-01-27 15:52:31,Много тупых хамов...,1,
227,Артур Багаев,2019-12-15 12:26:01,Самый хороший банк !!!,5,
228,Маирбек Козаев,2020-01-12 07:41:12,Удобно. Быстро,4,
229,Badri Kudukhov,2019-12-27 08:09:13,Отличная обслуживание,5,
230,Эдуард Хубаев,2019-08-27 15:22:52,Качественное обслуживание,5,
231,Кристина П.,2019-11-19 11:03:15,Быстрое обслуживание,5,
232,Алина Мон,2019-11-11 22:23:23,Неплохое обслуживание,4,
233,Тимур,2018-03-03 19:50:19,Отличный банк! Особенно отдел по работе с юр.лицами.,5,
234,ДиАнОчКа,2019-08-06 19:26:10,Все НЕ для людей!!!!!!!,1,
235,Саша Лукиных,2019-07-31 13:53:01,Не грамотные сотрудники,1,
236,Igor ts,2020-03-29 21:57:25,Банк как банк,4,
237,Федот Ф.,2019-11-04 19:14:17,Филиал банка хороший,5,
238,ТОХАР,2020-02-29 18:27:56,Банк как банк,4,
239,ноу,2021-07-11 22:30:01,хорошо все,5,
240,Виктория Орехова,2018-05-18 16:15:32,"Ничего не нравится, особенно драконовские проценты!!!",1,
241,артур г.,2019-11-14 10:30:40,Кредиты не выдают,1,
242,Севиль,2019-10-11 05:10:06,"Всегда очереди, не все кассы работают",3,
243,Дмитрий Гомулин,2020-04-10 14:47:07,По-деловому,5,
244,Xoleg,2019-07-31 19:27:34,Большое и удобное отделение.,4,
245,Андрей Шевченко,2019-05-22 17:06:49,Бардак полнейший!!!!!!,2,
246,Murat K.,2019-08-05 16:16:27,Нормальный Сбер парковка неудобно,3,
247,Алан Гацоев,2019-11-14 11:58:18,Все хорошо,5,
248,Янус,2019-09-14 14:27:38,Очереди,2,
249,Дзилихов С.Б.,2018-03-04 09:33:36,Не могу рефинансироваться!,4,
250,эльбрус джабиев,2019-08-13 07:13:15,Хороший,5,
251,johnson j.,2013-10-01 09:03:08,"Работа отделения отвратительная!!!Постоянные очереди,телефонную трубку никогда не поднимают.И самое ужасное,что повлиять на них никак невозможно.",1,
