,name,date,text,stars,answer,load_time
0,Динара Сайфуллина,2024-05-03 08:45:19,"Обратилась в этот банк, так как наслышана хороших отзывов о нем. Сделала вклад, предложили самые выгодные условия обслуживания. Персонал вежлив, предложили разные варианты условий, очень рада, что обратилась именно сюда,",5,,2024-05-20 12:16:54
1,Валерия Кимова,2024-05-03 19:07:02,"Небольшой офис с приятными в общении сотрудниками. Обслуживают быстро и качественно. Приходила с вопросом по кешбэку (не поняла как работает). Сотрудница Ева мне все объяснила, буквально за 5 минут.",5,,2024-05-20 12:16:54
2,Валентина Истомина,2024-04-24 00:17:05,"Хорошо, что теперь у нас есть офис Альфы. Заходила узнавать про эквайринг, видела проценты на сайте, решила узнать подробнее. Могу сказать, что все, что они пишут на сайте, это правда. Консультацией осталась довольна и решила заказать. Отделение понравилось, стильное и сделано для удобства клиентов.",5,,2024-05-20 12:16:54
3,Петр Мельников,2024-05-12 15:17:32,"Про Альфу узнал не так давно и решил попробовать завести их карту. В банке оказалось хорошее обслуживание, сотрудники приятные, выглядят хорошо и общаются нормально. Про карту мне подробно рассказали, теперь знаю ее от и до. Сотрудник предложил установить приложение, что бы было удобнее пользоваться.",5,,2024-05-20 12:16:54
4,Виталий Черномаз,2024-05-04 05:23:13,"У меня оформлена самозанятость и новый постоянный заказчик попросил меня через Альфу зарегаться, чтобы деньги мне было удобнее переводить. Я не понял как это делается , пришел сюда, в банк, тут помогли и показали мне все, теперь и чеки делать не нужно, очень удобно.",5,,2024-05-20 12:16:54
5,Милена Мурсалимова,2024-04-20 10:56:34,"Хоть я и не часто захожу сюда, но каждый раз здесь предоставляют отличный сервис. В последний раз у меня была проблема с карточкой, информация онлайн отображались неверно. Все быстро уладили, и это заняло всего минут 20. Спасибо!",5,,2024-05-20 12:16:54
6,Галина Марьина,2024-04-30 11:27:48,"На днях оформляла там кредитку - год без процентов, консультант все рассказал, несколько раз дал перечитать договор, без многозначительных взглядов и тяжелых вздохов.. Задавала стопятьсот вопросов и на все получила исчерпывающий ответ. Советую и этот филиал и сам Альфабанк",5,,2024-05-20 12:16:54
7,Иван Сокольский,2024-05-11 03:35:29,"Зачетный филиал, рад, что он в принципе есть! Были тут с девушкой, оба забирали карты и стикеры сразу заказывали, подождали пару дней и пришли забрать. Понравился ремонт и наличие толковых ребят в коллективе.",5,,2024-05-20 12:16:54
8,Мария Петрова,2024-04-20 04:30:41,"Пришла в офис узнать насчет кредита, народу мало, сразу села на консультацию. Задала вопросы, обрадовало, что консультант хорошо знает продукты банка, объяснил, из чего комиссия складывается, какая переплата получится. Рекомендую.",5,,2024-05-20 12:16:54
9,Анна Тетерева,2024-04-30 17:11:59,"Обслуживание на уверенную пятерочку! Молодые менеджеры, во многом разбираются и о многом могут рассказать. Мне так рассказали как в приложении можно вносить платежи по кредитной карте, очень полезно!",5,,2024-05-20 12:16:54
10,Дарья Голованова,2024-04-22 19:35:07,"Лично мне понравилось это отделение в целом и его сотрудники в частности. Оно как то поинтересней выглядит, чем у других банков. А сотрудники хорошо разбираются в том, что предлагают клиентам",5,,2024-05-20 12:16:54
11,Ирина Огнянникова,2024-05-06 05:02:43,"Документы в цифровом формате удобны,как для экологии, так и для удобства.Они всегда под рукой в мобильном приложении,что исключает возможность их потери.",5,,2024-05-20 12:16:54
12,Наталья Маслова,2024-04-15 03:21:52,"Понравилось! Сотрудники дали ответы на все мои вопросы (доступно, понятно). Остались приятные впечатления. Спасибо!",5,,2024-05-20 12:16:54
13,Оксана Ушакова,2024-04-16 19:00:52,"С отделением знакома давно, классное. Сотрудники приятные, не врут про условия и банкоматы 24/7 работаю, выручают)",5,,2024-05-20 12:16:54
14,Ирина Замковая,2024-05-13 05:58:34,"Интересное решение метода работы с клиентами, как в домашней обстановке. Не обычно. Молодцы.",5,,2024-05-20 12:16:54
15,Юля Лебедева,2024-05-16 17:47:09,"Сегодня зашла в банк для закрытия счета, так как переезжаю в другой город. Сделали быстро",5,,2024-05-20 12:16:54
16,Владимир Беляков,2024-04-02 11:35:18,"В этом банке прекрасное обслуживание, рекомендую посетить этот офис.",5,,2024-05-20 12:16:54
17,георгий унукаев,2024-05-17 14:55:18,"Ужасное обслуживание,очень долго",1,,2024-05-20 12:16:54
