,name,date,text,stars,answer
0,Ольга Левицкая,2023-02-20 07:12:31,"Недавно впервые была в этом отделении. Понравилось. Отлично оборудованное новое отделение банка. Банкоматы последней модели. 

Уютная атмосфера, удобные места для ожидания. Компетентные, доброжелательные молодые сотрудники могут ответить на любой вопрос. 
Особая примета этого отделения - отсутствует обычная униформа сотрудников (белый верх, тёмный низ), девчонки в джинсах и футболках, на ногах кроссовки. Это делает общение менее формальным и более человечным - банк старается стать ближе к народу 😄 
Вполне возможно, что скоро эта форма одежды станет стандартной во всх отделениях.",5,
1,Di Ma,2024-03-19 11:17:17,"16 марта примерно в 14 часов пришли в это отделение, чтобы узнать про счета и вклады оставшиеся после смерти близкого человека. Взяли талон B013, после 3го окна (не их компетенция) нас перенаправили к столику 6. Мужчина с бородой на нашу просьбу сказал, что информации они не дают, нужно узнавать по 900 и в этот момент ему позвонили на личный сотовый телефон и мы стали ждать, когда он закончит с кем-то разговор по поводу необходимых документов и справок для отправки его ребенка в детский лагерь. Отвлекать не стали, решили подождать может он вернется к нам все-таки, но чуда не произошло. После разговора извинений не последовало. Подошла девушка с 7 столика и сказала, что звонить нужно не 900, а 8-800...Ладно, спасибо, ушли. Дозвонившись дома нам сказали, что информацию они по телефону не предоставляют, т.к. не видят наши документы, а предоставляют сотруднику сбербанка, который видит наши документы. 
Вот такая неприятная история и дело не в том, что ""специалисты"" отделения чего-то не знают, а в том, что личные дела решаются в рабочее время с сидящими перед тобой клиентами. Просим руководство отделения как-то отреагировать.",1,
2,кирилловская ирина,2023-10-02 14:11:10,"Хороший банк.Но посещаем очень редко.Во первых не в шаговой доступности.Был Сбербанк на Тургенева.Большой жил.массив.С работы ,из школы бывали там.Платили коммуналку.Пока Грефт не ввёл по 50 рублей комиссии, с каждой позиции.У меня 7 позиций.Вот и дори гражданину Грефту 350 рублей,ежемесячно.А то ему всё мало!Не хожу сейчас в Сбербанк и другим не советую.Банков много.И сбер ,обычный комерческий банк.Скупой платит дважды.Вот и этот банк сам себя, в конце концов ,съест.",2,
3,Елена Шевкунова,2024-01-07 14:54:46,"Нравится это отделение, все девочки сотрудницы стараются помочь максимально быстро. Вежливый персонал.",5,
4,ЯсноСолнце,2024-02-22 14:37:41,"Не обычненько, сделали хороший абгрейд месту, коллектив почти молодой, но вот помощи от них мало кому достаётся. Заметила, многих оставляют без внимания, особенно, людей 65+.",5,
5,роман я.,2024-01-28 11:05:54,Хорошее подразделение Сбера. Практически никогда не бывает привычных очередей. Грамотные и вежливые сотрудники.,5,
6,Никита Иванов,2023-07-25 09:19:22,"Отличное отделение, очень красивый ремонт, все оборудование новое, находится здесь очень приятно. И разумеется самый лучший и светлый персонал!",5,
7,НикаТакаяНика,2023-07-15 11:54:23,"03.07 я обратилась в офис с паспортом для подачи заявки на закрытие карточного счета по кредитной карте, тк в приложении это сделать невозможно. Простоял 1ч в очереди 😥🤷Сотрудник в роли Зам руководителя Сорокина Валерия отказала в принятии заявления, ссылаясь на то, что от моего имени заявку уже подали 19.06,повторго зарегистрировать обращение возможности нет. Назрел вопрос:как Вы могли принять от меня обращение 19.06, если в офис я не обращалась, лимит по кредитке не полный, это можно в истории операции увидеть?! После отказа Сорокиной я обратилась на гор линию, мне чётко ответили, что никого заявления от 19.06 и от 03.07 на закрытие счета нет,но уверяли, что разберутся в этом вопросе, без повторного обращения в офис, срок до 15.07 🤦‍♀️ сегодня мне звонит оператор:вам необходимо повторно обратиться в офис с паспортом, по стандартной процедуре и подать заявку, посое этого в течении 30 дней банк закроет счёт. Для чего я 2 недели ждала, знала бы просто в другой офис сходила, в пустую потраченное время!!! Не зря про вас в народе говорят ""Банк мошенников""!!!",1,
8,Максим К.,2024-01-04 11:45:54,"Всё на высоком уровне, красивый офис, кофемашина и прекрасный персонал",5,
9,Елена Морозова,2023-12-07 04:37:00,"Решение проблемы заняло всего 10 минут, при этом мне рассказали о многих продуктах банка. Вся информация доступная и понятная. Спасибо",5,
10,мари мари,2023-09-20 14:19:10,"Современный офис, электронная очередь. Сотрудники быстро решают все проблемы, с которыми приходят посетители. Вежливы, тактичны.нормальные современные банковские услуги.",5,
11,Nat,2022-06-23 13:09:04,"Очень классный офис Сбербанка. Удобное расположение. Внутри всё современно и стильно. Достаточно быстрое обслуживание. Немного уставший персонал, но их тоже можно понять) Новые банкоматы, в достаточном количестве. В общем и целом 5⭐️",5,
12,Ирина Чернова,2022-07-25 15:54:16,На днях посетила это отделение сбербанка..сделан новый ремонт. очень красиво....отличная мебель офисная..персонал очень грамотный и вежливый..все мои вопросы решили быстро и качественно..отношение на высшем уровне..очень приятно..в офисе стоит современная кофемашина,5,
13,Любовь Крикунова,2023-12-14 11:37:29,Хороший филиал. Есть даже парковка!!) Редкость для Новосибирска!),5,
14,Наталья Севдималыева,2023-05-26 16:07:07,"Все очень удобно сделано,обслуживание хорошее,время ожидания быстрое,отношение к клиентам хорошее,персонал вежливый.Я всегда получаю пвысокорофессиональные ответы на мои вопросы",5,
15,Наталья У.,2023-11-11 02:59:24,"В Дубльгис написано , что не работает по субботам , а по факту работают ! Как то странно ... . из плюсов есть парковка для инвалидов",3,
16,Майя Петрова,2023-11-28 14:22:14,"Хорошее отделение, сотрудники справляются со своей работой просто великолепно.",5,
17,Лелик,2023-11-29 13:35:50,По штрихкоду не считывают платежи. Все остальное очень понравилось. Персонал супер,4,
18,Наталья Сутормина,2024-02-15 13:32:36,"Переделали помещение, стало намного уютнее и там работают профессионалы",5,
19,Алексей,2022-08-09 15:54:16,"В прошедшую субботу посетил с супругой офис , воспользовались услугой Сберлогистрика , отправили посылку в Москву. Девочки все быстро сделали, рассказали, большое дело сделали за минимум времени. Благодарю и рекомендую!
07.08.22 обещеная посылка не пришла , обещали за 5 дней, максимум неделю. 
Самое инткресное что никаких документов на руки не дали. Я за 5 дней ранее с хабаровска в новосибирск получил посылку. Тут новосибирск москва ждать более 10 дней. Ужас. Не рекомендую протзоваться услугами. 
В продолжении эпопеи, 09.08.22 получается посылка в Москве.",4,
20,Татьяна,2024-04-03 07:21:56,"Отделение очень удобное. Очередей нет совсем. Правда, сотрудник сегодея очень навязчиво предлагала множество услуг, кредитные карты, страховки и пр.. Была недовольна, что я не согласилась. Поэтому настроение после общения, было испорчено. Хотя когда карту заказывала неделю назад, другая сотрудница была вежливой и ничего не навязывала.",4,
21,Андрей Петухов,2024-01-18 13:10:29,"Небольшое уютное помещение, обслуживание адекватное",5,
22,Наталья,2024-01-31 14:49:56,"Хорошее отделение, практически нет очереди, понравилось обслуживание",5,
23,Владимир,2023-11-02 15:06:33,Жду ещё будут ремонтировать! Интересно как можно поменять пространство.,4,
24,Данил Ешаков,2023-10-20 14:08:22,Очень комфортно и современно! В банке чисто и приятно находиться.,5,
25,Людмила Рейснер,2024-02-10 03:39:06,Очень приятная и вежливая девушка обслуживала,5,
26,Галина Сабенина,2022-07-18 16:47:08,"В принципе, очередь здесь всегда небольшая. Много банкоматов. Персонал дружелюбный, всё подскажут, расскажут, помогут. Единственное - не хватает нормальной парковки.",5,
27,Лиза Р,2023-07-22 09:16:15,"Маленькое, уютное отделения. Есть кофемашина, кулер. Один минус- много людей, очередь, долгое ожидание. Обслуживание быстро. Персонал вежливый, компетентный. Рекомендую.",5,
28,Соня П.,2023-06-09 07:20:18,"Долгое ожидание. Не понятно в каком порядке обслуживаются талоны. Через приложение паспортные данные не обновить, пока сидела в очереди, решила закрыть все карты этого банка, хотя пришла актуализировать данные 🤬🤬🤬",1,
29,Сергей Кутергин,2023-01-12 16:44:57,"Забавный формат выбрал Греф. Но это не влияет на профессионализм специалистов. Всё чётко, по делу, конструктивно. Твёрдая ПЯТЕРКА за профессионализм!",5,
30,Инкогнито 6237,2023-06-15 06:13:18,"Отличное обслуживание, компетентные сотрудники, подробно и понятно рассказали про интересующую меня услугу.",5,
31,Дарья Казанцева,2022-12-12 13:43:12,"Клиентоориентированность на нуле,пришла штраф оплатить,втюхали карту,хотя проще было снять наличку,по итогу штраф не оплатили,потомучто сначала в приоритете Карты (любой ценой впихнуть даже если она вообще не нужна,вам будут ее в глотку засовывать),а потом уже проверить с чем вообще к ним пришли,и для них работа считается выполненной,потомучто их работа не твои проблемы.",1,
32,Елена Ржанникова,2022-07-22 13:31:00,"Очень уютный офис, сотрудники всегда спешат на помощь, работает конденционер и всегда работающие все банкомат, очень удобное местоположение данного филиала, и да вкусный кофе!",5,
33,Елена К.,2023-11-28 12:27:51,"Все нормально, но 200 рублей платить, за справку о реквизитах, слишком ((((",4,
34,LAna,2023-03-13 15:26:02,"После ремонта приятное помещение. Не нравится долгое ожидание всё в одну очередь и касса и тд. Сотрудники приветливы, доброжелательны",4,
35,Мария Потёмкина,2022-05-18 14:58:29,"удобный круглосуточный банкомат, хорошее расположение
персонал адекватный, отношение к клиентам на уровне, помогут и не бросят)
в целом достаточное адекватный филиал",5,
36,auto novosib,2024-03-30 13:05:39,Очень удобно. Приличный офис.,5,
37,Перизат Жекишова,2024-02-21 04:48:30,Сотрудники всегда с улыбкой вежливый!,5,
38,Владимир Берестов,2023-03-21 12:37:55,Сделали классный ремонт. Всё выглядит современно. Обслуживание понравилось.,5,
39,Татьяна Дудкина,2023-08-28 11:47:25,Обследование быстрое персонал приветливый. Время ожидания минимальное.,5,
40,Александр,2023-12-29 05:44:49,"Хороший банк ,но деньги бесплатно не раздают к сожалению.",5,
41,Михаил Кузьмич,2022-07-24 10:26:30,"Отличный банк. Всем рекомендую. Если кто-то о нем еще не слышал- не бойтесь, несмотря на свою неизвестность это надежный банк- у меня там вклад еще до 1991 года был, так вот- они его надежно хранят, я так думаю, а не возвращают потому что обо мне заботятся, я же все равно на всякую фигню потрачу. Молодцы!",4,
42,Николай Уржумцев,2023-11-22 12:54:16,"Все классно, без очередей",5,
43,Василий Павлов,2023-07-11 12:12:19,"Быстрое и качественное обслуживание, все отлично",5,
44,Даниил Александрович,2022-12-07 16:27:54,"+Отличный дизайн, есть автомат с кофе, есть где посидеть. 🤤

-Сотрудники назойливо просят оформить кредитную карту🤬",3,
45,Felix_10k,2023-03-31 04:05:45,"#СберСпасибо Хочу отметить именно это отделение СБЕР банка! Работают профессионалы своего дела, особенно Валерия за 5 столом👍",5,
46,Виктория,2022-01-27 12:24:34,"Отделение обновлённое, много места для ожидания, можно сделать себе кофе, попить воды. 
Вежливые консультанты, ожидание не составляет много времени, так как офис большой, принимают быстро.",5,
47,Ольга А.,2023-12-30 19:01:39,Хороший сервис и обслуживание,5,
48,Оля Т.,2022-04-23 13:15:13,"Обслуживание на высшем уровне новый офис после переформата, все сотрудники компетентны в решении любого вопроса. Очень вкусный кофе.",5,
49,Наталья Семенищева,2023-03-04 23:46:15,"Всегда обращаюсь в этот отдел! работает приятный, вежливый персонал!!!",5,
50,Геннадий Калашников,2022-12-02 15:55:20,"Грамотный и толковый персонал, приятно было получить услугу, рекомендую!",5,
51,Яновець Владимир,2023-07-03 14:17:34,Приятные и компетентные сотрудники. Впечатления положительные👍,5,
52,Алексей Е,2023-08-22 01:24:49,"Вежливый персонал , электронная очередь , в час пик ожидание не более 10 минут .",5,
53,Наталья Шемелина,2023-04-05 15:53:27,"Очень грамотные специалисты,вежливые и симпатичные 😇",5,
54,Ирина В.,2022-11-23 10:51:33,"Моё признание сотруднице Вишняковой Ирине за профессионализм консультаций и этику взаимоотношений с клиентом.
Винник Ирина .",5,
55,Тарасов Павел,2024-01-17 17:08:14,Моё любимое отделение,5,
56,Dimnsk777,2023-01-30 12:23:40,Не самый плохой офис. Народу не очень много. Приветливый персонал,4,
57,Volодя,2024-01-18 12:18:24,Современный офис,4,
58,Елена Бессонова,2022-09-17 12:22:29,"Интересный, современный офис. Не понравилось навязывание сотрудниками подписки сбер прайм.",4,
59,Мансурхон Мамиров,2024-03-02 15:11:44,Обслуживание на 5,5,
60,Людмила Игнатова,2022-09-04 16:18:59,"Всегда спокойно, без ажиотажа. Нет очередей, любой вопрос можно решить быстро.",5,
61,Андрей,2022-10-31 14:11:05,"Очень стильный и аккуратный офис , вежливый персонал",5,
62,Мари Б.,2023-11-28 13:19:01,Крутое место,4,
63,Екатерина Жирякова,2023-04-05 12:43:07,"Персонал вежливый, все четко и быстро",5,
64,Олег Манин,2023-04-10 04:00:01,Хороший банк быстро удобно вежливо,5,
65,Елена Учкина,2022-01-31 15:06:57,Отличное отделение. Очень приветливые сотрудники. Приятная атмосфера.,5,
66,Светлана Смородова,2023-05-25 14:10:25,Отделение отличное. Все есть,5,
67,Виктор Коротков,2022-07-13 06:53:56,"Отличный офис. Быстро, четко и по существу. Сбербанк может удивлять сегодня.",5,
68,Kira Daon,2022-01-28 21:05:16,"Радостно видеть рост сети ""третьих мест"", особенно когда оказывается на твоей улице по линии метро. Спасибо Сбер! Поздравления с ребрендингом",4,
69,галина добровольская,2021-12-22 09:20:40,"Удобно, быстро, чисто. Сотрудники шустрые и веливые. Рекомендую!",5,
70,Н,2023-05-01 14:41:52,"Вроде сгорел в прошлом месяце, опс конечно не нужно проверять",1,
71,Михаил Митрофанов,2022-07-12 17:27:46,"Хорошее отделение, при необходимости все подскажут и помогут.",5,
72,Андрей Самойлов,2023-08-10 15:54:00,Очень вежливый персонал!,5,
73,Светлана Лебедева,2023-07-22 15:57:04,Прекрасное обслуживание,5,
74,Владимир Попов,2023-03-19 13:42:32,"Хороший филиал, обслуживание хорошее.",5,
75,сергей новаков,2023-05-25 14:05:16,"Очереди нет, работают хорошо",5,
76,Антон,2023-01-24 10:18:04,Ужасные очереди. Люди по 40 минут сидят ждут очереди.,1,
77,Виктор Буланкин,2022-04-19 14:53:07,В рамках фирменного стиля со всем набором услуг без лишнего шума и ожидания очереди!,4,
78,Владимир Бурмистров,2023-01-11 18:50:05,"Самый дурацкий банк, постоянно проблемы с блокировкой счетов и карт",1,
79,Леонид Савинов,2023-04-19 16:30:36,Здесь работают профессионалы,5,
80,Павел Тарасов,2021-08-19 08:12:02,Где современные терминалы после реконструкции? Место пользуется огромной популярностью.,5,
81,Инна Черненко,2023-06-18 13:09:25,Быстро. Удобно.,5,
82,Марина Васильева,2022-01-12 10:59:00,"Спасибо сбербанку, что напоминает про окончание срока страховки, могла и забыть. А так все вовремя продлила👍",5,
83,Светлана,2021-09-11 15:17:19,"Очень удобно, что для покупки подарка есть такой ТЦ рядом с метро.",5,
84,987083 Стариков,2022-10-19 09:38:42,Обслуживающий персонал просто супер !❤,5,
85,Валентин Вишняков,2021-12-02 15:40:06,Квалифицированный персонал добрая отмосфера всегда помогут,5,
86,Марина М,2021-07-27 08:27:53,"После обновления небо и земля, современный дизайн и ремонт , сотрудников бы по расторопнее",5,
87,Алексей Белозерцев,2022-02-10 16:48:13,Приветливый и отзывчивый персонал потерял у входа телефон работники помогли вернуть,5,
88,Kondrat-fish,2023-02-15 10:06:49,Очень долго ожидание в очередях,3,
89,Ирина Бочарова,2023-05-13 16:17:42,Любимое отделение,5,
90,Арташес Мкртчян,2021-09-17 22:34:21,Я банкомате сбербанка часто бываю перед тем что ходить магазин за покупками хлеба и других продуктов.,5,
91,Denis Smirnov,2022-05-06 07:46:23,Ужасно медленно работают берёшь талон сидишь по 30 минут 😡,1,
92,Алексей,2022-11-07 11:55:16,С парковкой вечные проблемы!,5,
93,Матвей,2023-09-24 11:04:23,Сбербанк,5,
94,Марина,2021-10-15 03:09:03,"Всем доброго времени!!! 🌹Новый офис, все современно!!!",5,
95,Сергей Попов,2022-01-04 09:11:33,"Современно стало, обслуживание на высоком уровне",5,
96,Вадим,2021-11-20 13:56:16,"Хороший офис зелёного банка, есть трудности с парковкой.",4,
97,Владимир Петухов,2023-03-11 13:08:08,Хорошое отделение,5,
98,Павел Кулик,2022-10-31 14:11:11,Очень красивый отдел,5,
99,. Новосибирск 54,2021-08-15 02:29:05,Хороший банк вежливый персонал ещё бы процент снизили то 5 звёзд бы поставил,3,
100,Сергей К,2022-01-11 13:08:50,Для открытия счета пришлось сидеть у специалиста 3часа нонсенс,2,
101,Михаил Ермачков,2021-12-22 13:57:40,Отличный отдел приветливые сотрудники,4,
102,ΞДΞаΞвΞрΞаΞнΞ ΞСΞаΞрΞгΞуΞлΞоΞвΞ,2022-08-23 18:12:22,Принципе не плохо но зона ожидания как то маловато для общий массы людей.,4,
103,Nikita,2023-05-21 12:44:01,На уровне,5,
104,Геннадий Бабаскин,2021-10-18 12:15:44,"Ранее были очереди, сейчас не знаю, давно не был",3,
105,Сергей,2023-05-24 01:38:36,Всегда долгое ожидание!,3,
106,Хьасан джокхоло,2022-02-17 16:43:14,Как везде в сбер очереди,3,
107,С.В.Р.,2020-04-07 08:52:34,"От остальных отделений не сильно отличается. Небольшое по площади, персонала не много",4,
108,Юрий Храмов,2021-07-22 17:45:57,Закрыто на ремонт. А так в общем то всё нормально.,4,
109,наташа овсянка,2022-10-31 12:04:00,Полезно,5,
110,Александр Федунков,2021-10-31 17:23:31,"Банк, как банк ничего особеного...",4,
111,Елена Стецура,2021-10-17 14:43:02,Сняла деньги без проблем и очереди!,5,
112,Alena Sneshinskaja,2021-09-13 14:11:47,Парковки нет от слова совсем нет,3,
113,Natali,2020-01-02 13:45:07,"Часто пользуюсь банкоматами, наличка всегда есть! А вот персонал часто ошибается!..",3,
114,Снежинка Я,2020-07-18 12:53:36,"Обычное отделение , удобно расположено",5,
115,Славик,2022-08-19 15:26:59,Отказали в обслуживании,1,
116,ольга трендюк,2020-04-05 02:04:56,"Удобное расположение, внимательнее сотрудники.",5,
117,Все о любви к жизни,2019-10-07 01:01:47,"Отличный сервис, небольшие очереди, банкоматы всегда исправны.",5,
118,Игорь Пузиков,2021-09-12 16:59:07,Дорого богато,5,
119,Евгений В.,2022-02-03 14:13:58,Неплохо.,3,
120,Наталия,2022-01-23 13:14:39,Прекрасный персонал,5,
121,Елена Костенко,2022-01-29 12:30:13,Хорошо,5,
122,Leroy,2019-08-21 16:36:14,"Нормальное отделение банка, кондиционер, диванчик, быстрая очередь",4,
123,Дмитрий Фролов,2020-12-02 11:08:43,Мне не понравилось.,1,
124,Михаил,2019-08-04 16:59:00,Круглосуточный банкоматский в этом отделении что очень удобно,5,
125,Дмитрий Епишкин,2021-10-04 14:13:45,Хорошо,5,
126,Александр Т,2021-08-22 13:07:40,Супер,5,
127,Виктория,2020-09-26 09:31:53,Отличные собтрудники,5,
128,Ирина Кононова,2020-02-09 18:15:54,Персонал доброжелательный.,5,
129,Алексей Тонкошкуров,2019-08-21 02:06:03,"4 банкомата, очереди редко бывают",5,
130,Maks54,2019-08-31 07:12:28,"Сбер как сбер, чистенько и комфортно.",5,
131,Татьяна,2020-03-10 08:06:26,Стандартное отделение,3,
132,Roman Batenev,2019-08-12 09:41:47,Вот где карту открывали - туда и идите.,3,
133,Виктор Трифонов,2020-02-15 07:30:57,Нармальный банк.,5,
134,Анонимный отзыв,2018-01-15 04:12:22,"Обслуживают очень быстро, практически нет очередей.",5,
135,Андрей Кудряшов,2018-03-01 06:54:19,Постоянная проблема с банкоматами,3,
