,name,date,text,stars,answer
0,Аваз Абдурахмонов,2024-04-09 10:12:31,"Отличный вокал , много мест для парковки, внутри просторно и скамеек много где можно ждать рейс.",5,
1,Marinessa.86,2023-08-15 15:52:54,"После ремонта это отделение стало стильным и современным. По обслуживанию тоже все отлично. Переоформляла карту, сделали все быстро и с улыбкой, мелочь а приятно, что персонал на позитиве👌",5,
2,Елена,2024-03-24 15:26:50,"Сбербанк! Отделение это отлично! Нооооо, ползёшь к лестнице, как на катке, палок лыжных не хватает, эта ярмарка, вот совсем она там не нужна. Хоть лёд бы убирали, проценты берут за всё, а дворника нормального нанять не могут.",3,
3,Welcome,2023-09-05 12:08:44,"Мне этот офис банка очень нравиться. Здесь работают самые толковые сотрудники (с чем сталкивалась не раз). Очень быстро и качественно отвечают на все вопросы. Это большой плюс, помещение внутри стильное, даже кофе можно попить. Персонал вежливый, внимательный.",5,
4,Татьяна Ч.,2024-04-13 04:35:53,"Простояла в очереди, но «специалист» ничего не знает как помочь, даже не поинтересовалась у коллег, по итогу пошла в другой банк. Прям безобразие, ни разу в Сбербанке с таким не сталкивалась",1,
5,Роман Масловский,2024-02-25 14:14:35,"все вопрсы решил быстро, объяснили всё доходчиво, чисто и уютно",5,
6,Суслов Сергей,2024-02-12 15:54:22,Супер современный офис. Отсутствие очередей. Крутые консультанты.,5,
7,Алена Б.,2023-08-23 08:24:12,"Отличный Филиал, рабочая атмосфера, помогли в решении вопроса быстро. Единственное, большая очередь. Ну что поделать если сокращены отделения.",5,
8,Мария Куляева,2023-07-20 19:14:34,"Крутой сбер, чаще всего была именно в этом офисе, очень приятные люди там работают, и в принцпе место комфортное",5,
9,Елена Вербило,2022-07-14 11:16:00,"Хорошее отделение. Грамотный и вежливый персонал, созданы условия для сокращения времени ожидания. Стараются применить новинки в обслуживании,большой минус это малый зал для клиентов. Расширяться не куда. Удачи желаю данному отделению.",4,
10,Владимир Юрьев,2023-01-18 19:49:49,"Офис изменили просто до неузнаваемости. Просто есть все что можно, ремонт делали за всю мою жизнь там раза 4, щас просто идеально все. Банкоматы новые поставили 4 штуки, есть где просто посидеть погреться и кофе сделать. Сотрудники все вежливые, всегда рады помочь, хороший банк - Сбербанк!",5,
11,татьяна макарова,2022-10-23 11:31:52,"В этом отделении Сбера всегда встречаешь грамотных, доброжелательных специалистов. Просторный, удобный офис, приятная атмосфера. Рекомендую!",5,
12,Сергей,2022-11-18 08:28:24,"Сбербанк, самый основнойию и главный банк нашей страны, и как следствие, самый загруженный банк, всегда очень много народа, очереди, если что-то надо решить в офисе банка, то запасайтесь терпением, ждать возможно придется долго, вроде и отделений много и мальчиков с девочками набрали, а эффекта уменьшения очередей не наблюдается. Плохо!",3,
13,Ксения Рафаилевна,2023-11-27 12:26:01,"Персонал доброжелательный ,все отлично.",5,
14,Владимир,2024-04-11 11:20:45,Иногда много народу. Но всё быстро решается,5,
15,Станислав Барков,2023-01-18 14:25:31,"Сбербанк, и этим всё сказано. Удобно, рядом с домом. При необходимости снять наличные, всегда есть в банкоматах. Приветливый персонал.",5,
16,Елена,2022-12-14 13:00:01,"Удобное расположение, много специалистов.Не понравились банкоматы самообслуживания. Зачем эти огромные экраны? Стоишь и вся информация что на твоей карте как на витрине магазина. Конфиденциальности ноль. Может быть это только моё мнение",5,
17,Ольга Веселова,2023-12-26 11:57:58,"Есть несколько банкоматов, но иногда все равно очере6",4,
18,Вадим Суханов,2023-09-30 14:13:09,"Всегда очередь, направление не на клиентов а на зарабатывание денег , всегда готовы предложить выгодные предложения для банка.",3,
19,Татьяна Дрáґун,2023-09-29 12:52:58,"Больше не пойду,сменили банкоматы,он карту долго не уозращал,номера на банкомате нет куда звонить.А был выходной и сам банк не работал",1,
20,Игорь.К.,2024-02-18 14:43:17,"После ремонта, все стало очень современно",5,
21,Инкогнито 7802,2023-12-21 13:55:12,"Бываю здесь часто, все устраивает",5,
22,Алексей Иноземцев,2022-06-05 13:20:34,Хорошее отделение .современное оборудование.есть лифт для колясок.сотрудники внимательные и компетентные.работает круглосуточный банкомат.,5,
23,Олег Гаврилин,2022-08-04 15:26:56,"Огромная благодарность Минякиной Ольге,за неравнодушное отношение к посетителям,очень вежливая и внимательная.Здоровья Вам Ольга и благополучия.",5,
24,Лена В.,2022-03-16 13:05:54,"Хочется сказать тёплые слова в адрес Казанцевой Юлии, которая всегда проявляет в работе профессионализм и компетентность. Всегда доброжелательна, улыбчива и спокойна. Для решения своих вопросов обращаюсь всегда к Юле. Она умничка! Успехов!",5,
25,Елена Потылицына,2022-07-15 13:16:41,"После ремонта банк просто не узнать. Терминалы для снятия и вкладов современные, на сенсоре. Консультанты всегда на старте. Не успел зайти, тебе уже желают помочь решить любой вопрос. Играет музыка, кофе можно приготовить. Всё для клиентов банка. Мне нравиться данный офис.",5,
26,Татьяна К,2024-03-10 12:56:21,Удобно и все устраивает,5,
27,Алекс F,2022-09-15 16:55:11,"Отличный офис, вежливые манагеры, большой и чистый, простите, туалет! Вход необычен, но терпим.",5,
28,Наталья Серова,2023-05-30 12:36:30,"Вполне приличный филиал, после ремонта очень уютно.",5,
29,Денис Высоцкий,2023-01-16 05:34:26,"После ремонта это отделение неузнать в хорошем смысле! Молодцы не стоят на месте, а развиваются в направлении лицом к посетителям.",5,
30,Виктор Маркелов,2023-07-17 16:30:52,"Вежливый персонал,ожидание по минимуму,удобные банкоматы.",5,
31,Ольга Константинова,2023-05-19 12:45:52,Очень хороший банк девочки всегда приветливые,5,
32,альмира курчакова,2022-08-29 13:37:00,"На клиентов абсолютно по барабану. Поверхностное обслуживание, безучастие. Даже приглашённый руководитель не проявил клиентоориентированности. А ведь клиенты - это ваша зарплата.",2,
33,I P,2022-02-06 13:30:33,"Отделение открылось после ремонта, отношение уважительное, время ожидания 5-10 минут. Новые современные банкоматы. Встречают и провожают клиентов, спрашивают, какой вопрос нужно решить. Все по-современным технологиям.",5,
34,Ирина Бондаренко,2022-02-08 12:21:03,"Удобное расположение, много банкоматов. Сотрудники вежливые, всё расскажут, покажут, помогут.",4,
35,аме аме,2024-04-01 17:02:28,Нормальный офис.,5,
36,Виктория Рева,2021-08-28 09:30:59,"Неплохое отделение, есть пандус, правда в некоторых местах немного поднялся. Консультанты вежливые. На днях забирали посылку от сбермегамаркета, консультант принёс лично.",4,
37,Юлия,2021-06-23 03:45:31,"23.06 с утра из 8 касс работала только одна, на вопрос когда будут работать ещё кассы, сказали сейчас будет работать ещё одна касса, простояли мин15 никого.Народа было не мало, и в основном уходили не дождавшись открытия касс. Просто безобразие для такого большого отделения.",1,
38,Эльдар Волостников,2023-09-18 07:12:18,Отвратительная работа сотрудников,1,
39,Елена Кайгородова,2022-08-30 18:22:25,"Очень быстро,в короткое время решила все возникшие проблемы.Спасибо))",5,
40,Светлана Феофилова,2022-06-08 11:10:30,Современный во всех отношениях филиал. Отличное обслуживание.,5,
41,влад тим,2022-06-30 18:03:15,Персонал отличный помогут расскажут приятно удивлён,5,
42,Алена Токарева,2023-01-24 18:12:35,"Долго ждать своей очереди, раньше до ремонта -было быстрее",4,
43,Марина Михайлевкая,2023-12-12 12:50:35,"Все, ок",5,
44,Лана Шелест,2021-08-26 14:01:47,Территориально мне нравится. Хорошие специалисты всегда все разьяснят и подскажут,5,
45,Роман Тригоб,2022-11-04 13:04:07,"Современное отделение, отличный сервис.",5,
46,Мария Дериглазова,2023-06-12 10:54:46,Время ожидания - всегда долгое,4,
47,Максим П.,2019-09-01 14:47:51,"Хотелось бы выразить благодарность менеджеру Чудиновой Евгении!за внимательное отношение к клиентам, приходил заказывать кредитную карту...все было доступно объяснино... отмечаю ее высокие профисианальные навыки и заботу о своих клиентах!к этому сотруднику можно обратится с любой потребностью!сервис в Сбербанке вырос в моих глазах,благодаря таким сотрудникам! спасибо!",5,
48,Вахинк Фаритович,2022-05-16 05:13:25,"Вежливо обслуживание, консультанты очень помогли.",5,
49,Семён А.,2021-03-13 09:54:03,"Не совсем быстрое обслуживание, иногда приходиться ждать до получаса, а в целом хороший банк, грамотный персонал, но Годом ранее было не так, спасибо что исправились",5,
50,Ekaterina S.,2020-01-17 11:42:56,"Несмотря на оооо -очень большой поток клиентов всегда адекватные помощники в зале,нет больших очередей,всегда есть свободные скамьи, хорошее проветривание зала ожидания, приветливый персонал",5,
51,Данил Кисурин,2023-07-03 14:17:36,Банкоматов достаточно.,5,
52,Виолетта Ивлева,2023-06-05 12:04:36,Очень удобный сервис,5,
53,Megaslad,2022-08-29 02:59:53,"Можно попасть в очередь, а так обслуживание быстрое.",3,
54,Ирина Б.,2021-07-18 10:06:24,"Все хорошо, все вежливые, все доступно и понятно, спасибо!!!",5,
55,Татьяна Азаренко,2023-05-06 14:53:58,"Обслуживание, персонал",5,
56,Андрей Васильев,2022-12-04 15:06:23,Нормальные банкоматы нового уровня,3,
57,568616 Бахтиёр Арабов,2023-09-04 11:43:35,Все отлично,5,
58,Денис Б.,2022-05-16 13:11:07,Единственный сбер на пару км. Один банкомат- вечно очереди от 2 до 10 человек,1,
59,Виктория К,2022-09-07 12:30:46,Отличное современное отделение банка!,5,
60,Евгений Луценко,2021-10-10 09:58:40,Очень удобно..регулируемая очередь..сотрудники вежливые,5,
61,Дмитрий Кошелев,2021-10-21 07:16:09,Хорошие отделение было но был один небольшой минус очередь иногда сбивалась,4,
62,Светлана Светлана,2021-08-20 23:50:03,"Не очень квалифицированные работники. Не смогли оплатить мне обычную госпошлину, мотивируя тем что реквизиты не те. Не попросив при этом даже паспорт!!! В другом отделении тут же все сделали четко и быстро. Руководству стоит обратить внимание на профессионализм своих работников. А так, отделение неплохое, удобно расположено, рекомендую.",4,
63,Наталья Иванова,2022-06-23 11:19:45,Хотела снять деньги в 23.20. Двери к банкоматам были уже закрыты ((,2,
64,Элла Елецкая,2023-07-06 13:11:20,Всё удобно,5,
65,Татьяна Самойлова,2019-11-20 02:59:38,"Очень уважаю этот сбербанк. Много лет с ним сотрудничаю. По всем вопросам обращаюсь только к сотпудникам в этом отделении. Ни где так вежливо Вас не примут. Порой до нас туго доходит какойнибудь продукт, очень терпеливо и доходчиво разъяснят. Молодцы сотрудники.",5,
66,Лидия С,2020-02-18 14:19:25,"Постоянно большие очереди. В последний раз был закрыт проезд на коляске...мало того, что он оооочень крутой, что можно подскользнуться и вместе с коляской навернуться...(а в коляске ребенок грудной), еще и закрыли, так вообще теперь туда не пробраться, пришлось ехать до другого филиала",2,
67,anton karpov,2021-06-11 07:00:03,Был какой-то давно. Народу тьма толи место такое толи я попал так. Очередь была большая. Пришлось сидеть минут 30-40.,3,
68,Василий,2021-06-17 09:04:06,Приветливый персонал всегда помогут и подскажут.,5,
69,Галина Иванова,2020-01-12 11:09:44,"Очень нравится этот офис, консультанты доступно всё объясняют, в очереди практически не приходится тратить время. Рекомендую от всей души.",5,
70,Сергей Герасимович,2021-09-29 13:44:25,"Бесконечные очереди, в том числе в банкомат, а сейчас вообще закрыт, куда людям податься???",4,
71,Андрей Власов,2022-07-24 18:05:31,Один банкомат доступен этого мало.,3,
72,Нурия Рубина,2019-07-26 11:43:11,"Удобно расположен. Много работающих сотрудников. Электронная очередь, что очень удобно. Вежливые сотрудники.",5,
73,Даниил,2022-07-05 15:01:57,"Новое отделение, только открвлось",5,
74,Владимир Черников,2019-05-08 04:57:52,"Самое тупое отделение которое приходилось посещать. Я клиент банка 15 лет после посещения сразу хочется поменять банк, да только пенсию в другие почему то не переводят. Посещение по самому элементарному вопросу занимает минимум полчаса. После утери карты после возврата моя основная карта почему то стала дополнительной и поменять ни один сотрудник этого отделения ничего не может, что говорит р крайне низком профессионализме. Пришлось блокировать карту и заводить новую. При обращении по конкретному вопросу начинают перечислять всякие страховки и не успокоятся пока не оттараторят заученное. Лучше бы программу банка изучили, а то не ту кнопку нажмут, начинают друг другу звонить. Много еще можно написать, но думаю и над этим руководству стоит задуматься. Звездочку поставил за внешний вид и вежливость персонала . С уважением В.Черников",1,
75,Ольга Г.,2021-09-28 11:54:48,"Хорошее отделение сбербанка, удобный график работы",5,
76,Николай С,2021-11-15 15:30:02,"Всё хорошо, но сейчас закрыт, сломали полностью, на ремонте",5,
77,Людмила  Гуськова,2022-05-10 14:43:26,Раньше до ремонта было лучше,4,
78,ЯсноСолнце,2021-09-05 12:23:47,"Всегда работает две, три кассы, когда их в общей сложности 16",2,
79,Олеся Башкирева,2021-03-30 08:55:32,Удобный банк. И по расположению и по обслуживанию.,5,
80,Анна Кононыхина,2021-08-26 03:09:02,"Компетентные сотрудники, доброжелательные.",5,
81,Марина Смирнова,2021-05-01 12:08:18,"Хороший современный банк, вежлевый персонал",5,
82,Vadim Go,2019-09-20 04:38:57,"После того как сделали электронные очереди, толкучка прекратилась. 
Нормальное обслуживание, светло и аккуратно!",5,
83,Михаил К.,2021-07-04 08:30:33,Все хорошо. Открыт в воскресенье. Очередей нет.,5,
84,radasteya4,2021-05-28 13:58:52,Загородили пространство. Как будтотторговли мало.,3,
85,Александр А.,2020-04-21 11:23:37,Пять потому что это отделение в любые праздники работает. Если конечно не поменяли расписание.,5,
86,Ираида,2019-11-08 08:42:56,"Хорошая работа, прекрасное обслуживание, достойные предложения",5,
87,Елена Юр,2018-12-25 16:23:39,Мне он очень просто нравится и сотрудники идут всегда на помощь !!!Все отзывчивые.Большое спасибо этому сбербанку .,5,
88,Елена Волотько,2019-10-12 11:01:40,"Мне нравится, график работы, обслуживание клиентов. Всё отлично",5,
89,Екатерина Лубкова,2022-01-06 12:46:20,Хороший Сбербанк,5,
90,Tatyana T.,2021-01-26 14:00:09,Внимательные и грамотные консультантв,5,
91,Nick Mikh,2021-09-02 17:13:31,Сбер он и на Ниве Сбер!!!,3,
92,Вероника Тарасенко,2021-04-07 09:03:05,Бастрое и внимательное обслуживание,5,
93,Руслан Нуриллаевич,2022-07-26 15:10:36,Отличный!,5,
94,Аноним,2019-11-27 05:49:23,Пожалуй самое удобное место. Всегда не много народа. И рядом метро,5,
95,Сергей Коваленко,2020-08-06 15:50:25,Иногда барахлят банкоматы и скапливается очередь,4,
96,Елена П.,2019-08-25 18:27:18,"Часто захожу сюда,работаю рядом, очень удобно",5,
97,Игорь Соколов,2022-04-27 02:53:11,Классный,5,
98,Павел Калгушкин,2020-10-05 02:21:07,Хорошо! Когда не много народу.,4,
99,Белеткова М,2020-01-30 11:29:05,"Как то меня проконсультировали не очень, один одно сказал, вышло другое.",4,
100,Kirill L.,2020-11-19 13:36:48,Часто работает только один банкомат,2,
101,Никита,2020-01-06 14:09:00,"Норм отделение.
Только не все операции умеют делать. 
А так норм.",5,
102,Ольга Самуйлик,2019-10-01 07:33:00,не все работники могут оказать квалифицированную консультацию,3,
103,Игорь Л,2019-11-15 02:40:30,Классический сбербанк с круглосуточными банкоматами,4,
104,Елена Акзамова,2021-01-03 07:34:37,Все сделано для людей,5,
105,Надежда Гаврилова,2020-01-14 09:53:39,"Доступные банкоматы, рядом с домом",5,
106,Андрей Ладынский,2020-02-03 09:13:20,Достаточно оперативно работают,5,
107,Николай Рубцов,2021-04-25 08:41:07,Хороший банк,4,
108,Александр ремонт квартир НСК,2019-11-29 15:58:18,"Захожу постоянно,удобно и без проблем",5,
109,Татьяна Мазурова,2020-01-06 19:20:15,"Быстро, удобно, по пути",5,
110,Александр .Ч .,2020-08-17 14:37:30,Утром всегда очередь.,4,
111,Михаил Рузайкин,2020-02-10 10:30:29,Качественное обслуживание,5,
112,Михаил Мысовских,2019-08-21 13:16:17,Проценты могли бы не брать за оплату коммунальных,3,
113,Алексей Кудряшов,2019-10-11 01:15:39,Сбербанк это сбербанк комментарии излишни.,3,
114,Забелин Сергей,2019-09-18 11:56:08,В Сбербанке самые дорогие коедиты,3,
115,Евгений,2019-11-08 03:33:05,сбербанк! этим все сказано!!!,1,
116,@vic_ost,2020-03-28 21:07:39,Нормальное отделение,3,
117,Torgunakov Dmitriy,2019-04-08 09:38:33,"В 2011 обновили дизайн, ремонт стало чуть-чуть комфортнее",3,
118,Елена,2019-09-16 04:11:18,Сбербанк одним словоом отстой,1,
119,Натали,2018-05-14 07:39:04,Работают опытные и оперативные специалисты!,5,
120,Александр Франк,2019-11-03 12:08:27,Автоматы тормозные,4,
121,Екатерина Рыбина,2019-10-17 12:48:31,Нескончаемые очереди,3,
122,Сергей Ивлев,2019-12-02 12:10:49,Вежливо и быстро,5,
123,Андрей Восточный,2019-10-14 10:31:18,Обычный сбер.,4,
124,Сергей С.,2018-08-09 05:33:15,профессиональный персонал,5,
125,Юляша-казюляша,2019-10-10 17:10:25,Обычный Сбер,4,
126,Минор,2018-07-22 12:00:34,очереди очереди и проценты,3,
127,Slava,2019-09-05 11:31:20,удобный,5,
