,name,date,text,stars,answer
0,Анна Орлова,2024-02-17 15:22:54,"Комфортное отдаление, есть уголок для детей, вежливый и компетентный персонал! Обслуживание максимально быстрое, объясняют и поясняют что делают и для чего та или иная операция! Нет навязывания лишних услуг!",5,
1,Елена К.,2023-12-05 13:03:23,"Хорошее обслуживание, рядом с домом. Очереди практически нет. Много банкоматов. Приветливый персонал, хорошая атмосфера, не давно был сделан ремонт.",5,
2,Олеся Давыдова,2023-04-20 12:14:22,"За последние 2 месяца обращались к вам 2 раза. И вот по какому вопросу.
Моей бабушке (86 лет) приходит пенсия на карту. Никогда не было проблем или каких-либо вопросов. Все четко. Вовремя. В один и тот же день месяца. А январская и мартовская пенсии пришли на сберкнижку. Естественно , мы даже не знаем где эта книжка и есть ли она вообще или нет.
В феврале приехали первый раз в ваш офис. Привезли бабушку с собой . Девушка специалист сказала, что это не в банке проблемы, а в пенсионном фонде. И на месте сейчас ничего нельзя исправить. Отправила нас в пенсионный фонд. В пенсионном фонде нас отправили обратно в банк, сказали , что тоже не могут помочь.. Т.к. у бабушки нет личного кабинета и вообще у них по счетам всем хорошо. Ссылаясь на то, что проблема в банке. Мы вернулись в банк, но бабушки уже со мной не было. Она устала, мы ее отвезли домой. Девушка специалист банка настоятельно рекомендовала мне обратиться к нотариусу, оформить доверенность. Написала адрес и фамилию нотариуса. Вроде только он может мне помочь в оформлении доверенности на получение пенсии(в случае, если опять будут какие-то проблемы). Февральская пенсия пришла на карту. Бабушка успокоилась. Мартовская опять на книжку. Мы опять привезли бабушку в банк. И уже другой специалист на месте (!!!!!)оформила доверенность на меня на срок 10 лет. Мы тут же сняли деньги с того счета, на который пришла пенсия. И вопрос был решен втечение 15 минут!
Мне не сложно приехать самой и привезти бабушку к вам. Но очень сложно потом привести бабушку в чувства... Давление весь вечер под 200...
Огромное спасибо второму специалисту, который работал с нами. Ну а первому быть внимательнее и лучше разобраться и выслушать своих клиентов.",5,
3,Татьяна,2023-09-07 07:06:28,"Отвратительное обслуживание. Девушка, окно номер 4, общается крайне не вежливо с короной на голове, а у самой элементарных знаний нет, такое ощущение, что человек даже 11 классов не окончил, кого только на работу не берут. Причем такое ощущение, что помню её в другом отделении Сбербанка на земнухова она тоже работала несколько лет назад и вот точно также себя вела, поэтому и запомнилась. Когда с таким сталкиваешься хочется сменить банк, чтобы не портить настроение. К другим сотрудникам обращалась, нет вопросов.",1,
4,Ольга М.,2023-08-07 15:00:39,"При досрочном погашение потребительского кредита, денежные средства за страховку вам не вернут! Это не про Сберстрахование!!! Поэтому возврат можно осуществить только в течении 14дней (срок охлаждения), написав заявление в ПАО Сбербанк. Сотрудник банка ввела нас в заблуждение, уверовав нас , что при досрочном погашение нам вернуть часть денежных средств, увы!!! Кредитный договор и договор страхования в итоге два разных продукта! Успевайте вернуть денежные средства по договру страхования в течении 14 дней с момента оформления кредита!",1,
5,Алексей Астахов,2023-02-06 15:49:55,"Сам офис хороший. Очень все культурно, чисто, красиво. Но возле этого дома вечно не чистят проезд. Всегда сугробы зимой. А летом постоянно грязь какая-то. Но это вопросы к управляющей компании.",3,
6,Татьяна Крюгер,2023-12-17 15:15:42,"Хороший обновлённый офис, все приятные и доброжелательные.",5,
7,Иван Зайцев,2022-11-28 13:55:00,"Отделение вроде бы современное и всё на первый взгляд должно быть хорошо.... 
Но очень насторожило, что в помещении, где банкоматы было очень много каких-то подозрительных лиц в нетрезвом и невменяемом (на мой взгляд) состоянии. 
Не думаю, что там так всегда, но когда вы хотите внести крупную сумму на карту, вы чувствуете себя некомфортно... Меня это насторожило.",3,
8,Олеся Швенк,2024-01-11 12:20:24,"Руководитель отдела очень нравится. Не знаю как зовут, всегда поможет, поинтересуется с каким запросом пришли.",5,
9,Вера Радуга,2023-04-02 03:25:45,"Пришли закрыть кредитную карту, внесли необходимую сумму. На просьбу выдать документ о закрытии и полном погашении задолженности , получили справку по месту требования , которая по сути и документом то не является . Даже заявление на закрытие кредитной истории не оформили. Все было сказано только в устной форме . Полное безобразие. Не дается ни выписок ни подтверждающих ддокументов. На лице работника отделения банка полное нежелание выпонить какие либо действия в бумажном варианте. Зато , когда выдается кредитная карта и улыбка и невероятная скорость исполнения и оформления. Единица за такую работу",1,
10,KENT,2022-06-07 05:50:47,"Замечательный банк. Замечательное обслуживание. Вопросы решаются оперативно и грамотно. Отдельно хочу поблагодарить Сароян Милену. Добрая, вежливая, грамотная в своём деле девушка. И всем, всем сотрудником этого банка большое спасибо.",5,
11,Наталья Асанкина,2023-11-21 04:56:36,"Чистое светлое помещение, после ремонта.Быстрое обслуживание.",5,
12,Дед,2023-02-08 11:56:43,"Нормальное отделение сбербанка. Пондравилось обслуживание. Быстро, вежливо, профессионально. Все это сотрудник Юлия Г. Большое ей спасибо.",5,
13,Анастасия К.,2023-04-09 09:12:36,"Проходимость огромная, из-за сокращения СБ офисов, а также из-за , сокращения банкоматов на Родниках. Общалась ни раз на эту тему с сотрудниками СБ; прислушались - поставили банкомат на Кочубея 7/1 👍. В целом сотрудники самого офиса спокойные, грамотные, но нагрузка конечно колоссальная (как в магазине)",4,
14,Чингиз Касумов,2023-07-19 12:26:22,Очень опрятный и очень доброжелательный добросовестный персонал мой вопрос решили мгновение Ока,5,
15,Людмила Коноплёва,2022-11-30 14:25:10,"Ужасный банк. Пришла за помощью, онлайн банк на телефоне обновить, сама два дня пыталась и не получилось. Менеджеров в банке нет, чтобы что то спросить. К операторам очереди и не факт, что они стали бы этим заниматься. Спросила у руководителя банка, которая сидела в стеклянном кабинете здесь же в зале, кто мне может помочь. Она оторвала глаза от компьютера, буркнула, чтобы я звонила на номер 900 и там все узнавала и снова уткнулась в комп. Отношение к клиентам просто свинское. Больше ноги моей там не будет. Таким руководителям не место в банке.",1,
16,Арсений Столыпин,2024-04-23 14:48:28,"Уточнял инфу по вкладам, все достаточно хорошо объяснили.",5,
17,Oksana Denisova,2023-04-22 13:29:07,"Отделение по ул, Гребенщикова. Банкоматы, касса, обменный пункт. Оплата, снятие денежных средств, выпуск карт, операции по картам. Всегда много народа. Вежливые сотрудники, принимают по талонам, достаточно быстро.",4,
18,Z.A.B,2023-02-24 05:43:38,"Время ожидания как попадёшь. ну это везде так. Отношение к клиентам отличное, сотрудники вежливы, почти компетенты, клиентоориентированы. Сняла 2 звезды за навязывание услуг, а именно кредитную карту, и по телефону, и в офисе Сбера, причём все подводные камни как всегда умалчиваются, нужно все изучать самому более детально. И ещё сотрудник подключил услугу сберпрайм, не зная о том, что услуга привязывается конкретно к определённой карте. А так как я только ее открыла, на ней не было ещё средств для списания платы за услугу, списали с другой карты и эта услуга привязалась именно на неё. Хотя мне принципиально нужно было на новую карту, чтобы обслуживание было бесплатным. А сотрудник уверил, что без разницы с какой карты спишется плата",3,
19,Дмитрий Сухоруков,2022-09-13 07:11:08,Большой офис. Много сотрудников. Очередь движется достаточно быстро. Вопросы решаются в течении нескольких минут. Сотрудники всегда доброжелательно относятся ко всем клиентам.,5,
20,Диас Утегенов,2023-07-03 12:51:40,Хороший банк всегда много народу помогут подскажут операторы Я рад что он есть на районе,4,
21,Евгений Великанов,2023-05-15 09:46:11,"Уже третий раз попадаем на специалиста Ольгу . Не может распечатать документ в горизонтальном формате. Просьба, научите ваших специалистов это делать, раздайте памятку, инструкцию. Итог нашего визита более 40 мин ожидания.",1,
22,Нина Шульженко,2023-04-02 11:51:14,"Обслуживание отличное, без суеты, грамотно, культурно, уходишь с приятным настроением!",5,
23,Байсал Аглы,2023-04-05 12:52:23,"У карт стало платное обслуживание, хотя у конкурентов оно бесплатное, банкоматы иногда не работают, много людей в очередях. В целом к сайту и приложению притензий нет",4,
24,Зоя Космодемьянская,2023-03-30 04:51:37,"В целом не плохо, уютно, отзывчивые сотрудники. Но иногда не дождёшься сотрудника, чтобы помог правильно выбрать нужную очередь.",4,
25,Владимир Мельников,2022-01-27 14:01:13,"Пришло предложение по кредиту, обратился за разъяснение в это отделение. В очереди стоял менее 5 минут, доброжелательный специалист очень грамотно и профессионально разъяснил и оказала консультацию. Вышел с хорошим настроением, просто приятно, когда тебе не втихивают, лишь бы продать продукт, а разъяснили все плюсы и минусы. Благодарю руководителя отделения за хороший настрой и обучение персонала, направленного на оказание помощи людям.",5,
26,Галина Перевалова,2022-12-25 09:42:24,"Очень сложно припарковаться. В снегопад практически не чиститься ни проезжая часть, ни парковка. Сотрудники очень отзывчивые и профессиональные.",5,
27,Виктор Семёнов,2022-12-10 14:01:57,"Взял талон. Жду. Двое сотрудников свободны, разговаривают между собой не на рабочие темы. Очередь растет. Люди просто ждут пока они наговорятся и поделиться новостями. Наговорились. И только тогда дождался вызова “талон С13 подойдите к окну номер 5».",3,
28,Николай Шмидт,2023-07-08 12:30:30,"Вежливый компетентный персонал, регулярно посещаем данный филиал в течение 4 лет.",5,
29,Елена Старченкова,2022-12-18 04:35:24,"Нормальное отделение, сколько раз не обращалась дольше 15 минут не сидела, повезло видимо. Специалисты попадались нормальные. Само отделение у нас на родниках единственное нет да нет приходиться обращаться.",4,
30,Марат Муминов,2023-02-19 12:57:57,"Очень приятные сотрудники всё зделают чётко быстро, если что-то непонятно помагают, спасибо",5,
31,Антон Ворошкевич,2023-01-21 14:38:04,"Огромная благодарность заместителю руководителя. К сожалению не запомнил имя( решил вопрос, потратив на меня 1,5 часа минимум. В целом Сбербанком доволен все меньше и меньше.",5,
32,Евгений Пантелеев,2023-05-14 00:15:23,Хорошо расположеное место для отделения Сбер Банк. Народу мало. Всегда помогут.,5,
33,андрей тарасюк,2023-05-25 14:01:14,"Хорошее обслуживание, приветливый персонал. Рекомендую 👍",5,
34,Андрей Будя,2021-12-09 11:18:33,Отличный банкомат Сбербанк много банкоматов где можно получить наличку где можно положить наличку и все разные банкоматы персонал вести адекватно и спокойной всегда поможет Если ты не знаешь что сделать и доброжелательный улыбчивая,5,
35,Ольга П.,2023-03-27 06:49:56,Хорошее обслуживание. Удобная электронная очередь. Уважительной персонал.,5,
36,Daniel Zykov,2023-07-15 12:31:06,"Обслуживание качественное, очередей почти нет, персонал вежливый",5,
37,Роман Барышников,2024-03-24 12:24:31,"В тесноте, но работа девушки сгладило ожидание",4,
38,Алёна Светлова,2024-02-18 05:39:50,"Да хорошо работают служащие,чего же ещё?",4,
39,Критик,2023-01-28 11:32:27,"Стандартный отдел банка.
Всё работает в штатном режиме.
Сотрудники приветливые.
Чисто.",5,
40,Виталий Барьков,2022-09-15 14:29:54,Хорошее расположение. Банкоматов несколько. Бывают очереди. Отношения хорошие. Персонал вежливый,4,
41,Виктор Антонов,2021-12-17 05:20:41,"Удобное местоположение,уютное помещение с электронной очередью.Достаточное количество банкоматов.Днём всегда дежурят консультанты для помощи посетителям в сложных ситуациях.",5,
42,Berserk .,2023-01-31 17:46:07,Прикольный банк заказал карту пользуюсь уже полтора года карта супер печально что заказать карту с рисунком который ты хочешь стоит 500р,5,
43,NightWisper,2023-03-23 01:49:42,"Персонал добродушный, порой через чур это настораживает. Офис чистый, аккуратный. В общем не плохое отделение.",4,
44,Наталья Горячкина,2022-01-17 10:47:38,"Посещала это отделение всего один раз. Девушка, которая помагала оформить квитанцию для оплаты налога очень быстро и квалифицировано помогла, быстро оформили квитанцию. Спасибо, персоналу. ФИО девушки не запомнила, к сожалению",5,
45,Вадим Миллер,2022-11-20 17:37:18,Хороший филиал. Сотрудники всегда готовы прийти на помощь. Банкоматов достаточное количество.,5,
46,Евгения Вячеславовна,2023-05-14 13:13:03,"Хорошее отделение,вежливый и чуткий персонал.",5,
47,Виктор Журавлев,2023-02-02 17:22:28,Обслужили быстро и профессионально. Всё замечательно,5,
48,Павел К.,2021-09-21 03:12:36,"Хорошее отделение сбера, очередей очень мало, менеджеры всегда вежливые и хорошо относиться к клиентам, быстрое обслуживание. С любым вопросом всегда помогут разобраться.",5,
49,Aрам Степанян,2023-11-30 11:32:57,"Был пару раз, всё ок",5,
50,Олеся А.,2024-02-29 01:32:49,Удобная парковка,5,
51,Мария Капинус,2023-08-24 02:06:18,Отличный персонал. Всё быстро,5,
52,Павел Аргучинский,2022-10-22 13:54:06,"Не умеют обслуживать физических лиц, а именно инвалидов. Им надо учиться по обслуживанию таких клиентов в других отделениях (других банках).",1,
53,Мари,2022-05-10 09:48:57,"Ну, во - 1, хорошо, что он рядышком) Во - 2, всегда помогут, если необходима помощь в решении какого-либо вопроса. 🙂",5,
54,Игорь Грачев,2021-11-24 08:13:53,"Очень хорошие обслуживание большое спасибо ,трем девушкам консультантам,реально помогли ,особое благодарность Горностаевой Юлии.",5,
55,🐻,2022-02-01 05:41:47,"Мне понравилось. У меня был непростой вопрос о кредите на обучение с господдержкой. Причём обучение в другом городе. Меня не пнули, передали заведующей отделением. и она, как могла, помогла. Спасибо ей.",5,
56,Alenushka,2023-07-11 12:25:21,"Всегда много народу, все очень медленно",2,
57,Татьяна Сухарева,2022-12-05 03:39:11,Мне понравилось быстрое и квалифицированное обслуживание.,3,
58,Денис Валерьевич,2023-05-01 12:28:42,Вежливый персонал всегда мало народу не приходится сидеть по часу.,5,
59,Наталья,2021-09-02 15:52:26,"Переодически бываю в филиале на Гребенщикова 8 . Всегда быстро , оперативно, все чётко и по существу.",5,
60,Игорь,2023-04-17 20:08:27,При оплате в кассе очень много сложностей уточнение не нужных данных,4,
61,Инкогнито 3835,2023-03-19 16:02:23,Обслуживание ужасное.операторам вежливости не хватает,3,
62,Роман Хорнет,2022-07-28 18:01:07,"Вежливый персонал, очередей не застал, расположение приятное.",5,
63,кадиров Баходир,2023-01-16 17:18:23,Очень хороший банк и хороший персонал и хороший директор.,5,
64,Ульяна П.,2022-06-28 03:32:33,"Как по мне , тут быстро обслуживают и помогают , объясняют доходчиво",5,
65,Саша Бурлакова,2024-01-24 15:31:25,Все хорошо,5,
66,Ольга,2023-08-05 14:15:18,Клиентоориентированный офис.,5,
67,Елена Костина,2023-06-29 14:56:51,Хорошее отделение банка. Вежливые.,3,
68,кыялбек турганбаев,2024-02-05 05:25:27,Супер Сбер,5,
69,Виктор Ляшко,2023-05-20 14:39:07,"Внимательны, коррпктны, компетертны...",5,
70,Таня Новикова,2022-07-28 11:25:14,Хорошо что он рядом обслуживания там быстрое,5,
71,Лариса,2023-03-21 15:00:19,"СНИМАЮ иногда деньги, очереди в банкомат нет",5,
72,Lomello Lomello,2023-03-25 13:40:48,"Обычный филиал банка, как все, описывать нечего)",5,
73,вася васильев,2021-08-19 07:36:00,"Пришел поменять номер телефона , не смог разобраться сразу , девушка около двери помогла ихний сотрудник с планшетом был там несколько дней назад",5,
74,Инкогнито 4688,2023-09-12 13:59:49,Удобный сбербанк,5,
75,Владимир Салыкин,2022-06-14 05:57:11,"20 минут жду чтобы обменять банкноту,людей минимум,досижу наверно до упора.мне терпения,спасибо.",2,
76,Татьяна Ковальчук,2021-12-08 15:24:47,"Достаточно удобно, вопросы решаются, персонал приветливый.",5,
77,Косова Светлана,2023-01-25 17:22:19,Жаль что банкоматы работают только лишь до ноля часов,5,
78,Айнура Борозденко,2023-07-19 14:05:06,Отличное отделение !,5,
79,Азиз Болтаев,2022-11-13 14:40:40,Очень приятно обслуживание,5,
80,Андрей Пташник,2022-09-20 14:41:08,"Обычное отделение сбербанка, где стоят банкоматы слегка грязновато",5,
81,Андрей Юрьевич,2023-09-09 01:40:23,Хороший состав,5,
82,Алексей Глебкин,2020-10-29 02:02:11,"Редко когда большие очереди, персонал оперативно решает вопросы. Все операторы очень вежливые, всегда помогут",4,
83,Андей Костюченко,2022-12-08 16:01:30,"Колектив норм, помогли и все решиле",5,
84,Наталья Дубовская,2023-01-29 13:40:50,Была один раз. Очереди нет. Специалист,5,
85,Romrusnovosib,2023-05-18 13:32:44,Приятный персонал !,5,
86,ольга кербер,2021-09-02 10:46:20,"Хорошие и внимательные специалисты, все подробно объясняют.",5,
87,Анна Лаврентьева,2022-10-29 09:30:56,Вполне адекватное обслуживание,5,
88,марина старовойтова,2023-08-05 13:39:03,Отличное место,5,
89,Кристина Седова,2023-05-02 13:35:13,Постоянные очереди.,4,
90,алёна куприяненко,2023-05-14 21:35:02,Персонал не очень-.,2,
91,ирина гордеева,2022-09-01 01:24:51,Иногда у них бывают сбои при ожидании своей очереди,4,
92,Дмитрий Буганов,2022-07-11 12:43:14,"Быстро, грамотно, выгодно.",5,
93,Виктор Семенов,2020-04-29 08:17:14,"Нравится скорость обслуживания клиентов. Даже в час-пик не ждёшь дольше 10 минут. Мне кажется сейчас упростилась процедура выдачи некоторых банковских справок. Всё гораздо быстрее чем раньше. Места много, есть где сесть.",5,
94,Batman,2022-11-28 07:35:56,Долгое ожидание в очереди в 14:30,2,
95,Юлия Д.,2020-06-29 12:52:59,"обычный Сбербанк, расположен через дорогу от дома. 
при входе несколько банкоматов, в самом зале работают несколько операторов, но есть и пустые стойки (нет сотрудников)",4,
96,Анастасия Вайтович,2022-09-04 14:45:59,Ночью не доступны банкоматы,3,
97,Олеся Константинова,2022-01-13 13:54:17,Отличный офис Сбера. Есть прием на отправку и выдачу посылок по сберлогистике (не все офисы принимают посылки).,5,
98,Светлана Буренкова,2022-06-20 14:18:09,Очень вежливый персонал.,5,
99,Марк Вязов,2022-10-27 15:19:23,"Хорошее обслуживание,",5,
100,Ptaha,2022-12-01 12:26:39,Все отлично.,5,
101,Александр,2022-07-27 13:51:36,Обслуживание на высоте👍,5,
102,александр фомин,2021-08-22 09:45:10,С банкоматами поосторожнее- жрут карты и глючат! Обслуживание нормально!,4,
103,T-J-K TV.,2023-03-05 13:58:56,Отлично,5,
104,Анастосия мамедова,2022-05-15 08:52:44,Не каректно начечатали отчество,3,
105,Лилия Алиева,2022-12-12 11:50:53,Без очереди.,5,
106,Ирина Кочанова,2021-10-30 14:23:11,Персонал так себе ни о чём могли бы подучить персонал получше,3,
107,Дмитрий,2022-07-14 11:13:28,"Как и везде, хорошо",5,
108,Имя и фамилия,2021-09-03 14:12:56,Большие очереди и не способный помочь персонал,3,
109,Татьяна Бакурова,2021-04-01 09:17:49,Грамотные специалисты и быстрое обслуживание,5,
110,Владислав Богатырев,2022-08-15 13:55:47,Удачно находится,4,
111,Магамед Габаев,2022-04-28 12:31:53,Банк закрыли на 15 мин раньше,3,
112,Vitaliy,2020-05-15 22:25:13,Достаточно крупное отделение. Круглосуточные банкоматы. Все услуги и консультации.,5,
113,Андрей Модин,2022-07-25 13:18:27,Хороший филиал,5,
114,Игорь Охрименко,2020-08-13 20:59:35,Удобный филиал. Внимательные и профессиональные сотрудники.,5,
115,Игорь Х.,2020-12-11 04:29:00,"Очень хорошее обслуживание , и быстрое .",5,
116,Виталий неретин,2022-04-25 14:12:04,Спасибо за услуги,5,
117,Иван Эспек,2021-07-26 02:12:26,Приличное отделение банка. Много банкоматов.,5,
118,Дмитрий Щербаков,2022-07-12 17:20:03,Нормально все,5,
119,Алена Гилемханова,2021-12-28 11:29:46,Банкоматы постоянно зависают),3,
120,наталья кадукова,2022-09-02 11:54:19,Безупречно.,5,
121,direct-vlasoff-pro,2021-02-23 06:05:24,"Очередь небольшая, а порой её нет. Операторы доброжелательны.",5,
122,Макс Тимури,2019-09-11 09:30:58,"Сотрудник банка, который стоит в зале банкоматов, не всегда может ответить на вопросы посетителей. Нормальный банк. Нужный для пенсионеров...",4,
123,Виктория Соколова,2021-08-08 21:12:57,Не очень удобное время работы,5,
124,Марат,2021-10-16 16:03:17,Юр. лиц не обслуживают (((,5,
125,Ольга П.,2021-11-19 14:40:17,Хорошее обслуживание,5,
126,Wilder Wein,2019-11-25 16:44:15,Данному предприятию можно любому отделению ставить неуд. Очень негативного у меня отношение к товарищу Г....,1,
127,Светлана,2019-10-03 05:01:57,"Пришла закрыть счёт и просидела в очереди больше часа потому, что никто не хотел заниматься закрытием счета.",2,
128,Lord20044,2020-10-06 11:46:29,Всегда приходится ждать от 10 минут до безконечноси.,1,
129,Саня Ак,2020-11-24 14:53:25,"Отделение не самое лучшее, но и не худшее",5,
130,Шаман,2020-11-10 13:34:29,Всё грамотно и вежливо.,5,
131,Сергей Н,2020-09-27 09:43:10,Общительные и вежливые работники.,4,
132,ольга Кашко,2021-07-30 12:38:37,Хорошее обслуживание.,5,
133,александр б.,2020-02-01 06:04:25,"Удобно для жителей, которые живут рядом",4,
134,Евгений,2019-11-16 22:37:07,Отличное помешение и не каких очередей все расскажут и покажут.,5,
135,Марина Зуруева,2020-03-17 09:08:02,"очереди не большие, обслуживание качественное",4,
136,Станислав Кисляков,2020-02-10 15:06:59,"Очень удобно, вежливое обслуживание",4,
137,Евгений Крохин,2021-03-22 02:15:15,Хорошее обслуживание,4,
138,Алексей Ермошевич,2020-04-13 12:47:44,Обычное отделение сбера ни лутше не хуже чем другие,4,
139,Евгений,2019-10-23 02:59:53,Удобное и уютное отделение Сбербанка!,5,
140,Василий Г.,2018-02-18 05:33:57,Очень много банкоматов на выдачу наличных. На приём наличных гораздо меньше и часто не принимают деньги по причине переполнения.,4,
141,Олег Р,2020-10-02 01:18:19,Сбер за большие деньги,1,
142,Дмитрий М.,2019-10-15 16:41:08,Молодцы класс работают так дальше держать.,5,
143,PWW56,2020-02-15 16:14:13,"Нравится, все устраивает.",5,
144,марина зуруева,2019-08-21 23:42:09,"Качественное обслуживание, малые очереди.",4,
145,Марина,2020-02-16 05:36:47,"Обычное отделение, ничего особенного.",4,
146,Михаил Никитенко,2021-05-19 13:36:57,Достойно,5,
147,люда жмурова,2020-03-17 10:34:59,Нахально навязывают ненужные услуги,1,
148,Алекс,2020-06-19 18:25:32,Очереди как и везде,5,
149,Максим Ратиани,2020-11-04 13:28:28,Сбер как сбер,4,
150,Margo Wolf,2020-08-29 14:38:24,Хороший банк,5,
151,Svetlana Obmetko,2020-01-11 05:24:49,Нет нормального кешбека,4,
152,Александр,2019-11-16 01:24:13,Редки очереди,3,
153,STANLY,2019-09-02 03:03:26,Хлроший офис.,5,
154,ГидроИнТех,2019-09-09 16:36:29,Быстрое обслуживание,5,
