,name,date,text,stars,answer
0,Maksim Varzhavin,2024-04-04 14:44:09,"Отличное место, но хотелось бы больше места. Девушки специалисты грамотные. Особенно хотелось бы выделить Ирину.Отличный специалист.",5,
1,жанна нефёдова,2024-04-06 07:09:05,"Замечательные сотрудники, грамотные, вежливые, ответственные, отзывчивые. Большое спасибо им за работу.",5,
2,Татьяна Чижова,2024-01-07 14:58:12,"Быстрое и качественное обслуживание, чуткое отношение к пожилым, квалифицированный персонал.",5,
3,ВАЛЕНТИНА,2023-08-24 20:20:27,"Близко, удобно, культурно, быстро. Вот уже пятый год я обращаюсь в филиал Новосибирского отделения № 8047 ПАО Сбербанк Г. НОВОСИБИРСК, в Структурное подразделение № 8047/0333 по адресу: г. Новосибирск, ул. Магистральная, 7 к Мельниковой Ирине Владимировне, Старшему Менеджеру по работе с клиентами. Она Человек, работает с клиентами с большим вниманием, с уважением, разъясняет так, что и малограмотному все ясно. Дарит настроение и уверенность в завтрашнем дне. Я её обожаю! Здоровья ей и её семье! Успехов в добрых делах, карьерного роста, благополучия и счастья! А всем нам МИРА и созидания в нашей любимой стране РОССИИ! 👍👍👍",5,
4,Ислом Абдукадиров,2023-11-10 14:18:37,"Очень добрые и хорошие люди, а всё сказали, всё объяснили спасибо большое 👍",5,
5,Анонимный отзыв,2023-07-20 12:13:11,"Уютно, персонал вежливый и всегда готов помочь, даже если ты супертупой, для нет ничего не возможного)))",5,
6,Ольга селянка-горожанка,2023-09-11 12:57:34,"Банкомат только один работает вечно очередь не положить не снять, люди на улице ждут своей очереди в коридоре где банкоматы дышать не чем",3,
7,вера к.,2024-03-06 18:15:02,"Минус в том что работает в будние дни, и нет банкомата круглосуточного",5,
8,Артур Месропьян,2024-01-31 07:53:20,Сбер хороший тепло но иногда банкоматы не работают,4,
9,nedodashaa,2023-01-12 15:22:54,"Вы меня извините конечно за три звезды, но....
Очень долгое обслуживание! Но работники иногда очень милые люди, когда я ждала около двух часов мне подарили блокнот и ручку. Но все равно - как не зайдёшь, постоянно ждёшь долго.",3,
10,Зудова Светлана,2023-11-11 13:37:46,Спасибо вам за вашу работу. Четкие и верные консультации.,5,
11,Катерина Северина,2023-12-01 13:03:21,Удобно то что в шаговой доступности,4,
12,Катерина Катерина,2021-12-13 11:14:53,"Отвратительное отделение! Тесно, вечно народу куча,а про банкоматы просто молчу!! То деньги не принимают, то не снимешь, то не работают. Сейчас поменяли банкомат, так дверь закрыта! В нерабочее время не зайдешь. Блиииин!!! А про то, что Сбербанк никак не облагораживает территорию - это, вообще, отдельная песня!! Ваши клиенты на машинах все газоны закатали!!! Заезжают прям к дверям, хотя там пешеходная зона!!!! Только что на голову машины не ставят. Так ещё и по тротуару умудряются к отделению подъезжать! А все почему??? Потому что необорудовано место под парковку для ваших клиентов! Зато за любой ""шаг"" Сбер комиссию не забудет снять! 
1 звезда за то, что отделение, в принципе, есть в этом месте. Так бы 0 оценка.",1,
13,Сергей,2024-02-21 05:56:34,Хороший и внимательный персонал !,5,
14,Mамедджафар Мамедов,2023-08-01 13:27:31,"Аппарат бывает в технический обстоятельствах , если хотите снять деньги снимите в почте рядом",4,
15,Александра Дзюба,2023-01-10 13:26:53,"Хороший, маленький отдел Сбербанка. Быстрое обслуживание. Банкоматы круглосуточный, это огромный +",5,
16,Софа Жу,2024-02-22 06:14:17,Не работает в пряники и в выходные,4,
17,Ольга Андриякина,2023-04-03 14:34:08,Уютно. Доброжилательные и квалифицированные работники.,5,
18,Света Мельникова,2023-06-06 14:50:49,"Маленькое отделение в доме , всегда внимательный персонал.",5,
19,don pedro,2023-01-26 14:11:44,"Что особо отметить не знаю. Мы сделали всё для чего пришли. Всё по очереди, никто не грубил, всё хорошо.",5,
20,Антон Шарфунов,2023-08-26 11:54:52,"Ужасное отделение, банкоматы постоянно либо сломаны, либо нет наличных",2,
21,Лариса Шклярова,2022-02-13 13:47:59,"Самое ужасное отделение. Вечно не работающие банкоматы. Если не работает банкомат, значит надо написать, что не работает банкомат. А в этом отделении норма не чего не писать. А у людей карты прглатывает банкомат, к ним подходишь, а они не чем помочь не можем. Это нормально?",1,
22,Владимир Монастырских,2021-12-25 11:53:51,"Сам персонал в данном отделение достаточно профессиональный. Плохо, то что нет круглосуточного банкомата, а также в самом банке один банкомат. Из-за этого создаётся очередь, что многих задерживает и создаёт условия менять оператора.",3,
23,Olga VItautas,2021-09-10 10:45:48,"Это ближайшее отделение банка где я живу. Частые очереди, но это связано с тем что в ближайшей округе нет отделений и все идут сюда. Но тем не менее сотрудники стараются работать быстро, оперативно выполняя свою работу. В отделении чисто. Сотрудники вежливые. Не всегда хорошо работают банкоматы. В целом все не плохо.",5,
24,Татьяна,2023-07-19 12:25:15,"Вежливые, все быстро и хорошо",5,
25,Людмила Милых,2021-09-14 03:22:55,"Сотрудники всегда вежливые, помогут с любым вопросом. Сколько раз была очереди не было. Всё быстро и удобно.",5,
26,Олег,2024-01-19 13:36:41,"Тесновато, а персонал хороший",3,
27,Володя Голоцевич,2024-03-31 04:50:01,Все отлично,5,
28,Марина,2023-05-15 15:05:59,"Хорошее отделение, быстрое обслуживание, внимательный персонал.",5,
29,Евгений Прилуцкий,2022-06-30 15:41:55,"Отличный банк, персонал приветливый, время ожидания приемлено.",5,
30,Татьяна Чечулина,2022-12-17 13:56:42,"Очень понравилась консультация, всё понятно",5,
31,Владимир К.,2023-04-09 13:41:20,"Новые банкоматы,вежливые сотрудники",5,
32,Вадим Алехин,2024-03-04 14:09:34,Ок,4,
33,Валерия Дубоделова,2023-08-02 12:56:35,Все замечательно,5,
34,Елена Усманова,2021-04-24 16:01:18,"Хорошее отделение банка хоть и маленькое. Отзывчивые сотрудники всегда готовые помочь как советом, так и делом. Всегда ответят на интересующий вопрос.",5,
35,Алла Парфенова,2021-11-18 14:39:44,"Хорошие сотрудники. Вежливые, внимательные. Офис только очень маленький.",4,
36,Ирина Князева,2021-09-30 03:38:06,"Нормальное отделение. Управляющая всегда поможет решить вопросы. Специалисты отзывчивые, очередь не собирают.",5,
37,Pavel Nsk,2023-10-05 11:40:51,Мало очередей,5,
38,Светлана Г.,2023-03-23 13:21:51,Профессиональные сотрудники,5,
39,Весна,2021-07-01 02:42:44,"Не работает в выходные, как раньше в субботу. В будни не все могут попасть, так как работает до 19.00 а пока до дому доберутся люди уже закрываются. Для кого Сбербанк, только для пенсионеров и кто не на работе?Да и сотрудники не отличаются грамотностью и вежливостью.",3,
40,Файзулло Файзулло,2023-03-16 14:18:46,Отношение к клиентам 👍,5,
41,Костя,2021-10-30 08:52:34,В банкомат не всегда можно положить деньги на карту. Частенько эта услуга не работает,1,
42,птлкпг,2022-01-19 12:32:07,"Часто не работают терминалы, хорошее обслуживание",4,
43,Ольга А.,2021-08-28 02:05:08,"Обслуживание хорошее, но не очень удобный график работы.",4,
44,Татьяна Кольцова,2022-06-18 15:12:34,Замечательно обслуживание!,5,
45,532210 Кахнович,2020-01-15 23:48:45,Мой любимый банк у меня все карты только сбербанка консультанты доброжелательны всегда помогут я доверяю только сбербанку,5,
46,Ruslan,2021-09-05 15:11:56,Хороший банк. Доброжелательный персонал.,5,
47,dafni92,2020-09-27 09:49:13,"Очень квалифицированные специалисты. С каким бы вопросом не пришёл, всегда помогут!",5,
48,Елена Дударь,2022-04-19 14:49:35,Сервис оставляет желать лучшегт,3,
49,санаева Екатерина,2022-01-04 08:59:45,Ужасно постоянные очереди банкоматы не работают,1,
50,646911 Гулая,2022-09-19 13:57:54,Персонал хороший,5,
51,natascha kunschikova,2021-11-26 12:41:41,Хорошее отделение сбербанка.,5,
52,Вадим,2021-06-12 02:19:21,"Худшее отделение банка, помочь вам здесь никто не хочет",2,
53,Светлана Кейдер,2021-04-12 08:38:34,Часто не работают терминалы!!! Это просто возмутительно.,1,
54,Алина Утева,2019-03-15 07:39:00,Обращение на 3-4. Работает до 18:00. ~в 17:25 залетает пол завода сразу. Все орут возмущаются. Из ниоткуда бешанные очереди. Это просто кошмар...,3,
55,Орифжон Хурматов,2021-12-21 19:28:54,Нет слов супер!,1,
56,Сершей Аксенов,2021-11-26 12:20:01,Грамотные специалис,5,
57,Александр Классман,2022-05-31 14:01:37,Отлично,5,
58,Васина Наталья,2020-02-05 13:10:06,"Единственное отделение в Пашино.Банкоматы старые, часто глючат.",3,
59,таня иванова,2022-04-26 05:28:42,Всё хорошо,5,
60,Станимир Иванович Бодричьев,2019-07-01 13:28:25,Сотрудники в этом отделении работают до последнего. Был приятно удивлён.,5,
61,Марианна Грибова,2019-12-01 11:53:14,"Всё хорошо, но иногда работают не все банкоматы",5,
62,Елена,2021-05-01 09:43:17,Постоянные очереди,3,
63,Вячеслав,2019-12-14 03:35:16,Постоянно очереди. Консультанты навязчивые. Разражают.,2,
64,Migera46,2019-11-01 12:12:14,"Обслуживание хорошее, работники вежливые.",5,
65,Ekaterina Zmeenkova,2020-04-25 06:51:40,Кондиционер поставьте в зоне банкоматов,3,
66,Сергей,2022-02-16 13:23:48,Отдел как отдел,5,
67,Елена Булавская,2020-09-30 04:34:31,Всё на высшем уровне,5,
68,Ярослав Литошенко,2020-02-25 08:08:39,После закрытия вечно не работающие банкоматы,3,
69,Milla,2019-09-23 05:55:21,нормальное и быстро обслуживание,5,
70,Игорь К.,2021-08-04 14:23:44,Хорошо,5,
71,Леха Ельков,2020-06-07 13:40:10,Хорошее обслуживание!!!,5,
72,Андрей,2019-10-23 07:33:51,Если бы он работал чаще,4,
