,name,date,text,stars,answer
0,людмила,2022-06-25 10:15:32,"Удобное месторасположение этого отделения Сбербанка определяется транспортной развязкой - рядом метро и остановка городского транспорта. Большое количество бакоматов. Достаточно просторно. Обслуживают быстро. Вежливы в рамках должностных инструкций не более. Оплачивала пребывание в санатории, даже не предупредили что будет взымается дополнительная комиссия (мелочь, но не приятно)",4,
1,Александр З.,2023-08-17 15:40:20,"Очень хорошее отделение, сотрудники приятные. Приятно ожидать, много сидений, ну и так не очень долго ждать, много рабочих окон. Также много банкоматов. Единственно, что режим работы неудобный, рано закрываются и в воскресенье не работают",5,
2,Gulnara,2022-07-15 02:07:57,"Мое самое любимое отделение Сбербанка.
Всегда тихо, очень-очень удобная парковка.
Почти никогда нет очередей. Ребята вежливые и компетентные.
Банкоматы круглосуточные. Безопасно, просторно.
Так получилось, что ВСЕ ЗНАЧИМЫЕ сделки оформляю здесь. Удачи нам всем в дальнейшем!)",5,
3,Максим Случаев,2023-09-29 23:43:13,"Не хороший банк обслуживания всегда практически , не давно банкомат проглотил 1000 рублей, я обратился по номеру телефона 900 мне пообещали разобраться но по истечении срока того времени прислали пуш смс что банк за собой ничего не находит никаких нарушений, бессовестные!",1,
4,Ольга С.,2024-03-31 19:24:31,"Этот офис банка нам очень нужен. Его закрытие на ремонт был шоком. Радостно, что уже работал в новом оформлении.",5,
5,Юлия Г.,2023-11-07 03:35:14,Сохраните место березовая роща сбербанк очень удобно.,5,
6,Александр Павлов,2023-01-15 15:01:35,"Что мне нравится, так это квалифицированный персонал. Грамотно, качкственно и понятно расскажут и покажут. И в очереди недолго. А если записаться заранее на определенный день и час так вообще не ждёшь. Банкомат тут же, в соседнем зале. Одним словом, удобно.",4,
7,t_pestryakova,2023-08-07 10:06:55,"Ужас , сижу уже 1,5 часа в очереди, но те кто пришел 10 минут прошло и с буквой А идут в приоритете. Что за несправедливость в очередях!!!! Помимо того что всё и так медленно, еще и дискриминация по причине явки",1,
8,Tais,2023-10-23 12:04:26,"Чистота..порядок..вежливые сотрудники..быстрое,профессиональное обслуживание.",5,
9,Татьяна,2022-10-29 11:41:55,Вежливый и корректный персонал. Практически не бывает очередей. Оперативное обслуживание. В зале чисто. Несколько банкоматов. На вопросы получаешь исчерпывающий ответ.,5,
10,Андрей Корнеев,2023-05-15 11:49:28,"Удобный офис рядом с домом. Есть и Сберлогистика.. 
Много менеджеров. Долго в очереди сидеть не приходится. 
На входе - целый отряд банкоматов.",5,
11,Andrey,2023-12-26 10:32:30,Любые денежные операции и персонал все подскажет.,5,
12,Денис Высоцкий,2022-10-22 23:36:47,"Большое отделение банка рядом с метро Берёзовая роща, отдельный зал с банкоматами, специалисты работают быстро и грамотно.",5,
13,Мария Брежнева,2021-09-28 14:41:00,"Чисто в помещении, комфортная обстановка. Быстро принимают, лакончино и в краткий срок решают возникающие вопросы, карты получала здесь уже около шести раз, все устраивает. Консультанты все объяснят, даже если не понятно. Было бы еще на пару банкоматов больше (переодически собираются небольшие, но не комфортные очереди), было бы еще круче!",5,
14,Светлана Белова,2022-11-21 13:12:10,"Удобно расположено. Обслуживание хорошее. Банкомат круглосуточно, а вот время работы можно и по удобнее было бы сделать",5,
15,Инкогнито 5349,2024-02-13 10:00:14,Всегда вежливый персонал. Люблю этот банк.,5,
16,Алексей Лончаков,2022-10-27 16:03:28,"Банк с большим терминалом самообслуживания, чем и ценен. Персонал вежливый, есть возможность поиграть с ребенком в ожидании приема. Ждать много не пришлось.",5,
17,Валерий З.,2024-02-04 12:30:39,Удобный офис. Замечательные сотрудники.,5,
18,Наталья Дементьева,2022-04-26 12:49:26,"Быстрое обслуживание, внимательное отношение, вежливое отношение к клиентам, прекрасно обученный персонал, есть офиси банкоматы. Для клиентов есть туалет. Это редкость в банках!",5,
19,Егор Анатольевич,2022-11-08 15:23:30,"Так себе местечко, не уважаю любые банки в России... А с этого ещё и тяжело поиметь чего-нибудь. Одно радует - всё больше отделений закрывается, значит население дошло до осознания бестолковости этого банка.",2,
20,мария,2023-01-30 12:35:08,"Получала карту очень быстро, прекрасный специалист всё подробно рассказала, спасибо!",5,
21,татьяна аксенова,2023-05-25 01:55:35,"Все нравится,вежливый персонал,нет очередей,быстро и корректно решают все вопросы.",5,
22,Мих Сам,2024-02-18 09:36:28,Тепло светло и есть розетка)),5,
23,Елена Громова,2022-10-30 17:17:49,"Обслуживание нор, время ожидания когда как, иногда бывает достаточно долго. Персонал тоже вроде нормально, только ни разу не видела консультанта как в других отделениях.",4,
24,Олеся Вяткина,2022-12-20 15:43:21,"Большое отделение, много банкоматов, удобное место расположение, метро в двух шагах!",5,
25,Eva,2022-07-07 03:51:11,"Обращаюсь не часто, но если есть вопросы, то решают и отвечают четко и оперативно! Время ожидания зависит от конкретного вопроса. Очередь электронная. Работает консультант. Банкоматов много.",5,
26,Алексей Басов,2022-12-06 13:26:18,"Сбербанк сам по себе отстой полный, но ещё там работают не квалифицированные сотрудники которые себя превозносят а сами ничего не знают, в общем много ещё можно писать и тд и тп.....",1,
27,Евгений,2022-01-13 14:38:13,"Удобное расположение филиала банка. Обслуживание клиентов быстрое, очередь электронная, ожидание максимум десять минут. Одновременно работают около десяти операторов. Оплату коммунальных платежей, налогов осуществляю по данному адресу. Для удобства клиентов и снятия налички в зале установлено достаточное количество банкоматов. Но, есть куда расти.",4,
28,Валерий Сидоров,2023-12-25 13:56:13,"10 окон, а работает 4. И то, еле-еле",4,
29,Наталья,2023-10-17 11:46:31,"Хорошее отделение, дружелюбные специалисты.",5,
30,78571@ngs.ru,2022-11-07 13:58:16,Не могу сказать что хорошее место. Банкоматы регулярно не работают. Персонал не очень то рад помочь.,2,
31,Ирина Санникоыа,2024-04-01 14:54:37,Парковка очень маленькая,1,
32,Иван Иванов,2024-02-18 14:13:25,Очень вежливый персонал,5,
33,Елена С.,2023-08-02 07:10:59,Замечательное отделение и вежливый персонал.,5,
34,Ольга Б.,2023-03-28 16:07:45,"Близость к метро- это плюс. Много банкоматов и окошек для приёма граждан, рекомендую.",5,
35,Aлексей Андрюков,2022-11-18 12:29:38,"Обслуживание отличное, приветливые сотрудники, но ставки по кредиту оставляют желать лучшего",4,
36,Сашка,2023-01-24 13:40:52,"Про персонал не скажу. Банкоматов много, очереди не замечал. Рядом есть парковка.",5,
37,Сергей шаталов,2023-04-10 00:54:34,Хорошее отделение. Быстро приняли все сделали. Доволен.,5,
38,Наталья Базарова,2024-03-17 13:00:31,Прекрасный персонал,5,
39,Анонимный отзыв,2022-08-24 11:27:22,"Понравилось, все быстро , четко , много банкоматов и огромной очереди нет",5,
40,Александр Агафонов,2022-12-12 04:21:15,Удобно расположено. Достаточное количество банкоматов.,5,
41,Татьяна Лямцева,2021-09-08 06:35:30,"Хорошее отделение, помогли в нестандартный ситуации, все подробно рассказали, а так чаще пользуюсь их банкоматами, удобно и доступно",4,
42,Галина Телегина,2022-07-17 12:09:48,"Очень нравится обслуживание в этом отделении банка, сотрудники вежливые, всё объясняют понятно, всём советую",5,
43,Марина Питкина,2023-05-08 01:52:57,"Удобный ,много банкоматов никогда нет очереди",5,
44,Виктория,2022-02-25 05:24:19,"Просторное помещение, при входе есть 4 банкомата и терминал. Далее идет просторное отделение. Талон берешь, приглашают и решается твой вопрос",5,
45,Весна,2022-05-03 01:17:19,"Банкоматов много, очереди практически нет, на входе персонал очень замечательный. Сразу помогают, можно даже очереди не занимать. Вопросы решают быстро. Рекомендую",5,
46,Olga,2023-06-06 15:00:05,Быстрое и качественное обслуживание.,5,
47,Makar Tur,2023-01-19 17:05:02,Удобное отделение и более менее специалисты грамотные,5,
48,Ольга Нагорнова,2023-05-15 15:48:52,Живу рядом.Хотелось бы замены банкоматов как в отделении Сбера на Гоголя..А так все отлично!,5,
49,Белобородов Денис,2021-07-11 08:35:41,"Парковочную зону б выделить по кашурникова, всё ровно широкая дорога, и тогда б пять балов. Обслуживали всегда отлично",4,
50,Носонова Валентина,2023-06-26 13:26:19,Не работают в субботу. Это очень не удобно,1,
51,Александр Казанцев,2023-10-01 03:27:52,Отличное отделение Сбера.,5,
52,Егор Крутецкин,2021-09-05 14:24:03,"В некоторые старые банкоматы поставили новое ПО, но новые банкоматы ещё не завезли. Также тут Сбербанк не првратился в Сбер, то есть не изменился дизайн самого здания.",4,
53,Светлана,2022-08-09 13:59:57,Часто пользуюсь услугами этого отделения. Хорошее отношение к клиентам. Быстрота обслуживания. Практически нет очередей. Много банкоматов.,5,
54,Инкогнито 3863,2024-02-08 13:04:20,Отлично,5,
55,Юлия Кан,2023-03-18 12:17:18,"не часто тут бываю, тем не менее, место хорошее",5,
56,dlyabiletov,2021-06-09 15:00:23,"Неплохое отделение, есть бесплатные консультанты, которые помогают разобраться с самостоятельным совершением различных платежей.",4,
57,Али Шомуродов,2023-09-15 07:54:13,Оперативно все,5,
58,Александр Грушин,2022-01-28 14:05:10,Очередей нет. Но и человек на входе который встречает и объясняет какой талон тоже нет. Доброжелательны.,4,
59,Сан Саныч,2023-02-21 23:23:34,Современные удобные терминалы!!,5,
60,Алексей,2023-07-07 13:41:59,Банкометы выручают!)),5,
61,Komand,2023-12-30 12:40:20,Норм,5,
62,Александр,2021-06-26 17:14:19,"Одно из худших отделений. Все медленно, народу много всегда. Для физ лиц не рекомендую. Рядом Дзержинского 4. Тишина и покой.",3,
63,Елена,2020-04-06 13:25:47,"Очень нравится это отделение банка, всё чётко и слажено, всегда есть консультанты. Маленькая парковка, но найти место для машины можно. Рекомендую",5,
64,Артём Апанасенко,2022-08-23 17:25:24,"работает круглосуточно
хороший персонал",5,
65,Владислав Касьянов,2022-07-25 14:31:15,Есть банкоматы. И можно на коньках прямо в банк заехать.,5,
66,Андрей Кривобоков,2022-12-24 05:54:26,Удобно у дома. Если бы не грефф,4,
67,Антон,2022-05-17 17:47:45,Нарки постоянно ошиваются в этом закутке с банкоматами а иногда могут денег попросить.,2,
68,Юлия П.,2021-06-12 08:26:18,"Очень долгое обслуживание! Взяла талон , в талоне указано, что я первая на эту услугу . Ожидала , 30 минут !! В зале ожидания , я была одна!",2,
69,сергей лиманов,2021-09-05 14:24:46,"в этом отделении постоянно какие то проблемы то изо все банкоматов один работает ,то связь с банком потеряна ,постоянно очередь..",3,
70,Александр Пунанов,2021-08-26 14:30:13,"Банкоматов много это радует, а то зайдёшь в какое нибудь отделение стоят три банкомата из них работает только один.",4,
71,Анна Ионова,2023-05-09 15:25:20,"Открывала тут вклад. Хорошо обслужили, дали высокую ставку.",5,
72,Katya,2022-06-11 12:41:50,"Сотрудники вежливые, обслуживание быстрое.",5,
73,Евгений Минюков,2022-09-05 12:53:00,"Оперативно, решили мой вопрос за 5 минут",5,
74,Виктор,2021-10-18 19:14:56,Норм отделение. Очередей мало. Если есть давольно оперативно двигаются,5,
75,Наталья Бондарева,2023-02-08 13:09:19,Банкомат близко с домом,5,
76,Евсеенко Татьяна,2020-10-17 16:46:14,"была 3 раза и всегда попадала на оч вежливых и компетентных девочек. 
Из всех отделений Сбера, в каких была, больше всего это люблю)",5,
77,Вега,2021-05-07 03:40:28,"Живу в соседнем доме. Пользуюсь банкоматами, открыт расчётный счёт в этом филиале и карта дебетовая. Очень удобно!!!",5,
78,Мукаддас Зарипова,2022-05-13 06:41:51,Удобное место .Вежливые сотрудники.,5,
79,Надежда Леонтьева,2023-03-18 01:44:14,Всё устраивает.,5,
80,Евгений Сысалов,2023-01-09 15:35:40,Удобное отделение банка,4,
81,Андрей Барин,2022-05-09 14:41:46,"Парковка отличная, банк большой",5,
82,Араик Аперян,2022-05-20 15:07:42,"Отзывчивый персонал, в очереди долго не сидишь",5,
83,Михаил Рязанов,2021-09-15 09:26:45,"Сбербанк. 
Среди Сбербанк в Новосибирске, этот хороший.......",4,
84,sib,2021-05-21 08:36:28,"Большая парковка, в холле стоит 6 банкоматов - удобно.",5,
85,Anna Yanchenko,2020-05-12 06:55:34,"Была здесь несколько раз и довольна. Персонал быстро обслуживает и подскажет, если возникают проблемы",5,
86,Марджона Нурова,2023-02-26 07:02:47,Хороший персонал,5,
87,Елена Наливайко,2022-12-01 02:11:56,Рядом. Удобно.,5,
88,Валентина Мурашова,2022-12-24 15:17:26,Хорошо спасибо,4,
89,Джамшид Йулдашев,2022-06-22 13:05:12,Удобное расположение банка,5,
90,Егор П.,2023-05-30 15:45:03,Отлично,5,
91,Елена Плотникова,2021-08-03 14:32:46,"Хороший офис, только плохо, что банкоматы в ""Роще"" закрыли... Неудобно",4,
92,Doge W.,2022-03-25 12:56:39,Карту там получал и нормально пробили,5,
93,Анастасия,2022-06-03 12:39:39,"Без очереди, все быстро",5,
94,Anatoliy K.,2022-07-22 12:33:41,Много банкоматов.,5,
95,D Dzink,2021-08-04 11:41:09,"Все отлично, банкоматы нормальные",5,
96,Владимир Смолянников,2021-09-13 21:42:40,"Очереди дикие бывают,как в войну за хлебом,а так норм.",4,
97,андрей войтов,2023-03-24 13:38:10,"Всё отли,но",5,
98,Светлана,2022-09-17 13:56:23,Очень удобно,5,
99,Elena Taskaeva,2022-05-14 15:08:59,Отзывчивый персонал,5,
100,Алексей Jcd,2022-10-24 02:32:49,все как надо),5,
101,Мария А.,2020-08-25 15:34:52,"Приветливые сотрудники, все вопросы решаются очень быстро.",5,
102,Лилия Перминова,2022-05-06 15:17:47,Удобно! Хорошо!,5,
103,Дмитрий Захаров,2021-04-18 12:02:40,"Не современный. Все устарело, терминалы друг на друге!",3,
104,Одинокий телец,2023-03-24 12:58:41,Спасибо,5,
105,Иван Злобин,2022-04-30 14:03:24,Ну..... сбер как сбер,5,
106,Елена Жила,2020-09-12 14:56:58,Удобное местоположение. Персонал грамотный.,5,
107,Теплый Воздух,2020-02-03 13:54:38,Очень даже неплохое отделение зеленого банка. минимальное ожидание в очереди и компетентные специалисты.,4,
108,Валерий,2019-12-21 01:54:55,Квалифицированные сотрудники. Быстро обслужили и доступно объяснили.,5,
109,Ёжидзе,2019-10-07 09:46:12,"консультанты грамотные, обслуживание проводят быстро, можно заводить банковские карты хоть в 16 лет.",4,
110,Юлия Венчковская,2021-10-23 12:21:24,"Кстати не плохой банк большой, уютный",5,
111,Сергей Д.,2021-06-17 13:22:24,Нужно было заплатить штраф.Быстро и культурно.,5,
112,Михаил Кандиков,2022-02-14 12:01:47,Прекрасный персонал.,5,
113,Сергей Коваленко,2020-08-06 15:44:58,"Удобно, но качество обслуживания иногда хромает.",5,
114,Евгений Филонов,2020-09-17 15:00:45,Среднее обслуживание и не лучшие условия для клиентов.,3,
115,ivanmihаlli,2022-08-06 12:47:13,Сама сизтема,3,
116,Люба Н.,2019-08-27 05:26:35,Добрый день обслуживание замечательное.опласивала штрафы Гибдд.Все быстро и качественно.,5,
117,Альбина Мельникова,2021-07-29 12:35:07,Банкоматы постоянно работают через один,4,
118,Артём Д,2020-08-25 16:38:30,Хорошее месторасположение. Часто очереди в банкомат,5,
119,Kristina Krivchun,2020-11-18 07:48:07,Была несколько раз в Вашем отделении. Очень понравилось.,5,
120,загадка н.,2016-05-17 16:38:46,"Добрый вечер, давно хотела написать, уже давно обращаюсь в это отделение, очень доброжелательный коллектив, очень внимательные консультанты, всегда помогут, объяснят, обслуживание всегда быстрое, грамотные операционные работники, спасибо всем за вежливость и понимание. Отделение всем очень рекомендую все очень компетентные и всегда в любом вопросе помогают. Столько окон стало очень уютно, спасибо большое вашему отделению.",5,
121,Андрей Мананников,2019-09-11 05:14:01,"Неплохое отделение для юр.лиц и ИП, нужно только знать от чего можно и нужно отказаться - работа у них такая навязывать услуги",4,
122,Евгений Б.,2022-11-27 13:38:33,Норм,5,
123,Алена З.,2020-08-11 01:27:03,"Всегда немного народу, быстрое обслуживание",5,
124,Марианна Филатова,2020-08-15 02:36:06,Удобное расположение практически нет очередей,5,
125,Сергей Риммер,2020-01-11 11:58:56,"Если бы не глава банка(Гриф), возможно и... А так, лучше обходить эти банки, он сам поддерживает ДОЛЛАР!?!",1,
126,Норман П.,2020-02-18 16:11:32,"Всё хорошо, очередь, как в любом сбере. Парковки почти нет.",4,
127,Women,2019-11-10 00:20:09,"Часто пользуюсь банкоматами перед работой рано утром, очень удобно, всегда всё работает.",5,
128,Анна Игоревна,2021-05-19 09:01:33,"Крупное отделение, очередь не большая",5,
129,Ольга Счастливая,2021-08-17 14:32:14,Ждала своей очереди 40 минут,3,
130,Luda B.,2021-04-11 10:32:43,Рядом с местом проживания.,5,
131,юрий иванов,2020-12-28 02:24:40,"Мало посетителей,но альфабанк лучше!!!",1,
132,Владимир Косаткин,2020-08-23 16:32:54,"Обычный сбербанк, последние визиты долго ожидал в очереди",3,
133,Саша Кузнецов,2022-05-17 14:03:42,Топ,5,
134,Галина,2018-03-08 07:16:11,"Филиалы создаются для удобства, а какой толк от такого филиала который не работает в выходные дни, когда работающий может спокойно без суеты и спешки что-то оплатить или оформить.",2,
135,Роман Пустовой,2022-05-09 16:07:15,Очереди,3,
136,Ника Лисина,2021-08-16 09:53:42,Хороший банк 👍👍👍,5,
137,Оксана,2019-12-09 12:46:04,"Хорошее, большое отделение банка, много окошек, маленькие очереди",5,
138,Денис Денисов,2019-10-28 11:22:42,Уютный Сбербанк!!!обслуживание хорошее!!!,4,
139,Мария Захарова,2019-07-26 05:39:18,"Хорошее отделение, всегда приветливые сотрудники.",5,
140,Иван Глымов,2021-07-26 09:28:21,"Хороший банк, выгодные условия.",5,
141,Евгений В.,2020-08-14 05:14:08,Обычное отделение сбербанка.,5,
142,Руслан Джабиев,2022-01-12 12:36:49,супер,5,
143,Максим Сидоренко,2020-11-08 08:23:57,Очередей бывает много,4,
144,Yuri,2020-04-06 04:07:04,"Хорошее отделение, очередь по талонам.",4,
145,Наталья Я.,2018-05-21 04:22:51,"Часто не работают автоматы на внесение наличных,очень часто,из-за этого очереди,в остальном все нормально.",4,
146,Dragon Lafka,2020-11-25 16:46:25,Все как обычно,1,
147,Роман Фолин,2019-10-13 09:03:04,Частенько пользуюсь банкоматом.,4,
148,Роман Путилов,2020-03-14 04:37:48,Обслуживание на уровне,5,
149,Татьяна Агафонова,2020-03-29 13:43:26,Много банкоматов.,4,
150,Петр Б.,2019-10-12 05:37:47,Все хорошо и быстро,5,
151,Crazy_moon,2020-02-16 16:54:27,"Это сбербанк, детка!",5,
152,Александр Посевкин,2019-08-07 16:18:24,Плохо что не работают в выходные,5,
153,Макс Жидков,2019-08-10 06:09:09,Никому данный банк не советую!,1,
154,Александр Л.,2019-08-24 06:54:20,Грамотные консультанты,5,
155,Татьяна Х.,2019-10-21 11:19:56,Только не Сбербанк ...,2,
156,maestroLPP,2020-07-06 04:58:49,"хороший, спокойный банк",4,
157,Михаил Жуков,2019-11-03 07:15:30,Низкая компетенция,1,
158,максим и.,2019-10-10 03:38:20,Сбер он и есть сбер,5,
159,Белеткова М,2020-02-14 00:24:01,Нормальный сбер,5,
160,Анна П.,2019-08-15 10:11:27,Отличное отделение!,5,
161,Росомаха,2020-01-05 10:47:50,Всё нормально,5,
162,Александр Т.,2019-09-07 11:44:54,Тесно,3,
163,Алёна,2018-03-14 16:54:31,Долго ждать очереди,4,
