,name,date,text,stars,answer
0,Галина,2024-04-14 12:08:59,"Отделение удобно расположено, оказывают все услуги, которые мне лично необходимы. Банкоматы тоже работают хорошо. При возникновении проблем консультанты всегда приходят на помощь.",5,
1,Любовь Заболотная,2023-03-29 12:33:37,"Хорошее отделение сбербанка, просторное помещение, диванчики, где можно посидеть в ожидании очереди, персонал внимательный, специалисты всегда помогут решить любой вопрос, отношение к клиентам доброжелательное. Если необходимо оформить автоплатежи, консультанты всегда помогут, проконсульт ируют. Обслуживание проходит довольно быстро, время ожидания в пределах нескольких минут. Большое комичество банкоматов, где можно произвести любую оплату, снять и внести денежные средства.",5,
2,Дмитрий Д.,2024-03-03 11:22:55,Работает 7 дней в неделю. Расположен удобно. Рядом остановки общественного транспорта. Персонал всегда поможет. Моя оценка 5. Рекомендую всем.,5,
3,Вадим Стефейкин,2023-11-16 12:41:53,"Хорошие сотрудники, банкоматов несколько и очереди сильно не создаются. Для ожидания есть хорошие места, удобно пока ждёшь своей очереди. Все отлично",5,
4,Надежда Чернова,2024-02-27 13:06:27,Вежливые и профессиональные консультанты делают банк отличным деловым местом при решении финансово-банковских вопросов различных категорий.,5,
5,Сергей,2024-03-26 02:01:47,"Очень удобное отделение Сбера, здесь много операторов, банкоматов, обслуживание в отличие от других офисов не затягивается, мне проще приехать сюда, потратив лишних 20 минут на дорогу, чем сидеть и ждать в очереди час рядом с домом",5,
6,Инкогнито 8780,2023-12-14 13:31:01,"Сбербанк уже не тот, и Звание лучший банк ему не по зубам, как бы он не старался и не следил за трендами... Минус стало больше чем плюсов. Да и самое интересное что так думаю не один я. С каждым месяцев всё больше и больше людей уходят от Сбербанка... (((( Наверное скоро и мой черёд подойдёт....",2,
7,Светлана Адамовна.,2023-09-01 04:26:30,"Сбербанк отличный, в терминалах круглосуточно можно снять деньги. Менеджеры вежливы и отзывчивы. Чисто,красиво и можно выпить кофе. Бывает временами очередь.",5,
8,Аркадий Ямщиков,2023-12-04 17:18:33,"Банкоматов внутри много, просторно, хорошие молодые люди на консультации, всем помогут, чисто,",5,
9,Олег,2023-08-01 16:24:43,"удобное отделение сбербанка, много банкоматов, вежливый персонал, все виды операций по счетам и услугам,чисто, в минус отнесу отсутствие приватности при общении с кассирами-операционистами в общем зале",4,
10,Dima,2024-02-27 15:32:25,Отличный банк! Отделение одно из лучших!!! Минус есть парковка маленькая и часто нет мест.,5,
11,виктор,2023-02-18 15:21:06,"Удобное расположение. Размещение, обслуживание на должном уровне. Специалисты (не менеджеры т. к не люблю иностранные название русских специальностей) вполне грамотные и подготовленные. Места ожидания тоже хорошо продумано. Ну а кому дурно от процентов банка, то рядом есть аптека.",5,
12,Евгения Авелорок,2023-06-26 13:06:04,"Всё замечательно! Здесь прошла электронная сделка, покупали квартиру. Менеджер Карина Тугай просто умница, профессионал, всё прошло ровно, гладко и быстро. Спасибо!",5,
13,Анастасия Ермакова,2023-11-17 16:46:43,"Часто большая очередь, но обслуживание качественно и быстро, за это спасибо.",4,
14,таня попова,2024-03-30 14:09:32,"Всё отлично! Очереди нет, обслуживание на высшем уровне! Спасибо!!!!",5,
15,Екатерина Гран-при,2023-11-03 11:58:50,"Удобное месторасположение. Просторно,чисто,нет очередей.",5,
16,Владимир Косолапов,2024-02-17 12:20:49,Да все удобно. И стоянка для авто есть и менеджеров много!!!,4,
17,Роман,2023-09-25 13:30:55,"Любимое отделение Сбербанка
Персонал отличный, есть вопросы только к тому когда это отделение переделают под новую стилистику, а так - супер",4,
18,Оксана,2023-01-20 12:13:45,"Сервис нормально. Ожидание небольшое. На входе сотрудник помогает взять правильный талончик. Единственное, что не совсем понравилось, то, что зима, люди заходят, с обуви снег тает и грязью растаскивается по отделению, эту грязь не убирают или убирают крайне редко, по времени ожидание и приём заняли минут 30-40, так никто ничего и не протёр. Главный банк страны всё-таки.",5,
19,Елизавета Чухрова,2024-02-16 12:21:48,Сотрудники все приветливые и добрые . Всегда помогут и объяснят.,5,
20,Елена Балаш,2023-03-03 13:15:38,"Работает отделение ежедневно!!!Молодые специалисты ,которых в отделении очень много,работают замечательно,всегда приветливые.В отделении несколько банкоматов ,почтомат,аптека.",5,
21,Елена К.,2023-10-04 12:29:17,"Сбер, есть Сбер. Приятный персонал, уютно сидеть. Подскажут, помогут , решат проблему, что в их власти.",5,
22,эдуард долговин,2024-04-15 17:56:36,Отличное обслуживание. Вежливый персонал.корректное отношение.,5,
23,геннадий павловский,2024-01-04 15:09:07,Молодцы! Отличная работа! С новым годом! Со дня открытия работаем с Вами!,4,
24,Вася ;),2024-03-20 02:17:51,Отличный банк удобное местоположение есть пандус !!!,5,
25,Лариса И.,2023-11-06 14:06:36,"Большой банк, очень много окон, очередь идёт быстро, супер.",5,
26,Александр Б.,2023-08-07 03:55:55,"Сотрудница уверяла при оформлении моментальной карты, что если оформить кредитку, то годового обслуживания не будет. В итоге на кредитке списывают страховку и на моментальной списывают обслуживание. Зачем обманывать???",1,
27,Алена Ив,2023-11-23 14:13:56,"Милые девушки,которые всё подробно объясняют и рассказывают",5,
28,вадим чащин,2023-04-12 13:08:18,"Один из лучших филиалов одного из самых недружественных (с недавнего времени) для клиентов банка... В целом всё хорошо, если бы не политика банка, основанная на том, что ребята заелись немного ИМХО ...",5,
29,Константин,2022-12-22 01:35:00,"Достаточно крупное отделение, выполняют все операции, наверное это основной плюс, но из этого же вытекает и основной минус - вечная толпа народа, даже в проходе постоянно человек 5-10 стоит, не протолкнуться. По работе специалистов вопросов нет, сколько раз обращался, всегда все нужное было сделано, проблем с этим никаких не было.",4,
30,Пелагея Аминева,2022-07-05 02:48:26,"Банкоматов много, долго стоять в очереди не придётся. Парковка есть, расположен достаточно в удобном месте. Персонал приветливый, очень понравился сотрудник в 21 окошке, всё понятно объясняет.",5,
31,Яна Крылова,2022-10-23 13:06:38,"Отличное отделение! Недолгое время ожидания. Вежливые сотрудники. Круглосуточный доступ к банкоматам. Можно решить любой вопрос. Несмотря на то, что сейчас живу на левом берегу, всё равно обслуживаюсь в этом филиале. Рекомендую!",5,
32,Валера Б,2022-09-02 13:49:45,"Здесь когда приходишь, чтобы получить посылку с СберМегаМаркет надо пройти квест с нервами! Приходишь в надежде получить посылку за 5 минут, а нет 40 минут с боями и квестом. Сначала окно 20, затем окно 14 или 15, затем данные телефона, затем данные паспорта, затем надо сдать биометрию без вашего согласия, затем надо пройти индификацию в системе Сбербанка, затем представить номер заказа и код из SMS для получения заказа. Вот такой квест на 40 минут причем бесплатно и потраченными нервами! А самое главное если вы не пройдете данный квест посылку вам не отдадут! Хотя по информации и горячий линии от Сберлагистик надо представить только номер заказа и код из sms и все, а здесь все по взрослому испортят вам настроение и сделают вас во всем виноватым! Велком в данный квест, мы ждём вас - Ваш Сбербанк!!!!! Если у Вас хорошое настроение, приходите к Нам в Сбербанк Мы Вам его испортили-дивиз данного отделения Сбербанка, Мы всегда рады видеть Вас и Вы не когда не уйдете от нас здоровыми и счастливыми!!! Вас Сбербанк!!!!
Вот так все было в этом отделении Сбербанка 1 сентября 2022 г.",1,
33,Никита Зубков,2023-08-08 02:27:22,"Персонал абсолютно некомпетентный и не знает простых ответов ...каждый вопрос бегают узнавать к юристу, в обменнике оператор вообще компьютер видит первый раз в жизни ( полчаса там стоял)",1,
34,Татьяна Нефедева,2023-03-28 12:52:28,"Вежливый, внимательный персонал, подробно, понятно объясняют о предложениях банка, предлагают как поступить в определённой ситуации, предлагают различные варианты, выбор за клиентом.",4,
35,Владимир Гришин,2023-05-07 11:47:49,Обслуживание удобно быстрое операьоры вежливы выслушают и подробно объяснят и помогут решить проблему,4,
36,Александр,2023-08-26 05:56:12,"Обслуживание ,персонал на высоте. Навязчивое предложение доп услуг политика Сбера во всех отделениях.",5,
37,Иван Тарадаев,2023-08-24 02:41:15,Отличное отделение банка =) Приветливый персонал и чисто в отделении банка =),5,
38,Каролина Брызгалова,2022-12-19 09:13:35,"Была в будний день вечером. Забирала зарплатную карту. Без проблем попала к специалисту, не сидела в долгой очереди. Банкоматов тоже достаточное количество, чтобы не стоять в очереди за снятием или пополнением. Конечно не без навязываний доп услуг и карт как и во всех отделениях. Но все вежливо, аккуратно, доступно",5,
39,IDSokolovaElena1985,2023-08-13 12:14:39,"Делали сделку по недвижимости, специалисты очень грамотные и вежливые . Рекомендую этот филиал☺",5,
40,Валерия Шакирова,2022-07-29 03:42:14,"Хорошее расположение, вежливый и отзывчивый персонал, чёткое деление на сегменты по обслуживанию, очередь по талонам, но еще не разу не сидела в очереди более 5 минут, очень много банкоматов.",5,
41,Евгений Цыплаков,2022-05-10 15:14:47,"Большое отделение, радует количество банкоматов. Особая благодарность сотрудникам по работе с физическими лицами. Столкнулся с нестандартной задачей по ипотеке, как понял и для сотрудников банка ситуация не типичная, но оперативно отработали поставленный вопрос. В отделении работают специалисты. Немного смазано только общения с сотрудниками на ресепшене, ребята молодые, есть ещё чему поучится.",5,
42,Татьяна С.,2023-04-03 15:45:51,"Заказываю товары через СберМегаМаркет и лекарства в ЕАптека, получаю в этом Сбере. Персонал вежливый, отзывчивый и грамотный.",5,
43,Вероника,2023-03-17 01:20:04,"Очень приятный и отзывчивый персонал, оперативно выдали кредитную карту, рассказали про все условия, так же при получении посылки.",5,
44,Марина К.,2022-07-22 12:19:29,"Ужасная клиентоориентированность 💩 ! 
Подала заявку на кредит, предварительно одобрили заявку, сказали предоставить дополнительные документы, в день когда принесла документы в отделение, выяснилось что необходим стаж работы от 1 года (2 августа будет год как я работаю на последнем месте работы), день подачи доков 22 июля! 
Вы специально издеваетесь над людьми не сообщая о всех условиях кредитования заранее!??? 
Зачем заставлять предоставлять доки если заведомо по условиям клиент не подходит, ведь нехватка 1 недели стажа это действительно решающий фактор 🤬??!",1,
45,Яна Поцелуева,2023-01-12 02:01:51,"Добрый день. Хотела сказать спасибо сотрудникам этого отделения, за их не равнодушие. Не позволили совершить мошеннические действия по отношению к пожилому человеку, во время вызвали сотрудников Росгвардии, к сожалению не знаю имён сотрудников, но в любом случае большое спасибо.",5,
46,Андрей Загурдаев,2023-10-31 11:27:07,Хорошее обслуживание. Банкоматы работают до поздна.,5,
47,Madina Isabaeva,2023-10-12 11:31:37,"Быстрое обслуживание, специалисты вежливые. Помогли решить проблему",5,
48,Надя Жемчужная,2022-07-20 15:40:43,"Мне этот филиал очень нравится. Забираю здесь заказы из СберМегаМаркета и ЕАптеки. Обслуживание очень быстро происходит. Персонал доброжелательный. Банкоматы есть, их много, очередей нет.",5,
49,420821 Che,2024-02-27 02:37:50,"Сотрудники-вежливы,чисто,рекомендую.",5,
50,Наталья Михайлова,2023-05-17 00:05:20,"Компетентные менеджеры, но время ожидания оставляет желать лучшего, правда, менеджера говорят, когда к ним садишься, спасибо за ожидание ....",5,
51,Андрей Перевозчиков,2021-11-24 05:06:56,"Когда обслуживался в Сбербанк Премьер, меня приглашал в это отделение личный менеджер. Но так как я работаю в области сервиса, не люблю тепличные условия, поэтому хожу как обычный клиент.

Да, легко ругать Сбер, но с их потоком тяжело уйти из отделения довольным на ""5 баллов"". Но ребята стараются. Главный минус отделения - оно большое, но не слишком для его значительного потока клиентов. На пл. Калинина, которое буквально кишит офисами банков, нет отделения Сбера - почему руководство не сделает тут большой офис обслуживания по линии метро? Поэтому все едут сюда, на Плановую. В итоге субботу тут большие очереди - можно ждать и 30, и 35 минут. При этом пространство отделения использованы максимально оптимально - не видно, как сделать еще лучше.",4,
52,Юрий Матыко,2023-09-29 13:13:56,"Народу бывает много, но система электронной очереди делает ожидание минимальным.",5,
53,Time,2022-07-15 13:43:51,"Периодически не работают банкоматы. Не все, как-то попеременно. Наверное уже старые. Нужно бы заменить на более новые. И самое интересное, что иногда приходится по несколько раз в купюроприемник одни и те же купюры опускать, чтобы банкомат их принял. А купюры при этом нормальные, не мятые и не рваные.",4,
54,Маргарита Шадрунова,2023-01-30 12:07:58,"Хожу сюда редко, но всегда нравится быстрое обслуживание, чистота, просторное помещение.",5,
55,Галина,2023-12-18 14:30:37,Быстро/ вежливые менеджеры...ещё пойду.,5,
56,Ли Мин,2021-10-18 10:35:22,"Воспользовалась продуктом Сбербанка ""учебный кредит"". Первый год нормально, все хорошо оплата в университет поступила. В этом году продление пытались сделать... Вот именно ""пытались"". По непонятной причине программа не пропускала дальше, в этот день я потратила 3 часа своего времени и замучала сотрудника, который занимался траншом. Подумала, ладно пусть тех.служба ищет проблему и исправляет. Со спокойной душой ушла.
 Так в чем мое недовольство?
Правильно уже 4 НЕДЕЛИ не могут разобраться с этой проблемой. Единственное радует специалист, который этим изначально занималась отвечала на все мои вопросы и пыталасьменя успокоить. Совмещаю работу, учебу, сдачу своих долгов, преддипломную практику, а еще недавно простудилась и уведомление из университета пришло по спискам на отчисление(а я там числюсь поскольку оплата до сих пор не поступила). 
 К радости, в универе сделали отсрочку до 29.10.21 в этот день на счете института уже должны лежать деньги за мою учебу, а приходят они через банк в течении 3 рабочих дней...т.е. 25.10.2021 последний день. 
Сейчас 18.10.2021 а до сих пор ничего не исправлено...
Вопрос к предприятию Сбербанка: Вы занимаетесь этим вопросом?
Я терпеливо и с пониманием относилась изначально к ситуации, а теперь нет. Остальным кто будет пользоваться данным продуктом эта история на заметку",1,
57,Антон,2024-02-06 13:39:49,Отличный филиал. Даже сравнив с их коллегами.,5,
58,Гость О,2023-04-26 03:40:08,"Данное отделение работает очень медленно. С обслуживанием юридических лиц вообще беда. Ожидание в очереди к оперерационисту сегодня уже более 30 минут, т.к. принимают В основном физлица. В кассу так же очереди большие. Все движется тут очень медленно. А комиссию списываете быстро и не маленькую. И смысл просить оценить обслуживание, если позвонят? На какую оценку рассчитываете? Верните офис офис для юр лиц на д.ков.173 как было ранее. Там все было быстро, без проблем.",1,
59,Наталья,2022-10-29 07:28:36,"Долго ждала свою очередь. Получила недостоверную информацию. Не пойду сюда больше. 
И вообще никому НЕ рекомендую Сбербанк. Самый отвратительный банк. За каждый вздох берут деньги. 
Идите в другие банки! 
Сбербанк самый худший банк России!!! 👎",1,
60,Minas Ginosyan,2024-03-12 12:42:22,"К персоналу нет притензии, но покинул сбербанк.",1,
61,+++ ххх,2023-03-25 12:42:46,"После того как сбербанком стал руководить греф к сбера, наверное, все пошло в гору, а у клиентов наоборот. Я сам давно отказался от услуг сбербанка.",1,
62,Фотограф Владимир Жуков -,2023-05-17 07:51:36,"Типичный офис сбера. Огромное количество персонала, гоняющего посетителей от стола к столу так как они ""такие вопросы не решают"".",3,
63,Татьяна Осипенко,2023-10-15 17:02:07,Быстрое обслуживание благодаря большому количеству окошек,5,
64,ღМаруська ღ,2023-02-04 12:32:10,"Хороший персонал,но всегда мало окошек работает, очень долго ждёшь, наверное как и во всех сбербанках",5,
65,Ксения ***,2022-09-16 06:48:17,"По обслуживанию претензий нет. Претензии к регламенту работы банка с отдельными категориями граждан именно в сбербанке. Закон один, но каждый банк придумывает свои квесты для клиентов.",5,
66,Инкогнито 3634,2023-05-28 12:21:14,"Обслуживание отличное, персонал вежливый ,отзывчивый!",5,
67,326840 Варюшкина,2024-04-15 13:39:35,Чёткая работа. Отлично.,5,
68,Evgeny Yakimov,2023-01-11 11:21:09,"Часто бывают очереди. Отделение большое, окон работает мало. Лучше выбирать непопулярное время для посещения",3,
69,Иван Терехов,2022-04-18 14:14:17,"Провожу постоянно как риелтор сделки, мне отделение нравится, всегда есть место для парковки, менеджеры по ипотеке хорошие, особенно Татьяна",5,
70,dikiy-veter,2023-08-19 13:57:51,"Большое отделение, приветливые сотрудники, стараются помочь.",5,
71,Лариса Владимировна,2022-01-04 12:34:43,"Отделение сбербанка недалеко от моего дома, удобное расположение, рядом с останкой общественного транспорта. Обслуживание нормальное, внимательный персонал",5,
72,Анна,2021-09-14 09:37:02,"Большое отделение. Много специалистов. Есть небольшие очереди, но принимают достаточно быстро. При входе есть консультанты, которые могут помочь и проконсультировать. Отдельное помещение при входе с банкоматами.",4,
73,Лада М,2021-04-22 02:28:18,"Огромное спасибо за помощьсотруднику отделения Бойко Оксане. Качественно, быстро доступно все объяснила и помогла. Прошу руководство отметить сотрудника. Являюсь клиентом сбера уже лет десять. Первый раз в этом отделении сталкиваюсь с таким профессионалом",5,
74,Марина,2022-04-03 02:59:56,"Отличное отделение, летом здесь проходила сделка по покупке дома, вместо обещанных 3 часов, менеджер все оформила примерно за час, была очень приветливой и располагала к себе",5,
75,Инкогнито 2784,2023-09-14 08:37:19,Одна женщина работает она такая вежливая просто мы с ней заказали карту детскую у,5,
76,Екатерина,2022-05-28 14:53:26,"Хорошее отделение, присутствуют все виды услуг. Банкоматов достаточно, а персонал в меру вежливый и отзывчивый",5,
77,Людмила Филенко,2022-08-20 12:15:04,"Удобное расположение, очереди практически нет. Много терминалов для выдачи денежных средств, отличное отношение к клиентам",5,
78,татьяна е.,2024-03-24 13:34:09,Персонал на 5 из 5 . Ребята спасибо за доброту и профессионализм,5,
79,igobob18,2022-09-25 01:29:50,"Хорошее отделение.тприветливый, профессиональный коллектив. Быстрое обслуживание.",5,
80,Ivan klimenkо,2022-02-12 15:09:32,"Все супер.Дай бог всем здоровья и храни всех .Низкий поклон людям которые работают в сбербанке за такую низкую зарплату.Владимир Владимировичь пожалуста если есть возможность,повысте им зарплату,зарание благодарен.Мы все за РОССИЮ.",5,
81,Евгений Бондаренко,2021-08-15 17:45:01,"Для меня удобное место. Напротив парковка, место есть если не перед самым входом, то метров 20 от входа. Выполняют все виды услуг насколько я знаю. Помогли мне со справкой для Amazon. Народ не мало, но ожидание в пределах разумного. Чисто и аккуратно.",5,
82,Zhossan,2023-08-24 12:52:58,"Идеальное местоположение, банкоматы старенькие",4,
83,Евгения Николаевна Иванова,2023-02-08 12:44:41,"Не сталкивалась с критичными ситуациями,не обращалась и не решала там вопросы,не могу судить,банкомат деньги даёт.",3,
84,Кира Осаму,2023-05-17 14:48:06,"Норм сбер, обычный, было бы круто если за ожидание давали конфеты",5,
85,Любовь П,2023-02-20 14:02:17,"Очень удобный сервис обслуживания, вежливые сотрудники",5,
86,Maksim Varzhavin,2022-12-07 16:16:07,Обращайся с проблемой и мне девушки и парень помогли и всё объяснили. Спасибо большое Вам !!!!,5,
87,Наталья Русина,2023-10-06 13:40:37,"Всё прекрасно, хороший персонал",5,
88,Виктор Смирнов,2022-11-15 11:39:31,"Неплохой офис Сбербанка, просторный, цифровые очереди. Но тем не менее часто приходится ожидать своей очереди, бывает и по пол часа",4,
89,степанов,2024-03-07 13:57:42,"Заходи, получи и мучайся",1,
90,Сергей Карезин,2023-12-17 15:47:42,Быстрое обслуживание,5,
91,Arina Pankova,2024-01-14 19:01:34,меня все устраивает,5,
92,Денис Высоцкий,2022-02-12 14:23:20,"Большое отделение СБЕРа, имеется парковка и банкомат. Грамотные специалисты помогут решить любой вопрос связанный с банковскими услугами.",5,
93,Михаил Мельников,2023-04-20 13:17:59,"Вежливый персонал, качественное обслуживание.",5,
94,🐻,2021-12-19 11:00:50,"Был несколько раз. Всегда оставался доволен обслуживанием. Вопросы были сложные, не просто снять или заплатить деньги. Однажды квартиру продавали через Домклик, а ещё раз получил подробную консультацию о кредите на обучение с господдержкой в Москве.",5,
95,Ирина Романькова,2022-11-27 17:01:29,"Обращалась не один раз в это отделение, всегда оказывали проф консультации и разрешали возникающие вопросы",5,
96,Евгений Афанасьев,2021-11-21 16:15:57,"Оказывают все услуги банка и ЭКО системы Сбер в одном месте. Не смотря на большой размер отделения и количества сотрудников бывают очереди, но этот недостаток, я думаю, из за преимуществ описанных выше.",5,
97,Галина Шаповалова,2023-07-27 15:45:36,"Мне нравится это отделение Сбербанка, работники знают свое дело.",5,
98,Nonameuser,2021-10-06 09:11:28,"Сегодня пошли платить налоги в это самое замечательное отделение Сбера. Мы потратили ровно ЧАС! С момента как мы получили талончик и до того момента, как мы вышли из здания. Сотрудники Сбера протаскивали ""блатных"" без очереди пачками и даже не стеснялись. До каких пор это безобразие будет продолжаться? Я инвалид 2 группы целый час стоял на ногах ежеминутно подвергаясь опасности заразиться COVID-19.",1,
99,Татьяна Даманская,2022-06-12 09:15:08,"Отличный банк , работники банка молодцы
Я обратилась со своей проблемой , девушка занималась со мной часа 2 , пока все не сделала и не перепроверила!",5,
100,Сеня,2021-11-12 13:09:53,"Всё ничего, и обстановка и приветливый персонал, удобная парковка. Но проектировщик вентиляции, раньше служил в рядах ""СС""? Летом сдохнуть можно, от духоты!",4,
101,Светлана Реброва,2022-07-14 14:14:32,"Вежливый персонал, хорошие отношение к клиентам. Все объяснят, помогают в подключение к работе сервиса.",5,
102,Айгюн.,2024-02-15 14:17:05,Всегда рядом 🤗,5,
103,Валентина Харламова,2024-04-15 03:58:11,Мой любимый банк!,5,
104,Иван Рапацевич,2021-07-06 12:00:02,"Взяли тут ипотеку, менеджер постоянно требовала документы в которых небыло необходимости сразу после консультаций со своим руководителем, ощущение что это была менеджер из прошлой версии сбербанка которые любили все усложнять. К слову Сбер очень поменялся в качестве работы в лучшую сторону но тут мы вспомнили старый сберегательный банк)))",4,
105,Elen,2022-12-13 13:07:58,"Хорошее отделение Сбербанка, персонал вежливый внимательный ! Очень удобно рядом с домом!",5,
106,ntm54,2023-10-13 12:45:14,Очень хорошее общение сотрудников банка,5,
107,Анна Барышева,2022-01-10 08:42:48,"Банк, который работает без выходных. В случае затруднения по какой либо операции, персонал сразу приходит на помощь и тратит на вас столько время, сколько необходимо вам. Никакой спешки и хамства",5,
108,Валентина Гапликова,2022-10-23 11:18:07,"Очень вежливый персонал,всегда поможет,подскажет, если, что не понятно.",5,
109,Татьяна,2023-03-09 14:30:02,"Вежливый персонал,качественная работа сотрудников!",5,
110,Ulyana Podleseckaya,2022-05-03 14:23:05,"В принципе, нормальное отделение. Достаточно быстро принимают клиентов. Очереди, правда, дикие, но сотрудники очень стараются быстро решать вопросы",4,
111,Светлана Черткова,2022-01-23 12:15:35,"Было оформление сделки по недвижимости, со снятием наличных претензий нет, но спокойно подписать документы не дали, сказали, что пора закрываться и практически выставили на улицу.",4,
112,Инкогнито 6708,2024-02-08 13:37:13,Хороший удобный Сбербанк сотрудники вежлевые,5,
113,Елена Н,2020-03-29 03:00:34,"Нормально. Чисто, спокойно, очереди есть, но период ожидания короткий. Операторы работают быстро, слаженно. Что очень важно - терпеливы, спокойны, уважительны! Особенно, если клиент не сразу может сформулировать цель визита ( про возраст).",5,
114,Евгений,2023-05-22 13:41:19,"Хороший сбер, также здесь есть аптека",5,
115,Ксения Старицина,2023-05-23 05:20:50,Удобно расположен. Пользуемся часто,5,
116,stroikontinent stroikontinent,2023-08-10 17:39:47,Устал сидеть в очереди. В целом все хорошо,4,
117,Алёна Ларина,2023-08-15 23:40:18,"Офис большой, много свободных операторов",5,
118,Рано О.,2023-05-17 01:17:52,"Обслуживание всегда отличное, спасибо",5,
119,Алексей Ли,2022-01-20 12:54:27,"Карту забирал, был утром в выходной людей было не много , поэтому все прошло быстро без задержек, менеджеру спасибо, девушка все объяснила настроила ,",4,
120,сергей б.,2024-02-03 14:28:16,Много людей,4,
121,Егор Кучеров,2021-11-30 10:25:23,"Районый крупный офис, с большим количеством сотрудников, но и клиентов тоже не мало! Но уровень ответственности выше чем в маленьких отделениях - персонал более вежливый!",5,
122,Денис Карлов,2023-07-07 14:23:49,"Банкоматов очень много, очередей нет не когда",5,
123,Александр Замотаев,2023-08-16 16:14:20,Обслуживание отличное.Ждать не пришлось,5,
124,Милана Делгер,2023-04-09 13:44:28,"Помещение удобное, люди вежливы здоровыется",5,
125,Олеся Костюшина,2022-02-14 12:47:54,"Быстрое и качественное обслуживание, удобные диванчик и вежливый персонал",5,
126,PixelFox,2023-10-07 12:56:42,Территория перед отделением из 90-х,3,
127,Владимир К.,2023-09-13 17:30:00,"Обычный Сбербанк, без особенностей",4,
128,Геннадий Соколачко,2021-07-23 07:08:03,"Половина оборудования для посетителей не работает. Например компьютеры в клиентской зоне.
Оформляли карту жене, в итоге оператор перепутала, и выпустили карту на мужское имя, пришлось переделать. И долгое ожидание. В общем, не самая правильная организация работы отделения.
Кофе в аппарате не вкусный совсем.",3,
129,Canavar,2022-05-07 11:45:18,"Большое отделение, но очереди здесь огромные, конечно понятно что одно из центральных отделений, но все же",5,
130,Алла К.,2021-09-06 16:46:06,"Отличный офис, приятно там находиться, сотрудники внимательные и приветливые. Обслуживают быстро)",5,
131,Андрей Мосин,2021-10-31 05:59:07,Очень довольны обслуживанием. Удобное расположение. Осталось приятное впечатление.,5,
132,Anatoly Y.,2022-11-02 06:54:27,"Подсказали, обслуживание по моему вопросу было оперативное",5,
133,Андрей Степанов,2022-12-17 13:47:04,Отличное отделение. Вежливый персонал.,5,
134,Анонимный отзыв,2022-07-11 03:13:08,"Отличное место, хорошие специалисты. Проводим там сделки",5,
135,Sofia Oksencuk,2022-09-06 11:22:40,"время ожидания - очень долго. ремонт - где банкоматы, постоянно какие-то провода висят.",3,
136,Евгений Вялков,2023-03-01 12:01:45,Удобная парковка. Много банкоматов.,5,
137,I S,2023-10-10 11:06:18,"Много банкоматов 
Сотрудники всего начеку, если есть вопросы - ответят",5,
138,Татьяна Разнотовская,2021-10-19 11:05:06,"Очень хорошее отношение к лиентам.Сотрудники могут найти подход к каждому клиенту,а клиенты сами знаете бывают разные.",5,
139,Валентина Урбонавичюс,2023-12-02 16:48:18,Отлично,5,
140,Андрей Ведерников,2022-05-29 15:23:40,"Банк не плохой обслуживание замечательное ,отделение страхования очень слабо развито изапутанно",5,
141,Ольга Романова,2022-11-10 13:38:54,Удобное расположение. Много специалистов.,4,
142,Павел А.,2022-11-07 07:22:13,"Практически не бывает очередей, персонал добропорядочный",5,
143,Алексей К.,2020-02-08 13:45:54,"Всегда много посетителей и как всегда очереди! Когда нужно снять деньги, крупные купюры редко бывают в банкоматах. Подходы к банку плохо убираются особенно в выходные зимой, проезд и парковка вообще не чиститься! И О этот Ужасный Проход к банку не со стороны остановки, а со стороны вдоль дома 75/1 ул. Д.Ковальчук огибая через не чищенную парковку, автомобили и скользкую горку в виде заезда банковских машин! Трудно сделать прямой проход с асфальтированного тротуара идущего по прямой вдоль дома и прямо к банку!!! Обращались к депутату ЕР Люмину по решению такого прямого прохода. Оказалась территория Сбербанка и Управляющий Сбербанком г.Новосибирска категорически отказал! А как же: Всё для людей! Реклама Сбербанка хорошая, а в жизни получается, как всегда!",3,
144,Алексей Кулинич,2023-07-10 12:48:37,"Жать не долго, опеторов много",5,
145,Анонимный отзыв,2021-02-17 16:37:45,Хорошее отделение Сбербанка. Несколько раз обращался сюда по довольно сложному вопросу. Очень хорошо помогли. Спасибо большое! :))),5,
146,Андрей Степанов,2022-01-01 12:01:47,"Оформляли ипотеку. Грамотный специалист, все нюансы договора разжевала в буквальном смысле. Спасибо за это",5,
147,Anna Aksenenko,2020-11-13 18:06:18,"Ужасное отделение!!! Просто от слова СОВСЕМ!!! Я не знаю как описать культурными словами этот хаос, который там происходит!!! Смените руководителя одним словом!!! Рыба гнеет с головы!!! Обслуживание ужасное, обслуживала руководитель нас, хамское поведение, куча ненужных услуг добавили без нашего ведома, в дом.клик одно, там другое. НЕ РЕКОМЕНДУЮ категорически!!! Отзывы о данном отделении буду писать везде!!!",1,
148,Александр Кофанов,2022-08-16 15:58:53,Хорошее отделение. Грамотные специалисты. На все вопросы получаю ответ.,5,
149,Елена,2021-04-03 09:39:43,"Банк мне нравится. Персонал вежлив, всегда подскажет если возникнут какие либо либо вопросы. Можно обратиться к любому работнику и получить ответ на интересующий вопрос.",5,
150,Вадим Каратаев,2021-09-01 09:57:30,"Одно отделение на огромный микрорайон, очереди продвигаются медленно, придешь с одним вопросом , а выслушаешь от сотрудника рекламу доп услуг на 20 мин 👎",3,
151,Анонимный отзыв,2023-01-01 15:17:41,Грамотный доброжелательный персонал .,5,
152,женька34 карам-чанилова,2022-11-19 03:01:14,"Быстро, удобно, вежливый персонал",5,
153,369593 Бобоев,2024-02-13 05:06:53,Супер,5,
154,Виктор Герасименко,2021-11-23 14:39:01,"Хороший Сбербанк, к сожалению маленькое помещение, хорошие и доброжелательные сотрудники.",5,
155,Elena Pertseva,2021-10-14 15:09:30,Моё любимое и единственное место. Девушки всегда помогут. Всё без суеты,5,
156,Anna Usacheva,2022-05-08 13:29:31,"Вежливый персонал,всегда помогут,подскажут.Спасибо.",5,
157,Алексей Проценко,2022-05-10 15:27:53,Хороший офис и приветливый и грамотный персонал,5,
158,Любовь Прутникова,2022-06-02 11:55:29,Много банкоматов чем удобно забежать с утра и не стоять в очереди,4,
159,Алексей Семенов,2022-02-03 01:09:17,Брали опотеку все профессионально оформили и быстро спасибо,5,
160,Сайраш Пилипенко,2022-07-26 14:25:37,Классное место и сотрудники приветливые.,5,
161,Марина Тельменева,2023-05-10 04:06:06,Всё отлично👍👏😆👍👏😆👍👏😆,5,
162,Николай Сапунов,2022-08-11 15:18:22,"Менеджеры подходят с пониманием, обслуживание супер",5,
163,Алексей,2021-12-04 05:41:23,"Большая парковка, много сотрудников. Быстро и удобно",5,
164,Абдулло Каримов,2023-09-24 13:45:03,Отличная место,5,
165,наталья зюльфигарова,2021-12-30 18:32:23,"Прихожу только в это отделение,удобно,быстро,круглосуточный банкомат!",5,
166,Ольга Д.,2022-08-08 15:48:38,"Быстрое обслуживание, внимательное отношение к клиентам.",5,
167,Вячеслав Ахмедов,2023-01-11 13:16:03,СберБанк как всегда... На высоте!,4,
168,Анна Грушевская,2022-04-19 07:05:29,Очень быстро принимают. Доброжелательный персонал,5,
169,Алексей Лik,2019-09-15 20:08:52,"Есть отдел выдачи ипотеки и высокое удобство в расположении по маршрутам, что стало решающим в выборе данной точки. Кроме того довольно быстрое обслуживание и приветливый персоонал. 
Это отделение мне нравится более остальных, хоть есть и уютнее сберы.",5,
170,Наталья Разина,2022-08-04 13:55:29,"Быстро обслуживают, хорошие специалисты.",5,
171,Лора Фаувовна,2022-08-08 13:08:34,Быстрое обслуживание и внимательный оператор,5,
172,Елена Николаевна,2022-01-31 11:56:34,"Хорошее отделение, но вечно огромные очереди. Можно просидеть в этом отделении от 30мин-2 часов 😔",4,
173,Павел,2021-07-20 04:48:15,"Оплачиваю коммунальные платежи в данном отделении, постоянный поток народа, случаются очереди. Персонал в целом нормальный.",4,
174,Тамара Елизарова,2022-02-19 13:04:30,Постоянно очереди. Терминал не работает часто. Сотрудники не достаточно компетентны,3,
175,Анонимный отзыв,2021-11-01 11:38:28,"Сюда приезжаю на сделки, потому что работаю риэлтором. Люблю специалистов, девочки вы умницы.",5,
176,Pavel Astahov,2022-09-02 15:29:17,"Всё хорошо, вопрос был решён быстро.",5,
177,Марина Станиславовна,2021-10-31 02:59:46,"Хорошее отделение, но всегда большие очереди. Много банкоматов.",5,
178,Дмитрий Курносов,2022-06-01 12:17:34,"Нормальный, организованный, без очередей пункт Сберыча...",5,
179,Натали,2023-02-03 13:42:44,"Быстрое обслуживание, не грубят",5,
180,ольга Логинова,2021-07-21 12:58:41,"Хорошая организация,очередей как правило,нет,сотрудники грамотные,всегда посоветуют что нужно сделать",5,
181,A.G.,2023-09-06 12:36:46,Отличное обслуживание в премьер,5,
182,Святослав Краснов,2022-07-14 10:54:34,"большие очереди
в остальном все хорошо",3,
183,Ирина Харанжевич,2021-12-27 06:27:01,"Народу море, специалистов мало. Вечные очереди, сидишь по часу. Как идти в Сбер - прямо ноги не идут.",1,
184,Татьяна Нехорина,2023-03-28 14:16:25,Место удобнее!),5,
185,Анатолий Муравьев,2021-06-17 09:01:29,"Здесь быстрое обслуживание, грамотные и вежливые специалисты.",5,
186,Евгений Лазарев,2022-12-27 13:08:33,Внимательныейвежливый персонал.,4,
187,Вячеслав,2021-08-31 06:30:26,Удобное расположение. Полный спектр услуг. Не большие очереди.,4,
188,Натали,2023-06-13 14:00:55,Все отлично!,5,
189,Андрей Шило,2021-09-01 15:56:54,"Все отлично! Были трудности со снятием наличных, но персонал все решил.",5,
190,Ксения,2020-07-08 15:21:38,"Хорошее отделение. Много места и очереди быстро проходят. 
Я сюда хожу за разменом - всегда есть мелочь.",5,
191,Сибирь Мясо,2020-07-16 10:16:18,Удобно расположено на транспортной развязке. Работники трудолюбивые. Стараются пропустить клиентов без задержки.,5,
192,Олег,2019-07-31 15:14:05,Очень удобно расположен. Практически на развязкае городской. Большое помещение где практически нет очередей. Очень гамотные спецаилисты которые всегда помогут!!!,5,
193,Иван Ефимов,2022-02-23 12:37:45,Сотрудники дарят позитив и быстро обслуживают,5,
194,Иван Эспек,2021-08-12 09:02:34,"Удобное расположение, приятные отзывчивые менеджеры.",5,
195,Сергей Астанин,2022-12-14 12:55:00,Магазин максимум на четверочку,4,
196,Олеся Литашина,2022-08-11 03:21:13,Грамотный вежливый персонал,5,
197,Катерина Л.,2021-05-12 09:08:33,По работе бываю в разных филиалах . Очень нравятся специалисты ипотечного отдела.,5,
198,Сергей Ивлев,2023-03-22 13:10:44,Хорошее обслуживание,5,
199,Дмитрий Исаев,2020-04-20 05:55:23,"В условиях коронавируса очень много клиентов, пришлось довольно долго стоять в электронной очереди.
Чувствуется нервозность у сотрудников. 
Но отношусь с пониманием.",4,
200,Инкогнито 9151галина,2023-01-13 14:39:17,Обслуживание на уровне,1,
201,Светлана Аксёнова,2021-04-30 13:14:28,"Вежливые консультанты,ближайший банк. 
Но омрачает то ,что в банкоматах нельзя положить деньги на телефон без карты.",4,
202,Максим Мачиешан,2021-08-31 10:24:48,"Много банкоматов, удобно. По обслуживанию клиентов не знаю.",5,
203,Имиль,2023-01-16 12:56:19,Отличное отделение,5,
204,Игорь Балаганский,2022-02-19 12:34:53,Бойкое место. Всегда много посетителей.,4,
205,Николай Мельковский,2022-01-23 12:55:01,"Обслуживание на высоие. 
Спасибо персоналу...",5,
206,Магда,2021-08-28 16:40:37,"Все хорошо, но принимать посетителей лучше в отдельном помещении, а не в коридоре",4,
207,Людмила,2021-05-15 12:52:52,"Хорошее отделение банка, после реконструкции стало значительно удобнее",5,
208,Елена Юкс,2021-05-22 10:49:53,Удобно. Недалеко от работы. Пользуюсь только банкоматом.,5,
209,Киргизов Евгений,2022-01-28 12:25:51,Отличный офис. Прекрасный персонал,5,
210,Алексей Кравченко,2021-09-26 10:13:55,Чтоб забрать уже готовую пластиковую карту в выходной день прождали около 50 минут.,2,
211,Денис Фомин,2021-09-03 16:08:13,Отличное обслуживание приветливый персонал,5,
212,Дмитрий Суворов,2023-02-01 15:53:15,"Большой, удобный.",4,
213,Екатерина Д.,2019-08-01 02:14:59,"Была в отделении с маленьким ребёнком, взяла талон в обычную очередь. Народу было много. Но обслужили сразу, менеджер провел мой номер вперёд по очереди. Очень понравилось. В других отделениях приходилось ждать по 30-40 минут с коляской.",5,
214,Сергей Савчук,2023-04-17 11:32:05,персонал на 5,5,
215,Валерий Б,2021-10-21 10:34:54,"Клиентам Сбербанка относятся с высока, нет желания посещать данное отделение.",1,
216,Никита С.,2021-07-02 08:02:52,"Час стою в очереди чтобы забрать готовую карту, работает 2 человека, 
сервиса никакого",2,
217,Марина Каблукова,2019-07-29 14:42:17,"Больше всех нравится именно этот банк!Устраивает всё!Вежливые работники,быстрое обслуживание,заинтересованность в каждом клиенте!Приходишь и уходишь в хорошем настроении!",5,
218,Георгий Чугунов,2022-07-31 17:46:55,Душно в помещении с банкоматами.,3,
219,Елена НСК,2020-01-16 06:43:15,"Много сотрудников, много банкоматов. Все четко, быстро. Очереди конечно, в пенсионные дни, но они во всех отделениях СБ.",5,
220,Лариса Шик,2021-09-01 12:43:28,"Отзывчивые люди,быстрое решение все вопросов",5,
221,Светлана Койкова,2021-08-23 11:37:12,"Приветливый персонал, большой операционный зал.",3,
222,Олеся,2020-04-04 18:53:41,"Грамотные консультанты. Время ожидания приемлемо, бывают сбои. 🙃😊Один недостаток, так это духота зимой и холодно летом. 
Такие дела! 😬",5,
223,denisdimidenk,2023-02-16 13:14:14,Хороший банк,5,
224,FC629,2022-02-23 13:27:34,Нормальное отделение. Парковка есть.,5,
225,Лиана Сардак-Дзабирадзе,2021-09-14 13:37:02,"обслуживание на высшем уровне,даже когда не знают чем помочь 🤔🤔🤔",5,
226,Светлана Слатюхина,2023-06-03 13:04:13,Все норм,5,
227,Сергей Горестов,2021-06-21 15:19:51,Быстрое обслуживание грамотные консультанты.,5,
228,Дарья С.,2020-03-09 17:50:32,"Отличное большое отделение сбербанка. Ни разу не попала на очередь. 
Умиляют новые стажёр навязчивой предлагающие взять кредит или оформить сбережения))",5,
229,Елена Толочко,2021-07-21 15:06:53,Менеджеры ипотечного отдела самые лучшие в городе)))),5,
230,Пётр Лымарь,2022-07-22 07:54:07,Всегда много народу.,3,
231,Vladimir Fedorov,2022-05-20 13:42:36,Проблема парковок для авто.,4,
232,Юлия Надолько,2020-08-22 16:34:14,"Мне не всегда понятно отношение некоторых сотрудников, как будто я им миллион должна и не отдаю. Их там мало таких, но они есть. Как то привыкли уже к отличном сервису от Сбербанка, но именно здесь что то пошло не так.",4,
233,Юлия Тимофеева,2022-02-06 14:19:06,Огромные очереди. Персонал не компетентен,1,
234,Андреев Андрей Николаевич,2021-10-20 02:33:41,"Большое, многофункциональное отделение.",5,
235,Андрей Бессонов,2022-12-13 16:01:03,Банк как банк,5,
236,М.Ф,2021-08-11 09:31:07,"Консультанты всегда есть,их много,помогают",5,
237,АНДРЕЙ ЧАУСОВ,2022-06-22 13:53:53,Супер пупер хорошо,5,
238,Александр Русин,2020-01-17 13:30:52,"Большой просторный зал, много операторов, быстрое обслуживание, банкоматы исправно работают",5,
239,zCr@Gz,2021-09-28 18:25:55,Ставлю 5ку только из за того что мне тут до него рукой подать),5,
240,Лиана А.,2021-02-17 21:41:59,"Это место меня не волнует больше, тем более что мне здесь не помогли, да и обращение не приятное.",1,
241,Ю.Q,2021-11-15 15:56:19,"Работают чётко, вежливо, профессионально. Молодцы!",5,
242,Юлия Дудинова,2022-04-27 15:16:43,Сколько парковочных мест ...,5,
243,Максим Ю.,2019-11-18 22:01:43,"Постоянное скопление людей , нужно что-то придумать руководству или расширить штат сотрудников , последнее время стараюсь заходить в другие отделения так как тут постоянная очередь",1,
244,zax2001@ngs.ru,2021-04-27 10:07:57,"Нормальное отделение, персонал вежливый, помогает.",4,
245,Катюша,2021-09-07 15:18:49,Удобная парковка и хороший персонал,4,
246,Ираида Ива,2020-02-02 03:17:07,"Быстрое обслуживание, вежливое отношение к людям любого возраста и грамотное объяснение по любому вопросу.",4,
247,Сергей Кузнецов,2022-08-27 15:42:24,Куча народу постоянно,3,
248,Светлана П.,2018-07-07 04:56:39,"В отделении работают мошенники. Обратились туда при проведении сделки с недвижимостью. Сделка зарегистртрована 27.06. Деньги с банка вытрясла только 6.07 после двух жалоб в головной офис. Регистрировала сделку мошенница Афанасьева Ю. Начальница сделала вид, что она не в теме, если такая тупая и не знает чем занимаются ее сотрудники, пусть садится в зал и выдает пенсии бабкам, но походу тырит деньги вместе со своими мошенницами.При возможности обходите это сборище аферистов.",1,
249,вячеслав коваленко,2021-05-15 02:21:50,"Был я в этом Сбербанке, удобно, что много банкоматов",2,
250,виталий соболев,2021-07-30 19:09:59,"Много терминалов,отдельный зал. Нет очередей.",5,
251,gangstersfilippo,2023-03-02 13:25:20,Все хорошо,5,
252,yana.taradanova2015,2020-01-04 10:20:20,"Отличное обслуживание, много консультантов, всегда подскажут и помогут",5,
253,Игорь Светлов,2022-01-03 12:03:12,"Специфическое место, на любителя)))",5,
254,Оксана Г.,2022-08-31 16:58:21,Стараются )))),5,
255,Ирина Юдина,2022-01-05 09:53:10,Отличный ипотечный центр,5,
256,Похолков Александр Николаевич,2020-03-28 13:25:49,"Прям каждый день туда бы ходил очень грамотно объясняют, замечательные сотрудники.",5,
257,Оксана Стрельникова,2020-01-29 02:55:57,"Удобное расположение, приветливые работники, быстрое обслуживание.",5,
258,Татьяна Распопина,2019-09-25 15:11:19,Отсутствие очередей. Вежливые сотрудники. Быстрое обслуживание. Рядом с работой. Мне нравится.,5,
259,Ника,2022-04-20 14:02:05,"Это мой банк,Вы, лучшие.",5,
260,tany karas,2020-06-29 17:36:24,Большое количество банкоматов и терминалов доступных круглосуточно,5,
261,SergA,2019-10-24 01:28:38,"После реконструкции стало заметно удобней и приятней для клиентов. С появлением электронной очереди исчезли группировки бабулек, которые собирались методом ""А Вы крайняя?"".",5,
262,С.В.Р.,2019-12-21 13:13:35,"Большой офис, персонала много, но всё равно не хватает. Часто бывают очереди. Много банкоматов.",4,
263,Юлия Огнева,2019-11-23 19:09:21,"Есть момент ожидания, но вполне комфортно, приветливый персонал. Туалет плохо убирают.",4,
264,Людмила,2019-04-18 15:28:45,"Хорошее обслуживание. Работа четкая, быстрая. Обмлуживающий персонал вежливый.доброжилательный.",5,
265,Александр,2021-12-30 13:17:58,Без него никуда! Всегда нужен.,5,
266,Анонимный отзыв,2021-07-14 13:39:17,Очень нравиться ипотечный отдел в этом офисе,5,
267,Александр Д.,2021-08-04 03:11:19,"Обслуживаюсь давненько, всё норм",5,
268,Сарычева Дарья,2021-08-15 14:27:51,Огромные очереди!!! Вечно недовольный персонал.,2,
269,Виктор Смирнов,2021-12-22 10:55:37,Мало отделений банков и банкоматов.,3,
270,людмила,2020-11-06 12:39:06,"Неплохое помещение, неплохо налажена работа, но почему всегда такие очереди?",4,
271,Светлана Копытина,2022-08-07 11:28:19,Хороший банк,5,
272,Роман Новиков,2023-01-09 12:47:42,Здорово,5,
273,Алекскй Зубов,2021-12-21 02:43:54,Удобное расположение,1,
274,Алексей Зудилов,2021-10-20 14:01:04,"Очередь с паровоз, а ты в 100 вагоне.",2,
275,Мария Усманова,2021-12-22 04:02:03,Очень большие очереди,4,
276,ольга соловьева,2021-02-18 00:45:55,Быстро консультируют по возникшим вопросам.,5,
277,Александр Ишимов,2020-01-28 14:33:21,"Много сотрудников ,которые обеспечивают быстрое обслуживание и много банкоматов",5,
278,Роман Черепанов,2021-10-06 16:25:32,Сейчас всё очень быстро,4,
279,Антонина Бондаренко,2020-10-08 05:55:22,Была в банкомате все понравилось очереди нет все банкоматы работают!,5,
280,Наталья К.,2019-12-16 15:27:21,"Приветливый персонал, готовый прийти моментально на помощь. Без внимания не останется ни один клиент)))",5,
281,Евгений Юлдашев,2020-12-06 09:12:02,"Менеджеры все доходчиво пояснили, спасибо",5,
282,Николай Елагин,2020-04-21 14:25:13,Лучший Сбербанк в городе!!! Молодцы!!! Оценка 5+ заслуженная,5,
283,Марина Дмитриевна,2019-07-27 17:55:46,Очень хорошие и вежливые консультанты! Спасибо большое им за обслуживание!,5,
284,олег ледянкин,2020-01-31 11:11:09,"Был зимой. Ступеньки лестницы и пандус скользкие. Очередь большая как у банкоматов, так и к кассирам.",3,
285,Сергей Л.,2019-10-01 06:42:32,Удобное место минус мало парковочных мест руководства некомпитентно неразберается в документах сталкнулся сам,2,
286,Дмитрий Салей,2021-09-28 15:42:30,Кругллсуточный и это глааное,5,
287,Алла-И-Слава В.,2021-07-20 08:07:49,Быстро.Удобно.Вежливый персонал.,5,
288,Махаммадюлдаш Абдукаримов,2022-04-27 11:40:56,24/7 работает,5,
289,dima saliev,2021-04-13 11:34:23,Очень удобное расположение,5,
290,Nsk,2022-07-01 08:12:44,Большое хорошее отделение,5,
291,павел неклеенов,2021-12-24 11:15:30,Хорошее обслуживание,5,
292,Александр Лисицкий,2021-10-30 09:18:38,Находится на ремонте,1,
293,Надежда Д.,2020-02-15 07:24:50,Всегда квалифицированная помощь. Компетентные специалисты.,5,
294,Ольга,2021-04-11 12:07:33,Вежливые компетентные сотрудники,5,
295,Марина П.,2020-02-06 11:06:52,Удобно расположенное отделение. Рядом с домом.,4,
296,Полина Л.,2022-01-08 10:39:45,душный персонал,3,
297,Игорь Домахин,2020-08-12 16:11:26,"Всегда с улыбкой,но такое ощущение,что всегда обманут(мягко сказано)🍌",4,
298,Николай Чупин,2019-08-31 23:19:12,нормальное отделение .плохо только в дни оплаты за квартиру конец и начало месяца. пенсионеры оплачивают,4,
299,Евгения Посохина,2021-02-13 02:43:19,"Нормальный такой Сбербанк, все как везде.",4,
300,Oksya Boyko,2021-04-06 09:57:41,Специалисты высокого уровня❤️,5,
301,Марина Ульянова,2021-05-06 08:46:06,Всегда очень много людей.,4,
302,Алексей Палеха,2019-12-06 11:38:52,"Каждое посещение заканчивается какой-то проблемой, хоть и обслуживаешься в сбер-премьер",2,
303,Славик Славик,2021-06-30 08:32:04,Удобное место для банка.,4,
304,All V.,2021-12-09 09:26:02,Отделение с толпой,4,
305,Светлана Урунова,2020-01-09 06:27:10,"Обслуживание хорошее. Плохо, что ипптоечный отдел работает до 17 и только по будням",3,
306,Valeriy Ermilov,2019-08-06 10:52:03,"Один минус - очереди. Но он же плюс в заслуги Грефу - клиентов в Сбере много, значит банк - для людей",4,
307,Илья Минцев,2021-05-17 12:11:19,Банк который всегда под рукой,5,
308,Евгений руссу,2021-10-12 15:01:53,Очередь постоянно,1,
309,Эдуард З.,2019-08-08 14:41:30,Сотрудники не всегда компетентны. Помещение достаточно просторное.,4,
310,Alex L,2021-12-04 11:49:17,"Сбер, как Сбер.",3,
311,Геннадий Караваев,2021-09-20 13:58:29,Сбер держит марку,5,
312,Хакназарова наталья,2021-05-17 11:05:35,Хороший и удобный банк,5,
313,Александр Бояркеев,2019-12-06 11:38:16,Отделение просто супер всегда очереди как в старое доброе советское время,5,
314,Вадим Маркодеев,2022-05-09 13:16:04,Сбербанк,3,
315,Дмитрий Г,2020-02-19 13:52:46,"Хорошее отделение, всегда есть в кассе крупные суммы.",5,
316,Сергей Иванов,2021-02-24 00:36:09,Часто очень много людей,3,
317,Данила Истратов,2021-11-02 11:25:14,Хороший банк,5,
318,Viktor Poplawnoi,2020-03-22 08:25:48,"Обслуживают быстро,очень удобно.",5,
319,Игорь Альбертович Пинчук,2019-09-06 09:22:15,Почти всегда приходится ждать. Вежливость персонала - понятие весьма растяжимое.,3,
320,Виктория,2021-03-14 14:32:14,Большое отделение сбера,5,
321,Андрей Тур,2020-03-01 07:43:43,Всегда много народа. Очередь в банкоматы.,4,
322,Эльвира Светашева,2020-02-28 01:16:43,"Банк комфортный, консультанты профессиональны и вежливы)",5,
323,Сергей Рисунов,2019-12-10 16:10:24,"Удобное расположение, но бывают очереди",4,
324,николай,2021-06-30 10:56:25,Очень удобно,5,
325,Иван Б.,2020-01-19 18:52:05,Что скажешь это Сбербанк.... Хуже только почта России.!!!!!!!,1,
326,Людмила Денисова,2020-02-16 13:45:23,Сколько заходила. Жалоб нет все устраивало. Спасибо.,5,
327,Алексей Ж.,2019-09-26 01:27:00,Удобный сбербанк и хорошие специалисты),5,
328,Johnny AV,2020-04-10 12:07:15,"Большой Сбер, много банкоматов)",5,
329,Кирилл,2018-04-21 08:44:33,"Не лучшее отделение, но и далеко не худшее. Очереди небольшие, есть места для сидения. Но управляющая хамка, грубит и ведёт себя надменно.",4,
330,Вячеслав Богданов,2020-02-10 06:33:02,Довольно быстрое обслуживание,4,
331,Александра,2019-10-07 15:47:48,"Быстрое обслуживание, множество банкоматов",5,
332,Любовь Огнева,2020-01-21 07:09:13,Обслуживают быстро!! Приветливые!!,5,
333,Вячеслав Тишковец,2019-08-18 23:33:42,Грамотные менеджеры и даже доброжелательные.,5,
334,836898 Иван,2020-02-16 17:12:43,"Нормально! Не лучший, но и далеко не худший филиал.",4,
335,Ирина К.,2019-09-17 10:52:46,"Обычный банк, как и все остальные. Не ищете чего-то особенного",5,
336,Галина,2020-02-17 16:10:17,"Много банкоматов, оперативный.",5,
337,Анастасия Я.,2019-12-01 08:10:59,Лучший сбер в мире находится именно по этому адресу,5,
338,Фёдор К.,2020-03-01 17:31:35,"Сбер, как Сбер, просто ближе, чем другие.",5,
339,Маргарита В.,2019-09-05 06:28:41,"Может мне так везет, не знаю, но всегда быстро вызывают по талончику. К операторам тоже претензий нет.",5,
340,Nutella,2020-02-01 11:56:01,"Много автоматом ,и много народа",4,
341,Елена Л.,2018-06-10 17:12:22,"Слабый, добиться грамотных сотрудников невозможно. Надо сразу к руководству идти, тогда можно решить вопросы.",3,
342,Берёза,2019-10-15 11:46:50,Плохо напишу-испортят мне кредитную историю🤣🤣🤣🤗,3,
343,Владимир Ч,2020-08-09 03:06:43,Грамотный персонал,5,
344,Александр Михайлович,2020-04-16 12:13:21,Удобное расположение,5,
345,Евгений Бургер,2019-10-14 06:22:20,"Все очень долго, навязывают сотни услуг",2,
346,Евгений,2019-11-08 03:32:17,просто сбербанк! они знают толк в очередях!,1,
347,Умеджон,2020-06-28 11:10:56,Отличные сотрудники,5,
348,Сергей Иванович,2020-05-29 14:22:25,Отличное обслуживание,5,
349,Татьяна Лямина,2019-09-03 23:39:34,Работают просто на отлично!!!,5,
350,Ольга Юг👌,2021-07-15 12:57:03,Хорошо,5,
351,Дворовенко Сергей,2020-04-12 01:31:39,Оперативные работники,5,
352,лабутин сергей,2020-07-16 23:13:34,Персонал супер,5,
353,Вик Четвёртый,2020-02-10 07:17:15,Ставки по кредиту завышены.,4,
354,кок мок,2020-03-05 00:21:44,Всё оперативно.,5,
355,Владимир Сергеев,2020-02-19 14:50:52,Ну тут-то всё понятно.... Тоже рядом с домом!!!,5,
356,Алексей М.,2019-09-19 12:59:31,Часто не работает половина банкоматов,3,
357,Александр Сонин,2020-02-06 15:51:10,Сбербанк классный!,5,
358,Евгения Щербинина,2019-08-02 11:36:53,Переодически не работают банкоматы,3,
359,Чипполино,2019-07-28 12:59:46,Большой плюс работает в воскресенье,5,
360,Ирина Березина,2020-03-26 11:05:47,Хорошее отделение,5,
361,Сергей Ш.,2020-02-15 13:54:19,Оформят грамотно,5,
362,Анна К.,2019-09-21 15:14:58,Вечно сидишь в очереди по долгу,3,
363,Анонимный отзыв,2018-08-15 15:58:47,"много банкоматов, быстрое обслуживание",5,
364,анатолий липин,2019-11-14 05:36:09,не удобный размен денег,3,
365,Олег Фокин,2019-10-21 14:32:37,Хорошее отделение СБ,4,
366,Юрий,2020-06-03 09:43:38,"Как и все банки,все прилично .",4,
367,Андрей,2019-08-17 11:44:36,Пользуюсь но банк не очень,5,
368,Олег Т.,2020-02-20 02:15:19,Много народу,3,
369,Евгений,2019-05-01 14:50:05,После 18.00 банкоматы закрывают.,1,
370,Елена Я.,2019-09-22 14:07:56,Долгое обслуживание,4,
371,Ольга Шрейбер,2019-09-11 11:31:41,Хорошее обслуживание,5,
372,Тимофей,2019-11-21 04:27:32,просто нормально,4,
373,Михаил Блохин,2019-08-14 04:58:53,много банкоматов,4,
374,Светлана Л.,2019-08-30 19:46:17,Огромные очереди,1,
375,Василиса,2019-08-30 01:55:45,Длинные очереди,3,
376,KabanbayBatir,2019-12-04 02:20:50,Просто сбер.,4,
377,Екатерина Гинтер,2019-10-15 16:18:03,Большинство очереди в последнее время,4,
378,Tema.9999999,2019-08-23 13:08:43,Вечные очереди,3,
379,Екатерина Степанова,2020-03-15 09:01:28,Всё ок!,5,
380,Михаил К.,2019-08-29 18:58:19,Сервис хорош,5,
381,Константин П.,2018-06-09 11:30:31,Хорошее обслуживание,5,
382,Алиса К.,2018-07-19 06:04:27,Отличный банк,5,
383,Екатерина К.,2018-05-15 05:37:10,Жуткие очереди,1,
384,сергей в.,2018-08-21 09:25:13,Все дорого,3,
385,Денис Молчанов,2018-02-23 14:50:47,Все хорошо.,5,
