,name,date,text,stars,answer
0,анастасия чайка,2023-06-23 16:20:13,"Отношение к клиентам замечательное, если есть трудности быстро подскажут. Обслуживание на 5. Персонал вежлив, предлагает много полезных услуг. Время ожидания иногда бывает дольше чем обычно, из-за большого количества людей. Режим работы удобный",5,
1,Мария Сергеевна,2023-12-16 11:33:29,"Оооочень долгое обслуживание. 
Специалисты не всегда сами знают свои продукты, а соответсвенно не могут грамотно обслужить/оформить. 
Зимой крыльцо очень скользкое.",3,
2,Ирина,2024-01-15 11:05:19,"Очень быстрое обслуживание, всегда подскажут как правильно.",5,
3,Ясмина,2023-10-23 17:44:06,"Расположение банкоматов в проходной зоне далеко не самое удобное. Удобно, только когда сам сбер не работает.",4,
4,Ирина Тропникова,2023-01-03 14:08:06,"Очень хороший банк, с вежливым персоналом. Время ожидания бывает ооочень догим, т. к по близости закрыли все банки. Во 2м микрорайоне нужен банк, а его закрыли. Новые не открывают. Короткий рабочий день (((когда работаешь до 19час, никуда не попадёшь.",5,
5,Карина Сбродова,2024-01-03 17:42:48,"Чистенько есть туалеты, детский уголок топ!",5,
6,Светлана Айбабина,2023-01-10 21:38:59,"Обслуживание нормальное, обычное, как и в других банках очередь можно долго прождать
Отношение вежливое
Самое неудобное, что ооочень короткий рабдень и не работают по выходным совсем
Банкомат круглосуточный, это круто
Расположение на склоне, парковки нет, пешеходам нормально, так что степень удобства не оценить",4,
7,Андре,2024-01-01 12:31:57,"Меняли карты, все отлично . Спецы одно слово.",5,
8,Stark t.,2023-02-26 06:36:09,"Отвратитный банк. Приходишь первый, берёшь талон, и по итогу ждёшь, пока примут всех, кто пришёл после тебя. В последний раз уже набрала кучу талонов, чтобы попасть быстрее к специалисту за решением проблемы, которая заняла 30 секунд, а простояла до этого в ожидании более 20 минут...",2,
9,Петр Андреев,2023-10-30 17:14:20,"Сотрудники подскажут, объяснят, помогут.",5,
10,Николай,2023-02-07 16:46:34,"Внимательный персонал, обслужили быстро, расположение филиала в шаговый доступности.",5,
11,Павел Никифоров,2023-10-07 14:51:37,"Отлично, не далеко от дома !!! Банкоматы круглосуточные !!!",5,
12,Наталья Яунбелзей,2023-10-02 18:03:39,"Все нравится,уютно,быстро, профессионально",5,
13,Антонио Невзораки,2022-11-28 13:08:50,Вежливые деликатные сотрудники терпеливо отвечают на вопросы работают быстро чётко без нареканий,5,
14,Надежда Собко,2023-06-02 17:15:14,Режим работы ни туда ни сюда. С 9.30 до 17.45. Выходные-выходные.Но так теперь во многих филиалах. Оптимизация(,3,
15,SEnya,2023-06-27 17:08:40,"Нужен кондиционер хороший со свежим воздухом,а в предбаннике вообще гарячий воздух включают.",5,
16,Дмитрий Дербенёв,2024-04-10 15:15:00,"Работают до 18:00, крайне не удобно",1,
17,Liubov V.,2022-04-24 21:31:44,"Все абсолютно вежливые сотрудницы. Предлагают как новые возможности, так и улучшения уже имеющихся вкладов, карт, кредитования, страховок. Компетентные, доброжелательны, терпеливы.спасибо!",5,
18,Роман Аристов,2022-07-20 12:08:54,"Обычное отделение Сбера, помощницы работают. Местоположение нормальное, с парковкой малость не удобно.",5,
19,Инкогнито 8405,2022-10-27 06:37:44,"Просторно, удобно, доступные терминалы, внимательный персонал.",5,
20,Елена Кононова,2023-04-20 07:36:20,Обслужили быстро и грамотно всё рассказали!👍,5,
21,80862 Сказкина,2022-06-09 11:34:59,"Очень удобный сбербанк, девочки операторы очень приветливые, все объясняют, помогают",5,
22,Вера Ш,2023-03-08 05:25:02,"Удобно расположен, приветливый персонал",5,
23,Наташа,2023-01-22 08:33:50,"Вежливый персонал, удобно, рядом с домом..",5,
24,М К,2023-12-06 13:42:13,Обычный банк.,5,
25,Алексей,2023-03-24 20:57:03,"Неплохой, но рано закрывается, люди в это время только идут с работы.",5,
26,Елена Кононова,2022-06-10 09:47:38,"Стало меньше места при обслуживании в банкоматах и терминалах. В настоящее время остался 1 терминал!
И очень душно.",4,
27,Галина П.,2021-09-09 11:04:49,Очень удобное для рядом стоящих домов отделение банка и даже проездом с города можно быстро снять или получить наличные. Я часто пользуюсь этим отделением банка.,1,
28,Оксана Лариошина,2021-09-07 04:37:23,"Рядом с домом банк,удобно, всегда туда хожу. Коллектив работает хороший, пока претензий нет.",5,
29,Елена Сорокина,2023-01-08 11:39:21,"Удобное расположение , так держать !!!",5,
30,Иван Бойко,2022-12-30 12:43:23,Отличный персонал чисто удобно,5,
31,Павел Лобанов,2022-09-08 17:45:22,"Отделение ак отделение, но наверно консультанты пошустрее будут",5,
32,Инкогнито 7939,2023-05-27 17:56:09,Все замечательно,5,
33,den.,2021-07-04 07:04:40,"Вежливый персонал, отвечают по делу грамотно и работают профессионально.",5,
34,Светлана Нее,2022-11-02 11:58:08,Слишком много людей и мало касс работают,5,
35,ИмЯ,2020-02-29 10:32:44,"Хороший персонал, но операторы возле банкоматов навязчивы. Один раз без моего разрешения сделали автоплатёж, т.к. очень быстро нажимала кнопки, а я не соглашалась. Потом при автоплатеже увидела её действие. Второй раз(уже другая оператор пыталась мне это навязать), я вынуждена была отталкивать её руку. Было неприятно.",5,
36,Артур Герман,2023-08-08 17:14:27,Нормально,5,
37,Михаил Полик,2023-02-15 17:43:02,Нет автостоянки 👎,3,
38,Ираида Игушева,2023-07-14 18:01:40,Всё хорошо,5,
39,Наталья Б.,2019-10-25 20:08:09,Нравится отделение Сбербанка! Недалеко от дома! Приходится обращаться по мере необходимости! Грамматные специалисты! Достаточно быстрое обслуживание!,4,
40,Bogdan Vladimirovich,2021-12-29 17:50:01,Спербанк как всегда на высоте навязывать свои невыгодные правила .,1,
41,Лена Обезюк,2021-11-18 04:04:36,"Хорошо, консультант всегда поможет",4,
42,Юлия Астахова,2023-04-25 14:18:59,Очень душно,4,
43,Валера Ч,2023-03-12 17:52:37,Всё норм.,5,
44,Александр Хрычев,2022-01-19 12:38:14,График работы не совсем хороший,4,
45,Анжела А,2020-08-25 19:57:55,"Вежливое обслуживание, большое число банкоматов.",5,
46,Елена Ж.,2019-08-15 02:59:15,"Удобное месторасположение, небольшой филиал. Работает только до 17.30",5,
47,Елена Каллаур,2022-06-16 18:24:51,Всё хорошо,5,
48,Евгений Листов,2018-05-27 10:33:41,"Предупредительный персонал, быстрое обслуживание. Так ка много клиентов, то бывает тесновато.",4,
49,Pleasantville,2019-11-29 20:41:23,Хорошее отделение. Место есть банкоматов много. Нормальные специалисты,4,
50,Ирина Юрьева,2021-07-24 22:06:42,Обычный офис Сбербанка,4,
51,Дмитрий Решняк,2021-05-10 15:29:18,Просто хороший банк,5,
52,Виктор Т.,2020-04-01 14:21:20,Круглоскточно работают банкоматы.,5,
53,Галина Г.,2019-10-26 06:32:03,Круглосуточное обслуживание терминалов!!!,5,
54,natalijashak,2020-11-24 16:32:52,Всё отлично)),5,
55,Вадим Можегов,2018-02-14 20:48:59,"Сотрудники работают слаженно и быстро насколько это возможно, они знают свою работу и выполняют ее",5,
56,Игорь Геннадиевич Некрасов,2020-01-20 06:34:27,"Люди работают, стараются.",4,
57,Анна Ведерникова,2020-04-02 16:33:22,Всегда рядом😁,5,
58,Мария Субботина,2019-08-09 10:40:11,"Очень быстро обслуживают, банкомат 24 часа",5,
59,николай ц,2020-03-16 20:53:42,Работает до 9,3,
60,Григорий,2019-09-24 17:39:22,Нормальный банк.,5,
61,Андрей С.,2019-08-07 12:11:39,"обычное отделение ""сбера"".",4,
62,Сергей Тропников,2018-07-18 15:51:39,Не все банкоматы работают качественно,3,
