,name,date,text,stars,answer
0,Оксана Орлова,2023-09-09 11:56:08,"Это мой любимый филиал Сбера. А после ремонта он выше всех похвал. Современный, быстрое обслуживание, очередей нет. Терминалы современные и быстрые. Очень удобно ориентироваться внутри. Единственное, меня смущает открытость. Совсем нет перегородок. Ты сидишь со специалистом. И рядом посетитель или ожидающие своей очереди слышат все твои разговоры. Лично мне не удобно. Много лишних ушей. За это и снимаю 1 звезду. Девочки специалисты компетентные.",4,
1,михаил иванрв,2024-04-03 13:29:38,"Чисто красиво но возникает такое ощущение что всех сотрудников ориентируют только на подключение дополнительных услуг это касается всех отделений в Сыктывкаре ,где я был. Никто не может дать консультаций по инвестициям и другим продуктам ,которые могут принести доход не только банку но и клиенту",3,
2,Евгений Марков,2023-12-26 05:03:49,"Вежливость это самое главное, девочки очень хорошо и вежливо относится к посетителям! С легкостью решаются все вопросы , компетенция коллектива на высоте!",5,
3,Виктория Константинова,2023-06-07 16:41:07,"Добрый вечер. Благодарю за отличное обслуживание специалиста Логинову Татьяну Анатольевну. Отделение находится по адресу- ул.Советская,16
Профессионал своего дела, вежливая и доброжелательная, терпелива,всегда рада помочь клиенту. 
С уважением,
Виктория",5,
4,Марфа Сидорова,2024-03-24 15:59:52,"Современное, многолюдное отделение! Девочки теперь одеты в другом стиле!!! Есть банкомат, можно снять наличные..представлен весь спектр услуг! Кредит точно дадут!",5,
5,Chicchina,2024-03-06 12:52:10,"Самые приятные впечатления у меня остались после общения с сотрудниками банка. Быстро, понятно, вежливо. Спасибо!",5,
6,Jeiziks,2023-10-02 09:33:54,Работники быстро помогли очереди не было маниторы не удобно стоят когда сидел на скамейке на монитор сложно было смотреть помещение понравилось,4,
7,СЕРГЕЙ,2023-09-09 14:42:49,"Персонал знает свою работу отлично, чисто . Рекомендую",5,
8,DNR2014Republican,2023-06-09 13:46:26,"Плохое обслуживание, через сотрудника невозможно осуществить банальный платеж наличными по реквизитам компании, требуют паспорт, отсылают в другие окна,раньше была касса, проблем не было.",1,
9,Dimazey1984,2023-11-25 19:58:12,"Новый формат, быстрое обслуживание",5,
10,Денис А. Уросов,2024-02-23 16:45:27,Компетентные и терпеливые сотрудники.,5,
11,Ольга,2023-09-03 16:35:59,Сбербанк находится в удобном месте,5,
12,Евгений Шомысов,2023-01-25 22:08:36,Сбер есть сбер... Главное смогли своё круглое окно впаять))),1,
13,Наталья Ожухина,2020-07-15 12:40:12,"Не выгодные для клиента условия при кредитовании. Брала кредит по очень высокой ставке в 2012 году , оплачивая БАНКУ страховку, проплатила кредит вместо 5 лет за 3 года. Страховку не вернули , ждут , когда приду с поклоном, т.к. видимо забыть хотят мой номер телефона и адрес по прописке и месту проживания и ОЧЕНЬ трудно им позвонить и сказать : "" приходи, милая , мы тебя ждем, забери свои деньги ( страховку), ведь ты нас не обманула , а мы тебя.( ХА_ХА _ХА)",1,
14,MrsX Taro,2020-02-04 18:01:37,"Хорошее отделение. Сколько раз не посещала, никогда долго в очереди не сидела. Сотрудники вежливые, отзывчивые. Банкомат работает круглосуточно, очень удобно.",5,
15,ЯДВИГА,2020-02-12 22:33:20,"К сбербанку вообще отношусь уважительно! Современно, комфортно, всё понятно, сотрудники всегда готовы помочь! Уважительное отношение! Спасибо!!!",5,
16,Наталья Абатурова,2021-08-15 12:24:03,"Назвала бы это место,, сберкасса"", работает одно - два окна, никто ничего не знает",3,
17,Александр,2021-08-27 10:46:24,"Удобно, не далеко от дома. Присутствует весь ассортимент банковских услуг.",5,
18,Светлана Гребенюк,2021-08-20 16:39:55,"Сбербанк он и в Африке сбербанк, никуда не денешься от него.",4,
19,aka-mamont,2019-10-01 14:16:18,"аресты от суд приставов, в сб постоянно обновляются, даже после бумаги от сп о снятии арестов. картами на который хоть раз был наложен арест использовать нельзя!",2,
20,иван сердитов,2020-11-08 04:00:27,Ещё одни голодные. Не берите там по возможности кредиты. Процент большой,1,
21,Ирина Раевская,2019-03-23 12:36:57,"Много лет уже хожу в это отделение. Нравится доброжелательный персонал, много банкоматов",5,
22,Максим Петров,2021-05-06 19:45:43,"Очень медленное обслуживание, даже при простых операциях, пришлось сменить банк.",1,
23,Пётр Князев,2020-01-31 11:03:38,"Пандус не соответствует нормам, нет парковки для инвалидов.",2,
24,Марина К.,2020-11-22 17:17:30,Очень приятный персонал,5,
25,Ирина Максимова,2021-07-31 13:13:42,Хороший сбер,5,
26,Александр Батманов,2021-05-08 04:03:40,Нет парковки.,3,
27,Улугбеек К.,2019-11-29 08:23:20,Обслуживания очень комфортно,5,
28,Кирилл Беляев,2020-02-20 15:06:33,все красиво и стильно,5,
29,modernizaza1 m.,2019-09-17 14:08:26,"не ценят клиентов, впаривают страховки в кредиты",1,
30,Клавдия Николаевна павлова,2019-11-30 05:01:37,"Очереди жесть, персонал молодцы",2,
31,Иван,2019-11-21 12:28:29,как и везде - бардак,1,
32,Viktor,2019-09-04 10:44:50,Хорошее обслуживание.,5,
33,Виктор Т.,2020-03-24 12:09:32,Г..о,1,
34,Виктор,2019-08-22 18:51:51,Всё хорошо.,4,
