,name,date,text,stars,answer
0,Олег Трошев,2023-12-07 18:02:26,"Обращаюсь в этот филиал не первый раз всё нравится, особенно хочется отметить сотрудницу Зою извините не знаю её фамилию, всегда приветлива,доброжелательна,готова помочь по любому вопросу.",5,
1,владимир н.,2023-12-23 11:48:39,"живу в городе Тула, уехал из Сыктывкара в 2014 году. в ноябре перевыпустил кредитную карту..........1732. она почему то пришла в Сыктывкар в отделение на Октябрьском проспекте д.180/1, 23 ноября.теперь не могу ее получить, активировать или перевыпустить так как живу в г. Тула. а они хранят ее в Сыктывкаре и не хотят общаться. карта............ 7379
закройте ее, а я перевыпущу в гор. Тула..",3,
2,204397 королева,2024-04-25 10:24:05,"Посещаю часто. Удобно, любое время можно придти в банкомат. Вежливые сотрудники, всегда помогут, если не получается в банкомате.",5,
3,Анастасия,2023-11-21 15:08:55,Снижаю звезды за режим работы. В будни до 18.00. Кто придумал такой режим? Большинство людей работает до 17 или 18 ч. Как прикажете к вам успеть? И не надо оправдываться за счет субботы или других филиалов. Такой режим работы не годится.,3,
4,Валерий Скобелев,2023-07-03 18:25:16,"Очень хорошая команда, приятно обшяются , объясняют все доступно. Желаю всей команде успехов, так держать, молодцы. Рекомендую. С уважением к вам ВАЛЕРИЙ.",5,
5,Алёна,2023-01-18 19:59:39,"Обслуживание профессиональное, персонал приветлив и коммуникабелен.
Отношение к клиентам толерантное.
Время ожидания приемлемо.
Расположение, в данном районе, актуально.
Банкоматы в полной доступности, исправности.",5,
6,Марина Болотова,2024-03-05 15:36:49,Захожу только туда уже привыкла все устраивает все доступно объясняют,5,
7,Константин Лучков,2022-01-01 13:40:36,"Сервис сейчас, в конце 2021 года, положительный!(очень важно понимать время). Очередей нет, консультанты предлагают свою помощь без напоминаний, молодцы! Сбар стал заниматься всем, доставкой товаров вместо почты, банковским услугами, доставкой еды, обучением и т.д. !? Стал получать посылки от алиэкспресс, через сбер с получением посылок остервенелые впаривают продукты ""банка"" (это я ощущаю уже не ""банком"", банковской системой, хотя бы уже после аптек сбера). Хотят: чтобы я смотрел телевизор бесплатно, еду домой мне приносили, лекарства, был постоянно дома, был овощем, таково моё субъективное мнение. Сейчас лезут в мозги, книги предлагают свои, особенные. Русский народ - я не пропагандист, но думайте, вас такие как Греф ведут к дистанционке, с деградации Русского образования, через тестирования к опустошению. Прошу понять отношение к этому ""банку"" через его посылы.",2,
8,Екатерина Семёнова,2023-04-07 13:22:55,"ожидание долгое, обслуживание неплохое, персонал приветливый. не понимаешь что то повторят раз 20 и спокойно ответят. банкоматов достаточно редко бывают очереди.",4,
9,Инкогнито 1875,2024-03-27 05:43:22,Обратилась по вопросу по вкладу.Доступно все объяснили.Спасибо.,5,
10,Владимир Тутринов,2022-09-15 17:34:40,"Обслуживание быстрое и оперативное, несмотря на то, что микрорайон большой и населенный. Определенная навязчивость менеджера, предлагающего доп услуги понятна - планы давят, поэтому не особо расстроила. Сказал, что никакие сервисы не нужны и основной вопрос решен.",5,
11,Марина Ермакова,2022-12-21 16:57:36,"Пользуюсь персональным менеджером ЮлечкойЯворской! Очень приятно, чётко, по делу и всё понятно. Спасибо!",5,
12,Ксения Клецкова,2022-10-31 18:31:26,Рядом с домом. Вежливый и внимательный персонал. Высокий уровень обслуживания. Время ожидания не более 5 минут. Рекомендую.,5,
13,Макак Сильвер,2023-09-17 21:51:51,"Обычное отделение в древнем стиле сбера... куча холодного света, отсутсвие стиля в оформлении.... скучно!!!",1,
14,Марина Макарова,2023-06-26 12:46:30,"Все окна работают, сотрудники вежливы. Знают свою работу. Но при этом, Всё таки очередь, медленно продвигаеться.",4,
15,Deputat11,2023-06-24 18:08:50,"Сбер как сбер. Везде одинаков:) Большой филиал! Очень удобная парковка. В большинстве сберов нет таковой.. Вежливый персонал, в принципе как и везде.",5,
16,Яна Л.,2023-07-22 18:12:53,"Отличные консультанты, много банкоматов, нет очередей.",5,
17,Светлана Белеля,2022-06-12 18:59:47,"Очень давно посещаю это отделение банка по разным поводам, в последнее время получаю доставку от Сбермегамаркете. Всё на уровне - обслуживание, персонал, обстановка.",5,
18,Иван Червоный,2023-01-10 01:24:54,"Редко захожу туда, ну иногда днем хочешь снять деньги, народу много. Персонал нормально, отношение персонала хорошее.",2,
19,William West,2022-05-31 12:58:56,На пятёрку вообще никто ничего не знает любой специалист постоянно надо развиваться в любой области что касается банка ребята молодые обучайтесь развивайтесь и передавайте свои знания людям которые приходят к вам,4,
20,Евгений Шомысов,2022-12-15 20:16:17,Не хватает мониторов для отслеживания в зонах ожидания... Работа персонала довольно хорошая,1,
21,Роман Сюткин,2023-11-21 15:38:09,Вечно ломаются банкоматы,3,
22,Vitaliya S.,2024-03-06 17:10:02,Неудобный режим работы,4,
23,Михаил Г.,2023-05-29 11:57:39,Хорошее чистое отделение. Работники молодцы,5,
24,Олег ФЕДОРОВИЧ Калинин,2023-10-10 06:56:49,Все понятно и четко организовано.,5,
25,929388 матвиенко,2023-11-29 10:55:01,Лучший сбербанк,5,
26,Валентина Куликова,2023-03-08 06:26:36,"Отличное обслуживание, внимательный персонал",5,
27,петр лебедев,2023-01-02 16:22:14,"Уважительное отношение,быстрое и качественное обслуживание.",5,
28,Широков Роман,2021-09-02 19:40:50,"Не совсем удобное расположение остановки автобусов не совсем в шаговой доступности, далековато для пенсионеров и маломобильных групп.",4,
29,Надежда Сырбу,2023-04-05 13:38:32,"Быстрое обслуживание, внимательный персонал",5,
30,Татьяна Филипова,2021-09-20 13:23:08,"Очень навязчив со своим Маркетом.(Это касается всех отделений Сбербанка).Не лоялен к клиентам. Сотрудники шорошие и хорошо,что есть груглосуточный доступ к банкоматам",1,
31,Лариса Истомина,2022-08-15 12:11:51,"обслуживание отличные,персонал внимательный,добродушный.",5,
32,Алексей Подольский,2023-05-10 12:47:09,"Хороший банк большой , обслуживают бббббыстро",4,
33,Алла К.,2022-07-20 12:37:24,Сбер как сбер. Мало отличается от других по компетенции и желанию помочь троечка с минусом,3,
34,Ирина,2021-09-06 18:48:42,"При открытии банка было приятнее и комфортнее. В данный момент полезные площади уменьшены, сотрудников вероятно стало гораздо меньше, если что и спросить не у кого.",3,
35,Андрей Т.,2021-12-02 18:15:22,"Удобное расположение, грамотные специалисты, вмесьительная парковка.",5,
36,ирина крылова,2023-11-01 18:59:15,Мой банк,5,
37,Андрей Л.,2024-02-10 13:05:17,Ок,5,
38,Татьяна,2022-01-29 08:38:56,"В отделении банка нет рециркулятора , обеззараживающего воздух ни в одном зале. , нет вентиляции. Есть нагнетатель тепла , который ещё брльше способствует распространению инфекции , позор ! Только деньги Греф гамлбдях делает, а о здоровье клиентов когда будете беспокоиться? Роспотребнадзор спит!",3,
39,Наталия Турышева,2022-01-03 19:52:44,"Комфортно, чисто, уютно, профессиональный коллектив",5,
40,Мария П.,2023-08-21 16:57:38,Самый обычный сбер,5,
41,Игорь Воробьев,2022-06-12 18:24:45,"Бывает суетно, удобно отправлять посылки, рекомендую",4,
42,Roman,2021-09-26 18:42:04,"Много банкоматов много людей, много консультантов. Вам всегда помогут остаться без денег.",5,
43,Александр Г.,2020-04-04 12:17:25,"Много лет пользуюсь услугами этого отделения Сбербанк. Профессиональный персонал, доброжелательные менеджеры готовы оказать любую помощь. Будьте здоровы!
В следующую зиму прошу обратить внимание на парковку.",5,
44,Семён,2021-09-04 14:39:03,Круглосуточный Сбер с кучей исправных банкоматов. С удобной парковкой. А что ещё нужно?,5,
45,Andrjuxa Kanev,2021-12-20 10:20:44,"Хороший филиал, доброжелательные ,грамотные сотрудники",5,
46,Лариса Янушкевич,2021-02-08 01:43:25,Обслуживание удобное и быстрое. Персонал приветливый и отзывчивый.,5,
47,Марина Минина,2021-06-19 16:24:58,"Банкоматов достаточное количество для внесения и снятия. Парковка, а точнее ее нормальное отсутствие-это прям печаль.",4,
48,Tonyaska,2022-07-19 11:27:59,"Отличный банк, вежливый персонал",5,
49,Оксана Силивоненко,2023-02-23 03:54:07,Быстрое обслуживание,5,
50,Виталий Канев,2020-05-15 13:53:33,"Удобное расположение. Грамотные специалисты. Квалифицированное, но быстрое обслуживание.",5,
51,Дмитрий Размыслов,2021-12-18 05:20:56,"Пользуюсь услугами,банкоматы круглосуточно- нормуль.",5,
52,Александр Ракин,2021-11-07 11:55:27,Коллектив знающий свою работу на отлично,5,
53,Алина Тумпакова,2021-08-31 12:40:51,Доброжелательный и очень вежливый персонал!,5,
54,Дмитрий Захаров,2021-12-13 12:35:13,"Приходится тащится сюда,так как рядом со мной уже пол года на ремонте",5,
55,Татьяна Казачок,2020-01-26 09:57:34,"Грамотный профессиональный персонал, быстрое качественное обслуживание, прозрачность при оформлении кредитов.",5,
56,Александра Есева,2023-06-18 17:33:24,Все супер,5,
57,Сергей,2021-08-18 16:31:56,"Хорошее обслуживание, круглосуточные банкоматы",5,
58,Павел Миров,2020-10-03 22:28:25,"Приятный персонал
Обслуживание качественное 
- Частые очереди",5,
59,Николай Т.,2019-11-30 20:52:11,"Давно пользуюсь услугами этого банка.Сотрудники акуратные,доброжелательные и всегда объяснят если не понятно,обслуживание происходит быстро.",5,
60,Алекс Майор,2022-08-20 18:10:37,Просто всё норм!!!,5,
61,Анастасия Чабанова,2023-05-07 18:56:57,Супер,5,
62,Andrey,2021-04-17 08:43:24,"Неплохое отделение, много окошек, очередей больших нет.",4,
63,davnodalii,2019-07-31 02:49:53,"Нормальное заведение, всё что нужно присутствует, 4 звезды, Потому-что увидел там пожилую женщину которая громко материлась, и охрана долго не предлагала ей выйти, хотя посещаю я заведение не так уж и часто 1 ра в месяц максимум",4,
64,Александр Б.,2019-09-19 04:39:57,"Удобное расположение,улыбчивый квалифицированный персонал-всегда подскажут,помогут.",5,
65,Жека Шомысов,2021-09-10 14:09:27,Сбер и в африке сбер - всё стандартно,4,
66,Людмила Королева,2022-06-19 04:51:49,Всё без проблем👍,5,
67,В. П.,2021-09-23 10:12:03,Все нормально и удобно.,5,
68,Анонимный отзыв,2020-01-14 12:20:39,"Этот филиал ближайщий по месту жительства, часто обращаюсь за тем, чтобы провести переводы, пополняю банковские карты.",4,
69,Сергей Булышев,2021-11-13 19:26:40,Удобное расположение,5,
70,Вадим Вадимыч,2021-06-20 10:40:56,Сбербанк как сбербанк. Обычное отделение,3,
71,Vendetta,2021-07-27 06:20:32,Здесь работают славные люди !,5,
72,Samkom98,2019-12-01 02:50:38,Достаточно удобное расположение. Круглосуточный банкоматы,5,
73,Андрей Сергеевич Тумаков,2020-03-03 07:40:56,Бысрое обслуживание. Хорошие менеджеры сбербанк Премьер.,5,
74,Павел Раш Бер Сервис,2021-06-28 18:32:11,Круглосуточные терминалы,5,
75,Людмила Александровна,2020-02-08 18:20:52,Хорошее обслуживание. Ненавязчивые консультанты.,5,
76,Оксана Худяева,2019-08-01 06:27:43,"Ближе к дому, внимательные специалисты, вежливые, знающик свое дело.",5,
77,Татьяна Владимировна Зуева,2021-09-02 17:11:36,Хорошее отделение банка,5,
78,Наталья,2019-08-26 20:50:27,Часто бываю.очередь идёт быстро.вопросы всегда решаются.мне нравится.,5,
79,Андрей Поляшов,2022-05-07 18:02:09,Сбербанк,5,
80,okna_balkony_syktyvkar,2019-10-23 09:53:39,"Есть парковка, много терминалов и окон обслуживания.",5,
81,никита хадан,2019-11-23 14:57:15,Очень долго ждать своего вызова окон много а работают всего пару штук,2,
82,Игорь Геннадиевич Некрасов,2020-01-20 06:46:42,Очень хорошо относятся и помогают старикам,5,
83,Геннадий Синельников,2021-12-16 09:57:06,Отлично,5,
84,Алексей Максимов,2021-06-02 13:40:56,Рядом с домом,5,
85,Абдула Михайлов,2019-12-01 16:02:48,Удобно рядом мой любимый банк,5,
86,алексaндр а.,2020-04-03 16:59:22,Удобно. И работает во время вируса,5,
87,Алексей К.,2019-12-07 10:42:33,Не компетентные сотрудники и вобще отвратно работают!!!,1,
88,Юрий Алексеев,2021-09-30 22:20:49,Хорош,5,
89,Марфа Сидорова,2019-08-17 16:44:29,В любое время банкоматы доступны!,5,
90,Анастасия,2021-04-09 07:31:30,Удобно,5,
91,Family Filippov,2022-07-13 15:43:33,Норм,5,
92,Vovka Carrot,2020-06-27 20:17:10,Работают как надо!,5,
93,Иван Михеев,2019-11-21 12:51:41,Вечная проблема с парковкой.,1,
94,Чернов Павел,2020-06-01 18:49:23,Не люблю сбербанк,3,
95,Виктория К.,2020-02-09 19:20:23,Быстрое обслуживание,5,
96,Антон Козлов,2019-11-08 13:10:39,"Удобное расположение,",5,
97,Светлана,2020-09-01 20:22:06,Хорошее место,5,
98,Галина М.,2020-03-11 15:07:08,хорошее обслуживание,5,
99,Павел Б.,2019-08-10 04:01:19,Замечательное обслуживание,1,
100,Александр Вахнин,2018-05-10 10:01:32,"Иногда можно надолго застрять, например при получении карты.",4,
101,Денис Филёв,2019-10-26 08:17:49,Удобный филиал,5,
102,Игорь Сурсяков,2018-01-30 18:28:28,Неудобный график работы для меня в будни и на выходных (суббота).,4,
103,Евгений Старцев,2020-01-27 05:03:21,сбер как сбер,5,
104,Виктория Хотянович,2019-12-08 10:23:18,Нет очередей,5,
105,Татьяна Ч.,2019-09-20 09:59:03,хорошое место,5,
106,Вадим Вадимыч,2020-01-22 16:54:15,Банк как банк,5,
