,name,date,text,stars,answer
0,Тата,2024-01-22 11:00:07,"Само отделение посещала давно. Банкоматы в выходные закрыты, неудобно, но понять можно: раньше по субботам-воскресеньям это помещение оккупировали бомжи. Сейчас чисто, безопасно",4,
1,Людмила .,2024-01-27 02:05:33,"Не открыли мне детскую карту,т.к. у меня отсутствовало приложение. Приложением не пользуюсь,оно мне не нужно.Зачем его навязывают клиентам? И отказывают в услуге при его отсутствии.",1,
2,Станислав Станислав,2023-05-15 14:00:08,"Хочу оставить положительный отзыв о работе сотрудниц этого отделения!
Внимательно, корректно, быстро, клиентоориентированно решили мой непростой вопрос!
Очень благодарен!
Только положительные впечатления!
Особая благодарность сотруднице Екатерине Немцевой!",5,
3,Анна Г.,2023-05-09 13:58:28,"Хороший банк, удобное расположение, парковка присутствует, также рядом есть остановка общественного транспорта",5,
4,994798 Тихая,2023-10-31 16:10:33,"Отвратительно, в выходные не работает, в этом районе нет ни одного банкомата, хотя на здании написано 24 часа",1,
5,Инкогнито 2378,2023-10-02 13:10:07,"Внезапно поменяли график работы. И даже банкоматы теперь работают только днем, пока открыт офис. Что мешает их использовать круглосуточно в отдельном помещении - не понятно",1,
6,Наталья Фатеева,2023-07-19 14:04:30,"Отделение в доме, в котором живу, уже плюс. Обслуживание на уровне. В очереди ждать не больше 10 минут. Спасибо сотрудникам за внимательность и вежливость. ❤️",5,
7,Владимир Акулов,2024-04-01 11:35:53,"Очень часто в помещении где банкоматы, бывает бомж,от него запах....не возможно зайти.",4,
8,Маша,2022-12-15 15:14:24,"Среднестатистическое отделение со своими плюсами и минусами по обслуживанию.
Стараюсь заходить как можно реже, т.к. это место постоянного пристанища бомжей, которые ведут себя неадекватно, справляют нужду тут же, ""не отходя от кассы"" так сказать. Это очень неприятно и отбивает всякое желание посещать это отделение",4,
9,Сонечка Я.,2023-03-29 12:10:27,"Обращалась в данное отделение по поводу возврата денежных средств, просто отправили в ""то отделение, где оформляли карту"", первый раз столкнулась с таким, какая разница где оформлена карта, если электронный документооборот!?",1,
10,Александр Шершов,2023-02-12 12:37:04,"Отвратительно, пришли получить карту зал был пустой работало 1 окно из 11 ужас мы просидели 40 минут ожидая когда назовут наш номерок, к тому же после того как назвали карту оформляли минут 20 в альфа банке эта процедура занимает в разы меньше времени",1,
11,Анонимный отзыв,2023-01-16 13:22:21,Захудалый офис в захолустье. А раньше левый берег был в большей популярности. Постоянно там ребята оплачивают «закладки» и ждут смс. И пока они ждут - стремно заходить деньги снять с карты.,2,
12,Борис Колчанов,2022-02-05 11:44:30,"Банкоматы в доступе, работают круглосуточно, это большой плюс, очередь электронная, обслуживание быстрое, квалифицированные специалисты. Только положительные эмоции от посещения данного отделения Сбербанка!",5,
13,Светлана К.,2023-07-26 13:26:23,"обслуживание очень хорошее, время ожидания минимально, минус только то, что в субботу не работают",5,
14,guryanovvvas18,2024-04-01 03:46:09,"операционистов нет, ожидание по часу",1,
15,М. С.,2023-08-26 12:08:43,Доброго дня всем хотел бы сказать что ни до работы ни после не возможно пользоваться банкоматами закрыто после 19.00.и ни одного другого банкоматами на левом берегу! Сбербанк что не так с левым берегом?,1,
16,Lena K,2023-04-20 12:51:32,"Внимательный и отзывчивый персонал, спасибо за ваше терпение",4,
17,Светлана Мусохранова,2022-02-10 14:32:23,"Отделение неплохое, но очень много минусов. Крыльцо прям с дороги, ни какого тротуара для людей нет. Для инвалидов колясочников тоже ничего не предусмотрено, пандуса нет. Имеется звонок для вызова персонала, но персонала для этого у них нет. Девочки вежливые понимающие, были в обед персоналу было мало, обслуживание затянулось",1,
18,Татьяна Асташина,2022-09-14 16:26:34,"Да очень хороший и удобный да просто класс,а какие грамотные сотруднике молодцы .",5,
19,Юлия Корзик,2022-01-05 16:06:26,"Срочно примите меры по устранению бомжей из помещения где находятся банкоматы!!! Сегодня была очевидцем нападения мужиком бомжом который сидел на батарее на девочку подростка!!! Он сначала обматерил ее и плюнул в лицо ребенку!!! Я за нее заступилась, она не знала что делать, мы вместе быстро вышли. Он продолжал материться и выскочил за нами!! Принимайте меры, в отделение неприятно заходить, где может такое произойти!!!",1,
20,Сергей Тюрин,2023-11-18 13:29:20,Лучший банк в мире!,5,
21,Вадим,2023-03-09 12:13:16,"Удобное расположение,круглосуточные банкоматы!",5,
22,Fox Graf,2021-12-30 14:12:28,"Сотрудники всегда помогут решить проблему. Грамотные специалисты, всегда отзывчивые и доброжелательные.",5,
23,Светлана Я.,2022-11-07 14:01:24,"Как и во всех банках электронная очередь, но деньги снять можно и не заходя в банк. Банкоматы стоят на входе в банк.",5,
24,dol1313,2022-02-03 09:20:57,"Обслуживание достойное , но пора людям выдавать беспроцентные кредиты и безвозмездно выдавать всем прожиточный минимум ежемесячно ( 139000р ). Мы богатая страна и наши граждане должны жить хорошо ☝️",5,
25,"Димон ,",2023-10-15 12:50:03,Куллер всегда помогал в жару,5,
26,Вадим Прокофьев,2023-04-02 16:28:55,"Рядом с остановкой , много банкоматофф.",5,
27,евгений масютенко,2022-09-10 13:25:28,"Приятные девушки, обслуживание на 5 баллов, время потратил 20 минут, на все вопросы ответили",5,
28,Владимир Калинин,2022-10-19 13:13:17,"Очень неповоротливая банковская организация-вышла из доверия очень давно,наряду с почтой.",1,
29,Анатолий Иванов,2021-10-24 14:11:40,Зашел хотел изменить реквизиты для оплаты за коммунальные нахомили прям на входе молодые консультантки типо которые должны помогать. Пропала охота поехал на энтузиастов 16 заплатил наличными.Больше нет желания с карты сбера платить,1,
30,Ирина Б.,2021-10-03 07:08:41,Персонала очень мало. В выходной день работает одна касса и в зале две сотрудницы по всем вопросам. Собираются очереди. Приходится очень много времени ждать.,3,
31,Наталья Владимировна,2022-01-23 11:21:22,"Пользовалась только терминалом но снизила за местного жителя,который там находится постоянно с признаками агрессии..решите этот вопрос!",3,
32,Фируза Толканова,2023-05-31 14:50:08,Очень вежливый персонал.,5,
33,Наталья,2022-02-08 16:57:53,Ужасно ведут себя сотрудники занимаются враньём нехотят решать вопросы ходят без бейджиков неритория непосыпают,1,
34,Анна Калегина,2022-10-25 13:56:37,Отвратительное обслуживание. Некомпетентный персонал.,1,
35,Анна,2021-09-11 06:22:37,"Самим банком пользуюсь уже редко, только при замене карт, но круглосуточные банкоматы выручают всегда.",4,
36,Ирина Голодникова,2022-08-30 13:55:49,У входа в банке сотрудница все понятно объясняет. Спасибо ей.,5,
37,Олег Ш.,2021-11-16 07:05:56,"Отвратительно. Пришли коммуналку оплачивать, взяли талон на оплату картой. Оператор ничего сама не оформила, отправила самих через приложение платить. Да ещё и начала упрекать, что незачем в отделение приходить, могли бы и дома оплатить.
Просто прекрасно, слов нет",1,
38,Инкогнито 2865,2023-04-21 00:36:20,Закрывают банкоматы вечером,1,
39,Ольга Волохина дзюдо,2021-02-06 22:10:58,"Хорошие работники больше таких людей и всё бы встало на свои места. Всегда объеснят как сделать лутьше. Мало таких людей, а в особенности молодёжи.",5,
40,Дмитрий Партизан,2021-09-06 00:52:12,"Всегда много народа. И супер ""шустрый персонал. Хотите потратить всемя вам туда",1,
41,111,2023-01-08 04:11:02,"Мало посетителей, операторы шустрые",5,
42,vovanfaster 789,2022-08-30 11:11:28,"минусов нету, все хорошо обслуживают",5,
43,Игорь Демидов,2022-07-26 12:20:19,Считаю сбербанк самым надёжным банком.,5,
44,ольга,2022-12-08 13:01:13,Прекрасные специалисты,5,
45,Ирина,2023-07-11 12:12:00,Очень не удобный график работы,1,
46,Дмитрий Шибаев,2022-01-23 12:30:07,Заходил пару раз было мало очереди быстро обслужили,4,
47,Анонимный отзыв,2023-01-31 13:13:50,Обычный сбер,5,
48,Лариса Ганжина,2020-02-08 16:33:12,"В банке все нормально : очередь электронная,где посидеть есть,посильнее вентиляцию надо и подход к самому банку сложный наледь ,машины....",4,
49,Nikita Svyatov,2021-11-01 10:52:48,Место класс обслуживание быстрое,5,
50,Александр Гусар,2021-10-09 11:14:52,"За 5 звёзд 5тыс жду на карту, заранее спасибо",5,
51,Александр Степанович Ростовцев,2021-09-19 16:22:29,"Всё хорошо так должно быть везде,",5,
52,Максим Луговой,2022-05-06 15:02:04,Тихо без очереди,4,
53,Анжелика Кудашкина,2022-09-05 15:10:52,Очередей нет,5,
54,Марина Султанова,2022-08-18 02:37:55,Все отлично,5,
55,Татьяна ТШ,2020-04-19 03:08:45,"Обычный офис Сбербанка, ничего сверх в нем нет, соблюдаются все стандарты обслуживания",5,
56,Аркадий,2021-12-29 05:57:46,Хорошее обслуживание,5,
57,Галина И.,2020-02-07 01:33:06,"Грамотные консультанты, быстрое обслуживание!",5,
58,Владислав,2020-09-27 13:56:55,Захожу только для снятия наличных в банкомате и оплате счетов.,3,
59,Логин Логиг,2021-05-30 12:47:45,"Хороший банк, но мне там нагрубили.",1,
60,Надежда Ш.,2020-02-14 14:15:54,"Грамотные консультанты,помогают без лишних слов.",5,
61,Артём Петров,2019-12-28 08:31:26,Пиндосовские ставленники. Сожгу все филиалы по возможности,1,
62,Виктория Панова,2020-03-07 05:34:12,Большое отделение. Быстрое обслуживание. Много окон.,5,
63,𝓐𝓷𝓪𝓼𝓽𝓪𝓼𝓲𝔂𝓪,2020-02-11 08:57:41,Вполне устраивает.,5,
