,name,date,text,stars,answer
0,Сергей Ляпин,2024-04-18 10:23:34,"Большие очереди последнее время, рядом идут ремонты в других филиалах, все сюда. Я был 200 по чеку, многие передомной ушли, поэтому заняло ожидание около часа",3,
1,Семен Намик,2024-04-10 06:58:31,"Ужасное обслуживание, 3 сотрудника на весь зал, при том, что 2 сотрудника с одним клиентом общается!",1,
2,Шкатулка бомбодела,2023-07-18 12:21:05,"Много лет пользуюсь именно этим отделением. Столько сотрудников уже сменилось, но качество обслуживания всегда на высоте.",5,
3,Irina775835,2023-06-19 15:01:52,Хорошее обслуживание Персонал вежливый Пользуюсь много лет Рекомендую,5,
4,сивцова н.,2022-11-19 08:46:38,"Отличное месторасположение отделения, плюс банкоматы круглосуточные. Наличие нескольких штук тоже радует - нет очереди в банкомат, как в других отделениях",5,
5,Елена Р.,2024-03-15 03:58:45,Операторы вежливы всегда окажут нужную помощь.,5,
6,215416 Галина,2023-03-11 13:14:42,Чудное местечко. Консультанты приветливые. Время ожидания не более 15 мин. Два круглосуточных банкомат. В остальном типичный сбербанк.,5,
7,Марина Мещерякова,2024-03-07 09:45:11,"Чисто, опрятно, вежливо",5,
8,Наталья К,2022-02-05 14:04:53,"Часто посещаю этот филиал из-за близкого расположения к дому. Очень быстро и корректно работают. Профессионалы. Хотелось бы больше современных банкоматов, не только выдающих, но и принимающих.",5,
9,Сергей П,2023-06-01 13:14:39,"Обслуживание на высоте , очень быстро помогли",5,
10,ольга петрущак,2023-05-22 13:07:42,"Отношения к клиентам очень хорошее ,все вежливые все подробно объясняют очередь не большая всё хорошо",5,
11,l-ostapkevich,2023-11-03 13:54:16,Постоянно огромная очередь!,2,
12,Ольга Ф.,2023-06-19 13:11:30,Быстро и качественно оказываются банковские услуги..,5,
13,Инкогнито 9281,2024-03-29 12:29:02,"Чисто, уютно!",5,
14,Алена,2023-07-26 13:19:41,"Сбер, как сбер ни чего особенного. Всё хорошо 👍",5,
15,Галина Миргородская,2022-11-23 13:10:29,"Быстрое обслуживание, компетентность и вежливость персонала.",5,
16,Сергей Макшаков,2023-03-15 06:58:07,"Хорошее обслуживание, не долгое ожидание в очереди впринципе.",4,
17,Денис Курилов,2022-11-27 11:23:56,Неплохое отделение. Оперативное обслуживание.,5,
18,Елена Моисеенко,2021-12-21 15:43:07,Почему то не нравится мне это отделение Сбербанка. Это необъяснимо. Бываю по необходимости. Просто рядом с работой.,4,
19,Эрнест Гребнев,2022-11-03 14:54:00,Отличный филиал и сотрудники супер,5,
20,мария Баранова,2022-05-10 00:25:55,"Очередей к банкоматам нет это +, очередь в кассу и к специаоистам не плохая это тоже +",4,
21,Юлия,2023-02-01 12:29:08,"Быстрое и грамотное обслуживание, понравилось.",5,
22,Мир Сериалов и Кино,2020-06-11 10:02:22,Отличный Банк. Отличный и добрый персонал всегда радостные и выполняют работу очень хорошо и быстро,5,
23,Руслан Карпов,2022-02-09 14:07:35,"Обычный банк, сотрудники компетентны не совсем, но очень стараются.",4,
24,Мария Кулакова,2021-04-25 09:34:44,"Низкие проценты на вклады. Берут комиссию при оплате услуг ЖКХ даже в он-лайне с карты Мир. Слишком много функций, несвойственных банку.",0,
25,AntoninaKot,2020-03-19 11:53:11,"Рядом с домом, комфортное понятное пространство. Всегда есть возможность спросить непонятное. Если начинается повышенный поток людей то работники справляются с этим быстро.",5,
26,356463 лебедев,2022-01-04 11:43:22,Еще бы круглосуточно работал то цены бы ему не было,3,
27,Екатерина Воронцова,2020-04-16 06:39:33,"Всегда вежливое обслуживание, все расскажут и покажут, молодцы",5,
28,Екатерина,2022-12-02 12:32:01,Хорошее место,5,
29,Дмитрий Е,2020-04-28 14:04:54,Девочки молодцы помогли обьяснить и оформить документы в особенности старшая над всеми.,5,
30,Bellka Kuzja,2020-02-09 04:14:43,"Всегда пользуюсь услугами этого отделения, так как рядом с домом. Меня все устраивает. Жаль, что не работает по субботам.",5,
31,Анастасия Шабанская,2021-09-15 14:30:09,"Нормально, на 3 звезды точно заслужил.",3,
32,Мария Фомичева,2021-11-14 11:55:26,Хороший коллектив,5,
33,Nikita Svyatov,2021-09-17 09:22:30,Место очень приятное,4,
34,Михаил Калинин,2021-05-13 09:31:15,Тесновато и многолюдно,3,
35,Татьяна Н,2021-05-01 03:37:20,Обычный филиал Сбербанка!,5,
36,Кристина Бойцова,2021-10-02 14:13:03,Всегда рядом,5,
37,Анастасия Г.,2020-03-10 14:33:59,"Приветливый персонал ,банкомат всегда полон",5,
38,ольга м.,2020-01-09 11:14:33,"Внимательный,грамотный персонал",5,
39,Оксана,2020-07-03 19:08:02,Близко от дома. Все как и в других отделениях.,5,
40,Артём М,2021-08-01 09:26:50,"Удобно,быстро.",5,
41,Юлия Щукина,2020-03-30 18:51:03,Быстрое обслуживание.,5,
42,Андрей Николаевич П.,2020-01-31 14:22:09,Быстрое обслуживание,5,
43,Евгений Микрюков,2021-04-25 12:56:50,Бывал!,2,
