,name,date,text,stars,answer
0,Сюрприз,2023-11-03 09:03:57,"Это отделение Сбербанка находиться в очень удачном местоположение. Так как мама у нас передвигается на инвалидной коляске , проходы и размер дверей подходит нам для передвижения ( хорошо что нет ступенек , в основном они везде на входе). Всегда чисто , работают вежливые работники.",5,
1,Лариса Андреева,2023-12-27 10:43:33,"Девчонки, вы супер. Вы, трудоголики. Народу всегда по завязку, но долго никогда не сидят. Справляются на раз, два. Ходила и буду только сюда ходить. И вам всем советую. С наступающем новым годом, добра, мира и уважения",5,
2,Игорь Янов,2023-08-16 23:30:17,Оперативное обслуживание.доходчиво и интересно объясняют все вопросы. Персонал всегда приветливый и дружелюбный. Очереди практически не бывает. Уютная атмосфера.,5,
3,ирина цебезова,2024-01-19 14:48:34,"Есть он и есть, а лучше и не было ,комиссии снимает со всего большие даже с карт пенсионеров,проценты на ипотеку высокие ,не нравится !",1,
4,Мария К.,2024-02-09 12:29:01,"Отличный офис, доброжелательные сотрудники, удобное время работы",5,
5,Дмитрий Кудреватых,2023-05-07 12:19:35,"Девочки умнички, очень компетентно решают и помогают решить вопросы. Единственное, что могло бы изменить в организации, это увеличить площадь и соответственно увеличить персонал обслуживания",5,
6,Боря Никитин,2024-01-04 13:01:44,Обращался пару раз впечатление как будто сотрудники до этого торговали белешами..,2,
7,Александр Волынский,2024-03-19 21:01:50,"Отзывчивый персонал, круглосуточные банкоматы",5,
8,Евгения Головина,2024-02-16 15:26:00,"Операторов много, а толку нет. Ну очень долго приходится ждать свой талон",4,
9,Иван Абраменко,2023-03-13 13:18:13,"В целом все хорошо , но есть там некая Михайлова Ирина Николаевна вот она очень неприветливая женщина , придирается ко всему ,если б не она то все 5 звезд этому офису Сбера",2,
10,Елена Марьина,2024-04-20 11:00:43,"Банк хороший, но страховая система сбербанка, сплошной обман людей.",4,
11,Evans,2022-07-30 10:47:23,"Отличное заведение, в целом как и сам банк. Плюсы этого отделения:
- Много банкоматов, 4 или 5 штук на всё заведение, очередей почти не бывает
- Отличный персонал, все делает быстро
- Ну и отдельный плюс это кондёр",5,
12,МИНА,2022-05-26 02:41:22,"Удобно, открыли большое отделение Сбербанка, обслуживание клиентов быстрое , талон взял и буквально через несколько минут вызывают ваш номер , банковские служащие все объяснят , помогут взять нужный талон , три современных банкомата, приятно посещать это отделение😊",5,
13,Наталья Б.,2022-11-12 12:38:17,"В целом все удобно, но звезду сняла за то,что в самом зале не было персонала чтобы уточнить вопрос. Пришлось брать несколько талонов и стоять очередь, чтобы получить ответ ""Да"" или ""Нет"".",4,
14,Мария Фомичева,2023-03-10 14:22:23,"Удобное расположение, большая парковка, профессиональный персонал. Рекомендую",5,
15,Александр,2023-10-06 12:00:56,"В принципе всегда всё быстро и вопросы в основном все решаемы. Сотрудники, правда, навязывают много лишней ерунды.",4,
16,Венсдей,2023-07-05 15:43:32,Хорошая обстановка тихо есть место для детей😁,5,
17,Алексей Владимирович,2022-11-18 14:21:41,"Электронная очередь - сильная вещь, персонал. Вежливый, заинтересованный. Обслуживание на высоте. Все",5,
18,Дарья Москвитина,2023-05-30 15:46:03,"В дни зп и пенсии, очень много народа скапливается в одном филиале,скорее бы заработал,на авиаторов.",4,
19,ovod 098,2021-09-25 14:56:50,Вежливый предупредительный персонал.Работают быстро и компетентно.Помещение просторное светлое и удобно оборудовано для ожидания оказания услуги.,5,
20,Антон Горшков,2023-06-14 12:11:58,"Банк как банк. Персонал приветлив, готов помочь. Всё в норме.",5,
21,Никита Тихонов,2024-04-17 17:33:06,самый лучший сбербанк,5,
22,Марина Хасанова,2023-12-22 16:01:22,внимательные сотрудники,5,
23,Виктория,2022-09-14 03:47:11,"Обслуживание понравилось, персонал хороший, расположение удобное",5,
24,оксана зелина,2022-12-23 14:57:41,"Некомпететные сотрудники! Перед тем как сделать всё правильно, довели бабушку до слез и сердечного приступа!!!",1,
25,Елена Любимова,2023-06-02 12:09:37,"Очень часто много народу,особенно,когда выдают пенсию.",4,
26,Владлен Крючков,2023-06-15 05:15:18,Часто не работают банкоматы. В 1 окошке злая и высокомерная сотрудница,4,
27,Мультимедиа,2021-08-26 14:51:41,"Всё очень удобно и персонал отзывчивый
Коллектив очень дружный и по этому приятно приходить за помощью да же не значительной",5,
28,Оксана Ветус,2023-04-16 02:11:20,Прекрасное обслуживание и компетентные сотрудники,5,
29,олеся л.,2022-01-28 19:40:44,"Все устраивает, все доступно и понятно рассказывают специалисты, звезду снимаю за очереди, большие очереди, но может это ни только у нас",4,
30,Ирина феоктистова,2023-03-17 03:04:41,"Быстро, четко, понятно. Так и должен работать банк.",5,
31,Саша Маркелов,2023-05-11 12:39:32,Очень удобное расположение,5,
32,Татьяна П.,2021-03-17 09:51:23,"Часто пользуюсь услугами этого отделения. Приятная атмосфера, доброжелательный персонал. Все вопросы решаются быстро.",5,
33,Антон Иванов,2023-06-08 13:53:21,Сбер вообше отстой. Слов нет...Отстой😛,1,
34,Екатерина Вишенка,2022-12-09 12:06:45,"Быстро принимают, по талонам отличный Сбербанк",5,
35,Бох,2021-09-01 11:43:24,"Навязывают свои услуги автоплатеж и тому подобное....... Зачем??? Если уже сказал, ч то не чего не нужно. А к пенсионерам прилипают, пока они не подключат.",4,
36,ирина метелкина,2022-09-13 12:21:24,Ужасный банк и его сотрудники ! Занимаются обманом клиентов,1,
37,Вера Пархоменко,2021-05-09 04:37:54,Отделение расположено в хорошем месте.персонал слажено работает.. мне нравиться.,5,
38,Константин С.Да.Долго думали,2022-09-18 11:03:54,Всё хорошо обслуживание и персонал относится к клиентом с пониманием.,5,
39,879244 Аверина,2021-11-05 12:42:27,Отлично! Рекомендую всё покажут и расскажут,5,
40,Андрей Андреев,2021-06-09 13:18:33,"Хороший интерьер, обслуживание и удобная зона с банкоматами",5,
41,LIV,2020-01-24 15:24:05,"Удобное расположение, хотя и большую часть вопросов сбербанк позволяет решать удаленно, через приложения или личный кабинет, иногда все же приходится идти в банк, это отделение всегда по пути",5,
42,Елена Захарова,2022-12-05 13:47:06,Просто всё супер!!!,5,
43,Света Р,2021-06-10 09:17:50,"Быстрое обслуживание. Много места.
Несколько банкоматов.",4,
44,Сергей Богачев,2023-01-25 12:46:10,Все устраивает,5,
45,Олег Мазиков,2021-09-28 15:27:27,Хороший офис был закрыт но снова открыли удобно,5,
46,Наталья Морозова,2022-12-07 17:42:13,Можно сходить,4,
47,парикмахерская елена,2021-01-16 23:03:29,все быстро и слаженно! без очередей и нервотрепки!,5,
48,Дмитрий,2020-03-12 16:13:57,Не так не давно открыли сбербанк в т.ц. Парус. Могу сказать это очень хорошо. Сотрудники банка есть. Банкомат есть. Это самое главное.,3,
49,Фолзир,2023-05-01 13:18:02,класс,5,
50,Нина П.,2020-02-28 13:20:30,"Нужно поменять консультантов,ходят как зомбированные,не всегда быстро обслуживают,хотя нет очереди...",4,
51,Юля Бочкарева,2021-05-07 09:10:29,"Рядом с домом,девочки все подскажут",5,
52,Юлия Р.,2021-08-04 14:05:23,Все хорошо организованно,5,
53,Ольга Коротаева,2022-08-18 12:06:48,Банк БОМБА,4,
54,Den Rikon,2021-09-06 14:12:25,"как не пришёл, никогда не работало",5,
55,Юлия Л,2020-01-14 05:17:55,"Народу много, а принимают не все сотрудники банка. Собираются очереди. Хоть и по талонам",3,
56,Алексей Киселев,2022-01-11 11:31:05,Обычный банк!,2,
57,Михаил Тарасов,2021-08-21 01:44:32,Вечные очереди.,2,
58,Игорь Логунов,2020-07-15 03:37:55,Культура и быстрое обслуживание.,5,
59,Владимир В.,2020-01-08 14:45:36,"Операторы вежливые,помогают в любой ситуации",5,
60,Анна,2020-05-28 16:18:31,Очень внимательный персонал,5,
61,Виталий,2021-11-10 13:12:10,Нормально,5,
62,Жанна К.,2020-01-13 12:50:02,Медленные специалисты. Очень медленные,1,
63,Сергей Маскаев,2020-01-16 16:46:56,Очередной банк для обмана населения.,3,
