,name,date,text,stars,answer
0,Ирина Очубаева,2024-01-11 13:26:23,"Обычный филиал от сбера.Выполняет все свои функции.Удобен тем,что находится на центральной улице и рядом с театром Драмы.",5,
1,Наталья Антонова,2023-03-26 18:58:23,"Молодцы. Персонал всегда вежливый. Всегда есть свободные консультанты,которые подскажут куда пройти ,как совершить операцию. В общем хорошее впечатление о филиале.",5,
2,Насиба Умурзаковна,2023-11-02 01:00:24,"Мне нравиться там персонал, они очень вежливо относится каждому клиенту и ещё там всегда чистота, не смотря любую погоду",5,
3,Eлена Безер,2023-09-14 11:41:08,"Чисто,но работает один или два менеджера, ожидание удобное но жалко тратить время в пустую, часто слышно как другие менеджеры громко чаевничают,а люди ждут",3,
4,павел баженов,2024-01-16 13:10:58,Вежливое и внимательное отношение к вкладчикам. Спасибо.,4,
5,lampochko,2022-08-01 04:54:51,"""родной"" филиал, обращаюсь практически всегда в него, прекрасный коллектив, жалко только, что перестал работать в субботу",5,
6,оксана,2023-03-11 10:17:52,"Очень рада, что открыли офис Сбербанка в этом месте, т. к. не было поблизости вообще.",5,
7,Кристина К.,2023-06-30 05:13:01,"Уютно, очень вежливый персонал.",5,
8,Тамара Баранова,2021-11-09 05:45:27,"Лучшие специалисты в городе. До этого заходила в два других сбербанках с целью уменьшения сроков выплаты кредита, не в одном не дали вразумительного ответа. В этом банке милейшая женщина менеджер по обслуживанию Татьяна Викторовна Сибилева решила мой вопрос за две минуты. Огромное спасибо.",5,
9,Марина Рыбакова,2021-09-22 00:33:26,"Всегда пользуюсь услугами этого филиала. Девочки, вежливы, внимательны, доброжелательны. На все вопросы получаю ответ. Успехов вам в работе!",5,
10,Ирина У.,2021-04-12 17:42:40,"Хорошее обслуживание , очень доброжелательный персонал, всё объяснят, расскажут и покажут, разберуться с любой проблемой",5,
11,Denis M.,2022-11-16 13:16:56,"Хороший банк тем, что хорошие работники, но порой навязывают карты кредитные, не спешите.",4,
12,Ирина Черникова,2022-06-06 13:24:07,"Отличное обслуживание, компетентный персонал",5,
13,Наталья Морозова,2022-12-07 17:31:07,"Очень медленно работают, большая очередь.",1,
14,Евгения Зотова,2023-01-04 13:07:50,Отличное обслуживание!,5,
15,Екатерина Усова,2022-06-14 13:33:04,Банкомат после закрытая никогда не работает,2,
16,Vlad900000,2023-06-14 14:11:52,Дорого,1,
17,Arkady Traumov,2021-08-29 13:14:13,"Отличное место, удобное расположение",5,
18,Нюта Чистякова,2022-02-02 17:57:08,Убрали уличный банкомат (((,1,
19,Ирина Давыдик,2021-01-17 00:10:51,"Близко к моему дому, хорошее обслуживание",5,
20,Евгения Алдакишкина,2020-03-14 04:43:52,"Хороший коллектив, внимательный, разьесняет всё, что не понятно",5,
21,Алексей Горбанович,2020-04-23 13:39:37,"Доброжелательный персонал, всегда готовы помочь",5,
22,Владимир,2019-11-12 15:51:37,"Уютно, просторно.... но иногда приходится долго ждать...",4,
23,andreykaaa,2018-03-21 05:35:56,"Банкомат выдает ошибку в 85% случаев при попытке зачислить остаток средств от внесения за коммуналку на счёт телефона. За 12 попыток только 2 увенчались успехом. Суммы по 80-100 рублей постоянно теряются, а на чеке печатается, что ""операция отменена пользователем"". Типа сам дурак.",1,
24,строитель,2022-05-12 15:14:00,Отлично,5,
25,Артур Плетнёв,2021-08-22 04:55:19,Сбер он и есть Сбер.,4,
26,Гоша,2021-09-14 00:43:12,Хорошее обслуживарие,5,
27,Светлана Б.,2020-03-25 12:45:25,"Хороший сбер, иногда в банкомыт сюда зохожу",5,
28,Марина,2020-01-15 07:41:05,"Молодые сотрудники , долгое обслуживание из за их незнания.",1,
29,Ирина М.,2019-12-07 12:57:59,"Хорошее отделение, очень участный персонал",5,
30,Надежда Г.,2019-12-24 14:35:47,Быстрое и хорошее обслуживание.,5,
31,Павел Попов,2019-12-03 06:06:39,Втуличном банкомат не работает функция NFC,2,
32,Лариса Мариенко,2020-01-31 15:26:35,Очередь по талонам. Зал небольшой.,4,
33,Лидия Миронова,2020-01-06 16:47:01,"как не зайду, всегда очередь",4,
34,Александр Генш,2020-01-28 11:52:17,Быстрое обслуживание,5,
35,Ольга Полякова,2019-11-22 23:39:24,Отличный коллектив,5,
36,Константин,2018-04-17 05:30:04,Перевёл в Яндекс деньги 500р. С карточки сбера слетело на 116р больше.,1,
37,Артем,2019-08-26 03:28:48,Ничем не отличается от всех остальных отделений банка,4,
38,владислав струков,2018-04-11 10:07:42,все идеально,5,
