,name,date,text,stars,answer
0,Лия Иванова,2023-11-04 21:59:57,"После ремонта,стало уютно, обслуживание быстрое, всё подскажут и помогут",5,
1,Ируся 0806,2023-12-14 12:42:38,Все нравится. Девочки все расскажут и помогут!! Отношение отличное!!,5,
2,Элина Озокеева,2023-07-19 12:16:00,"Мне нравится. Оцениваю на 4🌟 персонал добрый, хороший, отношение к клиенту удовлетворенное, персонал средний, время ожидания слегка большое, банкомат средний",4,
3,Владимир Т.,2022-11-09 15:12:58,"Жаль, что убавили в Сбере количество банкоматов. Год - полтора назад были банкоматы, работающие только на приём платежей и переводов (наличные не выдавали). Удобно было оплачивать. За спиной не стояли те, кому нужны наличные. 
 Очень неприятно такое обслуживание. Банкиры за счёт уменьшения количества банкоматов, реализуют свои желания, не считаясь с клиентами. 
 Стремление ЦБ понятно : ""безнал"", ""онлайн платежи"", однако народ понимать нужно. Территория России огромная, в сельской местности по техническим причинам ""безнал"" невозможен. Поэтому ""4"". 
 Персоналу Сбера, Обнорского 22А, всех благ и здравияб",4,
4,Павел Нештуков,2023-01-08 16:30:25,"Сбербанк находится в хорошем месте, круглосуточно работают банкоматы, в рабочии дни недели прийдя в банк тебя обязательно примет специалист по талону ,очень удобно, приятная атмосфера и коллектив банка! Советую этот банк!!!",5,
5,Инкогнито 2940,2023-06-30 03:19:38,Очень большое скопление нарда. Как я поняла. Что в старо Кузнецке это один банк на все случаи жизни. Персонал при этом вежливый. Отзывчивый.,4,
6,Василий Пупкин,2023-10-27 12:01:49,"Не смотря на вежливый персонал сбер банк Самый конченый банк в нашей стране, который начисляет бешенные проценты по выданным кредитам",1,
7,Борис К.,2023-10-15 10:58:59,"Хороший персонал, удобное расположение, много банкоматов.",5,
8,Елена Долженкова,2024-02-18 09:01:34,"Удобно, что рядом и не всегда очереди",3,
9,Алексей Александрович Алмазов,2024-04-25 10:06:49,"Частенько пользуюсь услугами этого офиса. Персонал молодцы все расскажут покажут, помогут.",5,
10,Наталья Аксёнова,2022-06-13 12:53:32,"Постоянно внутри банка, где находятся банкоматы, тусуются разные личности. И это называется ""приличное заведение""?! Сдела замечание менеджерам, мне ответили: Ну а что мы можем сделать? Отличный ответ! Почему в других банках такого нет?! И как работает служба безопасности!
Работа операторов на отлично, своё дело знают! Но вот этот момент просто 'убивает'! Нет желания там бывать. Сейчас перехожу на Альфа банк. Надоел этот бардак.",1,
11,НАТАЛИ,2021-08-26 12:13:44,"Не особо много народа в залах обслуживания, очереди почти нет. Персонал внимательный, вопросы клиентов решаются быстро, в наилучшем для них варианте. 
Сотрудники банка по всем вопросам дают исчерпывающую информацию - это платежи, вклады, карты, ипотека, международные переводы, льготы и выгоды предложений по банковским продуктам. 
Советую!!",5,
12,Максим Отрубейников,2022-12-19 18:35:47,"Очень всё удобно и окон много. В принципе всё быстро, но бывают очереди приличные.",4,
13,Александр Пьянков,2022-08-03 13:18:52,Я являюсь клиентом данного отделения сбербанка длительное время. С 19 года обслуживание в данном отделении падает .Сроки ожидания в очереди выросли в геометрической прогрессии.Управляющий в банке не работает. Отсутствует рука руководителя.,2,
14,По теме Родионофф,2022-08-08 16:16:06,"Сотрудники банка некультурные , хамят , большие очереди . Вцелом это проблема всего Сбера ,плохое обслуживание, долго делают карты. Такое чувств будто в Сбере нет корпаротивной этики . Все отделения не равняю под один банк . Есть хорошие !",1,
15,Федор Демьянов,2023-03-24 12:56:58,"отличного очень даже открыт круглосуточно, но только прихожая деньги на инет хоть ночью скинуть можно",5,
16,Салимхан,2023-08-11 13:36:51,Сотрудник - это Сбербанк три раза ошиблись на моём документе и мои документы стали просроченными,1,
17,Борис Карпов,2022-05-13 23:16:46,"Удобно, рядом с домом, большое количество банкоматов, отзывчивые сотрудники и место сбора лихой молодёжи в холодное время.",5,
18,Александр Попов,2023-09-08 02:54:55,Я понимаю технологии развиваются. Но в ночное время наличные не где снять.,3,
19,Евгений С,2023-06-28 15:06:11,"Обслуживание отличное.
Отношение к клиентам уважительное",5,
20,Алексей Андреевич Хуторской,2023-07-20 13:55:36,всегда там норм народу многовато правда,5,
21,Сергей Бектемиров,2022-10-16 13:42:12,Неплохое расположение. Удобно маломабильным есть пандус,5,
22,Юлия Карпова,2022-07-10 13:42:27,Любимое отделение сбербанка. Очень приветливые и вежливые работники.,5,
23,Анастасия Яковенко,2023-08-18 02:36:03,Сбербанк хороший сотрудники вежливые,4,
24,Натали Х.,2021-10-12 00:43:52,"Мое любимое отделение, всегда все вежливые, очереди бывают , но не критично! Есть место для деток, пока родители оплачивают, дети рисуют. Всегда при необходимости подскажут и проконсультируют, за что огромное спасибо!",5,
25,Филипп Федотов,2021-07-30 02:27:59,"Удобное местоположение. Сотрудники на подхвате, чтобы помочь по любому вопросу. Очередь по талону, где работает подавляющее БОЛЬШИНСТВО касс - несомненно (+)",5,
26,Алексей Полунин,2021-12-01 15:07:08,"Хорошее отделение сбера, сотрудники отзывчивые, всегда помогут по любому вопросу. Рекомендую!",5,
27,Соколов Борисович,2022-04-23 13:18:24,Обслуживание очень хорошее отношение к клиентам отличное всё доступно объясняет персонал большое спасибо всем,5,
28,Валентина Широких,2021-11-06 18:16:00,"Работники банка грамотные но на лице недовольство не рады видеть клиентов. Внутри здания чисто,и присесть есть где. Не всегда дают верную информацию.",4,
29,Татьяна К.,2023-06-30 12:36:43,Быстрое вежливое обслуживание,5,
30,Олеся Отрубейникова,2020-07-30 05:06:19,"Этот филиал банка - самый лучший!!!!! Очень отзывчивые и, самое главное, профессиональные консультанты! Никогда не оставят без внимания! Бывают очереди, но стараются как можно быстрее всех обслужить!",5,
31,Даниил Иваеов,2022-09-17 13:35:38,Всегда можно снять наличку и прочее спасибо за хорошее обслуживание,5,
32,С073тш,2024-01-17 06:36:24,Всё отлично,5,
33,Руслан Коноплев,2023-07-07 13:08:22,Рядом и удобно все окей,5,
34,Доктор,2023-08-21 06:20:44,Всё на высоте. Нет замечаний.,5,
35,Екатерина Аристархова,2022-02-21 15:25:07,"Большой зал, удобные места, всё делают быстро и профессионально..",5,
36,Надежда Вострецова,2022-09-14 19:21:18,"Это тоже для моей семь важный и нужный объект, часто пользуемся услугами этого банка.",5,
37,Елена Одегова,2023-08-07 12:50:01,"Быстро, качественно",5,
38,Юсуф Ахмедов,2023-06-01 06:30:13,Сразу навязывают свою кредитную карту .,2,
39,артем иванов,2021-08-16 12:20:06,Быстрое обслуживание.Вежливое обращение.Подскажут как лутше сделать.Все отлично.,5,
40,мария владимировна,2021-12-16 12:50:12,"Самый лучший филиал. Девочки молодцы, работают очень хорошо, руководитель от Бога!!!!",5,
41,Сергей Тибуков,2022-12-12 14:07:05,Вежливо. Быстро. Качественно.,5,
42,Adolf List,2023-09-11 11:53:43,Вежливый персонал,5,
43,Шведов Владислав,2022-07-13 09:12:28,Отличная работа сотрудников. Хорошее отношение к людям,5,
44,елизавета кузнецова,2022-08-22 14:20:10,Быстрое и качественное обслуживание клиентов.,5,
45,Данепреблагорассмотрительствующийся,2021-08-09 17:11:35,Ужасное заведение! Масочный режим не соблюдается посетителями! Персонал часто допускает ошибки при обслуживании клиентов! На улице вечно кто-то курит прямо у входа!,1,
46,Диман Б.,2021-03-15 16:59:43,Я обращаюсь туда часто я щитай постоянный клиент хорошо обесьняют и все внимательно обесьняют и рассказывают обо всем,5,
47,Сергей Коновалов,2023-06-16 17:45:17,На всех не угодить.,4,
48,spikasibirskaya1709,2019-08-27 15:19:19,"Удачное расположение отделения и удобный график работы. Вежливый, предупредительный и чётко работающий персонал. Достаточное количество банкоматов для клиентов.",5,
49,Наталия Юрьева,2021-08-21 10:47:15,"Всегда обращаюсь в этот филиал, потому что здесь работает самый лучший консультант.",5,
50,Мария С.,2020-03-11 17:32:38,"Отличное обслуживание. Слаженая работа коллектива. Всегда внимательный персонал, очереди практически никогда нет. Молодцы.",5,
51,Любовь Севрук,2022-01-16 11:49:23,Так все нормально но единственно бывает что долго ждём своей очереди !,5,
52,Ирина,2021-12-25 08:37:56,"Вежливые работники,есть есть вопросы всегда помогут",5,
53,Наталья Миронова,2021-05-22 11:51:16,"При простом обращение - выпуск карты, постоянно навязывают платные услуги - страховка имущества и здоровья, кредитки.",3,
54,Константин,2021-09-18 14:07:58,"Филиал Сбера, не хороший, не плохой, он просто есть, удобно!",4,
55,юрий иванов,2022-06-28 11:04:24,Сбербанк как Сбербанк всё хорошо,5,
56,Linux .,2023-08-11 12:23:07,Нормально.,5,
57,Дмитрий Чернов,2019-10-16 14:04:59,"Вежливый , грамотный персонал . На входе встречают , помогают определится с потребностями . Очередь минимальная ... Работают быстро .",5,
58,Павел Ковалев,2022-08-17 03:20:45,Доступно и объективно,5,
59,Илья Тапоков,2021-07-11 16:18:00,Хорошего много чего персонала добрый быстрый,4,
60,Константин Попов,2020-07-09 16:02:28,"Круто. В этом банке работала толстая девушка, которая с карт у населения незаконно снимала деньги и отправляла мошенникам. А так всё нормально. Все магазины рядом с банком.",5,
61,Наталья Четверикова,2022-01-11 11:25:05,"Сбербанк,как сбербанк!У банкоматов-грязищеее!",4,
62,Анна Монахова,2020-06-29 16:33:08,Сотрудники банка ценят время клиентов и всегда стараются быстро и квалифицированно ответить на все вопросы. Очередей почти не бывает.,5,
63,Ее Ее,2020-07-02 13:42:41,"Удобный график работы, быстро обслуживают, всегда приветливые и добродушны",5,
64,Ольга В.,2021-11-25 15:42:28,"Учень удобно, рядом с домом.",5,
65,Sergio,2021-05-26 02:43:57,Парковка на обочине. Можно было бы и заасфальтировать метра 3 обочины дороги.,4,
66,Анна Карпова,2020-09-19 00:23:01,"Операторы,обходительные,но,некоторые,тупят,не,понимают,что,у,них,просят,даеш,одни,показания,счётчика,проверяешь-другое.",2,
67,Сергей Пучнин,2021-09-27 14:03:36,Самый большой плюс деньги можно снять в любое время,5,
68,Мария Искакова,2021-10-31 08:42:00,Быстро и компетентно обслуживают,5,
69,Иван Вдовин,2021-05-16 15:01:56,Очень много банкоматов. Есть зона 24/7,5,
70,Наталья Зюлина,2020-02-19 06:26:07,"Обслуживание хорошее. Вот с графиком работы, можно и до 20.00. Не все успевают. Многие работают до 19.00",1,
71,виктор морнев,2021-11-02 15:01:37,Всегда ответят и помогут решить вопрос.,5,
72,Алина,2020-03-07 02:09:32,"Нормальное отделение Сбербанка. Девчонки стараются, само помещение маленькое и душноватое.",4,
73,nargis иcломбекова,2022-11-12 16:17:55,Расположение,5,
74,426049 Гаврилюк,2020-04-02 04:57:24,"Хороший приветливый персонал, девчата все объяснят и покажут.",5,
75,Евгеньевна,2020-06-20 21:36:27,"Удобно, что отделение с банкоматами работает круглосуточно",5,
76,Ольга лебединская,2020-02-01 11:38:35,"Всегда бывают, все устраивает, быстро, вежливо, без очередей",5,
77,Natalia Pivovarova,2021-06-18 13:19:50,"Небольшие очереди, быстрый сервис",5,
78,Наталья Панкратьева,2022-06-19 13:07:52,"Хороший банк,",5,
79,Сергей Чепкасов,2019-09-04 00:51:09,Рядовое отделение сбербанка. Четко оперативно и быстро. Помещение тесное.,4,
80,Ок,2020-01-17 07:04:14,В целом все устраивает!!! В очереди долго не сидишь обычно. А это в наше время очень радует,4,
81,Владимир Романенко,2022-01-22 00:41:56,Всегда помогают,5,
82,Оксана П.,2021-04-06 09:58:18,Сервисы Сбербанка везде хорошие,5,
83,Вера Ф.,2021-08-24 01:24:39,Удобное расположение.,5,
84,Ольга,2020-02-07 15:09:01,"Убрали парковку рядом с отделением, не стала туда ездить и сейчас рядом там постоянно заторы",2,
85,Ольга,2021-02-28 07:22:32,Как и все отделения сбера отличны,5,
86,Антон,2022-07-17 02:01:43,Удобно,5,
87,Ванесса Ванесса,2020-09-13 02:17:19,"Прекрасное обслуживание, помощь клиентам в их вопросах!",5,
88,Елена Фомина,2020-01-08 14:34:16,"Спасибо за квалифицированную работу!
Все вопросы решались.",5,
89,Катерина Кислина,2020-12-08 23:19:25,Отличное место. Здесь дают денежки. 😷😁,5,
90,Светлана А,2019-08-02 16:35:18,"Иногда в пенсионные дни скапливается очень много посетителей, это очень не удобно!",4,
91,Денис Дуров,2021-11-10 02:01:47,Хорошо работает,5,
92,Мария Речкина,2020-04-14 03:42:27,"Вежливый персонал, быстрое обслуживание",5,
93,наталья,2020-04-22 01:44:39,"чисто,просторно,вежливый персонал",5,
94,Igor Zenkov,2020-03-28 17:12:15,"Нет парковки, чтобы можно было не съезжая с главной во дворы, оставить а/м.",3,
95,Елена Рузибаева,2020-02-27 02:50:42,Вежливый персонал и быстрота обслуживания!,5,
96,Сергей,2020-03-06 13:16:01,"Народу много всегда,и вообще сбер не нравится.",2,
97,Наталья Карпач,2020-01-20 13:32:37,Быстрое и качественное обслуживание клиентов.,5,
98,Валентин Белосохов,2020-01-08 07:06:35,"Маленькое по площади помешение,а остальное всё замечательно.",4,
99,Игорь Ушаков,2019-11-30 12:50:42,Отличныи банк все на вышем уровне хороший персонал,5,
100,Елена Анатольевна,2020-09-25 14:56:41,"Нравится, то, что банкоматов много и молодёжи дают работать",5,
101,Алекс Вшивков,2020-02-07 14:48:45,"Жаль банкоматы не круглосуточные , тамбур весьма мал.",3,
102,Николай Мищенко,2019-10-30 05:17:20,Грамотные сотрудники и хорошие обслуживание,5,
103,Татьяна Руппель,2020-05-08 10:36:54,"Хороший филиал, компетентные сотрудники",5,
104,Марина Дворникова,2020-02-26 06:45:46,В холле где стоят банкоматы запах отвратительный бардак,4,
105,Анастасия Жерноклеева,2020-08-04 07:14:30,Быстро и вежлево обслуживают,5,
106,ираида лапина,2020-10-24 13:00:18,Нет парковки и это Очень плохо,3,
107,Владислав,2020-09-27 13:51:47,Давно не посещал это отделение.,3,
108,Исроилов Алишер,2022-02-04 08:22:01,Класс,5,
109,Алексей ГАЗ,2019-09-10 07:53:20,"Всё удобно, отзывчивые сотрудники.",5,
110,Денис Бородин,2019-11-26 07:35:02,Быстро обслуживают даже при большом количестве людей,5,
111,Максим Боцман,2020-04-30 00:21:31,"Банкоматов много, очереди меньше",4,
112,Сергей Никитин,2020-03-28 16:44:22,Круглосуточно работают бнкоматы,5,
113,Арина,2020-08-04 16:23:06,Работа отделения на уровне,5,
114,Иваныч42,2019-08-09 06:08:17,"Удобно, качественно, быстро.",5,
115,бинямин а.,2020-06-08 11:35:51,Самое грубые и неграмотные !!,3,
116,Юсуф Ахмедов,2021-09-11 14:14:01,Все ок,5,
117,Евгений,2018-02-03 06:00:26,Всё нравится.Обслуживание прекрасное.. спасибо всем работникам сбербанка.,5,
118,Екатерина Шикунова,2021-10-04 07:44:02,Класс,5,
119,Алеся А.,2020-02-12 18:17:05,Огромная Благодарность.Коллективу.,5,
120,Анастасия Белоедова,2019-09-12 06:00:23,Отделения Сбербанка все хороши!,4,
121,Людмила Лапшина,2020-06-29 08:27:17,Отличное обслуживание,5,
122,Егор Конев,2020-10-04 18:07:27,рядом удобно,5,
123,Руслан Власов,2019-12-11 08:18:48,Хороший подход к клиентам.,4,
124,Константин Архипов,2019-08-08 02:18:28,Качество обслуживание отличное,5,
125,Анна Владимировна,2020-03-06 18:24:01,После ремонта стало тесно.,4,
126,Мадина Ассоева,2020-05-24 08:46:37,Быстрое решение,4,
127,Сергей Сашнин,2020-05-25 12:42:41,Обычный сбербанк,5,
128,татьяна старовойт,2020-11-20 14:13:34,Все отлично,5,
129,Сергей Куцый,2020-02-11 10:21:27,Банк высокой культуры,5,
130,Арина,2020-06-04 20:51:57,"от дома далеко идти ,много народу",2,
131,Алексей Сибгатуллин,2019-12-21 03:20:38,Вежливое обслуживание,5,
132,prosekov-evgenij,2020-02-08 16:36:11,Самый основной банк,2,
133,ираида лапина,2019-08-18 13:48:57,Нет парковки из машины прямо в лужу,1,
134,Иван,2018-06-10 11:57:30,"Денег нет, бываю там редко, но в целом круто.",4,
135,Горюнова Н.,2019-11-04 03:32:14,Быстрое обслуживание,5,
136,Оксана Г.,2019-11-08 16:48:30,Самый лучший филиал,5,
137,Ирина Михайловна,2021-01-27 22:07:45,Суперский,5,
138,Татьяна Носкова,2019-08-03 02:55:15,Решают все проблемы,5,
139,Столивар Грим,2020-01-04 00:45:34,Хорошая работа,5,
140,Владимир танков,2019-11-02 14:56:24,Хлеб прелестный,5,
141,Игорь Тищенко,2019-12-22 14:37:43,всё как надо,5,
142,Сергей Захаров,2019-05-02 08:43:47,Хорошее обслуживание!,5,
143,алексей мусохранов,2018-05-04 06:07:27,Бысто и удобно,5,
