,name,date,text,stars,answer
0,Диана Коновальчук,2024-03-20 15:09:04,"Устраивает данное отделение по всем пунктам. Вежливый персонал, внутри всегда убрано и порядок. Можно смело приходить, помогут даже с самыми сложными вопросами)",5,
1,kseniya21ru,2024-02-22 12:18:53,"Не нравится новый офис, всё открыто, никакой уединённости, сидишь за столиками, вокруг еще такие же посетители с менеджерами, ощущение, как на улице, а не в банке, за окном люди ходят... Обслуживают быстро, если это не вечер, бывают очереди, конечно. Ну а персоналу, как обычно, нужно навязать как можно больше разных услуг. Обязательно впихивают карты разные.",3,"Здравствуйте, Ксения.

Жаль, что сложилось такое мнение. Мы хотели выйти за рамки привычного отделения и старались сделать офис уютнее и комфортнее для наших клиентов. Можем предложить выгодный продукт, но оформить его или нет — решать только вам."
2,Раннева Наталья,2023-03-28 12:23:35,"Вежливый персонал, чисто всегда и красиво. Встретят объяснят подробно, если что не понятно помогут и проводят. Всегда улыбаются, приятно там находится. Даже кредит хочется взять, просто чтоб был.",5,
3,софия галий,2023-09-28 09:19:53,"Оформление кредита проходит оперативно, без лишних задержек и проблем. Процентные ставки меня устраивают, а качество обслуживания всегда на высоком уровне. Здесь всегда можно решить любой вопрос.",5,
4,Владимир,2023-04-16 03:48:17,"Очень удобный поосторный и современный офис. Сидишь в креслах, за столиками как в кафе. Никаких тебе привысных компьютеров как раньше. Современый офис. Предложили чай, кофе. Все объяснили, доврльно таки вежливый персонал. Очередной нет. Да ще можно сделать предварительную запись через приложение. Альфа банк- баено тового уровня (70 lvl)",5,
5,Роман Иванов,2023-08-01 13:57:42,"Отличное отделение. Классно построин концепт банка и обслуживание. Всем советую посетить данный офис, если вам нужен альфа банк. Сотрудники очень приветливые.",5,
6,Екатерина Павлова,2023-05-05 20:51:44,"Очень понравилось, отделение новое очень стильно уютно, необычный дизайн, всё сотрудники банка вежливы , приветливы ...с удовольствием приеду ещё раз!",5,
7,Наташа С.,2023-11-30 18:16:58,"На сайте банка есть не только банковские продукты, но и полезные статьи. Изучив информацию о регистрации самозанятого, я решила открыть его через Альфа-банк, получив отличную консультацию.",5,
8,Татьяна Якушина,2024-04-11 13:17:45,"Здесь есть всё, что нужно: банкоматы, комната для переговоров, уютный зал ожидания. Персонал очень дружелюбный, а удобные сиденья делают посещение банка приятным. Очередей почти нет.",5,
9,Ирина333,2024-02-18 18:25:51,"Обслуживание всё так же, на высшем уровне, чёткие и понятные ответы даже для неопытных клиентов.
Благодарю за качественный сервис?",5,
10,Матвей Кучерявый,2023-08-29 16:49:39,"Регулярно бываю в отделении Альфа Банка, поэтому хорошо знаком с каждым сотрудником. Мои счета, вклады – всегда на контроле. Менеджеры всегда встречают с улыбкой и готовы помочь в любых вопросах.",5,
11,Ольга Черноокая,2023-06-12 16:45:37,"Приятно, когда персонал грамотно и дружелюбно рассказывает о различных продуктах банка, не вызывая негативных эмоций. Эксперты- настоящие профессионалы.",5,
12,Алексеева Мария,2023-11-11 17:59:05,"Очень приятно в офисе, а самое главное быстро и приятно обслужили",5,
13,Egor Svb,2024-01-13 10:01:53,"Сотрудники здесь вежливы, и за годы обслуживания я обращался к ним неоднократно. Новый формат отделений и современная офисная техника создают комфортное впечатление.",5,
14,Алия Туктагулова,2024-02-15 05:40:02,"Я регулярно посещаю этот офис и каждый раз ухожу оттуда довольной. Сотрудники знают свою работу, оперативно решают проблемы и всегда готовы помочь. Рекомендую этот банк всем.",5,
15,Евгения Алякина,2023-04-11 06:53:54,"Очень вежливый персонал,объясняют все четко и ясно,сразу же дали номер для очереди,не пришлось ждать консультанта и минуты,подошла сразу,молодцы,так держать!Только процветания вам!",5,
16,Кристина Козлова,2023-05-21 14:09:38,"Я неоднократно посещала этот офис Альфа - банка в моем районе, и каждый раз получала отличное обслуживание. Интернет-банк очень удобный, а персонал всегда отзывчивый и готов помочь с любыми вопросами. Последний раз я обратилась за ипотечным кредитом, и менеджеры помогли мне выбрать лучший вариант и оформить все необходимые документы. Большое спасибо за прекрасный сервис.",5,
17,Эдуард Кузьмин,2023-04-08 03:15:54,"Отличный, новый офис! Прекрасный банкомат! Всё чисто и современно! Приятный персонал! Находится в доступном месте.",5,
18,Вадим И.,2022-10-31 13:59:43,"Сегодня приходил в новое отделение Альфа банка в Новочебоксарске. Очень положительные эмоции от посещения: грамотные, вежливые, красивые и просто приятные в общении сотрудники. Всё прекрасно объяснили, помогли решить мой вопрос и поделились информацией об интересных акциях. Большое им спасибо!",5,
19,Виктория З.,2023-05-05 10:41:24,"Я давно клиентка банка. Недавно возникла потребность в кредите. В Альфа-банке меня приятно удивили условия. Кредиты я ранее не брала вообще. Но легко и спокойно сейчас выплачиваю свой кредит, ежемесячная оплата невысокая. Все комфортно.",5,
20,Айше Эмиралиева,2024-04-02 20:18:47,"Меня очень раздражает хамство, но в Альфа-банке такого не встречала. Иногда приложение работает медленно, но это редкость. Здесь всегда все делается быстро, и карту можно пополнить моментально.",5,
21,Ирина Шибанова,2023-08-16 09:15:28,"Супер обслуживание в Новочебоксарске, отличная команда, не надо ждать долго, все оперативно",5,
22,Владимир Кушков,2023-04-08 08:08:31,"Новое отделение, приятно находиться. Очень быстрое обслуживание, вежливый персонал. А самое главное никаких очередей и никакого ожидания!",5,
23,Кристина Самсонова,2023-03-02 20:06:09,"Первый раз обратилась в банк в 2011 году. В тот момент я и не знала о его существовании. Подруга взяла кредит на ремонт, и ей помогли с оформлением кредита в банке, после этого сюда обратилась и я. С тех пор лояный клиент)",5,
24,Алёна,2024-04-20 14:06:05,В этом офисе всегда быстрое и грамотное обслуживание.,5,
25,Руслан Горшков,2024-04-05 11:25:56,Все хорошо но еще бы в Мариинском Посаде открыли было бы еще лучше.,5,
26,ЭКСПЕРТ ПО ЗАНАЧКАМ И ЗАПАСАМИ СРЕДСТВ,2023-11-27 05:58:29,адекватный персонал источник информации по сути и структуре личности к каждому клиенту.,5,
27,Катерина П.,2024-03-26 14:05:20,"Персонал очень вежлив и оперативен. Удобные часы работы. Часто посещаю, всегда довольна обслуживанием.",5,
28,Нелли П.,2024-02-23 17:37:24,"Я брала здесь кредит наличными ранее, и сейчас понадобился еще один - его выдали без проблем. Даже несмотря на то, что обычно разрешают оформлять не более двух кредитов. В этот раз получила второй без вопросов.",5,
29,андрей иванов,2023-12-01 12:13:23,Отлично е месторасположение. Очень удобно,5,
30,Анна Ш.,2023-10-09 09:24:11,"Мы посещаем филиал Альфа-банка уже третий год, и всё это время предпочитаем обслуживаться именно здесь. Ранее мы сотрудничали с другими отделением, но после переезда решили не менять банк, а просто сменить филиал. И это оказалось правильным решением! Здесь работает отличный персонал, всегда дружелюбные сотрудники, обслуживание быстрое и без лишних очередей.",5,
31,Лариса Иванова,2023-10-16 05:05:11,"Отделение этого банка просто отличное. Весь персонал приветлив и всегда предоставляет качественные и исчерпывающие консультации. Все операции проводятся своевременно, и никто не тратит излишне много времени в очередях.",5,
32,Олег,2024-01-16 15:44:56,"Открывал вклад. Менеджер оперативно провела всю работу по оформлению, помогла выбрать виды вкладов с хорошей ставкой годовых.",5,
33,Анна Щ.,2023-11-15 13:00:36,"Работают очень оперативно и вежливо.Пришла за наличными, помогли воспользоваться банкоматом ,все прошло быстро.",5,
34,екатерина демченко,2023-03-25 12:34:24,"И обслуживание, и сервис на высоте. Пользуюсь дебетовой картой Альфы уже 2 года. Никогда не подводил банк. Никаких проблем с обслуживанием не возникало. Очень благодарна банку за сервис и отношение к клиентам.",5,
35,Алина Муллабаева,2024-03-08 17:44:42,"Это одно из лучших отделений Альфа-банка с дружелюбным персоналом. Рекомендую, если хотите приятно оформить банковские услуги.",5,
36,Юлия Калиниченко,2023-04-30 22:11:01,"Брала кредит для своего бизнеса. Отличные условия! Оформляла заявочку на сайте онлайн. Одобрили нужную мне сумму оперативно) Спасибо, дорогой банк!",5,
37,mildudkina,2023-07-30 07:27:55,"Обслуживание в этом отделении - пример чёткости, понятности и качества. Я уже год пользуюсь его услугами, и могу сказать, что я в восторге от них.",5,
38,Руслана Сергеевна,2023-04-23 13:18:37,"Понравилось обслуживание и профессионализм сотрудников. Все быстро, четко, вежливо. И очень приветливо! Я так поняла, что это очень важно для многих клиентов.",5,
39,Андрей Федоров,2023-07-28 19:03:59,"Много пафоса , но попахивает деревней . 
Персонал — такой же .
Типа девочки Лакшери …
Но с грязью под ногтями
Смешные … но важные … в образе .
Если не здесь — то кассиршами в Пятёру или Бристоль",1,
40,Данэль Авалян,2023-05-08 12:24:49,"К клиентам отношение достойное и уважительное. Приятные акции, новинки. Меня все устраивает на все 100",5,
41,Анар Мамедов,2023-07-11 16:19:58,Решил оформить кредит наличными в Альфа-банке. Все прошло гладко и оперативно. Персонал помог с выбором и оформил необходимые документы. Офис чистый и удобный.,5,
42,Татьяна Мартынова,2023-12-18 04:00:12,"Операционисты приветливые и отзывчивые. Работа банка без нареканий. Использую услуги банка для оплаты коммунальных услуг через терминал, это большой плюс.",5,
43,Яяя,2023-08-19 13:34:48,"Сейчас август. Весной приходил закрыть счет. Якобы всё оформили, выдали распечатку, а сейчас узнаю, что счет не закрыт. Теперь проблемы. Отвратительно показали своё отношение к работе.",1,
44,Татьяна Зиннер,2024-03-30 20:45:58,Получаю стабильный кэшбэк по дебетовой карте и оформила накопительный счёт. В отделении всегда приятная атмосфера!),5,
45,Настя Гаврилова,2023-04-19 13:23:10,"Заходила недавно, была приятно удивлена быстрым и эффективным обслуживанием в этом отделении банка.Операции проводились мгновенно, а персонал был очень внимательный и дружелюбен ко мне.",5,
46,Игорь К.,2023-04-07 16:42:31,"Очень понравилось обслуживание, никаких очередей, есть развлекалка для детей! Рекомендую однозначно",5,
47,Вика Артикова,2023-04-15 14:45:37,"Спасибо вам за качественную работу, очень довольна качеством сервиса, который оказывает Альфа Банк. всегда вежливые и приветливые сотрудники которые помогают в решении любых вопросов",5,
48,Инкогнито 8924,2023-05-27 12:41:53,Прикольное обслуживание: за столиками как в кафешку пришел. Мне понравилось! Жаль только что касается ИИС то всё в горячей линии или форуме решается.,4,
49,Яков Жовтюк,2023-07-12 17:20:18,"Это обычное банковское отделение, но у них также есть очень удобный сайт, где можно выбрать самые выгодные условия. Успешно оформил кредит на ремонт квартиры, и у меня не возникло никаких проблем с оформлением, отказов не было",5,
50,Matvey5342,2023-02-16 04:36:27,"Очень доволен персоналом этого банка. Мне помогли с моим вопросом, все рассказали и показали, как будет лучше. Большое спасибо!",5,
51,Ян Сумагаев,2023-04-11 12:33:29,"Оформляла тут кредит, весь процесс отлажен и банк работает как часы. Отличный банк давно уже пользуюсь услугами, оформляла кредит на покупку квартиры все быстро и качественно, в офисе обслуживают качественно, не то что в некоторых банках, где постоянно какие-то проблемы. Спасибо Вам большое, отличный банк.",5,
52,Сергей Б.,2023-07-25 16:21:38,"Уровень обслуживания в этом банке просто выше всяких похвал. Все сотрудники объясняют все понятно и доступно, и даже если допущена ошибка, они ее без проблем исправляют. Огромное спасибо за такой подход!",5,
53,Николай Зернов,2023-04-13 08:39:16,"Очень вежливые сотрудники, относятся с душой. Офис приятный ,все культурно обставлено.",5,
54,Мария Никифорова,2024-01-25 19:39:52,В обновленных отделениях есть электронная очередь. Можно прийти по записи или воспользоваться электронной очередью. Оба варианта быстрые.,5,
55,Анастасия А.,2023-09-06 13:00:38,"Обслужили меня за десять минут. Прошу выразить благодарность Юлии, которая с видимой преданностью помогает клиентам.",5,
56,Ева Уткина,2023-08-19 15:29:16,"великолепное отделение Альфа банка. все работники с которыми мне довелось столкнуться были приятными и вежливыми. я практически не стояла в очередях, захожу время от времени с разными запросами, включая обсуждение мобильного приложения, и каждый раз получаю решение.",5,
57,Александра Назарова,2024-02-11 10:09:42,"Посетив этот офис Альфа банка, оценила их сервис - меня сопровождали с первого момента, все было объяснено и проделано безупречно. Я осталась довольна!",5,
58,ольга дюкарева,2023-08-25 14:56:18,"Вопрос ипотеки был решен быстро и приятно. Условия ипотеки полностью соответствуют моим требованиям. Несмотря на то , что банк не является государственным, качество услуг и обслуживания, предоставляемых им, оставляет положительное впечатление. Все мне понравилось, и внешний вид здания банка выглядит прекрасно.",5,
59,Мария Шмидт,2023-08-11 22:56:43,"Одной из приятных черт Альфа банка являются условия для юридических лиц и высокий уровень обслуживания. Время идет, и банк стремится быть более доступным и удобным для клиентов, это для меня очень заметно.",5,
60,НадНик,2023-07-31 09:47:07,"До оператора не возможно дозвониться приходится беседовать с роботом , который не переводит на живой разговор, тьфу оплевалась вся и не дозвонилась! Не советую данный банк!",1,
61,Анастасия В.,2023-12-24 15:21:42,Приветливый персонал помог с кредитом без справки о доходах. Всё быстро и удобно!,5,
62,Инкогнито 8725,2023-04-02 07:26:04,Отличный банк! Хорошие профессиональные работники и прекрасное обслуживание,5,
63,владиммр Васильев,2023-04-07 19:36:38,Обращался насчёт открытия дебетовой карты и накопительного счета. На все мои вопросы дали исчерпывающие ответы. Посещением этого банка остался очень доволен.,5,
64,Максим Селиванов,2023-08-20 18:24:01,"Хороший офис. Не хватает кофе и вип менеджера. А так во многом помогли, кое что подсказали.",5,
65,Элина И.,2024-04-27 18:34:42,Расположение отделения удобное. Приметная вывеска и отсутствие рекламы услуг удивили. Легко найти.,5,
66,Гузель З.,2024-04-15 13:43:56,"Получила стикер на телефон для бесконтактной оплаты. Процесс простой, быстрый. Стоимость услуги приятно удивила.",5,
67,Оксана Хлебнова,2023-11-10 03:42:58,"Чисто , сотрудники вежливые.",5,
68,Дарья Сарафанова,2023-04-25 13:04:10,"Я заходила в отделение Альфа банка для обмена валюты. Обслуживание было на высоком уровне, сотрудники были очень дружелюбны и грамотны. Я получила хороший курс и была довольна сервисом.",5,
69,Вит Вит,2023-06-25 16:59:56,"В любой не понятной ситуации всегда можно получить помощь. В банке предостовляются все виды услуг: отключение и подключение мобильных услуг, оформление страховки, кредита и многое другое. Разнообразие услуг также впечатляет. Услуги предоставляются качественно и быстро.",5,
70,Анастасия Шульцева,2023-04-20 16:28:44,"Отличный персонал! Очень вежливый 
и внимательный! Большое спасибо
менеджеру по работе с клиентами, 
которая помогла разобраться в моих финансовых вопросах.",5,
71,Любовь Белова,2023-04-03 00:13:35,"Я хотела бы выразить свою благодарность отделению банка, за качественное обслуживание и быстрое решение моих проблем. Работники всегда профессиональны и действуют оперативно",5,
72,Дмитрий Филиппов,2024-02-06 18:42:39,Качество обслуживания в этом отделении не подвело. Сотрудники Альфа-банка внимательны и готовы ответить на любые вопросы.,5,
73,Rinal Nafikov,2023-08-17 18:14:17,"Получил помощь в оформлении вклада в этом отделении Альфа банка. Самостоятельно разобраться не удалось, поэтому решил обратиться за помощью. Благодарю менеджера за профессиональное решение вопросов и выбор подходящей опции. Теперь я активный клиент банка Альфа.",5,
74,Алёна Павленко,2024-01-21 19:52:56,"Обстановка в банке непринужденная, с приятной музыкой. Не мешает решать серьезные вопросы, такие как рефинансирование ипотеки.",5,
75,Алиса Зиновьева,2023-05-22 16:11:37,В Альфа-банке конкурентноспособные ставки по кредитам и ипотеке. Можно подобрать более выгодный тариф.,5,
76,Елена Гусева,2023-05-01 19:06:08,"Все обслуживание происходит без очередей и какого либо хамства. Большое спасибо за то, что вы есть! Отделение находится в шаговой доступности от моего дома, поэтому я прихожу сюда снимать деньги почти каждый день. И всегда все быстро, четко, профессионально.",5,
77,Лиля М.,2024-02-28 13:17:41,"Работники банка проявляют уважение даже к не клиентам, что оставляет приятное впечатление. Я рекомендую всем этот банк!",5,
78,Максим М,2023-02-14 12:47:20,"Единственное отделение данного банка в городе, что очень хорошо. Удобное расположение.",5,
79,Екатерина Кадырманова (Шадрина),2023-05-04 16:25:19,Отделение Альфа банка предлагает превосходный сервис и комфортные условия для своих клиентов. Я получила все необходимые услуги в быстром и удобном формате.,5,
80,Инкогнито 4226,2024-01-20 18:03:56,"Кухня на любителя, много специй",1,
81,Кейт Жукова,2023-04-30 20:52:15,"Давно являюсь клиенткой Альфы. Есть и дебетовая карта, есть кредитка. Ни разу не жаловалась на данный банк. Он просто отличный!",5,
82,Мария Ф.,2023-09-13 13:18:58,"Я редко посещаю это отделение, но всегда остаюсь довольной. Так же чат в приложении банка работает молниеносно, практически все вопросы решаются там с лёгкостью.",5,
83,Aleksei Karel,2023-07-23 18:27:51,"Банк, который идеально подходит для занятых людей, ценящих свое время и комфорт. Возможность проводить операции онлайн без походов в филиал и интуитивно понятный интерфейс приложения делают его одним из лучших на рынке.",5,
84,Лариса Пинкина,2023-10-26 03:25:47,"Благодаря помощи сотрудниц, успешно оформила карточку. Очень довольна обслуживанием, планирую возвращаться.",5,
85,Елизавета,2023-12-27 15:12:32,Терминалы - всегда помощь с выбором талона. Очень приятно.,5,
86,Мария В.,2023-04-28 06:24:12,"Альфа-банк - это не только банк, но и крайне надежный партнер, который всегда готов помочь своим клиентам и их бизнесу. Я оставила заявку на кредит, и получила его одобрение в течение нескольких часов. Я очень ценю скорость работы и профессионализм сотрудников банка.",5,
87,Катрин,2023-05-17 07:36:28,"По рекомендации друга я воспользовалась эквайрингом в Альфа-банке. Я быстро подписала все необходимые документы, условия были хорошие, и сотрудники оказали активную поддержку. Никаких проблем или жалоб не возникло.",5,
88,Саня Казачанский,2023-04-12 16:02:11,Когда бы я не заходил в Альфа - банк встречаю всегда лояльное и дружелюбное отношение от специалистов этого банка. И не важно : ты как физ. лицо оплачиваешь ЖКХ или как юр. лицо проводишь платёж на пару миллионов. Всем рекомендую этот банк.,5,
89,Инна Е.,2023-12-06 18:46:36,Нет пандуса. Невозможно зайти с коляской.,3,
90,Игорь Приезжев,2024-03-21 17:13:23,"Цены на услуги приемлемые, и я хочу выразить благодарность сотрудникам за их работу.",5,
91,Ева Андренок,2023-05-08 16:57:52,"Отличный сервис в этом отделении! Вежливый и профессиональный персонал всегда готов помочь. Спасибо, Альфа банк!",5,
92,Arsenii1411,2023-06-19 20:19:36,"В офисе банка очень удобно,сотрудники всегда приветливы и готовы помочь.Можно прийти в любое время и решить любые вопросы.",5,
93,Захар Казаков,2023-08-29 16:58:42,"Кешбек по дебетовой карте стал отличным инстументом для экономии на покупках. Заказав дебетовую карту на их сайте, уже на следующий день мне бесплатно доставили её курьером.",5,
94,Максим С,2023-06-30 05:10:33,"Получал зарплатную карту. Специалист тщательно обьяснил мне и помог установить приложение, настроить его и показал, как пользоваться. По моей просьбе он отключил дополнительные услуги, не настаивая. Я очень доволен.",5,
95,Альфия Ахметшина,2023-04-18 16:00:14,"Наконец-то взяла себе кредитку на целый нод без проценто. Все как обещали, все работает. Заполнила заявку на сайте и через 15минут мне презвонил менеджер. В офисе банка все быстро оформили, выдали карту и сказали, что по ней будет бесплатное обслуживание. Карта супер!",5,
96,Оксана Бежелева,2023-09-21 13:51:43,"Наконец-то у меня в руках кредитная карта. Мои друзья уже поделились положительными впечатлениями. Условия меня устраивают, и с нетерпением жду, чтобы их испытать.",5,
97,Вероника К.,2024-03-13 11:32:16,"Нужно было снять крупную сумму денег, заехала в банк, и все прошло быстро и комфортно.",5,
98,Наталья,2023-05-15 02:57:44,"Сотрудники банка были крайне полезными, когда мне понадобилась помощь с моей картой. Они быстро решили мою проблему и даже предложили дополнительные собеты, чтобы предотвратить подобные ситуации в будущем.",5,
99,Алиса Кисткина,2023-05-11 11:03:37,"Предоставляют качественный сервис и услуги. Пользуюсь давно, проблем не возникало",5,
100,Сергей Сергей,2023-04-04 15:51:35,"Всегда получаю внимание и доброжелательность со стороны сотрудников. Помогают во всех вопросах, которые возникают от начала и до конца обслуживания. Не пытаются продать ненужные вам услуги и продукты.",5,
101,Честный отзыв,2023-06-15 16:42:01,Отделение хорошое. Да и сам банк тоже. Так же приложение просто отличное - удобное и быстрое. Переводы занимают всего 15 секунд.,5,
102,Анвар Ш.,2023-03-04 17:45:38,"Мне нравится ,что здесь есть круглосуточный банкомат. В любое время суток можно снять деньги с карты. Обслуживание здесь прекрасное .",5,
103,79795 Иванов,2022-11-25 17:44:41,"Брал кредиту, представитель вежливый , всё объяснил доходчиво, не упустил даже подвохи. А они есть у любого банка по кредиткам.",5,
104,Дарья Чернова,2023-04-16 17:31:38,"Всегда вежливые сотрудники,приятно заходить.",5,
105,Оксана Снежная,2023-09-30 18:14:44,"Более года обслуживаюсь в этом отделении и могу уверенно сказать, что здесь никогда не возникало проблем с обслуживанием.",5,
106,Елена,2024-04-07 11:16:38,В этом отделении я уверена в своих вложениях. Отличные проценты и надёжность.,5,
107,Alexander K,2023-01-04 12:05:21,"Офис нового формата, без кассы. Хорошо, что не приходится ездить в Чебоксары.",4,
108,Евгений,2023-05-10 14:40:54,Сделал заявку на кредитную карту и был поражен скоростью обработки. Всё оформилось за 15 минут!,5,
109,александр сироткин,2023-02-13 16:40:27,замечательный формат обслуживания,5,
110,Даниил Прокопьев,2023-04-04 17:36:49,Очень современный банк,5,
111,Константин Беспалов,2023-04-05 17:54:12,Отличный сервис,5,
112,Саша Шалимов,2023-08-13 17:29:48,Нравится,5,
113,Аlex,2023-08-28 07:44:09,медленное обслуживание,1,
114,Сергей Остаков,2022-11-08 09:36:19,Банк как банк,5,
115,Инкогнито 6789,2022-12-15 15:17:38,Всё хорошо.,5,
