,name,date,text,stars,answer
0,Oleg Mamaev,2023-12-17 14:14:01,"Сбер банк мне нравится, хорошое обслуживание, персонал вежливый, аккуратно одетые, все вопросы решают быстро и по теме, что не понятно разъяснят!",5,
1,Ирина В,2023-04-27 14:19:29,"Часто посещаю по разным причинам. Сотрудники вежливые, всё объясняют доступно. Но, к сожалению, сейчас нет свободных девушек, которые раньше помогали разобраться с терминалом. Да и терминалов стало гораздо меньше, а точнее всего два. Один на улице и один в помещении. Очень не удобно.",4,
2,Muslim Kurbanov,2023-08-23 10:43:44,"Обманывают!!! Навязывают свою услугу сбер Прайм при получение карты, говорят что это обязательное условие и нужно заплатить 1990 рублей. Говорят Если не заплатить то карта не будет работать или не возможно будет ее получить..",1,
3,Kent Arbyza,2024-01-13 13:56:21,Я ещё маленький но есть сбер кидс и посему то карта недели полтора шла,4,
4,Наталия Левицкая,2022-12-26 12:58:52,"Куча сотрудников, а толку 0,ходят друг за другом, хочешь потрепать нервы сходи с сбербанк, шаражкина контора, отношение к клиентам -смотря к какому оператору попадёшь, и если будет настроение с тобой пообщаются хорошо...",2,
5,657664 Сувиго,2023-04-05 14:50:51,Всегда начальство с деловым лицом. И нет оператора у банкомата.Навязчиво предлагают кредитную карту. Чтобы работники получали премии.,3,
6,Геннадий Ш.,2021-11-24 13:36:56,"Сбербанк, бесспорно, вне конкуренции среди финансовых учреждений г. Асино( как и по стране). Многократно посещая Сбер, ни разу не ушел разочарованным: вежливый квалифицированный персонал, все операции технологически выверены.Ну и , конечно, Сбербанк Онлайн, где очень удобно( не выходя из дома) добиться нужного результата.",5,
7,Татьяна Николаева,2023-06-27 13:39:33,Все хорошо. Но банкоматов очень мало и те работают через раз.,5,
8,Алина Полещук,2024-02-04 14:22:22,Добрый персонал,4,
9,Лика,2021-08-24 15:58:59,"Сейчас обслуживание стало более качественным, все понятно, доступно объясняют, всегда вежливые.",5,
10,evgen,2020-02-12 00:51:39,"Ну что сказать - госбанк. Хоть какая- то надёжность. Ставки по вкладам можно в других банках и повыше найти, но ещё раз повторю - надёжность. За последние лет 10 банк сильно изменился в лучшую сторону. Нет километровых очередей, да и если сейчас приходится ждать, то не долго и можно присесть на диван. У оператора теперь можно сидя обслуживаться. Больше, чем у других банков установлено банкоматов. Хотя последнее время наличные даже не снимаю, все как то по карте расчитываюсь. И в большинстве магазинов терминалы сбербанка установлены (видимо комфортные условия предлагают по эквайрингу)",5,
11,Сергей Васькин,2022-11-11 03:50:35,Обычный сбер вежливый персонал с натянутой улыбкой им так положено.,4,
12,Серега Савош,2024-01-03 14:02:41,Хорошо,5,
13,Павел Ласточкин,2023-10-18 11:53:17,Хороший банк,5,
14,Евгений Иванюк,2021-06-20 03:25:33,"Большая проблема в городе положить деньги на карту, особенно если это выходной. НЕТ банкоматов. УЖАС",2,
15,Ирина В.,2020-01-18 13:21:20,"Обслуживание культурное, доброжелательные девушки всегда помогут. Правда иногда бывают очереди.",5,
16,Кристина И.,2020-02-19 10:54:29,"Быстрое обслуживание, очень внимательный персонал, всегда помогут разобраться по терминалу",5,
17,Анна Б.,2020-06-13 12:56:34,"Сбербанк можно говорить на слуху с детство) Доверяю! Так что храните деньги в сбербанке, если конечно у вса они есть)))",5,
18,Тимофей Каракулов,2020-04-18 23:27:13,"Банк олицетворяющий надежность. Прекрасные сотрудники. Помогают, не считаясь с личным временем, до победного.",5,
19,Сергей Алексеев,2020-03-07 11:33:34,"Хорошие отношение и с наступающим праздником 8марта, здоровья отличного настроения",5,
20,Юрий Пуйтов,2023-01-01 02:39:49,Ок,5,
21,Лариса Пащук,2019-12-02 03:53:18,Вежливый и терпеливый персонал. Всё подскажут и расскажут.,5,
22,Сергей Магаев,2021-12-20 11:59:55,Отличное обслуживание,5,
23,юлия чистякова,2020-06-16 00:29:57,Выгодные условия по кредиту и обслуживание отличное,5,
24,Сергей Володин,2021-08-15 00:51:31,Быстрое обслуживание,5,
25,Ольга К.,2019-12-15 09:00:21,Девочки консультанты всегда помогут если есть проблемы,4,
26,Яна Виниченко,2021-08-18 16:09:30,На высшем уровне!,5,
27,Елена,2020-03-02 10:10:41,"Неудобно, долго, запутанные непонятные лестницы. Короче плохо что убрали второй банк",4,
28,Алена Земскова,2020-09-28 11:32:37,Обожаю Сбербанк всегда им пользуюсь,5,
29,Елена Рузманова,2019-08-07 05:00:27,"Хорошее обслуживание, приветливые консультанты",4,
30,Сергей Батурин,2020-07-18 13:13:22,Всё Устраивает!!!,5,
31,Олег Васильев,2019-11-26 14:34:46,Да быстро и удобно,5,
32,Дмитрий Михайлов,2020-07-11 10:20:49,Отличное место,5,
33,Татьяна М.,2020-02-18 04:25:46,Обслуживание хорошее.,5,
34,Майя,2020-02-06 15:29:40,Сотрудники молодцы,5,
35,Сергей Долглполов,2020-02-17 15:32:47,Вежливый персонал,5,
36,Евгений Зайцев,2019-09-13 00:39:02,Добросовестные сотрудники,5,
37,Администрация Я.,2019-09-24 07:58:23,Постоянно большие очереди,3,
38,Сергей,2018-11-15 08:06:18,"Персонал доброжелательный, но очереди - это что-то! Очень долго ждать!",5,
39,Светлана Гаврилова,2019-12-10 06:18:29,"Банк, как банк.",4,
40,Юлия,2020-02-10 15:39:51,Находится в центре города,5,
41,Ден,2019-08-01 10:55:53,Обслуживание хорошие.,5,
42,Евгении Зайцев,2019-09-12 15:03:05,хорошие сотрудники,5,
