,name,date,text,stars,answer
0,Яна Винокурова,2024-03-26 07:31:20,"Отличное обслуживание. Меняли карты,продавали квартиру в этом отделении. Все понравилось.",5,
1,Злой Злой,2023-02-18 06:10:58,"Отвратительное обслуживание, горазды только кредитные карты пихать и ипотеки дать, больше ни на что не способны!! Даже паспортные данные правильно ввести не в состоянии! Пол отдела, на пару с отделом Салехарда и уренгоя (каким то образом все они связаны с выдачей ипотеки) уволить нафиг!! Ипотеку на, а деньги фиг, пока в грубой форме не начинаешь всех разносить, по нормальному не понимают. Миллионные сделки, и такие тугие/ не компетентные сотрудники",1,
2,Шакирьян М.,2023-07-10 13:36:24,"Некомпетентные сотрудники,из-за того что менеджер по ипотеке неправильно оформил документы,нет возможности получить деньги.Руководство не вникает в проблему...",1,
3,Мария Святюк,2022-07-18 03:29:23,"Время работы крайне не удобное - такое же как у обычных людей, что существенно ограничивает возможность воспользоваться услугами банка. Карту свою уже месяц получить не могу из-за графика работы",2,
4,лариса копылова,2022-06-05 16:16:24,"Грамотные менеджеры, всегда подскажут и помогут разобраться в ситуации. Очень редко когда приходиться ждать. И количество банкоматов в зале радует.",5,
5,Михаил Кузьмин,2023-09-03 11:00:20,"Отличный подход к клиентам, вежливый персонал",5,
6,malёк,2022-07-05 17:18:46,Удобное расположение банка. Рядом находится торговый комплекс и там можно купить и продукты и технику для дома.,5,
7,Марина,2022-11-29 11:40:56,Хорошее отделение сбербанка. Внимательный и вежливый персонал. Нет очередей. Рекомендую.,5,
8,Татьяна Слышик,2022-04-25 15:58:38,"Предпочитаю этот банк, здесь грамотные работники, которые все объяснят и предложут вам сделки на выгодных для вас условиях. Время ожиданич недолго.",5,
9,Александра Шемякина,2023-08-06 17:10:46,Молодцы?! Специалисты своего дела🤝,5,
10,Ируся Мартышка,2023-02-14 15:38:47,Спасибо за грамотную консультацию работникам,5,
11,Ярослав zyan,2021-09-15 09:29:14,"Бываю часто чуть ли не каждую не делю по этому не скажу за сомо обслуживание девчать там а банкоматы через раз ну на твердую троечку, так что за персонал не пишу!",3,
12,Екатерина Селезнева,2021-11-30 18:54:01,"Чисто, аккуратно, вежливые сотрудники, вроде всегда помогали в вопросах.",5,
13,Ильхам Мирхашимов,2022-10-21 11:50:34,Молодцы отличное обслуживание и обращение,5,
14,Ольга Феоктистова,2022-08-13 11:57:37,Доброжелательные сотрудники . Быстро решают вопросы.,5,
15,Елена Савинчева,2022-06-11 04:09:05,"Сотрудники доброжелательные, отзывчивые",5,
16,Уктамжон Хазратов,2024-02-18 15:03:45,Отличный персонал,5,
17,Grozzy Theqiwi,2022-12-12 02:54:15,Самообслуживание удобное,5,
18,Боровский Владислав,2022-07-26 16:59:05,"Нет очередей, в отличии от других отделений",5,
19,АЛИ ИСАЕВ,2023-05-19 15:27:17,Все отлично,5,
20,Александр Бугай,2021-07-18 10:00:21,Любимый банк со всеми продуктами банковского сектора услуг,5,
21,Андрей Маратов,2021-01-27 17:44:46,"Ездил сюда по делам с оформлением карты - все ок, помогли, на все вопросы ответили.",5,
22,Виктор Ш.🇸🇰,2019-12-08 11:25:16,Был в командировке в ноябрьске. Нашел ближайший банкомат - не было выбора. Обслуживанием остался доволен,5,
23,Кристина Нетак,2021-08-25 11:18:33,Отличный банк и вежливые сотрудники,5,
24,Altai,2021-12-26 11:10:22,Молодцы свою работу знают.,5,
25,Алексей Каталев,2022-08-30 07:47:47,Всё хорошо,5,
26,Оятбек Хакимов,2022-10-30 03:47:29,Окей,5,
27,Ноябрьский,2021-04-25 10:48:16,Храните ваши денежки подальше от сбербанка😁,1,
28,вика танас,2021-04-14 13:18:18,Быстрое обслуживание,5,
29,Максим Воробьёв,2021-05-04 11:39:28,"быстро,удобно",5,
30,Ольга Горбань,2021-09-01 16:43:14,Любимый Банк,5,
31,Александр М,2020-03-15 08:06:59,Хороший банк. Многие годы являюсь его клиентом.,5,
32,Ильмира,2020-01-07 05:22:30,Рядом с домом. Но одно плохо не работает в субботу.,4,
33,Дмитрий С.,2020-02-02 07:41:34,"Это отд. Сбер, как и все остальные отделения много берут, но не справляются.",3,
34,Ludmila K.,2020-02-04 08:37:23,"По-разному, то работают терминалы, то нет.",4,
35,Соколов Андрей,2020-01-04 11:03:50,"банкоматы есть, стоянка забита.",4,
36,Евгений Томенко,2020-03-23 18:54:01,Как и любой другой банк.,4,
37,Сергей А.,2020-02-08 06:32:36,Удобное расположение,5,
38,Владислав Воронов,2020-01-28 20:49:13,Быстрое обслуживание,5,
39,Роман,2020-03-02 18:23:00,Вежливые люди...,5,
