,ID,name,address,website,opening_hours,lat,lon,rating,phone,social,Обслуживание,Отношение к клиентам,Персонал,Время ожидания,Банкомат
0,1101858797,СберБанк,"ул. Мира, 20, Нововоронеж",www.sberbank.ru,"'mon': 09:00-18:00, 'tue': 09:00-18:00, 'wed': 09:00-18:00, 'thu': 09:00-18:00, 'fri': 09:00-18:00, 'sat': 09:00-18:00, 'sun': выходной",51.310469,39.215621,"4,2",['8 (800) 555-55-50Показать телефон'],"['http://ok.ru/sberbank', 'https://vk.com/sberbank']",81,78,83,,
1,1012260833,СберБанк,"Парковый пр., 10, Нововоронеж",www.sberbank.ru,"'mon': 09:00-18:00, 'tue': 09:00-18:00, 'wed': 09:00-18:00, 'thu': 09:00-18:00, 'fri': 09:00-18:00, 'sat': 09:00-18:00, 'sun': выходной",51.317787,39.213295,"4,4",['8 (800) 555-55-50Показать телефон'],"['http://ok.ru/sberbank', 'https://vk.com/sberbank']",91,87,90,67,70
2,139479065812,СберБанк,"ул. Ленина, 20Г/3, посёлок Колодезный",www.sberbank.ru,"'mon': 08:45-12:00,12:30-15:30, 'tue': 08:45-12:00,12:30-15:30, 'wed': 08:45-12:00,12:30-15:30, 'thu': выходной, 'fri': 08:45-12:00,12:30-15:30, 'sat': 08:45-12:00,12:30-14:00, 'sun': выходной",51.351894,39.301743,"3,8",['8 (800) 555-55-50Показать телефон'],"['http://ok.ru/sberbank', 'https://vk.com/sberbank']",,,,,
3,71588631664,СберБанк,"Советская ул., 91, село Сторожевое 1-е",www.sberbank.ru,"'mon': 09:00-12:00,12:30-16:15, 'tue': выходной, 'wed': 09:00-12:00,12:30-16:15, 'thu': выходной, 'fri': выходной, 'sat': выходной, 'sun': выходной",51.213403,39.178054,"4,3",['8 (800) 555-55-50Показать телефон'],"['http://ok.ru/sberbank', 'https://vk.com/sberbank']",,,,,
4,180222723490,СберБанк,"Центральная ул., 1, село Старая Хворостань",www.sberbank.ru,"'mon': выходной, 'tue': выходной, 'wed': выходной, 'thu': выходной, 'fri': выходной, 'sat': выходной, 'sun': выходной",51.168690,39.307393,"3,5",['8 (800) 555-55-50Показать телефон'],"['http://ok.ru/sberbank', 'https://vk.com/sberbank']",,,,,
5,228092811123,СберБанк,"ул. Ленина, 111, село Боево",www.sberbank.ru,"'mon': 08:45-12:00,12:30-15:30, 'tue': 08:00-12:00,12:30-15:30, 'wed': 08:00-12:00,12:30-15:30, 'thu': 08:00-12:00,12:30-15:30, 'fri': 08:00-12:00,12:30-15:30, 'sat': 08:00-12:00,12:30-14:15, 'sun': выходной",51.394405,39.318703,"4,2",['8 (800) 555-55-50Показать телефон'],"['http://ok.ru/sberbank', 'https://vk.com/sberbank']",,,,,
