,ID,name,address,website,opening_hours,lat,lon,rating,phone,social,Обслуживание,Персонал,Отношение к клиентам,Время ожидания,Банкомат,Расположение,График работы
0,1568282561,СберБанк,"ул. Винокурова, 51, Новочебоксарск",www.sberbank.ru,"'mon': 08:30-19:00, 'tue': 08:30-19:00, 'wed': 08:30-19:00, 'thu': 08:30-19:00, 'fri': 08:30-19:00, 'sat': 08:30-19:00, 'sun': выходной",56.109704,47.480208,"4,7",['8 (800) 555-55-50Показать телефон'],"['http://ok.ru/sberbank', 'https://t.me/s/sberbank', 'https://vk.com/sber']",84,82,83,59,77,92,
1,1088325106,СберБанк,"ул. Винокурова, 20, Новочебоксарск",www.sberbank.ru,"'mon': 08:30-18:30, 'tue': 08:30-18:30, 'wed': 08:30-18:30, 'thu': 08:30-18:30, 'fri': 08:30-18:30, 'sat': 08:30-18:30, 'sun': выходной",56.119629,47.492839,"4,5",['8 (800) 555-55-50Показать телефон'],"['http://ok.ru/sberbank', 'https://t.me/s/sberbank', 'https://vk.com/sberbank']",79,80,76,92,78,100,100
2,1155818396,СберБанк,"Советская ул., 15, Новочебоксарск",www.sberbank.ru,"'mon': 08:00-18:30, 'tue': 08:00-18:30, 'wed': 08:00-18:30, 'thu': 08:00-18:30, 'fri': 08:00-18:30, 'sat': 08:00-18:30, 'sun': выходной",56.115901,47.482288,"4,5",['8 (800) 555-55-50Показать телефон'],"['http://ok.ru/sberbank', 'https://vk.com/sberbank']",80,84,85,80,,,
3,1208173576,СберБанк,"ул. Строителей, 16, Новочебоксарск",www.sberbank.ru,"'mon': 08:00-18:30, 'tue': 08:00-18:30, 'wed': 08:00-18:30, 'thu': 08:00-18:30, 'fri': 08:00-18:30, 'sat': 08:00-18:30, 'sun': выходной",56.115212,47.456853,"4,7",['8 (800) 555-55-50Показать телефон'],"['http://ok.ru/sberbank', 'https://t.me/s/sberbank', 'https://vk.com/sberbank']",85,84,84,75,100,100,
4,1097679154,СберБанк,"ул. 10-й Пятилетки, 31, Новочебоксарск",www.sberbank.ru,"'mon': 08:00-19:00, 'tue': 08:00-19:00, 'wed': 08:00-19:00, 'thu': 08:00-19:00, 'fri': 08:00-19:00, 'sat': 08:00-19:00, 'sun': выходной",56.110061,47.446852,"4,6",['8 (800) 555-55-50Показать телефон'],"['http://ok.ru/sberbank', 'https://vk.com/sberbank']",74,86,76,59,90,100,
5,1154335467,СберБанк,"Парковая ул., 5, посёлок Новое Атлашево",www.sberbank.ru,"'mon': выходной, 'tue': 08:30-12:00,12:30-16:15, 'wed': 08:30-12:00,12:30-16:15, 'thu': 08:30-12:00,12:30-16:15, 'fri': 08:30-12:00,12:30-16:15, 'sat': 08:30-14:30, 'sun': выходной",56.014348,47.556488,"4,2",['8 (800) 555-55-50Показать телефон'],"['http://ok.ru/sberbank', 'https://vk.com/sberbank']",,,,,,,
6,1099827045,СберБанк,"ул. 30 лет Победы, 18, село Шоршелы",www.sberbank.ru,"'mon': 08:00-12:00,12:30-17:15, 'tue': 08:00-12:00,12:30-17:15, 'wed': 08:00-12:00,12:30-17:15, 'thu': 08:00-12:00,12:30-17:15, 'fri': выходной, 'sat': выходной, 'sun': выходной",56.007539,47.590929,"4,0",['8 (800) 555-55-50Показать телефон'],"['http://ok.ru/sberbank', 'https://vk.com/sberbank']",,,,,,,
7,220085001687,СберБанк,"Центральная ул., 42, поселок Синьялы",www.sberbank.ru,"'mon': выходной, 'tue': выходной, 'wed': выходной, 'thu': выходной, 'fri': выходной, 'sat': выходной, 'sun': выходной",56.076930,47.365928,"3,0",['8 (800) 555-55-50Показать телефон'],"['http://ok.ru/sberbank', 'https://vk.com/sberbank']",,,,,,,
