,ID,name,address,website,opening_hours,lat,lon,rating,phone,social,Обслуживание,Персонал,Отношение к клиентам,Время ожидания,Расположение
0,1133913277,СберБанк,"Портовая ул., 3, Находка",www.sberbank.ru,"'mon': 09:00-18:30, 'tue': 09:00-18:30, 'wed': 09:00-18:30, 'thu': 09:00-18:30, 'fri': 09:00-18:30, 'sat': 09:00-18:30, 'sun': выходной",C42.82289,132.89299,"4,4",['8 (800) 555-55-50Показать телефон'],"['http://ok.ru/sberbank', 'https://vk.com/sberbank']",84,85,85,56,
1,1124345710,СберБанк,"Ленинская ул., 1, Находка",www.sberbank.ru,"'mon': 09:00-18:00, 'tue': 09:00-18:00, 'wed': 09:00-18:00, 'thu': 09:00-18:00, 'fri': 09:00-18:00, 'sat': 09:00-18:00, 'sun': выходной",C42.80989,132.87156,"4,5",['8 (800) 555-55-50Показать телефон'],"['http://ok.ru/sberbank', 'https://vk.com/sberbank']",82,83,88,78,92
2,1115700609,СберБанк,"Находкинский просп., 62А, Находка",www.sberbank.ru,"'mon': 09:00-18:00, 'tue': 09:00-18:00, 'wed': 09:00-18:00, 'thu': 09:00-18:00, 'fri': 09:00-18:00, 'sat': 09:00-18:00, 'sun': выходной",C42.79702,132.87247,"4,6",['8 (800) 555-55-50Показать телефон'],"['http://ok.ru/sberbank', 'https://vk.com/sberbank']",92,91,90,75,100
3,1040234880,СберБанк,"Линейная ул., 8, Находка",www.sberbank.ru,"'mon': 09:00-18:00, 'tue': 09:00-18:00, 'wed': 09:00-18:00, 'thu': 09:00-18:00, 'fri': 09:00-18:00, 'sat': 09:00-18:00, 'sun': выходной",C42.83393,132.90281,"4,4",['8 (800) 555-55-50Показать телефон'],"['http://ok.ru/sberbank', 'https://vk.com/sberbank']",97,100,100,,
4,1096645785,СберБанк,"Спортивная ул., 1, Находка",www.sberbank.ru,"'mon': 09:00-18:00, 'tue': 09:00-18:00, 'wed': 09:00-18:00, 'thu': 09:00-18:00, 'fri': 09:00-18:00, 'sat': 09:00-18:00, 'sun': выходной",C42.77944,132.85054,"4,4",['8 (800) 555-55-50Показать телефон'],"['http://ok.ru/sberbank', 'https://vk.com/sberbank']",75,76,74,64,
5,1112648035,СберБанк,"Северный просп., 2/1, Находка",www.sberbank.ru,"'mon': 09:00-18:00, 'tue': 09:00-18:00, 'wed': 09:00-18:00, 'thu': 09:00-18:00, 'fri': 09:00-18:00, 'sat': 09:00-18:00, 'sun': выходной",C42.83663,132.88035,"4,3",['8 (800) 555-55-50Показать телефон'],"['http://ok.ru/sberbank', 'https://vk.com/sberbank']",84,91,91,,
6,1005708681,СберБанк,"ул. Пирогова, 66, Находка",www.sberbank.ru,"'mon': 09:00-18:00, 'tue': 09:00-18:00, 'wed': 09:00-18:00, 'thu': 09:00-18:00, 'fri': 09:00-18:00, 'sat': 09:00-18:00, 'sun': выходной",C42.77917,132.87163,"4,6",['8 (800) 555-55-50Показать телефон'],"['http://ok.ru/sberbank', 'https://vk.com/sberbank']",93,96,96,94,
7,114557672258,СберБанк,"Луговая ул., 20, микрорайон Посёлок Ливадия, Находка",www.sberbank.ru,"'mon': 09:00-15:45, 'tue': 09:00-14:00,15:00-17:45, 'wed': 09:00-14:00,15:00-17:45, 'thu': 09:00-14:00,15:00-17:45, 'fri': 09:00-14:00,15:00-17:45, 'sat': 09:00-14:00,15:00-17:45, 'sun': выходной",C42.86968,132.67228,"4,1",['8 (800) 555-55-50Показать телефон'],"['http://ok.ru/sberbank', 'https://vk.com/sberbank']",,,,,
8,197231911027,СберБанк,"Портовая ул., 3, Находка",www.sberbank.ru,"'mon': 09:00-18:00, 'tue': 09:00-18:00, 'wed': 09:00-18:00, 'thu': 09:00-18:00, 'fri': 09:00-18:00, 'sat': выходной, 'sun': выходной",C42.82292,132.89297,"4,3",['8 (800) 555-55-50Показать телефон'],['https://vk.com/sberbank'],,,,,
