,ID,name,address,website,opening_hours,lat,lon,rating,phone,social,Обслуживание,Отношение к клиентам,Персонал,Время ожидания,Банкомат
0,1570981915,СберБанк,"Ленинский просп., 42, корп. 1, Норильск",www.sberbank.ru,"'mon': 09:00-19:00, 'tue': 09:00-19:00, 'wed': 09:00-19:00, 'thu': 09:00-19:00, 'fri': 09:00-19:00, 'sat': 09:00-19:00, 'sun': выходной",69.355709,88.189631,"4,3",['8 (800) 555-55-50Показать телефон'],"['http://ok.ru/sberbank', 'https://vk.com/sberbank']",63,63,68,59,90
1,1207517185,СберБанк,"площадь Металлургов, 1, Норильск",www.sberbank.ru,"'mon': 09:30-18:30, 'tue': 09:30-18:30, 'wed': 09:30-18:30, 'thu': 09:30-18:30, 'fri': 09:30-18:30, 'sat': 09:30-18:30, 'sun': выходной",69.357848,88.178732,"4,5",['8 (800) 555-55-50Показать телефон'],"['http://ok.ru/sberbank', 'https://vk.com/sberbank']",92,89,88,88,
2,1000011890,СберБанк,"ул. Павлова, 12, Норильск",www.sberbank.ru,"'mon': 10:00-19:00, 'tue': 10:00-19:00, 'wed': 10:00-19:00, 'thu': 10:00-19:00, 'fri': 10:00-19:00, 'sat': 10:00-19:00, 'sun': выходной",69.348921,88.215017,"4,4",['8 (800) 555-55-50Показать телефон'],"['http://ok.ru/sberbank', 'https://vk.com/sberbank']",70,79,78,69,
3,19546943345,СберБанк,"ул. Богдана Хмельницкого, 7, Норильск",www.sberbank.ru,"'mon': 09:00-19:00, 'tue': 09:00-19:00, 'wed': 09:00-19:00, 'thu': 09:00-19:00, 'fri': 09:00-19:00, 'sat': 09:00-19:00, 'sun': выходной",69.342519,88.212240,"4,4",['8 (800) 555-55-50Показать телефон'],"['https://ok.ru/sberbank', 'https://vk.com/sberbank']",81,87,80,,
4,1572832059,СберБанк,"Шахтёрская ул., 17, Норильск",www.sberbank.ru,"'mon': 10:00-18:30, 'tue': 10:00-18:30, 'wed': 10:00-18:30, 'thu': 10:00-18:30, 'fri': 10:00-18:30, 'sat': 10:00-18:30, 'sun': выходной",69.352806,87.755396,"4,4",['8 (800) 555-55-50Показать телефон'],"['http://ok.ru/sberbank', 'https://vk.com/sberbank']",83,83,88,71,
5,1587664066,СберБанк,"Бауманская ул., 16А, Норильск",www.sberbank.ru,"'mon': 10:00-18:30, 'tue': 10:00-18:30, 'wed': 10:00-18:30, 'thu': 10:00-18:30, 'fri': 10:00-18:30, 'sat': 10:00-18:30, 'sun': выходной",69.492674,88.377515,"4,5",['8 (800) 555-55-50Показать телефон'],"['http://ok.ru/sberbank', 'https://vk.com/sberbank', 'https://youtube.com/user/Sberbank']",89,84,89,83,
6,1674645201,СберБанк,"ул. Диксона, 5, Норильск",www.sberbank.ru,"'mon': 10:00-18:30, 'tue': 10:00-18:30, 'wed': 10:00-18:30, 'thu': 10:00-18:30, 'fri': 10:00-18:30, 'sat': 10:00-18:30, 'sun': выходной",69.485782,88.382823,"4,3",['8 (800) 555-55-50Показать телефон'],"['http://ok.ru/sberbank', 'https://vk.com/sberbank']",79,77,83,87,
7,1623784981,СберБанк,"Енисейская ул., 8А, Норильск",www.sberbank.ru,"'mon': 10:15-19:00, 'tue': 10:15-19:00, 'wed': 10:15-19:00, 'thu': 10:15-19:00, 'fri': 10:15-19:00, 'sat': 10:15-19:00, 'sun': выходной",69.495168,88.395464,"4,4",['8 (800) 555-55-50Показать телефон'],"['http://ok.ru/sberbank', 'https://vk.com/sberbank']",65,68,72,68,
