,ID,name,address,website,opening_hours,lat,lon,rating,phone,social,Обслуживание,Отношение к клиентам,Персонал,Время ожидания,Банкомат,Расположение,Кредит,Ипотека
0,51395544231,СберБанк,"ул. Ленина, 153А, Череповец",www.sberbank.ru,"'mon': 09:00-18:30, 'tue': 09:00-18:30, 'wed': 09:00-18:30, 'thu': 09:00-18:30, 'fri': 09:00-18:30, 'sat': 09:00-14:00, 'sun': выходной",59.128627,37.886084,"4,2",['8 (800) 555-55-50Показать телефон'],"['http://ok.ru/sberbank', 'https://vk.com/sberbank']",69,74,77,52,,,,
1,149786121717,СберБанк,"Советский просп., 98, Череповец",www.sberbank.ru,"'mon': 09:00-18:30, 'tue': 09:00-18:30, 'wed': 09:00-18:30, 'thu': 09:00-18:30, 'fri': 09:00-18:30, 'sat': 09:00-18:30, 'sun': выходной",59.130021,37.933494,"4,6",['8 (800) 555-55-50Показать телефон'],"['http://ok.ru/sberbank', 'https://vk.com/sberbank']",86,84,90,64,96,100,,
2,1024002248,СберБанк,"ул. Металлургов, 2, Череповец",www.sberbank.ru,"'mon': 09:00-18:30, 'tue': 09:00-18:30, 'wed': 09:00-18:30, 'thu': 09:00-18:30, 'fri': 09:00-18:30, 'sat': 09:00-18:30, 'sun': выходной",59.129293,37.913546,"4,4",['8 (800) 555-55-50Показать телефон'],"['http://ok.ru/sberbank', 'https://vk.com/sberbank']",80,80,82,69,90,100,,
3,1028702361,СберБанк,"ул. Ленина, 63, Череповец",www.sberbank.ru,"'mon': 09:00-18:30, 'tue': 09:00-18:30, 'wed': 09:00-18:30, 'thu': 09:00-18:30, 'fri': 09:00-18:30, 'sat': 09:00-18:30, 'sun': выходной",59.124876,37.922945,"4,5",['8 (800) 555-55-50Показать телефон'],"['http://ok.ru/sberbank', 'https://vk.com/sberbank']",82,83,87,67,83,94,,
4,43531814077,СберБанк,"Ленинградская ул., 2, Череповец",www.sberbank.ru,"'mon': 09:30-18:30, 'tue': 09:30-18:30, 'wed': 09:30-18:30, 'thu': 09:30-18:30, 'fri': 09:30-18:30, 'sat': 09:30-18:30, 'sun': выходной",59.098650,37.914676,"4,3",['8 (800) 555-55-50Показать телефон'],"['http://ok.ru/sberbank', 'https://vk.com/sberbank']",,,,,,,,
5,137771226109,СберБанк,"Любецкая ул., 41, Череповец",www.sberbank.ru,"'mon': 09:00-19:00, 'tue': 09:00-19:00, 'wed': 09:00-19:00, 'thu': 09:00-19:00, 'fri': 09:00-19:00, 'sat': 09:00-19:00, 'sun': выходной",59.090152,37.901215,"4,5",['8 (800) 555-55-50Показать телефон'],"['http://ok.ru/sberbank', 'https://vk.com/sberbank']",86,88,91,69,,,,
6,1070694641,СберБанк,"Шекснинский просп., 30, Череповец",www.sberbank.ru,"'mon': 09:30-19:30, 'tue': 09:30-19:30, 'wed': 09:30-19:30, 'thu': 09:30-19:30, 'fri': 09:30-19:30, 'sat': выходной, 'sun': выходной",59.091012,37.933822,"4,5",['8 (800) 555-55-50Показать телефон'],"['http://ok.ru/sberbank', 'https://vk.com/sberbank']",80,84,76,75,71,,,
7,1649679833,СберБанк,"Первомайская ул., 25, Череповец",www.sberbank.ru,"'mon': 09:00-18:30, 'tue': 09:00-18:30, 'wed': 09:00-18:30, 'thu': 09:00-18:30, 'fri': 09:00-18:30, 'sat': 09:00-18:30, 'sun': выходной",59.121928,37.963335,"4,6",['8 (800) 555-55-50Показать телефон'],"['http://ok.ru/sberbank', 'https://vk.com/sberbank']",78,77,83,64,75,84,36,50
8,1038426723,СберБанк,"Молодёжная ул., 16, Череповец",www.sberbank.ru,"'mon': 09:00-18:30, 'tue': 09:00-18:30, 'wed': 09:00-18:30, 'thu': 09:00-18:30, 'fri': 09:00-18:30, 'sat': 09:00-18:30, 'sun': выходной",59.144707,37.942050,"4,4",['8 (800) 555-55-50Показать телефон'],"['http://ok.ru/sberbank', 'https://vk.com/sberbank', 'https://youtube.com/user/Sberbank']",82,86,86,52,,85,,
9,6316192104,СберБанк,"просп. Победы, 131, Череповец",www.sberbank.ru,"'mon': 09:00-18:30, 'tue': 09:00-18:30, 'wed': 09:00-18:30, 'thu': 09:00-18:30, 'fri': 09:00-18:30, 'sat': 09:00-18:30, 'sun': выходной",59.124458,37.977480,"4,3",['8 (800) 555-55-50Показать телефон'],"['http://ok.ru/sberbank', 'https://vk.com/sberbank']",85,83,86,94,93,100,,
10,1079921806,СберБанк,"просп. Победы, 208А, Череповец",www.sberbank.ru,"'mon': 09:00-18:30, 'tue': 09:00-18:30, 'wed': 09:00-18:30, 'thu': 09:00-18:30, 'fri': 09:00-18:30, 'sat': 09:00-18:30, 'sun': выходной",59.119754,38.002924,"4,7",['8 (800) 555-55-50Показать телефон'],"['http://ok.ru/sberbank', 'https://vk.com/sberbank']",85,84,91,59,,100,,
11,1004888542,СберБанк,"ул. Космонавта Беляева, 2, Череповец",www.sberbank.ru,"'mon': 09:00-19:00, 'tue': 09:00-19:00, 'wed': 09:00-19:00, 'thu': 09:00-19:00, 'fri': 09:00-19:00, 'sat': 09:00-19:00, 'sun': выходной",59.127136,37.984220,"4,5",['8 (800) 555-55-50Показать телефон'],"['http://ok.ru/sberbank', 'https://vk.com/sberbank']",80,77,81,83,79,100,,
