,ID,name,address,website,opening_hours,lat,lon,rating,phone,social,Обслуживание,Персонал,Отношение к клиентам,Время ожидания,Банкомат,Расположение
0,1118309608,СберБанк,"ул. Дзержинского, 25, Якутск",www.sberbank.ru,"'mon': 09:00-19:00, 'tue': 09:00-19:00, 'wed': 09:00-19:00, 'thu': 09:00-19:00, 'fri': 09:00-18:00, 'sat': выходной, 'sun': выходной",C62.04554,129.73968,"4,8",['8 (800) 555-55-50Показать телефон'],"['http://ok.ru/sberbank', 'https://vk.com/sberbank']",91,91,93,72,60,100
1,1235874543,СберБанк,"Октябрьская ул., 27, Якутск",www.sberbank.ru,"'mon': 09:00-18:00, 'tue': 09:00-18:00, 'wed': 09:00-18:00, 'thu': 09:00-18:00, 'fri': 09:00-17:00, 'sat': выходной, 'sun': выходной",C62.02880,129.71428,"4,6",['8 (800) 555-55-50Показать телефон'],"['http://ok.ru/sberbank', 'https://vk.com/sberbank']",74,73,71,65,43,
2,1150810893,СберБанк,"ул. Лермонтова, 49, Якутск",www.sberbank.ru,"'mon': 09:00-19:00, 'tue': 09:00-19:00, 'wed': 09:00-19:00, 'thu': 09:00-19:00, 'fri': 09:00-18:00, 'sat': выходной, 'sun': 10:00-15:00",C62.03445,129.71772,"4,6",['8 (800) 555-55-50Показать телефон'],"['http://ok.ru/sberbank', 'https://vk.com/sberbank']",91,93,93,75,69,79
3,89625155738,СберБанк,"ул. Каландаришвили, 21, Якутск",www.sberbank.ru,"'mon': 10:00-18:00, 'tue': 10:00-18:00, 'wed': 10:00-18:00, 'thu': 10:00-18:00, 'fri': 10:00-17:00, 'sat': выходной, 'sun': выходной",C62.02260,129.70216,"4,6",['8 (800) 555-55-50Показать телефон'],"['http://ok.ru/sberbank', 'https://vk.com/sberbank']",90,100,96,92,,
4,1082642781,СберБанк,"просп. Ленина, 56, Якутск",www.sberbank.ru,"'mon': 09:00-17:30, 'tue': 09:00-17:30, 'wed': 09:00-17:30, 'thu': 09:00-17:30, 'fri': 09:00-16:30, 'sat': выходной, 'sun': выходной",C62.01847,129.72001,"4,3",['8 (800) 555-55-50Показать телефон'],"['http://ok.ru/sberbank', 'https://vk.com/sberbank']",81,85,83,64,,
5,1158378267,СберБанк,"просп. Ленина, 17, Якутск",www.sberbank.ru,"'mon': 09:00-18:00, 'tue': 09:00-18:00, 'wed': 09:00-18:00, 'thu': 09:00-18:00, 'fri': 09:00-17:00, 'sat': выходной, 'sun': выходной",C62.03024,129.73810,"4,3",['8 (800) 555-55-50Показать телефон'],"['http://ok.ru/sberbank', 'https://vk.com/sberbank']",,,,,,
6,1219498070,СберБанк,"ул. Петра Алексеева, 19, Якутск",www.sberbank.ru,"'mon': 09:30-17:30, 'tue': 09:30-17:30, 'wed': 09:30-17:30, 'thu': 09:30-17:30, 'fri': 09:30-16:30, 'sat': выходной, 'sun': выходной",C62.03662,129.73650,"4,3",['8 (800) 555-55-50Показать телефон'],"['http://ok.ru/sberbank', 'https://vk.com/sberbank']",72,81,81,59,,
7,1190168507,СберБанк,"ул. Можайского, 27, Якутск",www.sberbank.ru,"'mon': 09:00-17:30, 'tue': 09:00-17:30, 'wed': 09:00-17:30, 'thu': 09:00-17:30, 'fri': 09:00-16:30, 'sat': выходной, 'sun': выходной",C62.08612,129.74043,"4,5",['8 (800) 555-55-50Показать телефон'],"['http://ok.ru/sberbank', 'https://vk.com/sberbank']",96,94,94,88,,
8,1000197239,СберБанк,"ул. Чиряева, 5, Якутск",www.sberbank.ru,"'mon': 09:00-18:00, 'tue': 09:00-18:00, 'wed': 09:00-18:00, 'thu': 09:00-18:00, 'fri': 09:00-17:00, 'sat': выходной, 'sun': выходной",C62.03523,129.75158,"4,4",['8 (800) 555-55-50Показать телефон'],"['http://ok.ru/sberbank', 'https://vk.com/sberbank']",80,81,81,80,54,
9,1011301210,СберБанк,"ул. Дзержинского, 18/2, Якутск",www.sberbank.ru,"'mon': 10:00-18:00, 'tue': 10:00-18:00, 'wed': 10:00-18:00, 'thu': 10:00-18:00, 'fri': 10:00-18:00, 'sat': выходной, 'sun': выходной",C62.04021,129.74467,"4,3",['8 (800) 555-55-50Показать телефон'],"['http://ok.ru/sberbank', 'https://vk.com/sberbank']",,,,,,
10,1229026996,СберБанк,"ул. Ярославского, 17, Якутск",www.sberbank.ru,"'mon': 10:00-17:30, 'tue': 10:00-17:30, 'wed': 10:00-17:30, 'thu': 10:00-17:30, 'fri': 10:00-16:30, 'sat': выходной, 'sun': выходной",C62.02457,129.73709,"4,2",['8 (800) 555-55-50Показать телефон'],"['https://ok.ru/sber/', 'https://vk.com/sberbank']",,,,,,
11,1115152953,СберБанк,"ул. Строда, 4, рабочий посёлок Жатай",www.sberbank.ru,"'mon': выходной, 'tue': 09:00-13:00,14:00-17:30, 'wed': 09:00-13:00,14:00-17:30, 'thu': 09:00-13:00,14:00-17:30, 'fri': 09:00-13:00,14:00-16:30, 'sat': выходной, 'sun': выходной",C62.16558,129.83930,"4,4",['8 (800) 555-55-50Показать телефон'],"['http://ok.ru/sberbank', 'https://vk.com/sberbank']",,,,,,
12,95760236295,СберБанк,"ул. Ленина, 11, п. г. т. Нижний Бестях",www.sberbank.ru,"'mon': 09:00-16:30, 'tue': 09:00-16:30, 'wed': 09:00-16:30, 'thu': 09:00-16:30, 'fri': 09:00-15:30, 'sat': выходной, 'sun': выходной",C61.95475,129.90076,"4,3",['8 (800) 555-55-50Показать телефон'],"['http://ok.ru/sberbank', 'https://vk.com/sberbank']",,,,,,
13,182644949726,СберБанк,"Комсомольская ул., 18, село Табага",www.sberbank.ru,"'mon': выходной, 'tue': выходной, 'wed': выходной, 'thu': выходной, 'fri': выходной, 'sat': выходной, 'sun': выходной",C61.85550,129.59951,,['8 (800) 555-55-50Показать телефон'],['https://vk.com/sberbank'],,,,,,
