,ID,name,address,website,opening_hours,lat,lon,rating,phone,social,Обслуживание,Отношение к клиентам,Персонал,Время ожидания,Банкомат,Расположение,График работы,Кредит,Ипотека
0,1147545882,СберБанк,"просп. Ленина, 32/16, Электросталь",www.sberbank.ru,"'mon': 09:00-19:00, 'tue': 09:00-19:00, 'wed': 09:00-19:00, 'thu': 09:00-19:00, 'fri': 09:00-19:00, 'sat': 09:00-19:00, 'sun': выходной",55.790570,38.441013,"4,5",['8 (800) 555-55-50Показать телефон'],"['http://ok.ru/sberbank', 'https://vk.com/sberbank']",76,74,81,50,13,89,,,
1,1127641966,СберБанк,"ул. Мира, 18, Электросталь",www.sberbank.ru,"'mon': 09:00-18:30, 'tue': 09:00-18:30, 'wed': 09:00-18:30, 'thu': 09:00-18:30, 'fri': 09:00-18:30, 'sat': 09:00-18:30, 'sun': выходной",55.777368,38.443961,"4,6",['8 (800) 555-55-50Показать телефон'],"['https://ok.ru/sberbank', 'https://vk.com/sberbank']",74,74,82,57,65,100,,,
2,1047315899,СберБанк,"ул. Карла Маркса, 20, Электросталь",www.sberbank.ru,"'mon': 09:00-18:00, 'tue': 09:00-18:00, 'wed': 09:00-18:00, 'thu': 09:00-18:00, 'fri': 09:00-18:00, 'sat': 09:00-18:00, 'sun': выходной",55.794051,38.467125,"4,4",['8 (800) 555-55-50Показать телефон'],"['http://ok.ru/sberbank', 'https://vk.com/sberbank']",75,78,82,48,56,,29,,
3,1262621486,СберБанк,"ул. Победы, 17, корп. 1, Электросталь",www.sberbank.ru,"'mon': 09:00-18:30, 'tue': 09:00-18:30, 'wed': 09:00-18:30, 'thu': 09:00-18:30, 'fri': 09:00-18:30, 'sat': 09:00-18:30, 'sun': выходной",55.771206,38.445233,"4,6",['8 (800) 555-55-50Показать телефон'],"['http://ok.ru/sberbank', 'https://vk.com/sberbank']",74,79,81,63,52,91,,,
4,1268655737,СберБанк,"просп. Ленина, 1Б, Электросталь",www.sberbank.ru,"'mon': 09:30-18:30, 'tue': 09:30-18:30, 'wed': 09:30-18:30, 'thu': 09:30-18:30, 'fri': 09:30-18:30, 'sat': 09:30-18:30, 'sun': выходной",55.806243,38.435731,"4,4",['8 (800) 555-55-50Показать телефон'],"['http://ok.ru/sberbank', 'https://vk.com/sberbank']",79,80,83,70,,82,,,
5,1206367352,СберБанк,"ул. 3-го Интернационала, 39, Ногинск",www.sberbank.ru,"'mon': 09:00-18:30, 'tue': 09:00-18:30, 'wed': 09:00-18:30, 'thu': 09:00-18:30, 'fri': 09:00-18:30, 'sat': 09:00-18:30, 'sun': выходной",55.857180,38.450868,"4,8",['8 (800) 555-55-50Показать телефон'],"['http://ok.ru/sberbank', 'https://vk.com/sberbank']",94,91,92,84,85,96,,,
6,1038818901,СберБанк,"ул. 3-го Интернационала, 113, Ногинск",www.sberbank.ru,"'mon': 09:00-19:00, 'tue': 09:00-19:00, 'wed': 09:00-19:00, 'thu': 09:00-19:00, 'fri': 09:00-19:00, 'sat': 09:00-19:00, 'sun': выходной",55.852434,38.431746,"4,8",['8 (800) 555-55-50Показать телефон'],"['http://ok.ru/sberbank', 'https://vk.com/sberbank']",82,83,86,74,58,94,,57,79
7,1228599072,СберБанк,"ул. 3-го Интернационала, 171, Ногинск",www.sberbank.ru,"'mon': 09:00-18:00, 'tue': 09:00-18:00, 'wed': 09:00-18:00, 'thu': 09:00-18:00, 'fri': 09:00-18:00, 'sat': 09:00-18:00, 'sun': выходной",55.842550,38.405916,"4,6",['8 (800) 555-55-50Показать телефон'],"['http://ok.ru/sberbank', 'https://vk.com/sberbank']",87,89,96,85,90,100,,,
8,1259676394,СберБанк,"Трудовая ул., 4Б, Ногинск",www.sberbank.ru,"'mon': 09:00-18:30, 'tue': 09:00-18:30, 'wed': 09:00-18:30, 'thu': 09:00-18:30, 'fri': 09:00-18:30, 'sat': 09:00-18:30, 'sun': выходной",55.854300,38.438615,"4,7",['8 (800) 555-55-50Показать телефон'],"['http://ok.ru/sberbank', 'https://vk.com/sberbank']",84,86,89,64,41,,,,
9,1105410432,СберБанк,"ул. Сергеева, 12, рабочий посёлок имени Воровского",www.sberbank.ru,"'mon': выходной, 'tue': 08:45-13:00,14:00-18:00, 'wed': 08:45-13:00,14:00-18:00, 'thu': 08:45-13:00,14:00-18:00, 'fri': 08:45-13:00,14:00-18:00, 'sat': 08:45-13:00,14:00-18:00, 'sun': выходной",55.725336,38.333125,"3,9",['8 (800) 555-55-50Показать телефон'],['https://vk.com/sberbank'],87,95,96,24,0,,,,
10,1500164443,СберБанк,"180, д. Стёпаново",www.sberbank.ru,"'mon': 09:00-13:00,13:30-17:15, 'tue': 09:00-13:00,13:30-16:15, 'wed': 09:00-13:00,13:30-16:15, 'thu': 09:00-13:00,13:30-16:15, 'fri': 09:00-13:00,13:30-16:15, 'sat': выходной, 'sun': выходной",55.724951,38.464379,"4,0",['8 (800) 555-55-50Показать телефон'],"['http://ok.ru/sberbank', 'https://vk.com/sberbank']",,,,,,,,,
