,ID,name,address,website,opening_hours,lat,lon,rating,phone,social,Отношение к клиентам,Обслуживание,Персонал,Время ожидания
0,148689932472,СберБанк,"2Б, 9-й микрорайон, Лесосибирск",www.sberbank.ru,"'mon': 09:00-17:00, 'tue': 09:00-17:00, 'wed': 09:00-17:00, 'thu': 09:00-17:00, 'fri': 09:00-17:00, 'sat': выходной, 'sun': выходной",58.218729,92.507301,"4,5",['8 (800) 555-55-50Показать телефон'],"['http://ok.ru/sberbank', 'https://vk.com/sberbank']",80,80,80,
1,1670797399,СберБанк,"ул. Белинского, 17, Лесосибирск",www.sberbank.ru,"'mon': 09:00-17:30, 'tue': 09:00-17:30, 'wed': 09:00-17:30, 'thu': 09:00-17:30, 'fri': 09:00-17:30, 'sat': 09:00-17:30, 'sun': выходной",58.192914,92.527076,"4,4",['8 (800) 555-55-50Показать телефон'],"['http://ok.ru/sberbank', 'https://vk.com/sberbank']",67,67,80,
2,1070235151,СберБанк,"2Б, 9-й микрорайон, Лесосибирск",www.sberbank.ru,"'mon': 09:00-18:00, 'tue': 09:00-18:00, 'wed': 09:00-18:00, 'thu': 09:00-18:00, 'fri': 09:00-18:00, 'sat': 09:00-18:00, 'sun': выходной",58.218730,92.507300,"4,3",['8 (800) 555-55-50Показать телефон'],"['http://ok.ru/sberbank', 'https://vk.com/sberbank']",92,88,82,
3,1649080459,СберБанк,"ул. 40 лет Октября, 1А, посёлок Новоенисейск, Лесосибирск",www.sberbank.ru,"'mon': 09:30-17:30, 'tue': 09:30-17:30, 'wed': 09:30-17:30, 'thu': 09:30-17:30, 'fri': 09:30-17:30, 'sat': 09:30-17:30, 'sun': выходной",58.294242,92.392751,"4,4",['8 (800) 555-55-50Показать телефон'],"['http://ok.ru/sberbank', 'https://vk.com/sberbank']",83,86,92,
4,1584320106,СберБанк,"ул. Бабкина, 26, Енисейск",www.sberbank.ru,"'mon': 09:00-17:30, 'tue': 09:00-17:30, 'wed': 09:00-17:30, 'thu': 09:00-17:30, 'fri': 09:00-17:30, 'sat': 09:00-17:30, 'sun': выходной",58.451484,92.172511,"4,4",['8 (800) 555-55-50Показать телефон'],"['http://ok.ru/sberbank', 'https://vk.com/sberbank']",83,86,90,82
5,101377696473,СберБанк,"ул. Нефтяников, 7, село Абалаково",www.sberbank.ru,"'mon': 10:00-13:00,14:00-16:10, 'tue': 10:00-13:00,14:00-16:10, 'wed': выходной, 'thu': выходной, 'fri': выходной, 'sat': выходной, 'sun': выходной",58.113033,92.707647,"3,5",['8 (800) 555-55-50Показать телефон'],"['http://ok.ru/sberbank', 'https://vk.com/sberbank']",,,,
