,ID,name,address,website,opening_hours,lat,lon,rating,phone,social,Обслуживание,Персонал,Отношение к клиентам,Время ожидания,Кредит,Расположение,Банкомат,Ремонт
0,1049790377,СберБанк,"ул. В.И. Ленина, 305, Элиста",www.sberbank.ru,"'mon': 08:30-17:30, 'tue': 08:30-17:30, 'wed': 08:30-17:30, 'thu': 08:30-17:30, 'fri': 08:30-17:30, 'sat': 08:30-17:30, 'sun': выходной",46.310707,44.281075,"4,6",['8 (800) 555-55-50Показать телефон'],"['https://ok.ru/sberbank', 'https://vk.com/sberbank']",77,86,79,80,43,,,
1,1041523985,СберБанк,"22, 3-й микрорайон, Элиста",www.sberbank.ru,"'mon': 08:30-17:30, 'tue': 08:30-17:30, 'wed': 08:30-17:30, 'thu': 08:30-17:30, 'fri': 08:30-17:30, 'sat': 08:30-17:30, 'sun': выходной",46.316172,44.267964,"4,4",['8 (800) 555-55-50Показать телефон'],"['http://ok.ru/sberbank', 'https://vk.com/sberbank']",81,78,79,75,,91,,
2,1570841138,СберБанк,"25, 9-й микрорайон, Элиста",www.sberbank.ru,"'mon': 08:30-17:30, 'tue': 08:30-17:30, 'wed': 08:30-17:30, 'thu': 08:30-17:30, 'fri': 08:30-17:30, 'sat': 08:30-17:30, 'sun': выходной",46.301881,44.312218,"4,8",['8 (800) 555-55-50Показать телефон'],"['http://ok.ru/sberbank', 'https://vk.com/sberbank']",95,97,96,88,,82,,
3,6545368798,СберБанк,"ул. Номто Очирова, 7А, Элиста",www.sberbank.ru,"'mon': 09:00-18:00, 'tue': 09:00-18:00, 'wed': 09:00-18:00, 'thu': 09:00-18:00, 'fri': 09:00-18:00, 'sat': 09:00-18:00, 'sun': выходной",46.306223,44.268672,"4,5",['8 (800) 555-55-50Показать телефон'],"['http://ok.ru/sberbank', 'https://vk.com/sberbank']",96,100,96,100,,,,
4,181632960340,СберБанк,"ул. Максима Горького, 13Б, Элиста",www.sberbank.ru,"'mon': 08:30-18:30, 'tue': 08:30-18:30, 'wed': 08:30-18:30, 'thu': 08:30-18:30, 'fri': 08:30-18:30, 'sat': 08:30-18:00, 'sun': 09:00-15:30",46.309146,44.264986,"4,6",['8 (800) 555-55-50Показать телефон'],['https://vk.com/sberbank'],91,89,88,74,,93,50,100
5,1021935890,СберБанк,"ул. Будённого, 1А, село Троицкое",www.sberbank.ru,"'mon': 08:30-17:00, 'tue': 08:30-17:00, 'wed': 08:30-17:00, 'thu': 08:30-17:00, 'fri': 08:30-17:00, 'sat': 08:30-17:00, 'sun': выходной",46.414348,44.253482,"4,2",['8 (800) 555-55-50Показать телефон'],"['http://ok.ru/sberbank', 'https://vk.com/sberbank']",71,77,67,,,,,
