,ID,name,address,website,opening_hours,lat,lon,rating,phone,social,Обслуживание,Персонал,Отношение к клиентам,Время ожидания,Банкомат
0,1070929531,СберБанк,"ул. Халтурина, 43, Лабинск",www.sberbank.ru,"'mon': 08:00-17:30, 'tue': 08:00-17:30, 'wed': 08:00-17:30, 'thu': 08:00-17:30, 'fri': 08:00-17:30, 'sat': 08:00-17:30, 'sun': выходной",44.635151,40.732810,"4,5",['8 (800) 555-55-50Показать телефон'],"['http://ok.ru/sberbank', 'https://vk.com/sberbank']",90,91,88,75,40
1,111790624344,СберБанк,"Пионерская ул., 34, Лабинск",www.sberbank.ru,"'mon': 08:00-13:00,14:00-16:45, 'tue': 08:00-13:00,14:00-16:45, 'wed': 08:00-13:00,14:00-16:45, 'thu': 08:00-13:00,14:00-16:45, 'fri': 08:00-13:00,14:00-16:45, 'sat': 08:00-13:00,14:00-16:45, 'sun': выходной",44.620518,40.742095,"4,4",['8 (800) 555-55-50Показать телефон'],"['http://ok.ru/sberbank', 'https://vk.com/sberbank']",,,,,
2,1054919885,СберБанк,"ул. 30 лет Победы, 44, станица Владимирская",www.sberbank.ru,"'mon': выходной, 'tue': 09:00-12:00,13:00-16:30, 'wed': 09:00-12:00,13:00-16:30, 'thu': 09:00-12:00,13:00-16:30, 'fri': 09:00-12:00,13:00-16:30, 'sat': 09:00-16:30, 'sun': выходной",44.545892,40.803869,"4,7",['8 (800) 555-55-50Показать телефон'],"['http://ok.ru/sberbank', 'https://vk.com/sberbank']",,,,,
3,1078483585,СберБанк,"Коммунистическая ул., 40, посёлок Прохладный",www.sberbank.ru,"'mon': выходной, 'tue': 08:30-12:00,12:30-16:00, 'wed': 08:30-12:00,12:30-16:00, 'thu': выходной, 'fri': 08:30-12:00,12:30-16:00, 'sat': 09:00-14:30, 'sun': выходной",44.712242,40.700124,"4,0",['8 (800) 555-55-50Показать телефон'],"['http://ok.ru/sberbank', 'https://vk.com/sberbank']",,,,,
4,1006390326,СберБанк,"ул. Ленина, 151А, село Вольное",www.sberbank.ru,"'mon': выходной, 'tue': 08:00-12:00,12:30-17:00, 'wed': выходной, 'thu': выходной, 'fri': 08:00-12:00,12:30-17:00, 'sat': выходной, 'sun': выходной",44.625612,40.699979,"4,0",['8 (800) 555-55-50Показать телефон'],"['http://ok.ru/sberbank', 'https://vk.com/sberbank']",,,,,
5,1241221229,СберБанк,"Первомайская ул., 161, станица Родниковская",www.sberbank.ru,"'mon': выходной, 'tue': 08:00-12:00,13:00-16:30, 'wed': 08:00-12:00,13:00-16:30, 'thu': 08:00-12:00,13:00-16:30, 'fri': 08:00-12:00,13:00-16:30, 'sat': 08:00-12:00,13:00-16:30, 'sun': выходной",44.765493,40.657776,"4,3",['8 (800) 555-55-50Показать телефон'],"['http://ok.ru/sberbank', 'https://vk.com/sberbank']",100,,,,17
6,1015515269,СберБанк,"Советская ул., 52, село Натырбово",www.sberbank.ru,"'mon': выходной, 'tue': выходной, 'wed': 09:00-12:00,13:00-16:20, 'thu': 09:00-12:00,13:00-16:20, 'fri': выходной, 'sat': 09:00-12:00,13:00-16:20, 'sun': выходной",44.732090,40.623928,"4,1",['8 (800) 555-55-50Показать телефон'],"['http://ok.ru/sberbank', 'https://vk.com/sberbank']",,,,,
