,ID,name,address,website,opening_hours,lat,lon,rating,phone,social,Обслуживание,Персонал,Отношение к клиентам,Время ожидания,Банкомат,Расположение
0,1216337055,СберБанк,"ул. Маяковского, 52А, Магнитогорск",www.sberbank.ru,"'mon': 09:00-18:00, 'tue': 09:00-18:00, 'wed': 09:00-18:00, 'thu': 09:00-18:00, 'fri': 09:00-18:00, 'sat': 09:00-18:00, 'sun': выходной",53.392157,59.061876,"4,6",['8 (800) 555-55-50Показать телефон'],"['http://ok.ru/sberbank', 'https://vk.com/sberbank']",89,90,91,71,45,
1,1008973879,СберБанк,"просп. Ленина, 74А, Магнитогорск",www.sberbank.ru,"'mon': 09:00-19:00, 'tue': 09:00-19:00, 'wed': 09:00-19:00, 'thu': 09:00-19:00, 'fri': 09:00-19:00, 'sat': 09:00-19:00, 'sun': выходной",53.405979,58.984811,"4,7",['8 (800) 555-55-50Показать телефон'],"['https://ok.ru/sberbank', 'https://vk.com/sberbank']",78,81,76,71,73,91
2,1089238720,СберБанк,"просп. Карла Маркса, 18, Магнитогорск",www.sberbank.ru,"'mon': 09:00-18:00, 'tue': 09:00-18:00, 'wed': 09:00-18:00, 'thu': 09:00-18:00, 'fri': 09:00-18:00, 'sat': 09:00-18:00, 'sun': выходной",53.433198,58.978726,"4,4",['8 (800) 555-55-50Показать телефон'],"['http://ok.ru/sberbank', 'https://vk.com/sberbank']",90,95,91,74,57,90
3,1178930821,СберБанк,"просп. Металлургов, 19, Магнитогорск",www.sberbank.ru,"'mon': 09:30-18:30, 'tue': 09:30-18:30, 'wed': 09:30-18:30, 'thu': 09:30-18:30, 'fri': 09:30-18:30, 'sat': 09:30-18:30, 'sun': 10:00-14:00",53.421906,58.984799,"4,4",['8 (800) 555-55-50Показать телефон'],"['http://ok.ru/sberbank', 'https://vk.com/sberbank']",86,90,83,80,,
4,1145311749,СберБанк,"ул. Грязнова, 39, Магнитогорск",www.sberbank.ru,"'mon': 09:00-18:30, 'tue': 09:00-18:30, 'wed': 09:00-18:30, 'thu': 09:00-18:30, 'fri': 09:00-18:30, 'sat': 09:00-18:30, 'sun': выходной",53.398293,58.976761,"4,3",['8 (800) 555-55-50Показать телефон'],"['http://ok.ru/sberbank', 'https://vk.com/sberbank']",77,84,76,29,,
5,1207597881,СберБанк,"ул. Ворошилова, 21, Магнитогорск",www.sberbank.ru,"'mon': 09:00-18:30, 'tue': 09:00-18:30, 'wed': 09:00-18:30, 'thu': 09:00-18:30, 'fri': 09:00-18:30, 'sat': 09:00-18:30, 'sun': выходной",53.370613,58.982126,"4,6",['8 (800) 555-55-50Показать телефон'],"['http://ok.ru/sberbank', 'https://vk.com/sberbank']",90,92,89,48,35,
6,1214923679,СберБанк,"просп. Карла Маркса, 143/1, Магнитогорск",www.sberbank.ru,"'mon': 09:30-18:00, 'tue': 09:30-18:00, 'wed': 09:30-18:00, 'thu': 09:30-18:00, 'fri': 09:30-18:00, 'sat': 09:30-18:00, 'sun': выходной",53.383149,58.979313,"4,4",['8 (800) 555-55-50Показать телефон'],"['http://ok.ru/sberbank', 'https://vk.com/sberbank']",71,73,80,70,,
7,99993362156,СберБанк,"ул. Салтыкова-Щедрина, 1, Магнитогорск",www.sberbank.ru,"'mon': выходной, 'tue': 08:30-13:00,14:00-17:30, 'wed': 08:30-13:00,14:00-17:30, 'thu': 08:30-13:00,14:00-17:30, 'fri': 08:30-13:00,14:00-17:30, 'sat': 08:30-13:00,14:00-17:30, 'sun': выходной",53.467011,59.064185,"4,4",['8 (800) 555-55-50Показать телефон'],"['http://ok.ru/sberbank', 'https://vk.com/sberbank']",,,,,,
8,1672105736,СберБанк,"Советская ул., 162, Магнитогорск",www.sberbank.ru,"'mon': 09:00-18:30, 'tue': 09:00-18:30, 'wed': 09:00-18:30, 'thu': 09:00-18:30, 'fri': 09:00-18:30, 'sat': 09:00-18:30, 'sun': выходной",53.366755,58.961223,"4,5",['8 (800) 555-55-50Показать телефон'],"['http://ok.ru/sberbank', 'https://vk.com/sberbank']",87,89,89,80,,
9,1221967473,СберБанк,"Советская ул., 115, Магнитогорск",www.sberbank.ru,"'mon': 09:00-17:30, 'tue': 09:00-17:30, 'wed': 09:00-17:30, 'thu': 09:00-17:30, 'fri': 09:00-17:30, 'sat': 09:00-17:30, 'sun': выходной",53.408197,58.962309,"4,4",['8 (800) 555-55-50Показать телефон'],"['http://ok.ru/sberbank', 'https://t.me/sberbank', 'https://vk.com/sberbank']",87,88,88,45,,
10,1160410494,СберБанк,"ул. 50-летия Магнитки, 33А, Магнитогорск",www.sberbank.ru,"'mon': 09:30-18:30, 'tue': 09:30-18:30, 'wed': 09:30-18:30, 'thu': 09:30-18:30, 'fri': 09:30-18:30, 'sat': 09:30-18:30, 'sun': выходной",53.358496,58.972343,"4,4",['8 (800) 555-55-50Показать телефон'],"['http://ok.ru/sberbank', 'https://vk.com/sberbank']",91,93,94,76,47,
11,1120945106,СберБанк,"Сиреневый пр., 12, Магнитогорск",www.sberbank.ru,"'mon': 09:00-17:30, 'tue': 09:00-17:30, 'wed': 09:00-17:30, 'thu': 09:00-17:30, 'fri': 09:00-17:30, 'sat': 09:00-17:30, 'sun': выходной",53.361421,59.004081,"4,4",['8 (800) 555-55-50Показать телефон'],"['http://ok.ru/sberbank', 'https://vk.com/sberbank']",77,77,74,79,,
12,1047077602,СберБанк,"Пролетарская ул., 24А, село Агаповка",www.sberbank.ru,"'mon': 09:00-17:15, 'tue': 09:00-17:15, 'wed': 09:00-17:15, 'thu': 09:00-17:15, 'fri': 09:00-17:15, 'sat': 09:00-17:15, 'sun': выходной",53.298517,59.131397,"4,4",['8 (800) 555-55-50Показать телефон'],"['http://ok.ru/sberbank', 'https://vk.com/sberbank']",88,92,88,64,,
13,1151863470,СберБанк,"Центральная ул., 13, село Красная Башкирия",www.sberbank.ru,"'mon': выходной, 'tue': выходной, 'wed': выходной, 'thu': выходной, 'fri': 09:00-13:00,14:00-17:30, 'sat': выходной, 'sun': выходной",53.385520,58.852039,"2,9",['8 (800) 555-55-50Показать телефон'],"['http://ok.ru/sberbank', 'https://vk.com/sberbank']",,,,,,
14,228617411784,СберБанк,"ул. Титова, 1, село Янгельское",www.sberbank.ru,"'mon': 09:30-13:00,14:00-17:00, 'tue': 09:00-13:00,14:00-17:00, 'wed': 09:00-13:00,14:00-17:00, 'thu': 09:00-13:00,14:00-17:00, 'fri': выходной, 'sat': 09:00-14:15, 'sun': выходной",53.258836,58.791600,"3,7",['8 (800) 555-55-50Показать телефон'],"['http://ok.ru/sberbank', 'https://vk.com/sberbank']",,,,,,
