,ID,name,address,website,opening_hours,lat,lon,rating,phone,social,Обслуживание,Отношение к клиентам,Персонал,Время ожидания,Банкомат,Расположение
0,1036234288,СберБанк,"Амурская ул., 61, Южно-Сахалинск",www.sberbank.ru,"'mon': 09:00-19:30, 'tue': 09:00-19:30, 'wed': 09:00-19:30, 'thu': 09:00-19:30, 'fri': 09:00-19:30, 'sat': 09:00-19:30, 'sun': выходной",C46.95805,142.73176,"4,3",['8 (800) 555-55-50Показать телефон'],"['https://ok.ru/sberbank', 'https://vk.com/sberbank']",77,70,79,65,92,
1,1079337229,СберБанк,"Комсомольская ул., 195А, Южно-Сахалинск",www.sberbank.ru,"'mon': 09:30-18:00, 'tue': 09:30-18:00, 'wed': 09:30-18:00, 'thu': 09:30-18:00, 'fri': 09:30-18:00, 'sat': 09:30-18:00, 'sun': выходной",C46.95125,142.75010,"4,5",['8 (800) 555-55-50Показать телефон'],"['http://ok.ru/sberbank', 'https://vk.com/sberbank']",81,73,79,72,83,83
2,1133490087,СберБанк,"Сахалинская ул., 68, Южно-Сахалинск",www.sberbank.ru,"'mon': 09:00-19:00, 'tue': 09:00-19:00, 'wed': 09:00-19:00, 'thu': 09:00-19:00, 'fri': 09:00-19:00, 'sat': 09:00-19:00, 'sun': выходной",C46.96403,142.72553,"4,7",['8 (800) 555-55-50Показать телефон'],"['http://ok.ru/sberbank', 'https://vk.com/sberbank']",82,79,84,79,,100
3,1075704094,СберБанк,"просп. Мира, 420, Южно-Сахалинск",www.sberbank.ru,"'mon': 09:30-18:00, 'tue': 09:30-18:00, 'wed': 09:30-18:00, 'thu': 09:30-18:00, 'fri': 09:30-18:00, 'sat': 09:30-18:00, 'sun': выходной",C46.93480,142.74407,"4,2",['8 (800) 555-55-50Показать телефон'],"['http://ok.ru/sberbank', 'https://vk.com/sberbank']",87,89,86,88,,
4,163247873506,СберБанк,"Комсомольская ул., 259В, Южно-Сахалинск",www.sberbank.ru,"'mon': 09:00-18:00, 'tue': 09:00-18:00, 'wed': 09:00-18:00, 'thu': 09:00-18:00, 'fri': 09:00-18:00, 'sat': выходной, 'sun': выходной",C46.93663,142.75276,"4,4",['8 (800) 555-55-50Показать телефон'],"['http://ok.ru/sberbank', 'https://vk.com/sberbank']",84,83,91,83,,
5,1066493701,СберБанк,"Украинская ул., 113Б, Южно-Сахалинск",www.sberbank.ru,"'mon': 09:00-17:00, 'tue': 09:00-17:00, 'wed': 09:00-17:00, 'thu': 09:00-17:00, 'fri': 09:00-17:00, 'sat': 09:00-17:00, 'sun': выходной",C46.98276,142.71579,"4,4",['8 (800) 555-55-50Показать телефон'],"['http://ok.ru/sberbank', 'https://vk.com/sberbank']",84,93,93,70,,
6,132367766845,СберБанк,"Комсомольская ул., 259В, Южно-Сахалинск",www.sberbank.ru,"'mon': 09:00-18:00, 'tue': 09:00-18:00, 'wed': 09:00-18:00, 'thu': 09:00-18:00, 'fri': 09:00-18:00, 'sat': 09:00-18:00, 'sun': выходной",C46.93663,142.75276,"4,6",['8 (800) 555-55-50Показать телефон'],"['http://ok.ru/sberbank', 'https://vk.com/sberbank']",93,92,92,,,
7,1128223204,СберБанк,"ул. Ленина, 41, Анива",www.sberbank.ru,"'mon': 09:00-17:00, 'tue': 09:00-17:00, 'wed': 09:00-17:00, 'thu': 09:00-17:00, 'fri': 09:00-17:00, 'sat': 09:00-17:00, 'sun': выходной",C46.71913,142.51965,"4,3",['8 (800) 555-55-50Показать телефон'],"['http://ok.ru/sberbank', 'https://vk.com/sberbank']",,,,,,
8,127716070107,СберБанк,"Коммунистическая ул., 16, село Синегорск",www.sberbank.ru,"'mon': выходной, 'tue': 09:00-13:00,14:00-16:30, 'wed': 09:00-13:00,14:00-16:30, 'thu': выходной, 'fri': 09:00-13:00,14:00-16:30, 'sat': 09:00-13:00,14:00-16:30, 'sun': выходной",C47.17095,142.50957,"3,8",['8 (800) 555-55-50Показать телефон'],"['http://ok.ru/sberbank', 'https://vk.com/sberbank']",,,,,,
