,ID,name,address,website,opening_hours,lat,lon,rating,phone,social,Обслуживание,Отношение к клиентам,Персонал,Время ожидания
0,1040062100,СберБанк,"Интернациональная ул., 10, Нижневартовск",www.sberbank.ru,"'mon': 09:00-19:30, 'tue': 09:00-19:30, 'wed': 09:00-19:30, 'thu': 09:00-19:30, 'fri': 09:00-19:30, 'sat': 09:00-16:00, 'sun': выходной",60.947638,76.591070,"4,7",['8 (800) 555-55-50Показать телефон'],"['https://ok.ru/sberbank', 'https://t.me/sberbank', 'https://vk.com/sberbank']",79,79,83,76
1,1016906677,СберБанк,"Спортивная ул., 15, Нижневартовск",www.sberbank.ru,"'mon': 09:00-19:00, 'tue': 09:00-19:00, 'wed': 09:00-19:00, 'thu': 09:00-19:00, 'fri': 09:00-19:00, 'sat': 09:30-14:30, 'sun': выходной",60.940378,76.598870,"4,7",['8 (800) 555-55-50Показать телефон'],"['http://ok.ru/sberbank', 'https://vk.com/sberbank']",100,100,100,92
2,1106820429,СберБанк,"Омская ул., 11, Нижневартовск",www.sberbank.ru,"'mon': 09:00-19:30, 'tue': 09:00-19:30, 'wed': 09:00-19:30, 'thu': 09:00-19:30, 'fri': 09:00-19:30, 'sat': 09:30-18:00, 'sun': выходной",60.938248,76.564271,"4,6",['8 (800) 555-55-50Показать телефон'],"['http://ok.ru/sberbank', 'https://vk.com/sberbank']",77,71,86,70
3,1009965466,СберБанк,"ул. Дружбы Народов, 28Б, Нижневартовск",www.sberbank.ru,"'mon': 09:00-18:00, 'tue': 09:00-18:00, 'wed': 09:00-18:00, 'thu': 09:00-18:00, 'fri': 09:00-18:00, 'sat': 09:00-18:00, 'sun': выходной",60.934183,76.602084,"4,6",['8 (800) 555-55-50Показать телефон'],"['http://ok.ru/sberbank', 'https://vk.com/sberbank', 'https://youtube.com/user/Sberbank']",71,76,80,65
4,139259542198,СберБанк,"ул. Мира, 27, стр. 2, Нижневартовск",www.sberbank.ru,"'mon': 08:30-18:30, 'tue': 08:30-18:30, 'wed': 08:30-18:30, 'thu': 08:30-18:30, 'fri': 08:30-18:30, 'sat': 08:30-18:30, 'sun': выходной",60.945491,76.570557,"4,7",['8 (800) 555-55-50Показать телефон'],"['http://ok.ru/sberbank', 'https://vk.com/sberbank']",86,84,90,73
5,141902538000,СберБанк,"ул. 60 лет Октября, 53, Нижневартовск",www.sberbank.ru,"'mon': 09:00-18:30, 'tue': 09:00-18:30, 'wed': 09:00-18:30, 'thu': 09:00-18:30, 'fri': 09:00-18:30, 'sat': 09:30-14:00, 'sun': выходной",60.925809,76.592722,"4,5",['8 (800) 555-55-50Показать телефон'],"['http://ok.ru/sberbank', 'https://vk.com/sberbank']",74,70,75,60
6,1142155841,СберБанк,"ул. Нефтяников, 44, Нижневартовск",www.sberbank.ru,"'mon': 09:00-18:32, 'tue': 09:00-18:32, 'wed': 09:00-18:32, 'thu': 09:00-18:32, 'fri': 09:00-18:32, 'sat': 09:00-16:30, 'sun': выходной",60.937630,76.576497,"4,6",['8 (800) 555-55-50Показать телефон'],"['http://ok.ru/sberbank', 'https://vk.com/sberbank']",80,75,76,60
7,1225605213,СберБанк,"ул. Ленина, 46, Нижневартовск",www.sberbank.ru,"'mon': 09:00-17:00, 'tue': 09:00-17:00, 'wed': 09:00-17:00, 'thu': 09:00-17:00, 'fri': 09:00-17:00, 'sat': выходной, 'sun': выходной",60.933199,76.593912,"4,4",['8 (800) 555-55-50Показать телефон'],"['http://ok.ru/sberbank', 'https://vk.com/sberbank']",79,76,79,70
8,1127532610,СберБанк,"ул. Энергетиков, 1, п. г. т. Излучинск",www.sberbank.ru,"'mon': 09:30-18:00, 'tue': 09:30-18:00, 'wed': 09:30-18:00, 'thu': 09:30-18:00, 'fri': 09:30-18:00, 'sat': 09:30-18:00, 'sun': выходной",60.954725,76.886799,"4,5",['8 (800) 555-55-50Показать телефон'],"['http://ok.ru/sberbank', 'https://vk.com/sberbank']",77,72,79,73
9,1027734825,СберБанк,"ул. Нефтяников, 33, Мегион",www.sberbank.ru,"'mon': 08:45-18:30, 'tue': 08:45-18:30, 'wed': 08:45-18:30, 'thu': 08:45-18:30, 'fri': 08:45-18:30, 'sat': 09:30-14:00, 'sun': выходной",61.030833,76.101705,"4,6",['8 (800) 555-55-50Показать телефон'],"['http://ok.ru/sberbank', 'https://vk.com/sberbank']",80,78,82,57
10,217272615408,СберБанк,"ул. Нефтяников, 4, Мегион",www.sberbank.ru,"'mon': 09:30-17:45, 'tue': 09:30-17:45, 'wed': 09:30-17:45, 'thu': 09:30-17:45, 'fri': 09:30-17:45, 'sat': 09:30-17:45, 'sun': выходной",61.036363,76.109205,"4,6",['8 (800) 555-55-50Показать телефон'],"['http://ok.ru/sberbank', 'https://vk.com/sberbank']",88,93,92,80
