,ID,name,address,website,opening_hours,lat,lon,rating,phone,social,Обслуживание,Персонал,Отношение к клиентам,Время ожидания,Банкомат
0,1037426270,СберБанк,"ул. Ленина, 13, Чусовой",www.sberbank.ru,"'mon': 09:00-18:00, 'tue': 09:00-18:00, 'wed': 09:00-18:00, 'thu': 09:00-18:00, 'fri': 09:00-18:00, 'sat': 09:00-18:00, 'sun': выходной",58.297599,57.818965,"4,5",['8 (800) 555-55-50Показать телефон'],"['http://ok.ru/sberbank', 'https://vk.com/sberbank']",86,89,89,64,20
1,237197955563,СберБанк,"Садовая ул., 23, село Верхнее Калино",www.sberbank.ru,"'mon': выходной, 'tue': выходной, 'wed': 09:00-12:00,13:00-15:45, 'thu': 09:00-12:00,13:00-15:45, 'fri': 09:00-12:00,13:00-15:45, 'sat': выходной, 'sun': выходной",58.309696,57.659938,"4,0",['8 (800) 555-55-50Показать телефон'],"['http://ok.ru/sberbank', 'https://vk.com/sberbank']",,,,,
2,205090601626,СберБанк,"ул. Космонавтов, 3, рабочий посёлок Лямино",www.sberbank.ru,"'mon': 08:00-12:00,12:45-16:35, 'tue': 08:00-12:00,12:45-17:00, 'wed': 08:00-12:00,12:45-17:00, 'thu': 08:00-12:00,12:45-17:00, 'fri': 08:00-12:00,12:45-17:00, 'sat': 08:00-11:00,11:45-14:30, 'sun': выходной",58.284781,57.717692,"3,9",['8 (800) 555-55-50Показать телефон'],"['http://ok.ru/sberbank', 'https://vk.com/sberbank']",,,,,
3,1263342444,СберБанк,"ул. 50 лет ВЛКСМ, 2В, Чусовой",www.sberbank.ru,"'mon': 09:00-18:30, 'tue': 09:00-18:30, 'wed': 09:00-18:30, 'thu': 09:00-18:30, 'fri': 09:00-18:30, 'sat': 09:00-18:30, 'sun': выходной",58.266208,57.810382,"4,3",['8 (800) 555-55-50Показать телефон'],"['http://ok.ru/sberbank', 'https://vk.com/sberbank']",74,78,73,65,
4,1110175802,СберБанк,"ул. Гагарина, 10, рабочий посёлок Скальный",www.sberbank.ru,"'mon': 09:00-13:00,13:30-17:15, 'tue': 09:00-13:00,13:30-17:45, 'wed': 09:00-13:00,13:30-17:45, 'thu': 09:00-13:00,13:30-17:45, 'fri': 09:00-13:00,13:30-17:45, 'sat': 09:00-13:00,13:30-15:15, 'sun': выходной",58.363930,57.961701,"4,0",['8 (800) 555-55-50Показать телефон'],"['http://ok.ru/sberbank', 'https://vk.com/sberbank']",,,,,
