,ID,name,address,website,opening_hours,lat,lon,rating,phone,social,Обслуживание,Персонал,Отношение к клиентам,Время ожидания,Банкомат,Расположение,Ремонт,Ипотека,График работы
0,1042286410,СберБанк,"ул. Миронова, 6, Новокуйбышевск",www.sberbank.ru,"'mon': 09:00-17:00, 'tue': 09:00-17:00, 'wed': 09:00-17:00, 'thu': 09:00-17:00, 'fri': 09:00-17:00, 'sat': 09:00-17:00, 'sun': выходной",53.096591,49.948773,"4,4",['8 (800) 555-55-50Показать телефон'],"['http://ok.ru/sberbank', 'https://vk.com/sberbank']",81,83,86,75,,,,,
1,117295542620,СберБанк,"Молодёжная ул., 1, Новокуйбышевск",www.sberbank.ru,"'mon': 09:00-18:30, 'tue': 09:00-18:30, 'wed': 09:00-18:30, 'thu': 09:00-18:30, 'fri': 09:00-18:30, 'sat': 09:00-18:30, 'sun': выходной",53.089589,49.961132,"4,7",['8 (800) 555-55-50Показать телефон'],"['http://ok.ru/sberbank', 'https://vk.com/sberbank']",87,87,85,79,94,,,,
2,46866400504,СберБанк,"просп. Победы, 2, Новокуйбышевск",www.sberbank.ru,"'mon': 08:30-18:00, 'tue': 08:30-18:00, 'wed': 08:30-18:00, 'thu': 08:30-18:00, 'fri': 08:30-18:00, 'sat': 08:30-18:00, 'sun': выходной",53.100386,49.958884,"4,5",['8 (800) 555-55-50Показать телефон'],"['http://ok.ru/sberbank', 'https://vk.com/sberbank']",85,86,88,79,53,100,,,
3,243062591574,СберБанк,"ул. Дзержинского, 29, Новокуйбышевск",www.sberbank.ru,"'mon': 09:00-18:30, 'tue': 09:00-18:30, 'wed': 09:00-18:30, 'thu': 09:00-18:30, 'fri': 09:00-18:30, 'sat': 09:00-18:30, 'sun': выходной",53.096277,49.970117,"4,5",['8 (800) 555-55-50Показать телефон'],"['http://ok.ru/sberbank', 'https://vk.com/sberbank']",87,89,85,78,87,,,,
4,1010379175,СберБанк,"Фасадная ул., 11, посёлок Соцгород, Самара",www.sberbank.ru,"'mon': 09:00-19:00, 'tue': 09:00-19:00, 'wed': 09:00-19:00, 'thu': 09:00-19:00, 'fri': 09:00-19:00, 'sat': 09:00-19:00, 'sun': выходной",53.115047,50.077360,"4,5",['8 (800) 555-55-50Показать телефон'],"['http://ok.ru/sberbank', 'https://vk.com/sberbank']",90,91,91,55,35,95,,,
5,84638560662,СберБанк,"Пугачёвский тракт, 61, Самара",www.sberbank.ru,"'mon': 09:00-19:00, 'tue': 09:00-19:00, 'wed': 09:00-19:00, 'thu': 09:00-19:00, 'fri': 09:00-19:00, 'sat': 09:00-19:00, 'sun': выходной",53.125194,50.090110,"4,6",['8 (800) 555-55-50Показать телефон'],"['http://ok.ru/sberbank', 'https://vk.com/sberbank']",88,88,89,77,76,100,,,
6,1179697794,СберБанк,"Октябрьская ул., 10, Чапаевск",www.sberbank.ru,"'mon': 09:00-18:00, 'tue': 09:00-18:00, 'wed': 09:00-18:00, 'thu': 09:00-18:00, 'fri': 09:00-18:00, 'sat': 09:00-13:30, 'sun': выходной",52.982881,49.715746,"4,6",['8 (800) 555-55-50Показать телефон'],"['http://ok.ru/sberbank', 'https://vk.com/sberbank']",87,90,88,71,79,,,,
7,1240231717,Сбер,"Галактионовская ул., 34, Самара",www.sberbank.ru,"'mon': 09:00-18:30, 'tue': 09:00-18:30, 'wed': 09:00-18:30, 'thu': 09:00-18:30, 'fri': 09:00-18:30, 'sat': 09:00-14:30, 'sun': выходной",53.185048,50.097286,"4,6",['8 (800) 555-55-50Показать телефон'],"['https://ok.ru/sber', 'https://vk.com/sber']",77,82,78,65,44,100,94,,
8,1009616286,СберБанк,"ул. Агибалова, 78, Самара",www.sberbank.ru,"'mon': 09:00-19:00, 'tue': 09:00-19:00, 'wed': 09:00-19:00, 'thu': 09:00-19:00, 'fri': 09:00-19:00, 'sat': 09:00-19:00, 'sun': выходной",53.194530,50.122725,"4,5",['8 (800) 555-55-50Показать телефон'],"['https://ok.ru/sberbank', 'https://t.me/sberbank', 'https://vk.com/sberbank']",72,80,72,49,55,95,,,
9,1014694347,СберБанк,"просп. Ленина, 2А, Самара",www.sberbank.ru,"'mon': 09:00-18:30, 'tue': 09:00-18:30, 'wed': 09:00-18:30, 'thu': 09:00-18:30, 'fri': 09:00-18:30, 'sat': 09:00-18:30, 'sun': 10:00-15:00",53.204250,50.126966,"4,4",['8 (800) 555-55-50Показать телефон'],"['http://ok.ru/sberbank', 'https://vk.com/sberbank']",72,75,72,61,59,100,,,
10,1107371802,СберБанк,"ул. Ленина, 88, Чапаевск",www.sberbank.ru,"'mon': 08:30-17:30, 'tue': 08:30-17:30, 'wed': 08:30-17:30, 'thu': 08:30-17:30, 'fri': 08:30-17:30, 'sat': 08:30-13:00, 'sun': выходной",52.956616,49.689753,"4,6",['8 (800) 555-55-50Показать телефон'],"['http://ok.ru/sberbank', 'https://vk.com/sberbank']",90,92,94,69,62,,,,
11,1105246102,СберБанк,"Самарская ул., 207, Самара",www.sberbank.ru,"'mon': 09:30-19:00, 'tue': 09:30-19:00, 'wed': 09:30-19:00, 'thu': 09:30-19:00, 'fri': 09:30-19:00, 'sat': 09:30-19:00, 'sun': выходной",53.201535,50.116333,"4,6",['8 (800) 555-55-50Показать телефон'],"['https://ok.ru/sberbank', 'https://vk.com/sberbank']",77,78,77,63,58,95,,73,60
12,1003753092,СберБанк,"ул. Мичурина, 52, Самара",www.sberbank.ru,"'mon': 09:00-18:30, 'tue': 09:00-18:30, 'wed': 09:00-18:30, 'thu': 09:00-18:30, 'fri': 09:00-18:30, 'sat': 09:00-18:30, 'sun': выходной",53.202308,50.136211,"4,6",['8 (800) 555-55-50Показать телефон'],"['http://ok.ru/sberbank', 'https://t.me/s/sberbank', 'https://vk.com/sber']",90,88,89,71,47,79,100,,42
13,1057966188,СберБанк,"Владимирская ул., 35, Самара",www.sberbank.ru,"'mon': 09:00-19:00, 'tue': 09:00-19:00, 'wed': 09:00-19:00, 'thu': 09:00-19:00, 'fri': 09:00-19:00, 'sat': 09:00-19:00, 'sun': выходной",53.191127,50.141483,"4,5",['8 (800) 555-55-50Показать телефон'],"['http://ok.ru/sberbank', 'https://t.me/sberbank', 'https://vk.com/sber']",83,87,84,65,63,89,,,
14,1117197506,СберБанк,"ул. Котовского, 17, Чапаевск",www.sberbank.ru,"'mon': 08:30-13:00,14:00-17:00, 'tue': 08:30-13:00,14:00-17:00, 'wed': 08:30-13:00,14:00-17:00, 'thu': 08:30-13:00,14:00-17:00, 'fri': 08:30-13:00,14:00-17:00, 'sat': 08:30-13:00,14:00-17:00, 'sun': выходной",52.993500,49.775426,"3,9",['8 (800) 555-55-50Показать телефон'],['https://vk.com/sberbank'],,,,,,,,,
15,116013491400,СберБанк,"Вилоновская ул., 13, Самара",www.sberbank.ru,"'mon': 09:00-18:00, 'tue': 09:00-18:00, 'wed': 09:00-18:00, 'thu': 09:00-18:00, 'fri': 09:00-18:00, 'sat': 09:00-18:00, 'sun': выходной",53.198096,50.101094,"4,3",['8 (800) 555-55-50Показать телефон'],"['https://ok.ru/sberbank', 'https://t.me/sberbank', 'https://vk.com/sberbank']",76,80,74,61,45,,,,
