,ID,name,address,website,opening_hours,lat,lon,rating,phone,social,Отношение к клиентам,Персонал,Обслуживание,Время ожидания,Банкомат
0,1004011966,СберБанк,"Школьная ул., 6, посёлок Красная Пойма",www.sberbank.ru,"'mon': 08:45-13:00,13:30-16:15, 'tue': 08:45-13:00,13:30-16:15, 'wed': 08:45-13:00,13:30-16:15, 'thu': 08:45-13:00,13:30-16:15, 'fri': 08:45-13:00,13:30-16:15, 'sat': 08:45-13:00,13:30-16:00, 'sun': выходной",55.001267,39.084710,"3,9",['8 (800) 555-55-50Показать телефон'],"['http://ok.ru/sberbank', 'https://vk.com/sberbank']",,,,,
1,1164203083,СберБанк,"ул. Жуковского, 22Б, Луховицы",www.sberbank.ru,"'mon': 09:00-18:00, 'tue': 09:00-18:00, 'wed': 09:00-18:00, 'thu': 09:00-18:00, 'fri': 09:00-18:00, 'sat': 09:00-18:00, 'sun': выходной",54.946060,39.029941,"4,7",['8 (800) 555-55-50Показать телефон'],"['http://ok.ru/sberbank', 'https://vk.com/sberbank']",86,84,86,73,
2,1181774417,СберБанк,"Советская ул., 8, Луховицы",www.sberbank.ru,"'mon': 08:00-17:00, 'tue': 08:00-17:00, 'wed': 08:00-17:00, 'thu': 08:00-17:00, 'fri': 08:00-17:00, 'sat': 08:00-17:00, 'sun': выходной",54.982037,39.037773,"4,7",['8 (800) 555-55-50Показать телефон'],"['http://ok.ru/sberbank', 'https://vk.com/sberbank']",88,92,86,72,60
3,78594578427,СберБанк,"ул. Пушкина, 145, Луховицы",www.sberbank.ru,"'mon': 09:00-18:00, 'tue': 09:00-18:00, 'wed': 09:00-18:00, 'thu': 09:00-18:00, 'fri': 09:00-18:00, 'sat': 09:00-18:00, 'sun': выходной",54.952977,39.019436,"4,7",['8 (800) 555-55-50Показать телефон'],"['http://ok.ru/sberbank', 'https://vk.com/sberbank']",92,92,91,78,
4,162625426068,СберБанк,"Советская ул., 8, Луховицы",www.sberbank.ru,"'mon': 09:00-13:00,13:30-16:30, 'tue': выходной, 'wed': выходной, 'thu': 09:00-13:00,13:30-16:30, 'fri': 09:00-13:00,13:30-16:30, 'sat': выходной, 'sun': выходной",54.982037,39.037773,"4,2",['8 (800) 555-55-50Показать телефон'],['https://vk.com/sberbank'],,,,,
