,ID,name,address,website,opening_hours,lat,lon,rating,phone,social,Обслуживание,Персонал,Отношение к клиентам,Время ожидания
0,1265320489,СберБанк,"ул. Декабристов, 3, Чайковский",www.sberbank.ru,"'mon': 09:00-18:30, 'tue': 09:00-18:30, 'wed': 09:00-18:30, 'thu': 09:00-18:30, 'fri': 09:00-18:30, 'sat': 09:00-18:30, 'sun': выходной",56.746060,54.163247,"4,3",['8 (800) 555-55-50Показать телефон'],"['http://ok.ru/sberbank', 'https://vk.com/sberbank']",84,89,94,82
1,1203132537,СберБанк,"ул. Ленина, 61Б, Чайковский",www.sberbank.ru,"'mon': 09:00-18:30, 'tue': 09:00-18:30, 'wed': 09:00-18:30, 'thu': 09:00-18:30, 'fri': 09:00-18:30, 'sat': 09:00-18:30, 'sun': выходной",56.771377,54.157289,"4,4",['8 (800) 555-55-50Показать телефон'],"['http://ok.ru/sberbank', 'https://vk.com/sberbank']",77,82,78,
2,1047699184,СберБанк,"Советская ул., 11, Чайковский",www.sberbank.ru,"'mon': 09:00-19:00, 'tue': 09:00-19:00, 'wed': 09:00-19:00, 'thu': 09:00-19:00, 'fri': 09:00-19:00, 'sat': 09:00-19:00, 'sun': выходной",56.762066,54.101273,"4,5",['8 (800) 555-55-50Показать телефон'],"['http://ok.ru/sberbank', 'https://vk.com/sberbank']",100,100,91,
3,196323140436,СберБанк,"ул. Ленина, 39А, Чайковский",www.sberbank.ru,"'mon': 09:00-18:00, 'tue': 09:00-18:00, 'wed': 09:00-18:00, 'thu': 09:00-18:00, 'fri': 09:00-18:00, 'sat': 09:00-18:00, 'sun': выходной",56.778130,54.150262,"4,3",['8 (800) 555-55-50Показать телефон'],"['http://ok.ru/sberbank', 'https://vk.com/sberbank']",86,82,84,
4,1104079398,СберБанк,"ул. Мира, 19, Чайковский",www.sberbank.ru,"'mon': 09:00-18:00, 'tue': 09:00-18:00, 'wed': 09:00-18:00, 'thu': 09:00-18:00, 'fri': 09:00-18:00, 'sat': 09:00-18:00, 'sun': выходной",56.775624,54.143352,"4,4",['8 (800) 555-55-50Показать телефон'],"['http://ok.ru/sberbank', 'https://vk.com/sberbank']",94,100,92,
5,179161532639,СберБанк,"Солнечная ул., 1, посёлок Прикамский",www.sberbank.ru,"'mon': выходной, 'tue': 08:30-12:00,12:45-15:00, 'wed': 08:30-12:00,12:45-15:00, 'thu': выходной, 'fri': 08:30-12:00,12:45-15:00, 'sat': выходной, 'sun': выходной",56.724973,54.048316,"4,1",['8 (800) 555-55-50Показать телефон'],"['http://ok.ru/sberbank', 'https://vk.com/sberbank']",,,,
6,44302317084,СберБанк,"Центральная ул., 5, посёлок Новый",www.sberbank.ru,"'mon': 09:00-17:15, 'tue': 09:00-17:15, 'wed': 09:00-17:15, 'thu': 09:00-17:15, 'fri': 09:00-17:15, 'sat': 09:00-17:15, 'sun': выходной",56.811059,54.034787,"4,0",['8 (800) 555-55-50Показать телефон'],"['http://ok.ru/sberbank', 'https://vk.com/sberbank']",,,,
7,1058751704,СберБанк,"74, посёлок Марковский",www.sberbank.ru,"'mon': 10:00-14:00,14:45-17:00, 'tue': 10:00-14:00,14:45-17:00, 'wed': 10:00-14:00,14:45-15:40, 'thu': 10:00-14:00,14:45-17:00, 'fri': 10:00-14:00,14:45-17:00, 'sat': выходной, 'sun': выходной",56.632214,54.090564,"4,0",['8 (800) 555-55-50Показать телефон'],"['http://ok.ru/sberbank', 'https://vk.com/sberbank']",,,,
