,ID,name,address,website,opening_hours,lat,lon,rating,phone,social,Обслуживание,Персонал,Отношение к клиентам,Время ожидания,Банкомат
0,1167258152,СберБанк,"ул. Фрунзе, 9, Новоуральск",www.sberbank.ru,"'mon': 09:00-18:00, 'tue': 09:00-18:00, 'wed': 09:00-18:00, 'thu': 09:00-18:00, 'fri': 09:00-18:00, 'sat': 09:00-18:00, 'sun': выходной",57.246044,60.086389,"4,5",['8 (800) 555-55-50Показать телефон'],"['http://ok.ru/sberbank', 'https://vk.com/sberbank']",87,92,87,92,
1,37611178074,СберБанк,"ул. Мичурина, 25, Новоуральск",www.sberbank.ru,"'mon': 09:00-18:00, 'tue': 09:00-18:00, 'wed': 09:00-18:00, 'thu': 09:00-18:00, 'fri': 09:00-18:00, 'sat': 09:00-18:00, 'sun': выходной",57.248278,60.098291,"4,3",['8 (800) 555-55-50Показать телефон'],"['http://ok.ru/sberbank', 'https://vk.com/sberbank']",82,86,80,67,
2,1256839780,СберБанк,"Комсомольская ул., 23, Новоуральск",www.sberbank.ru,"'mon': 09:30-18:30, 'tue': 09:30-18:30, 'wed': 09:30-18:30, 'thu': 09:30-18:30, 'fri': 09:30-18:30, 'sat': 09:30-18:30, 'sun': выходной",57.249220,60.073595,"4,3",['8 (800) 555-55-50Показать телефон'],"['http://ok.ru/sberbank', 'https://vk.com/sberbank']",71,75,71,47,50
3,1021413281,СберБанк,"ул. 8 Марта, 5, п. г. т. Верх-Нейвинский",www.sberbank.ru,"'mon': 09:00-13:00,13:30-17:00, 'tue': 09:00-13:00,13:30-17:00, 'wed': 09:00-13:00,13:30-17:00, 'thu': 09:00-13:00,13:30-17:00, 'fri': 09:00-13:00,13:30-17:00, 'sat': 09:00-16:00, 'sun': выходной",57.264538,60.135731,"3,8",['8 (800) 555-55-50Показать телефон'],"['http://ok.ru/sberbank', 'https://vk.com/sberbank']",,,,,
4,94229683681,СберБанк,"ул. Ржанникова, 14, посёлок Нейво-Рудянка",www.sberbank.ru,"'mon': выходной, 'tue': 09:30-13:00,14:00-17:30, 'wed': 09:30-13:00,14:00-17:30, 'thu': 09:30-13:00,14:00-17:30, 'fri': 09:30-13:00,14:00-17:30, 'sat': 09:30-13:00,14:00-17:30, 'sun': выходной",57.338830,60.134276,"4,2",['8 (800) 555-55-50Показать телефон'],"['http://ok.ru/sberbank', 'https://vk.com/sberbank']",,,,,
5,178492448119,СберБанк,"Советская ул., 22А, посёлок Калиново",www.sberbank.ru,"'mon': 08:30-12:00,13:00-16:15, 'tue': выходной, 'wed': выходной, 'thu': 08:30-12:00,13:00-16:15, 'fri': 08:30-12:00,13:00-16:00, 'sat': 08:30-12:00,13:00-16:00, 'sun': выходной",57.137373,60.149350,"3,9",['8 (800) 555-55-50Показать телефон'],"['http://ok.ru/sberbank', 'https://vk.com/sberbank']",,,,,
6,1080315186,СберБанк,"ул. Ленина, 45, село Тарасково",www.sberbank.ru,"'mon': выходной, 'tue': 08:45-13:00,13:45-16:30, 'wed': 08:45-13:00,13:45-16:30, 'thu': выходной, 'fri': выходной, 'sat': выходной, 'sun': выходной",57.126935,60.063489,"1,8",['8 (800) 555-55-50Показать телефон'],"['http://ok.ru/sberbank', 'https://vk.com/sberbank']",,,,,
