,ID,name,address,website,opening_hours,lat,lon,rating,phone,social,Обслуживание,Персонал,Отношение к клиентам,Время ожидания,Банкомат
0,1046632752,СберБанк,"ул. Некрасова, 17, Черемхово",www.sberbank.ru,"'mon': 09:00-18:00, 'tue': 09:00-18:00, 'wed': 09:00-18:00, 'thu': 09:00-18:00, 'fri': 09:00-18:00, 'sat': 09:00-18:00, 'sun': выходной",C53.13932,103.09212,"4,4",['8 (800) 555-55-50Показать телефон'],"['http://ok.ru/sberbank', 'https://vk.com/sberbank']",78,77,75,71,
1,1240072736,СберБанк,"Первомайская ул., 201, Черемхово",www.sberbank.ru,"'mon': 09:00-18:00, 'tue': 09:00-18:00, 'wed': 09:00-18:00, 'thu': 09:00-18:00, 'fri': 09:00-18:00, 'sat': 09:00-18:00, 'sun': выходной",C53.14808,103.06727,"4,4",['8 (800) 555-55-50Показать телефон'],"['http://ok.ru/sberbank', 'https://vk.com/sberbank']",87,92,85,,27
2,1155058016,СберБанк,"ул. Лермонтова, 2, Свирск",www.sberbank.ru,"'mon': 09:00-18:00, 'tue': 09:00-18:00, 'wed': 09:00-18:00, 'thu': 09:00-18:00, 'fri': 09:00-18:00, 'sat': 09:00-18:00, 'sun': выходной",C53.07096,103.34476,"4,7",['8 (800) 555-55-50Показать телефон'],"['http://ok.ru/sberbank', 'https://vk.com/sberbank']",85,92,87,,
3,113064679235,СберБанк,"4, 1-й квартал, рабочий посёлок Михайловка",www.sberbank.ru,"'mon': выходной, 'tue': 08:30-13:00,14:00-18:00, 'wed': 08:30-13:00,14:00-18:00, 'thu': 08:30-13:00,14:00-18:00, 'fri': 08:30-13:00,14:00-18:00, 'sat': 08:30-14:45, 'sun': выходной",C52.95619,103.29603,"4,3",['8 (800) 555-55-50Показать телефон'],"['http://ok.ru/sberbank', 'https://vk.com/sberbank']",,,,,
