,ID,name,address,website,opening_hours,lat,lon,rating,phone,social,Обслуживание,Отношение к клиентам,Персонал,Время ожидания,Банкомат,График работы
0,1265382801,СберБанк,"ул. Шахтёров, 16/8, Новомосковск",www.sberbank.ru,"'mon': 09:00-18:30, 'tue': 09:00-18:30, 'wed': 09:00-18:30, 'thu': 09:00-18:30, 'fri': 09:00-18:30, 'sat': 08:00-18:30, 'sun': выходной",54.006819,38.292026,"4,7",['8 (800) 555-55-50Показать телефон'],"['https://ok.ru/sberbank', 'https://vk.com/sberbank']",84,82,88,83,84,
1,1205969648,СберБанк,"ул. Генерала Белова, 5/10, Новомосковск",www.sberbank.ru,"'mon': 09:00-17:30, 'tue': 09:00-17:30, 'wed': 09:00-17:30, 'thu': 09:00-17:30, 'fri': 09:00-17:30, 'sat': 09:00-17:30, 'sun': выходной",54.029746,38.315949,"4,6",['8 (800) 555-55-50Показать телефон'],"['http://ok.ru/sberbank', 'https://vk.com/sberbank']",81,84,89,63,,40
2,1126312852,СберБанк,"Комсомольская ул., 36/14, Новомосковск",www.sberbank.ru,"'mon': 09:00-18:30, 'tue': 09:00-18:30, 'wed': 09:00-18:30, 'thu': 09:00-18:30, 'fri': 09:00-18:30, 'sat': 09:00-18:30, 'sun': выходной",54.010757,38.291752,"4,6",['8 (800) 555-55-50Показать телефон'],"['http://ok.ru/sberbank', 'https://vk.com/sberbank']",100,98,100,88,,
3,1264848240,СберБанк,"ул. Орджоникидзе, 1, Новомосковск",www.sberbank.ru,"'mon': 09:00-18:30, 'tue': 09:00-18:30, 'wed': 09:00-18:30, 'thu': 09:00-18:30, 'fri': 09:00-18:30, 'sat': 09:00-18:30, 'sun': выходной",54.033326,38.262087,"4,3",['8 (800) 555-55-50Показать телефон'],"['http://ok.ru/sberbank', 'https://vk.com/sberbank']",58,52,54,50,,
4,1080383671,СберБанк,"ул. Мира, 36, Новомосковск",www.sberbank.ru,"'mon': 09:00-18:00, 'tue': 09:00-18:00, 'wed': 09:00-18:00, 'thu': 09:00-18:00, 'fri': 09:00-18:00, 'sat': 09:00-18:00, 'sun': выходной",54.024181,38.261272,"4,4",['8 (800) 555-55-50Показать телефон'],"['http://ok.ru/sberbank', 'https://vk.com/sberbank']",85,80,92,68,,
5,1057474909,СберБанк,"ул. Космонавтов, 11, Новомосковск",www.sberbank.ru,"'mon': 09:00-17:30, 'tue': 09:00-17:30, 'wed': 09:00-17:30, 'thu': 09:00-17:30, 'fri': 09:00-17:30, 'sat': 09:00-17:30, 'sun': выходной",54.011403,38.263826,"4,6",['8 (800) 555-55-50Показать телефон'],"['http://ok.ru/sberbank', 'https://vk.com/sberbank']",92,89,88,83,20,
6,79421662432,СберБанк,"Школьная ул., 15Б, микрорайон Северо-Задонск, Донской",www.sberbank.ru,"'mon': 09:00-18:00, 'tue': 09:00-18:00, 'wed': 09:00-18:00, 'thu': 09:00-18:00, 'fri': 09:00-18:00, 'sat': 09:00-18:00, 'sun': выходной",54.031073,38.392216,"4,5",['8 (800) 555-55-50Показать телефон'],"['http://ok.ru/sberbank', 'https://vk.com/sberbank']",79,80,80,64,,
7,1226357870,СберБанк,"Октябрьская ул., 44, Донской",www.sberbank.ru,"'mon': 08:45-18:00, 'tue': 08:45-18:00, 'wed': 08:45-18:00, 'thu': 08:45-18:00, 'fri': 08:45-18:00, 'sat': 08:45-18:00, 'sun': выходной",53.968016,38.320447,"4,6",['8 (800) 555-55-50Показать телефон'],"['http://ok.ru/sberbank', 'https://vk.com/sberbank']",77,85,85,47,75,
8,215514308678,СберБанк,"ул. Трегубова, 34, Узловая",www.sberbank.ru,"'mon': 09:00-18:30, 'tue': 09:00-18:30, 'wed': 09:00-18:30, 'thu': 09:00-18:30, 'fri': 09:00-18:30, 'sat': 09:00-18:30, 'sun': выходной",53.980979,38.162114,"4,4",['8 (800) 555-55-50Показать телефон'],"['http://ok.ru/sberbank', 'https://vk.com/sberbank']",81,70,77,80,,
9,76372804831,СберБанк,"Зелёная ул., 25, посёлок Ширинский",www.sberbank.ru,"'mon': выходной, 'tue': 08:30-12:00,12:15-16:45, 'wed': 08:30-12:00,12:15-16:45, 'thu': выходной, 'fri': 08:30-12:00,12:15-16:45, 'sat': 08:30-12:00,12:19-16:45, 'sun': выходной",54.062433,38.360874,"4,3",['8 (800) 555-55-50Показать телефон'],"['http://ok.ru/sberbank', 'https://vk.com/sberbank']",,,,,,
10,1060506188,СберБанк,"ул. Андреева, 10А, Узловая",www.sberbank.ru,"'mon': 09:00-18:00, 'tue': 09:00-18:00, 'wed': 09:00-18:00, 'thu': 09:00-18:00, 'fri': 09:00-18:00, 'sat': 09:00-18:00, 'sun': выходной",53.980911,38.179754,"4,4",['8 (800) 555-55-50Показать телефон'],"['http://ok.ru/sberbank', 'https://vk.com/sberbank']",91,95,95,92,,
11,1223356465,СберБанк,"Октябрьская ул., 126, Донской",www.sberbank.ru,"'mon': 09:00-18:00, 'tue': 09:00-18:00, 'wed': 09:00-18:00, 'thu': 09:00-18:00, 'fri': 09:00-18:00, 'sat': 09:00-18:00, 'sun': выходной",53.965576,38.290985,"4,4",['8 (800) 555-55-50Показать телефон'],"['http://ok.ru/sberbank', 'https://vk.com/sberbank']",81,81,81,,,
12,1212446267,СберБанк,"ул. 14 Декабря, 9, Узловая",www.sberbank.ru,"'mon': 09:00-18:00, 'tue': 09:00-18:00, 'wed': 09:00-18:00, 'thu': 09:00-18:00, 'fri': 09:00-18:00, 'sat': 09:00-18:00, 'sun': выходной",53.966688,38.165772,"4,8",['8 (800) 555-55-50Показать телефон'],"['http://ok.ru/sberbank', 'https://vk.com/sberbank']",85,83,88,67,,
13,1221930027,СберБанк,"Юбилейная ул., 2, село Спасское",www.sberbank.ru,"'mon': выходной, 'tue': 09:00-13:00,13:30-17:00, 'wed': 09:00-13:00,13:30-17:00, 'thu': выходной, 'fri': 09:00-13:00,13:21-16:50, 'sat': 09:00-13:00,13:21-16:50, 'sun': выходной",54.080708,38.470981,"4,4",['8 (800) 555-55-50Показать телефон'],"['http://ok.ru/sberbank', 'https://vk.com/sberbank']",,,,,,
14,1043669713,СберБанк,"Первомайская ул., 3, п. г. т. Грицовский",www.sberbank.ru,"'mon': выходной, 'tue': 08:30-13:00,14:00-18:45, 'wed': 08:30-13:00,14:00-18:45, 'thu': выходной, 'fri': 08:30-13:00,14:00-18:45, 'sat': 08:30-13:00,14:00-16:45, 'sun': выходной",54.136787,38.159795,"4,0",['8 (800) 555-55-50Показать телефон'],"['http://ok.ru/sberbank', 'https://vk.com/sberbank']",,,,,,
15,1000888016,СберБанк,"Клубная ул., 1, сельский посёлок Каменецкий",www.sberbank.ru,"'mon': выходной, 'tue': выходной, 'wed': 09:00-13:00,13:30-17:00, 'thu': выходной, 'fri': 09:00-13:00,13:30-17:00, 'sat': выходной, 'sun': выходной",54.011771,38.221133,"1,5",['8 (800) 555-55-50Показать телефон'],"['http://ok.ru/sberbank', 'https://vk.com/sberbank']",,,,,,
16,1068733538,СберБанк,"ул. Дружбы, 5, сельский посёлок Майский",www.sberbank.ru,"'mon': выходной, 'tue': 08:30-13:30,14:08-17:00, 'wed': выходной, 'thu': 08:30-13:30,14:07-17:00, 'fri': выходной, 'sat': 08:30-13:30,14:01-16:23, 'sun': выходной",53.963844,38.215366,"4,2",['8 (800) 555-55-50Показать телефон'],"['http://ok.ru/sberbank', 'https://vk.com/sberbank']",,,,,,
17,1115600068,СберБанк,"ул. Кирова, 6, сельский посёлок Брусянский",www.sberbank.ru,"'mon': выходной, 'tue': 09:00-13:00,13:15-16:40, 'wed': выходной, 'thu': 09:00-13:00,13:15-16:40, 'fri': выходной, 'sat': 09:00-13:00,13:15-16:40, 'sun': выходной",53.992698,38.092198,"4,0",['8 (800) 555-55-50Показать телефон'],"['http://ok.ru/sberbank', 'https://vk.com/sberbank']",,,,,,
18,1093140805,СберБанк,"ул. 10-й Армии, 2/9, микрорайон Руднев, Донской",www.sberbank.ru,"'mon': выходной, 'tue': 08:30-13:00,13:30-16:45, 'wed': выходной, 'thu': 08:30-13:00,13:30-16:45, 'fri': выходной, 'sat': 08:30-16:25, 'sun': выходной",53.935379,38.411207,"3,8",['8 (800) 555-55-50Показать телефон'],"['http://ok.ru/sberbank', 'https://vk.com/sberbank']",,,,,,
19,1029943096,СберБанк,"ул. Менделеева, 2, рабочий посёлок Шварцевский",www.sberbank.ru,"'mon': выходной, 'tue': выходной, 'wed': 08:30-13:00,13:45-17:45, 'thu': 09:30-13:00,13:45-17:45, 'fri': 09:30-13:00,13:45-17:45, 'sat': 09:30-13:00,13:25-15:00, 'sun': выходной",54.087574,37.998817,"4,3",['8 (800) 555-55-50Показать телефон'],"['http://ok.ru/sberbank', 'https://vk.com/sberbank']",100,100,100,,0,
20,1048548160,СберБанк,"ул. Льва Толстого, 18, сельский посёлок Партизан",www.sberbank.ru,"'mon': выходной, 'tue': выходной, 'wed': 08:30-13:00,13:49-16:45, 'thu': выходной, 'fri': 08:30-13:00,13:49-16:45, 'sat': выходной, 'sun': выходной",53.948978,38.097057,"3,2",['8 (800) 555-55-50Показать телефон'],"['http://ok.ru/sberbank', 'https://vk.com/sberbank']",,,,,,
21,1206156710,СберБанк,"ул. Новики, 22, село Гремячее",www.sberbank.ru,"'mon': выходной, 'tue': 08:15-13:00,13:15-16:00, 'wed': 08:15-13:00,13:15-16:00, 'thu': выходной, 'fri': 08:15-13:00,13:15-16:00, 'sat': 07:40-13:00,13:15-16:00, 'sun': выходной",54.143075,38.662762,"4,0",['8 (800) 555-55-50Показать телефон'],"['http://ok.ru/sberbank', 'https://vk.com/sberbank']",,,,,,
22,1014183287,СберБанк,"Советская ул., 2, сельский посёлок Дубовка",www.sberbank.ru,"'mon': выходной, 'tue': 08:45-13:00,13:30-18:30, 'wed': 08:45-13:00,14:00-18:30, 'thu': выходной, 'fri': 08:45-13:00,14:00-18:30, 'sat': 09:00-13:00,14:00-18:15, 'sun': выходной",53.924124,38.107127,"3,8",['8 (800) 555-55-50Показать телефон'],"['http://ok.ru/sberbank', 'https://vk.com/sberbank']",,,,,,
23,1063637581,СберБанк,"ул. Кирова, 4, посёлок Октябрьский",www.sberbank.ru,"'mon': выходной, 'tue': выходной, 'wed': 09:00-13:00,13:20-15:00, 'thu': 09:00-13:00,13:20-15:00, 'fri': 09:00-13:00,13:20-15:00, 'sat': 09:00-12:20, 'sun': выходной",53.962716,37.976269,"4,0",['8 (800) 555-55-50Показать телефон'],"['http://ok.ru/sberbank', 'https://vk.com/sberbank']",,,,,,
