,ID,name,address,website,opening_hours,lat,lon,rating,phone,social,Обслуживание,Персонал,Отношение к клиентам,Время ожидания,Банкомат,Расположение,Ипотека,График работы
0,1067372798,СберБанк,"ул. Карла Маркса, 38, Мурманск",www.sberbank.ru,"'mon': 10:30-19:00, 'tue': 10:30-19:00, 'wed': 10:30-19:00, 'thu': 10:30-19:00, 'fri': 10:30-19:00, 'sat': 10:30-19:00, 'sun': выходной",68.968420,33.099752,"4,4",['8 (800) 555-55-50Показать телефон'],"['http://ok.ru/sberbank', 'https://vk.com/sberbank']",80,84,80,68,72,94,,
1,1093592477,СберБанк,"ул. Воровского, 4/22, Мурманск",www.sberbank.ru,"'mon': 09:00-18:30, 'tue': 09:00-18:30, 'wed': 09:00-18:30, 'thu': 09:00-18:30, 'fri': 09:00-18:30, 'sat': 09:00-18:30, 'sun': выходной",68.971139,33.072771,"4,2",['8 (800) 555-55-50Показать телефон'],"['https://ok.ru/sberbank', 'https://vk.com/sberbank']",71,79,72,55,50,93,,
2,39713767434,СберБанк,"просп. Ленина, 92, Мурманск",www.sberbank.ru,"'mon': 09:45-18:00, 'tue': 09:45-18:00, 'wed': 09:45-18:00, 'thu': 09:45-18:00, 'fri': 09:45-18:00, 'sat': 09:45-18:00, 'sun': выходной",68.974241,33.087558,"4,3",['8 (800) 555-55-50Показать телефон'],"['http://ok.ru/sberbank', 'https://vk.com/sberbank']",92,94,91,88,21,,,
3,1126656875,СберБанк,"просп. Ленина, 23/1, Мурманск",www.sberbank.ru,"'mon': 10:00-19:00, 'tue': 10:00-19:00, 'wed': 10:00-19:00, 'thu': 10:00-19:00, 'fri': 10:00-19:00, 'sat': 10:00-19:00, 'sun': выходной",68.954185,33.079184,"4,4",['8 (800) 555-55-50Показать телефон'],"['https://ok.ru/sberbank', 'https://vk.com/sberbank']",82,84,82,70,,94,85,
4,1072224243,СберБанк,"ул. Академика Книповича, 24, Мурманск",www.sberbank.ru,"'mon': 10:00-18:30, 'tue': 10:00-18:30, 'wed': 10:00-18:30, 'thu': 10:00-18:30, 'fri': 10:00-18:30, 'sat': 10:00-18:30, 'sun': выходной",68.960255,33.083868,"4,4",['8 (800) 555-55-50Показать телефон'],"['http://ok.ru/sberbank', 'https://vk.com/sberbank']",86,89,79,78,53,86,,
5,1108225319,СберБанк,"просп. Героев-Североморцев, 62, Мурманск",www.sberbank.ru,"'mon': 09:30-18:00, 'tue': 09:30-18:00, 'wed': 09:30-18:00, 'thu': 09:30-18:00, 'fri': 09:30-18:00, 'sat': 09:30-18:00, 'sun': выходной",69.007631,33.097752,"4,3",['8 (800) 555-55-50Показать телефон'],"['http://ok.ru/sberbank', 'https://vk.com/sberbank']",68,79,65,56,,80,,
6,1112674191,СберБанк,"ул. Юрия Гагарина, 4, Мурманск",www.sberbank.ru,"'mon': 10:00-18:15, 'tue': 10:00-18:15, 'wed': 10:00-18:15, 'thu': 10:00-18:15, 'fri': 10:00-18:15, 'sat': 10:00-18:15, 'sun': выходной",68.993890,33.100735,"4,0",['8 (800) 555-55-50Показать телефон'],"['http://ok.ru/sberbank', 'https://vk.com/sberbank']",70,75,67,,,,,
7,1141049783,СберБанк,"ул. Аскольдовцев, 25, корп. 2, Мурманск",www.sberbank.ru,"'mon': 10:00-18:15, 'tue': 10:00-18:15, 'wed': 10:00-18:15, 'thu': 10:00-18:15, 'fri': 10:00-18:15, 'sat': 10:00-18:15, 'sun': выходной",69.002209,33.077490,"4,4",['8 (800) 555-55-50Показать телефон'],"['http://ok.ru/sberbank', 'https://vk.com/sberbank']",85,92,84,69,41,77,,58
8,238450702534,СберБанк,"Кольский просп., 70, Мурманск",www.sberbank.ru,"'mon': 09:45-17:30, 'tue': 09:45-17:30, 'wed': 09:45-17:30, 'thu': 09:45-17:30, 'fri': 09:45-17:30, 'sat': 09:45-17:30, 'sun': выходной",68.936220,33.107192,"4,3",['8 (800) 555-55-50Показать телефон'],"['http://ok.ru/sberbank', 'https://vk.com/sberbank']",76,79,74,53,,,,
9,1097418999,СберБанк,"ул. Адмирала Флота Лобова, 19, Мурманск",www.sberbank.ru,"'mon': 09:30-19:00, 'tue': 09:30-19:00, 'wed': 09:30-19:00, 'thu': 09:30-19:00, 'fri': 09:30-19:00, 'sat': 09:30-19:00, 'sun': выходной",69.016888,33.098392,"4,4",['8 (800) 555-55-50Показать телефон'],"['http://ok.ru/sberbank', 'https://vk.com/sberbank']",81,85,82,69,,,,
10,55379122761,СберБанк,"ул. Генерала Щербакова, 7, Мурманск",www.sberbank.ru,"'mon': 09:30-18:30, 'tue': 09:30-18:30, 'wed': 09:30-18:30, 'thu': 09:30-18:30, 'fri': 09:30-18:30, 'sat': 09:30-18:30, 'sun': выходной",68.907781,33.088009,"4,6",['8 (800) 555-55-50Показать телефон'],"['http://ok.ru/sberbank', 'https://vk.com/sberbank']",84,88,83,67,,,,
11,136471822930,СберБанк,"Кольский просп., 152, Мурманск",www.sberbank.ru,"'mon': 10:00-18:30, 'tue': 10:00-18:30, 'wed': 10:00-18:30, 'thu': 10:00-18:30, 'fri': 10:00-18:30, 'sat': 10:00-18:30, 'sun': выходной",68.915610,33.093562,"4,3",['8 (800) 555-55-50Показать телефон'],"['http://ok.ru/sberbank', 'https://vk.com/sberbank']",77,82,78,56,,100,,
12,1060955937,СберБанк,"ул. Крупской, 4, Мурманск",www.sberbank.ru,"'mon': 10:00-18:30, 'tue': 10:00-18:30, 'wed': 10:00-18:30, 'thu': 10:00-18:30, 'fri': 10:00-18:30, 'sat': 10:00-18:30, 'sun': выходной",68.888305,33.095134,"4,4",['8 (800) 555-55-50Показать телефон'],"['http://ok.ru/sberbank', 'https://vk.com/sberbank']",75,82,74,62,24,,,
13,1018623736,СберБанк,"Охотничий пер., 15, жилой район Абрам-мыс, Мурманск",www.sberbank.ru,"'mon': выходной, 'tue': 11:15-14:00,15:00-18:00, 'wed': 11:15-14:00,15:00-18:00, 'thu': выходной, 'fri': 11:15-14:00,15:00-18:00, 'sat': 11:15-14:00,15:00-18:00, 'sun': выходной",68.976569,33.016626,"1,9",['8 (800) 555-55-50Показать телефон'],"['http://ok.ru/sberbank', 'https://vk.com/sberbank']",,,,,,,,
14,149367193905,СберБанк,"Заводская ул., 13/1, жилой район Росляково, Мурманск",www.sberbank.ru,"'mon': 10:15-14:00,15:00-18:00, 'tue': 10:15-14:00,15:00-18:00, 'wed': 10:15-14:00,15:00-18:00, 'thu': 10:15-14:00,15:00-18:00, 'fri': 10:15-14:00,15:00-18:00, 'sat': 10:30-14:00,15:00-18:00, 'sun': выходной",69.052605,33.226176,"3,9",['8 (800) 555-55-50Показать телефон'],"['http://ok.ru/sberbank', 'https://vk.com/sberbank']",,,,,,,,
15,1022468933,СберБанк,"ул. Вице-адмирала Падорина, 5, Североморск",www.sberbank.ru,"'mon': 09:30-18:00, 'tue': 09:30-18:00, 'wed': 09:30-18:00, 'thu': 09:30-18:00, 'fri': 09:30-18:00, 'sat': 09:30-18:30, 'sun': выходной",69.067900,33.403732,"4,7",['8 (800) 555-55-50Показать телефон'],"['http://ok.ru/sberbank', 'https://vk.com/sberbank']",85,85,83,82,,,,
16,1030016010,СберБанк,"ул. Капитана Елькина, 6, посёлок Сафоново-1, п. г. т. Сафоново",www.sberbank.ru,"'mon': выходной, 'tue': 10:00-14:00,15:00-18:00, 'wed': 10:00-14:00,15:00-18:00, 'thu': 10:00-14:00,15:00-18:00, 'fri': 10:00-14:00,15:00-18:00, 'sat': 10:00-14:00,15:00-17:45, 'sun': выходной",69.032786,33.290163,"4,3",['8 (800) 555-55-50Показать телефон'],"['http://ok.ru/sberbank', 'https://vk.com/sberbank']",,,,,,,,
17,182363032393,СберБанк,"ул. Преображенского, 6, п. г. т. Сафоново",www.sberbank.ru,"'mon': 10:00-14:00,15:00-18:00, 'tue': 10:00-14:00,15:00-18:00, 'wed': 10:00-14:00,15:00-18:00, 'thu': 10:00-14:00,15:00-18:00, 'fri': выходной, 'sat': выходной, 'sun': выходной",69.059049,33.294097,"4,4",['8 (800) 555-55-50Показать телефон'],"['http://ok.ru/sberbank', 'https://vk.com/sberbank']",,,,,,,,
18,21687300351,СберБанк,"ул. Авиаторов, 1, Североморск",www.sberbank.ru,"'mon': 09:45-14:00,15:30-18:00, 'tue': 09:45-14:00,15:30-18:00, 'wed': 09:45-14:00,15:30-18:00, 'thu': 09:45-14:00,15:30-18:00, 'fri': 09:45-14:00,15:30-18:00, 'sat': 09:45-14:00,15:30-17:45, 'sun': выходной",69.054996,33.415272,"4,1",['8 (800) 555-55-50Показать телефон'],"['http://ok.ru/sberbank', 'https://vk.com/sberbank']",,,,,,,,
19,1019056704,СберБанк,"ул. Гальченко, 1, п. г. т. Молочный",www.sberbank.ru,"'mon': выходной, 'tue': 10:00-14:00,15:00-18:30, 'wed': 10:00-14:00,15:00-18:30, 'thu': 10:00-14:00,15:00-18:30, 'fri': 10:00-14:00,15:00-18:30, 'sat': 10:00-14:00,15:00-18:30, 'sun': выходной",68.854424,33.013500,"3,2",['8 (800) 555-55-50Показать телефон'],"['http://ok.ru/sberbank', 'https://vk.com/sberbank']",,,,,,,,
20,1009392818,СберБанк,"Советская ул., 35, п. г. т. Мурмаши",www.sberbank.ru,"'mon': 09:45-18:00, 'tue': 09:45-18:00, 'wed': 09:45-18:00, 'thu': 09:45-18:00, 'fri': 09:45-18:00, 'sat': 09:45-18:00, 'sun': выходной",68.811807,32.810957,"4,3",['8 (800) 555-55-50Показать телефон'],"['http://ok.ru/sberbank', 'https://vk.com/sberbank']",95,91,96,,,,,
21,1058901962,СберБанк,"Полярная ул., 4, п. г. т. Кильдинстрой",www.sberbank.ru,"'mon': выходной, 'tue': 09:00-14:00,15:00-18:00, 'wed': 09:00-14:00,15:00-18:00, 'thu': 09:00-14:00,15:00-18:00, 'fri': 09:00-14:00,15:00-18:00, 'sat': 09:30-14:00,15:00-18:00, 'sun': выходной",68.804406,33.099972,"4,2",['8 (800) 555-55-50Показать телефон'],"['http://ok.ru/sberbank', 'https://vk.com/sberbank']",,,,,,,,
22,1008820268,СберБанк,"Причальная ул., 18, п. г. т. Мурмаши",www.sberbank.ru,"'mon': 10:00-13:00,14:00-18:00, 'tue': 10:00-13:00,14:00-18:00, 'wed': 10:00-13:00,14:00-18:00, 'thu': 10:00-13:00,14:00-18:00, 'fri': 10:00-13:00,14:00-17:45, 'sat': 10:00-13:00,14:00-17:45, 'sun': выходной",68.829432,32.759340,"4,4",['8 (800) 555-55-50Показать телефон'],"['http://ok.ru/sberbank', 'https://vk.com/sberbank']",,,,,,,,
