,ID,name,address,website,opening_hours,lat,lon,rating,phone,social,Обслуживание,Персонал,Отношение к клиентам,Время ожидания
0,1163624134,СберБанк,"просп. Мира, 76, Ноябрьск",www.sberbank.ru,"'mon': 09:00-18:00, 'tue': 09:00-18:00, 'wed': 09:00-18:00, 'thu': 09:00-18:00, 'fri': 09:00-16:30, 'sat': выходной, 'sun': выходной",63.201712,75.440494,"4,7",['8 (800) 555-55-50Показать телефон'],"['http://ok.ru/sberbank', 'https://vk.com/sberbank']",85,88,84,85
1,1223597579,СберБанк,"Советская ул., 16А, Ноябрьск",www.sberbank.ru,"'mon': 09:30-18:30, 'tue': 09:30-18:30, 'wed': 09:30-18:30, 'thu': 09:30-18:30, 'fri': 09:30-18:30, 'sat': 09:30-18:30, 'sun': выходной",63.186585,75.445053,"4,5",['8 (800) 555-55-50Показать телефон'],"['http://ok.ru/sberbank', 'https://vk.com/sberbank']",88,85,89,
2,1064015306,СберБанк,"ул. Ленина, 22А, Ноябрьск",www.sberbank.ru,"'mon': 09:30-18:00, 'tue': 09:30-18:00, 'wed': 09:30-18:00, 'thu': 09:30-18:00, 'fri': 09:30-18:00, 'sat': 09:30-18:00, 'sun': выходной",63.196501,75.442177,"4,4",['8 (800) 555-55-50Показать телефон'],"['http://ok.ru/sberbank', 'https://vk.com/sberbank']",83,88,94,82
3,1021017922,СберБанк,"ул. Ленина, 10Б, микрорайон Вынгапуровский, Ноябрьск",www.sberbank.ru,"'mon': выходной, 'tue': 09:30-13:00,14:00-17:30, 'wed': 09:30-13:00,14:00-17:30, 'thu': 09:30-13:00,14:00-17:30, 'fri': 09:30-13:00,14:00-17:30, 'sat': 09:30-13:00,14:00-17:30, 'sun': выходной",62.983082,76.994675,"4,6",['8 (800) 555-55-50Показать телефон'],"['http://ok.ru/sberbank', 'https://vk.com/sberbank']",100,100,100,
