,ID,name,address,website,opening_hours,lat,lon,rating,phone,social,Обслуживание,Персонал,Отношение к клиентам,Время ожидания,Расположение,Банкомат,График работы
0,1132491207,СберБанк,"площадь Свободы, 10, Наро-Фоминск",www.sberbank.ru,"'mon': 09:00-18:00, 'tue': 09:00-18:00, 'wed': 09:00-18:00, 'thu': 09:00-18:00, 'fri': 09:00-18:00, 'sat': 09:00-18:00, 'sun': выходной",55.385946,36.728351,"4,9",['8 (800) 555-55-50Показать телефон'],"['https://ok.ru/sberbank', 'https://vk.com/sberbank']",84,85,83,79,88,57,45
1,1122996771,СберБанк,"Профсоюзная ул., 2А, Наро-Фоминск",www.sberbank.ru,"'mon': 09:00-18:30, 'tue': 09:00-18:30, 'wed': 09:00-18:30, 'thu': 09:00-18:30, 'fri': 09:00-18:30, 'sat': 09:00-18:30, 'sun': выходной",55.377792,36.735732,"4,9",['8 (800) 555-55-50Показать телефон'],"['http://ok.ru/sberbank', 'https://vk.com/sberbank']",89,91,88,87,100,76,
2,1026078275,СберБанк,"ул. Пешехонова, 5Б, Наро-Фоминск",www.sberbank.ru,"'mon': 08:30-18:00, 'tue': 08:30-18:00, 'wed': 08:30-18:00, 'thu': 08:30-18:00, 'fri': 08:30-18:00, 'sat': 08:30-18:00, 'sun': выходной",55.406546,36.720317,"4,8",['8 (800) 555-55-50Показать телефон'],"['http://ok.ru/sberbank', 'https://vk.com/sberbank']",88,91,86,73,,57,75
3,1118196651,СберБанк,"Речная ул., 2, село Атепцево",www.sberbank.ru,"'mon': выходной, 'tue': 08:45-13:00,14:00-19:00, 'wed': выходной, 'thu': выходной, 'fri': 08:45-13:00,14:00-18:30, 'sat': выходной, 'sun': выходной",55.323931,36.753177,"1,9",['8 (800) 555-55-50Показать телефон'],"['http://ok.ru/sberbank', 'https://vk.com/sberbank']",,,,,,,
