,ID,name,address,website,opening_hours,lat,lon,rating,phone,social,Обслуживание,Отношение к клиентам,Персонал,Время ожидания,Банкомат,Расположение,Кредит,Ремонт,Ипотека,График работы
0,1173987527,СберБанк,"ул. Ленина, 121, Михайловск",www.sberbank.ru,"'mon': 08:00-18:30, 'tue': 08:00-18:30, 'wed': 08:00-18:30, 'thu': 08:00-18:30, 'fri': 08:00-18:30, 'sat': 08:00-18:30, 'sun': 09:00-13:00",45.131473,42.026664,"4,6",['8 (800) 555-55-50Показать телефон'],"['https://ok.ru/sberbank', 'https://vk.com/sberbank']",75,77,79,51,35,85,36,,,
1,1778903138,СберБанк,"ул. Войкова, 391, Михайловск",www.sberbank.ru,"'mon': 08:30-17:30, 'tue': 08:30-17:30, 'wed': 08:30-17:30, 'thu': 08:30-17:30, 'fri': 08:30-17:30, 'sat': 08:30-17:30, 'sun': выходной",45.126873,42.032239,"4,7",['8 (800) 555-55-50Показать телефон'],"['http://ok.ru/sberbank', 'https://vk.com/sberbank']",90,90,93,76,80,80,,,,
2,191067855708,СберБанк,"ул. Мира, 286, Ставрополь",www.sberbank.ru,"'mon': 08:30-19:00, 'tue': 08:30-19:00, 'wed': 08:30-19:00, 'thu': 08:30-19:00, 'fri': 08:30-19:00, 'sat': 08:30-19:00, 'sun': выходной",45.036828,41.966136,"4,7",['8 (800) 555-55-50Показать телефон'],"['https://ok.ru/sber', 'https://vk.com/sber']",83,79,84,73,68,100,,87,,
3,1053541612,СберБанк,"Октябрьская ул., 186/1, Ставрополь",www.sberbank.ru,"'mon': 08:30-18:00, 'tue': 08:30-18:00, 'wed': 08:30-18:00, 'thu': 08:30-18:00, 'fri': 08:30-18:00, 'sat': 08:30-18:00, 'sun': выходной",45.073324,41.940660,"4,4",['8 (800) 555-55-50Показать телефон'],"['http://ok.ru/sberbank', 'https://vk.com/sberbank']",80,79,82,62,13,100,,,,
4,90922121884,СберБанк,"просп. Карла Маркса, 52, Ставрополь",www.sberbank.ru,"'mon': 08:30-18:30, 'tue': 08:30-18:30, 'wed': 08:30-18:30, 'thu': 08:30-18:30, 'fri': 08:30-18:30, 'sat': 08:30-18:30, 'sun': выходной",45.048955,41.983747,"4,4",['8 (800) 555-55-50Показать телефон'],"['http://ok.ru/sberbank', 'https://vk.com/sberbank']",72,72,77,65,,,,,,
5,1548020347,СберБанк,"ул. Ленина, 381, Ставрополь",www.sberbank.ru,"'mon': 08:00-19:00, 'tue': 08:00-19:00, 'wed': 08:00-19:00, 'thu': 08:00-19:00, 'fri': 08:00-19:00, 'sat': 08:00-19:00, 'sun': 10:00-14:00",45.036164,41.933640,"4,8",['8 (800) 555-55-50Показать телефон'],"['http://ok.ru/sberbank', 'https://vk.com/sberbank']",78,77,79,68,95,90,60,,56,92
6,1617039246,СберБанк,"Школьная ул., 20, село Пелагиада",www.sberbank.ru,"'mon': выходной, 'tue': выходной, 'wed': выходной, 'thu': выходной, 'fri': выходной, 'sat': выходной, 'sun': выходной",45.205599,42.026773,"2,1",['8 (800) 555-55-50Показать телефон'],"['http://ok.ru/sberbank', 'https://vk.com/sberbank']",,,,,,,,,,
7,1056019355,СберБанк,"просп. Юности, 7Г, Ставрополь",www.sberbank.ru,"'mon': 08:30-18:30, 'tue': 08:30-18:30, 'wed': 08:30-18:30, 'thu': 08:30-18:30, 'fri': 08:30-18:30, 'sat': 08:30-18:30, 'sun': 09:00-12:00",45.060574,41.929968,"4,7",['8 (800) 555-55-50Показать телефон'],"['http://ok.ru/sberbank', 'https://vk.com/sberbank']",83,82,83,70,88,92,,,,
8,1551222679,СберБанк,"ул. Тухачевского, 26/2, Ставрополь",www.sberbank.ru,"'mon': 09:00-19:00, 'tue': 09:00-19:00, 'wed': 09:00-19:00, 'thu': 09:00-19:00, 'fri': 09:00-19:00, 'sat': 09:00-19:00, 'sun': выходной",45.015940,41.902820,,['8 (800) 555-55-50Показать телефон'],"['http://ok.ru/sberbank', 'https://vk.com/sberbank']",,,,,,,,,,
9,1196874648,СберБанк,"Вокзальная ул., 28, Ставрополь",www.sberbank.ru,"'mon': 08:30-17:30, 'tue': 08:30-17:30, 'wed': 08:30-17:30, 'thu': 08:30-17:30, 'fri': 08:30-17:30, 'sat': 08:30-17:30, 'sun': выходной",45.057222,41.997906,"4,4",['8 (800) 555-55-50Показать телефон'],"['http://ok.ru/sberbank', 'https://vk.com/sber']",82,78,79,72,10,,,,,
10,1671846793,СберБанк,"ул. Серова, 472/1, Ставрополь",www.sberbank.ru,"'mon': 09:00-18:00, 'tue': 09:00-18:00, 'wed': 09:00-18:00, 'thu': 09:00-18:00, 'fri': 09:00-18:00, 'sat': 09:00-18:00, 'sun': выходной",45.033316,42.021118,"4,8",['8 (800) 555-55-50Показать телефон'],"['http://ok.ru/sberbank', 'https://vk.com/sberbank']",83,82,82,83,,,,,,
11,1028204229,СберБанк,"ул. Бурмистрова, 65Б, Ставрополь",www.sberbank.ru,"'mon': 09:00-18:00, 'tue': 09:00-18:00, 'wed': 09:00-18:00, 'thu': 09:00-18:00, 'fri': 09:00-18:00, 'sat': выходной, 'sun': выходной",45.063311,41.981758,"4,8",['8 (800) 555-55-50Показать телефон'],"['http://ok.ru/sberbank', 'https://vk.com/sberbank']",89,88,88,65,75,90,,,,
12,1133892662,СберБанк,"Подгорная ул., 95, село Верхнерусское",www.sberbank.ru,"'mon': 08:00-12:00,12:30-15:30, 'tue': 08:00-12:00,12:30-15:30, 'wed': 08:00-12:00,12:30-15:30, 'thu': 08:00-12:00,12:30-15:30, 'fri': 08:00-12:00,12:30-15:30, 'sat': выходной, 'sun': выходной",45.132350,41.944551,"3,7",['8 (800) 555-55-50Показать телефон'],"['http://ok.ru/sberbank', 'https://vk.com/sberbank']",,,,,,,,,,
13,1098705252,СберБанк,"ул. Ленина, 415А, Ставрополь",www.sberbank.ru,"'mon': 09:00-18:30, 'tue': 09:00-18:30, 'wed': 09:00-18:30, 'thu': 09:00-18:30, 'fri': 09:00-18:30, 'sat': 09:00-18:30, 'sun': выходной",45.037083,41.922419,"4,7",['8 (800) 555-55-50Показать телефон'],"['http://ok.ru/sberbank', 'https://vk.com/sberbank']",75,70,77,71,,,,,,
14,1663426158,СберБанк,"ул. 50 лет ВЛКСМ, 2/5, Ставрополь",www.sberbank.ru,"'mon': 09:00-18:30, 'tue': 09:00-18:30, 'wed': 09:00-18:30, 'thu': 09:00-18:30, 'fri': 09:00-18:30, 'sat': 09:00-18:30, 'sun': выходной",45.018647,41.926345,"4,3",['8 (800) 555-55-50Показать телефон'],"['http://ok.ru/sberbank', 'https://vk.com/sber']",78,81,81,65,,92,,,,
15,1114956713,СберБанк,"ул. Ленина, 104, Ставрополь",www.sberbank.ru,"'mon': 09:00-17:30, 'tue': 09:00-17:30, 'wed': 09:00-17:30, 'thu': 09:00-17:30, 'fri': 09:00-17:30, 'sat': 09:00-17:30, 'sun': выходной",45.042265,41.994962,"4,5",['8 (800) 555-55-50Показать телефон'],"['http://ok.ru/sberbank', 'https://vk.com/sberbank']",87,83,88,68,,,,,,
16,1059945412,СберБанк,"ул. Маяковского, 1, Ленинский район, микрорайон № 6, Ставрополь",www.sberbank.ru,"'mon': 09:00-18:00, 'tue': 09:00-18:00, 'wed': 09:00-18:00, 'thu': 09:00-18:00, 'fri': 09:00-18:00, 'sat': 09:00-18:00, 'sun': выходной",45.040544,41.985172,"4,5",['8 (800) 555-55-50Показать телефон'],"['http://ok.ru/sberbank', 'https://vk.com/sberbank']",72,71,76,68,88,90,,,,
17,1089625951,СберБанк,"Советская ул., 141, село Надежда",www.sberbank.ru,"'mon': выходной, 'tue': 08:00-12:00,12:30-13:45, 'wed': 08:00-12:00,12:30-13:45, 'thu': 08:00-12:00,12:30-13:45, 'fri': 08:00-12:00,12:30-13:45, 'sat': 08:00-12:00,12:30-13:45, 'sun': выходной",45.054417,42.125426,"3,7",['8 (800) 555-55-50Показать телефон'],"['http://ok.ru/sberbank', 'https://vk.com/sberbank']",,,,,,,,,,
18,1124415763,СберБанк,"ул. Доваторцев, 13, Ставрополь",www.sberbank.ru,"'mon': 08:00-18:00, 'tue': 08:00-18:00, 'wed': 08:00-18:00, 'thu': 08:00-18:00, 'fri': 08:00-18:00, 'sat': 08:00-18:00, 'sun': выходной",45.023777,41.933742,"4,5",['8 (800) 555-55-50Показать телефон'],"['http://ok.ru/sberbank', 'https://vk.com/sberbank']",79,80,81,58,75,100,,,,
19,1039165538,СберБанк,"площадь Ленина, 1, Ставрополь",www.sberbank.ru,"'mon': 08:15-12:00,13:00-17:00, 'tue': 08:15-12:00,13:00-17:00, 'wed': 08:15-12:00,13:00-17:00, 'thu': 08:15-12:00,13:00-17:00, 'fri': 08:15-12:00,13:00-17:00, 'sat': выходной, 'sun': выходной",45.043170,41.967960,"4,3",['8 (800) 555-55-50Показать телефон'],"['http://ok.ru/sberbank', 'https://vk.com/sberbank']",,,,,,,,,,
20,140930424988,СберБанк,"пр. Черняховского, 8, Ленинский район, микрорайон № 9, Ставрополь",www.sberbank.ru,"'mon': 09:00-18:00, 'tue': 09:00-18:00, 'wed': 09:00-18:00, 'thu': 09:00-18:00, 'fri': 09:00-18:00, 'sat': 09:00-18:00, 'sun': выходной",45.028120,41.975086,"4,5",['8 (800) 555-55-50Показать телефон'],"['http://ok.ru/sberbank', 'https://vk.com/sberbank']",81,92,84,73,,,,,,
21,1071489055,СберБанк,"Красная ул., 193, село Старомарьевка",www.sberbank.ru,"'mon': выходной, 'tue': выходной, 'wed': выходной, 'thu': выходной, 'fri': выходной, 'sat': 08:30-11:45, 'sun': выходной",45.091851,42.235937,"1,5",['8 (800) 555-55-50Показать телефон'],"['http://ok.ru/sberbank', 'https://vk.com/sberbank']",,,,,,,,,,
22,1057907470,СберБанк,"Шоссейная ул., 3, село Дубовка",www.sberbank.ru,"'mon': выходной, 'tue': выходной, 'wed': выходной, 'thu': выходной, 'fri': выходной, 'sat': выходной, 'sun': выходной",45.219638,42.175264,"2,3",['8 (800) 555-55-50Показать телефон'],"['http://ok.ru/sberbank', 'https://vk.com/sberbank']",,,,,,,,,,
