,ID,name,address,website,opening_hours,lat,lon,rating,phone,social,Обслуживание,Персонал,Отношение к клиентам,Время ожидания
0,1546166782,СберБанк,"ул. Фрунзе, 12А, Лесной",www.sberbank.ru,"'mon': 09:00-19:00, 'tue': 09:00-19:00, 'wed': 09:00-19:00, 'thu': 09:00-19:00, 'fri': 09:00-19:00, 'sat': 09:00-18:30, 'sun': выходной",58.634553,59.776996,"4,3",['8 (800) 555-55-50Показать телефон'],"['http://ok.ru/sberbank', 'https://vk.com/sberbank']",68,76,72,38
1,1073528172,СберБанк,"ул. Калинина, 11, Лесной",www.sberbank.ru,"'mon': 09:25-13:00,14:00-17:45, 'tue': 09:00-13:00,14:00-17:45, 'wed': 09:00-13:00,14:00-17:45, 'thu': 09:00-13:00,14:00-17:45, 'fri': 09:00-13:00,14:00-17:45, 'sat': 09:00-16:45, 'sun': выходной",58.636586,59.615481,"3,4",['8 (800) 555-55-50Показать телефон'],"['http://ok.ru/sberbank', 'https://vk.com/sberbank']",,,,
2,1110343980,СберБанк,"ул. 40 лет Октября, 6А, Нижняя Тура",www.sberbank.ru,"'mon': 09:00-18:00, 'tue': 09:00-18:00, 'wed': 09:00-18:00, 'thu': 09:00-18:00, 'fri': 09:00-18:00, 'sat': 09:00-18:00, 'sun': выходной",58.621505,59.848388,"4,3",['8 (800) 555-55-50Показать телефон'],"['http://ok.ru/sberbank', 'https://vk.com/sberbank']",88,94,90,74
3,6336953504,СберБанк,"ул. Свердлова, 45, Качканар",www.sberbank.ru,"'mon': выходной, 'tue': 09:00-18:30, 'wed': 09:00-18:30, 'thu': 09:00-18:30, 'fri': 09:00-18:30, 'sat': 09:00-18:30, 'sun': выходной",58.694550,59.470711,"4,2",['8 (800) 555-55-50Показать телефон'],"['http://ok.ru/sberbank', 'https://vk.com/sberbank']",87,85,90,
4,96859424783,СберБанк,"ул. Свердлова, 7В, Качканар",www.sberbank.ru,"'mon': 09:00-18:00, 'tue': 09:00-18:00, 'wed': 09:00-18:00, 'thu': 09:00-18:00, 'fri': 09:00-18:00, 'sat': 09:00-18:00, 'sun': выходной",58.704600,59.481432,"4,4",['8 (800) 555-55-50Показать телефон'],"['http://ok.ru/sberbank', 'https://vk.com/sberbank']",,,,
