,ID,name,address,website,opening_hours,lat,lon,rating,phone,social,Обслуживание,Персонал,Отношение к клиентам,Время ожидания,Банкомат
0,1022091159,СберБанк,"ул. Свердлова, 86, Шадринск",www.sberbank.ru,"'mon': 09:00-18:00, 'tue': 09:00-18:00, 'wed': 09:00-18:00, 'thu': 09:00-18:00, 'fri': 09:00-18:00, 'sat': 09:00-18:00, 'sun': выходной",56.086685,63.630983,"4,7",['8 (800) 555-55-50Показать телефон'],"['http://ok.ru/sberbank', 'https://vk.com/sberbank']",81,85,83,59,43
1,1142168486,СберБанк,"ул. Ефремова, 8, Шадринск",www.sberbank.ru,"'mon': 09:00-17:30, 'tue': 09:00-17:30, 'wed': 09:00-17:30, 'thu': 09:00-17:30, 'fri': 09:00-17:30, 'sat': 09:00-17:30, 'sun': выходной",56.087985,63.611798,"4,4",['8 (800) 555-55-50Показать телефон'],"['http://ok.ru/sberbank', 'https://vk.com/sberbank']",86,100,95,,
2,152255461830,СберБанк,"ул. Свердлова, 86, Шадринск",www.sberbank.ru,"'mon': 09:00-17:30, 'tue': 09:00-17:30, 'wed': 09:00-17:30, 'thu': 09:00-17:30, 'fri': 09:00-17:30, 'sat': выходной, 'sun': выходной",56.086613,63.631209,"4,1",['8 (800) 555-55-50Показать телефон'],"['https://ok.ru/sberbank', 'https://vk.com/sberbank']",,,,,
3,1086056122,СберБанк,"Исетская ул., 17, село Погорелка",www.sberbank.ru,"'mon': 08:00-12:00,12:30-16:15, 'tue': 08:00-12:00,12:30-16:15, 'wed': 08:00-12:00,12:30-16:15, 'thu': 08:00-12:00,12:30-16:15, 'fri': 08:00-12:00,12:30-16:15, 'sat': выходной, 'sun': выходной",56.078598,63.705843,"4,3",['8 (800) 555-55-50Показать телефон'],"['http://ok.ru/sberbank', 'https://vk.com/sberbank']",,,,,
4,1179673445,СберБанк,"ул. Зелёная Роща, 3, село Красная Нива",www.sberbank.ru,"'mon': 08:30-12:00,13:00-15:45, 'tue': 08:30-12:00,13:00-15:45, 'wed': 08:30-12:00,13:00-15:45, 'thu': 08:30-12:00,13:00-14:20, 'fri': выходной, 'sat': выходной, 'sun': выходной",56.019596,63.645206,"3,9",['8 (800) 555-55-50Показать телефон'],"['http://ok.ru/sberbank', 'https://vk.com/sberbank']",,,,,
5,44425068923,СберБанк,"Набережная ул., 40А, село Красномыльское",www.sberbank.ru,"'mon': 08:30-12:30,13:30-15:45, 'tue': 08:30-12:30,13:30-15:45, 'wed': 08:30-12:30,13:30-15:45, 'thu': 08:30-12:30,13:30-14:20, 'fri': выходной, 'sat': выходной, 'sun': выходной",56.095976,63.456040,"3,4",['8 (800) 555-55-50Показать телефон'],"['http://ok.ru/sberbank', 'https://vk.com/sberbank']",,,,,
