,ID,name,address,website,opening_hours,lat,lon,rating,phone,social,Обслуживание,Персонал,Отношение к клиентам,Время ожидания,Банкомат,Расположение
0,68571898571,СберБанк,"ул. Ленина, 97, Железноводск",www.sberbank.ru,"'mon': 09:00-18:00, 'tue': 09:00-18:00, 'wed': 09:00-18:00, 'thu': 09:00-18:00, 'fri': 09:00-18:00, 'sat': 09:00-18:00, 'sun': выходной",44.140481,43.010501,"4,8",['8 (800) 555-55-50Показать телефон'],"['https://ok.ru/sberbank', 'https://vk.com/sberbank']",84,82,82,75,87,92
1,1160921868,СберБанк,"просп. 22-го Партсъезда, 9, Минеральные Воды",www.sberbank.ru,"'mon': 08:30-18:00, 'tue': 08:30-18:00, 'wed': 08:30-18:00, 'thu': 08:30-18:00, 'fri': 08:30-18:00, 'sat': 08:30-18:00, 'sun': 09:00-13:00",44.209774,43.139543,"4,7",['8 (800) 555-55-50Показать телефон'],"['http://ok.ru/sberbank', 'https://vk.com/sberbank']",83,84,83,74,64,96
2,1672318087,СберБанк,"просп. 22-го Партсъезда, 137/3, Минеральные Воды",www.sberbank.ru,"'mon': 08:30-18:00, 'tue': 08:30-18:00, 'wed': 08:30-18:00, 'thu': 08:30-18:00, 'fri': 08:30-18:00, 'sat': 08:30-18:00, 'sun': выходной",44.193834,43.131526,"4,7",['8 (800) 555-55-50Показать телефон'],"['http://ok.ru/sberbank', 'https://vk.com/sberbank']",86,90,89,60,33,
3,1608648679,СберБанк,"Ставропольская ул., 27А, Минеральные Воды",www.sberbank.ru,"'mon': 08:15-17:15, 'tue': 08:15-17:15, 'wed': 08:15-17:15, 'thu': 08:15-17:15, 'fri': 08:15-17:15, 'sat': 08:15-17:15, 'sun': выходной",44.209957,43.122085,"4,3",['8 (800) 555-55-50Показать телефон'],"['http://ok.ru/sberbank', 'https://vk.com/sberbank']",70,71,74,42,45,100
4,1647670775,СберБанк,"ул. Ленина, 130, Железноводск",www.sberbank.ru,"'mon': выходной, 'tue': 08:30-18:00, 'wed': 08:30-18:00, 'thu': 08:30-18:00, 'fri': 08:30-18:00, 'sat': 08:30-18:00, 'sun': выходной",44.143644,43.004464,"4,5",['8 (800) 555-55-50Показать телефон'],"['http://ok.ru/sberbank', 'https://vk.com/sberbank']",90,93,92,85,45,
