,ID,name,address,website,opening_hours,lat,lon,rating,phone,social,Обслуживание,Персонал,Отношение к клиентам,Время ожидания,Банкомат,Расположение,Ипотека,Кредит,График работы,Ремонт
0,1351996786,СберБанк,"ул. Кирова, 108, Новосибирск",www.sberbank.ru,"'mon': 09:00-18:30, 'tue': 09:00-18:30, 'wed': 09:00-18:30, 'thu': 09:00-18:30, 'fri': 09:00-18:30, 'sat': 09:00-18:30, 'sun': выходной",55.012788,82.952419,"4,4",['8 (800) 555-55-50Показать телефон'],"['http://ok.ru/sberbank', 'https://vk.com/sberbank', 'https://youtube.com/user/Sberbank']",84,86,84,58,54,,,,,
1,1167575935,СберБанк,"Большевистская ул., 151, Новосибирск",www.sberbank.ru,"'mon': 10:00-19:00, 'tue': 10:00-19:00, 'wed': 10:00-19:00, 'thu': 10:00-19:00, 'fri': 10:00-19:00, 'sat': выходной, 'sun': выходной",54.996704,82.966586,"4,7",['8 (800) 555-55-50Показать телефон'],"['http://ok.ru/sberbank', 'https://vk.com/sberbank']",82,83,84,73,62,100,,,,
2,1032126666,СберБанк,"Серебренниковская ул., 20, Новосибирск",www.sberbank.ru,"'mon': 09:00-18:00, 'tue': 09:00-18:00, 'wed': 09:00-18:00, 'thu': 09:00-18:00, 'fri': 09:00-18:00, 'sat': 09:00-18:00, 'sun': выходной",55.024743,82.926454,"4,5",['8 (800) 555-55-50Показать телефон'],"['https://ok.ru/sber/', 'https://t.me/sberbank', 'https://vk.com/sberbank']",79,81,79,66,56,70,,,,
3,1084557511,СберБанк,"ул. Кирова, 76, Новосибирск",www.sberbank.ru,"'mon': 09:30-19:00, 'tue': 09:30-19:00, 'wed': 09:30-19:00, 'thu': 09:30-19:00, 'fri': 09:30-19:00, 'sat': 09:30-19:00, 'sun': выходной",55.017001,82.942936,"4,4",['8 (800) 555-55-50Показать телефон'],"['http://ok.ru/sberbank', 'https://vk.com/sberbank']",83,84,82,74,90,,,,,
4,1182171426,СберБанк,"Красный просп., 46, Новосибирск",www.sberbank.ru,"'mon': 09:00-19:00, 'tue': 09:00-19:00, 'wed': 09:00-19:00, 'thu': 09:00-19:00, 'fri': 09:00-19:00, 'sat': 09:00-19:00, 'sun': выходной",55.033545,82.919885,"4,5",['8 (800) 555-55-50Показать телефон'],"['https://ok.ru/sber/', 'https://t.me/sberbank', 'https://vk.com/sberbank']",78,81,76,68,79,76,65,64,,
5,12146230591,СберБанк,"ул. Покрышкина, 1, Новосибирск",www.sberbank.ru,"'mon': 09:00-19:00, 'tue': 09:00-19:00, 'wed': 09:00-19:00, 'thu': 09:00-19:00, 'fri': 09:00-19:00, 'sat': 09:00-19:00, 'sun': 10:00-14:00",54.979754,82.894078,"4,5",['8 (800) 555-55-50Показать телефон'],"['https://ok.ru/sber/', 'https://t.me/Sber_Business_Live_bot', 'https://vk.com/careersber']",82,88,86,76,,,,,,
6,1104091780,СберБанк,"ул. Дуси Ковальчук, 75, Новосибирск",www.sberbank.ru,"'mon': 09:00-20:00, 'tue': 09:00-20:00, 'wed': 09:00-20:00, 'thu': 09:00-20:00, 'fri': 09:00-20:00, 'sat': 09:00-20:00, 'sun': выходной",55.052891,82.894390,"4,6",['8 (800) 555-55-50Показать телефон'],"['https://ok.ru/sber/', 'https://t.me/sberbank', 'https://vk.com/sberbank']",84,88,83,63,73,94,90,55,80,
7,1143901419,СберБанк,"Комсомольская ул., 10, Кировский район, Северо-Чемской жилмассив, Новосибирск",www.sberbank.ru,"'mon': 09:00-19:00, 'tue': 09:00-19:00, 'wed': 09:00-19:00, 'thu': 09:00-19:00, 'fri': 09:00-19:00, 'sat': 09:00-19:00, 'sun': выходной",54.957460,82.964244,"4,7",['8 (800) 555-55-50Показать телефон'],"['http://ok.ru/sberbank', 'https://t.me/sberbank', 'https://vk.com/sberbank']",83,84,82,67,72,95,,,70,
8,1149412031,СберБанк,"ул. Бориса Богаткова, 208/1, Новосибирск",www.sberbank.ru,"'mon': 09:00-19:00, 'tue': 09:00-19:00, 'wed': 09:00-19:00, 'thu': 09:00-19:00, 'fri': 09:00-19:00, 'sat': 09:00-19:00, 'sun': выходной",55.035746,82.976170,"4,5",['8 (800) 555-55-50Показать телефон'],"['https://ok.ru/sber/', 'https://t.me/sberbank', 'https://vk.com/sberbank']",83,84,83,50,52,100,,,,73
9,1013009171,СберБанк,"просп. Карла Маркса, 14, Новосибирск",www.sberbank.ru,"'mon': 09:00-19:00, 'tue': 09:00-19:00, 'wed': 09:00-19:00, 'thu': 09:00-19:00, 'fri': 09:00-19:00, 'sat': 10:00-16:30, 'sun': выходной",54.985873,82.901404,"4,3",['8 (800) 555-55-50Показать телефон'],"['http://ok.ru/sberbank', 'https://vk.com/sberbank', 'https://youtube.com/user/Sberbank']",90,88,89,79,,,,,,
10,1109698954,СберБанк,"ул. Гоголя, 1, Новосибирск",www.sberbank.ru,"'mon': 09:30-19:30, 'tue': 09:30-19:30, 'wed': 09:30-19:30, 'thu': 09:30-19:30, 'fri': 09:30-19:30, 'sat': 09:30-19:00, 'sun': 10:00-14:00",55.042252,82.914015,"4,5",['8 (800) 555-55-50Показать телефон'],"['http://ok.ru/sberbank', 'https://t.me/sberbank', 'https://vk.com/sberbank']",86,88,84,77,82,90,,,,
11,1586123336,СберБанк,"ул. Петухова, 74, Новосибирск",www.sberbank.ru,"'mon': 09:00-19:00, 'tue': 09:00-19:00, 'wed': 09:00-19:00, 'thu': 09:00-19:00, 'fri': 09:00-19:00, 'sat': 09:00-19:00, 'sun': 10:00-15:00",54.937494,82.909534,"4,4",['8 (800) 555-55-50Показать телефон'],"['http://ok.ru/sberbank', 'https://t.me/careersber', 'https://vk.com/careersber']",80,82,81,60,50,89,,,,
12,145416808499,СберБанк,"просп. Дзержинского, 30/1, Новосибирск",www.sberbank.ru,"'mon': 09:00-18:00, 'tue': 09:00-18:00, 'wed': 09:00-18:00, 'thu': 09:00-18:00, 'fri': 09:00-18:00, 'sat': 09:00-18:00, 'sun': выходной",55.056357,82.976749,"4,4",['8 (800) 555-55-50Показать телефон'],"['http://ok.ru/sberbank', 'https://vk.com/sber']",81,85,85,67,43,75,,,,
13,1328437254,СберБанк,"ул. Кошурникова, 8/1, Новосибирск",www.sberbank.ru,"'mon': 09:00-18:30, 'tue': 09:00-18:30, 'wed': 09:00-18:30, 'thu': 09:00-18:30, 'fri': 09:00-18:30, 'sat': 09:00-18:30, 'sun': выходной",55.042896,82.952985,"4,4",['8 (800) 555-55-50Показать телефон'],"['http://ok.ru/sberbank', 'https://t.me/sberbank', 'https://vk.com/sberbank', 'https://youtube.com/user/Sberbank']",87,94,86,77,77,95,,,,
14,1113428709,СберБанк,"ул. Титова, 7, Новосибирск",www.sberbank.ru,"'mon': 09:30-18:30, 'tue': 09:30-18:30, 'wed': 09:30-18:30, 'thu': 09:30-18:30, 'fri': 09:30-18:30, 'sat': 09:30-19:00, 'sun': выходной",54.982424,82.885290,"4,5",['8 (800) 555-55-50Показать телефон'],"['http://ok.ru/sberbank', 'https://vk.com/sberbank']",80,80,76,63,38,,,,,
15,1161282114,СберБанк,"Гусинобродское ш., 31, Новосибирск",www.sberbank.ru,"'mon': 09:00-18:00, 'tue': 09:00-18:00, 'wed': 09:00-18:00, 'thu': 09:00-18:00, 'fri': 09:00-18:00, 'sat': 09:00-18:00, 'sun': выходной",55.039048,83.014362,"4,5",['8 (800) 555-55-50Показать телефон'],"['http://ok.ru/sberbank', 'https://vk.com/sberbank']",83,85,90,67,71,,,,,
16,209209242957,СберБанк,"ул. Сибиряков-Гвардейцев, 62, Новосибирск",www.sberbank.ru,"'mon': 09:30-19:00, 'tue': 09:30-19:00, 'wed': 09:30-19:00, 'thu': 09:30-19:00, 'fri': 09:30-19:00, 'sat': 09:30-19:00, 'sun': выходной",54.938745,82.896398,"4,9",['8 (800) 555-55-50Показать телефон'],"['http://ok.ru/sberbank', 'https://vk.com/sberbank']",93,98,96,83,91,,,,,
17,173548758603,СберБанк,"просп. Карла Маркса, 22, Новосибирск",www.sberbank.ru,"'mon': 09:30-18:30, 'tue': 09:30-18:30, 'wed': 09:30-18:30, 'thu': 09:30-18:30, 'fri': 09:30-18:30, 'sat': 09:30-18:30, 'sun': выходной",54.989026,82.906618,"4,4",['8 (800) 555-55-50Показать телефон'],"['http://ok.ru/sberbank', 'https://vk.com/sberbank']",80,81,81,52,54,,,,,
18,38805053693,СберБанк,"ул. Бориса Богаткова, 206А, Новосибирск",www.sberbank.ru,"'mon': 09:30-18:30, 'tue': 09:30-18:30, 'wed': 09:30-18:30, 'thu': 09:30-18:30, 'fri': 09:30-18:30, 'sat': 09:30-18:30, 'sun': выходной",55.032998,82.972376,"4,6",['8 (800) 555-55-50Показать телефон'],"['http://ok.ru/sberbank', 'https://t.me/sberbank', 'https://vk.com/sberbank']",90,91,91,86,58,,,,,
19,1150199102,СберБанк,"ул. Гоголя, 43/1, Новосибирск",www.sberbank.ru,"'mon': 09:30-18:30, 'tue': 09:30-18:30, 'wed': 09:30-18:30, 'thu': 09:30-18:30, 'fri': 09:30-18:30, 'sat': 10:00-14:00, 'sun': выходной",55.044238,82.938556,"4,5",['8 (800) 555-55-50Показать телефон'],"['http://ok.ru/sberbank', 'https://t.me/sberbank', 'https://vk.com/sberbank']",79,92,82,61,40,90,,,,
20,1079991039,СберБанк,"Оловозаводская ул., 18/1, Кировский район, Северо-Чемской жилмассив, Новосибирск",www.sberbank.ru,"'mon': 09:30-19:00, 'tue': 09:30-19:00, 'wed': 09:30-19:00, 'thu': 09:30-19:00, 'fri': 09:30-19:00, 'sat': 09:30-19:00, 'sun': выходной",54.963007,82.951311,"4,4",['8 (800) 555-55-50Показать телефон'],"['https://t.me/sber_students_bot', 'https://vk.com/sberbank']",79,83,77,78,28,,,,6,
21,1021007845,СберБанк,"ул. Титова, 27, Новосибирск",www.sberbank.ru,"'mon': 09:00-18:30, 'tue': 09:00-18:30, 'wed': 09:00-18:30, 'thu': 09:00-18:30, 'fri': 09:00-18:30, 'sat': 09:00-18:30, 'sun': выходной",54.981118,82.870411,"4,4",['8 (800) 555-55-50Показать телефон'],"['http://ok.ru/sberbank', 'https://vk.com/sberbank']",84,85,85,71,30,82,,,,
22,1249223568,СберБанк,"ул. Ленина, 59, Новосибирск",www.sberbank.ru,"'mon': 09:30-19:00, 'tue': 09:30-19:00, 'wed': 09:30-19:00, 'thu': 09:30-19:00, 'fri': 09:30-19:00, 'sat': 09:30-19:00, 'sun': выходной",55.034084,82.900613,"4,4",['8 (800) 555-55-50Показать телефон'],"['https://ok.ru/sberbank', 'https://t.me/sberbank', 'https://vk.com/sberbank']",80,77,81,71,35,94,,,,
23,1255085211,СберБанк,"Красный просп., 88, Новосибирск",www.sberbank.ru,"'mon': 09:30-19:00, 'tue': 09:30-19:00, 'wed': 09:30-19:00, 'thu': 09:30-19:00, 'fri': 09:30-19:00, 'sat': 10:00-15:00, 'sun': выходной",55.050794,82.915339,"4,5",['8 (800) 555-55-50Показать телефон'],"['http://ok.ru/sberbank', 'https://vk.com/sber']",83,85,82,65,45,93,,,,
24,1052975719,СберБанк,"Лазурная ул., 17, Новосибирск",www.sberbank.ru,"'mon': 09:30-18:30, 'tue': 09:30-18:30, 'wed': 09:30-18:30, 'thu': 09:30-18:30, 'fri': 09:30-18:30, 'sat': 09:30-18:30, 'sun': выходной",55.032266,83.013096,"4,3",['8 (800) 555-55-50Показать телефон'],"['http://ok.ru/sberbank', 'https://vk.com/sberbank']",76,75,77,64,8,92,,,8,
25,1104873754,СберБанк,"Выборная ул., 125/1, Новосибирск",www.sberbank.ru,"'mon': 09:30-18:30, 'tue': 09:30-18:30, 'wed': 09:30-18:30, 'thu': 09:30-18:30, 'fri': 09:30-18:30, 'sat': 10:00-14:00, 'sun': выходной",55.003534,83.021310,"4,4",['8 (800) 555-55-50Показать телефон'],"['https://ok.ru/sberbank', 'https://vk.com/sberbank']",82,77,79,53,,,,,,
26,1072558487,СберБанк,"ул. Пархоменко, 26, Новосибирск",www.sberbank.ru,"'mon': 09:30-19:00, 'tue': 09:30-19:00, 'wed': 09:30-19:00, 'thu': 09:30-19:00, 'fri': 09:30-19:00, 'sat': 09:30-19:00, 'sun': выходной",54.987577,82.859470,"4,4",['8 (800) 555-55-50Показать телефон'],"['http://ok.ru/sberbank', 'https://vk.com/sberbank', 'https://youtube.com/user/Sberbank']",92,90,84,79,45,80,,,,
27,97366815367,СберБанк,"ул. Бориса Богаткова, 262, Новосибирск",www.sberbank.ru,"'mon': 09:00-18:00, 'tue': 09:00-18:00, 'wed': 09:00-18:00, 'thu': 09:00-18:00, 'fri': 09:00-18:00, 'sat': 09:00-18:00, 'sun': выходной",55.040470,82.982454,"4,5",['8 (800) 555-55-50Показать телефон'],"['http://ok.ru/sberbank', 'https://vk.com/sberbank']",80,80,77,61,67,92,,,,
28,1165122654,СберБанк,"ул. Дуси Ковальчук, 394, Новосибирск",www.sberbank.ru,"'mon': 09:30-18:30, 'tue': 09:30-18:30, 'wed': 09:30-18:30, 'thu': 09:30-18:30, 'fri': 09:30-18:30, 'sat': 09:30-18:30, 'sun': выходной",55.064697,82.926611,"4,3",['8 (800) 555-55-50Показать телефон'],"['http://ok.ru/sberbank', 'https://vk.com/sberbank', 'https://youtube.com/user/Sberbank']",74,74,67,71,53,,,,,
29,1125489269,СберБанк,"Учительская ул., 24, Новосибирск",www.sberbank.ru,"'mon': выходной, 'tue': выходной, 'wed': выходной, 'thu': выходной, 'fri': выходной, 'sat': выходной, 'sun': выходной",55.078858,82.969608,"4,5",['8 (800) 555-55-50Показать телефон'],"['http://ok.ru/sberbank', 'https://t.me/sberbank', 'https://vk.com/sberbank']",90,94,90,72,71,92,,,85,
30,43063623347,СберБанк,"Курганская ул., 38/2, Новосибирск",www.sberbank.ru,"'mon': 09:00-19:00, 'tue': 09:00-19:00, 'wed': 09:00-19:00, 'thu': 09:00-19:00, 'fri': 09:00-19:00, 'sat': 09:00-19:00, 'sun': выходной",54.970406,82.842256,"4,5",['8 (800) 555-55-50Показать телефон'],"['http://ok.ru/sberbank', 'https://vk.com/sberbank']",92,93,91,81,61,91,,,,
31,226146025537,СберБанк,"80, рабочий посёлок Краснообск",www.sberbank.ru,"'mon': 09:00-18:30, 'tue': 09:00-18:30, 'wed': 09:00-18:30, 'thu': 09:00-18:30, 'fri': 09:00-18:30, 'sat': 09:00-18:30, 'sun': выходной",54.921117,82.991016,"4,4",['8 (800) 555-55-50Показать телефон'],"['http://ok.ru/sberbank', 'https://vk.com/sberbank']",76,83,78,64,,,,,,
32,71356051432,СберБанк,"ул. Крылова, 29, Новосибирск",www.sberbank.ru,"'mon': 10:00-19:00, 'tue': 10:00-19:00, 'wed': 10:00-19:00, 'thu': 10:00-19:00, 'fri': 10:00-19:00, 'sat': 10:00-19:00, 'sun': выходной",55.041423,82.928550,"4,5",['8 (800) 555-55-50Показать телефон'],"['http://ok.ru/sberbank', 'https://vk.com/sberbank']",82,84,82,71,64,,,,,
33,1372581952,СберБанк,"ул. Гребенщикова, 8, Калининский район, микрорайон Родники, Новосибирск",www.sberbank.ru,"'mon': 09:00-18:30, 'tue': 09:00-18:30, 'wed': 09:00-18:30, 'thu': 09:00-18:30, 'fri': 09:00-18:30, 'sat': 09:00-18:30, 'sun': выходной",55.110145,82.942085,"4,7",['8 (800) 555-55-50Показать телефон'],"['http://ok.ru/sberbank', 'https://t.me/sber_students_bot', 'https://vk.com/sberbank']",79,81,82,68,50,82,,,,
34,1171670447,СберБанк,"ул. Зорге, 269, Кировский район, Затулинский жилмассив, Новосибирск",www.sberbank.ru,"'mon': 09:30-18:30, 'tue': 09:30-18:30, 'wed': 09:30-18:30, 'thu': 09:30-18:30, 'fri': 09:30-18:30, 'sat': 09:30-18:30, 'sun': выходной",54.934179,82.923305,"4,2",['8 (800) 555-55-50Показать телефон'],"['http://ok.ru/sberbank', 'https://vk.com/sberbank', 'https://youtube.com/user/Sberbank']",75,80,76,47,8,,,,,
35,1003224874,СберБанк,"ул. Станиславского, 28, Новосибирск",www.sberbank.ru,"'mon': 09:00-19:00, 'tue': 09:00-19:00, 'wed': 09:00-19:00, 'thu': 09:00-19:00, 'fri': 09:00-19:00, 'sat': 09:00-19:00, 'sun': выходной",54.975562,82.872278,"4,4",['8 (800) 555-55-50Показать телефон'],"['http://ok.ru/sberbank', 'https://vk.com/sberbank', 'https://youtube.com/user/Sberbank']",88,85,93,65,,80,,,,
36,1030832507,СберБанк,"ул. Сибиряков-Гвардейцев, 50, Новосибирск",www.sberbank.ru,"'mon': 10:00-18:30, 'tue': 10:00-18:30, 'wed': 10:00-18:30, 'thu': 10:00-18:30, 'fri': 10:00-18:30, 'sat': 10:00-18:30, 'sun': выходной",54.963305,82.900550,"4,3",['8 (800) 555-55-50Показать телефон'],"['http://ok.ru/sberbank', 'https://vk.com/sberbank']",76,77,74,67,58,80,,,,
37,1152039759,СберБанк,"ул. Челюскинцев, 30/1, Новосибирск",www.sberbank.ru,"'mon': 09:00-18:00, 'tue': 09:00-18:00, 'wed': 09:00-18:00, 'thu': 09:00-18:00, 'fri': 09:00-18:00, 'sat': 09:00-18:00, 'sun': выходной",55.039626,82.906849,"4,4",['8 (800) 555-55-50Показать телефон'],"['http://ok.ru/sberbank', 'https://vk.com/sberbank']",90,86,87,72,43,,,,,
38,1210856395,СберБанк,"ул. Шмидта, 12, Новосибирск",www.sberbank.ru,"'mon': 09:00-18:30, 'tue': 09:00-18:30, 'wed': 09:00-18:30, 'thu': 09:00-18:30, 'fri': 09:00-18:30, 'sat': выходной, 'sun': выходной",54.975037,83.080653,"4,3",['8 (800) 555-55-50Показать телефон'],"['http://ok.ru/sberbank', 'https://t.me/Sber_Business_Live_bot', 'https://vk.com/sberbank']",85,88,88,41,7,,,,,
39,1010710037,СберБанк,"ул. Станиславского, 3, Новосибирск",www.sberbank.ru,"'mon': 09:30-18:30, 'tue': 09:30-18:30, 'wed': 09:30-18:30, 'thu': 09:30-18:30, 'fri': 09:30-18:30, 'sat': 09:30-18:30, 'sun': выходной",54.989650,82.871102,"4,4",['8 (800) 555-55-50Показать телефон'],"['http://ok.ru/sberbank', 'https://vk.com/sberbank']",95,98,95,91,0,,,,,
40,135370174874,СберБанк,"Колхидская ул., 2, Новосибирск",www.sberbank.ru,"'mon': 09:00-18:30, 'tue': 09:00-18:30, 'wed': 09:00-18:30, 'thu': 09:00-18:30, 'fri': 09:00-18:30, 'sat': 09:00-18:30, 'sun': выходной",54.988662,82.815485,"4,6",['8 (800) 555-55-50Показать телефон'],"['http://ok.ru/sberbank', 'https://t.me/sberbank', 'https://vk.com/sberbank']",86,87,85,73,70,95,,,,
41,1247793391,СберБанк,"ул. Мичурина, 23, Новосибирск",www.sberbank.ru,"'mon': 09:30-18:30, 'tue': 09:30-18:30, 'wed': 09:30-18:30, 'thu': 09:30-18:30, 'fri': 09:30-18:30, 'sat': 09:30-18:30, 'sun': выходной",55.041805,82.921032,"4,3",['8 (800) 555-55-50Показать телефон'],"['http://ok.ru/sberbank', 'https://t.me/sberbank', 'https://vk.com/sberbank']",72,65,67,78,,,,,,
42,1133545194,СберБанк,"ул. Кропоткина, 118, Новосибирск",www.sberbank.ru,"'mon': 09:30-18:00, 'tue': 09:30-18:00, 'wed': 09:30-18:00, 'thu': 09:30-18:00, 'fri': 09:30-18:00, 'sat': 09:30-18:00, 'sun': выходной",55.055926,82.929658,"4,4",['8 (800) 555-55-50Показать телефон'],"['https://ok.ru/sber/', 'https://t.me/Sber_Business_Live_bot', 'https://vk.com/careersber']",75,80,78,50,39,,,,,
43,1175023726,СберБанк,"ул. Дмитрия Донского, 33, Новосибирск",www.sberbank.ru,"'mon': 09:30-18:30, 'tue': 09:30-18:30, 'wed': 09:30-18:30, 'thu': 09:30-18:30, 'fri': 09:30-18:30, 'sat': 09:30-18:30, 'sun': выходной",55.063319,82.897567,"4,4",['8 (800) 555-55-50Показать телефон'],"['http://ok.ru/sberbank', 'https://t.me/sberbank', 'https://vk.com/sberbank']",90,91,87,82,57,,,,60,
44,1053679532,СберБанк,"ул. Героев Революции, 10, Новосибирск",www.sberbank.ru,"'mon': выходной, 'tue': выходной, 'wed': выходной, 'thu': выходной, 'fri': выходной, 'sat': выходной, 'sun': выходной",54.973335,83.098678,"4,7",['8 (800) 555-55-50Показать телефон'],"['http://ok.ru/sberbank', 'https://vk.com/sberbank']",85,86,84,73,80,100,,,60,
45,6773522089,СберБанк,"Новосибирская ул., 28, Новосибирск",www.sberbank.ru,"'mon': 09:00-19:00, 'tue': 09:00-19:00, 'wed': 09:00-19:00, 'thu': 09:00-19:00, 'fri': 09:00-19:00, 'sat': 09:00-19:00, 'sun': выходной",54.986961,82.843258,"4,4",['8 (800) 555-55-50Показать телефон'],"['http://ok.ru/sberbank', 'https://vk.com/sberbank']",81,79,80,57,48,93,,,,
46,1284564377,СберБанк,"ул. Лыкова, 7, Советский район, микрорайон Академгородок, Новосибирск",www.sberbank.ru,"'mon': 09:00-19:00, 'tue': 09:00-19:00, 'wed': 09:00-19:00, 'thu': 09:00-19:00, 'fri': 09:00-19:00, 'sat': 09:00-19:00, 'sun': выходной",54.860913,83.084141,"4,5",['8 (800) 555-55-50Показать телефон'],"['https://ok.ru/sber', 'https://t.me/sberbank', 'https://vk.com/sberbank']",78,83,78,65,75,69,,,,
47,1133953871,СберБанк,"ул. Макаренко, 22, Калининский район, микрорайон Юбилейный, Новосибирск",www.sberbank.ru,"'mon': 09:00-18:30, 'tue': 09:00-18:30, 'wed': 09:00-18:30, 'thu': 09:00-18:30, 'fri': 09:00-18:30, 'sat': 09:00-18:30, 'sun': выходной",55.098438,82.967668,"4,6",['8 (800) 555-55-50Показать телефон'],"['http://ok.ru/sberbank', 'https://vk.com/sberbank']",79,78,78,70,58,92,,,,
48,1260352057,СберБанк,"Рассветная ул., 10, Калининский район, микрорайон Снегири, Новосибирск",www.sberbank.ru,"'mon': 09:00-19:00, 'tue': 09:00-19:00, 'wed': 09:00-19:00, 'thu': 09:00-19:00, 'fri': 09:00-19:00, 'sat': 09:00-19:00, 'sun': выходной",55.109605,82.975089,"4,4",['8 (800) 555-55-50Показать телефон'],"['http://ok.ru/sberbank', 'https://vk.com/sberbank', 'https://youtube.com/user/Sberbank']",85,90,87,62,60,,,,,
49,209452132890,СберБанк,"ул. Богдана Хмельницкого, 11, Новосибирск",www.sberbank.ru,"'mon': 09:00-19:00, 'tue': 09:00-19:00, 'wed': 09:00-19:00, 'thu': 09:00-19:00, 'fri': 09:00-19:00, 'sat': 09:00-19:00, 'sun': выходной",55.068558,82.939324,"4,6",['8 (800) 555-55-50Показать телефон'],"['http://ok.ru/sberbank', 'https://t.me/sberbank', 'https://vk.com/sberbank']",94,93,90,85,,,,,,
50,1114048734,СберБанк,"ул. 40 лет Комсомола, 5, Новосибирск",www.sberbank.ru,"'mon': 09:00-19:00, 'tue': 09:00-19:00, 'wed': 09:00-19:00, 'thu': 09:00-19:00, 'fri': 09:00-19:00, 'sat': 09:00-19:00, 'sun': выходной",54.859148,82.980515,"4,4",['8 (800) 555-55-50Показать телефон'],"['http://ok.ru/sberbank', 'https://vk.com/sberbank']",86,84,81,61,43,,,,,
51,1014888614,СберБанк,"Ученическая ул., 2/1, Новосибирск",www.sberbank.ru,"'mon': 09:00-18:30, 'tue': 09:00-18:30, 'wed': 09:00-18:30, 'thu': 09:00-18:30, 'fri': 09:00-18:30, 'sat': 09:00-18:30, 'sun': выходной",54.942258,83.128380,"4,3",['8 (800) 555-55-50Показать телефон'],"['http://ok.ru/sberbank', 'https://vk.com/sberbank']",82,91,82,63,69,,,,,
52,164281973051,СберБанк,"66, Ленинский район, микрорайон Горский, Новосибирск",www.sberbank.ru,"'mon': 09:00-18:00, 'tue': 09:00-18:00, 'wed': 09:00-18:00, 'thu': 09:00-18:00, 'fri': 09:00-18:00, 'sat': выходной, 'sun': выходной",54.993162,82.891866,"4,7",['8 (800) 555-55-50Показать телефон'],['https://vk.com/sberbank'],83,80,81,86,,,,,,
53,1251769807,СберБанк,"Кубовая ул., 108, Новосибирск",www.sberbank.ru,"'mon': выходной, 'tue': 09:00-19:00, 'wed': 09:00-19:00, 'thu': 09:00-19:00, 'fri': 09:00-19:00, 'sat': 09:00-19:00, 'sun': выходной",55.130019,82.892986,"4,2",['8 (800) 555-55-50Показать телефон'],"['http://ok.ru/sberbank', 'https://vk.com/sberbank']",79,78,83,42,18,,,,,
54,1093768325,СберБанк,"ул. Демакова, 20, Советский район, микрорайон Академгородок, Новосибирск",www.sberbank.ru,"'mon': 09:00-19:00, 'tue': 09:00-19:00, 'wed': 09:00-19:00, 'thu': 09:00-19:00, 'fri': 09:00-19:00, 'sat': 09:00-19:00, 'sun': выходной",54.863257,83.109533,"4,3",['8 (800) 555-55-50Показать телефон'],"['http://ok.ru/sberbank', 'https://vk.com/sberbank']",83,75,81,67,60,,,,9,
55,1077764958,СберБанк,"Морской просп., 18, Советский район, микрорайон Академгородок, Новосибирск",www.sberbank.ru,"'mon': 09:00-19:00, 'tue': 09:00-19:00, 'wed': 09:00-19:00, 'thu': 09:00-19:00, 'fri': 09:00-19:00, 'sat': 09:00-19:00, 'sun': выходной",54.839572,83.107417,"4,3",['8 (800) 555-55-50Показать телефон'],"['http://ok.ru/sberbank', 'https://vk.com/sberbank']",78,82,81,54,50,,,,,
56,1081452327,СберБанк,"ул. Гидростроителей, 7, Советский район, микрорайон Шлюз, Новосибирск",www.sberbank.ru,"'mon': 09:00-18:00, 'tue': 09:00-18:00, 'wed': 09:00-18:00, 'thu': 09:00-18:00, 'fri': 09:00-18:00, 'sat': 09:00-18:00, 'sun': выходной",54.848338,83.045161,"4,4",['8 (800) 555-55-50Показать телефон'],"['http://ok.ru/sberbank', 'https://vk.com/sberbank']",91,94,93,86,,,,,,
57,1149177512,СберБанк,"Магистральная ул., 7, Калининский район, микрорайон Пашино, Новосибирск",www.sberbank.ru,"'mon': 09:00-18:00, 'tue': 09:00-18:00, 'wed': 09:00-18:00, 'thu': 09:00-18:00, 'fri': 09:00-18:00, 'sat': 09:00-18:00, 'sun': выходной",55.162078,82.980229,"4,4",['8 (800) 555-55-50Показать телефон'],"['http://ok.ru/sberbank', 'https://vk.com/sberbank']",84,92,83,63,11,,,,,
58,1131294954,СберБанк,"Советская ул., 1, село Верх-Тула",www.sberbank.ru,"'mon': выходной, 'tue': 09:30-13:00,14:00-16:45, 'wed': 09:30-13:00,14:00-16:45, 'thu': 09:30-13:00,14:00-16:45, 'fri': 09:30-13:00,14:00-16:45, 'sat': 09:30-13:00,14:00-16:45, 'sun': выходной",54.887010,82.781272,"2,2",['8 (800) 555-55-50Показать телефон'],"['http://ok.ru/sberbank', 'https://vk.com/sberbank']",,,,,,,,,,
59,1170977516,СберБанк,"ул. Лейтенанта Амосова, 77, Новосибирск",www.sberbank.ru,"'mon': 09:15-18:00, 'tue': 09:15-18:00, 'wed': 09:15-18:00, 'thu': 09:15-18:00, 'fri': 09:15-18:00, 'sat': 09:15-18:00, 'sun': выходной",55.160594,82.958694,"3,5",['8 (800) 555-55-50Показать телефон'],"['http://ok.ru/sberbank', 'https://vk.com/sberbank']",91,,100,,,,,,,
60,12016000070,СберБанк,"Октябрьская ул., 2А, дачный посёлок Кудряшовский",www.sberbank.ru,"'mon': 08:45-13:00,14:00-17:15, 'tue': 08:45-13:00,14:00-17:15, 'wed': 08:45-13:00,14:00-17:15, 'thu': 08:45-13:00,14:00-17:15, 'fri': 08:45-13:00,14:00-17:15, 'sat': 08:45-13:30, 'sun': выходной",55.098418,82.771426,"3,8",['8 (800) 555-55-50Показать телефон'],"['http://ok.ru/sberbank', 'https://vk.com/sberbank']",,,,,,,,,,
61,1021313220,СберБанк,"Линейная ул., 68, станция Мочище",www.sberbank.ru,"'mon': 08:45-13:00,13:30-16:15, 'tue': 08:45-13:00,13:30-16:15, 'wed': 08:45-13:00,13:30-16:15, 'thu': 08:45-13:00,13:30-16:15, 'fri': 08:45-13:00,13:30-16:00, 'sat': 08:45-13:00,13:30-16:15, 'sun': выходной",55.156960,83.117538,"2,2",['8 (800) 555-55-50Показать телефон'],"['http://ok.ru/sberbank', 'https://vk.com/sberbank']",,,,,,,,,,
62,1003974662,СберБанк,"Школьная ул., 10, село Ленинское",www.sberbank.ru,"'mon': выходной, 'tue': выходной, 'wed': выходной, 'thu': выходной, 'fri': выходной, 'sat': выходной, 'sun': выходной",54.817739,82.851331,"1,5",['8 (800) 555-55-50Показать телефон'],"['http://ok.ru/sberbank', 'https://vk.com/sberbank']",,,,,,,,,,
