,ID,name,address,website,opening_hours,lat,lon,rating,phone,social,Обслуживание,Персонал,Отношение к клиентам,Время ожидания,Кредит,Ипотека,Банкомат,График работы,Ремонт,Расположение
0,1054645108,СберБанк,"Первомайская ул., 2, Липецк",www.sberbank.ru,"'mon': 09:00-18:00, 'tue': 09:00-18:00, 'wed': 09:00-18:00, 'thu': 09:00-18:00, 'fri': 09:00-18:00, 'sat': 09:00-18:00, 'sun': выходной",52.603733,39.598563,"4,5",['8 (800) 555-55-50Показать телефон'],"['https://ok.ru/bps.sberbank', 'https://vk.com/sberbank']",70,72,63,68,37,56,,,,
1,1039544445,СберБанк,"ул. Желябова, 17, Липецк",www.sberbank.ru,"'mon': 09:00-19:00, 'tue': 09:00-19:00, 'wed': 09:00-19:00, 'thu': 09:00-19:00, 'fri': 09:00-19:00, 'sat': 09:00-19:00, 'sun': выходной",52.614542,39.600457,"4,6",['8 (800) 555-55-50Показать телефон'],"['http://ok.ru/sberbank', 'https://vk.com/sberbank', 'https://www.youtube.com/channel/UCM4aBRnEiNCf9fQFl2qx2Bg']",80,81,79,71,,,52,73,80,
2,4055681693,СберБанк,"просп. Победы, 2, Липецк",www.sberbank.ru,"'mon': 08:30-18:00, 'tue': 08:30-18:00, 'wed': 08:30-18:00, 'thu': 08:30-18:00, 'fri': 08:30-18:00, 'sat': 08:30-13:00, 'sun': выходной",52.601838,39.572321,"4,7",['8 (800) 555-55-50Показать телефон'],"['http://ok.ru/sberbank', 'https://vk.com/sber', 'https://www.youtube.com/channel/UCM4aBRnEiNCf9fQFl2qx2Bg']",88,89,89,79,,,100,,,
3,1090959747,СберБанк,"Торговая площадь, 2, Липецк",www.sberbank.ru,"'mon': 09:00-18:00, 'tue': 09:00-18:00, 'wed': 09:00-18:00, 'thu': 09:00-18:00, 'fri': 09:00-18:00, 'sat': 09:00-18:00, 'sun': выходной",52.599676,39.585263,"4,6",['8 (800) 555-55-50Показать телефон'],"['http://ok.ru/sberbank', 'https://vk.com/sberbank']",82,83,79,67,,,85,,,100
4,1093811362,СберБанк,"ул. Космонавтов, 110А, Липецк",www.sberbank.ru,"'mon': 09:00-18:00, 'tue': 09:00-18:00, 'wed': 09:00-18:00, 'thu': 09:00-18:00, 'fri': 09:00-18:00, 'sat': 09:00-18:00, 'sun': 09:00-13:00",52.605428,39.540178,"4,7",['8 (800) 555-55-50Показать телефон'],"['http://ok.ru/sberbank', 'https://vk.com/sber', 'https://www.youtube.com/channel/UCM4aBRnEiNCf9fQFl2qx2Bg']",88,92,88,74,,,67,55,,100
5,244149989870,Сбербанк,"ул. Космонавтов, 9, Липецк",www.sberbank.ru,"'mon': 09:00-18:00, 'tue': 09:00-18:00, 'wed': 09:00-18:00, 'thu': 09:00-18:00, 'fri': 09:00-18:00, 'sat': 09:00-18:00, 'sun': выходной",52.616132,39.565997,"4,6",['8 (800) 555-55-50Показать телефон'],"['http://ok.ru/sberbank', 'https://vk.com/sberbank', 'https://www.youtube.com/channel/UCM4aBRnEiNCf9fQFl2qx2Bg']",83,89,86,68,,,77,,,100
6,1120881122,СберБанк,"площадь Мира, 2, Липецк",www.sberbank.ru,"'mon': 09:00-18:00, 'tue': 09:00-18:00, 'wed': 09:00-18:00, 'thu': 09:00-18:00, 'fri': 09:00-18:00, 'sat': 09:00-18:00, 'sun': выходной",52.591099,39.616180,"4,4",['8 (800) 555-55-50Показать телефон'],"['http://ok.ru/sberbank', 'https://vk.com/sberbank', 'https://www.youtube.com/channel/UCM4aBRnEiNCf9fQFl2qx2Bg']",97,95,95,85,,,91,,,
7,1033305981,СберБанк,"просп. имени 60-летия СССР, 2Б, Липецк",www.sberbank.ru,"'mon': 09:00-18:30, 'tue': 09:00-18:30, 'wed': 09:00-18:30, 'thu': 09:00-18:30, 'fri': 09:00-18:30, 'sat': 09:00-18:30, 'sun': выходной",52.583884,39.542062,"4,6",['8 (800) 555-55-50Показать телефон'],"['http://ok.ru/sberbank', 'https://vk.com/sber', 'https://www.youtube.com/channel/UCM4aBRnEiNCf9fQFl2qx2Bg']",85,88,85,76,,,67,,,100
8,1083894086,СберБанк,"ул. А.Г. Стаханова, 41, Липецк",www.sberbank.ru,"'mon': 09:00-19:00, 'tue': 09:00-19:00, 'wed': 09:00-19:00, 'thu': выходной, 'fri': выходной, 'sat': выходной, 'sun': выходной",52.584141,39.519305,"4,7",['8 (800) 555-55-50Показать телефон'],"['http://ok.ru/sberbank', 'https://vk.com/sberbank']",79,80,75,62,,,67,100,,89
9,16692066614,СберБанк,"ул. Доватора, 1, Липецк",www.sberbank.ru,"'mon': 09:00-18:30, 'tue': 09:00-18:30, 'wed': 09:00-18:30, 'thu': 09:00-18:30, 'fri': 09:00-18:30, 'sat': 09:00-18:30, 'sun': выходной",52.595279,39.562841,"4,7",['8 (800) 555-55-50Показать телефон'],"['http://ok.ru/sberbank', 'https://vk.com/bankdruzey', 'https://www.youtube.com/channel/UCM4aBRnEiNCf9fQFl2qx2Bg']",85,87,87,67,,,85,,,100
10,1053878221,СберБанк,"просп. Мира, 29, Липецк",www.sberbank.ru,"'mon': 09:00-18:30, 'tue': 09:00-18:30, 'wed': 09:00-18:30, 'thu': 09:00-18:30, 'fri': 09:00-18:30, 'sat': 09:00-18:30, 'sun': выходной",52.577578,39.621247,"4,6",['8 (800) 555-55-50Показать телефон'],"['http://ok.ru/sberbank', 'https://vk.com/sberbank', 'https://www.youtube.com/channel/UCM4aBRnEiNCf9fQFl2qx2Bg']",93,96,95,86,,,72,,,100
11,1115598909,СберБанк,"ул. Космонавтов, 5/6, Липецк",www.sberbank.ru,"'mon': 09:00-18:30, 'tue': 09:00-18:30, 'wed': 09:00-18:30, 'thu': 09:00-18:30, 'fri': 09:00-18:30, 'sat': 09:00-18:30, 'sun': выходной",52.616522,39.574559,"4,4",['8 (800) 555-55-50Показать телефон'],"['http://ok.ru/sberbank', 'https://vk.com/sber', 'https://www.youtube.com/channel/UCM4aBRnEiNCf9fQFl2qx2Bg']",75,82,79,50,,,,,,
12,1017110931,СберБанк,"Московская ул., 103, Липецк",www.sberbank.ru,"'mon': 09:00-18:00, 'tue': 09:00-18:00, 'wed': 09:00-18:00, 'thu': 09:00-18:00, 'fri': 09:00-18:00, 'sat': 09:00-18:00, 'sun': выходной",52.601678,39.516387,"4,6",['8 (800) 555-55-50Показать телефон'],"['http://ok.ru/sberbank', 'https://vk.com/sberbank', 'https://www.youtube.com/channel/UCM4aBRnEiNCf9fQFl2qx2Bg']",72,79,74,55,,,60,,,
13,1235867843,СберБанк,"ул. Гагарина, 131А, Липецк",www.sberbank.ru,"'mon': 08:30-18:00, 'tue': 08:30-18:00, 'wed': 08:30-18:00, 'thu': 08:30-18:00, 'fri': 08:30-18:00, 'sat': 08:30-18:00, 'sun': выходной",52.621941,39.559143,"4,4",['8 (800) 555-55-50Показать телефон'],"['http://ok.ru/sberbank', 'https://vk.com/sber', 'https://www.youtube.com/channel/UCM4aBRnEiNCf9fQFl2qx2Bg']",82,85,80,83,,,,,,
14,16033496013,СберБанк,"ул. Гагарина, 161, корп. 1, Липецк",www.sberbank.ru,"'mon': 09:00-18:00, 'tue': 09:00-18:00, 'wed': 09:00-18:00, 'thu': 09:00-18:00, 'fri': 09:00-18:00, 'sat': 09:00-18:00, 'sun': выходной",52.619581,39.550024,"4,6",['8 (800) 555-55-50Показать телефон'],"['http://ok.ru/sberbank', 'https://vk.com/sberbank']",85,89,80,75,,,60,,,
15,73033899213,СберБанк,"8, 15-й микрорайон, Липецк",www.sberbank.ru,"'mon': 08:30-18:00, 'tue': 08:30-18:00, 'wed': 08:30-18:00, 'thu': 08:30-18:00, 'fri': 08:30-18:00, 'sat': 08:30-18:00, 'sun': выходной",52.593878,39.543861,"4,6",['8 (800) 555-55-50Показать телефон'],"['http://ok.ru/sberbank', 'https://vk.com/sberbank', 'https://www.youtube.com/channel/UCM4aBRnEiNCf9fQFl2qx2Bg']",85,89,82,53,,,62,,,100
16,1085351238,СберБанк,"Опытная ул., 17, Липецк",www.sberbank.ru,"'mon': 09:00-18:00, 'tue': 09:00-18:00, 'wed': 09:00-18:00, 'thu': 09:00-18:00, 'fri': 09:00-18:00, 'sat': 09:00-16:00, 'sun': выходной",52.632903,39.541827,"4,0",['8 (800) 555-55-50Показать телефон'],"['http://ok.ru/sberbank', 'https://vk.com/sberbank']",84,81,77,35,,,12,10,,
17,1019192352,СберБанк,"Заводская площадь, 8, Липецк",www.sberbank.ru,"'mon': 08:30-17:30, 'tue': 08:30-17:30, 'wed': 08:30-17:30, 'thu': 08:30-17:30, 'fri': 08:30-17:30, 'sat': 08:30-17:30, 'sun': выходной",52.635712,39.664071,"4,7",['8 (800) 555-55-50Показать телефон'],"['http://ok.ru/sberbank', 'https://vk.com/sberbank']",91,94,89,82,,,,,,92
18,1049506024,СберБанк,"бул. имени Павла Шубина, 12, Липецк",www.sberbank.ru,"'mon': 09:00-18:30, 'tue': 09:00-18:30, 'wed': 09:00-18:30, 'thu': 09:00-18:30, 'fri': 09:00-18:30, 'sat': 09:00-18:30, 'sun': выходной",52.591092,39.520287,"4,6",['8 (800) 555-55-50Показать телефон'],"['http://ok.ru/sber', 'https://vk.com/sber', 'https://www.youtube.com/channel/UCM4aBRnEiNCf9fQFl2qx2Bg']",80,82,82,67,,,24,,62,
19,1027827936,СберБанк,"Ангарская ул., 3, Липецк",www.sberbank.ru,"'mon': 09:00-18:00, 'tue': 09:00-18:00, 'wed': 09:00-18:00, 'thu': 09:00-18:00, 'fri': 09:00-18:00, 'sat': 09:00-18:00, 'sun': выходной",52.582717,39.480346,"4,5",['8 (800) 555-55-50Показать телефон'],"['http://ok.ru/sberbank', 'https://vk.com/sberbank', 'https://www.youtube.com/channel/UCM4aBRnEiNCf9fQFl2qx2Bg']",88,87,87,73,,,,,,
20,1004932346,СберБанк,"ул. А.Г. Стаханова, 25Б, Липецк",www.sberbank.ru,"'mon': 09:00-18:00, 'tue': 09:00-18:00, 'wed': 09:00-18:00, 'thu': 09:00-18:00, 'fri': 09:00-18:00, 'sat': 09:00-18:00, 'sun': выходной",52.591581,39.531069,"4,6",['8 (800) 555-55-50Показать телефон'],"['http://ok.ru/sberbank', 'https://vk.com/sber', 'https://www.youtube.com/channel/UCM4aBRnEiNCf9fQFl2qx2Bg']",87,96,88,75,,,,,,
21,1023896014,СберБанк,"Ленинградская ул., 1А, Липецк",www.sberbank.ru,"'mon': 08:30-18:00, 'tue': 08:30-18:00, 'wed': 08:30-18:00, 'thu': 08:30-18:00, 'fri': 08:30-18:00, 'sat': 08:30-18:00, 'sun': выходной",52.541609,39.584955,"4,7",['8 (800) 555-55-50Показать телефон'],"['http://ok.ru/sberbank', 'https://vk.com/sberbank']",87,90,88,76,,,,,,
22,1044764495,СберБанк,"Архангельская ул., 20, Липецк",www.sberbank.ru,"'mon': 09:00-13:00,14:00-17:45, 'tue': 09:00-13:00,14:00-17:45, 'wed': 09:00-13:00,14:00-17:45, 'thu': 09:00-13:00,14:00-17:45, 'fri': 09:00-13:00,14:00-17:45, 'sat': 09:00-13:00,14:00-17:45, 'sun': выходной",52.590338,39.665336,"4,4",['8 (800) 555-55-50Показать телефон'],"['http://ok.ru/sberbank', 'https://vk.com/sberbank', 'https://www.youtube.com/channel/UCM4aBRnEiNCf9fQFl2qx2Bg']",100,100,100,,,,,,,
23,167909641605,СберБанк,"ул. Д. Писарева, 22, микрорайон Дачный, Липецк",www.sberbank.ru,"'mon': выходной, 'tue': 09:00-13:00,14:00-18:00, 'wed': 09:00-13:00,14:00-18:00, 'thu': 09:00-13:00,14:00-18:00, 'fri': 09:00-13:00,14:00-18:00, 'sat': 09:00-13:00,14:00-18:00, 'sun': выходной",52.531454,39.748385,"4,1",['8 (800) 555-55-50Показать телефон'],"['http://ok.ru/sberbank', 'https://vk.com/sber', 'https://www.youtube.com/channel/UCM4aBRnEiNCf9fQFl2qx2Bg']",76,86,70,,,,,,,
