,ID,name,address,website,opening_hours,lat,lon,rating,phone,social,Обслуживание,Персонал,Отношение к клиентам,Время ожидания,График работы,Расположение,Ипотека,Банкомат
0,1022232861,СберБанк,"ул. Луначарского, 33А, Серпухов",www.sberbank.ru,"'mon': 09:00-18:00, 'tue': 09:00-18:00, 'wed': 09:00-18:00, 'thu': 09:00-18:00, 'fri': 09:00-18:00, 'sat': 09:00-18:00, 'sun': выходной",54.922567,37.413662,"4,6",['8 (800) 555-55-50Показать телефон'],"['http://ok.ru/sberbank', 'https://vk.com/sberbank']",78,84,77,62,36,67,92,
1,1202775617,СберБанк,"Борисовское ш., 1, Серпухов",www.sberbank.ru,"'mon': 09:30-18:30, 'tue': 09:30-18:30, 'wed': 09:30-18:30, 'thu': 09:30-18:30, 'fri': 09:30-18:30, 'sat': 09:30-18:30, 'sun': выходной",54.917161,37.426417,"4,7",['8 (800) 555-55-50Показать телефон'],"['https://ok.ru/sberbank', 'https://vk.com/sberbank']",83,87,86,64,,100,,86
2,1076940063,СберБанк,"Советская ул., 71, Серпухов",www.sberbank.ru,"'mon': выходной, 'tue': выходной, 'wed': выходной, 'thu': выходной, 'fri': выходной, 'sat': выходной, 'sun': выходной",54.924831,37.433555,"4,7",['8 (800) 555-55-50Показать телефон'],"['http://ok.ru/sberbank', 'https://vk.com/sberbank']",86,87,89,74,,,,54
3,1051372083,СберБанк,"ул. Чернышевского, 31, Серпухов",www.sberbank.ru,"'mon': 09:00-18:30, 'tue': 09:00-18:30, 'wed': 09:00-18:30, 'thu': 09:00-18:30, 'fri': 09:00-18:30, 'sat': 09:00-18:30, 'sun': выходной",54.909789,37.387676,"4,6",['8 (800) 555-55-50Показать телефон'],"['http://ok.ru/sberbank', 'https://vk.com/sberbank']",79,80,79,65,,92,,76
4,1106119347,СберБанк,"Новая ул., 23, Серпухов",www.sberbank.ru,"'mon': выходной, 'tue': 09:00-13:00,13:30-17:30, 'wed': 09:00-13:00,13:30-17:30, 'thu': 09:00-13:00,13:30-17:30, 'fri': 09:00-13:00,13:30-17:30, 'sat': 09:00-13:00,13:30-17:30, 'sun': выходной",54.936352,37.400108,"4,2",['8 (800) 555-55-50Показать телефон'],"['http://ok.ru/sberbank', 'https://vk.com/sberbank']",59,60,56,33,0,,,10
5,13123329107,СберБанк,"ул. Луначарского, 33А, Серпухов",www.sberbank.ru,"'mon': выходной, 'tue': выходной, 'wed': выходной, 'thu': выходной, 'fri': выходной, 'sat': выходной, 'sun': выходной",54.922693,37.414216,"4,7",['8 (800) 555-55-50Показать телефон'],"['http://ok.ru/sberbank', 'https://vk.com/sberbank']",80,91,,,,,,
6,1148229848,СберБанк,"ул. Ворошилова, 163, Серпухов",www.sberbank.ru,"'mon': 09:00-18:00, 'tue': 09:00-18:00, 'wed': 09:00-18:00, 'thu': 09:00-18:00, 'fri': 09:00-18:00, 'sat': 09:00-18:00, 'sun': выходной",54.928965,37.449681,"4,6",['8 (800) 555-55-50Показать телефон'],"['http://ok.ru/sberbank', 'https://vk.com/sberbank']",78,81,80,67,,92,,47
7,1030011867,СберБанк,"ул. Ленина, 9, посёлок Большевик",www.sberbank.ru,"'mon': выходной, 'tue': 09:00-13:00,13:30-16:30, 'wed': 09:00-13:00,13:30-16:30, 'thu': 09:00-13:00,13:30-16:30, 'fri': 09:00-13:00,13:30-16:30, 'sat': 09:00-13:00,13:30-16:30, 'sun': выходной",54.901497,37.358983,"4,3",['8 (800) 555-55-50Показать телефон'],"['http://ok.ru/sberbank', 'https://vk.com/sberbank']",,,,,,,,
8,1152549549,СберБанк,"площадь 178 авиаполка, 1, село Липицы",www.sberbank.ru,"'mon': выходной, 'tue': выходной, 'wed': 09:00-13:00,13:30-16:15, 'thu': выходной, 'fri': выходной, 'sat': 09:00-13:00,13:30-15:00, 'sun': выходной",54.847913,37.484037,"3,1",['8 (800) 555-55-50Показать телефон'],"['http://ok.ru/sberbank', 'https://vk.com/sberbank']",,,,,,,,
