,ID,name,address,website,opening_hours,lat,lon,rating,phone,social,Обслуживание,Персонал,Отношение к клиентам,Время ожидания
0,1012499639,СберБанк,"Молодёжная ул., 14, село Ворсино",www.sberbank.ru,"'mon': выходной, 'tue': выходной, 'wed': выходной, 'thu': 09:00-13:00,13:30-17:00, 'fri': выходной, 'sat': выходной, 'sun': выходной",55.225071,36.644876,"3,9",['8 (800) 555-55-50Показать телефон'],"['http://ok.ru/sberbank', 'https://vk.com/sberbank']",,,,
1,1126136521,СберБанк,"ул. Мичурина, 1, Ермолино",www.sberbank.ru,"'mon': 08:45-13:00,13:45-17:15, 'tue': 08:45-13:00,13:45-17:15, 'wed': 08:45-13:00,13:45-17:15, 'thu': 08:45-13:00,13:45-17:15, 'fri': 08:45-13:00,13:45-17:15, 'sat': 08:45-13:00,13:45-16:00, 'sun': выходной",55.195175,36.595703,"3,4",['8 (800) 555-55-50Показать телефон'],"['http://ok.ru/sberbank', 'https://vk.com/sberbank']",,,,
2,129249571302,СберБанк,"ул. 50 лет Октября, 2/1, Балабаново",www.sberbank.ru,"'mon': 09:00-18:00, 'tue': 09:00-18:00, 'wed': 09:00-18:00, 'thu': 09:00-18:00, 'fri': 09:00-18:00, 'sat': 09:00-18:00, 'sun': выходной",55.179108,36.658953,"4,6",['8 (800) 555-55-50Показать телефон'],"['http://ok.ru/sberbank', 'https://vk.com/sberbank']",76,78,72,66
3,1070225698,СберБанк,"ул. 50 лет Октября, 10, Балабаново",www.sberbank.ru,"'mon': 08:30-17:30, 'tue': 08:30-17:30, 'wed': 08:30-17:30, 'thu': 08:30-17:30, 'fri': 08:30-17:30, 'sat': 08:30-17:30, 'sun': выходной",55.176789,36.660480,"4,4",['8 (800) 555-55-50Показать телефон'],"['http://ok.ru/sberbank', 'https://vk.com/sberbank']",78,79,72,70
