,ID,name,address,website,opening_hours,lat,lon,rating,phone,social,Обслуживание,Персонал,Отношение к клиентам,Время ожидания,Расположение,Банкомат
0,83164945433,СберБанк,"просп. Ленина, 33, Ухта",www.sberbank.ru,"'mon': 09:00-18:30, 'tue': 09:00-18:30, 'wed': 09:00-18:30, 'thu': 09:00-18:30, 'fri': 09:00-18:30, 'sat': 09:00-18:30, 'sun': выходной",63.565438,53.669444,"4,3",['8 (800) 555-55-50Показать телефон'],"['http://ok.ru/sberbank', 'https://vk.com/sberbank']",72,80,70,63,100,
1,1074053712,СберБанк,"просп. Ленина, 75, Ухта",www.sberbank.ru,"'mon': 09:00-18:30, 'tue': 09:00-18:30, 'wed': 09:00-18:30, 'thu': 09:00-18:30, 'fri': 09:00-18:30, 'sat': 09:00-18:30, 'sun': выходной",63.572138,53.644437,"4,5",['8 (800) 555-55-50Показать телефон'],"['http://ok.ru/sberbank', 'https://vk.com/sberbank']",75,70,76,75,,
2,57496000753,СберБанк,"ул. 30 лет Октября, 5, Ухта",www.sberbank.ru,"'mon': 09:00-18:00, 'tue': 09:00-18:00, 'wed': 09:00-18:00, 'thu': 09:00-18:00, 'fri': 09:00-18:00, 'sat': 09:00-18:00, 'sun': выходной",63.563467,53.690319,"4,1",['8 (800) 555-55-50Показать телефон'],['https://vk.com/sberbank'],,,,,,
3,1169781455,СберБанк,"ул. Зои Космодемьянской, 2А, Сосногорск",www.sberbank.ru,"'mon': 09:00-17:00, 'tue': 09:00-17:00, 'wed': 09:00-17:00, 'thu': 09:00-17:00, 'fri': 09:00-17:00, 'sat': 09:00-17:00, 'sun': выходной",63.603779,53.865072,"4,4",['8 (800) 555-55-50Показать телефон'],"['http://ok.ru/sberbank', 'https://vk.com/sberbank']",85,95,95,71,,
4,1263305007,СберБанк,"Кольцевой пр., 2, п. г. т. Шудаяг",www.sberbank.ru,"'mon': 10:00-14:00,15:00-17:42, 'tue': 10:00-14:00,15:00-17:42, 'wed': выходной, 'thu': 10:00-14:00,15:00-17:42, 'fri': 10:00-14:00,15:00-17:42, 'sat': выходной, 'sun': выходной",63.524298,53.603398,"3,6",['8 (800) 555-55-50Показать телефон'],"['http://ok.ru/sberbank', 'https://vk.com/sberbank']",,,,,,
5,1384260208,СберБанк,"18/1, 6-й микрорайон, Сосногорск",www.sberbank.ru,"'mon': 09:00-14:00,15:00-18:00, 'tue': 09:00-14:00,15:00-18:00, 'wed': 09:00-14:00,15:00-18:00, 'thu': выходной, 'fri': 09:00-14:00,15:00-18:00, 'sat': 09:30-15:30, 'sun': выходной",63.589281,53.915190,"3,9",['8 (800) 555-55-50Показать телефон'],"['http://ok.ru/sberbank', 'https://vk.com/sberbank']",80,,,,,0
6,1257063904,СберБанк,"Пионерская ул., 11, Сосногорск",www.sberbank.ru,"'mon': 09:00-13:00,14:00-18:00, 'tue': 09:00-13:00,14:00-18:00, 'wed': 09:00-13:00,14:00-18:00, 'thu': 09:00-13:00,14:00-18:00, 'fri': выходной, 'sat': выходной, 'sun': 10:00-14:00",63.590959,53.934179,"4,6",['8 (800) 555-55-50Показать телефон'],"['http://ok.ru/sberbank', 'https://vk.com/sberbank']",91,96,95,,,
7,173861342655,СберБанк,"Центральная ул., 4, село Усть-Ухта",www.sberbank.ru,"'mon': 09:00-12:00,12:45-15:30, 'tue': выходной, 'wed': 09:00-12:00,12:45-15:30, 'thu': выходной, 'fri': 09:00-12:00,12:45-15:30, 'sat': 09:00-12:00,12:45-13:06, 'sun': выходной",63.615101,53.887383,"4,2",['8 (800) 555-55-50Показать телефон'],"['http://ok.ru/sberbank', 'https://vk.com/sberbank']",,,,,,
