,ID,name,address,website,opening_hours,lat,lon,rating,phone,social,Обслуживание,Отношение к клиентам,Персонал,Время ожидания
0,1257344799,СберБанк,"ул. Духова, 1, Саров",www.sberbank.ru,"'mon': 09:00-18:00, 'tue': 09:00-18:00, 'wed': 09:00-18:00, 'thu': 09:00-18:00, 'fri': 09:00-18:00, 'sat': 09:00-18:00, 'sun': выходной",54.925206,43.347223,"4,3",['8 (800) 555-55-50Показать телефон'],"['http://ok.ru/sberbank', 'https://vk.com/sberbank']",72,67,68,
1,245388683483,СберБанк,"ул. Курчатова, 3, Саров",www.sberbank.ru,"'mon': 09:00-18:30, 'tue': 09:00-18:30, 'wed': 09:00-18:30, 'thu': 09:00-18:30, 'fri': 09:00-18:30, 'sat': 09:00-18:30, 'sun': выходной",54.943711,43.327831,"4,6",['8 (800) 555-55-50Показать телефон'],"['http://ok.ru/sberbank', 'https://vk.com/sberbank']",81,80,83,69
2,1071973124,СберБанк,"ул. Шверника, 22, Саров",www.sberbank.ru,"'mon': 09:00-18:00, 'tue': 09:00-18:00, 'wed': 09:00-18:00, 'thu': 09:00-18:00, 'fri': 09:00-18:00, 'sat': 09:00-18:00, 'sun': выходной",54.916154,43.343511,"4,1",['8 (800) 555-55-50Показать телефон'],"['http://ok.ru/sberbank', 'https://vk.com/sberbank']",,,,
3,129686738988,СберБанк,"ул. Зернова, 34, Саров",www.sberbank.ru,"'mon': 09:00-18:00, 'tue': 09:00-18:00, 'wed': 09:00-18:00, 'thu': 09:00-18:00, 'fri': 09:00-18:00, 'sat': 09:00-18:00, 'sun': выходной",54.938495,43.311280,"4,5",['8 (800) 555-55-50Показать телефон'],"['http://ok.ru/sberbank', 'https://vk.com/sberbank']",79,75,75,
4,1081045634,СберБанк,"просп. Мира, 7, Саров",www.sberbank.ru,"'mon': 09:00-14:00,15:00-18:00, 'tue': 09:00-14:00,15:00-18:00, 'wed': 09:00-14:00,15:00-18:00, 'thu': 09:00-14:00,15:00-18:00, 'fri': 09:00-14:00,15:00-18:00, 'sat': 09:00-14:00,15:00-17:00, 'sun': выходной",54.923668,43.337818,"4,4",['8 (800) 555-55-50Показать телефон'],"['http://ok.ru/sberbank', 'https://vk.com/sberbank']",,,,
5,48072843739,СберБанк,"Советская ул., 3, сельский посёлок Сатис",www.sberbank.ru,"'mon': 08:00-12:00,13:00-16:00, 'tue': 08:00-12:00,13:00-16:00, 'wed': 08:00-12:00,13:00-16:00, 'thu': 08:00-12:00,13:00-16:00, 'fri': 08:00-12:00,13:00-15:45, 'sat': 08:00-12:00,13:00-15:45, 'sun': выходной",54.919570,43.230130,"4,0",['8 (800) 555-55-50Показать телефон'],"['http://ok.ru/sberbank', 'https://vk.com/sberbank']",,,,
6,172330319984,СберБанк,"Октябрьская ул., 35, село Дивеево",www.sberbank.ru,"'mon': 08:00-16:00, 'tue': 08:00-16:00, 'wed': 08:00-16:00, 'thu': 08:00-16:00, 'fri': 08:00-16:00, 'sat': 08:00-16:00, 'sun': выходной",55.035730,43.247772,"4,7",['8 (800) 555-55-50Показать телефон'],"['http://ok.ru/sberbank', 'https://vk.com/sberbank']",,,,
