,ID,name,address,website,opening_hours,lat,lon,rating,phone,social,Обслуживание,Персонал,Отношение к клиентам,Время ожидания,Банкомат
0,1134633479,СберБанк,"Красная ул., 68, Славянск-на-Кубани",www.sberbank.ru,"'mon': 08:00-17:30, 'tue': 08:00-17:30, 'wed': 08:00-17:30, 'thu': 08:00-17:30, 'fri': 08:00-17:30, 'sat': 08:00-17:30, 'sun': выходной",45.255615,38.115514,"4,6",['8 (800) 555-55-50Показать телефон'],"['http://ok.ru/sberbank', 'https://t.me/sberbank', 'https://vk.com/sberbank']",76,76,73,65,59
1,1082793186,СберБанк,"ул. Ковтюха, 27, Славянск-на-Кубани",www.sberbank.ru,"'mon': 08:00-17:00, 'tue': 08:00-17:00, 'wed': 08:00-17:00, 'thu': 08:00-17:00, 'fri': 08:00-17:00, 'sat': 08:00-17:00, 'sun': выходной",45.259061,38.122717,"4,5",['8 (800) 555-55-50Показать телефон'],"['http://ok.ru/sberbank', 'https://vk.com/sberbank']",79,77,75,73,
2,1029865350,СберБанк,"ул. Дзержинского, 247, Славянск-на-Кубани",www.sberbank.ru,"'mon': выходной, 'tue': 08:00-17:00, 'wed': 08:00-17:00, 'thu': 08:00-17:00, 'fri': 08:00-17:00, 'sat': 08:00-17:00, 'sun': выходной",45.259247,38.132729,"4,5",['8 (800) 555-55-50Показать телефон'],"['http://ok.ru/sberbank', 'https://vk.com/sberbank']",85,84,82,76,56
3,7384130557,СберБанк,"Красная ул., 68, Славянск-на-Кубани",www.sberbank.ru,"'mon': 08:00-17:00, 'tue': 08:00-17:00, 'wed': 08:00-17:00, 'thu': 08:00-17:00, 'fri': 08:00-15:45, 'sat': выходной, 'sun': выходной",45.255718,38.115584,"4,6",['8 (800) 555-55-50Показать телефон'],"['http://ok.ru/sberbank', 'https://vk.com/sberbank']",82,88,83,73,
4,5667315644,СберБанк,"ул. Ленина, 161, хутор Трудобеликовский",www.sberbank.ru,"'mon': выходной, 'tue': 08:00-12:30,13:00-16:10, 'wed': 08:00-12:30,13:00-16:10, 'thu': 08:00-12:30,13:00-16:10, 'fri': 08:00-12:30,13:00-16:10, 'sat': 08:00-12:30,13:00-16:10, 'sun': выходной",45.267583,38.158520,"4,3",['8 (800) 555-55-50Показать телефон'],"['http://ok.ru/sberbank', 'https://vk.com/sberbank']",,,,,
5,229453817981,СберБанк,"Школьная ул., 607, посёлок Совхозный",www.sberbank.ru,"'mon': выходной, 'tue': выходной, 'wed': выходной, 'thu': выходной, 'fri': выходной, 'sat': выходной, 'sun': выходной",45.284168,38.112077,"3,4",['8 (800) 555-55-50Показать телефон'],['https://vk.com/sberbank'],,,,,
