,ID,name,address,website,opening_hours,lat,lon,rating,phone,social,Обслуживание,Персонал,Отношение к клиентам,Время ожидания,Банкомат,Расположение,Ипотека,Кредит,График работы,Ремонт
0,1170867268,СберБанк,"ул. Павла Шаманова, 26, Екатеринбург",www.sberbank.ru,"'mon': 09:30-20:00, 'tue': 09:30-20:00, 'wed': 09:30-20:00, 'thu': 09:30-20:00, 'fri': 09:30-20:00, 'sat': 09:30-20:00, 'sun': выходной",56.788176,60.517896,"4,5",['8 (800) 555-55-50Показать телефон'],"['http://ok.ru/sberbank', 'https://t.me/sberbank', 'https://vk.com/sber']",81,84,79,73,56,94,79,67,,
1,1211357181,СберБанк,"ул. Вильгельма де Геннина, 31, Екатеринбург",www.sberbank.ru,"'mon': 09:30-20:00, 'tue': 09:30-20:00, 'wed': 09:30-20:00, 'thu': 09:30-20:00, 'fri': 09:30-20:00, 'sat': 09:30-20:00, 'sun': выходной",56.792581,60.521545,"4,5",['8 (800) 555-55-50Показать телефон'],"['http://ok.ru/sberbank', 'https://t.me/sberbank', 'https://vk.com/sberbank']",71,75,70,49,26,91,,,,
2,1143999995,СберБанк,"ул. Репина, 94, Екатеринбург",www.sberbank.ru,"'mon': 10:00-19:30, 'tue': 10:00-19:30, 'wed': 10:00-19:30, 'thu': 10:00-19:30, 'fri': 10:00-19:30, 'sat': 10:00-19:30, 'sun': 10:30-17:30",56.818115,60.538765,"4,3",['8 (800) 555-55-50Показать телефон'],"['http://ok.ru/sberbank', 'https://t.me/sberbank', 'https://vk.com/sberbank']",76,77,76,63,58,88,,,,
3,1205734675,СберБанк,"ул. Титова, 22, Екатеринбург",www.sberbank.ru,"'mon': 09:00-20:30, 'tue': 09:00-20:30, 'wed': 09:00-20:30, 'thu': 09:00-20:30, 'fri': 09:00-20:30, 'sat': 09:00-20:30, 'sun': 10:00-15:30",56.780374,60.609588,"4,7",['8 (800) 555-55-50Показать телефон'],"['http://ok.ru/sberbank', 'https://vk.com/sberbank']",80,84,80,57,57,90,,,65,
4,1246147257,СберБанк,"ул. Малышева, 31В, Екатеринбург",www.sberbank.ru,"'mon': 09:00-19:00, 'tue': 09:00-19:00, 'wed': 09:00-19:00, 'thu': 09:00-19:00, 'fri': 09:00-19:00, 'sat': 10:00-15:00, 'sun': выходной",56.834284,60.598853,"4,6",['8 (800) 555-55-50Показать телефон'],"['https://ok.ru/sber/', 'https://t.me/sberbank', 'https://vk.com/sberbank']",77,83,71,76,71,92,,,,91
5,1160681837,СберБанк,"ул. Крауля, 63, Екатеринбург",www.sberbank.ru,"'mon': 09:30-19:00, 'tue': 09:30-19:00, 'wed': 09:30-19:00, 'thu': 09:30-19:00, 'fri': 09:30-19:00, 'sat': 09:30-19:00, 'sun': выходной",56.830540,60.548056,"4,4",['8 (800) 555-55-50Показать телефон'],"['http://ok.ru/sberbank', 'https://t.me/sberbank', 'https://vk.com/sberbank']",63,65,61,40,39,,,,36,
6,1173786238,СберБанк,"ул. Куйбышева, 67, Екатеринбург",www.sberbank.ru,"'mon': 09:00-19:00, 'tue': 09:00-19:00, 'wed': 09:00-19:00, 'thu': 09:00-19:00, 'fri': 09:00-19:00, 'sat': 09:00-19:00, 'sun': выходной",56.828384,60.612703,"4,7",['8 (800) 555-55-50Показать телефон'],"['https://ok.ru/sber/', 'https://vk.com/sberbank']",79,81,75,72,68,88,60,58,43,
7,1187906464,СберБанк,"Белореченская ул., 16, Екатеринбург",www.sberbank.ru,"'mon': 09:00-19:30, 'tue': 09:00-19:30, 'wed': 09:00-19:30, 'thu': 09:00-19:30, 'fri': 09:00-19:30, 'sat': 09:00-19:30, 'sun': 10:30-14:30",56.820558,60.567022,"4,4",['8 (800) 555-55-50Показать телефон'],"['https://ok.ru/sberbank', 'https://vk.com/sberbank']",79,82,79,56,58,100,,,75,
8,1219133894,СберБанк,"ул. Академика Бардина, 7, корп. 1, Екатеринбург",www.sberbank.ru,"'mon': 09:30-19:00, 'tue': 09:30-19:00, 'wed': 09:30-19:00, 'thu': 09:30-19:00, 'fri': 09:30-19:00, 'sat': 09:30-19:00, 'sun': выходной",56.807997,60.551264,"4,4",['8 (800) 555-55-50Показать телефон'],"['http://ok.ru/sberbank', 'https://vk.com/sberbank']",80,78,79,61,83,96,,,71,
9,1003278161,СберБанк,"ул. Щорса, 29, Екатеринбург",www.sberbank.ru,"'mon': 09:00-19:30, 'tue': 09:00-19:30, 'wed': 09:00-19:30, 'thu': 09:00-19:30, 'fri': 09:00-19:30, 'sat': 09:00-19:30, 'sun': выходной",56.809293,60.621391,"4,7",['8 (800) 555-55-50Показать телефон'],"['http://ok.ru/sberbank', 'https://vk.com/sberbank']",82,82,78,64,55,92,86,84,82,
10,1000034619,СберБанк,"ул. Татищева, 62, Екатеринбург",www.sberbank.ru,"'mon': 09:00-19:00, 'tue': 09:00-19:00, 'wed': 09:00-19:00, 'thu': 09:00-19:00, 'fri': 09:00-19:00, 'sat': 10:00-17:00, 'sun': выходной",56.836105,60.557293,"4,5",['8 (800) 555-55-50Показать телефон'],"['http://ok.ru/sberbank', 'https://vk.com/sberbank']",88,90,87,66,43,88,,,,
11,1245241432,СберБанк,"ул. Амундсена, 65, Екатеринбург",www.sberbank.ru,"'mon': 09:00-19:00, 'tue': 09:00-19:00, 'wed': 09:00-19:00, 'thu': 09:00-19:00, 'fri': 09:00-19:00, 'sat': 09:00-19:00, 'sun': выходной",56.796329,60.581926,"4,5",['8 (800) 555-55-50Показать телефон'],"['https://ok.ru/sberbank', 'https://t.me/sberbank', 'https://vk.com/sberbank']",71,72,74,66,,100,,,,
12,1616878275,СберБанк,"просп. Космонавтов, 47Д, Екатеринбург",www.sberbank.ru,"'mon': 09:30-19:00, 'tue': 09:30-19:00, 'wed': 09:30-19:00, 'thu': 09:30-19:00, 'fri': 09:30-19:00, 'sat': 09:30-19:00, 'sun': выходной",56.903052,60.613157,"4,7",['8 (800) 555-55-50Показать телефон'],"['http://ok.ru/sberbank', 'https://vk.com/sberbank']",82,86,82,65,73,100,73,67,77,
13,1037972638,СберБанк,"ул. Тверитина, 34, Екатеринбург",www.sberbank.ru,"'mon': 09:00-18:30, 'tue': 09:00-18:30, 'wed': 09:00-18:30, 'thu': 09:00-18:30, 'fri': 09:00-18:30, 'sat': 09:00-18:30, 'sun': 11:00-15:30",56.822947,60.626422,"4,5",['8 (800) 555-55-50Показать телефон'],"['http://ok.ru/sberbank', 'https://vk.com/sberbank']",79,82,78,71,88,86,80,68,,
14,1180298214,СберБанк,"ул. 8 Марта, 171, Екатеринбург",www.sberbank.ru,"'mon': 09:00-18:30, 'tue': 09:00-18:30, 'wed': 09:00-18:30, 'thu': 09:00-18:30, 'fri': 09:00-18:30, 'sat': 09:00-18:30, 'sun': выходной",56.804629,60.612348,"4,4",['8 (800) 555-55-50Показать телефон'],"['http://ok.ru/sberbank', 'https://vk.com/sberbank']",85,89,85,83,80,87,,,,
15,105145847307,СберБанк,"ул. Бориса Ельцина, 3, Екатеринбург",www.sberbank.ru,"'mon': 10:00-19:00, 'tue': 10:00-19:00, 'wed': 10:00-19:00, 'thu': 10:00-19:00, 'fri': 10:00-19:00, 'sat': 10:00-19:00, 'sun': выходной",56.844431,60.592009,"4,6",['8 (800) 555-55-50Показать телефон'],"['https://ok.ru/sberbank', 'https://vk.com/sberbank']",75,80,73,61,,93,60,50,,
16,1208656977,СберБанк,"просп. Ленина, 48, Екатеринбург",www.sberbank.ru,"'mon': 09:00-20:00, 'tue': 09:00-20:00, 'wed': 09:00-20:00, 'thu': 09:00-20:00, 'fri': 09:00-20:00, 'sat': 09:00-20:00, 'sun': выходной",56.839709,60.618665,"4,2",['8 (800) 555-55-50Показать телефон'],"['http://ok.ru/sberbank', 'https://t.me/sberbank', 'https://vk.com/sberbank']",80,81,68,67,69,,,,,
17,189193847238,СберБанк,"ул. Щербакова, 20, Екатеринбург",www.sberbank.ru,"'mon': 09:00-18:30, 'tue': 09:00-18:30, 'wed': 09:00-18:30, 'thu': 09:00-18:30, 'fri': 09:00-18:30, 'sat': 09:00-18:30, 'sun': выходной",56.783111,60.654348,"4,6",['8 (800) 555-55-50Показать телефон'],"['http://ok.ru/sberbank', 'https://vk.com/sberbank']",83,87,84,69,71,53,,,,
18,1259681159,СберБанк,"ул. Хохрякова, 72, Екатеринбург",www.sberbank.ru,"'mon': 10:00-19:00, 'tue': 10:00-19:00, 'wed': 10:00-19:00, 'thu': 10:00-19:00, 'fri': 10:00-19:00, 'sat': 10:00-19:00, 'sun': выходной",56.827587,60.594316,"4,4",['8 (800) 555-55-50Показать телефон'],"['https://ok.ru/sberbank', 'https://t.me/sberbank', 'https://vk.com/sberbank']",75,83,73,59,52,100,,,,
19,133925953559,СберБанк,"ул. Щорса, 109, Екатеринбург",www.sberbank.ru,"'mon': 10:00-19:00, 'tue': 10:00-19:00, 'wed': 10:00-19:00, 'thu': 10:00-19:00, 'fri': 10:00-19:00, 'sat': 10:00-19:00, 'sun': выходной",56.806993,60.598299,"4,7",['8 (800) 555-55-50Показать телефон'],"['http://ok.ru/sberbank', 'https://vk.com/sberbank']",84,88,82,71,71,91,,,58,
20,1107919480,СберБанк,"ул. Белинского, 171, Екатеринбург",www.sberbank.ru,"'mon': 09:30-19:00, 'tue': 09:30-19:00, 'wed': 09:30-19:00, 'thu': 09:30-19:00, 'fri': 09:30-19:00, 'sat': 09:30-19:00, 'sun': выходной",56.798737,60.632274,"4,4",['8 (800) 555-55-50Показать телефон'],"['http://ok.ru/sberbank', 'https://vk.com/sberbank']",83,81,80,64,64,87,,,,
21,1034974431,СберБанк,"Мельковская ул., 2Б, Екатеринбург",www.sberbank.ru,"'mon': 09:30-18:30, 'tue': 09:30-18:30, 'wed': 09:30-18:30, 'thu': 09:30-18:30, 'fri': 09:30-18:30, 'sat': 09:30-18:30, 'sun': выходной",56.849844,60.602477,"4,4",['8 (800) 555-55-50Показать телефон'],"['http://ok.ru/sberbank', 'https://vk.com/sberbank']",81,85,82,69,73,95,,,,
22,1173066309,СберБанк,"ул. Бебеля, 166, Екатеринбург",www.sberbank.ru,"'mon': 09:00-19:00, 'tue': 09:00-19:00, 'wed': 09:00-19:00, 'thu': 09:00-19:00, 'fri': 09:00-19:00, 'sat': 09:00-19:00, 'sun': 09:00-14:00",56.871119,60.550591,"4,6",['8 (800) 555-55-50Показать телефон'],"['http://ok.ru/sberbank', 'https://vk.com/sber']",79,81,82,59,56,83,,,55,70
23,1262202580,СберБанк,"ул. 8 Марта, 61, Екатеринбург",www.sberbank.ru,"'mon': 09:00-19:30, 'tue': 09:00-19:30, 'wed': 09:00-19:30, 'thu': 09:00-19:30, 'fri': 09:00-19:30, 'sat': 09:00-19:30, 'sun': выходной",56.820168,60.606118,"4,5",['8 (800) 555-55-50Показать телефон'],"['http://ok.ru/sberbank', 'https://vk.com/sberbank']",73,77,64,71,,,,,,
24,1060361750,СберБанк,"Уральская ул., 75, Екатеринбург",www.sberbank.ru,"'mon': 09:00-20:00, 'tue': 09:00-20:00, 'wed': 09:00-20:00, 'thu': 09:00-20:00, 'fri': 09:00-20:00, 'sat': 09:00-20:00, 'sun': выходной",56.853996,60.637428,"4,5",['8 (800) 555-55-50Показать телефон'],"['http://ok.ru/sberbank', 'https://t.me/sberbank', 'https://vk.com/sberbank']",76,79,73,55,36,91,,,50,
25,1105627355,СберБанк,"Билимбаевская ул., 31, корп. 1, Екатеринбург",www.sberbank.ru,"'mon': 09:30-19:00, 'tue': 09:30-19:00, 'wed': 09:30-19:00, 'thu': 09:30-19:00, 'fri': 09:30-19:00, 'sat': 09:30-19:00, 'sun': выходной",56.882749,60.510792,"4,5",['8 (800) 555-55-50Показать телефон'],"['http://ok.ru/sberbank', 'https://vk.com/sberbank']",80,82,77,56,39,76,,,,
26,1232049438,СберБанк,"Окружная ул., 8, Екатеринбург",www.sberbank.ru,"'mon': 09:30-18:30, 'tue': 09:30-18:30, 'wed': 09:30-18:30, 'thu': 09:30-18:30, 'fri': 09:30-18:30, 'sat': 09:30-18:30, 'sun': выходной",56.756503,60.604831,"4,4",['8 (800) 555-55-50Показать телефон'],"['http://ok.ru/sberbank', 'https://vk.com/sberbank']",91,92,89,72,55,100,,,36,
27,1148235401,СберБанк,"ул. Победы, 34, Екатеринбург",www.sberbank.ru,"'mon': 09:00-19:30, 'tue': 09:00-19:30, 'wed': 09:00-19:30, 'thu': 09:00-19:30, 'fri': 09:00-19:30, 'sat': 09:00-19:30, 'sun': выходной",56.898848,60.600731,"4,5",['8 (800) 555-55-50Показать телефон'],"['http://ok.ru/sberbank', 'https://t.me/sberbank', 'https://vk.com/sberbank']",79,81,79,58,50,69,,,83,
28,1108571081,СберБанк,"Опалихинская ул., 15, Екатеринбург",www.sberbank.ru,"'mon': 09:00-19:00, 'tue': 09:00-19:00, 'wed': 09:00-19:00, 'thu': 09:00-19:00, 'fri': 09:00-19:00, 'sat': 09:00-19:00, 'sun': выходной",56.848924,60.564426,"4,4",['8 (800) 555-55-50Показать телефон'],"['https://ok.ru/sberbank', 'https://vk.com/sberbank']",76,80,79,58,47,100,,,,
29,1063456888,СберБанк,"Ясная ул., 4, Екатеринбург",www.sberbank.ru,"'mon': 09:00-18:00, 'tue': 09:00-18:00, 'wed': 09:00-18:00, 'thu': 09:00-18:00, 'fri': 09:00-18:00, 'sat': 09:00-18:00, 'sun': выходной",56.816052,60.584892,"4,3",['8 (800) 555-55-50Показать телефон'],"['http://ok.ru/sberbank', 'https://vk.com/sberbank']",77,81,79,83,60,,,,,
30,1553033960,СберБанк,"Техническая ул., 32, Екатеринбург",www.sberbank.ru,"'mon': 09:00-19:00, 'tue': 09:00-19:00, 'wed': 09:00-19:00, 'thu': 09:00-19:00, 'fri': 09:00-19:00, 'sat': 09:00-19:00, 'sun': выходной",56.866419,60.534042,"4,6",['8 (800) 555-55-50Показать телефон'],"['http://ok.ru/sberbank', 'https://vk.com/sberbank']",83,87,88,62,51,86,,,,
31,216776712786,СберБанк,"Бисертская ул., 26, Екатеринбург",www.sberbank.ru,"'mon': выходной, 'tue': 09:30-19:00, 'wed': 09:30-19:00, 'thu': 09:30-19:00, 'fri': 09:30-19:00, 'sat': 09:30-19:00, 'sun': выходной",56.745289,60.615449,"4,6",['8 (800) 555-55-50Показать телефон'],"['http://ok.ru/sberbank', 'https://vk.com/sberbank']",94,93,95,95,,90,,,,
32,1210892820,СберБанк,"ул. Луначарского, 40, Екатеринбург",www.sberbank.ru,"'mon': 09:00-18:00, 'tue': 09:00-18:00, 'wed': 09:00-18:00, 'thu': 09:00-18:00, 'fri': 09:00-18:00, 'sat': 09:00-18:00, 'sun': выходной",56.852617,60.615350,"4,3",['8 (800) 555-55-50Показать телефон'],"['http://ok.ru/sberbank', 'https://t.me/sberbank', 'https://vk.com/sberbank']",77,78,76,59,12,100,,,,
33,1344937490,СберБанк,"Сиреневый бул., 2, Екатеринбург",www.sberbank.ru,"'mon': 09:00-20:00, 'tue': 09:00-20:00, 'wed': 09:00-20:00, 'thu': 09:00-20:00, 'fri': 09:00-20:00, 'sat': 09:00-20:00, 'sun': 11:00-15:00",56.834774,60.682614,"4,5",['8 (800) 555-55-50Показать телефон'],"['http://ok.ru/sberbank', 'https://vk.com/sberbank']",78,79,76,66,60,100,,,,
34,99623827355,СберБанк,"Техническая ул., 63, Екатеринбург",www.sberbank.ru,"'mon': 10:00-19:00, 'tue': 10:00-19:00, 'wed': 10:00-19:00, 'thu': 10:00-19:00, 'fri': 10:00-19:00, 'sat': 10:00-19:00, 'sun': выходной",56.869004,60.522977,"4,6",['8 (800) 555-55-50Показать телефон'],"['http://ok.ru/sberbank', 'https://vk.com/sberbank']",79,83,74,68,90,,,,,
35,1099413159,СберБанк,"ул. Гагарина, 35Б, Екатеринбург",www.sberbank.ru,"'mon': 09:30-18:30, 'tue': 09:30-18:30, 'wed': 09:30-18:30, 'thu': 09:30-18:30, 'fri': 09:30-18:30, 'sat': 10:00-17:00, 'sun': выходной",56.841860,60.646300,"4,5",['8 (800) 555-55-50Показать телефон'],"['http://ok.ru/sberbank', 'https://vk.com/sberbank']",81,85,80,66,65,,,,,
36,71804584176,СберБанк,"ул. Амундсена, 58, корп. 1, Екатеринбург",www.sberbank.ru,"'mon': 09:00-18:30, 'tue': 09:00-18:30, 'wed': 09:00-18:30, 'thu': 09:00-18:30, 'fri': 09:00-18:30, 'sat': 09:00-18:30, 'sun': выходной",56.798711,60.580443,"4,4",['8 (800) 555-55-50Показать телефон'],"['http://ok.ru/sberbank', 'https://t.me/sberbank', 'https://vk.com/sberbank']",84,85,83,68,37,80,,,,
37,159973554104,СберБанк,"просп. Космонавтов, 23А, Екатеринбург",www.sberbank.ru,"'mon': 09:00-19:00, 'tue': 09:00-19:00, 'wed': 09:00-19:00, 'thu': 09:00-19:00, 'fri': 09:00-19:00, 'sat': 09:00-19:00, 'sun': выходной",56.888345,60.612520,"4,7",['8 (800) 555-55-50Показать телефон'],"['https://ok.ru/sberbank', 'https://vk.com/sberbank']",79,80,78,73,,100,,,,
38,155564736643,СберБанк,"Боровая ул., 19, Екатеринбург",www.sberbank.ru,"'mon': 09:30-19:00, 'tue': 09:30-19:00, 'wed': 09:30-19:00, 'thu': 09:30-19:00, 'fri': 09:30-19:00, 'sat': 09:30-19:00, 'sun': выходной",56.861387,60.647159,"4,6",['8 (800) 555-55-50Показать телефон'],"['http://ok.ru/sberbank', 'https://vk.com/sberbank']",92,93,92,70,73,100,,,50,
39,176365901232,СберБанк,"ул. Академика Шварца, 14, Екатеринбург",www.sberbank.ru,"'mon': 10:00-19:00, 'tue': 10:00-19:00, 'wed': 10:00-19:00, 'thu': 10:00-19:00, 'fri': 10:00-19:00, 'sat': 10:00-19:00, 'sun': выходной",56.795504,60.623093,"4,3",['8 (800) 555-55-50Показать телефон'],"['http://ok.ru/sberbank', 'https://vk.com/sberbank']",72,82,75,50,,,,,,
40,1008033357,СберБанк,"ул. Черняховского, 43, Екатеринбург",www.sberbank.ru,"'mon': 09:00-19:00, 'tue': 09:00-19:00, 'wed': 09:00-19:00, 'thu': 09:00-19:00, 'fri': 09:00-19:00, 'sat': 09:00-19:00, 'sun': выходной",56.753220,60.706384,"4,6",['8 (800) 555-55-50Показать телефон'],"['http://ok.ru/sberbank', 'https://vk.com/sberbank']",90,94,90,73,43,100,,,73,
41,93330341415,СберБанк,"ул. Красных Командиров, 29, Екатеринбург",www.sberbank.ru,"'mon': 10:00-19:00, 'tue': 10:00-19:00, 'wed': 10:00-19:00, 'thu': 10:00-19:00, 'fri': 10:00-19:00, 'sat': 10:00-19:00, 'sun': выходной",56.897672,60.628143,"4,6",['8 (800) 555-55-50Показать телефон'],"['http://ok.ru/sberbank', 'https://vk.com/sber']",75,83,86,67,48,89,,,,
42,1113515372,СберБанк,"Родонитовая ул., 18Б, Екатеринбург",www.sberbank.ru,"'mon': 09:30-19:00, 'tue': 09:30-19:00, 'wed': 09:30-19:00, 'thu': 09:30-19:00, 'fri': 09:30-19:00, 'sat': 09:30-19:00, 'sun': выходной",56.792293,60.623880,"4,5",['8 (800) 555-55-50Показать телефон'],['https://vk.com/sberbank'],81,80,85,76,40,100,,,,
43,226053094585,СберБанк,"Донбасская ул., 19, жилой район Уралмаш, Екатеринбург",www.sberbank.ru,"'mon': 09:00-18:30, 'tue': 09:00-18:30, 'wed': 09:00-18:30, 'thu': 09:00-18:30, 'fri': 09:00-18:30, 'sat': 09:00-18:30, 'sun': выходной",56.889606,60.567291,"4,2",['8 (800) 555-55-50Показать телефон'],['https://vk.com/sberbank'],,,,,,,,,,
44,1166970114,СберБанк,"ул. Малышева, 114, Екатеринбург",www.sberbank.ru,"'mon': 09:00-18:00, 'tue': 09:00-18:00, 'wed': 09:00-18:00, 'thu': 09:00-18:00, 'fri': 09:00-18:00, 'sat': 09:00-18:00, 'sun': выходной",56.837025,60.629871,"4,4",['8 (800) 555-55-50Показать телефон'],"['http://ok.ru/sberbank', 'https://vk.com/sberbank']",78,85,81,70,73,,,,,
45,217553776722,СберБанк,"Инженерная ул., 45, Екатеринбург",www.sberbank.ru,"'mon': 09:00-18:30, 'tue': 09:00-18:30, 'wed': 09:00-18:30, 'thu': 09:00-18:30, 'fri': 09:00-18:30, 'sat': 09:00-18:30, 'sun': выходной",56.757665,60.706040,"4,6",['8 (800) 555-55-50Показать телефон'],"['http://ok.ru/sber', 'https://t.me/sberbank', 'https://vk.com/sber']",86,87,87,70,75,,,,,
46,159029923665,СберБанк,"ул. Бебеля, 138, Екатеринбург",www.sberbank.ru,"'mon': 10:00-19:00, 'tue': 10:00-19:00, 'wed': 10:00-19:00, 'thu': 10:00-19:00, 'fri': 10:00-19:00, 'sat': 10:00-19:00, 'sun': выходной",56.861934,60.551553,"4,4",['8 (800) 555-55-50Показать телефон'],"['http://ok.ru/sberbank', 'https://vk.com/sberbank']",84,87,82,69,25,94,,,,
47,1013777267,СберБанк,"ул. Софьи Ковалевской, 1, Екатеринбург",www.sberbank.ru,"'mon': 09:00-19:30, 'tue': 09:00-19:30, 'wed': 09:00-19:30, 'thu': 09:00-19:30, 'fri': 09:00-19:30, 'sat': 09:00-19:30, 'sun': выходной",56.840965,60.655705,"4,4",['8 (800) 555-55-50Показать телефон'],['https://vk.com/sberbank'],84,79,83,63,48,92,,,10,
48,1011725565,СберБанк,"ул. 8 Марта, 99, Екатеринбург",www.sberbank.ru,"'mon': 09:00-19:30, 'tue': 09:00-19:30, 'wed': 09:00-19:30, 'thu': 09:00-19:30, 'fri': 09:00-19:30, 'sat': 09:00-19:30, 'sun': выходной",56.813583,60.608533,"4,2",['8 (800) 555-55-50Показать телефон'],"['http://ok.ru/sberbank', 'https://vk.com/sberbank']",84,91,78,37,14,,,,,
49,82565956244,СберБанк,"Июльская ул., 21, Екатеринбург",www.sberbank.ru,"'mon': 09:00-19:30, 'tue': 09:00-19:30, 'wed': 09:00-19:30, 'thu': 09:00-19:30, 'fri': 09:00-19:30, 'sat': 09:00-19:30, 'sun': выходной",56.859348,60.640638,"4,6",['8 (800) 555-55-50Показать телефон'],"['http://ok.ru/sberbank', 'https://t.me/sberbank', 'https://vk.com/sberbank']",82,88,81,70,73,,,,,100
50,1075145681,СберБанк,"ул. Бахчиванджи, 14, Екатеринбург",www.sberbank.ru,"'mon': 09:00-19:00, 'tue': 09:00-19:00, 'wed': 09:00-19:00, 'thu': 09:00-19:00, 'fri': 09:00-19:00, 'sat': 09:00-19:00, 'sun': выходной",56.759020,60.818909,"4,7",['8 (800) 555-55-50Показать телефон'],"['http://ok.ru/sberbank', 'https://vk.com/sberbank']",83,89,85,58,40,,,,,
51,1017583236,СберБанк,"ул. Блюхера, 59, Екатеринбург",www.sberbank.ru,"'mon': 09:30-18:30, 'tue': 09:30-18:30, 'wed': 09:30-18:30, 'thu': 09:30-18:30, 'fri': 09:30-18:30, 'sat': 09:30-18:30, 'sun': выходной",56.856751,60.650094,"4,1",['8 (800) 555-55-50Показать телефон'],"['http://ok.ru/sberbank', 'https://t.me/sberbank', 'https://vk.com/sberbank']",71,76,75,48,9,,,,6,
52,1169971264,СберБанк,"Красноармейская ул., 3, Верхняя Пышма",www.sberbank.ru,"'mon': 09:00-18:30, 'tue': 09:00-18:30, 'wed': 09:00-18:30, 'thu': 09:00-18:30, 'fri': 09:00-18:30, 'sat': 09:00-18:30, 'sun': выходной",56.968276,60.581718,"4,3",['8 (800) 555-55-50Показать телефон'],"['http://ok.ru/sberbank', 'https://vk.com/sberbank']",86,92,87,59,9,,,,8,
53,39823245362,СберБанк,"просп. Орджоникидзе, 20, Екатеринбург",www.sberbank.ru,"'mon': 09:00-19:00, 'tue': 09:00-19:00, 'wed': 09:00-19:00, 'thu': 09:00-19:00, 'fri': 09:00-19:00, 'sat': 09:00-19:00, 'sun': выходной",56.896012,60.589801,"4,4",['8 (800) 555-55-50Показать телефон'],"['http://ok.ru/sberbank', 'https://vk.com/sberbank']",86,89,87,79,67,100,,,,
54,1001365247,СберБанк,"ул. Куйбышева, 145, Екатеринбург",www.sberbank.ru,"'mon': 09:30-18:30, 'tue': 09:30-18:30, 'wed': 09:30-18:30, 'thu': 09:30-18:30, 'fri': 09:30-18:30, 'sat': 09:30-18:30, 'sun': выходной",56.830419,60.642216,"4,3",['8 (800) 555-55-50Показать телефон'],"['http://ok.ru/sberbank', 'https://vk.com/sberbank']",84,93,84,50,56,92,,,,
55,1080278902,СберБанк,"ул. Баумана, 49, Екатеринбург",www.sberbank.ru,"'mon': 09:00-19:00, 'tue': 09:00-19:00, 'wed': 09:00-19:00, 'thu': 09:00-19:00, 'fri': 09:00-19:00, 'sat': 09:00-19:00, 'sun': выходной",56.896373,60.639414,"4,7",['8 (800) 555-55-50Показать телефон'],"['http://ok.ru/sberbank', 'https://vk.com/sberbank']",87,92,85,65,71,95,,,63,
56,29999320507,СберБанк,"Успенский просп., 125, Верхняя Пышма",www.sberbank.ru,"'mon': 09:00-19:00, 'tue': 09:00-19:00, 'wed': 09:00-19:00, 'thu': 09:00-19:00, 'fri': 09:00-19:00, 'sat': 09:00-19:00, 'sun': выходной",56.979954,60.548243,"4,7",['8 (800) 555-55-50Показать телефон'],"['http://ok.ru/sberbank', 'https://vk.com/sberbank']",83,87,84,63,67,100,,,82,
57,238091994590,СберБанк,"ул. Героев Труда, 25, Берёзовский",www.sberbank.ru,"'mon': 09:30-18:30, 'tue': 09:30-18:30, 'wed': 09:30-18:30, 'thu': 09:30-18:30, 'fri': 09:30-18:30, 'sat': 09:30-18:30, 'sun': выходной",56.896868,60.741546,"4,7",['8 (800) 555-55-50Показать телефон'],"['http://ok.ru/sberbank', 'https://vk.com/sberbank']",90,94,94,82,60,,,,,
58,1252998322,СберБанк,"ул. 1 Мая, 75А, Арамиль",www.sberbank.ru,"'mon': 09:00-18:30, 'tue': 09:00-18:30, 'wed': 09:00-18:30, 'thu': 09:00-18:30, 'fri': 09:00-18:30, 'sat': 09:00-18:30, 'sun': выходной",56.688293,60.838787,"4,6",['8 (800) 555-55-50Показать телефон'],"['http://ok.ru/sberbank', 'https://vk.com/sberbank']",73,79,77,45,61,87,,,64,
59,191354046312,СберБанк,"ул. Калинина, 31А, Екатеринбург",www.sberbank.ru,"'mon': 09:00-19:00, 'tue': 09:00-19:00, 'wed': 09:00-19:00, 'thu': 09:00-19:00, 'fri': 09:00-19:00, 'sat': 09:00-19:00, 'sun': 09:00-19:00",56.893216,60.597018,"4,4",['8 (800) 555-55-50Показать телефон'],"['http://ok.ru/sberbank', 'https://t.me/sberbank', 'https://vk.com/sberbank']",79,85,78,75,42,,,,,80
60,1347543128,СберБанк,"просп. Ленина, 79А, Екатеринбург",www.sberbank.ru,"'mon': 09:30-18:30, 'tue': 09:30-18:30, 'wed': 09:30-18:30, 'thu': 09:30-18:30, 'fri': 09:30-18:30, 'sat': 09:30-18:30, 'sun': выходной",56.841437,60.628296,"4,3",['8 (800) 555-55-50Показать телефон'],"['http://ok.ru/sberbank', 'https://vk.com/sberbank']",84,83,73,67,,,,,,
61,1036552705,СберБанк,"Латвийская ул., 27, Екатеринбург",www.sberbank.ru,"'mon': 09:30-18:30, 'tue': 09:30-18:30, 'wed': 09:30-18:30, 'thu': 09:30-18:30, 'fri': 09:30-18:30, 'sat': 09:30-18:30, 'sun': выходной",56.789713,60.773095,"4,5",['8 (800) 555-55-50Показать телефон'],"['http://ok.ru/sberbank', 'https://vk.com/sberbank']",81,84,83,49,42,,,,38,
62,1593202304,СберБанк,"ул. Строителей, 4, Берёзовский",www.sberbank.ru,"'mon': 09:00-19:00, 'tue': 09:00-19:00, 'wed': 09:00-19:00, 'thu': 09:00-19:00, 'fri': 09:00-19:00, 'sat': 09:00-19:00, 'sun': выходной",56.906253,60.813218,"4,4",['8 (800) 555-55-50Показать телефон'],"['http://ok.ru/sberbank', 'https://vk.com/sberbank']",72,74,74,57,32,,,,,
63,1023470976,СберБанк,"ул. Владимира Высоцкого, 12Б, Екатеринбург",www.sberbank.ru,"'mon': 10:00-19:00, 'tue': 10:00-19:00, 'wed': 10:00-19:00, 'thu': 10:00-19:00, 'fri': 10:00-19:00, 'sat': 10:00-19:00, 'sun': выходной",56.841266,60.677592,"4,6",['8 (800) 555-55-50Показать телефон'],"['http://ok.ru/sberbank', 'https://vk.com/sberbank']",89,89,89,87,75,83,,,,
64,1052822682,СберБанк,"Варшавская ул., 32, Екатеринбург",www.sberbank.ru,"'mon': выходной, 'tue': 09:00-13:00,13:45-17:45, 'wed': 09:00-13:00,13:45-17:45, 'thu': 09:00-13:00,13:45-17:45, 'fri': 09:00-13:00,13:45-17:45, 'sat': 08:45-15:00, 'sun': выходной",56.783959,60.738528,"3,9",['8 (800) 555-55-50Показать телефон'],"['http://ok.ru/sberbank', 'https://vk.com/sberbank']",67,74,74,31,,,,,0,
65,214438910563,СберБанк,"ул. Мира, 19, Екатеринбург",www.sberbank.ru,"'mon': 09:00-18:00, 'tue': 09:00-18:00, 'wed': 09:00-18:00, 'thu': 09:00-18:00, 'fri': 09:00-18:00, 'sat': 09:00-18:00, 'sun': выходной",56.844086,60.653478,"4,7",['8 (800) 555-55-50Показать телефон'],"['http://ok.ru/sberbank', 'https://vk.com/sberbank']",92,91,96,70,,,,,,
66,139623276190,СберБанк,"ул. Строителей, 41, посёлок Северка",www.sberbank.ru,"'mon': выходной, 'tue': выходной, 'wed': выходной, 'thu': выходной, 'fri': выходной, 'sat': выходной, 'sun': выходной",56.866642,60.295829,"3,6",['8 (800) 555-55-50Показать телефон'],"['http://ok.ru/sberbank', 'https://vk.com/sberbank']",,,,,,,,,,
67,1095484956,СберБанк,"ул. Калинина, 11, Дегтярск",www.sberbank.ru,"'mon': 09:00-18:00, 'tue': 09:00-18:00, 'wed': 09:00-18:00, 'thu': 09:00-18:00, 'fri': 09:00-18:00, 'sat': 09:00-18:00, 'sun': выходной",56.704205,60.085803,"4,4",['8 (800) 555-55-50Показать телефон'],"['http://ok.ru/sberbank', 'https://vk.com/sberbank']",83,86,81,62,,,,,,
68,1080025746,СберБанк,"ул. Ленина, 119А, посёлок Большой Исток",www.sberbank.ru,"'mon': 09:00-13:00,14:00-17:00, 'tue': 09:00-13:00,14:00-17:00, 'wed': выходной, 'thu': выходной, 'fri': выходной, 'sat': выходной, 'sun': выходной",56.714018,60.775171,"2,3",['8 (800) 555-55-50Показать телефон'],"['http://ok.ru/sberbank', 'https://vk.com/sberbank']",,,,,,,,,,
69,1061156722,СберБанк,"Колхозная ул., 18, село Патруши",www.sberbank.ru,"'mon': выходной, 'tue': выходной, 'wed': 09:00-13:00,14:00-17:00, 'thu': выходной, 'fri': выходной, 'sat': выходной, 'sun': выходной",56.676835,60.806629,"3,6",['8 (800) 555-55-50Показать телефон'],"['http://ok.ru/sberbank', 'https://vk.com/sberbank']",,,,,,,,,,
70,1073085040,СберБанк,"Заводская ул., 4, посёлок Исеть",www.sberbank.ru,"'mon': выходной, 'tue': 08:00-13:00,13:45-17:30, 'wed': 08:00-13:00,13:45-17:30, 'thu': 08:00-13:00,13:45-17:30, 'fri': 08:00-13:00,13:45-17:30, 'sat': 08:00-14:50, 'sun': выходной",56.970721,60.358927,"2,7",['8 (800) 555-55-50Показать телефон'],"['http://ok.ru/sberbank', 'https://vk.com/sberbank']",,,,,,,,,,
