,ID,name,address,website,opening_hours,lat,lon,rating,phone,social,Обслуживание,Отношение к клиентам,Персонал,Время ожидания
0,1022468933,СберБанк,"ул. Вице-адмирала Падорина, 5, Североморск",www.sberbank.ru,"'mon': 09:30-18:00, 'tue': 09:30-18:00, 'wed': 09:30-18:00, 'thu': 09:30-18:00, 'fri': 09:30-18:00, 'sat': 09:30-18:30, 'sun': выходной",69.067900,33.403732,"4,7",['8 (800) 555-55-50Показать телефон'],"['http://ok.ru/sberbank', 'https://vk.com/sberbank']",85,83,85,82
1,1130595595,СберБанк,"ул. Сафонова, 12, Североморск",www.sberbank.ru,"'mon': 10:15-18:15, 'tue': 10:15-18:15, 'wed': 10:15-18:15, 'thu': 10:15-18:15, 'fri': 10:15-18:15, 'sat': 10:15-18:15, 'sun': выходной",69.075489,33.419142,"4,3",['8 (800) 555-55-50Показать телефон'],"['https://ok.ru/sberbank', 'https://t.me/sberbank', 'https://vk.com/sberbank']",70,69,76,58
2,21687300351,СберБанк,"ул. Авиаторов, 1, Североморск",www.sberbank.ru,"'mon': 09:45-14:00,15:30-18:00, 'tue': 09:45-14:00,15:30-18:00, 'wed': 09:45-14:00,15:30-18:00, 'thu': 09:45-14:00,15:30-18:00, 'fri': 09:45-14:00,15:30-18:00, 'sat': 09:45-14:00,15:30-17:45, 'sun': выходной",69.054996,33.415272,"4,1",['8 (800) 555-55-50Показать телефон'],"['http://ok.ru/sberbank', 'https://vk.com/sberbank']",,,,
3,182363032393,СберБанк,"ул. Преображенского, 6, п. г. т. Сафоново",www.sberbank.ru,"'mon': 10:00-14:00,15:00-18:00, 'tue': 10:00-14:00,15:00-18:00, 'wed': 10:00-14:00,15:00-18:00, 'thu': 10:00-14:00,15:00-18:00, 'fri': выходной, 'sat': выходной, 'sun': выходной",69.059049,33.294097,"4,4",['8 (800) 555-55-50Показать телефон'],"['http://ok.ru/sberbank', 'https://vk.com/sberbank']",,,,
4,1030016010,СберБанк,"ул. Капитана Елькина, 6, посёлок Сафоново-1, п. г. т. Сафоново",www.sberbank.ru,"'mon': выходной, 'tue': 10:00-14:00,15:00-18:00, 'wed': 10:00-14:00,15:00-18:00, 'thu': 10:00-14:00,15:00-18:00, 'fri': 10:00-14:00,15:00-18:00, 'sat': 10:00-14:00,15:00-17:45, 'sun': выходной",69.032786,33.290163,"4,3",['8 (800) 555-55-50Показать телефон'],"['http://ok.ru/sberbank', 'https://vk.com/sberbank']",,,,
