,ID,name,address,website,opening_hours,lat,lon,rating,phone,social,Обслуживание,Персонал,Отношение к клиентам,Время ожидания,Банкомат,Расположение,Ремонт,Кредит,График работы,Ипотека
0,1077445172,СберБанк,"Первомайская ул., 106А, Москва",www.sberbank.ru,"'mon': 09:00-19:30, 'tue': 09:00-19:30, 'wed': 09:00-19:30, 'thu': 09:00-19:30, 'fri': 09:00-19:30, 'sat': 09:00-19:30, 'sun': выходной",55.793329,37.813097,"4,5",['8 (800) 555-55-50Показать телефон'],"['http://ok.ru/sberbank', 'https://vk.com/sberbank']",83,85,83,73,68,94,90,,,
1,1186173855,СберБанк,"ул. Объединения, 7/27, Балашиха",www.sberbank.ru,"'mon': 08:30-19:30, 'tue': 08:30-19:30, 'wed': 08:30-19:30, 'thu': 08:30-19:30, 'fri': 08:30-19:30, 'sat': 08:30-20:00, 'sun': выходной",55.826385,37.970442,"4,8",['8 (800) 555-55-50Показать телефон'],"['https://ok.ru/sberbank', 'https://vk.com/sberbank']",73,74,69,72,85,92,,31,83,
2,112543181863,СберБанк,"Южная ул., 3, стр. 1, микрорайон Кучино, Балашиха",www.sberbank.ru,"'mon': 09:00-18:30, 'tue': 09:00-18:30, 'wed': 09:00-18:30, 'thu': 09:00-18:30, 'fri': 09:00-18:30, 'sat': 09:00-19:00, 'sun': выходной",55.749874,37.952770,"4,3",['8 (800) 555-55-50Показать телефон'],"['http://ok.ru/sberbank', 'https://vk.com/sberbank']",60,63,61,21,,,,,,
3,1115218846,СберБанк,"ул. 40 лет Победы, 1, Балашиха",www.sberbank.ru,"'mon': 09:00-18:00, 'tue': 09:00-18:00, 'wed': 09:00-18:00, 'thu': 09:00-18:00, 'fri': 09:00-18:00, 'sat': 09:00-18:00, 'sun': выходной",55.814482,37.967361,"4,5",['8 (800) 555-55-50Показать телефон'],"['http://ok.ru/sberbank', 'https://vk.com/sberbank']",82,84,81,69,52,92,,,9,
4,1669299352,СберБанк,"просп. Героев, 6, микрорайон Железнодорожный, Балашиха",www.sberbank.ru,"'mon': 10:00-14:00, 'tue': 10:00-14:00, 'wed': 10:00-14:00, 'thu': 10:00-14:00, 'fri': 10:00-14:00, 'sat': 10:00-14:00, 'sun': выходной",55.741381,38.002073,"4,6",['8 (800) 555-55-50Показать телефон'],"['http://ok.ru/sberbank', 'https://vk.com/sberbank']",73,75,72,71,39,88,,,21,
5,1102193377,СберБанк,"Саянская ул., 18, Москва",www.sberbank.ru,"'mon': 08:30-19:30, 'tue': 08:30-19:30, 'wed': 08:30-19:30, 'thu': 08:30-19:30, 'fri': 08:30-19:30, 'sat': 08:30-19:30, 'sun': выходной",55.767101,37.834166,"4,7",['8 (800) 555-55-50Показать телефон'],"['http://ok.ru/sberbank', 'https://vk.com/sberbank']",82,83,80,81,88,93,83,30,89,
6,1027804850,СберБанк,"Свободный просп., 33, Москва",www.sberbank.ru,"'mon': 09:00-20:30, 'tue': 09:00-20:30, 'wed': 09:00-20:30, 'thu': 09:00-20:30, 'fri': 09:00-20:30, 'sat': 09:00-20:30, 'sun': выходной",55.752820,37.819316,"4,4",['8 (800) 555-55-50Показать телефон'],"['http://ok.ru/sberbank', 'https://t.me/sberbank', 'https://vk.com/sberbank']",72,69,67,51,40,85,,,,
7,3727015140,СберБанк,"Новокосинская ул., 11, корп. 2, Москва",www.sberbank.ru,"'mon': 09:30-19:30, 'tue': 09:30-19:30, 'wed': 09:30-19:30, 'thu': 09:30-19:30, 'fri': 09:30-19:30, 'sat': 09:30-19:30, 'sun': выходной",55.734174,37.852983,"4,7",['8 (800) 555-55-50Показать телефон'],"['http://ok.ru/sberbank', 'https://vk.com/sberbank']",72,80,72,68,91,,,,60,
8,1030277988,СберБанк,"Хабаровская ул., 15, Москва",www.sberbank.ru,"'mon': 08:30-19:30, 'tue': 08:30-19:30, 'wed': 08:30-19:30, 'thu': 08:30-19:30, 'fri': 08:30-19:30, 'sat': 08:30-19:30, 'sun': выходной",55.822387,37.823739,"4,6",['8 (800) 555-55-50Показать телефон'],"['https://ok.ru/sberbank', 'https://vk.com/sberbank']",84,84,83,63,65,93,,,50,
9,116580378923,СберБанк,"Советская ул., 6/17, Балашиха",www.sberbank.ru,"'mon': 08:30-19:30, 'tue': 08:30-19:30, 'wed': 08:30-19:30, 'thu': 08:30-19:30, 'fri': 08:30-19:30, 'sat': 08:30-19:30, 'sun': выходной",55.797523,37.934823,"4,5",['8 (800) 555-55-50Показать телефон'],"['https://ok.ru/sberbank', 'https://vk.com/sberbank']",69,72,70,60,52,94,,,,
10,1065604418,СберБанк,"Сиреневый бул., 53, Москва",www.sberbank.ru,"'mon': 08:00-20:00, 'tue': 08:30-20:00, 'wed': 08:30-20:00, 'thu': 08:30-20:00, 'fri': 08:30-20:00, 'sat': 09:30-18:00, 'sun': выходной",55.803444,37.814443,"4,5",['8 (800) 555-55-50Показать телефон'],"['https://ok.ru/sberbank', 'https://t.me/sberbank', 'https://vk.com/sberbank']",79,77,76,61,68,86,,,83,
11,1086851712,СберБанк,"6Б, д. Пестово",www.sberbank.ru,"'mon': выходной, 'tue': 09:30-13:00,13:40-17:30, 'wed': 09:30-13:00,13:40-17:30, 'thu': 09:30-13:00,13:40-17:30, 'fri': 09:30-13:00,13:40-17:30, 'sat': 09:30-13:00,13:40-17:06, 'sun': выходной",55.748433,38.056004,"3,4",['8 (800) 555-55-50Показать телефон'],"['http://ok.ru/sberbank', 'https://vk.com/sberbank']",,,,,,,,,,
12,1080915176,СберБанк,"Новокосинская ул., 23, Москва",www.sberbank.ru,"'mon': 09:30-19:30, 'tue': 09:30-19:30, 'wed': 09:30-19:30, 'thu': 09:30-19:30, 'fri': 09:30-19:30, 'sat': 09:30-19:30, 'sun': выходной",55.740813,37.859913,"4,6",['8 (800) 555-55-50Показать телефон'],"['http://ok.ru/sberbank', 'https://vk.com/sberbank']",80,81,79,74,68,100,,,,
13,95915342913,СберБанк,"28, микрорайон Гагарина, Балашиха",www.sberbank.ru,"'mon': выходной, 'tue': 09:30-19:00, 'wed': 09:30-19:00, 'thu': 09:30-19:00, 'fri': 09:30-19:00, 'sat': 09:30-19:00, 'sun': выходной",55.823803,37.929172,"4,4",['8 (800) 555-55-50Показать телефон'],"['https://ok.ru/sberbank', 'https://vk.com/sberbank']",75,77,75,70,39,92,,,36,
14,76541561557,СберБанк,"Вешняковская ул., 18А, Москва",www.sberbank.ru,"'mon': 10:00-19:00, 'tue': 10:00-19:00, 'wed': 10:00-19:00, 'thu': 10:00-14:00, 'fri': выходной, 'sat': выходной, 'sun': выходной",55.723257,37.825326,"4,6",['8 (800) 555-55-50Показать телефон'],"['http://ok.ru/sberbank', 'https://vk.com/sberbank']",82,79,79,76,66,79,,,,
15,1152730247,СберБанк,"Новокосинская ул., 36Б, Москва",www.sberbank.ru,"'mon': выходной, 'tue': выходной, 'wed': выходной, 'thu': выходной, 'fri': выходной, 'sat': выходной, 'sun': выходной",55.742469,37.869444,"4,6",['8 (800) 555-55-50Показать телефон'],"['http://ok.ru/sberbank', 'https://vk.com/sberbank']",84,88,84,69,65,100,,,,
16,1289802948,СберБанк,"ул. Ленина, 4, Реутов",www.sberbank.ru,"'mon': 09:00-20:00, 'tue': 09:00-20:00, 'wed': 09:00-20:00, 'thu': 09:00-20:00, 'fri': 09:00-20:00, 'sat': 09:00-20:00, 'sun': выходной",55.753869,37.859282,"4,4",['8 (800) 555-55-50Показать телефон'],"['http://ok.ru/sberbank', 'https://vk.com/sberbank']",72,80,72,57,25,,,,,
17,1658248251,СберБанк,"Октябрьская ул., 33, микрорайон Железнодорожный, Балашиха",www.sberbank.ru,"'mon': 09:00-19:00, 'tue': 09:00-19:00, 'wed': 09:00-19:00, 'thu': 09:00-19:00, 'fri': 09:00-19:00, 'sat': 09:00-19:00, 'sun': выходной",55.751502,37.998107,"4,5",['8 (800) 555-55-50Показать телефон'],"['http://ok.ru/sberbank', 'https://vk.com/sberbank']",79,80,80,75,62,86,,,23,
18,49695211734,СберБанк,"Главная ул., 29, Восточный административный округ, район Восточный, Москва",www.sberbank.ru,"'mon': 09:30-19:30, 'tue': 09:30-19:30, 'wed': 09:30-19:30, 'thu': 09:30-19:30, 'fri': 09:30-19:30, 'sat': 09:30-19:30, 'sun': выходной",55.819975,37.872344,"4,9",['8 (800) 555-55-50Показать телефон'],"['http://ok.ru/sberbank', 'https://t.me/sberbank', 'https://vk.com/sberbank']",88,94,90,86,90,95,,,,
19,1078463481,СберБанк,"38, микрорайон Дзержинского, Балашиха",www.sberbank.ru,"'mon': выходной, 'tue': 09:00-19:00, 'wed': 09:00-19:00, 'thu': 09:00-19:00, 'fri': 09:00-19:00, 'sat': 09:00-19:00, 'sun': выходной",55.776586,37.900841,"4,1",['8 (800) 555-55-50Показать телефон'],"['http://ok.ru/sberbank', 'https://vk.com/sberbank']",74,76,72,29,8,69,,,8,
20,1026766377,СберБанк,"Юбилейный просп., 24/7, Реутов",www.sberbank.ru,"'mon': 09:00-20:00, 'tue': 09:00-20:00, 'wed': 09:00-20:00, 'thu': 09:00-20:00, 'fri': 09:00-20:00, 'sat': 09:00-20:00, 'sun': выходной",55.749179,37.862949,"4,6",['8 (800) 555-55-50Показать телефон'],"['https://ok.ru/sberbank', 'https://vk.com/sberbank']",73,77,73,60,58,93,,,70,
21,1052606493,СберБанк,"Пролетарская ул., 5, микрорайон Железнодорожный, Балашиха",www.sberbank.ru,"'mon': 09:00-20:00, 'tue': 09:00-20:00, 'wed': 09:00-20:00, 'thu': 09:00-20:00, 'fri': 09:00-20:00, 'sat': 09:00-20:00, 'sun': выходной",55.747983,38.009398,"4,6",['8 (800) 555-55-50Показать телефон'],"['https://ok.ru/sber/', 'https://vk.com/sberbank']",70,74,71,52,57,91,,38,76,
22,1026502090,СберБанк,"просп. Ленина, 47, Балашиха",www.sberbank.ru,"'mon': 09:00-18:30, 'tue': 09:00-18:30, 'wed': 09:00-18:30, 'thu': 09:00-18:30, 'fri': 09:00-18:30, 'sat': 09:00-18:30, 'sun': выходной",55.797483,37.947552,"4,7",['8 (800) 555-55-50Показать телефон'],"['https://ok.ru/sberbank', 'https://vk.com/sberbank']",75,74,73,65,60,88,,77,57,73
23,1136729637,СберБанк,"Юбилейная ул., 2, корп. 1, микрорайон Железнодорожный, Балашиха",www.sberbank.ru,"'mon': 09:30-19:00, 'tue': 09:30-19:00, 'wed': 09:30-19:00, 'thu': 09:30-19:00, 'fri': 09:30-19:00, 'sat': 09:30-19:00, 'sun': выходной",55.741879,38.016395,"4,6",['8 (800) 555-55-50Показать телефон'],"['http://ok.ru/sberbank', 'https://vk.com/sberbank']",69,68,67,52,62,77,,43,,56
24,1003448569,СберБанк,"Хабаровская ул., 8, Москва",www.sberbank.ru,"'mon': 09:00-20:00, 'tue': 09:00-20:00, 'wed': 09:00-20:00, 'thu': 09:00-20:00, 'fri': 09:00-20:00, 'sat': 09:00-20:00, 'sun': выходной",55.819543,37.827285,"4,5",['8 (800) 555-55-50Показать телефон'],"['http://ok.ru/sberbank', 'https://vk.com/sberbank']",76,77,73,57,54,92,,,,
25,1257821341,СберБанк,"ул. Некрасова, 12, Балашиха",www.sberbank.ru,"'mon': 09:00-19:00, 'tue': 09:00-19:00, 'wed': 09:00-19:00, 'thu': 09:00-19:00, 'fri': 09:00-19:00, 'sat': 09:00-19:00, 'sun': выходной",55.791747,37.971233,"4,7",['8 (800) 555-55-50Показать телефон'],"['http://ok.ru/sberbank', 'https://vk.com/sberbank']",77,75,76,61,48,97,,,,
26,1133736123,СберБанк,"ул. Кирова, 9, Реутов",www.sberbank.ru,"'mon': 09:30-18:30, 'tue': 09:30-18:30, 'wed': 09:30-18:30, 'thu': 09:30-18:30, 'fri': 09:30-18:30, 'sat': 09:30-18:30, 'sun': выходной",55.757717,37.851349,"4,7",['8 (800) 555-55-50Показать телефон'],"['https://ok.ru/sber/', 'https://vk.com/careersber']",82,88,83,68,35,79,,50,67,50
27,1284025392,СберБанк,"Советская ул., 9, микрорайон Заря, Балашиха",www.sberbank.ru,"'mon': выходной, 'tue': 09:00-19:00, 'wed': 09:00-19:00, 'thu': 09:00-19:00, 'fri': 09:00-19:00, 'sat': 09:00-19:00, 'sun': выходной",55.756370,38.079709,"4,6",['8 (800) 555-55-50Показать телефон'],"['http://ok.ru/sberbank', 'https://vk.com/sberbank']",87,92,92,65,79,,,,,
