,ID,name,address,website,opening_hours,lat,lon,rating,phone,social,Обслуживание,Отношение к клиентам,Персонал,Время ожидания,Банкомат,График работы,Расположение,Ипотека,Кредит,Ремонт
0,149578228690,СберБанк,"Центральная ул., 6, корп. 2, микрорайон Подрезково, Химки",www.sberbank.ru,"'mon': выходной, 'tue': 09:30-19:00, 'wed': 09:30-19:00, 'thu': 09:30-19:00, 'fri': 09:30-19:00, 'sat': 09:30-16:30, 'sun': выходной",55.948997,37.330974,"4,5",['8 (800) 555-55-50Показать телефон'],"['http://ok.ru/sberbank', 'https://vk.com/sberbank']",81,81,85,68,49,27,,,,
1,1345841588,СберБанк,"просп. Мельникова, 2Б, Химки",www.sberbank.ru,"'mon': 09:00-19:00, 'tue': 09:00-19:00, 'wed': 09:00-19:00, 'thu': 09:00-19:00, 'fri': 09:00-19:00, 'sat': 09:00-19:00, 'sun': выходной",55.901138,37.407069,"4,7",['8 (800) 555-55-50Показать телефон'],"['http://ok.ru/sberbank', 'https://vk.com/sberbank']",78,79,80,59,55,,84,,,
2,1147544978,СберБанк,"ул. Кирова, 1, микрорайон Сходня, Химки",www.sberbank.ru,"'mon': выходной, 'tue': 09:00-19:00, 'wed': 09:00-19:00, 'thu': 09:00-19:00, 'fri': 09:00-19:00, 'sat': 09:00-19:00, 'sun': выходной",55.950215,37.298994,"4,5",['8 (800) 555-55-50Показать телефон'],"['http://ok.ru/sberbank', 'https://vk.com/sberbank']",83,82,87,54,54,52,93,,,
3,16181799686,СберБанк,"Соколово-Мещерская ул., 14, Москва",www.sberbank.ru,"'mon': 09:00-19:30, 'tue': 09:00-19:30, 'wed': 09:00-19:30, 'thu': 09:00-19:30, 'fri': 09:00-19:30, 'sat': 09:00-19:30, 'sun': выходной",55.896041,37.391531,"4,6",['8 (800) 555-55-50Показать телефон'],"['https://ok.ru/sberbank', 'https://vk.com/sberbank']",80,79,82,66,83,,85,,,
4,1028449462,СберБанк,"Юбилейный просп., 73, Химки",www.sberbank.ru,"'mon': 09:00-19:00, 'tue': 09:00-19:00, 'wed': 09:00-19:00, 'thu': 09:00-19:00, 'fri': 09:00-19:00, 'sat': 09:00-19:00, 'sun': выходной",55.897769,37.407260,"4,6",['8 (800) 555-55-50Показать телефон'],"['https://ok.ru/sber/', 'https://vk.com/sberbank']",69,65,71,57,60,,86,60,56,46
5,1166203872,СберБанк,"ул. Мичурина, 15, микрорайон Сходня, Химки",www.sberbank.ru,"'mon': 09:00-18:00, 'tue': 09:00-18:00, 'wed': 09:00-18:00, 'thu': 09:00-18:00, 'fri': 09:00-18:00, 'sat': 09:00-18:00, 'sun': выходной",55.946436,37.300575,"4,3",['8 (800) 555-55-50Показать телефон'],"['http://ok.ru/sberbank', 'https://vk.com/sberbank']",75,76,78,39,11,13,100,,,
6,1082475419,СберБанк,"ул. Победы, 1/13, Химки",www.sberbank.ru,"'mon': 09:00-19:30, 'tue': 09:00-19:30, 'wed': 09:00-19:30, 'thu': 09:00-19:30, 'fri': 09:00-19:30, 'sat': 09:00-19:30, 'sun': выходной",55.899406,37.456412,"4,7",['8 (800) 555-55-50Показать телефон'],"['http://ok.ru/sberbank', 'https://t.me/sberbank', 'https://vk.com/sberbank']",74,75,80,45,47,,91,,,
7,1032725977,СберБанк,"Юбилейный просп., 41А, Химки",www.sberbank.ru,"'mon': 09:00-18:30, 'tue': 09:00-18:30, 'wed': 09:00-18:30, 'thu': 09:00-18:30, 'fri': 09:00-18:30, 'sat': 09:00-18:30, 'sun': выходной",55.890630,37.411167,"4,6",['8 (800) 555-55-50Показать телефон'],"['http://ok.ru/sberbank', 'https://vk.com/sberbank']",77,82,81,62,35,,,,,83
8,1252924993,СберБанк,"Московская ул., 32, Химки",www.sberbank.ru,"'mon': 09:00-19:00, 'tue': 09:00-19:00, 'wed': 09:00-19:00, 'thu': 09:00-19:00, 'fri': 09:00-19:00, 'sat': 09:00-19:00, 'sun': выходной",55.888792,37.443913,"4,5",['8 (800) 555-55-50Показать телефон'],"['http://ok.ru/sberbank', 'https://vk.com/sberbank']",84,86,88,62,62,44,84,,,
9,1245666277,СберБанк,"Юбилейный просп., 6А, Химки",www.sberbank.ru,"'mon': 09:00-19:00, 'tue': 09:00-19:00, 'wed': 09:00-19:00, 'thu': 09:00-19:00, 'fri': 09:00-19:00, 'sat': 09:00-19:00, 'sun': выходной",55.888862,37.428305,"4,5",['8 (800) 555-55-50Показать телефон'],"['http://ok.ru/sberbank', 'https://vk.com/sberbank']",73,69,73,68,44,25,87,,,82
10,1085602706,СберБанк,"просп. Пацаева, 14, Долгопрудный",www.sberbank.ru,"'mon': 09:00-19:00, 'tue': 09:00-19:00, 'wed': 09:00-19:00, 'thu': 09:00-19:00, 'fri': 09:00-19:00, 'sat': 09:00-19:00, 'sun': выходной",55.948881,37.496063,"4,6",['8 (800) 555-55-50Показать телефон'],"['http://ok.ru/sberbank', 'https://vk.com/sberbank']",74,74,77,59,45,,94,,33,20
11,1198072572,СберБанк,"Юбилейный просп., 60, Химки",www.sberbank.ru,"'mon': 09:30-18:30, 'tue': 09:30-18:30, 'wed': 09:30-18:30, 'thu': 09:30-18:30, 'fri': 09:30-18:30, 'sat': 09:30-18:30, 'sun': выходной",55.889118,37.414025,"4,4",['8 (800) 555-55-50Показать телефон'],"['http://ok.ru/sberbank', 'https://vk.com/sberbank']",58,63,65,36,23,0,,,,82
12,100505068395,СберБанк,"Шереметьевское ш., вл37, Химки",www.sberbank.ru,"'mon': 09:30-18:30, 'tue': 09:30-18:30, 'wed': 09:30-18:30, 'thu': 09:30-18:30, 'fri': 09:30-18:30, 'sat': 09:30-18:30, 'sun': выходной",55.981354,37.414482,"4,4",['8 (800) 555-55-50Показать телефон'],"['http://ok.ru/sberbank', 'https://vk.com/sberbank']",72,67,75,79,,,,,,
13,1107936525,СберБанк,"Савёлкинский пр., 6, Зеленоград",www.sberbank.ru,"'mon': 09:00-19:00, 'tue': 09:00-19:00, 'wed': 09:00-19:00, 'thu': 09:00-19:00, 'fri': 09:00-19:00, 'sat': 09:00-19:00, 'sun': 10:00-16:00",55.990997,37.218299,"4,9",['8 (800) 555-55-50Показать телефон'],"['https://ok.ru/sber/', 'https://vk.com/sberbank']",81,80,84,76,70,59,80,88,68,
14,232863277765,СберБанк,"Пятницкое ш., 39, Москва",www.sberbank.ru,"'mon': 10:00-20:00, 'tue': 10:00-20:00, 'wed': 10:00-20:00, 'thu': 10:00-20:00, 'fri': 10:00-20:00, 'sat': 10:00-20:00, 'sun': 10:00-16:00",55.855218,37.355656,"4,6",['8 (800) 555-55-50Показать телефон'],"['http://ok.ru/sberbank', 'https://vk.com/sberbank']",76,75,77,66,69,90,85,,,
15,92487320090,СберБанк,"Совхозная ул., 11, Химки",www.sberbank.ru,"'mon': 09:30-18:30, 'tue': 09:30-18:30, 'wed': 09:30-18:30, 'thu': 09:30-18:30, 'fri': 09:30-18:30, 'sat': 09:30-18:30, 'sun': выходной",55.898007,37.477787,"4,3",['8 (800) 555-55-50Показать телефон'],"['http://ok.ru/sberbank', 'https://vk.com/sberbank']",62,65,66,40,66,24,73,,,
16,1042248539,СберБанк,"Новый бул., 3, Долгопрудный",www.sberbank.ru,"'mon': 09:30-19:30, 'tue': 09:30-19:30, 'wed': 09:30-19:30, 'thu': 09:30-19:30, 'fri': 09:30-19:30, 'sat': 09:30-19:30, 'sun': выходной",55.937847,37.508780,"4,7",['8 (800) 555-55-50Показать телефон'],"['http://ok.ru/sberbank', 'https://vk.com/sberbank']",77,78,81,56,47,40,95,,,
17,1059775730,СберБанк,"Первомайская ул., 40, Долгопрудный",www.sberbank.ru,"'mon': 09:30-18:30, 'tue': 09:30-18:30, 'wed': 09:30-18:30, 'thu': 09:30-18:30, 'fri': 09:30-18:30, 'sat': 09:30-18:30, 'sun': выходной",55.933839,37.520399,"4,7",['8 (800) 555-55-50Показать телефон'],"['https://ok.ru/sberbank', 'https://vk.com/sberbank']",76,76,82,63,60,67,84,55,,
18,1258255973,СберБанк,"ул. Катюшки, 53Б, Лобня",www.sberbank.ru,"'mon': 09:00-19:00, 'tue': 09:00-19:00, 'wed': 09:00-19:00, 'thu': 09:00-19:00, 'fri': 09:00-19:00, 'sat': 09:00-19:00, 'sun': выходной",56.006602,37.443636,"4,8",['8 (800) 555-55-50Показать телефон'],"['http://ok.ru/sberbank', 'https://vk.com/sberbank']",85,84,87,71,55,50,86,,,
19,169702077535,СберБанк,"Планерная ул., 12, корп. 1, Москва",www.sberbank.ru,"'mon': 09:00-20:00, 'tue': 09:00-20:00, 'wed': 09:00-20:00, 'thu': 09:00-20:00, 'fri': 09:00-20:00, 'sat': 09:00-20:00, 'sun': выходной",55.861202,37.436821,"4,6",['8 (800) 555-55-50Показать телефон'],"['https://ok.ru/sber/', 'https://t.me/sberbank', 'https://vk.com/sberbank']",76,78,76,67,93,,94,,,
20,1019587550,СберБанк,"ул. Маршала Федоренко, 7, Москва",www.sberbank.ru,"'mon': выходной, 'tue': выходной, 'wed': выходной, 'thu': выходной, 'fri': выходной, 'sat': выходной, 'sun': выходной",55.880339,37.489860,"4,5",['8 (800) 555-55-50Показать телефон'],"['http://ok.ru/sberbank', 'https://t.me/sberbank', 'https://vk.com/sberbank']",82,85,87,67,53,22,100,,,
21,1000217841,СберБанк,"Дмитровское ш., 98, Москва",www.sberbank.ru,"'mon': 09:00-20:00, 'tue': 09:00-20:00, 'wed': 09:00-20:00, 'thu': 09:00-20:00, 'fri': 09:00-20:00, 'sat': 09:00-20:30, 'sun': 09:30-16:30",55.879387,37.546919,"4,7",['8 (800) 555-55-50Показать телефон'],"['http://ok.ru/sberbank', 'https://vk.com/sberbank']",86,81,84,83,86,78,87,,,60
22,1023265133,СберБанк,"Ленинградское ш., 112/1, Москва",www.sberbank.ru,"'mon': 09:00-19:30, 'tue': 09:00-19:30, 'wed': 09:00-19:30, 'thu': 09:00-19:30, 'fri': 09:00-19:30, 'sat': 09:00-19:30, 'sun': выходной",55.863839,37.465266,"4,3",['8 (800) 555-55-50Показать телефон'],"['https://ok.ru/sber/', 'https://vk.com/sberbank']",83,82,85,76,70,73,97,,,
23,1123504799,СберБанк,"9-я Северная линия, 1, корп. 1, Москва",www.sberbank.ru,"'mon': 09:00-20:00, 'tue': 09:00-20:00, 'wed': 09:00-20:00, 'thu': 09:00-20:00, 'fri': 09:00-20:00, 'sat': 09:00-20:00, 'sun': выходной",55.934851,37.554367,"4,5",['8 (800) 555-55-50Показать телефон'],"['http://ok.ru/sberbank', 'https://vk.com/sberbank']",74,73,81,44,39,86,85,,,50
