,ID,name,address,website,opening_hours,lat,lon,rating,phone,social,Обслуживание,Отношение к клиентам,Персонал,Время ожидания,График работы,Банкомат,Расположение,Ипотека,Кредит
0,1031233215,СберБанк,"ул. 8 Марта, 32, Иваново",www.sberbank.ru,"'mon': 10:00-21:00, 'tue': 10:00-21:00, 'wed': 10:00-21:00, 'thu': 10:00-21:00, 'fri': 10:00-21:00, 'sat': 10:00-21:00, 'sun': 10:00-21:00",57.005796,40.985137,"4,6",['8 (800) 555-55-50Показать телефон'],"['http://ok.ru/sberbank', 'http://vk.com/sberbank', 'https://t.me/sberbank']",75,74,77,57,94,61,93,,
1,65188014159,СберБанк,"Шереметевский просп., 83, Иваново",www.sberbank.ru,"'mon': 09:00-18:30, 'tue': 09:00-18:30, 'wed': 09:00-18:30, 'thu': 09:00-18:30, 'fri': 09:00-18:30, 'sat': 09:00-18:30, 'sun': выходной",57.006395,40.989348,"4,5",['8 (800) 555-55-50Показать телефон'],"['https://ok.ru/sberbank', 'https://vk.com/sberbank']",79,80,82,77,,,83,70,73
2,1083636880,СберБанк,"просп. Ленина, 116, Иваново",www.sberbank.ru,"'mon': 09:00-18:00, 'tue': 09:00-18:00, 'wed': 09:00-18:00, 'thu': 09:00-18:00, 'fri': 09:00-18:00, 'sat': 09:00-18:00, 'sun': выходной",57.020648,40.969240,"4,6",['8 (800) 555-55-50Показать телефон'],"['http://ok.ru/sberbank', 'https://t.me/sberbank', 'https://vk.com/sberbank']",84,80,81,73,,80,,,
3,1118139117,СберБанк,"ул. Бубнова, 47, Иваново",www.sberbank.ru,"'mon': 09:00-18:00, 'tue': 09:00-18:00, 'wed': 09:00-18:00, 'thu': 09:00-18:00, 'fri': 09:00-18:00, 'sat': 09:00-18:00, 'sun': выходной",56.995101,40.992258,"4,7",['8 (800) 555-55-50Показать телефон'],"['http://ok.ru/sberbank', 'https://vk.com/sberbank']",75,77,79,70,90,81,100,,
4,1013579197,СберБанк,"просп. Ленина, 62А, Иваново",www.sberbank.ru,"'mon': 09:00-18:00, 'tue': 09:00-18:00, 'wed': 09:00-18:00, 'thu': 09:00-18:00, 'fri': 09:00-18:00, 'sat': 09:00-18:00, 'sun': выходной",57.008066,40.973131,"4,3",['8 (800) 555-55-50Показать телефон'],"['https://ok.ru/sberbank', 'https://vk.com/sberbank']",74,71,73,63,,38,77,,
5,1087470587,СберБанк,"ул. Свободы, 52, Иваново",www.sberbank.ru,"'mon': 09:00-18:00, 'tue': 09:00-18:00, 'wed': 09:00-18:00, 'thu': 09:00-18:00, 'fri': 09:00-18:00, 'sat': 09:00-18:30, 'sun': выходной",57.017056,41.010795,"4,5",['8 (800) 555-55-50Показать телефон'],"['http://ok.ru/sberbank', 'https://t.me/sberbank', 'https://vk.com/sberbank']",85,86,84,63,,92,,,
6,1059529985,СберБанк,"ул. Пушкина, 9, Иваново",www.sberbank.ru,"'mon': 09:00-18:00, 'tue': 09:00-18:00, 'wed': 09:00-18:00, 'thu': 09:00-18:00, 'fri': 09:00-18:00, 'sat': 09:00-18:00, 'sun': выходной",56.999782,40.983672,"4,5",['8 (800) 555-55-50Показать телефон'],"['http://ok.ru/sberbank', 'https://t.me/sberbank', 'https://vk.com/sberbank']",100,95,100,100,,,,,
7,1210632533,СберБанк,"ул. Богдана Хмельницкого, 3, Иваново",www.sberbank.ru,"'mon': 09:00-18:00, 'tue': 09:00-18:00, 'wed': 09:00-18:00, 'thu': 09:00-18:00, 'fri': 09:00-18:00, 'sat': 09:00-18:00, 'sun': выходной",56.991318,40.973762,"4,4",['8 (800) 555-55-50Показать телефон'],"['https://ok.ru/sberbank', 'https://vk.com/sberbank']",72,81,76,46,,27,,,
8,1105177209,СберБанк,"ул. Кузнецова, 28, Иваново",www.sberbank.ru,"'mon': 09:00-18:00, 'tue': 09:00-18:00, 'wed': 09:00-18:00, 'thu': 09:00-18:00, 'fri': 09:00-18:00, 'sat': 09:30-13:30, 'sun': выходной",56.999513,40.964640,"4,4",['8 (800) 555-55-50Показать телефон'],"['http://ok.ru/sberbank', 'https://vk.com/sberbank']",76,82,79,58,,42,,,
9,1068045174,СберБанк,"ул. Парижской Коммуны, 24, Иваново",www.sberbank.ru,"'mon': 09:00-18:00, 'tue': 09:00-18:00, 'wed': 09:00-18:00, 'thu': 09:00-18:00, 'fri': 09:00-18:00, 'sat': 09:00-18:00, 'sun': выходной",56.998853,40.948880,"4,4",['8 (800) 555-55-50Показать телефон'],"['https://ok.ru/sberbank', 'https://t.me/sberbank', 'https://vk.com/sberbank']",82,85,82,55,,30,60,,
10,1030051381,СберБанк,"Лежневская ул., 157, Иваново",www.sberbank.ru,"'mon': 08:30-19:00, 'tue': 08:30-19:00, 'wed': 08:30-19:00, 'thu': 08:30-19:00, 'fri': 08:30-19:00, 'sat': 08:30-19:00, 'sun': выходной",56.972301,40.974532,"4,5",['8 (800) 555-55-50Показать телефон'],"['http://ok.ru/sberbank', 'https://vk.com/sberbank']",63,60,69,43,73,85,100,,
11,1071012886,СберБанк,"площадь Меланжистов, 5, Иваново",www.sberbank.ru,"'mon': 09:00-18:00, 'tue': 09:00-18:00, 'wed': 09:00-18:00, 'thu': 09:00-18:00, 'fri': 09:00-18:00, 'sat': 09:00-18:00, 'sun': выходной",56.986609,41.027900,"4,7",['8 (800) 555-55-50Показать телефон'],"['http://ok.ru/sberbank', 'https://t.me/s/sberbank', 'https://vk.com/sberbank', 'https://www.youtube.com/channel/UC1ZKyde6xeiK47dPqUWwZYw']",88,88,89,63,,65,92,,
12,1097171815,СберБанк,"просп. Текстильщиков, 10/16, Иваново",www.sberbank.ru,"'mon': 08:00-19:00, 'tue': 08:00-19:00, 'wed': 08:00-19:00, 'thu': 08:00-19:00, 'fri': 08:00-19:00, 'sat': 08:00-19:00, 'sun': выходной",56.960189,41.007966,"4,7",['8 (800) 555-55-50Показать телефон'],"['https://ok.ru/sberbank', 'https://t.me/s/sberbank', 'https://vk.com/sberbank', 'https://www.youtube.com/channel/UCC1AHvtI8Z7w7y7DGCMdZpg']",79,79,83,69,,67,100,79,52
13,1055692612,СберБанк,"ул. Богдана Хмельницкого, 73, Иваново",www.sberbank.ru,"'mon': 09:00-18:00, 'tue': 09:00-18:00, 'wed': 09:00-18:00, 'thu': 09:00-18:00, 'fri': 09:00-18:00, 'sat': 09:00-18:00, 'sun': выходной",56.983365,40.959650,"4,6",['8 (800) 555-55-50Показать телефон'],"['http://ok.ru/sberbank', 'https://vk.com/sberbank']",75,79,71,51,,47,,,
14,1716101379,СберБанк,"Революционная ул., 16, Иваново",www.sberbank.ru,"'mon': 09:00-18:00, 'tue': 09:00-18:00, 'wed': 09:00-18:00, 'thu': 09:00-18:00, 'fri': 09:00-18:00, 'sat': 09:00-18:00, 'sun': выходной",57.031470,40.921989,"4,5",['8 (800) 555-55-50Показать телефон'],"['http://ok.ru/sberbank', 'https://vk.com/sberbank', 'https://www.youtube.com/channel/UC1ZKyde6xeiK47dPqUWwZYw']",75,76,76,66,,45,,,
15,1095243879,СберБанк,"Кохомское ш., 4А, Иваново",www.sberbank.ru,"'mon': 09:06-18:30, 'tue': 09:00-18:30, 'wed': 09:00-18:30, 'thu': 09:00-18:30, 'fri': 09:00-18:30, 'sat': 09:00-13:00, 'sun': выходной",56.949260,41.051527,"4,7",['8 (800) 555-55-50Показать телефон'],"['http://ok.ru/sberbank', 'https://t.me/sberbank', 'https://vk.com/sberbank']",84,82,82,72,,68,90,,
16,108862040949,СберБанк,"Ивановская ул., 65, Кохма",www.sberbank.ru,"'mon': 09:00-18:00, 'tue': 09:00-18:00, 'wed': 09:00-18:00, 'thu': 09:00-18:00, 'fri': 09:00-18:00, 'sat': 09:00-18:00, 'sun': выходной",56.940457,41.059935,"4,5",['8 (800) 555-55-50Показать телефон'],"['http://ok.ru/sberbank', 'https://vk.com/sberbank']",49,45,50,32,,,,,
17,1059181506,СберБанк,"Радужная ул., 1В, село Ново-Талицы",www.sberbank.ru,"'mon': выходной, 'tue': выходной, 'wed': выходной, 'thu': выходной, 'fri': выходной, 'sat': выходной, 'sun': выходной",57.006348,40.863931,"4,3",['8 (800) 555-55-50Показать телефон'],"['http://ok.ru/sberbank', 'https://vk.com/sberbank']",100,100,100,,,,,,
