,ID,name,address,website,opening_hours,lat,lon,rating,phone,social,Обслуживание,Отношение к клиентам,Персонал,Время ожидания,Банкомат,Расположение,График работы
0,216503117552,СберБанк,"ул. Ленина, 101, Кострома",www.sberbank.ru,"'mon': 08:30-18:30, 'tue': 08:30-18:30, 'wed': 08:30-18:30, 'thu': 08:30-18:30, 'fri': 08:30-18:30, 'sat': 08:30-18:30, 'sun': выходной",57.784002,40.939181,"4,5",['8 (800) 555-55-50Показать телефон'],"['http://ok.ru/sberbank', 'https://vk.com/sberbank']",83,83,84,67,,,
1,1090368507,СберБанк,"просп. Мира, 95/25, Кострома",www.sberbank.ru,"'mon': 08:30-18:30, 'tue': 08:30-18:30, 'wed': 08:30-18:30, 'thu': 08:30-18:30, 'fri': 08:30-18:30, 'sat': 08:30-18:30, 'sun': выходной",57.778151,40.948211,"4,6",['8 (800) 555-55-50Показать телефон'],"['https://ok.ru/sberbank', 'https://vk.com/sberbank']",82,80,80,73,83,100,
2,1078336812,СберБанк,"ул. Свердлова, 2, Кострома",www.sberbank.ru,"'mon': 08:30-18:00, 'tue': 08:30-18:00, 'wed': 08:30-18:00, 'thu': 08:30-18:00, 'fri': 08:30-18:00, 'sat': 08:30-18:00, 'sun': выходной",57.767283,40.929143,"4,4",['8 (800) 555-55-50Показать телефон'],"['https://ok.ru/sberbank', 'https://vk.com/sberbank']",95,94,100,60,59,100,
3,1113308010,СберБанк,"ул. Ивана Сусанина, 27, Кострома",www.sberbank.ru,"'mon': 09:00-18:00, 'tue': 09:00-18:00, 'wed': 09:00-18:00, 'thu': 09:00-18:00, 'fri': 09:00-18:00, 'sat': 09:00-18:00, 'sun': выходной",57.768909,40.951686,"4,4",['8 (800) 555-55-50Показать телефон'],"['http://ok.ru/sberbank', 'https://vk.com/sberbank']",84,80,87,68,40,75,92
4,1097498693,СберБанк,"Никитская ул., 33, Кострома",www.sberbank.ru,"'mon': 09:00-18:00, 'tue': 09:00-18:00, 'wed': 09:00-18:00, 'thu': 09:00-18:00, 'fri': 09:00-18:00, 'sat': 09:00-18:00, 'sun': выходной",57.763953,40.957633,"4,5",['8 (800) 555-55-50Показать телефон'],"['http://ok.ru/sberbank', 'https://vk.com/sberbank']",67,66,70,51,82,100,
5,180641965025,СберБанк,"ул. Подлипаева, 3, Кострома",www.sberbank.ru,"'mon': 09:35-18:00, 'tue': 09:00-18:00, 'wed': 09:00-18:00, 'thu': 09:00-18:00, 'fri': 09:00-18:00, 'sat': 09:00-18:00, 'sun': выходной",57.760078,40.951239,"4,4",['8 (800) 555-55-50Показать телефон'],"['http://ok.ru/sberbank', 'https://vk.com/sberbank']",77,74,77,74,70,,
6,1006693993,СберБанк,"ул. Ленина, 155, Кострома",www.sberbank.ru,"'mon': 09:00-18:30, 'tue': 09:00-18:30, 'wed': 09:00-18:30, 'thu': 09:00-18:30, 'fri': 09:00-18:30, 'sat': 09:00-18:30, 'sun': выходной",57.790857,40.944636,"4,4",['8 (800) 555-55-50Показать телефон'],"['http://ok.ru/sberbank', 'https://vk.com/sberbank']",80,83,84,40,40,,10
7,1066672328,СберБанк,"ул. Стопани, 42, Кострома",www.sberbank.ru,"'mon': 08:30-18:00, 'tue': 08:30-18:00, 'wed': 08:30-18:00, 'thu': 08:30-18:00, 'fri': 08:30-18:00, 'sat': 08:30-18:00, 'sun': выходной",57.746577,40.915893,"4,6",['8 (800) 555-55-50Показать телефон'],"['http://ok.ru/sberbank', 'https://vk.com/sberbank']",90,89,91,66,86,91,
8,1093241204,СберБанк,"Магистральная ул., 51, Кострома",www.sberbank.ru,"'mon': 09:00-18:30, 'tue': 09:00-18:30, 'wed': 09:00-18:30, 'thu': 09:00-18:30, 'fri': 09:00-18:30, 'sat': 09:00-18:30, 'sun': выходной",57.735059,40.910392,"4,6",['8 (800) 555-55-50Показать телефон'],"['http://ok.ru/sberbank', 'https://vk.com/sberbank']",86,86,88,68,73,89,
9,1047958370,СберБанк,"ул. Титова, 13, Кострома",www.sberbank.ru,"'mon': 09:00-18:00, 'tue': 09:00-18:00, 'wed': 09:00-18:00, 'thu': 09:00-18:00, 'fri': 09:00-18:00, 'sat': 09:00-18:00, 'sun': выходной",57.755020,40.972911,"4,6",['8 (800) 555-55-50Показать телефон'],"['http://ok.ru/sberbank', 'https://vk.com/sberbank']",90,84,92,84,,90,
10,80050804334,СберБанк,"ул. Сутырина, 10А, Кострома",www.sberbank.ru,"'mon': 09:00-18:00, 'tue': 09:00-18:00, 'wed': 09:00-18:00, 'thu': 09:00-18:00, 'fri': 09:00-18:00, 'sat': 09:00-18:00, 'sun': выходной",57.744589,40.991197,"4,5",['8 (800) 555-55-50Показать телефон'],"['http://ok.ru/sberbank', 'https://vk.com/sberbank']",89,91,96,50,,100,
11,1065067116,СберБанк,"28, микрорайон Давыдовский-3, Кострома",www.sberbank.ru,"'mon': 09:00-18:00, 'tue': 09:00-18:00, 'wed': 09:00-18:00, 'thu': 09:00-18:00, 'fri': 09:00-18:00, 'sat': 09:00-18:00, 'sun': выходной",57.742089,41.006055,"4,4",['8 (800) 555-55-50Показать телефон'],"['http://ok.ru/sberbank', 'https://vk.com/sberbank']",76,73,80,67,,,
12,1079781507,СберБанк,"73, микрорайон Давыдовский-2, Кострома",www.sberbank.ru,"'mon': 09:00-18:00, 'tue': 09:00-18:00, 'wed': 09:00-18:00, 'thu': 09:00-18:00, 'fri': 09:00-18:00, 'sat': 09:00-18:00, 'sun': выходной",57.735525,41.013815,"4,6",['8 (800) 555-55-50Показать телефон'],"['http://ok.ru/sberbank', 'https://vk.com/sberbank']",75,74,80,56,,100,
13,1087319930,СберБанк,"ул. Штеймана, 54, посёлок Караваево",www.sberbank.ru,"'mon': выходной, 'tue': 08:30-12:00,13:00-17:00, 'wed': 08:30-12:00,13:00-17:00, 'thu': 08:30-12:00,13:00-17:00, 'fri': 08:30-12:00,13:00-17:00, 'sat': 08:30-12:00,13:00-17:00, 'sun': выходной",57.735948,41.066959,"4,7",['8 (800) 555-55-50Показать телефон'],"['http://ok.ru/sberbank', 'https://vk.com/sberbank']",,,,,,,
14,1094782986,СберБанк,"ул. Куколевского, 26, село Минское",www.sberbank.ru,"'mon': выходной, 'tue': выходной, 'wed': выходной, 'thu': выходной, 'fri': выходной, 'sat': выходной, 'sun': выходной",57.690810,41.023642,"4,0",['8 (800) 555-55-50Показать телефон'],"['http://ok.ru/sberbank', 'https://vk.com/sberbank']",,,,,,,
15,1027207319,СберБанк,"Зелёная ул., 6, посёлок Никольское",www.sberbank.ru,"'mon': 09:00-13:00,14:00-16:40, 'tue': 09:00-13:00,14:00-16:40, 'wed': 09:00-13:00,14:00-16:40, 'thu': 09:00-13:00,14:00-16:40, 'fri': 09:00-13:00,14:00-16:40, 'sat': 09:00-15:30, 'sun': выходной",57.805313,41.109594,"3,4",['8 (800) 555-55-50Показать телефон'],"['http://ok.ru/sberbank', 'https://vk.com/sberbank']",,,,,,,
