,ID,name,address,website,opening_hours,lat,lon,rating,phone,social,Обслуживание,Отношение к клиентам,Персонал,Время ожидания,Банкомат
0,1061626564,СберБанк,"ул. Ленина, 33, Сальск",www.sberbank.ru,"'mon': 09:00-18:00, 'tue': 09:00-18:00, 'wed': 09:00-18:00, 'thu': 09:00-18:00, 'fri': 09:00-18:00, 'sat': 09:00-18:00, 'sun': выходной",46.476373,41.539664,"4,5",['8 (800) 555-55-50Показать телефон'],"['http://ok.ru/sberbank', 'https://vk.com/sberbank']",76,74,80,69,75
1,1081731396,СберБанк,"ул. Ленина, 104, Сальск",www.sberbank.ru,"'mon': 08:00-17:00, 'tue': 08:00-17:00, 'wed': 08:00-17:00, 'thu': 08:00-17:00, 'fri': 08:00-17:00, 'sat': 08:00-17:00, 'sun': выходной",46.482715,41.537015,"4,6",['8 (800) 555-55-50Показать телефон'],"['http://ok.ru/sberbank', 'https://vk.com/sberbank']",86,83,85,60,
2,1056770534,СберБанк,"ул. Кирова, 5, Сальск",www.sberbank.ru,"'mon': 08:15-13:00,14:00-17:15, 'tue': 08:15-13:00,14:00-17:15, 'wed': 08:15-13:00,14:00-17:15, 'thu': 08:15-13:00,14:00-17:15, 'fri': 08:15-13:00,14:00-17:15, 'sat': 08:15-13:00,14:00-17:15, 'sun': выходной",46.476062,41.543441,"4,1",['8 (800) 555-55-50Показать телефон'],"['http://ok.ru/sberbank', 'https://vk.com/sberbank']",,,,,
3,1193502885,СберБанк,"ул. Ленина, 7, посёлок Конезавод имени Будённого",www.sberbank.ru,"'mon': 08:00-13:20, 'tue': выходной, 'wed': выходной, 'thu': выходной, 'fri': выходной, 'sat': выходной, 'sun': выходной",46.547932,41.582193,"4,4",['8 (800) 555-55-50Показать телефон'],"['http://ok.ru/sberbank', 'https://vk.com/sberbank']",,,,,
