,ID,name,address,website,opening_hours,lat,lon,rating,phone,social,Обслуживание,Персонал,Отношение к клиентам,Время ожидания
0,1120474325,СберБанк,"Октябрьская ул., 137, корп. 1, Темрюк",www.sberbank.ru,"'mon': 08:30-17:30, 'tue': 08:30-17:30, 'wed': 08:30-17:30, 'thu': 08:30-17:30, 'fri': 08:30-17:30, 'sat': 08:30-17:30, 'sun': выходной",45.272111,37.377897,"4,6",['8 (800) 555-55-50Показать телефон'],"['http://ok.ru/sberbank', 'https://vk.com/sberbank']",71,74,70,59
1,1062142314,СберБанк,"Таманская ул., 58, Темрюк",www.sberbank.ru,"'mon': 08:30-17:30, 'tue': 08:30-17:30, 'wed': 08:30-17:30, 'thu': 08:30-17:30, 'fri': 08:30-17:30, 'sat': 08:30-17:30, 'sun': выходной",45.275735,37.376386,"4,6",['8 (800) 555-55-50Показать телефон'],"['http://ok.ru/sberbank', 'https://vk.com/sberbank']",82,82,82,78
2,1219038036,СберБанк,"Таманская ул., 16, Темрюк",www.sberbank.ru,"'mon': выходной, 'tue': 08:00-17:15, 'wed': 08:00-17:15, 'thu': 08:00-17:15, 'fri': 08:00-17:15, 'sat': 08:00-17:15, 'sun': выходной",45.279759,37.370401,"4,3",['8 (800) 555-55-50Показать телефон'],"['http://ok.ru/sberbank', 'https://vk.com/sberbank']",80,77,76,76
3,1105076353,СберБанк,"Красная ул., 141, станица Голубицкая",www.sberbank.ru,"'mon': выходной, 'tue': выходной, 'wed': выходной, 'thu': выходной, 'fri': выходной, 'sat': выходной, 'sun': выходной",45.320139,37.276401,"3,8",['8 (800) 555-55-50Показать телефон'],"['http://ok.ru/sberbank', 'https://vk.com/sberbank']",,,,
4,1099992569,СберБанк,"Красная ул., 122, станица Курчанская",www.sberbank.ru,"'mon': выходной, 'tue': выходной, 'wed': выходной, 'thu': выходной, 'fri': выходной, 'sat': выходной, 'sun': выходной",45.224513,37.571704,"1,6",['8 (800) 555-55-50Показать телефон'],"['http://ok.ru/sberbank', 'https://vk.com/sberbank']",,,,
5,1053630804,СберБанк,"ул. Ленина, 2Г, посёлок Стрелка",www.sberbank.ru,"'mon': выходной, 'tue': выходной, 'wed': выходной, 'thu': выходной, 'fri': выходной, 'sat': выходной, 'sun': выходной",45.211587,37.286265,"3,6",['8 (800) 555-55-50Показать телефон'],"['http://ok.ru/sberbank', 'https://vk.com/sberbank']",,,,
6,1268114798,СберБанк,"Октябрьская ул., 40, село Джигинка",www.sberbank.ru,"'mon': выходной, 'tue': 08:00-12:00,13:00-16:00, 'wed': 08:00-12:00,13:00-16:00, 'thu': 08:00-12:00,13:00-16:00, 'fri': 08:00-12:00,13:00-16:00, 'sat': 08:00-12:00,13:00-16:00, 'sun': выходной",45.129107,37.334270,"4,1",['8 (800) 555-55-50Показать телефон'],"['http://ok.ru/sberbank', 'https://vk.com/sberbank']",,,,
