,ID,name,address,website,opening_hours,lat,lon,rating,phone,social,Обслуживание,Отношение к клиентам,Персонал,Время ожидания,Банкомат
0,1576732849,СберБанк,"Большая Советская ул., 41, Кингисепп",www.sberbank.ru,"'mon': 09:30-18:30, 'tue': 09:30-18:30, 'wed': 09:30-18:30, 'thu': 09:30-18:30, 'fri': 09:30-18:30, 'sat': 09:30-18:30, 'sun': выходной",59.381001,28.612359,"4,4",['8 (800) 555-55-50Показать телефон'],"['http://ok.ru/sberbank', 'https://vk.com/sberbank']",71,75,78,40,80
1,1002114088,СберБанк,"Октябрьская ул., 9, Кингисепп",www.sberbank.ru,"'mon': 09:30-19:00, 'tue': 09:30-19:00, 'wed': 09:30-19:00, 'thu': выходной, 'fri': выходной, 'sat': 09:30-19:00, 'sun': 09:30-19:00",59.376567,28.607146,"4,4",['8 (800) 555-55-50Показать телефон'],"['https://ok.ru/sberbank', 'https://vk.com/sberbank']",80,80,81,58,
2,81487545588,СберБанк,"ул. Воровского, 38, Кингисепп",www.sberbank.ru,"'mon': 09:00-18:00, 'tue': 09:00-18:00, 'wed': 09:00-18:00, 'thu': 09:00-18:00, 'fri': 09:00-18:00, 'sat': 09:00-18:30, 'sun': выходной",59.378790,28.618140,"4,3",['8 (800) 555-55-50Показать телефон'],"['http://ok.ru/sberbank', 'https://vk.com/sberbank']",75,73,79,,
3,123024895171,СберБанк,"21, посёлок Кингисеппский",www.sberbank.ru,"'mon': выходной, 'tue': 09:30-13:00,14:00-17:45, 'wed': 09:30-13:00,14:00-17:45, 'thu': выходной, 'fri': выходной, 'sat': 09:30-13:00,14:00-17:45, 'sun': выходной",59.400992,28.571250,"3,9",['8 (800) 555-55-50Показать телефон'],"['http://ok.ru/sberbank', 'https://vk.com/sberbank']",,,,,
