,ID,name,address,website,opening_hours,lat,lon,rating,phone,social,Обслуживание,Персонал,Отношение к клиентам,Время ожидания,Банкомат,Расположение,График работы,Ремонт,Ипотека,Кредит
0,1218094837,СберБанк,"Гагринская ул., 3, Ростов-на-Дону",www.sberbank.ru,"'mon': 08:30-18:30, 'tue': 08:30-18:30, 'wed': 08:30-18:30, 'thu': 08:30-18:30, 'fri': 08:30-18:30, 'sat': 08:30-16:00, 'sun': выходной",47.261508,39.653276,"4,8",['8 (800) 555-55-50Показать телефон'],"['http://ok.ru/sberbank', 'https://vk.com/sberbank']",84,86,83,73,81,94,,,,
1,1104749549,СберБанк,"ул. Доватора, 267, Ростов-на-Дону",www.sberbank.ru,"'mon': выходной, 'tue': 09:00-18:30, 'wed': 09:00-18:30, 'thu': 09:00-18:30, 'fri': 09:00-18:30, 'sat': 09:00-18:30, 'sun': выходной",47.236502,39.597329,"4,5",['8 (800) 555-55-50Показать телефон'],"['http://ok.ru/sberbank', 'https://vk.com/sberbank']",72,73,74,57,66,93,67,,,
2,1127942040,СберБанк,"ул. Зорге, 37, Ростов-на-Дону",www.sberbank.ru,"'mon': 08:30-18:30, 'tue': 08:30-18:30, 'wed': 08:30-18:30, 'thu': 08:30-18:30, 'fri': 08:30-18:30, 'sat': 08:30-18:30, 'sun': выходной",47.230418,39.628803,"4,7",['8 (800) 555-55-50Показать телефон'],"['http://ok.ru/sberbank', 'https://vk.com/sberbank']",77,78,75,64,73,94,50,77,,
3,1089260108,СберБанк,"Таганрогская ул., 135, Ростов-на-Дону",www.sberbank.ru,"'mon': 08:30-18:30, 'tue': 08:30-18:30, 'wed': 08:30-18:30, 'thu': 08:30-18:30, 'fri': 08:30-18:30, 'sat': 09:30-15:00, 'sun': выходной",47.263248,39.663797,"4,6",['8 (800) 555-55-50Показать телефон'],"['http://ok.ru/sberbank', 'https://vk.com/sberbank']",76,78,75,65,63,94,,,,
4,1085792484,СберБанк,"ул. Толмачёва, 127/44А, Ростов-на-Дону",www.sberbank.ru,"'mon': 09:00-19:00, 'tue': 09:00-19:00, 'wed': 09:00-19:00, 'thu': 09:00-19:00, 'fri': 09:00-19:00, 'sat': 09:00-19:00, 'sun': выходной",47.218748,39.633102,"4,7",['8 (800) 555-55-50Показать телефон'],"['http://ok.ru/sberbank', 'https://vk.com/sberbank']",78,77,76,65,79,86,80,,64,57
5,208523008760,СберБанк,"просп. Стачки, 228, Ростов-на-Дону",www.sberbank.ru,"'mon': 09:00-19:00, 'tue': 09:00-19:00, 'wed': 09:00-19:00, 'thu': 09:00-19:00, 'fri': 09:00-19:00, 'sat': 09:00-19:00, 'sun': выходной",47.212430,39.615460,"4,7",['8 (800) 555-55-50Показать телефон'],"['http://ok.ru/sberbank', 'https://vk.com/sberbank']",80,82,78,63,44,95,13,75,,
6,1159326785,СберБанк,"просп. Стачки, 30А, Ростов-на-Дону",www.sberbank.ru,"'mon': 08:30-18:30, 'tue': 08:30-18:30, 'wed': 08:30-18:30, 'thu': выходной, 'fri': 09:00-14:00, 'sat': 08:30-15:00, 'sun': выходной",47.211509,39.665399,"4,7",['8 (800) 555-55-50Показать телефон'],"['http://ok.ru/sberbank', 'https://vk.com/sberbank']",78,77,76,65,76,100,84,,,
7,1198939980,СберБанк,"ул. Малиновского, 25, Ростов-на-Дону",www.sberbank.ru,"'mon': 10:25-19:00, 'tue': 10:00-19:00, 'wed': 10:00-19:00, 'thu': 10:00-19:00, 'fri': 10:00-19:00, 'sat': 10:00-19:00, 'sun': выходной",47.229932,39.611223,"4,4",['8 (800) 555-55-50Показать телефон'],"['http://ok.ru/sberbank', 'https://vk.com/sberbank']",64,67,65,48,,90,,,,
8,227959543804,СберБанк,"Ворошиловский просп., 87/65, Ростов-на-Дону",www.sberbank.ru,"'mon': 09:00-18:30, 'tue': 09:00-18:30, 'wed': 09:00-18:30, 'thu': 09:00-18:30, 'fri': 09:00-18:30, 'sat': 09:00-18:30, 'sun': выходной",47.229079,39.714815,"4,7",['8 (800) 555-55-50Показать телефон'],"['http://ok.ru/sberbank', 'https://vk.com/sberbank']",79,82,78,68,69,95,,,64,46
9,1040538270,СберБанк,"Коммунистический просп., 27, микрорайон Западный, Ростов-на-Дону",www.sberbank.ru,"'mon': 08:30-18:30, 'tue': 08:30-18:30, 'wed': 08:30-18:30, 'thu': 08:30-18:30, 'fri': 08:30-18:30, 'sat': 08:30-18:30, 'sun': выходной",47.207456,39.631541,"4,5",['8 (800) 555-55-50Показать телефон'],"['http://ok.ru/sberbank', 'https://vk.com/sberbank']",71,74,69,46,83,91,73,,,
10,166373240123,СберБанк,"Ворошиловский просп., 65/102, Ростов-на-Дону",www.sberbank.ru,"'mon': 09:00-19:00, 'tue': 09:00-19:00, 'wed': 09:00-19:00, 'thu': 09:00-19:00, 'fri': 09:00-19:00, 'sat': 09:00-19:00, 'sun': 09:00-15:00",47.225310,39.717007,"4,6",['8 (800) 555-55-50Показать телефон'],"['http://ok.ru/sberbank', 'https://vk.com/sberbank']",66,66,62,65,75,94,58,95,,
11,1218767647,СберБанк,"ул. Евдокимова, 37, Ростов-на-Дону",www.sberbank.ru,"'mon': 09:00-18:00, 'tue': 09:00-18:00, 'wed': 09:00-18:00, 'thu': 09:00-18:00, 'fri': 09:00-18:00, 'sat': 09:00-18:00, 'sun': выходной",47.273776,39.712793,"4,8",['8 (800) 555-55-50Показать телефон'],"['http://ok.ru/sberbank', 'https://vk.com/sberbank']",81,83,79,69,30,29,5,,72,82
12,1113330412,СберБанк,"ул. Мечникова, 140, Ростов-на-Дону",www.sberbank.ru,"'mon': 09:00-18:30, 'tue': 09:00-18:30, 'wed': 09:00-18:30, 'thu': 09:00-18:30, 'fri': 09:00-18:30, 'sat': 09:00-18:30, 'sun': выходной",47.237027,39.704083,"4,6",['8 (800) 555-55-50Показать телефон'],"['http://ok.ru/sberbank', 'https://vk.com/sberbank']",81,83,80,67,50,100,,,,
13,1100022934,СберБанк,"Красноармейская ул., 122, Ростов-на-Дону",www.sberbank.ru,"'mon': 08:30-18:30, 'tue': 08:30-18:30, 'wed': 08:30-18:30, 'thu': 08:30-18:30, 'fri': 08:30-18:30, 'sat': 08:30-18:30, 'sun': выходной",47.226032,39.705410,"4,5",['8 (800) 555-55-50Показать телефон'],"['http://ok.ru/sberbank', 'https://vk.com/sberbank']",84,89,83,73,81,93,,,,
14,1039190815,СберБанк,"просп. Ленина, 99, Ростов-на-Дону",www.sberbank.ru,"'mon': 08:30-18:30, 'tue': 08:30-18:30, 'wed': 08:30-18:30, 'thu': 08:30-18:30, 'fri': 08:30-18:30, 'sat': 08:00-18:30, 'sun': выходной",47.249015,39.711093,"4,4",['8 (800) 555-55-50Показать телефон'],"['http://ok.ru/sberbank', 'https://vk.com/sberbank']",80,86,82,55,42,94,,,,
15,1029929331,СберБанк,"Будённовский просп., 85, Ростов-на-Дону",www.sberbank.ru,"'mon': 08:30-18:30, 'tue': 08:30-18:30, 'wed': 08:30-18:30, 'thu': 08:30-18:30, 'fri': 08:30-18:30, 'sat': 08:30-18:30, 'sun': выходной",47.230644,39.702626,"4,4",['8 (800) 555-55-50Показать телефон'],"['http://ok.ru/sberbank', 'https://vk.com/sberbank']",73,77,72,59,56,96,,,,
16,1010072093,СберБанк,"2-я Краснодарская ул., 135А, Ростов-на-Дону",www.sberbank.ru,"'mon': 09:00-18:00, 'tue': 09:00-18:00, 'wed': 09:00-18:00, 'thu': 09:00-18:00, 'fri': 09:00-18:00, 'sat': 09:00-18:00, 'sun': выходной",47.203251,39.633536,"4,6",['8 (800) 555-55-50Показать телефон'],"['http://ok.ru/sberbank', 'https://vk.com/sberbank']",75,78,73,63,69,88,50,,,
17,140694924437,СберБанк,"просп. Королёва, 9В, Ростов-на-Дону",www.sberbank.ru,"'mon': 09:00-18:30, 'tue': 09:00-18:30, 'wed': 09:00-18:30, 'thu': 09:00-18:30, 'fri': 09:00-18:30, 'sat': 09:00-18:30, 'sun': выходной",47.295477,39.704012,"4,6",['8 (800) 555-55-50Показать телефон'],"['http://ok.ru/sberbank', 'https://vk.com/sberbank']",74,82,75,60,73,100,,,,
18,1185179840,СберБанк,"просп. Космонавтов, 19, микрорайон Северный, Ростов-на-Дону",www.sberbank.ru,"'mon': 09:00-18:00, 'tue': 09:00-18:00, 'wed': 09:00-18:00, 'thu': 09:00-18:00, 'fri': 09:00-18:00, 'sat': 09:00-18:00, 'sun': выходной",47.287710,39.714418,"4,7",['8 (800) 555-55-50Показать телефон'],"['http://ok.ru/sberbank', 'https://vk.com/sberbank']",83,82,84,70,77,100,,,,
19,1006271079,СберБанк,"просп. Космонавтов, 32А, микрорайон Северный, Ростов-на-Дону",www.sberbank.ru,"'mon': 08:00-18:30, 'tue': 08:00-18:30, 'wed': 08:00-18:30, 'thu': 08:00-18:30, 'fri': 08:00-18:30, 'sat': 08:00-18:30, 'sun': выходной",47.296766,39.713547,"4,7",['8 (800) 555-55-50Показать телефон'],"['http://ok.ru/sberbank', 'https://vk.com/sberbank']",84,87,83,66,73,97,75,85,,
20,1043442459,СберБанк,"ул. Волкова, 9Б, микрорайон Северный, Ростов-на-Дону",www.sberbank.ru,"'mon': 08:00-18:30, 'tue': 08:00-18:30, 'wed': 08:00-18:30, 'thu': 08:00-18:30, 'fri': 08:00-18:30, 'sat': 08:00-18:30, 'sun': выходной",47.283475,39.713711,"4,7",['8 (800) 555-55-50Показать телефон'],"['http://ok.ru/sberbank', 'https://vk.com/sberbank']",80,86,78,69,79,100,75,100,,
21,1132609989,СберБанк,"просп. Михаила Нагибина, 35, Ростов-на-Дону",www.sberbank.ru,"'mon': 09:00-18:00, 'tue': 09:00-18:00, 'wed': 09:00-18:00, 'thu': 09:00-18:00, 'fri': 09:00-18:00, 'sat': 09:00-18:00, 'sun': выходной",47.259831,39.717331,"4,7",['8 (800) 555-55-50Показать телефон'],"['http://ok.ru/sberbank', 'https://vk.com/sberbank']",81,84,80,67,52,97,54,57,,
22,1080538719,СберБанк,"просп. Стачки, 25, Ростов-на-Дону",www.sberbank.ru,"'mon': 09:00-18:00, 'tue': 09:00-18:00, 'wed': 09:00-18:00, 'thu': 09:00-18:00, 'fri': 09:00-18:00, 'sat': 09:00-18:00, 'sun': выходной",47.210651,39.672423,"4,6",['8 (800) 555-55-50Показать телефон'],"['http://ok.ru/sberbank', 'https://vk.com/sberbank']",76,76,74,43,56,100,,,,
23,1143292302,СберБанк,"Будённовский просп., 19/54, Ростов-на-Дону",www.sberbank.ru,"'mon': 09:00-18:30, 'tue': 09:00-18:30, 'wed': 09:00-18:30, 'thu': 09:00-18:30, 'fri': 09:00-18:30, 'sat': 09:00-18:30, 'sun': выходной",47.218701,39.707981,"4,6",['8 (800) 555-55-50Показать телефон'],"['http://ok.ru/sberbank', 'https://vk.com/sber']",68,69,63,45,51,86,46,92,,
24,1037035959,СберБанк,"бул. Комарова, 12/1, микрорайон Северный, Ростов-на-Дону",www.sberbank.ru,"'mon': 09:00-18:00, 'tue': 09:00-18:00, 'wed': 09:00-18:00, 'thu': 09:00-18:00, 'fri': 09:00-18:00, 'sat': 09:00-18:00, 'sun': выходной",47.288765,39.695299,"4,4",['8 (800) 555-55-50Показать телефон'],"['http://ok.ru/sberbank', 'https://vk.com/sberbank']",67,73,67,57,77,100,26,,,
25,23264672899,СберБанк,"ул. Шеболдаева, 95А/2, Ростов-на-Дону",www.sberbank.ru,"'mon': 09:00-18:00, 'tue': 09:00-18:00, 'wed': 09:00-18:00, 'thu': 09:00-18:00, 'fri': 09:00-18:00, 'sat': 09:00-18:00, 'sun': выходной",47.259152,39.689527,"4,5",['8 (800) 555-55-50Показать телефон'],"['http://ok.ru/sberbank', 'https://vk.com/sberbank']",77,82,83,63,75,71,,,,
26,1064626852,СберБанк,"Большая Садовая ул., 104/29, Ростов-на-Дону",www.sberbank.ru,"'mon': 09:00-18:00, 'tue': 09:00-18:00, 'wed': 09:00-18:00, 'thu': 09:00-18:00, 'fri': 09:00-18:00, 'sat': 09:00-18:00, 'sun': выходной",47.223297,39.723412,"4,4",['8 (800) 555-55-50Показать телефон'],"['https://ok.ru/sberbank', 'https://vk.com/sberbank']",73,76,76,62,67,92,,,,
27,1097005007,СберБанк,"Пушкинская ул., 199, Ростов-на-Дону",www.sberbank.ru,"'mon': 09:00-18:30, 'tue': 09:00-18:30, 'wed': 09:00-18:30, 'thu': 09:00-18:30, 'fri': 09:00-18:30, 'sat': 09:30-18:30, 'sun': выходной",47.229458,39.733656,"4,6",['8 (800) 555-55-50Показать телефон'],"['http://ok.ru/sberbank', 'https://t.me/sberbank', 'https://vk.com/sberbank']",80,79,80,55,31,90,33,65,,
28,1126770639,СберБанк,"Большая Садовая ул., 86, Ростов-на-Дону",www.sberbank.ru,"'mon': 09:00-18:00, 'tue': 09:00-18:00, 'wed': 09:00-18:00, 'thu': 09:00-18:00, 'fri': 09:00-18:00, 'sat': 09:00-18:00, 'sun': выходной",47.221839,39.716601,"4,4",['8 (800) 555-55-50Показать телефон'],"['http://ok.ru/sberbank', 'https://vk.com/sber', 'https://youtube.com/user/Sberbank']",77,79,74,62,64,95,,,,
29,1049163220,СберБанк,"просп. Ленина, 123, Ростов-на-Дону",www.sberbank.ru,"'mon': 09:00-18:00, 'tue': 09:00-18:00, 'wed': 09:00-18:00, 'thu': 09:00-18:00, 'fri': 09:00-18:00, 'sat': 09:00-18:00, 'sun': выходной",47.248947,39.728057,"4,5",['8 (800) 555-55-50Показать телефон'],"['http://ok.ru/sberbank', 'https://vk.com/sberbank']",75,80,76,55,78,96,,,,
30,65821319009,СберБанк,"просп. Сельмаш, 94, Ростов-на-Дону",www.sberbank.ru,"'mon': 08:30-18:30, 'tue': 08:30-18:30, 'wed': 08:30-18:30, 'thu': 08:30-18:30, 'fri': 08:30-18:30, 'sat': 08:30-18:30, 'sun': выходной",47.253166,39.765113,"4,7",['8 (800) 555-55-50Показать телефон'],"['https://ok.ru/sberbank', 'https://vk.com/sberbank']",79,83,77,72,80,97,100,,60,29
31,1116632620,СберБанк,"Красноармейская ул., 147, Ростов-на-Дону",www.sberbank.ru,"'mon': 09:00-18:00, 'tue': 09:00-18:00, 'wed': 09:00-18:00, 'thu': 09:00-18:00, 'fri': 09:00-18:00, 'sat': 09:00-18:00, 'sun': выходной",47.232488,39.732682,"4,4",['8 (800) 555-55-50Показать телефон'],"['http://ok.ru/sberbank', 'https://vk.com/sberbank']",70,71,70,55,50,92,,,,
32,1104835095,СберБанк,"Вятская ул., 41/1, Ростов-на-Дону",www.sberbank.ru,"'mon': 08:30-18:30, 'tue': 08:30-18:30, 'wed': 08:30-18:30, 'thu': 08:30-18:30, 'fri': 08:30-18:30, 'sat': 08:30-18:30, 'sun': выходной",47.285321,39.753074,"4,4",['8 (800) 555-55-50Показать телефон'],"['http://ok.ru/sberbank', 'https://vk.com/sberbank']",79,82,77,66,70,76,60,79,,
33,1267333822,СберБанк,"Большая Садовая ул., 39, Ростов-на-Дону",www.sberbank.ru,"'mon': 08:30-18:30, 'tue': 08:30-18:30, 'wed': 08:30-18:30, 'thu': 08:30-18:30, 'fri': 08:30-18:30, 'sat': 08:30-18:30, 'sun': выходной",47.219926,39.706032,"4,4",['8 (800) 555-55-50Показать телефон'],"['http://ok.ru/sberbank', 'https://vk.com/sber']",81,83,78,65,50,100,,,,
34,1170817659,СберБанк,"просп. Шолохова, 128, Ростов-на-Дону",www.sberbank.ru,"'mon': 08:30-18:30, 'tue': 08:30-18:30, 'wed': 08:30-18:30, 'thu': 08:30-18:30, 'fri': 08:30-18:30, 'sat': 08:30-18:30, 'sun': 09:30-13:30",47.242395,39.764818,"4,6",['8 (800) 555-55-50Показать телефон'],"['http://ok.ru/sberbank', 'https://vk.com/sberbank']",79,84,77,71,88,96,78,,,
35,1005721868,СберБанк,"Советская ул., 46/2, Ростов-на-Дону",www.sberbank.ru,"'mon': 09:00-18:30, 'tue': 09:00-18:30, 'wed': 09:00-18:30, 'thu': 09:00-18:30, 'fri': 09:00-18:30, 'sat': 09:00-18:30, 'sun': выходной",47.228537,39.752345,"4,7",['8 (800) 555-55-50Показать телефон'],"['http://ok.ru/sberbank', 'https://vk.com/sberbank']",84,84,84,69,85,98,,60,,
36,1021085802,СберБанк,"ул. Миронова, 2Ж, Ростов-на-Дону",www.sberbank.ru,"'mon': 09:00-18:00, 'tue': 09:00-18:00, 'wed': 09:00-18:00, 'thu': 09:00-18:00, 'fri': 09:00-18:00, 'sat': 09:00-18:00, 'sun': выходной",47.298357,39.742331,"4,5",['8 (800) 555-55-50Показать телефон'],['https://vk.com/sberbank'],85,84,86,63,71,100,,,,
37,1103115802,СберБанк,"Киргизская ул., 38В, Ростов-на-Дону",www.sberbank.ru,"'mon': 08:30-18:30, 'tue': 08:30-18:30, 'wed': 08:30-18:30, 'thu': 08:30-18:30, 'fri': 08:30-18:30, 'sat': 08:30-18:30, 'sun': выходной",47.276059,39.749652,"4,4",['8 (800) 555-55-50Показать телефон'],"['http://ok.ru/sberbank', 'https://vk.com/sberbank']",79,79,78,62,42,100,,,,
38,1107595679,СберБанк,"площадь Толстого, 6А, Нахичевань, Ростов-на-Дону",www.sberbank.ru,"'mon': 08:30-18:00, 'tue': 08:30-18:00, 'wed': 08:30-18:00, 'thu': 08:30-18:00, 'fri': 08:30-18:00, 'sat': 08:30-18:00, 'sun': выходной",47.231620,39.765385,"4,4",['8 (800) 555-55-50Показать телефон'],"['http://ok.ru/sberbank', 'https://vk.com/sberbank']",64,70,65,33,38,69,,,,
39,162431588589,СберБанк,"ул. Мясникяна, 97Б, село Чалтырь",www.sberbank.ru,"'mon': 08:30-12:00,12:48-16:00, 'tue': 08:30-12:00,12:48-16:00, 'wed': 08:30-12:00,12:48-16:00, 'thu': 08:30-12:00,12:48-16:00, 'fri': 08:30-12:00,12:48-16:00, 'sat': выходной, 'sun': выходной",47.284213,39.501349,"4,3",['8 (800) 555-55-50Показать телефон'],"['http://ok.ru/sberbank', 'https://vk.com/sberbank']",75,79,73,48,,,,,,
40,220139300161,СберБанк,"просп. 40-летия Победы, 79, Ростов-на-Дону",www.sberbank.ru,"'mon': 08:30-19:00, 'tue': 08:30-19:00, 'wed': 08:30-19:00, 'thu': 08:30-19:00, 'fri': 08:30-19:00, 'sat': 08:30-19:00, 'sun': выходной",47.238442,39.823614,"4,6",['8 (800) 555-55-50Показать телефон'],"['http://ok.ru/sberbank', 'https://vk.com/sberbank']",80,78,81,58,52,92,,69,,
41,1126952938,СберБанк,"ул. Ленина, 1, хутор Ленинаван",www.sberbank.ru,"'mon': выходной, 'tue': 08:00-12:00,12:30-17:00, 'wed': выходной, 'thu': выходной, 'fri': выходной, 'sat': 08:00-10:30, 'sun': выходной",47.284930,39.623303,"2,6",['8 (800) 555-55-50Показать телефон'],"['http://ok.ru/sberbank', 'https://vk.com/sberbank']",,,,,,,,,,
42,179621466299,СберБанк,"Брестская ул., 1/79А, посёлок Орджоникидзе, Ростов-на-Дону",www.sberbank.ru,"'mon': 09:00-18:00, 'tue': 09:00-18:00, 'wed': 09:00-18:00, 'thu': 09:00-18:00, 'fri': 09:00-18:00, 'sat': 09:00-18:00, 'sun': выходной",47.267065,39.789213,"4,6",['8 (800) 555-55-50Показать телефон'],"['http://ok.ru/sberbank', 'https://vk.com/sberbank']",77,74,75,67,80,86,,,,
43,1089356293,СберБанк,"ул. Туполева, 16, Ростов-на-Дону",www.sberbank.ru,"'mon': 09:00-18:00, 'tue': 09:00-18:00, 'wed': 09:00-18:00, 'thu': 09:00-18:00, 'fri': 09:00-18:00, 'sat': 09:00-18:00, 'sun': выходной",47.282570,39.804997,"4,6",['8 (800) 555-55-50Показать телефон'],"['https://ok.ru/sberbank', 'https://t.me/sberbank', 'https://vk.com/sberbank']",84,86,85,69,70,94,64,,,
44,1104935763,СберБанк,"просп. 40-летия Победы, 91, Ростов-на-Дону",www.sberbank.ru,"'mon': 09:30-18:30, 'tue': 09:30-18:30, 'wed': 09:30-18:30, 'thu': 09:30-18:30, 'fri': 09:30-18:30, 'sat': 09:30-18:30, 'sun': выходной",47.239566,39.830051,"4,3",['8 (800) 555-55-50Показать телефон'],"['http://ok.ru/sberbank', 'https://vk.com/sberbank']",64,72,65,25,12,,9,,,
45,212419780929,СберБанк,"ул. Мясникяна, 97Б, село Чалтырь",www.sberbank.ru,"'mon': 08:30-16:30, 'tue': 08:30-16:30, 'wed': 08:30-16:30, 'thu': 08:30-16:30, 'fri': 08:30-16:30, 'sat': 08:30-16:30, 'sun': выходной",47.284182,39.501449,"3,9",['8 (800) 555-55-50Показать телефон'],"['http://ok.ru/sberbank', 'https://vk.com/sberbank']",,,,,,,,,,
46,1060257930,СберБанк,"ул. Кривоноса, 12А, хутор Калинин",www.sberbank.ru,"'mon': выходной, 'tue': выходной, 'wed': выходной, 'thu': выходной, 'fri': выходной, 'sat': выходной, 'sun': выходной",47.245225,39.509002,"3,3",['8 (800) 555-55-50Показать телефон'],"['http://ok.ru/sberbank', 'https://vk.com/sberbank']",,,,,,,,,,
