,ID,name,address,website,opening_hours,lat,lon,rating,phone,social,Обслуживание,Персонал,Отношение к клиентам,Время ожидания
0,1046377010,СберБанк,"Советская ул., 5А, п. г. т. Спасск",www.sberbank.ru,"'mon': выходной, 'tue': выходной, 'wed': 09:00-12:00,13:00-15:05, 'thu': выходной, 'fri': выходной, 'sat': выходной, 'sun': выходной",52.747927,87.753204,"2,9",['8 (800) 555-55-50Показать телефон'],"['http://ok.ru/sberbank', 'https://vk.com/sberbank']",,,,
1,1155769091,СберБанк,"ул. Дзержинского, 22, п. г. т. Шерегеш",www.sberbank.ru,"'mon': 09:00-13:00,14:00-18:00, 'tue': 09:00-13:00,14:00-18:00, 'wed': 09:00-13:00,14:00-18:00, 'thu': 09:00-13:00,14:00-18:00, 'fri': 09:00-13:00,14:00-18:00, 'sat': 09:00-13:00,14:00-18:00, 'sun': выходной",52.930400,87.985607,"4,2",['8 (800) 555-55-50Показать телефон'],"['http://ok.ru/sberbank', 'https://vk.com/sberbank']",80,79,73,
2,1244555824,СберБанк,"ул. Поспелова, 33, Таштагол",www.sberbank.ru,"'mon': 09:00-18:00, 'tue': 09:00-18:00, 'wed': 09:00-18:00, 'thu': 09:00-18:00, 'fri': 09:00-18:00, 'sat': 09:00-18:00, 'sun': выходной",52.763084,87.848533,"4,2",['8 (800) 555-55-50Показать телефон'],"['http://ok.ru/sberbank', 'https://vk.com/sberbank']",82,87,85,
3,1088474718,СберБанк,"ул. Ленина, 54, Таштагол",www.sberbank.ru,"'mon': 09:00-18:00, 'tue': 09:00-18:00, 'wed': 09:00-18:00, 'thu': 09:00-18:00, 'fri': 09:00-18:00, 'sat': 09:00-18:00, 'sun': выходной",52.770102,87.891508,"4,2",['8 (800) 555-55-50Показать телефон'],"['http://ok.ru/sberbank', 'https://vk.com/sberbank']",82,84,70,60
