,ID,name,address,website,opening_hours,lat,lon,rating,phone,social,Обслуживание,Персонал,Отношение к клиентам,Время ожидания,Расположение
0,1257932136,СберБанк,"ул. Луначарского, 9, Кирово-Чепецк",www.sberbank.ru,"'mon': выходной, 'tue': выходной, 'wed': выходной, 'thu': выходной, 'fri': выходной, 'sat': выходной, 'sun': выходной",58.546836,50.055856,"4,5",['8 (800) 555-55-50Показать телефон'],"['http://ok.ru/sberbank', 'https://vk.com/sberbank']",86,82,80,,
1,1092488890,СберБанк,"ул. 60 лет Октября, 17А, Кирово-Чепецк",www.sberbank.ru,"'mon': 09:00-18:00, 'tue': 09:00-18:00, 'wed': 09:00-18:00, 'thu': 09:00-18:00, 'fri': 09:00-18:00, 'sat': 09:00-18:00, 'sun': выходной",58.533054,50.033851,"4,2",['8 (800) 555-55-50Показать телефон'],"['http://ok.ru/sberbank', 'https://vk.com/sberbank']",76,85,71,,
2,1180798223,СберБанк,"Вокзальная ул., 5, микрорайон Каринторф, Кирово-Чепецк",www.sberbank.ru,"'mon': выходной, 'tue': 08:00-13:00,14:00-17:15, 'wed': 08:00-13:00,14:00-17:15, 'thu': 08:00-13:00,14:00-17:15, 'fri': 08:00-13:00,14:00-17:15, 'sat': 08:00-13:00,14:00-17:15, 'sun': выходной",58.556267,50.182030,"4,3",['8 (800) 555-55-50Показать телефон'],"['http://ok.ru/sberbank', 'https://vk.com/sberbank']",,,,,
3,1051941082,СберБанк,"Советская ул., 11, железнодорожная станция Просница",www.sberbank.ru,"'mon': выходной, 'tue': 08:30-13:00,14:00-16:30, 'wed': 08:30-13:00,14:00-16:30, 'thu': 08:30-13:00,14:00-16:30, 'fri': 08:30-13:00,14:00-16:30, 'sat': 08:30-13:00,14:00-16:30, 'sun': выходной",58.441207,50.235444,"4,3",['8 (800) 555-55-50Показать телефон'],"['http://ok.ru/sberbank', 'https://vk.com/sberbank']",,,,,
4,1020463005,СберБанк,"ул. Ленина, 13А, Нововятский район, Киров",www.sberbank.ru,"'mon': 09:00-18:00, 'tue': 09:00-18:00, 'wed': 09:00-18:00, 'thu': 09:00-18:00, 'fri': 09:00-18:00, 'sat': 09:00-18:00, 'sun': выходной",58.492125,49.744184,"4,4",['8 (800) 555-55-50Показать телефон'],"['http://ok.ru/sberbank', 'https://vk.com/sberbank']",77,88,79,,
5,1224098467,СберБанк,"ул. Карла Маркса, 12, село Карино",www.sberbank.ru,"'mon': выходной, 'tue': выходной, 'wed': 08:30-12:45,13:45-15:30, 'thu': выходной, 'fri': 08:30-12:45,13:45-15:30, 'sat': 08:30-12:45,13:45-15:30, 'sun': выходной",58.618633,50.337376,"3,5",['8 (800) 555-55-50Показать телефон'],"['http://ok.ru/sberbank', 'https://vk.com/sberbank']",,,,,
6,1055258924,СберБанк,"Профсоюзная ул., 6, село Кстинино",www.sberbank.ru,"'mon': выходной, 'tue': выходной, 'wed': выходной, 'thu': выходной, 'fri': выходной, 'sat': 09:00-13:00,14:00-15:45, 'sun': выходной",58.442295,49.782504,"1,8",['8 (800) 555-55-50Показать телефон'],"['http://ok.ru/sberbank', 'https://vk.com/sberbank']",,,,,
7,1122331178,СберБанк,"ул. Павла Корчагина, 60, микрорайон Коминтерновский, Киров",www.sberbank.ru,"'mon': 09:00-18:00, 'tue': 09:00-18:00, 'wed': 09:00-18:00, 'thu': 09:00-18:00, 'fri': 09:00-18:00, 'sat': 09:00-18:00, 'sun': выходной",58.638642,49.730510,"4,3",['8 (800) 555-55-50Показать телефон'],"['http://ok.ru/sberbank', 'https://vk.com/sberbank']",84,88,83,50,100
8,1005854629,СберБанк,"ул. Кирова, 22, п. г. т. Вахруши",www.sberbank.ru,"'mon': 08:30-17:30, 'tue': 08:30-17:30, 'wed': 08:30-17:30, 'thu': 08:30-17:30, 'fri': 08:30-17:30, 'sat': 08:30-17:30, 'sun': выходной",58.689591,50.037563,"4,1",['8 (800) 555-55-50Показать телефон'],"['http://ok.ru/sberbank', 'https://vk.com/sberbank']",,,,,
