,ID,name,address,website,opening_hours,lat,lon,rating,phone,social,Обслуживание,Время ожидания,Банкомат,Отношение к клиентам,Персонал
0,1033174786,СберБанк,"Ленинградская ул., 8, городской посёлок Дубровка",www.sberbank.ru,"'mon': 09:00-12:30,13:00-16:00, 'tue': 08:45-13:00,13:30-17:45, 'wed': 08:45-13:00,13:30-17:45, 'thu': 08:45-13:00,13:30-17:45, 'fri': 12:45-17:45, 'sat': 08:45-13:00,13:30-17:45, 'sun': выходной",59.847512,30.930872,"2,1",['8 (800) 555-55-50Показать телефон'],"['http://ok.ru/sberbank', 'https://vk.com/sberbank']",33,9,0,,
1,1044806388,СберБанк,"Вокзальная ул., 5, городской посёлок Мга",www.sberbank.ru,"'mon': выходной, 'tue': 09:00-14:00,15:00-19:00, 'wed': 09:00-14:00,15:00-19:00, 'thu': 09:00-14:00,15:00-19:00, 'fri': 09:00-14:00,15:00-19:00, 'sat': 09:00-14:00,15:00-19:00, 'sun': выходной",59.757348,31.062751,"4,4",['8 (800) 555-55-50Показать телефон'],"['http://ok.ru/sberbank', 'https://vk.com/sberbank']",92,77,82,91,92
2,1134822152,СберБанк,"ул. Мира, 10, городской посёлок имени Морозова",www.sberbank.ru,"'mon': выходной, 'tue': 09:00-18:30, 'wed': 09:00-18:30, 'thu': 09:00-18:30, 'fri': 09:00-18:30, 'sat': 09:00-18:30, 'sun': выходной",59.975824,31.031224,"4,3",['8 (800) 555-55-50Показать телефон'],"['http://ok.ru/sberbank', 'https://vk.com/sberbank']",78,50,40,86,79
3,1003246567,СберБанк,"Лесная ул., 18Б, городской посёлок Синявино",www.sberbank.ru,"'mon': выходной, 'tue': 09:00-14:00,14:30-18:15, 'wed': 09:00-14:00,14:30-18:15, 'thu': 09:00-14:00,14:30-18:15, 'fri': 09:00-14:00,14:30-18:15, 'sat': 09:00-14:00,14:30-18:15, 'sun': выходной",59.908520,31.073085,"3,2",['8 (800) 555-55-50Показать телефон'],['https://vk.com/sberbank'],,,,,
4,1022864684,СберБанк,"Ленинградский просп., 16, городской посёлок Павлово",www.sberbank.ru,"'mon': выходной, 'tue': 08:30-13:00,14:00-17:30, 'wed': 08:30-13:00,14:00-17:30, 'thu': 08:30-13:00,14:00-17:30, 'fri': 08:30-13:00,14:00-17:30, 'sat': 08:30-13:00,14:00-17:30, 'sun': выходной",59.808527,30.876677,"3,7",['8 (800) 555-55-50Показать телефон'],"['http://ok.ru/sberbank', 'https://vk.com/sberbank']",,,,,
5,216523380385,СберБанк,"бул. Партизанской Славы, 12А, Кировск",www.sberbank.ru,"'mon': 09:00-18:30, 'tue': 09:00-18:30, 'wed': 09:00-18:30, 'thu': 09:00-18:30, 'fri': 09:00-18:30, 'sat': 09:00-18:30, 'sun': выходной",59.885058,30.995697,"4,6",['8 (800) 555-55-50Показать телефон'],"['http://ok.ru/sberbank', 'https://vk.com/sberbank']",78,66,59,82,82
6,1007102916,СберБанк,"ул. Кирова, 2, Шлиссельбург",www.sberbank.ru,"'mon': выходной, 'tue': 09:30-19:00, 'wed': 09:30-19:00, 'thu': 09:30-19:00, 'fri': 09:30-19:00, 'sat': 09:30-19:00, 'sun': выходной",59.936899,31.027111,"4,4",['8 (800) 555-55-50Показать телефон'],"['http://ok.ru/sberbank', 'https://vk.com/sberbank']",75,60,,80,74
