,ID,name,address,website,opening_hours,lat,lon,rating,phone,social,Обслуживание,Персонал,Отношение к клиентам,Время ожидания,Банкомат,Расположение,График работы,Ипотека,Кредит,Ремонт
0,1190899367,СберБанк,"ул. Мира, 73, Тольятти",www.sberbank.ru,"'mon': 09:00-19:00, 'tue': 09:00-19:00, 'wed': 09:00-19:00, 'thu': 09:00-19:00, 'fri': 09:00-19:00, 'sat': 09:00-19:00, 'sun': выходной",53.508291,49.417922,"4,8",['8 (800) 555-55-50Показать телефон'],"['https://ok.ru/sber', 'https://vk.com/sber']",82,89,85,65,85,90,64,,,
1,1251305690,СберБанк,"ул. Ленина, 87, Тольятти",www.sberbank.ru,"'mon': 09:00-18:30, 'tue': 09:00-18:30, 'wed': 09:00-18:30, 'thu': 09:00-18:30, 'fri': 09:00-18:30, 'sat': 09:00-18:30, 'sun': выходной",53.519492,49.415148,"4,7",['8 (800) 555-55-50Показать телефон'],"['http://ok.ru/sberbank', 'https://vk.com/sberbank']",83,83,82,79,64,70,,77,80,
2,1116239035,СберБанк,"ул. Лизы Чайкиной, 79А, Тольятти",www.sberbank.ru,"'mon': 09:00-18:30, 'tue': 09:00-18:30, 'wed': 09:00-18:30, 'thu': 09:00-18:30, 'fri': 09:00-18:30, 'sat': 09:00-18:30, 'sun': выходной",53.481823,49.480296,"4,4",['8 (800) 555-55-50Показать телефон'],"['http://ok.ru/sberbank', 'https://vk.com/sberbank']",76,78,76,49,12,95,,,,
3,1207459304,СберБанк,"ул. Мира, 120, Тольятти",www.sberbank.ru,"'mon': 09:00-18:30, 'tue': 09:00-18:30, 'wed': 09:00-18:30, 'thu': 09:00-18:30, 'fri': 09:00-18:30, 'sat': 09:00-18:30, 'sun': выходной",53.510804,49.435978,"4,5",['8 (800) 555-55-50Показать телефон'],"['http://ok.ru/sberbank', 'https://vk.com/sberbank']",71,72,70,75,,,,,,
4,1051674218,СберБанк,"ул. Лизы Чайкиной, 43А, Тольятти",www.sberbank.ru,"'mon': 08:30-18:30, 'tue': 08:30-18:30, 'wed': 08:30-18:30, 'thu': 08:30-18:30, 'fri': 08:30-18:30, 'sat': 08:30-18:30, 'sun': выходной",53.482576,49.465843,"4,4",['8 (800) 555-55-50Показать телефон'],"['http://ok.ru/sberbank', 'https://t.me/s/sberbank', 'https://vk.com/sberbank']",81,86,81,70,44,100,,,,92
5,1083223433,СберБанк,"ул. Толстого, 23, Тольятти",www.sberbank.ru,"'mon': 09:00-18:30, 'tue': 09:00-18:30, 'wed': 09:00-18:30, 'thu': 09:00-18:30, 'fri': 09:00-18:30, 'sat': 09:00-18:30, 'sun': выходной",53.539174,49.406262,"4,6",['8 (800) 555-55-50Показать телефон'],"['http://ok.ru/sberbank', 'https://t.me/sberbank', 'https://vk.com/sberbank']",82,88,84,62,77,100,,,,
6,1383060164,СберБанк,"ул. Горького, 92, Тольятти",www.sberbank.ru,"'mon': 09:00-18:00, 'tue': 09:00-18:00, 'wed': 09:00-18:00, 'thu': 09:00-18:00, 'fri': 09:00-18:00, 'sat': 09:00-18:00, 'sun': выходной",53.521433,49.427766,"4,6",['8 (800) 555-55-50Показать телефон'],"['http://ok.ru/sberbank', 'https://vk.com/sberbank']",84,86,83,68,47,,,,,
7,186332326768,СберБанк,"Гидротехническая ул., 27А, микрорайон Шлюзовой, Тольятти",www.sberbank.ru,"'mon': 09:00-18:00, 'tue': 09:00-18:00, 'wed': 09:00-18:00, 'thu': 09:00-18:00, 'fri': 09:00-18:00, 'sat': 09:00-18:00, 'sun': выходной",53.472997,49.527453,"4,7",['8 (800) 555-55-50Показать телефон'],"['http://ok.ru/sberbank', 'https://vk.com/sberbank']",84,87,84,60,29,86,,,,
8,1212068416,СберБанк,"ул. Мира, 37, Тольятти",www.sberbank.ru,"'mon': 09:00-19:00, 'tue': 09:00-19:00, 'wed': 09:00-19:00, 'thu': 09:00-19:00, 'fri': 09:00-19:00, 'sat': 09:00-19:00, 'sun': выходной",53.506698,49.404013,"4,6",['8 (800) 555-55-50Показать телефон'],"['http://ok.ru/sberbank', 'https://vk.com/sberbank']",75,81,76,68,33,83,,,,
9,1027629012,СберБанк,"бул. 50 лет Октября, 10, Тольятти",www.sberbank.ru,"'mon': 09:00-18:00, 'tue': 09:00-18:00, 'wed': 09:00-18:00, 'thu': 09:00-18:00, 'fri': 09:00-18:00, 'sat': 09:00-18:00, 'sun': выходной",53.530150,49.404089,"4,5",['8 (800) 555-55-50Показать телефон'],"['http://ok.ru/sberbank', 'https://t.me/sberbank', 'https://vk.com/sberbank']",74,79,76,52,59,,,,,
10,1147757395,СберБанк,"ул. Льва Яшина, 16, Тольятти",www.sberbank.ru,"'mon': 09:00-18:30, 'tue': 09:00-18:30, 'wed': 09:00-18:30, 'thu': 09:00-18:30, 'fri': 09:00-18:30, 'sat': 09:00-18:30, 'sun': выходной",53.542950,49.360198,"4,7",['8 (800) 555-55-50Показать телефон'],"['http://ok.ru/sberbank', 'https://t.me/s/sberbank', 'https://vk.com/sberbank']",88,92,92,71,80,100,50,,,
11,1075057440,СберБанк,"Новозаводская ул., 6, Тольятти",www.sberbank.ru,"'mon': 08:30-14:00,15:00-17:15, 'tue': 08:30-14:00,15:00-17:15, 'wed': 08:30-14:00,15:00-17:15, 'thu': 08:30-14:00,15:00-17:15, 'fri': 08:30-14:00,15:00-16:00, 'sat': 08:30-14:00,15:00-16:00, 'sun': выходной",53.556276,49.450352,"4,3",['8 (800) 555-55-50Показать телефон'],"['http://ok.ru/sberbank', 'https://vk.com/sberbank']",89,94,88,,,,,,,
12,1018861555,СберБанк,"ул. 70 лет Октября, 46, Тольятти",www.sberbank.ru,"'mon': 09:00-18:30, 'tue': 09:00-18:30, 'wed': 09:00-18:30, 'thu': 09:00-18:30, 'fri': 09:00-18:30, 'sat': 09:00-18:30, 'sun': выходной",53.541977,49.340004,"4,7",['8 (800) 555-55-50Показать телефон'],"['http://ok.ru/sberbank', 'https://vk.com/sberbank']",84,86,84,88,81,,,,,
13,1220266588,СберБанк,"Юбилейная ул., 55, Тольятти",www.sberbank.ru,"'mon': 09:00-19:00, 'tue': 09:00-19:00, 'wed': 09:00-19:00, 'thu': 09:00-19:00, 'fri': 09:00-19:00, 'sat': 09:00-19:00, 'sun': выходной",53.509083,49.277914,"4,7",['8 (800) 555-55-50Показать телефон'],"['https://ok.ru/sberbank', 'https://t.me/sberbank', 'https://vk.com/sberbank']",77,83,77,62,83,96,83,81,52,
14,1269807758,СберБанк,"ул. Автостроителей, 68А, Тольятти",www.sberbank.ru,"'mon': 09:00-19:00, 'tue': 09:00-19:00, 'wed': 09:00-19:00, 'thu': 09:00-19:00, 'fri': 09:00-19:00, 'sat': 09:00-19:00, 'sun': 10:00-14:00",53.533190,49.327596,"4,4",['8 (800) 555-55-50Показать телефон'],"['http://ok.ru/sberbank', 'https://vk.com/sberbank']",79,82,79,54,67,,,,,
15,4687296545,СберБанк,"ул. Ворошилова, 27, Тольятти",www.sberbank.ru,"'mon': 09:00-18:30, 'tue': 09:00-18:30, 'wed': 09:00-18:30, 'thu': 09:00-18:30, 'fri': 09:00-18:30, 'sat': 09:00-18:30, 'sun': выходной",53.533087,49.314245,"4,8",['8 (800) 555-55-50Показать телефон'],"['https://ok.ru/sberbank', 'https://vk.com/sberbank']",90,92,90,77,47,82,,,,100
16,202220653889,СберБанк,"Цветной бул., 15А, 16-й квартал, Тольятти",www.sberbank.ru,"'mon': 09:00-18:30, 'tue': 09:00-18:30, 'wed': 09:00-18:30, 'thu': 09:00-18:30, 'fri': 09:00-18:30, 'sat': 09:00-18:30, 'sun': выходной",53.536778,49.338401,"4,7",['8 (800) 555-55-50Показать телефон'],"['http://ok.ru/sberbank', 'https://vk.com/sberbank']",98,96,98,78,83,100,,,,
17,129076361912,СберБанк,"Юбилейная ул., 1А, Тольятти",www.sberbank.ru,"'mon': 09:00-18:30, 'tue': 09:00-18:30, 'wed': 09:00-18:30, 'thu': 09:00-18:30, 'fri': 09:00-18:30, 'sat': 09:00-18:30, 'sun': выходной",53.536111,49.283835,"4,7",['8 (800) 555-55-50Показать телефон'],"['http://ok.ru/sberbank', 'https://vk.com/sberbank']",89,92,91,71,81,90,,,,
18,1039028088,СберБанк,"бул. Космонавтов, 6, 15-й квартал, Тольятти",,"'mon': 09:00-18:00, 'tue': 09:00-18:00, 'wed': 09:00-18:00, 'thu': 09:00-18:00, 'fri': 09:00-18:00, 'sat': 09:00-14:00, 'sun': 10:00-14:00",53.541305,49.325019,"4,6",['8 (800) 555-55-50Показать телефон'],"['http://ok.ru/sberbank', 'https://vk.com/sberbank']",79,79,73,81,57,100,,,,
19,1098249543,СберБанк,"ул. Ворошилова, 49А, Тольятти",www.sberbank.ru,"'mon': 09:00-18:30, 'tue': 09:00-18:30, 'wed': 09:00-18:30, 'thu': 09:00-18:30, 'fri': 09:00-18:30, 'sat': 09:00-18:30, 'sun': выходной",53.524946,49.312155,"4,7",['8 (800) 555-55-50Показать телефон'],"['http://ok.ru/sberbank', 'https://vk.com/sberbank']",87,91,87,76,64,100,,,,
20,150232697131,СберБанк,"Революционная ул., 11Б, Тольятти",www.sberbank.ru,"'mon': 09:00-18:30, 'tue': 09:00-18:30, 'wed': 09:00-18:30, 'thu': 09:00-18:30, 'fri': 09:00-18:30, 'sat': 09:00-18:30, 'sun': выходной",53.527196,49.276725,"4,7",['8 (800) 555-55-50Показать телефон'],"['http://ok.ru/sberbank', 'https://vk.com/sberbank']",73,76,75,54,81,93,,,,
21,21344409041,СберБанк,"Ленинский просп., 1А, Тольятти",www.sberbank.ru,"'mon': 09:00-18:30, 'tue': 09:00-18:30, 'wed': 09:00-18:30, 'thu': 09:00-18:30, 'fri': 09:00-18:30, 'sat': 09:00-18:30, 'sun': выходной",53.517021,49.302896,"4,7",['8 (800) 555-55-50Показать телефон'],"['http://ok.ru/sberbank', 'https://vk.com/sberbank']",84,86,83,84,92,100,,,,
22,1157739385,СберБанк,"просп. Степана Разина, 81, Тольятти",www.sberbank.ru,"'mon': 09:00-18:30, 'tue': 09:00-18:30, 'wed': 09:00-18:30, 'thu': 09:00-18:30, 'fri': 09:00-18:30, 'sat': 09:00-18:30, 'sun': выходной",53.507370,49.293091,"4,6",['8 (800) 555-55-50Показать телефон'],"['http://ok.ru/sberbank', 'https://vk.com/sberbank']",85,86,86,67,84,,,,,
23,1100275334,СберБанк,"Приморский бул., 42А, Тольятти",www.sberbank.ru,"'mon': 08:30-19:00, 'tue': 08:30-19:00, 'wed': 08:30-19:00, 'thu': 08:30-19:00, 'fri': 08:30-19:00, 'sat': 08:30-19:00, 'sun': выходной",53.507966,49.265619,"4,8",['8 (800) 555-55-50Показать телефон'],"['http://ok.ru/sberbank', 'https://vk.com/sberbank']",88,85,86,67,50,100,,,,
24,1179583501,СберБанк,"бул. Кулибина, 6Б, 2-й квартал, Тольятти",www.sberbank.ru,"'mon': 08:30-18:30, 'tue': 09:00-18:30, 'wed': 09:00-18:30, 'thu': выходной, 'fri': выходной, 'sat': 09:00-13:30, 'sun': выходной",53.534535,49.267753,"4,7",['8 (800) 555-55-50Показать телефон'],"['http://ok.ru/sberbank', 'https://vk.com/sberbank']",94,94,93,84,81,90,,,,
