,ID,name,address,website,opening_hours,lat,lon,rating,phone,social,Обслуживание,Персонал,Отношение к клиентам,Время ожидания,Кредит
0,1544046091,СберБанк,"ул. Будённого, 14/2, село Покойное",www.sberbank.ru,"'mon': выходной, 'tue': 08:00-13:00,14:00-16:00, 'wed': 08:00-13:00,14:00-16:00, 'thu': выходной, 'fri': 08:00-13:00,14:00-16:00, 'sat': 08:00-13:00,14:00-17:00, 'sun': выходной",44.809442,44.259841,"3,9",['8 (800) 555-55-50Показать телефон'],"['http://ok.ru/sberbank', 'https://vk.com/sberbank']",,,,,
1,1585565051,СберБанк,"18, 1-й микрорайон, Будённовск",www.sberbank.ru,"'mon': 08:30-18:00, 'tue': 08:30-18:00, 'wed': 08:30-18:00, 'thu': 08:30-18:00, 'fri': 08:30-18:00, 'sat': 08:30-18:00, 'sun': выходной",44.793447,44.169663,"4,8",['8 (800) 555-55-50Показать телефон'],"['http://ok.ru/sberbank', 'https://vk.com/sberbank']",92,91,89,88,
2,1026663024,СберБанк,"ул. Крутина, 58, село Орловка",www.sberbank.ru,"'mon': выходной, 'tue': 08:00-12:00,12:45-15:15, 'wed': 08:00-12:00,12:45-15:15, 'thu': 08:00-12:00,12:45-15:15, 'fri': 08:00-12:00,12:45-15:15, 'sat': 08:00-13:09, 'sun': выходной",44.691036,44.168052,"3,9",['8 (800) 555-55-50Показать телефон'],"['http://ok.ru/sberbank', 'https://vk.com/sberbank']",,,,,
3,1125958524,СберБанк,"Центральная ул., 23, село Новая Жизнь",www.sberbank.ru,"'mon': выходной, 'tue': выходной, 'wed': выходной, 'thu': 08:15-12:00,12:30-15:15, 'fri': 08:15-12:00,12:30-15:15, 'sat': выходной, 'sun': выходной",44.890565,44.084319,"4,3",['8 (800) 555-55-50Показать телефон'],"['http://ok.ru/sberbank', 'https://vk.com/sberbank']",,,,,
4,92039346125,СберБанк,"ул. Дзержинского, 22А, село Прасковея",www.sberbank.ru,"'mon': выходной, 'tue': 08:15-12:00,12:45-16:00, 'wed': 08:00-12:00,12:45-16:00, 'thu': выходной, 'fri': 08:00-12:00,12:45-15:45, 'sat': 08:00-12:15, 'sun': выходной",44.748134,44.197759,"4,0",['8 (800) 555-55-50Показать телефон'],"['http://ok.ru/sberbank', 'https://vk.com/sberbank']",,,,,
5,1006749166,СберБанк,"Октябрьская ул., 59/61, Будённовск",www.sberbank.ru,"'mon': 08:00-18:00, 'tue': 08:00-18:00, 'wed': 08:00-18:00, 'thu': 08:00-18:00, 'fri': 08:00-18:00, 'sat': 08:00-18:00, 'sun': выходной",44.780134,44.162292,"4,7",['8 (800) 555-55-50Показать телефон'],"['http://ok.ru/sberbank', 'https://vk.com/sberbank']",81,79,74,86,18
