,ID,name,address,website,opening_hours,lat,lon,rating,phone,social,Обслуживание,Персонал,Отношение к клиентам,Время ожидания
0,1198386121,СберБанк,"1, населённый пункт Белое Море",www.sberbank.ru,"'mon': 09:45-13:00,13:45-17:30, 'tue': 09:45-13:00,13:45-17:30, 'wed': 09:45-13:00,13:45-17:30, 'thu': 09:45-13:00,13:45-17:30, 'fri': 09:45-13:00,13:45-17:30, 'sat': 09:45-13:00,14:00-17:30, 'sun': выходной",67.080330,32.273504,"4,3",['8 (800) 555-55-50Показать телефон'],"['http://ok.ru/sberbank', 'https://vk.com/sberbank']",,,,
1,1084172813,СберБанк,"Кировская аллея, 11, Кандалакша",www.sberbank.ru,"'mon': 10:00-18:00, 'tue': 10:00-18:00, 'wed': 10:00-18:00, 'thu': 10:00-18:00, 'fri': 10:00-18:00, 'sat': 10:00-18:00, 'sun': выходной",67.182329,32.440339,"4,1",['8 (800) 555-55-50Показать телефон'],"['http://ok.ru/sberbank', 'https://vk.com/sberbank']",79,90,,
2,1064997879,СберБанк,"Новая ул., 10, корп. 1, Кандалакша",www.sberbank.ru,"'mon': 10:00-18:00, 'tue': 10:00-18:00, 'wed': 10:00-18:00, 'thu': 10:00-18:00, 'fri': 10:00-18:00, 'sat': 10:00-18:00, 'sun': выходной",67.156845,32.391677,"4,2",['8 (800) 555-55-50Показать телефон'],"['http://ok.ru/sberbank', 'https://vk.com/sberbank']",77,83,82,
3,1063976213,СберБанк,"ул. Аэронавтов, 2, Кандалакша",www.sberbank.ru,"'mon': 10:00-18:00, 'tue': 10:00-18:00, 'wed': 10:00-18:00, 'thu': 10:00-18:00, 'fri': 10:00-18:00, 'sat': 10:00-18:00, 'sun': выходной",67.153228,32.420037,"4,4",['8 (800) 555-55-50Показать телефон'],"['http://ok.ru/sberbank', 'https://vk.com/sberbank']",84,83,81,93
