,ID,name,address,website,opening_hours,lat,lon,rating,phone,social,Обслуживание,Персонал,Отношение к клиентам,Время ожидания,Банкомат,Расположение,Кредит,Ипотека,График работы
0,1128744648,СберБанк,"ул. Калинина, 113, Таганрог",www.sberbank.ru,"'mon': 08:30-17:30, 'tue': 08:30-17:30, 'wed': 08:30-17:30, 'thu': 08:30-17:30, 'fri': 08:30-17:30, 'sat': 08:30-17:30, 'sun': выходной",47.240527,38.882401,"4,7",['8 (800) 555-55-50Показать телефон'],"['http://ok.ru/sberbank', 'https://vk.com/sberbank']",84,88,88,52,60,93,,,
1,11123991268,СберБанк,"ул. Сергея Шило, 206, Таганрог",www.sberbank.ru,"'mon': 08:30-17:30, 'tue': 08:30-17:30, 'wed': 08:30-17:30, 'thu': 08:30-17:30, 'fri': 08:30-17:30, 'sat': 08:30-17:30, 'sun': выходной",47.221841,38.859489,"4,7",['8 (800) 555-55-50Показать телефон'],"['http://ok.ru/sberbank', 'https://vk.com/sberbank']",79,84,81,76,88,100,,,
2,1024331741,СберБанк,"Октябрьская ул., 39, Таганрог",www.sberbank.ru,"'mon': 09:00-18:00, 'tue': 09:00-18:00, 'wed': 09:00-18:00, 'thu': 09:00-18:00, 'fri': 09:00-18:00, 'sat': 09:00-18:00, 'sun': выходной",47.219995,38.912109,"4,7",['8 (800) 555-55-50Показать телефон'],"['https://ok.ru/sberbank', 'https://vk.com/sberbank']",76,78,72,69,75,48,47,64,
3,1182576222,СберБанк,"ул. Чехова, 357, Таганрог",www.sberbank.ru,"'mon': 09:00-18:00, 'tue': 09:00-18:00, 'wed': 09:00-18:00, 'thu': 09:00-18:00, 'fri': 09:00-18:00, 'sat': 09:00-18:00, 'sun': выходной",47.217760,38.856115,"4,7",['8 (800) 555-55-50Показать телефон'],"['http://ok.ru/sberbank', 'https://vk.com/sberbank']",89,93,88,73,67,97,,,73
4,1065264908,СберБанк,"ул. Чехова, 128-1, Таганрог",www.sberbank.ru,"'mon': 08:30-17:00, 'tue': 08:30-17:00, 'wed': 08:30-17:00, 'thu': 08:30-17:00, 'fri': 08:30-17:00, 'sat': 08:30-17:00, 'sun': выходной",47.213806,38.912792,"4,7",['8 (800) 555-55-50Показать телефон'],"['http://ok.ru/sberbank', 'https://vk.com/sberbank']",91,96,94,88,96,95,,,
5,1063175270,СберБанк,"ул. Дзержинского, 165-8, Таганрог",www.sberbank.ru,"'mon': 08:30-17:30, 'tue': 08:30-17:30, 'wed': 08:30-17:30, 'thu': 08:30-17:30, 'fri': 08:30-17:30, 'sat': 08:30-17:30, 'sun': выходной",47.253354,38.917557,"4,8",['8 (800) 555-55-50Показать телефон'],"['http://ok.ru/sberbank', 'https://vk.com/sberbank']",90,93,90,81,68,100,,,36
6,1257854498,СберБанк,"ул. Москатова, 15, Таганрог",www.sberbank.ru,"'mon': 08:00-17:30, 'tue': 08:00-17:30, 'wed': 08:00-17:30, 'thu': 08:00-17:30, 'fri': 08:00-17:30, 'sat': 08:00-17:30, 'sun': выходной",47.262221,38.919733,"4,6",['8 (800) 555-55-50Показать телефон'],"['http://ok.ru/sberbank', 'https://vk.com/sberbank']",75,76,73,56,39,92,,,
7,192941804713,СберБанк,"ул. Фрунзе, 78, Таганрог",www.sberbank.ru,"'mon': 09:00-18:00, 'tue': 09:00-18:00, 'wed': 09:00-18:00, 'thu': 09:00-18:00, 'fri': 09:00-18:00, 'sat': 09:00-18:00, 'sun': выходной",47.218435,38.921217,"4,4",['8 (800) 555-55-50Показать телефон'],"['http://ok.ru/sberbank', 'https://vk.com/sberbank']",70,74,72,32,34,92,,,
8,1219807144,СберБанк,"ул. Свободы, 17, Таганрог",www.sberbank.ru,"'mon': выходной, 'tue': 09:00-18:00, 'wed': 09:00-18:00, 'thu': 09:00-18:00, 'fri': 09:00-18:00, 'sat': 09:00-18:00, 'sun': выходной",47.207407,38.891653,"4,7",['8 (800) 555-55-50Показать телефон'],"['http://ok.ru/sberbank', 'https://vk.com/sberbank']",81,82,81,67,78,100,,,
9,1336201369,СберБанк,"Петровская ул., 76, Таганрог",www.sberbank.ru,"'mon': 09:00-18:30, 'tue': 09:00-18:30, 'wed': 09:00-18:30, 'thu': 09:00-18:30, 'fri': 09:00-18:30, 'sat': 09:00-18:30, 'sun': выходной",47.214145,38.931388,"4,8",['8 (800) 555-55-50Показать телефон'],"['http://ok.ru/sberbank', 'https://vk.com/sberbank']",90,90,92,82,70,88,,,
10,1084888173,СберБанк,"7-й Новый пер., 79А, Таганрог",www.sberbank.ru,"'mon': 09:00-18:00, 'tue': 09:00-18:00, 'wed': 09:00-18:00, 'thu': 09:00-18:00, 'fri': 09:00-18:00, 'sat': 09:00-18:00, 'sun': выходной",47.276328,38.905200,"4,7",['8 (800) 555-55-50Показать телефон'],"['http://ok.ru/sberbank', 'https://vk.com/sberbank']",82,85,81,84,77,90,,,46
11,1109695028,СберБанк,"Петровская ул., 54, Таганрог",www.sberbank.ru,"'mon': 09:00-18:00, 'tue': 09:00-18:00, 'wed': 09:00-18:00, 'thu': 09:00-18:00, 'fri': 09:00-18:00, 'sat': 09:00-18:00, 'sun': выходной",47.211140,38.935986,"4,7",['8 (800) 555-55-50Показать телефон'],"['http://ok.ru/sberbank', 'https://vk.com/sberbank']",82,89,84,78,80,100,,,
12,218370682521,СберБанк,"Октябрьская ул., 39, Таганрог",www.sberbank.ru,"'mon': 09:00-18:00, 'tue': 09:00-18:00, 'wed': 09:00-18:00, 'thu': 09:00-18:00, 'fri': 09:00-16:45, 'sat': выходной, 'sun': выходной",47.219990,38.912053,"4,3",['8 (800) 555-55-50Показать телефон'],['https://vk.com/sberbank'],,,,,,,,,
13,1142028546,СберБанк,"ул. Горького, 2, село Новобессергеневка",www.sberbank.ru,"'mon': выходной, 'tue': выходной, 'wed': 09:00-13:30, 'thu': 09:00-13:18, 'fri': выходной, 'sat': выходной, 'sun': выходной",47.185670,38.837054,"1,7",['8 (800) 555-55-50Показать телефон'],['https://vk.com/sberbank'],,,,,,,,,
14,1116073519,СберБанк,"Октябрьская ул., 48, хутор Красный Десант",www.sberbank.ru,"'mon': выходной, 'tue': 08:00-12:00,12:30-15:30, 'wed': 08:00-12:00,12:30-15:30, 'thu': 08:00-12:00,12:30-15:30, 'fri': 08:00-12:00,12:30-15:15, 'sat': выходной, 'sun': выходной",47.164501,38.731483,"2,7",['8 (800) 555-55-50Показать телефон'],"['http://ok.ru/sberbank', 'https://vk.com/sberbank']",,,,,,,,,
15,67035809975,СберБанк,"ул. Ленина, 265, село Приморка",www.sberbank.ru,"'mon': 08:00-12:00,12:30-15:30, 'tue': 08:00-12:00,12:30-15:30, 'wed': 08:00-12:00,12:30-15:30, 'thu': 08:00-12:00,12:30-15:30, 'fri': 08:00-12:00,12:30-15:15, 'sat': выходной, 'sun': выходной",47.275716,39.050699,"3,8",['8 (800) 555-55-50Показать телефон'],"['http://ok.ru/sberbank', 'https://vk.com/sberbank']",,,,,,,,,
16,1033316108,СберБанк,"Кооперативная ул., 29, село Самбек",www.sberbank.ru,"'mon': выходной, 'tue': выходной, 'wed': 07:30-16:15, 'thu': выходной, 'fri': 07:30-15:30, 'sat': выходной, 'sun': выходной",47.330009,39.021854,"3,5",['8 (800) 555-55-50Показать телефон'],"['http://ok.ru/sberbank', 'https://vk.com/sberbank']",,,,,,,,,
