,ID,name,address,website,opening_hours,lat,lon,rating,phone,social,Обслуживание,Отношение к клиентам,Персонал,Время ожидания,Ремонт,Банкомат
0,100304504590,СберБанк,"Пролетарская ул., 107, Камышин",www.sberbank.ru,"'mon': 08:30-18:00, 'tue': 08:30-18:00, 'wed': 08:30-18:00, 'thu': 08:30-18:00, 'fri': 08:30-18:00, 'sat': 08:30-18:00, 'sun': выходной",50.075303,45.398377,"4,7",['8 (800) 555-55-50Показать телефон'],"['http://ok.ru/sberbank', 'https://vk.com/sberbank']",88,86,90,100,,
1,1048157468,СберБанк,"ул. Базарова, 101, Камышин",www.sberbank.ru,"'mon': 08:30-18:30, 'tue': 08:30-18:30, 'wed': 08:30-18:30, 'thu': 08:30-18:30, 'fri': 08:30-18:30, 'sat': 08:30-18:30, 'sun': выходной",50.087374,45.379071,"4,5",['8 (800) 555-55-50Показать телефон'],"['http://ok.ru/sberbank', 'https://vk.com/sberbank']",86,85,82,79,55,
2,1093234920,СберБанк,"ул. Ленина, 20, Камышин",www.sberbank.ru,"'mon': 08:30-18:30, 'tue': 08:30-18:30, 'wed': 08:30-18:30, 'thu': 08:30-18:30, 'fri': 08:30-18:30, 'sat': 08:30-18:30, 'sun': выходной",50.105701,45.416721,"4,7",['8 (800) 555-55-50Показать телефон'],"['http://ok.ru/sberbank', 'https://vk.com/sberbank']",78,80,81,54,,71
3,1371804815,СберБанк,"7А, 3-й микрорайон, Камышин",www.sberbank.ru,"'mon': 09:00-18:00, 'tue': 09:00-18:00, 'wed': 09:00-18:00, 'thu': 09:00-18:00, 'fri': 09:00-18:00, 'sat': 09:00-18:00, 'sun': выходной",50.095717,45.422144,"4,4",['8 (800) 555-55-50Показать телефон'],"['http://ok.ru/sberbank', 'https://vk.com/sberbank']",75,80,76,58,,30
4,189299295372,СберБанк,"Октябрьская ул., 12, Николаевск",www.sberbank.ru,"'mon': 08:30-12:00,13:00-17:30, 'tue': 08:30-12:00,13:00-17:30, 'wed': 08:30-12:00,13:00-17:30, 'thu': 08:30-12:00,13:00-17:30, 'fri': 08:30-12:00,13:00-17:30, 'sat': выходной, 'sun': выходной",50.032018,45.454376,"4,5",['8 (800) 555-55-50Показать телефон'],"['http://ok.ru/sberbank', 'https://vk.com/sberbank']",73,70,,,,
5,149783784608,СберБанк,"ул. Базарова, 101, Камышин",www.sberbank.ru,"'mon': 09:00-18:00, 'tue': 09:00-18:00, 'wed': 09:00-18:00, 'thu': 09:00-18:00, 'fri': 09:00-18:00, 'sat': выходной, 'sun': выходной",50.087374,45.379071,"4,4",['8 (800) 555-55-50Показать телефон'],"['https://ok.ru/sberbank', 'https://vk.com/sberbank']",,,,,,
6,1081940881,СберБанк,"ул. 30 лет Победы, 7, Петров Вал",www.sberbank.ru,"'mon': 08:30-17:30, 'tue': 08:30-17:30, 'wed': 08:30-17:30, 'thu': 08:30-17:30, 'fri': 08:30-17:30, 'sat': 08:30-17:30, 'sun': выходной",50.139017,45.213987,"4,4",['8 (800) 555-55-50Показать телефон'],"['http://ok.ru/sberbank', 'https://vk.com/sberbank']",73,75,76,,,
7,193578200718,СберБанк,"ул. Ленина, 34, село Ленинское",www.sberbank.ru,"'mon': 08:00-12:00,13:00-14:45, 'tue': выходной, 'wed': выходной, 'thu': выходной, 'fri': выходной, 'sat': 08:00-12:00,13:00-14:45, 'sun': выходной",50.041218,45.539877,"3,6",['8 (800) 555-55-50Показать телефон'],"['http://ok.ru/sberbank', 'https://vk.com/sberbank']",,,,,,
8,1042004485,СберБанк,"Советская ул., 27В, село Лебяжье",www.sberbank.ru,"'mon': выходной, 'tue': выходной, 'wed': 09:00-13:15, 'thu': выходной, 'fri': выходной, 'sat': 09:00-13:15, 'sun': выходной",50.171816,45.211651,"4,2",['8 (800) 555-55-50Показать телефон'],"['http://ok.ru/sberbank', 'https://vk.com/sberbank']",,,,,,
