,ID,name,address,website,opening_hours,lat,lon,rating,phone,social,Обслуживание,Отношение к клиентам,Персонал,Время ожидания
0,131303279072,СберБанк,"Коммунистический просп., 27, Курчатов",www.sberbank.ru,"'mon': 08:30-18:30, 'tue': 08:30-18:30, 'wed': 08:30-18:30, 'thu': 08:30-18:30, 'fri': 08:30-18:30, 'sat': 08:30-18:30, 'sun': выходной",51.660663,35.656316,"4,6",['8 (800) 555-55-50Показать телефон'],"['http://ok.ru/sberbank', 'https://vk.com/sberbank']",78,72,86,77
1,1065862032,СберБанк,"ул. Энергетиков, 10, Курчатов",www.sberbank.ru,"'mon': 09:00-18:00, 'tue': 09:00-18:00, 'wed': 09:00-18:00, 'thu': 09:00-18:00, 'fri': 09:00-18:00, 'sat': 09:00-18:00, 'sun': выходной",51.657903,35.673382,"4,7",['8 (800) 555-55-50Показать телефон'],"['http://ok.ru/sberbank', 'https://vk.com/sberbank']",90,88,92,71
2,31129334675,СберБанк,"10, 5-й квартал, село Дичня",www.sberbank.ru,"'mon': выходной, 'tue': выходной, 'wed': выходной, 'thu': выходной, 'fri': выходной, 'sat': выходной, 'sun': выходной",51.658792,35.729098,"4,3",['8 (800) 555-55-50Показать телефон'],"['http://ok.ru/sberbank', 'https://vk.com/sberbank']",,,,
3,1123772179,СберБанк,"Октябрьская ул., 33, рабочий посёлок Иванино",www.sberbank.ru,"'mon': 08:30-13:00,13:30-16:00, 'tue': 08:30-13:00,13:30-16:00, 'wed': 08:30-13:00,13:30-16:00, 'thu': 08:30-13:00,13:30-16:00, 'fri': 08:30-13:00,13:30-15:45, 'sat': 08:30-13:00,13:30-16:00, 'sun': выходной",51.642597,35.576034,"4,0",['8 (800) 555-55-50Показать телефон'],"['http://ok.ru/sberbank', 'https://vk.com/sberbank']",,,,
4,101051592570,СберБанк,"ул. Энергетиков, 10, Курчатов",www.sberbank.ru,"'mon': 08:30-17:30, 'tue': 08:30-17:30, 'wed': 08:30-17:30, 'thu': 08:30-17:30, 'fri': 08:30-17:30, 'sat': выходной, 'sun': выходной",51.657858,35.673474,"4,4",['8 (800) 555-55-50Показать телефон'],['https://vk.com/sberbank'],,,,
5,36298237011,СберБанк,"ул. Ленина, 41, рабочий посёлок имени Карла Либкнехта",www.sberbank.ru,"'mon': выходной, 'tue': 08:15-12:00,12:30-16:45, 'wed': 08:15-12:00,12:30-16:45, 'thu': 08:15-12:00,12:30-16:45, 'fri': 08:15-12:00,12:30-16:45, 'sat': 08:10-12:00,12:30-16:00, 'sun': выходной",51.625050,35.482107,"4,1",['8 (800) 555-55-50Показать телефон'],"['http://ok.ru/sberbank', 'https://vk.com/sberbank']",,,,
