,ID,name,address,website,opening_hours,lat,lon,rating,phone,social,Обслуживание,Отношение к клиентам,Персонал,Время ожидания,Банкомат,Расположение,Кредит,Ипотека
0,121315211464,СберБанк,"Зелёная ул., 24, Кстово",www.sberbank.ru,"'mon': 09:00-18:00, 'tue': 09:00-18:00, 'wed': 09:00-18:00, 'thu': 09:00-18:00, 'fri': 09:00-18:00, 'sat': 09:00-18:00, 'sun': выходной",56.146263,44.178268,"4,3",['8 (800) 555-55-50Показать телефон'],"['http://ok.ru/sberbank', 'https://vk.com/sberbank']",67,71,62,,,,,
1,1009694740,СберБанк,"площадь Мира, 3, Кстово",www.sberbank.ru,"'mon': 09:00-18:00, 'tue': 09:00-18:00, 'wed': 09:00-18:00, 'thu': 09:00-18:00, 'fri': 09:00-18:00, 'sat': 09:00-18:00, 'sun': выходной",56.146559,44.199862,"4,5",['8 (800) 555-55-50Показать телефон'],"['http://ok.ru/sberbank', 'https://vk.com/sberbank']",82,82,87,74,65,,,
2,1172334319,СберБанк,"Магистральная ул., 22, Кстово",www.sberbank.ru,"'mon': 09:00-18:00, 'tue': 09:00-18:00, 'wed': 09:00-18:00, 'thu': 09:00-18:00, 'fri': 09:00-18:00, 'sat': 09:00-18:00, 'sun': выходной",56.148448,44.211510,"4,6",['8 (800) 555-55-50Показать телефон'],"['https://ok.ru/sber/', 'https://t.me/sberbank', 'https://vk.com/sberbank']",78,76,79,63,67,100,36,50
3,1190330406,СберБанк,"ул. Ленина, 3, д. Новоликеево",www.sberbank.ru,"'mon': выходной, 'tue': выходной, 'wed': выходной, 'thu': выходной, 'fri': выходной, 'sat': выходной, 'sun': выходной",56.118802,44.244525,"2,7",['8 (800) 555-55-50Показать телефон'],"['http://ok.ru/sberbank', 'https://vk.com/sberbank']",,,,,,,,
4,1091002558,СберБанк,"Школьная ул., 20А, сельский посёлок Ждановский",www.sberbank.ru,"'mon': 08:15-17:00, 'tue': 08:15-17:00, 'wed': 08:15-17:00, 'thu': выходной, 'fri': 08:15-17:00, 'sat': 08:15-17:00, 'sun': выходной",56.208950,44.100966,"4,0",['8 (800) 555-55-50Показать телефон'],"['http://ok.ru/sberbank', 'https://t.me/sberbank', 'https://vk.com/sberbank']",77,79,78,,,,,
5,1152572394,СберБанк,"38, сельский посёлок Селекционной Станции",www.sberbank.ru,"'mon': 08:00-13:00,13:30-16:00, 'tue': 08:00-13:00,13:30-16:00, 'wed': 08:00-12:45, 'thu': 08:00-13:00,13:30-16:00, 'fri': 08:00-13:00,13:30-16:00, 'sat': 08:00-13:00,13:30-15:27, 'sun': выходной",56.208625,44.023432,"4,0",['8 (800) 555-55-50Показать телефон'],"['http://ok.ru/sberbank', 'https://vk.com/sberbank']",,,,,,,,
6,1263704589,СберБанк,"просп. Гагарина, 101, корп. 5, Нижний Новгород",www.sberbank.ru,"'mon': 09:00-19:00, 'tue': 09:00-19:00, 'wed': 09:00-19:00, 'thu': 09:00-19:00, 'fri': 09:00-19:00, 'sat': 09:00-19:00, 'sun': выходной",56.236476,43.953794,"4,5",['8 (800) 555-55-50Показать телефон'],"['http://ok.ru/sberbank', 'https://vk.com/sberbank']",75,73,77,60,42,100,,
7,1064632986,СберБанк,"ул. Маршала Рокоссовского, 17, Советский район, жилой район Кузнечиха, Нижний Новгород",www.sberbank.ru,"'mon': 09:00-19:00, 'tue': 09:00-19:00, 'wed': 09:00-19:00, 'thu': 09:00-19:00, 'fri': 09:00-19:00, 'sat': 09:00-15:00, 'sun': выходной",56.283945,44.041111,"4,6",['8 (800) 555-55-50Показать телефон'],"['https://ok.ru/sberbank', 'https://vk.com/sberbank']",72,74,81,62,83,100,,
