,ID,name,address,website,opening_hours,lat,lon,rating,phone,social,Обслуживание,Персонал,Отношение к клиентам,Время ожидания,Банкомат,Расположение
0,1642416877,СберБанк,"ул. Островского, 8, Салават",www.sberbank.ru,"'mon': 09:00-18:30, 'tue': 09:00-18:30, 'wed': 09:00-18:30, 'thu': 09:00-18:30, 'fri': 09:00-18:30, 'sat': 09:00-18:30, 'sun': выходной",53.354111,55.936588,"4,6",['8 (800) 555-55-50Показать телефон'],"['http://ok.ru/sberbank', 'https://vk.com/sberbank']",87,89,88,72,79,100
1,1042468114,СберБанк,"ул. Гагарина, 9, Салават",www.sberbank.ru,"'mon': 09:00-18:00, 'tue': 09:00-18:00, 'wed': 09:00-18:00, 'thu': 09:00-18:00, 'fri': 09:00-18:00, 'sat': 09:00-18:00, 'sun': выходной",53.362300,55.928421,"4,5",['8 (800) 555-55-50Показать телефон'],"['http://ok.ru/sberbank', 'https://vk.com/sberbank']",92,91,88,70,33,
2,1130369723,СберБанк,"ул. Ленина, 58А, Салават",www.sberbank.ru,"'mon': 09:00-18:30, 'tue': 09:00-18:30, 'wed': 09:00-18:30, 'thu': 09:00-18:30, 'fri': 09:00-18:30, 'sat': 09:00-18:30, 'sun': выходной",53.344119,55.926166,"4,6",['8 (800) 555-55-50Показать телефон'],"['http://ok.ru/sberbank', 'https://t.me/s/sberbank', 'https://vk.com/sberbank', 'https://www.youtube.com/channel/UCC1AHvtI8Z7w7y7DGCMdZpg']",84,87,82,75,60,
3,1220727133,СберБанк,"ул. Ленина, 40, Салават",www.sberbank.ru,"'mon': 09:00-18:30, 'tue': 09:00-18:30, 'wed': 09:00-18:30, 'thu': 09:00-18:30, 'fri': 09:00-18:30, 'sat': 09:00-18:30, 'sun': выходной",53.352614,55.925183,"4,4",['8 (800) 555-55-50Показать телефон'],"['http://ok.ru/sberbank', 'https://vk.com/sber']",72,81,78,63,,
4,1264442282,СберБанк,"ул. Островского, 61, Салават",www.sberbank.ru,"'mon': 09:00-18:00, 'tue': 09:00-18:00, 'wed': 09:00-18:00, 'thu': 09:00-18:00, 'fri': 09:00-18:00, 'sat': 09:00-18:00, 'sun': выходной",53.340194,55.934513,"4,4",['8 (800) 555-55-50Показать телефон'],"['http://ok.ru/sberbank', 'https://t.me/sberbank', 'https://vk.com/sberbank', 'https://www.youtube.com/channel/UCC1AHvtI8Z7w7y7DGCMdZpg']",95,94,94,80,70,
5,1217531258,СберБанк,"бул. Салавата Юлаева, 34, Салават",www.sberbank.ru,"'mon': 09:30-18:00, 'tue': 09:30-18:00, 'wed': 09:30-18:00, 'thu': 09:30-18:00, 'fri': 09:30-18:00, 'sat': 09:30-18:00, 'sun': выходной",53.340405,55.947211,"4,5",['8 (800) 555-55-50Показать телефон'],"['http://ok.ru/sberbank', 'https://t.me/sberbank?erid=2VtzqvL9tgA', 'https://vk.com/sberbank']",81,81,80,60,,
6,1215840947,СберБанк,"просп. Ленина, 53, Ишимбай",www.sberbank.ru,"'mon': 09:00-18:00, 'tue': 09:00-18:00, 'wed': 09:00-18:00, 'thu': 09:00-18:00, 'fri': 09:00-18:00, 'sat': 09:00-18:00, 'sun': выходной",53.455071,56.043160,"4,7",['8 (800) 555-55-50Показать телефон'],"['http://ok.ru/sberbank', 'https://vk.com/sberbank']",90,89,86,60,,
7,1099749496,СберБанк,"Стахановская ул., 16, Ишимбай",www.sberbank.ru,"'mon': 09:00-18:00, 'tue': 09:00-18:00, 'wed': 09:00-18:00, 'thu': 09:00-18:00, 'fri': 09:00-18:00, 'sat': 09:00-18:00, 'sun': выходной",53.434289,56.054891,"4,4",['8 (800) 555-55-50Показать телефон'],"['http://ok.ru/sberbank', 'https://vk.com/sberbank']",78,80,75,80,,
8,1142628907,СберБанк,"ул. Губкина, 10/1, Ишимбай",www.sberbank.ru,"'mon': 09:00-18:00, 'tue': 09:00-18:00, 'wed': 09:00-18:00, 'thu': 09:00-18:00, 'fri': 09:00-18:00, 'sat': 09:00-18:00, 'sun': выходной",53.450005,56.050439,"4,7",['8 (800) 555-55-50Показать телефон'],"['http://ok.ru/sberbank', 'https://vk.com/sberbank']",91,93,90,67,,
9,1228857339,СберБанк,"ул. Ямилева, 12, д. Корнеевка",www.sberbank.ru,"'mon': выходной, 'tue': 09:00-13:00,14:00-17:30, 'wed': выходной, 'thu': 09:00-13:00,14:00-16:15, 'fri': выходной, 'sat': выходной, 'sun': выходной",53.324766,55.798082,"4,3",['8 (800) 555-55-50Показать телефон'],"['http://ok.ru/sberbank', 'https://vk.com/sberbank']",,,,,,
10,1037099767,СберБанк,"Советская ул., 83, село Зирган",www.sberbank.ru,"'mon': выходной, 'tue': выходной, 'wed': выходной, 'thu': выходной, 'fri': выходной, 'sat': выходной, 'sun': выходной",53.217721,55.919012,"4,3",['8 (800) 555-55-50Показать телефон'],"['http://ok.ru/sberbank', 'https://vk.com/sberbank']",,,,,,
11,1122581405,СберБанк,"ул. Ленина, 20, село Наумовка",www.sberbank.ru,"'mon': 09:00-13:00,13:30-15:15, 'tue': 09:00-13:00,13:30-15:15, 'wed': 09:00-13:00,13:30-15:15, 'thu': 09:00-13:00,13:30-14:45, 'fri': выходной, 'sat': выходной, 'sun': выходной",53.517903,55.915348,"4,1",['8 (800) 555-55-50Показать телефон'],"['http://ok.ru/sberbank', 'https://vk.com/sberbank']",,,,,,
