,ID,name,address,website,opening_hours,lat,lon,rating,phone,social,Обслуживание,Отношение к клиентам,Персонал,Время ожидания
0,1173960667,СберБанк,"Кедровая ул., 9, посёлок Третий Северный",www.sberbank.ru,"'mon': выходной, 'tue': выходной, 'wed': выходной, 'thu': выходной, 'fri': выходной, 'sat': выходной, 'sun': выходной",60.210011,59.957111,"4,2",['8 (800) 555-55-50Показать телефон'],['https://vk.com/sberbank'],,,,
1,202962852825,СберБанк,"Клубная ул., 7, посёлок Калья",www.sberbank.ru,"'mon': выходной, 'tue': выходной, 'wed': выходной, 'thu': выходной, 'fri': выходной, 'sat': выходной, 'sun': выходной",60.242187,59.989189,"4,3",['8 (800) 555-55-50Показать телефон'],"['http://ok.ru/sberbank', 'https://vk.com/sberbank']",,,,
2,72810357670,СберБанк,"Октябрьская ул., 35, посёлок Покровск-Уральский",www.sberbank.ru,"'mon': выходной, 'tue': выходной, 'wed': 10:00-15:00, 'thu': выходной, 'fri': 10:00-15:00, 'sat': выходной, 'sun': выходной",60.147979,59.826864,"4,0",['8 (800) 555-55-50Показать телефон'],"['http://ok.ru/sberbank', 'https://vk.com/sberbank']",,,,
3,1068257214,СберБанк,"ул. Мира, 3, Североуральск",www.sberbank.ru,"'mon': 09:00-18:00, 'tue': 09:00-18:00, 'wed': 09:00-18:00, 'thu': 09:00-18:00, 'fri': 09:00-18:00, 'sat': 09:00-18:00, 'sun': выходной",60.153680,59.949929,"4,3",['8 (800) 555-55-50Показать телефон'],"['http://ok.ru/sberbank', 'https://vk.com/sberbank']",80,83,85,50
4,1131947309,СберБанк,"ул. Будённого, 35, Североуральск",www.sberbank.ru,"'mon': 09:00-18:00, 'tue': 09:00-18:00, 'wed': 09:00-18:00, 'thu': 09:00-18:00, 'fri': 09:00-18:00, 'sat': 09:00-18:00, 'sun': выходной",60.158752,59.970292,"4,7",['8 (800) 555-55-50Показать телефон'],"['http://ok.ru/sberbank', 'https://vk.com/sberbank']",92,89,91,
