,ID,name,address,website,opening_hours,lat,lon,rating,phone,social,Обслуживание,Отношение к клиентам,Персонал,Время ожидания
0,1221971685,СберБанк,"ул. Шевченко, 15, Кимовск",www.sberbank.ru,"'mon': выходной, 'tue': 08:00-17:45, 'wed': 08:00-17:45, 'thu': 08:00-17:45, 'fri': 08:00-17:45, 'sat': 08:00-17:45, 'sun': выходной",53.968733,38.541247,"4,5",['8 (800) 555-55-50Показать телефон'],"['http://ok.ru/sberbank', 'https://vk.com/sberbank']",82,81,83,53
1,1095929125,СберБанк,"ул. Крылова, 11, Кимовск",www.sberbank.ru,"'mon': 09:00-17:30, 'tue': 09:00-17:30, 'wed': 09:00-17:30, 'thu': 09:00-17:30, 'fri': 09:00-17:30, 'sat': 09:00-17:30, 'sun': выходной",53.975798,38.529605,"4,4",['8 (800) 555-55-50Показать телефон'],"['http://ok.ru/sberbank', 'https://vk.com/sberbank']",85,86,94,53
2,1093140805,СберБанк,"ул. 10-й Армии, 2/9, микрорайон Руднев, Донской",www.sberbank.ru,"'mon': выходной, 'tue': 08:30-13:00,13:30-16:45, 'wed': выходной, 'thu': 08:30-13:00,13:30-16:45, 'fri': выходной, 'sat': 08:30-16:25, 'sun': выходной",53.935379,38.411207,"3,8",['8 (800) 555-55-50Показать телефон'],"['http://ok.ru/sberbank', 'https://vk.com/sberbank']",,,,
3,79421662432,СберБанк,"Школьная ул., 15Б, микрорайон Северо-Задонск, Донской",www.sberbank.ru,"'mon': 09:00-18:00, 'tue': 09:00-18:00, 'wed': 09:00-18:00, 'thu': 09:00-18:00, 'fri': 09:00-18:00, 'sat': 09:00-18:00, 'sun': выходной",54.031073,38.392216,"4,5",['8 (800) 555-55-50Показать телефон'],"['http://ok.ru/sberbank', 'https://vk.com/sberbank']",79,80,80,64
4,76372804831,СберБанк,"Зелёная ул., 25, посёлок Ширинский",www.sberbank.ru,"'mon': выходной, 'tue': 08:30-12:00,12:15-16:45, 'wed': 08:30-12:00,12:15-16:45, 'thu': выходной, 'fri': 08:30-12:00,12:15-16:45, 'sat': 08:30-12:00,12:19-16:45, 'sun': выходной",54.062433,38.360874,"4,3",['8 (800) 555-55-50Показать телефон'],"['http://ok.ru/sberbank', 'https://vk.com/sberbank']",,,,
5,1244691501,СберБанк,"Шахтёрская ул., 17, Новомосковск",www.sberbank.ru,"'mon': 09:00-18:00, 'tue': 09:00-18:00, 'wed': 09:00-18:00, 'thu': 09:00-18:00, 'fri': 09:00-18:00, 'sat': 09:00-18:00, 'sun': выходной",54.064655,38.476208,"4,6",['8 (800) 555-55-50Показать телефон'],"['http://ok.ru/sberbank', 'https://vk.com/sberbank']",88,89,89,82
