,ID,name,address,website,opening_hours,lat,lon,rating,phone,social,Обслуживание,Отношение к клиентам,Персонал,Время ожидания,Банкомат,Расположение,Ипотека,График работы,Кредит,Ремонт
0,1161064106,СберБанк,"Коммунистический просп., 14А, Копейск",www.sberbank.ru,"'mon': 09:00-19:00, 'tue': 09:00-19:00, 'wed': 09:00-19:00, 'thu': 09:00-19:00, 'fri': 09:00-19:00, 'sat': 09:00-19:00, 'sun': выходной",55.110402,61.618367,"4,7",['8 (800) 555-55-50Показать телефон'],"['http://ok.ru/sberbank', 'https://t.me/s/sberbank', 'https://vk.com/sberbank']",84,85,86,83,73,,,,,
1,72269814459,СберБанк,"просп. Победы, 30/1, Копейск",www.sberbank.ru,"'mon': 09:00-18:00, 'tue': 09:00-18:00, 'wed': 09:00-18:00, 'thu': 09:00-18:00, 'fri': 09:00-18:00, 'sat': 09:00-18:00, 'sun': выходной",55.117663,61.605847,"4,5",['8 (800) 555-55-50Показать телефон'],"['http://ok.ru/sberbank', 'https://vk.com/sberbank']",79,83,80,,82,,,,,
2,1024817662,СберБанк,"ул. Сутягина, 15, Копейск",www.sberbank.ru,"'mon': 08:30-18:00, 'tue': 08:30-18:00, 'wed': 08:30-18:00, 'thu': 08:30-18:00, 'fri': 08:30-18:00, 'sat': 08:30-18:00, 'sun': выходной",55.121024,61.620957,"4,5",['8 (800) 555-55-50Показать телефон'],"['http://ok.ru/sberbank', 'https://vk.com/sberbank']",86,91,91,68,,100,,,,
3,1023420226,СберБанк,"Новороссийская ул., 86, Челябинск",www.sberbank.ru,"'mon': 09:00-18:30, 'tue': 09:00-18:30, 'wed': 09:00-18:30, 'thu': 09:00-18:30, 'fri': 09:00-18:30, 'sat': 09:00-18:30, 'sun': выходной",55.114084,61.457220,"4,4",['8 (800) 555-55-50Показать телефон'],"['https://ok.ru/sberbank', 'https://vk.com/sberbank']",73,76,83,53,54,,,,,
4,1029314005,СберБанк,"ул. Энергетиков, 1, Челябинск",www.sberbank.ru,"'mon': 09:00-18:00, 'tue': 09:00-18:00, 'wed': 09:00-18:00, 'thu': 09:00-18:00, 'fri': 09:00-18:00, 'sat': 09:00-18:00, 'sun': выходной",55.125402,61.474122,"4,7",['8 (800) 555-55-50Показать телефон'],"['http://ok.ru/sberbank', 'https://vk.com/sberbank']",93,94,97,73,71,,,,,
5,158227328710,СберБанк,"ул. Дзержинского, 93, Челябинск",www.sberbank.ru,"'mon': 09:00-18:30, 'tue': 09:00-18:30, 'wed': 09:00-18:30, 'thu': 09:00-18:30, 'fri': 09:00-18:30, 'sat': 09:00-18:30, 'sun': выходной",55.131376,61.435382,"4,5",['8 (800) 555-55-50Показать телефон'],"['http://ok.ru/sberbank', 'https://vk.com/sberbank']",73,74,79,56,83,89,70,,,
6,1079385340,СберБанк,"Коммунистическая ул., 28, Копейск",www.sberbank.ru,"'mon': 09:00-18:00, 'tue': 09:00-18:00, 'wed': 09:00-18:00, 'thu': 09:00-18:00, 'fri': 09:00-18:00, 'sat': 09:00-18:00, 'sun': выходной",55.057208,61.525596,"3,9",['8 (800) 555-55-50Показать телефон'],"['http://ok.ru/sberbank', 'https://vk.com/sberbank']",60,55,64,,,,,,,
7,1030793281,СберБанк,"Новороссийская ул., 49, Челябинск",www.sberbank.ru,"'mon': 09:30-18:30, 'tue': 09:30-18:30, 'wed': 09:30-18:30, 'thu': 09:30-18:30, 'fri': 09:30-18:30, 'sat': 09:30-18:30, 'sun': выходной",55.107941,61.480758,"4,3",['8 (800) 555-55-50Показать телефон'],"['http://ok.ru/sberbank', 'https://vk.com/sberbank']",85,85,89,50,5,,,0,,
8,1010671236,СберБанк,"ул. Комарова, 112, Челябинск",www.sberbank.ru,"'mon': 09:00-19:00, 'tue': 09:00-19:00, 'wed': 09:00-19:00, 'thu': 09:00-19:00, 'fri': 09:00-19:00, 'sat': 09:00-19:00, 'sun': выходной",55.175660,61.455946,"4,5",['8 (800) 555-55-50Показать телефон'],"['http://ok.ru/sberbank', 'https://vk.com/sberbank']",86,88,86,80,59,100,,,,
9,1228385164,СберБанк,"ул. Агалакова, 38, Челябинск",www.sberbank.ru,"'mon': 09:30-18:30, 'tue': 09:30-18:30, 'wed': 09:30-18:30, 'thu': 09:30-18:30, 'fri': 09:30-18:30, 'sat': 09:30-18:30, 'sun': выходной",55.134072,61.440848,"4,5",['8 (800) 555-55-50Показать телефон'],"['https://ok.ru/sberbank', 'https://vk.com/sberbank']",72,68,70,59,67,67,,,,
10,1572348429,СберБанк,"просп. Ленина, 38, Челябинск",www.sberbank.ru,"'mon': 09:00-19:00, 'tue': 09:00-19:00, 'wed': 09:00-19:00, 'thu': 09:00-19:00, 'fri': 09:00-19:00, 'sat': 09:00-19:00, 'sun': выходной",55.161172,61.417382,"4,4",['8 (800) 555-55-50Показать телефон'],"['https://ok.ru/sberbank', 'https://vk.com/sberbank']",83,88,91,71,92,94,,,,
11,1245439949,СберБанк,"ул. Гагарина, 10, Челябинск",www.sberbank.ru,"'mon': 09:00-18:30, 'tue': 09:00-18:30, 'wed': 09:00-18:30, 'thu': 09:00-18:30, 'fri': 09:00-18:30, 'sat': 09:00-18:30, 'sun': выходной",55.141907,61.440813,"4,1",['8 (800) 555-55-50Показать телефон'],"['https://ok.ru/sberbank', 'https://vk.com/sberbank']",84,88,92,53,,,,,,
12,1100684805,СберБанк,"ул. Героев Танкограда, 118, Челябинск",www.sberbank.ru,"'mon': 09:00-18:00, 'tue': 09:00-18:00, 'wed': 09:00-18:00, 'thu': 09:00-18:00, 'fri': 09:00-18:00, 'sat': 09:00-18:00, 'sun': выходной",55.168620,61.451934,"4,3",['8 (800) 555-55-50Показать телефон'],"['http://ok.ru/sberbank', 'https://vk.com/sberbank']",94,93,90,87,,,,,,
13,1034938448,СберБанк,"ул. Мамина, 21В, Челябинск",www.sberbank.ru,"'mon': выходной, 'tue': 08:30-13:00,14:00-18:00, 'wed': 08:30-13:00,14:00-18:00, 'thu': 08:30-13:00,14:00-18:00, 'fri': 08:30-13:00,14:00-18:00, 'sat': 08:30-13:00,14:00-18:00, 'sun': выходной",55.191918,61.484465,"4,3",['8 (800) 555-55-50Показать телефон'],"['http://ok.ru/sberbank', 'https://vk.com/sberbank']",84,97,90,46,36,100,,,,
14,1156991982,СберБанк,"ул. Гагарина, 2, Челябинск",www.sberbank.ru,"'mon': 09:30-18:30, 'tue': 09:30-18:30, 'wed': 09:30-18:30, 'thu': 09:30-18:30, 'fri': 09:30-18:30, 'sat': 09:30-18:30, 'sun': выходной",55.146129,61.444765,"4,3",['8 (800) 555-55-50Показать телефон'],"['http://ok.ru/sberbank', 'https://vk.com/sberbank']",85,83,85,69,30,,,,,
15,1175344722,СберБанк,"ул. Труда, 160, Челябинск",www.sberbank.ru,"'mon': 09:30-18:30, 'tue': 09:30-18:30, 'wed': 09:30-18:30, 'thu': 09:30-18:30, 'fri': 09:30-18:30, 'sat': 09:30-18:30, 'sun': выходной",55.169102,61.377504,"4,6",['8 (800) 555-55-50Показать телефон'],"['http://ok.ru/sberbank', 'https://vk.com/sberbank']",78,75,80,69,,100,60,,82,
16,1228243440,СберБанк,"Свердловский просп., 88, Челябинск",www.sberbank.ru,"'mon': 09:00-18:30, 'tue': 09:00-18:30, 'wed': 09:00-18:30, 'thu': 09:00-18:30, 'fri': 09:00-18:30, 'sat': 09:00-18:30, 'sun': выходной",55.152516,61.388999,"4,6",['8 (800) 555-55-50Показать телефон'],"['https://ok.ru/sber', 'https://t.me/s/sberbank', 'https://vk.com/sber']",81,78,82,55,42,90,,,,80
17,56478812212,СберБанк,"просп. Ленина, 18, Челябинск",www.sberbank.ru,"'mon': 09:00-14:00,15:00-18:00, 'tue': 09:00-14:00,15:00-18:00, 'wed': 09:00-14:00,15:00-18:00, 'thu': 09:00-14:00,15:00-18:00, 'fri': 09:00-14:00,15:00-18:00, 'sat': 09:00-14:00,15:00-18:00, 'sun': выходной",55.161057,61.442685,"4,0",['8 (800) 555-55-50Показать телефон'],"['http://ok.ru/sberbank', 'https://vk.com/sberbank']",84,87,82,57,,,,0,,
18,15238197678,СберБанк,"просп. Победы, 124, Челябинск",www.sberbank.ru,"'mon': 09:00-18:30, 'tue': 09:00-18:30, 'wed': 09:00-18:30, 'thu': 09:00-18:30, 'fri': 09:00-18:30, 'sat': 09:00-18:30, 'sun': выходной",55.186201,61.431126,"4,5",['8 (800) 555-55-50Показать телефон'],"['http://ok.ru/sberbank', 'https://vk.com/sberbank']",87,86,87,75,77,,,,,
19,1557752538,СберБанк,"ул. Калинина, 14, Челябинск",www.sberbank.ru,"'mon': 09:00-18:30, 'tue': 09:00-18:30, 'wed': 09:00-18:30, 'thu': 09:00-18:30, 'fri': 09:00-15:00, 'sat': 09:00-18:30, 'sun': выходной",55.179682,61.397374,"4,5",['8 (800) 555-55-50Показать телефон'],"['http://ok.ru/sberbank', 'https://vk.com/sberbank']",75,75,83,65,67,94,,88,,
20,1013047405,СберБанк,"просп. Ленина, 55А, Челябинск",www.sberbank.ru,"'mon': 09:00-18:30, 'tue': 09:00-18:30, 'wed': 09:00-18:30, 'thu': 09:00-18:30, 'fri': 09:00-18:30, 'sat': 09:00-18:30, 'sun': выходной",55.160014,61.398837,"4,3",['8 (800) 555-55-50Показать телефон'],"['https://ok.ru/sberbank', 'https://t.me/sberbank', 'https://vk.com/sberbank']",78,74,84,68,,,,,,
21,1023566927,СберБанк,"ул. Свободы, 88, Челябинск",www.sberbank.ru,"'mon': 09:30-18:30, 'tue': 09:30-18:30, 'wed': 09:30-18:30, 'thu': 09:30-18:30, 'fri': 09:30-18:30, 'sat': 09:30-18:30, 'sun': выходной",55.154032,61.413688,"4,4",['8 (800) 555-55-50Показать телефон'],"['http://ok.ru/sberbank', 'https://vk.com/sberbank']",87,86,89,74,56,100,,82,,
22,1038541170,СберБанк,"Салютная ул., 25, Челябинск",www.sberbank.ru,"'mon': 09:00-18:00, 'tue': 09:00-18:00, 'wed': 09:00-18:00, 'thu': 09:00-18:00, 'fri': 09:00-18:00, 'sat': 09:00-18:00, 'sun': выходной",55.169698,61.445256,"4,4",['8 (800) 555-55-50Показать телефон'],"['http://ok.ru/sberbank', 'https://vk.com/sberbank']",78,76,79,68,57,,,,,
23,1000638415,СберБанк,"ул. Черняховского, 23, Копейск",www.sberbank.ru,"'mon': выходной, 'tue': 09:00-13:00,14:00-18:00, 'wed': 09:00-13:00,14:00-18:00, 'thu': 09:00-13:00,14:00-18:00, 'fri': 09:00-13:00,14:00-18:00, 'sat': 09:00-13:00,14:00-18:00, 'sun': выходной",55.136617,61.679351,"4,1",['8 (800) 555-55-50Показать телефон'],"['http://ok.ru/sberbank', 'https://vk.com/sberbank']",59,60,56,,,,,,,
24,1081987756,СберБанк,"ул. Ленина, 25, Копейск",www.sberbank.ru,"'mon': 09:00-18:00, 'tue': 09:00-18:00, 'wed': 09:00-18:00, 'thu': 09:00-18:00, 'fri': 09:00-18:00, 'sat': 09:00-18:00, 'sun': выходной",54.990866,61.475703,"4,6",['8 (800) 555-55-50Показать телефон'],"['http://ok.ru/sberbank', 'https://vk.com/sberbank']",92,92,91,,,,,,,
