,ID,name,address,website,opening_hours,lat,lon,rating,phone,social,Отношение к клиентам,Обслуживание,Персонал,Время ожидания,Банкомат,Расположение
0,170782357487,СберБанк,"ул. Седина, 53/15А, Ейск",www.sberbank.ru,"'mon': 08:00-17:00, 'tue': 08:00-17:00, 'wed': 08:00-17:00, 'thu': 08:00-17:00, 'fri': 08:00-17:00, 'sat': 08:00-17:00, 'sun': выходной",46.700900,38.260770,"4,6",['8 (800) 555-55-50Показать телефон'],"['http://ok.ru/sberbank', 'https://vk.com/sberbank']",90,90,90,,,
1,208829139196,СберБанк,"Армавирская ул., 46/1, Ейск",www.sberbank.ru,"'mon': 09:00-18:00, 'tue': 09:00-18:00, 'wed': 09:00-18:00, 'thu': 09:00-18:00, 'fri': 09:00-16:45, 'sat': выходной, 'sun': выходной",46.703413,38.282923,"4,3",['8 (800) 555-55-50Показать телефон'],['https://vk.com/sberbank'],,,,,,
2,1076905149,СберБанк,"ул. Комарова, 63, посёлок Широчанка",www.sberbank.ru,"'mon': 08:00-12:00,12:30-15:00, 'tue': выходной, 'wed': 08:00-12:00,12:30-15:00, 'thu': выходной, 'fri': 08:00-12:00, 'sat': выходной, 'sun': выходной",46.658383,38.332595,"3,7",['8 (800) 555-55-50Показать телефон'],"['http://ok.ru/sberbank', 'https://vk.com/sberbank']",,,,,,
3,1157594805,СберБанк,"Армавирская ул., 46/1, Ейск",www.sberbank.ru,"'mon': выходной, 'tue': выходной, 'wed': выходной, 'thu': выходной, 'fri': выходной, 'sat': выходной, 'sun': выходной",46.703467,38.282927,"4,2",['8 (800) 555-55-50Показать телефон'],['https://vk.com/sberbank'],,,,,,
4,200796406295,СберБанк,"Советская ул., 32А, село Александровка",www.sberbank.ru,"'mon': 08:30-13:00,13:30-16:00, 'tue': 08:30-13:00,13:30-16:00, 'wed': 08:30-13:00,13:30-16:00, 'thu': 08:30-13:00,13:30-16:00, 'fri': 08:30-13:00,13:30-16:00, 'sat': 08:30-13:00,13:30-16:00, 'sun': выходной",46.644929,38.400239,"4,0",['8 (800) 555-55-50Показать телефон'],"['http://ok.ru/sberbank', 'https://vk.com/sberbank']",,,,,,
5,1263108070,СберБанк,"Красная ул., 47/1, Ейск",www.sberbank.ru,"'mon': 08:00-17:00, 'tue': 08:00-17:00, 'wed': 08:00-17:00, 'thu': 08:00-17:00, 'fri': 08:00-17:00, 'sat': 08:00-17:00, 'sun': выходной",46.677640,38.283691,"4,7",['8 (800) 555-55-50Показать телефон'],"['http://ok.ru/sberbank', 'https://vk.com/sberbank']",94,91,97,77,83,100
6,1143027210,СберБанк,"ул. Ленина, 59, Ейск",www.sberbank.ru,"'mon': выходной, 'tue': выходной, 'wed': выходной, 'thu': выходной, 'fri': выходной, 'sat': выходной, 'sun': выходной",46.710424,38.275115,"4,7",['8 (800) 555-55-50Показать телефон'],"['http://ok.ru/sberbank', 'https://vk.com/sberbank']",77,80,81,62,67,88
7,121333358354,СберБанк,"Армавирская ул., 46/1, Ейск",www.sberbank.ru,"'mon': 08:00-17:30, 'tue': 08:00-17:30, 'wed': 08:00-17:30, 'thu': 08:00-17:30, 'fri': 08:00-17:30, 'sat': 08:00-17:30, 'sun': выходной",46.703344,38.282944,"4,6",['8 (800) 555-55-50Показать телефон'],"['http://ok.ru/sberbank', 'https://vk.com/sberbank']",82,85,84,77,60,
8,1096169361,СберБанк,"ул. Ленина, 1/1, село Глафировка",www.sberbank.ru,"'mon': выходной, 'tue': выходной, 'wed': выходной, 'thu': 09:00-12:00,13:00-16:00, 'fri': 09:00-12:00,13:00-16:00, 'sat': 08:45-12:00,13:00-16:00, 'sun': выходной",46.757902,38.410453,"4,1",['8 (800) 555-55-50Показать телефон'],"['http://ok.ru/sberbank', 'https://vk.com/sberbank']",,,,,,
