,ID,name,address,website,opening_hours,lat,lon,rating,phone,social,Обслуживание,Персонал,Отношение к клиентам,Время ожидания,Банкомат
0,1063637581,СберБанк,"ул. Кирова, 4, посёлок Октябрьский",www.sberbank.ru,"'mon': выходной, 'tue': выходной, 'wed': 09:00-13:00,13:20-15:00, 'thu': 09:00-13:00,13:20-15:00, 'fri': 09:00-13:00,13:20-15:00, 'sat': 09:00-12:20, 'sun': выходной",53.962716,37.976269,"4,0",['8 (800) 555-55-50Показать телефон'],"['http://ok.ru/sberbank', 'https://vk.com/sberbank']",,,,,
1,211556924627,СберБанк,"ул. Грецова, 4, село Дедилово",www.sberbank.ru,"'mon': выходной, 'tue': 08:05-15:20, 'wed': выходной, 'thu': выходной, 'fri': выходной, 'sat': выходной, 'sun': выходной",53.974448,37.929171,,['8 (800) 555-55-50Показать телефон'],"['http://ok.ru/sberbank', 'https://vk.com/sberbank']",,,,,
2,1050019008,СберБанк,"ул. Мира, 17Г, Киреевск",www.sberbank.ru,"'mon': 08:30-17:30, 'tue': 08:30-17:30, 'wed': 08:30-17:30, 'thu': 08:30-17:30, 'fri': 08:30-17:30, 'sat': 08:30-17:30, 'sun': выходной",53.930756,37.927716,"4,7",['8 (800) 555-55-50Показать телефон'],"['http://ok.ru/sberbank', 'https://vk.com/sberbank']",89,90,85,76,61
3,1072957770,СберБанк,"Пионерская ул., 15, рабочий посёлок Бородинский",www.sberbank.ru,"'mon': выходной, 'tue': 09:00-16:45, 'wed': 09:00-16:45, 'thu': 09:00-16:45, 'fri': 09:00-16:45, 'sat': 09:00-13:45, 'sun': выходной",53.995641,37.814187,"4,2",['8 (800) 555-55-50Показать телефон'],"['http://ok.ru/sberbank', 'https://vk.com/sberbank']",,,,,
4,1212446267,СберБанк,"ул. 14 Декабря, 9, Узловая",www.sberbank.ru,"'mon': 09:00-18:00, 'tue': 09:00-18:00, 'wed': 09:00-18:00, 'thu': 09:00-18:00, 'fri': 09:00-18:00, 'sat': 09:00-18:00, 'sun': выходной",53.966688,38.165772,"4,8",['8 (800) 555-55-50Показать телефон'],"['http://ok.ru/sberbank', 'https://vk.com/sberbank']",85,88,83,67,
5,215514308678,СберБанк,"ул. Трегубова, 34, Узловая",www.sberbank.ru,"'mon': 09:00-18:30, 'tue': 09:00-18:30, 'wed': 09:00-18:30, 'thu': 09:00-18:30, 'fri': 09:00-18:30, 'sat': 09:00-18:30, 'sun': выходной",53.980979,38.162114,"4,4",['8 (800) 555-55-50Показать телефон'],"['http://ok.ru/sberbank', 'https://vk.com/sberbank']",81,77,70,80,
6,1115600068,СберБанк,"ул. Кирова, 6, сельский посёлок Брусянский",www.sberbank.ru,"'mon': выходной, 'tue': 09:00-13:00,13:15-16:40, 'wed': выходной, 'thu': 09:00-13:00,13:15-16:40, 'fri': выходной, 'sat': 09:00-13:00,13:15-16:40, 'sun': выходной",53.992698,38.092198,"4,0",['8 (800) 555-55-50Показать телефон'],"['http://ok.ru/sberbank', 'https://vk.com/sberbank']",,,,,
7,1048548160,СберБанк,"ул. Льва Толстого, 18, сельский посёлок Партизан",www.sberbank.ru,"'mon': выходной, 'tue': выходной, 'wed': 08:30-13:00,13:49-16:45, 'thu': выходной, 'fri': 08:30-13:00,13:49-16:45, 'sat': выходной, 'sun': выходной",53.948978,38.097057,"3,2",['8 (800) 555-55-50Показать телефон'],"['http://ok.ru/sberbank', 'https://vk.com/sberbank']",,,,,
