,ID,name,address,website,opening_hours,lat,lon,rating,phone,social,Обслуживание,Персонал,Отношение к клиентам,Время ожидания
0,1001933818,СберБанк,"Комсомольский просп., 35, Усолье-Сибирское",www.sberbank.ru,"'mon': 09:00-18:00, 'tue': 09:00-18:00, 'wed': 09:00-18:00, 'thu': 09:00-18:00, 'fri': 09:00-18:00, 'sat': 09:00-18:00, 'sun': выходной",C52.75738,103.63916,"4,5",['8 (800) 555-55-50Показать телефон'],"['http://ok.ru/sberbank', 'https://vk.com/sberbank']",88,92,90,73
1,127524408419,СберБанк,"ул. Орджоникидзе, 31, Усолье-Сибирское",www.sberbank.ru,"'mon': 09:00-18:00, 'tue': 09:00-18:00, 'wed': 09:00-18:00, 'thu': 09:00-18:00, 'fri': 09:00-18:00, 'sat': 09:00-18:00, 'sun': выходной",C52.75291,103.65991,"4,4",['8 (800) 555-55-50Показать телефон'],"['http://ok.ru/sberbank', 'https://vk.com/sberbank']",85,88,85,
2,189986564257,СберБанк,"ул. Стопани, 39Б, Усолье-Сибирское",www.sberbank.ru,"'mon': 09:00-18:00, 'tue': 09:00-18:00, 'wed': 09:00-18:00, 'thu': 09:00-18:00, 'fri': 09:00-18:00, 'sat': 09:00-18:00, 'sun': выходной",C52.75259,103.62733,"4,4",['8 (800) 555-55-50Показать телефон'],"['http://ok.ru/sberbank', 'https://vk.com/sberbank']",82,82,,
3,241841006620,СберБанк,"просп. Красных Партизан, 57А, Усолье-Сибирское",www.sberbank.ru,"'mon': 09:00-18:00, 'tue': 09:00-18:00, 'wed': 09:00-18:00, 'thu': 09:00-18:00, 'fri': 09:00-18:00, 'sat': 09:00-18:00, 'sun': выходной",C52.73012,103.65748,"4,5",['8 (800) 555-55-50Показать телефон'],"['http://ok.ru/sberbank', 'https://vk.com/sberbank']",83,87,83,60
4,203481585768,СберБанк,"31, рабочий посёлок Белореченский",www.sberbank.ru,"'mon': выходной, 'tue': 09:30-13:30,14:00-18:00, 'wed': 09:30-13:30,14:00-18:00, 'thu': 09:30-13:30,14:00-18:00, 'fri': 09:30-13:30,14:00-18:00, 'sat': 09:30-13:30,14:00-18:00, 'sun': выходной",C52.81243,103.52661,"4,2",['8 (800) 555-55-50Показать телефон'],"['http://ok.ru/sberbank', 'https://vk.com/sberbank']",,,,
