,ID,name,address,website,opening_hours,lat,lon,rating,phone,social,Обслуживание,Отношение к клиентам,Персонал,Время ожидания,Банкомат,Расположение,График работы
0,1128862619,СберБанк,"Советская ул., 5/15, Солнечногорск",www.sberbank.ru,"'mon': 08:30-19:30, 'tue': 08:30-19:30, 'wed': 08:30-19:30, 'thu': 08:30-19:30, 'fri': 08:30-19:30, 'sat': 08:30-19:30, 'sun': выходной",56.185343,36.975522,"4,5",['8 (800) 555-55-50Показать телефон'],"['http://ok.ru/sberbank', 'https://vk.com/sberbank']",78,80,83,54,27,92,50
1,1013684148,СберБанк,"Банковская ул., 6, Солнечногорск",www.sberbank.ru,"'mon': 09:00-18:30, 'tue': 09:00-18:30, 'wed': 09:00-18:30, 'thu': 09:00-18:30, 'fri': 09:00-18:30, 'sat': 09:00-18:30, 'sun': выходной",56.189034,36.983152,"4,7",['8 (800) 555-55-50Показать телефон'],"['http://ok.ru/sberbank', 'https://vk.com/sberbank']",82,81,84,69,76,100,
2,138581227583,СберБанк,"Красная ул., 6А, Солнечногорск",www.sberbank.ru,"'mon': 09:30-18:00, 'tue': 09:30-18:00, 'wed': 09:30-18:00, 'thu': 09:30-18:00, 'fri': 09:30-18:00, 'sat': 09:30-18:00, 'sun': выходной",56.176895,36.995309,"4,7",['8 (800) 555-55-50Показать телефон'],"['http://ok.ru/sberbank', 'https://t.me/Sber_Business_Live_bot', 'https://vk.com/careersber']",83,85,88,61,53,93,50
3,67779251258,СберБанк,"Подмосковная ул., 11, квартал комплексной застройки Тимоново, д. Тимоново",www.sberbank.ru,"'mon': выходной, 'tue': 08:45-13:00,14:00-18:00, 'wed': 08:45-13:00,14:00-18:00, 'thu': 08:45-13:00,14:00-18:00, 'fri': 08:45-13:00,14:00-18:00, 'sat': 08:45-13:00,14:00-18:00, 'sun': выходной",56.216184,37.025645,"4,0",['8 (800) 555-55-50Показать телефон'],"['http://ok.ru/sberbank', 'https://vk.com/sberbank']",,,,,,,
