,ID,name,address,website,opening_hours,lat,lon,rating,phone,social,Обслуживание,Персонал,Отношение к клиентам,Время ожидания,График работы,Расположение
0,200673314831,СберБанк,"Большевистская ул., 46, Краснокамск",www.sberbank.ru,"'mon': 09:00-18:30, 'tue': 09:00-18:30, 'wed': 09:00-18:30, 'thu': 09:00-18:30, 'fri': 09:00-18:30, 'sat': 09:00-18:30, 'sun': выходной",58.082787,55.749120,"4,4",['8 (800) 555-55-50Показать телефон'],"['http://ok.ru/sberbank', 'https://vk.com/sberbank']",67,75,74,47,,
1,1097671643,СберБанк,"Банковский пер., 4, Краснокамск",www.sberbank.ru,"'mon': 09:00-18:00, 'tue': 09:00-18:00, 'wed': 09:00-18:00, 'thu': 09:00-18:00, 'fri': 09:00-18:00, 'sat': 09:00-18:00, 'sun': выходной",58.078808,55.753614,"4,6",['8 (800) 555-55-50Показать телефон'],"['http://ok.ru/sberbank', 'https://vk.com/sberbank']",97,93,96,85,,
2,135300111227,СберБанк,"ул. Комарова, 1, Краснокамск",www.sberbank.ru,"'mon': 09:00-18:00, 'tue': 09:00-18:00, 'wed': 09:00-18:00, 'thu': 09:00-18:00, 'fri': 09:00-18:00, 'sat': 09:00-18:00, 'sun': выходной",58.076443,55.731044,"4,4",['8 (800) 555-55-50Показать телефон'],"['http://ok.ru/sberbank', 'https://vk.com/sberbank']",100,100,100,,,
3,1036539974,СберБанк,"ул. Строителей, 4, рабочий посёлок Оверята",www.sberbank.ru,"'mon': выходной, 'tue': выходной, 'wed': выходной, 'thu': выходной, 'fri': выходной, 'sat': выходной, 'sun': выходной",58.076116,55.871142,"4,2",['8 (800) 555-55-50Показать телефон'],"['http://ok.ru/sberbank', 'https://vk.com/sberbank']",,,,,,
4,72583024187,СберБанк,"ул. Генерала Панфилова, 14, Пермь",www.sberbank.ru,"'mon': 08:30-13:00,14:00-19:00, 'tue': 08:30-13:00,14:00-19:00, 'wed': выходной, 'thu': 08:30-13:00,14:00-19:00, 'fri': 08:30-13:00,14:00-19:00, 'sat': выходной, 'sun': выходной",58.026534,55.841640,"3,2",['8 (800) 555-55-50Показать телефон'],"['http://ok.ru/sberbank', 'https://vk.com/sberbank']",75,,80,,10,
5,1077011677,СберБанк,"Красногорская ул., 1, посёлок Майский",www.sberbank.ru,"'mon': выходной, 'tue': 10:00-13:00,14:00-18:00, 'wed': 10:00-13:00,14:00-18:00, 'thu': 10:00-13:00,14:00-18:00, 'fri': 10:00-13:00,14:00-18:00, 'sat': 10:00-15:30, 'sun': выходной",58.106143,55.573448,"4,0",['8 (800) 555-55-50Показать телефон'],"['http://ok.ru/sberbank', 'https://vk.com/sberbank']",,,,,,
6,1047254671,СберБанк,"Строительная ул., 4, посёлок станции Чайковская",www.sberbank.ru,"'mon': 09:00-13:00,14:00-18:30, 'tue': 09:00-13:00,14:00-18:30, 'wed': выходной, 'thu': 09:00-13:00,14:00-18:30, 'fri': выходной, 'sat': выходной, 'sun': выходной",58.124945,55.535665,"2,8",['8 (800) 555-55-50Показать телефон'],"['http://ok.ru/sberbank', 'https://vk.com/sberbank']",,,,,,
7,1218958149,СберБанк,"ул. Адмирала Ушакова, 36, Пермь",www.sberbank.ru,"'mon': 09:00-19:00, 'tue': 09:00-19:00, 'wed': 09:00-19:00, 'thu': 09:00-19:00, 'fri': 09:00-19:00, 'sat': 09:00-19:00, 'sun': выходной",58.032319,56.014046,"4,4",['8 (800) 555-55-50Показать телефон'],"['http://ok.ru/sberbank', 'https://vk.com/sberbank']",82,85,83,53,,92
8,96079752242,СберБанк,"ул. Маршала Рыбалко, 90, Пермь",www.sberbank.ru,"'mon': 09:00-19:00, 'tue': 09:00-19:00, 'wed': 09:00-19:00, 'thu': 09:00-19:00, 'fri': 09:00-19:00, 'sat': 09:00-19:00, 'sun': выходной",58.009712,55.965312,"4,5",['8 (800) 555-55-50Показать телефон'],"['http://ok.ru/sberbank', 'https://vk.com/sberbank']",77,84,86,67,,
