,ID,name,address,website,opening_hours,lat,lon,rating,phone,social,Обслуживание,Персонал,Отношение к клиентам,Время ожидания,Банкомат,Расположение,График работы,Ремонт,Ипотека,Кредит,Доступность
0,1150771757,СберБанк,"16-я линия Васильевского острова, 15/57, Санкт-Петербург",www.sberbank.ru,"'mon': 10:00-19:00, 'tue': 10:00-19:00, 'wed': 10:00-19:00, 'thu': 10:00-19:00, 'fri': 10:00-19:00, 'sat': 10:00-19:00, 'sun': выходной",59.936148,30.270141,"4,4",['8 (800) 555-55-50Показать телефон'],"['https://ok.ru/sber/', 'https://vk.com/sberbank']",67,62,61,58,44,100,,,,,
1,1059154360,СберБанк,"площадь Александра Невского, 2, Санкт-Петербург",www.sberbank.ru,"'mon': 10:00-19:00, 'tue': 10:00-19:00, 'wed': 10:00-19:00, 'thu': 10:00-19:00, 'fri': 10:00-19:00, 'sat': 10:00-19:00, 'sun': выходной",59.925073,30.387590,"4,2",['8 (800) 555-55-50Показать телефон'],"['http://ok.ru/sberbank', 'https://vk.com/sberbank']",77,83,80,64,,,,,,,
2,1025636426,СберБанк,"7-я Советская ул., 9/20, Санкт-Петербург",www.sberbank.ru,"'mon': 10:00-19:00, 'tue': 10:00-19:00, 'wed': 10:00-19:00, 'thu': 10:00-19:00, 'fri': 10:00-19:00, 'sat': 10:00-19:00, 'sun': выходной",59.935978,30.371862,"4,3",['8 (800) 555-55-50Показать телефон'],"['http://ok.ru/sberbank', 'https://t.me/sberbank', 'https://vk.com/sberbank']",71,77,72,37,39,87,,,,,
3,181432090343,СберБанк,"Московский просп., 172, Санкт-Петербург",www.sberbank.ru,"'mon': 10:00-19:00, 'tue': 10:00-19:00, 'wed': 10:00-19:00, 'thu': 10:00-19:00, 'fri': 10:00-19:00, 'sat': 10:00-19:00, 'sun': выходной",59.877701,30.320775,"4,3",['8 (800) 555-55-50Показать телефон'],"['https://ok.ru/sberbank', 'https://t.me/sberbank', 'https://vk.com/sberbank']",73,78,83,54,71,83,,,,,
4,158571732804,СберБанк,"Троицкий просп., 7, Санкт-Петербург",www.sberbank.ru,"'mon': 10:00-19:00, 'tue': 10:00-19:00, 'wed': 10:00-19:00, 'thu': 10:00-19:00, 'fri': 10:00-19:00, 'sat': 10:00-19:00, 'sun': выходной",59.916041,30.297999,"4,4",['8 (800) 555-55-50Показать телефон'],"['http://ok.ru/sberbank', 'https://t.me/sberbank', 'https://vk.com/sberbank']",69,77,66,46,57,91,,,,,
5,1087111979,СберБанк,"Гражданский просп., 105, корп. 1, Санкт-Петербург",www.sberbank.ru,"'mon': 10:00-19:00, 'tue': 10:00-19:00, 'wed': 10:00-19:00, 'thu': 10:00-19:00, 'fri': 10:00-19:00, 'sat': выходной, 'sun': выходной",60.027958,30.413824,"4,4",['8 (800) 555-55-50Показать телефон'],"['https://ok.ru/sberbank', 'https://vk.com/sberbank']",84,86,86,77,44,93,,,,,
6,1068241367,СберБанк,"ул. Савушкина, 3, Санкт-Петербург",www.sberbank.ru,"'mon': 10:00-19:30, 'tue': 10:00-19:30, 'wed': 10:00-19:30, 'thu': 10:00-19:30, 'fri': 10:00-19:30, 'sat': 10:00-19:30, 'sun': 10:30-16:00",59.986712,30.299264,"4,3",['8 (800) 555-55-50Показать телефон'],"['http://ok.ru/sberbank', 'https://vk.com/sberbank']",74,76,74,49,56,95,90,,,,
7,1004532609,СберБанк,"просп. Космонавтов, 63, корп. 1, Санкт-Петербург",www.sberbank.ru,"'mon': 10:00-19:00, 'tue': 10:00-19:00, 'wed': 10:00-19:00, 'thu': 10:00-19:00, 'fri': 10:00-19:00, 'sat': 10:00-19:00, 'sun': выходной",59.838949,30.357169,"4,5",['8 (800) 555-55-50Показать телефон'],"['http://ok.ru/sberbank', 'https://vk.com/sberbank']",76,85,79,47,56,91,24,,,,
8,1059732877,СберБанк,"просп. Косыгина, 28, корп. 1, Санкт-Петербург",www.sberbank.ru,"'mon': 09:30-19:30, 'tue': 09:30-19:30, 'wed': 09:30-19:30, 'thu': 09:30-19:30, 'fri': 09:30-19:30, 'sat': 09:30-19:30, 'sun': 10:30-18:00",59.945766,30.495625,"4,4",['8 (800) 555-55-50Показать телефон'],"['http://ok.ru/sberbank', 'https://vk.com/sberbank']",76,79,76,61,45,,,,,,
9,1140857575,СберБанк,"Светлановский просп., 40, корп. 1, Санкт-Петербург",www.sberbank.ru,"'mon': 10:00-19:30, 'tue': 10:00-19:30, 'wed': 10:00-19:30, 'thu': 10:00-19:30, 'fri': 10:00-19:30, 'sat': 10:00-19:30, 'sun': выходной",60.023200,30.376792,"4,5",['8 (800) 555-55-50Показать телефон'],"['https://ok.ru/sberbank', 'https://vk.com/sber']",86,91,88,71,61,100,,,,,
10,1126509971,СберБанк,"Бухарестская ул., 49/43, Санкт-Петербург",www.sberbank.ru,"'mon': выходной, 'tue': выходной, 'wed': выходной, 'thu': выходной, 'fri': выходной, 'sat': выходной, 'sun': выходной",59.858098,30.392503,"4,4",['8 (800) 555-55-50Показать телефон'],"['http://ok.ru/sberbank', 'https://vk.com/sberbank']",71,70,69,63,55,94,,,,,
11,61936429444,СберБанк,"Привокзальная площадь, 1А, корп. 1, Мурино",www.sberbank.ru,"'mon': 10:00-20:00, 'tue': 10:00-20:00, 'wed': 10:00-20:00, 'thu': 10:00-20:00, 'fri': 10:00-20:00, 'sat': 10:00-20:00, 'sun': выходной",60.050707,30.446057,"4,5",['8 (800) 555-55-50Показать телефон'],"['https://ok.ru/sberbank', 'https://vk.com/sberbank']",77,78,75,59,70,96,53,,,,
12,1020469673,СберБанк,"Яхтенная ул., 10, корп. 1, Санкт-Петербург",www.sberbank.ru,"'mon': 09:30-18:30, 'tue': 09:30-18:30, 'wed': 09:30-18:30, 'thu': 09:30-18:30, 'fri': 09:30-18:30, 'sat': 09:30-18:30, 'sun': выходной",59.989229,30.215571,"4,3",['8 (800) 555-55-50Показать телефон'],"['http://ok.ru/sberbank', 'https://vk.com/sberbank']",74,82,71,66,76,100,36,,,,
13,1081543849,СберБанк,"просп. Энгельса, 128, Санкт-Петербург",www.sberbank.ru,"'mon': 10:00-19:00, 'tue': 10:00-19:00, 'wed': 10:00-19:00, 'thu': 10:00-19:00, 'fri': 10:00-19:00, 'sat': 10:00-19:00, 'sun': выходной",60.042733,30.326279,"4,4",['8 (800) 555-55-50Показать телефон'],"['http://ok.ru/sberbank', 'https://t.me/sberbank', 'https://vk.com/sberbank']",69,70,69,59,56,,,,,,
14,47641268692,СберБанк,"ул. Шувалова, 22, корп. 1, Мурино",www.sberbank.ru,"'mon': 10:00-20:00, 'tue': 10:00-20:00, 'wed': 10:00-20:00, 'thu': 10:00-20:00, 'fri': 10:00-20:00, 'sat': 10:00-20:00, 'sun': 11:00-19:00",60.060289,30.431881,"4,6",['8 (800) 555-55-50Показать телефон'],['https://vk.com/sberbank'],69,71,69,46,11,87,17,,,,
15,1013546553,СберБанк,"просп. КИМа, 4Б, Санкт-Петербург",www.sberbank.ru,"'mon': выходной, 'tue': выходной, 'wed': выходной, 'thu': выходной, 'fri': выходной, 'sat': выходной, 'sun': выходной",59.949532,30.244676,"4,3",['8 (800) 555-55-50Показать телефон'],"['http://ok.ru/sberbank', 'https://vk.com/sberbank']",68,75,68,48,65,92,,,,,
16,89068644446,СберБанк,"Красносельское ш., 54, корп. 3, территория Горелово, Санкт-Петербург",www.sberbank.ru,"'mon': 10:00-18:30, 'tue': 10:00-18:30, 'wed': 10:00-18:30, 'thu': 10:00-18:30, 'fri': 10:00-18:30, 'sat': 10:00-18:30, 'sun': выходной",59.791241,30.149751,"4,5",['8 (800) 555-55-50Показать телефон'],"['http://ok.ru/sberbank', 'https://vk.com/sberbank']",75,76,74,65,42,,10,,,,
17,1056208411,СберБанк,"бул. Новаторов, 98, Санкт-Петербург",www.sberbank.ru,"'mon': 10:00-19:00, 'tue': 10:00-19:00, 'wed': 10:00-19:00, 'thu': 10:00-19:00, 'fri': 10:00-19:00, 'sat': 10:30-16:30, 'sun': 10:30-15:00",59.841166,30.253757,"4,4",['8 (800) 555-55-50Показать телефон'],"['http://ok.ru/sberbank', 'https://vk.com/sberbank']",82,86,81,58,49,95,,,,,
18,1263754551,СберБанк,"Гражданский просп., 92, корп. 1, Санкт-Петербург",www.sberbank.ru,"'mon': 10:00-19:00, 'tue': 10:00-19:00, 'wed': 10:00-19:00, 'thu': 10:00-19:00, 'fri': 10:00-19:00, 'sat': 10:00-19:00, 'sun': выходной",60.019231,30.402790,"4,2",['8 (800) 555-55-50Показать телефон'],['https://vk.com/sberbank'],60,62,58,27,3,,0,,,,
19,1096338817,СберБанк,"просп. Большевиков, 2, Санкт-Петербург",www.sberbank.ru,"'mon': 10:00-19:30, 'tue': 10:00-19:30, 'wed': 10:00-19:30, 'thu': 10:00-19:30, 'fri': 10:00-19:30, 'sat': 10:00-19:30, 'sun': 10:30-16:00",59.917890,30.473396,"4,4",['8 (800) 555-55-50Показать телефон'],"['http://ok.ru/sberbank', 'https://vk.com/sberbank']",71,75,69,55,63,100,,,,,
20,1045547626,СберБанк,"Комендантский просп., 30, корп. 1, Санкт-Петербург",www.sberbank.ru,"'mon': 09:00-19:00, 'tue': 09:00-19:00, 'wed': 09:00-19:00, 'thu': 09:00-19:00, 'fri': 09:00-19:00, 'sat': 09:00-19:00, 'sun': выходной",60.015280,30.249511,"4,4",['8 (800) 555-55-50Показать телефон'],"['http://ok.ru/sberbank', 'https://vk.com/sberbank']",70,69,65,62,94,90,25,,,,
21,1049511586,СберБанк,"Гражданский просп., 19, корп. 1, Санкт-Петербург",www.sberbank.ru,"'mon': 09:30-19:00, 'tue': 09:30-19:00, 'wed': 09:30-19:00, 'thu': 09:30-19:00, 'fri': 09:30-19:00, 'sat': 09:30-19:00, 'sun': выходной",60.004039,30.389572,"4,3",['8 (800) 555-55-50Показать телефон'],"['https://ok.ru/sberbank', 'https://t.me/sberbank', 'https://vk.com/sberbank']",77,84,74,56,71,88,,,,,
22,1106442682,СберБанк,"просп. Елизарова, 11, Санкт-Петербург",www.sberbank.ru,"'mon': 09:30-20:00, 'tue': 09:30-20:00, 'wed': 09:30-20:00, 'thu': 09:30-20:00, 'fri': 09:30-20:00, 'sat': 09:30-20:00, 'sun': выходной",59.896793,30.424356,"4,4",['8 (800) 555-55-50Показать телефон'],"['http://ok.ru/sberbank', 'https://vk.com/sberbank']",75,81,76,40,32,95,29,,,,
23,1122930001,СберБанк,"просп. Испытателей, 31, корп. 1, Санкт-Петербург",www.sberbank.ru,"'mon': 10:00-19:00, 'tue': 10:00-19:00, 'wed': 10:00-19:00, 'thu': 10:00-19:00, 'fri': 10:00-19:00, 'sat': 10:00-19:00, 'sun': выходной",60.007343,30.270554,"4,3",['8 (800) 555-55-50Показать телефон'],"['http://ok.ru/sberbank', 'https://vk.com/sberbank']",79,90,80,61,79,100,,,,,
24,1125605053,СберБанк,"Озёрная ул., 4, д. Новое Девяткино",www.sberbank.ru,"'mon': 10:00-19:30, 'tue': 10:00-19:30, 'wed': 10:00-19:30, 'thu': 10:00-19:30, 'fri': 10:00-19:30, 'sat': 10:00-19:30, 'sun': выходной",60.056952,30.476770,"4,6",['8 (800) 555-55-50Показать телефон'],"['http://ok.ru/sberbank', 'https://t.me/sberbank', 'https://vk.com/sberbank']",91,92,91,64,71,80,,,,,
25,1044162053,СберБанк,"ул. Севастьянова, 7, Санкт-Петербург",www.sberbank.ru,"'mon': 09:00-19:00, 'tue': 09:00-19:00, 'wed': 09:00-19:00, 'thu': 09:00-19:00, 'fri': 09:00-19:00, 'sat': 09:00-19:00, 'sun': выходной",59.874618,30.328710,"4,4",['8 (800) 555-55-50Показать телефон'],"['http://ok.ru/sberbank', 'https://vk.com/sberbank']",70,72,66,63,86,88,64,,,,
26,1103647756,СберБанк,"Невский просп., 82, Санкт-Петербург",www.sberbank.ru,"'mon': 10:00-19:00, 'tue': 10:00-19:00, 'wed': 10:00-19:00, 'thu': 10:00-19:00, 'fri': 10:00-19:00, 'sat': 10:00-19:00, 'sun': выходной",59.932685,30.349486,"4,2",['8 (800) 555-55-50Показать телефон'],"['http://ok.ru/sberbank', 'https://vk.com/sberbank']",67,72,66,55,,94,,,,,
27,1090671758,СберБанк,"Долгоозёрная ул., 16, корп. 1, Санкт-Петербург",www.sberbank.ru,"'mon': 10:00-19:00, 'tue': 10:00-19:00, 'wed': 10:00-19:00, 'thu': 10:00-19:00, 'fri': 10:00-19:00, 'sat': 10:00-19:00, 'sun': выходной",60.018620,30.250728,"4,3",['8 (800) 555-55-50Показать телефон'],"['http://ok.ru/sberbank', 'https://vk.com/sberbank']",73,81,76,61,71,100,17,,,,
28,1102567483,СберБанк,"просп. Авиаконструкторов, 21, корп. 1, Санкт-Петербург",www.sberbank.ru,"'mon': 10:30-19:30, 'tue': 10:30-19:30, 'wed': 10:30-19:30, 'thu': 10:30-19:30, 'fri': 10:30-19:30, 'sat': 10:30-19:30, 'sun': выходной",60.017680,30.238407,"4,4",['8 (800) 555-55-50Показать телефон'],"['http://ok.ru/sberbank', 'https://vk.com/sberbank']",74,78,71,52,52,100,45,,,,
29,1023523463,СберБанк,"просп. Луначарского, 64А, Санкт-Петербург",www.sberbank.ru,"'mon': 10:00-21:00, 'tue': 10:00-21:00, 'wed': 10:00-21:00, 'thu': 10:00-21:00, 'fri': 10:00-21:00, 'sat': 10:00-21:00, 'sun': 10:00-19:00",60.040071,30.347883,"4,4",['8 (800) 555-55-50Показать телефон'],"['http://ok.ru/sberbank', 'https://vk.com/sberbank']",77,81,78,51,40,100,71,93,,,
30,1642123270,СберБанк,"просп. Просвещения, 53, корп. 1, Санкт-Петербург",www.sberbank.ru,"'mon': 09:00-19:00, 'tue': 09:00-19:00, 'wed': 09:00-19:00, 'thu': 09:00-19:00, 'fri': 09:00-19:00, 'sat': 09:00-19:00, 'sun': выходной",60.042999,30.380855,"4,3",['8 (800) 555-55-50Показать телефон'],"['http://ok.ru/sberbank', 'https://t.me/sberbank', 'https://vk.com/sberbank']",70,74,68,46,60,89,,,,,
31,1027204699,СберБанк,"Большая Зеленина ул., 14/18А, Санкт-Петербург",www.sberbank.ru,"'mon': 10:00-20:00, 'tue': 10:00-20:00, 'wed': 10:00-20:00, 'thu': 10:00-20:00, 'fri': 10:00-20:00, 'sat': 10:00-20:00, 'sun': выходной",59.961615,30.291078,"4,3",['8 (800) 555-55-50Показать телефон'],"['http://ok.ru/sberbank', 'https://vk.com/sberbank']",73,73,70,55,54,92,,,,,
32,30556296404,СберБанк,"Балканская площадь, 5АД, Санкт-Петербург",www.sberbank.ru,"'mon': выходной, 'tue': выходной, 'wed': выходной, 'thu': выходной, 'fri': выходной, 'sat': выходной, 'sun': выходной",59.828632,30.380257,"4,3",['8 (800) 555-55-50Показать телефон'],"['http://ok.ru/sberbank', 'https://vk.com/sberbank']",79,84,80,77,79,100,,,,,
33,1092282104,СберБанк,"Будапештская ул., 92, Санкт-Петербург",www.sberbank.ru,"'mon': 10:00-19:30, 'tue': 10:00-19:30, 'wed': 10:00-19:30, 'thu': 10:00-19:30, 'fri': 10:00-19:30, 'sat': 10:00-19:30, 'sun': выходной",59.839600,30.396479,"4,6",['8 (800) 555-55-50Показать телефон'],"['http://ok.ru/sberbank', 'https://vk.com/sberbank']",85,90,81,76,57,94,,,,,
34,1030930390,СберБанк,"Политехническая ул., 17, корп. 1, Санкт-Петербург",www.sberbank.ru,"'mon': 09:00-19:00, 'tue': 09:00-19:00, 'wed': 09:00-19:00, 'thu': 09:00-19:00, 'fri': 09:00-19:00, 'sat': 09:00-19:00, 'sun': выходной",60.000231,30.366558,"4,3",['8 (800) 555-55-50Показать телефон'],"['http://ok.ru/sberbank', 'https://t.me/sberbank', 'https://vk.com/sberbank']",68,76,67,61,77,100,33,,,,
35,28304591277,СберБанк,"Ленинградская ул., 3, Кудрово",www.sberbank.ru,"'mon': 10:00-19:30, 'tue': 10:00-19:30, 'wed': 10:00-19:30, 'thu': 10:00-19:30, 'fri': 10:00-19:30, 'sat': 10:00-19:30, 'sun': выходной",59.912825,30.506193,"4,4",['8 (800) 555-55-50Показать телефон'],"['https://ok.ru/sberbank', 'https://t.me/sberbank', 'https://vk.com/sberbank']",77,81,77,60,72,93,,,73,55,
36,1053687046,СберБанк,"ул. Димитрова, 12, корп. 1, Санкт-Петербург",www.sberbank.ru,"'mon': 10:00-21:00, 'tue': 10:00-21:00, 'wed': 10:00-21:00, 'thu': 10:00-21:00, 'fri': 10:00-21:00, 'sat': 10:00-21:00, 'sun': 10:00-19:00",59.847562,30.382022,"4,5",['8 (800) 555-55-50Показать телефон'],"['http://ok.ru/sberbank', 'https://vk.com/sberbank']",63,69,70,45,53,88,48,67,,,
37,1286042498,СберБанк,"просп. Просвещения, 32, корп. 1, Санкт-Петербург",www.sberbank.ru,"'mon': 10:00-20:00, 'tue': 10:00-20:00, 'wed': 10:00-20:00, 'thu': 10:00-20:00, 'fri': 10:00-20:00, 'sat': 10:00-20:00, 'sun': 10:30-16:00",60.054092,30.331368,"4,4",['8 (800) 555-55-50Показать телефон'],"['https://ok.ru/sberbank', 'https://vk.com/sberbank']",72,77,73,56,56,95,,,,,
38,186139030206,СберБанк,"просп. Авиаторов Балтики, 7, Мурино",www.sberbank.ru,"'mon': 10:00-20:00, 'tue': 10:00-20:00, 'wed': 10:00-20:00, 'thu': 10:00-20:00, 'fri': 10:00-20:00, 'sat': 10:00-20:00, 'sun': 11:00-16:00",60.052470,30.438872,"4,5",['8 (800) 555-55-50Показать телефон'],"['http://ok.ru/sberbank', 'https://vk.com/sberbank']",69,70,68,62,71,89,60,,83,44,
39,1120109931,СберБанк,"Московский просп., 220, лит.А, Санкт-Петербург",www.sberbank.ru,"'mon': выходной, 'tue': выходной, 'wed': выходной, 'thu': выходной, 'fri': выходной, 'sat': выходной, 'sun': выходной",59.846839,30.322510,"4,4",['8 (800) 555-55-50Показать телефон'],"['https://ok.ru/sberbank', 'https://vk.com/bankdruzey']",65,71,64,44,50,91,,,66,43,
40,1191888272,СберБанк,"Ленинский просп., 95, корп. 1, Санкт-Петербург",www.sberbank.ru,"'mon': выходной, 'tue': выходной, 'wed': выходной, 'thu': выходной, 'fri': выходной, 'sat': выходной, 'sun': выходной",59.853208,30.213587,"4,5",['8 (800) 555-55-50Показать телефон'],"['http://ok.ru/sberbank', 'https://t.me/sberbank', 'https://vk.com/sberbank']",75,73,76,64,83,91,60,,,,
41,1017130951,СберБанк,"ул. Ярослава Гашека, 9, корп. 1, Санкт-Петербург",www.sberbank.ru,"'mon': 09:30-19:30, 'tue': 09:30-19:30, 'wed': 09:30-19:30, 'thu': 09:30-19:30, 'fri': 09:30-19:30, 'sat': 09:30-19:30, 'sun': выходной",59.831570,30.389044,"4,3",['8 (800) 555-55-50Показать телефон'],"['http://ok.ru/sberbank', 'https://vk.com/sberbank']",67,68,64,56,65,100,,,,,
42,213043250041,СберБанк,"ул. Пограничника Гарькавого, 33, Санкт-Петербург",www.sberbank.ru,"'mon': 09:30-18:30, 'tue': 09:30-18:30, 'wed': 09:30-18:30, 'thu': 09:30-18:30, 'fri': 09:30-18:30, 'sat': 09:30-18:30, 'sun': выходной",59.833662,30.146335,"4,4",['8 (800) 555-55-50Показать телефон'],"['http://ok.ru/sberbank', 'https://t.me/sberbank', 'https://vk.com/sberbank']",82,87,82,52,49,83,44,77,,,
43,147513585970,СберБанк,"Народная ул., 2, Санкт-Петербург",www.sberbank.ru,"'mon': выходной, 'tue': выходной, 'wed': выходной, 'thu': выходной, 'fri': выходной, 'sat': выходной, 'sun': выходной",59.880016,30.456985,"4,4",['8 (800) 555-55-50Показать телефон'],"['http://ok.ru/sberbank', 'https://vk.com/sberbank']",78,81,77,69,92,82,75,,,,
44,1197015470,СберБанк,"просп. Авиаконструкторов, 47, Санкт-Петербург",www.sberbank.ru,"'mon': 10:30-19:30, 'tue': 10:30-19:30, 'wed': 10:30-19:30, 'thu': 10:30-19:30, 'fri': 10:30-19:30, 'sat': выходной, 'sun': выходной",60.027158,30.225005,"4,4",['8 (800) 555-55-50Показать телефон'],"['http://ok.ru/sberbank', 'https://vk.com/sberbank']",82,80,80,71,71,92,33,,,,
45,196519209121,СберБанк,"просп. Косыгина, 27, корп. 1, Санкт-Петербург",www.sberbank.ru,"'mon': 10:00-20:00, 'tue': 10:00-20:00, 'wed': 10:00-20:00, 'thu': 10:00-20:00, 'fri': 10:00-20:00, 'sat': 10:00-20:00, 'sun': выходной",59.944809,30.494413,"4,4",['8 (800) 555-55-50Показать телефон'],"['http://ok.ru/sberbank', 'https://vk.com/sberbank']",72,74,73,66,,,,,,,
46,1086054702,СберБанк,"просп. Культуры, 22, корп. 1, Санкт-Петербург",www.sberbank.ru,"'mon': 10:00-19:00, 'tue': 10:00-19:00, 'wed': 10:00-19:00, 'thu': 10:00-19:00, 'fri': 10:00-19:00, 'sat': 10:00-19:00, 'sun': выходной",60.046110,30.373657,"4,3",['8 (800) 555-55-50Показать телефон'],"['http://ok.ru/sberbank', 'https://t.me/sberbank', 'https://vk.com/sberbank']",85,87,85,70,63,100,,,,,
47,211764039930,СберБанк,"ул. Тельмана, 48, корп. 1, Санкт-Петербург",www.sberbank.ru,"'mon': 10:00-19:00, 'tue': 10:00-19:00, 'wed': 10:00-19:00, 'thu': 10:00-19:00, 'fri': 10:00-19:00, 'sat': 10:00-19:00, 'sun': выходной",59.893065,30.483510,"4,8",['8 (800) 555-55-50Показать телефон'],"['http://ok.ru/sberbank', 'https://vk.com/sberbank']",89,97,90,85,80,100,,,,,
48,1062530703,СберБанк,"Земский пер., 11, корп. 1, Санкт-Петербург",www.sberbank.ru,"'mon': 10:00-19:00, 'tue': 10:00-19:00, 'wed': 10:00-19:00, 'thu': 10:00-19:00, 'fri': 10:00-19:00, 'sat': 10:00-19:00, 'sun': выходной",60.025751,30.290498,"4,4",['8 (800) 555-55-50Показать телефон'],"['http://ok.ru/sberbank', 'https://vk.com/sberbank']",74,79,76,54,54,94,,,,,
49,127660127497,СберБанк,"ул. Бабушкина, 111, Санкт-Петербург",www.sberbank.ru,"'mon': 10:00-19:00, 'tue': 10:00-19:00, 'wed': 10:00-19:00, 'thu': 10:00-19:00, 'fri': 10:00-19:00, 'sat': 10:00-19:00, 'sun': выходной",59.865487,30.452895,"4,4",['8 (800) 555-55-50Показать телефон'],"['http://ok.ru/sberbank', 'https://vk.com/sberbank']",82,87,81,56,4,100,4,,,,
50,64641555572,СберБанк,"просп. Большевиков, 9, корп. 1, Санкт-Петербург",www.sberbank.ru,"'mon': 10:00-19:00, 'tue': 10:00-19:00, 'wed': 10:00-19:00, 'thu': 10:00-19:00, 'fri': 10:00-19:00, 'sat': 10:00-19:00, 'sun': выходной",59.914160,30.474540,"4,4",['8 (800) 555-55-50Показать телефон'],"['http://ok.ru/sberbank', 'https://vk.com/sberbank']",82,81,82,78,,100,,,,,
51,1089025337,СберБанк,"Ленинский просп., 129, Санкт-Петербург",www.sberbank.ru,"'mon': выходной, 'tue': выходной, 'wed': выходной, 'thu': выходной, 'fri': выходной, 'sat': выходной, 'sun': выходной",59.851381,30.270045,"4,4",['8 (800) 555-55-50Показать телефон'],"['http://ok.ru/sberbank', 'https://t.me/sberbank', 'https://vk.com/sberbank']",70,72,68,55,50,87,65,,69,68,
52,1061840370,СберБанк,"Лиговский просп., 30, Санкт-Петербург",www.sberbank.ru,"'mon': 10:00-21:00, 'tue': 10:00-21:00, 'wed': 10:00-21:00, 'thu': 10:00-21:00, 'fri': 10:00-21:00, 'sat': 10:00-21:00, 'sun': 10:00-21:00",59.926961,30.359187,"4,3",['8 (800) 555-55-50Показать телефон'],"['http://ok.ru/sberbank', 'https://vk.com/sberbank']",62,67,64,43,74,95,83,,,,
53,1165450400,СберБанк,"Прибрежная ул., 8, корп. 1, Санкт-Петербург",www.sberbank.ru,"'mon': 10:00-19:00, 'tue': 10:00-19:00, 'wed': 10:00-19:00, 'thu': 10:00-19:00, 'fri': 10:00-19:00, 'sat': 10:00-19:00, 'sun': 11:00-16:00",59.834717,30.508569,"4,6",['8 (800) 555-55-50Показать телефон'],"['http://ok.ru/sberbank', 'https://vk.com/sberbank']",79,82,78,67,92,85,75,,,,
54,110265406586,СберБанк,"Муринская дорога, 53, Санкт-Петербург",www.sberbank.ru,"'mon': 10:00-19:30, 'tue': 10:00-19:30, 'wed': 10:00-19:30, 'thu': 10:00-19:30, 'fri': 10:00-19:30, 'sat': 10:00-19:30, 'sun': выходной",60.032330,30.458442,"4,6",['8 (800) 555-55-50Показать телефон'],"['http://ok.ru/sberbank', 'https://vk.com/sberbank']",81,86,80,61,68,96,,,,,
55,112730742514,СберБанк,"ш. Революции, 37, корп. 1, Санкт-Петербург",www.sberbank.ru,"'mon': 09:30-18:30, 'tue': 09:30-18:30, 'wed': 09:30-18:30, 'thu': 09:30-18:30, 'fri': 09:30-18:30, 'sat': 09:30-18:30, 'sun': выходной",59.959645,30.433057,"4,4",['8 (800) 555-55-50Показать телефон'],"['http://ok.ru/sber', 'https://t.me/s/sberbank', 'https://vk.com/sber']",65,74,70,48,65,100,33,,,,
56,191740778488,СберБанк,"Торфяная дорога, 7, лит.А, Санкт-Петербург",www.sberbank.ru,"'mon': 10:00-20:00, 'tue': 10:00-20:00, 'wed': 10:00-20:00, 'thu': 10:00-20:00, 'fri': 10:00-20:00, 'sat': 10:00-20:00, 'sun': выходной",59.989365,30.256788,"4,3",['8 (800) 555-55-50Показать телефон'],"['http://ok.ru/sberbank', 'https://vk.com/sberbank']",82,88,80,64,88,87,,,,,
57,117710918662,СберБанк,"Бухарестская ул., 23, корп. 1, Санкт-Петербург",www.sberbank.ru,"'mon': 09:00-18:00, 'tue': 09:00-18:00, 'wed': 09:00-18:00, 'thu': 09:00-18:00, 'fri': 09:00-16:45, 'sat': выходной, 'sun': выходной",59.873997,30.376154,"4,2",['8 (800) 555-55-50Показать телефон'],['https://vk.com/sberbank'],,,,,,,,,,,
58,123111799894,СберБанк,"Нарвский просп., 24, Санкт-Петербург",www.sberbank.ru,"'mon': 10:00-19:00, 'tue': 10:00-19:00, 'wed': 10:00-19:00, 'thu': 10:00-19:00, 'fri': 10:00-19:00, 'sat': 10:00-19:00, 'sun': 11:00-15:30",59.902067,30.273708,"4,5",['8 (800) 555-55-50Показать телефон'],"['http://ok.ru/sberbank', 'https://vk.com/sberbank']",76,83,78,51,72,100,91,,,,
59,1109422897,СберБанк,"Лесной просп., 75, Санкт-Петербург",www.sberbank.ru,"'mon': 10:00-20:00, 'tue': 10:00-20:00, 'wed': 10:00-20:00, 'thu': 10:00-20:00, 'fri': 10:00-20:00, 'sat': 10:00-20:00, 'sun': выходной",59.988156,30.341199,"4,2",['8 (800) 555-55-50Показать телефон'],"['https://ok.ru/sberbank', 'https://t.me/sberbank', 'https://vk.com/sberbank']",78,80,74,70,77,95,,,,,
60,10483204357,СберБанк,"Полюстровский просп., 84, Санкт-Петербург",www.sberbank.ru,"'mon': 10:30-20:00, 'tue': 10:30-20:00, 'wed': 10:30-20:00, 'thu': 10:30-20:00, 'fri': 10:30-20:00, 'sat': 10:30-20:00, 'sun': 10:00-17:30",59.987920,30.354217,"4,2",['8 (800) 555-55-50Показать телефон'],"['http://ok.ru/sberbank', 'https://vk.com/sberbank']",69,71,68,59,,,,,,,
61,1103900390,СберБанк,"Большой просп. Петроградской стороны, 18, Санкт-Петербург",www.sberbank.ru,"'mon': 10:00-19:00, 'tue': 10:00-19:00, 'wed': 10:00-19:00, 'thu': 10:00-19:00, 'fri': 10:00-19:00, 'sat': 10:00-19:00, 'sun': выходной",59.955404,30.294642,"4,4",['8 (800) 555-55-50Показать телефон'],"['https://ok.ru/sber', 'https://vk.com/sberbank']",76,78,74,68,79,92,,,,,
62,1131662050,СберБанк,"аллея Поликарпова, 6, корп. 1, Санкт-Петербург",www.sberbank.ru,"'mon': 10:00-19:30, 'tue': 10:00-19:30, 'wed': 10:00-19:30, 'thu': 10:00-19:30, 'fri': 10:00-19:30, 'sat': 10:00-19:30, 'sun': выходной",60.006656,30.291280,"4,4",['8 (800) 555-55-50Показать телефон'],"['https://ok.ru/sberbank', 'https://t.me/sberbank', 'https://vk.com/sberbank']",80,79,81,73,69,96,38,,,,
63,1138174520,СберБанк,"Петергофское ш., 45, Санкт-Петербург",www.sberbank.ru,"'mon': 10:30-19:30, 'tue': 10:30-19:30, 'wed': 10:30-19:30, 'thu': 10:30-19:30, 'fri': 10:30-19:30, 'sat': 10:30-19:30, 'sun': выходной",59.847914,30.151870,"4,4",['8 (800) 555-55-50Показать телефон'],"['http://ok.ru/sberbank', 'https://vk.com/sberbank']",73,81,77,60,57,86,18,,,,
64,1047216814,СберБанк,"просп. Ветеранов, 130, Санкт-Петербург",www.sberbank.ru,"'mon': 10:00-19:30, 'tue': 10:00-19:30, 'wed': 10:00-19:30, 'thu': 10:00-19:30, 'fri': 10:00-19:30, 'sat': 10:00-19:30, 'sun': выходной",59.832593,30.173840,"4,6",['8 (800) 555-55-50Показать телефон'],"['http://ok.ru/sberbank', 'https://vk.com/sberbank']",79,85,78,53,73,100,,82,,,
65,1119467791,Сбербанк,"просп. Римского-Корсакова, 71, Санкт-Петербург",www.sberbank.ru,"'mon': 10:00-19:00, 'tue': 10:00-19:00, 'wed': 10:00-19:00, 'thu': 10:00-19:00, 'fri': 10:00-19:00, 'sat': выходной, 'sun': выходной",59.921169,30.287357,"4,4",['8 (800) 555-55-50Показать телефон'],"['https://ok.ru/sber/', 'https://t.me/sberbank', 'https://vk.com/sberbank']",78,79,75,70,75,100,58,,,,
66,76288578650,СберБанк,"просп. Ветеранов, 43, Санкт-Петербург",www.sberbank.ru,"'mon': 10:00-19:30, 'tue': 10:00-19:30, 'wed': 10:00-19:30, 'thu': 10:00-19:30, 'fri': 10:00-19:30, 'sat': 10:00-19:30, 'sun': выходной",59.842114,30.241972,"4,4",['8 (800) 555-55-50Показать телефон'],"['http://ok.ru/sberbank', 'https://vk.com/sberbank']",78,84,78,48,62,87,,,,,
67,1012229326,СберБанк,"Вознесенский просп., 37/6, Санкт-Петербург",www.sberbank.ru,"'mon': 09:00-19:00, 'tue': 09:00-19:00, 'wed': 09:00-19:00, 'thu': 09:00-19:00, 'fri': 09:00-19:00, 'sat': 09:00-19:00, 'sun': выходной",59.924323,30.307316,"4,3",['8 (800) 555-55-50Показать телефон'],"['https://ok.ru/sber', 'https://vk.com/sber']",66,76,68,51,55,,50,,,,
68,35735063908,СберБанк,"просп. Энгельса, 124, корп. 1, Санкт-Петербург",www.sberbank.ru,"'mon': 09:30-19:30, 'tue': 09:30-19:30, 'wed': 09:30-19:30, 'thu': 09:30-19:30, 'fri': 09:30-19:30, 'sat': 09:30-19:30, 'sun': выходной",60.039055,30.323414,"4,4",['8 (800) 555-55-50Показать телефон'],"['https://ok.ru/sber/', 'https://t.me/sberbank', 'https://vk.com/sberbank']",70,75,68,48,,93,,,59,50,
69,1086991727,СберБанк,"просп. Энгельса, 55, Санкт-Петербург",www.sberbank.ru,"'mon': 09:30-19:00, 'tue': 09:30-19:00, 'wed': 09:30-19:00, 'thu': 09:30-19:00, 'fri': 09:30-19:00, 'sat': 09:30-19:00, 'sun': выходной",60.016009,30.323180,"4,3",['8 (800) 555-55-50Показать телефон'],"['http://ok.ru/sberbank', 'https://vk.com/sberbank']",62,72,65,43,43,100,,,,,
70,1101905412,СберБанк,"Комендантский просп., 13, корп. 1, Санкт-Петербург",www.sberbank.ru,"'mon': 10:00-20:00, 'tue': 10:00-20:00, 'wed': 10:00-20:00, 'thu': 10:00-20:00, 'fri': 10:00-20:00, 'sat': 10:00-20:00, 'sun': 10:30-17:00",60.008869,30.259782,"4,4",['8 (800) 555-55-50Показать телефон'],"['http://ok.ru/sberbank', 'https://vk.com/sberbank']",73,79,73,48,66,96,92,,,20,
71,1125094023,СберБанк,"просп. Энгельса, 21, Санкт-Петербург",www.sberbank.ru,"'mon': 10:00-19:30, 'tue': 10:00-19:30, 'wed': 10:00-19:30, 'thu': 10:00-19:30, 'fri': 10:00-19:30, 'sat': 10:00-19:30, 'sun': выходной",60.003034,30.328971,"4,3",['8 (800) 555-55-50Показать телефон'],"['http://ok.ru/sberbank', 'https://vk.com/sberbank']",73,68,65,68,79,100,,,,,
72,1305443920,СберБанк,"ул. Маршала Захарова, 23, Санкт-Петербург",www.sberbank.ru,"'mon': 09:30-19:00, 'tue': 09:30-19:00, 'wed': 09:30-19:00, 'thu': 09:30-19:00, 'fri': 09:30-19:00, 'sat': 09:30-19:00, 'sun': 11:00-16:30",59.853015,30.194866,"4,4",['8 (800) 555-55-50Показать телефон'],"['http://ok.ru/sberbank', 'https://vk.com/sberbank']",78,81,78,58,65,93,71,90,,,
73,1184578702,СберБанк,"Суворовский просп., 56, Санкт-Петербург",www.sberbank.ru,"'mon': 10:00-19:00, 'tue': 10:00-19:00, 'wed': 10:00-19:00, 'thu': 10:00-19:00, 'fri': 10:00-19:00, 'sat': 10:00-19:00, 'sun': выходной",59.944628,30.386259,"4,3",['8 (800) 555-55-50Показать телефон'],"['https://ok.ru/sberbank', 'https://vk.com/sberbank']",75,80,75,48,79,96,,,,,
74,60601310937,СберБанк,"Индустриальный просп., 10, корп. 1Б, Санкт-Петербург",www.sberbank.ru,"'mon': 10:00-19:00, 'tue': 10:00-19:00, 'wed': 10:00-19:00, 'thu': 10:00-19:00, 'fri': 10:00-19:00, 'sat': 10:00-19:00, 'sun': выходной",59.940042,30.475637,"4,4",['8 (800) 555-55-50Показать телефон'],"['https://ok.ru/sberbank', 'https://vk.com/sberbank']",81,84,80,68,47,100,13,,,,
75,1075806221,СберБанк,"ул. Савушкина, 128, корп. 1Б, Санкт-Петербург",www.sberbank.ru,"'mon': 10:00-19:00, 'tue': 10:00-19:00, 'wed': 10:00-19:00, 'thu': 10:00-19:00, 'fri': 10:00-19:00, 'sat': 10:00-19:00, 'sun': выходной",59.988798,30.199832,"4,2",['8 (800) 555-55-50Показать телефон'],"['http://ok.ru/sberbank', 'https://vk.com/sberbank']",68,77,70,50,56,91,,,,,
76,1037354056,СберБанк,"ул. Олеко Дундича, 17, корп. 1, Санкт-Петербург",www.sberbank.ru,"'mon': 10:00-21:00, 'tue': 10:00-21:00, 'wed': 10:00-21:00, 'thu': 10:00-21:00, 'fri': 10:00-21:00, 'sat': 10:00-21:00, 'sun': 10:00-19:00",59.827593,30.399039,"4,4",['8 (800) 555-55-50Показать телефон'],"['http://ok.ru/sberbank', 'https://vk.com/sberbank']",63,64,56,52,28,100,25,48,,,
77,1078735287,СберБанк,"просп. Большевиков, 27, Санкт-Петербург",www.sberbank.ru,"'mon': 10:00-19:30, 'tue': 10:00-19:30, 'wed': 10:00-19:30, 'thu': 10:00-19:30, 'fri': 10:00-19:30, 'sat': 10:00-19:30, 'sun': выходной",59.900691,30.486441,"4,4",['8 (800) 555-55-50Показать телефон'],"['http://ok.ru/sberbank', 'https://vk.com/sberbank']",62,69,62,41,68,100,18,,,,
78,169659558416,СберБанк,"Лиговский просп., 37, Санкт-Петербург",www.sberbank.ru,"'mon': 10:00-19:00, 'tue': 10:00-19:00, 'wed': 10:00-19:00, 'thu': 10:00-19:00, 'fri': 10:00-19:00, 'sat': 10:00-19:00, 'sun': выходной",59.932408,30.361385,"4,4",['8 (800) 555-55-50Показать телефон'],"['https://ok.ru/sberbank', 'https://t.me/sberbank', 'https://vk.com/sberbank']",69,70,72,60,,100,,,,,
79,1211824619,СберБанк,"ул. Марата, 65/20, Санкт-Петербург",www.sberbank.ru,"'mon': 10:00-19:30, 'tue': 10:00-19:30, 'wed': 10:00-19:30, 'thu': 10:00-19:30, 'fri': 10:00-19:30, 'sat': 10:00-19:30, 'sun': выходной",59.921481,30.344906,"4,3",['8 (800) 555-55-50Показать телефон'],"['https://ok.ru/sber/', 'https://t.me/sberbank', 'https://vk.com/sberbank']",80,85,79,56,24,,7,,,,
80,1134094994,СберБанк,"Сенная площадь, 5, Санкт-Петербург",www.sberbank.ru,"'mon': 10:00-21:00, 'tue': 10:00-21:00, 'wed': 10:00-21:00, 'thu': 10:00-21:00, 'fri': 10:00-21:00, 'sat': 10:00-21:00, 'sun': 11:00-19:00",59.927648,30.318253,"4,4",['8 (800) 555-55-50Показать телефон'],"['https://ok.ru/sberbank', 'https://t.me/sberbank', 'https://vk.com/sberbank']",56,68,58,35,49,92,50,,,,
81,1016599665,СберБанк,"просп. Сизова, 30, корп. 1, Санкт-Петербург",www.sberbank.ru,"'mon': 09:30-18:30, 'tue': 09:30-18:30, 'wed': 09:30-18:30, 'thu': 09:30-18:30, 'fri': 09:30-18:30, 'sat': 09:30-18:30, 'sun': выходной",60.013556,30.275605,"4,3",['8 (800) 555-55-50Показать телефон'],"['http://ok.ru/sberbank', 'https://t.me/sberbank', 'https://vk.com/sberbank']",70,71,68,56,43,100,,,,,0
82,1017016480,СберБанк,"Петергофское ш., 17, корп. 1, Санкт-Петербург",www.sberbank.ru,"'mon': 10:00-19:30, 'tue': 10:00-19:30, 'wed': 10:00-19:30, 'thu': 10:00-19:30, 'fri': 10:00-19:30, 'sat': 10:00-19:30, 'sun': выходной",59.847604,30.186802,"4,6",['8 (800) 555-55-50Показать телефон'],"['http://ok.ru/sberbank', 'https://vk.com/sberbank']",82,87,80,79,33,94,,,,,
83,1367561860,СберБанк,"просп. Ветеранов, 114, корп. 1, Санкт-Петербург",www.sberbank.ru,"'mon': 09:00-18:00, 'tue': 09:00-18:00, 'wed': 09:00-18:00, 'thu': 09:00-18:00, 'fri': 09:00-16:45, 'sat': выходной, 'sun': выходной",59.832560,30.196524,"4,7",['8 (800) 555-55-50Показать телефон'],"['http://ok.ru/sberbank', 'https://vk.com/sberbank']",78,78,73,63,,,,,,,
84,1057425000,СберБанк,"Бассейная ул., 17, Санкт-Петербург",www.sberbank.ru,"'mon': 10:00-18:30, 'tue': 10:00-18:30, 'wed': 10:00-18:30, 'thu': 10:00-18:30, 'fri': 10:00-18:30, 'sat': 10:00-18:30, 'sun': выходной",59.864338,30.306248,"4,4",['8 (800) 555-55-50Показать телефон'],"['http://ok.ru/sberbank', 'https://vk.com/sberbank']",76,77,78,63,51,95,7,73,,,
85,1082776551,СберБанк,"Думская ул., 1-3, Санкт-Петербург",www.sberbank.ru,"'mon': 09:30-20:30, 'tue': 09:30-20:30, 'wed': 09:30-20:30, 'thu': 09:30-20:30, 'fri': 09:30-20:30, 'sat': 09:30-20:30, 'sun': 11:00-16:30",59.934236,30.329202,"4,7",['8 (800) 555-55-50Показать телефон'],"['https://ok.ru/sber/', 'https://t.me/sberbank', 'https://vk.com/sberbank']",73,78,69,67,67,89,62,88,74,51,
86,1258980554,СберБанк,"ул. Белы Куна, 1, корп. 3, Санкт-Петербург",www.sberbank.ru,"'mon': 11:00-20:00, 'tue': 11:00-20:00, 'wed': 11:00-20:00, 'thu': 11:00-20:00, 'fri': 11:00-20:00, 'sat': 11:00-20:00, 'sun': выходной",59.869647,30.377856,"4,3",['8 (800) 555-55-50Показать телефон'],"['http://ok.ru/sberbank', 'https://t.me/sberbank', 'https://vk.com/sberbank']",68,68,68,60,44,76,,,,,
87,1108389444,СберБанк,"просп. Энгельса, 141/36, Санкт-Петербург",www.sberbank.ru,"'mon': 10:00-19:30, 'tue': 10:00-19:30, 'wed': 10:00-19:30, 'thu': 10:00-19:30, 'fri': 10:00-19:30, 'sat': 10:00-19:30, 'sun': 11:00-17:00",60.053262,30.336440,"4,1",['8 (800) 555-55-50Показать телефон'],"['http://ok.ru/sberbank', 'https://vk.com/sberbank']",56,62,56,48,50,100,,,,,
88,71996418594,СберБанк,"Народная ул., 68, корп. 1, Санкт-Петербург",www.sberbank.ru,"'mon': 10:00-19:00, 'tue': 10:00-19:00, 'wed': 10:00-19:00, 'thu': 10:00-19:00, 'fri': 10:00-19:00, 'sat': 10:00-19:00, 'sun': выходной",59.884384,30.479164,"4,4",['8 (800) 555-55-50Показать телефон'],"['http://ok.ru/sberbank', 'https://vk.com/sberbank']",74,82,75,41,40,92,25,,,,
89,1053014705,СберБанк,"Замшина ул., 27, корп. 1, Санкт-Петербург",www.sberbank.ru,"'mon': 10:00-19:00, 'tue': 10:00-19:00, 'wed': 10:00-19:00, 'thu': 10:00-19:00, 'fri': 10:00-19:00, 'sat': 10:00-19:00, 'sun': выходной",59.978728,30.405391,"4,2",['8 (800) 555-55-50Показать телефон'],"['http://ok.ru/sberbank', 'https://t.me/sberbank', 'https://vk.com/sberbank']",66,71,68,40,38,,7,,,,
90,1037619851,СберБанк,"просп. Просвещения, 33, корп. 1, Санкт-Петербург",www.sberbank.ru,"'mon': 10:00-19:00, 'tue': 10:00-19:00, 'wed': 10:00-19:00, 'thu': 10:00-19:00, 'fri': 10:00-19:00, 'sat': 10:00-19:00, 'sun': выходной",60.050215,30.345439,"4,4",['8 (800) 555-55-50Показать телефон'],"['http://ok.ru/sberbank', 'https://vk.com/sberbank']",80,85,80,71,58,100,55,,,,
91,1021806751,СберБанк,"ул. Типанова, 27/39, Санкт-Петербург",www.sberbank.ru,"'mon': 10:00-19:30, 'tue': 10:00-19:30, 'wed': 10:00-19:30, 'thu': 10:00-19:30, 'fri': 10:00-19:00, 'sat': 10:00-18:00, 'sun': 11:00-15:30",59.853592,30.351023,"4,5",['8 (800) 555-55-50Показать телефон'],"['http://ok.ru/sberbank', 'https://vk.com/sberbank']",82,85,80,64,89,93,,,,,
92,1174947281,СберБанк,"Бассейная ул., 41, Санкт-Петербург",www.sberbank.ru,"'mon': 09:30-19:30, 'tue': 09:30-19:30, 'wed': 09:30-19:30, 'thu': 09:30-19:30, 'fri': 09:30-19:30, 'sat': 09:30-19:30, 'sun': 10:00-16:00",59.864706,30.321650,"4,3",['8 (800) 555-55-50Показать телефон'],"['http://ok.ru/sberbank', 'https://vk.com/sberbank']",58,64,57,46,72,94,82,,,,
93,82810455718,СберБанк,"Суворовский просп., 35, Санкт-Петербург",www.sberbank.ru,"'mon': 09:30-19:00, 'tue': 09:30-19:00, 'wed': 09:30-19:00, 'thu': 09:30-19:00, 'fri': 09:30-19:00, 'sat': 09:30-19:00, 'sun': выходной",59.938812,30.376187,"4,4",['8 (800) 555-55-50Показать телефон'],"['http://ok.ru/sberbank', 'https://vk.com/sberbank']",68,63,61,58,,,,,,,
94,83989054587,СберБанк,"просп. Энтузиастов, 38, Санкт-Петербург",www.sberbank.ru,"'mon': 10:00-19:00, 'tue': 10:00-19:00, 'wed': 10:00-19:00, 'thu': 10:00-19:00, 'fri': 10:00-19:00, 'sat': 10:00-19:00, 'sun': выходной",59.950044,30.483406,"4,4",['8 (800) 555-55-50Показать телефон'],"['http://ok.ru/sberbank', 'https://vk.com/sberbank']",81,86,81,62,67,90,,,,,
95,1012565699,СберБанк,"просп. Науки, 30, корп. 1, Санкт-Петербург",www.sberbank.ru,"'mon': 10:00-19:30, 'tue': 10:00-19:30, 'wed': 10:00-19:30, 'thu': 10:00-19:30, 'fri': 10:00-19:30, 'sat': 10:00-19:30, 'sun': выходной",60.008349,30.418102,"4,4",['8 (800) 555-55-50Показать телефон'],"['http://ok.ru/sberbank', 'https://vk.com/sberbank']",83,82,84,58,27,90,,90,,,
96,1320555722,СберБанк,"просп. Ветеранов, 141, корп. 1, Санкт-Петербург",www.sberbank.ru,"'mon': 09:30-19:30, 'tue': 09:30-19:30, 'wed': 09:30-19:30, 'thu': 09:30-19:30, 'fri': 09:30-19:30, 'sat': 09:30-19:30, 'sun': 11:00-17:00",59.835831,30.145125,"4,4",['8 (800) 555-55-50Показать телефон'],"['http://ok.ru/sberbank', 'https://vk.com/sberbank']",76,81,78,45,48,83,54,,,,
97,1241453738,СберБанк,"ул. Фёдора Абрамова, 4, посёлок Парголово",www.sberbank.ru,"'mon': выходной, 'tue': выходной, 'wed': выходной, 'thu': выходной, 'fri': выходной, 'sat': 10:00-20:00, 'sun': выходной",60.070214,30.335797,"4,7",['8 (800) 555-55-50Показать телефон'],"['http://ok.ru/sberbank', 'https://vk.com/sberbank']",81,85,85,59,61,90,63,,,,
98,1773591450,СберБанк,"просп. Просвещения, 87, корп. 1, Санкт-Петербург",www.sberbank.ru,"'mon': 10:00-20:00, 'tue': 10:00-20:00, 'wed': 10:00-20:00, 'thu': 10:00-20:00, 'fri': 10:00-20:00, 'sat': 10:00-20:00, 'sun': 11:00-17:00",60.036481,30.413329,"4,4",['8 (800) 555-55-50Показать телефон'],"['https://ok.ru/sberbank', 'https://vk.com/sberbank']",66,68,64,49,59,100,,,,,
99,1129699396,СберБанк,"Литейный просп., 35, Санкт-Петербург",www.sberbank.ru,"'mon': 10:30-19:30, 'tue': 10:30-19:30, 'wed': 10:30-19:30, 'thu': 10:30-19:30, 'fri': 10:30-19:30, 'sat': выходной, 'sun': выходной",59.940827,30.348149,"4,3",['8 (800) 555-55-50Показать телефон'],"['http://ok.ru/sberbank', 'https://t.me/sberbank', 'https://vk.com/sberbank']",71,75,75,44,67,82,,,,,
100,1243069887,СберБанк,"Малый просп. Васильевского острова, 23, Санкт-Петербург",www.sberbank.ru,"'mon': 10:30-19:30, 'tue': 10:30-19:30, 'wed': 10:30-19:30, 'thu': 10:30-19:30, 'fri': 10:30-19:30, 'sat': 10:30-19:30, 'sun': выходной",59.946389,30.271708,"4,2",['8 (800) 555-55-50Показать телефон'],"['https://ok.ru/sber/', 'https://t.me/s/sberbank', 'https://vk.com/sberbank']",69,72,68,55,74,80,,,,,
101,1130416816,СберБанк,"просп. Большевиков, 17, Санкт-Петербург",www.sberbank.ru,"'mon': 09:30-20:00, 'tue': 09:30-20:00, 'wed': 09:30-20:00, 'thu': 09:30-20:00, 'fri': 09:30-20:00, 'sat': 09:30-20:00, 'sun': 11:00-16:00",59.908150,30.480245,"4,4",['8 (800) 555-55-50Показать телефон'],"['https://ok.ru/sberbank', 'https://vk.com/bankdruzey']",72,78,72,54,84,89,,,,,
102,1105663355,СберБанк,"Морская наб., 17В, Санкт-Петербург",www.sberbank.ru,"'mon': 10:00-19:00, 'tue': 10:00-19:00, 'wed': 10:00-19:00, 'thu': 10:00-19:00, 'fri': 10:00-19:00, 'sat': 10:00-19:00, 'sun': выходной",59.943189,30.207529,"4,4",['8 (800) 555-55-50Показать телефон'],['https://vk.com/sberbank'],75,79,78,57,39,86,20,,,,
103,1001706397,СберБанк,"Богатырский просп., 43, корп. 1, Санкт-Петербург",www.sberbank.ru,"'mon': 10:00-19:00, 'tue': 10:00-19:00, 'wed': 10:00-19:00, 'thu': 10:00-19:00, 'fri': 10:00-19:00, 'sat': 10:00-19:00, 'sun': выходной",60.004209,30.236851,"4,4",['8 (800) 555-55-50Показать телефон'],"['http://ok.ru/sberbank', 'https://vk.com/sberbank']",75,76,71,67,53,87,,,,,
104,33555111316,СберБанк,"Невский просп., 114-116, Санкт-Петербург",www.sberbank.ru,"'mon': 10:00-22:00, 'tue': 10:00-22:00, 'wed': 10:00-22:00, 'thu': 10:00-22:00, 'fri': 10:00-22:00, 'sat': 10:00-22:00, 'sun': 10:00-22:00",59.932072,30.359058,"4,3",['8 (800) 555-55-50Показать телефон'],"['http://ok.ru/sberbank', 'https://t.me/sberbank', 'https://vk.com/sberbank']",46,52,46,54,54,,,,,,
105,213530041447,СберБанк,"ул. Меркурьева, 5, посёлок Парголово",www.sberbank.ru,"'mon': 10:00-20:00, 'tue': 10:00-20:00, 'wed': 10:00-20:00, 'thu': 10:00-20:00, 'fri': 10:00-20:00, 'sat': 10:00-20:00, 'sun': выходной",60.072950,30.343489,"4,4",['8 (800) 555-55-50Показать телефон'],"['http://ok.ru/sberbank', 'https://vk.com/sberbank']",59,67,60,34,,,,,,,
106,1342944880,СберБанк,"просп. Энгельса, 134, корп. 3, Санкт-Петербург",www.sberbank.ru,"'mon': 10:00-19:00, 'tue': 10:00-19:00, 'wed': 10:00-19:00, 'thu': 10:00-19:00, 'fri': 10:00-19:00, 'sat': 10:00-19:00, 'sun': выходной",60.049014,30.331119,"4,4",['8 (800) 555-55-50Показать телефон'],"['http://ok.ru/sberbank', 'https://t.me/sberbank', 'https://vk.com/sberbank']",81,87,83,67,75,92,20,,,,
107,1109503640,СберБанк,"просп. Ветеранов, 95, корп. 1, Санкт-Петербург",www.sberbank.ru,"'mon': 10:30-19:00, 'tue': 10:30-19:00, 'wed': 10:30-19:00, 'thu': 10:30-19:00, 'fri': 10:30-19:00, 'sat': 10:30-19:00, 'sun': выходной",59.833597,30.207565,"4,5",['8 (800) 555-55-50Показать телефон'],['https://vk.com/sberbank'],76,78,77,67,58,90,,,,,
108,161970409606,СберБанк,"ул. Коллонтай, 10, Санкт-Петербург",www.sberbank.ru,"'mon': 10:00-20:00, 'tue': 10:00-20:00, 'wed': 10:00-20:00, 'thu': 10:00-20:00, 'fri': 10:00-20:00, 'sat': 10:00-20:00, 'sun': выходной",59.916762,30.452567,"4,3",['8 (800) 555-55-50Показать телефон'],"['http://ok.ru/sberbank', 'https://vk.com/sberbank']",70,75,70,54,77,100,,,,,
109,81157186396,СберБанк,"Новосмоленская наб., 1В, Санкт-Петербург",www.sberbank.ru,"'mon': 10:00-21:00, 'tue': 10:00-21:00, 'wed': 10:00-21:00, 'thu': 10:00-21:00, 'fri': 10:00-21:00, 'sat': 10:00-21:00, 'sun': 10:00-19:00",59.949614,30.227743,"2,9",['8 (800) 555-55-50Показать телефон'],"['http://ok.ru/sberbank', 'https://vk.com/sberbank']",27,21,15,23,,,,,,,
110,50770863009,СберБанк,"ул. Маяковского, 1/96, Санкт-Петербург",www.sberbank.ru,"'mon': 10:00-20:00, 'tue': 10:00-20:00, 'wed': 10:00-20:00, 'thu': 10:00-20:00, 'fri': 10:00-20:00, 'sat': 10:00-20:00, 'sun': выходной",59.932874,30.354693,"4,1",['8 (800) 555-55-50Показать телефон'],"['http://ok.ru/sberbank', 'https://vk.com/sberbank']",,,,,,,,,,,
111,1112652568,СберБанк,"Среднеохтинский просп., 10, Санкт-Петербург",www.sberbank.ru,"'mon': 10:00-19:00, 'tue': 10:00-19:00, 'wed': 10:00-19:00, 'thu': 10:00-19:00, 'fri': 10:00-19:00, 'sat': 10:00-19:00, 'sun': выходной",59.948436,30.414207,"4,4",['8 (800) 555-55-50Показать телефон'],"['http://ok.ru/sberbank', 'https://vk.com/sberbank']",79,80,78,71,54,95,33,,,,
112,1382744556,СберБанк,"Туристская ул., 28, корп. 1, Санкт-Петербург",www.sberbank.ru,"'mon': 10:00-20:00, 'tue': 10:00-20:00, 'wed': 10:00-20:00, 'thu': 10:00-20:00, 'fri': 10:00-20:00, 'sat': 10:00-20:00, 'sun': выходной",60.002671,30.208407,"4,3",['8 (800) 555-55-50Показать телефон'],"['http://ok.ru/sberbank', 'https://t.me/sberbank', 'https://vk.com/sberbank']",61,65,60,40,67,90,42,,,,
113,124264199403,СберБанк,"ул. Бутлерова, 40, Санкт-Петербург",www.sberbank.ru,"'mon': 10:00-19:30, 'tue': 10:00-19:30, 'wed': 10:00-19:30, 'thu': 10:00-19:30, 'fri': 10:00-19:30, 'sat': 10:00-19:30, 'sun': 11:00-15:00",60.010253,30.404325,"4,7",['8 (800) 555-55-50Показать телефон'],"['http://ok.ru/sberbank', 'https://vk.com/sberbank']",79,81,80,66,83,75,,,,,
114,1190998012,СберБанк,"ул. Партизана Германа, 14/117, Санкт-Петербург",www.sberbank.ru,"'mon': 10:00-21:00, 'tue': 10:00-21:00, 'wed': 10:00-21:00, 'thu': 10:00-21:00, 'fri': 10:00-21:00, 'sat': 10:00-21:00, 'sun': 10:00-19:00",59.834870,30.176702,"4,4",['8 (800) 555-55-50Показать телефон'],"['http://ok.ru/sberbank', 'https://vk.com/sberbank']",66,74,66,40,55,91,53,72,,,
115,1001255103,СберБанк,"Капитанская ул., 4, Санкт-Петербург",www.sberbank.ru,"'mon': 10:00-19:00, 'tue': 10:00-19:00, 'wed': 10:00-19:00, 'thu': 10:00-19:00, 'fri': 10:00-19:00, 'sat': 10:00-19:00, 'sun': выходной",59.954768,30.215020,"4,4",['8 (800) 555-55-50Показать телефон'],"['http://ok.ru/sberbank', 'https://vk.com/sberbank']",72,73,69,65,42,94,,,,,
116,1023578226,СберБанк,"Московский просп., 145, Санкт-Петербург",www.sberbank.ru,"'mon': 10:00-19:00, 'tue': 10:00-19:00, 'wed': 10:00-19:00, 'thu': 10:00-19:00, 'fri': 10:00-19:00, 'sat': 10:00-19:00, 'sun': выходной",59.876966,30.319202,"4,4",['8 (800) 555-55-50Показать телефон'],"['http://ok.ru/sberbank', 'https://vk.com/sberbank']",77,79,76,55,8,,9,,,,
117,1155671613,СберБанк,"просп. Ветеранов, 78, Санкт-Петербург",www.sberbank.ru,"'mon': 10:00-19:30, 'tue': 10:00-19:30, 'wed': 10:00-19:30, 'thu': 10:00-19:30, 'fri': 10:00-19:30, 'sat': 10:00-19:30, 'sun': выходной",59.833179,30.217624,"4,3",['8 (800) 555-55-50Показать телефон'],"['http://ok.ru/sberbank', 'https://vk.com/sberbank']",67,73,65,30,27,100,,,,,
118,124070617027,СберБанк,"ул. Коллонтай, 31, корп. 2, Санкт-Петербург",www.sberbank.ru,"'mon': 10:00-19:00, 'tue': 10:00-19:00, 'wed': 10:00-19:00, 'thu': 10:00-19:00, 'fri': 10:00-19:00, 'sat': 10:00-19:00, 'sun': выходной",59.922635,30.484559,"4,4",['8 (800) 555-55-50Показать телефон'],"['http://ok.ru/sberbank', 'https://vk.com/sberbank']",78,82,78,62,50,92,,,,,
119,1086909095,СберБанк,"просп. Пятилеток, 10, корп. 1, Санкт-Петербург",www.sberbank.ru,"'mon': 10:00-19:30, 'tue': 10:00-19:30, 'wed': 10:00-19:30, 'thu': 10:00-19:30, 'fri': 10:00-19:30, 'sat': 10:00-19:30, 'sun': выходной",59.922334,30.457732,"4,6",['8 (800) 555-55-50Показать телефон'],"['http://ok.ru/sberbank', 'https://t.me/sberbank', 'https://vk.com/sberbank']",86,87,88,67,68,93,,,,,
120,61892761861,СберБанк,"просп. Обуховской Обороны, 120Б, Санкт-Петербург",www.sberbank.ru,"'mon': 10:00-20:00, 'tue': 10:00-20:00, 'wed': 10:00-20:00, 'thu': 10:00-20:00, 'fri': 10:00-20:00, 'sat': 10:00-20:00, 'sun': выходной",59.865301,30.471504,"4,3",['8 (800) 555-55-50Показать телефон'],"['https://ok.ru/sber/', 'https://t.me/sberbank', 'https://vk.com/sberbank']",69,73,72,57,64,91,,,,,
121,1073820680,СберБанк,"Гражданский просп., 117, корп. 1, Санкт-Петербург",www.sberbank.ru,"'mon': 10:00-20:00, 'tue': 10:00-20:00, 'wed': 10:00-20:00, 'thu': 10:00-20:00, 'fri': 10:00-20:00, 'sat': 10:00-20:00, 'sun': выходной",60.033514,30.419412,"4,4",['8 (800) 555-55-50Показать телефон'],"['https://ok.ru/sberbank', 'https://vk.com/sberbank']",75,77,72,49,60,100,83,,,,
122,75828822244,СберБанк,"Ленинский просп., 56, Санкт-Петербург",www.sberbank.ru,"'mon': 10:00-19:00, 'tue': 10:00-19:00, 'wed': 10:00-19:00, 'thu': 10:00-19:00, 'fri': 10:00-19:00, 'sat': выходной, 'sun': выходной",59.866377,30.160792,"4,4",['8 (800) 555-55-50Показать телефон'],"['http://ok.ru/sberbank', 'https://vk.com/sberbank']",78,79,84,65,70,100,,,,,
123,124150037844,СберБанк,"Ленинский просп., 117, корп. 1, Санкт-Петербург",www.sberbank.ru,"'mon': 10:00-19:30, 'tue': 10:00-19:30, 'wed': 10:00-19:30, 'thu': 10:00-19:30, 'fri': 10:00-19:30, 'sat': 10:00-19:30, 'sun': выходной",59.851105,30.255569,"4,4",['8 (800) 555-55-50Показать телефон'],"['http://ok.ru/sberbank', 'https://vk.com/sberbank']",76,81,74,69,61,100,,,,,
124,240628526563,СберБанк,"просп. Чернышевского, 18, Санкт-Петербург",www.sberbank.ru,"'mon': 10:30-19:30, 'tue': 10:30-19:30, 'wed': 10:30-19:30, 'thu': 10:30-19:30, 'fri': 10:30-19:30, 'sat': 10:30-19:30, 'sun': выходной",59.944964,30.359831,"4,3",['8 (800) 555-55-50Показать телефон'],"['http://ok.ru/sberbank', 'https://vk.com/sberbank']",62,74,63,47,85,89,,,,,
125,1103329906,СберБанк,"ул. Восстания, 21, Санкт-Петербург",www.sberbank.ru,"'mon': 10:00-19:00, 'tue': 10:00-19:00, 'wed': 10:00-19:00, 'thu': 10:00-19:00, 'fri': 10:00-19:00, 'sat': 10:00-19:00, 'sun': выходной",59.935947,30.360627,"4,3",['8 (800) 555-55-50Показать телефон'],"['http://ok.ru/sberbank', 'https://t.me/sberbank', 'https://vk.com/sberbank']",69,71,64,59,54,,,,,,
126,188087639478,СберБанк,"Бухарестская ул., 112, Санкт-Петербург",www.sberbank.ru,"'mon': 09:30-19:00, 'tue': 09:30-19:00, 'wed': 09:30-19:00, 'thu': 09:30-19:00, 'fri': 09:30-19:00, 'sat': 09:30-19:00, 'sun': выходной",59.849919,30.403621,"4,4",['8 (800) 555-55-50Показать телефон'],"['http://ok.ru/sberbank', 'https://vk.com/sberbank']",71,74,74,54,75,,,,,,
127,1138799899,СберБанк,"Богатырский просп., 10, Санкт-Петербург",www.sberbank.ru,"'mon': 10:00-18:30, 'tue': 10:00-18:30, 'wed': 10:00-18:30, 'thu': 10:00-18:30, 'fri': 10:00-18:30, 'sat': 10:00-18:30, 'sun': выходной",59.998181,30.279576,"4,3",['8 (800) 555-55-50Показать телефон'],"['http://ok.ru/sberbank', 'https://vk.com/sberbank']",82,84,84,71,32,85,25,,,,
128,1030865495,СберБанк,"Средний просп. Васильевского острова, 15/34, Санкт-Петербург",www.sberbank.ru,"'mon': 09:30-19:00, 'tue': 09:30-19:00, 'wed': 09:30-19:00, 'thu': 09:30-19:00, 'fri': 09:30-19:00, 'sat': 09:30-19:00, 'sun': выходной",59.944523,30.282835,"4,3",['8 (800) 555-55-50Показать телефон'],"['https://ok.ru/sber/', 'https://vk.com/sberbank']",66,73,68,48,68,91,,,69,72,
129,1065811844,СберБанк,"ул. Нахимова, 14/41, Санкт-Петербург",www.sberbank.ru,"'mon': 10:00-21:00, 'tue': 10:00-21:00, 'wed': 10:00-21:00, 'thu': 10:00-21:00, 'fri': 10:00-21:00, 'sat': 10:00-21:00, 'sun': 10:00-19:00",59.942101,30.232308,"4,3",['8 (800) 555-55-50Показать телефон'],"['http://ok.ru/sberbank', 'https://vk.com/sberbank']",59,63,58,37,36,77,21,59,,,
130,1021774314,СберБанк,"Каменноостровский просп., 41, Санкт-Петербург",www.sberbank.ru,"'mon': выходной, 'tue': выходной, 'wed': выходной, 'thu': выходной, 'fri': выходной, 'sat': выходной, 'sun': выходной",59.968308,30.309508,"4,2",['8 (800) 555-55-50Показать телефон'],"['http://ok.ru/sberbank', 'https://t.me/sberbank', 'https://vk.com/sberbank']",66,75,66,51,38,89,20,,,,
131,1104583062,СберБанк,"Коломяжский просп., 15, корп. 2, Санкт-Петербург",www.sberbank.ru,"'mon': выходной, 'tue': выходной, 'wed': выходной, 'thu': выходной, 'fri': выходной, 'sat': выходной, 'sun': выходной",60.001928,30.299212,"4,4",['8 (800) 555-55-50Показать телефон'],"['https://ok.ru/sberbank', 'https://vk.com/bankdruzey']",71,73,71,58,52,89,,,65,70,
132,1131124581,СберБанк,"2-я Красноармейская ул., 2/27, Санкт-Петербург",www.sberbank.ru,"'mon': выходной, 'tue': выходной, 'wed': выходной, 'thu': выходной, 'fri': выходной, 'sat': выходной, 'sun': выходной",59.915101,30.317746,"4,3",['8 (800) 555-55-50Показать телефон'],"['https://ok.ru/sberbank', 'https://t.me/sberbank', 'https://vk.com/sberbank']",56,58,50,47,54,,,,,,
133,168930424105,СберБанк,"ул. Ленсовета, 88, Санкт-Петербург",www.sberbank.ru,"'mon': 10:00-20:00, 'tue': 10:00-20:00, 'wed': 10:00-20:00, 'thu': 10:00-20:00, 'fri': 10:00-20:00, 'sat': 10:00-20:00, 'sun': 10:30-15:30",59.833088,30.350275,"4,4",['8 (800) 555-55-50Показать телефон'],"['http://ok.ru/sberbank', 'https://vk.com/sberbank']",66,78,70,52,86,100,,,,,
134,1105589432,СберБанк,"просп. Просвещения, 78, Санкт-Петербург",www.sberbank.ru,"'mon': 10:00-21:00, 'tue': 10:00-21:00, 'wed': 10:00-21:00, 'thu': 10:00-21:00, 'fri': 10:00-21:00, 'sat': 10:00-21:00, 'sun': 10:00-21:00",60.039684,30.401251,"4,3",['8 (800) 555-55-50Показать телефон'],['https://vk.com/sberbank'],65,69,69,44,25,,35,35,,,
135,1025667257,СберБанк,"1-я Красноармейская ул., 4, Санкт-Петербург",www.sberbank.ru,"'mon': 09:30-19:30, 'tue': 09:30-19:30, 'wed': 09:30-19:30, 'thu': 09:30-19:30, 'fri': 09:30-19:30, 'sat': 09:30-19:30, 'sun': выходной",59.915954,30.316323,"4,3",['8 (800) 555-55-50Показать телефон'],"['http://ok.ru/sberbank', 'https://t.me/sberbank', 'https://vk.com/sberbank']",80,82,82,61,73,93,,,,,
136,195335520750,СберБанк,"Московский просп., 193, Санкт-Петербург",www.sberbank.ru,"'mon': 10:00-20:00, 'tue': 10:00-20:00, 'wed': 10:00-20:00, 'thu': 10:00-20:00, 'fri': 10:00-20:00, 'sat': 10:00-20:00, 'sun': выходной",59.851690,30.320875,"4,3",['8 (800) 555-55-50Показать телефон'],"['http://ok.ru/sberbank', 'https://vk.com/sberbank']",52,53,49,36,61,92,,,,,
137,1155925748,СберБанк,"просп. Славы, 4, Санкт-Петербург",www.sberbank.ru,"'mon': 10:00-19:00, 'tue': 10:00-19:00, 'wed': 10:00-19:00, 'thu': 10:00-19:00, 'fri': 10:00-19:00, 'sat': 10:00-19:00, 'sun': выходной",59.855395,30.371671,"4,4",['8 (800) 555-55-50Показать телефон'],"['http://ok.ru/sberbank', 'https://vk.com/sberbank']",71,74,73,57,33,,,,,,
138,1102944644,СберБанк,"Богатырский просп., 51, корп. 1, Санкт-Петербург",www.sberbank.ru,"'mon': 10:00-18:30, 'tue': 10:00-18:30, 'wed': 10:00-18:30, 'thu': 10:00-18:30, 'fri': 10:00-18:30, 'sat': 10:00-18:30, 'sun': выходной",60.006293,30.219504,"4,4",['8 (800) 555-55-50Показать телефон'],"['http://ok.ru/sberbank', 'https://t.me/sberbank', 'https://vk.com/sberbank']",83,85,85,64,62,95,55,,,,
139,1017263152,СберБанк,"Бухарестская ул., 23, корп. 1, Санкт-Петербург",www.sberbank.ru,"'mon': 09:00-19:00, 'tue': 09:00-19:00, 'wed': 09:00-19:00, 'thu': 09:00-19:00, 'fri': 09:00-19:00, 'sat': 09:00-19:00, 'sun': выходной",59.873568,30.376631,"4,4",['8 (800) 555-55-50Показать телефон'],"['http://ok.ru/sberbank', 'https://t.me/sberbank', 'https://vk.com/sberbank']",72,76,70,62,76,86,63,,,,
140,1102286164,СберБанк,"Гатчинская ул., 1/56, Санкт-Петербург",www.sberbank.ru,"'mon': 10:00-19:00, 'tue': 10:00-19:00, 'wed': 10:00-19:00, 'thu': 10:00-19:00, 'fri': 10:00-19:00, 'sat': 10:00-19:00, 'sun': выходной",59.960608,30.303332,"4,4",['8 (800) 555-55-50Показать телефон'],"['http://ok.ru/sberbank', 'https://vk.com/sberbank']",83,87,84,68,72,100,40,,,,
141,118054401618,СберБанк,"Бухарестская ул., 43, Санкт-Петербург",www.sberbank.ru,"'mon': 09:30-20:00, 'tue': 09:30-20:00, 'wed': 09:30-20:00, 'thu': 09:30-20:00, 'fri': 09:30-20:00, 'sat': 09:30-20:00, 'sun': выходной",59.860798,30.389650,"4,3",['8 (800) 555-55-50Показать телефон'],"['http://ok.ru/sberbank', 'https://vk.com/sberbank']",67,71,63,57,75,92,55,,64,71,
142,1003842121,СберБанк,"Софийская ул., 29, корп. 2, Санкт-Петербург",www.sberbank.ru,"'mon': 09:30-19:30, 'tue': 09:30-19:30, 'wed': 09:30-19:30, 'thu': 09:30-19:30, 'fri': 09:30-19:30, 'sat': 09:30-19:30, 'sun': выходной",59.877784,30.395664,"4,4",['8 (800) 555-55-50Показать телефон'],"['http://ok.ru/sberbank', 'https://vk.com/sberbank']",79,83,79,56,59,100,,,,,
143,1090398555,СберБанк,"Московский просп., 189, Санкт-Петербург",www.sberbank.ru,"'mon': 10:00-19:30, 'tue': 10:00-19:30, 'wed': 10:00-19:30, 'thu': 10:00-19:30, 'fri': 10:00-19:30, 'sat': 10:00-19:30, 'sun': 10:00-17:30",59.854036,30.320684,"4,5",['8 (800) 555-55-50Показать телефон'],"['https://ok.ru/sber/', 'https://t.me/sberbank', 'https://vk.com/bankdruzey']",62,64,58,49,92,100,,,50,60,
144,1040803179,СберБанк,"Средний просп. Васильевского острова, 35, Санкт-Петербург",www.sberbank.ru,"'mon': 10:00-19:30, 'tue': 10:00-19:30, 'wed': 10:00-19:30, 'thu': 10:00-19:30, 'fri': 10:00-19:30, 'sat': 10:00-19:30, 'sun': выходной",59.942832,30.276783,"4,2",['8 (800) 555-55-50Показать телефон'],"['https://ok.ru/sber/', 'https://t.me/s/sberbank', 'https://vk.com/sberbank']",62,59,58,57,25,,,,,,
145,34292635590,СберБанк,"Московский просп., 212, Санкт-Петербург",www.sberbank.ru,"'mon': выходной, 'tue': выходной, 'wed': выходной, 'thu': выходной, 'fri': выходной, 'sat': выходной, 'sun': выходной",59.852189,30.327151,"4,1",['8 (800) 555-55-50Показать телефон'],"['http://ok.ru/sberbank', 'https://vk.com/sberbank']",63,67,60,75,,,,,,,
146,1015493299,СберБанк,"просп. Стачек, 73, Санкт-Петербург",www.sberbank.ru,"'mon': 09:30-18:30, 'tue': 09:30-18:30, 'wed': 09:30-18:30, 'thu': 09:30-18:30, 'fri': 09:30-18:30, 'sat': 09:30-18:30, 'sun': выходной",59.868042,30.259810,"4,3",['8 (800) 555-55-50Показать телефон'],"['http://ok.ru/sberbank', 'https://t.me/sberbank', 'https://vk.com/sber']",73,78,73,62,24,91,,,,,
147,244629437854,СберБанк,"просп. Энергетиков, 37, Санкт-Петербург",www.sberbank.ru,"'mon': 10:00-20:00, 'tue': 10:00-20:00, 'wed': 10:00-20:00, 'thu': 10:00-20:00, 'fri': 10:00-20:00, 'sat': 10:00-20:00, 'sun': выходной",59.958917,30.439482,"4,3",['8 (800) 555-55-50Показать телефон'],"['http://ok.ru/sberbank', 'https://t.me/s/sberbank', 'https://vk.com/sber']",70,73,72,62,69,92,,,,,
148,1332871349,СберБанк,"Невский просп., 25, Санкт-Петербург",www.sberbank.ru,"'mon': 10:00-18:30, 'tue': 10:00-18:30, 'wed': 10:00-18:30, 'thu': 10:00-18:30, 'fri': 10:00-18:30, 'sat': 10:30-17:00, 'sun': выходной",59.935522,30.323583,"4,3",['8 (800) 555-55-50Показать телефон'],"['https://ok.ru/sberbank', 'https://t.me/Sber_Business_Live_bot', 'https://vk.com/careersber']",59,64,58,58,,100,,,,,
149,235143703797,СберБанк,"Европейский просп., 5, Кудрово",www.sberbank.ru,"'mon': 10:30-20:00, 'tue': 10:30-20:00, 'wed': 10:30-20:00, 'thu': 10:30-20:00, 'fri': 10:30-20:00, 'sat': 10:30-20:00, 'sun': выходной",59.898748,30.511145,"4,5",['8 (800) 555-55-50Показать телефон'],"['https://ok.ru/sberbank', 'https://vk.com/sberbank']",73,79,74,49,46,100,33,,,,
150,1067175798,СберБанк,"ул. Осипенко, 2, Санкт-Петербург",www.sberbank.ru,"'mon': 10:00-19:30, 'tue': 10:00-19:30, 'wed': 10:00-19:30, 'thu': 10:00-19:30, 'fri': 10:00-19:30, 'sat': 10:00-19:30, 'sun': выходной",59.945481,30.483398,"4,4",['8 (800) 555-55-50Показать телефон'],"['http://ok.ru/sberbank', 'https://vk.com/sberbank']",78,79,78,67,66,75,,,,,
151,1017542329,СберБанк,"Каменноостровский просп., 32, Санкт-Петербург",www.sberbank.ru,"'mon': 10:00-19:00, 'tue': 10:00-19:00, 'wed': 10:00-19:00, 'thu': 10:00-19:00, 'fri': 10:00-19:00, 'sat': 10:00-19:00, 'sun': выходной",59.964004,30.313072,"4,0",['8 (800) 555-55-50Показать телефон'],"['http://ok.ru/sberbank', 'https://vk.com/sberbank']",65,63,63,50,,,,,,,
152,1080616302,СберБанк,"Тихорецкий просп., 26, Санкт-Петербург",www.sberbank.ru,"'mon': 10:00-19:00, 'tue': 10:00-19:00, 'wed': 10:00-19:00, 'thu': 10:00-19:00, 'fri': 10:00-19:00, 'sat': 10:00-19:00, 'sun': выходной",60.017850,30.366776,"4,3",['8 (800) 555-55-50Показать телефон'],"['http://ok.ru/sberbank', 'https://vk.com/sberbank']",75,79,76,77,81,100,33,,,,
153,11609928590,СберБанк,"ул. Маршала Говорова, 12, корп. 1, Санкт-Петербург",www.sberbank.ru,"'mon': 10:00-21:00, 'tue': 10:00-21:00, 'wed': 10:00-21:00, 'thu': 10:00-21:00, 'fri': 10:00-21:00, 'sat': 10:00-21:00, 'sun': 10:00-19:00",59.878822,30.266398,"4,4",['8 (800) 555-55-50Показать телефон'],"['http://ok.ru/sberbank', 'https://vk.com/sberbank']",72,75,69,58,46,75,33,65,,,
154,1060930003,СберБанк,"ул. Олеко Дундича, 34, Санкт-Петербург",www.sberbank.ru,"'mon': 09:30-19:30, 'tue': 09:30-19:30, 'wed': 09:30-19:30, 'thu': 09:30-19:30, 'fri': 09:30-19:30, 'sat': 09:30-19:30, 'sun': выходной",59.833871,30.420636,"4,3",['+7 (495) 500-55-50Показать телефон'],['https://vk.com/sberbank'],73,79,76,50,33,,,,,,
155,1063605979,СберБанк,"ул. Олеко Дундича, 34, Санкт-Петербург",www.sberbank.ru,"'mon': 10:00-19:30, 'tue': 10:00-19:30, 'wed': 10:00-19:30, 'thu': 10:00-19:30, 'fri': 10:00-19:30, 'sat': 10:00-19:30, 'sun': выходной",59.833834,30.420575,"4,4",['8 (800) 555-55-50Показать телефон'],"['http://ok.ru/sberbank', 'https://vk.com/sberbank']",76,79,79,62,31,100,,,,,
156,1112971108,СберБанк,"просп. Стачек, 90, Санкт-Петербург",www.sberbank.ru,"'mon': 10:00-19:00, 'tue': 10:00-19:00, 'wed': 10:00-19:00, 'thu': 10:00-19:00, 'fri': 10:00-19:00, 'sat': 10:00-19:00, 'sun': выходной",59.868338,30.260875,"4,3",['8 (800) 555-55-50Показать телефон'],"['http://ok.ru/sberbank', 'https://vk.com/sberbank']",69,70,66,57,58,90,,,,,
157,1072942815,СберБанк,"просп. Стачек, 18, Санкт-Петербург",www.sberbank.ru,"'mon': 10:00-19:00, 'tue': 10:00-19:00, 'wed': 10:00-19:00, 'thu': 10:00-19:00, 'fri': 10:00-19:00, 'sat': 10:00-19:00, 'sun': выходной",59.895128,30.279416,"4,3",['8 (800) 555-55-50Показать телефон'],"['http://ok.ru/sberbank', 'https://vk.com/sberbank']",83,85,84,69,90,,,,,,
158,1056094810,СберБанк,"просп. Металлистов, 59, Санкт-Петербург",www.sberbank.ru,"'mon': 10:00-19:00, 'tue': 10:00-19:00, 'wed': 10:00-19:00, 'thu': 10:00-19:00, 'fri': 10:00-19:00, 'sat': 10:00-19:00, 'sun': выходной",59.969279,30.408807,"4,4",['8 (800) 555-55-50Показать телефон'],"['https://ok.ru/sberbank', 'https://t.me/sberbank', 'https://vk.com/sberbank']",72,69,70,55,55,,,,,,
159,1091458863,СберБанк,"Кондратьевский просп., 53, Санкт-Петербург",www.sberbank.ru,"'mon': 10:00-19:00, 'tue': 10:00-19:00, 'wed': 10:00-19:00, 'thu': 10:00-19:00, 'fri': 10:00-19:00, 'sat': 10:00-19:00, 'sun': выходной",59.974176,30.390144,"4,3",['8 (800) 555-55-50Показать телефон'],"['http://ok.ru/sberbank', 'https://vk.com/sberbank']",70,75,71,47,50,93,31,,,,
160,153813805222,СберБанк,"площадь Карла Фаберже, 8Б, Санкт-Петербург",www.sberbank.ru,"'mon': 09:00-18:00, 'tue': 09:00-18:00, 'wed': 09:00-18:00, 'thu': 09:00-18:00, 'fri': 09:00-16:45, 'sat': выходной, 'sun': выходной",59.935166,30.435972,"4,4",['8 (800) 555-55-50Показать телефон'],['https://vk.com/sberbank'],,,,,,,,,,,
161,158618734005,СберБанк,"ул. Мира, 10, Санкт-Петербург",www.sberbank.ru,"'mon': 10:00-19:30, 'tue': 10:00-19:30, 'wed': 10:00-19:30, 'thu': 10:00-19:30, 'fri': 10:00-19:30, 'sat': 10:00-19:30, 'sun': выходной",59.960298,30.316654,"4,3",['8 (800) 555-55-50Показать телефон'],"['https://ok.ru/sberbank', 'https://t.me/sberbank', 'https://vk.com/sberbank']",77,81,75,65,75,90,,,,,
162,1117767711,Сбербанк,"Новочеркасский просп., 26/16, Санкт-Петербург",www.sberbank.ru,"'mon': выходной, 'tue': выходной, 'wed': выходной, 'thu': выходной, 'fri': выходной, 'sat': выходной, 'sun': выходной",59.929831,30.412030,"4,4",['8 (800) 555-55-50Показать телефон'],"['https://ok.ru/sberbank', 'https://vk.com/sberbank']",79,83,80,65,33,92,,,,,
163,1380413951,СберБанк,"Первомайская ул., 15, посёлок Шушары",www.sberbank.ru,"'mon': 10:00-19:00, 'tue': 10:00-19:00, 'wed': 10:00-19:00, 'thu': 10:00-19:00, 'fri': 10:00-19:00, 'sat': 10:00-19:00, 'sun': выходной",59.806850,30.377781,"4,4",['8 (800) 555-55-50Показать телефон'],"['http://ok.ru/sberbank', 'https://vk.com/sberbank']",71,73,68,40,44,100,,,,,
164,1065411964,СберБанк,"Боткинская ул., 4, Санкт-Петербург",www.sberbank.ru,"'mon': 09:30-20:00, 'tue': 09:30-20:00, 'wed': 09:30-20:00, 'thu': 09:30-20:00, 'fri': 09:30-20:00, 'sat': 09:30-20:00, 'sun': 10:30-16:00",59.957525,30.354190,"4,4",['8 (800) 555-55-50Показать телефон'],"['http://ok.ru/sberbank', 'https://t.me/sberbank', 'https://vk.com/sberbank']",80,81,82,78,88,92,,70,,,
165,1072057945,СберБанк,"ул. Смолячкова, 19, Санкт-Петербург",www.sberbank.ru,"'mon': выходной, 'tue': выходной, 'wed': выходной, 'thu': выходной, 'fri': выходной, 'sat': выходной, 'sun': выходной",59.970954,30.346564,"4,4",['8 (800) 555-55-50Показать телефон'],"['http://ok.ru/sberbank', 'https://vk.com/sberbank']",86,86,86,82,61,100,,,,,
166,1070716259,СберБанк,"просп. Науки, 41, Санкт-Петербург",www.sberbank.ru,"'mon': 10:00-19:00, 'tue': 10:00-19:00, 'wed': 10:00-19:00, 'thu': 10:00-19:00, 'fri': 10:00-19:00, 'sat': 10:00-19:00, 'sun': выходной",60.008666,30.412795,"4,4",['8 (800) 555-55-50Показать телефон'],"['http://ok.ru/sberbank', 'https://t.me/sberbank', 'https://vk.com/sberbank']",73,75,75,64,27,,,,,,
167,1075171831,СберБанк,"ул. Коммуны, 58, Санкт-Петербург",www.sberbank.ru,"'mon': 10:00-19:00, 'tue': 10:00-19:00, 'wed': 10:00-19:00, 'thu': 10:00-19:00, 'fri': 10:00-19:00, 'sat': 10:00-19:00, 'sun': выходной",59.960928,30.489392,"4,4",['8 (800) 555-55-50Показать телефон'],"['http://ok.ru/sberbank', 'https://vk.com/sberbank']",76,81,79,61,58,97,20,,,,
168,1059914109,СберБанк,"Лиговский просп., 105, Санкт-Петербург",www.sberbank.ru,"'mon': выходной, 'tue': выходной, 'wed': выходной, 'thu': выходной, 'fri': выходной, 'sat': выходной, 'sun': выходной",59.921572,30.354030,"4,3",['8 (800) 555-55-50Показать телефон'],"['http://ok.ru/sberbank', 'https://vk.com/sberbank']",56,58,57,38,79,85,60,,,,
169,1015133225,СберБанк,"Индустриальный просп., 26/24, Санкт-Петербург",www.sberbank.ru,"'mon': 09:30-19:00, 'tue': 09:30-19:00, 'wed': 09:30-19:00, 'thu': 09:30-19:00, 'fri': 09:30-19:00, 'sat': 09:30-19:00, 'sun': 11:00-16:00",59.947823,30.474236,"4,5",['8 (800) 555-55-50Показать телефон'],"['http://ok.ru/sberbank', 'https://vk.com/sberbank']",78,83,78,66,57,91,69,91,,,
170,1022285461,СберБанк,"просп. Просвещения, 67, Санкт-Петербург",www.sberbank.ru,"'mon': 10:00-18:30, 'tue': 10:00-18:30, 'wed': 10:00-18:30, 'thu': 10:00-18:30, 'fri': 10:00-18:30, 'sat': 10:00-18:30, 'sun': выходной",60.040688,30.392546,"4,4",['8 (800) 555-55-50Показать телефон'],"['http://ok.ru/sberbank', 'https://t.me/sberbank', 'https://vk.com/sberbank']",81,84,80,68,71,93,,,,,
171,1100223844,СберБанк,"просп. Стачек, 26, Санкт-Петербург",www.sberbank.ru,"'mon': 10:00-19:00, 'tue': 10:00-19:00, 'wed': 10:00-19:00, 'thu': 10:00-19:00, 'fri': 10:00-19:00, 'sat': 10:00-19:00, 'sun': выходной",59.890017,30.272115,"4,3",['8 (800) 555-55-50Показать телефон'],"['http://ok.ru/sberbank', 'https://vk.com/sberbank']",69,74,67,47,68,100,,,,,
172,1031453161,СберБанк,"Ленинский просп., 71, корп. 1, Санкт-Петербург",www.sberbank.ru,"'mon': 10:00-19:00, 'tue': 10:00-19:00, 'wed': 10:00-19:00, 'thu': 10:00-19:00, 'fri': 10:00-19:00, 'sat': 10:00-19:00, 'sun': выходной",59.859561,30.185323,"4,4",['8 (800) 555-55-50Показать телефон'],"['http://ok.ru/sberbank', 'https://vk.com/sberbank']",80,81,80,56,55,86,42,,,,
173,200691349775,СберБанк,"Московский просп., 75, Санкт-Петербург",www.sberbank.ru,"'mon': 10:00-20:00, 'tue': 10:00-20:00, 'wed': 10:00-20:00, 'thu': 10:00-20:00, 'fri': 10:00-20:00, 'sat': 10:00-20:00, 'sun': выходной",59.903246,30.318267,"4,2",['8 (800) 555-55-50Показать телефон'],"['http://ok.ru/sberbank', 'https://vk.com/sberbank']",69,77,67,59,76,81,27,,,,
174,1111133173,СберБанк,"Пискарёвский просп., 35, Санкт-Петербург",www.sberbank.ru,"'mon': 10:00-18:30, 'tue': 10:00-18:30, 'wed': 10:00-18:30, 'thu': 10:00-18:30, 'fri': 10:00-18:30, 'sat': 10:00-18:30, 'sun': выходной",59.976990,30.419101,"4,3",['8 (800) 555-55-50Показать телефон'],"['http://ok.ru/sberbank', 'https://t.me/sberbank', 'https://vk.com/sberbank']",75,74,75,53,63,91,,,,,
175,1133300622,СберБанк,"ул. Бабушкина, 38, корп. 2, Санкт-Петербург",www.sberbank.ru,"'mon': 09:30-20:00, 'tue': 09:30-20:00, 'wed': 09:30-20:00, 'thu': 09:30-20:00, 'fri': 09:30-20:00, 'sat': 09:30-20:00, 'sun': 11:00-16:00",59.878021,30.442290,"4,3",['8 (800) 555-55-50Показать телефон'],"['http://ok.ru/sberbank', 'https://vk.com/sberbank']",75,77,74,58,56,100,,,,,
176,1063861651,СберБанк,"Шоссейная ул., 12, посёлок Бугры",www.sberbank.ru,"'mon': выходной, 'tue': 09:00-13:00,14:00-17:15, 'wed': 09:00-13:00,14:00-17:15, 'thu': 09:00-13:00,14:00-17:15, 'fri': 09:00-13:00,14:00-17:15, 'sat': 09:00-13:00,14:00-17:15, 'sun': выходной",60.068875,30.393069,"3,7",['8 (800) 555-55-50Показать телефон'],"['http://ok.ru/sberbank', 'https://vk.com/sberbank']",84,93,96,38,0,,0,,,,
177,150675268280,СберБанк,"Комендантский просп., 30, корп. 1, Санкт-Петербург",www.sberbank.ru,"'mon': 09:00-18:00, 'tue': 09:00-18:00, 'wed': 09:00-18:00, 'thu': 09:00-18:00, 'fri': 09:00-16:45, 'sat': выходной, 'sun': выходной",60.015125,30.249464,"4,1",['8 (800) 555-55-50Показать телефон'],['https://vk.com/sberbank'],,,,,,,,,,,
178,89097608975,СберБанк,"просп. Большевиков, 27, Санкт-Петербург",www.sberbank.ru,"'mon': 09:00-18:00, 'tue': 09:00-18:00, 'wed': 09:00-18:00, 'thu': 09:00-18:00, 'fri': 09:00-16:45, 'sat': выходной, 'sun': выходной",59.900520,30.485874,"4,3",['8 (800) 555-55-50Показать телефон'],['https://vk.com/sberbank'],,,,,,,,,,,
179,31785334427,СберБанк,"Садовая ул., 10, посёлок Аннино",www.sberbank.ru,"'mon': выходной, 'tue': 09:00-13:00,14:00-17:15, 'wed': 09:00-13:00,14:00-17:15, 'thu': 09:00-13:00,14:00-17:15, 'fri': 09:00-13:00,14:00-17:15, 'sat': 09:00-13:00,14:00-17:15, 'sun': выходной",59.775857,30.044559,"3,9",['8 (800) 555-55-50Показать телефон'],"['http://ok.ru/sberbank', 'https://vk.com/sberbank']",86,94,90,57,0,,27,,,,
180,1075155954,СберБанк,"ш. Революции, 16, Санкт-Петербург",www.sberbank.ru,"'mon': 10:00-19:00, 'tue': 10:00-19:00, 'wed': 10:00-19:00, 'thu': 10:00-19:00, 'fri': 10:00-19:00, 'sat': 10:00-19:00, 'sun': выходной",59.959487,30.416534,"4,3",['8 (800) 555-55-50Показать телефон'],"['http://ok.ru/sberbank', 'https://vk.com/sberbank']",78,83,75,51,61,100,60,,,,
181,1049321052,СберБанк,"ул. Коллонтай, 24, корп. 2, Санкт-Петербург",www.sberbank.ru,"'mon': 10:00-19:30, 'tue': 10:00-19:30, 'wed': 10:00-19:30, 'thu': 10:00-19:30, 'fri': 10:00-19:30, 'sat': 10:00-19:30, 'sun': выходной",59.921538,30.474774,"4,4",['8 (800) 555-55-50Показать телефон'],"['http://ok.ru/sberbank', 'https://t.me/sberbank', 'https://vk.com/sberbank']",68,69,68,57,56,92,43,,73,66,
182,1035696029,СберБанк,"просп. Ветеранов, 114, корп. 1, Санкт-Петербург",www.sberbank.ru,"'mon': 09:00-18:30, 'tue': 09:00-18:30, 'wed': 09:00-18:30, 'thu': 09:00-18:30, 'fri': 09:00-18:30, 'sat': 09:00-18:30, 'sun': выходной",59.832613,30.196541,"4,5",['8 (800) 555-55-50Показать телефон'],"['http://ok.ru/sberbank', 'https://vk.com/sberbank']",71,75,70,64,83,85,53,,53,46,
183,1499269781,СберБанк,"площадь Карла Фаберже, 8Б, Санкт-Петербург",www.sberbank.ru,"'mon': 09:00-19:30, 'tue': 09:00-19:30, 'wed': 09:00-19:30, 'thu': 09:00-19:30, 'fri': 09:00-19:30, 'sat': 10:00-19:00, 'sun': выходной",59.935139,30.436028,"4,3",['8 (800) 555-55-50Показать телефон'],"['http://ok.ru/sberbank', 'https://vk.com/sberbank']",65,65,61,55,47,76,,,,,
184,69117683964,СберБанк,"просп. Художников, 13, корп. 1, Санкт-Петербург",www.sberbank.ru,"'mon': 10:00-19:00, 'tue': 10:00-19:00, 'wed': 10:00-19:00, 'thu': 10:00-19:00, 'fri': 10:00-19:00, 'sat': 10:00-19:00, 'sun': выходной",60.037027,30.345611,"4,4",['8 (800) 555-55-50Показать телефон'],"['http://ok.ru/sberbank', 'https://t.me/sberbank', 'https://vk.com/sberbank']",64,70,64,64,83,100,,,,,
