,ID,name,address,website,opening_hours,lat,lon,rating,phone,social,Обслуживание,Персонал,Отношение к клиентам,Время ожидания,Банкомат,График работы,Расположение,Ипотека,Кредит
0,235143703797,СберБанк,"Европейский просп., 5, Кудрово",www.sberbank.ru,"'mon': 10:30-20:00, 'tue': 10:30-20:00, 'wed': 10:30-20:00, 'thu': 10:30-20:00, 'fri': 10:30-20:00, 'sat': 10:30-20:00, 'sun': выходной",59.898748,30.511145,"4,5",['8 (800) 555-55-50Показать телефон'],"['https://ok.ru/sberbank', 'https://vk.com/sberbank']",73,79,74,49,46,33,100,,
1,28304591277,СберБанк,"Ленинградская ул., 3, Кудрово",www.sberbank.ru,"'mon': 10:00-19:30, 'tue': 10:00-19:30, 'wed': 10:00-19:30, 'thu': 10:00-19:30, 'fri': 10:00-19:30, 'sat': 10:00-19:30, 'sun': выходной",59.912825,30.506193,"4,4",['8 (800) 555-55-50Показать телефон'],"['https://ok.ru/sberbank', 'https://t.me/sberbank', 'https://vk.com/sberbank']",77,81,77,60,72,,93,73,55
2,1078735287,СберБанк,"просп. Большевиков, 27, Санкт-Петербург",www.sberbank.ru,"'mon': 10:00-19:30, 'tue': 10:00-19:30, 'wed': 10:00-19:30, 'thu': 10:00-19:30, 'fri': 10:00-19:30, 'sat': 10:00-19:30, 'sun': выходной",59.900691,30.486441,"4,4",['8 (800) 555-55-50Показать телефон'],"['http://ok.ru/sberbank', 'https://vk.com/sberbank']",62,69,62,41,68,18,100,,
3,211764039930,СберБанк,"ул. Тельмана, 48, корп. 1, Санкт-Петербург",www.sberbank.ru,"'mon': 10:00-19:00, 'tue': 10:00-19:00, 'wed': 10:00-19:00, 'thu': 10:00-19:00, 'fri': 10:00-19:00, 'sat': 10:00-19:00, 'sun': выходной",59.893065,30.483510,"4,8",['8 (800) 555-55-50Показать телефон'],"['http://ok.ru/sberbank', 'https://vk.com/sberbank']",89,97,90,85,80,,100,,
4,124070617027,СберБанк,"ул. Коллонтай, 31, корп. 2, Санкт-Петербург",www.sberbank.ru,"'mon': 10:00-19:00, 'tue': 10:00-19:00, 'wed': 10:00-19:00, 'thu': 10:00-19:00, 'fri': 10:00-19:00, 'sat': 10:00-19:00, 'sun': выходной",59.922635,30.484559,"4,4",['8 (800) 555-55-50Показать телефон'],"['http://ok.ru/sberbank', 'https://vk.com/sberbank']",78,82,78,62,50,,92,,
5,89097608975,СберБанк,"просп. Большевиков, 27, Санкт-Петербург",www.sberbank.ru,"'mon': 09:00-18:00, 'tue': 09:00-18:00, 'wed': 09:00-18:00, 'thu': 09:00-18:00, 'fri': 09:00-16:45, 'sat': выходной, 'sun': выходной",59.900520,30.485874,"4,3",['8 (800) 555-55-50Показать телефон'],['https://vk.com/sberbank'],,,,,,,,,
6,161970409606,СберБанк,"ул. Коллонтай, 10, Санкт-Петербург",www.sberbank.ru,"'mon': 10:00-20:00, 'tue': 10:00-20:00, 'wed': 10:00-20:00, 'thu': 10:00-20:00, 'fri': 10:00-20:00, 'sat': 10:00-20:00, 'sun': выходной",59.916762,30.452567,"4,3",['8 (800) 555-55-50Показать телефон'],"['http://ok.ru/sberbank', 'https://vk.com/sberbank']",70,75,70,54,77,,100,,
7,147513585970,СберБанк,"Народная ул., 2, Санкт-Петербург",www.sberbank.ru,"'mon': выходной, 'tue': выходной, 'wed': выходной, 'thu': выходной, 'fri': выходной, 'sat': выходной, 'sun': выходной",59.880016,30.456985,"4,4",['8 (800) 555-55-50Показать телефон'],"['http://ok.ru/sberbank', 'https://vk.com/sberbank']",78,81,77,69,92,75,82,,
