,ID,name,address,website,opening_hours,lat,lon,rating,phone,social,Обслуживание,Отношение к клиентам,Персонал,Время ожидания,Банкомат,Расположение,Ипотека,Кредит,График работы,Ремонт
0,1257821341,СберБанк,"ул. Некрасова, 12, Балашиха",www.sberbank.ru,"'mon': 09:00-19:00, 'tue': 09:00-19:00, 'wed': 09:00-19:00, 'thu': 09:00-19:00, 'fri': 09:00-19:00, 'sat': 09:00-19:00, 'sun': выходной",55.791747,37.971233,"4,7",['8 (800) 555-55-50Показать телефон'],"['http://ok.ru/sberbank', 'https://vk.com/sberbank']",76,75,75,60,48,97,,,,
1,1026502090,СберБанк,"просп. Ленина, 47, Балашиха",www.sberbank.ru,"'mon': 09:00-18:30, 'tue': 09:00-18:30, 'wed': 09:00-18:30, 'thu': 09:00-18:30, 'fri': 09:00-18:30, 'sat': 09:00-18:30, 'sun': выходной",55.797483,37.947552,"4,7",['8 (800) 555-55-50Показать телефон'],"['https://ok.ru/sberbank', 'https://vk.com/sberbank']",75,73,74,65,60,88,73,77,57,
2,116580378923,СберБанк,"Советская ул., 6/17, Балашиха",www.sberbank.ru,"'mon': 08:30-19:30, 'tue': 08:30-19:30, 'wed': 08:30-19:30, 'thu': 08:30-19:30, 'fri': 08:30-19:30, 'sat': 08:30-19:30, 'sun': выходной",55.797523,37.934823,"4,5",['8 (800) 555-55-50Показать телефон'],"['https://ok.ru/sberbank', 'https://vk.com/sberbank']",69,70,72,60,52,94,,,,
3,1658248251,СберБанк,"Октябрьская ул., 33, микрорайон Железнодорожный, Балашиха",www.sberbank.ru,"'mon': 09:00-19:00, 'tue': 09:00-19:00, 'wed': 09:00-19:00, 'thu': 09:00-19:00, 'fri': 09:00-19:00, 'sat': 09:00-19:00, 'sun': выходной",55.751502,37.998107,"4,5",['8 (800) 555-55-50Показать телефон'],"['http://ok.ru/sberbank', 'https://vk.com/sberbank']",79,80,80,75,62,86,,,23,
4,1052606493,СберБанк,"Пролетарская ул., 5, микрорайон Железнодорожный, Балашиха",www.sberbank.ru,"'mon': 09:00-20:00, 'tue': 09:00-20:00, 'wed': 09:00-20:00, 'thu': 09:00-20:00, 'fri': 09:00-20:00, 'sat': 09:00-20:00, 'sun': выходной",55.747983,38.009398,"4,6",['8 (800) 555-55-50Показать телефон'],"['https://ok.ru/sber/', 'https://vk.com/sberbank']",70,71,74,52,57,91,,38,76,
5,1186173855,СберБанк,"ул. Объединения, 7/27, Балашиха",www.sberbank.ru,"'mon': 08:30-19:30, 'tue': 08:30-19:30, 'wed': 08:30-19:30, 'thu': 08:30-19:30, 'fri': 08:30-19:30, 'sat': 08:30-20:00, 'sun': выходной",55.826385,37.970442,"4,8",['8 (800) 555-55-50Показать телефон'],"['https://ok.ru/sberbank', 'https://vk.com/sberbank']",72,69,73,72,85,92,,31,83,
6,1136729637,СберБанк,"Юбилейная ул., 2, корп. 1, микрорайон Железнодорожный, Балашиха",www.sberbank.ru,"'mon': 09:30-19:00, 'tue': 09:30-19:00, 'wed': 09:30-19:00, 'thu': 09:30-19:00, 'fri': 09:30-19:00, 'sat': 09:30-19:00, 'sun': выходной",55.741879,38.016395,"4,6",['8 (800) 555-55-50Показать телефон'],"['http://ok.ru/sberbank', 'https://vk.com/sberbank']",69,67,68,52,62,77,56,43,,
7,1115218846,СберБанк,"ул. 40 лет Победы, 1, Балашиха",www.sberbank.ru,"'mon': 09:00-18:00, 'tue': 09:00-18:00, 'wed': 09:00-18:00, 'thu': 09:00-18:00, 'fri': 09:00-18:00, 'sat': 09:00-18:00, 'sun': выходной",55.814482,37.967361,"4,5",['8 (800) 555-55-50Показать телефон'],"['http://ok.ru/sberbank', 'https://vk.com/sberbank']",82,81,84,69,52,92,,,9,
8,95915342913,СберБанк,"28, микрорайон Гагарина, Балашиха",www.sberbank.ru,"'mon': выходной, 'tue': 09:30-19:00, 'wed': 09:30-19:00, 'thu': 09:30-19:00, 'fri': 09:30-19:00, 'sat': 09:30-19:00, 'sun': выходной",55.823803,37.929172,"4,4",['8 (800) 555-55-50Показать телефон'],"['https://ok.ru/sberbank', 'https://vk.com/sberbank']",75,75,77,70,39,92,,,36,
9,1669299352,СберБанк,"просп. Героев, 6, микрорайон Железнодорожный, Балашиха",www.sberbank.ru,"'mon': 10:00-14:00, 'tue': 10:00-14:00, 'wed': 10:00-14:00, 'thu': 10:00-14:00, 'fri': 10:00-14:00, 'sat': 10:00-14:00, 'sun': выходной",55.741381,38.002073,"4,6",['8 (800) 555-55-50Показать телефон'],"['http://ok.ru/sberbank', 'https://vk.com/sberbank']",73,72,75,71,39,88,,,21,
10,112543181863,СберБанк,"Южная ул., 3, стр. 1, микрорайон Кучино, Балашиха",www.sberbank.ru,"'mon': 09:00-18:30, 'tue': 09:00-18:30, 'wed': 09:00-18:30, 'thu': 09:00-18:30, 'fri': 09:00-18:30, 'sat': 09:00-19:00, 'sun': выходной",55.749874,37.952770,"4,3",['8 (800) 555-55-50Показать телефон'],"['http://ok.ru/sberbank', 'https://vk.com/sberbank']",60,61,63,21,,,,,,
11,1078463481,СберБанк,"38, микрорайон Дзержинского, Балашиха",www.sberbank.ru,"'mon': выходной, 'tue': 09:00-19:00, 'wed': 09:00-19:00, 'thu': 09:00-19:00, 'fri': 09:00-19:00, 'sat': 09:00-19:00, 'sun': выходной",55.776586,37.900841,"4,1",['8 (800) 555-55-50Показать телефон'],"['http://ok.ru/sberbank', 'https://vk.com/sberbank']",74,72,76,29,8,69,,,8,
12,1026766377,СберБанк,"Юбилейный просп., 24/7, Реутов",www.sberbank.ru,"'mon': 09:00-20:00, 'tue': 09:00-20:00, 'wed': 09:00-20:00, 'thu': 09:00-20:00, 'fri': 09:00-20:00, 'sat': 09:00-20:00, 'sun': выходной",55.749179,37.862949,"4,6",['8 (800) 555-55-50Показать телефон'],"['https://ok.ru/sberbank', 'https://vk.com/sberbank']",73,73,77,60,58,93,,,70,
13,49695211734,СберБанк,"Главная ул., 29, Восточный административный округ, район Восточный, Москва",www.sberbank.ru,"'mon': 09:30-19:30, 'tue': 09:30-19:30, 'wed': 09:30-19:30, 'thu': 09:30-19:30, 'fri': 09:30-19:30, 'sat': 09:30-19:30, 'sun': выходной",55.819975,37.872344,"5,0",['8 (800) 555-55-50Показать телефон'],"['http://ok.ru/sberbank', 'https://t.me/sberbank', 'https://vk.com/sberbank']",88,90,94,86,90,95,,,,
14,1284025392,СберБанк,"Советская ул., 9, микрорайон Заря, Балашиха",www.sberbank.ru,"'mon': выходной, 'tue': 09:00-19:00, 'wed': 09:00-19:00, 'thu': 09:00-19:00, 'fri': 09:00-19:00, 'sat': 09:00-19:00, 'sun': выходной",55.756370,38.079709,"4,6",['8 (800) 555-55-50Показать телефон'],"['http://ok.ru/sberbank', 'https://vk.com/sberbank']",87,92,92,65,79,,,,,
15,1152730247,СберБанк,"Новокосинская ул., 36Б, Москва",www.sberbank.ru,"'mon': выходной, 'tue': выходной, 'wed': выходной, 'thu': выходной, 'fri': выходной, 'sat': выходной, 'sun': выходной",55.742469,37.869444,"4,6",['8 (800) 555-55-50Показать телефон'],"['http://ok.ru/sberbank', 'https://vk.com/sberbank']",84,84,88,69,65,100,,,,
16,1289802948,СберБанк,"ул. Ленина, 4, Реутов",www.sberbank.ru,"'mon': 09:00-20:00, 'tue': 09:00-20:00, 'wed': 09:00-20:00, 'thu': 09:00-20:00, 'fri': 09:00-20:00, 'sat': 09:00-20:00, 'sun': выходной",55.753869,37.859282,"4,4",['8 (800) 555-55-50Показать телефон'],"['http://ok.ru/sberbank', 'https://vk.com/sberbank']",72,72,80,57,25,,,,,
17,1102193377,СберБанк,"Саянская ул., 18, Москва",www.sberbank.ru,"'mon': 08:30-19:30, 'tue': 08:30-19:30, 'wed': 08:30-19:30, 'thu': 08:30-19:30, 'fri': 08:30-19:30, 'sat': 08:30-19:30, 'sun': выходной",55.767101,37.834166,"4,7",['8 (800) 555-55-50Показать телефон'],"['http://ok.ru/sberbank', 'https://vk.com/sberbank']",82,80,83,81,88,93,,30,89,83
18,1133736123,СберБанк,"ул. Кирова, 9, Реутов",www.sberbank.ru,"'mon': 09:30-18:30, 'tue': 09:30-18:30, 'wed': 09:30-18:30, 'thu': 09:30-18:30, 'fri': 09:30-18:30, 'sat': 09:30-18:30, 'sun': выходной",55.757717,37.851349,"4,7",['8 (800) 555-55-50Показать телефон'],"['https://ok.ru/sber/', 'https://vk.com/careersber']",82,83,88,68,35,79,50,50,67,
19,1080915176,СберБанк,"Новокосинская ул., 23, Москва",www.sberbank.ru,"'mon': 09:30-19:30, 'tue': 09:30-19:30, 'wed': 09:30-19:30, 'thu': 09:30-19:30, 'fri': 09:30-19:30, 'sat': 09:30-19:30, 'sun': выходной",55.740813,37.859913,"4,6",['8 (800) 555-55-50Показать телефон'],"['http://ok.ru/sberbank', 'https://vk.com/sberbank']",80,79,81,74,68,100,,,,
20,1027804850,СберБанк,"Свободный просп., 33, Москва",www.sberbank.ru,"'mon': 09:00-20:30, 'tue': 09:00-20:30, 'wed': 09:00-20:30, 'thu': 09:00-20:30, 'fri': 09:00-20:30, 'sat': 09:00-20:30, 'sun': выходной",55.752820,37.819316,"4,4",['8 (800) 555-55-50Показать телефон'],"['http://ok.ru/sberbank', 'https://t.me/sberbank', 'https://vk.com/sberbank']",72,67,69,51,40,84,,,,
21,1065604418,СберБанк,"Сиреневый бул., 53, Москва",www.sberbank.ru,"'mon': 08:00-20:00, 'tue': 08:30-20:00, 'wed': 08:30-20:00, 'thu': 08:30-20:00, 'fri': 08:30-20:00, 'sat': 09:30-18:00, 'sun': выходной",55.803444,37.814443,"4,5",['8 (800) 555-55-50Показать телефон'],"['https://ok.ru/sberbank', 'https://t.me/sberbank', 'https://vk.com/sberbank']",79,76,77,61,68,86,,,83,
22,1077445172,СберБанк,"Первомайская ул., 106А, Москва",www.sberbank.ru,"'mon': 09:00-19:30, 'tue': 09:00-19:30, 'wed': 09:00-19:30, 'thu': 09:00-19:30, 'fri': 09:00-19:30, 'sat': 09:00-19:30, 'sun': выходной",55.793329,37.813097,"4,5",['8 (800) 555-55-50Показать телефон'],"['http://ok.ru/sberbank', 'https://vk.com/sberbank']",83,83,85,73,68,94,,,,90
23,3727015140,СберБанк,"Новокосинская ул., 11, корп. 2, Москва",www.sberbank.ru,"'mon': 09:30-19:30, 'tue': 09:30-19:30, 'wed': 09:30-19:30, 'thu': 09:30-19:30, 'fri': 09:30-19:30, 'sat': 09:30-19:30, 'sun': выходной",55.734174,37.852983,"4,7",['8 (800) 555-55-50Показать телефон'],"['http://ok.ru/sberbank', 'https://vk.com/sberbank']",72,72,80,68,91,,,,60,
