,ID,name,address,website,opening_hours,lat,lon,rating,phone,social,Обслуживание,Отношение к клиентам,Персонал,Время ожидания,Банкомат,Расположение,Ипотека
0,1598394418,СберБанк,"просп. М. Омарова, 1А, Каспийск",www.sberbank.ru,"'mon': 08:00-18:00, 'tue': 08:00-18:00, 'wed': 08:00-18:00, 'thu': 08:00-18:00, 'fri': 08:00-18:00, 'sat': 08:00-18:00, 'sun': выходной",42.897332,47.622547,"4,7",['8 (800) 555-55-50Показать телефон'],"['http://ok.ru/sberbank', 'https://vk.com/sberbank']",88,89,88,63,68,96,
1,227941805067,СберБанк,"ул. Ленина, 52Ж, Каспийск",www.sberbank.ru,"'mon': 09:00-18:00, 'tue': 09:00-18:00, 'wed': 09:00-18:00, 'thu': 09:00-18:00, 'fri': 09:00-18:00, 'sat': 09:00-18:00, 'sun': выходной",42.895958,47.630614,"4,8",['8 (800) 555-55-50Показать телефон'],"['http://ok.ru/sberbank', 'https://vk.com/sberbank']",74,76,74,64,76,100,
2,1210504858,СберБанк,"просп. Петра I, 129, Махачкала",www.sberbank.ru,"'mon': 09:00-18:00, 'tue': 09:00-18:00, 'wed': 09:00-18:00, 'thu': 09:00-18:00, 'fri': 09:00-18:00, 'sat': 09:00-18:00, 'sun': выходной",42.960038,47.552149,"4,6",['8 (800) 555-55-50Показать телефон'],"['http://ok.ru/sberbank', 'https://vk.com/sberbank']",76,73,80,52,53,100,
3,1166052814,СберБанк,"просп. Имама Шамиля, 66, Махачкала",www.sberbank.ru,"'mon': 09:00-18:00, 'tue': 09:00-18:00, 'wed': 09:00-18:00, 'thu': 09:00-18:00, 'fri': 09:00-18:00, 'sat': 09:00-18:00, 'sun': выходной",42.963211,47.499196,"4,5",['8 (800) 555-55-50Показать телефон'],"['http://ok.ru/sberbank', 'https://vk.com/sberbank']",81,76,78,58,,,42
4,1212211900,СберБанк,"просп. Амет-Хана Султана, 9, Махачкала",www.sberbank.ru,"'mon': 09:00-18:00, 'tue': 09:00-18:00, 'wed': 09:00-18:00, 'thu': 09:00-18:00, 'fri': 09:00-16:45, 'sat': выходной, 'sun': выходной",42.947794,47.506501,"4,6",['8 (800) 555-55-50Показать телефон'],"['http://ok.ru/sberbank', 'https://vk.com/sberbank']",81,81,77,92,,,
