,ID,name,address,website,opening_hours,lat,lon,rating,phone,social,Обслуживание,Отношение к клиентам,Персонал,Время ожидания
0,1601499382,СберБанк,"Стекловская ул., 89, Кузнецк",www.sberbank.ru,"'mon': 08:30-18:00, 'tue': 08:30-18:00, 'wed': 08:30-18:00, 'thu': 08:30-18:00, 'fri': 08:30-18:00, 'sat': 08:30-18:00, 'sun': выходной",53.118895,46.598413,"4,7",['8 (800) 555-55-50Показать телефон'],"['http://ok.ru/sberbank', 'https://vk.com/sberbank']",90,87,89,91
1,237783356304,СберБанк,"ул. Молодой Гвардии, 125, Кузнецк",www.sberbank.ru,"'mon': 08:00-17:00, 'tue': 08:00-17:00, 'wed': 08:00-17:00, 'thu': 08:00-17:00, 'fri': 08:00-17:00, 'sat': 08:00-17:00, 'sun': выходной",53.111715,46.620882,"4,4",['8 (800) 555-55-50Показать телефон'],"['http://ok.ru/sberbank', 'https://vk.com/sberbank']",82,80,81,
2,1112773768,СберБанк,"ул. Белинского, 82, Кузнецк",www.sberbank.ru,"'mon': 08:30-17:00, 'tue': 08:30-17:00, 'wed': 08:30-17:00, 'thu': 08:30-17:00, 'fri': 08:30-17:00, 'sat': 08:30-17:00, 'sun': выходной",53.118151,46.587828,"4,7",['8 (800) 555-55-50Показать телефон'],"['http://ok.ru/sberbank', 'https://vk.com/sberbank']",81,79,85,87
3,68113500890,СберБанк,"ул. Победы, 43, Кузнецк",www.sberbank.ru,"'mon': 08:30-17:00, 'tue': 08:30-17:00, 'wed': 08:30-17:00, 'thu': 08:30-17:00, 'fri': 08:30-17:00, 'sat': 08:30-17:00, 'sun': выходной",53.105454,46.586460,"4,5",['8 (800) 555-55-50Показать телефон'],"['http://ok.ru/sberbank', 'https://vk.com/sberbank']",80,83,85,
4,123607373895,СберБанк,"ул. Белинского, 2Е, Кузнецк",www.sberbank.ru,"'mon': 08:30-17:00, 'tue': 08:30-17:00, 'wed': 08:30-17:00, 'thu': 08:30-17:00, 'fri': 08:30-17:00, 'sat': 08:30-17:00, 'sun': выходной",53.121567,46.550437,"4,6",['8 (800) 555-55-50Показать телефон'],"['http://ok.ru/sberbank', 'https://vk.com/sberbank']",93,100,100,
