,ID,name,address,website,opening_hours,lat,lon,rating,phone,social,Отношение к клиентам,Обслуживание,Персонал,Время ожидания,Банкомат
0,1096783288,СберБанк,"ул. Мира, 2А, Липки",www.sberbank.ru,"'mon': 08:30-17:00, 'tue': 08:30-17:00, 'wed': 08:30-17:00, 'thu': 08:30-17:00, 'fri': 08:30-17:00, 'sat': 08:30-17:00, 'sun': выходной",53.942566,37.699822,"4,5",['8 (800) 555-55-50Показать телефон'],"['http://ok.ru/sberbank', 'https://vk.com/sberbank']",100,100,100,,
1,1014509076,СберБанк,"ул. Луначарского, 1, Богородицк",www.sberbank.ru,"'mon': 08:30-17:30, 'tue': 08:30-17:30, 'wed': 08:30-17:30, 'thu': 08:30-17:30, 'fri': 08:30-17:30, 'sat': 08:30-17:30, 'sun': выходной",53.773056,38.133727,"4,5",['8 (800) 555-55-50Показать телефон'],"['http://ok.ru/sberbank', 'https://vk.com/sberbank']",73,72,75,65,
2,1050019008,СберБанк,"ул. Мира, 17Г, Киреевск",www.sberbank.ru,"'mon': 08:30-17:30, 'tue': 08:30-17:30, 'wed': 08:30-17:30, 'thu': 08:30-17:30, 'fri': 08:30-17:30, 'sat': 08:30-17:30, 'sun': выходной",53.930756,37.927716,"4,7",['8 (800) 555-55-50Показать телефон'],"['http://ok.ru/sberbank', 'https://vk.com/sberbank']",85,89,90,76,61
3,1014183287,СберБанк,"Советская ул., 2, сельский посёлок Дубовка",www.sberbank.ru,"'mon': выходной, 'tue': 08:45-13:00,13:30-18:30, 'wed': 08:45-13:00,14:00-18:30, 'thu': выходной, 'fri': 08:45-13:00,14:00-18:30, 'sat': 09:00-13:00,14:00-18:15, 'sun': выходной",53.924124,38.107127,"3,8",['8 (800) 555-55-50Показать телефон'],"['http://ok.ru/sberbank', 'https://vk.com/sberbank']",,,,,
4,1010769810,СберБанк,"ул. Кирова, 38А, сельский посёлок Товарковский",www.sberbank.ru,"'mon': выходной, 'tue': 09:00-13:00,14:00-17:35, 'wed': 09:00-13:00,14:00-17:35, 'thu': 09:00-13:00,14:00-17:35, 'fri': 09:00-13:00,14:00-17:35, 'sat': 09:00-12:00,12:30-15:45, 'sun': выходной",53.677605,38.215060,"4,0",['8 (800) 555-55-50Показать телефон'],"['http://ok.ru/sberbank', 'https://vk.com/sberbank']",,,,,
5,1118227516,СберБанк,"Колхозная ул., 1А, рабочий посёлок Епифань",www.sberbank.ru,"'mon': выходной, 'tue': 08:45-13:00,13:45-17:00, 'wed': выходной, 'thu': 08:45-13:00,13:45-17:00, 'fri': 08:45-13:00,13:45-17:00, 'sat': 09:00-13:00,13:39-15:00, 'sun': выходной",53.822203,38.557534,"3,9",['8 (800) 555-55-50Показать телефон'],"['http://ok.ru/sberbank', 'https://vk.com/sberbank']",,,,,
