,ID,name,address,website,opening_hours,lat,lon,rating,phone,social,Обслуживание,Персонал,Отношение к клиентам,Время ожидания,Ипотека,Кредит,График работы,Расположение,Банкомат
0,1018912651,СберБанк,"ул. Малыгина, 51/2, Тюмень",www.sberbank.ru,"'mon': 09:30-18:30, 'tue': 09:30-18:30, 'wed': 09:30-18:30, 'thu': 09:30-18:30, 'fri': 09:30-18:30, 'sat': 09:30-16:00, 'sun': выходной",57.142151,65.552490,"4,5",['8 (800) 555-55-50Показать телефон'],"['http://ok.ru/sberbank', 'https://t.me/sberbank', 'https://vk.com/sberbank']",77,78,76,67,62,63,20,82,
1,1041111351,СберБанк,"ул. Мориса Тореза, 1, Тюмень",www.sberbank.ru,"'mon': 10:00-19:00, 'tue': 10:00-19:00, 'wed': 10:00-19:00, 'thu': 10:00-19:00, 'fri': 10:00-19:00, 'sat': 10:00-17:00, 'sun': выходной",57.147294,65.550571,"4,6",['8 (800) 555-55-50Показать телефон'],"['http://ok.ru/sberbank', 'https://vk.com/sberbank']",85,89,85,74,,,,93,
2,1099453960,СберБанк,"ул. Червишевский Тракт, 19, Тюмень",www.sberbank.ru,"'mon': 09:00-18:00, 'tue': 09:00-18:00, 'wed': 09:00-18:00, 'thu': 09:00-18:00, 'fri': 09:00-18:00, 'sat': 09:00-18:00, 'sun': выходной",57.128543,65.524012,"4,6",['8 (800) 555-55-50Показать телефон'],"['http://ok.ru/sberbank', 'https://vk.com/sberbank']",91,93,91,69,,,,100,69
3,1093006501,СберБанк,"ул. Мельникайте, 135Б, Тюмень",www.sberbank.ru,"'mon': 09:00-18:00, 'tue': 09:00-18:00, 'wed': 09:00-18:00, 'thu': 09:00-18:00, 'fri': 09:00-18:00, 'sat': выходной, 'sun': выходной",57.122268,65.550324,"4,5",['8 (800) 555-55-50Показать телефон'],"['http://ok.ru/sberbank', 'https://t.me/sberbank', 'https://vk.com/sberbank']",81,85,79,67,,,,88,67
4,1016759554,СберБанк,"ул. Республики, 146, Тюмень",www.sberbank.ru,"'mon': 09:00-18:00, 'tue': 09:00-18:00, 'wed': 09:00-18:00, 'thu': 09:00-18:00, 'fri': 09:00-18:00, 'sat': 09:00-18:00, 'sun': выходной",57.136915,65.570671,"4,4",['8 (800) 555-55-50Показать телефон'],"['http://ok.ru/sberbank', 'https://vk.com/sberbank']",82,79,81,75,,,,,
5,21958491871,СберБанк,"ул. Кирова, 35, Тюмень",www.sberbank.ru,"'mon': 09:00-18:00, 'tue': 09:00-18:00, 'wed': 09:00-18:00, 'thu': 09:00-18:00, 'fri': 09:00-18:00, 'sat': выходной, 'sun': выходной",57.156869,65.531064,"4,5",['8 (800) 555-55-50Показать телефон'],"['http://ok.ru/sberbank', 'https://vk.com/sberbank']",83,91,81,68,70,70,,,
6,1621719533,СберБанк,"ул. Пермякова, 46А, Тюмень",www.sberbank.ru,"'mon': 10:00-19:00, 'tue': 10:00-19:00, 'wed': 10:00-19:00, 'thu': 10:00-19:00, 'fri': 10:00-19:00, 'sat': 10:00-19:00, 'sun': выходной",57.120378,65.580197,"4,5",['8 (800) 555-55-50Показать телефон'],"['http://ok.ru/sberbank', 'https://vk.com/sberbank']",79,87,81,71,74,67,,79,
7,1078871849,СберБанк,"ул. Московский Тракт, 118, Тюмень",www.sberbank.ru,"'mon': 09:30-18:30, 'tue': 09:30-18:30, 'wed': 09:30-18:30, 'thu': 09:30-18:30, 'fri': 09:30-18:30, 'sat': 09:30-18:30, 'sun': выходной",57.134377,65.493855,"4,4",['8 (800) 555-55-50Показать телефон'],"['http://ok.ru/sberbank', 'https://vk.com/sberbank']",81,85,85,46,,,,92,31
8,1177383777,СберБанк,"Рижская ул., 61, Тюмень",www.sberbank.ru,"'mon': 09:00-18:00, 'tue': 09:00-18:00, 'wed': 09:00-18:00, 'thu': 09:00-18:00, 'fri': 09:00-16:45, 'sat': выходной, 'sun': выходной",57.134613,65.583531,"4,8",['8 (800) 555-55-50Показать телефон'],"['https://ok.ru/sberbank', 'https://vk.com/sberbank']",86,87,86,75,,,,,
9,1585824733,СберБанк,"ул. Газовиков, 43, Тюмень",www.sberbank.ru,"'mon': 09:00-18:00, 'tue': 09:00-18:00, 'wed': 09:00-18:00, 'thu': 09:00-18:00, 'fri': 09:00-18:00, 'sat': 09:00-18:00, 'sun': выходной",57.173440,65.560685,"4,5",['8 (800) 555-55-50Показать телефон'],"['http://ok.ru/sberbank', 'https://vk.com/sberbank']",78,83,78,55,,,,94,83
10,1147219623,СберБанк,"ул. Герцена, 70, Тюмень",www.sberbank.ru,"'mon': 10:00-19:00, 'tue': 10:00-19:00, 'wed': 10:00-19:00, 'thu': 10:00-19:00, 'fri': 10:00-19:00, 'sat': 10:00-19:00, 'sun': выходной",57.151807,65.533124,"4,4",['8 (800) 555-55-50Показать телефон'],"['http://ok.ru/sberbank', 'http://t.me/sberbank', 'http://vk.com/sber']",79,82,80,67,,,,88,31
11,1099524536,СберБанк,"ул. 50 лет Октября, 3, Тюмень",www.sberbank.ru,"'mon': 10:00-19:00, 'tue': 10:00-19:00, 'wed': 10:00-19:00, 'thu': 10:00-19:00, 'fri': 10:00-19:00, 'sat': 10:00-19:00, 'sun': выходной",57.153142,65.567969,"4,4",['8 (800) 555-55-50Показать телефон'],"['http://ok.ru/sberbank', 'https://vk.com/sberbank']",78,83,78,58,,,,,40
12,1040737750,СберБанк,"Ямская ул., 75, Тюмень",www.sberbank.ru,"'mon': 09:00-19:00, 'tue': 09:00-19:00, 'wed': 09:00-19:00, 'thu': 09:00-19:00, 'fri': 09:00-19:00, 'sat': 09:00-19:00, 'sun': выходной",57.160446,65.493487,"4,7",['8 (800) 555-55-50Показать телефон'],"['http://ok.ru/sberbank', 'https://vk.com/sberbank']",83,83,80,73,,,,100,76
13,1023871456,СберБанк,"ул. Пермякова, 63, Тюмень",www.sberbank.ru,"'mon': 09:00-18:00, 'tue': 09:00-18:00, 'wed': 09:00-18:00, 'thu': 09:00-18:00, 'fri': 09:00-18:00, 'sat': 09:00-18:00, 'sun': выходной",57.112458,65.572528,"4,5",['8 (800) 555-55-50Показать телефон'],"['http://ok.ru/sberbank', 'https://vk.com/sberbank']",81,86,83,77,,,,100,
14,188810797507,СберБанк,"Профсоюзная ул., 52, Тюмень",www.sberbank.ru,"'mon': 09:00-18:00, 'tue': 09:00-18:00, 'wed': 09:00-18:00, 'thu': 09:00-18:00, 'fri': 09:00-18:00, 'sat': 09:00-18:00, 'sun': выходной",57.152463,65.555909,"4,4",['8 (800) 555-55-50Показать телефон'],"['http://ok.ru/sberbank', 'https://vk.com/sberbank']",76,79,73,65,,,,,
15,1636018091,СберБанк,"ул. Федюнинского, 67, Тюмень",www.sberbank.ru,"'mon': 10:00-19:00, 'tue': 10:00-19:00, 'wed': 10:00-19:00, 'thu': 10:00-19:00, 'fri': 10:00-19:00, 'sat': 10:00-19:00, 'sun': выходной",57.102684,65.571003,"4,5",['8 (800) 555-55-50Показать телефон'],"['http://ok.ru/sberbank', 'https://vk.com/sberbank']",83,89,85,60,,,,92,
16,1232546127,СберБанк,"ул. Мельникайте, 54, Тюмень",www.sberbank.ru,"'mon': 09:00-18:00, 'tue': 09:00-18:00, 'wed': 09:00-18:00, 'thu': 09:00-18:00, 'fri': 09:00-18:00, 'sat': 09:00-18:00, 'sun': выходной",57.148687,65.587474,"4,3",['8 (800) 555-55-50Показать телефон'],"['http://ok.ru/sberbank', 'https://vk.com/sberbank']",76,85,83,72,,,,,
17,1067631923,СберБанк,"ул. Моторостроителей, 5, микрорайон Восточный, Тюмень",www.sberbank.ru,"'mon': выходной, 'tue': 09:08-18:30, 'wed': 09:00-18:30, 'thu': 09:00-18:30, 'fri': 09:00-18:30, 'sat': 09:00-18:30, 'sun': выходной",57.106116,65.605861,"4,5",['8 (800) 555-55-50Показать телефон'],"['http://ok.ru/sberbank', 'https://vk.com/sberbank']",88,89,87,79,,,,,57
18,1071240604,СберБанк,"ул. 50 лет Октября, 88, Тюмень",www.sberbank.ru,"'mon': 09:00-18:00, 'tue': 09:00-18:00, 'wed': 09:00-18:00, 'thu': 09:00-18:00, 'fri': 09:00-18:00, 'sat': 09:00-18:00, 'sun': выходной",57.134612,65.601245,"4,3",['8 (800) 555-55-50Показать телефон'],"['http://ok.ru/sberbank', 'https://vk.com/sberbank']",84,84,88,81,,,,,
19,1091954901,СберБанк,"ул. Пермякова, 39, Тюмень",www.sberbank.ru,"'mon': 09:00-18:00, 'tue': 09:00-18:00, 'wed': 09:00-18:00, 'thu': 09:00-18:00, 'fri': 09:00-18:00, 'sat': 09:00-18:00, 'sun': выходной",57.116587,65.577436,"4,5",['8 (800) 555-55-50Показать телефон'],"['http://ok.ru/sberbank', 'https://vk.com/sberbank']",77,76,74,61,,,,,
20,55610715109,СберБанк,"ул. Беляева, 35, корп. 1, Тюмень",www.sberbank.ru,"'mon': 09:00-18:00, 'tue': 09:00-18:00, 'wed': 09:00-18:00, 'thu': 09:00-18:00, 'fri': 09:00-18:00, 'sat': 09:00-18:00, 'sun': выходной",57.176063,65.653873,"4,7",['8 (800) 555-55-50Показать телефон'],"['http://ok.ru/sberbank', 'https://vk.com/sberbank']",83,84,78,67,,,,96,
21,1115155730,СберБанк,"ул. Ватутина, 55, Тюмень",www.sberbank.ru,"'mon': 09:00-18:00, 'tue': 09:00-18:00, 'wed': 09:00-18:00, 'thu': 09:00-18:00, 'fri': 09:00-18:00, 'sat': 09:00-18:00, 'sun': выходной",57.187184,65.588373,"4,4",['8 (800) 555-55-50Показать телефон'],"['http://ok.ru/sberbank', 'https://vk.com/sberbank']",89,94,93,77,,,36,100,80
22,156023935581,СберБанк,"ул. Республики, 215А, Тюмень",www.sberbank.ru,"'mon': 09:00-18:00, 'tue': 09:00-18:00, 'wed': 09:00-18:00, 'thu': 09:00-18:00, 'fri': 09:00-18:00, 'sat': 09:00-18:00, 'sun': выходной",57.121737,65.610737,"4,3",['8 (800) 555-55-50Показать телефон'],['https://vk.com/sberbank'],71,63,67,86,,,,,
23,1090188389,СберБанк,"Широтная ул., 171, корп. 1, Тюмень",www.sberbank.ru,"'mon': 09:00-18:00, 'tue': 09:00-18:00, 'wed': 09:00-18:00, 'thu': 09:00-18:00, 'fri': 09:00-18:00, 'sat': выходной, 'sun': выходной",57.099829,65.612732,"4,6",['8 (800) 555-55-50Показать телефон'],"['http://ok.ru/sberbank', 'https://vk.com/sberbank']",84,87,78,73,,,,100,80
24,1007860945,СберБанк,"ул. Казачьи Луга, 1, Тюмень",www.sberbank.ru,"'mon': 10:00-19:00, 'tue': 10:00-19:00, 'wed': 10:00-19:00, 'thu': 10:00-19:00, 'fri': 10:00-19:00, 'sat': 10:00-19:00, 'sun': выходной",57.150754,65.653660,"4,6",['8 (800) 555-55-50Показать телефон'],"['http://ok.ru/sberbank', 'https://vk.com/sberbank']",91,97,95,74,,,,92,71
25,1022758931,СберБанк,"ул. Бурлаки, 2, посёлок Московский",www.sberbank.ru,"'mon': выходной, 'tue': 09:00-13:00,14:00-17:30, 'wed': 09:00-13:00,14:00-17:30, 'thu': 09:00-13:00,14:00-17:30, 'fri': 09:00-13:00,14:00-17:30, 'sat': 09:00-13:00,14:00-17:30, 'sun': выходной",57.113438,65.424850,"4,1",['8 (800) 555-55-50Показать телефон'],"['http://ok.ru/sberbank', 'https://vk.com/sberbank']",91,80,83,,,,,,
26,1065253384,СберБанк,"ул. Александра Пушкина, 11, микрорайон Антипино, Тюмень",www.sberbank.ru,"'mon': выходной, 'tue': 08:30-13:00,14:00-18:30, 'wed': 08:30-13:00,14:00-18:30, 'thu': 08:30-13:00,14:00-18:30, 'fri': 08:30-13:00,14:00-18:30, 'sat': 09:00-14:00, 'sun': выходной",57.107905,65.733161,"4,0",['8 (800) 555-55-50Показать телефон'],"['http://ok.ru/sberbank', 'https://vk.com/sberbank']",69,,70,64,,,,,
