,ID,name,address,website,opening_hours,lat,lon,rating,phone,social,Обслуживание,Отношение к клиентам,Персонал,Время ожидания,Банкомат,Расположение
0,1045891266,СберБанк,"просп. Ленина, 88, Урюпинск",www.sberbank.ru,"'mon': 08:30-18:00, 'tue': 08:30-18:00, 'wed': 08:30-18:00, 'thu': 08:30-18:00, 'fri': 08:30-18:00, 'sat': 08:30-18:00, 'sun': выходной",50.795687,41.996573,"4,4",['8 (800) 555-55-50Показать телефон'],"['http://ok.ru/sberbank', 'https://vk.com/sberbank']",80,77,90,,,
1,31805527695,СберБанк,"просп. Ленина, 38, Урюпинск",www.sberbank.ru,"'mon': 09:00-18:00, 'tue': 09:00-18:00, 'wed': 09:00-18:00, 'thu': 09:00-18:00, 'fri': 09:00-18:00, 'sat': выходной, 'sun': выходной",50.797766,42.019834,"4,3",['8 (800) 555-55-50Показать телефон'],"['http://ok.ru/sberbank', 'https://vk.com/sberbank']",,,,,,
2,1007099104,СберБанк,"ул. Черняховского, 3, Урюпинск",www.sberbank.ru,"'mon': 08:30-18:00, 'tue': 08:30-18:00, 'wed': 08:30-18:00, 'thu': 08:30-18:00, 'fri': 08:30-18:00, 'sat': 08:30-18:00, 'sun': выходной",50.795905,42.005052,"4,7",['8 (800) 555-55-50Показать телефон'],"['http://ok.ru/sberbank', 'https://vk.com/sberbank']",87,88,95,71,64,100
3,1115611938,СберБанк,"просп. Ленина, 38, Урюпинск",www.sberbank.ru,"'mon': 08:30-18:00, 'tue': 08:30-18:00, 'wed': 08:30-18:00, 'thu': 08:30-18:00, 'fri': 08:30-18:00, 'sat': 08:30-18:00, 'sun': выходной",50.797766,42.019834,"4,5",['8 (800) 555-55-50Показать телефон'],"['http://ok.ru/sberbank', 'https://vk.com/sberbank']",90,86,94,70,,
4,32238712734,СберБанк,"ул. Комарова, 45А, хутор Ольшанка",www.sberbank.ru,"'mon': 08:15-12:15,13:00-16:00, 'tue': 08:15-12:15,13:00-16:00, 'wed': 08:15-12:15,13:00-16:00, 'thu': 08:15-12:15,13:00-16:00, 'fri': 08:15-12:15,13:00-16:00, 'sat': 08:15-12:15,13:00-16:00, 'sun': выходной",50.819738,42.037814,"4,0",['8 (800) 555-55-50Показать телефон'],"['http://ok.ru/sberbank', 'https://vk.com/sberbank']",,,,,,
