,ID,name,address,website,opening_hours,lat,lon,rating,phone,social,Обслуживание,Отношение к клиентам,Персонал,Время ожидания,Банкомат
0,1025815059,СберБанк,"Комсомольская ул., 8, село Нижнеспасское",www.sberbank.ru,"'mon': 08:00-15:25, 'tue': 08:00-15:25, 'wed': выходной, 'thu': 08:00-15:25, 'fri': 08:00-15:25, 'sat': выходной, 'sun': выходной",52.634925,41.765812,"4,3",['8 (800) 555-55-50Показать телефон'],"['http://ok.ru/sberbank', 'https://vk.com/sberbank']",,,,,
1,180075562678,СберБанк,"ул. Пушкина, 20, Рассказово",www.sberbank.ru,"'mon': выходной, 'tue': выходной, 'wed': выходной, 'thu': выходной, 'fri': выходной, 'sat': выходной, 'sun': выходной",52.657885,41.878911,,['8 (800) 555-55-50Показать телефон'],['https://vk.com/sberbank'],,,,,
2,1212332641,СберБанк,"ул. Пушкина, 20, Рассказово",www.sberbank.ru,"'mon': 08:30-17:30, 'tue': 08:30-17:30, 'wed': 08:30-17:30, 'thu': 08:30-17:30, 'fri': 08:30-17:30, 'sat': 08:30-17:30, 'sun': выходной",52.657888,41.878370,"4,7",['8 (800) 555-55-50Показать телефон'],"['http://ok.ru/sberbank', 'https://vk.com/sberbank']",81,81,85,63,38
3,134447442352,СберБанк,"Советская ул., 24А, село Платоновка",www.sberbank.ru,"'mon': выходной, 'tue': выходной, 'wed': выходной, 'thu': выходной, 'fri': выходной, 'sat': выходной, 'sun': выходной",52.721454,41.954018,"4,3",['8 (800) 555-55-50Показать телефон'],"['http://ok.ru/sberbank', 'https://vk.com/sberbank']",,,,,
4,1023861019,СберБанк,"Больничная ул., 24, село Верхнеспасское",www.sberbank.ru,"'mon': 08:10-12:00,12:30-15:00, 'tue': выходной, 'wed': выходной, 'thu': выходной, 'fri': 08:00-12:00,12:30-15:00, 'sat': выходной, 'sun': выходной",52.575195,41.902527,"3,5",['8 (800) 555-55-50Показать телефон'],['https://vk.com/sberbank'],,,,,
