,ID,name,address,website,opening_hours,lat,lon,rating,phone,social,Обслуживание,Отношение к клиентам,Персонал,Время ожидания,Ипотека,Расположение,Банкомат,График работы,Кредит,Ремонт
0,1058080785,СберБанк,"ул. Менделеева, 130, Уфа",www.sberbank.ru,"'mon': выходной, 'tue': выходной, 'wed': выходной, 'thu': выходной, 'fri': выходной, 'sat': выходной, 'sun': выходной",54.714569,56.001824,"4,4",['8 (800) 555-55-50Показать телефон'],"['http://ok.ru/sberbank', 'https://vk.com/sberbank']",78,78,82,55,82,80,,,,
1,1233264535,СберБанк,"ул. Менделеева, 205А, Уфа",www.sberbank.ru,"'mon': 09:30-18:30, 'tue': 09:30-18:30, 'wed': 09:30-18:30, 'thu': 09:30-18:30, 'fri': 09:30-18:30, 'sat': 09:00-18:30, 'sun': выходной",54.741719,56.026480,"4,6",['8 (800) 555-55-50Показать телефон'],"['http://ok.ru/sberbank', 'https://vk.com/sberbank']",82,86,85,69,,,,,,
2,1104653043,СберБанк,"ул. Рихарда Зорге, 5, Уфа",www.sberbank.ru,"'mon': 09:00-19:00, 'tue': 09:00-19:00, 'wed': 09:00-19:00, 'thu': 09:00-19:00, 'fri': 09:00-19:00, 'sat': 09:00-19:00, 'sun': 10:00-15:00",54.747714,55.981989,"4,4",['8 (800) 555-55-50Показать телефон'],"['http://ok.ru/sberbank', 'https://t.me/sberbank', 'https://vk.com/sberbank']",73,70,77,69,,55,53,,,
3,1633765581,СберБанк,"ул. Академика Королёва, 14, Уфа",www.sberbank.ru,"'mon': 09:00-19:00, 'tue': 09:00-19:00, 'wed': 09:00-19:00, 'thu': 09:00-19:00, 'fri': 09:00-19:00, 'sat': 09:00-19:00, 'sun': 10:00-14:00",54.773999,56.077598,"4,8",['8 (800) 555-55-50Показать телефон'],"['http://ok.ru/sberbank', 'https://vk.com/sberbank']",90,91,92,81,,100,76,,,
4,1234296771,СберБанк,"просп. Октября, 116, Уфа",www.sberbank.ru,"'mon': выходной, 'tue': выходной, 'wed': выходной, 'thu': выходной, 'fri': выходной, 'sat': выходной, 'sun': выходной",54.770663,56.025231,"4,4",['8 (800) 555-55-50Показать телефон'],"['http://ok.ru/sberbank', 'https://vk.com/sberbank']",78,77,83,55,,80,,,,
5,1047909339,СберБанк,"ул. Менделеева, 137, Уфа",www.sberbank.ru,"'mon': 09:00-18:30, 'tue': 09:00-18:30, 'wed': 09:00-18:30, 'thu': 09:00-18:30, 'fri': 09:00-18:30, 'sat': выходной, 'sun': выходной",54.713371,55.995162,"4,4",['8 (800) 555-55-50Показать телефон'],"['http://ok.ru/sberbank', 'https://vk.com/sberbank']",79,81,88,53,,91,82,,,
6,1122570792,СберБанк,"ул. Степана Халтурина, 59, Уфа",www.sberbank.ru,"'mon': 09:00-19:00, 'tue': 09:00-19:00, 'wed': 09:00-19:00, 'thu': 09:00-19:00, 'fri': 09:00-19:00, 'sat': 09:00-19:00, 'sun': выходной",54.745229,55.991036,"4,4",['8 (800) 555-55-50Показать телефон'],"['http://ok.ru/sberbank', 'https://vk.com/sberbank']",75,75,78,56,,96,43,,,
7,1132999949,СберБанк,"ул. Пушкина, 43, Уфа",www.sberbank.ru,"'mon': 09:00-19:00, 'tue': 09:00-19:00, 'wed': 09:00-19:00, 'thu': 09:00-19:00, 'fri': 09:00-19:00, 'sat': 09:00-19:00, 'sun': 10:00-14:00",54.724941,55.928682,"4,7",['8 (800) 555-55-50Показать телефон'],"['https://ok.ru/sberbank', 'https://vk.com/sberbank']",86,84,88,68,72,95,65,82,82,
8,1151663030,СберБанк,"ул. Степана Кувыкина, 14/6, Уфа",www.sberbank.ru,"'mon': 09:30-18:30, 'tue': 09:30-18:30, 'wed': 09:30-18:30, 'thu': 09:30-18:30, 'fri': 09:30-18:30, 'sat': 10:00-15:30, 'sun': выходной",54.705734,55.998946,"4,4",['8 (800) 555-55-50Показать телефон'],"['http://ok.ru/sberbank', 'https://vk.com/sberbank']",73,73,84,64,,85,64,,,
9,1231027132,СберБанк,"ул. 50-летия Октября, 3, Уфа",www.sberbank.ru,"'mon': 09:08-19:00, 'tue': 09:00-19:00, 'wed': 09:00-19:00, 'thu': 09:00-19:00, 'fri': 09:00-19:00, 'sat': 09:00-19:00, 'sun': 10:00-14:30",54.735688,55.959216,"4,5",['8 (800) 555-55-50Показать телефон'],"['https://ok.ru/sberbank', 'https://vk.com/sberbank']",79,78,82,63,84,94,64,,60,
10,1085044306,СберБанк,"ул. Лесотехникума, 24/1, Уфа",www.sberbank.ru,"'mon': 09:00-18:30, 'tue': 09:00-18:30, 'wed': 09:00-18:30, 'thu': 09:00-18:30, 'fri': 09:00-18:30, 'sat': 09:00-18:30, 'sun': выходной",54.758345,56.023938,"4,5",['8 (800) 555-55-50Показать телефон'],"['http://ok.ru/sberbank', 'https://t.me/sberbank', 'https://vk.com/sberbank']",83,87,92,64,,100,60,,,
11,1103255024,СберБанк,"просп. Октября, 132/3, Уфа",www.sberbank.ru,"'mon': 09:00-18:30, 'tue': 09:00-18:30, 'wed': 09:00-18:30, 'thu': 09:00-18:30, 'fri': 09:00-18:30, 'sat': 09:00-15:00, 'sun': выходной",54.776716,56.031052,"4,3",['8 (800) 555-55-50Показать телефон'],"['http://ok.ru/sberbank', 'https://vk.com/sberbank']",71,67,76,63,,82,53,,,
12,1122715567,СберБанк,"ул. Софьи Перовской, 19/1, Уфа",www.sberbank.ru,"'mon': 09:00-18:30, 'tue': 09:00-18:30, 'wed': 09:00-18:30, 'thu': 09:00-18:30, 'fri': 09:00-18:30, 'sat': 09:00-18:30, 'sun': выходной",54.696869,55.996390,"4,5",['8 (800) 555-55-50Показать телефон'],"['http://ok.ru/sberbank', 'https://vk.com/sberbank']",83,81,84,71,,91,69,,,
13,1110422281,СберБанк,"ул. Юрия Гагарина, 11, Уфа",www.sberbank.ru,"'mon': 09:00-18:00, 'tue': 09:00-18:00, 'wed': 09:00-18:00, 'thu': 09:00-18:00, 'fri': 09:00-18:00, 'sat': 09:00-18:00, 'sun': выходной",54.764961,56.055206,"4,4",['8 (800) 555-55-50Показать телефон'],"['http://ok.ru/sberbank', 'https://vk.com/sberbank']",87,88,85,76,,100,,,,
14,1005707256,СберБанк,"Комсомольская ул., 35, Уфа",www.sberbank.ru,"'mon': 09:00-19:00, 'tue': 09:00-19:00, 'wed': 09:00-19:00, 'thu': 09:00-19:00, 'fri': 09:00-19:00, 'sat': 09:00-19:00, 'sun': выходной",54.748700,56.000710,"4,5",['8 (800) 555-55-50Показать телефон'],"['http://ok.ru/sberbank', 'https://vk.com/sberbank']",78,83,83,85,,,,,,
15,1077548459,СберБанк,"ул. Шафиева, 28, Уфа",www.sberbank.ru,"'mon': 09:00-18:00, 'tue': 09:00-18:00, 'wed': 09:00-18:00, 'thu': 09:00-18:00, 'fri': 09:00-18:00, 'sat': выходной, 'sun': выходной",54.761046,56.009299,"4,2",['8 (800) 555-55-50Показать телефон'],"['http://ok.ru/sberbank', 'https://vk.com/sberbank']",78,78,79,43,,82,33,,,
16,87552779153,СберБанк,"ул. Кирова, 47, Уфа",www.sberbank.ru,"'mon': 09:00-18:30, 'tue': 09:00-18:30, 'wed': 09:00-18:30, 'thu': 09:00-18:30, 'fri': 09:00-18:30, 'sat': 09:00-18:30, 'sun': выходной",54.728900,55.964496,"4,4",['8 (800) 555-55-50Показать телефон'],"['http://ok.ru/sberbank', 'https://vk.com/sber']",69,75,74,47,,,50,,,
17,1217974530,СберБанк,"ул. Ленина, 20, Уфа",www.sberbank.ru,"'mon': 05:00-09:00, 'tue': 05:00-09:00, 'wed': 05:00-09:00, 'thu': 05:00-09:00, 'fri': 05:00-09:00, 'sat': 05:00-00:00, 'sun': 05:00-00:00",54.723668,55.946511,"4,5",['8 (800) 555-55-50Показать телефон'],"['http://ok.ru/sberbank', 'https://vk.com/sberbank']",80,75,80,71,,100,73,,,82
18,8659835269,СберБанк,"ул. Рихарда Зорге, 35, Уфа",www.sberbank.ru,"'mon': 09:00-18:00, 'tue': 09:00-18:00, 'wed': 09:00-18:00, 'thu': 09:00-18:00, 'fri': 09:00-18:00, 'sat': 09:00-18:00, 'sun': выходной",54.758146,55.995248,"4,6",['8 (800) 555-55-50Показать телефон'],"['http://ok.ru/sberbank', 'https://vk.com/sberbank']",80,81,90,77,,,45,,,
19,116781799449,СберБанк,"Айская ул., 69, Уфа",www.sberbank.ru,"'mon': 09:00-18:30, 'tue': 09:00-18:30, 'wed': 09:00-18:30, 'thu': 09:00-18:30, 'fri': 09:00-18:30, 'sat': 09:00-18:30, 'sun': выходной",54.730364,55.977378,"4,5",['8 (800) 555-55-50Показать телефон'],"['http://ok.ru/sberbank', 'https://vk.com/sberbank']",87,88,88,71,,100,91,,,
20,1038095159,СберБанк,"ул. Чернышевского, 82, Уфа",www.sberbank.ru,"'mon': 09:00-18:00, 'tue': 09:00-18:00, 'wed': 09:00-18:00, 'thu': 09:00-18:00, 'fri': 09:00-18:00, 'sat': 09:00-18:00, 'sun': выходной",54.729543,55.941632,"4,3",['8 (800) 555-55-50Показать телефон'],"['http://ok.ru/sberbank', 'https://vk.com/sberbank']",81,86,88,70,,100,63,,,
21,59102584006,СберБанк,"Рубежная ул., 174, Уфа",www.sberbank.ru,"'mon': 10:00-22:00, 'tue': 10:00-22:00, 'wed': 10:00-22:00, 'thu': 10:00-22:00, 'fri': 10:00-22:00, 'sat': 10:00-22:00, 'sun': 10:00-19:00",54.674918,55.929056,"4,4",['8 (800) 555-55-50Показать телефон'],"['http://ok.ru/sberbank', 'https://vk.com/sberbank']",74,74,79,63,,,,,,
22,137817057876,СберБанк,"Первомайская ул., 33, Уфа",www.sberbank.ru,"'mon': 09:00-19:00, 'tue': 09:00-19:00, 'wed': 09:00-19:00, 'thu': 09:00-19:00, 'fri': 09:00-19:00, 'sat': 09:00-19:00, 'sun': выходной",54.816392,56.079958,"4,5",['8 (800) 555-55-50Показать телефон'],"['http://ok.ru/sberbank', 'https://vk.com/sberbank']",84,81,84,55,,100,53,,,
23,1092494293,СберБанк,"ул. 8 Марта, 19, Уфа",www.sberbank.ru,"'mon': 09:30-18:30, 'tue': 09:30-18:30, 'wed': 09:30-18:30, 'thu': 09:30-18:30, 'fri': 09:30-18:30, 'sat': 09:30-18:30, 'sun': выходной",54.737131,55.988660,"4,4",['8 (800) 555-55-50Показать телефон'],"['https://ok.ru/sberbank', 'https://vk.com/sberbank']",93,91,91,72,,,,,,
24,1017728394,СберБанк,"Кольцевая ул., 18, Уфа",www.sberbank.ru,"'mon': 09:00-19:00, 'tue': 09:00-19:00, 'wed': 09:00-19:00, 'thu': 09:00-19:00, 'fri': 09:00-19:00, 'sat': 09:00-19:00, 'sun': выходной",54.820154,56.064605,"4,5",['8 (800) 555-55-50Показать телефон'],"['http://ok.ru/sberbank', 'https://vk.com/sberbank']",80,80,82,54,90,75,27,,89,
25,59821787866,СберБанк,"просп. Октября, 135/1, Уфа",www.sberbank.ru,"'mon': 09:30-18:30, 'tue': 09:30-18:30, 'wed': 09:30-18:30, 'thu': 09:30-18:30, 'fri': 09:30-18:30, 'sat': 09:30-18:30, 'sun': выходной",54.794933,56.036665,"4,7",['8 (800) 555-55-50Показать телефон'],['https://vk.com/sberbank'],,,,,,,,,,
26,43254988379,СберБанк,"ул. Юрия Гагарина, 31/2, Уфа",www.sberbank.ru,"'mon': 09:00-19:00, 'tue': 09:00-19:00, 'wed': 09:00-19:00, 'thu': 09:00-19:00, 'fri': 09:00-19:00, 'sat': 09:00-18:00, 'sun': выходной",54.767394,56.070143,"4,5",['8 (800) 555-55-50Показать телефон'],"['http://ok.ru/sberbank', 'https://vk.com/sberbank']",92,91,89,73,,,50,,,
27,203109466466,СберБанк,"Первомайская ул., 52, Уфа",www.sberbank.ru,"'mon': 09:00-19:00, 'tue': 09:00-19:00, 'wed': 09:00-19:00, 'thu': 09:00-19:00, 'fri': 09:00-19:00, 'sat': 10:00-14:30, 'sun': выходной",54.812281,56.091871,"4,5",['8 (800) 555-55-50Показать телефон'],"['http://ok.ru/sberbank', 'https://vk.com/sberbank']",74,87,89,56,,,,,,
28,1129447518,СберБанк,"бул. Тухвата Янаби, 22, Уфа",www.sberbank.ru,"'mon': 09:00-18:00, 'tue': 09:00-18:00, 'wed': 09:00-18:00, 'thu': 09:00-18:00, 'fri': 09:00-18:00, 'sat': 09:00-18:00, 'sun': выходной",54.780583,56.122925,"4,4",['8 (800) 555-55-50Показать телефон'],"['http://ok.ru/sberbank', 'https://vk.com/sberbank']",80,78,85,46,,77,24,,,
29,1046951137,СберБанк,"ул. Ферина, 4, Уфа",www.sberbank.ru,"'mon': 09:00-19:00, 'tue': 09:00-19:00, 'wed': 09:00-19:00, 'thu': 09:00-19:00, 'fri': 09:00-19:00, 'sat': 09:00-19:00, 'sun': выходной",54.786610,56.130818,"4,6",['8 (800) 555-55-50Показать телефон'],"['http://ok.ru/sberbank', 'https://vk.com/sberbank']",80,82,84,58,,90,69,,,
30,1017386113,СберБанк,"Кольцевая ул., 177, Уфа",www.sberbank.ru,"'mon': 09:00-18:30, 'tue': 09:00-18:30, 'wed': 09:00-18:30, 'thu': 09:00-18:30, 'fri': 09:00-18:30, 'sat': 09:00-18:30, 'sun': выходной",54.811608,56.118543,"4,6",['8 (800) 555-55-50Показать телефон'],"['http://ok.ru/sberbank', 'https://t.me/sberbank', 'https://vk.com/sberbank']",88,84,88,76,,,,,,
31,1006227405,СберБанк,"бул. Ибрагимова, 42, Уфа",www.sberbank.ru,"'mon': 09:00-18:30, 'tue': 09:00-18:30, 'wed': 09:00-18:30, 'thu': 09:00-18:30, 'fri': 09:00-18:30, 'sat': 09:00-18:30, 'sun': выходной",54.742228,55.957641,"4,4",['8 (800) 555-55-50Показать телефон'],"['http://ok.ru/sberbank', 'https://vk.com/sberbank']",74,79,83,52,,100,50,,,
32,1061361222,СберБанк,"ул. Георгия Мушникова, 13/1, Уфа",www.sberbank.ru,"'mon': 09:00-18:30, 'tue': 09:00-18:30, 'wed': 09:00-18:30, 'thu': 09:00-18:30, 'fri': 09:00-18:30, 'sat': 09:00-18:30, 'sun': выходной",54.780619,56.113527,"4,7",['8 (800) 555-55-50Показать телефон'],"['http://ok.ru/sberbank', 'https://vk.com/sberbank']",84,90,90,75,,100,82,,,
33,1042400808,СберБанк,"пер. Ухтомского, 10, Уфа",www.sberbank.ru,"'mon': 09:00-19:00, 'tue': 09:00-19:00, 'wed': 09:00-19:00, 'thu': 09:00-19:00, 'fri': 09:00-19:00, 'sat': 09:00-19:00, 'sun': 09:30-15:00",54.702891,55.830792,"4,5",['8 (800) 555-55-50Показать телефон'],"['https://ok.ru/sberbank', 'https://t.me/sberbank', 'https://vk.com/sberbank']",80,79,82,59,,85,57,,,
34,1132575154,СберБанк,"Первомайская ул., 16, Уфа",www.sberbank.ru,"'mon': 09:00-18:00, 'tue': 09:00-18:00, 'wed': 09:00-18:00, 'thu': 09:00-18:00, 'fri': 09:00-18:00, 'sat': 09:00-18:00, 'sun': выходной",54.818433,56.070470,"4,4",['8 (800) 555-55-50Показать телефон'],"['http://ok.ru/sberbank', 'https://vk.com/sberbank']",96,96,95,70,,100,58,,,
35,1110332519,СберБанк,"ул. Ахметова, 324, Уфа",www.sberbank.ru,"'mon': 09:00-19:00, 'tue': 09:00-19:00, 'wed': 09:00-19:00, 'thu': 09:00-19:00, 'fri': 09:00-19:00, 'sat': 09:00-19:00, 'sun': выходной",54.789535,55.881552,"4,7",['8 (800) 555-55-50Показать телефон'],"['http://ok.ru/sberbank', 'https://vk.com/sberbank']",79,78,85,51,,88,48,,,
36,1065333989,СберБанк,"ул. Александра Невского, 33, Уфа",www.sberbank.ru,"'mon': 09:00-18:30, 'tue': 09:00-18:30, 'wed': 09:00-18:30, 'thu': 09:00-18:30, 'fri': 09:00-18:30, 'sat': 09:00-18:30, 'sun': выходной",54.818343,56.104523,"4,4",['8 (800) 555-55-50Показать телефон'],"['http://ok.ru/sberbank', 'https://vk.com/sberbank']",71,81,81,29,,100,10,,,
37,1127396229,СберБанк,"Вологодская ул., 13, Уфа",www.sberbank.ru,"'mon': 09:00-18:30, 'tue': 09:00-18:30, 'wed': 09:00-18:30, 'thu': 09:00-18:30, 'fri': 09:00-18:30, 'sat': 09:00-18:30, 'sun': выходной",54.809848,56.130593,"4,6",['8 (800) 555-55-50Показать телефон'],"['http://ok.ru/sberbank', 'https://vk.com/sberbank']",86,90,95,59,,,59,,,
38,1077204128,СберБанк,"Гвардейская ул., 35/1, жилой район Шакша, Уфа",www.sberbank.ru,"'mon': 09:00-18:00, 'tue': 09:00-18:00, 'wed': 09:00-18:00, 'thu': 09:00-18:00, 'fri': 09:00-18:00, 'sat': 09:00-18:00, 'sun': выходной",54.772892,56.228506,"4,9",['8 (800) 555-55-50Показать телефон'],"['http://ok.ru/sberbank', 'https://vk.com/sberbank']",91,88,89,80,,100,78,67,,
39,59252543566,СберБанк,"Дагестанская ул., 23, Уфа",www.sberbank.ru,"'mon': 09:00-18:30, 'tue': 09:00-18:30, 'wed': 09:00-18:30, 'thu': 09:00-18:30, 'fri': 09:00-18:30, 'sat': 09:00-18:30, 'sun': выходной",54.710885,55.835323,"4,4",['8 (800) 555-55-50Показать телефон'],"['http://ok.ru/sberbank', 'https://vk.com/sberbank']",81,81,91,38,,89,65,,,
40,1042268794,СберБанк,"2-я Придорожная ул., 1, Уфа",www.sberbank.ru,"'mon': 09:30-13:00,14:00-18:00, 'tue': 09:30-13:00,14:00-18:00, 'wed': 09:30-13:00,14:00-18:00, 'thu': 09:30-13:00,14:00-18:00, 'fri': 09:30-13:00,14:00-18:00, 'sat': 09:30-13:00,14:00-18:00, 'sun': выходной",54.744404,55.915132,"2,9",['8 (800) 555-55-50Показать телефон'],"['http://ok.ru/sberbank', 'https://vk.com/sberbank']",56,54,64,29,,,14,0,,
41,1005772158,СберБанк,"ул. Ленина, 46, село Михайловка",www.sberbank.ru,"'mon': 08:30-13:00,14:00-16:30, 'tue': 08:30-13:00,14:00-16:30, 'wed': 08:30-13:00,14:00-16:30, 'thu': 08:30-13:00,14:00-16:30, 'fri': 08:30-13:00,14:00-16:15, 'sat': 08:30-13:00,14:00-16:15, 'sun': выходной",54.803667,55.893190,"3,9",['8 (800) 555-55-50Показать телефон'],"['http://ok.ru/sberbank', 'https://t.me/sberbank', 'https://vk.com/sberbank']",,,,,,,,,,
42,1013324307,СберБанк,"ул. Михайлова, 3, село Миловка",www.sberbank.ru,"'mon': 08:30-13:00,14:00-16:30, 'tue': 08:30-13:00,14:00-16:30, 'wed': 08:30-13:00,14:00-16:30, 'thu': 08:30-13:00,14:00-16:30, 'fri': 08:30-13:00,14:00-16:15, 'sat': 08:30-13:00,14:00-15:30, 'sun': выходной",54.778149,55.838370,"4,2",['8 (800) 555-55-50Показать телефон'],"['http://ok.ru/sberbank', 'https://vk.com/sberbank']",,,,,,,,,,
