,ID,name,address,website,opening_hours,lat,lon,rating,phone,social,Обслуживание,Персонал,Отношение к клиентам,Время ожидания,Банкомат,Расположение,График работы,Кредит,Ипотека,Ремонт
0,1006269167,СберБанк,"Ново-Садовая ул., 347А, Самара",www.sberbank.ru,"'mon': 09:00-19:00, 'tue': 09:00-19:00, 'wed': 09:00-19:00, 'thu': 09:00-19:00, 'fri': 09:00-19:00, 'sat': 09:00-19:00, 'sun': выходной",53.252456,50.208833,"4,5",['8 (800) 555-55-50Показать телефон'],"['http://ok.ru/sberbank', 'https://t.me/sberbank', 'https://vk.com/sberbank']",81,85,82,66,47,86,,,,
1,1158242753,СберБанк,"ул. Стара-Загора, 139, Самара",www.sberbank.ru,"'mon': 09:00-19:00, 'tue': 09:00-19:00, 'wed': 09:00-19:00, 'thu': 09:00-19:00, 'fri': 09:00-19:00, 'sat': 09:00-19:00, 'sun': 10:00-15:00",53.234966,50.221161,"4,6",['8 (800) 555-55-50Показать телефон'],"['http://ok.ru/sberbank', 'https://vk.com/sberbank']",72,74,70,59,77,100,90,,,
2,1092015177,СберБанк,"городской округ Самара, Октябрьский район, улица Советской Армии, 239",www.sberbank.ru,"'mon': 09:00-19:00, 'tue': 09:00-19:00, 'wed': 09:00-19:00, 'thu': 09:00-19:00, 'fri': 09:00-19:00, 'sat': 09:00-19:00, 'sun': выходной",53.233964,50.187154,"4,7",['8 (800) 555-55-50Показать телефон'],"['http://ok.ru/sberbank', 'https://vk.com/sberbank']",92,94,93,74,89,85,90,,,
3,1010767044,СберБанк,"ул. Георгия Димитрова, 108, Самара",www.sberbank.ru,"'mon': 09:00-18:30, 'tue': 09:00-18:30, 'wed': 09:00-18:30, 'thu': 09:00-18:30, 'fri': 09:00-18:30, 'sat': 09:00-18:30, 'sun': выходной",53.260150,50.223879,"4,5",['8 (800) 555-55-50Показать телефон'],"['https://ok.ru/sberbank', 'https://t.me/sberbank', 'https://vk.com/sberbank']",78,84,77,51,31,94,73,36,,
4,1181537652,СберБанк,"Революционная ул., 126, Самара",www.sberbank.ru,"'mon': 09:00-19:30, 'tue': 09:00-19:30, 'wed': 09:00-19:30, 'thu': 09:00-19:30, 'fri': 09:00-19:30, 'sat': 09:00-19:30, 'sun': выходной",53.199373,50.178863,"4,7",['8 (800) 555-55-50Показать телефон'],"['https://ok.ru/sberbank', 'https://vk.com/sberbank']",80,84,79,66,75,93,,,,
5,1169928483,СберБанк,"просп. Кирова, 130, Самара",www.sberbank.ru,"'mon': 09:00-19:00, 'tue': 09:00-19:00, 'wed': 09:00-19:00, 'thu': 09:00-19:00, 'fri': 09:00-19:00, 'sat': 09:00-19:00, 'sun': выходной",53.230452,50.248056,"4,5",['8 (800) 555-55-50Показать телефон'],"['http://ok.ru/sberbank', 'https://vk.com/sberbank']",83,86,85,64,67,88,,,,
6,171653269250,СберБанк,"ул. Антонова-Овсеенко, 3, Самара",www.sberbank.ru,"'mon': 09:00-18:30, 'tue': 09:00-18:30, 'wed': 09:00-18:30, 'thu': 09:00-18:30, 'fri': 09:00-18:30, 'sat': 09:00-18:30, 'sun': выходной",53.211557,50.192348,"4,6",['8 (800) 555-55-50Показать телефон'],"['http://ok.ru/sberbank', 'https://vk.com/sberbank']",86,89,83,60,55,100,64,,,
7,1148973468,СберБанк,"Аэродромная ул., 50, Самара",www.sberbank.ru,"'mon': 08:30-18:30, 'tue': 08:30-18:30, 'wed': 08:30-18:30, 'thu': 08:30-18:30, 'fri': 08:30-18:30, 'sat': 08:30-18:30, 'sun': выходной",53.192216,50.194212,"4,7",['8 (800) 555-55-50Показать телефон'],"['http://ok.ru/sberbank', 'https://vk.com/sberbank']",91,93,90,70,78,92,85,,,
8,153660687124,СберБанк,"ул. Мира, 6, Самара",www.sberbank.ru,"'mon': выходной, 'tue': 09:39-19:00, 'wed': 09:00-19:00, 'thu': 09:00-19:00, 'fri': 09:00-19:00, 'sat': 09:00-19:00, 'sun': выходной",53.316810,50.304733,"4,6",['8 (800) 555-55-50Показать телефон'],"['http://ok.ru/sberbank', 'https://vk.com/sberbank']",85,85,84,66,71,96,,,,
9,1072495934,СберБанк,"Ново-Вокзальная ул., 130, Самара",www.sberbank.ru,"'mon': 09:00-19:00, 'tue': 09:00-19:00, 'wed': 09:00-19:00, 'thu': 09:00-19:00, 'fri': 09:00-19:00, 'sat': 09:00-19:00, 'sun': выходной",53.239418,50.214068,"4,8",['8 (800) 555-55-50Показать телефон'],"['http://ok.ru/sberbank', 'https://vk.com/sberbank']",84,88,84,66,84,94,82,58,71,
10,1053048168,СберБанк,"Советская ул., 2, Самара",www.sberbank.ru,"'mon': 09:00-19:00, 'tue': 09:00-19:00, 'wed': 09:00-19:00, 'thu': 09:00-19:00, 'fri': 09:00-19:00, 'sat': 09:00-19:00, 'sun': выходной",53.224762,50.272150,"4,8",['8 (800) 555-55-50Показать телефон'],"['http://ok.ru/sberbank', 'https://t.me/sberbank', 'https://vk.com/sber']",87,87,85,82,74,89,,50,65,
11,1009616286,СберБанк,"ул. Агибалова, 78, Самара",www.sberbank.ru,"'mon': 09:00-19:00, 'tue': 09:00-19:00, 'wed': 09:00-19:00, 'thu': 09:00-19:00, 'fri': 09:00-19:00, 'sat': 09:00-19:00, 'sun': выходной",53.194530,50.122725,"4,5",['8 (800) 555-55-50Показать телефон'],"['https://ok.ru/sberbank', 'https://t.me/sberbank', 'https://vk.com/sberbank']",72,80,72,49,55,95,,,,
12,1014694347,СберБанк,"просп. Ленина, 2А, Самара",www.sberbank.ru,"'mon': 09:00-18:30, 'tue': 09:00-18:30, 'wed': 09:00-18:30, 'thu': 09:00-18:30, 'fri': 09:00-18:30, 'sat': 09:00-18:30, 'sun': 10:00-15:00",53.204250,50.126966,"4,4",['8 (800) 555-55-50Показать телефон'],"['http://ok.ru/sberbank', 'https://vk.com/sberbank']",72,75,72,61,59,100,,,,
13,1301623858,СберБанк,"ул. Георгия Димитрова, 117, Самара",www.sberbank.ru,"'mon': 09:00-18:30, 'tue': 09:00-18:30, 'wed': 09:00-18:30, 'thu': 09:00-18:30, 'fri': 09:00-18:30, 'sat': 09:00-18:30, 'sun': выходной",53.263937,50.221035,"4,5",['8 (800) 555-55-50Показать телефон'],"['http://ok.ru/sberbank', 'https://vk.com/sberbank']",80,83,86,52,42,100,,,,
14,1043911433,СберБанк,"ул. Гагарина, 19, Самара",www.sberbank.ru,"'mon': 09:00-18:30, 'tue': 09:00-18:30, 'wed': 09:00-18:30, 'thu': 09:00-18:30, 'fri': 09:00-18:30, 'sat': 09:00-18:30, 'sun': выходной",53.199748,50.167902,"4,7",['8 (800) 555-55-50Показать телефон'],"['http://ok.ru/sberbank', 'https://t.me/sberbank', 'https://vk.com/sberbank']",85,88,84,71,51,91,,71,76,
15,1033602274,СберБанк,"просп. Масленникова, 21, Самара",www.sberbank.ru,"'mon': 09:00-18:30, 'tue': 09:00-18:30, 'wed': 09:00-18:30, 'thu': 09:00-18:30, 'fri': 09:00-18:30, 'sat': 09:00-18:30, 'sun': выходной",53.210674,50.156067,"4,7",['8 (800) 555-55-50Показать телефон'],"['https://ok.ru/sberbank', 'https://t.me/sberbank', 'https://vk.com/sber']",84,90,85,73,74,95,,,,
16,1105246102,СберБанк,"Самарская ул., 207, Самара",www.sberbank.ru,"'mon': 09:30-19:00, 'tue': 09:30-19:00, 'wed': 09:30-19:00, 'thu': 09:30-19:00, 'fri': 09:30-19:00, 'sat': 09:30-19:00, 'sun': выходной",53.201535,50.116333,"4,6",['8 (800) 555-55-50Показать телефон'],"['https://ok.ru/sberbank', 'https://vk.com/sberbank']",77,78,77,63,58,95,60,,73,
17,1022649317,СберБанк,"1, посёлок Мехзавод, Самара",www.sberbank.ru,"'mon': 09:00-18:00, 'tue': 09:00-18:00, 'wed': 09:00-18:00, 'thu': 09:00-18:00, 'fri': 09:00-18:00, 'sat': 09:00-18:00, 'sun': выходной",53.298100,50.285826,"4,4",['8 (800) 555-55-50Показать телефон'],['https://vk.com/sberbank'],86,90,87,48,7,80,,,,
18,55463379931,СберБанк,"Ново-Садовая ул., 151, Самара",www.sberbank.ru,"'mon': 09:00-19:00, 'tue': 09:00-19:00, 'wed': 09:00-19:00, 'thu': 09:00-19:00, 'fri': 09:00-19:00, 'sat': 09:00-19:00, 'sun': выходной",53.216627,50.150135,"4,5",['8 (800) 555-55-50Показать телефон'],"['http://ok.ru/sberbank', 'https://vk.com/sberbank']",90,88,87,72,73,100,,,,
19,1014460841,СберБанк,"ул. Победы, 104, Самара",www.sberbank.ru,"'mon': 09:00-19:00, 'tue': 09:00-19:00, 'wed': 09:00-19:00, 'thu': 09:00-19:00, 'fri': 09:00-19:00, 'sat': 09:00-19:00, 'sun': выходной",53.217883,50.258871,"4,7",['8 (800) 555-55-50Показать телефон'],"['http://ok.ru/sberbank', 'https://vk.com/sberbank']",87,89,88,84,73,95,90,,,
20,1003753092,СберБанк,"ул. Мичурина, 52, Самара",www.sberbank.ru,"'mon': 09:00-18:30, 'tue': 09:00-18:30, 'wed': 09:00-18:30, 'thu': 09:00-18:30, 'fri': 09:00-18:30, 'sat': 09:00-18:30, 'sun': выходной",53.202308,50.136211,"4,6",['8 (800) 555-55-50Показать телефон'],"['http://ok.ru/sberbank', 'https://t.me/s/sberbank', 'https://vk.com/sber']",90,88,89,71,47,79,42,,,100
21,1114297323,СберБанк,"городской округ Самара, Советский район, улица Советской Армии, 124",www.sberbank.ru,"'mon': 09:00-18:00, 'tue': 09:00-18:00, 'wed': 09:00-18:00, 'thu': 09:00-18:00, 'fri': 09:00-18:00, 'sat': выходной, 'sun': выходной",53.212781,50.210622,"4,6",['8 (800) 555-55-50Показать телефон'],"['http://ok.ru/sberbank', 'https://vk.com/sberbank']",84,83,82,88,60,90,,,,
22,177413474052,СберБанк,"просп. Кирова, 283, Самара",www.sberbank.ru,"'mon': 09:00-18:00, 'tue': 09:00-18:00, 'wed': 09:00-18:00, 'thu': 09:00-18:00, 'fri': 09:00-18:00, 'sat': 09:00-18:00, 'sun': выходной",53.242395,50.234403,"4,8",['8 (800) 555-55-50Показать телефон'],"['http://ok.ru/sberbank', 'https://vk.com/sberbank']",93,94,94,87,76,100,,,,83
23,1057966188,СберБанк,"Владимирская ул., 35, Самара",www.sberbank.ru,"'mon': 09:00-19:00, 'tue': 09:00-19:00, 'wed': 09:00-19:00, 'thu': 09:00-19:00, 'fri': 09:00-19:00, 'sat': 09:00-19:00, 'sun': выходной",53.191127,50.141483,"4,5",['8 (800) 555-55-50Показать телефон'],"['http://ok.ru/sberbank', 'https://t.me/sberbank', 'https://vk.com/sber']",83,87,84,65,63,89,,,,
24,1370124073,СберБанк,"ул. Победы, 93, Самара",www.sberbank.ru,"'mon': 09:00-19:00, 'tue': 09:00-19:00, 'wed': 09:00-19:00, 'thu': 09:00-19:00, 'fri': 09:00-19:00, 'sat': 09:00-19:00, 'sun': выходной",53.212077,50.247599,"4,6",['8 (800) 555-55-50Показать телефон'],"['http://ok.ru/sberbank', 'https://vk.com/sberbank']",84,87,86,61,63,100,,,,
25,1127886283,Сбербанк,"ул. Сергея Лазо, 26А, корп. 1, посёлок Управленческий, Самара",www.sberbank.ru,"'mon': 09:00-18:00, 'tue': 09:00-18:00, 'wed': 09:00-18:00, 'thu': 09:00-18:00, 'fri': 09:00-18:00, 'sat': 09:00-13:30, 'sun': выходной",53.346731,50.218110,"4,6",['8 (800) 555-55-50Показать телефон'],"['http://ok.ru/sberbank', 'https://vk.com/sberbank']",83,82,82,59,70,88,,,,
26,1102777537,СберБанк,"ул. Жигули, 61, посёлок Красная Глинка, Самара",www.sberbank.ru,"'mon': 09:00-18:00, 'tue': 09:00-18:00, 'wed': 09:00-18:00, 'thu': 09:00-18:00, 'fri': 09:00-18:00, 'sat': 09:00-18:00, 'sun': выходной",53.384575,50.166713,"4,4",['8 (800) 555-55-50Показать телефон'],"['http://ok.ru/sberbank', 'https://vk.com/sberbank']",91,93,90,69,,,,,,
27,219229063915,СберБанк,"Ташкентская ул., 92, Самара",www.sberbank.ru,"'mon': 09:00-18:30, 'tue': 09:00-18:30, 'wed': 09:00-18:30, 'thu': 09:00-18:30, 'fri': 09:00-18:30, 'sat': 09:00-18:30, 'sun': выходной",53.246966,50.247799,"4,7",['8 (800) 555-55-50Показать телефон'],"['http://ok.ru/sberbank', 'https://vk.com/sberbank']",89,91,92,76,68,86,,,,
28,1122516069,СберБанк,"ул. Стара-Загора, 56, Самара",www.sberbank.ru,"'mon': 09:00-18:00, 'tue': 09:00-18:00, 'wed': 09:00-18:00, 'thu': 09:00-18:00, 'fri': 09:00-18:00, 'sat': 09:00-18:00, 'sun': выходной",53.230348,50.208466,"4,5",['8 (800) 555-55-50Показать телефон'],"['http://ok.ru/sberbank', 'https://vk.com/sberbank']",71,73,67,60,67,91,,,,
29,1240231717,Сбер,"Галактионовская ул., 34, Самара",www.sberbank.ru,"'mon': 09:00-18:30, 'tue': 09:00-18:30, 'wed': 09:00-18:30, 'thu': 09:00-18:30, 'fri': 09:00-18:30, 'sat': 09:00-14:30, 'sun': выходной",53.185048,50.097286,"4,6",['8 (800) 555-55-50Показать телефон'],"['https://ok.ru/sber', 'https://vk.com/sber']",77,82,78,65,44,100,,,,94
30,191298299433,СберБанк,"ул. Победы, 84, Самара",www.sberbank.ru,"'mon': 09:00-18:30, 'tue': 09:00-18:30, 'wed': 09:00-18:30, 'thu': 09:00-18:30, 'fri': 09:00-18:30, 'sat': 09:00-18:30, 'sun': выходной",53.209798,50.241323,"4,6",['8 (800) 555-55-50Показать телефон'],"['http://ok.ru/sberbank', 'https://t.me/sberbank', 'https://vk.com/sberbank']",84,91,89,72,59,100,,,,
31,1047254848,СберБанк,"Ташкентская ул., 91А, Самара",www.sberbank.ru,"'mon': 09:00-18:00, 'tue': 09:00-18:00, 'wed': 09:00-18:00, 'thu': 09:00-18:00, 'fri': 09:00-18:00, 'sat': 09:00-18:00, 'sun': выходной",53.245833,50.254329,"4,6",['8 (800) 555-55-50Показать телефон'],"['http://ok.ru/sberbank', 'https://vk.com/sberbank']",86,89,85,66,73,76,17,,,
32,116013491400,СберБанк,"Вилоновская ул., 13, Самара",www.sberbank.ru,"'mon': 09:00-18:00, 'tue': 09:00-18:00, 'wed': 09:00-18:00, 'thu': 09:00-18:00, 'fri': 09:00-18:00, 'sat': 09:00-18:00, 'sun': выходной",53.198096,50.101094,"4,3",['8 (800) 555-55-50Показать телефон'],"['https://ok.ru/sberbank', 'https://t.me/sberbank', 'https://vk.com/sberbank']",76,80,74,61,45,,,,,
33,103950860445,СберБанк,"ул. Гагарина, 161, Самара",www.sberbank.ru,"'mon': 09:00-18:00, 'tue': 09:00-18:00, 'wed': 09:00-18:00, 'thu': 09:00-18:00, 'fri': 09:00-18:00, 'sat': 09:00-18:00, 'sun': выходной",53.201462,50.225694,"4,8",['8 (800) 555-55-50Показать телефон'],"['http://ok.ru/sberbank', 'https://vk.com/sberbank']",90,91,90,88,96,100,,,,
34,112988919081,СберБанк,"Николаевский просп., 2, микрорайон Южный Город, квартал Южный Город-1, посёлок Придорожный",www.sberbank.ru,"'mon': 09:00-18:00, 'tue': 09:00-18:00, 'wed': 09:00-18:00, 'thu': 09:00-18:00, 'fri': 09:00-18:00, 'sat': 09:00-18:00, 'sun': выходной",53.117382,50.166376,"4,9",['8 (800) 555-55-50Показать телефон'],"['http://ok.ru/sberbank', 'https://vk.com/sberbank']",84,88,86,73,71,93,8,,,
35,1124402341,СберБанк,"ул. Гагарина, 119, Самара",www.sberbank.ru,"'mon': 09:00-18:00, 'tue': 09:00-18:00, 'wed': 09:00-18:00, 'thu': 09:00-18:00, 'fri': 09:00-18:00, 'sat': 09:00-18:00, 'sun': выходной",53.200876,50.205822,"4,3",['8 (800) 555-55-50Показать телефон'],"['http://ok.ru/sberbank', 'https://t.me/sberbank', 'https://vk.com/sber']",75,86,73,45,6,91,0,,,
36,227212448900,СберБанк,"просп. Металлургов, 83, Самара",www.sberbank.ru,"'mon': 09:10-18:00, 'tue': 09:00-18:00, 'wed': 09:00-18:00, 'thu': 09:00-18:00, 'fri': 09:00-18:00, 'sat': 09:00-18:00, 'sun': выходной",53.236000,50.278271,"4,6",['8 (800) 555-55-50Показать телефон'],"['http://ok.ru/sberbank', 'https://vk.com/sberbank']",85,86,85,49,24,100,46,,,
37,1198568199,СберБанк,"просп. Металлургов, 67, Самара",www.sberbank.ru,"'mon': 09:00-18:30, 'tue': 09:00-18:30, 'wed': 09:00-18:30, 'thu': 09:00-18:30, 'fri': 09:00-18:30, 'sat': 09:00-18:30, 'sun': выходной",53.231055,50.272127,"4,5",['8 (800) 555-55-50Показать телефон'],"['http://ok.ru/sberbank', 'https://vk.com/sberbank']",87,86,84,53,42,100,,,,
38,1240869214,СберБанк,"4, посёлок Берёза, 3-й квартал, Самара",www.sberbank.ru,"'mon': выходной, 'tue': 08:30-12:00,13:00-17:30, 'wed': 08:30-12:00,13:00-17:30, 'thu': 08:30-12:00,13:00-17:30, 'fri': 08:30-12:00,13:00-17:30, 'sat': 08:30-12:00,13:00-17:30, 'sun': выходной",53.516821,50.140061,"4,5",['8 (800) 555-55-50Показать телефон'],"['http://ok.ru/sberbank', 'https://vk.com/sberbank']",80,78,79,50,,,,,,
39,75900176996,СберБанк,"ул. Тухачевского, 92, Самара",www.sberbank.ru,"'mon': 09:00-18:00, 'tue': 09:00-18:00, 'wed': 09:00-18:00, 'thu': 09:00-18:00, 'fri': 09:00-18:00, 'sat': 09:00-18:00, 'sun': выходной",53.197445,50.156991,"4,3",['8 (800) 555-55-50Показать телефон'],"['http://ok.ru/sberbank', 'https://t.me/sberbank', 'https://vk.com/sber']",82,87,87,66,48,94,,,,
40,1116247493,СберБанк,"ул. Промышленности, 285, Самара",www.sberbank.ru,"'mon': 09:00-18:30, 'tue': 09:00-18:30, 'wed': 09:00-18:30, 'thu': 09:00-18:30, 'fri': 09:00-18:30, 'sat': 09:00-18:30, 'sun': выходной",53.196433,50.220474,"4,7",['8 (800) 555-55-50Показать телефон'],"['http://ok.ru/sberbank', 'https://vk.com/sberbank']",91,94,92,85,77,95,45,,,
41,126396461077,СберБанк,"Жигулёвская ул., 11, п. г. т. Новосемейкино",www.sberbank.ru,"'mon': выходной, 'tue': 08:30-17:30, 'wed': 08:30-17:30, 'thu': 08:30-17:30, 'fri': 08:30-17:30, 'sat': 08:30-17:30, 'sun': выходной",53.372010,50.354992,"4,8",['8 (800) 555-55-50Показать телефон'],"['http://ok.ru/sberbank', 'https://vk.com/sberbank']",88,90,90,71,40,,,,,
42,1110281556,СберБанк,"просп. Ленина, 31, село Курумоч",www.sberbank.ru,"'mon': 08:30-13:00,14:00-16:15, 'tue': 08:30-13:00,14:00-16:15, 'wed': 08:30-13:00,14:00-16:15, 'thu': 08:30-13:00,14:00-16:15, 'fri': 08:30-13:00,14:00-16:00, 'sat': 08:30-13:00,14:00-16:00, 'sun': выходной",53.487514,50.024618,"4,0",['8 (800) 555-55-50Показать телефон'],"['http://ok.ru/sberbank', 'https://vk.com/sberbank']",,,,,,,,,,
43,1042286410,СберБанк,"ул. Миронова, 6, Новокуйбышевск",www.sberbank.ru,"'mon': 09:00-17:00, 'tue': 09:00-17:00, 'wed': 09:00-17:00, 'thu': 09:00-17:00, 'fri': 09:00-17:00, 'sat': 09:00-17:00, 'sun': выходной",53.096591,49.948773,"4,4",['8 (800) 555-55-50Показать телефон'],"['http://ok.ru/sberbank', 'https://vk.com/sberbank']",81,83,86,75,,,,,,
44,1052435069,СберБанк,"Комсомольская ул., 80, село Красный Яр",www.sberbank.ru,"'mon': 08:00-17:00, 'tue': 08:00-17:00, 'wed': 08:00-17:00, 'thu': 08:00-17:00, 'fri': 08:00-17:00, 'sat': 08:00-17:00, 'sun': выходной",53.496107,50.388283,"4,6",['8 (800) 555-55-50Показать телефон'],"['http://ok.ru/sberbank', 'https://vk.com/sberbank']",78,80,76,44,45,,,,,
45,46866400504,СберБанк,"просп. Победы, 2, Новокуйбышевск",www.sberbank.ru,"'mon': 08:30-18:00, 'tue': 08:30-18:00, 'wed': 08:30-18:00, 'thu': 08:30-18:00, 'fri': 08:30-18:00, 'sat': 08:30-18:00, 'sun': выходной",53.100386,49.958884,"4,5",['8 (800) 555-55-50Показать телефон'],"['http://ok.ru/sberbank', 'https://vk.com/sberbank']",85,86,88,79,53,100,,,,
46,243062591574,СберБанк,"ул. Дзержинского, 29, Новокуйбышевск",www.sberbank.ru,"'mon': 09:00-18:30, 'tue': 09:00-18:30, 'wed': 09:00-18:30, 'thu': 09:00-18:30, 'fri': 09:00-18:30, 'sat': 09:00-18:30, 'sun': выходной",53.096277,49.970117,"4,5",['8 (800) 555-55-50Показать телефон'],"['http://ok.ru/sberbank', 'https://vk.com/sberbank']",87,89,85,78,87,,,,,
47,1089018453,СберБанк,"ул. Пацаева, 18, село Рождествено",www.sberbank.ru,"'mon': выходной, 'tue': 08:30-13:00,14:00-16:45, 'wed': 08:30-13:00,14:00-16:45, 'thu': 08:30-13:00,14:00-16:45, 'fri': 08:30-13:00,14:00-16:45, 'sat': 08:30-13:00,14:00-16:45, 'sun': выходной",53.230503,50.057128,"4,2",['8 (800) 555-55-50Показать телефон'],"['http://ok.ru/sberbank', 'https://vk.com/sberbank']",,,,,,,,,,
48,91438366325,СберБанк,"Революционная ул., 126, Самара",www.sberbank.ru,"'mon': 09:00-18:00, 'tue': 09:00-18:00, 'wed': 09:00-18:00, 'thu': 09:00-18:00, 'fri': 09:00-18:00, 'sat': выходной, 'sun': выходной",53.199180,50.179093,"4,6",['8 (800) 555-55-50Показать телефон'],['https://vk.com/sberbank'],86,86,80,,,,,,,
49,84638560662,СберБанк,"Пугачёвский тракт, 61, Самара",www.sberbank.ru,"'mon': 09:00-19:00, 'tue': 09:00-19:00, 'wed': 09:00-19:00, 'thu': 09:00-19:00, 'fri': 09:00-19:00, 'sat': 09:00-19:00, 'sun': выходной",53.125194,50.090110,"4,6",['8 (800) 555-55-50Показать телефон'],"['http://ok.ru/sberbank', 'https://vk.com/sberbank']",88,88,89,77,76,100,,,,
50,1010379175,СберБанк,"Фасадная ул., 11, посёлок Соцгород, Самара",www.sberbank.ru,"'mon': 09:00-19:00, 'tue': 09:00-19:00, 'wed': 09:00-19:00, 'thu': 09:00-19:00, 'fri': 09:00-19:00, 'sat': 09:00-19:00, 'sun': выходной",53.115047,50.077360,"4,5",['8 (800) 555-55-50Показать телефон'],"['http://ok.ru/sberbank', 'https://vk.com/sberbank']",90,91,91,55,35,95,,,,
51,1056216290,СберБанк,"Зубчаниновское ш., 159, Самара",www.sberbank.ru,"'mon': 09:00-18:00, 'tue': 09:00-18:00, 'wed': 09:00-18:00, 'thu': 09:00-18:00, 'fri': 09:00-18:00, 'sat': 09:00-18:00, 'sun': выходной",53.227346,50.293280,"4,5",['8 (800) 555-55-50Показать телефон'],"['http://ok.ru/sberbank', 'https://vk.com/sberbank']",91,95,91,64,54,,,,,
52,1068185986,СберБанк,"ул. 60 лет Октября, 10, п. г. т. Петра Дубрава",www.sberbank.ru,"'mon': выходной, 'tue': выходной, 'wed': 09:00-13:00,14:00-17:30, 'thu': 09:00-13:00,14:00-17:30, 'fri': 09:00-13:00,14:00-17:30, 'sat': 09:00-13:00,14:00-17:30, 'sun': выходной",53.294664,50.368987,"3,6",['8 (800) 555-55-50Показать телефон'],"['http://ok.ru/sberbank', 'https://vk.com/sberbank']",50,60,62,17,7,,7,,,
53,1099736328,СберБанк,"Комсомольская ул., 2, п. г. т. Мирный",www.sberbank.ru,"'mon': 08:00-12:00,13:00-17:00, 'tue': 08:00-12:00,13:00-17:00, 'wed': 08:00-12:00,13:00-17:00, 'thu': 08:00-12:00,13:00-17:00, 'fri': 08:00-12:00,13:00-17:00, 'sat': 08:00-12:00,13:00-17:00, 'sun': выходной",53.505486,50.273299,"4,1",['8 (800) 555-55-50Показать телефон'],"['http://ok.ru/sberbank', 'https://vk.com/sberbank']",,,,,,,,,,
54,105389596811,СберБанк,"ул. Чапаева, 62Б, п. г. т. Смышляевка",www.sberbank.ru,"'mon': 09:00-13:00,14:00-17:30, 'tue': 09:00-13:00,14:00-17:30, 'wed': 09:00-13:00,14:00-17:30, 'thu': 09:00-13:00,14:00-17:30, 'fri': 09:00-13:00,14:00-17:30, 'sat': 09:00-13:00,14:00-17:30, 'sun': выходной",53.252484,50.390115,"4,2",['8 (800) 555-55-50Показать телефон'],"['http://ok.ru/sberbank', 'https://vk.com/sberbank']",79,88,79,8,,,,,,
55,1134112376,СберБанк,"ул. Чехова, 16, село Богатырь",www.sberbank.ru,"'mon': выходной, 'tue': выходной, 'wed': выходной, 'thu': выходной, 'fri': выходной, 'sat': выходной, 'sun': выходной",53.428517,49.957038,"3,8",['8 (800) 555-55-50Показать телефон'],"['http://ok.ru/sberbank', 'https://vk.com/sberbank']",,,,,,,,,,
56,1119538637,СберБанк,"ул. Мира, 10, село Зольное",www.sberbank.ru,"'mon': выходной, 'tue': выходной, 'wed': 08:15-12:00,13:00-14:45, 'thu': 08:15-12:00,13:00-14:45, 'fri': 08:15-12:00,13:00-14:45, 'sat': выходной, 'sun': выходной",53.445322,49.800534,"4,4",['8 (800) 555-55-50Показать телефон'],"['http://ok.ru/sberbank', 'https://vk.com/sberbank']",,,,,,,,,,
57,1049459504,СберБанк,"Набережная ул., 5, село Солнечная Поляна",www.sberbank.ru,"'mon': выходной, 'tue': выходной, 'wed': выходной, 'thu': выходной, 'fri': выходной, 'sat': выходной, 'sun': выходной",53.432664,49.926828,"3,9",['8 (800) 555-55-50Показать телефон'],"['http://ok.ru/sberbank', 'https://vk.com/sberbank']",,,,,,,,,,
