,ID,name,address,website,opening_hours,lat,lon,rating,phone,social,Обслуживание,Персонал,Отношение к клиентам,Время ожидания
0,213271022340,СберБанк,"ул. Ленина, 78, Тулун",www.sberbank.ru,"'mon': 09:00-17:30, 'tue': 09:00-17:30, 'wed': 09:00-17:30, 'thu': 09:00-17:30, 'fri': 09:00-17:30, 'sat': 09:00-17:30, 'sun': выходной",C54.56275,100.58052,"4,4",['8 (800) 555-55-50Показать телефон'],"['http://ok.ru/sberbank', 'https://vk.com/sberbank']",94,83,73,67
1,1139560402,СберБанк,"5, микрорайон Угольщиков, Тулун",www.sberbank.ru,"'mon': 09:00-18:00, 'tue': 09:00-18:00, 'wed': 09:00-18:00, 'thu': 09:00-18:00, 'fri': 09:00-18:00, 'sat': 09:00-18:00, 'sun': выходной",C54.53094,100.60710,"4,4",['8 (800) 555-55-50Показать телефон'],"['http://ok.ru/sberbank', 'https://vk.com/sberbank']",,,,
2,204321577960,СберБанк,"Перфиловская ул., 1, село Бадар",www.sberbank.ru,"'mon': выходной, 'tue': выходной, 'wed': выходной, 'thu': 09:45-12:00,12:45-16:00, 'fri': 10:00-13:00, 'sat': выходной, 'sun': выходной",C54.39844,100.59764,,['8 (800) 555-55-50Показать телефон'],"['https://ok.ru/sberbank', 'https://vk.com/sberbank']",,,,
3,17321810257,СберБанк,"Привокзальная ул., 4, село Азей",www.sberbank.ru,"'mon': выходной, 'tue': 10:00-13:00,13:45-16:30, 'wed': выходной, 'thu': 10:00-13:00,13:45-16:30, 'fri': 10:00-13:00,13:45-16:30, 'sat': выходной, 'sun': выходной",C54.50935,100.76597,,['8 (800) 555-55-50Показать телефон'],['https://vk.com/sberbank'],,,,
