,ID,name,address,website,opening_hours,lat,lon,rating,phone,social,Обслуживание,Персонал,Отношение к клиентам,Время ожидания
0,1034998365,СберБанк,"ул. Азина, 33, Сарапул",www.sberbank.ru,"'mon': 09:00-16:00, 'tue': 09:00-16:00, 'wed': 09:00-16:00, 'thu': 09:00-16:00, 'fri': 09:00-16:00, 'sat': выходной, 'sun': выходной",56.473262,53.806162,"4,2",['8 (800) 555-55-50Показать телефон'],"['http://ok.ru/sberbank', 'https://vk.com/sberbank']",80,94,75,
1,202929033370,СберБанк,"ул. Ленина, 1, Сарапул",www.sberbank.ru,"'mon': 09:00-18:00, 'tue': 09:00-18:00, 'wed': 09:00-18:00, 'thu': 09:00-18:00, 'fri': 09:00-18:00, 'sat': 09:00-18:00, 'sun': выходной",56.460183,53.802861,"4,5",['8 (800) 555-55-50Показать телефон'],"['http://ok.ru/sberbank', 'https://vk.com/sberbank']",85,100,83,
2,1047372766,СберБанк,"ул. Раскольникова, 152Б, Сарапул",www.sberbank.ru,"'mon': 09:00-15:00, 'tue': выходной, 'wed': выходной, 'thu': выходной, 'fri': выходной, 'sat': выходной, 'sun': выходной",56.474373,53.816694,"4,4",['8 (800) 555-55-50Показать телефон'],"['http://ok.ru/sberbank', 'https://vk.com/sberbank']",86,80,76,83
3,117454854086,СберБанк,"ул. 20 лет Победы, 1А, Сарапул",www.sberbank.ru,"'mon': 09:00-18:00, 'tue': 09:00-18:00, 'wed': 09:00-18:00, 'thu': 09:00-18:00, 'fri': 09:00-18:00, 'sat': 09:00-18:00, 'sun': выходной",56.443707,53.746841,"4,4",['8 (800) 555-55-50Показать телефон'],"['http://ok.ru/sberbank', 'https://vk.com/sberbank']",61,73,67,
4,1130458455,СберБанк,"Электрозаводская ул., 1, Сарапул",www.sberbank.ru,"'mon': 09:00-18:00, 'tue': 09:00-18:00, 'wed': 09:00-18:00, 'thu': 09:00-18:00, 'fri': 09:00-18:00, 'sat': 09:00-18:00, 'sun': выходной",56.446300,53.772490,"4,4",['8 (800) 555-55-50Показать телефон'],"['http://ok.ru/sberbank', 'https://vk.com/sberbank']",88,95,89,
5,1038167149,СберБанк,"Нагорная ул., 8А, село Северный",www.sberbank.ru,"'mon': выходной, 'tue': выходной, 'wed': выходной, 'thu': выходной, 'fri': выходной, 'sat': выходной, 'sun': выходной",56.464998,53.736744,"3,7",['8 (800) 555-55-50Показать телефон'],"['http://ok.ru/sberbank', 'https://vk.com/sberbank']",,,,
6,66716817575,СберБанк,"Советская ул., 71, село Сигаево",www.sberbank.ru,"'mon': 08:30-16:45, 'tue': 08:30-16:45, 'wed': 08:30-16:45, 'thu': 08:30-16:45, 'fri': 08:30-16:45, 'sat': 08:30-16:45, 'sun': выходной",56.424173,53.782235,"4,5",['8 (800) 555-55-50Показать телефон'],"['http://ok.ru/sberbank', 'https://vk.com/sberbank']",,,,
