,ID,name,address,website,opening_hours,lat,lon,rating,phone,social,Обслуживание,Отношение к клиентам,Персонал
0,126018851921,СберБанк,"ул. Ленина, 13, посёлок Боевой",www.sberbank.ru,"'mon': 08:30-12:00,14:00-17:00, 'tue': выходной, 'wed': 08:30-12:00,14:00-17:00, 'thu': 08:30-12:00,14:00-17:00, 'fri': 08:30-12:00,14:00-17:00, 'sat': 08:30-12:00,14:00-17:00, 'sun': выходной",54.934867,71.447147,"3,8",['8 (800) 555-55-50Показать телефон'],"['http://ok.ru/sberbank', 'https://vk.com/sberbank']",,,
1,1171892430,СберБанк,"ул. Ленина, 17, посёлок Лесной",www.sberbank.ru,"'mon': 09:00-13:00,14:00-16:15, 'tue': выходной, 'wed': выходной, 'thu': 09:00-13:00,14:00-16:15, 'fri': 09:00-13:45, 'sat': 09:00-12:15, 'sun': выходной",54.968008,71.146723,"3,8",['8 (800) 555-55-50Показать телефон'],"['http://ok.ru/sberbank', 'https://vk.com/sberbank']",,,
2,1222152112,СберБанк,"ул. Ленина, 9, село Маргенау",www.sberbank.ru,"'mon': 09:00-13:00,13:45-16:45, 'tue': 09:00-13:00,13:45-16:45, 'wed': выходной, 'thu': 09:00-13:00,13:45-16:45, 'fri': 09:00-13:00,13:45-16:30, 'sat': 09:00-13:00,13:45-16:30, 'sun': выходной",54.919497,71.568959,"4,2",['8 (800) 555-55-50Показать телефон'],"['http://ok.ru/sberbank', 'https://vk.com/sberbank']",,,
3,1556756093,СберБанк,"Коммунистическая ул., 14, Исилькуль",www.sberbank.ru,"'mon': 09:00-18:00, 'tue': 09:00-18:00, 'wed': 09:00-18:00, 'thu': 09:00-18:00, 'fri': 09:00-18:00, 'sat': 09:00-18:00, 'sun': выходной",54.917396,71.267035,"4,6",['8 (800) 555-55-50Показать телефон'],"['http://ok.ru/sberbank', 'https://vk.com/sberbank']",82,76,86
4,197965842762,СберБанк,"Центральная ул., 8Б, село Солнцевка",www.sberbank.ru,"'mon': выходной, 'tue': 08:00-12:00,12:30-15:45, 'wed': выходной, 'thu': 08:00-12:00,12:30-15:45, 'fri': 08:00-11:15, 'sat': выходной, 'sun': выходной",54.989884,71.289654,"3,2",['8 (800) 555-55-50Показать телефон'],"['http://ok.ru/sberbank', 'https://vk.com/sberbank']",,,
