,ID,name,address,website,opening_hours,lat,lon,rating,phone,social,Обслуживание,Персонал,Отношение к клиентам,Время ожидания,Расположение,Банкомат,График работы,Ипотека,Кредит,Ремонт
0,1071998515,СберБанк,"Первомайский просп., 47/1, Рязань",www.sberbank.ru,"'mon': 08:30-18:30, 'tue': 08:30-18:30, 'wed': 08:30-18:30, 'thu': 08:30-18:30, 'fri': 08:30-18:30, 'sat': 09:00-18:30, 'sun': выходной",54.628757,39.712336,"4,6",['8 (800) 555-55-50Показать телефон'],"['http://ok.ru/sberbank', 'https://vk.com/sberbank']",83,84,82,67,83,53,,,,
1,30101378129,СберБанк,"Народный бул., 11, Рязань",www.sberbank.ru,"'mon': 08:30-18:30, 'tue': 08:30-18:30, 'wed': 08:30-18:30, 'thu': 08:30-18:30, 'fri': 08:30-18:30, 'sat': 08:30-18:30, 'sun': выходной",54.641162,39.655560,"4,8",['8 (800) 555-55-50Показать телефон'],"['http://ok.ru/sberbank', 'https://vk.com/sberbank']",89,89,86,62,96,84,,,,
2,229443971646,СберБанк,"ул. Грибоедова, 11, Рязань",www.sberbank.ru,"'mon': 09:00-19:00, 'tue': 09:00-19:00, 'wed': 09:00-19:00, 'thu': 09:00-19:00, 'fri': 09:00-19:00, 'sat': 09:00-19:00, 'sun': выходной",54.630010,39.762263,"4,8",['8 (800) 555-55-50Показать телефон'],"['http://ok.ru/sberbank', 'https://vk.com/sberbank']",88,91,91,80,92,62,,,,
3,1777800121,СберБанк,"ул. Ленина, 2, Рязань",www.sberbank.ru,"'mon': 08:30-19:00, 'tue': 08:30-19:00, 'wed': 08:30-19:00, 'thu': 08:30-19:00, 'fri': 08:30-19:00, 'sat': 08:30-19:00, 'sun': 09:00-15:00",54.622440,39.755769,"4,5",['8 (800) 555-55-50Показать телефон'],"['http://ok.ru/sberbank', 'https://vk.com/sberbank']",81,85,80,78,90,71,94,,,
4,1044831779,СберБанк,"ул. Маяковского, 37, Рязань",www.sberbank.ru,"'mon': 09:00-18:30, 'tue': 09:00-18:30, 'wed': 09:00-18:30, 'thu': 09:00-18:30, 'fri': 09:00-18:30, 'sat': 09:00-18:30, 'sun': выходной",54.620599,39.743154,"4,7",['8 (800) 555-55-50Показать телефон'],"['http://ok.ru/sberbank', 'https://vk.com/sber', 'https://www.youtube.com/channel/UCC1AHvtI8Z7w7y7DGCMdZpg']",83,86,83,76,82,67,,75,60,
5,1013669854,СберБанк,"Интернациональная ул., 8, район Канищево, Рязань",www.sberbank.ru,"'mon': 08:30-18:30, 'tue': 08:30-18:30, 'wed': 08:30-18:30, 'thu': 08:30-18:30, 'fri': 08:30-18:30, 'sat': 08:30-18:30, 'sun': выходной",54.674080,39.655110,"4,6",['8 (800) 555-55-50Показать телефон'],"['https://ok.ru/sberbank', 'https://t.me/sberbank', 'https://vk.com/sberbank']",81,81,80,73,100,67,,,,
6,1015112596,СберБанк,"ул. Дзержинского, 33, Рязань",www.sberbank.ru,"'mon': 09:00-18:30, 'tue': 09:00-18:30, 'wed': 09:00-18:30, 'thu': 09:00-18:30, 'fri': 09:00-18:30, 'sat': 09:30-18:30, 'sun': выходной",54.622343,39.721411,"4,8",['8 (800) 555-55-50Показать телефон'],"['http://ok.ru/sberbank', 'https://t.me/s/sberbank', 'https://vk.com/sberbank']",89,91,89,81,96,74,73,78,73,
7,1154297727,СберБанк,"ул. Пожалостина, 19, Рязань",www.sberbank.ru,"'mon': 09:30-18:30, 'tue': 09:30-18:30, 'wed': 09:30-18:30, 'thu': 09:30-18:30, 'fri': 09:30-18:30, 'sat': 09:30-18:30, 'sun': выходной",54.628369,39.730310,"4,5",['8 (800) 555-55-50Показать телефон'],"['http://ok.ru/sberbank', 'https://vk.com/sberbank']",81,87,86,57,87,,,,,
8,1117919568,СберБанк,"Интернациональная ул., 22А, район Канищево, Рязань",www.sberbank.ru,"'mon': 09:00-18:00, 'tue': 09:00-18:00, 'wed': 09:00-18:00, 'thu': 09:00-18:00, 'fri': 09:00-18:00, 'sat': 09:00-18:00, 'sun': выходной",54.663893,39.668319,"4,6",['8 (800) 555-55-50Показать телефон'],"['http://ok.ru/sberbank', 'https://vk.com/sberbank']",90,88,88,83,100,94,31,,,
9,1127758040,СберБанк,"ул. Чкалова, 1, корп. 2, Рязань",www.sberbank.ru,"'mon': 09:00-18:00, 'tue': 09:00-18:00, 'wed': 09:00-18:00, 'thu': 09:00-18:00, 'fri': 09:00-18:00, 'sat': 09:00-18:00, 'sun': выходной",54.627466,39.706773,"4,6",['8 (800) 555-55-50Показать телефон'],"['http://ok.ru/sberbank', 'https://vk.com/sberbank']",90,91,91,88,,43,75,,,70
10,1069859669,СберБанк,"ул. Крупской, 19, Московский район, Рязань",www.sberbank.ru,"'mon': 09:00-18:30, 'tue': 09:00-18:30, 'wed': 09:00-18:30, 'thu': 09:00-18:30, 'fri': 09:00-18:30, 'sat': 09:00-18:30, 'sun': выходной",54.638143,39.656966,"4,4",['8 (800) 555-55-50Показать телефон'],"['http://ok.ru/sberbank', 'https://vk.com/sberbank']",86,87,84,71,91,38,,,,
11,1006871921,СберБанк,"Бронная ул., 12, район Приокский, Рязань",www.sberbank.ru,"'mon': 09:00-18:00, 'tue': 09:00-18:00, 'wed': 09:00-18:00, 'thu': 09:00-18:00, 'fri': 09:00-18:00, 'sat': 09:00-18:00, 'sun': выходной",54.654484,39.649751,"4,5",['8 (800) 555-55-50Показать телефон'],"['http://ok.ru/sberbank', 'https://vk.com/sberbank']",89,92,89,73,63,73,,,,
12,1125487106,СберБанк,"ул. Советской Армии, 6, район Песочня, Рязань",www.sberbank.ru,"'mon': 08:30-18:30, 'tue': 08:30-18:30, 'wed': 08:30-18:30, 'thu': 08:30-18:30, 'fri': 08:30-18:30, 'sat': 09:30-18:30, 'sun': выходной",54.615179,39.793422,"4,8",['8 (800) 555-55-50Показать телефон'],"['http://ok.ru/sberbank', 'https://vk.com/sberbank']",90,88,90,89,87,,,,,
13,170112064840,СберБанк,"ул. 4-я Линия, 1, Рязань",www.sberbank.ru,"'mon': 09:00-18:30, 'tue': 09:00-18:30, 'wed': 09:00-18:30, 'thu': 09:00-18:30, 'fri': 09:00-18:30, 'sat': 09:00-18:30, 'sun': выходной",54.612288,39.718774,"4,6",['8 (800) 555-55-50Показать телефон'],"['http://ok.ru/sberbank', 'https://vk.com/sberbank']",84,88,85,71,100,73,,,,
14,1131415491,СберБанк,"ул. Тимакова, 14, район Песочня, Рязань",www.sberbank.ru,"'mon': 08:30-19:00, 'tue': 08:30-19:00, 'wed': 08:30-19:00, 'thu': 08:30-19:00, 'fri': 08:30-19:00, 'sat': 08:30-19:00, 'sun': 09:00-16:00",54.611404,39.803848,"4,6",['8 (800) 555-55-50Показать телефон'],"['http://ok.ru/sberbank', 'https://vk.com/sberbank']",88,86,88,69,92,77,,,,
15,219880471040,СберБанк,"Первомайский просп., 18, Рязань",www.sberbank.ru,"'mon': 09:00-18:00, 'tue': 09:00-18:00, 'wed': 09:00-18:00, 'thu': 09:00-18:00, 'fri': 09:00-18:00, 'sat': 09:00-18:00, 'sun': выходной",54.629534,39.730331,"4,5",['8 (800) 555-55-50Показать телефон'],"['http://ok.ru/sberbank', 'https://vk.com/sberbank']",84,80,77,100,,,,,,
16,1005896928,СберБанк,"ул. Гоголя, 44, Рязань",www.sberbank.ru,"'mon': 09:00-18:30, 'tue': 09:00-18:30, 'wed': 09:00-18:30, 'thu': 09:00-18:30, 'fri': 09:00-18:30, 'sat': 09:00-18:30, 'sun': выходной",54.602895,39.713137,"4,7",['8 (800) 555-55-50Показать телефон'],"['http://ok.ru/sberbank', 'https://vk.com/sberbank']",83,83,79,74,85,81,73,,,
17,1020207353,СберБанк,"Высоковольтная ул., 5, корп. 1, Рязань",www.sberbank.ru,"'mon': 09:00-18:30, 'tue': 09:00-18:30, 'wed': 09:00-18:30, 'thu': 09:00-18:30, 'fri': 09:00-18:30, 'sat': 09:00-18:30, 'sun': выходной",54.623674,39.714151,"4,5",['8 (800) 555-55-50Показать телефон'],"['http://ok.ru/sberbank', 'https://vk.com/sberbank']",89,88,88,63,,,,,,
18,1132074616,СберБанк,"Куйбышевское ш., 14Б, Рязань",www.sberbank.ru,"'mon': 08:30-18:30, 'tue': 08:30-18:30, 'wed': 08:30-18:30, 'thu': 08:30-18:30, 'fri': 08:30-18:30, 'sat': 08:30-18:30, 'sun': выходной",54.603043,39.763998,"4,6",['8 (800) 555-55-50Показать телефон'],"['https://ok.ru/sber', 'https://vk.com/sberbank']",88,92,87,67,71,65,,,,
19,1113674883,СберБанк,"ул. Сельских Строителей, 3Ж, район Недостоево, Рязань",www.sberbank.ru,"'mon': 08:30-18:30, 'tue': 08:30-18:30, 'wed': 08:30-18:30, 'thu': 08:30-18:30, 'fri': 08:30-18:30, 'sat': 08:30-18:30, 'sun': выходной",54.687679,39.625384,"4,8",['8 (800) 555-55-50Показать телефон'],"['http://ok.ru/sberbank', 'https://vk.com/sberbank']",96,100,95,93,,,,,,
20,13459909986,СберБанк,"36А, микрорайон Октябрьский городок, Рязань",www.sberbank.ru,"'mon': 09:00-18:00, 'tue': 09:00-18:00, 'wed': 09:00-18:00, 'thu': 09:00-18:00, 'fri': 09:00-18:00, 'sat': 09:00-18:00, 'sun': выходной",54.608827,39.673591,"4,6",['8 (800) 555-55-50Показать телефон'],"['http://ok.ru/sberbank', 'https://vk.com/sberbank']",89,88,88,94,,,36,,,
21,1009169417,СберБанк,"ул. Павлова, 52, Рязань",www.sberbank.ru,"'mon': выходной, 'tue': выходной, 'wed': выходной, 'thu': выходной, 'fri': выходной, 'sat': выходной, 'sun': выходной",54.632116,39.727706,"4,5",['8 (800) 555-55-50Показать телефон'],"['http://ok.ru/sberbank', 'https://vk.com/sberbank']",77,76,71,87,,,,,,
22,1054035430,СберБанк,"ул. Новосёлов, 42, Рязань",www.sberbank.ru,"'mon': 09:00-18:30, 'tue': 09:00-18:30, 'wed': 09:00-18:30, 'thu': 09:00-18:30, 'fri': 09:00-18:30, 'sat': 09:00-18:30, 'sun': выходной",54.603329,39.819248,"4,7",['8 (800) 555-55-50Показать телефон'],"['http://ok.ru/sberbank', 'https://vk.com/sberbank']",90,89,88,86,95,80,,,,
23,242467699223,СберБанк,"ул. Белякова, 9, Рязань",www.sberbank.ru,"'mon': 09:00-13:00,14:00-18:00, 'tue': 09:00-13:00,14:00-18:00, 'wed': 09:00-13:00,14:00-18:00, 'thu': 09:00-13:00,14:00-18:00, 'fri': 09:00-13:00,14:00-18:00, 'sat': 09:00-18:00, 'sun': выходной",54.656042,39.589194,"4,3",['8 (800) 555-55-50Показать телефон'],['https://vk.com/sberbank'],79,83,83,,,,,,,
24,1083926655,СберБанк,"Васильевская ул., 16, район Песочня, Рязань",www.sberbank.ru,"'mon': 09:30-18:30, 'tue': 09:30-18:30, 'wed': 09:30-18:30, 'thu': 09:30-18:30, 'fri': 09:30-18:30, 'sat': 09:30-18:30, 'sun': выходной",54.602212,39.829688,"4,8",['8 (800) 555-55-50Показать телефон'],"['http://ok.ru/sberbank', 'https://vk.com/sberbank']",93,91,89,88,100,95,55,,,
