,ID,name,address,website,opening_hours,lat,lon,rating,phone,social,Обслуживание,Персонал,Отношение к клиентам,Время ожидания,Банкомат
0,1241816381,СберБанк,"ул. Шестакова, 13, Волжск",www.sberbank.ru,"'mon': 09:00-18:00, 'tue': 09:00-18:00, 'wed': 09:00-18:00, 'thu': 09:00-18:00, 'fri': 09:00-18:00, 'sat': 09:00-18:00, 'sun': выходной",55.870824,48.336960,"4,4",['8 (800) 555-55-50Показать телефон'],"['http://ok.ru/sberbank', 'https://vk.com/sberbank']",80,77,77,,
1,94526176797,СберБанк,"ул. Татарстан, 10, Зеленодольск",www.sberbank.ru,"'mon': 09:00-18:00, 'tue': 09:00-18:00, 'wed': 09:00-18:00, 'thu': 09:00-18:00, 'fri': 09:00-18:00, 'sat': 09:00-18:00, 'sun': выходной",55.848516,48.501818,"4,4",['8 (800) 555-55-50Показать телефон'],"['http://ok.ru/sberbank', 'https://t.me/sberbank', 'https://vk.com/sberbank']",81,88,83,67,
2,1020962258,СберБанк,"ул. Ленина, 70, Зеленодольск",www.sberbank.ru,"'mon': 08:30-18:00, 'tue': 08:30-18:00, 'wed': 08:30-18:00, 'thu': 08:30-18:00, 'fri': 08:30-18:00, 'sat': 08:30-18:00, 'sun': выходной",55.845592,48.524872,"4,5",['8 (800) 555-55-50Показать телефон'],"['http://ok.ru/sberbank', 'https://vk.com/sberbank']",82,86,83,72,83
3,1254822849,СберБанк,"ул. Лобачевского, 33А, Козловка",www.sberbank.ru,"'mon': 08:00-17:00, 'tue': 08:00-17:00, 'wed': 08:00-17:00, 'thu': 08:00-17:00, 'fri': 08:00-17:00, 'sat': 08:00-17:00, 'sun': выходной",55.839289,48.242576,"4,4",['8 (800) 555-55-50Показать телефон'],"['http://ok.ru/sberbank', 'https://vk.com/sberbank']",77,80,73,,
4,1084877492,СберБанк,"Паратская ул., 13, Зеленодольск",www.sberbank.ru,"'mon': 08:30-17:30, 'tue': 08:30-17:30, 'wed': 08:30-17:30, 'thu': 08:30-17:30, 'fri': 08:30-17:30, 'sat': 08:30-17:30, 'sun': выходной",55.851950,48.488768,"4,3",['8 (800) 555-55-50Показать телефон'],"['http://ok.ru/sberbank', 'https://vk.com/sberbank']",84,88,81,,
5,1061519275,СберБанк,"Первомайская ул., 7, п. г. т. Приволжский",www.sberbank.ru,"'mon': 08:00-13:00,13:30-16:15, 'tue': 08:00-13:00,13:30-16:15, 'wed': 08:00-13:00,13:30-16:15, 'thu': 08:00-13:00,13:30-16:15, 'fri': 08:00-13:00,13:30-16:15, 'sat': 08:00-13:00,13:30-16:15, 'sun': выходной",55.960800,48.417226,"3,7",['8 (800) 555-55-50Показать телефон'],"['http://ok.ru/sberbank', 'https://vk.com/sberbank']",,,,,
6,1003829325,СберБанк,"Первомайская ул., 32, п. г. т. Нижние Вязовые",www.sberbank.ru,"'mon': выходной, 'tue': 09:00-13:00,13:45-17:45, 'wed': 09:00-13:00,13:45-17:45, 'thu': 09:00-13:00,13:45-17:45, 'fri': 09:00-13:00,13:45-17:45, 'sat': 09:00-13:00,13:45-17:45, 'sun': выходной",55.798759,48.525168,"3,8",['8 (800) 555-55-50Показать телефон'],"['http://ok.ru/sberbank', 'https://vk.com/sberbank']",,,,,
