,ID,name,address,website,opening_hours,lat,lon,rating,phone,social,Обслуживание,Отношение к клиентам,Персонал,Время ожидания,Банкомат
0,1016886632,СберБанк,"Сиверсова ул., 16, Вышний Волочёк",www.sberbank.ru,"'mon': 08:30-17:30, 'tue': 08:30-17:30, 'wed': 08:30-17:30, 'thu': 08:30-17:30, 'fri': 08:30-17:30, 'sat': 08:30-17:30, 'sun': выходной",57.584833,34.563324,"4,6",['8 (800) 555-55-50Показать телефон'],"['http://ok.ru/sberbank', 'https://vk.com/sberbank']",80,78,84,57,50
1,1054198092,СберБанк,"ул. Победы, 30, посёлок Березайка",www.sberbank.ru,"'mon': 08:00-13:00,13:45-15:45, 'tue': 08:00-13:00,13:45-15:45, 'wed': 08:00-13:00,13:45-15:45, 'thu': 08:00-13:00,13:45-15:45, 'fri': 08:00-13:00,13:45-15:30, 'sat': 08:00-13:00,13:45-15:30, 'sun': выходной",57.987690,33.899077,"3,6",['8 (800) 555-55-50Показать телефон'],"['http://ok.ru/sberbank', 'https://vk.com/sberbank']",,,,,
2,1047232414,СберБанк,"ул. Кирова, 39А, п. г. т. Красномайский",www.sberbank.ru,"'mon': выходной, 'tue': 08:30-13:00,14:00-16:45, 'wed': 08:30-13:00,14:00-16:45, 'thu': 08:30-13:00,14:00-16:45, 'fri': 08:30-13:00,14:00-16:45, 'sat': 08:30-14:15, 'sun': выходной",57.629778,34.430512,"3,5",['8 (800) 555-55-50Показать телефон'],"['http://ok.ru/sberbank', 'https://vk.com/sberbank']",,,,,
3,1090144032,СберБанк,"Советская ул., 2А, п. г. т. Куженкино",www.sberbank.ru,"'mon': выходной, 'tue': 09:00-13:00,14:00-15:45, 'wed': 09:00-13:00,14:00-15:45, 'thu': 09:00-13:00,14:00-15:45, 'fri': 09:00-13:00,14:00-15:45, 'sat': 09:45-13:45, 'sun': выходной",57.723536,33.972352,"2,6",['8 (800) 555-55-50Показать телефон'],"['http://ok.ru/sberbank', 'https://vk.com/sberbank']",,,,,
4,1008552738,СберБанк,"площадь Ленина, 6, Бологое",www.sberbank.ru,"'mon': 08:30-17:30, 'tue': 08:30-17:30, 'wed': 08:30-17:30, 'thu': 08:30-17:30, 'fri': 08:30-17:30, 'sat': 08:30-17:30, 'sun': выходной",57.884760,34.054859,"4,3",['8 (800) 555-55-50Показать телефон'],"['http://ok.ru/sberbank', 'https://vk.com/sberbank']",84,88,92,60,29
5,1019524289,СберБанк,"Московская ул., 2А, село Едрово",www.sberbank.ru,"'mon': 09:00-12:30,13:10-15:25, 'tue': выходной, 'wed': 10:30-12:30,13:10-16:55, 'thu': выходной, 'fri': 09:00-12:30,13:10-15:25, 'sat': 09:00-12:20, 'sun': выходной",57.913228,33.620097,"3,9",['8 (800) 555-55-50Показать телефон'],"['http://ok.ru/sberbank', 'https://vk.com/sberbank']",,,,,
6,1016019798,СберБанк,"Советская ул., 7, п. г. т. Озёрный",www.sberbank.ru,"'mon': 08:30-13:00,14:00-17:00, 'tue': 08:30-13:00,14:00-17:00, 'wed': 08:30-13:00,14:00-17:00, 'thu': 08:30-13:00,14:00-17:00, 'fri': 08:30-13:00,14:00-17:00, 'sat': 08:30-13:00,14:00-17:00, 'sun': выходной",57.871290,33.690810,"4,2",['8 (800) 555-55-50Показать телефон'],"['http://ok.ru/sberbank', 'https://vk.com/sberbank']",,,,,
