,ID,name,address,website,opening_hours,lat,lon,rating,phone,social,Обслуживание,Отношение к клиентам,Персонал,Время ожидания,Банкомат,Расположение
0,38029817856,СберБанк,"ул. Демьяна Бедного, 44, Кинель",www.sberbank.ru,"'mon': 08:00-17:30, 'tue': 08:00-17:30, 'wed': 08:00-17:30, 'thu': 08:00-17:30, 'fri': 08:00-17:30, 'sat': 08:00-17:30, 'sun': выходной",53.223737,50.631803,"4,5",['8 (800) 555-55-50Показать телефон'],"['http://ok.ru/sberbank', 'https://vk.com/sberbank']",80,75,83,68,67,42
1,1091432450,СберБанк,"ул. 27-го Партсъезда, 1Б, Кинель",www.sberbank.ru,"'mon': 08:00-17:00, 'tue': 08:00-17:00, 'wed': 08:00-17:00, 'thu': 08:00-17:00, 'fri': 08:00-17:00, 'sat': 08:00-17:00, 'sun': выходной",53.216279,50.642475,"4,4",['8 (800) 555-55-50Показать телефон'],"['http://ok.ru/sberbank', 'https://vk.com/sberbank']",91,88,92,82,40,
2,161669897797,СберБанк,"Шоссейная ул., 95, п. г. т. Усть-Кинельский",www.sberbank.ru,"'mon': 09:00-18:00, 'tue': 09:00-18:00, 'wed': 09:00-18:00, 'thu': 09:00-18:00, 'fri': 09:00-18:00, 'sat': 09:00-18:00, 'sun': выходной",53.266937,50.561029,"4,7",['8 (800) 555-55-50Показать телефон'],"['http://ok.ru/sberbank', 'https://vk.com/sberbank']",88,86,93,83,75,70
3,216963097151,СберБанк,"Зелёная ул., 1Б, п. г. т. Алексеевка",www.sberbank.ru,"'mon': 08:30-17:30, 'tue': 08:30-17:30, 'wed': 08:30-17:30, 'thu': 08:30-17:30, 'fri': 08:30-17:30, 'sat': 08:30-17:30, 'sun': выходной",53.255472,50.485876,"4,8",['8 (800) 555-55-50Показать телефон'],['https://vk.com/sberbank'],78,76,81,50,92,
4,1217448755,СберБанк,"ул. Кирова, 28В, село Бобровка",www.sberbank.ru,"'mon': 08:15-12:00,13:00-14:45, 'tue': 08:15-12:00,13:00-14:45, 'wed': выходной, 'thu': 08:15-12:00,13:00-14:45, 'fri': выходной, 'sat': 08:15-12:00,13:00-14:45, 'sun': выходной",53.155696,50.647213,"3,8",['8 (800) 555-55-50Показать телефон'],"['http://ok.ru/sberbank', 'https://vk.com/sberbank']",,,,,,
5,1033486536,СберБанк,"Школьная ул., 13, посёлок Чёрновский",www.sberbank.ru,"'mon': выходной, 'tue': 08:45-12:00,12:50-16:00, 'wed': 08:00-12:00,12:50-16:00, 'thu': 08:00-12:00,12:50-16:00, 'fri': 08:00-12:45, 'sat': 08:00-12:45, 'sun': выходной",53.182967,50.462582,"3,1",['8 (800) 555-55-50Показать телефон'],"['http://ok.ru/sberbank', 'https://vk.com/sberbank']",,,,,,
