,ID,name,address,website,opening_hours,lat,lon,rating,phone,social,Обслуживание,Персонал,Отношение к клиентам,Время ожидания,Банкомат,Расположение,График работы,Кредит,Ипотека,Ремонт
0,1008478001,СберБанк,"Зиповская ул., 8, микрорайон Завод Измерительных Приборов, Краснодар",www.sberbank.ru,"'mon': 09:00-19:00, 'tue': 09:00-19:00, 'wed': 09:00-19:00, 'thu': 09:00-19:00, 'fri': 09:00-19:00, 'sat': 09:00-19:00, 'sun': выходной",45.061982,39.000819,"4,6",['8 (800) 555-55-50Показать телефон'],"['http://ok.ru/sberbank', 'https://vk.com/sberbank']",80,83,81,66,77,97,71,31,,
1,1052946110,СберБанк,"ул. Фёдора Лузана, 10, Краснодар",www.sberbank.ru,"'mon': 09:00-18:00, 'tue': 09:00-18:00, 'wed': 09:00-18:00, 'thu': 09:00-18:00, 'fri': 09:00-18:00, 'sat': 09:00-18:00, 'sun': выходной",45.068695,38.979177,"4,4",['8 (800) 555-55-50Показать телефон'],"['http://ok.ru/sberbank', 'https://vk.com/sberbank']",74,79,77,59,62,100,8,,,
2,1000475320,СберБанк,"Красная ул., 176/4, Краснодар",www.sberbank.ru,"'mon': 09:00-19:00, 'tue': 09:00-19:00, 'wed': 09:00-19:00, 'thu': 09:00-19:00, 'fri': 09:00-19:00, 'sat': 09:00-15:00, 'sun': выходной",45.046149,38.978799,"4,6",['8 (800) 555-55-50Показать телефон'],['https://vk.com/sberbank'],76,80,77,54,59,85,60,76,80,
3,1015552723,СберБанк,"Российская ул., 414, Краснодар",www.sberbank.ru,"'mon': 09:00-18:00, 'tue': 09:00-18:00, 'wed': 09:00-18:00, 'thu': 09:00-18:00, 'fri': 09:00-18:00, 'sat': 09:00-18:00, 'sun': выходной",45.084675,39.014844,"4,6",['8 (800) 555-55-50Показать телефон'],"['http://ok.ru/sberbank', 'https://vk.com/sberbank']",84,85,82,65,56,83,41,,,
4,1079049160,СберБанк,"ул. 1 Мая, 160, Краснодар",www.sberbank.ru,"'mon': 08:30-18:30, 'tue': 08:30-18:30, 'wed': 08:30-18:30, 'thu': 08:30-18:30, 'fri': 08:30-18:30, 'sat': 08:30-18:30, 'sun': выходной",45.055605,39.022945,"4,5",['8 (800) 555-55-50Показать телефон'],"['http://ok.ru/sberbank', 'https://vk.com/sberbank']",77,81,77,58,57,84,53,33,,
5,177712945988,СберБанк,"ул. имени Тургенева, 150/1, Фестивальный микрорайон, Краснодар",www.sberbank.ru,"'mon': 09:00-18:00, 'tue': 09:00-18:00, 'wed': 09:00-18:00, 'thu': 09:00-18:00, 'fri': 09:00-18:00, 'sat': 09:00-18:00, 'sun': выходной",45.067382,38.965708,"4,4",['8 (800) 555-55-50Показать телефон'],"['http://ok.ru/sberbank', 'https://vk.com/sberbank']",71,73,71,56,50,93,,,,
6,1254153561,СберБанк,"ул. Красных Партизан, 489, Краснодар",www.sberbank.ru,"'mon': 09:00-18:00, 'tue': 09:00-18:00, 'wed': 09:00-18:00, 'thu': 09:00-18:00, 'fri': 09:00-18:00, 'sat': 09:00-18:00, 'sun': выходной",45.050447,38.962459,"4,4",['8 (800) 555-55-50Показать телефон'],"['http://ok.ru/sberbank', 'https://vk.com/sberbank']",79,83,79,69,54,90,,,,
7,127345106964,СберБанк,"Московская ул., 162, Краснодар",www.sberbank.ru,"'mon': 09:00-19:00, 'tue': 09:00-19:00, 'wed': 09:00-19:00, 'thu': 09:00-19:00, 'fri': 09:00-19:00, 'sat': 09:00-19:30, 'sun': выходной",45.093008,39.002649,"4,7",['8 (800) 555-55-50Показать телефон'],"['http://ok.ru/sberbank', 'https://vk.com/sberbank']",79,80,77,58,69,94,,46,78,
8,1043628916,СберБанк,"ул. Красных Партизан, 171, Краснодар",www.sberbank.ru,"'mon': 09:00-19:00, 'tue': 09:00-19:00, 'wed': 09:00-19:00, 'thu': 09:00-19:00, 'fri': 09:00-19:00, 'sat': 09:00-19:00, 'sun': выходной",45.059103,38.927001,"4,7",['8 (800) 555-55-50Показать телефон'],"['http://ok.ru/sberbank', 'https://vk.com/sberbank']",80,83,78,64,75,94,57,,,
9,1108341202,СберБанк,"Красная ул., 160, Краснодар",www.sberbank.ru,"'mon': 10:00-19:00, 'tue': 10:00-19:00, 'wed': 10:00-19:00, 'thu': 10:00-19:00, 'fri': 10:00-19:00, 'sat': 10:00-19:00, 'sun': выходной",45.039761,38.976363,"4,4",['8 (800) 555-55-50Показать телефон'],"['http://ok.ru/sberbank', 'https://vk.com/sberbank']",74,83,71,60,61,95,,10,,
10,1115474555,СберБанк,"ул. Атарбекова, 21, Фестивальный микрорайон, Краснодар",www.sberbank.ru,"'mon': 09:00-18:30, 'tue': 09:00-18:30, 'wed': 09:00-18:30, 'thu': 09:00-18:30, 'fri': 09:00-18:30, 'sat': 09:00-15:00, 'sun': выходной",45.059527,38.952796,"4,6",['8 (800) 555-55-50Показать телефон'],"['http://ok.ru/sberbank', 'https://vk.com/sberbank']",82,84,84,63,59,89,,,,95
11,1019256948,СберБанк,"ул. имени 40-летия Победы, 33/1, Краснодар",www.sberbank.ru,"'mon': 09:00-18:00, 'tue': 09:00-18:00, 'wed': 09:00-18:00, 'thu': 09:00-18:00, 'fri': 09:00-18:00, 'sat': 09:00-18:00, 'sun': выходной",45.055833,39.008872,"4,4",['8 (800) 555-55-50Показать телефон'],"['http://ok.ru/sberbank', 'http://vk.com/bankdruzey']",84,84,83,72,69,100,,,,
12,168010845902,СберБанк,"Северная ул., 288, Краснодар",www.sberbank.ru,"'mon': 09:00-18:00, 'tue': 09:00-18:00, 'wed': 09:00-18:00, 'thu': 09:00-18:00, 'fri': 09:00-18:00, 'sat': 09:00-18:00, 'sun': выходной",45.042081,38.961649,"4,5",['8 (800) 555-55-50Показать телефон'],"['http://ok.ru/sberbank', 'https://t.me/Sber_Business_Live_bot', 'https://vk.com/careersber']",80,81,82,71,80,100,,,,
13,145424245397,СберБанк,"Красноармейская ул., 34, Центральный внутригородской округ, микрорайон Центральный, Краснодар",www.sberbank.ru,"'mon': 08:30-18:00, 'tue': 08:30-18:00, 'wed': 08:30-18:00, 'thu': 08:30-18:00, 'fri': 08:30-18:00, 'sat': 08:30-18:00, 'sun': выходной",45.022410,38.972145,"4,5",['8 (800) 555-55-50Показать телефон'],"['https://ok.ru/sber/', 'https://t.me/sberbank', 'https://vk.com/sberbank']",69,72,65,58,77,76,,41,45,
14,196347662833,СберБанк,"Ставропольская ул., 184, Краснодар",www.sberbank.ru,"'mon': 09:00-18:00, 'tue': 09:00-18:00, 'wed': 09:00-18:00, 'thu': 09:00-18:00, 'fri': 09:00-18:00, 'sat': 09:00-18:00, 'sun': выходной",45.020636,39.013587,"4,6",['8 (800) 555-55-50Показать телефон'],"['http://ok.ru/sberbank', 'https://vk.com/sberbank']",85,86,88,57,71,100,,,,
15,1061941621,СберБанк,"ул. Селезнёва, 136, Краснодар",www.sberbank.ru,"'mon': выходной, 'tue': 09:00-18:30, 'wed': 09:00-18:30, 'thu': 09:00-18:30, 'fri': 09:00-18:30, 'sat': 09:00-18:30, 'sun': выходной",45.022716,39.043948,"4,5",['8 (800) 555-55-50Показать телефон'],"['http://ok.ru/sberbank', 'https://vk.com/sberbank']",86,90,85,77,65,94,,,,
16,1055502271,СберБанк,"Ставропольская ул., 96, Краснодар",www.sberbank.ru,"'mon': 09:00-18:00, 'tue': 09:00-18:00, 'wed': 09:00-18:00, 'thu': 09:00-18:00, 'fri': 09:00-18:00, 'sat': 09:00-18:00, 'sun': выходной",45.019229,38.997699,"4,6",['8 (800) 555-55-50Показать телефон'],"['http://ok.ru/sberbank', 'https://vk.com/sberbank']",88,93,87,73,69,87,15,,,
17,1052792293,СберБанк,"просп. Чекистов, 36, микрорайон Юбилейный, Краснодар",www.sberbank.ru,"'mon': 09:00-19:00, 'tue': 09:00-19:00, 'wed': 09:00-19:00, 'thu': 09:00-19:00, 'fri': 09:00-19:00, 'sat': 09:00-19:00, 'sun': выходной",45.031751,38.917524,"4,4",['8 (800) 555-55-50Показать телефон'],"['http://ok.ru/sberbank', 'https://vk.com/sberbank']",75,75,71,63,55,85,,,,83
18,13422974371,СберБанк,"Красная ул., 33, Краснодар",www.sberbank.ru,"'mon': 09:00-18:00, 'tue': 09:00-18:00, 'wed': 09:00-18:00, 'thu': 09:00-18:00, 'fri': 09:00-18:00, 'sat': 09:00-18:00, 'sun': выходной",45.023837,38.969669,"4,6",['8 (800) 555-55-50Показать телефон'],"['http://ok.ru/sberbank', 'https://t.me/sberbank', 'https://vk.com/sberbank']",79,79,84,65,76,95,,,,
19,1062027761,СберБанк,"ул. Селезнёва, 86/1, Краснодар",www.sberbank.ru,"'mon': 09:00-18:00, 'tue': 09:00-18:00, 'wed': 09:00-18:00, 'thu': 09:00-18:00, 'fri': 09:00-18:00, 'sat': 09:00-18:00, 'sun': выходной",45.025871,39.033324,"4,5",['8 (800) 555-55-50Показать телефон'],"['http://ok.ru/sberbank', 'https://vk.com/sberbank']",87,83,85,75,60,100,,,,
20,1081545190,СберБанк,"Уральская ул., 129, Краснодар",www.sberbank.ru,"'mon': 09:00-18:00, 'tue': 09:00-18:00, 'wed': 09:00-18:00, 'thu': 09:00-18:00, 'fri': 09:00-18:00, 'sat': 09:00-18:00, 'sun': выходной",45.040452,39.096836,"4,6",['8 (800) 555-55-50Показать телефон'],"['http://ok.ru/sberbank', 'https://t.me/sberbank', 'https://vk.com/sberbank']",80,81,80,70,55,73,,20,,
21,1025686151,СберБанк,"Сормовская ул., 9/1, Краснодар",www.sberbank.ru,"'mon': 09:00-18:00, 'tue': 09:00-18:00, 'wed': 09:00-18:00, 'thu': 09:00-18:00, 'fri': 09:00-18:00, 'sat': 09:00-18:00, 'sun': выходной",45.024465,39.066368,"4,7",['8 (800) 555-55-50Показать телефон'],"['http://ok.ru/sberbank', 'https://t.me/sberbank', 'https://vk.com/sberbank']",85,81,82,73,69,95,,75,69,
22,1101876700,СберБанк,"Трамвайная ул., 1/1, Краснодар",www.sberbank.ru,"'mon': 09:00-18:00, 'tue': 09:00-18:00, 'wed': 09:00-18:00, 'thu': 09:00-18:00, 'fri': 09:00-18:00, 'sat': 09:00-18:00, 'sun': выходной",45.013712,39.056801,"4,6",['8 (800) 555-55-50Показать телефон'],"['http://ok.ru/sberbank', 'https://vk.com/sberbank']",80,82,77,75,87,96,,,,
23,65547146861,СберБанк,"Целиноградская ул., 6А, посёлок Берёзовый",www.sberbank.ru,"'mon': 09:00-18:00, 'tue': 09:00-18:00, 'wed': 09:00-18:00, 'thu': 09:00-18:00, 'fri': 09:00-18:00, 'sat': 09:00-18:00, 'sun': выходной",45.145416,38.998580,"4,8",['8 (800) 555-55-50Показать телефон'],"['http://ok.ru/sberbank', 'https://vk.com/sberbank']",78,82,77,58,71,100,28,,,
24,1081400119,СберБанк,"просп. Чекистов, 15/1, микрорайон Юбилейный, Краснодар",www.sberbank.ru,"'mon': 09:00-18:00, 'tue': 09:00-18:00, 'wed': 09:00-18:00, 'thu': 09:00-18:00, 'fri': 09:00-18:00, 'sat': 09:00-18:00, 'sun': выходной",45.031037,38.910599,"4,5",['8 (800) 555-55-50Показать телефон'],"['http://ok.ru/sberbank', 'https://vk.com/sberbank']",84,85,82,66,81,89,,,,
25,17694172180,СберБанк,"Ставропольская ул., 254, Краснодар",www.sberbank.ru,"'mon': 09:00-18:00, 'tue': 09:00-18:00, 'wed': 09:00-18:00, 'thu': 09:00-18:00, 'fri': 09:00-18:00, 'sat': 09:00-18:00, 'sun': выходной",45.015917,39.042891,"4,6",['8 (800) 555-55-50Показать телефон'],"['http://ok.ru/sberbank', 'https://vk.com/sberbank']",81,83,84,73,82,100,,,,
26,1263283744,Сбербанк,"ул. Тургеневское ш., 27, аул Новая Адыгея",sberbank.ru,"'mon': 10:00-22:00, 'tue': 10:00-22:00, 'wed': 10:00-22:00, 'thu': 10:00-22:00, 'fri': 10:00-22:00, 'sat': 10:00-22:00, 'sun': 10:00-22:00",45.013103,38.929103,"4,7",['8 (800) 555-55-50Показать телефон'],"['http://ok.ru/sberbank', 'https://vk.com/sberbank']",86,87,87,70,,94,82,,,
27,54702520127,СберБанк,"Сормовская ул., 118, Краснодар",www.sberbank.ru,"'mon': 09:00-18:00, 'tue': 09:00-18:00, 'wed': 09:00-18:00, 'thu': 09:00-18:00, 'fri': 09:00-18:00, 'sat': 09:00-18:00, 'sun': выходной",45.032273,39.096784,"4,7",['8 (800) 555-55-50Показать телефон'],"['http://ok.ru/sberbank', 'https://vk.com/sberbank']",85,88,83,80,74,94,,,,
28,1113187592,СберБанк,"ул. Трудовой Славы, 14/1, Карасунский внутригородской округ, микрорайон Гидростроителей, Краснодар",www.sberbank.ru,"'mon': 08:30-18:00, 'tue': 08:30-18:00, 'wed': 08:30-18:00, 'thu': 08:30-18:00, 'fri': 08:30-18:00, 'sat': 08:30-18:00, 'sun': выходной",45.005451,39.071775,"4,6",['8 (800) 555-55-50Показать телефон'],"['http://ok.ru/sberbank', 'https://vk.com/sberbank']",83,84,83,58,48,100,,,,
29,1055601031,СберБанк,"ул. Трудовой Славы, 25, Карасунский внутригородской округ, микрорайон Гидростроителей, Краснодар",www.sberbank.ru,"'mon': 09:00-19:00, 'tue': 09:00-19:00, 'wed': 09:00-19:00, 'thu': 09:00-19:00, 'fri': 09:00-19:00, 'sat': 09:00-18:00, 'sun': выходной",45.006591,39.081249,"4,6",['8 (800) 555-55-50Показать телефон'],"['http://ok.ru/sberbank', 'https://vk.com/sberbank']",78,83,83,59,46,92,,,,
30,52691613457,СберБанк,"Рязанская ул., 20, посёлок Лорис",www.sberbank.ru,"'mon': выходной, 'tue': 08:30-12:00,12:45-16:30, 'wed': 08:30-12:00,12:45-16:30, 'thu': 08:30-12:00,12:45-16:30, 'fri': 08:30-12:00,12:45-16:30, 'sat': выходной, 'sun': выходной",45.090482,39.120068,"4,3",['8 (800) 555-55-50Показать телефон'],['https://vk.com/sberbank'],,,,,,,,,,
31,1052733211,СберБанк,"ул. Гагарина, 148, корп. 4, п. г. т. Яблоновский",www.sberbank.ru,"'mon': 08:30-17:30, 'tue': 08:30-17:30, 'wed': 08:30-17:30, 'thu': 08:30-17:30, 'fri': 08:30-17:30, 'sat': 08:30-17:30, 'sun': выходной",44.992225,38.930889,"4,6",['8 (800) 555-55-50Показать телефон'],"['http://ok.ru/sberbank', 'https://vk.com/sberbank']",77,77,76,65,65,95,50,,,
32,36085452340,СберБанк,"ул. Шевченко, 89, станица Елизаветинская",www.sberbank.ru,"'mon': 09:00-18:00, 'tue': 09:00-18:00, 'wed': 09:00-18:00, 'thu': 09:00-18:00, 'fri': 09:00-18:00, 'sat': 09:00-18:00, 'sun': выходной",45.048495,38.803412,"4,7",['8 (800) 555-55-50Показать телефон'],"['http://ok.ru/sberbank', 'https://vk.com/sberbank']",86,87,85,52,34,91,67,,,
33,1023914685,СберБанк,"Промышленная ул., 2/3, п. г. т. Яблоновский",www.sberbank.ru,"'mon': 08:30-16:30, 'tue': 08:30-16:30, 'wed': 08:30-16:30, 'thu': 08:30-16:30, 'fri': 08:30-16:30, 'sat': 08:00-17:00, 'sun': выходной",44.990584,38.950916,"4,4",['8 (800) 555-55-50Показать телефон'],"['http://ok.ru/sberbank', 'https://vk.com/sberbank']",70,61,65,86,36,,,,,
34,200778592628,СберБанк,"ул. Ленина, 25, п. г. т. Тлюстенхабль",www.sberbank.ru,"'mon': 09:00-12:00,13:00-15:45, 'tue': выходной, 'wed': 09:00-12:00,13:00-15:45, 'thu': выходной, 'fri': 09:00-12:00,13:00-15:45, 'sat': 09:00-12:00,13:00-15:45, 'sun': выходной",44.982854,39.103691,"3,8",['8 (800) 555-55-50Показать телефон'],"['http://ok.ru/sberbank', 'https://vk.com/sberbank']",,,,,,,,,,
35,1106528816,СберБанк,"Октябрьская ул., 2А, посёлок Лазурный",www.sberbank.ru,"'mon': выходной, 'tue': выходной, 'wed': выходной, 'thu': выходной, 'fri': выходной, 'sat': 08:00-12:00,12:30-16:00, 'sun': выходной",45.152332,39.127263,"3,5",['8 (800) 555-55-50Показать телефон'],"['http://ok.ru/sberbank', 'https://vk.com/sberbank']",,,,,,,,,,
