,ID,name,address,website,opening_hours,lat,lon,rating,phone,social,Обслуживание,Персонал,Отношение к клиентам,Время ожидания,Расположение,Банкомат,График работы
0,55718940075,СберБанк,"ул. Нормандия-Неман, 23, Смоленск",www.sberbank.ru,"'mon': 08:30-19:00, 'tue': 08:30-19:00, 'wed': 08:30-19:00, 'thu': 08:30-19:00, 'fri': 08:30-19:00, 'sat': 08:30-19:00, 'sun': выходной",54.776431,32.016011,"4,7",['8 (800) 555-55-50Показать телефон'],"['https://ok.ru/sberbank', 'https://t.me/sberbank', 'https://vk.com/sberbank']",85,86,85,69,75,,
1,192231423489,СберБанк,"ул. Октябрьской Революции, 32, Смоленск",www.sberbank.ru,"'mon': 09:30-18:30, 'tue': 09:30-18:30, 'wed': 09:30-18:30, 'thu': 09:30-18:30, 'fri': 09:30-18:30, 'sat': 09:30-18:30, 'sun': выходной",54.771130,32.042690,"4,6",['8 (800) 555-55-50Показать телефон'],"['http://ok.ru/sberbank', 'https://vk.com/sberbank']",74,79,74,72,80,73,
2,1104308557,СберБанк,"Коммунистическая ул., 8, Смоленск",www.sberbank.ru,"'mon': 09:30-18:30, 'tue': 09:30-18:30, 'wed': 09:30-18:30, 'thu': 09:30-18:30, 'fri': 09:30-18:30, 'sat': 09:30-18:30, 'sun': выходной",54.780545,32.048983,"4,6",['8 (800) 555-55-50Показать телефон'],"['https://ok.ru/sberbank', 'https://vk.com/sberbank']",79,85,80,63,87,53,
3,1075297703,СберБанк,"ул. Николаева, 50, Смоленск",www.sberbank.ru,"'mon': 09:30-18:30, 'tue': 09:30-18:30, 'wed': 09:30-18:30, 'thu': 09:30-18:30, 'fri': 09:30-18:30, 'sat': 09:30-18:30, 'sun': выходной",54.768475,32.014645,"4,6",['8 (800) 555-55-50Показать телефон'],"['http://ok.ru/sberbank', 'https://vk.com/sberbank']",88,91,89,75,,70,
4,1116870477,СберБанк,"Ново-Ленинградская ул., 11, Смоленск",www.sberbank.ru,"'mon': 09:00-18:00, 'tue': 09:00-18:00, 'wed': 09:00-18:00, 'thu': 09:00-18:00, 'fri': 09:00-18:00, 'sat': 09:00-18:00, 'sun': выходной",54.794884,32.049220,"4,5",['8 (800) 555-55-50Показать телефон'],"['http://ok.ru/sberbank', 'https://vk.com/sberbank']",88,90,86,72,47,,
5,1078701627,СберБанк,"Трамвайный пр., 2, Смоленск",www.sberbank.ru,"'mon': 09:00-18:30, 'tue': 09:00-18:30, 'wed': 09:00-18:30, 'thu': 09:00-18:30, 'fri': 09:00-18:30, 'sat': 09:00-18:30, 'sun': выходной",54.767463,32.062742,"4,5",['8 (800) 555-55-50Показать телефон'],"['http://ok.ru/sberbank', 'https://vk.com/sberbank']",77,83,76,59,91,85,45
6,1046238940,СберБанк,"ул. Лавочкина, 53А, Смоленск",www.sberbank.ru,"'mon': 09:00-18:00, 'tue': 09:00-18:00, 'wed': 09:00-18:00, 'thu': 09:00-18:00, 'fri': 09:00-18:00, 'sat': 09:00-18:00, 'sun': выходной",54.807202,31.999957,"4,5",['8 (800) 555-55-50Показать телефон'],"['http://ok.ru/sberbank', 'https://vk.com/sberbank']",82,85,79,67,100,75,38
7,1004163350,СберБанк,"ул. Шевченко, 65, Смоленск",www.sberbank.ru,"'mon': 09:30-18:30, 'tue': 09:30-18:30, 'wed': 09:30-18:30, 'thu': 09:30-18:30, 'fri': 09:30-18:30, 'sat': 09:30-18:30, 'sun': выходной",54.775502,32.075747,"4,5",['8 (800) 555-55-50Показать телефон'],"['http://ok.ru/sberbank', 'https://vk.com/sberbank']",83,84,82,67,94,47,20
8,1115791489,СберБанк,"просп. Строителей, 1/42, Смоленск",www.sberbank.ru,"'mon': 09:00-18:00, 'tue': 09:00-18:00, 'wed': 09:00-18:00, 'thu': 09:00-18:00, 'fri': 09:00-18:00, 'sat': 09:00-18:00, 'sun': выходной",54.767447,32.097804,"4,5",['8 (800) 555-55-50Показать телефон'],"['http://ok.ru/sberbank', 'https://vk.com/sberbank']",86,88,85,71,90,39,
9,1150007169,СберБанк,"ул. Нормандия-Неман, 23, Смоленск",www.sberbank.ru,"'mon': 09:00-18:00, 'tue': 09:00-18:00, 'wed': 09:00-18:00, 'thu': 09:00-18:00, 'fri': 09:00-18:00, 'sat': выходной, 'sun': выходной",54.776412,32.016016,"4,2",['8 (800) 555-55-50Показать телефон'],['https://vk.com/sberbank'],,,,,,,
10,1056239393,СберБанк,"ул. Попова, 96, Смоленск",www.sberbank.ru,"'mon': 09:30-18:30, 'tue': 09:30-18:30, 'wed': 09:30-18:30, 'thu': 09:30-18:30, 'fri': 09:30-18:30, 'sat': выходной, 'sun': выходной",54.761363,32.111666,"4,4",['8 (800) 555-55-50Показать телефон'],"['http://ok.ru/sberbank', 'https://vk.com/sberbank']",82,89,81,69,100,63,50
11,1034713276,СберБанк,"Минская ул., 16А, село Печерск",www.sberbank.ru,"'mon': 08:45-13:00,14:00-17:20, 'tue': 08:45-13:00,14:00-17:20, 'wed': 08:45-13:00,14:00-17:20, 'thu': выходной, 'fri': 08:45-13:00,14:00-17:20, 'sat': 08:45-13:00,14:00-17:20, 'sun': выходной",54.854455,32.031093,"4,2",['8 (800) 555-55-50Показать телефон'],"['http://ok.ru/sberbank', 'https://vk.com/sberbank']",78,85,80,54,,36,31
12,1033687043,СберБанк,"ул. Седова, 44, Смоленск",www.sberbank.ru,"'mon': 09:30-18:30, 'tue': 09:30-18:30, 'wed': 09:30-18:30, 'thu': 09:30-18:30, 'fri': 09:30-18:30, 'sat': 09:30-18:30, 'sun': выходной",54.817391,32.122820,"4,4",['8 (800) 555-55-50Показать телефон'],"['http://ok.ru/sberbank', 'https://vk.com/sberbank']",61,67,63,43,,,
13,1132632540,СберБанк,"ул. Щорса, 5, Смоленск",www.sberbank.ru,"'mon': 09:00-14:00,15:00-17:30, 'tue': 09:00-14:00,15:00-17:30, 'wed': 09:00-14:00,15:00-17:30, 'thu': 09:00-14:00,15:00-17:30, 'fri': 09:00-14:00,15:00-17:30, 'sat': 09:00-14:00,15:00-17:30, 'sun': выходной",54.783316,31.804314,"4,3",['8 (800) 555-55-50Показать телефон'],"['http://ok.ru/sberbank', 'https://vk.com/sberbank']",95,95,94,,,,
14,43613471278,СберБанк,"Октябрьская ул., 4, село Пригорское",www.sberbank.ru,"'mon': 09:00-13:00,14:00-17:00, 'tue': 09:00-13:00,14:00-17:00, 'wed': 09:00-13:00,14:00-17:00, 'thu': 09:00-13:00,14:00-17:00, 'fri': 09:00-13:00,14:00-16:45, 'sat': 09:00-13:00,14:00-16:45, 'sun': выходной",54.680270,32.142772,"4,1",['8 (800) 555-55-50Показать телефон'],"['http://ok.ru/sberbank', 'https://vk.com/sberbank']",,,,,,,
