,ID,name,address,website,opening_hours,lat,lon,rating,phone,social,Обслуживание,Отношение к клиентам,Персонал,Время ожидания,Расположение,Банкомат
0,1044685737,СберБанк,"ул. Родины, 1, микрорайон Загорск, Улан-Удэ",www.sberbank.ru,"'mon': 09:00-18:00, 'tue': 09:00-18:00, 'wed': 09:00-18:00, 'thu': 09:00-18:00, 'fri': 09:00-18:00, 'sat': 09:00-18:00, 'sun': выходной",C51.86425,107.72536,"4,4",['8 (800) 555-55-50Показать телефон'],"['http://ok.ru/sberbank', 'https://vk.com/sberbank']",88,83,86,79,,
1,1071334234,СберБанк,"Октябрьская ул., 15, Улан-Удэ",www.sberbank.ru,"'mon': 09:00-19:00, 'tue': 09:00-19:00, 'wed': 09:00-19:00, 'thu': 09:00-19:00, 'fri': 09:00-19:00, 'sat': 09:00-19:00, 'sun': выходной",C51.84714,107.61755,"4,5",['8 (800) 555-55-50Показать телефон'],"['http://ok.ru/sberbank', 'https://vk.com/sberbank']",95,91,94,74,100,
2,1226256098,СберБанк,"ул. Балтахинова, 13, Улан-Удэ",www.sberbank.ru,"'mon': 09:00-19:00, 'tue': 09:00-19:00, 'wed': 09:00-19:00, 'thu': 09:00-19:00, 'fri': 09:00-19:00, 'sat': 09:00-19:00, 'sun': 09:30-17:30",C51.82570,107.59079,"4,2",['8 (800) 555-55-50Показать телефон'],"['http://ok.ru/sberbank', 'https://vk.com/sberbank']",75,72,67,55,,
3,1127743943,СберБанк,"просп. Строителей, 18, Улан-Удэ",www.sberbank.ru,"'mon': 09:00-19:00, 'tue': 09:00-19:00, 'wed': 09:00-19:00, 'thu': 09:00-19:00, 'fri': 09:00-19:00, 'sat': 09:00-19:00, 'sun': выходной",C51.80847,107.64482,"4,4",['8 (800) 555-55-50Показать телефон'],"['http://ok.ru/sberbank', 'https://vk.com/sberbank']",85,82,83,83,,
4,180755688366,СберБанк,"ул. Гагарина, 25, Улан-Удэ",www.sberbank.ru,"'mon': 09:00-19:00, 'tue': 09:00-19:00, 'wed': 09:00-19:00, 'thu': 09:00-19:00, 'fri': 09:00-19:00, 'sat': 09:00-19:00, 'sun': выходной",C51.83750,107.59411,"4,3",['8 (800) 555-55-50Показать телефон'],"['http://ok.ru/sberbank', 'https://vk.com/sberbank']",88,84,88,67,100,
5,189990060977,СберБанк,"ул. Туполева, 20Б, микрорайон Восточный, Улан-Удэ",www.sberbank.ru,"'mon': 09:00-18:00, 'tue': 09:00-18:00, 'wed': 09:00-18:00, 'thu': 09:00-18:00, 'fri': 09:00-18:00, 'sat': 09:00-18:00, 'sun': выходной",C51.86248,107.73721,"4,3",['8 (800) 555-55-50Показать телефон'],"['http://ok.ru/sberbank', 'https://vk.com/sberbank']",87,83,91,46,,
6,1145038512,СберБанк,"ул. Пушкина, 15В, Улан-Удэ",www.sberbank.ru,"'mon': 09:00-18:00, 'tue': 09:00-18:00, 'wed': 09:00-18:00, 'thu': 09:00-18:00, 'fri': 09:00-18:00, 'sat': 09:00-18:00, 'sun': выходной",C51.83903,107.59734,"4,4",['8 (800) 555-55-50Показать телефон'],"['http://ok.ru/sberbank', 'https://vk.com/sberbank']",84,74,78,79,,
7,1051731939,СберБанк,"Ключевская ул., 70А, Улан-Удэ",www.sberbank.ru,"'mon': 09:00-18:00, 'tue': 09:00-18:00, 'wed': 09:00-18:00, 'thu': 09:00-18:00, 'fri': 09:00-18:00, 'sat': 09:00-18:00, 'sun': выходной",C51.82096,107.65629,"4,3",['8 (800) 555-55-50Показать телефон'],"['http://ok.ru/sberbank', 'https://vk.com/sberbank']",90,88,86,,100,
8,1096638058,СберБанк,"ул. Шумяцкого, 2, Улан-Удэ",www.sberbank.ru,"'mon': 09:00-19:00, 'tue': 09:00-19:00, 'wed': 09:00-19:00, 'thu': 09:00-19:00, 'fri': 09:00-19:00, 'sat': 09:00-19:00, 'sun': выходной",C51.81264,107.67138,"4,3",['8 (800) 555-55-50Показать телефон'],"['http://ok.ru/sberbank', 'https://vk.com/sberbank']",88,88,88,50,90,
9,1032172673,СберБанк,"Ключевская ул., 8А, Улан-Удэ",www.sberbank.ru,"'mon': 09:00-19:00, 'tue': 09:00-19:00, 'wed': 09:00-19:00, 'thu': 09:00-19:00, 'fri': 09:00-19:00, 'sat': 09:00-19:00, 'sun': выходной",C51.82123,107.63264,"4,4",['8 (800) 555-55-50Показать телефон'],"['http://ok.ru/sberbank', 'https://vk.com/sberbank']",85,89,96,71,100,
10,1092317274,СберБанк,"ул. Терешковой, 3Б, Улан-Удэ",www.sberbank.ru,"'mon': 09:00-19:00, 'tue': 09:00-19:00, 'wed': 09:00-19:00, 'thu': 09:00-19:00, 'fri': 09:00-19:00, 'sat': 09:00-19:00, 'sun': выходной",C51.80854,107.60484,"4,3",['8 (800) 555-55-50Показать телефон'],"['http://ok.ru/sberbank', 'https://vk.com/sberbank']",58,61,59,46,,
11,1006365690,СберБанк,"ул. Смолина, 52, Улан-Удэ",www.sberbank.ru,"'mon': 09:00-18:00, 'tue': 09:00-18:00, 'wed': 09:00-18:00, 'thu': 09:00-18:00, 'fri': 09:00-18:00, 'sat': 09:00-18:00, 'sun': выходной",C51.83835,107.57763,"4,3",['8 (800) 555-55-50Показать телефон'],"['http://ok.ru/sberbank', 'https://vk.com/sberbank']",97,93,92,93,,
12,1098441071,СберБанк,"ул. Гагарина, 60, Улан-Удэ",www.sberbank.ru,"'mon': 09:00-18:00, 'tue': 09:00-18:00, 'wed': 09:00-18:00, 'thu': 09:00-18:00, 'fri': 09:00-18:00, 'sat': 09:00-18:00, 'sun': выходной",C51.85054,107.57614,"4,3",['8 (800) 555-55-50Показать телефон'],"['http://ok.ru/sberbank', 'https://vk.com/sberbank']",76,78,81,63,90,
13,1115756787,СберБанк,"ул. Терешковой, 2А, Улан-Удэ",www.sberbank.ru,"'mon': 09:00-19:00, 'tue': 09:00-19:00, 'wed': 09:00-19:00, 'thu': 09:00-19:00, 'fri': 09:00-19:00, 'sat': 09:00-19:00, 'sun': выходной",C51.80948,107.59947,"4,4",['8 (800) 555-55-50Показать телефон'],"['http://ok.ru/sberbank', 'https://vk.com/sberbank']",73,69,83,63,91,
14,1326060402,СберБанк,"ул. Терешковой, 11, Улан-Удэ",www.sberbank.ru,"'mon': 09:00-18:00, 'tue': 09:00-18:00, 'wed': 09:00-18:00, 'thu': 09:00-18:00, 'fri': 09:00-18:00, 'sat': 09:00-18:00, 'sun': выходной",C51.80882,107.61330,"4,3",['8 (800) 555-55-50Показать телефон'],"['http://ok.ru/sberbank', 'https://vk.com/sberbank']",,,,,,
15,30566534950,СберБанк,"ул. Ленина, 15А, Улан-Удэ",www.sberbank.ru,"'mon': 09:00-18:00, 'tue': 09:00-18:00, 'wed': 09:00-18:00, 'thu': 09:00-18:00, 'fri': 09:00-18:00, 'sat': 09:00-18:00, 'sun': выходной",C51.82540,107.58445,"4,2",['8 (800) 555-55-50Показать телефон'],"['http://ok.ru/sberbank', 'https://vk.com/sber']",69,70,,73,,
16,1263737750,СберБанк,"Кабанская ул., 13Б, Улан-Удэ",www.sberbank.ru,"'mon': 09:00-19:00, 'tue': 09:00-19:00, 'wed': 09:00-19:00, 'thu': 09:00-19:00, 'fri': 09:00-19:00, 'sat': 09:00-19:00, 'sun': выходной",C51.84383,107.51706,"4,2",['8 (800) 555-55-50Показать телефон'],"['http://ok.ru/sberbank', 'https://vk.com/sberbank']",74,79,82,38,,
17,1031339583,СберБанк,"просп. Победы, 10, Улан-Удэ",www.sberbank.ru,"'mon': 09:00-19:00, 'tue': 09:00-19:00, 'wed': 09:00-19:00, 'thu': 09:00-19:00, 'fri': 09:00-19:00, 'sat': 09:00-19:00, 'sun': выходной",C51.82797,107.59263,"4,4",['8 (800) 555-55-50Показать телефон'],"['http://ok.ru/sberbank', 'https://vk.com/sberbank']",81,90,83,60,,15
18,226321357893,СберБанк,"ул. Маршала Жукова, 7А, городок Сосновый Бор, Улан-Удэ",www.sberbank.ru,"'mon': выходной, 'tue': 08:45-13:00,13:45-17:00, 'wed': выходной, 'thu': 08:45-13:00,13:45-17:00, 'fri': выходной, 'sat': выходной, 'sun': выходной",C51.85137,107.90577,"3,0",['8 (800) 555-55-50Показать телефон'],"['http://ok.ru/sberbank', 'https://vk.com/sberbank']",,,,,,
19,152606978640,СберБанк,"ул. Терешковой, 3, Улан-Удэ",www.sberbank.ru,"'mon': 09:00-18:00, 'tue': 09:00-18:00, 'wed': 09:00-18:00, 'thu': 09:00-18:00, 'fri': 09:00-18:00, 'sat': выходной, 'sun': выходной",C51.80856,107.60493,"4,3",['8 (800) 555-55-50Показать телефон'],"['http://ok.ru/sberbank', 'https://vk.com/sber']",,,,,,
20,97005229106,СберБанк,"Юбилейная ул., 4, п. г. т. Онохой",www.sberbank.ru,"'mon': 08:30-17:30, 'tue': 08:30-17:30, 'wed': 08:30-17:30, 'thu': 08:30-17:30, 'fri': 08:30-17:30, 'sat': 08:30-17:30, 'sun': выходной",C51.92800,108.06742,"4,7",['8 (800) 555-55-50Показать телефон'],"['http://ok.ru/sberbank', 'https://vk.com/sberbank']",,,,,,
21,1124145301,СберБанк,"ул. Лебедева, 3, село Иволгинск",www.sberbank.ru,"'mon': 09:00-17:00, 'tue': 09:00-17:00, 'wed': 09:00-17:00, 'thu': 09:00-17:00, 'fri': 09:00-17:00, 'sat': 09:00-17:00, 'sun': выходной",C51.74497,107.27275,"4,1",['8 (800) 555-55-50Показать телефон'],"['http://ok.ru/sberbank', 'https://vk.com/sberbank']",,,,,,
22,160746507891,СберБанк,"Коммунистическая ул., 51, село Ильинка",www.sberbank.ru,"'mon': выходной, 'tue': 09:00-12:30,13:30-17:00, 'wed': 09:00-12:30,13:30-17:00, 'thu': 09:00-12:30,13:30-17:00, 'fri': 09:00-12:30,13:30-16:45, 'sat': выходной, 'sun': выходной",C52.12326,107.27009,"4,1",['8 (800) 555-55-50Показать телефон'],"['http://ok.ru/sberbank', 'https://vk.com/sberbank']",,,,,,
23,46896009667,СберБанк,"Коммунистическая ул., 75, село Кома",www.sberbank.ru,"'mon': выходной, 'tue': выходной, 'wed': выходной, 'thu': выходной, 'fri': выходной, 'sat': выходной, 'sun': выходной",C52.16476,107.49366,"2,7",['8 (800) 555-55-50Показать телефон'],"['http://ok.ru/sberbank', 'https://vk.com/sberbank']",,,,,,
