,ID,name,address,website,opening_hours,lat,lon,rating,phone,social,Обслуживание,Персонал,Отношение к клиентам,Время ожидания,Банкомат,Расположение
0,1326857915,СберБанк,"Комсомольская ул., 1А, Заречный",www.sberbank.ru,"'mon': 09:00-18:00, 'tue': 09:00-18:00, 'wed': 09:00-18:00, 'thu': 09:00-18:00, 'fri': 09:00-18:00, 'sat': 09:00-18:00, 'sun': выходной",53.192426,45.178100,"4,5",['8 (800) 555-55-50Показать телефон'],"['http://ok.ru/sberbank', 'https://vk.com/sberbank']",84,87,88,73,,
1,1086723227,СберБанк,"ул. Ленина, 18Б, Заречный",www.sberbank.ru,"'mon': 08:30-17:30, 'tue': 08:30-17:30, 'wed': 08:30-17:30, 'thu': 08:30-17:30, 'fri': 08:30-17:30, 'sat': 08:30-17:30, 'sun': выходной",53.191913,45.167265,"4,3",['8 (800) 555-55-50Показать телефон'],"['http://ok.ru/sberbank', 'https://vk.com/sberbank', 'https://youtube.com/user/Sberbank']",56,59,54,54,,
2,1092089447,СберБанк,"ул. Ленина, 65, Заречный",www.sberbank.ru,"'mon': 09:00-18:00, 'tue': 09:00-18:00, 'wed': 09:00-18:00, 'thu': 09:00-18:00, 'fri': 09:00-18:00, 'sat': 09:00-18:00, 'sun': выходной",53.202822,45.152175,"4,4",['8 (800) 555-55-50Показать телефон'],"['http://ok.ru/sberbank', 'https://vk.com/sberbank']",68,77,62,64,,
3,1098302711,СберБанк,"Коннозаводская ул., 25/1, Пенза",www.sberbank.ru,"'mon': 09:00-13:00,13:30-17:30, 'tue': 09:00-13:00,13:30-17:30, 'wed': 09:00-13:00,13:30-17:30, 'thu': 09:00-13:00,13:30-17:30, 'fri': 09:00-13:00,13:30-17:30, 'sat': 09:00-13:00,13:30-16:15, 'sun': выходной",53.172227,45.111408,"3,4",['8 (800) 555-55-50Показать телефон'],"['http://ok.ru/sberbank', 'https://vk.com/sberbank']",,,,,,
4,1175377619,СберБанк,"Фабричная ул., 13А, село Чемодановка",www.sberbank.ru,"'mon': выходной, 'tue': 08:00-12:00,12:45-16:45, 'wed': 08:00-12:00,12:45-16:45, 'thu': 08:00-12:00,12:45-16:45, 'fri': 08:00-12:00,12:45-16:45, 'sat': 08:00-14:00, 'sun': выходной",53.222697,45.256370,"4,0",['8 (800) 555-55-50Показать телефон'],"['http://ok.ru/sberbank', 'https://vk.com/sberbank']",,,,,,
5,3800859896,СберБанк,"Школьная ул., 48, железнодорожная станция Леонидовка",www.sberbank.ru,"'mon': 08:00-12:00,12:30-17:15, 'tue': 08:00-12:00,12:30-17:15, 'wed': 08:00-12:00,12:30-17:15, 'thu': 08:00-12:00,12:30-17:15, 'fri': 08:00-12:00,12:30-17:15, 'sat': выходной, 'sun': выходной",53.127452,45.228809,"3,9",['8 (800) 555-55-50Показать телефон'],"['https://ok.ru/sberbank', 'https://vk.com/sberbank']",,,,,,
6,1028881724,СберБанк,"ул. Антонова, 9, Пенза",www.sberbank.ru,"'mon': 09:00-18:00, 'tue': 09:00-18:00, 'wed': 09:00-18:00, 'thu': 09:00-18:00, 'fri': 09:00-18:00, 'sat': 09:00-18:00, 'sun': выходной",53.184353,45.063833,"4,7",['8 (800) 555-55-50Показать телефон'],"['http://ok.ru/sberbank', 'https://vk.com/sberbank']",78,80,78,65,86,100
