,ID,name,address,website,opening_hours,lat,lon,rating,phone,social,Обслуживание,Персонал,Отношение к клиентам,Время ожидания,Банкомат
0,1061345029,СберБанк,"ул. имени М.М. Володарского, 10, Троицк",www.sberbank.ru,"'mon': 08:30-17:30, 'tue': 08:30-17:30, 'wed': 08:30-17:30, 'thu': 08:30-17:30, 'fri': 08:30-17:30, 'sat': 08:30-17:30, 'sun': выходной",54.080470,61.555602,"4,6",['8 (800) 555-55-50Показать телефон'],"['http://ok.ru/sberbank', 'https://vk.com/sberbank']",81,80,77,55,30
1,55581963649,СберБанк,"ул. имени Ю.А. Гагарина, 98А, Троицк",www.sberbank.ru,"'mon': 08:30-17:00, 'tue': 08:30-17:00, 'wed': 08:30-17:00, 'thu': 08:30-17:00, 'fri': 08:30-17:00, 'sat': 08:30-17:00, 'sun': выходной",54.088850,61.560589,"4,3",['8 (800) 555-55-50Показать телефон'],['https://vk.com/sberbank'],,,,,
2,1216948230,СберБанк,"Советская ул., 2А, Троицк",www.sberbank.ru,"'mon': 08:45-17:30, 'tue': 08:45-17:30, 'wed': 08:45-17:30, 'thu': 08:45-17:30, 'fri': 08:45-17:30, 'sat': 08:45-17:30, 'sun': выходной",54.077581,61.533497,"4,3",['8 (800) 555-55-50Показать телефон'],"['http://ok.ru/sberbank', 'https://vk.com/sberbank']",71,74,69,50,
3,1232797299,СберБанк,"ул. Энергетиков, 24, Троицк",www.sberbank.ru,"'mon': 09:00-18:00, 'tue': выходной, 'wed': выходной, 'thu': 08:30-18:00, 'fri': 09:00-18:00, 'sat': выходной, 'sun': выходной",54.045261,61.630177,"4,4",['8 (800) 555-55-50Показать телефон'],"['http://ok.ru/sberbank', 'https://vk.com/sberbank']",96,96,95,64,
