,ID,name,address,website,opening_hours,lat,lon,rating,phone,social,Обслуживание,Отношение к клиентам,Персонал,Время ожидания,Ремонт,Банкомат,Кредит,Расположение
0,1186616927,СберБанк,"ул. Ленина, 154, Тимашевск",www.sberbank.ru,"'mon': 08:00-17:00, 'tue': 08:00-17:00, 'wed': 08:00-17:00, 'thu': 08:00-17:00, 'fri': 08:00-17:00, 'sat': 08:00-17:00, 'sun': выходной",45.611560,38.935136,"4,9",['8 (800) 555-55-50Показать телефон'],"['http://ok.ru/sberbank', 'https://vk.com/sberbank']",87,86,89,78,92,100,40,92
1,64091790912,СберБанк,"ул. Ленина, 154А, Тимашевск",www.sberbank.ru,"'mon': 08:00-17:00, 'tue': 08:00-17:00, 'wed': 08:00-17:00, 'thu': 08:00-17:00, 'fri': 08:00-15:45, 'sat': выходной, 'sun': выходной",45.611560,38.935136,"4,5",['8 (800) 555-55-50Показать телефон'],"['http://ok.ru/sberbank', 'https://vk.com/sberbank']",,,,,,,,
2,13189439921,СберБанк,"Гибридная ул., 2, Тимашевск",www.sberbank.ru,"'mon': 08:00-13:00,14:00-16:45, 'tue': 08:00-13:00,14:00-16:45, 'wed': 08:00-13:00,14:00-16:45, 'thu': 08:00-13:00,14:00-16:45, 'fri': 08:00-13:00,14:00-16:45, 'sat': 08:00-13:00,14:00-16:45, 'sun': выходной",45.639040,38.949280,"4,3",['8 (800) 555-55-50Показать телефон'],"['http://ok.ru/sberbank', 'https://vk.com/sberbank']",,,,,,,,
3,1139415659,СберБанк,"ул. Космонавтов, 10, хутор Ленинский",www.sberbank.ru,"'mon': выходной, 'tue': 08:00-12:00,13:00-15:45, 'wed': 08:00-12:00,13:00-15:45, 'thu': выходной, 'fri': 08:00-12:00,13:00-15:45, 'sat': 08:00-12:00,13:00-16:00, 'sun': выходной",45.673649,39.034647,"4,5",['8 (800) 555-55-50Показать телефон'],"['http://ok.ru/sberbank', 'https://vk.com/sberbank']",,,,,,,,
4,1074202184,СберБанк,"Советская ул., 2, хутор Танцура Крамаренко",www.sberbank.ru,"'mon': выходной, 'tue': выходной, 'wed': 08:00-12:00,12:30-15:45, 'thu': 08:00-12:00,12:30-15:45, 'fri': выходной, 'sat': 08:00-13:15, 'sun': выходной",45.522403,38.938581,"3,8",['8 (800) 555-55-50Показать телефон'],"['http://ok.ru/sberbank', 'https://vk.com/sberbank']",,,,,,,,
5,1131947113,СберБанк,"ул. Ленина, 19, посёлок Советский",www.sberbank.ru,"'mon': выходной, 'tue': 08:00-12:00,13:00-16:00, 'wed': 08:00-12:00,13:00-16:00, 'thu': 08:00-12:00,13:00-16:00, 'fri': 08:00-12:00,13:00-16:00, 'sat': 08:00-12:00,13:00-16:00, 'sun': выходной",45.542998,38.786128,"4,5",['8 (800) 555-55-50Показать телефон'],"['http://ok.ru/sberbank', 'https://vk.com/sberbank']",,,,,,,,
6,1117887850,СберБанк,"ул. Ленина, 59, станица Днепровская",www.sberbank.ru,"'mon': выходной, 'tue': выходной, 'wed': выходной, 'thu': выходной, 'fri': выходной, 'sat': выходной, 'sun': выходной",45.619073,38.808307,"3,9",['8 (800) 555-55-50Показать телефон'],"['http://ok.ru/sberbank', 'https://vk.com/sberbank']",,,,,,,,
7,1116475581,СберБанк,"Юбилейная ул., 17, хутор Беднягина",www.sberbank.ru,"'mon': выходной, 'tue': 08:00-12:00,12:30-16:00, 'wed': выходной, 'thu': выходной, 'fri': 08:00-12:00,12:30-16:00, 'sat': выходной, 'sun': выходной",45.517629,39.001651,"3,4",['8 (800) 555-55-50Показать телефон'],"['http://ok.ru/sberbank', 'https://vk.com/sberbank']",,,,,,,,
8,1122514947,СберБанк,"Красная ул., 17, станица Новокорсунская",www.sberbank.ru,"'mon': выходной, 'tue': 08:00-12:00,13:00-16:30, 'wed': 08:00-12:00,13:00-16:30, 'thu': 08:00-12:00,13:00-16:30, 'fri': 08:00-12:00,13:00-16:30, 'sat': 08:00-12:00,13:00-16:30, 'sun': выходной",45.643791,39.146038,"4,3",['8 (800) 555-55-50Показать телефон'],"['http://ok.ru/sberbank', 'https://vk.com/sberbank']",,,,,,,,
