,ID,name,address,website,opening_hours,lat,lon,rating,phone,social,Обслуживание,Персонал,Отношение к клиентам,Время ожидания,Банкомат,Расположение,Ремонт,Кредит,Ипотека,График работы
0,1105003365,СберБанк,"Университетский просп., 96, Волгоград",www.sberbank.ru,"'mon': выходной, 'tue': выходной, 'wed': выходной, 'thu': выходной, 'fri': выходной, 'sat': выходной, 'sun': выходной",48.646067,44.432587,"4,7",['8 (800) 555-55-50Показать телефон'],"['http://ok.ru/sberbank', 'https://vk.com/sberbank']",84,87,87,75,61,88,,,,
1,1121286786,СберБанк,"ул. 64-й Армии, 44, Волгоград",www.sberbank.ru,"'mon': 08:30-19:00, 'tue': 08:30-19:00, 'wed': 08:30-19:00, 'thu': 08:30-19:00, 'fri': 08:30-19:00, 'sat': 08:30-19:00, 'sun': выходной",48.620665,44.425857,"4,6",['8 (800) 555-55-50Показать телефон'],"['https://ok.ru/sber', 'https://vk.com/sber']",84,85,80,75,74,92,,,,
2,1272058043,СберБанк,"ул. 64-й Армии, 75, Волгоград",www.sberbank.ru,"'mon': 08:30-18:00, 'tue': 08:30-18:00, 'wed': 08:30-18:00, 'thu': 08:30-18:00, 'fri': 08:30-18:00, 'sat': 08:30-18:00, 'sun': выходной",48.607786,44.421162,"4,8",['8 (800) 555-55-50Показать телефон'],"['http://ok.ru/sber', 'https://vk.com/sber']",86,91,91,63,33,88,78,,,
3,99924563278,СберБанк,"Казахская ул., 28, Волгоград",www.sberbank.ru,"'mon': 08:30-19:00, 'tue': 08:30-19:00, 'wed': 08:30-19:00, 'thu': 08:30-19:00, 'fri': 08:30-19:00, 'sat': 08:30-19:00, 'sun': выходной",48.675987,44.445577,"4,7",['8 (800) 555-55-50Показать телефон'],"['http://ok.ru/sberbank', 'https://vk.com/sberbank']",82,83,76,58,,,,,,
4,1051250643,СберБанк,"Калининградская ул., 5, Волгоград",www.sberbank.ru,"'mon': 09:00-18:00, 'tue': 09:00-18:00, 'wed': 09:00-18:00, 'thu': 09:00-18:00, 'fri': 09:00-18:00, 'sat': 09:00-18:00, 'sun': выходной",48.659990,44.445162,"4,6",['8 (800) 555-55-50Показать телефон'],"['http://ok.ru/sberbank', 'https://vk.com/sber']",82,82,86,75,61,92,,,,
5,1046577498,СберБанк,"Коммунистическая ул., 40, Волгоград",www.sberbank.ru,"'mon': 09:00-18:30, 'tue': 09:00-18:30, 'wed': 09:00-18:30, 'thu': 09:00-18:30, 'fri': 09:00-18:30, 'sat': 09:30-14:00, 'sun': 10:00-13:00",48.717490,44.526741,"4,8",['8 (800) 555-55-50Показать телефон'],"['https://ok.ru/sberbank', 'https://vk.com/sberbank']",80,84,77,72,63,81,,58,55,64
6,1046466649,СберБанк,"Рабоче-Крестьянская ул., 14, Волгоград",www.sberbank.ru,"'mon': 08:30-18:30, 'tue': 08:30-18:30, 'wed': 08:30-18:30, 'thu': 08:30-18:30, 'fri': 08:30-18:30, 'sat': 08:30-16:30, 'sun': выходной",48.696657,44.498783,"4,6",['8 (800) 555-55-50Показать телефон'],"['http://ok.ru/sberbank', 'https://vk.com/sberbank']",90,90,91,79,80,94,,,,
7,13635004130,СберБанк,"Волгоградская ул., 13, территория Рабочий посёлок Горьковский, Волгоград",www.sberbank.ru,"'mon': выходной, 'tue': 08:00-17:30, 'wed': 08:00-17:30, 'thu': 08:00-17:30, 'fri': 08:00-17:30, 'sat': 08:00-15:00, 'sun': выходной",48.686968,44.322139,"4,8",['8 (800) 555-55-50Показать телефон'],"['http://ok.ru/sberbank', 'https://vk.com/sberbank']",89,94,88,,,,,,,
8,1022041474,СберБанк,"ул. Кирова, 122, Волгоград",www.sberbank.ru,"'mon': 08:30-18:30, 'tue': 08:30-18:30, 'wed': 08:30-18:30, 'thu': 08:30-18:30, 'fri': 08:30-18:30, 'sat': 08:30-18:30, 'sun': выходной",48.611586,44.428107,"4,6",['8 (800) 555-55-50Показать телефон'],"['http://ok.ru/sberbank', 'https://vk.com/sberbank']",83,91,86,46,63,93,,,,
9,1120955404,СберБанк,"ул. Тулака, 40, Волгоград",www.sberbank.ru,"'mon': 09:00-18:30, 'tue': 09:00-18:30, 'wed': 09:00-18:30, 'thu': 09:00-18:30, 'fri': 09:00-18:30, 'sat': 09:00-18:30, 'sun': выходной",48.675574,44.468681,"4,8",['8 (800) 555-55-50Показать телефон'],"['http://ok.ru/sberbank', 'https://vk.com/sberbank']",79,85,80,62,56,81,,,,
10,1279186781,СберБанк,"просп. Героев Сталинграда, 50А, Волгоград",www.sberbank.ru,"'mon': 08:30-18:30, 'tue': 08:30-18:30, 'wed': 08:30-18:30, 'thu': 08:30-18:30, 'fri': 08:30-18:30, 'sat': 08:30-18:30, 'sun': 09:00-13:00",48.512822,44.543574,"4,9",['8 (800) 555-55-50Показать телефон'],"['http://ok.ru/sberbank', 'https://vk.com/sberbank']",85,85,84,82,78,94,,35,50,84
11,179839387470,СберБанк,"просп. Маршала Жукова, 101, Волгоград",www.sberbank.ru,"'mon': 08:30-18:00, 'tue': 08:30-18:00, 'wed': 08:30-18:00, 'thu': 08:30-18:00, 'fri': 08:30-18:00, 'sat': 08:30-18:00, 'sun': выходной",48.739655,44.490949,"4,7",['8 (800) 555-55-50Показать телефон'],"['http://ok.ru/sberbank', 'https://vk.com/sberbank']",88,85,84,74,75,74,,,,
12,1114940556,СберБанк,"просп. имени В.И. Ленина, 1Б, Волгоград",www.sberbank.ru,"'mon': 08:30-18:30, 'tue': 08:30-18:30, 'wed': 08:30-18:30, 'thu': 08:30-18:30, 'fri': 08:30-18:30, 'sat': 08:30-18:30, 'sun': выходной",48.703485,44.510633,"4,6",['8 (800) 555-55-50Показать телефон'],"['https://ok.ru/sberbank', 'https://t.me/sberbank', 'https://vk.com/sberbank']",85,88,86,83,75,,,,,
13,244953410615,СберБанк,"Новороссийская ул., 14Б, Волгоград",www.sberbank.ru,"'mon': 09:00-18:00, 'tue': 09:00-18:00, 'wed': 09:00-18:00, 'thu': 09:00-18:00, 'fri': 09:00-18:00, 'sat': 09:00-18:00, 'sun': выходной",48.716098,44.511603,"4,6",['8 (800) 555-55-50Показать телефон'],"['http://ok.ru/sberbank', 'https://vk.com/sberbank']",85,89,87,65,53,94,,,,
14,1122193647,СберБанк,"ул. Писемского, 93, Волгоград",www.sberbank.ru,"'mon': 08:30-17:30, 'tue': 08:30-17:30, 'wed': 08:30-17:30, 'thu': 08:30-17:30, 'fri': 08:30-17:30, 'sat': 08:30-17:30, 'sun': выходной",48.583815,44.430764,"4,7",['8 (800) 555-55-50Показать телефон'],"['http://ok.ru/sberbank', 'https://vk.com/sber']",86,89,91,68,73,100,,,,
15,1068775523,СберБанк,"Елецкая ул., 8/1, Волгоград",www.sberbank.ru,"'mon': 08:30-18:00, 'tue': 08:30-18:00, 'wed': 08:30-18:00, 'thu': 08:30-18:00, 'fri': 08:30-18:00, 'sat': 08:30-18:00, 'sun': выходной",48.700834,44.486169,"4,6",['8 (800) 555-55-50Показать телефон'],"['http://ok.ru/sberbank', 'https://vk.com/sberbank']",84,84,82,61,59,100,,,,
16,1092607119,СберБанк,"Рабоче-Крестьянская ул., 41, Волгоград",www.sberbank.ru,"'mon': 09:00-18:00, 'tue': 09:00-18:00, 'wed': 09:00-18:00, 'thu': 09:00-18:00, 'fri': 09:00-18:00, 'sat': 09:00-18:00, 'sun': выходной",48.689746,44.488073,"4,5",['8 (800) 555-55-50Показать телефон'],"['http://ok.ru/sberbank', 'https://vk.com/sberbank']",85,88,84,71,64,100,,,,
17,1110123613,СберБанк,"ул. Рокоссовского, 54, Волгоград",www.sberbank.ru,"'mon': 09:00-18:00, 'tue': 09:00-18:00, 'wed': 09:00-18:00, 'thu': 09:00-18:00, 'fri': 09:00-18:00, 'sat': 09:00-18:00, 'sun': выходной",48.726708,44.519070,"4,5",['8 (800) 555-55-50Показать телефон'],"['http://ok.ru/sberbank', 'https://vk.com/sberbank']",86,89,89,84,76,100,,,,
18,1111938479,СберБанк,"Лужская ул., 28, Волгоград",www.sberbank.ru,"'mon': 09:00-18:00, 'tue': 09:00-18:00, 'wed': 09:00-18:00, 'thu': 09:00-18:00, 'fri': 09:00-18:00, 'sat': 09:00-18:00, 'sun': выходной",48.696636,44.469918,"4,4",['8 (800) 555-55-50Показать телефон'],"['http://ok.ru/sberbank', 'https://t.me/sberbank', 'https://vk.com/sberbank']",87,92,81,70,41,94,,,,
19,1093367251,СберБанк,"Ангарская ул., 122, Волгоград",www.sberbank.ru,"'mon': 08:30-18:00, 'tue': 08:30-18:00, 'wed': 08:30-18:00, 'thu': 08:30-18:00, 'fri': 08:30-18:00, 'sat': 08:30-18:00, 'sun': выходной",48.723991,44.468574,"4,5",['8 (800) 555-55-50Показать телефон'],"['http://ok.ru/sberbank', 'https://vk.com/sberbank']",83,82,82,68,64,95,,,,
20,1039354925,СберБанк,"ул. 8-й Воздушной Армии, 47А, район Семь Ветров, Волгоград",www.sberbank.ru,"'mon': 08:36-18:00, 'tue': 08:30-18:00, 'wed': 08:30-18:00, 'thu': 08:30-18:00, 'fri': 08:30-18:00, 'sat': 08:30-18:00, 'sun': выходной",48.756774,44.500241,"4,4",['8 (800) 555-55-50Показать телефон'],"['http://ok.ru/sberbank', 'https://t.me/sberbank', 'https://vk.com/sberbank']",78,83,85,52,49,92,,,,
21,1012703485,СберБанк,"ул. Маршала Ерёменко, 68, Волгоград",www.sberbank.ru,"'mon': 08:30-18:00, 'tue': 08:30-18:00, 'wed': 08:30-18:00, 'thu': 08:30-18:00, 'fri': 08:30-18:00, 'sat': 09:00-14:30, 'sun': выходной",48.767789,44.542792,"4,7",['8 (800) 555-55-50Показать телефон'],"['http://ok.ru/sberbank', 'https://vk.com/sberbank']",93,91,90,77,41,70,,,,
22,1367024615,СберБанк,"просп. имени В.И. Ленина, 47, Волгоград",www.sberbank.ru,"'mon': 09:00-18:00, 'tue': 09:00-18:00, 'wed': 09:00-18:00, 'thu': 09:00-18:00, 'fri': 09:00-18:00, 'sat': 09:00-18:00, 'sun': выходной",48.723966,44.535403,"4,3",['8 (800) 555-55-50Показать телефон'],"['http://ok.ru/sberbank', 'https://t.me/s/sberbank', 'https://vk.com/sberbank']",78,84,76,68,,,,,,
23,1110572961,СберБанк,"ул. Константина Симонова, 17, район Семь Ветров, Волгоград",www.sberbank.ru,"'mon': 08:30-17:30, 'tue': 08:30-17:30, 'wed': 08:30-17:30, 'thu': 08:30-17:30, 'fri': 08:30-17:30, 'sat': 08:30-17:30, 'sun': выходной",48.752429,44.496721,"4,5",['8 (800) 555-55-50Показать телефон'],"['http://ok.ru/sberbank', 'https://t.me/sberbank', 'https://vk.com/sberbank']",92,90,92,54,53,80,,,,
24,1087636729,СберБанк,"Краснополянская ул., 46, Волгоград",www.sberbank.ru,"'mon': 08:30-18:30, 'tue': 08:30-18:30, 'wed': 08:30-18:30, 'thu': 08:30-18:30, 'fri': 08:30-18:30, 'sat': 08:30-18:30, 'sun': выходной",48.766539,44.478657,"4,5",['8 (800) 555-55-50Показать телефон'],"['http://ok.ru/sberbank', 'https://vk.com/sberbank']",71,78,76,45,41,87,,,,
25,1028090629,СберБанк,"ул. 8-й Воздушной Армии, 9А, район Семь Ветров, Волгоград",www.sberbank.ru,"'mon': 09:00-18:00, 'tue': 09:00-18:00, 'wed': 09:00-18:00, 'thu': 09:00-18:00, 'fri': 09:00-18:00, 'sat': 09:00-18:00, 'sun': выходной",48.748351,44.505916,"4,5",['8 (800) 555-55-50Показать телефон'],"['http://ok.ru/sberbank', 'https://t.me/s/sberbank', 'https://vk.com/sberbank']",71,74,74,50,31,82,,,,
26,1052893023,СберБанк,"ул. Маршала Ерёменко, 35, Волгоград",www.sberbank.ru,"'mon': выходной, 'tue': выходной, 'wed': выходной, 'thu': выходной, 'fri': выходной, 'sat': выходной, 'sun': выходной",48.783199,44.562123,"4,7",['8 (800) 555-55-50Показать телефон'],"['http://ok.ru/sberbank', 'https://t.me/sberbank', 'https://vk.com/sberbank']",85,86,85,64,48,91,,,,
27,244888102593,СберБанк,"ул. 51-й Гвардейской Дивизии, 53, Волгоград",www.sberbank.ru,"'mon': 09:00-18:00, 'tue': 09:00-18:00, 'wed': 09:00-18:00, 'thu': 09:00-18:00, 'fri': 09:00-18:00, 'sat': 09:00-18:00, 'sun': выходной",48.768517,44.498275,"4,4",['8 (800) 555-55-50Показать телефон'],"['http://ok.ru/sberbank', 'https://vk.com/sberbank']",87,93,87,69,,,,,,
28,175609892593,СберБанк,"просп. Металлургов, 15, Волгоград",www.sberbank.ru,"'mon': 08:30-17:30, 'tue': 08:30-17:30, 'wed': 08:30-17:30, 'thu': 08:30-17:30, 'fri': 08:30-17:30, 'sat': 08:30-17:30, 'sun': выходной",48.767583,44.553719,"4,6",['8 (800) 555-55-50Показать телефон'],"['http://ok.ru/sberbank', 'https://vk.com/sberbank']",81,79,80,74,,,,,,
29,1242056256,СберБанк,"просп. Героев Сталинграда, 1, Волгоград",www.sberbank.ru,"'mon': выходной, 'tue': выходной, 'wed': выходной, 'thu': выходной, 'fri': выходной, 'sat': выходной, 'sun': выходной",48.516403,44.566796,"4,6",['8 (800) 555-55-50Показать телефон'],"['http://ok.ru/sberbank', 'https://vk.com/sber']",87,91,90,69,60,100,,,,
30,199306213457,СберБанк,"просп. Героев Сталинграда, 32, Волгоград",www.sberbank.ru,"'mon': 08:00-18:00, 'tue': 08:00-18:00, 'wed': 08:00-18:00, 'thu': 08:00-18:00, 'fri': 08:00-18:00, 'sat': 08:00-18:00, 'sun': выходной",48.515754,44.558433,"4,6",['8 (800) 555-55-50Показать телефон'],"['http://ok.ru/sberbank', 'https://vk.com/sber']",92,96,96,72,,,,,,
31,1005172466,СберБанк,"ул. Маршала Ерёменко, 98, Волгоград",www.sberbank.ru,"'mon': 08:30-18:30, 'tue': 08:30-18:30, 'wed': 08:30-18:30, 'thu': 08:30-18:30, 'fri': 08:30-18:30, 'sat': 08:30-18:30, 'sun': выходной",48.775841,44.553110,"4,5",['8 (800) 555-55-50Показать телефон'],"['http://ok.ru/sberbank', 'https://vk.com/sberbank']",85,87,83,71,68,93,,,,
32,1096815691,СберБанк,"просп. имени В.И. Ленина, 209, Волгоград",www.sberbank.ru,"'mon': 09:00-18:00, 'tue': 09:00-18:00, 'wed': 09:00-18:00, 'thu': 09:00-18:00, 'fri': 09:00-18:00, 'sat': 09:00-18:00, 'sun': выходной",48.798619,44.601647,"4,5",['8 (800) 555-55-50Показать телефон'],"['http://ok.ru/sber', 'https://t.me/sberbank', 'https://vk.com/sber']",86,88,84,43,,,,,,
33,1108731913,СберБанк,"ул. 40 лет ВЛКСМ, 25, Волгоград",www.sberbank.ru,"'mon': 08:00-18:00, 'tue': 08:00-18:00, 'wed': 08:00-18:00, 'thu': 08:00-18:00, 'fri': 08:00-18:00, 'sat': 08:00-18:00, 'sun': выходной",48.508783,44.577480,"4,7",['8 (800) 555-55-50Показать телефон'],"['http://ok.ru/sberbank', 'https://t.me/sberbank', 'https://vk.com/sber']",88,85,85,76,42,,,,,
34,1011052830,СберБанк,"ул. Батова, 1, Волгоград",www.sberbank.ru,"'mon': 09:00-18:00, 'tue': 09:00-18:00, 'wed': 09:00-18:00, 'thu': 09:00-18:00, 'fri': 09:00-18:00, 'sat': 09:00-18:00, 'sun': выходной",48.796197,44.590460,"4,9",['8 (800) 555-55-50Показать телефон'],"['http://ok.ru/sberbank', 'https://t.me/sberbank', 'https://vk.com/sberbank']",88,89,86,93,75,100,,,,
35,12705887029,СберБанк,"просп. Ленина, 6, рабочий посёлок Городище",www.sberbank.ru,"'mon': 08:30-17:30, 'tue': 08:30-17:30, 'wed': 08:30-17:30, 'thu': 08:30-17:30, 'fri': 08:30-17:30, 'sat': 08:30-17:30, 'sun': выходной",48.810293,44.479812,"4,7",['8 (800) 555-55-50Показать телефон'],"['http://ok.ru/sberbank', 'https://vk.com/sberbank']",80,84,88,58,0,,,,,
36,30005599492,СберБанк,"Лазоревая ул., 221, Волгоград",www.sberbank.ru,"'mon': выходной, 'tue': выходной, 'wed': выходной, 'thu': выходной, 'fri': выходной, 'sat': выходной, 'sun': выходной",48.529418,44.477126,"4,3",['8 (800) 555-55-50Показать телефон'],"['http://ok.ru/sberbank', 'https://vk.com/sberbank']",90,73,,,,,,,,
37,1062247345,СберБанк,"ул. Менжинского, 11А, Волгоград",www.sberbank.ru,"'mon': 09:00-18:00, 'tue': 09:00-18:00, 'wed': 09:00-18:00, 'thu': 09:00-18:00, 'fri': 09:00-18:00, 'sat': 09:00-18:00, 'sun': выходной",48.816469,44.623496,"4,4",['8 (800) 555-55-50Показать телефон'],"['http://ok.ru/sberbank', 'https://vk.com/sber']",88,91,88,36,43,100,,,,
38,1055701045,СберБанк,"ул. Ленина, 187А, Краснослободск",www.sberbank.ru,"'mon': выходной, 'tue': 08:30-18:00, 'wed': 08:30-18:00, 'thu': 08:30-18:00, 'fri': 08:30-18:00, 'sat': 08:30-18:00, 'sun': выходной",48.706770,44.592811,"4,4",['8 (800) 555-55-50Показать телефон'],"['http://ok.ru/sberbank', 'https://vk.com/sberbank']",71,66,70,47,53,,,,,
39,1674868849,СберБанк,"ул. Маршала Ерёменко, 53, Волгоград",www.sberbank.ru,"'mon': 09:00-18:00, 'tue': 09:00-18:00, 'wed': 09:00-18:00, 'thu': 09:00-18:00, 'fri': 09:00-18:00, 'sat': 09:00-18:00, 'sun': выходной",48.788847,44.574551,"4,6",['8 (800) 555-55-50Показать телефон'],"['http://ok.ru/sberbank', 'https://vk.com/sberbank']",80,81,80,71,57,100,,,,
40,1131826379,СберБанк,"ул. Николая Отрады, 17, Волгоград",www.sberbank.ru,"'mon': 09:00-18:00, 'tue': 09:00-18:00, 'wed': 09:00-18:00, 'thu': 09:00-18:00, 'fri': 09:00-18:00, 'sat': 09:00-18:00, 'sun': выходной",48.822786,44.638504,"4,6",['8 (800) 555-55-50Показать телефон'],"['http://ok.ru/sberbank', 'https://t.me/sberbank', 'https://vk.com/sberbank']",86,92,84,57,60,100,,,,80
41,1012777115,СберБанк,"ул. Николая Отрады, 26А, Волгоград",www.sberbank.ru,"'mon': 09:00-17:30, 'tue': 09:00-17:30, 'wed': 09:00-17:30, 'thu': 09:00-17:30, 'fri': 09:00-17:30, 'sat': 09:00-17:30, 'sun': выходной",48.818038,44.631659,"4,7",['8 (800) 555-55-50Показать телефон'],"['http://ok.ru/sberbank', 'https://t.me/sberbank', 'https://vk.com/sberbank']",91,95,90,69,53,88,,,,
42,92570137102,СберБанк,"ул. Ленина, 6, рабочий посёлок Городище",www.sberbank.ru,"'mon': выходной, 'tue': выходной, 'wed': выходной, 'thu': выходной, 'fri': выходной, 'sat': выходной, 'sun': выходной",48.796834,44.464711,,['8 (800) 555-55-50Показать телефон'],['https://vk.com/sberbank'],,,,,,,,,,
43,144658309995,СберБанк,"Центральная ул., 16, посёлок Областной сельскохозяйственной опытной станции",www.sberbank.ru,"'mon': выходной, 'tue': 09:15-13:00,14:00-17:30, 'wed': 09:15-13:00,14:00-17:30, 'thu': 09:15-13:00,14:00-17:30, 'fri': 09:15-13:00,14:00-17:30, 'sat': 08:15-13:30, 'sun': выходной",48.882560,44.382677,"3,1",['8 (800) 555-55-50Показать телефон'],"['http://ok.ru/sberbank', 'https://vk.com/sberbank']",,,,,,,,,,
44,1048669044,СберБанк,"ул. Мира, 3, хутор Бурковский",www.sberbank.ru,"'mon': выходной, 'tue': 09:00-12:00,13:00-14:15, 'wed': выходной, 'thu': 09:00-12:00,13:00-14:15, 'fri': выходной, 'sat': выходной, 'sun': выходной",48.701318,44.660175,"4,2",['8 (800) 555-55-50Показать телефон'],"['http://ok.ru/sberbank', 'https://vk.com/sberbank']",,,,,,,,,,
45,96709486484,СберБанк,"Центральная ул., 2, посёлок Степной",www.sberbank.ru,"'mon': выходной, 'tue': выходной, 'wed': выходной, 'thu': выходной, 'fri': выходной, 'sat': выходной, 'sun': выходной",48.852466,44.220199,"3,5",['8 (800) 555-55-50Показать телефон'],"['http://ok.ru/sberbank', 'https://vk.com/sberbank']",,,,,,,,,,
