,ID,name,address,website,opening_hours,lat,lon,rating,phone,social,Обслуживание,Персонал,Отношение к клиентам,Время ожидания,Расположение
0,1097167561,СберБанк,"просп. Ленина, 47, Рубцовск",www.sberbank.ru,"'mon': 08:45-18:00, 'tue': 08:45-18:00, 'wed': 08:45-18:00, 'thu': 08:45-18:00, 'fri': 08:45-18:00, 'sat': 08:45-18:00, 'sun': выходной",51.517351,81.213351,"4,8",['8 (800) 555-55-50Показать телефон'],"['http://ok.ru/sberbank', 'https://vk.com/sberbank']",86,87,84,81,
1,1073017944,СберБанк,"просп. Ленина, 171, Рубцовск",www.sberbank.ru,"'mon': 08:45-17:45, 'tue': 08:45-17:45, 'wed': 08:45-17:45, 'thu': 08:45-17:45, 'fri': 08:45-17:45, 'sat': 08:45-17:45, 'sun': выходной",51.500604,81.208097,"4,6",['8 (800) 555-55-50Показать телефон'],"['http://ok.ru/sberbank', 'https://vk.com/sberbank']",88,92,92,74,100
2,1231456937,СберБанк,"Комсомольская ул., 68, Рубцовск",www.sberbank.ru,"'mon': 08:45-17:45, 'tue': 08:45-17:45, 'wed': 08:45-17:45, 'thu': 08:45-17:45, 'fri': 08:45-17:45, 'sat': 08:45-17:45, 'sun': выходной",51.540924,81.222562,"4,4",['8 (800) 555-55-50Показать телефон'],"['http://ok.ru/sberbank', 'https://vk.com/sberbank']",96,96,96,,
3,1164357543,СберБанк,"Октябрьская ул., 2Б, Рубцовск",www.sberbank.ru,"'mon': 08:45-17:45, 'tue': 08:45-17:45, 'wed': 08:45-17:45, 'thu': 08:45-17:45, 'fri': 08:45-17:45, 'sat': выходной, 'sun': выходной",51.551482,81.231819,"4,3",['8 (800) 555-55-50Показать телефон'],"['http://ok.ru/sberbank', 'https://vk.com/sberbank']",91,95,90,,
4,1258222673,СберБанк,"Центральная ул., 11, село Безрукавка",www.sberbank.ru,"'mon': выходной, 'tue': 09:00-13:30, 'wed': 09:00-13:30, 'thu': 09:00-13:30, 'fri': выходной, 'sat': выходной, 'sun': выходной",51.583796,81.282370,"4,3",['8 (800) 555-55-50Показать телефон'],"['http://ok.ru/sberbank', 'https://vk.com/sberbank']",,,,,
5,1018252787,СберБанк,"Школьная ул., 19, поселок Зелёная Дубрава",www.sberbank.ru,"'mon': выходной, 'tue': 09:00-14:15, 'wed': 09:00-14:15, 'thu': 09:00-14:15, 'fri': выходной, 'sat': выходной, 'sun': выходной",51.457179,81.185351,"2,9",['8 (800) 555-55-50Показать телефон'],"['http://ok.ru/sberbank', 'https://vk.com/sberbank']",,,,,
