,ID,name,address,website,opening_hours,lat,lon,rating,phone,social,Обслуживание,Персонал,Отношение к клиентам,Время ожидания
0,1638008152,СберБанк,"ул. Заславского, 15/6 к2, Серов",www.sberbank.ru,"'mon': выходной, 'tue': выходной, 'wed': выходной, 'thu': выходной, 'fri': выходной, 'sat': выходной, 'sun': выходной",59.599123,60.570384,"4,4",['8 (800) 555-55-50Показать телефон'],"['http://ok.ru/sberbank', 'https://vk.com/sberbank']",90,88,96,79
1,1049826067,СберБанк,"ул. Заславского, 35, Серов",www.sberbank.ru,"'mon': 09:00-18:30, 'tue': 09:00-18:30, 'wed': 09:00-18:30, 'thu': 09:00-18:30, 'fri': 09:00-18:30, 'sat': 09:00-18:30, 'sun': выходной",59.609182,60.574203,"4,3",['8 (800) 555-55-50Показать телефон'],"['http://ok.ru/sberbank', 'https://vk.com/sberbank']",82,83,83,
2,1104511022,СберБанк,"Народная ул., 8А, Серов",www.sberbank.ru,"'mon': 08:30-17:30, 'tue': 08:30-17:30, 'wed': 08:30-17:30, 'thu': 08:30-17:30, 'fri': 08:30-17:30, 'sat': 08:30-17:30, 'sun': выходной",59.597713,60.585703,"4,3",['8 (800) 555-55-50Показать телефон'],"['http://ok.ru/sberbank', 'https://vk.com/sberbank']",94,94,93,
3,1129645355,СберБанк,"ул. Путилова, 1, село Филькино",www.sberbank.ru,"'mon': 08:30-13:00,14:00-17:00, 'tue': 08:30-15:00, 'wed': 08:30-13:00,14:00-17:00, 'thu': выходной, 'fri': 08:30-13:00,14:00-16:30, 'sat': 08:30-14:15, 'sun': выходной",59.601926,60.717391,"3,8",['8 (800) 555-55-50Показать телефон'],"['http://ok.ru/sberbank', 'https://vk.com/sberbank']",,,,
