,ID,name,address,website,opening_hours,lat,lon,rating,phone,social,Обслуживание,Отношение к клиентам,Персонал,Время ожидания,Банкомат,Ремонт,Расположение
0,1128084497,СберБанк,"Большая Московская ул., 110/2, Великий Новгород",www.sberbank.ru,"'mon': 09:00-18:30, 'tue': 09:00-18:30, 'wed': 09:00-18:30, 'thu': 09:00-18:30, 'fri': 09:00-18:30, 'sat': 09:00-18:30, 'sun': выходной",58.540866,31.304075,"4,4",['8 (800) 555-55-50Показать телефон'],"['http://ok.ru/sberbank', 'https://vk.com/sberbank']",77,75,80,55,54,71,92
1,26862157786,СберБанк,"Большая Санкт-Петербургская ул., 130, Великий Новгород",www.sberbank.ru,"'mon': 09:30-18:30, 'tue': 09:30-18:30, 'wed': 09:30-18:30, 'thu': 09:30-18:30, 'fri': 09:30-18:30, 'sat': 09:30-18:30, 'sun': выходной",58.565196,31.279978,"4,4",['8 (800) 555-55-50Показать телефон'],"['http://ok.ru/sberbank', 'https://vk.com/sberbank']",83,79,82,72,,,
2,1039699930,СберБанк,"Большая Санкт-Петербургская ул., 13, Великий Новгород",www.sberbank.ru,"'mon': 09:30-18:30, 'tue': 09:30-18:30, 'wed': 09:30-18:30, 'thu': 09:30-18:30, 'fri': 09:30-18:30, 'sat': 09:30-18:30, 'sun': выходной",58.529655,31.270799,"4,4",['8 (800) 555-55-50Показать телефон'],"['https://ok.ru/sberbank', 'https://vk.com/sberbank']",67,67,70,57,69,,85
3,1114143823,СберБанк,"Большая Санкт-Петербургская ул., 39, стр. 18, Великий Новгород",www.sberbank.ru,"'mon': 09:30-18:30, 'tue': 09:30-18:30, 'wed': 09:30-18:30, 'thu': 09:30-18:30, 'fri': 09:30-18:30, 'sat': 09:30-18:30, 'sun': выходной",58.538121,31.264252,"4,3",['8 (800) 555-55-50Показать телефон'],"['http://ok.ru/sberbank', 'https://vk.com/sberbank']",68,71,80,50,73,,
4,1038292489,СберБанк,"просп. Мира, 32, корп. 1, Великий Новгород",www.sberbank.ru,"'mon': 09:00-19:00, 'tue': 09:00-19:00, 'wed': 09:00-19:00, 'thu': 09:00-19:00, 'fri': 09:00-19:00, 'sat': 09:00-19:00, 'sun': выходной",58.531556,31.230137,"4,4",['8 (800) 555-55-50Показать телефон'],"['https://ok.ru/sberbank', 'https://vk.com/sberbank']",72,73,78,60,69,,94
5,1089169454,СберБанк,"ул. Фёдоровский Ручей, 2/13, Великий Новгород",www.sberbank.ru,"'mon': 09:30-18:30, 'tue': 09:30-18:30, 'wed': 09:30-18:30, 'thu': 09:30-18:30, 'fri': 09:30-18:30, 'sat': 09:30-18:30, 'sun': выходной",58.523655,31.286660,"4,4",['8 (800) 555-55-50Показать телефон'],"['http://ok.ru/sberbank', 'https://t.me/s/sberbank', 'https://vk.com/sber']",72,67,73,,,,
6,1077624829,СберБанк,"ул. Ломоносова, 14/20, Великий Новгород",www.sberbank.ru,"'mon': 09:30-18:30, 'tue': 09:30-18:30, 'wed': 09:30-18:30, 'thu': 09:30-18:30, 'fri': 09:30-18:30, 'sat': 09:30-18:30, 'sun': выходной",58.535423,31.242059,"4,5",['8 (800) 555-55-50Показать телефон'],"['http://ok.ru/sberbank', 'https://vk.com/sberbank']",86,88,88,77,,,
7,181751883242,СберБанк,"ул. Свободы, 29А, Западный район, Великий Новгород",www.sberbank.ru,"'mon': 09:00-18:30, 'tue': 09:00-18:30, 'wed': 09:00-18:30, 'thu': 09:00-18:30, 'fri': 09:00-18:30, 'sat': 09:00-18:30, 'sun': выходной",58.541386,31.226310,"4,4",['8 (800) 555-55-50Показать телефон'],"['http://ok.ru/sberbank', 'https://vk.com/sberbank']",85,84,89,54,46,,93
8,66682758098,СберБанк,"Людогоща ул., 6/13, Софийская сторона, Великий Новгород",www.sberbank.ru,"'mon': 09:30-18:30, 'tue': 09:30-18:30, 'wed': 09:30-18:30, 'thu': 09:30-18:30, 'fri': 09:30-18:30, 'sat': 09:30-18:30, 'sun': выходной",58.524406,31.267174,"4,3",['8 (800) 555-55-50Показать телефон'],"['https://ok.ru/sberbank', 'https://vk.com/sberbank']",79,72,74,71,,,
9,104791946543,СберБанк,"Псковская ул., 13, Псковский район, Великий Новгород",www.sberbank.ru,"'mon': 09:00-18:30, 'tue': 09:00-18:30, 'wed': 09:00-18:30, 'thu': 09:00-18:30, 'fri': 09:00-18:30, 'sat': 09:00-18:30, 'sun': выходной",58.515855,31.246099,"4,5",['8 (800) 555-55-50Показать телефон'],"['http://ok.ru/sberbank', 'https://vk.com/sberbank']",82,80,87,68,75,,
10,15355590423,СберБанк,"просп. Мира, 13, корп. 1, Великий Новгород",www.sberbank.ru,"'mon': 09:30-18:30, 'tue': 09:30-18:30, 'wed': 09:30-18:30, 'thu': 09:30-18:30, 'fri': 09:30-18:30, 'sat': 09:30-18:30, 'sun': выходной",58.536678,31.234671,"4,6",['8 (800) 555-55-50Показать телефон'],"['http://ok.ru/sberbank', 'https://t.me/sber_students_bot', 'https://vk.com/sberbank']",80,79,79,75,,,
11,1073049438,СберБанк,"Промышленная ул., 1, п. г. т. Панковка",www.sberbank.ru,"'mon': выходной, 'tue': 09:00-12:00,12:30-16:00, 'wed': 09:00-12:00,12:30-16:00, 'thu': выходной, 'fri': 09:00-12:00,12:30-15:45, 'sat': 09:00-12:00,12:30-15:45, 'sun': выходной",58.501335,31.218842,"3,3",['8 (800) 555-55-50Показать телефон'],"['http://ok.ru/sberbank', 'https://vk.com/sberbank']",,,,,,,
12,1012449974,СберБанк,"51, микрорайон Кречевицы, Великий Новгород",www.sberbank.ru,"'mon': выходной, 'tue': 09:30-13:30,14:00-17:45, 'wed': 09:30-13:30,14:00-17:45, 'thu': 09:30-13:30,14:00-17:45, 'fri': 09:30-13:30,14:00-17:45, 'sat': 09:30-13:30,14:00-17:45, 'sun': выходной",58.615633,31.404770,"4,0",['8 (800) 555-55-50Показать телефон'],"['http://ok.ru/sberbank', 'https://vk.com/sberbank']",,,,,,,
13,179097401724,СберБанк,"Центральная ул., 106, д. Подберезье",www.sberbank.ru,"'mon': 08:00-12:00,12:30-16:20, 'tue': выходной, 'wed': 08:00-12:00,12:30-17:15, 'thu': 08:00-12:00,12:30-17:15, 'fri': 08:00-12:00,12:30-17:15, 'sat': выходной, 'sun': выходной",58.700739,31.401545,"4,1",['8 (800) 555-55-50Показать телефон'],"['http://ok.ru/sberbank', 'https://vk.com/sberbank']",,,,,,,
14,224509163371,СберБанк,"Воцкая ул., 10, д. Чечулино",www.sberbank.ru,"'mon': 08:15-12:30,13:00-17:30, 'tue': 08:15-12:30,13:00-17:30, 'wed': выходной, 'thu': 08:15-12:30,13:00-17:30, 'fri': 08:15-12:30,13:00-13:54, 'sat': выходной, 'sun': выходной",58.669382,31.370535,"3,3",['8 (800) 555-55-50Показать телефон'],"['http://ok.ru/sberbank', 'https://vk.com/sberbank']",,,,,,,
