,ID,name,address,website,opening_hours,lat,lon,rating,phone,social,Обслуживание,Персонал,Отношение к клиентам,Время ожидания
0,1076656671,СберБанк,"Восточная ул., 19, село Силантьево",www.sberbank.ru,"'mon': выходной, 'tue': 08:30-13:00,13:45-15:45, 'wed': 08:30-13:00,13:45-15:45, 'thu': 08:30-13:00,13:45-15:45, 'fri': 08:30-13:00,13:45-15:45, 'sat': 08:30-13:00,13:45-15:30, 'sun': выходной",55.324924,55.528749,"4,3",['8 (800) 555-55-50Показать телефон'],"['http://ok.ru/sberbank', 'https://vk.com/sberbank']",,,,
1,178788980504,СберБанк,"ул. Мира, 135В, Бирск",www.sberbank.ru,"'mon': 09:30-17:30, 'tue': 09:30-17:30, 'wed': 09:30-17:30, 'thu': 09:30-17:30, 'fri': 09:30-17:30, 'sat': 09:30-17:30, 'sun': выходной",55.415985,55.559158,"4,8",['8 (800) 555-55-50Показать телефон'],"['http://ok.ru/sberbank', 'https://vk.com/sberbank']",92,94,91,83
2,156527778108,СберБанк,"ул. Мира, 22А, Бирск",www.sberbank.ru,"'mon': 09:00-17:30, 'tue': 09:00-17:30, 'wed': 09:00-17:30, 'thu': 09:00-17:30, 'fri': 09:00-17:30, 'sat': 09:00-17:30, 'sun': выходной",55.417961,55.531611,"4,7",['8 (800) 555-55-50Показать телефон'],"['http://ok.ru/sberbank', 'https://vk.com/sberbank']",76,80,75,
3,1189453957,СберБанк,"Интернациональная ул., 157Е, Бирск",www.sberbank.ru,"'mon': 09:30-17:30, 'tue': 09:30-17:30, 'wed': 09:30-17:30, 'thu': 09:30-17:30, 'fri': 09:30-17:30, 'sat': 09:30-17:30, 'sun': выходной",55.435330,55.545547,"4,5",['8 (800) 555-55-50Показать телефон'],"['http://ok.ru/sberbank', 'https://vk.com/sberbank']",91,90,91,
