,ID,name,address,website,opening_hours,lat,lon,rating,phone,social,Обслуживание,Персонал,Отношение к клиентам,Время ожидания
0,1203265534,СберБанк,"ул. Энергетиков, 19, Кумертау",www.sberbank.ru,"'mon': 09:00-17:30, 'tue': 09:00-17:30, 'wed': 09:00-17:30, 'thu': 09:00-17:30, 'fri': 09:00-17:30, 'sat': 09:00-17:30, 'sun': выходной",52.763652,55.819554,"4,5",['8 (800) 555-55-50Показать телефон'],"['http://ok.ru/sberbank', 'https://vk.com/sberbank']",88,86,86,
1,1165389586,СберБанк,"ул. Мажита Гафури, 25, Кумертау",www.sberbank.ru,"'mon': 09:30-18:00, 'tue': 09:30-18:00, 'wed': 09:30-18:00, 'thu': 09:30-18:00, 'fri': 09:30-18:00, 'sat': 09:30-18:00, 'sun': выходной",52.754621,55.788666,"4,6",['8 (800) 555-55-50Показать телефон'],"['http://ok.ru/sberbank', 'https://vk.com/sberbank']",91,100,89,77
2,1015120869,СберБанк,"ул. Ленина, 17, Кумертау",www.sberbank.ru,"'mon': 09:00-18:30, 'tue': 09:00-18:30, 'wed': 09:00-18:30, 'thu': 09:00-18:30, 'fri': 09:00-18:30, 'sat': 09:00-18:30, 'sun': выходной",52.755935,55.796331,"4,3",['8 (800) 555-55-50Показать телефон'],"['http://ok.ru/sberbank', 'https://vk.com/sberbank']",79,80,76,62
3,1016570948,СберБанк,"ул. Горького, 8, Кумертау",www.sberbank.ru,"'mon': 09:30-18:00, 'tue': 09:30-18:00, 'wed': 09:30-18:00, 'thu': 09:30-18:00, 'fri': 09:30-18:00, 'sat': 09:30-18:00, 'sun': выходной",52.760880,55.803049,"4,4",['8 (800) 555-55-50Показать телефон'],"['http://ok.ru/sberbank', 'https://vk.com/sberbank']",100,100,100,
