,ID,name,address,website,opening_hours,lat,lon,rating,phone,social,Обслуживание,Отношение к клиентам,Персонал,Время ожидания,Расположение,Банкомат,Кредит,Ипотека,Ремонт,График работы
0,1112246661,СберБанк,"Трёхсвятская ул., 8, Тверь",www.sberbank.ru,"'mon': 09:00-18:30, 'tue': 09:00-18:30, 'wed': 09:00-18:30, 'thu': 09:00-18:30, 'fri': 09:00-18:30, 'sat': 09:00-15:00, 'sun': 09:00-14:00",56.853274,35.908844,"4,8",['8 (800) 555-55-50Показать телефон'],"['https://ok.ru/sberbank', 'https://vk.com/sberbank']",77,75,77,65,93,56,44,58,,
1,39279550054,СберБанк,"ул. Горького, 86/3, Тверь",www.sberbank.ru,"'mon': 09:00-19:00, 'tue': 09:00-19:00, 'wed': 09:00-19:00, 'thu': 09:00-19:00, 'fri': 09:00-19:00, 'sat': 09:00-19:00, 'sun': выходной",56.868092,35.899670,"4,4",['8 (800) 555-55-50Показать телефон'],"['http://ok.ru/sberbank', 'https://vk.com/sberbank']",89,85,87,78,100,60,,,,
2,1058130504,СберБанк,"ул. Горького, 21/3, Тверь",www.sberbank.ru,"'mon': 09:00-18:30, 'tue': 09:00-18:30, 'wed': 09:00-18:30, 'thu': 09:00-18:30, 'fri': 09:00-18:30, 'sat': 09:00-18:30, 'sun': выходной",56.866624,35.909610,"4,4",['8 (800) 555-55-50Показать телефон'],"['http://ok.ru/sberbank', 'https://vk.com/sberbank']",81,82,80,67,92,50,,,,
3,1014131001,СберБанк,"просп. Калинина, 19, Тверь",www.sberbank.ru,"'mon': выходной, 'tue': выходной, 'wed': выходной, 'thu': выходной, 'fri': выходной, 'sat': выходной, 'sun': выходной",56.854724,35.867878,"4,7",['8 (800) 555-55-50Показать телефон'],"['http://ok.ru/sberbank', 'https://vk.com/sberbank']",79,76,79,68,94,58,,,,
4,1727251811,СберБанк,"ул. Андрея Дементьева, 7, Тверь",www.sberbank.ru,"'mon': 09:00-18:00, 'tue': 09:00-18:00, 'wed': 09:00-18:00, 'thu': 09:00-18:00, 'fri': 09:00-18:00, 'sat': 09:00-18:00, 'sun': выходной",56.853675,35.914789,"4,6",['8 (800) 555-55-50Показать телефон'],"['http://ok.ru/sberbank', 'https://vk.com/sberbank']",85,84,86,81,82,69,,,,
5,1098985432,СберБанк,"просп. Чайковского, 7, Тверь",www.sberbank.ru,"'mon': 09:00-18:30, 'tue': 09:00-18:30, 'wed': 09:00-18:30, 'thu': 09:00-18:30, 'fri': 09:00-18:30, 'sat': 09:00-18:30, 'sun': выходной",56.848781,35.905927,"4,6",['8 (800) 555-55-50Показать телефон'],"['http://ok.ru/sberbank', 'https://vk.com/sberbank']",74,71,76,60,96,76,,,,
6,1016478326,СберБанк,"Петербургское ш., 54/2, Тверь",www.sberbank.ru,"'mon': 09:00-18:30, 'tue': 09:00-18:30, 'wed': 09:00-18:30, 'thu': 09:00-18:30, 'fri': 09:00-18:30, 'sat': 09:00-18:30, 'sun': выходной",56.873996,35.852620,"4,6",['8 (800) 555-55-50Показать телефон'],"['http://ok.ru/sberbank', 'https://vk.com/sberbank']",75,72,76,67,92,61,,,,
7,108706827577,СберБанк,"ул. Можайского, 71, корп. 1, Тверь",www.sberbank.ru,"'mon': 09:00-19:30, 'tue': 09:00-19:30, 'wed': 09:00-19:30, 'thu': 09:00-19:30, 'fri': 09:00-19:30, 'sat': 09:00-19:30, 'sun': 09:00-15:00",56.820099,35.901918,"4,7",['8 (800) 555-55-50Показать телефон'],"['http://ok.ru/sberbank', 'https://vk.com/sberbank']",75,75,76,61,86,65,,,,
8,54703862235,СберБанк,"ул. Вагжанова, 5, Тверь",www.sberbank.ru,"'mon': 09:00-18:00, 'tue': 09:00-18:00, 'wed': 09:00-18:00, 'thu': 09:00-18:00, 'fri': 09:00-18:00, 'sat': 09:00-18:00, 'sun': выходной",56.854187,35.929949,"4,6",['8 (800) 555-55-50Показать телефон'],"['http://ok.ru/sberbank', 'https://vk.com/sberbank']",81,78,80,74,,73,,,,
9,1057759465,СберБанк,"просп. Победы, 27, Тверь",www.sberbank.ru,"'mon': 09:00-18:00, 'tue': 09:00-18:00, 'wed': 09:00-18:00, 'thu': 09:00-18:00, 'fri': 09:00-18:00, 'sat': 09:00-18:00, 'sun': выходной",56.843207,35.922211,"4,6",['8 (800) 555-55-50Показать телефон'],"['http://ok.ru/sberbank', 'https://vk.com/sberbank']",80,78,75,76,93,75,,,,
10,1066091556,СберБанк,"просп. Чайковского, 35, Тверь",www.sberbank.ru,"'mon': 09:00-18:00, 'tue': 09:00-18:00, 'wed': 09:00-18:00, 'thu': 09:00-18:00, 'fri': 09:00-18:00, 'sat': 09:00-18:00, 'sun': выходной",56.839733,35.896300,"4,5",['8 (800) 555-55-50Показать телефон'],['https://vk.com/sberbank'],71,75,74,57,100,57,,,,
11,1006617664,СберБанк,"Волоколамский просп., 24, Тверь",www.sberbank.ru,"'mon': 09:00-18:30, 'tue': 09:00-18:30, 'wed': 09:00-18:30, 'thu': 09:00-18:30, 'fri': 09:00-18:30, 'sat': 09:00-18:30, 'sun': выходной",56.836814,35.908083,"4,6",['8 (800) 555-55-50Показать телефон'],"['http://ok.ru/sberbank', 'https://vk.com/sberbank']",78,78,79,64,91,45,,,,
12,1127590699,СберБанк,"просп. Ленина, 30, Тверь",www.sberbank.ru,"'mon': 09:30-18:30, 'tue': 09:30-18:30, 'wed': 09:30-18:30, 'thu': 09:30-18:30, 'fri': 09:30-18:30, 'sat': 09:30-18:30, 'sun': выходной",56.851447,35.843730,"4,6",['8 (800) 555-55-50Показать телефон'],"['http://ok.ru/sberbank', 'https://vk.com/sberbank']",81,80,87,63,,,,,,
13,19428275840,СберБанк,"ул. Орджоникидзе, 27/47, Тверь",www.sberbank.ru,"'mon': 09:00-19:00, 'tue': 09:00-19:00, 'wed': 09:00-19:00, 'thu': 09:00-19:00, 'fri': 09:00-19:00, 'sat': 09:00-19:00, 'sun': выходной",56.839753,35.932826,"4,5",['8 (800) 555-55-50Показать телефон'],"['http://ok.ru/sberbank', 'https://vk.com/sberbank']",80,78,80,60,,29,,,81,
14,1081234968,СберБанк,"просп. Ленина, 5, Тверь",www.sberbank.ru,"'mon': 09:00-18:30, 'tue': 09:00-18:30, 'wed': 09:00-18:30, 'thu': 09:00-18:30, 'fri': 09:00-18:30, 'sat': 09:00-18:30, 'sun': выходной",56.848503,35.828622,"4,4",['8 (800) 555-55-50Показать телефон'],"['http://ok.ru/sberbank', 'https://vk.com/sberbank']",78,77,78,79,83,63,,,,
15,1003451385,СберБанк,"Молодёжный бул., 2, Тверь",www.sberbank.ru,"'mon': 09:00-19:00, 'tue': 09:00-19:00, 'wed': 09:00-19:00, 'thu': 09:00-19:00, 'fri': 09:00-19:00, 'sat': 09:00-19:00, 'sun': выходной",56.882924,35.840166,"4,5",['8 (800) 555-55-50Показать телефон'],"['http://ok.ru/sberbank', 'https://vk.com/sberbank']",78,80,83,49,94,37,,,92,
16,1078618833,СберБанк,"Хрустальная ул., 32/67, Тверь",www.sberbank.ru,"'mon': 09:00-18:00, 'tue': 09:00-18:00, 'wed': 09:00-18:00, 'thu': 09:00-18:00, 'fri': 09:00-18:00, 'sat': 09:00-18:00, 'sun': выходной",56.889946,35.904432,"4,2",['8 (800) 555-55-50Показать телефон'],"['http://ok.ru/sberbank', 'https://vk.com/sberbank']",76,78,84,45,,10,,,,
17,1074906890,СберБанк,"2, посёлок Химинститута, Тверь",www.sberbank.ru,"'mon': выходной, 'tue': 08:30-13:00,14:00-17:45, 'wed': 08:30-13:00,14:00-17:45, 'thu': 08:30-13:00,14:00-17:45, 'fri': 08:30-13:00,14:00-17:45, 'sat': 08:30-13:00,14:00-17:45, 'sun': выходной",56.800080,36.031480,"4,2",['8 (800) 555-55-50Показать телефон'],"['http://ok.ru/sberbank', 'https://vk.com/sberbank']",74,81,85,37,,43,,,,27
