,ID,name,address,website,opening_hours,lat,lon,rating,phone,social,Обслуживание,Время ожидания,Отношение к клиентам,Персонал,Банкомат,Расположение
0,216176021738,СберБанк,"ул. Карла Маркса, 15, Туапсе",www.sberbank.ru,"'mon': 08:30-17:30, 'tue': 08:30-17:30, 'wed': 08:30-17:30, 'thu': 08:30-17:30, 'fri': 08:30-17:30, 'sat': 08:30-17:30, 'sun': выходной",44.098333,39.077102,"4,4",['8 (800) 555-55-50Показать телефон'],"['http://ok.ru/sberbank', 'https://t.me/sberbank', 'https://vk.com/sberbank']",76,40,71,75,,
1,1003228792,СберБанк,"ул. Карла Маркса, 36, Туапсе",www.sberbank.ru,"'mon': 08:30-17:30, 'tue': 08:30-17:30, 'wed': 08:30-17:30, 'thu': 08:30-17:30, 'fri': 08:30-17:30, 'sat': 08:30-17:30, 'sun': выходной",44.101128,39.081811,"4,5",['8 (800) 555-55-50Показать телефон'],"['http://ok.ru/sberbank', 'https://vk.com/sberbank']",83,79,89,91,50,90
2,1307440868,СберБанк,"ул. Войкова, 1, Туапсе",www.sberbank.ru,"'mon': 08:30-17:30, 'tue': 08:30-17:30, 'wed': 08:30-17:30, 'thu': 08:30-17:30, 'fri': 08:30-17:30, 'sat': выходной, 'sun': выходной",44.106569,39.061246,"4,5",['8 (800) 555-55-50Показать телефон'],"['http://ok.ru/sberbank', 'https://vk.com/sberbank']",96,,90,95,,
3,1053031430,СберБанк,"ул. Карла Маркса, 11Б, Туапсе",www.sberbank.ru,"'mon': выходной, 'tue': выходной, 'wed': выходной, 'thu': выходной, 'fri': выходной, 'sat': выходной, 'sun': выходной",44.098194,39.076446,"4,3",['8 (800) 555-55-50Показать телефон'],['https://vk.com/sberbank'],,,,,,
4,1009718811,СберБанк,"Центральная ул., 10Б, село Агой",www.sberbank.ru,"'mon': выходной, 'tue': 09:00-13:00,14:00-16:45, 'wed': 09:00-13:00,14:00-16:45, 'thu': 09:00-13:00,14:00-16:45, 'fri': 09:00-13:00,14:00-16:45, 'sat': 09:00-13:00,14:00-16:45, 'sun': выходной",44.146581,39.038663,"4,0",['8 (800) 555-55-50Показать телефон'],"['http://ok.ru/sberbank', 'https://vk.com/sberbank']",,,,,,
5,1055504772,СберБанк,"ул. Газовиков, 6, село Небуг",www.sberbank.ru,"'mon': выходной, 'tue': 09:00-13:00,14:00-16:45, 'wed': 09:00-13:00,14:00-16:45, 'thu': 09:00-13:00,14:00-16:45, 'fri': 09:00-13:00,14:00-16:45, 'sat': 09:00-13:00,14:00-16:45, 'sun': выходной",44.168983,39.002946,"4,2",['8 (800) 555-55-50Показать телефон'],"['http://ok.ru/sberbank', 'https://vk.com/sberbank']",55,,60,,,
6,1121854975,СберБанк,"Шапсугская ул., 71, аул Агуй-Шапсуг",www.sberbank.ru,"'mon': выходной, 'tue': выходной, 'wed': выходной, 'thu': выходной, 'fri': выходной, 'sat': выходной, 'sun': выходной",44.180989,39.068459,"3,7",['8 (800) 555-55-50Показать телефон'],"['http://ok.ru/sberbank', 'https://vk.com/sberbank']",,,,,,
7,39317588935,СберБанк,"Садовая ул., 4, село Шепси",www.sberbank.ru,"'mon': выходной, 'tue': 09:00-13:15, 'wed': выходной, 'thu': выходной, 'fri': 09:00-13:15, 'sat': 09:00-13:15, 'sun': выходной",44.041280,39.155120,"3,3",['8 (800) 555-55-50Показать телефон'],"['http://ok.ru/sberbank', 'https://vk.com/sberbank']",,,,,,
