,ID,name,address,website,opening_hours,lat,lon,rating,phone,social,Обслуживание,Отношение к клиентам,Персонал,Время ожидания,Банкомат,Расположение
0,57076047659,СберБанк,"ул. Карла Маркса, 23, Киров",www.sberbank.ru,"'mon': 08:30-19:30, 'tue': 08:30-19:30, 'wed': 08:30-19:30, 'thu': 08:30-19:30, 'fri': 08:30-19:30, 'sat': 08:30-19:30, 'sun': выходной",58.613449,49.666599,"4,4",['8 (800) 555-55-50Показать телефон'],"['http://ok.ru/sberbank', 'https://vk.com/sberbank']",74,71,70,66,50,
1,1122331178,СберБанк,"ул. Павла Корчагина, 60, микрорайон Коминтерновский, Киров",www.sberbank.ru,"'mon': 09:00-18:00, 'tue': 09:00-18:00, 'wed': 09:00-18:00, 'thu': 09:00-18:00, 'fri': 09:00-18:00, 'sat': 09:00-18:00, 'sun': выходной",58.638642,49.730510,"4,3",['8 (800) 555-55-50Показать телефон'],"['http://ok.ru/sberbank', 'https://vk.com/sberbank']",84,83,88,50,,100
2,1006562345,СберБанк,"Хлыновская ул., 20, Киров",www.sberbank.ru,"'mon': 08:30-19:00, 'tue': 08:30-19:00, 'wed': 08:30-19:00, 'thu': 08:30-19:00, 'fri': 08:30-19:00, 'sat': 08:30-19:00, 'sun': выходной",58.581127,49.684016,"4,3",['8 (800) 555-55-50Показать телефон'],"['http://ok.ru/sberbank', 'https://vk.com/sberbank']",64,63,68,44,30,92
3,1083341695,СберБанк,"Рабочая ул., 1, п. г. т. Стрижи",www.sberbank.ru,"'mon': выходной, 'tue': 08:00-13:00,14:00-17:00, 'wed': 08:00-13:00,14:00-17:00, 'thu': 08:00-13:00,14:00-17:00, 'fri': 08:00-13:00,14:00-17:00, 'sat': 08:00-13:00,14:00-17:00, 'sun': выходной",58.467536,49.258364,"4,2",['8 (800) 555-55-50Показать телефон'],"['http://ok.ru/sberbank', 'https://vk.com/sberbank']",,,,,,
