,ID,name,address,website,opening_hours,lat,lon,rating,phone,social,Обслуживание,Персонал,Отношение к клиентам,Время ожидания,Расположение
0,1074887186,СберБанк,"24, 4-й микрорайон, Тобольск",www.sberbank.ru,"'mon': 09:00-18:30, 'tue': 09:00-18:30, 'wed': 09:00-18:30, 'thu': 09:00-18:30, 'fri': 09:00-18:30, 'sat': 09:00-18:30, 'sun': выходной",58.222083,68.284912,"4,6",['8 (800) 555-55-50Показать телефон'],"['http://ok.ru/sberbank', 'https://vk.com/sberbank']",87,82,84,85,100
1,1119382639,СберБанк,"ул. Семёна Ремезова, 124, Тобольск",www.sberbank.ru,"'mon': 09:00-18:00, 'tue': 09:00-18:00, 'wed': 09:00-18:00, 'thu': 09:00-18:00, 'fri': 09:00-18:00, 'sat': выходной, 'sun': выходной",58.227348,68.267321,"4,4",['8 (800) 555-55-50Показать телефон'],"['http://ok.ru/sberbank', 'https://vk.com/sberbank']",82,85,79,72,
2,1636765528,СберБанк,"30, 7-й микрорайон, Тобольск",www.sberbank.ru,"'mon': 10:00-19:00, 'tue': 10:00-19:00, 'wed': 10:00-19:00, 'thu': 10:00-19:00, 'fri': 10:00-19:00, 'sat': 10:00-19:00, 'sun': выходной",58.229599,68.273943,"4,3",['8 (800) 555-55-50Показать телефон'],"['http://ok.ru/sberbank', 'https://vk.com/sberbank']",80,78,72,62,
3,1160885585,СберБанк,"Октябрьская ул., 50, Тобольск",www.sberbank.ru,"'mon': 09:00-18:00, 'tue': 09:00-18:00, 'wed': 09:00-18:00, 'thu': 09:00-18:00, 'fri': 09:00-18:00, 'sat': 09:00-18:00, 'sun': выходной",58.209028,68.268746,"4,5",['8 (800) 555-55-50Показать телефон'],"['http://ok.ru/sberbank', 'https://vk.com/sberbank']",95,94,94,92,
4,1066989482,СберБанк,"Нагорная ул., 3, посёлок Сумкино",www.sberbank.ru,"'mon': выходной, 'tue': 08:30-12:00,13:00-16:00, 'wed': выходной, 'thu': выходной, 'fri': 08:30-12:00,13:00-16:00, 'sat': 08:30-12:00,13:00-15:00, 'sun': выходной",58.107184,68.321199,"3,7",['8 (800) 555-55-50Показать телефон'],"['http://ok.ru/sberbank', 'https://vk.com/sberbank']",,,,,
