,ID,name,address,website,opening_hours,lat,lon,rating,phone,social,Обслуживание,Персонал,Отношение к клиентам,Время ожидания,Ипотека,Кредит,Банкомат,Расположение,График работы,Ремонт
0,1548020347,СберБанк,"ул. Ленина, 381, Ставрополь",www.sberbank.ru,"'mon': 08:00-19:00, 'tue': 08:00-19:00, 'wed': 08:00-19:00, 'thu': 08:00-19:00, 'fri': 08:00-19:00, 'sat': 08:00-19:00, 'sun': 10:00-14:00",45.036164,41.933640,"4,8",['8 (800) 555-55-50Показать телефон'],"['http://ok.ru/sberbank', 'https://vk.com/sberbank']",78,79,77,68,56,60,95,90,92,
1,191067855708,СберБанк,"ул. Мира, 286, Ставрополь",www.sberbank.ru,"'mon': 08:30-19:00, 'tue': 08:30-19:00, 'wed': 08:30-19:00, 'thu': 08:30-19:00, 'fri': 08:30-19:00, 'sat': 08:30-19:00, 'sun': выходной",45.036828,41.966136,"4,7",['8 (800) 555-55-50Показать телефон'],"['https://ok.ru/sber', 'https://vk.com/sber']",83,84,79,73,,,68,100,,87
2,1124415763,СберБанк,"ул. Доваторцев, 13, Ставрополь",www.sberbank.ru,"'mon': 08:00-18:00, 'tue': 08:00-18:00, 'wed': 08:00-18:00, 'thu': 08:00-18:00, 'fri': 08:00-18:00, 'sat': 08:00-18:00, 'sun': выходной",45.023777,41.933742,"4,5",['8 (800) 555-55-50Показать телефон'],"['http://ok.ru/sberbank', 'https://vk.com/sberbank']",79,81,80,58,,,75,100,,
3,1098705252,СберБанк,"ул. Ленина, 415А, Ставрополь",www.sberbank.ru,"'mon': 09:00-18:30, 'tue': 09:00-18:30, 'wed': 09:00-18:30, 'thu': 09:00-18:30, 'fri': 09:00-18:30, 'sat': 09:00-18:30, 'sun': выходной",45.037083,41.922419,"4,7",['8 (800) 555-55-50Показать телефон'],"['http://ok.ru/sberbank', 'https://vk.com/sberbank']",75,77,70,71,,,,,,
4,1663426158,СберБанк,"ул. 50 лет ВЛКСМ, 2/5, Ставрополь",www.sberbank.ru,"'mon': 09:00-18:30, 'tue': 09:00-18:30, 'wed': 09:00-18:30, 'thu': 09:00-18:30, 'fri': 09:00-18:30, 'sat': 09:00-18:30, 'sun': выходной",45.018647,41.926345,"4,3",['8 (800) 555-55-50Показать телефон'],"['http://ok.ru/sberbank', 'https://vk.com/sber']",78,81,81,65,,,,92,,
5,1043452494,СберБанк,"ул. Доваторцев, 49Б, Ставрополь",www.sberbank.ru,"'mon': 09:00-18:00, 'tue': 09:00-18:00, 'wed': 09:00-18:00, 'thu': 09:00-18:00, 'fri': 09:00-18:00, 'sat': 09:00-18:00, 'sun': выходной",45.010464,41.928752,"4,5",['8 (800) 555-55-50Показать телефон'],"['http://ok.ru/sberbank', 'https://vk.com/sberbank']",82,87,79,72,,,,,,
6,1673989464,СберБанк,"ул. 50 лет ВЛКСМ, 109, Ставрополь",www.sberbank.ru,"'mon': 08:30-19:00, 'tue': 08:30-19:00, 'wed': 08:30-19:00, 'thu': 08:30-19:00, 'fri': 08:30-19:00, 'sat': 08:30-19:00, 'sun': 09:00-13:00",44.999354,41.919264,"4,6",['8 (800) 555-55-50Показать телефон'],"['http://ok.ru/sberbank', 'https://vk.com/sberbank']",80,79,80,66,,,68,95,70,
7,1551222679,СберБанк,"ул. Тухачевского, 26/2, Ставрополь",www.sberbank.ru,"'mon': 09:00-19:00, 'tue': 09:00-19:00, 'wed': 09:00-19:00, 'thu': 09:00-19:00, 'fri': 09:00-19:00, 'sat': 09:00-19:00, 'sun': выходной",45.015940,41.902820,"4,4",['8 (800) 555-55-50Показать телефон'],"['http://ok.ru/sberbank', 'https://vk.com/sberbank']",85,90,87,32,,,25,95,,
8,213237996464,СберБанк,"ул. Пирогова, 42/1, Ставрополь",www.sberbank.ru,"'mon': 08:30-17:30, 'tue': 08:30-17:30, 'wed': 08:30-17:30, 'thu': 08:30-17:30, 'fri': 08:30-17:30, 'sat': 08:30-17:30, 'sun': выходной",45.008206,41.913195,"4,7",['8 (800) 555-55-50Показать телефон'],"['http://ok.ru/sberbank', 'https://vk.com/sberbank']",75,80,73,59,,,100,100,64,
9,1056019355,СберБанк,"просп. Юности, 7Г, Ставрополь",www.sberbank.ru,"'mon': 08:30-18:30, 'tue': 08:30-18:30, 'wed': 08:30-18:30, 'thu': 08:30-18:30, 'fri': 08:30-18:30, 'sat': 08:30-18:30, 'sun': 09:00-12:00",45.060574,41.929968,"4,7",['8 (800) 555-55-50Показать телефон'],"['http://ok.ru/sberbank', 'https://vk.com/sberbank']",83,83,82,70,,,88,92,,
10,90922121884,СберБанк,"просп. Карла Маркса, 52, Ставрополь",www.sberbank.ru,"'mon': 08:30-18:30, 'tue': 08:30-18:30, 'wed': 08:30-18:30, 'thu': 08:30-18:30, 'fri': 08:30-18:30, 'sat': 08:30-18:30, 'sun': выходной",45.048955,41.983747,"4,4",['8 (800) 555-55-50Показать телефон'],"['http://ok.ru/sberbank', 'https://vk.com/sberbank']",72,77,72,65,,,,,,
11,1039165538,СберБанк,"площадь Ленина, 1, Ставрополь",www.sberbank.ru,"'mon': 08:15-12:00,13:00-17:00, 'tue': 08:15-12:00,13:00-17:00, 'wed': 08:15-12:00,13:00-17:00, 'thu': 08:15-12:00,13:00-17:00, 'fri': 08:15-12:00,13:00-17:00, 'sat': выходной, 'sun': выходной",45.043170,41.967960,"4,3",['8 (800) 555-55-50Показать телефон'],"['http://ok.ru/sberbank', 'https://vk.com/sberbank']",,,,,,,,,,
12,1053541612,СберБанк,"Октябрьская ул., 186/1, Ставрополь",www.sberbank.ru,"'mon': 08:30-18:00, 'tue': 08:30-18:00, 'wed': 08:30-18:00, 'thu': 08:30-18:00, 'fri': 08:30-18:00, 'sat': 08:30-18:00, 'sun': выходной",45.073324,41.940660,"4,4",['8 (800) 555-55-50Показать телефон'],"['http://ok.ru/sberbank', 'https://vk.com/sberbank']",80,82,79,62,,,13,100,,
13,140930424988,СберБанк,"пр. Черняховского, 8, Ленинский район, микрорайон № 9, Ставрополь",www.sberbank.ru,"'mon': 09:00-18:00, 'tue': 09:00-18:00, 'wed': 09:00-18:00, 'thu': 09:00-18:00, 'fri': 09:00-18:00, 'sat': 09:00-18:00, 'sun': выходной",45.028120,41.975086,"4,5",['8 (800) 555-55-50Показать телефон'],"['http://ok.ru/sberbank', 'https://vk.com/sberbank']",81,84,92,73,,,,,,
14,1059945412,СберБанк,"ул. Маяковского, 1, Ленинский район, микрорайон № 6, Ставрополь",www.sberbank.ru,"'mon': 09:00-18:00, 'tue': 09:00-18:00, 'wed': 09:00-18:00, 'thu': 09:00-18:00, 'fri': 09:00-18:00, 'sat': 09:00-18:00, 'sun': выходной",45.040544,41.985172,"4,5",['8 (800) 555-55-50Показать телефон'],"['http://ok.ru/sberbank', 'https://vk.com/sberbank']",72,76,71,68,,,88,90,,
15,1028204229,СберБанк,"ул. Бурмистрова, 65Б, Ставрополь",www.sberbank.ru,"'mon': 09:00-18:00, 'tue': 09:00-18:00, 'wed': 09:00-18:00, 'thu': 09:00-18:00, 'fri': 09:00-18:00, 'sat': выходной, 'sun': выходной",45.063311,41.981758,"4,8",['8 (800) 555-55-50Показать телефон'],"['http://ok.ru/sberbank', 'https://vk.com/sberbank']",89,88,88,65,,,75,90,,
16,1114956713,СберБанк,"ул. Ленина, 104, Ставрополь",www.sberbank.ru,"'mon': 09:00-17:30, 'tue': 09:00-17:30, 'wed': 09:00-17:30, 'thu': 09:00-17:30, 'fri': 09:00-17:30, 'sat': 09:00-17:30, 'sun': выходной",45.042265,41.994962,"4,5",['8 (800) 555-55-50Показать телефон'],"['http://ok.ru/sberbank', 'https://vk.com/sberbank']",87,88,83,68,,,,,,
17,1671846793,СберБанк,"ул. Серова, 472/1, Ставрополь",www.sberbank.ru,"'mon': 09:00-18:00, 'tue': 09:00-18:00, 'wed': 09:00-18:00, 'thu': 09:00-18:00, 'fri': 09:00-18:00, 'sat': 09:00-18:00, 'sun': выходной",45.033316,42.021118,"4,8",['8 (800) 555-55-50Показать телефон'],"['http://ok.ru/sberbank', 'https://vk.com/sberbank']",83,82,82,83,,,,,,
18,1196874648,СберБанк,"Вокзальная ул., 28, Ставрополь",www.sberbank.ru,"'mon': 08:30-17:30, 'tue': 08:30-17:30, 'wed': 08:30-17:30, 'thu': 08:30-17:30, 'fri': 08:30-17:30, 'sat': 08:30-17:30, 'sun': выходной",45.057222,41.997906,"4,4",['8 (800) 555-55-50Показать телефон'],"['http://ok.ru/sberbank', 'https://vk.com/sber']",82,79,78,72,,,10,,,
19,15896630637,СберБанк,"ул. Доваторцев, 49Б, Ставрополь",www.sberbank.ru,"'mon': 09:00-18:00, 'tue': 09:00-18:00, 'wed': 09:00-18:00, 'thu': 09:00-18:00, 'fri': 09:00-16:45, 'sat': выходной, 'sun': выходной",45.010479,41.928635,"4,2",['8 (800) 555-55-50Показать телефон'],"['http://ok.ru/sberbank', 'https://vk.com/sberbank']",,,,,,,,,,
20,1173987527,СберБанк,"ул. Ленина, 121, Михайловск",www.sberbank.ru,"'mon': 08:00-18:30, 'tue': 08:00-18:30, 'wed': 08:00-18:30, 'thu': 08:00-18:30, 'fri': 08:00-18:30, 'sat': 08:00-18:30, 'sun': 09:00-13:00",45.131473,42.026664,"4,6",['8 (800) 555-55-50Показать телефон'],"['https://ok.ru/sberbank', 'https://vk.com/sberbank']",75,79,77,51,,36,35,85,,
21,1778903138,СберБанк,"ул. Войкова, 391, Михайловск",www.sberbank.ru,"'mon': 08:30-17:30, 'tue': 08:30-17:30, 'wed': 08:30-17:30, 'thu': 08:30-17:30, 'fri': 08:30-17:30, 'sat': 08:30-17:30, 'sun': выходной",45.126873,42.032239,"4,7",['8 (800) 555-55-50Показать телефон'],"['http://ok.ru/sberbank', 'https://vk.com/sberbank']",90,93,90,76,,,80,80,,
22,1121451499,СберБанк,"ул. Ленина, 28, хутор Дёмино",www.sberbank.ru,"'mon': выходной, 'tue': 08:00-12:00,12:30-15:00, 'wed': 08:00-12:00,12:30-15:00, 'thu': 08:00-12:00,12:30-15:00, 'fri': 08:00-12:00,12:30-15:00, 'sat': 08:00-13:09, 'sun': выходной",44.983906,42.029630,"4,1",['8 (800) 555-55-50Показать телефон'],"['http://ok.ru/sberbank', 'https://vk.com/sberbank']",,,,,,,,,,
23,1011283768,СберБанк,"Казачья ул., 10, село Татарка",www.sberbank.ru,"'mon': выходной, 'tue': 08:30-12:00,12:30-15:30, 'wed': 08:30-12:00,12:30-15:30, 'thu': 08:30-12:00,12:30-15:30, 'fri': 08:30-12:00,12:30-15:30, 'sat': 08:30-13:39, 'sun': выходной",44.960822,41.945108,"4,0",['8 (800) 555-55-50Показать телефон'],"['http://ok.ru/sberbank', 'https://vk.com/sberbank']",,,,,,,,,,
