,ID,name,address,website,opening_hours,lat,lon,rating,phone,social,Персонал,Обслуживание,Отношение к клиентам
0,216564658115,СберБанк,"ул. Свердлова, 70, Кунгур",www.sberbank.ru,"'mon': 08:30-18:30, 'tue': 08:30-18:30, 'wed': 08:30-18:30, 'thu': 08:30-18:30, 'fri': 08:30-18:30, 'sat': 08:30-18:30, 'sun': выходной",57.431549,56.936560,"4,3",['8 (800) 555-55-50Показать телефон'],"['http://ok.ru/sberbank', 'https://t.me/sberbank', 'https://vk.com/sberbank']",83,81,85
1,59702236376,СберБанк,"ул. Свободы, 46, Кунгур",www.sberbank.ru,"'mon': выходной, 'tue': выходной, 'wed': выходной, 'thu': выходной, 'fri': выходной, 'sat': выходной, 'sun': выходной",57.427426,56.964267,"4,4",['8 (800) 555-55-50Показать телефон'],"['http://ok.ru/sberbank', 'https://vk.com/sberbank']",92,87,83
2,221198346784,СберБанк,"ул. Ленина, 7, село Моховое",www.sberbank.ru,"'mon': выходной, 'tue': 08:30-13:00,14:00-17:00, 'wed': 08:30-13:00,14:00-17:00, 'thu': 08:30-13:00,14:00-17:00, 'fri': 08:30-13:00,14:00-17:00, 'sat': 08:30-13:15, 'sun': выходной",57.458046,56.891816,"3,7",['8 (800) 555-55-50Показать телефон'],"['http://ok.ru/sberbank', 'https://vk.com/sberbank']",,,
3,1129738040,СберБанк,"Центральная ул., 1, село Плеханово",www.sberbank.ru,"'mon': выходной, 'tue': 09:00-12:00,12:45-17:00, 'wed': 09:00-12:00,12:45-17:00, 'thu': выходной, 'fri': 09:00-12:00,12:45-17:00, 'sat': 09:00-13:15, 'sun': выходной",57.479890,56.975459,"3,7",['8 (800) 555-55-50Показать телефон'],"['http://ok.ru/sberbank', 'https://vk.com/sberbank']",,,
4,185298565964,СберБанк,"ул. Ленина, 9, посёлок Комсомольский",www.sberbank.ru,"'mon': выходной, 'tue': 09:15-13:00,14:00-17:45, 'wed': 09:15-13:00,14:00-17:45, 'thu': 09:15-13:00,14:00-17:45, 'fri': 09:15-13:00,14:00-17:45, 'sat': 09:15-12:45, 'sun': выходной",57.461474,57.132053,"4,1",['8 (800) 555-55-50Показать телефон'],"['http://ok.ru/sberbank', 'https://vk.com/sberbank']",,,
5,120362693492,СберБанк,"Советская ул., 1, посёлок Шадейка",www.sberbank.ru,"'mon': выходной, 'tue': 09:00-13:00,14:00-17:30, 'wed': 09:00-13:00,14:00-17:30, 'thu': 09:00-13:00,14:00-17:30, 'fri': 09:00-13:00,14:00-17:30, 'sat': 09:00-13:00,13:15-17:30, 'sun': выходной",57.451272,56.795257,"4,1",['8 (800) 555-55-50Показать телефон'],"['http://ok.ru/sberbank', 'https://vk.com/sberbank']",,,
6,1130496460,СберБанк,"Парковая ул., 3, д. Тёплая",www.sberbank.ru,"'mon': выходной, 'tue': выходной, 'wed': выходной, 'thu': выходной, 'fri': выходной, 'sat': выходной, 'sun': выходной",57.338057,56.791393,"3,7",['8 (800) 555-55-50Показать телефон'],"['http://ok.ru/sberbank', 'https://vk.com/sberbank']",,,
7,1151857392,СберБанк,"Советская ул., 5, посёлок Голдыревский",www.sberbank.ru,"'mon': выходной, 'tue': 08:30-12:00,12:30-15:15, 'wed': выходной, 'thu': 08:30-12:00,12:30-15:15, 'fri': выходной, 'sat': 08:30-13:15, 'sun': выходной",57.261476,57.037882,"4,0",['8 (800) 555-55-50Показать телефон'],"['http://ok.ru/sberbank', 'https://vk.com/sberbank']",,,
