,ID,name,address,website,opening_hours,lat,lon,rating,phone,social,Обслуживание,Персонал,Отношение к клиентам,Время ожидания
0,55766531616,СберБанк,"Трактовая ул., 5А, село Яган-Докья",www.sberbank.ru,"'mon': выходной, 'tue': 08:45-13:00,14:00-16:15, 'wed': 08:45-13:00,14:00-16:15, 'thu': 08:45-13:00,14:00-16:15, 'fri': 08:15-13:00,14:00-15:45, 'sat': 08:15-13:24, 'sun': выходной",56.580957,53.223860,"4,0",['8 (800) 555-55-50Показать телефон'],"['http://ok.ru/sberbank', 'https://vk.com/sberbank']",,,,
1,1020783279,СберБанк,"ул. Ленина, 52, село Пугачёво",www.sberbank.ru,"'mon': выходной, 'tue': выходной, 'wed': выходной, 'thu': выходной, 'fri': выходной, 'sat': выходной, 'sun': выходной",56.594647,53.065119,"4,2",['8 (800) 555-55-50Показать телефон'],"['http://ok.ru/sberbank', 'https://vk.com/sberbank']",,,,
2,241438878494,СберБанк,"Пионерская ул., 43, село Малая Пурга",www.sberbank.ru,"'mon': 08:00-16:30, 'tue': 08:00-16:30, 'wed': 08:00-16:30, 'thu': 08:00-16:30, 'fri': 08:00-16:30, 'sat': 08:00-16:30, 'sun': выходной",56.555304,52.989409,"4,0",['8 (800) 555-55-50Показать телефон'],"['http://ok.ru/sberbank', 'https://vk.com/sberbank']",,,,
3,1092753653,СберБанк,"ул. Карла Маркса, 18, Агрыз",www.sberbank.ru,"'mon': 08:00-16:30, 'tue': 08:00-16:30, 'wed': 08:00-16:30, 'thu': 08:00-16:30, 'fri': 08:00-16:30, 'sat': 08:00-16:30, 'sun': выходной",56.525302,52.994727,"4,5",['8 (800) 555-55-50Показать телефон'],"['http://ok.ru/sberbank', 'https://vk.com/sberbank']",95,94,94,82
