,ID,name,address,website,opening_hours,lat,lon,rating,phone,social,Обслуживание,Персонал,Отношение к клиентам,Время ожидания,Банкомат,Расположение
0,1215899790,СберБанк,"ул. Ленина, 56, Уссурийск",www.sberbank.ru,"'mon': 08:30-18:30, 'tue': 08:30-18:30, 'wed': 08:30-18:30, 'thu': 08:30-18:30, 'fri': 08:30-18:30, 'sat': 08:30-18:30, 'sun': выходной",C43.79095,131.95717,"4,7",['8 (800) 555-55-50Показать телефон'],"['https://ok.ru/sber/', 'https://t.me/sberbank', 'https://vk.com/sberbank']",84,83,81,60,43,96
1,1052630657,СберБанк,"ул. Пушкина, 152, Уссурийск",www.sberbank.ru,"'mon': 09:00-18:00, 'tue': 09:00-18:00, 'wed': 09:00-18:00, 'thu': 09:00-18:00, 'fri': 09:00-18:00, 'sat': 09:00-18:00, 'sun': выходной",C43.80079,131.97699,"4,6",['8 (800) 555-55-50Показать телефон'],"['http://ok.ru/sberbank', 'https://vk.com/sberbank']",88,92,89,75,,93
2,89930660486,СберБанк,"ул. Горького, 47, Уссурийск",www.sberbank.ru,"'mon': 09:00-18:00, 'tue': 09:00-18:00, 'wed': 09:00-18:00, 'thu': 09:00-18:00, 'fri': 09:00-18:00, 'sat': 09:00-18:00, 'sun': выходной",C43.79802,131.94289,"4,7",['8 (800) 555-55-50Показать телефон'],"['http://ok.ru/sberbank', 'https://vk.com/sberbank']",90,91,93,56,28,
3,1132672721,СберБанк,"Октябрьская ул., 56, Уссурийск",www.sberbank.ru,"'mon': 08:30-18:30, 'tue': 08:30-18:30, 'wed': 08:30-18:30, 'thu': 08:30-18:30, 'fri': 08:30-18:30, 'sat': 08:30-18:30, 'sun': выходной",C43.79569,131.95366,"4,6",['8 (800) 555-55-50Показать телефон'],"['http://ok.ru/sberbank', 'https://vk.com/sberbank']",97,95,94,88,73,
4,119214625175,СберБанк,"Советская ул., 70, село Новоникольск",www.sberbank.ru,"'mon': 09:00-12:00,13:00-16:45, 'tue': 09:00-12:00,13:00-16:45, 'wed': 09:00-12:00,13:00-16:45, 'thu': 09:00-12:00,13:00-16:45, 'fri': 09:00-12:00,13:00-16:45, 'sat': выходной, 'sun': выходной",C43.84972,131.86593,"4,2",['8 (800) 555-55-50Показать телефон'],"['http://ok.ru/sberbank', 'https://vk.com/sberbank']",,,,,,
5,1117028851,СберБанк,"ул. Ленина, 3В, село Воздвиженка",www.sberbank.ru,"'mon': 09:00-13:00,14:00-16:45, 'tue': 09:00-13:00,14:00-16:45, 'wed': 09:00-13:00,14:00-16:45, 'thu': 09:00-13:00,14:00-16:45, 'fri': 09:00-13:00,14:00-16:45, 'sat': 09:00-13:00,14:00-16:45, 'sun': выходной",C43.91275,131.90622,"4,0",['8 (800) 555-55-50Показать телефон'],['https://vk.com/sberbank'],,,,,,
6,139733877172,СберБанк,"Красноармейская ул., 25, село Михайловка",www.sberbank.ru,"'mon': 08:30-16:30, 'tue': 08:30-16:30, 'wed': 08:30-16:30, 'thu': 08:30-16:30, 'fri': 08:30-16:30, 'sat': 08:30-16:30, 'sun': выходной",C43.92646,132.00564,"4,3",['8 (800) 555-55-50Показать телефон'],"['http://ok.ru/sberbank', 'https://vk.com/sberbank']",92,92,92,,,
