,ID,name,address,website,opening_hours,lat,lon,rating,phone,social,Обслуживание,Отношение к клиентам,Персонал,Время ожидания,Расположение,Банкомат,График работы
0,1076896687,СберБанк,"Санкт-Петербургский просп., 52, Петергоф",www.sberbank.ru,"'mon': выходной, 'tue': выходной, 'wed': выходной, 'thu': выходной, 'fri': выходной, 'sat': выходной, 'sun': выходной",59.880830,29.901930,"4,4",['8 (800) 555-55-50Показать телефон'],"['http://ok.ru/sberbank', 'https://vk.com/sberbank']",66,65,70,36,83,43,62
1,1062827979,СберБанк,"Чичеринская ул., 13, корп. 1, Петергоф",www.sberbank.ru,"'mon': 09:30-19:30, 'tue': 09:30-19:30, 'wed': 09:30-19:30, 'thu': 09:30-19:30, 'fri': 09:30-19:30, 'sat': 09:30-19:30, 'sun': выходной",59.874282,29.856604,"4,4",['8 (800) 555-55-50Показать телефон'],"['http://ok.ru/sberbank', 'https://vk.com/sberbank']",65,67,73,38,90,47,42
2,1059308364,СберБанк,"Центральная ул., 1, д. Низино",www.sberbank.ru,"'mon': выходной, 'tue': 08:45-13:00,13:45-16:45, 'wed': 08:45-13:00,13:45-16:45, 'thu': 08:45-13:00,13:45-16:45, 'fri': 08:45-13:00,13:45-16:45, 'sat': 08:45-13:00,13:45-16:45, 'sun': выходной",59.838358,29.878155,"4,0",['8 (800) 555-55-50Показать телефон'],"['http://ok.ru/sberbank', 'https://vk.com/sberbank']",,,,,,,
3,234477779028,СберБанк,"Михайловская ул., 40/7, Ломоносов",www.sberbank.ru,"'mon': 10:00-18:30, 'tue': 10:00-18:30, 'wed': 10:00-18:30, 'thu': 10:00-18:30, 'fri': 10:00-18:30, 'sat': 10:00-18:30, 'sun': выходной",59.902989,29.768391,"4,5",['8 (800) 555-55-50Показать телефон'],"['http://ok.ru/sberbank', 'https://vk.com/sberbank']",80,86,86,62,,42,
4,1066243300,СберБанк,"Санкт-Петербургское ш., 88, посёлок Стрельна",www.sberbank.ru,"'mon': 09:30-15:30, 'tue': 09:30-15:30, 'wed': 09:30-15:30, 'thu': 09:30-15:30, 'fri': 09:30-15:30, 'sat': 09:30-15:30, 'sun': выходной",59.852565,30.034111,"4,7",['8 (800) 555-55-50Показать телефон'],"['http://ok.ru/sberbank', 'https://vk.com/sberbank']",84,85,86,83,93,92,
5,1350979351,СберБанк,"Дворцовый просп., 22, Ломоносов",www.sberbank.ru,"'mon': 10:00-19:00, 'tue': 10:00-19:00, 'wed': 10:00-19:00, 'thu': 10:00-19:00, 'fri': 10:00-19:00, 'sat': 10:00-19:00, 'sun': выходной",59.915102,29.771211,"4,6",['8 (800) 555-55-50Показать телефон'],"['http://ok.ru/sberbank', 'https://t.me/sberbank', 'https://vk.com/sberbank']",81,82,84,65,82,55,
6,1063394802,СберБанк,"2, д. Горбунки",www.sberbank.ru,"'mon': выходной, 'tue': 09:00-13:00,14:00-17:15, 'wed': 09:00-13:00,14:00-17:15, 'thu': 09:00-13:00,14:00-17:15, 'fri': 09:00-13:00,14:00-17:15, 'sat': 09:00-13:00,14:00-17:15, 'sun': выходной",59.816102,29.987381,"2,3",['8 (800) 555-55-50Показать телефон'],"['http://ok.ru/sberbank', 'https://vk.com/sberbank']",36,40,50,5,,,6
