,ID,name,address,website,opening_hours,lat,lon,rating,phone,social,Обслуживание,Отношение к клиентам,Персонал,Время ожидания,Банкомат,Расположение
0,1118095127,СберБанк,"ул. Вайнера, 15, Первоуральск",www.sberbank.ru,"'mon': 09:00-18:00, 'tue': 09:00-18:00, 'wed': 09:00-18:00, 'thu': 09:00-18:00, 'fri': 09:00-18:00, 'sat': 09:00-18:00, 'sun': выходной",56.907284,59.961746,"4,3",['8 (800) 555-55-50Показать телефон'],"['http://ok.ru/sberbank', 'https://vk.com/sberbank']",75,77,83,57,58,
1,1702163789,СберБанк,"ул. Трубников, 54, Первоуральск",www.sberbank.ru,"'mon': 09:00-18:00, 'tue': 09:00-18:00, 'wed': 09:00-18:00, 'thu': 09:00-18:00, 'fri': 09:00-18:00, 'sat': 09:00-18:00, 'sun': выходной",56.899580,59.952778,"4,3",['8 (800) 555-55-50Показать телефон'],"['http://ok.ru/sberbank', 'https://vk.com/sberbank']",78,78,79,40,15,90
2,1069190717,СберБанк,"ул. Ватутина, 57, Первоуральск",www.sberbank.ru,"'mon': 09:00-19:00, 'tue': 09:00-19:00, 'wed': 09:00-19:00, 'thu': 09:00-19:00, 'fri': 09:00-19:00, 'sat': 09:00-19:00, 'sun': выходной",56.909014,59.942599,"4,5",['8 (800) 555-55-50Показать телефон'],"['https://ok.ru/sberbank', 'https://vk.com/sberbank']",76,77,83,45,,67
3,1214842938,СберБанк,"просп. Космонавтов, 17/18, Первоуральск",www.sberbank.ru,"'mon': выходной, 'tue': выходной, 'wed': выходной, 'thu': выходной, 'fri': выходной, 'sat': выходной, 'sun': выходной",56.910540,59.931629,"4,5",['8 (800) 555-55-50Показать телефон'],"['http://ok.ru/sberbank', 'https://vk.com/sberbank']",78,76,84,53,,92
4,1217412267,СберБанк,"Красноармейская ул., 58, посёлок Билимбай",www.sberbank.ru,"'mon': выходной, 'tue': 08:45-13:00,14:00-17:00, 'wed': 08:45-13:00,14:00-17:00, 'thu': 08:45-13:00,14:00-17:00, 'fri': 08:45-13:00,14:00-17:00, 'sat': 08:45-13:00, 'sun': выходной",56.953590,59.804864,"4,2",['8 (800) 555-55-50Показать телефон'],"['http://ok.ru/sberbank', 'https://vk.com/sberbank']",36,36,,,,
5,1062036578,СберБанк,"ул. Максима Горького, 21, Ревда",www.sberbank.ru,"'mon': 08:30-17:30, 'tue': 08:30-17:30, 'wed': 08:30-17:30, 'thu': 08:30-17:30, 'fri': 08:30-17:30, 'sat': 08:30-17:30, 'sun': выходной",56.799099,59.908249,"4,6",['8 (800) 555-55-50Показать телефон'],"['http://ok.ru/sberbank', 'https://vk.com/sberbank']",81,84,85,59,,
6,1007984413,СберБанк,"ул. Мира, 38А, Ревда",www.sberbank.ru,"'mon': 09:00-18:00, 'tue': 09:00-18:00, 'wed': 09:00-18:00, 'thu': 09:00-18:00, 'fri': 09:00-18:00, 'sat': 09:00-18:00, 'sun': выходной",56.796600,59.918878,"4,3",['8 (800) 555-55-50Показать телефон'],"['http://ok.ru/sberbank', 'https://vk.com/sberbank']",78,83,85,69,,
