,ID,name,address,website,opening_hours,lat,lon,rating,phone,social,Обслуживание,Отношение к клиентам,Персонал,Время ожидания,Ипотека,Кредит,Расположение,Банкомат,Ремонт,График работы
0,1209619935,СберБанк,"ул. Ленина, 72А, Пермь",www.sberbank.ru,"'mon': 09:00-19:30, 'tue': 09:00-19:30, 'wed': 09:00-19:30, 'thu': 09:00-19:30, 'fri': 09:00-19:30, 'sat': 09:00-19:30, 'sun': выходной",58.007987,56.221667,"4,4",['8 (800) 555-55-50Показать телефон'],"['https://ok.ru/sber/', 'https://vk.com/sberbank']",69,65,74,62,70,52,88,75,,
1,1250002800,СберБанк,"ул. Ленина, 32, Пермь",www.sberbank.ru,"'mon': 09:00-19:00, 'tue': 09:00-19:00, 'wed': 09:00-19:00, 'thu': 09:00-19:00, 'fri': 09:00-19:00, 'sat': 09:00-19:00, 'sun': выходной",58.013797,56.247811,"4,4",['8 (800) 555-55-50Показать телефон'],"['http://ok.ru/sberbank', 'https://vk.com/sberbank']",74,74,74,70,,,83,56,,
2,1148187598,СберБанк,"ул. Ленина, 49, Пермь",www.sberbank.ru,"'mon': 09:00-19:30, 'tue': выходной, 'wed': выходной, 'thu': 08:30-19:30, 'fri': 08:30-19:30, 'sat': 09:00-15:00, 'sun': выходной",58.011036,56.236448,"4,4",['8 (800) 555-55-50Показать телефон'],"['http://ok.ru/sberbank', 'https://vk.com/sberbank']",74,75,79,54,,,87,53,,
3,13103604717,СберБанк,"ул. Ленина, 75, Пермь",www.sberbank.ru,"'mon': 09:00-19:00, 'tue': 09:00-19:00, 'wed': 09:00-19:00, 'thu': 09:00-19:00, 'fri': 09:00-19:00, 'sat': 09:00-19:30, 'sun': выходной",58.005342,56.203048,"4,4",['8 (800) 555-55-50Показать телефон'],"['http://ok.ru/sberbank', 'https://vk.com/sberbank']",74,71,77,72,,,94,80,,
4,21843069949,СберБанк,"ул. Крупской, 41, Пермь",www.sberbank.ru,"'mon': 09:00-19:00, 'tue': 09:00-19:00, 'wed': 09:00-19:00, 'thu': 09:00-19:00, 'fri': 09:00-19:00, 'sat': 09:00-19:00, 'sun': выходной",58.014070,56.282331,"4,4",['8 (800) 555-55-50Показать телефон'],"['http://ok.ru/sberbank', 'https://vk.com/sberbank', 'https://youtube.com/sberbank']",77,76,81,79,,,93,73,,
5,1018479249,СберБанк,"1-я Красноармейская ул., 21, Пермь",www.sberbank.ru,"'mon': выходной, 'tue': выходной, 'wed': выходной, 'thu': выходной, 'fri': выходной, 'sat': выходной, 'sun': выходной",58.001795,56.262650,"4,3",['8 (800) 555-55-50Показать телефон'],"['http://ok.ru/sberbank', 'https://t.me/sberbank', 'https://vk.com/sberbank']",88,85,90,70,,,,60,,
6,1025212459,СберБанк,"ул. Юрия Смирнова, 2, Пермь",www.sberbank.ru,"'mon': 09:00-19:30, 'tue': 09:00-19:30, 'wed': 09:00-19:30, 'thu': 09:00-19:30, 'fri': 09:00-19:30, 'sat': 09:00-19:30, 'sun': выходной",57.993557,56.255321,"4,3",['8 (800) 555-55-50Показать телефон'],"['http://ok.ru/sberbank', 'https://vk.com/sberbank']",74,71,78,67,,,100,75,,
7,1104275089,СберБанк,"ул. Революции, 60/1, Пермь",www.sberbank.ru,"'mon': 10:00-19:00, 'tue': 10:00-19:00, 'wed': 10:00-19:00, 'thu': 10:00-19:00, 'fri': 10:00-19:00, 'sat': 10:00-19:00, 'sun': выходной",58.003265,56.236876,"4,3",['8 (800) 555-55-50Показать телефон'],"['http://ok.ru/sberbank', 'https://vk.com/sberbank']",76,79,85,43,,,,,,
8,1039017000,СберБанк,"Парковый просп., 36, Пермь",www.sberbank.ru,"'mon': 09:00-19:30, 'tue': 09:00-19:30, 'wed': 09:00-19:30, 'thu': 09:00-19:30, 'fri': 09:00-19:30, 'sat': 09:00-19:30, 'sun': выходной",57.998063,56.156389,"4,3",['8 (800) 555-55-50Показать телефон'],"['http://ok.ru/sberbank', 'https://vk.com/sberbank']",71,67,84,39,,,92,26,,
9,1161175576,СберБанк,"Комсомольский просп., 54, Пермь",www.sberbank.ru,"'mon': 10:00-19:00, 'tue': 10:00-19:00, 'wed': 10:00-19:00, 'thu': 10:00-19:00, 'fri': 10:00-19:00, 'sat': 10:00-19:00, 'sun': выходной",58.000759,56.250190,"4,3",['8 (800) 555-55-50Показать телефон'],"['http://ok.ru/sberbank', 'https://vk.com/sberbank']",81,86,86,78,,,92,,,
10,1147139328,СберБанк,"ул. Юрша, 100, Пермь",www.sberbank.ru,"'mon': 08:30-19:00, 'tue': 08:30-19:00, 'wed': 08:30-19:00, 'thu': 08:30-19:00, 'fri': 08:30-19:00, 'sat': 08:30-19:00, 'sun': выходной",58.001263,56.301957,"4,4",['8 (800) 555-55-50Показать телефон'],"['http://ok.ru/sberbank', 'https://t.me/sberbank', 'https://vk.com/sberbank']",78,83,81,56,,,85,39,67,
11,1136743916,СберБанк,"Уральская ул., 69/1, Пермь",www.sberbank.ru,"'mon': 09:00-18:30, 'tue': 09:00-18:30, 'wed': 09:00-18:30, 'thu': 09:00-18:30, 'fri': 09:00-18:30, 'sat': 09:00-18:30, 'sun': выходной",58.029244,56.299635,"4,3",['8 (800) 555-55-50Показать телефон'],"['http://ok.ru/sberbank', 'https://vk.com/sberbank']",77,78,83,57,,,100,27,,
12,1162294153,СберБанк,"бул. Гагарина, 60, Пермь",www.sberbank.ru,"'mon': 09:00-19:00, 'tue': 09:00-19:00, 'wed': 09:00-19:00, 'thu': 09:00-19:00, 'fri': 09:00-19:00, 'sat': 09:00-19:00, 'sun': выходной",58.000144,56.286314,"4,4",['8 (800) 555-55-50Показать телефон'],"['http://ok.ru/sberbank', 'https://vk.com/sberbank']",88,89,91,64,,,100,55,,
13,242400129067,СберБанк,"ул. Мира, 45, Пермь",www.sberbank.ru,"'mon': 09:00-18:00, 'tue': 09:00-18:00, 'wed': 09:00-18:00, 'thu': 09:00-18:00, 'fri': 09:00-18:00, 'sat': выходной, 'sun': выходной",57.976774,56.183226,"4,7",['8 (800) 555-55-50Показать телефон'],"['https://ok.ru/sberbank', 'https://vk.com/sberbank', 'https://youtube.com/sberbank']",62,58,69,48,45,,,,,
14,1246059373,СберБанк,"ул. Революции, 7, Пермь",www.sberbank.ru,"'mon': выходной, 'tue': выходной, 'wed': выходной, 'thu': выходной, 'fri': выходной, 'sat': выходной, 'sun': выходной",58.006279,56.270289,"4,3",['8 (800) 555-55-50Показать телефон'],"['https://ok.ru/sber/', 'https://vk.com/sberbank']",80,79,81,74,,,,27,,
15,134739859376,СберБанк,"ул. 1905 года, 2, Пермь",www.sberbank.ru,"'mon': 09:00-19:00, 'tue': 09:00-19:00, 'wed': 09:00-19:00, 'thu': 09:00-19:00, 'fri': 09:00-19:00, 'sat': 09:00-19:00, 'sun': выходной",58.037946,56.318565,"4,4",['8 (800) 555-55-50Показать телефон'],"['http://ok.ru/sberbank', 'https://vk.com/sberbank']",76,74,75,56,,,100,,,
16,1090013937,СберБанк,"ул. Луначарского, 105, Пермь",www.sberbank.ru,"'mon': выходной, 'tue': выходной, 'wed': выходной, 'thu': выходной, 'fri': выходной, 'sat': выходной, 'sun': выходной",58.002686,56.215849,"4,3",['8 (800) 555-55-50Показать телефон'],"['http://ok.ru/sberbank', 'https://vk.com/sberbank']",73,76,74,57,,,100,54,,
17,192370255185,СберБанк,"ул. Солдатова, 16, Пермь",www.sberbank.ru,"'mon': 09:00-19:30, 'tue': 09:00-19:30, 'wed': 09:00-19:30, 'thu': 09:00-19:30, 'fri': 09:00-19:30, 'sat': 09:00-19:30, 'sun': выходной",57.965094,56.224058,"4,4",['8 (800) 555-55-50Показать телефон'],"['http://ok.ru/sberbank', 'https://vk.com/sberbank']",77,75,83,54,,,100,64,,
18,1118152509,СберБанк,"ул. Тургенева, 25, Пермь",www.sberbank.ru,"'mon': 09:30-18:30, 'tue': 09:30-18:30, 'wed': 09:30-18:30, 'thu': 09:30-18:30, 'fri': 09:30-18:30, 'sat': 09:30-18:30, 'sun': выходной",58.016905,56.293578,"4,6",['8 (800) 555-55-50Показать телефон'],"['http://ok.ru/sberbank', 'https://vk.com/sberbank']",84,86,86,59,,,,,,
19,1071631302,СберБанк,"ул. Чкалова, 38А, Пермь",www.sberbank.ru,"'mon': 09:30-18:30, 'tue': 09:30-18:30, 'wed': 09:30-18:30, 'thu': 09:30-18:30, 'fri': 09:30-18:30, 'sat': 09:30-18:30, 'sun': выходной",57.985756,56.250800,"4,3",['8 (800) 555-55-50Показать телефон'],"['http://ok.ru/sberbank', 'https://vk.com/sberbank']",81,80,82,67,,,,38,,
20,1116055017,СберБанк,"ш. Космонавтов, 110, Пермь",www.sberbank.ru,"'mon': 09:00-19:00, 'tue': 09:00-19:00, 'wed': 09:00-19:00, 'thu': 09:00-19:00, 'fri': 09:00-19:00, 'sat': 09:00-19:00, 'sun': выходной",57.991380,56.196948,"4,4",['8 (800) 555-55-50Показать телефон'],"['http://ok.ru/sberbank', 'https://vk.com/sberbank']",84,81,87,52,,,,67,,
21,1191434503,СберБанк,"ул. Солдатова, 34, Пермь",www.sberbank.ru,"'mon': 09:30-19:00, 'tue': 09:30-19:00, 'wed': 09:30-19:00, 'thu': 09:30-19:00, 'fri': 09:30-19:00, 'sat': 09:30-19:00, 'sun': выходной",57.973187,56.236247,"4,4",['8 (800) 555-55-50Показать телефон'],"['http://ok.ru/sberbank', 'https://vk.com/sberbank']",68,71,73,42,,,75,32,,
22,1167886331,СберБанк,"ул. Мира, 6А, Пермь",www.sberbank.ru,"'mon': 10:00-19:00, 'tue': 10:00-19:00, 'wed': 10:00-19:00, 'thu': 10:00-19:00, 'fri': 10:00-19:00, 'sat': 10:00-19:00, 'sun': выходной",57.984761,56.207260,"4,3",['8 (800) 555-55-50Показать телефон'],"['http://ok.ru/sberbank', 'https://vk.com/sberbank']",88,85,92,64,,,93,55,,
23,1109198351,СберБанк,"ш. Космонавтов, 349, Пермь",www.sberbank.ru,"'mon': выходной, 'tue': выходной, 'wed': выходной, 'thu': выходной, 'fri': выходной, 'sat': выходной, 'sun': выходной",57.958200,56.130300,"4,4",['8 (800) 555-55-50Показать телефон'],"['https://ok.ru/sberbank', 'https://vk.com/sberbank']",78,82,85,73,,,75,,,
24,1026393651,СберБанк,"ул. Юрша, 62, Пермь",www.sberbank.ru,"'mon': 09:30-18:30, 'tue': 09:30-18:30, 'wed': 09:30-18:30, 'thu': 09:30-18:30, 'fri': 09:30-18:30, 'sat': 09:30-18:30, 'sun': выходной",58.008677,56.309661,"4,5",['8 (800) 555-55-50Показать телефон'],"['http://ok.ru/sberbank', 'https://vk.com/sberbank']",85,81,87,58,,,,47,,20
25,1203401899,СберБанк,"ул. Ивана Франко, 46, Пермь",www.sberbank.ru,"'mon': 08:30-18:30, 'tue': 08:30-18:30, 'wed': 08:30-18:30, 'thu': 08:30-18:30, 'fri': 08:30-18:30, 'sat': 08:30-18:30, 'sun': выходной",58.062155,56.359333,"4,5",['8 (800) 555-55-50Показать телефон'],"['http://ok.ru/sberbank', 'https://vk.com/sberbank']",90,93,95,65,,,91,,,
26,1148868446,СберБанк,"Краснополянская ул., 28, Пермь",www.sberbank.ru,"'mon': 09:30-19:00, 'tue': 09:30-19:00, 'wed': 09:30-19:00, 'thu': 09:30-19:00, 'fri': 09:30-19:00, 'sat': 09:30-19:00, 'sun': выходной",57.972358,56.275358,"4,5",['8 (800) 555-55-50Показать телефон'],"['http://ok.ru/sberbank', 'https://vk.com/sberbank']",86,83,87,83,,,100,,,
27,1049648858,СберБанк,"ул. Костычева, 42А, Пермь",www.sberbank.ru,"'mon': 09:30-18:30, 'tue': 09:30-18:30, 'wed': 09:30-18:30, 'thu': 09:30-18:30, 'fri': 09:30-18:30, 'sat': 09:30-18:30, 'sun': выходной",58.037127,56.133017,"4,6",['8 (800) 555-55-50Показать телефон'],"['http://ok.ru/sberbank', 'https://vk.com/sberbank']",83,87,88,78,,,100,67,,
28,1128759478,СберБанк,"Запорожская ул., 11А, Пермь",www.sberbank.ru,"'mon': 09:00-19:00, 'tue': 09:00-19:00, 'wed': 09:00-19:00, 'thu': 09:00-19:00, 'fri': 09:00-19:00, 'sat': 09:00-19:00, 'sun': выходной",57.982012,56.291822,"4,4",['8 (800) 555-55-50Показать телефон'],"['http://ok.ru/sberbank', 'https://t.me/sberbank', 'https://vk.com/sberbank']",77,78,84,38,,,90,32,,
29,1218958149,СберБанк,"ул. Адмирала Ушакова, 36, Пермь",www.sberbank.ru,"'mon': 09:00-19:00, 'tue': 09:00-19:00, 'wed': 09:00-19:00, 'thu': 09:00-19:00, 'fri': 09:00-19:00, 'sat': 09:00-19:00, 'sun': выходной",58.032319,56.014046,"4,5",['8 (800) 555-55-50Показать телефон'],"['http://ok.ru/sberbank', 'https://vk.com/sberbank']",82,83,85,53,,,92,,,
30,1039255393,СберБанк,"ул. Мира, 122/2, Пермь",www.sberbank.ru,"'mon': 09:00-19:00, 'tue': 09:00-19:00, 'wed': 09:00-19:00, 'thu': 09:00-19:00, 'fri': 09:00-19:00, 'sat': 09:00-19:00, 'sun': выходной",57.970548,56.158973,"4,4",['8 (800) 555-55-50Показать телефон'],"['http://ok.ru/sberbank', 'https://vk.com/sberbank']",81,83,86,72,,,,45,,
31,1090875470,СберБанк,"ул. Мильчакова, 19, Пермь",www.sberbank.ru,"'mon': 09:30-18:30, 'tue': 09:30-18:30, 'wed': 09:30-18:30, 'thu': 09:30-18:30, 'fri': 09:30-18:30, 'sat': 09:30-18:30, 'sun': выходной",57.993704,56.229729,"4,4",['8 (800) 555-55-50Показать телефон'],"['http://ok.ru/sberbank', 'https://vk.com/sberbank']",65,66,69,53,,,91,72,,45
32,1034709081,СберБанк,"просп. Декабристов, 22, Пермь",www.sberbank.ru,"'mon': 09:30-18:30, 'tue': 09:30-18:30, 'wed': 09:30-18:30, 'thu': 09:30-18:30, 'fri': 09:30-18:30, 'sat': 09:30-18:30, 'sun': выходной",57.977761,56.204390,"4,4",['8 (800) 555-55-50Показать телефон'],"['http://ok.ru/sberbank', 'https://vk.com/sberbank']",84,81,88,46,,,100,39,,
33,1700901824,СберБанк,"ул. Мира, 104, Пермь",www.sberbank.ru,"'mon': 09:00-19:00, 'tue': 09:00-19:00, 'wed': 09:00-19:00, 'thu': 09:00-19:00, 'fri': 09:00-19:00, 'sat': 09:00-15:00, 'sun': выходной",57.973564,56.169258,"4,4",['8 (800) 555-55-50Показать телефон'],['https://vk.com/sberbank'],87,88,87,67,,,,69,,
34,1059483968,СберБанк,"ул. Космонавта Леонова, 60, Пермь",www.sberbank.ru,"'mon': 09:00-19:00, 'tue': 09:00-19:00, 'wed': 09:00-19:00, 'thu': 09:00-19:00, 'fri': 09:00-19:00, 'sat': 09:00-19:00, 'sun': выходной",57.964164,56.177343,"4,5",['8 (800) 555-55-50Показать телефон'],"['http://ok.ru/sberbank', 'https://vk.com/sberbank']",80,80,84,79,,,100,65,,
35,29456485180,СберБанк,"просп. Декабристов, 2, Пермь",www.sberbank.ru,"'mon': 09:30-19:00, 'tue': 09:30-19:00, 'wed': 09:30-19:00, 'thu': 09:30-19:00, 'fri': 09:30-19:00, 'sat': 09:30-19:00, 'sun': выходной",57.980576,56.214425,"4,4",['8 (800) 555-55-50Показать телефон'],"['https://ok.ru/sberbank', 'https://vk.com/sberbank']",73,72,71,50,,,,25,,13
36,46664806127,СберБанк,"Ветлужская ул., 99, Пермь",www.sberbank.ru,"'mon': 09:00-19:00, 'tue': 09:00-19:00, 'wed': 09:00-19:00, 'thu': 09:00-19:00, 'fri': 09:00-19:00, 'sat': 09:00-19:00, 'sun': выходной",58.045079,56.087868,"4,7",['8 (800) 555-55-50Показать телефон'],"['http://ok.ru/sberbank', 'https://vk.com/sberbank']",81,82,87,57,,,100,61,,
37,1012983490,СберБанк,"ул. Вильямса, 14, Пермь",www.sberbank.ru,"'mon': 09:00-19:00, 'tue': 09:00-19:00, 'wed': 09:00-19:00, 'thu': 09:00-19:00, 'fri': 09:00-19:00, 'sat': 09:00-19:00, 'sun': выходной",58.103705,56.298967,"4,5",['8 (800) 555-55-50Показать телефон'],"['http://ok.ru/sberbank', 'https://vk.com/sberbank']",76,80,85,58,,,100,57,,
38,1037177070,СберБанк,"Парковый просп., 40А, Пермь",www.sberbank.ru,"'mon': 09:30-18:30, 'tue': 09:30-18:30, 'wed': 09:30-18:30, 'thu': 09:30-18:30, 'fri': 09:30-18:30, 'sat': 09:30-18:30, 'sun': выходной",57.997366,56.160630,"4,4",['8 (800) 555-55-50Показать телефон'],"['http://ok.ru/sberbank', 'https://vk.com/sberbank']",81,88,88,58,,,,,,
39,227619796481,СберБанк,"ул. Кабельщиков, 85, Пермь",www.sberbank.ru,"'mon': 09:30-19:30, 'tue': 09:30-19:30, 'wed': 09:30-19:30, 'thu': 09:30-19:30, 'fri': 09:30-19:30, 'sat': 09:30-19:30, 'sun': выходной",58.111257,56.289364,"4,4",['8 (800) 555-55-50Показать телефон'],"['http://ok.ru/sberbank', 'https://vk.com/sberbank']",86,84,89,69,,,,,,
40,202460852280,СберБанк,"Уссурийская ул., 13/1, Пермь",www.sberbank.ru,"'mon': 10:00-19:00, 'tue': 10:00-19:00, 'wed': 10:00-19:00, 'thu': 10:00-19:00, 'fri': 10:00-19:00, 'sat': 10:00-19:00, 'sun': выходной",58.088635,56.411846,"4,5",['8 (800) 555-55-50Показать телефон'],"['http://ok.ru/sberbank', 'https://vk.com/sberbank']",89,89,94,76,,,85,,,
41,4766342484,СберБанк,"ул. Садовое Кольцо, 14, д. Кондратово",www.sberbank.ru,"'mon': выходной, 'tue': 09:00-13:00,14:00-18:00, 'wed': 09:00-13:00,14:00-18:00, 'thu': 09:00-13:00,14:00-18:00, 'fri': 09:00-13:00,14:00-18:00, 'sat': 09:00-13:00,14:00-18:00, 'sun': выходной",57.974773,56.101801,"4,3",['8 (800) 555-55-50Показать телефон'],"['http://ok.ru/sberbank', 'https://vk.com/sberbank']",,,,,,,,,,
42,1027989898,СберБанк,"ул. Академика Веденеева, 51, Пермь",www.sberbank.ru,"'mon': 08:30-19:00, 'tue': 08:30-19:00, 'wed': 08:30-19:00, 'thu': 08:30-19:00, 'fri': 08:30-19:00, 'sat': 08:30-19:00, 'sun': выходной",58.107650,56.380522,"4,4",['8 (800) 555-55-50Показать телефон'],"['http://ok.ru/sberbank', 'https://vk.com/sberbank']",80,79,83,52,,,,47,,
43,96079752242,СберБанк,"ул. Маршала Рыбалко, 90, Пермь",www.sberbank.ru,"'mon': 09:00-19:00, 'tue': 09:00-19:00, 'wed': 09:00-19:00, 'thu': 09:00-19:00, 'fri': 09:00-19:00, 'sat': 09:00-19:00, 'sun': выходной",58.009712,55.965312,"4,5",['8 (800) 555-55-50Показать телефон'],"['http://ok.ru/sberbank', 'https://vk.com/sberbank']",77,86,84,67,,,,,,
44,44036978009,СберБанк,"ул. Маршала Рыбалко, 36, Пермь",www.sberbank.ru,"'mon': 09:00-19:30, 'tue': 09:00-19:30, 'wed': 09:00-19:30, 'thu': 09:00-19:30, 'fri': 09:00-19:30, 'sat': 09:00-19:30, 'sun': выходной",58.005746,55.952772,"4,6",['8 (800) 555-55-50Показать телефон'],"['http://ok.ru/sberbank', 'https://vk.com/sberbank']",81,88,86,66,,,100,80,,
45,1070577712,СберБанк,"Ласьвинская ул., 19, Пермь",www.sberbank.ru,"'mon': 09:00-19:00, 'tue': 09:00-19:00, 'wed': 09:00-19:00, 'thu': 09:00-19:00, 'fri': 09:00-19:00, 'sat': 09:00-19:00, 'sun': выходной",58.001886,55.944031,"4,5",['8 (800) 555-55-50Показать телефон'],"['http://ok.ru/sberbank', 'https://vk.com/sberbank']",79,84,85,56,,,,71,,
46,1776232354,СберБанк,"Социалистическая ул., 24, Пермь",www.sberbank.ru,"'mon': 10:00-19:00, 'tue': 10:00-19:00, 'wed': 10:00-19:00, 'thu': 10:00-19:00, 'fri': 10:00-19:00, 'sat': 10:00-19:00, 'sun': выходной",58.133026,56.393915,"4,3",['8 (800) 555-55-50Показать телефон'],"['http://ok.ru/sberbank', 'https://vk.com/sberbank']",72,68,73,58,,,,53,,
47,1062094807,СберБанк,"ул. Карпинского, 107, Пермь",www.sberbank.ru,"'mon': выходной, 'tue': выходной, 'wed': выходной, 'thu': выходной, 'fri': выходной, 'sat': выходной, 'sun': выходной",57.964607,56.199982,"4,1",['8 (800) 555-55-50Показать телефон'],"['https://ok.ru/sberbank', 'https://vk.com/sberbank']",60,63,65,64,,,,33,,
48,24576120515,СберБанк,"ул. Мира, 45, Пермь",www.sberbank.ru,"'mon': 09:00-19:00, 'tue': 09:00-19:00, 'wed': 09:00-19:00, 'thu': 09:00-19:00, 'fri': 09:00-19:00, 'sat': 09:00-19:00, 'sun': выходной",57.976787,56.183432,"4,3",['8 (800) 555-55-50Показать телефон'],['https://vk.com/sberbank'],,,,,,,,,,
49,1137227288,СберБанк,"ул. Александра Щербакова, 47А, Пермь",www.sberbank.ru,"'mon': 09:30-18:30, 'tue': 09:30-18:30, 'wed': 09:30-18:30, 'thu': 09:30-18:30, 'fri': 09:30-18:30, 'sat': 09:30-18:30, 'sun': выходной",58.126530,56.391971,"4,2",['8 (800) 555-55-50Показать телефон'],"['http://ok.ru/sberbank', 'https://vk.com/sberbank']",67,74,71,60,,,,,,
50,1228417353,СберБанк,"Мозырьская ул., 9А, Пермь",www.sberbank.ru,"'mon': 10:00-19:00, 'tue': 10:00-19:00, 'wed': 10:00-19:00, 'thu': 10:00-19:00, 'fri': 10:00-19:00, 'sat': 10:00-19:00, 'sun': выходной",58.146169,56.440682,"4,5",['8 (800) 555-55-50Показать телефон'],"['http://ok.ru/sberbank', 'https://vk.com/sberbank']",87,86,90,71,,,,,,
51,118167929340,СберБанк,"ул. Мира, 2, посёлок Новые Ляды, Пермь",www.sberbank.ru,"'mon': 09:00-18:00, 'tue': 09:00-18:00, 'wed': 09:00-18:00, 'thu': 09:00-18:00, 'fri': 09:00-18:00, 'sat': 09:00-18:00, 'sun': выходной",58.050241,56.588770,"4,1",['8 (800) 555-55-50Показать телефон'],"['http://ok.ru/sberbank', 'https://vk.com/sberbank']",81,78,80,,,,,,,
52,1006339812,СберБанк,"ул. Некрасова, 22, посёлок Ферма",www.sberbank.ru,"'mon': выходной, 'tue': 09:00-13:00,13:30-17:00, 'wed': 09:00-13:00,13:30-17:00, 'thu': 09:00-13:00,13:30-17:00, 'fri': 09:00-13:00,13:30-17:00, 'sat': 09:00-13:00,13:30-17:00, 'sun': выходной",57.899098,56.301650,"3,4",['8 (800) 555-55-50Показать телефон'],"['http://ok.ru/sberbank', 'https://vk.com/sberbank']",82,,,,,,,0,,5
53,72583024187,СберБанк,"ул. Генерала Панфилова, 14, Пермь",www.sberbank.ru,"'mon': 08:30-13:00,14:00-19:00, 'tue': 08:30-13:00,14:00-19:00, 'wed': выходной, 'thu': 08:30-13:00,14:00-19:00, 'fri': 08:30-13:00,14:00-19:00, 'sat': выходной, 'sun': выходной",58.026534,55.841640,"3,2",['8 (800) 555-55-50Показать телефон'],"['http://ok.ru/sberbank', 'https://vk.com/sberbank']",75,80,,,,,,,,10
54,1099315183,СберБанк,"ул. 50 лет Октября, 5, село Гамово",www.sberbank.ru,"'mon': выходной, 'tue': 08:45-14:00,14:45-17:00, 'wed': 08:45-14:00,14:45-17:00, 'thu': 08:45-14:00,14:45-17:00, 'fri': 08:45-14:00,14:45-17:00, 'sat': 08:45-14:00,14:45-17:00, 'sun': выходной",57.869499,56.100661,"3,5",['8 (800) 555-55-50Показать телефон'],"['http://ok.ru/sberbank', 'https://vk.com/sberbank']",,,,,,,,,,
55,4864016569,СберБанк,"Октябрьская ул., 43, село Нижние Муллы",www.sberbank.ru,"'mon': 08:30-13:00,13:45-16:45, 'tue': 08:30-13:00,13:45-16:45, 'wed': 08:30-13:00,13:45-16:45, 'thu': 08:30-13:00,13:45-16:45, 'fri': 08:30-13:00,13:45-16:45, 'sat': 08:30-13:15, 'sun': выходной",57.928199,55.876576,"4,1",['8 (800) 555-55-50Показать телефон'],"['http://ok.ru/sberbank', 'https://vk.com/sberbank']",,,,,,,,,,
56,1036539974,СберБанк,"ул. Строителей, 4, рабочий посёлок Оверята",www.sberbank.ru,"'mon': выходной, 'tue': выходной, 'wed': выходной, 'thu': выходной, 'fri': выходной, 'sat': выходной, 'sun': выходной",58.076116,55.871142,"4,2",['8 (800) 555-55-50Показать телефон'],"['http://ok.ru/sberbank', 'https://vk.com/sberbank']",,,,,,,,,,
