,ID,name,address,website,opening_hours,lat,lon,rating,phone,social,Обслуживание,Персонал,Отношение к клиентам,Время ожидания,Банкомат,Расположение,График работы,Кредит,Ипотека
0,47641268692,СберБанк,"ул. Шувалова, 22, корп. 1, Мурино",www.sberbank.ru,"'mon': 10:00-20:00, 'tue': 10:00-20:00, 'wed': 10:00-20:00, 'thu': 10:00-20:00, 'fri': 10:00-20:00, 'sat': 10:00-20:00, 'sun': 11:00-19:00",60.060289,30.431881,"4,6",['8 (800) 555-55-50Показать телефон'],['https://vk.com/sberbank'],69,71,69,46,11,87,17,,
1,110265406586,СберБанк,"Муринская дорога, 53, Санкт-Петербург",www.sberbank.ru,"'mon': 10:00-19:30, 'tue': 10:00-19:30, 'wed': 10:00-19:30, 'thu': 10:00-19:30, 'fri': 10:00-19:30, 'sat': 10:00-19:30, 'sun': выходной",60.032330,30.458442,"4,6",['8 (800) 555-55-50Показать телефон'],"['http://ok.ru/sberbank', 'https://vk.com/sberbank']",81,86,80,61,68,96,,,
2,186139030206,СберБанк,"просп. Авиаторов Балтики, 7, Мурино",www.sberbank.ru,"'mon': 10:00-20:00, 'tue': 10:00-20:00, 'wed': 10:00-20:00, 'thu': 10:00-20:00, 'fri': 10:00-20:00, 'sat': 10:00-20:00, 'sun': 11:00-16:00",60.052470,30.438872,"4,5",['8 (800) 555-55-50Показать телефон'],"['http://ok.ru/sberbank', 'https://vk.com/sberbank']",69,70,68,62,71,89,60,44,83
3,1073820680,СберБанк,"Гражданский просп., 117, корп. 1, Санкт-Петербург",www.sberbank.ru,"'mon': 10:00-20:00, 'tue': 10:00-20:00, 'wed': 10:00-20:00, 'thu': 10:00-20:00, 'fri': 10:00-20:00, 'sat': 10:00-20:00, 'sun': выходной",60.033514,30.419412,"4,4",['8 (800) 555-55-50Показать телефон'],"['https://ok.ru/sberbank', 'https://vk.com/sberbank']",75,77,72,49,60,100,83,,
4,61936429444,СберБанк,"Привокзальная площадь, 1А, корп. 1, Мурино",www.sberbank.ru,"'mon': 10:00-20:00, 'tue': 10:00-20:00, 'wed': 10:00-20:00, 'thu': 10:00-20:00, 'fri': 10:00-20:00, 'sat': 10:00-20:00, 'sun': выходной",60.050707,30.446057,"4,5",['8 (800) 555-55-50Показать телефон'],"['https://ok.ru/sberbank', 'https://vk.com/sberbank']",77,78,75,59,70,96,53,,
5,1125605053,СберБанк,"Озёрная ул., 4, д. Новое Девяткино",www.sberbank.ru,"'mon': 10:00-19:30, 'tue': 10:00-19:30, 'wed': 10:00-19:30, 'thu': 10:00-19:30, 'fri': 10:00-19:30, 'sat': 10:00-19:30, 'sun': выходной",60.056952,30.476770,"4,6",['8 (800) 555-55-50Показать телефон'],"['http://ok.ru/sberbank', 'https://t.me/sberbank', 'https://vk.com/sberbank']",91,92,91,64,71,80,,,
