,ID,name,address,website,opening_hours,lat,lon,rating,phone,social,Обслуживание,Отношение к клиентам,Персонал,Время ожидания,Расположение,Банкомат,Кредит,Ипотека,График работы
0,137711305370,СберБанк,"ул. Суворова, 81, Пенза",www.sberbank.ru,"'mon': 09:00-19:00, 'tue': 09:00-19:00, 'wed': 09:00-19:00, 'thu': 09:00-19:00, 'fri': 09:00-19:00, 'sat': 09:00-17:00, 'sun': 09:00-12:30",53.200609,45.010548,"4,8",['8 (800) 555-55-50Показать телефон'],"['https://ok.ru/sberbank', 'https://vk.com/sberbank']",75,72,76,71,92,80,17,33,
1,1056588162,СберБанк,"ул. Кураева, 1А, Пенза",www.sberbank.ru,"'mon': 09:00-18:00, 'tue': 09:00-18:00, 'wed': 09:00-18:00, 'thu': 09:00-18:00, 'fri': 09:00-18:00, 'sat': 09:00-18:00, 'sun': выходной",53.189235,45.016548,"4,7",['8 (800) 555-55-50Показать телефон'],"['https://ok.ru/sberbank', 'https://vk.com/sberbank']",82,73,80,76,86,84,,,
2,5666090490,СберБанк,"ул. Красная Горка, 36А, Пенза",www.sberbank.ru,"'mon': 09:00-18:00, 'tue': 09:00-18:00, 'wed': 09:00-18:00, 'thu': 09:00-18:00, 'fri': 09:00-18:00, 'sat': 09:00-14:30, 'sun': выходной",53.172713,45.010357,"4,6",['8 (800) 555-55-50Показать телефон'],"['http://ok.ru/sberbank', 'https://vk.com/sberbank', 'https://youtube.com/user/Sberbank']",79,80,83,64,74,75,,,
3,1028881724,СберБанк,"ул. Антонова, 9, Пенза",www.sberbank.ru,"'mon': 09:00-18:00, 'tue': 09:00-18:00, 'wed': 09:00-18:00, 'thu': 09:00-18:00, 'fri': 09:00-18:00, 'sat': 09:00-18:00, 'sun': выходной",53.184353,45.063833,"4,7",['8 (800) 555-55-50Показать телефон'],"['http://ok.ru/sberbank', 'https://vk.com/sberbank']",78,78,80,65,100,86,,,
4,1187696427,СберБанк,"ул. Суворова, 171, Пенза",www.sberbank.ru,"'mon': 09:00-18:00, 'tue': 09:00-18:00, 'wed': 09:00-18:00, 'thu': 09:00-18:00, 'fri': 09:00-18:00, 'sat': 09:00-18:00, 'sun': выходной",53.202154,44.995319,"4,7",['8 (800) 555-55-50Показать телефон'],"['http://ok.ru/sberbank', 'https://vk.com/sberbank']",79,75,76,74,100,71,,,
5,151674055405,СберБанк,"ул. Мира, 6, Пенза",www.sberbank.ru,"'mon': 09:00-18:00, 'tue': 09:00-18:00, 'wed': 09:00-18:00, 'thu': 09:00-18:00, 'fri': 09:00-18:00, 'sat': 09:00-18:00, 'sun': выходной",53.189800,44.982407,"4,7",['8 (800) 555-55-50Показать телефон'],"['http://ok.ru/sberbank', 'https://vk.com/sberbank']",81,81,88,77,,75,,,
6,1078330081,СберБанк,"ул. Клары Цеткин, 63, Пенза",www.sberbank.ru,"'mon': 09:00-18:00, 'tue': 09:00-18:00, 'wed': 09:00-18:00, 'thu': 09:00-18:00, 'fri': 09:00-18:00, 'sat': 09:00-18:00, 'sun': выходной",53.215602,45.049497,"4,7",['8 (800) 555-55-50Показать телефон'],"['http://ok.ru/sberbank', 'https://vk.com/sberbank', 'https://youtube.com/user/Sberbank']",89,86,91,62,,71,,,91
7,1076835176,СберБанк,"ул. Луначарского, 7Б, Пенза",www.sberbank.ru,"'mon': 09:00-17:30, 'tue': 09:00-17:30, 'wed': 09:00-17:30, 'thu': 09:00-17:30, 'fri': 09:00-17:30, 'sat': 09:00-17:30, 'sun': выходной",53.206988,45.009291,"4,7",['8 (800) 555-55-50Показать телефон'],"['http://ok.ru/sberbank', 'https://vk.com/sberbank']",85,86,92,74,94,77,,,
8,236335106256,СберБанк,"ул. Пушкина, 15, Пенза",www.sberbank.ru,"'mon': 09:00-18:00, 'tue': 09:00-18:00, 'wed': 09:00-18:00, 'thu': 09:00-18:00, 'fri': 09:00-18:00, 'sat': 09:00-18:00, 'sun': выходной",53.196727,45.005409,"4,5",['8 (800) 555-55-50Показать телефон'],"['http://ok.ru/sberbank', 'https://vk.com/sberbank']",72,73,75,45,92,16,,,
9,1111891121,СберБанк,"просп. Победы, 126, Пенза",www.sberbank.ru,"'mon': 09:00-18:00, 'tue': 09:00-18:00, 'wed': 09:00-18:00, 'thu': 09:00-18:00, 'fri': 09:00-18:00, 'sat': 09:00-18:00, 'sun': выходной",53.228217,44.935030,"4,7",['8 (800) 555-55-50Показать телефон'],"['http://ok.ru/sberbank', 'https://vk.com/sberbank', 'https://youtube.com/user/Sberbank']",80,78,87,79,100,80,,,
10,1099814912,СберБанк,"просп. Строителей, 122, Пенза",www.sberbank.ru,"'mon': 09:00-18:00, 'tue': 09:00-18:00, 'wed': 09:00-18:00, 'thu': 09:00-18:00, 'fri': 09:00-18:00, 'sat': 09:00-18:00, 'sun': выходной",53.221499,44.899432,"4,8",['8 (800) 555-55-50Показать телефон'],"['http://ok.ru/sberbank', 'https://vk.com/sberbank']",83,84,89,85,100,85,,,
11,1067240892,СберБанк,"ул. Кижеватова, 8, Пенза",www.sberbank.ru,"'mon': 09:00-18:30, 'tue': 09:00-18:30, 'wed': 09:00-18:30, 'thu': 09:00-18:30, 'fri': 09:00-18:30, 'sat': 09:00-18:30, 'sun': выходной",53.166068,44.979275,"4,6",['8 (800) 555-55-50Показать телефон'],"['http://ok.ru/sberbank', 'https://vk.com/sberbank']",83,85,86,60,,20,,,
12,1076232722,СберБанк,"ул. Аустрина, 152А, Пенза",www.sberbank.ru,"'mon': 09:00-18:00, 'tue': 09:00-18:00, 'wed': 09:00-18:00, 'thu': 09:00-18:00, 'fri': 09:00-18:00, 'sat': 09:00-18:00, 'sun': выходной",53.244527,45.014004,"4,8",['8 (800) 555-55-50Показать телефон'],"['http://ok.ru/sberbank', 'https://vk.com/sberbank']",91,92,94,65,86,74,,,
13,1084112273,СберБанк,"просп. Строителей, 40, Пенза",www.sberbank.ru,"'mon': 09:00-18:30, 'tue': 09:00-18:30, 'wed': 09:00-18:30, 'thu': 09:00-18:30, 'fri': 09:00-18:30, 'sat': 09:00-18:30, 'sun': выходной",53.221928,44.925991,"4,7",['8 (800) 555-55-50Показать телефон'],"['http://ok.ru/sberbank', 'https://vk.com/sberbank']",81,80,81,76,100,56,,,
14,1085688217,СберБанк,"ул. Гагарина, 9, Пенза",www.sberbank.ru,"'mon': 09:00-18:00, 'tue': 09:00-18:00, 'wed': 09:00-18:00, 'thu': 09:00-18:00, 'fri': 09:00-18:00, 'sat': 09:00-18:00, 'sun': выходной",53.222931,45.000144,"4,4",['8 (800) 555-55-50Показать телефон'],"['http://ok.ru/sberbank', 'https://vk.com/sberbank']",81,74,79,47,,,,,
15,41932516950,СберБанк,"Ново-Терновская ул., 1, село Засечное",www.sberbank.ru,"'mon': 09:00-18:00, 'tue': 09:00-18:00, 'wed': 09:00-18:00, 'thu': 09:00-18:00, 'fri': 09:00-18:00, 'sat': 09:00-18:00, 'sun': выходной",53.132224,45.022279,"4,9",['8 (800) 555-55-50Показать телефон'],"['http://ok.ru/sberbank', 'https://vk.com/sberbank']",85,86,84,91,,67,,,
16,91690939405,СберБанк,"ул. Карпинского, 37, Пенза",www.sberbank.ru,"'mon': 09:00-18:00, 'tue': 09:00-18:00, 'wed': 09:00-18:00, 'thu': 09:00-18:00, 'fri': 09:00-18:00, 'sat': 09:00-18:00, 'sun': выходной",53.210295,44.979672,"4,5",['8 (800) 555-55-50Показать телефон'],"['http://ok.ru/sberbank', 'https://vk.com/sberbank']",78,80,80,57,100,50,,,
17,76583007982,СберБанк,"ул. Терновского, 160Б, Пенза",www.sberbank.ru,"'mon': 09:00-18:00, 'tue': 09:00-18:00, 'wed': 09:00-18:00, 'thu': 09:00-18:00, 'fri': 09:00-18:00, 'sat': 09:00-18:00, 'sun': выходной",53.142335,45.023433,"4,6",['8 (800) 555-55-50Показать телефон'],"['http://ok.ru/sberbank', 'https://vk.com/sberbank']",79,79,84,71,100,70,,,
18,1713140640,СберБанк,"Коммунистическая ул., 36А, Пенза",www.sberbank.ru,"'mon': 09:00-19:00, 'tue': 09:00-19:00, 'wed': 09:00-19:00, 'thu': 09:00-19:00, 'fri': 09:00-19:00, 'sat': 09:00-19:00, 'sun': выходной",53.210049,44.991168,"4,1",['8 (800) 555-55-50Показать телефон'],"['http://ok.ru/sberbank', 'https://vk.com/sberbank']",,,,,,,,,
19,1098302711,СберБанк,"Коннозаводская ул., 25/1, Пенза",www.sberbank.ru,"'mon': 09:00-13:00,13:30-17:30, 'tue': 09:00-13:00,13:30-17:30, 'wed': 09:00-13:00,13:30-17:30, 'thu': 09:00-13:00,13:30-17:30, 'fri': 09:00-13:00,13:30-17:30, 'sat': 09:00-13:00,13:30-16:15, 'sun': выходной",53.172227,45.111408,"3,4",['8 (800) 555-55-50Показать телефон'],"['http://ok.ru/sberbank', 'https://vk.com/sberbank']",,,,,,,,,
20,1129848412,СберБанк,"Планетная ул., 1, Пенза",www.sberbank.ru,"'mon': 09:00-13:00,13:30-17:15, 'tue': 09:00-13:00,13:30-17:30, 'wed': 09:00-13:00,13:30-17:30, 'thu': 09:00-13:00,13:30-17:30, 'fri': 09:00-13:00,13:30-17:30, 'sat': 08:30-13:00,13:30-15:45, 'sun': выходной",53.175923,45.038101,"2,8",['8 (800) 555-55-50Показать телефон'],"['http://ok.ru/sberbank', 'https://vk.com/sberbank']",,,,,,,,,
21,1326857915,СберБанк,"Комсомольская ул., 1А, Заречный",www.sberbank.ru,"'mon': 09:00-18:00, 'tue': 09:00-18:00, 'wed': 09:00-18:00, 'thu': 09:00-18:00, 'fri': 09:00-18:00, 'sat': 09:00-18:00, 'sun': выходной",53.192426,45.178100,"4,5",['8 (800) 555-55-50Показать телефон'],"['http://ok.ru/sberbank', 'https://vk.com/sberbank']",84,88,87,73,,,,,
22,1092089447,СберБанк,"ул. Ленина, 65, Заречный",www.sberbank.ru,"'mon': 09:00-18:00, 'tue': 09:00-18:00, 'wed': 09:00-18:00, 'thu': 09:00-18:00, 'fri': 09:00-18:00, 'sat': 09:00-18:00, 'sun': выходной",53.202822,45.152175,"4,4",['8 (800) 555-55-50Показать телефон'],"['http://ok.ru/sberbank', 'https://vk.com/sberbank']",68,62,77,64,,,,,
23,3800859896,СберБанк,"Школьная ул., 48, железнодорожная станция Леонидовка",www.sberbank.ru,"'mon': 08:00-12:00,12:30-17:15, 'tue': 08:00-12:00,12:30-17:15, 'wed': 08:00-12:00,12:30-17:15, 'thu': 08:00-12:00,12:30-17:15, 'fri': 08:00-12:00,12:30-17:15, 'sat': выходной, 'sun': выходной",53.127452,45.228809,"3,9",['8 (800) 555-55-50Показать телефон'],"['https://ok.ru/sberbank', 'https://vk.com/sberbank']",,,,,,,,,
