,ID,name,address,website,opening_hours,lat,lon,rating,phone,social,Отношение к клиентам,Обслуживание,Персонал,Время ожидания,Банкомат,Расположение,График работы
0,1165016861,СберБанк,"ул. Селиванова, 2, Прокопьевск",www.sberbank.ru,"'mon': 09:00-17:30, 'tue': 09:00-17:30, 'wed': 09:00-17:30, 'thu': 09:00-17:30, 'fri': 09:00-17:30, 'sat': 09:00-17:30, 'sun': выходной",53.881924,86.750831,"4,4",['8 (800) 555-55-50Показать телефон'],"['http://ok.ru/sberbank', 'https://t.me/sberbank', 'https://vk.com/sberbank']",88,87,90,73,91,,
1,1194468036,СберБанк,"просп. Гагарина, 28, Прокопьевск",www.sberbank.ru,"'mon': 09:00-18:00, 'tue': 09:00-18:00, 'wed': 09:00-18:00, 'thu': 09:00-18:00, 'fri': 09:00-18:00, 'sat': 09:00-18:00, 'sun': выходной",53.872406,86.642437,"4,6",['8 (800) 555-55-50Показать телефон'],"['http://ok.ru/sberbank', 'https://vk.com/sberbank']",87,86,88,83,77,100,
2,1140137880,СберБанк,"просп. Гагарина, 3, Прокопьевск",www.sberbank.ru,"'mon': 09:00-17:30, 'tue': 09:00-17:30, 'wed': 09:00-17:30, 'thu': 09:00-17:30, 'fri': 09:00-17:30, 'sat': 09:00-17:30, 'sun': выходной",53.871803,86.656174,"4,4",['8 (800) 555-55-50Показать телефон'],"['http://ok.ru/sberbank', 'https://vk.com/sberbank']",85,82,81,68,71,,
3,1165868439,СберБанк,"просп. Строителей, 15А, Прокопьевск",www.sberbank.ru,"'mon': 08:30-18:30, 'tue': 08:30-18:30, 'wed': 08:30-18:30, 'thu': 08:30-18:30, 'fri': 08:30-18:30, 'sat': 08:30-18:30, 'sun': выходной",53.864734,86.625657,"4,6",['8 (800) 555-55-50Показать телефон'],"['http://ok.ru/sberbank', 'https://vk.com/sberbank']",83,85,89,76,73,,
4,1325576278,СберБанк,"ул. Кучина, 1А, Прокопьевск",www.sberbank.ru,"'mon': 09:00-17:30, 'tue': 09:00-17:30, 'wed': 09:00-17:30, 'thu': 09:00-17:30, 'fri': 09:00-17:30, 'sat': 09:00-17:30, 'sun': выходной",53.910792,86.789743,"4,4",['8 (800) 555-55-50Показать телефон'],"['http://ok.ru/sberbank', 'https://vk.com/sberbank']",76,78,83,80,,,
5,4432171923,СберБанк,"ул. Есенина, 102, Прокопьевск",www.sberbank.ru,"'mon': 09:00-17:30, 'tue': 09:00-17:30, 'wed': 09:00-17:30, 'thu': 09:00-17:30, 'fri': 09:00-17:30, 'sat': 09:00-17:30, 'sun': выходной",53.876552,86.610592,"4,5",['8 (800) 555-55-50Показать телефон'],"['http://ok.ru/sberbank', 'https://vk.com/sberbank']",,,,,,,
6,1268080222,СберБанк,"Союзная ул., 51, Прокопьевск",www.sberbank.ru,"'mon': 08:30-13:00,14:00-17:30, 'tue': 08:30-13:00,14:00-17:30, 'wed': 08:30-13:00,14:00-17:30, 'thu': 08:30-13:00,14:00-17:30, 'fri': 08:30-13:00,14:00-17:30, 'sat': 08:30-13:30, 'sun': выходной",53.946763,86.733140,"4,2",['8 (800) 555-55-50Показать телефон'],"['http://ok.ru/sberbank', 'https://vk.com/sberbank']",92,92,88,54,,,
7,1211891222,СберБанк,"Томская ул., 20/5, Киселёвск",www.sberbank.ru,"'mon': 09:00-17:30, 'tue': 09:00-17:30, 'wed': 09:00-17:30, 'thu': 09:00-17:30, 'fri': 09:00-17:30, 'sat': 09:00-17:30, 'sun': выходной",53.970608,86.721974,"4,6",['8 (800) 555-55-50Показать телефон'],"['http://ok.ru/sberbank', 'https://vk.com/sberbank']",84,86,89,,,,
8,1093002557,СберБанк,"Промышленная ул., 3, Киселёвск",www.sberbank.ru,"'mon': 09:00-17:30, 'tue': 09:00-17:30, 'wed': 09:00-17:30, 'thu': 09:00-17:30, 'fri': 09:00-17:30, 'sat': 09:00-17:30, 'sun': выходной",54.003352,86.631881,"4,1",['8 (800) 555-55-50Показать телефон'],"['http://ok.ru/sberbank', 'https://vk.com/sberbank', 'https://youtube.com/user/Sberbank']",75,85,86,67,,,
9,93836385383,СберБанк,"ул. 50 лет Города, 27А, Киселёвск",www.sberbank.ru,"'mon': 09:00-17:30, 'tue': 09:00-17:30, 'wed': 09:00-17:30, 'thu': 09:00-17:30, 'fri': 09:00-17:30, 'sat': 09:00-17:30, 'sun': выходной",53.999361,86.550340,"4,5",['8 (800) 555-55-50Показать телефон'],"['http://ok.ru/sberbank', 'https://vk.com/sberbank', 'https://youtube.com/user/Sberbank']",75,71,76,58,,,
10,1256302772,СберБанк,"Студенческая ул., 10, Киселёвск",www.sberbank.ru,"'mon': 09:00-18:00, 'tue': 09:00-18:00, 'wed': 09:00-18:00, 'thu': 09:00-18:00, 'fri': 09:00-18:00, 'sat': 09:00-18:00, 'sun': выходной",54.005538,86.706711,"4,4",['8 (800) 555-55-50Показать телефон'],"['http://ok.ru/sberbank', 'https://vk.com/sberbank']",85,81,83,,28,,0
11,1133758572,СберБанк,"Кубинская ул., 23А, посёлок городского типа Листвяги, Новокузнецк",www.sberbank.ru,"'mon': 09:30-13:00,14:00-16:45, 'tue': выходной, 'wed': 09:30-13:00,14:00-16:45, 'thu': выходной, 'fri': 09:30-13:00,14:00-16:45, 'sat': 09:30-13:00,14:00-16:45, 'sun': выходной",53.677183,86.961106,"3,7",['8 (800) 555-55-50Показать телефон'],"['http://ok.ru/sberbank', 'https://vk.com/sberbank']",,,,,,,
