,ID,name,address,website,opening_hours,lat,lon,rating,phone,social,Обслуживание,Отношение к клиентам,Персонал,Время ожидания,Банкомат,Расположение,Ремонт
0,1122945483,СберБанк,"просп. Александра Невского, 31, Петрозаводск",www.sberbank.ru,"'mon': 09:00-18:30, 'tue': 09:30-18:30, 'wed': 09:30-18:30, 'thu': 09:30-18:30, 'fri': выходной, 'sat': 10:00-15:00, 'sun': выходной",61.781494,34.384990,"4,4",['8 (800) 555-55-50Показать телефон'],"['http://ok.ru/sberbank', 'https://vk.com/sberbank']",88,86,91,71,82,73,
1,1088078205,СберБанк,"просп. Ленина, 10, Петрозаводск",www.sberbank.ru,"'mon': 10:00-18:30, 'tue': 10:00-18:30, 'wed': 10:00-18:30, 'thu': 10:00-18:30, 'fri': 10:00-18:30, 'sat': 10:00-18:30, 'sun': выходной",61.791831,34.368114,"4,4",['8 (800) 555-55-50Показать телефон'],"['https://ok.ru/sberbank', 'https://vk.com/sberbank']",88,84,85,77,,,
2,1006888060,СберБанк,"просп. Александра Невского, 73, Петрозаводск",www.sberbank.ru,"'mon': 10:00-20:00, 'tue': 09:00-20:00, 'wed': 09:00-20:00, 'thu': 09:00-20:00, 'fri': 09:00-20:00, 'sat': 09:00-20:00, 'sun': выходной",61.773671,34.360345,"4,5",['8 (800) 555-55-50Показать телефон'],['https://vk.com/sberbank'],82,75,80,65,27,,60
3,1030321872,СберБанк,"Красноармейская ул., 25, Петрозаводск",www.sberbank.ru,"'mon': 09:00-18:00, 'tue': 09:00-18:00, 'wed': 09:00-18:00, 'thu': 09:00-18:00, 'fri': 09:00-18:00, 'sat': 09:00-18:00, 'sun': выходной",61.781343,34.350463,"4,4",['8 (800) 555-55-50Показать телефон'],"['http://ok.ru/sberbank', 'https://vk.com/sberbank']",75,73,80,61,,100,
4,1116165030,СберБанк,"Лососинское ш., 26, Петрозаводск",www.sberbank.ru,"'mon': 09:00-19:00, 'tue': 09:00-19:00, 'wed': 09:00-19:00, 'thu': 09:00-19:00, 'fri': 09:00-19:00, 'sat': 09:00-19:00, 'sun': 10:00-14:00",61.765417,34.315202,"4,6",['8 (800) 555-55-50Показать телефон'],"['https://ok.ru/sberbank', 'https://vk.com/sberbank']",83,83,85,66,93,100,
5,1130619684,СберБанк,"ул. Чапаева, 44, Петрозаводск",www.sberbank.ru,"'mon': 09:30-18:00, 'tue': 09:30-18:00, 'wed': 09:30-18:00, 'thu': 09:30-18:00, 'fri': 09:30-18:00, 'sat': 09:30-18:00, 'sun': выходной",61.783483,34.322784,"4,5",['8 (800) 555-55-50Показать телефон'],"['http://ok.ru/sberbank', 'https://vk.com/sberbank']",76,76,80,70,,92,
6,1045797204,СберБанк,"Ключевая ул., 14, Петрозаводск",www.sberbank.ru,"'mon': 09:30-18:30, 'tue': 09:30-18:30, 'wed': 09:30-18:30, 'thu': 09:30-18:30, 'fri': 09:30-18:30, 'sat': 09:30-18:30, 'sun': выходной",61.759950,34.438693,"4,4",['8 (800) 555-55-50Показать телефон'],"['http://ok.ru/sberbank', 'https://vk.com/sberbank']",85,87,87,58,43,,
7,1040698426,СберБанк,"Первомайский просп., 30, Петрозаводск",www.sberbank.ru,"'mon': 09:30-18:30, 'tue': 09:30-18:30, 'wed': 09:30-18:30, 'thu': 09:30-18:30, 'fri': 09:30-18:30, 'sat': 09:30-18:30, 'sun': выходной",61.798549,34.330051,"4,4",['8 (800) 555-55-50Показать телефон'],"['http://ok.ru/sberbank', 'https://vk.com/sberbank']",74,73,78,63,,,91
8,1073357809,СберБанк,"ул. Антикайнена, 2, Петрозаводск",www.sberbank.ru,"'mon': 09:00-17:00, 'tue': 09:00-17:00, 'wed': 09:00-17:00, 'thu': 09:00-17:00, 'fri': 09:00-17:00, 'sat': 09:00-17:00, 'sun': выходной",61.781478,34.363831,"4,3",['8 (800) 555-55-50Показать телефон'],"['http://ok.ru/sberbank', 'https://vk.com/sberbank']",83,73,83,,,,
9,1055521505,СберБанк,"ул. Ровио, 15, Петрозаводск",www.sberbank.ru,"'mon': 09:00-18:00, 'tue': 09:00-18:00, 'wed': 09:00-18:00, 'thu': 09:00-18:00, 'fri': 09:00-18:00, 'sat': 09:00-18:00, 'sun': выходной",61.762135,34.369406,"4,4",['8 (800) 555-55-50Показать телефон'],"['http://ok.ru/sberbank', 'https://vk.com/sberbank']",81,81,84,76,58,100,
10,1068334133,СберБанк,"ул. Антикайнена, 2, Петрозаводск",www.sberbank.ru,"'mon': 09:00-17:00, 'tue': 09:00-17:00, 'wed': 09:00-17:00, 'thu': 09:00-17:00, 'fri': 09:00-17:00, 'sat': выходной, 'sun': выходной",61.781478,34.363832,"4,2",['8 (800) 555-55-50Показать телефон'],['https://vk.com/sberbank'],86,100,100,,,,
11,1072267225,СберБанк,"Октябрьский просп., 1, Петрозаводск",www.sberbank.ru,"'mon': 10:00-18:00, 'tue': 10:00-18:00, 'wed': 10:00-18:00, 'thu': 10:00-18:00, 'fri': 10:00-18:00, 'sat': 10:00-18:00, 'sun': выходной",61.796688,34.352760,"4,5",['8 (800) 555-55-50Показать телефон'],"['http://ok.ru/sberbank', 'https://vk.com/sberbank']",83,83,93,58,,,
12,1039396395,СберБанк,"ул. Мелентьевой, 28, Петрозаводск",www.sberbank.ru,"'mon': 09:30-18:30, 'tue': 09:30-18:30, 'wed': 09:30-18:30, 'thu': 09:30-18:30, 'fri': 09:30-18:30, 'sat': 09:30-18:30, 'sun': выходной",61.806766,34.322417,"4,5",['8 (800) 555-55-50Показать телефон'],"['http://ok.ru/sberbank', 'https://vk.com/sberbank']",86,88,89,73,,,
13,1089666498,СберБанк,"ул. Андропова, 4, Петрозаводск",www.sberbank.ru,"'mon': 09:00-17:00, 'tue': 09:00-17:00, 'wed': 09:00-17:00, 'thu': 09:00-17:00, 'fri': 09:00-17:00, 'sat': 09:00-17:00, 'sun': выходной",61.788760,34.366668,"4,0",['8 (800) 555-55-50Показать телефон'],"['http://ok.ru/sberbank', 'https://vk.com/sberbank']",,,,,,,
14,1011583168,СберБанк,"ул. Ровио, 18, Петрозаводск",www.sberbank.ru,"'mon': 10:00-18:00, 'tue': 10:00-18:00, 'wed': 10:00-18:00, 'thu': 10:00-18:00, 'fri': 10:00-18:00, 'sat': 10:00-18:00, 'sun': выходной",61.764497,34.372204,"4,5",['8 (800) 555-55-50Показать телефон'],"['http://ok.ru/sberbank', 'https://vk.com/sberbank']",88,88,91,62,,,
15,1054059335,СберБанк,"ул. Жуковского, 36, Петрозаводск",www.sberbank.ru,"'mon': 10:01-14:00,15:00-17:45, 'tue': 10:00-14:00,15:00-17:45, 'wed': 10:00-14:00,15:00-17:45, 'thu': 10:00-14:00,15:00-17:45, 'fri': 10:00-14:00,15:00-17:30, 'sat': 10:00-14:00,15:00-17:45, 'sun': выходной",61.809814,34.273971,"4,2",['8 (800) 555-55-50Показать телефон'],"['http://ok.ru/sberbank', 'https://vk.com/sberbank']",,,,,,,
16,1041122458,СберБанк,"Соломенская ул., 23А, Петрозаводск",www.sberbank.ru,"'mon': 10:00-13:00,13:45-17:45, 'tue': 10:00-13:00,13:45-17:45, 'wed': 10:00-13:00,13:45-17:45, 'thu': 10:00-13:00,13:45-17:45, 'fri': 10:00-13:00,13:45-17:30, 'sat': 10:00-13:00,13:45-17:45, 'sun': выходной",61.849547,34.337994,"4,1",['8 (800) 555-55-50Показать телефон'],"['http://ok.ru/sberbank', 'https://vk.com/sberbank']",,,,,,,
17,42163553234,СберБанк,"Школьная ул., 13, посёлок Шуя",www.sberbank.ru,"'mon': выходной, 'tue': выходной, 'wed': 09:00-13:00,13:45-18:00, 'thu': выходной, 'fri': выходной, 'sat': выходной, 'sun': выходной",61.902828,34.237355,"3,9",['8 (800) 555-55-50Показать телефон'],"['http://ok.ru/sberbank', 'https://vk.com/sberbank']",,,,,,,
18,1027747961,СберБанк,"Первомайская ул., 2А, посёлок Чална",www.sberbank.ru,"'mon': 09:30-13:00,14:00-16:15, 'tue': выходной, 'wed': выходной, 'thu': 09:30-13:00,14:00-16:15, 'fri': 09:30-13:00,14:00-16:15, 'sat': выходной, 'sun': выходной",61.884603,34.068616,"3,6",['8 (800) 555-55-50Показать телефон'],"['http://ok.ru/sberbank', 'https://vk.com/sberbank']",,,,,,,
