,ID,name,address,website,opening_hours,lat,lon,rating,phone,social,Обслуживание,Отношение к клиентам,Персонал,Время ожидания,Банкомат,Расположение,График работы,Ипотека,Ремонт,Кредит
0,1007816467,СберБанк,"ул. Чехова, 1, корп. 3, Пушкино",www.sberbank.ru,"'mon': 09:00-18:30, 'tue': 09:00-18:30, 'wed': 09:00-18:30, 'thu': 09:00-18:30, 'fri': 09:00-18:30, 'sat': 09:00-18:30, 'sun': выходной",56.008792,37.854188,"4,7",['8 (800) 555-55-50Показать телефон'],"['http://ok.ru/sberbank', 'https://vk.com/sberbank']",77,76,80,62,41,90,,,,
1,1392554061,СберБанк,"ул. Тургенева, 5, Пушкино",www.sberbank.ru,"'mon': 10:00-19:00, 'tue': 10:00-19:00, 'wed': 10:00-19:00, 'thu': 10:00-19:00, 'fri': 10:00-19:00, 'sat': 10:00-19:00, 'sun': выходной",56.012677,37.847783,"4,6",['8 (800) 555-55-50Показать телефон'],"['http://ok.ru/sberbank', 'https://vk.com/sberbank']",81,84,83,71,73,91,38,,,
2,1129812322,СберБанк,"Московский просп., 11А, Пушкино",www.sberbank.ru,"'mon': 09:00-18:00, 'tue': 09:00-18:00, 'wed': 09:00-18:00, 'thu': 09:00-18:00, 'fri': 09:00-18:00, 'sat': 09:00-18:00, 'sun': выходной",56.010892,37.848972,"4,7",['8 (800) 555-55-50Показать телефон'],"['https://ok.ru/sberbank', 'https://vk.com/sberbank']",79,80,84,60,50,67,,74,,
3,81518982420,СберБанк,"ул. Чехова, 33/9, Пушкино",www.sberbank.ru,"'mon': 09:00-18:30, 'tue': 09:00-18:30, 'wed': 09:00-18:30, 'thu': 09:00-18:30, 'fri': 09:00-18:30, 'sat': 09:00-18:30, 'sun': выходной",56.004289,37.846401,"4,7",['8 (800) 555-55-50Показать телефон'],"['http://ok.ru/sberbank', 'https://vk.com/sberbank']",80,81,81,63,40,94,,,92,
4,1129094066,СберБанк,"58, микрорайон Серебрянка, Пушкино",www.sberbank.ru,"'mon': 09:00-18:30, 'tue': 09:00-18:30, 'wed': 09:00-18:30, 'thu': 09:00-18:30, 'fri': 09:00-18:30, 'sat': 09:00-18:30, 'sun': выходной",56.005519,37.872685,"4,6",['8 (800) 555-55-50Показать телефон'],"['http://ok.ru/sberbank', 'https://vk.com/sberbank']",82,79,84,69,54,,,,,
5,1135349766,СберБанк,"ул. Островского, 20А, Пушкино",www.sberbank.ru,"'mon': 09:00-18:00, 'tue': 09:00-18:00, 'wed': 09:00-18:00, 'thu': 09:00-18:00, 'fri': 09:00-18:00, 'sat': 09:00-18:00, 'sun': выходной",56.014721,37.835650,"4,4",['8 (800) 555-55-50Показать телефон'],"['http://ok.ru/sberbank', 'https://vk.com/sberbank']",82,82,89,60,14,87,6,,,
6,1044542810,СберБанк,"Пушкинское ш., 1, Пушкино",www.sberbank.ru,"'mon': 09:00-18:00, 'tue': 09:00-18:00, 'wed': 09:00-18:00, 'thu': 09:00-18:00, 'fri': 09:00-18:00, 'sat': 09:00-18:00, 'sun': выходной",55.996272,37.863815,"4,5",['8 (800) 555-55-50Показать телефон'],"['http://ok.ru/sberbank', 'https://vk.com/sberbank']",81,85,85,63,29,80,,,,
7,1056708824,СберБанк,"Студенческий пр., 2, Ивантеевка",www.sberbank.ru,"'mon': 09:00-18:30, 'tue': 09:00-18:30, 'wed': 09:00-18:30, 'thu': 09:00-18:30, 'fri': 09:00-18:30, 'sat': 09:00-18:30, 'sun': выходной",55.977153,37.907103,"4,8",['8 (800) 555-55-50Показать телефон'],"['http://ok.ru/sberbank', 'https://vk.com/sberbank']",79,79,77,63,82,97,77,75,,75
8,1057437267,СберБанк,"Вокзальная ул., 14, микрорайон Заветы Ильича, Пушкино",www.sberbank.ru,"'mon': выходной, 'tue': 09:00-13:00,13:45-18:00, 'wed': 09:00-13:00,13:45-18:00, 'thu': 09:00-13:00,13:45-18:00, 'fri': 09:00-13:00,13:45-18:00, 'sat': 09:00-13:00,13:45-18:00, 'sun': выходной",56.043834,37.855033,"4,2",['8 (800) 555-55-50Показать телефон'],"['http://ok.ru/sberbank', 'https://vk.com/sberbank']",78,79,81,25,15,,0,,,
9,1026986685,СберБанк,"Степаньковское ш., 17, рабочий посёлок Правдинский",www.sberbank.ru,"'mon': 09:00-13:00,13:45-17:30, 'tue': 09:00-13:00,13:45-17:30, 'wed': 09:00-13:00,13:45-17:30, 'thu': 09:00-13:00,13:45-17:30, 'fri': 09:00-13:00,13:45-17:30, 'sat': 09:00-13:00,13:45-17:30, 'sun': выходной",56.061565,37.858788,"2,8",['8 (800) 555-55-50Показать телефон'],"['http://ok.ru/sberbank', 'https://t.me/sberbank', 'https://vk.com/sberbank']",59,60,74,26,14,,13,,,
10,1059341981,СберБанк,"ул. Толмачёва, 2, Ивантеевка",www.sberbank.ru,"'mon': 09:00-18:00, 'tue': 09:00-18:00, 'wed': 09:00-18:00, 'thu': 09:00-18:00, 'fri': 09:00-18:00, 'sat': 09:00-18:00, 'sun': выходной",55.966292,37.913774,"4,4",['8 (800) 555-55-50Показать телефон'],"['http://ok.ru/sberbank', 'https://vk.com/sberbank']",75,74,75,58,36,,14,,,
11,1153685529,СберБанк,"ул. Тихонравова, 36, микрорайон Юбилейный, Королёв",www.sberbank.ru,"'mon': 09:00-19:00, 'tue': 09:00-19:00, 'wed': 09:00-19:00, 'thu': 09:00-19:00, 'fri': 09:00-19:00, 'sat': 09:00-19:00, 'sun': выходной",55.936446,37.844746,"4,8",['8 (800) 555-55-50Показать телефон'],"['http://ok.ru/sberbank', 'https://t.me/sberbank', 'https://vk.com/sberbank']",84,85,86,66,41,88,31,,,
12,232963480833,СберБанк,"Хлебозаводская ул., 30, Ивантеевка",www.sberbank.ru,"'mon': 09:00-18:00, 'tue': 09:00-18:00, 'wed': 09:00-18:00, 'thu': 09:00-18:00, 'fri': 09:00-18:00, 'sat': 09:00-18:00, 'sun': выходной",55.971827,37.937528,"4,7",['8 (800) 555-55-50Показать телефон'],"['http://ok.ru/sberbank', 'https://vk.com/sberbank']",75,77,73,65,74,95,43,,,
13,1045546947,СберБанк,"просп. Космонавтов, 6А, Королёв",www.sberbank.ru,"'mon': 09:00-19:00, 'tue': 09:00-19:00, 'wed': 09:00-19:00, 'thu': 09:00-19:00, 'fri': 09:00-19:00, 'sat': 09:00-19:00, 'sun': выходной",55.919001,37.867452,"4,7",['8 (800) 555-55-50Показать телефон'],"['https://ok.ru/sberbank', 'https://vk.com/sberbank']",72,69,73,61,66,94,38,50,,35
14,1228327522,СберБанк,"Фабричная ул., 6, корп. 3, микрорайон Пироговский, Мытищи",www.sberbank.ru,"'mon': выходной, 'tue': 09:00-13:00,14:00-18:30, 'wed': 09:00-13:00,14:00-18:30, 'thu': 09:00-13:00,14:00-18:30, 'fri': 09:00-13:00,14:00-18:30, 'sat': 09:00-13:00,14:00-18:30, 'sun': выходной",55.980619,37.742367,"3,9",['8 (800) 555-55-50Показать телефон'],"['http://ok.ru/sberbank', 'https://vk.com/sberbank']",66,64,67,31,0,,,,,
15,1201572576,СберБанк,"просп. Королёва, 5Д, Королёв",www.sberbank.ru,"'mon': 09:30-18:30, 'tue': 09:30-18:30, 'wed': 09:30-18:30, 'thu': 09:30-18:30, 'fri': 09:30-18:30, 'sat': 09:00-15:00, 'sun': выходной",55.921815,37.843661,"4,4",['8 (800) 555-55-50Показать телефон'],"['https://ok.ru/sberbank', 'https://vk.com/sberbank']",72,69,73,58,47,95,,,,
16,1228254849,СберБанк,"ул. Грабина, 8Б, Королёв",www.sberbank.ru,"'mon': 09:30-18:30, 'tue': 09:30-18:30, 'wed': 09:30-18:30, 'thu': 09:30-18:30, 'fri': 09:30-18:30, 'sat': 09:30-18:30, 'sun': выходной",55.925770,37.820158,"4,6",['8 (800) 555-55-50Показать телефон'],"['http://ok.ru/sberbank', 'https://vk.com/sberbank']",81,80,81,66,47,92,,,,
17,1040448865,СберБанк,"Новомытищинский просп., 5, корп. 1, Мытищи",www.sberbank.ru,"'mon': 09:00-19:00, 'tue': 09:00-19:00, 'wed': 09:00-19:00, 'thu': 09:00-19:00, 'fri': 09:00-19:00, 'sat': 09:00-19:00, 'sun': выходной",55.915759,37.749699,"4,7",['8 (800) 555-55-50Показать телефон'],"['https://ok.ru/sber/', 'https://t.me/sberbank', 'https://vk.com/sberbank']",71,68,75,61,68,90,53,60,,44
18,1192524051,СберБанк,"ул. Гагарина, 12/14, Королёв",www.sberbank.ru,"'mon': 09:30-18:30, 'tue': 09:30-18:30, 'wed': 09:30-18:30, 'thu': 09:30-18:30, 'fri': 09:30-18:30, 'sat': 09:30-18:30, 'sun': выходной",55.917239,37.806045,"4,4",['8 (800) 555-55-50Показать телефон'],"['http://ok.ru/sberbank', 'https://t.me/sberbank', 'https://vk.com/sberbank']",74,76,81,59,20,95,10,,,
19,1088434062,СберБанк,"Комсомольская ул., 11, Щёлково",www.sberbank.ru,"'mon': 09:00-18:30, 'tue': 09:00-18:30, 'wed': 09:00-18:30, 'thu': 09:00-18:30, 'fri': 09:00-18:30, 'sat': 09:00-18:30, 'sun': выходной",55.928313,38.000919,"4,7",['8 (800) 555-55-50Показать телефон'],"['https://ok.ru/sberbank', 'https://vk.com/sberbank']",75,72,75,69,52,74,,71,12,59
20,1055110223,СберБанк,"Советская ул., 40, микрорайон Первомайский, Королёв",www.sberbank.ru,"'mon': выходной, 'tue': 09:00-18:30, 'wed': 09:00-18:30, 'thu': 09:00-18:30, 'fri': 09:00-18:30, 'sat': 09:00-18:30, 'sun': выходной",55.941568,37.866997,"4,7",['8 (800) 555-55-50Показать телефон'],"['http://ok.ru/sberbank', 'https://vk.com/sberbank']",86,87,87,72,27,100,,,90,
21,1015728560,СберБанк,"Олимпийский просп., 21, Мытищи",www.sberbank.ru,"'mon': 09:30-19:00, 'tue': 09:30-19:00, 'wed': 09:30-19:00, 'thu': 09:30-19:00, 'fri': 09:30-19:00, 'sat': 09:30-19:00, 'sun': выходной",55.924832,37.754737,"4,5",['8 (800) 555-55-50Показать телефон'],"['http://ok.ru/sberbank', 'https://t.me/sberbank', 'https://vk.com/sberbank']",72,70,72,60,58,93,,,,
22,1177691513,СберБанк,"Юбилейная ул., 3, корп. 1, Мытищи",www.sberbank.ru,"'mon': 09:00-19:00, 'tue': 09:00-19:00, 'wed': 09:00-19:00, 'thu': 09:00-19:00, 'fri': 09:00-19:00, 'sat': 09:00-19:00, 'sun': выходной",55.915079,37.722587,"4,7",['8 (800) 555-55-50Показать телефон'],"['http://ok.ru/sberbank', 'https://vk.com/sberbank']",80,79,85,62,40,89,18,,78,
23,1014122716,СберБанк,"ул. Гагарина, 1, рабочий посёлок Лесной",www.sberbank.ru,"'mon': выходной, 'tue': 09:00-13:00,14:00-18:30, 'wed': 09:00-13:00,14:00-18:30, 'thu': 09:00-13:00,14:00-18:30, 'fri': 09:00-13:00,14:00-18:30, 'sat': 09:00-13:00,14:00-18:30, 'sun': выходной",56.080322,37.928048,"4,3",['8 (800) 555-55-50Показать телефон'],"['http://ok.ru/sberbank', 'https://vk.com/sberbank']",89,95,95,44,14,,17,,,
24,1067539093,СберБанк,"ул. Ленина, 7, посёлок Лесные Поляны",www.sberbank.ru,"'mon': выходной, 'tue': выходной, 'wed': 09:00-13:00,13:45-18:00, 'thu': выходной, 'fri': выходной, 'sat': 09:00-13:00,13:45-18:00, 'sun': выходной",55.958850,37.862093,"2,8",['8 (800) 555-55-50Показать телефон'],"['http://ok.ru/sberbank', 'https://vk.com/sberbank']",,,,,,,,,,
