,ID,name,address,website,opening_hours,lat,lon,rating,phone,social,Обслуживание,Персонал,Отношение к клиентам,Время ожидания,Банкомат,Расположение
0,1101217391,СберБанк,"ул. Яна Фабрициуса, 10, Псков",www.sberbank.ru,"'mon': 09:00-18:00, 'tue': 09:00-18:00, 'wed': 09:00-18:00, 'thu': 09:00-18:00, 'fri': 09:00-18:00, 'sat': выходной, 'sun': выходной",57.807228,28.345967,"4,6",['8 (800) 555-55-50Показать телефон'],"['http://ok.ru/sberbank', 'https://vk.com/sberbank']",84,87,88,69,75,100
1,1079345204,Сбер,"Рижский просп., 29/31, Псков",www.sberbank.ru,"'mon': 08:30-19:00, 'tue': 08:30-19:00, 'wed': 08:30-19:00, 'thu': 08:30-19:00, 'fri': 08:30-19:00, 'sat': 08:30-19:00, 'sun': 09:30-14:30",57.817599,28.306410,"4,7",['8 (800) 555-55-50Показать телефон'],"['http://ok.ru/sberbank', 'https://vk.com/sberbank']",80,80,79,71,86,92
2,1083360811,СберБанк,"Октябрьский просп., 14, Псков",www.sberbank.ru,"'mon': 09:00-18:00, 'tue': 09:00-18:00, 'wed': 09:00-18:00, 'thu': 09:00-18:00, 'fri': 09:00-18:00, 'sat': 09:00-18:00, 'sun': выходной",57.816017,28.337055,"4,3",['8 (800) 555-55-50Показать телефон'],"['http://ok.ru/sberbank', 'https://vk.com/sberbank']",80,81,77,74,62,100
3,1263661105,СберБанк,"ул. Труда, 50, Псков",www.sberbank.ru,"'mon': 09:00-18:30, 'tue': 09:00-18:30, 'wed': 09:00-18:30, 'thu': 09:00-18:30, 'fri': 09:00-18:30, 'sat': 09:00-18:30, 'sun': выходной",57.838599,28.348159,"4,6",['8 (800) 555-55-50Показать телефон'],"['http://ok.ru/sberbank', 'https://vk.com/sberbank']",91,94,97,76,68,100
4,10843041348,СберБанк,"Коммунальная ул., 41, Псков",www.sberbank.ru,"'mon': 09:00-19:30, 'tue': 09:00-19:30, 'wed': 09:00-19:30, 'thu': 09:00-19:30, 'fri': 09:00-19:30, 'sat': 09:00-19:30, 'sun': выходной",57.820158,28.289563,"4,4",['8 (800) 555-55-50Показать телефон'],"['http://ok.ru/sberbank', 'https://vk.com/sberbank']",72,72,69,68,,
5,1051109441,СберБанк,"ул. Алтаева, 11, Псков",www.sberbank.ru,"'mon': 09:00-18:00, 'tue': 09:00-18:00, 'wed': 09:00-18:00, 'thu': 09:00-18:00, 'fri': 09:00-18:00, 'sat': 09:00-18:00, 'sun': выходной",57.830307,28.358807,"4,4",['8 (800) 555-55-50Показать телефон'],"['http://ok.ru/sberbank', 'https://vk.com/sberbank']",90,93,91,79,,
6,38780377717,СберБанк,"ул. Рокоссовского, 36А, Псков",www.sberbank.ru,"'mon': 09:00-19:00, 'tue': 09:00-19:00, 'wed': 09:00-19:00, 'thu': 09:00-19:00, 'fri': 09:00-19:00, 'sat': 09:00-19:00, 'sun': выходной",57.815238,28.271394,"4,4",['8 (800) 555-55-50Показать телефон'],"['http://ok.ru/sberbank', 'https://vk.com/sberbank']",87,84,85,75,69,92
7,1081101968,СберБанк,"ул. Николая Васильева, 65, Псков",www.sberbank.ru,"'mon': выходной, 'tue': 09:00-13:00,13:30-18:00, 'wed': 09:00-13:00,13:30-18:00, 'thu': 09:00-13:00,13:30-18:00, 'fri': 09:00-13:00,13:30-18:00, 'sat': 09:00-13:00,13:30-18:00, 'sun': выходной",57.822385,28.396339,"3,6",['8 (800) 555-55-50Показать телефон'],"['http://ok.ru/sberbank', 'https://vk.com/sberbank']",,,,,,
