,ID,name,address,website,opening_hours,lat,lon,rating,phone,social,Обслуживание,Персонал,Отношение к клиентам,Время ожидания,Банкомат,Расположение,Кредит,График работы,Ипотека,Ремонт
0,1056997351,СберБанк,"Молодёжная ул., 21, Одинцово",www.sberbank.ru,"'mon': 09:00-19:00, 'tue': 09:00-19:00, 'wed': 09:00-19:00, 'thu': 09:00-19:00, 'fri': 09:00-19:00, 'sat': 09:00-19:00, 'sun': выходной",55.678324,37.271325,"4,8",['8 (800) 555-55-50Показать телефон'],"['https://ok.ru/sberbank', 'https://vk.com/sberbank']",75,79,74,69,72,79,44,75,,
1,187180115753,СберБанк,"Можайское ш., 71, Одинцово",www.sberbank.ru,"'mon': 10:00-18:30, 'tue': 10:00-18:30, 'wed': 10:00-18:30, 'thu': 10:00-18:30, 'fri': 10:00-18:30, 'sat': 10:00-18:30, 'sun': выходной",55.677639,37.280365,"4,5",['8 (800) 555-55-50Показать телефон'],"['http://ok.ru/sberbank', 'https://vk.com/sberbank']",75,78,79,61,77,100,,,,
2,1136333530,СберБанк,"Вокзальная ул., 2, Одинцово",www.sberbank.ru,"'mon': 08:30-19:30, 'tue': 08:30-19:30, 'wed': 08:30-19:30, 'thu': 08:30-19:30, 'fri': 08:30-19:30, 'sat': 08:30-19:30, 'sun': выходной",55.672671,37.281926,"4,5",['8 (800) 555-55-50Показать телефон'],"['https://ok.ru/sberbank', 'https://vk.com/sberbank']",76,78,76,43,33,88,,17,,
3,1073746907,СберБанк,"ул. Чикина, 12, Одинцово",www.sberbank.ru,"'mon': 09:00-18:00, 'tue': 09:00-18:00, 'wed': 09:00-18:00, 'thu': 09:00-18:00, 'fri': 09:00-18:00, 'sat': 09:00-18:00, 'sun': выходной",55.686829,37.290546,"4,5",['8 (800) 555-55-50Показать телефон'],"['http://ok.ru/sberbank', 'https://vk.com/sberbank']",74,73,69,56,39,83,67,56,60,
4,1089856893,СберБанк,"бул. Любы Новосёловой, 18, Одинцово",www.sberbank.ru,"'mon': 09:30-18:00, 'tue': 09:30-18:00, 'wed': 09:30-18:00, 'thu': 09:30-18:00, 'fri': 09:30-18:00, 'sat': 09:30-18:00, 'sun': выходной",55.675529,37.259652,"4,6",['8 (800) 555-55-50Показать телефон'],"['https://ok.ru/sberbank', 'https://vk.com/sberbank']",70,71,71,51,40,94,,50,,81
5,1258301698,СберБанк,"ул. Маковского, 16, Одинцово",www.sberbank.ru,"'mon': 10:00-19:00, 'tue': 10:00-19:00, 'wed': 10:00-19:00, 'thu': 10:00-19:00, 'fri': 10:00-19:00, 'sat': 10:00-19:00, 'sun': выходной",55.664822,37.282793,"4,6",['8 (800) 555-55-50Показать телефон'],"['http://ok.ru/sberbank', 'https://vk.com/sberbank']",81,85,82,63,57,84,,63,,
6,1151313508,СберБанк,"Можайское ш., 112А, Одинцово",www.sberbank.ru,"'mon': выходной, 'tue': 10:00-19:00, 'wed': 10:00-19:00, 'thu': 10:00-19:00, 'fri': 10:00-19:00, 'sat': 10:00-19:00, 'sun': выходной",55.685148,37.302848,"4,3",['8 (800) 555-55-50Показать телефон'],"['https://ok.ru/sberbank', 'https://vk.com/sberbank']",69,78,74,47,32,,,45,,
7,1150331545,СберБанк,"Трёхгорная ул., 4, посёлок Трёхгорка",www.sberbank.ru,"'mon': 09:30-18:00, 'tue': 09:30-18:00, 'wed': 09:30-18:00, 'thu': 09:30-18:00, 'fri': 09:30-18:00, 'sat': 09:30-18:00, 'sun': выходной",55.695961,37.335681,"4,4",['8 (800) 555-55-50Показать телефон'],"['http://ok.ru/sberbank', 'https://vk.com/sberbank']",78,86,75,58,31,90,,13,,
8,1038153042,СберБанк,"ул. Скульптора Мухиной, 10, корп. 1, Москва",www.sberbank.ru,"'mon': 08:30-19:30, 'tue': 08:30-19:30, 'wed': 08:30-19:30, 'thu': 08:30-19:30, 'fri': 08:30-19:30, 'sat': 08:30-19:30, 'sun': выходной",55.640194,37.342261,"4,8",['8 (800) 555-55-50Показать телефон'],"['http://ok.ru/sberbank', 'https://vk.com/sberbank']",87,89,90,78,66,93,,82,,
9,157502512585,СберБанк,"Москва, поселение Внуковское, улица Лётчика Ульянина, 5",www.sberbank.ru,"'mon': 10:00-19:30, 'tue': 10:00-19:30, 'wed': 10:00-19:30, 'thu': 10:00-19:30, 'fri': 10:00-19:30, 'sat': 10:00-19:30, 'sun': выходной",55.625955,37.306785,"4,8",['8 (800) 555-55-50Показать телефон'],"['https://ok.ru/sberbank', 'https://vk.com/sberbank']",69,74,72,56,79,,,,,
10,1046275670,СберБанк,"ул. Федосьино, 4, корп. 1, Москва",www.sberbank.ru,"'mon': 09:00-19:30, 'tue': 09:00-19:30, 'wed': 09:00-19:30, 'thu': 09:00-19:30, 'fri': 09:00-19:30, 'sat': 09:00-19:30, 'sun': выходной",55.635210,37.343036,"4,6",['8 (800) 555-55-50Показать телефон'],"['https://ok.ru/sberbank', 'https://t.me/Sber_Business_Live_bot', 'https://vk.com/careersber']",75,79,73,74,94,91,,62,,
11,88737904817,СберБанк,"Солнцевский просп., 2, Москва",www.sberbank.ru,"'mon': 08:30-19:30, 'tue': 08:30-19:30, 'wed': 08:30-19:30, 'thu': 08:30-19:30, 'fri': 08:30-19:30, 'sat': 08:30-19:30, 'sun': выходной",55.652579,37.396844,"4,6",['8 (800) 555-55-50Показать телефон'],"['https://ok.ru/sberbank', 'https://vk.com/sberbank']",87,89,90,69,85,96,,,,86
12,1048571428,СберБанк,"Новопеределкинская ул., 7А, Москва",www.sberbank.ru,"'mon': выходной, 'tue': выходной, 'wed': выходной, 'thu': выходной, 'fri': выходной, 'sat': выходной, 'sun': выходной",55.639890,37.366830,"4,5",['8 (800) 555-55-50Показать телефон'],"['http://ok.ru/sberbank', 'https://vk.com/sberbank']",84,81,83,67,68,91,,69,,
13,1098772580,СберБанк,"ул. Агрохимиков, 2, рабочий посёлок Новоивановское",www.sberbank.ru,"'mon': выходной, 'tue': 09:15-13:00,14:00-19:00, 'wed': выходной, 'thu': 09:15-13:00,14:00-19:00, 'fri': 09:15-13:00,14:00-19:00, 'sat': 09:15-13:00,14:00-19:00, 'sun': выходной",55.705092,37.365362,"1,1",['8 (800) 555-55-50Показать телефон'],"['https://ok.ru/sberbank', 'https://vk.com/sberbank']",20,35,17,29,16,,,4,,
14,1255873662,СберБанк,"Фасадная ул., 3, дачный посёлок Лесной Городок",www.sberbank.ru,"'mon': выходной, 'tue': выходной, 'wed': выходной, 'thu': выходной, 'fri': выходной, 'sat': выходной, 'sun': выходной",55.634563,37.214454,"4,0",['8 (800) 555-55-50Показать телефон'],"['http://ok.ru/sberbank', 'https://vk.com/sberbank']",53,61,59,37,15,100,,5,,
15,1130950876,СберБанк,"ул. Шолохова, 16, Москва",www.sberbank.ru,"'mon': 08:30-19:30, 'tue': 08:30-19:30, 'wed': 08:30-19:30, 'thu': 08:30-19:30, 'fri': 08:30-19:30, 'sat': 08:30-19:30, 'sun': выходной",55.640074,37.350931,"4,5",['8 (800) 555-55-50Показать телефон'],"['https://ok.ru/sberbank', 'https://t.me/sberbank', 'https://vk.com/sberbank']",80,84,83,77,63,95,,,,
16,1029356705,СберБанк,"Вяземская ул., 4, Москва",www.sberbank.ru,"'mon': 09:00-19:30, 'tue': 09:00-19:30, 'wed': 09:00-19:30, 'thu': 09:00-19:30, 'fri': 09:00-19:30, 'sat': 09:00-19:30, 'sun': выходной",55.714399,37.402759,"4,4",['8 (800) 555-55-50Показать телефон'],"['https://ok.ru/sberbank', 'https://vk.com/sberbank']",72,73,70,57,56,86,33,67,,
17,1102329448,СберБанк,"ул. 50 лет Октября, 11, Москва",www.sberbank.ru,"'mon': 09:30-19:30, 'tue': 09:30-19:30, 'wed': 09:30-19:30, 'thu': 09:30-19:30, 'fri': 09:30-19:30, 'sat': 09:30-19:30, 'sun': выходной",55.651798,37.412751,"4,7",['8 (800) 555-55-50Показать телефон'],"['http://ok.ru/sberbank', 'https://vk.com/sberbank']",88,90,86,78,72,96,,91,,
18,234687816418,СберБанк,"3, посёлок Барвиха",www.sberbank.ru,"'mon': выходной, 'tue': 09:00-13:00,13:30-18:45, 'wed': выходной, 'thu': 09:00-13:00,13:30-17:45, 'fri': 09:00-13:00,13:30-17:45, 'sat': выходной, 'sun': выходной",55.725468,37.277129,"2,4",['8 (800) 555-55-50Показать телефон'],"['http://ok.ru/sberbank', 'https://vk.com/sberbank']",36,,,,0,,,0,,
19,1042484889,СберБанк,"Барвихинская ул., 8, Москва",www.sberbank.ru,"'mon': 09:30-18:30, 'tue': 09:30-18:30, 'wed': 09:30-18:30, 'thu': 09:30-18:30, 'fri': 09:30-18:30, 'sat': 09:30-18:30, 'sun': выходной",55.716645,37.387632,"4,4",['8 (800) 555-55-50Показать телефон'],"['http://ok.ru/sberbank', 'https://vk.com/sberbank']",84,86,84,56,4,77,,3,,
20,163047927475,СберБанк,"Спортивная ул., 97, посёлок Власиха",www.sberbank.ru,"'mon': выходной, 'tue': 09:00-13:00,14:00-18:00, 'wed': 09:00-13:00,14:00-18:00, 'thu': 09:00-13:00,14:00-18:00, 'fri': 09:00-13:00,14:00-18:00, 'sat': 09:00-13:00,14:00-18:00, 'sun': выходной",55.683742,37.187127,"3,4",['8 (800) 555-55-50Показать телефон'],"['http://ok.ru/sberbank', 'https://vk.com/sberbank']",74,70,79,50,18,,,6,,
21,1123257258,СберБанк,"Можайское ш., 41, корп. 1, Москва",www.sberbank.ru,"'mon': 10:00-19:00, 'tue': 10:00-19:00, 'wed': 10:00-19:00, 'thu': 10:00-19:00, 'fri': 10:00-19:00, 'sat': 10:00-19:30, 'sun': выходной",55.717074,37.411485,"4,4",['8 (800) 555-55-50Показать телефон'],"['https://ok.ru/sber/', 'https://vk.com/sberbank']",81,89,82,59,44,78,,46,,
22,104683516045,СберБанк,"Рублёво-Успенское ш., 16, посёлок Горки-2",www.sberbank.ru,"'mon': выходной, 'tue': 09:00-13:00,14:00-17:30, 'wed': 09:00-13:00,14:00-17:30, 'thu': 09:00-13:00,14:00-17:30, 'fri': 09:00-13:00,14:00-17:30, 'sat': 09:00-13:00,14:00-17:30, 'sun': выходной",55.722943,37.166169,"4,2",['8 (800) 555-55-50Показать телефон'],"['http://ok.ru/sberbank', 'https://vk.com/sberbank']",41,36,42,,,,,,,
