,ID,name,address,website,opening_hours,lat,lon,rating,phone,social,Обслуживание,Персонал,Отношение к клиентам,Время ожидания,Банкомат,Расположение,Ремонт,График работы,Ипотека,Кредит
0,1014205176,СберБанк,"Салмышская ул., 46, стр. 1, Оренбург",www.sberbank.ru,"'mon': 09:00-19:00, 'tue': 09:00-19:00, 'wed': 09:00-19:00, 'thu': 09:00-19:00, 'fri': 09:00-19:00, 'sat': 09:00-19:00, 'sun': выходной",51.821606,55.167083,"4,6",['8 (800) 555-55-50Показать телефон'],"['http://ok.ru/sberbank', 'https://vk.com/sberbank']",82,85,84,54,40,92,73,40,,
1,1079455857,СберБанк,"просп. Гагарина, 48/1, Оренбург",www.sberbank.ru,"'mon': 09:00-18:30, 'tue': 09:00-18:30, 'wed': 09:00-18:30, 'thu': 09:00-18:30, 'fri': 09:00-18:30, 'sat': 09:00-18:30, 'sun': выходной",51.775701,55.184136,"4,6",['8 (800) 555-55-50Показать телефон'],"['http://ok.ru/sberbank', 'https://vk.com/sberbank']",83,89,80,65,,,,,,
2,1336845256,СберБанк,"Алтайская ул., 2/1, Оренбург",www.sberbank.ru,"'mon': 09:30-18:30, 'tue': 09:30-18:30, 'wed': 09:30-18:30, 'thu': 09:30-18:30, 'fri': 09:30-18:30, 'sat': 09:30-18:30, 'sun': выходной",51.774497,55.166853,"4,7",['8 (800) 555-55-50Показать телефон'],"['http://ok.ru/sberbank', 'https://vk.com/sberbank']",88,92,89,75,67,100,,,67,
3,209985292798,СберБанк,"ул. Володарского, 16, Оренбург",www.sberbank.ru,"'mon': 09:00-19:00, 'tue': 09:00-19:00, 'wed': 09:00-19:00, 'thu': 09:00-19:00, 'fri': 09:00-19:00, 'sat': 09:00-19:00, 'sun': выходной",51.768067,55.101542,"4,7",['8 (800) 555-55-50Показать телефон'],"['http://ok.ru/sberbank', 'https://vk.com/sberbank']",78,82,75,67,85,90,,77,70,48
4,1086909364,СберБанк,"просп. Победы, 126, Оренбург",www.sberbank.ru,"'mon': 09:00-18:30, 'tue': 09:00-18:30, 'wed': 09:00-18:30, 'thu': 09:00-18:30, 'fri': 09:00-18:30, 'sat': 09:00-18:30, 'sun': выходной",51.792757,55.126768,"4,8",['8 (800) 555-55-50Показать телефон'],"['http://ok.ru/sberbank', 'https://vk.com/sberbank']",92,93,89,77,77,100,,,,
5,1146520093,СберБанк,"ул. Джангильдина, 15, Оренбург",www.sberbank.ru,"'mon': 09:00-18:00, 'tue': 09:00-18:00, 'wed': 09:00-18:00, 'thu': 09:00-18:00, 'fri': 09:00-18:00, 'sat': 09:00-18:00, 'sun': выходной",51.833551,55.162343,"4,7",['8 (800) 555-55-50Показать телефон'],"['https://ok.ru/sberbank', 'https://t.me/sberbank', 'https://vk.com/sberbank']",82,79,81,86,83,100,,,,
6,1126643512,СберБанк,"Восточная ул., 31, Оренбург",www.sberbank.ru,"'mon': выходной, 'tue': выходной, 'wed': выходной, 'thu': выходной, 'fri': выходной, 'sat': выходной, 'sun': выходной",51.785414,55.151655,"4,3",['8 (800) 555-55-50Показать телефон'],"['http://ok.ru/sberbank', 'https://t.me/sber_students_bot', 'https://vk.com/sberbank']",88,90,91,46,30,,,,,
7,1083092450,СберБанк,"Брестская ул., 5, Оренбург",www.sberbank.ru,"'mon': 09:00-18:00, 'tue': 09:00-18:00, 'wed': 09:00-18:00, 'thu': 09:00-18:00, 'fri': 09:00-18:00, 'sat': 09:00-18:00, 'sun': выходной",51.827923,55.146981,"4,6",['8 (800) 555-55-50Показать телефон'],"['http://ok.ru/sberbank', 'https://vk.com/sberbank']",82,84,83,80,75,96,,,,
8,1076801494,СберБанк,"просп. Дзержинского, 5, Оренбург",www.sberbank.ru,"'mon': 09:04-18:30, 'tue': 09:00-18:30, 'wed': 09:00-18:30, 'thu': 09:00-18:30, 'fri': 09:00-18:30, 'sat': 09:00-18:30, 'sun': выходной",51.826470,55.118091,"4,8",['8 (800) 555-55-50Показать телефон'],"['http://ok.ru/sberbank', 'https://vk.com/sberbank']",82,82,81,88,89,100,,,,
9,1277646937,СберБанк,"просп. Дзержинского, 26, Оренбург",www.sberbank.ru,"'mon': выходной, 'tue': 09:40-18:30, 'wed': 09:30-18:30, 'thu': 09:30-18:30, 'fri': 09:30-18:30, 'sat': 09:30-18:30, 'sun': выходной",51.835509,55.128861,"4,8",['8 (800) 555-55-50Показать телефон'],"['http://ok.ru/sberbank', 'https://vk.com/sberbank']",81,83,81,65,82,,,,,
10,1064903989,СберБанк,"ул. Чкалова, 32, Оренбург",www.sberbank.ru,"'mon': 09:00-18:00, 'tue': 09:00-18:00, 'wed': 09:00-18:00, 'thu': 09:00-18:00, 'fri': 09:00-18:00, 'sat': 09:00-18:00, 'sun': выходной",51.770769,55.133911,"4,4",['8 (800) 555-55-50Показать телефон'],"['http://ok.ru/sberbank', 'https://vk.com/sberbank']",78,79,77,69,58,100,,,,
11,136736063393,СберБанк,"Новая ул., 4/5, Оренбург",www.sberbank.ru,"'mon': 09:00-19:00, 'tue': 09:00-19:00, 'wed': 09:00-19:00, 'thu': 09:00-19:00, 'fri': 09:00-19:00, 'sat': 09:00-19:00, 'sun': выходной",51.809980,55.093677,"4,7",['8 (800) 555-55-50Показать телефон'],"['http://ok.ru/sberbank', 'https://vk.com/sberbank']",87,87,86,58,86,87,,,,
12,1144424828,СберБанк,"просп. Братьев Коростелёвых, 7, Оренбург",www.sberbank.ru,"'mon': 09:00-18:00, 'tue': 09:00-18:00, 'wed': 09:00-18:00, 'thu': 09:00-18:00, 'fri': 09:00-18:00, 'sat': 09:00-18:00, 'sun': выходной",51.787089,55.075944,"4,9",['8 (800) 555-55-50Показать телефон'],"['http://ok.ru/sberbank', 'https://vk.com/sberbank']",88,88,88,82,59,95,,,,
13,1141138920,СберБанк,"Туркестанская ул., 9, Оренбург",www.sberbank.ru,"'mon': 09:30-18:30, 'tue': 09:30-18:30, 'wed': 09:30-18:30, 'thu': 09:30-18:30, 'fri': 09:30-18:30, 'sat': выходной, 'sun': выходной",51.768306,55.116050,"4,6",['8 (800) 555-55-50Показать телефон'],"['http://ok.ru/sberbank', 'https://vk.com/sberbank']",93,96,93,83,67,100,,67,,
14,1171646752,СберБанк,"Шарлыкское ш., 1/2, Оренбург",www.sberbank.ru,"'mon': 08:30-17:30, 'tue': 08:30-17:30, 'wed': 08:30-17:30, 'thu': 08:30-17:30, 'fri': 08:30-17:30, 'sat': 08:30-17:30, 'sun': выходной",51.844744,55.118119,"4,4",['8 (800) 555-55-50Показать телефон'],"['http://ok.ru/sberbank', 'https://vk.com/sberbank']",91,89,85,75,,,,,,
15,1186308934,СберБанк,"просп. Гагарина, 10, Оренбург",www.sberbank.ru,"'mon': выходной, 'tue': выходной, 'wed': выходной, 'thu': выходной, 'fri': выходной, 'sat': выходной, 'sun': выходной",51.775021,55.150439,"4,4",['8 (800) 555-55-50Показать телефон'],"['http://ok.ru/sberbank', 'https://vk.com/sberbank']",78,70,80,83,,,,,,
16,1096270087,СберБанк,"просп. Победы, 18, Оренбург",www.sberbank.ru,"'mon': 09:30-18:30, 'tue': 09:30-18:30, 'wed': 09:30-18:30, 'thu': 09:30-18:30, 'fri': 09:30-18:30, 'sat': 09:30-18:30, 'sun': выходной",51.776469,55.109573,"4,5",['8 (800) 555-55-50Показать телефон'],"['http://ok.ru/sberbank', 'https://vk.com/sberbank']",71,76,70,71,50,,80,,,
17,1046401810,СберБанк,"просп. Дзержинского, 27/2, Оренбург",www.sberbank.ru,"'mon': 09:30-18:30, 'tue': 09:30-18:30, 'wed': 09:30-18:30, 'thu': 09:30-18:30, 'fri': 09:30-18:30, 'sat': 09:30-18:30, 'sun': выходной",51.837523,55.133985,"4,5",['8 (800) 555-55-50Показать телефон'],['https://vk.com/sberbank'],96,98,95,75,80,,,,,
18,1162938676,СберБанк,"Беляевская ул., 29, Оренбург",www.sberbank.ru,"'mon': 09:00-18:00, 'tue': 09:00-18:00, 'wed': 09:00-18:00, 'thu': 09:00-18:00, 'fri': 09:00-18:00, 'sat': 09:00-18:00, 'sun': выходной",51.720125,55.127403,"4,6",['8 (800) 555-55-50Показать телефон'],"['http://ok.ru/sberbank', 'https://vk.com/sberbank']",83,88,84,71,61,61,,,,
19,1004032236,СберБанк,"Центральная ул., 3Д, посёлок Пригородный",www.sberbank.ru,"'mon': выходной, 'tue': выходной, 'wed': выходной, 'thu': выходной, 'fri': выходной, 'sat': выходной, 'sun': выходной",51.764521,55.269549,"4,0",['8 (800) 555-55-50Показать телефон'],"['http://ok.ru/sberbank', 'https://vk.com/sberbank']",,,,,,,,,,
20,1039137409,СберБанк,"ул. Куйбышева, 45, село Нежинка",www.sberbank.ru,"'mon': выходной, 'tue': 09:00-13:00,14:00-17:50, 'wed': 09:00-13:00,14:00-17:50, 'thu': 09:00-13:00,14:00-17:50, 'fri': 09:00-13:00,14:00-16:45, 'sat': выходной, 'sun': выходной",51.766299,55.368327,"4,1",['8 (800) 555-55-50Показать телефон'],"['http://ok.ru/sberbank', 'https://vk.com/sberbank']",,,,,,,,,,
21,1057291451,СберБанк,"Кооперативная ул., 44, село Подгородняя Покровка",www.sberbank.ru,"'mon': выходной, 'tue': 09:00-13:00,14:00-16:00, 'wed': 09:00-13:00,14:00-16:00, 'thu': 09:00-13:00,14:00-16:00, 'fri': 09:00-13:00,14:00-16:00, 'sat': выходной, 'sun': выходной",51.828943,54.982843,"3,9",['8 (800) 555-55-50Показать телефон'],"['http://ok.ru/sberbank', 'https://vk.com/sberbank']",,,,,,,,,,
22,166093558189,СберБанк,"Центральная ул., 6, село имени 9 Января",www.sberbank.ru,"'mon': выходной, 'tue': выходной, 'wed': выходной, 'thu': выходной, 'fri': выходной, 'sat': выходной, 'sun': выходной",51.736408,54.983983,"3,7",['8 (800) 555-55-50Показать телефон'],"['http://ok.ru/sberbank', 'https://vk.com/sberbank']",,,,,,,,,,
23,1031932641,СберБанк,"Беляевская ул., 8, посёлок Чкалов",www.sberbank.ru,"'mon': выходной, 'tue': 09:00-13:30, 'wed': 09:00-13:30, 'thu': 09:00-13:30, 'fri': 09:00-12:00, 'sat': выходной, 'sun': выходной",51.720855,55.365533,"4,3",['8 (800) 555-55-50Показать телефон'],"['http://ok.ru/sberbank', 'https://vk.com/sberbank']",,,,,,,,,,
24,1015020840,СберБанк,"Молодёжная ул., 9, посёлок Нижнесакмарский",www.sberbank.ru,"'mon': 09:00-12:05, 'tue': выходной, 'wed': 09:00-12:05, 'thu': выходной, 'fri': 09:00-12:05, 'sat': 09:00-12:05, 'sun': выходной",51.901154,55.221219,"3,0",['8 (800) 555-55-50Показать телефон'],"['http://ok.ru/sberbank', 'https://vk.com/sberbank', 'https://youtube.com/user/Sberbank']",,,,,,,,,,
