,ID,name,address,website,opening_hours,lat,lon,rating,phone,social,Обслуживание,Отношение к клиентам,Персонал,Время ожидания,Банкомат,Расположение,Кредит,Ипотека,График работы
0,1053956748,СберБанк,"Заозёрная ул., 26, Омск",www.sberbank.ru,"'mon': 09:00-18:30, 'tue': 09:00-18:30, 'wed': 09:00-18:30, 'thu': 09:00-18:30, 'fri': 09:00-18:30, 'sat': 09:00-18:30, 'sun': выходной",55.048145,73.314689,"4,4",['8 (800) 555-55-50Показать телефон'],"['https://ok.ru/sberbank', 'https://vk.com/sberbank']",78,71,82,52,82,100,,,
1,161200971361,СберБанк,"просп. Мира, 46, Омск",www.sberbank.ru,"'mon': 09:00-19:30, 'tue': 09:00-19:30, 'wed': 09:00-19:30, 'thu': 09:00-19:30, 'fri': 09:00-19:30, 'sat': 09:00-19:30, 'sun': выходной",55.029179,73.285822,"4,7",['8 (800) 555-55-50Показать телефон'],"['http://ok.ru/sberbank', 'https://vk.com/sberbank']",84,86,82,79,65,95,,,
2,1033643160,СберБанк,"ул. Маршала Жукова, 4/1, Омск",www.sberbank.ru,"'mon': 09:00-18:30, 'tue': 09:00-18:30, 'wed': 09:00-18:30, 'thu': 09:00-18:30, 'fri': 09:00-18:30, 'sat': 09:00-18:30, 'sun': выходной",54.984583,73.385878,"4,6",['8 (800) 555-55-50Показать телефон'],"['https://ok.ru/sberbank', 'https://vk.com/sberbank']",76,76,81,67,47,79,44,73,
3,1237743233,СберБанк,"ул. Багратиона, 2, посёлок Амурский, Омск",www.sberbank.ru,"'mon': 09:00-19:00, 'tue': 09:00-19:00, 'wed': 09:00-19:00, 'thu': 09:00-19:00, 'fri': 09:00-19:00, 'sat': 09:00-19:00, 'sun': выходной",55.020613,73.409258,"4,6",['8 (800) 555-55-50Показать телефон'],"['http://ok.ru/sberbank', 'https://vk.com/sberbank']",91,91,91,51,47,92,,,
4,1033172057,СберБанк,"ул. 70 лет Октября, 12, корп. 1, Омск",www.sberbank.ru,"'mon': 09:00-19:30, 'tue': 09:00-19:30, 'wed': 09:00-19:30, 'thu': 09:00-19:30, 'fri': 09:00-19:30, 'sat': 09:00-19:30, 'sun': 09:30-15:00",54.984923,73.314873,"4,6",['8 (800) 555-55-50Показать телефон'],"['http://ok.ru/sberbank', 'https://t.me/sberbank', 'https://vk.com/sberbank']",82,80,83,86,90,100,,,
5,1544570853,СберБанк,"ул. Красный Путь, 111, Омск",www.sberbank.ru,"'mon': 09:00-19:00, 'tue': 09:00-19:00, 'wed': 09:00-19:00, 'thu': 09:00-19:00, 'fri': 09:00-19:00, 'sat': 09:00-19:00, 'sun': выходной",55.006734,73.343907,"4,5",['8 (800) 555-55-50Показать телефон'],"['http://ok.ru/sberbank', 'https://vk.com/sberbank']",81,79,82,73,77,91,53,67,
6,1071012341,СберБанк,"ул. Багратиона, 23, корп. 1, посёлок Амурский, Омск",www.sberbank.ru,"'mon': 09:30-18:30, 'tue': 09:30-18:30, 'wed': 09:30-18:30, 'thu': 09:30-18:30, 'fri': 09:30-18:30, 'sat': 09:30-18:30, 'sun': выходной",55.027651,73.421761,"4,6",['8 (800) 555-55-50Показать телефон'],"['http://ok.ru/sberbank', 'https://vk.com/sberbank']",86,82,88,79,,91,,,
7,8491031180,СберБанк,"ул. 22 Апреля, 19/1, микрорайон Городок Нефтяников, Омск",www.sberbank.ru,"'mon': 09:00-19:00, 'tue': 09:00-19:00, 'wed': 09:00-19:00, 'thu': 09:00-19:00, 'fri': 09:00-19:00, 'sat': 09:00-19:00, 'sun': выходной",55.041072,73.277680,"4,4",['8 (800) 555-55-50Показать телефон'],"['https://ok.ru/sberbank', 'https://vk.com/sberbank']",85,84,84,77,79,,,,
8,227074938613,СберБанк,"ул. 10 лет Октября, 138, корп. 2, Омск",www.sberbank.ru,"'mon': 09:00-18:30, 'tue': 09:00-18:30, 'wed': 09:00-18:30, 'thu': 09:00-18:30, 'fri': 09:00-18:30, 'sat': 09:00-18:30, 'sun': выходной",54.985694,73.416951,"4,7",['8 (800) 555-55-50Показать телефон'],"['http://ok.ru/sber', 'https://vk.com/sber']",85,86,84,75,70,88,,,
9,1069542791,СберБанк,"Краснознамённая ул., 26, корп. 3, Омск",www.sberbank.ru,"'mon': 09:30-18:30, 'tue': 09:30-18:30, 'wed': 09:30-18:30, 'thu': выходной, 'fri': выходной, 'sat': выходной, 'sun': выходной",55.035638,73.454863,"4,5",['8 (800) 555-55-50Показать телефон'],"['http://ok.ru/sberbank', 'https://vk.com/sberbank']",83,79,86,52,69,100,,,40
10,1134711965,СберБанк,"ул. Герцена, 232/1, Омск",www.sberbank.ru,"'mon': 10:00-19:00, 'tue': 10:00-19:00, 'wed': 10:00-19:00, 'thu': 10:00-19:00, 'fri': 10:00-19:00, 'sat': 10:00-19:00, 'sun': выходной",55.024286,73.376871,"4,6",['8 (800) 555-55-50Показать телефон'],"['http://ok.ru/sberbank', 'https://t.me/sberbank', 'https://vk.com/sberbank']",86,91,89,72,38,92,,,
11,226173621236,СберБанк,"просп. Мира, 43, Омск",www.sberbank.ru,"'mon': 09:30-18:30, 'tue': 09:30-18:30, 'wed': 09:30-18:30, 'thu': 09:30-18:30, 'fri': 09:30-18:30, 'sat': 09:30-18:30, 'sun': выходной",55.028774,73.269795,"4,3",['8 (800) 555-55-50Показать телефон'],"['http://ok.ru/sberbank', 'https://vk.com/sberbank']",94,92,93,67,55,,,,
12,1025248367,СберБанк,"ул. Масленникова, 62, Омск",www.sberbank.ru,"'mon': 09:00-19:00, 'tue': 09:00-19:00, 'wed': 09:00-19:00, 'thu': 09:00-19:00, 'fri': 09:00-19:00, 'sat': 09:00-19:00, 'sun': выходной",54.973151,73.395366,"4,5",['8 (800) 555-55-50Показать телефон'],"['https://ok.ru/sberbank', 'https://vk.com/sberbank']",89,90,90,76,86,100,,,
13,217802959083,СберБанк,"просп. Комарова, 6/1, Омск",www.sberbank.ru,"'mon': 09:00-19:00, 'tue': 09:00-19:00, 'wed': 09:00-19:00, 'thu': 09:00-19:00, 'fri': 09:00-19:00, 'sat': 09:00-19:00, 'sun': выходной",54.996511,73.284774,"4,5",['8 (800) 555-55-50Показать телефон'],"['http://ok.ru/sberbank', 'https://vk.com/sberbank']",83,81,87,80,,,,,
14,190841521899,СберБанк,"ул. 50 лет Профсоюзов, 111, микрорайон Городок Нефтяников, Омск",www.sberbank.ru,"'mon': 09:00-18:00, 'tue': 09:00-18:00, 'wed': 09:00-18:00, 'thu': 09:00-18:00, 'fri': 09:00-18:00, 'sat': выходной, 'sun': выходной",55.032445,73.249903,"4,5",['8 (800) 555-55-50Показать телефон'],"['http://ok.ru/sberbank', 'https://vk.com/sberbank']",87,90,91,83,,,,,
15,1129522727,СберБанк,"Нефтезаводская ул., 28, корп. 4, Омск",www.sberbank.ru,"'mon': 09:30-18:30, 'tue': 09:30-18:30, 'wed': 09:30-18:30, 'thu': 09:30-18:30, 'fri': 09:30-18:30, 'sat': 09:30-18:30, 'sun': выходной",55.037117,73.266083,"4,4",['8 (800) 555-55-50Показать телефон'],"['http://ok.ru/sberbank', 'https://vk.com/sberbank']",82,80,83,59,62,,,,30
16,1106524042,СберБанк,"ул. Дианова, 7/1, Омск",www.sberbank.ru,"'mon': 09:00-19:00, 'tue': 09:00-19:00, 'wed': 09:00-19:00, 'thu': 09:00-19:00, 'fri': 09:00-19:00, 'sat': 09:00-19:00, 'sun': выходной",54.993539,73.261960,"4,6",['8 (800) 555-55-50Показать телефон'],"['http://ok.ru/sberbank', 'https://vk.com/sberbank']",88,88,94,67,67,,,,
17,1129052737,СберБанк,"Тарская ул., 22, Омск",www.sberbank.ru,"'mon': выходной, 'tue': выходной, 'wed': выходной, 'thu': выходной, 'fri': выходной, 'sat': выходной, 'sun': выходной",54.992921,73.368894,"4,4",['8 (800) 555-55-50Показать телефон'],"['http://ok.ru/sberbank', 'https://vk.com/sber']",79,79,85,68,,,,,
18,1060624719,СберБанк,"ул. Красный Путь, 24, корп. 1, Омск",www.sberbank.ru,"'mon': 09:30-18:30, 'tue': 09:30-18:30, 'wed': 09:30-18:30, 'thu': 09:30-18:30, 'fri': 09:30-18:30, 'sat': 09:30-18:30, 'sun': выходной",54.998184,73.356426,"4,6",['8 (800) 555-55-50Показать телефон'],"['http://ok.ru/sberbank', 'https://t.me/sberbank', 'https://vk.com/sberbank']",84,83,84,63,53,83,,,
19,1092702779,СберБанк,"ул. Василия Товстухо, 1А, посёлок Чкаловский, Омск",www.sberbank.ru,"'mon': 09:30-18:30, 'tue': 09:30-18:30, 'wed': 09:30-18:30, 'thu': 09:30-18:30, 'fri': 09:30-18:30, 'sat': 09:30-18:30, 'sun': выходной",54.978751,73.465536,"4,6",['8 (800) 555-55-50Показать телефон'],"['http://ok.ru/sberbank', 'https://vk.com/sberbank']",88,82,85,79,80,,,,
20,1019102055,СберБанк,"ул. Крупской, 10, Омск",www.sberbank.ru,"'mon': 10:00-19:00, 'tue': 10:00-19:00, 'wed': 10:00-19:00, 'thu': 10:00-19:00, 'fri': 10:00-19:00, 'sat': 10:00-19:00, 'sun': выходной",55.004246,73.295768,"4,4",['8 (800) 555-55-50Показать телефон'],"['http://ok.ru/sberbank', 'https://vk.com/sberbank']",85,81,85,74,47,100,,,
21,1211125504,СберБанк,"просп. Карла Маркса, 24, Омск",www.sberbank.ru,"'mon': 10:00-19:00, 'tue': 10:00-19:00, 'wed': 10:00-19:00, 'thu': 10:00-19:00, 'fri': 10:00-19:00, 'sat': 10:00-19:00, 'sun': выходной",54.963326,73.385189,"4,5",['8 (800) 555-55-50Показать телефон'],"['http://ok.ru/sberbank', 'https://vk.com/sberbank']",88,87,88,91,86,100,,,
22,11601983561,СберБанк,"Космический просп., 18Д, посёлок Чкаловский, Омск",www.sberbank.ru,"'mon': 09:30-18:30, 'tue': 09:30-18:30, 'wed': 09:30-18:30, 'thu': 09:30-18:30, 'fri': 09:30-18:30, 'sat': 09:30-18:30, 'sun': выходной",54.970226,73.448749,"4,6",['8 (800) 555-55-50Показать телефон'],"['http://ok.ru/sberbank', 'https://vk.com/sberbank']",79,72,73,77,70,100,,,
23,1111294349,СберБанк,"ул. Дианова, 26, Омск",www.sberbank.ru,"'mon': выходной, 'tue': выходной, 'wed': выходной, 'thu': выходной, 'fri': выходной, 'sat': выходной, 'sun': выходной",54.995906,73.232396,"4,7",['8 (800) 555-55-50Показать телефон'],"['http://ok.ru/sberbank', 'https://vk.com/sberbank']",79,75,83,68,76,93,,,
24,1132608495,СберБанк,"ул. Конева, 20/1, Омск",www.sberbank.ru,"'mon': 09:30-19:00, 'tue': 09:30-19:00, 'wed': 09:30-19:00, 'thu': 09:30-19:00, 'fri': 09:30-19:00, 'sat': 09:30-19:00, 'sun': выходной",54.979576,73.314979,"4,5",['8 (800) 555-55-50Показать телефон'],"['http://ok.ru/sberbank', 'https://vk.com/sberbank']",88,90,92,72,68,100,,,
25,36967156406,Сбербанк,"ул. 70 лет Октября, 19, Омск",www.sberbank.ru,"'mon': 10:00-21:00, 'tue': 10:00-21:00, 'wed': 10:00-21:00, 'thu': 10:00-21:00, 'fri': 10:00-21:00, 'sat': 10:00-21:00, 'sun': 10:00-21:00",54.980684,73.322074,"4,2",['900Показать телефон'],"['http://ok.ru/sberbank', 'https://t.me/sberbank', 'https://vk.com/sberbank']",,,,,,,,,
26,1193744532,СберБанк,"ул. Косенкова, 16А, микрорайон Береговой, Омск",www.sberbank.ru,"'mon': выходной, 'tue': 08:30-13:00,14:00-17:15, 'wed': 08:30-13:00,14:00-17:15, 'thu': выходной, 'fri': 08:30-13:00,14:00-17:15, 'sat': 08:30-13:15, 'sun': выходной",55.175756,73.217951,"4,1",['8 (800) 555-55-50Показать телефон'],"['http://ok.ru/sberbank', 'https://vk.com/sberbank']",,,,,,,,,
27,1102358486,СберБанк,"просп. Карла Маркса, 64, Омск",www.sberbank.ru,"'mon': 09:00-18:00, 'tue': 09:00-18:00, 'wed': 09:00-18:00, 'thu': 09:00-18:00, 'fri': 09:00-18:00, 'sat': выходной, 'sun': выходной",54.945131,73.385131,"4,4",['8 (800) 555-55-50Показать телефон'],"['http://ok.ru/sberbank', 'https://vk.com/sberbank']",74,75,83,72,,,,,
28,1074302549,СберБанк,"просп. Карла Маркса, 16, Омск",www.sberbank.ru,"'mon': 09:00-18:00, 'tue': 09:00-18:00, 'wed': 09:00-18:00, 'thu': 09:00-18:00, 'fri': 09:00-18:00, 'sat': 09:00-18:00, 'sun': выходной",54.970583,73.382468,"4,4",['8 (800) 555-55-50Показать телефон'],"['http://ok.ru/sberbank', 'https://vk.com/sberbank']",98,97,97,81,50,,,,
29,1126321348,СберБанк,"Иркутская ул., 70/1, Омск",www.sberbank.ru,"'mon': 09:00-18:00, 'tue': 09:00-18:00, 'wed': 09:00-18:00, 'thu': 09:00-18:00, 'fri': 09:00-18:00, 'sat': 09:00-18:00, 'sun': выходной",54.988108,73.401529,"4,4",['8 (800) 555-55-50Показать телефон'],"['http://ok.ru/sberbank', 'https://vk.com/sberbank']",76,76,82,56,,90,,,
30,1026315469,СберБанк,"ул. Ватутина, 5Б, Омск",www.sberbank.ru,"'mon': 09:00-18:30, 'tue': 09:00-18:30, 'wed': 09:00-18:30, 'thu': 09:00-18:30, 'fri': 09:00-18:30, 'sat': 09:00-18:30, 'sun': выходной",54.988370,73.274960,"4,6",['8 (800) 555-55-50Показать телефон'],"['http://ok.ru/sberbank', 'https://vk.com/sberbank']",86,88,88,61,70,100,,,
31,1123554743,СберБанк,"ул. Кирова, 10, корп. 2, Омск",www.sberbank.ru,"'mon': 09:00-18:30, 'tue': 09:00-18:30, 'wed': 09:00-18:30, 'thu': 09:00-18:30, 'fri': 09:00-18:30, 'sat': 09:00-18:30, 'sun': выходной",54.947450,73.418042,"4,3",['8 (800) 555-55-50Показать телефон'],"['http://ok.ru/sberbank', 'https://vk.com/sberbank']",83,82,83,52,39,,,,40
32,4501520710,СберБанк,"Берёзовая ул., 1, посёлок Ключи",www.sberbank.ru,"'mon': выходной, 'tue': 09:00-13:00,14:00-17:15, 'wed': 09:00-13:00,14:00-17:15, 'thu': 09:00-13:00,14:00-17:15, 'fri': 09:00-13:00,14:00-17:15, 'sat': 09:00-13:00,14:00-17:15, 'sun': выходной",55.153853,73.216640,"4,0",['8 (800) 555-55-50Показать телефон'],"['http://ok.ru/sberbank', 'https://vk.com/sberbank']",,,,,,,,,
33,1571187736,СберБанк,"15-я Рабочая ул., 24, Омск",www.sberbank.ru,"'mon': 09:00-18:00, 'tue': 09:00-18:00, 'wed': 09:00-18:00, 'thu': 09:00-18:00, 'fri': 09:00-18:00, 'sat': 09:00-18:00, 'sun': выходной",54.939477,73.423869,"4,4",['8 (800) 555-55-50Показать телефон'],"['http://ok.ru/sberbank', 'https://vk.com/sberbank']",74,74,80,67,79,94,,,
34,1115459730,СберБанк,"ул. Котельникова, 10, Омск",www.sberbank.ru,"'mon': 09:00-18:30, 'tue': 09:00-18:30, 'wed': 09:00-18:30, 'thu': 09:00-18:30, 'fri': 09:00-18:30, 'sat': 09:00-15:30, 'sun': выходной",54.936166,73.377894,"4,5",['8 (800) 555-55-50Показать телефон'],"['http://ok.ru/sberbank', 'https://vk.com/sberbank']",85,87,85,56,,,,,
35,1037865516,СберБанк,"Сибирский просп., 12, Омск",www.sberbank.ru,"'mon': 09:00-19:30, 'tue': 09:00-19:30, 'wed': 09:00-19:30, 'thu': 09:00-19:30, 'fri': 09:00-19:30, 'sat': 09:00-19:30, 'sun': выходной",54.910731,73.456238,"4,6",['8 (800) 555-55-50Показать телефон'],"['http://ok.ru/sberbank', 'https://vk.com/sberbank']",87,89,87,78,80,92,,,
36,1098695198,СберБанк,"3-я Молодёжная ул., 49, Омск",www.sberbank.ru,"'mon': 09:00-18:00, 'tue': 09:00-18:00, 'wed': 09:00-18:00, 'thu': 09:00-18:00, 'fri': 09:00-18:00, 'sat': 09:00-18:00, 'sun': выходной",54.950542,73.454827,"4,3",['8 (800) 555-55-50Показать телефон'],"['http://ok.ru/sberbank', 'https://vk.com/sberbank']",84,83,85,44,,,,,
37,1161785670,СберБанк,"ул. 12 Декабря, 115, Омск",www.sberbank.ru,"'mon': 09:00-18:30, 'tue': 09:00-18:30, 'wed': 09:00-18:30, 'thu': 09:00-18:30, 'fri': 09:00-18:30, 'sat': 09:00-18:30, 'sun': выходной",54.951069,73.327931,"4,6",['8 (800) 555-55-50Показать телефон'],"['http://ok.ru/sberbank', 'https://vk.com/sberbank']",91,90,89,70,,,,,
38,1005423306,СберБанк,"ул. Богдана Хмельницкого, 214, Омск",www.sberbank.ru,"'mon': 09:00-18:00, 'tue': 09:00-18:00, 'wed': 09:00-18:00, 'thu': 09:00-18:00, 'fri': 09:00-18:00, 'sat': 09:00-18:00, 'sun': выходной",54.960118,73.413043,"4,2",['8 (800) 555-55-50Показать телефон'],"['http://ok.ru/sberbank', 'https://vk.com/sberbank']",82,,80,,,,,,
39,1013396269,СберБанк,"6-я Станционная ул., 39, Омск",www.sberbank.ru,"'mon': 09:00-18:30, 'tue': 09:00-18:30, 'wed': 09:00-18:30, 'thu': 09:00-18:30, 'fri': 09:00-18:30, 'sat': 09:00-18:30, 'sun': выходной",54.924368,73.472142,"4,4",['8 (800) 555-55-50Показать телефон'],"['https://ok.ru/sberbank', 'https://vk.com/sberbank']",86,86,90,55,30,92,,,
40,1110902387,СберБанк,"ул. Ленина, 56, село Пушкино",www.sberbank.ru,"'mon': выходной, 'tue': 09:00-13:00,14:00-17:15, 'wed': 09:00-13:00,14:00-17:15, 'thu': выходной, 'fri': 09:00-13:00,14:00-17:15, 'sat': 09:00-13:00,14:00-17:15, 'sun': выходной",55.093545,73.471447,"3,4",['8 (800) 555-55-50Показать телефон'],"['http://ok.ru/sberbank', 'https://vk.com/sberbank']",,,,,,,,,
41,1042087280,СберБанк,"ул. Олега Кошевого, 21/1, Омск",www.sberbank.ru,"'mon': 09:00-19:00, 'tue': 09:00-19:00, 'wed': 09:00-19:00, 'thu': 09:00-19:00, 'fri': 09:00-19:00, 'sat': 09:00-19:00, 'sun': выходной",54.933088,73.329548,"4,6",['8 (800) 555-55-50Показать телефон'],"['http://ok.ru/sberbank', 'https://vk.com/sberbank']",86,83,84,54,71,100,,,
42,1211522234,СберБанк,"ул. Гуртьева, 37/1, Омск",www.sberbank.ru,"'mon': 09:30-18:30, 'tue': 09:30-18:30, 'wed': 09:30-18:30, 'thu': 09:30-18:30, 'fri': 09:30-18:30, 'sat': 09:30-18:30, 'sun': выходной",54.919960,73.411850,"4,7",['8 (800) 555-55-50Показать телефон'],"['http://ok.ru/sberbank', 'https://vk.com/sberbank']",81,84,88,55,,,,,
43,1113728104,СберБанк,"3, микрорайон Входной, Омск",www.sberbank.ru,"'mon': выходной, 'tue': 08:30-13:00,14:00-17:45, 'wed': 08:30-13:00,14:00-17:45, 'thu': 08:30-13:00,14:00-17:45, 'fri': 08:30-13:00,14:00-17:45, 'sat': 08:30-13:00,14:00-17:45, 'sun': выходной",54.950257,73.169972,"4,2",['8 (800) 555-55-50Показать телефон'],"['http://ok.ru/sberbank', 'https://vk.com/sberbank']",,,,,,,,,
44,1127009164,СберБанк,"Мельничная ул., 87, корп. 1, Омск",www.sberbank.ru,"'mon': 09:00-18:00, 'tue': 09:00-18:00, 'wed': 09:00-18:00, 'thu': 09:00-18:00, 'fri': 09:00-18:00, 'sat': 09:00-18:00, 'sun': выходной",54.912274,73.314129,"4,6",['8 (800) 555-55-50Показать телефон'],"['http://ok.ru/sberbank', 'https://vk.com/sberbank']",82,84,87,71,,93,,,
45,1037718055,СберБанк,"Средняя ул., 1А, село Дружино",www.sberbank.ru,"'mon': выходной, 'tue': 08:30-13:00,13:45-17:00, 'wed': 08:30-13:00,13:45-17:00, 'thu': 08:30-13:00,13:45-17:00, 'fri': 08:30-13:00,13:45-17:00, 'sat': 09:00-13:00,13:45-17:00, 'sun': выходной",55.022180,73.135889,"3,7",['8 (800) 555-55-50Показать телефон'],"['http://ok.ru/sberbank', 'https://vk.com/sberbank']",,,,,,,,,
46,1174715237,СберБанк,"Российская ул., 13, микрорайон Крутая Горка, Омск",www.sberbank.ru,"'mon': выходной, 'tue': 08:30-17:45, 'wed': 08:30-17:45, 'thu': 08:30-17:45, 'fri': 08:30-17:45, 'sat': 08:30-17:45, 'sun': выходной",55.369899,73.220655,"4,4",['8 (800) 555-55-50Показать телефон'],"['http://ok.ru/sberbank', 'https://vk.com/sberbank']",82,90,90,,,,,,
47,42747361171,СберБанк,"Российская ул., 2, посёлок Ростовка",www.sberbank.ru,"'mon': выходной, 'tue': 09:00-12:00,13:00-15:45, 'wed': 09:00-12:00,13:00-15:45, 'thu': 09:00-12:00,13:00-15:45, 'fri': выходной, 'sat': выходной, 'sun': выходной",55.015919,73.563003,"3,0",['8 (800) 555-55-50Показать телефон'],"['http://ok.ru/sberbank', 'https://vk.com/sberbank']",,,,,,,,,
48,1050674232,СберБанк,"Центральная ул., 22, село Петровка",www.sberbank.ru,"'mon': выходной, 'tue': выходной, 'wed': выходной, 'thu': выходной, 'fri': выходной, 'sat': выходной, 'sun': выходной",55.259490,73.538111,"4,3",['8 (800) 555-55-50Показать телефон'],"['http://ok.ru/sberbank', 'https://vk.com/sberbank']",,,,,,,,,
49,1079426137,СберБанк,"ул. 50 лет Октября, 29, посёлок Новоомский",www.sberbank.ru,"'mon': выходной, 'tue': выходной, 'wed': выходной, 'thu': выходной, 'fri': выходной, 'sat': выходной, 'sun': выходной",54.843061,73.298269,"3,9",['8 (800) 555-55-50Показать телефон'],"['http://ok.ru/sberbank', 'https://vk.com/sberbank']",,,,,,,,,
50,90704224041,СберБанк,"Центральная ул., 48, село Андреевка",www.sberbank.ru,"'mon': выходной, 'tue': 08:30-13:00,13:45-17:15, 'wed': 08:30-13:00,13:45-17:15, 'thu': 08:30-13:00,13:45-17:15, 'fri': 08:30-13:00,13:45-17:15, 'sat': 08:30-13:00,13:45-17:00, 'sun': выходной",55.042850,73.624034,"3,0",['8 (800) 555-55-50Показать телефон'],"['http://ok.ru/sberbank', 'https://vk.com/sberbank']",,,,,,,,,
51,1077368610,СберБанк,"Центральная ул., 7, село Новотроицкое",www.sberbank.ru,"'mon': выходной, 'tue': 08:00-12:30,14:00-18:00, 'wed': 08:00-12:30,14:00-17:00, 'thu': 08:00-12:30,14:00-17:00, 'fri': 08:00-12:30,14:00-17:00, 'sat': 08:00-12:30,14:00-17:00, 'sun': выходной",55.270195,73.160611,"3,7",['8 (800) 555-55-50Показать телефон'],"['http://ok.ru/sberbank', 'https://vk.com/sberbank']",,,,,,,,,
