,ID,name,address,website,opening_hours,lat,lon,rating,phone,social,Обслуживание,Отношение к клиентам,Персонал,Время ожидания,Банкомат,Расположение,График работы
0,1345478401,СберБанк,"просп. Ленина, 25А, микрорайон Новый город, Орск",www.sberbank.ru,"'mon': 09:00-18:30, 'tue': 09:00-18:30, 'wed': 09:00-18:30, 'thu': 09:00-18:30, 'fri': 09:00-18:30, 'sat': 09:00-18:30, 'sun': выходной",51.228227,58.473670,"4,9",['8 (800) 555-55-50Показать телефон'],"['http://ok.ru/sberbank', 'https://vk.com/sberbank']",86,84,88,76,82,96,73
1,1224661794,СберБанк,"Краматорская ул., 19Б, микрорайон Новый город, Орск",www.sberbank.ru,"'mon': 09:00-18:30, 'tue': 09:00-18:30, 'wed': 09:00-18:30, 'thu': 09:00-18:30, 'fri': 09:00-18:30, 'sat': 09:00-18:30, 'sun': выходной",51.223497,58.496503,"4,8",['8 (800) 555-55-50Показать телефон'],"['http://ok.ru/sberbank', 'https://vk.com/sber']",90,96,98,64,80,85,
2,1197593745,СберБанк,"Станционная ул., 11, посёлок Вокзальный, Орск",www.sberbank.ru,"'mon': 09:00-18:00, 'tue': 09:00-18:00, 'wed': 09:00-18:00, 'thu': 09:00-18:00, 'fri': 09:00-18:00, 'sat': 09:00-18:00, 'sun': выходной",51.209617,58.622816,"4,6",['8 (800) 555-55-50Показать телефон'],"['http://ok.ru/sberbank', 'https://vk.com/sberbank']",87,87,86,32,29,100,
3,1030115176,СберБанк,"Советская ул., 63, микрорайон Старый город, Орск",www.sberbank.ru,"'mon': выходной, 'tue': выходной, 'wed': выходной, 'thu': выходной, 'fri': выходной, 'sat': выходной, 'sun': выходной",51.206909,58.557302,"4,5",['8 (800) 555-55-50Показать телефон'],"['http://ok.ru/sberbank', 'https://vk.com/sberbank']",78,80,83,21,13,,
4,1198499523,СберБанк,"просп. Ленина, 47, микрорайон Новый город, Орск",www.sberbank.ru,"'mon': 09:00-18:00, 'tue': 09:00-18:00, 'wed': 09:00-18:00, 'thu': 09:00-18:00, 'fri': 09:00-18:00, 'sat': 09:00-18:00, 'sun': выходной",51.236305,58.471390,"4,6",['8 (800) 555-55-50Показать телефон'],"['http://ok.ru/sberbank', 'https://t.me/s/sberbank', 'https://vk.com/sber']",80,80,83,68,71,93,
5,1144555858,СберБанк,"просп. Ленина, 71А, микрорайон Новый город, Орск",www.sberbank.ru,"'mon': 09:00-18:00, 'tue': 09:00-18:00, 'wed': 09:00-18:00, 'thu': 09:00-18:00, 'fri': 09:00-18:00, 'sat': 09:00-18:00, 'sun': выходной",51.242315,58.466825,"4,5",['8 (800) 555-55-50Показать телефон'],"['http://ok.ru/sberbank', 'https://t.me/sberbank', 'https://vk.com/sberbank']",83,86,84,64,,,
6,1141583584,СберБанк,"Орский просп., 7, Орск",www.sberbank.ru,"'mon': 09:00-18:00, 'tue': 09:00-18:00, 'wed': 09:00-18:00, 'thu': 09:00-18:00, 'fri': 09:00-18:00, 'sat': 09:00-18:00, 'sun': выходной",51.226192,58.623762,"4,8",['8 (800) 555-55-50Показать телефон'],"['http://ok.ru/sberbank', 'https://vk.com/sberbank']",89,90,88,,,,
7,1109939540,СберБанк,"просп. Ленина, 94, микрорайон Новый город, Орск",www.sberbank.ru,"'mon': 09:00-18:00, 'tue': 09:00-18:00, 'wed': 09:00-18:00, 'thu': 09:00-18:00, 'fri': 09:00-18:00, 'sat': 09:00-18:00, 'sun': выходной",51.249038,58.457237,"4,5",['8 (800) 555-55-50Показать телефон'],"['http://ok.ru/sberbank', 'https://t.me/s/sberbank', 'https://vk.com/sberbank']",80,82,85,57,83,,
8,1137022379,СберБанк,"ул. Добровольского, 25, микрорайон Новый город, Орск",www.sberbank.ru,"'mon': 09:00-18:00, 'tue': 09:00-18:00, 'wed': 09:00-18:00, 'thu': 09:00-18:00, 'fri': 09:00-18:00, 'sat': 09:00-18:00, 'sun': выходной",51.252603,58.439442,"4,5",['8 (800) 555-55-50Показать телефон'],"['http://ok.ru/sberbank', 'https://t.me/s/sberbank', 'https://vk.com/sberbank']",86,92,100,,,,
9,152985177765,СберБанк,"просп. Ленина, 25А, микрорайон Новый город, Орск",www.sberbank.ru,"'mon': 09:00-18:00, 'tue': 09:00-18:00, 'wed': 09:00-18:00, 'thu': 09:00-18:00, 'fri': 09:00-18:00, 'sat': выходной, 'sun': выходной",51.215489,58.521099,"4,1",['8 (800) 555-55-50Показать телефон'],['https://vk.com/sberbank'],,,,,,,
10,126294812629,СберБанк,"Кантемировская ул., 2А, посёлок Первомайский, Орск",www.sberbank.ru,"'mon': 09:00-13:00,14:00-17:30, 'tue': 09:00-13:00,14:00-17:30, 'wed': 09:00-13:00,14:00-17:30, 'thu': 09:00-13:00,14:00-17:30, 'fri': 09:00-13:00,14:00-17:30, 'sat': 09:00-13:00,14:00-16:30, 'sun': выходной",51.257097,58.605020,"4,4",['8 (800) 555-55-50Показать телефон'],"['http://ok.ru/sberbank', 'https://vk.com/sberbank']",,,,,,,
11,1175460400,СберБанк,"Советская ул., 118А, Новотроицк",www.sberbank.ru,"'mon': 09:00-18:30, 'tue': 09:00-18:30, 'wed': 09:00-18:30, 'thu': 09:00-18:30, 'fri': 09:00-18:30, 'sat': 09:00-18:30, 'sun': выходной",51.191783,58.283876,"4,6",['8 (800) 555-55-50Показать телефон'],"['http://ok.ru/sberbank', 'https://vk.com/sberbank']",82,89,90,50,,,
12,1169417513,СберБанк,"Советская ул., 82, Новотроицк",www.sberbank.ru,"'mon': 09:00-18:00, 'tue': 09:00-18:00, 'wed': 09:00-18:00, 'thu': 09:00-18:00, 'fri': 09:00-18:00, 'sat': 09:00-18:00, 'sun': выходной",51.194779,58.297161,"4,4",['8 (800) 555-55-50Показать телефон'],"['http://ok.ru/sberbank', 'https://vk.com/sberbank']",93,96,96,90,,,
13,5531339004,СберБанк,"ул. Мира, 9, Новотроицк",www.sberbank.ru,"'mon': 09:00-18:00, 'tue': 09:00-18:00, 'wed': 09:00-18:00, 'thu': 09:00-18:00, 'fri': 09:00-18:00, 'sat': 09:00-18:00, 'sun': выходной",51.206276,58.298918,"4,4",['8 (800) 555-55-50Показать телефон'],"['http://ok.ru/sberbank', 'https://vk.com/sberbank']",88,90,92,,,,
