,ID,name,address,website,opening_hours,lat,lon,rating,phone,social,Обслуживание,Персонал,Отношение к клиентам,Время ожидания,Банкомат,Расположение,Кредит,Ипотека,График работы
0,1157088064,СберБанк,"просп. Маркса, 46, Обнинск",www.sberbank.ru,"'mon': 09:00-19:00, 'tue': 09:00-19:00, 'wed': 09:00-19:00, 'thu': 09:00-19:00, 'fri': 09:00-19:00, 'sat': 09:00-19:00, 'sun': выходной",55.116163,36.597046,"4,8",['8 (800) 555-55-50Показать телефон'],"['https://ok.ru/sberbank', 'https://vk.com/sberbank']",73,77,72,56,82,93,61,69,55
1,1232219738,СберБанк,"ул. Курчатова, 18А, Обнинск",www.sberbank.ru,"'mon': 09:30-18:30, 'tue': 09:30-18:30, 'wed': 09:30-18:30, 'thu': 09:30-18:30, 'fri': 09:30-18:30, 'sat': 09:30-18:30, 'sun': выходной",55.103281,36.615439,"4,6",['8 (800) 555-55-50Показать телефон'],"['http://ok.ru/sberbank', 'https://vk.com/sberbank']",64,76,68,57,,,,,
2,1121350960,СберБанк,"просп. Ленина, 50, Обнинск",www.sberbank.ru,"'mon': 09:30-18:30, 'tue': 09:30-18:30, 'wed': 09:30-18:30, 'thu': 09:30-18:30, 'fri': 09:30-18:30, 'sat': 09:30-18:30, 'sun': выходной",55.090929,36.613377,"4,6",['8 (800) 555-55-50Показать телефон'],"['http://ok.ru/sberbank', 'https://vk.com/sberbank']",85,88,87,66,50,85,,,
3,1155981509,СберБанк,"просп. Маркса, 79, Обнинск",www.sberbank.ru,"'mon': 09:30-19:00, 'tue': 09:30-19:00, 'wed': 09:30-19:00, 'thu': 09:30-19:00, 'fri': 09:30-19:00, 'sat': 09:30-19:00, 'sun': выходной",55.121958,36.605484,"4,6",['8 (800) 555-55-50Показать телефон'],"['http://ok.ru/sberbank', 'https://vk.com/sberbank']",88,90,87,83,56,,,,
4,1091018108,СберБанк,"ул. Гурьянова, 3/1, Белоусово",www.sberbank.ru,"'mon': выходной, 'tue': 08:30-13:30,14:00-17:30, 'wed': 08:30-13:30,14:00-17:30, 'thu': 08:30-13:30,14:00-17:30, 'fri': 08:30-13:30,14:00-17:30, 'sat': 08:30-13:30,14:00-17:30, 'sun': выходной",55.089934,36.663391,"4,2",['8 (800) 555-55-50Показать телефон'],"['http://ok.ru/sberbank', 'https://vk.com/sberbank']",57,58,67,15,,,,,
