,ID,name,address,website,opening_hours,lat,lon,rating,phone,social,Обслуживание,Персонал,Отношение к клиентам,Время ожидания
0,1051032298,СберБанк,"Парковая ул., 1, Верхняя Салда",www.sberbank.ru,"'mon': выходной, 'tue': выходной, 'wed': выходной, 'thu': выходной, 'fri': выходной, 'sat': выходной, 'sun': выходной",58.054479,60.559305,"4,0",['8 (800) 555-55-50Показать телефон'],['https://vk.com/sberbank'],,,,
1,1140732059,СберБанк,"ул. Ломоносова, 42, Нижняя Салда",www.sberbank.ru,"'mon': 09:00-18:00, 'tue': 09:00-18:00, 'wed': 09:00-18:00, 'thu': 09:00-18:00, 'fri': 09:00-18:00, 'sat': 09:00-18:00, 'sun': выходной",58.073988,60.692210,"4,4",['8 (800) 555-55-50Показать телефон'],"['http://ok.ru/sberbank', 'https://vk.com/sberbank']",100,100,100,
2,244014916032,СберБанк,"ул. Энгельса, 61, Верхняя Салда",www.sberbank.ru,"'mon': 09:00-18:00, 'tue': 09:00-18:00, 'wed': 09:00-18:00, 'thu': 09:00-18:00, 'fri': 09:00-18:00, 'sat': 09:00-18:00, 'sun': выходной",58.050471,60.558319,"4,3",['8 (800) 555-55-50Показать телефон'],"['http://ok.ru/sberbank', 'https://vk.com/sberbank']",75,81,74,65
3,110883974697,СберБанк,"ул. Карбышева, 7, п. г. т. Свободный",www.sberbank.ru,"'mon': 08:45-13:00,14:00-17:30, 'tue': 08:45-13:00,14:00-17:30, 'wed': 08:45-13:00,14:00-17:30, 'thu': 08:45-13:00,14:00-17:30, 'fri': 08:45-13:00,14:00-17:30, 'sat': выходной, 'sun': выходной",58.035002,60.387161,"1,7",['8 (800) 555-55-50Показать телефон'],"['http://ok.ru/sberbank', 'https://vk.com/sberbank']",,,,
4,1031636930,СберБанк,"ул. Энгельса, 68А, Верхняя Салда",www.sberbank.ru,"'mon': 09:00-18:00, 'tue': 09:00-18:00, 'wed': 09:00-18:00, 'thu': 09:00-18:00, 'fri': 09:00-18:00, 'sat': 09:00-18:00, 'sun': выходной",58.047140,60.581314,"4,4",['8 (800) 555-55-50Показать телефон'],"['http://ok.ru/sberbank', 'https://vk.com/sberbank']",71,80,75,48
