,name,icon_href,date,text,stars,answer
0,Елена Пожидаева,,2024-02-02 08:45:27,"Хочу поблагодарить Асанову Зейнеп Исмаиловну потрясающего человека и специалиста. Возникла неприятная ситуация. Все грамотно объяснила, помогла разобраться. Отдельное спасибо за человеческий подход к людям в наше время это большая редкоть.",5,"Спасибо, что поделились положительными впечатлениями. Мы очень ценим обратную связь 💛"
1,Яна И.,,2023-11-27 17:14:38,"Выражаю огромную благодарность Яланской Яне Николаевне,за помощь и решение вопроса,Яночка очень отзывчивая,вежливая всегда готова помочь и ответит на любой вопрос! Спасибо Вам большое)))",5,Благодарны вам за пятёрку и добрые слова о работе нашего сотрудника 💛
2,ЮРИЙ НАУМСКИЙ,,2024-02-09 11:13:46,"Редко сейчас услышишь положительные отзывы на работников банков. Но к счастью, есть люди, которые заслуживают слова благодарности. Неоднократно был свидетелем работы Екатерины Витальевны Лихваревой. Всегда отзывчива, приветлива. На любой заданный вопрос всегда можно получить от нее профессиональный ответ и рекомендации. При возникновении проблем у клиентов, она всегда находит выход из сложившейся ситуации. Низкий Вам поклон, Екатерина Витальевна!!!!!!!!!!!
С уважением Юрий Игоревич",5,"Благодарим за отзыв. Мы стремимся предоставлять нашим клиентам качественное обслуживание и рады, что вы оценили это. Приходите к нам почаще 💙"
3,Елена,,2024-04-01 16:54:34,"Сегодня, 01.04.24г, посетила отделение на Октябрьской, 28, чтобы забрать деньги со своего счета. Что за бардак, вообще, творился в этом отделении?! Терминал с талонами не работал, живая очередь, обслуживают целую вечность. На помощь своим сотрудникам пришла, видимо, какая-то руководитель из кабинета слева от операционистов, тоже стала обслуживать клиентов и меня, в т.ч. Но я ждала около часа. Затем, из 2х касс работала только одна. Передо мной 3 чел., 2х из которых кассир обслуживала по 20 минут каждого. Одна женщина вышла из кассы и прямиком к директору высказать своё негодование. Она сказала, что причиной задержки было то, что кассиру долго не поступал в электронной системе расходный ордер. Когда подошла моя очередь, кассир сказала, что сейчас не надолго опустит жалюзи на окне кассы и чтобы я стояла и никуда не уходила. Сквозь щели жалюзи было видно, что она обслуживает кого-то, видимо, из сотрудников банка. Мне пришлось позвать кассира. Я была возмущена тем, что я прождала 40 минут в очереди и потом еще ждала в самой кассе. Обслуживала кассир, как сонная муха. Я такого медленныого кассира впервые вижу. Прям расчудесная такая. В итоге, после того сумасшедшего дома, что творился сегодня в этом чертовом банке, моей ноги там больше не будет. Деньги забрала, счет закрыла и забуду, как страшный сон. А директору стоит навести порядок в отделении. Иначе клиенты побегут врассыпную. В общем, это не банк, а нечто из ряда вон . Учитесь работать.",1,"Сожалеем, что обслуживание в нашем офисе доставило вам неудобства. Мы обязательно организуем встречу с руководителем и сотрудниками, на которой обсудим вопросы повышения качества обслуживания клиентов. Примите, пожалуйста, наши извинения, исправимся 👌"
4,Банева Н.,,2024-01-30 14:27:09,"Хочу выразить огромную благодарность сотруднице банка ВТБ АКОПОВОЙ Диане Несесовне за оперативное решение непростого вопроса ,т.к. в связи с подтоплением нашего КП не было возможности посетить банк лично. Грамотно, с пониманием дела , очень вежливо и корректно мой вопрос был решен.
Хочется пожелать Диане Н. дальнейших успехов в работе, удачи и благополучия.",5,"Мы с удовольствием передадим информацию руководителю сотрудника, который с вами взаимодействовал. Уровень его компетенции и проведенная работа будут хорошим примером для всех наших коллег."
5,Люсик п.,https://avatars.mds.yandex.net/get-yapic/38135/5ewjib7rrDIkDuT7uut2SmFW9ts-1/islands-68,2024-02-09 09:32:43,"Глубокоуважаемые сотрудники и руководители ВТБ!

Хочу выразить глубокую признательность сотруднику Екатерине Витальевне Л. – за внимательный и доброжелательный стиль взаимодействия с клиентами банка.

С уважением и пожеланием успехов,
Людмила Евгеньевна!",5,Благодарим за приятный отзыв. Довольные клиенты - наша лучшая награда 👍
6,Ksenia Cheremyanova,,2024-02-13 13:18:58,"Самое лучшее отделение в городе для обслуживания юридических лиц , очереди нет никогда , на втором этаже большой опер зал для юр лиц , а не один / два сотрудника, так же регистрируют бизнес бесплатно и выдают ЭЦП, все быстро и бесплатно, рекомендую",5,"Спасибо за отзыв. Так приятно, что вы поставили нам высокую оценку 👍"
7,Ольга Карт,https://avatars.mds.yandex.net/get-yapic/21377/enc-dce6b7c3d0b2fb198c609429868df893874d4fb0b869923f5ac9fd247e8a816c/islands-68,2024-02-04 18:14:34,"Очень долго , причем не ожидание, а именно работа с оператором, одна и та же операция, а по времени, как будто мою доверенность изучают наизусть. Отдел безопасности проверял несколько дней, оператор удостоверился что проверено, но нет, дальше контролёр и наконец кассир, по времени как пересказывать заставляют)))) мне часа не хватает что бы обналичить средства, при этом не сидя в очереди. Банк перестраховывается до обсурда!!! Моё время для них не важно, к сожалению.",1,"Благодарим вас за отзыв. Нам очень важно знать ваше мнение. Мы всегда стремимся к тому, чтобы быть лучше. Проведем работу в целях улучшения качества обслуживания."
8,Роза Попкова,,2024-02-25 16:25:52,"Персонал вежливый, в помещении уютно даже есть кулер с водой для посетителей. Очереди практически нет, обслуживание быстрое и грамотное.",5,Так приятно видеть положительный отзыв! Это очень ценно для нас. Постараемся и дальше соответствовать этой пятёрке 👌
9,Евгений,,2024-04-02 08:11:09,"Выражаю благодарность Лихваревой Екатерине! Помогла быстро и профессионально решить мой вопрос, ответственно подошла к проблеме!",5,"Для нас очень важно, чтобы наша работа приносила вам только приятные впечатления. Постараемся и дальше вас радовать! Отдельное спасибо, что отметили работу конкретного сотрудника 👍"
10,Принцесса,https://avatars.mds.yandex.net/get-yapic/36777/xKw1mOl8Czym9ogAZLG5axYMsAk-1/islands-68,2023-11-05 06:20:38,"Расположение в центре, часы рабочие, как и у всех, в выходные-выходной. Персонал вежливый, мой вопрос решили буквально за 10 мин, очереди не было, есть детский уголок.",5,Ваш положительный отзыв – наша лучшая награда 😊
11,Ирина З.,,2024-02-09 10:51:38,Девочки в ВТБ просто молодцы! Рада приходить к ним как к профессионалам и просто приятно пообщаться))) успехов вам в работе!!!!,5,Благодарим за приятный отзыв. Довольные клиенты - наша лучшая награда 👍
12,Иван Иванов,,2023-07-09 12:19:56,"Отличный офис. Весьма вежливый и внимательный персонал. Оперативно решили вопрос. Удивил пропускной режим. Посетителей нет совсем, сотрудников много. Рекомендую. Отличная замена зелёному :)",5,"Благодарим вас за отзыв. Очень приятно, что обслуживание в нашем офисе оставило у вас положительные впечатления. Ждем вас снова 😃"
13,Ирина Волкер,https://avatars.mds.yandex.net/get-yapic/34189/enc-89ec0bdfd72c5f54055ffaeb75585bfeef2225aff6a621016f4dccad990b5d3e/islands-68,2023-03-15 10:05:38,"Ягубова Александра.Прошу объявить особую благодарность Александре, работнику в отделении г. Краснодар, ул. Октябрьская д.28, которая УДАЛЁННО прониклась проблемой иногороднего жителя, меня, Волкер И.А. и безукоризненно , отлично, быстро, со знанием профессионального дела помогла мне. Даже уже почти при закрытии отделения банка. Верю, что не одна она такая, но попадаются такие отзывчивые люди крайне редко. Ещё раз мои благодарности ей и официально заявляю, что пишу, согласно своему внутреннему убеждению. Она мне, как и я ей, никто. Просто мы ЛЮДИ.",5,"Ирина, для нас очень важно, чтобы наша работа приносила вам только приятные впечатления. Постараемся и дальше вас радовать! Отдельное спасибо, что отметили работу сотрудника 💛"
14,Natasha Z.,https://avatars.mds.yandex.net/get-yapic/31804/ehrn6iPzBdBTtvzCUPzkqsO0o0-1/islands-68,2023-04-27 07:15:30,"Выражаю огромную благодарность сотрудникам за помощь! Всегда очень чисто, вежливый персонал, оказана корректная и полная помощь по всем моим вопросам. Всегда относятся с терпением. Огромное спасибо!",5,"Спасибо, что уделили время и оставили отзыв. Всегда рады приветствовать вас в нашем офисе 😊"
15,Евгений Гайдучёнок,,2024-03-02 18:04:46,Отличное обслуживание. Быстро и качественно. Молодцы. Приятно и с уважением.,5,"Спасибо за положительный отзыв, нам очень приятно 👍"
16,Roman Karabanov,,2023-08-29 19:14:42,"Очень хорошее обслуживание, персонал приветливый, и обходительный. Единственный большой минус, то что негде парковаться. И это доставляет большое неудобство.",3,Спасибо за отзыв. Приняли во внимание.
17,Artic,https://avatars.mds.yandex.net/get-yapic/26311/msytGBNTmbTIVmBmMHMUGiV6xM-1/islands-68,2024-02-19 21:03:53,"Хороший банк, вежливые сотрудники, приятно ожидать, чисто, уютно.",5,"Спасибо за положительный отзыв! Поверьте, мы это очень ценим 💙"
18,Мистер Мелкий,https://avatars.mds.yandex.net/get-yapic/39803/enc-fc8b6e7e5f1b010bcee82c9e4ac2e29a41ae57c5dc0553dc9a89153cb2a10241/islands-68,2023-11-13 16:50:07,"Сотрудники мне там нравятся, доброжелательные, иногда уставшие, но все хорошие",5,"Рады стараться! Спасибо, что вы это оценили 😊"
19,Роман Шалякин,,2023-06-13 12:11:17,"Руководство приняло решение перевезли в этот офис сопровождение ипотеки из основного здания на Гоголя. Ограничили в возможностях специалистов на Гоголя, которые работают, как минимум, в субботу выдать график платежей для ипотеки, сказали, что могут выдать только на Октябрьской. При посещении в будний день имелась ксерокопия паспорта заёмщика, полный комплект документов на ипотеку, справка из МФЦ о том, что паспорт сдан для изменения прописки, отказали в выдаче графика платежей. Клиентоориентированность просто невероятная. полдня убито, спасибо.",1,"Здравствуйте, Роман!
Сожалеем, что возникла подобная ситуация. Мы всегда стремимся быть лучше, поэтому надеемся, что в дальнейшем ваш опыт взаимодействия с ВТБ будет исключительно положительным."
20,456278 Фатима,https://avatars.mds.yandex.net/get-yapic/62162/MlwyCEV7lXsL4prCworn3HEDM-1/islands-68,2023-05-18 16:47:49,"Хочу поставить пять звёзд специалисту Яланской Яне. Обслужила хорошо,с полуслова поняли друг друга,просто слов нет,как приятно было общаться с этим специалистом...Сделала все буквально за секунды...",5,"Благодарим за положительный отзыв и высокую оценку компетенций нашего специалиста! Мы очень рады, что сотрудничество с ВТБ вызывает у вас положительные эмоции 😊"
21,Светлана Бурдейная,,2024-04-01 18:24:04,"Это отделение ВТБ отличается приветливым персоналом! Если и надо проконсультироваться, то сюда!! Рекомендую!!!",5,"Благодарим вас за отзыв. Мы всегда стремимся предоставлять нашим клиентам качественное обслуживание и рады, что вы оценили это 😊"
22,людмила алиева,,2023-12-28 18:58:20,"Хороший банк , грамотно обслуживают и быстро . Есть парковка",5,"Спасибо, нам очень приятно получать обратную связь 💛"
23,Михаил Алейников,https://avatars.mds.yandex.net/get-yapic/26057/GvU3MqMNsrAmE50vSxdhCQcw-1/islands-68,2023-07-26 16:36:01,"Обслуживание вроде как нормальное, но чтобы распечатать справку, которая находится в свободном доступе в личном кабинете и которую можно распечатать на каждом углу за 5 рублей, они запросили 200₽. Я считаю, что это слишком, с учётом того, что я брал кредит на приличную сумму и досрочно его погасил, и как раз эта справка, о погашении кредита мне и была нужна.",3,"Благодарим за обратную связь. В соответствии с тарифами Банка за получение справки в офисе взимается комиссия vtb.ru/tarify/chastnim-licam/
В личном кабинете ВТБ Онлайн вы можете заказать справку бесплатно."
24,Приходченко Владимир,,2023-12-10 11:04:26,Очень качественное обслуживание ! Девочки грамотно дадут ответ на любой вопрос!,5,Благодарны вам за пятёрку и добрые слова о работе наших сотрудников 💛
25,дима сергеев,https://avatars.mds.yandex.net/get-yapic/26057/nIdah9ZtNNkvnSwj4Nudi0DeZrQ-1/islands-68,2023-11-16 16:51:50,"Хорошее отделение, никогда не ждал здесь больше 5 минут свою очередь. Одну звезду снял ща отсутствие парковки, это самый большой косяк.",4,"Спасибо за отзыв.
Надеемся, что в будущем сможем заслужить от вас 5 ⭐"
26,Инкогнито 8854,,2024-02-12 10:43:07,Хочу поблагодарить Акопову Диану за хорошее отношение к клиентам и качественную работу!,5,"Спасибо, что вы оценили нас на 5 ⭐"
27,Марина С,,2024-04-09 06:54:11,Отличный офис! Быстро и качественно обслужили . Спасибо,5,"Благодарим за положительный отзыв о нашей работе. Рады, что вы остались довольны 💙"
28,Светлана Дудина,,2024-04-05 13:47:47,"Решили мой вопрос за 15 минут,выдали не обходимые мне бумаги. Операторы очень внимательны и професиональны",5,"Благодарим вас за отзыв. Мы всегда стремимся предоставлять нашим клиентам качественное обслуживание и рады, что вы оценили это 😊"
29,Анатолий К,,2022-11-27 18:07:38,"Большой и удобный офис в самом центре города. Компетентные и клиентоориентированые сотрудники. Четыре банкомата для клиентов. Чисто, красиво и удобно.",5,"Благодарим за положительный отзыв работы. Рады, что вы остались довольны 🙂"
30,Алексей Мещеряков,,2021-12-27 14:07:27,"Банк ВТБ по расположению не особо удобен, общественным транспортом - ул. Октябрьская (но ограничено кол-во маршрутов), удобнее ул Мира (р-н сквера Дружбы), 7-10 минут и Вы на месте, с парковкой авто большая проблема, лучше эту проблему сразу решать в р-не Кубанской набережной или что-то решать на ул. Рашпилевская (что тоже проблемно). Помещение просторное, уютное, время ожидания не большое, эл. очередь работает чётко, много сотрудников по направлениям, что сегодня редкость, извините за нескромность, в холле можно отдохнуть, как летом, так и зимой придя в банкомат, которых кстати достаточно ( улица, вход, холл), также очень важно наличие касс (по моему их три), персонал вежливый, грамотный, информацию дают обширную, на вопросы практически всегда можно получить ответ, но будьте внимательны, подводные камни есть и лучше подробнее пообщаться с сотрудником. В целом, если бы не парковка, твёрдая 4 с +, всем всех благ.",4,
31,Даниил Величко,,2024-02-08 07:25:42,"Обслуживался в 7 окне у Екатерины, отличный специалист, рекомендую",5,"Спасибо за высокую оценку и за то, что отметили работу сотрудника 👍"
32,Николай Шуба,https://avatars.mds.yandex.net/get-yapic/58107/B5RRUCmu8Q4Q2nfT2Vl89cqw-1/islands-68,2023-09-04 21:59:53,"Не могу понять, почему Крымчанам не одобряют кредитки((( вроде бы мы Россияне, Крым часть России!!! Стоит задуматься правлению банка!!! Стыдно должно быть вам!!!! Я приехал в Краснодар, купили с супругой квартиру, пришел в банк хотел оформить кредитку! Так у меня даже паспорт не взяли, после того как я сказал, что я из Крыма",1,
33,Анна Давыдова,https://avatars.mds.yandex.net/get-yapic/21493/enc-247ba98030dd82ab7e1675bdf95ace7fab0efb114d01455b16146e2de4bc86f6/islands-68,2024-01-28 05:46:43,"Всегда быстро обслуживают, консультации исчерпывающие.",5,"Спасибо, рады стараться 😊"
34,Инна Мороз,,2023-10-11 07:50:16,"Быстро решили все вопросы. Особая благодарность менеджеру Лихваревой Екатерине Витальевне, рекомендую это отделение банка ВТБ.",5,"Спасибо, что уделили время на написание этого отзыва! Приятно видеть, что работа нашего специалиста оставила у вас положительное впечатление 😊"
35,Юлия Голубь,,2024-03-22 11:33:19,"Вроде написанно,что любой банк может поменять испорченную купюру, однако в этом банке мне отказали.",3,"Юлия, благодарим вас за отзыв.
В Банке работа с неплатежными, сомнительными и имеющими признаки подделки денежными знаками организована в соответствии с требованиями Банка России и внутренними нормативными документами Банка.
При совершении кассовых операций, в том числе при приеме и обработке наличных денег, кассовые работники обязаны проверять денежные знаки на подлинность и платежеспособность, а также производить их сортировку на годные и не годные к дальнейшему обращению банкноты и монету, в том числе с использованием специализированного банковского оборудования.
Контроль платежеспособности, в том числе подлинности, денежных знаков Банка России осуществляется в соответствии с требованиями Указания Банка России № 1778-У.
Обмен Денежных знаков, имеющих повреждения, указанные в п.2.9. Положения Банка России № 630-П и в пп.2- Указания Банка России № 1778-У, производится путем зачисления суммы обмененных поврежденных денежных знаков на банковский счет, открытый физическому лицу, либо путем выдачи физическому лицу обмененной суммы неповрежденных денежных знаков Банка России (после их направления на экспертизу в Банк России и их обмена Банком России)."
36,Наталья Кирилюк,,2023-07-03 19:56:59,"Обслуживание хорошее, сотрудники вежливые. Минус огромный в том, что работает всего одна касса, из-за этого приходится долго стоять в очереди, если она есть. В остальном без нареканий.",5,"Спасибо вам, очень приятно получать обратную связь 🙏👌 Приезжайте ещё 💛"
37,Митрович Г.,,2023-12-06 13:58:56,Всегда прозрачные условия кредитования. Хорошая служба поддержки.,5,"Благодарим за положительный отзыв о нашей работе. Рады, что вы остались довольны 💛"
38,Крылов А.,https://avatars.mds.yandex.net/get-yapic/51381/enc-847a099b47e06ea5d311ef5d0154803eb7e7656e1debe871f1d102110a5b47e2/islands-68,2024-01-28 16:49:43,"Отличное обслуживание, почти нет очередей. Брал кредит, все супер. Менеджер Ольга настоящий профессионал.",5,"Спасибо, рады стараться 😊"
39,Иван Волкович,https://avatars.mds.yandex.net/get-yapic/32838/b06F6falKZ763tzuK7IIIAYMKs-1/islands-68,2022-11-15 18:18:38,"Хорошее обслуживание, персонал улыбчив и приветлив. Свои услуги не навязывают. При затруднении посетителей всегда помогают и объясняют, в чем была совершина ошибка. Мне понравился данный банк",5,"Спасибо вам, очень приятно получать обратную связь 🙏👌 Приезжайте ещё 💛"
40,Инспектор Такси,,2023-06-13 20:42:34,"Ужас а не банк!А руководитель ипотечного кредитования это просто отдельная история!
Никогда не чем не помогает,всегда убегает,закрывается и сидит в своем кабинете и кормит завтраками!
Смирнова Ю.В надеюсь старшие откроют глаза на вашу работу и примут меры.",1,"Здравствуйте!
Сожалеем, что обслуживание в нашем офисе доставило вам неудобства. Мы обязательно проведем проверку на основании ваших замечаний вместе с руководством офиса и примем необходимые меры. Благодарим вас за отзыв."
41,Оксана;),https://avatars.mds.yandex.net/get-yapic/58107/fN74rABggvvaY5IPmcA6WTgnJk-1/islands-68,2023-08-10 17:14:07,Работа ипотечного отдела - НОЛЬ!!!!! Ни разу за две недели после одобрения ипотеки ответственный сотрудник Кузнецова Елена не позвонила!!!!! Вы вообще заинтересованы в выдаче ипотеки или как?????,1,"Сожалеем, что так произошло. Ваш отзыв обязательно рассмотрим, чтобы исключить такие ситуации в дальнейшем. Напишите нам на адрес электронной почты SMedia@vtb.ru ваши ФИО и дату рождения. В теме письма просим указать «Яндекс, Краснодар, Октябрьская улица, 28, 10.08.23»."
42,Петр Стадний,,2022-09-10 08:23:53,"Открывал здесь расчётный счёт, быстро, культурно, а самое главное сопровождение, менеджеры которые открывали мне расчётный счёт, делали цифровую подпись, всегда на связи. Всегда проконсультируют. Всегда подскажут.",5,"Хотим также взаимно Вас поблагодарить за высокую оценку и за то, что поделились с нами Вашими положительными эмоциями. Уверены, что в будущем наше сотрудничество будет также исключительно положительным."
43,Татьяна Горячева,https://avatars.mds.yandex.net/get-yapic/29310/x3Jh19igoLvn5cSYBHLljLVFI-1/islands-68,2023-03-10 17:08:23,"Ежемесячно бываю в этом отделении.. ну что сказать: всё зависит от человека ""по ту сторону стола…"" чаще, всё же везёт, ребята попадаются активные, быстро, толково обслуживают, времени лишнего не тратят.",5,"Татьяна, спасибо за отзыв! Будем продолжать в том же духе 💪"
44,Сергей Баранов,,2024-03-07 16:19:35,Нагрели на авто кредите карточка помощь на дороге будьте внимательны.,3,"Огорчены, что вы оцениваете опыт работы с нашим Банком как отрицательный. Мы не оставим без внимания ваши замечания и обязательно передадим их руководителю офиса для анализа."
45,Олеся,,2022-09-28 21:36:10,"Самый долгий и ужасный банк ! Как они долго все делают и нормально даже телефон поменять не могут ! Если знали , что так будет с ним трудно , вообще не связывались бы ! Обременение снимают не в установленные сроки , которые заявляют сами !горячая линия просто 0 , все банки развиваются и делают для своих клиентов , один втб стоит на месте !",1,"Благодарим Вас за отзыв. Нам очень важно знать Ваше мнение. Мы стремимся к тому, чтобы быть лучше. Проведем работу в целях улучшения качества обслуживания."
46,андрей политко,https://avatars.mds.yandex.net/get-yapic/64336/UQIBqYW07BUIXpJIx0dpMZRb4-1/islands-68,2023-05-12 17:56:46,"Обслуживание у операторов нормально, работает всего одна касса , квитанции кроме кап ремонта к оплате не принимают, банкомат в оперзале часто не работает.",3,Благодарим вас за отзыв. Обратная связь нам помогает понять наши проблемы и принять меры для улучшения сервиса и обслуживания.
47,Оксана СокоЛова,https://avatars.mds.yandex.net/get-yapic/38135/6Gcitmon7lMuEI3sXWIb0ezKQI-1571503896/islands-68,2024-01-22 15:47:13,Люблю проводить сделки со специалистами этого отделения!,5,"Спасибо за положительный отзыв! Поверьте, мы это очень ценим 💛"
48,Вета Строгая,,2023-04-02 16:55:25,"Отличное обслуживание, была приятно удивлена, очередей нет девочки консультанты вежливые, приятная атмосфера, хорошая мебель Рекомендую",5,"Рады, что вам понравилось. Ждем вас снова 😃"
49,Татьяна,https://avatars.mds.yandex.net/get-yapic/25358/6DfEl16IAPZOtcN5TIgcM9eYRU-1/islands-68,2022-04-18 16:48:32,"Очень приятно, что специалисты решают все проблемы. Время ожидания не значительно, очередь быстро движется. Много банкоматов, есть работающие круглосуточно.",5,Ваш положительный отзыв для нас – лучшая награда 😊
50,Мария Клепикова,,2022-11-18 15:59:49,"Хочу выразить огромную благодарность Яланской Яне, а так же Георгию за помощь в решении моего вопроса. Именно в этом отделении работают лучшие специалисты! Успехов вам !",5,"Мария, так приятно, что вы поставили нам высокую оценку и отметили работу сотрудника!"
51,ММК,https://avatars.mds.yandex.net/get-yapic/36689/Eo3Z3wBho7fsAcq1EmLyZKSkow-1/islands-68,2023-10-29 08:34:55,"Был тут пару раз,обслуживали быстро и очередной не было",5,"Спасибо, рады стараться 😊"
52,Анастасия Т,,2023-02-03 00:15:15,"Сотрудники по ипотечному сопровождению переехали на Октябрьскую, 28. Этого я не знала, когда приехала в филиал ВТБ по адресу: Гоголя, 68. И когда стала задавать интересующие меня вопросы, страховые агенты стали с безразличием отвечать на вопросы, оправдывая себя по пути ""мы не сотрудники банка"". И пинали нас от окна к окну на втором этаже. А всего лишь надо было сказать, что они не соображают в элементарных вещах и те, кто мне нужен, переехали. Хотя при входе в банк молоденькое создание сначала меня спросило ""по какому я вопросу"", я ответила ""по поводу ипотеки"". Она уверенно отправила меня на второй этаж. Это я итак сама знала. Но не предупредила меня, что там сидят страховые агенты, которые занимаются только делами по страховке ипотеки. Хотя буквально 4 месяца назад они там сидели толпой все вместе. Нигде никакой предупреждающей инфы. А вот на Октябрьской сотрудники разжевали и вытерпели все мои вопросы. Там умнички.",5,"Анастасия, нам жаль, что после обслуживания в Банке у вас остались негативные впечатления. Мы не оставим без внимания ваш отзыв и направим информацию руководителю офиса для повышения качества обслуживания. Рады, что удалось решить вопрос в другом офисе."
53,Яна Гулян,,2023-01-08 19:11:45,"Обслуживание хорошее, всегда готовы помочь решить проблему, персонал дружелюбный. Очереди нет",5,Спасибо за такие приятные слова. Всегда Вам рады помочь 💪
54,Елена Буракова,,2023-07-04 17:28:10,"Очень хорошая сотрудница в отделе сопровождения ипотек, а вот горячая линия даёт неправильную информацию",5,Довольные клиенты - наша лучшая награда. Благодарим за высокую оценку нашей работы.
55,Шадыева Оксана Петровна,https://avatars.mds.yandex.net/get-yapic/63032/80IGzb6PTIx8IpDLFepJJeRSP0-1/islands-68,2023-02-14 19:50:52,"Пригласили подписать документы на оформление кредита. Поехала 40км - отказали, сотрудник высокомерный. Впечатление - такое себе. Как клиент банка, сказать ни чего не могу, так как таковым не являюсь.",1,"Нам очень жаль, что по вашей заявке было принято отрицательное решение."
56,Олег Хандыга,https://avatars.mds.yandex.net/get-yapic/35885/enc-1f72e302d71944c2e06938a99791643080633383ac3dc2f58f96597f0185e1cf/islands-68,2022-12-24 16:52:24,"Электронная очередь, как это не удивительно! Всё быстро, специалисты хорошие, доехать до отделения нет проблем. Мне нравится.",5,"Рады, что Вам понравилось. Ждем Вас снова 😃"
57,Максим Черкасов,https://avatars.mds.yandex.net/get-yapic/38663/IE2HO8illIfy89tUCIIxcmYYg-1570262640/islands-68,2023-12-28 16:11:27,Тоже все четко и быстро,5,"Благодарим за положительный отзыв, нам очень приятно 👍"
58,Kseniya C.,,2023-06-29 14:54:58,"Сотрудники в наглую врут что нельзя выпустить карту без страхования от мошенников, так еще и говорят что это на месяц, а эта страховка потом продлятся каждый месяц, не отключают смс уведомление и просят прийти в другой день. Кол-центр ничем не может помочь говорит идите в банк и пишите жалобу руководителю отделения. Не ценят время клиентов. ВТБ и сотрудники - оцтой",1,"Спасибо, что написали нам. Мы не оставим без внимания ваш отзыв и передадим его руководителю офиса для дальнейшего анализа.

Позвольте также отметить, что мы всегда стараемся предложить наилучшие решения, которые соответствуют требованиям клиента. Но любые договоры с Банком могут быть заключены только с добровольного согласия клиента.

Для отключения от программы рекомендуем лично обратиться в любой офис Банка.

Приносим извинения за возможные неудобства."
59,Екатерина Новикова,,2023-10-17 08:15:36,Хороший удобный банк. Пользуюсь несколько лет,5,"Спасибо вам, очень приятно получать обратную связь 🙏👌 Приезжайте ещё 💛"
60,Елена Ч.,,2022-12-23 07:21:18,"Сам банк, как и его приложение - никчемный!
Сотрудники никакие! Ответы на вопросы не дают! Онлайн помощник не стоит и времени, клиентоориентированность на нуле!",1,"Поверьте, мы стремимся быть лучше. Обратная связь нам помогает понять наши проблемы и принять меры для улучшения сервиса и обслуживания. Благодарим Вас за отзыв."
61,Mr.Дамбо 🐘,https://avatars.mds.yandex.net/get-yapic/54535/x48Iq8KrLeoeZth8B5NuShU0Y-1/islands-68,2023-08-24 18:49:47,"Так хотелось попить воды, а кулера нет…. Как так? 21 век на дворе? Идти к колодцу?",3,"Спасибо за отзыв. Обязательно проведем проверку в данном отделении.
Простите за возможные неудобства."
62,Ольга П.,,2023-08-21 17:58:06,Обслуживание быстрое. Персонал приветливый и грамотный. Осталась довольна.,4,"Рады, что вам понравилось. Ждем вас снова 😃"
63,Ирина Владимировна,https://avatars.mds.yandex.net/get-yapic/63032/pV7TCGRvVl7vJoBVaRXd68voQY-1/islands-68,2022-12-29 11:15:53,"Быстрое обслуживание, замечательное отношение к клиентам, грамотный персонал",5,"Рады, что вам понравилось. Ждем вас снова 😃"
64,Алексей Тукин,https://avatars.mds.yandex.net/get-yapic/39803/c64wtbV1WTLQZu91PLksUamgBnQ-1/islands-68,2023-03-17 18:34:53,Замечательные специалисты по обслуживанию физ и юр лиц - рекомендую отделение на Октябрьской,5,"Алексей, спасибо вам, очень приятно получать обратную связь 🙏👌 Приезжайте ещё 💛"
65,Сергей,https://avatars.mds.yandex.net/get-yapic/48449/1w5Hv4K2GtYHJvUfeFiO6muMZxs-1/islands-68,2023-11-03 19:39:34,Удобный и надёжный банк,5,Огромное спасибо за приятный отклик и доверие 💛
66,Юрийй Журавлев,https://avatars.mds.yandex.net/get-yapic/62162/RktuvHhQOjWD4HVMnmvdQKl2s-1/islands-68,2022-05-02 13:18:15,"Чисто, уютно, много окон. Вызов по талончикам, если нет льгот или премиум или vip. Отношение дружественное. Банкоматов много при входе.",5,
67,Зейнеп Асанова,https://avatars.mds.yandex.net/get-yapic/50071/xdhldEztZEFveFL5rYYCrOnur4-1/islands-68,2024-02-04 17:50:39,Лучшее отделение Банка ВТБ,5,"Рады видеть, что вы оценили нас на 5 ⭐"
68,Татьяна Владимировна Перминова,https://avatars.mds.yandex.net/get-yapic/28439/Oh1DmMX4czNfPGOe27JLlnzcj7M-1/islands-68,2023-03-17 06:28:29,"обратилась в банк, грамотные сотрудники,все понятно обьяснили,спасибо",5,"Татьяна, для нас очень важно, чтобы наша работа приносила вам только приятные впечатления. Постараемся и дальше вас радовать! Отдельное спасибо, что отметили работу наших сотрудников. Приезжайте ещё 💛"
69,Иван Иванов,,2023-03-06 17:35:36,Современный дизайн интерьера и персонал вежливый.,5,"Рады, что вам понравилось. Ждем вас снова 😃"
70,Вероника Чернышева,https://avatars.mds.yandex.net/get-yapic/36777/O2dlVUGpHDX2QCGTnvtmx1T7YKs-1/islands-68,2023-06-20 18:12:02,"Все быстро и поделу, нет парковки, ближайшая за 1км",5,"Вероника, благодарим за положительный отзыв, нам очень приятно 👍"
71,Люда Ц.,,2021-09-25 06:24:53,"Хочу выразить свою благодарность консультанту Ользе Железняк за терпение и желание помочь в моем вопросе. Несмотря на всю сложность вопроса, все было довндено до нужного результата. Спасибо!",5,"Благодарим за положительный отзыв работы сотрудника. Рады, что вы остались довольны 🙂"
72,Виктор Никулин,https://avatars.mds.yandex.net/get-yapic/39803/NfYiYNpiHbRoOCVTEyeLodst5Os-1/islands-68,2023-01-04 19:31:49,"К персоналу вопросов нет - вежливые, компетентные, но нет парковки...",5,Благодарны вам за пятерку и добрые слова о работе наших сотрудников))
73,Женя,https://avatars.mds.yandex.net/get-yapic/43473/enc-c7e1b69a81c09d30a6ceeca769e0a1532aaf7f0968e63b529564ca34a9f06b80/islands-68,2022-10-30 19:21:21,"На всех этапах попадаются неквалифицированные сотрудники, которые вообще не понимают что они делают, не рекомендую этот банк.",1,"Женя, обратим внимание руководителя на компетенцию сотрудников. Нам важно, чтобы наши клиенты могли получить квалифицированную помощь. Исправимся!"
74,Андрей О.,https://avatars.mds.yandex.net/get-yapic/45848/Fu4ohse0h6yFwFO9RdZ2J851cQ-1568317425/islands-68,2022-05-15 10:23:13,"Всем добра! Средний филиал,с парковкой всё плохо.Сотрудники доброжелательные,кто перевёл пенсию благодаря акции,сидят в очередях,сотрудников не хватает.",3,
75,Науфаль Фатыхов,https://avatars.mds.yandex.net/get-yapic/54535/g8qdnb6PguXAnXoiC7XD2ZaGfKw-1/islands-68,2023-08-16 19:04:07,Отзывчивый и грамотный персонал,5,Ваш положительный отзыв – наша лучшая награда 😊
76,Игорь Котляров,,2023-10-08 11:51:18,Замечательно сдесь находится,5,"Спасибо вам, очень приятно получать обратную связь 🙏👌 Приезжайте ещё 💛"
77,Алла М.,,2021-10-04 16:08:06,"Лояльность к давним клиентам-нулевая. Столкнулась с мошенниками и «сливом» персональных данных. Банк свою ошибку не признаёт. Кстати, каким-то чудом у них оказалось моё согласие на перевод денег с помощью голоса, хоть я его не давала. Оказалось, что эта опция автоматически устанавливается, и если не хотите переводить деньги голосом, нужно отказаться с помощью заявления. Так что, информацию о предустановленных опциях, клиент, видимо, должен получить из космоса",1,
78,Седа Казарова,https://avatars.mds.yandex.net/get-yapic/59871/E6yCs3sLTIoejvtcaTHzVnyBw-1/islands-68,2022-10-28 17:49:37,"К сожалению не могу говорить положительные слова! Помогли с 10 раза, но могу выделить некоторых специалистов которые в итоге помогли)",3,"Благодарим Вас за отзыв. Нам очень важно знать Ваше мнение. Мы стремимся к тому, чтобы быть лучше. Проведем работу в целях улучшения качества обслуживания."
79,Александр Москалев,https://avatars.mds.yandex.net/get-yapic/58107/pMYAaX33N0OTHLEmqn8Yn5hAgaM-1/islands-68,2023-03-25 16:30:52,"Очень достойно, всё быстро и с уважением!!",5,Спасибо вам большое за доверие 🤗 Приходите к нам почаще!
80,лариса ахмедова,,2022-10-22 18:14:42,Внимательно относятся к клиентам банка. Быстро и качественно решают все вопросы,5,"Огромное спасибо за приятный отклик 💛 Рады, что смогли помочь в решение вопроса 😉"
81,Михаил Дьяченко,,2024-02-06 07:33:57,Выгодный банк.,5,"Спасибо, нам очень приятно получать обратную связь 💛"
82,Инна М.,https://avatars.mds.yandex.net/get-yapic/36777/T1vsEBiqx9g6dKITDmmIwadBBeU-1/islands-68,2022-10-23 06:28:01,"Прекрасное обслуживание, ответы на все вопросы. Скорость и качество в совершении сделки!",5,"Благодарим за положительный отзыв работы. Рады, что вы остались довольны 🙂"
83,Иван Марченко,https://avatars.mds.yandex.net/get-yapic/29310/OUbWwfC8JD9wykJTLoAFMM4s268-1/islands-68,2023-10-25 12:00:21,Хороший банк,5,"Спасибо за отзыв! Рады видеть, что вы оценили нас на 5 ⭐"
84,Акира,https://avatars.mds.yandex.net/get-yapic/31078/HHXYbFgZL8k8z6xnwD3rQKd0LjQ-1/islands-68,2021-08-21 16:59:05,"Ужасный голосовой помошники! Бездарные сотрудники! Теряешь по полтора, два часа времени! Горячая линия такая же, все время идут технические работы (со слов операторов) И по зарплатой карте не идут проценты на остаток... Ответ просто сразил - это Вы храните деньги в нашем банке... А то что банк ними пользуется.... 🤔 Стараюсь минимизировать контакт с сотрудниками банка!",1,"Нам очень жаль, что у Вас остались негативные впечатления после обслуживания в Банке. Хотели бы разобраться в Вашей ситуации относительно начисления средств на остаток. Для этого просим направить на наш адрес SMedia@vtb.ru Ваши ФИО, дату рождения, а также подробности ситуации. В теме письма необходимо указать «Яндекс, Краснодар, Октябрьская ул., 28, 21.08.21»."
85,Никита Малюков,https://avatars.mds.yandex.net/get-yapic/21377/enc-cb7c59ed952c85270b4c69a7fb61bb7e98eee9008467e0d4eb455d6405be2647/islands-68,2023-02-27 06:06:39,"Отличные специалисты, помогали что со счетами что с вопросами по ипотеке",5,Спасибо за такие приятные слова. Всегда вам рады помочь 💪
86,Дмитрий.м,https://avatars.mds.yandex.net/get-yapic/57243/CLcvGizamuL6OaN1RbGJPUi5ls-1/islands-68,2023-06-11 18:07:19,Быстро и удобное обслуживание,5,"Спасибо, мы стараемся! Рады, что вы это оценили 😃"
87,Irena Martinyuk,,2021-09-24 12:15:25,"Хорошее отделение банка ВТБ-24, очереди нет, операторы об' ясняют доступно. Есть круглосуточный банкомат, очень часто выручает.",1,"Рады, что Вам понравилось. Ждем Вас снова 😃"
88,алекс и.,,2021-09-01 08:38:21,"Требуют сканы абсолютно всех страниц паспорта, чего по закону не требуется, плюс фото. Без этого пенсионеру пенсию не перевести. Кредит не просил мне он не нужен, просто перевод пенсии и получение карты. Офис на Таганрогской, Ростов, окно 4.",1,"Хотим пояснить, что в соответствие с Положением Банка России от 15.10.2015 №499-П кредитная организация обязана до приема на обслуживание идентифицировать физическое лицо.
С учетом требований настоящего Положения Банк вправе осуществлять сбор сведений (документов).
Таким образом, действия Банка по проверке, сканированию паспорта и фотографированию клиента при предоставлении услуг в целях актуализации персональных данных в Банке в соответствии с Положением правомерны и осуществляются в соответствии с утвержденным в Банке порядком."
89,Галина С.,,2019-08-30 20:15:16,"Обращались в данное отделение не одн раз. Персонал кредитного отдела очень приветливый и отзывчивый. Есть столик для деток с карандашами и раскрасками, а также очень внимательная и милая девушка-администратор, которая помогала увлечь нашего старшего ребенка пока мы были заняты))) Так же нам предложили переговорную комнату чтобы покормить и переодеть нашу малышку. Очереди практически не было. Остались очень довольны!!!",5,
90,Ivan ------,,2022-05-22 08:36:13,"Ужасный банк, все отделения. Обманывают клиентов, ложная реклама, не достоверная информация. Один обман. Не пользуйтесь услугами это банка.",1,
91,Светлана Б.,https://avatars.mds.yandex.net/get-yapic/32838/2BhOKU39ptC7Ril9fBnxgDz7jQI-1/islands-68,2022-11-04 16:38:00,"Не все идеально в этой канторе, но.... Без её услуг иногда не выбраться!!!",5,Благодарим за пятерку. Всегда рады вам помочь!
92,Анисимова Светлана,,2022-02-15 17:13:16,"Отлично. Грамотная, консультация, быстро, четко, удобно",5,Спасибо за отзыв! Будем продолжать в том же духе 💪
93,Задорнов Антон,https://avatars.mds.yandex.net/get-yapic/15298/enc-105201b389cf006317f2ad752447d741/islands-68,2022-11-21 18:09:40,"Нормальный банк
Только сотрудники любят поболтать между собой в ущерб работе",4,Благодарим за обратную связь. Исправимся!
94,Анна Н.,,2020-09-23 12:36:51,"Выражаю благодарность главному финансовому консультанту Яланской Я.Н. и коллеге из этого же отдела (имя молодого человека не запомнила) за быстрое решение моего вопроса, нестандартный подход и высокую отзывчивость ко мне.",5,
95,Евгений Аванесов,https://avatars.mds.yandex.net/get-yapic/41409/c18lbS7WGAxZ0LRkCpTLWMm4eyM-1/islands-68,2022-09-19 16:59:55,"Банк ВТБ,, оформляли в этом банке ипотеку и закладную. Остались довольны обслуживанием.",5,"Так приятно, что вы по достоинству оценили нашу работу! Это очень ценно для нас. Постараемся и дальше соответствовать вашей пятерке))"
96,арсен алиев,https://avatars.mds.yandex.net/get-yapic/25358/enc-fd2bac8a7c34c2ce70e64097a6d4557c34317df235fc405acfd4c0a4cbfc79bd/islands-68,2022-12-14 13:11:40,Обслуживание юр лиц на хорошем уровне. Минус это отсутствие парковки,4,"Благодарим, что отметили хорошее качество обслуживания. Хотим отметить, что Банк не предоставляет места для парковки."
97,Анастасия Токарева,,2021-06-28 14:10:54,"Заполнчешь заявку на кредит онлай, тебе приходит одобрение по одним условиям, а приходишь в банк, а тут тебе говорят нет, Вам одобрен кредит, но по другим условиям и втюхивают по максимальным процентам. Лохотронщики, не советую этот банк!",1,
98,ЧК,https://avatars.mds.yandex.net/get-yapic/36777/ugzILHugtGmXlSTaDOqkBuNgNE-1/islands-68,2022-01-05 12:20:12,"Обычное отделение банка ВТБ, поэтому сделка затянулась на 3 часа. Обратился по карте, все сделали быстро и квалифицировано.",4,
99,Георгий В.,https://avatars.mds.yandex.net/get-yapic/53031/3FSHVFDaevsFSwyNcF2ri8z7k-1/islands-68,2021-06-07 22:05:04,Был один раз но мнение сложилось хорошее. Сотрудники вежливые быстро разобрались с проблемой и решили ее. Остался доволен обслуживанием.,5,
100,Ольга Черненко,,2023-08-14 17:54:22,Слава Богу я доплатила ипотеку!!!!,5,Поздравляем 👍
101,Денис М.,,2023-07-23 17:28:40,Сервис на высшем уровне.,5,"Спасибо, мы стараемся! Рады, что вы это оценили 😃"
102,Жанна Строева,https://avatars.mds.yandex.net/get-yapic/31078/7Uw1nqgGSw0ToyatouX3bTU1W0I-1/islands-68,2022-04-29 13:12:03,Приятный и грамотный персонал. Субсидию на ипотеку оформили быстро.,5,
103,Виктория М.,,2023-08-24 19:27:22,Самый лучший банк ☀️,5,Спасибо за отзыв! Будем продолжать в том же духе 💪
104,Ирина Кириевская,https://avatars.mds.yandex.net/get-yapic/33202/9FXLv4ob6Lised4lgJH3NuBjI-1/islands-68,2022-11-22 09:06:13,Не работал аппарат на выдачу талонов и сразу внеочередники появились,5,Спасибо за отзыв. Обязательно проведем проверку в данном отделении 👌
105,Владимир Аваков,,2023-10-27 16:03:34,Хорошо!,5,"Рады видеть, что вы оценили нас на 5 ⭐"
106,Алена,,2022-09-03 18:33:51,"приятные обслуживание и персонал,а вот одидание было долгим",5,"Алена, мы рады, что вы остались довольны обслуживанием. Что касается длительного обслуживания, то данный вопрос у нас на контроле. Надеемся, что в дальнейшем мы не заставим вас ждать."
107,Вячеслав,https://avatars.mds.yandex.net/get-yapic/43473/enc-d0c3d946f83b2eac922d86da6c77cde64a36cc6bac2ad68be5c6ef888cab41df/islands-68,2022-11-12 17:09:23,Отличное место расположение !,5,Спасибо за отзыв! Будем продолжать в том же духе 💪
108,Валерия Шпарага,https://avatars.mds.yandex.net/get-yapic/62162/ciGIft3vWBqKdCogWfc5JgypX0-1/islands-68,2022-08-01 10:37:48,"Очень долгое обслуживание, что бы зажать вопрос потеряли 1,5 часа но его никто не решил",2,"Примите наши извинения за длительное ожидание. Нас такое ожидание не красит. Мы организуем встречу с руководителем и вместе разработаем комплекс мер, которые позволят решить данный вопрос."
109,Сергей,https://avatars.mds.yandex.net/get-yapic/36689/mlabu8IuzQbx7eu7M6FzDGx6EEU-1/islands-68,2023-10-09 02:33:17,Вечно выходной.,3,Спасибо за отзыв. Приняли во внимание.
110,Александр,,2023-04-26 17:46:17,"Быстро професионально
Молодци",5,"Александр, спасибо за теплые слова. Довольные клиенты - наша лучшая награда."
111,Ксения Бабченко,https://avatars.mds.yandex.net/get-yapic/40138/SjMGSvKZUZzmKlygk0XwFQs1fA-1/islands-68,2022-05-07 18:41:23,Любимый банк и работодатель. Ипотечный центр на высшем уровне!,5,
112,Анна Стулова,,2022-05-10 17:34:37,Всегда профессионально обслуживают сотрудники фронт линии !,5,
113,ООО ИНДУСТРИЯ-ЮГ,https://avatars.mds.yandex.net/get-yapic/21493/enc-1205d1f7849af5c64c5eaba8cb63cb7fa7fafeb014786f6f5466db48a344ad6d/islands-68,2022-12-05 07:44:50,"Ужаснейший банк, не чего не могут решить.....",1,"Хотели бы разобраться в ситуации, с которой Вы столкнулись в офисе. Расскажите, пожалуйста, подробнее. Обязательно изучим информацию и примем меры 👌"
114,Наталья В.,https://avatars.mds.yandex.net/get-yapic/31078/IgZqMQxCD02RNki9j5by1urVW5c-1/islands-68,2021-10-04 13:48:23,"Не снимают обременение с квартиры, ипотека погашена полностью 09.09.2021г. В письме написали, что срок снятия обременения (с учетом того, что на квартиру не было закладной) займет 30 дней. Сегодня (04.10.2021г.) позвонил сотрудник банка и сказал, что снятие обременения займет примерно по времени - до конца ноября, но это не точно, возможно больше",1,
115,Залипай online,https://avatars.mds.yandex.net/get-yapic/68143/VTd9v4CBbxWK4wJ4D3iA3uds74M-1/islands-68,2021-09-08 10:00:47,"На удивление отличное обслуживание,приложение конечно работает так себе, а в самом банке все быстро и просто.",5,"Рады видеть, что Вы оценили нас на 5 ⭐"
116,Лили и я,,2021-07-22 11:08:24,"Связаться с менеджером невозможно.На телефоны,указанные для связи не отвечают.При оформлении договора дважды переделывали из-за своих ошибок .На исправление ошибок ушло 1,5 часа",1,"Примите наши извинения за возникшую ситуацию. Со своей стороны обязательно организуем встречу с руководителем офиса и разберем ситуацию в деталях, чтобы в будущем такого избежать."
117,Алина Жукова,https://avatars.mds.yandex.net/get-yapic/40841/fizPaZgJ1R1Pv2ewwTHbav7vGLA-1/islands-68,2023-01-23 12:07:03,Быстрое обслуживание клиентов.,5,"Спасибо, рады стараться 😃"
118,Дмитрий,https://avatars.mds.yandex.net/get-yapic/28053/oR7sFKYHa5a9QzfhLUP9EWbhSVA-1/islands-68,2021-10-15 09:32:01,Именно в этом отделении всё понравилось... Но с парковкой рядом прям проблема.,4,
119,Владимир Маняхин,,2022-07-24 13:28:26,"Хорошее отделение, приветливые служащие.",5,
120,Евгений,,2023-03-28 17:25:30,Моя любимая работа,5,"Спасибо вам, очень приятно получать обратную связь 🙏👌 Приезжайте ещё 💛"
121,Татьяна В.,,2021-06-12 14:40:36,Отвратительное обслуживание в офисах ! Такое же тупое приложение ! Горячая линия на вопросы ответить не может ...звонки сбрасывают ! Хуже не бывает,1,
122,Vlad_124,https://avatars.mds.yandex.net/get-yapic/49368/EIObfyuU3H8Gi7sskXRiYcXJwI-1/islands-68,2021-04-27 09:16:48,"Вежливый персонал, быстрое обслуживание, замечательный директор офиса.",5,
123,Марина Урусова,https://avatars.mds.yandex.net/get-yapic/27274/fovSOlN9mPecGAf4jiIv0FwKMk-1/islands-68,2023-06-03 06:56:24,Быстро помогли,5,"Огромное спасибо за приятный отклик 💛 Рады, что смогли помочь в решении вопроса 😉"
124,Людмила Перфильева,https://avatars.mds.yandex.net/get-yapic/21377/enc-ffa90e15e7a25a28191b57be52bde31298eee9008467e0d4eb455d6405be2647/islands-68,2020-05-12 10:59:52,"В Терминале заело ленту. Очередь не фиксировалась, хотя номера присваивались. Клиентов принимали мо мере окончания терпения. Через час после бурного выяснения ситуации сотрудник удосужился подойти и настроить терминал. После чего сотрудники банка продолжили приём в порядке общей очереди не взирая на выданные талоны. Зачем вводить электронную запись если её не соблюдают прежде всего сотрудники ВТБ?",1,
125,Алексей Мальцев,,2023-01-16 16:18:26,Хороший коммерческий банк.,5,"Рады видеть, что Вы оценили нас на 5 ⭐"
126,Татьяна Марина,https://avatars.mds.yandex.net/get-yapic/27232/0V3MbcqPYiuBHWbljeXVHtTqCiY-1/islands-68,2023-04-20 17:11:06,Отличный банк!),5,"Очень приятно получить такую высокую оценку, спасибо 😊
Рады, что вы доверяете нам!"
127,Лина Е,,2022-02-01 13:13:33,"Персонал девочки замечательные а вот сам банк полная совдепия , приходишь и сидишь часами пока программное обеспечение начнёт работать все жутко виснет персонал вечно нервничает вместе с клиентами .",2,
128,Катюша К.,https://avatars.mds.yandex.net/get-yapic/15298/enc-5b0149ef758df68dd729e6c830c78c80b63ccc489e8a6ba55257f36f231a37b5/islands-68,2020-07-30 07:17:55,"Банк впринципе странно оценивать. В каждом свои минусы, а плюсов особо не замечаешь. Когда там были, сидели в очередях, искали документы по кабинетам... Как и везде",3,
129,Михаил Виноградов,https://avatars.mds.yandex.net/get-yapic/49368/IXhetYIDMjwsiUmMKtSnMKowQM-1/islands-68,2022-04-15 10:52:36,Голосовой помощник никакой. Ожидание ответа оператора 40 минут в итоге!,1,
130,Юрий Г.,,2021-08-05 09:03:58,"Охранники не адекватные им надо голову полечить и поучится манерам вежливости, или в Краснодаре так принято друг другу грубить, дикари.",1,"Юрий, мы сожалеем, что обслуживание в нашем офисе доставило вам неудобства. Мы обязательно организуем встречу с руководителем офиса и сотрудниками, на которой обсудим вопросы соблюдения стандартов обслуживания. Примите наши извинения за доставленные неудобства."
131,Alexander Chumachenko,https://avatars.mds.yandex.net/get-yapic/39460/5cDdQveUtlwXnruwchg5XQhsRJk-1/islands-68,2020-02-04 23:36:29,Офис находится в доступном месте имеется парковка хотя и платная персонал квалифицированный вопросы решаются быстро,4,
132,Маргарита Джамхарова,https://avatars.mds.yandex.net/get-yapic/44850/uHG7I1QU2yhKPwutrevaCadU5U-1/islands-68,2022-08-25 18:04:42,Самый лучший Банк в России!!!!,5,Благодарим за добрые слова 💛
133,Анжелика Яблонская,https://avatars.mds.yandex.net/get-yapic/43978/eKrFIFjjVa7XDu0pc9iP7tJ5VA-1/islands-68,2021-09-22 09:35:27,Дистанционные сделки с недвижимостью. Отличный сервис,5,"Благодарим. Нам очень важно, чтобы каждый клиент оставался доволен 😃"
134,Опасный,,2022-02-19 16:14:57,Хороший банк но увы как всегда очередь бывает.,3,
135,Анна,https://avatars.mds.yandex.net/get-yapic/31078/aGM3rGAio8z858tymlvPVnUTHIo-1/islands-68,2023-01-10 06:42:55,Отношение скотское.,1,"Благодарим вас за отзыв. Нам очень важно знать ваше мнение. Мы стремимся к тому, чтобы быть лучше. Проведем работу в целях улучшения качества обслуживания."
136,Татьяна Бондур,,2019-12-16 11:01:13,"Вежливый персонал,качественное обслуживание,индивидуальный подход к клиенту. Спасибо, очееь здорово",5,
137,Кусанова Сауле,,2021-07-20 10:13:50,"Отличный банк! И обслуживание, и продукты банка отличные👍👍👍",5,Спасибо за теплые слова. Довольные клиенты - наша лучшая награда.
138,роман ковров,,2022-06-11 17:40:44,Обслуживание плохон - долго ждать,2,
139,Дмитрий Львов,https://avatars.mds.yandex.net/get-yapic/20749/enc-26901a9bbbdc6331f36425962b95ad90e44587be04c67636361dd5bb94527965/islands-68,2022-04-19 16:33:42,"Обслуживание юр лиц намного лучше, чем на Горького.",5,"Рады видеть, что Вы оценили нас на 5 ⭐"
140,Роман А.,,2020-09-10 12:20:42,Ужасное место. Взял талон. Людей в отделении было 5 человек. Прождал 40 минул ни 1 человека в моей очереди не продвинулось. Ленивые работники не работают. Не советую сюда заходить,1,
141,Влада Никогосова,,2020-02-25 15:29:06,Очень хороший банк.Очень нравится менеджер Яланская Яна Николаевна. Пользуюсь услугами этого банка много лет.,5,
142,lemel1973,https://avatars.mds.yandex.net/get-yapic/36689/UXXEUgVqxGabGlZKIlBZUwiXxM-1/islands-68,2022-02-13 16:17:51,"Обычный втб, есть валютный банкомат, а так все тоже",5,"Рады видеть, что Вы оценили нас на 5 ⭐"
143,Иван Ушкал,https://avatars.mds.yandex.net/get-yapic/38663/enc-6581cc130ecaaba38b971a1d6c12baa1b3ea3a7a2525c1b2e17672a764074fa1/islands-68,2021-09-09 09:52:51,"Иногда подвисает система, приходится ожидать от 10-15 минут до 1 часа.",5,Спасибо за отзыв! Ваши замечания не оставим без внимания и примем меры для оперативного решения вопроса.
144,мария косоухова,,2022-07-25 17:10:48,Очень вниматеный персонал,5,
145,александр киселев,,2022-01-30 21:31:26,"Не очень, просто не смогли настроить мне смс уведомление",4,
146,Наталия Богатыревская,https://avatars.mds.yandex.net/get-yapic/45566/orH2lRFlk7MSyf937zimYLHUZ8-1/islands-68,2022-06-07 07:04:10,Возможно посещение инвалидов,5,
147,Отец Антоний,https://avatars.mds.yandex.net/get-yapic/29310/aLieMN39lBTZih74YktBGfTS7K4-1/islands-68,2019-12-12 16:53:28,"Всегда есть свободный банкомат. Их здесь 4 штуки (разные модели и размещение). И тебе на улице, и в предбаннике, и непосредственно в самом зале.",5,
148,Аноним аноним,,2023-01-16 19:03:27,"Нет парковки, абсолютно неудобно на авто ехать",4,Спасибо за отзыв! Приняли во внимание.
149,Ekaterina K.,https://avatars.mds.yandex.net/get-yapic/53031/t6YGCqRs8nCdmngssaCIIaxTMg-1/islands-68,2021-03-04 10:46:26,"Обслуживанием довольна, но с парковкой совсем беда, где ж машину оставлять...",5,
150,igor,https://avatars.mds.yandex.net/get-yapic/36777/enc-8516ce9bf7c5ac2c4aa604f85bf9897a2c43a7a7b7a3cf244636b2ce18520a3a/islands-68,2023-04-07 07:48:55,Самый ужасный банк. Разорвал договор.,2,"Огорчены, что вы оцениваете опыт работы с нашим Банком как отрицательный. Продолжим работу в целях улучшения сервиса и качества обслуживания. Надеемся на сотрудничество в дальнейшем."
151,Наталья Заикина,https://avatars.mds.yandex.net/get-yapic/44850/En5QsBZh9ZBnZWyeRf5ZIGTuoHU-1/islands-68,2022-11-26 17:58:01,Обслуживание,5,"Рады, что вам понравилось. Ждем вас снова 😃"
152,Евгений Антасевич,,2021-08-26 06:27:03,Очередей нет. Быстро получил услугу и убежал по делам.,5,"Рады, что Вам понравилось. Ждем Вас снова 😃"
153,Максим Чекмасов,https://avatars.mds.yandex.net/get-yapic/32838/w3LLQ47zE2alG8CIBy97vtMX0-1/islands-68,2020-07-02 17:03:29,"Обслуживание хорошее, но ехать только на общественном транспорте. Припорковаться не где,ваабще.",4,
154,Lwarmikk,https://avatars.mds.yandex.net/get-yapic/43473/TFFkGRBzYXwGljYwb23otGy9xa8-1/islands-68,2020-12-22 19:26:27,"Отличное отделение, персонал приятный. Очереди не было.",5,
155,Саша саша,,2023-03-07 13:19:13,Клас,5,"Спасибо вам, очень приятно получать обратную связь 🙏👌 Приезжайте ещё 💛"
156,Наталья Перова,https://avatars.mds.yandex.net/get-yapic/30955/wGhvtQHvcQPjSu6PQY33kZRM1Vo-1/islands-68,2021-02-22 18:35:39,Очень профессионально обслуживают здесь,5,
157,евгения кучугурова,https://avatars.mds.yandex.net/get-yapic/28439/gMwTZ6iNPaAoqKGLCKKYKJUzOY-1/islands-68,2020-04-19 17:17:12,"этот банк я не предпочитаю, я предпочитаю сбербанк. но здесь обслуживается моя мама. в принципе, хвалит.",4,
158,Михаил Н.,https://avatars.mds.yandex.net/get-yapic/50595/A42eTnWCTdYnx75RdVl56x0vyA-1/islands-68,2019-12-15 18:03:58,"Достаточно нормальное обслуживание, но найти стоянку для автомобиля практически невозможно. Впрочем, это частая проблема для города.",3,
159,Sahan San-Say,https://avatars.mds.yandex.net/get-yapic/25817/8OMUL9sis4w5vycwQs4m0rjO7Vg-1/islands-68,2022-04-28 05:54:13,Отличное отделение.,4,
160,Vlad T.,,2019-12-20 11:43:27,"Нет стоянки для клиентов, хотя место рядом есть но огорожего забором. Прежде чем попасть в банк приходиться покружить час полтора вокруг банка, в банке тоже работают медленно хотя окошек предостаточно все же очередь движется медленно. Но это наверное во всех отделениях этого банка. В других банках как то очередей таких не наблюдал.",1,
161,влад романов,https://avatars.mds.yandex.net/get-yapic/60687/XQP7RwvHtL8RpUdSkdinLxi67I-1/islands-68,2020-03-20 06:30:06,"Не могут правильно проконсультировать безграмотные операторы, делают много ошибок как, не могут сказать по существу то что надо",1,
162,Алексей Р.,https://avatars.mds.yandex.net/get-yapic/60687/enc-9525850fc9a1d8e4effce89c7d7b43286676d27f0933deb7b3dfed5e29d4dff5/islands-68,2018-10-03 11:15:50,"Отвратительное отделение ВТБ по адресу:г. Краснодар, ул. Октябрьская, д. 28. Персонал работает медленнее черепах. Из большого количества окон и сотрудников работает от силы 3, и то постоянно пропускаю без очереди «своих» не меняя на табло номер талона. Простую операцию по выдачи уже изготовленной карты превратили в ад. 4 дня получил карту. При условии что сидел и ждал в эл. очереди каждый день не меньше часа. На 4 день просидел 1 час 30 минут и только тогда я смог ее получить.",1,
163,Жанна Калюжная,https://avatars.mds.yandex.net/get-yapic/69015/mTmQSUrh2OrnxMY4rwbvMl8ffw-1/islands-68,2020-07-11 12:53:31,"Отличные сотрудники, консультации и помощь на высоте!",5,
164,expo30,https://avatars.mds.yandex.net/get-yapic/43473/0A7ktgqeO9OtfkX7tsKWAZKvs-1/islands-68,2021-08-18 22:55:14,Очереди и проблемы с парковкой,3,Спасибо за отзыв. Обязательно проведем проверку в данном отделении 👌
165,Ржд Грв,,2021-01-17 14:29:57,"Нет парковки даже. Это не банк, шарага. Персонал ведёт себя как будто ты им что-то должен. Банк застрял в 19 веке, хуже только почта России.",1,
166,Oksana Sukhomlinova,,2018-12-14 11:59:16,"Ужасное отделение, трижды заказываем справку в ПФР для погашения задолжености материнским капиталом, и приходит отказ. Отказ на выдачу справки, я если честно первый раз с таким дурдомом сталкиваюсь .Люди не ходите в этот офис, там работают не компитентные сотрудники!",1,
167,Диана Воскресенская,https://avatars.mds.yandex.net/get-yapic/45848/enc-a790506681963fbca6abd91938d28e687c7589d9e01b3935717a0f0adfca5e56/islands-68,2020-02-04 19:12:03,"В службе по работе с ключевыми корпоративными клиентами работают самые классные команды и люди. А еще, у них акция по открытию счетов бесплатно с бесплатным годовым обслуживанием",5,
168,александр к,https://avatars.mds.yandex.net/get-yapic/65952/WAiaxesZsjVG4eOqfx18n1bZs-1/islands-68,2021-08-22 03:42:04,Удручает отсутствие парковки,4,"Александр, благодарим Вас за отзыв. Хотим отметить, что Банк не предоставляет места для парковки."
169,Роман Матвеев,,2021-10-28 17:03:15,Приятный коллектив,5,
170,Андрей Дзюбенко,https://avatars.mds.yandex.net/get-yapic/50595/enc-9a891016516c981a94fc01dba35d2fd4d3b0e946e71438ffbc72650576c4f8cc/islands-68,2020-02-20 06:22:59,"Проблема зайти в корпоративный отдел, еще проблемнее выйти, охрана не следит за посетителями.",3,
171,Сергей Усеев,,2021-09-13 15:04:21,Наш банк - супер банк!,5,Спасибо за отзыв! Будем продолжать в том же духе 💪
172,artemenko.andrew,https://avatars.mds.yandex.net/get-yapic/20706/enc-ee3ef8748f82adb83dd8a81d7334cb5fab0efb114d01455b16146e2de4bc86f6/islands-68,2019-12-05 11:47:31,"Все плохо. 
1. Нет обозначенной парковки для клиентов. Плюс везде знаки остановка запрещена.!
2. Долгое ожидание и такое же обслуживание. Сотрудники банка при клиенте выясняют отношения. 
Итог. Перенервничал и ушел не получив услугу.",1,
173,Екатерина Н.,https://avatars.mds.yandex.net/get-yapic/56823/zHnz59pIYTICFAOgtNsl5IKBm4-1/islands-68,2021-08-30 11:56:34,Отвратительное отношение,1,"Хотели бы разобраться в Вашей ситуации. Для этого просим направить на наш адрес SMedia@vtb.ru Ваши ФИО, дату рождения, а также подробности ситуации, которая стала причиной низкой оценки. В теме письма необходимо указать «Яндекс, Краснодар, Октябрьская ул., 28, 30.08.21»."
174,Михаил Кудеев,https://avatars.mds.yandex.net/get-yapic/21493/enc-b86fac489830733cfb2881654fe3e12398eee9008467e0d4eb455d6405be2647/islands-68,2021-08-30 14:12:52,не где не припаркуешься,2,"Михаил, места для парковки не являются собственностью Банка."
175,Евгений Михайлов,https://avatars.mds.yandex.net/get-yapic/39249/enc-d80b7674bb620b5d5301a4a4f49165275515496828f2218a42057d582e1f1942/islands-68,2020-06-12 16:07:49,Очень удобно...приятное обслуживание,5,
176,Виктория Бабкина,https://avatars.mds.yandex.net/get-yapic/28053/jFnWRixyFnDY6so0Cq4wAVoc-1/islands-68,2021-10-03 18:34:33,Не удобная парковка,2,
177,Алексей Карцев,,2022-07-11 17:37:12,Шустрые сотрудники.,5,
178,Владимир Н.,,2019-08-04 12:07:11,"Меня ввели в заблуждение, дав ложную информацию и принудили тем самым открыть счёт, хотя это, на самом деле, не требовалось.",1,
179,Руслан,https://avatars.mds.yandex.net/get-yapic/64336/t0LUIQGaIBTm2gkLp9efXtylXNA-1/islands-68,2022-05-23 17:59:08,Хорошо,5,
180,Лиана,https://avatars.mds.yandex.net/get-yapic/56823/vFMGvHG0nN1nBaGFZmalLQN50Mo-1/islands-68,2019-09-11 07:12:19,"Обслужили быстро, без очереди, все объяснили и помогли в документах",5,
181,вероника колоскова,https://avatars.mds.yandex.net/get-yapic/61207/suXfM9RqNamN20tFBDlf4wWF3ow-1/islands-68,2021-11-23 16:49:25,Нет парковки,5,
182,Игорь Феденев,,2020-07-04 07:00:02,Прекрасные условия по кредитованию. Одним словом - лидер.,5,
183,ОЛЬГА ПОРОДЕНКО,,2021-12-14 13:27:21,Отличное обсл,5,
184,Артур М.,,2022-04-30 08:28:01,Крайне некомфортно было.,3,
185,Elios Schimmeler,https://avatars.mds.yandex.net/get-yapic/25358/M7Ik2hnmFirU9K50cd2cxaZMQ-1/islands-68,2019-12-27 18:43:42,Обслуживаюсь в отделе для юрлиц. Все устраивает.,5,
186,Юлия,https://avatars.mds.yandex.net/get-yapic/26057/enc-598da4bbee46b9db8b7ef2c902e1e6542232f713ea739cb8e0b6780e241c8d3c/islands-68,2018-09-27 09:25:28,"Постоянные очереди, очень медленное обслуживание, при электронной очереди пропускают своих без талончиков.
Придется отказаться от этого банка.",1,
187,Alena Shvarc,,2018-05-15 08:30:55,"Сонное царство, такое ощущение, что их всех заставляют работать, ооочень долго все: 40 минут просидела в очереди и впереди был один человек! Просто кошмар: по недобору приём сотрудников что ли🤷🏻‍♀️",5,
188,Артём Дорохов,https://avatars.mds.yandex.net/get-yapic/28053/OnI3nxkoEPKXWwcZ2nESUyaNxI8-1/islands-68,2021-02-09 05:09:04,Приветливый персонал!,5,
189,М. М.,https://avatars.mds.yandex.net/get-yapic/58107/14LgZn3V7cwjkBsRy7wbPboEko-1/islands-68,2018-09-21 14:14:14,Отвратительный филиал. Из 13 окон работает 5. Операторы медленные. Из нормального только кондиционеры и вода в куллере.,1,
190,Dimid VwV,https://avatars.mds.yandex.net/get-yapic/68143/g0Plo8812Oqm71jbuqJSIim4FLs-1/islands-68,2020-01-04 06:34:15,Нет парковки для клиентов. В остальном всё как у всех.,3,
191,вадим емец,https://avatars.mds.yandex.net/get-yapic/61207/QzjyqLlFatLjORQ5A1Lz8LjZgy0-1/islands-68,2020-05-10 10:48:36,был обслуживание оставляет желать лучшего,4,
192,Шалимов Дмитрий,https://avatars.mds.yandex.net/get-yapic/38135/gaBaxa6QKt43gXsEiJPlGCNWUA-1/islands-68,2020-02-07 18:06:52,"Ранее по данному адресу был банк Москвы, ВТБ его ""поглотил"".",5,
193,Coronavirus,https://avatars.mds.yandex.net/get-yapic/65952/jRk8OONyasoXnhjncIKkbUGMMgE-1/islands-68,2019-12-14 08:19:05,"Втб везде одинаковы, людей много как всегда.",3,
194,Монте,,2019-10-08 10:00:41,Девушка Катрина очень милая и внятно все объясняет,5,
195,Роман Васильевич,,2020-10-07 14:46:51,Бывают огромные очереди...,3,
196,Серый Серый,,2021-09-10 15:15:33,Нормально.,4,"Благодарим за положительный отзыв, нам очень приятно 👍"
197,Бригитта Диндо,https://avatars.mds.yandex.net/get-yapic/38663/enc-2ac00e1c9a5ebfb594d580700d52a6a823a5d25075e1c93110a7171c06b16f22/islands-68,2019-08-11 09:27:43,"Всё нормально, но парковку нашла за три квартала!",4,
198,Александр Гоманюк,https://avatars.mds.yandex.net/get-yapic/60687/AFA8Ke6P4RMA1vHRxVLySypQ1hg-1/islands-68,2019-08-22 23:39:52,Персонал приветливый все супер,5,
199,Rustik,,2018-05-24 14:29:12,"самое ужасное отделение!!! вечные очереди ! будет 10 человек и только максимум 2 обслуживают .....сколько сюда хожу , столько времени этот весь ужас продолжается !!! руководители, может быть вы наконец такт обратите внимание на эту проблему со своими сотрудниками ..!!",1,
200,В В,,2020-06-13 16:28:06,Очередной очень жадный банк.,1,
201,bibigonrnd,https://avatars.mds.yandex.net/get-yapic/26311/me3r3bBb2MuBMSlCHIu4BvKGZHY-1/islands-68,2019-08-06 21:27:09,"Бывший Банк Москвы, но вопросы клиентов БМ решить не могут",1,
202,Ксения З.,https://avatars.mds.yandex.net/get-yapic/27503/enc-507d88f9e700f7d1465df10c4c77f986a2685dc81aad36be21928fd8418bddd1/islands-68,2019-10-21 06:23:08,Хороший банк. Сотрудники вежливые.,5,
203,evgenij serov,,2020-06-09 12:48:58,Грамотные специалисты,5,
204,Ильдус Р.,,2020-07-23 10:02:57,Все оперативно,5,
205,Екатерина Никифорова,https://avatars.mds.yandex.net/get-yapic/40841/e3WqbXvEdWxru1rZQ6VPWkxXeMk-1/islands-68,2020-11-08 09:48:43,Все понравилось,5,
206,Ludmila Ushakova,https://avatars.mds.yandex.net/get-yapic/37154/UxE5KMZbZoXjKBIpaLo8m4kwgU-1570507415/islands-68,2019-08-29 12:09:09,"Очень хороший банк,но медленно обслуживают",4,
207,Роман,https://avatars.mds.yandex.net/get-yapic/59871/PTbWq8rXeRgoagFWKWL8Bo3M-1/islands-68,2020-05-27 13:55:44,Проблема с парковкой,3,
208,Шаман,https://avatars.mds.yandex.net/get-yapic/64336/gIdfiCtnvo0EObpmASmJj4y5fk0-1/islands-68,2020-01-25 15:44:12,"Удобный банк, очереди нет.",5,
209,наталья петухова,https://avatars.mds.yandex.net/get-yapic/6214067/g1vOQES4BnJ4LG2FHP2tuxd2gyU-1/islands-68,2019-11-25 10:57:21,Очень медленно обслуживают.,2,
210,Александр К,https://avatars.mds.yandex.net/get-yapic/47747/5YBBOmFtgWcZA9CgGcw6w2UZEfM-1/islands-68,2019-08-25 04:43:00,"Не плохой банк ,вежливый и отзывчивый персонал",5,
211,Александр Чего,https://avatars.mds.yandex.net/get-yapic/53031/vzTdhWrOKOncT43jGUAOQNiUcY-1/islands-68,2020-01-23 11:41:06,Парковки нормальной нет,4,
212,Anny,,2019-11-05 11:13:48,Некомпетентные менеджеры по ипотеке,1,
213,Сергей Д.,,2020-03-20 15:51:56,Не был и не пойду.,1,
214,юлия б.,,2019-09-07 16:45:01,Очень долго ждать своей очереди.,3,
215,Анастасия,,2019-10-31 12:04:25,Обслуживание отличное!,5,
216,олег кичев,https://avatars.mds.yandex.net/get-yapic/51169/qQfuGgz80qXiWgnTADkwA4tEFpQ-1/islands-68,2019-01-31 19:35:02,"уже делился, что разменять деньги у них запрещено.",1,
217,Иванова Р.,,2020-03-29 17:13:58,Не очень вежливые сотрудники,2,
218,Светлана,https://avatars.mds.yandex.net/get-yapic/31078/iiQthjHSFdz2C5bRwx4eZQkQwQ-1/islands-68,2020-03-08 16:05:34,Неплохой офис,4,
219,Андрей Широков,,2019-12-01 12:07:02,Удобное отделение,5,
220,Игорь Сальников,https://avatars.mds.yandex.net/get-yapic/45848/rpTCKmFf5C6qowDGDYbqAsSlw-1/islands-68,2018-08-22 13:53:04,Ужасное отделение и квалификация сотрудников.,1,
221,парапр п.,https://avatars.mds.yandex.net/get-yapic/28439/Zkdd4PuvhJt0W8PHJYZslPqndHM-1/islands-68,2019-07-28 12:29:27,Лучшая БК в России,5,
222,Кристина К.,,2019-09-15 11:35:18,Быстро работают,5,
223,Виталий Шаим,https://avatars.mds.yandex.net/get-yapic/27503/enc-b8633bb936402b75b1d378f6962a03c9de44f5229c4c8d1e85671a3b92507d5f/islands-68,2019-07-08 08:03:55,Медленно работают,3,
224,Денис Шкут,,2019-08-07 19:11:24,Банка как банк,5,
225,Елена Иванова,https://avatars.mds.yandex.net/get-yapic/63256/G0C2BIp2gaWVT18uAHNn96TLy0-1/islands-68,2019-10-14 13:19:15,Обычное отделение банка,4,
