,name,date,text,stars,answer
0,Игорь Крючков,2024-03-12 11:45:25,"Отделение мне понравилось, хоть и бывал тут не часто. Самое главное - работает по графику и оперативно. В среднем обслуживание тут у меня занимало минут 10-15. Персонал всегда готовы помочь, объяснить, подсказать и сориентировать по условиям. Выгодные продукты рекомендует, рассказывает про акции и плюшки для клиентов. Остаюсь доволен)",5,
1,Ветеринарный врач АУП г.Йошкар-Ола,2024-03-22 16:32:14,"Неожиданный формат банка. Первое впечатление, очень дружелюбная атмосфера, располагающий интерьер. Вопрос с сотрудником решился достаточно быстро. Только в одежде жарковато в зимнее время.",5,
2,Игорь Агеев,2024-01-12 13:36:41,Отлично!!! Всё на высшем уровне!!! Профессиональный персонал и менеджеры!!! Всё очень быстро и профессионально!!! Всегда можно дозвониться до менеджера и получить профессиональную консультацию!!! Не навязчиво!!!,5,
3,Артём Мартынов,2024-04-11 11:48:44,"Отделение мне нравится: сотрудники компетентные, обслуживание всегда происходит оперативно. Всегда помогут, посоветуют выгодный продукт, и главное, никакой информации ""мелким шрифтом""",5,
4,Ирина Годунова,2024-03-01 08:23:44,"Очень заманивали открыть расчетный счет выгодными тарифами на счет и эквайринг. И очень красиво рассказывали о выгодных тарифах и после окончания акции. Акция закончилась и тарифы взлетели выше тех, чем у меня было до Альфа-Банка. НЕ ведитесь на красивые песни. Более того, если вдруг терминал зависает или сбои в его работе, то дозвониться на их горячую линию крайне сложно. Будет миллион переключений на коллег и вы будете висеть на телефоне по полчаса, выслушивая дурацкую музыку.",1,"Здравствуйте, Ирина.
При оформлении продукта мы рассказываем все условия и нюансы. Нам жаль, что сложилась такая ситуация. Постараемся исправиться."
5,Nataliya Mel,2024-01-02 12:44:50,"Брала кредитную карту в первый раз в этом банке, схема погашения специально запутана, сотрудник специально не обращает внимание на даты льготного периода. В итоге содрали 8 с лишним тысяч. Оформлял а альфа счёт, специально приходила в отделение, спрашивала об условиях, ничего особого не сказали. В итоге потеряны проценты на 7 с лишним тысяч! Хотела сделать карту специальную с повышенным кешбеком. Специально пришла, сотрудник Татьяна сказала, что с вашей суммой не положена такая карта, ладно. Позвонила на горячую линию, кстати там нормальные сотрудники, всё знают, сказали, что да, можно с этой суммой такую карту заказать. Заказала, но пришла она поздно, покупку уже сделала. В итоге потерян кешбек15 тыс! Если бы не эта Татьяна, то бы всё получилось.
Дальше на эту карту поздно пришедшую начислили проценты, хотя я её даже не забирала и опять косультировалась в отделении, что с ней делать, сказали всё нормально, просто не забирайте. В итоге проценты. Но, правда, вернули деньги, после долгих переговоров по телефону. И на кредитную карту тоже за страхование жизни деньги напялили, хотя заказывала без страхования, но вернули после моего звонка на горячую линию.
В итоге не ходите в отделение, там работают какие-то незнайки. Все спрашивайте по горячей линии, там нормальные люди работают.",1,"Здравствуйте, Наталья!

Все подробные условия прописываем в кредитном договоре и сообщаем при получении кредитной карты. Информацию о льготном периоде отображаем в приложении.

Напишите, пожалуйста, нам на почту: smm@alfabank.ru ФИО, дату рождения, а также приложите скриншот отзыва с указанием города, адреса отделения и даты обращения. В теме укажите Жалоба. Яндекс. Nataliya Mel. Проверим работу сотрудников."
6,elena sergeeva,2024-04-25 11:31:10,Отличное место с выгодным кэшбеком и удобным расположением.Круглосуточные банкоматы и комфортные кабинки улучшают обслуживание.,5,
7,Даниил Афонин,2024-04-01 12:21:56,"Выбор банка для меня дело серьёзное и ответственное. Я пообщался с работником банка на счет вклад, и меня отлично сориентировали. Появилось понимание чего я хочу. Прием прошел оперативно и с пользой.",5,
8,Лола И.,2024-01-24 17:30:52,"При оформлении детской карты много не требуют. Понадобился мой паспорт и свидетельство о рождении ребенка. за 10 минут сделали все, а позитивных впечатлений от пользования масса. Удобство и кешбэк",5,
9,Катерина Винокурова,2024-04-24 14:45:11,"Не зря обратила внимание на этот офис. Когда нужно было ребенку делать карточку мне тут очень помогли. Рассказали о функциональных возможностях продукта банка. Что снять деньги можно, делать переводы и родительский контроль идея классная)",5,
10,Любовь Герасимова,2024-02-04 20:50:22,"Здесь всегда длинные очереди. Но если записаться предварительно, то обслуживают точно вовремя. Персонал всегда вежливый, всё объяснит, расскажет и покажет.",4,"Здравствуйте, Любовь.
Жаль, что у вас сложилось такое мнение. Ситуации и вопросы могут быть разные, требуется разное количество времени на их решение. Иногда может быть очередь. Будем работать над улучшением сервиса."
11,Алевтина,2024-02-18 13:24:13,"Бывала,только пару раз по личным вопросам...,наблюдала со стороны ,как работает персонал банка...,.неспеша,досконально,доходчиво,доносят информацию о каждом предложении банка,и подробно ответят на каждый вопрос,который может вас интересовать,по поводу пользования услугами банка",5,
12,Лейла К,2023-09-13 03:34:15,"Побывала в банке впервые. Очень удивил процесс организации консультаций сотрудниками банка. Я понимаю, что хотели организовать индивидуальный подход к каждому клиенту, но... Подошла к терминалу, ввела данные. Талона с номером очередности выдано не было, только сотрудник банка сказала, что ко мне подойдёт их сотрудник для консультации. Прошла в зал ожидания. Пока ждала, ко мне три раза подходили менеджеры банка и обращались ко мне, называя различными именами (я так понимаю других клиентов, кто также ожидал в очереди). Мне не понятно, для чего эти заморочки, если получается такая путаница. Консультацию провели профессионально, вежливо. Поэтому ставлю 5.",5,
13,Марта Фильчак,2024-03-26 12:39:16,"В отделение можно прийти с собакой, узнала это уже по факту. Сама к ним не особо, особенно к маленьким и шумным. Но сотрудница не растерялась, заметила мое недовольство и мы переместились в более тихое место)",5,
14,Столяров Сергей,2024-03-24 03:36:01,"интересный банк. пришол брать кредит, запрашивал 40000, дали 20000. проходит 1 месяц кидают на счет не спрашивая 55000. когда просил не дали, а тут на тебе подарочек. сказал спасибо и потребовал убрать данную сумму. обидно когда надо не дают. как не надо ктдают крючек. В самом офисе лдно ге удобство нет эл. табло с номерами таллнчиков.",2,"Здравствуйте, Сергей.

Если речь про кредитную карту, окончательные условия могут отличаться от предварительно одобренных, их устанавливаем уже после проверки документов. Всё подробно прописываем в договоре, с которым ознакамливаетесь ещё до подписания. Со временем лимит можем увеличить. Напишите в чат приложения/интернет-банка, поможем уменьшить лимит."
15,Вадим Васильев,2024-03-20 17:12:47,"Недавно узнал о том, что можно записаться на прием в отделение и прийти к конкретному времени, тебя уже будут ждать. Идеальный способ избежать очереди и удивить всех, кто в ней сидит. Так недавно вечером приходил оформлять кредит, все успел быстро и не ждал",5,
16,Максим Позевич,2024-04-14 21:15:22,"Зашёл в офис, что бы узнать о детских картах. Условия, обсуждены с менеджером, выглядят привлекательно, и формат карты кажется интересным. Планирую оформлять.",5,
17,Resyity,2023-11-18 07:10:21,"Отличный банк, все хорошо всегда!
Обслуживание заслуживает доверие, поддержка работает хорошо.",5,
18,Анастасия И.,2024-04-09 14:09:45,"Каждый раз, когда беру кредит в Альфа-Банке, впечатления только положительные. Сотрудники всегда предлагают выгодные условия. Очень рекомендую.",5,
19,Максим,2024-01-27 19:48:29,"Другой подход к клиентам. Общение на диване или за столом более приятное и располагающее, чем через перегородку. Сотрудники более открытые.",5,
20,Сигита Альгердас,2023-06-04 17:32:05,"Любимый банк. Одно пожелание - побольше бы банкоматов по городу. Офис стильный, красивый. Персонал доброжелательный. Однозначно лучший для меня банк во всех отношениях",5,
21,Кирилл Плотницын,2024-03-19 12:19:21,"Оказывается, они еще и в обслуживании юридических лиц неплохи. Решил сначала узнать о предложениях, но выслушав сотрудника, принял решение открыть расчетный счет. Тариф пока взял оформил базовый, но его будет достаточно",5,
22,Алексей Яковлев,2024-02-26 14:40:41,"Без шума и паники в этом офисе мне выдали кредит под залог недвижимости. Дали большую сумму, как и нужно. Оценил работу сотрудников. Все работают четко. Никакой суеты.",5,
23,сергей стодяров,2023-11-21 20:50:20,"банк не плохой. минусы : отсутсвует дисплей который бы информировал об очередности, молодой персонал ,нет опыта ,из за невнимательности менеджера не получил желаемую сумму кредита. будьте в этом отношении внимательны.",2,"Здравствуйте, Сергей.
Простите за такой опыт. Проверим работу коллег и постараемся исправиться."
24,Кира Сулайманова,2024-02-24 21:00:26,"Берешь талончик, садишься в кресло, твоё имя появляется на табло потом сотрудница бегает среди всех сидящих и спрашивает кто есть кто. Интересный сервис конечно",3,"Кира, здравствуйте! 
Очень удивлены прочитанным, на нас это непохоже 😔 
Простите за такой опыт."
25,Екатерина Пурахина,2024-02-26 14:12:41,"Сидела в очереди более 1 часа, сотрудников много но все заняты своими делами! Вообще не понимаю зачем нужен банк если они отправляют всё сделать через приложение? За что им платят зарплату?",1,"Здравствуйте, Екатерина.
На работе личными делами не занимаемся. Скорость обслуживания зависит как от количества сотрудников и клиентов, так и от сложности вопросов. Всегда стараемся сократить время ожидания, насколько это возможно. Мы стремимся максимально упростить работу с нашими продуктами, поэтому активно развиваем наши сервисы дистанционного обслуживания. Большинство операций с нашими продуктами можно проводить дистанционно, без посещения нашего офиса."
26,Александр Виноградов,2024-02-19 10:18:18,"Хм. Пока ещё не определился.
Вроде переводы и т.д. проходят. Но вот было приостановление и вместо половины суммы забирают полностью, сваливая на бухгалтера в нашей организации...
Посмотрим, что и как...",3,"Здравствуйте, Александр.

Хотим разобраться. Отправьте, пожалуйста, письмо на smm@alfabank.ru В теме укажите ссылку на ваш отзыв, а в самом письме напишите ИНН, а также опишите ситуацию подробнее."
27,Алëна Бессмертная,2023-11-21 17:45:28,"Я довольна работой этого банка, мне всегда помогут и подскажут. Есть горячая линия, куда можно обращаться в любое время.",5,
28,Мария Севрюгина,2023-09-25 09:56:49,"Обслуживание в отделении было быстрым и профессиональным. Получение кредита заняло всего 10 минут, такого удобства и оперативности не встретишь. Спасибо большое!",5,
29,Анна Ф.,2024-01-18 19:43:42,"Заявку на Семейную ипотеку полала онлайн. После одобрения предложили посетить офис, что и сделала. Удивил комфорт и уют: столики, диваны, мягкие кресла - все, как в хорошем кино. Менеджер также профессионально рассказал об условиях кредитования.",5,
30,Юлия Яковлева,2024-02-24 12:05:20,"Очень долгое обслуживание, нужно было закрыть счёт, сказали взять талон - в итоге оказалось, что нужно было решать без талона у администратора, 2 часа впустую.",2,"Здравствуйте, Юлия.
Простите, если неправильно проконсультировали 😔 
Всегда стараемся решать вопросы, как можно быстрее.
В некоторых случаях требуется больше времени, на это влияет вопрос клиента.
Проведём работу с сотрудниками, чтобы такого больше не повторялось.
Всегда рады видеть наших клиентов и готовы помочь."
31,Иван Иванов,2024-01-12 17:45:09,На данный момент лучшие предложения для физических лиц. Парковка не большая и постоянно занята. Расположение удобное-центр.,5,
32,Сергей Бузмаков,2023-11-21 17:45:16,Я вкладываю деньги в этот банк уже много лет и доволен до сих пор. А какой именно вклад выбрать всегда посоветуют опытные консультанты.,5,
33,Галина Иванова,2024-01-14 17:32:27,"Банковский филиал выглядит современно и стильно.
 Просторное помещение, поддерживаемое в чистоте и уюте, проявляет заботу банка о клиентах.
 Это приятно.",5,
34,Vasy Ya,2022-05-06 16:23:06,"Очень понравилось! Обслуживание, персонал, отношение к клиентам на высшем уровне, расположение относительно удобно! Если говорить про продукты банка, как и во всех банках, есть и отрицательные и положительные стороны, но в целом очень хороший банк, не смотря на нынешние санкции! Отдельно хочу сказать про карты -хороший продукт, как в дебетовом формате, так и в кредитном!",5,
35,Кристина О.,2024-01-30 12:21:08,"Решение вопросов с ипотекой было быстрым ,и это приятно. Условия ипотеки подходят мне, банк предоставляет высокое качество услуг и обслуживания. Мне все понравилось, и здание банка выглядит отлично.",5,
36,Мария Танаева,2023-10-10 17:02:13,"Приходила получать карту. Сотрудник Александр подошел быстро. Карты выдал, на вопросы ответил, ни чего впаривать не стал. Думала потрачу больше времени. Обслуживание хорошее, офис уютный, современный, приятно заходить.",5,
37,Виктория Савинова,2024-02-17 10:45:38,"Очень заметно ,когда банк искренне заботится о своих клиентах и готов идти к ним на встречу.Это действительно ценно!",5,
38,Катерина Шалагина,2023-04-17 18:14:14,"Вообще очень особенный офис Альфа банка. Индивидуальный подход к обслуживанию клиентов, очень приятная обстановка, доверительная беседа с представителем банка. Пришла в крайний раз .т к.закончился срок вклада. Приятный брнус от банка , индивидуальная ставка по вкладу неожиданно порадовала, оформила новый вклад, на новый срок.
 Рекомендую этот банк.",5,
39,ирина к.,2022-09-05 09:58:23,"Обратилась за получением ипотеки. Всё быстро объяснили, назначили время встречи. Открыли карту, объяснили, как пользоваться приложением Альфа-банк. Чисто, прохладно есть детский уголок, беспроигрышная лотерея, предлагают кофе, чай. Отдельные переговорные комнаты, это создает хорошее впечатление о банке.",5,
40,Екатерина Б.,2023-09-08 16:24:54,"Местоположение отделения удобно-оно расположенно рядом с моим домом. Сотрудницы компетентны и дружилюбны, работают оперативно и четко. Очереди двигаются быстро, хотя места для ожидания, кажется, немного маловато.",5,
41,Дария Васильева,2024-02-06 09:33:45,"Отвратительное обслуживание клиентов, очереди. Для того чтобы забрать готовую карту нужно простоять в очереди 40 минут",1,"Дария, здравствуйте. 

Простите за ожидание! Стараемся сократить время ожидания, насколько возможно."
42,Анна Кузнецова,2023-04-27 17:49:45,"Комфортный, современный офис.
Скорость обслуживание оптимальная,немного не хватает кондиционеров так как посещаемость банка большая,бывает душно.
В целом хороший банк.",4,
43,Евгений Рыжаков,2024-03-11 15:52:02,"Мы пришли для решения нескольких вопросов по ипотеке и были приятно удивлены тем, что все оформили за один день, хотя изначально нам говорили, что процесс займет около недели. Также понравилось, что банк не навязывал страховку, а предоставил возможность выбора варианта из предложенных.",5,
44,Артем Прокопьев,2023-06-17 09:03:58,Альфа-банк предоставляет привлекательные условия для ипотечного кредитования. Я смог приобрести свою мечту - собственное жилье - благодаря их гибким условиям и профессиональному сопровождению.,5,
45,Инна Щукина,2024-01-30 13:07:10,"У меня тут хранятся сбережения, если договор прочитать внимательно, то вообще никаких проблем и вопросов к банку не возникнет",5,
46,Татьяна А.,2023-12-15 16:01:47,"Мало офисов по городу, поэтому приходится ждать очереди, что не всегда удобно. Время=деньги!",3,"Здравствуйте, Татьяна.
Мы ценим ваше время и хотим помогать в разы быстрее. Будем исправляться 👌"
47,Маша,2023-06-17 08:59:15,"Сотрудники Альфа-банка проявили высокий уровень профессионализма при помощи онлайн-консультации. Я получил четкие и понятные ответы на все свои вопросы, и сотрудник проявил терпение и внимание к моим потребностям.",5,
48,1,2023-06-17 09:13:04,"Я оформил кредитную карту в Альфа-банке, и она стала надежным финансовым инструментом для меня. Банк предоставил мне гибкий график платежей и удобные условия, а персонал банка всегда готов помочь и ответить на мои вопросы.",5,
49,Юлия А.,2023-02-27 14:57:28,"Звонят на дню по пять-шесть раз с предложением по кредитной карте. Перевели на оператора, но девушка-оператор совсем не адекватна. Ей прямым текстом говоришь, что мне не нужна кредитная карта, рассрочка и т.п., но она повторяет и повторяет свои условия. Я точно выяснила у нее что она не бот, попросила ее повторить мои слова, она их повторила и из этого было понятно, то что оператор поняла, что мне не нужна кредитная карта. Но все равно продолжает ее впаривать. Попросила оператора сделать так, чтобы мне больше не звонили из этого банка, но был ответ, что такой технической возможности нет, что мне нужно звонить куда-то там на горячую линию и просить убрать мой телефон из обзвона. Но я не понимаю, почему я куда-то там должна звонить, сидеть часами на этой горячей линии и просить убрать мой телефон. Просто не звоните мне больше!!!!!",1,"Здравствуйте, Юлия!
Напишите, пожалуйста, на нашу почту smm@alfabank.ru с каких номеров вам поступают звонки и на какой номер телефона. Все проверим и постараемся помочь убрать звонки на ваш номер."
50,Алёнка Никелодион,2023-06-24 13:53:06,"Давно был в этом офисе, на этой недели заскочил вновь. Персонал конечно поменялся, тоже грамотные, как и в прошлые года. Вообще банк на глазах растет и хорошо обучает свой персонал.",5,
51,Саида М.,2023-07-31 04:01:38,"Очень классное отделение и очень классные сотрудники! Всё раскладывают по полочкам, понять что говорят менеджеры очень легко, общаются на понятном языке и без скриптовых фраз.",5,
52,Урфин Джус,2023-10-19 17:50:04,"Не хватает свободных окошек (столов) для клиентов в очередь. А так, вполне мило и уютно. В час пик беда конечно",4,"Здравствуйте!
Каждый день мы назначаем смены оптимальному количеству сотрудников, которых достаточно для помощи всем клиентам.
Иногда можем задержаться с ответом, если к нам одновременно пришло большое количество человек, извините нас. Мы принимаем клиентов с вопросами разной степени сложности и хотим помочь каждому, поэтому можем подойти к вам не сразу."
53,Almir G.,2023-04-07 15:44:53,"Отличный банк, пользуюсь им уже год , все устраивает , предложения от банка, кредиты .
Хороший и отзывчивый персонал. Красивая атмосфера.",5,
54,Анна Р.,2023-04-10 08:32:38,"Очень уютный офис, приятная обстановка. Время ожидания небольшое. Персонал доброжелательный, на все вопросы по продукту дали ответ.",4,
55,Светлана Рябинина,2023-06-23 06:20:37,"Отношение к клиентам уважительное , очередь стараются не создавать.Персо́нал грамотен, ответ есть на все вопросы.Кредит можно получить свободно,если хорошая кредитная история.",5,
56,Светлана Красникова,2024-04-09 20:02:14,"Отличный сервис! Помогли быстро и легко открыть новый счет, подробно объяснили условия. Я полностью довольна.",5,
57,Владислав Валеев,2023-04-10 10:22:39,"Всё понравилось. Ходил оформлять дебетовую карту. В этом банке был впервые. Как только зашел, так сразу подошла девушка специалист. Всё рассказала и объяснила. Народу было много, но это не напрягает. Электронная очередь идет очень быстро",5,
58,Олег Иванов,2023-02-03 12:47:05,"Удобное месторасположение, хотя не очень заметное. Большой оперзал. Много рабочего персонала, знающих своё дело. Минус- выдача кредита занимает много времени (онлайн). Советую.",5,"Здравствуйте, Олег! 
Благодарим за ваш отзыв.
После одобрения кредита, деньги поступают в течение дня. Подумаем, что можно улучшить. Спасибо за предложение ;)"
59,Андрей Пономарев,2023-10-10 10:02:00,"Сотрудники настоящие профессионалы своего дела, смогли меня полностью проконсультировать по кредиту.",5,
60,Денис Соломатин,2023-02-19 17:30:16,"Сотрудники видно когда работают с отдачей. Очень дружелюбны и любезны, спасибо вам за вашу работу!
Прихожу сюда не в первый раз, и всегда ухожу с улыбкой на лице, и в хорошем настроении.",5,
61,Арина Шарапова,2023-06-17 09:02:17,"Операции через мобильное приложение Альфа-банка были быстрыми и безопасными. Я осуществляю переводы, оплачиваю счета и управляю своими финансами в любое удобное время и место.",5,
62,Гуллыев Мекан,2024-04-22 21:27:40,"По телефону говорят одно , в офисе совершенно другое. Полный диссонанс в системе. Жирный дизлайк.",1,"Здравствуйте, Мекан.
Простите за такой опыт.
Напишите нам на почту smm@alfabank.ru, указав ваши ФИО, дату рождения и прикрепите скриншот отзыва.
Проверим работу сотрудников и постараемся помочь."
63,Антон П.,2023-04-07 16:05:51,"Стал очень хороший сервис, раньше было как в остальных банках, а щас столик и стулья очень удобно, встретят обьяснят, расскажут, самый лучший банк по моему мнению.",5,
64,Серго,2024-01-20 12:17:28,Я являюсь обладателем Премиума. Только переступил порог отделения банка(я живу в другом регионе и у меня другой менеджер у себя в городе) в приложении телефона прозвучал тихий звуковой сигнал и буквально через 2 секунды ко мне сразу подошел выделенный менеджер для решения любого моего вопроса. Ни зеленый ни синий банки такое не делали для меня. Зачет!!,5,
65,Марина Герасенкова,2024-02-04 13:40:11,"Уже длительное время пользуюсь зарплатной карточкой от Альфы, которую, кстати оформляла в этом отделении. Бесплатное обслуживание и приятный кешбек радуют.",5,
66,Лапина Наталья,2024-04-04 17:34:23,"Работники этого банка - молодцы, вежливые и всегда готовы помочь. Особенно благодарна Евгении за помощь с оформлением карты",5,
67,Мазикина Светлана,2022-12-15 11:11:10,"Прекрасное отделение банка. Каждый раз удивляюсь отношением персонала к клиентам. Менеджер достаточно для оперативного внимания всех обязанностей. Да и видно, что все проблемы решаются очень быстро и люди уходят довольные, в том числе, и Я.",5,
68,Таня К.,2022-09-13 11:01:14,"Приятно были удивлены, когда нам тут без проблем одобрили кредит на покупку новой машины по не сказать что низкой цене. Даже если честно особо не надеялись, можно сказать решили попытать удачу, потому что подтвердить доход было нечем. Удача улыбнулась в лице приятной девушки- сотруднице отделения, которая нам очень помогла со всеми бумагами.",5,
69,Nelli,2022-08-13 10:52:03,Очень понравился офис из-за обслуживания. Милейшие девушки помогли мне открыть счет и проконсультировали по кредитным продуктам.Все четко быстро и уважительно. Всегда бы так и везде))),5,
70,Вера_Я,2023-09-04 08:06:07,"Очень рекомендую тут оформить накопительный счет. Процент хороший, позволит вам накопить столько, сколько задумал)))",5,
71,Захар Исаков,2024-03-27 15:55:53,"В Альфа банке получил идеальное обслуживание при оформлении кредита наличными. Менеджеры помогли на всех этапах, благодарю за оперативность и удобство!",5,
72,Екатерина Долгомирова,2023-04-13 09:30:51,Современный офис. Приятные работники. При обращении обслуживание получила быстро. На все вопросы ответили чётко и понятно.,5,
73,Анна Зябрина,2023-02-25 18:42:15,"Пользуюсь услугами этого банка с момента его создания. Никаких проблем ни разу за все время не возникало! Всегда все быстро и четко! Спасибо за то, что вы есть!",5,
74,Виктория,2024-05-02 20:39:36,Приятно удивило отсутствие очередей перед началом рабочего дня. Утром сотрудники оперативно решили все вопросы.,5,
75,Юлия У.,2024-02-20 07:29:55,"Помимо времени в очереди, обслуживание прошло быстро. Специалист четко объяснила тарифы и ответила на все вопросы.",5,
76,Ильвина Миытахова,2023-10-14 16:19:16,"Все действительно происходит быстро, эффективно и профессионально. Здесь работают профессионалы и дружелюбные люди.",5,
77,Ирина Шмелёва,2024-01-30 17:49:56,Быстрое обслуживание.Внимательное отношение к клиентам.,5,
78,Алексей Пащенко,2023-04-09 17:37:31,"Хорошая консультация,быстрое решение вопроса,хороший приветливый персонал идущий на встречу клиентам!",5,
79,Евгения Ковалёва,2023-06-23 10:53:55,"Мне нравится что накопительный счет полностью отслеживается в приложении, пополнять его можно также через приложение. Тем самым визит в офис сводится к нулю.",5,
80,Марьяна Вишнева,2023-02-11 13:36:56,"В отделении есть все, что нужно для обслуживания клиентов. Сотрудники очень доброжелательны и компетентны ! Всегда можно обратиться с вопросом , без ожидания . Всё очень быстро и четко .",5,
81,Богдан Медведев,2022-08-06 16:49:05,"Люблю альфу за то, что даже а нашей Йошкар-Оле смогли сделать красиво)) Семейная ипотека? Да. Инвестиции? Легко. Кешбек? Пф, еще бы. Растите, процветайте, а люди, не бойтесь негатива тут, так как всем не угодишь",5,
82,Артем Шипунов,2022-09-02 11:57:23,"Этот банк мне нравится своей системой безопаности клиентов.Персонал выше всяческих похвал. Ну , и вишенка на торте: иногда приходится долго ждать своей очереди. Но это показатель популярности банка и внимательного отношения персонала к клиентам.",5,
83,Анжела Фадеева,2023-11-17 13:03:41,У меня зарплатная карта от Альфа банка. Платежи приходят вовремя,5,
84,Алексей Кожин,2022-09-07 13:01:33,"Вежливый персонал, пришел никого не было. Пока оформлял карту появилась очередь, но есть диванчик и кресла для ожидания. Анкета была мною заполнена с ошибкой, быстро все исправили на месте! В тамбуре много свободных банкоматов!",5,
85,Марат,2023-01-27 14:45:39,"Здравствуйте, ну что сказать, красиво... Ну и всё наверное про хорошее, девчонки не все компитентны, говорили одно, по факту зря завёл расчётный счёт, да и комиссии большие, лично я не советую для бизнеса",4,"Здравствуйте, Марат!
Спасибо за ваш отзыв. Учтём все недостатки и исправим."
86,Антон с.,2023-12-26 18:21:48,Все доступно и понятно. Оплата коммунальных услуг через интернет- удобно! Очередей как правило нет.,5,
87,Оксана Пр,2023-02-20 14:47:39,"Быстрое и качественное обслуживание персонала! Помогли с открытием вклада. Понравилось, что можно оплачивать коммунальные услуги через их терминал! Очень удобно и быстро!",5,
88,Марина Чередниеова,2024-03-25 13:59:36,Перешла в Альба Банк после неудовлетворительного опыта в другом банке. Здесь обслуживание по телефону и с отделении всегда на высшим уровне.,5,
89,Fedjadmitrakov@gmail.com D.,2023-07-09 18:01:19,"Карты кредитные по сравнению с другими банками, просто огонь если правильно пользоваться и не допускать просрочек по платежам.",5,
90,Ирина Березина,2024-02-25 13:59:32,"Все проходит чётко и профессионально,менеджеры ясно объясняют условия, что я особенно ценю!",5,
91,Надежда К.,2024-03-12 17:01:12,"Вежливый персонал, всё объяснили.",5,
92,Анель Ладеева,2023-02-22 02:28:16,"Обслуживание выше всяких похвал! Очень приветливые сотрудники! Всё быстро и вежливо! И, хотя я не являюсь клиентом банка, и, соответственно, не имею никаких претензий к сотрудникам, я была поражена их приветливостью и доброжелательностью.",5,
93,Владимир Миронов,2023-01-08 13:09:41,"Была ситуация: деньги начали списывать с моей карточки просто так. Приехал, чтобы разобраться с проблемой, а мне сказали, что ***, откоючили карту, ла еще и деньги вернули. Не рассчитывал, что это возможно.",5,
94,Косимбек Хакимжонов,2024-04-17 18:30:04,Очень медленно работает. Долго ждать надо будет),2,"Здравствуйте, Косимбек.
Простите, что пришлось ждать! Ситуации и вопросы клиентов бывают разные, на решение требуется разное количество времени. Стараемся сократить время ожидания, насколько возможно. Будем работать над улучшением этого вопроса 👌"
95,Марина К.,2023-07-05 17:22:34,"Недавно я закончила выплачивать свой автокредит! Выплатить его было несложно! Я очень благодарен банку, который выдал мне кредит.",5,
96,Андрей Шишкин,2022-11-14 10:28:19,"Быстро получил перевыпущенный пластик, была очередь но двигалась быстро и заскучать даже не успел) Девушка выдавала карту приятная, даже напомнила мне по тарифу карты инфу, золото",5,
97,Red Light,2023-10-16 17:01:04,"отличный офис, по выходным правда много посетителей!",5,
98,Садыков Кобилджон,2024-02-03 16:41:40,"Очень доволен обслуживание, девчонки просто профессиональный на своём работе",5,
99,Татьяна Ведерникова,2022-01-17 21:03:14,"Очень уютно стало после ремонта, прямо как в кафе. Стоят отдельные столики, персонал очень быстро подходит, все девочки вежливые. Время ожидания уменьшилось.",5,
100,EmilBill,2022-08-24 02:08:57,"А-Банк, на сегодняшний день, хорошо организовал работу сотрудников, нет огромных очередей ,отлично работает онлайн.",5,
101,Александр Мицкер,2022-12-18 09:28:09,"Консультация по всем продуктам быстро провели.
Оформили дебетовую карту и кредитную за 15 минут, СУПЕР !!!",5,
102,Анечка Фролова,2024-02-28 16:25:17,"Приятно видеть банки, которые не только предоставляют услуги, но и заботятся о своих клиентах. Я вам очень благодарна за это.",5,
103,Марина Р.,2022-04-28 19:40:29,"О-о-очень НЕ понравилось отношение. Пришла забрать дебетовую карту (которую уже заранее заказала онлайн). Прождала около часа, но так и не приняли! На мои вопросы, когда примут и сколько ждать, отвечали, не знают... Но в реальности, оказалось, что они принимали в первую очередь тех,кто приходил брать кредит, а всех остальных сдвигали в конец очереди... Несколько человек, которые которые пришли до меня, были очень НЕдовольны этой ситуацией и развернувшись, уходили!! То же пришлось сделать и мне!!! Очень жаль потерянного времени!",1,
104,Аня Романова,2024-01-21 09:26:43,Альфа-банк ну не знаю наверное хорошая,1,"Здравствуйте, Анна!
Расскажите, что произошло?"
105,Милена Арсланова,2023-01-12 15:47:33,"Нашла его случайно,через интернет,искала отделение,где обслуживают юр.лиц,т.к у меня там счёт.Сначала немного опасалась,но оказалось,что все очень понравилось,обслуживание быстрое,вежливое.Девушка с ресепшена все объяснила,рассказала,показала",5,
106,Алексей,2022-04-06 07:00:34,"Обслуживание - его просто Нет.
Пришёл в Альфв Банк выбрал нужную операцию в аппарате и получил талончик. 
В ожидании просидел целый час. Сотрудники банка вызывают посетителей в хаотичном порядке. Просто бордак, смещно и грустно на это все смотреть. 
В переход ожиданий я пару раз подходил к сотрудникам банка с вопросом, все ли в порядке, почему меня не приглашают. На что следовал ответ ждите Вас пригласят. 
В итоге было потрачено полтора часа времени итак и нерешен вопрос.
Не знаю как в других городах.
Но в Йошкар Оле Альфа Банк это просто ДНО.",1,
107,Олег Калинин,2023-10-06 09:57:59,"После открытия счета мне предложили дебетовую карту. Хотя курьерская доставка была вариантом, я предпочел забрать её сам после работы. Все прошло безупречно, без лишних сложностей и заморочек.",5,
108,Любовь Чулкова,2022-02-04 21:04:09,"Приятные, квалифицированные сотрудники. Обслуживание быстрое в ожидании не более 2 минут. Оперативно решают все возникшие вопросы. Рекомендую на все 100",5,
109,Юлия Макарова,2024-03-02 17:51:49,"Очереди, ждать можно до полутора часов.",1,"Здравствуйте, Юлия.
Не хотели вас задерживать, в период нагрузки помогаем дольше обычного :("
110,Кристина В.,2024-04-17 13:06:36,"Я пользуюсь услугами этого банка с его открытия. Здесь всегда делают все для удобства клиентов, и я ценю это.",5,
111,Адель Галямов,2022-04-25 17:53:20,Отличный офис замечательный персонал отлично объясняют о финансовых продуктах так же обращался как Юр. Лицо с открытие счета все подробно рассказали !,5,
112,Акпатырева Марина,2023-10-14 08:40:23,"Очень быстро принимают, досконально всё объясняют",5,
113,Михаил Кицель,2023-10-17 08:50:18,Все процессы проходят гладко и в срок! Удобно оформлять карту онлайн и затем просто забирать ее в отделении. Готовность карты не заставила себя долго ждать!,5,
114,Александр Беляев,2024-02-08 08:22:01,"Отделение норм, сам банк - средне",4,
115,Анна Ильина,2023-02-13 06:57:27,"В отделении банка всегда много клиентов, но персонал очень вежливый и компетентный. Все процедуры проходят чётко и быстро. Очередей нет.",5,
116,Анонимный отзыв,2023-11-27 17:20:09,Очень долго ждать своей очереди,2,"Здравствуйте, Екатерина!
Простите, что пришлось ожидать. Исправимся и будем работать быстрее."
117,Владимир Дешененков,2022-08-21 15:12:06,"Нравится, что здесь нет очередей. Перевел зарплату на карту альфа-банка, потому что надоело стоять в очереди из-за любой мелочи в другом банке. Здесь все очень быстро обслуживают.",5,
118,Сергей Мичанин,2023-03-02 17:05:26,"Довольно интересный интерьер и способ общения с клиентами, а так... тот же банк как и все остальные",5,
119,Владислав Каюмов,2022-04-30 09:09:29,"Внимательное отношение к каждому посетителю, новый нестандартный формат обслуживания, профессионализм персонала на четверочку, нужно повышать",5,
120,Анонимный отзыв,2023-04-08 11:41:58,Стильный интерьер. Быстрое и компетентное обслуживание.,5,
121,Наталья Синица,2023-10-23 03:52:55,"Работа сотрудников на высоте. Есть небольшие очереди, но это норма. В целом довольна.",5,
122,Филипп,2022-11-09 13:41:51,"Благодаря профессианолизму менеджеров Первомайская 164 удалось разобраться со сложной проблемой. У меня есть полная тезка и наши счета переплелись в полный клубок, который смогли полностью распутать только в отделении.",5,
123,MASHUR,2024-01-08 17:46:47,Елену очень люблю!!!!,5,
124,Ольга Шелеметьева,2023-08-27 17:12:53,Для меня это отделение банка важно из-за его банкоматов. Отсюда я снимаю наличку и оплачиваю счета. Банкоматы всегда находятся в чистом состоянии и всегда фукционируют надежно.,5,
125,Александра Харламова,2022-12-14 11:49:04,"Хочу похвалить за качественную и быструю работу менеджера, а банк за доверие. Нигде еще не получала деньги так быстро",5,
126,Ольга Л.,2022-08-25 15:25:51,"Комфортный современный офис, приветливый персонал, буду рекомендовать друзьям.",5,
127,Настя Евграфова,2023-06-17 10:11:13,Отличные условия кредитования. Можно даже без подтверждения дохода получить,5,
128,Денис Сергеев,2023-12-28 17:50:49,Нормальное отделение,5,
129,Инкогнито 3463,2023-07-14 16:56:19,"Милые девочки, обслуживание на высшем уровне.",5,
130,Ксения Я.,2022-07-20 09:49:34,"У меня в Альфе дебетовая карта, которую использую как зарплатную и просто для оплаты всех покупок. Удобная с кэшбеком, полностью бесплтаная.",5,
131,Екатерина Махова,2022-08-07 17:12:40,"Спасибо специалисту банка Елене, очень продуктивно поработали. Помогла мне выбрать лучшей вариант кредита, отключили все дополнительные услуги. Всё просто объяснила, понятно и без нервов. Я довольна.",5,
132,Zeega Baga,2023-02-25 19:45:34,"Уже во второй раз оформляю гарантию для госзакупок. Никаких проблем, условия радуют. Специалисты грамотные, всегда подскажут.",5,
133,Лизочка Волкова,2023-08-14 06:02:47,"Персонал вежливый, время ожидания минимальное",5,
134,Антон Дебеляк,2023-02-27 18:00:44,"Очень удобный банк и сайт, все понятно, без заморочек. Можно подать заявку на кредит через интернет. Через пару дней позвонили и предложили кредит, а через три дня я его получил. И теперь всем советую обратиться в этот банк",5,
135,Алексей Сторожев,2023-02-15 17:52:19,"Всё хорошо, персонал быстро решает проблему, очередей не наблюдал.",5,
136,Алексей Медяник,2023-11-06 12:06:13,"Новые технологии,альфа банк просто супер",5,
137,РШ,2022-04-28 12:01:29,Все очень плохо.очередь в 12 человек и банк не справляется.ждала час.не дождалась.какая позиция в очереди не узнать. Представители банка незнают. У входа девушка очень грубая. Не ходите. Не советую.,1,
138,Инкогнито 4694,2024-02-27 04:52:42,Всегда толпа народа,3,"Здравствуйте.
Время ожидания может быть увеличено, в зависимости от количества обращений и сложности вопросов, с которыми обращаются клиенты. Стараемся не задерживать долго очередь."
139,Александр Т.,2024-04-28 09:14:59,Медленно работают.,1,"Здравствуйте, Александр. 
Мы стремимся к тому, чтобы обслуживание было максимально комфортным и быстрым. Но из-за большой нагрузки время ожидания может быть больше обычного. 
Извините, что заставили ждать 😔"
140,Сергей Малинин,2023-07-06 17:21:00,В банке плохой персонал. Всё долго ощущение что работают в первый день.,1,"Здравствуйте, Сергей.
Простите за такой опыт. Постараемся работать быстрее."
141,Алина Б.,2022-09-08 08:16:06,"Быстро и разборчиво получила ответ на свой вопрос. Низкие 
ипотечные ставки,дают возможность на приобритение собственной недвижимости",5,
142,Фёдор Шереметьев,2022-04-28 12:17:40,"Сотрудники приветливые. Но ожидание в очереди для получения новой карты банка 50 минут это слишком. Каждое посещение банка затягивается в среднем на час, это слишком долго…",2,
143,Елена Глушкова,2022-10-24 14:29:38,"В центре, очень вежливо обслуживание, удобно добираться",5,
144,Александр Попов,2022-10-22 16:05:08,"Парковка всегда занята! По Первомайской в сторону Ленинского не подъехать - сплошка, надо разворачиваться...",4,
145,светлана магдыч,2023-01-20 11:47:06,"Очень удобно, открыто в любое время суток можно воспользоваться.",4,
146,Сосо Джугашвили,2022-09-09 13:25:55,Грамотные сотрудники быстро подобрали нужный вариант для вложения денежных средств.,5,
147,Алексей Мальцев,2024-01-14 11:51:41,Отличный банк.,5,
148,KAS KIJ,2022-11-23 15:28:33,"Долго думал по поводу кредитки, в итоге взял в Альфе и не прогадал. Понравилась акционная программа и условия. 
Супруге тоже решили такую оформить, пусть будет на всякий случай, всё равно обслуживание бесплатно",5,
149,Respected,2022-03-31 08:58:46,"Никогда не пользовался услугами данного банка, не передавал ему свои личные данные, но мне постоянно поступают звонки рекламного характера. Звонил в службу поддержки просил исключить мой номер телефона из списка спам-рассылки. Приходили уведомления о том, что мой вопрос решен положительно. Но воз и ныне там. Это не банк, это просто ""шарашкина контора"", которой видимо не хватает денег на нормальные источники рекламы, рассылают рандомно спам и не могут позволить себе отказаться от бесплатного привлечения клиентов. Девушки в колл-центре похожи на ""службу безопасности сбербанка"" - сами не понимают о чем говорят. Желаю скорейшего аннулирования вашей лицензии.",1,
150,Lu San,2022-04-14 08:24:39,"Огромные очереди, запись на определённое время возможно только в мобильном приложении, а вот чтобы установить приложение нужна карта. Если ее нет, то придётся в очереди час или больше сидеть.",1,
151,Надежда Егорова,2023-06-30 16:19:16,Царегородцева Екатерина! Очень благодарна!),5,
152,Олег Шаталов,2022-03-02 15:42:38,"Отличный банк. Обслуживание на высоте. У меня здесь оформлен потребительский кредит. Кредит дали без проблем, оформили быстро. Плачу в срок.",5,
153,Pairem,2023-07-06 20:09:54,Я очень разочарован в данном банке. Служба безопасности никакая.,1,"Здравствуйте. 
Пожалуйста, расскажите подробнее, что повлияло на оценку? 
Ответ можете отправить на почту: smm@alfabank.ru. 
В письмо вложите скриншот отзыва, а также ваши ФИО и дату рождения. 
Всё детально проверим и поможем разобраться."
154,Игорь Д.,2022-01-14 10:56:15,"Бессовестные люди работают тут. Отмечали они корпоратив по случаю открытия офиса, заказали торт у кондитера, съели его а оплатить отказываються ссылаясь на то что он по оформлению не подошёл им!!!! Вот и верь этим самым бедным людям!!!!!",1,
155,Родион К.,2023-01-10 16:28:19,"Не было таких ситуаций, где банк не решит тот или иной вопрос. За последние 10 лет пользовался всеми популярными банками и предпочтение все-таки отдаю Альфе, так как здесь отлично все.",5,
156,ЕленКа,2021-12-27 11:37:58,"Вежливый персонал, есть где посидеть, нет огромных очередей, как в Сб-ке, опять же - побольше бы парковочных мест.",5,
157,Нинель,2023-01-05 18:15:00,"Что смело могу сказать, так это то, что Альфа банк всегда старается идти навстречу клиенту и решить ту или иную ситуацию в его пользу. А в этом отделении все работники профессионалы)",5,
158,Дима Акимов,2022-11-27 16:59:24,"Впервые посетил офис-приятный внутри, дружелюбная атмосфера и вежливые сотрудники.",5,
159,Алексей Табаков,2023-05-19 11:58:57,Обслуживание медленное вежливые сотрудники банка что в ++++,4,"Здравствуйте, Алексей! Спасибо за отзыв, постараемся исправиться со скоростью!"
160,Александр Б.,2021-10-29 14:49:40,"Ужасный офис из пяти окон работали только три, очередь была не вероятно большая, пришёл в 17.08 после работы и так и не смог получить свою карту. Ужасный офис не знаю как сам банк но уже желания нет приходить этот офис.",1,
161,Динис Б.,2022-08-07 13:13:33,"Альфа банк привлек тем, что для получения кредита не понадобился миллион справок, подтверждающих доход. Люблю когда все просто и быстро!",5,
162,Александр Свинцов,2024-04-21 14:15:04,Всё чётко.,5,
163,Андрей Кочаков,2023-06-18 17:04:45,Ни чем не помогли. Заставили что то искать в телефоне )),1,"Здравствуйте, Андрей!
Удивлены прочитанным. Мы всегда стремимся помочь и предоставить качественный сервис. Пришлите, пожалуйста, детали этой истории на нашу почту smm@alfabank.ru, укажите ваше ФИО и дату рождения. В теме письма прикрепите ссылку на ваш отзыв. Всё проверим и разберёмся."
164,Марина Филонова,2021-12-17 07:37:25,"Карту приостановили обслуживание и не возможно дозвониться,а деньги за обслуживание 200 р сняли 
У меня нет кредитов и задолженностей 
Пишу никаких ответов
Зато миллион кредитов и рекламы
Ухожу из этого банка 100%",1,
165,Никита т.,2022-08-12 10:10:27,"Хороший банк, на уровне. Современный, не везде такой есть, ну а если по услугам. А что по услугам? Кредиты, наличка, ипотеки, вклады. Дают-улыбаются, берут-тоже улыбаются - по человечески что ли",5,
166,Денис Яшин,2022-12-26 16:39:28,Уровень персонала средний. Отчасти был разочарован. Продукты банка приемлемы.,3,"Денис, здравствуйте! 
Хотели бы разобраться подробнее. Что именно вас разочаровало? 😔 Поделитесь с нами."
167,Гриша Е.,2022-04-13 11:29:07,"Чтобы получить карту надо ждать полтора часа. В помещении очень душно, большая очередь. Единственное это вежливый персонал, но очень медленный!",1,
168,.,2023-06-30 13:11:49,Всегда очереди от получаса решить 3 минутный вопрос,1,
169,Денис Галюс,2023-06-20 07:20:55,"Быстро, чётко, красиво",5,
170,Татьяна Попова,2023-01-07 17:12:49,Приятный офис и обслуживание отличное,5,
171,Ольга С.,2021-11-23 16:49:54,"Специалист Наталья очень вежливая, грамотная, терпеливпя. Но очередь..... Не хочется посещать банк",2,
172,Олег 7134,2022-12-25 17:36:29,"Отзывчивый персонал,все удобно",5,
173,hhmap.ru,2022-06-08 11:12:16,"Круто, технологично, быстро, часы работы только расстроили)",4,
174,Екатерина Гребнева,2022-04-14 11:15:12,Ноль ценности времени клиента. 3 менеджера на толпу в очереди... Отпадает желание иметь с банком дело .,1,
175,Сергей Мотовилов,2022-03-23 14:45:36,"Нужно было снять наличку, людей достаточно, но персонал ведет себя максимально профессионально",5,
176,Алексей Корнеев,2023-02-15 16:29:47,Приятный опытный персонал,5,
177,Татьяна Данилова,2022-09-04 18:10:48,"Обслуживание на уровне, персонал вежлив.",5,
178,Анонимный отзыв,2021-02-04 15:31:47,"Заказал карту 100 дней без процентов. В смс указано что карта пришла, прихожу в офис, а меня даже в базе данных нет.Звоню по горячей линии, якобы у них времени нет ответить. А смс, что карта на месте приходят. Ну, блин..надоело!:)",1,
179,Дарья Валерьевна,2023-08-05 19:38:46,Хорошее обслуживание,5,
180,Айнурхан Курзяков,2023-10-31 17:29:17,Всем помогли,4,
181,Юля,2020-03-31 13:09:11,"Современное отделение банка, сотрудники грамотные, вежливые, с пониманием относятся к посетителям, к их просьбам. Обслуживание на высшем уровне, предлагают разнообразные банковские прлдукты",5,
182,Алена Танич,2022-03-10 08:54:01,"Были проблемы с платежами и картами, обратилась в отделение, помогли с проблемой",5,
183,Вячеслав Иванов,2021-02-11 09:05:27,"Лохотрон полнейший по кредитной карте на сумму 500000 с льготным периодом на 100 дней и якобы с процентной ставкой 9,9 ,если выйти за срок льготного периода,на самом деле процентная ставка 50%",1,
184,Роберт О.,2022-03-14 13:35:14,Самые медленные работники. Ленивец со зверополиса это про них. В других банках нет такого.,1,
185,Юрий,2022-11-04 06:43:25,Лучший дизайн офиса из всех банков,5,
186,Андрей,2021-03-12 09:03:07,"Качественное обслуживание, интересные продукты. Приятные ощущения от посещения офиса",5,
187,Синьор помидор,2022-01-14 12:11:09,"Жесть, чтобы получить дебитовую карту, люди ждут по полтора часа!!!!! Лучше зайкройтесь",1,
188,Оксана Скворцова,2022-07-24 09:15:09,"Час в очереди и ничего не решили,то интернета нет у них,то света",2,"Здравствуйте, Оксана!
Уверены, что это человеческий фактор, которому мы, к сожалению, не подвластны. Но мы понимаем, что остаться наедине с нерешенными проблемами — это неприятно, простите за это.
Напишите ваше ФИО, дату рождения и все интересующее вопросы на почту smm@alfabank.ru и укажите в теме письма, что пришли из Яндекс Карт — постараемся со всем помочь"
189,Алина Гениатуллина,2021-10-09 18:05:59,"Очень долго обслуживание. Два окна принимает, остальные сидят непонятно что делают, в зале очередь километр",3,
190,альберт в.,2021-08-23 17:43:16,"Хороший банк
Ещё бы по 2 карты выдавали 100 дней без % для снятия наличных и был бы отличный банк👍",5,
191,Екатерина Толстухина,2022-05-03 18:29:09,Очень много народу бывает и приходится очень долго ждать,4,
192,Булат,2022-04-19 16:42:55,"Девушка на ресепшене молодец 5 из 5. Если бы не она 0,1 балла этому банку",4,
193,Ольга Чекулаева,2021-09-05 10:24:40,"Банк хороший, но работает мало менеджеров и для решения простого вопроса вы потратите час, полтора.",3,
194,пашка лещ,2021-02-25 15:44:00,"Достали пустыми звонками,вам одобрена карта...бла....бла....бла.прихожу в банк,а там-ой не можем дать вам,приходите через месяц!хоть как то бы выбирали тех кому звонят!!!",1,
195,Игорь Лоханов,2021-05-03 08:13:19,"Удобное расположение в центре города, банк хороши, не так давно стал им пользоваться!",5,
196,Дмитрий Лебедев,2021-05-22 14:00:14,Если человеку необходимо связаться с консультантом по важному вопросу. Почему ваш дурацкий робот не может этого сделать просто и без лишней болтовни?,1,
197,Михаил К,2023-06-09 02:06:27,Быстро удобно и вежливо !,5,
198,Вячеслав Ельчанинов,2022-08-21 09:39:19,"Нравится, что банкоматы работают круглосуточно. Это выручает.",5,
199,Cyril Pole,2021-09-18 12:13:25,"Нет доступной среды , очень не удобно подниматься по ступенькам",1,
200,Семен Ведерников,2022-06-17 13:48:11,Ужаснее банка не встречал. Чтоб закрыть счёт вынут душу.,1,
201,Инна З.,2023-08-20 17:43:16,Нормально,5,
202,New Lo_ot,2021-03-29 19:51:19,"Парковаться неудобно, персонал непонятно чем занят, пять сотрудниц сидят вокруг старшей, очередь уже чуть ли не на улице, но окна не работают...",1,
203,Денис Паскичев,2022-05-13 19:13:33,Все быстро.Долго ждать не надо.Берешь талон ждёшь своей очереди.Незнаешь как и куда- сотрудник тут же поможет.,4,
204,Rainiel D.,2020-12-08 06:36:00,"Отвратительное обслуживание.Отказались не то,что предоставить информацию по моей карте,но и даже просто посмотреть.Якобы все равно ничего не увидим.",1,
205,Сергей Игнатьев,2022-04-30 13:21:36,"Долгое обслуживание клиента, очередь живая дичайшая",1,
206,Ирина Д.,2020-06-20 19:06:27,"Ничего не приспособлено для обслуживания ИП и юрлиц, выделили кабинет, посадили сотрудника, который должен привлекать новых клиентов (ИП и юрлиц) но при этом от себя только может сказать, чтоб звонили на горячую линию((((",1,
207,Ия,2021-03-09 12:50:29,Задолбали со своими дозвонами на перезвон! Банк формирует к себе негативное отношение клиентов! Очень негативное!,1,
208,Ramil,2021-09-16 13:17:44,"Профессионально обслуживание, соблюдение норм карантина👍",5,
209,Lala Pripls,2022-07-17 17:22:06,Обслуживание на низком уровне,3,
210,RUSLAN,2022-07-10 16:11:56,Быстро решили в моём вопросе,5,
211,Евгения Кокоулина,2021-09-10 11:01:01,"Хороший банк, только далеко, всего одно отделение, и долго приходится ждать",5,
212,mechanik12rus,2020-07-23 14:03:41,"Такой лохотрон впуливают кредитку ""100дней без процентов"" но за активацию списывают с редитки если в срок не выплачивает то 49 процентов годовых.",1,
213,Александр Макаров,2021-10-07 12:25:13,"Очень долго, сижу полтора часа, вызывают людей, пришедших до меня! Бардак!",1,
214,Анастасия Селиванова,2021-03-30 07:48:50,Удобное месторасположение. Круглосуточный банкомат,5,
215,Григорий Карпов,2022-01-06 18:52:41,"долгие очереди,не приветливый персонал.",3,
216,killik77777,2020-03-24 14:19:10,"Делали там ремонт, подрядчик так и не заплотил, сослался на то что после нас всё переделывали что-бы не плотить. Фирма Квартира 17 зовут саша, у него и расценки минимальные.",3,
217,Даниил Двуреченский,2021-10-09 17:53:44,"Очень рад ,что у нас в городе есть этот банк",5,
218,Марина Альбертовна,2022-08-21 19:34:32,Классный банк,5,
219,yra maltakov,2022-08-09 18:01:56,Очередь всегда,3,
220,Сергей Петров,2022-08-28 11:43:45,Банк как банк,3,
221,Ольга Царькова,2020-07-18 12:41:29,"Безразличное отношение консультантов к клиентам, банкоматы не принимают некоторые виды купюр.",3,
222,Екатерина Лазарева,2020-12-21 09:37:23,"Ужасно долго обслуживают, просидела пол часа очередь даже не продвинулась",1,
223,Станислав Соловей,2020-03-13 16:34:55,"Хороший персонал, помогают и реагируют быстро
Банкоматы не виснут",5,
224,Ульяна Андреева,2020-07-25 18:52:28,"Лучшее отделение, и самые лучшие консультанты",5,
225,Александр П.,2020-11-13 10:25:53,Осуществляют нежелательный обзвон. Звонят и сбрасывают.,1,
226,Евгения Вершинина,2021-06-10 17:57:24,С натяжкой...бывают очереди,5,
227,Дмитрий Я,2022-05-02 09:53:23,"В нужном месте, тесно и долго.",3,
228,Алексей,2021-03-25 09:35:23,Хорошее отношение персонала,5,
229,Лаша К.,2020-08-10 09:40:09,надежный банк приятно сотрудничать!,5,
230,Никон Павел,2021-07-26 10:41:15,Бесплатная водица.,3,
231,Анонимный отзыв,2020-08-07 02:35:34,"Карту заказал, два дня ,готово, молодцы!",5,
232,Коля Коротков,2020-04-29 13:35:11,На советской была обстановка приятней!,1,
233,Максимы-Ч.,2021-04-21 13:07:21,"Быстрое обслуживание,",4,
234,Ludov Kandakova,2021-03-27 18:18:07,Хорошие предложения!,5,
235,Вячеслав К.,2020-12-11 10:56:56,Обзванивают а сами трубу бросают,3,
