,name,date,text,stars,answer
0,Валерия,2023-05-10 11:40:49,"Прошу обратить руководство на работу сотрудников. Быстро, четко работают профессионально.
Пользуюсь услугами, довольна работой сотрудников.",5,
1,Марат Т,2023-12-31 16:53:51,"Отличный банк, без суеты и толпы. Этакий семейный банк.",5,
2,Oleg Kuzminov,2023-08-26 13:52:18,"Шикарный банк.
Наверное единственный в котором обслуживание практическииноль.
Уже более 30 в нем обслуживаюсь и не хочется переходить в другие банки",5,
3,Рита Карашаева,2023-08-15 15:58:20,Всегда можно получить квалифицированную консультацию. Совершенно бесплатно. Молодцы сотрудники.,5,
4,Инкогнито 7483,2023-11-21 11:57:54,"Всегда вежливые обслуживание, подскажут если что то не так",5,
5,amiyamadzaki,2022-05-04 19:15:01,"Хорошее обслуживание, вежливые сотрудники. Девочки с учетно-операционного отдела помогут и проконсультируют, если есть какие-то вопросы, всегда доброжелательное отношение к клиентам",5,
6,Арсен Хуламханов,2024-01-26 21:45:25,Хорошие и отзывчивые сотрудники,5,
7,СВЕТЛАНА ЖЕРЕБНОВА,2023-03-23 14:53:02,Отличное отношение к клиентам. Грамотные специалисты. Ослуживаемся в банке уже 5 лет и надеемся на дальнейшее плодотрудчное Содружество.,5,
8,КOSAR,2023-07-12 19:31:31,"Отношение к клиентам доброе, а обслуживание и персонал на 5+",5,
9,Аурика,2023-12-04 09:35:55,Ужасное обслуживание и отношение к клиентам. Не рекомендую,3,
10,Ирина Ким,2022-09-14 19:58:00,"Отличный банк! Грамотные специалисты, вежливые.",5,
11,Инна Булацева,2022-02-05 18:15:12,"Отличный банк, вежливое обслуживание, мне он очень нравится! Если бы могла, перевела бы туда зарплату!",5,
12,Инкогнито 5044,2024-02-06 17:40:12,👍👍👍👍👍,5,
13,Мадина,2022-08-13 07:16:39,Очень вежливый сотрудник попался ) я довольна ),5,
14,Aleksey Forynov,2021-09-15 09:14:36,"При попытке получить перевод western union , сказали нет долларов. Точнее только половина от необходимой суммы.",1,
15,Светлана,2021-10-17 12:49:47,"Быстрое , профессиональное обслуживание. Рекомендую",5,
16,Руслан Хакиногов,2021-05-23 11:44:20,"Не понравилось , сотрудники слишком медлительны ,пришлось пол дня потерять чтобы получить перевод!",3,
17,Ruslan R.,2021-06-03 13:14:32,"Обманывают 
 людей не выдают переводы в валюте, навязывая получать в рублях по их невыгодному курсу!(",1,
18,Роман,2022-05-31 17:06:15,Хорошее обслуживание. Грамотный персонал.,5,
19,Сергей Тимофеев,2020-01-15 10:45:16,Хороший банк. приветливые работники. Всегда грамотно проконсультируют и помогут,5,
20,Евгений Иванович Приходько,2019-09-09 14:39:36,"Обслуживание желает быть лучшего!!! Простоял в очереди, чтобы сделать перевод WU 40 минут когда очередь подошла оказалось, что в нужную страну сделать этого не могу. Нету информации в офисе вообще по переводам",1,
21,Артур Балкаров,2020-04-10 20:17:13,"Много охраны, просто так не зайдешь,пока охране не объяснишь зачем идёшь",2,
22,Sergei,2022-04-01 08:30:22,Бомба 🔥🔥🔥,5,
23,Фошка ОМА,2020-09-05 09:49:07,"Здоровья всем тем,кто там работает🙏",5,
24,Роберт Ц.,2019-12-23 18:01:09,Грабануть не получится Не советую,5,
25,Фатима Бжахова,2020-03-17 12:50:11,Грамотные консультанты,5,
26,Ахсар Сохроков,2019-11-30 11:39:03,Лучший банк для аферистов.,1,
27,Mariya Morunova,2020-01-19 14:02:59,хорошое обслуживание .,5,
28,Den I.,2019-07-29 07:57:34,Небольшой местный банк.,4,
29,Тамара Махова,2019-11-10 11:06:13,Как в обычном банке,5,
30,Лариса Б.,2020-01-21 17:39:43,Надежный банк.,5,
31,Необлыжный,2020-01-11 00:31:43,обслуживание хромает,4,
