,name,date,text,stars,answer
0,vlad laks,2024-05-01 11:25:12,"Хороший банк для посёлка есть много банкоматов ,так же там можно обменять валюту и сбоку банка есть круглосуточный банкомат!",5,
1,Ира,2023-08-18 08:25:15,"Девочки здесь работают замечательные. Всегда помогут , объяснят и расскажут. Вежливые и веселые.",5,
2,Оксана Марфина,2024-01-22 16:47:22,"Девочки очень хорошие,всегда тебе подскажут,помогут.",5,
3,Контанктин,2022-04-26 03:09:56,"Девчёнки золотые😁всегда отнесутся с пониманием, расскажут, подскажут
Умнички😍
Что самое интересное то, что имена практически у всех
Елена 😁",5,
4,Елена Пересыпкина,2022-07-16 10:26:56,"Спасибо, сотрудникам этого отделения. Всегда помогут,даже в нестандартных ситуациях. Отдельную благодарность выражаю Гулевской Надежде.",5,
5,Щетинина Людмила,2022-07-11 07:15:53,"Всегда хожу с удовольствием, так как очень компетентные и доброжелатнтельные сотрудники.",5,
6,Валентина К.,2022-08-04 11:54:11,"Быстро. Вежливый персонал. Профессионалы. Банкомат , разные опции",5,
7,олеся корнеева,2023-01-18 17:07:20,Очень хороший персонал.,5,
8,Сергей Мачула,2021-04-12 09:39:11,Хорошо внутри но снаруже отстой стыдно для сбера баготейший банк терменал выдочи дениг отвратительный .Содрудники очень хорошие ставлю +,4,
9,Parsifale,2021-03-16 21:27:12,"Банкомат в углу этого здания на весь ***** посёлок и село....
А так протереть с хлоркой его не помешало бы.
Сам банк норм",4,
10,Михаил Инкогнито,2021-07-11 16:53:30,Удобно есть где поставить автомобиль рядом. На улице круглосуточный банкомат.,5,
11,Кобилжон Бойхонов,2022-05-01 18:50:57,Обслуживание отлично,5,
12,Lana ***,2021-08-13 17:14:14,Персонал вежлив и отзывчивый.,5,
13,Ольга Бурнышева (Деменко),2020-07-21 07:03:47,Быстрое обслуживание.грамотные консультанты.Часто пользуюсь здесь банкоматом,5,
14,Максим,2021-06-09 05:00:46,"банкомат на улице, внутри персонал внимательный",4,
15,Haqezqa Anohina,2021-08-16 10:06:59,В этом банке быстрое обслуживание.,5,
16,Сергей Полухин,2018-06-28 22:23:24,"+ Многие работники терпеливы и доброжелательны.
- Но из-за маленького помещения, в дни перечисления пенсий, там сущий ад. Очередь, как ""Змей Горыныч"", не пойми сколько голов, и хвостов. Где она начинается и кем продолжается.",2,
17,Дмитрий Оверченко,2021-11-16 17:28:56,Беспонтовое отделение,1,
18,Валентина Бутырская,2021-04-12 10:00:54,Замечательные сотрудники.,5,
19,Алексей Афанасьев,2019-09-08 18:33:52,"Небольшой СБ, квалификация сотрудников желает желать лучшего.",4,
20,Михаил,2019-11-29 21:29:21,"Все отлично, но мало окон работают в пик платежей)",4,
21,Светлана Л.,2019-10-28 16:34:17,Не всегда вежливый персонал,3,
22,Наталья Арсентьева,2020-04-27 21:28:22,Хорошее обслуживание,5,
23,Анонимный отзыв,2018-08-04 13:59:05,Отказали в выдаче карты,1,
