,name,date,text,stars,answer
0,Анатодий Беломестнов,2024-03-03 14:21:49,"Быстро и профессионально обслуживают сотрудники. Помещение хоть и не большое, но уютное. Не понравилось что банкомат рядом, и шумно работает. Мешает переговорам.",5,
1,Романова,2024-01-11 07:14:59,"Сегодня зашла открыть вклад и даже не знала,что у меня 3250 кешбеком лежит..девченки мне его перевели на счёт.. очень приятно, получать деньги просто так..девочки, спасибо",5,
2,Анастасия логутова,2023-10-11 14:11:42,"Консультанты сидят в телефонах или между собой трещат не обращая внимание на очередь 
Только одна девушка с короткой стрижкой( блондинка) за всех отдувается очень доброжелательная и отвечает на все вопросы, спасибо ей огромное!",3,
3,Павел Чзоу,2024-03-26 14:11:50,"Делать банк в виде интернет-кафе, но без кофе - не лучшая идея",1,"Здравствуйте, Павел.
Возьмём на заметку ваше замечание."
4,Ольга Наташина,2024-01-03 13:49:39,"Отвратительное обслуживание, менеджер продержала час чтобы закрыть счет.",1,"Здравствуйте, Ольга.
Извините за длительное ожидание, удалось ли вам закрыть счёт?"
5,Даша Езова,2023-09-11 15:40:47,Вроде нормально,5,
