,name,date,text,stars,answer
0,Дарья М.,2023-11-18 17:45:44,"Очень современный, многофункциональный офис,достаточное количество сотрудников, я получила консультацию и рекомендации, на все мои вопросы было подробно отвечено. Как бонус-в отделении чисто.",5,
1,Сергей Решетняк,2024-04-01 11:22:29,"В этом отделении Альфа-банка, возможно, самые маленькие очереди потому, что достаточно много сотрудников и, главное, они все профессионально выполняют свою работу и обслуживают клиентов весело и быстро. Рекомендую данное отделение!",5,
2,Владимир Сверчков,2023-10-27 10:47:43,"Отличный и профессиональный коллектив банка, особенно хочу отметить менеджера Дарью очень быстро и грамотно помогла разобраться с нашими картами. Мы пенсионеры очень ей благодарны!",5,
3,Евгений Сокол,2023-06-12 06:53:28,"Обслуживание на высшем уровне, сотрудники всегда вежливы и готовы помочь. Все происходит быстро, без необходимости стоять в очереди . Отличное расположение отделения . В нем можно оплатить коммунальные услуги , погасить кредиты и т.д. Кроме того, здесь банкоматы с функцией приема наличных.",5,
4,Вячеслав К.,2023-11-06 15:20:07,Удобное расположение. Хорошее обслуживание. Уютная обстановка. Компетентный персонал. Чисто в зоне обслуживания . Клининг достойный. Персонал внимательный и всегда готов прийти на помощь,5,
5,Даша Чернышева,2023-11-23 16:34:20,"У Альфа банка отличное мобильное приложение без сбоев и зависаний. Интуитивно понятный интерфейс, удобный функционал для операций и оплаты услуг.",5,
6,наталия г.,2023-06-29 17:33:37,Персонал очень вежливый и компетентный.Они понятно и доступно объясняют всё. Всегда есть рабочие терминалы.Все отлично. Отделение удобно расположено.,5,
7,Инкогнито 6309,2024-02-06 16:42:42,"Альфа-банк изменился. 2 года назад операторы сидели там не отрывая попу, не отвечая ни на один вопрос , бессмысленно вообще было приходить к ним. последние полгода они стали намного внимательнее и лучше, хотя иногда срывается на прежнее. Банк продолжает меняться в лучшую сторону, научились быть вежливыми специалисты и профессиональными",4,
8,Анастасия Вьюгина,2023-07-17 11:37:14,"Персонал очень приятный и отзывчивый.Операторы всегда вежливы, доброжелательны и быстро принимают платежи. В отделении также есть банкомат с возможностью снятия наличных и обменного пункта. По моему мнению, это одно из лучших отделений в городе.",5,
9,Александр Паньков,2023-09-07 12:32:06,"Отличный и отзывчивый персонал, индивидуальный подход! Сотрудница Алёна все доходчиво объяснила и помогла с оформлением документов, благодарю !",5,
10,Владимир Мальбахов,2023-06-19 17:42:19,Я привык заходить сюда по вопросам обслуживания своей компании. И всегда сотрудники очень оперативно и грамотно помогают решить их. В моём случае всегда! Потому что я читаю отзывы на других ресурсах и меня это удивляет. Приятная атмосфера и удобное расположение офиса.,5,
11,Сергей Демидов,2023-08-25 08:20:15,"Отличный сервис и дистанционный и в отделении. Персонал вежливый, приятный в общении, помогли мне разобраться с закрытием долга по кредитной карте за несколько минут, все круто",5,
12,леонид андреев,2023-11-13 12:18:26,"Удобное расположение, всегда пользуюсь там банкоматоми, если есть в этом необходимость.",5,
13,761321 нестерванская,2023-07-22 17:28:32,"Мне нравится сервис и лояльное отношение к клиентам в Альфа-банке. Сотрудники всегда оперативно решают все вопросы, а если возникает недоразумение, они моментально помогают его уладить. Я ценю индивидуальный подход, который они предоставляют каждому клиенту.",5,
14,Юзик,2024-02-29 16:58:19,"Всё чистенько,персонал вежливый и пунктуальный,быстро помогли и решили вопрос.",4,
15,Galya Yakubenko,2023-12-12 00:31:35,"Заказала карту на 04.12.2023,доставку. Не привезли до сих пор, видите ли курьеру не удобно до меня доехать. Но разве хто мои проблемы? 
Отвратительно отношение.",1,"Галина, здравствуйте!
Извините за такой опыт. 
Напишите на smm@alfabank.ru ваше ФИО, дату рождения и номер телефона. В теме укажите: Я.Карты. Galya Yakubenko. Доставка карты. 
Всё проверим."
16,Иван Фролов,2023-06-27 03:28:28,"Открытие счета в Альфе оказалось отличным решением, не пожалел ни разу. Очень удобно, можно снимать деньги в любое время, без ограничений по сумме. Обслуживание быстрое, нет очередей, сотрудники всегда доброжелательны и отзывчивы.",5,
17,Татьяна Р.,2023-04-08 04:17:38,"Отличный офис, быстрое, вежливое и внимательное обслуживание. Можно комфортно подождать, выпить кофе или воды. Обращаюсь только в это отделение. Спасибо за сервис!",5,
18,Толя Семенов,2023-07-11 08:42:24,Банк идет на встречу своим клиентам всегда. Мне нужно было оформить кредитные каникулы-вообще без проблем. Сотрудница оперативно помогла мне разобрать все условия и обратила внимание. что это не будет считаться просрочкой),5,
19,Ольга П.,2023-04-08 03:28:33,"Брала Кредит, очень вежливое обслуживание! Внимательно и быстро все сделали и ещё пару вопросов решили, в частности, карту новую выпустили. Только благоприятные впечатления. И не ждала практически. Спасибо!",5,
20,Елена,2024-01-13 17:39:01,"Оформление депозита прошло быстро и без лишних формальностей. Менеджер просто молодец! Помог разобраться с видами вкладов, и теперь у меня есть депозит, идеально подходящий под мои планы.",5,
21,Натали SV,2023-04-30 15:37:25,"Зашла, что бы просто закрыть счет, и была приятно удивлена тем, насколько это было легко и быстро. Сотрудники были очень дружелюбны и профессионалы, и процесс был завершен без каких либо проблем.",5,
22,Неповторимая,2022-12-05 14:21:55,"Посетила этот филиал с целью получения выписки по счету. И что ж, как и в предыдущих отзывах, хочется обратиться к руководителю этого филиала. Вам выгодно такой уровень обслуживания? Вы для кого работаете? Вы где такой контингент безграмотности набираете? Ведь у вас так называемые сотрудники не хотят даже элементарно вникнуть, что требуется от них. К вам сколько раз ходить за выпиской? Вы год её оформлять будете?
Читаю предыдущие отзывы. Вы даже не хотите извиниться. И проходит время, а вы стойко не хотите меняться в лучшую сторону. Набираете сотрудников с улицы? У них купленное образование? Плохо, очень плохо. На дворе 21 век. А у вас первобытный век(((",1,"Здравствуйте! Жаль, если сложилось такое впечатление о нашей работе. Выписку по счёту можно сделать моментально в приложении или в Альфа-Онлайн, для этого нужно нажать на Карту 👉 Справки и выписки 👉 Выписка по счёту. 
Можем задержаться с выдачей, если справка нетиповая, поскольку формируем такие справки вручную. 
Напишите нам на почту SMM@alfabank.ru ваши ФИО и дату рождения, а также уточните, какую именно выписку хотели получить, попробуем разобраться."
23,Татьяна С.,2024-04-13 13:07:02,"Хороший банк, вежливые девушки быстрая консультация всегда",5,
24,Павел Ф,2023-02-07 13:00:22,"Уже второй раз обращаюсь в это отделение (на Ильича) и второй раз одни расстройства. Обстановка вроде по домашнему, но отношение персонала, особенно ""старших менеджеров"" ужасное. Электронная очередь хоть и существует, но до нее никого не допускают. А потом гоняют ""молодежь"" в хаотичном порядке по клиентам, хотя можно было бы и самому обслужить пару клиентов. Ещё не понравилось, что мои документы всё время лежат открытыми, т.е. любой проходящий мимо, а это могут быть и просто прохожие, может запросто увидеть мои паспортные данные и не исключено, что воспользоваться в корыстных целях.",1,"Здравствуйте, Павел!
Не похоже на нас 😔
Расскажите нам, пожалуйста, подробнее о ситуации. 
Напишите ваше ФИО и дату обращения в офис на нашу почту smm@alfabank.ru
В письме прикрепите ссылку на этот отзыв."
25,Александра Мельникова,2023-09-04 13:50:52,"Подробно и со всех сторон сотрудница рассмотрела мою ситуацию, посоветовала вместо кредита взять кредитную карточку. И реально оказалось выгоднее. Большое спасибо за такой грамотный персонал",5,
26,руслан скворцов,2024-04-02 13:37:49,"Новый подход во всем.
Максимальный минимализм!
Даже в цветовой гамме .",5,
27,Александр Горбачёв,2023-08-24 04:35:09,"Электронная очередь и новое поколение банкоматов - все продумано для максимального удобства клиентов. Внутри офиса всегда чисто, стильно и современно оформлено.",5,
28,Татьяна Гавриленко,2023-05-14 21:51:00,"Отличный сервис, ребята лучшие в своем деле! Команда ориентирована на клиента, быстро и доступно решает все вопросы. Отделение находится в удобном месте, что позволяет легко добраться до него.",5,
29,Ульяна Аршинова,2022-08-03 15:19:57,"Замечательные условия по кредитной карте, все очень прозрачно, понятно, легко. И в приложении все тоже понятно отображается. Пользоваться без каких либо проблем, все доступно. Единственный минус, что снятие наличных с комиссией. Так у всех, конечно, но раньше Альфа Банк без комиссии давал снимать. Надеюсь, вернут эту возможность))",5,
30,Элеонора Горкуша,2024-01-29 17:34:03,"Работники этого отделения Альфа банка - настоящие профессионалы. Когда мне срочно потребовался перевод средств, я обратилась в банк. Операционисты провели перевод быстро и качественно, и я осталась очень довольной.",5,
31,Татьяна Цыганкова,2023-06-24 13:57:51,"Каждый раз, когда мне приходится посещать банк, оставляет положительные впечатления. Сотрудники очень доброжелательные и компетентные, и они всегда находят ответы на все вопросы.",5,
32,Madina halilova,2024-02-03 20:36:29,Впечатлило гостеприимство персонала Альфа банка. Консультант ответил на все вопросы вкладах профессионально и вежливо. Большое спасибо!,5,
33,Наталья Рыбакова,2023-01-25 19:05:13,"Я как раз искала подходящий банк для открытия счета своего бизнеса. Выбор стоял между несколькими банками, но остановила свой выбор сдесь т.к. понравились условия открытия счета. Все чётко, понятно объясняют сотрудники, всеми довольна максимально.",5,
34,Евгений П.,2023-07-19 15:26:36,"После оформлении дебетовки банк немного надоедал своими звонками, в которых предлагали оформить еще какие-то продукты, но все разрешилось после простого звонка в горячку, спасибо!",5,
35,Степан Кармушин,2023-04-07 18:34:36,Быстро и качественно решили все мои вопросы. Девушки крайне милые и приветливые. Я доволен таким форматом офиса.,5,
36,ЮричЪ,2024-01-16 10:59:40,"Может быть мне повезло, может девушка попалась грамотная. Мне помогли. Проблему решили. Минус только в том, что весь персонал выдает кредиты. Только два сотрудника помогают с возникающими другими вопросами.",4,
37,Алина Бойко,2023-04-08 14:42:38,"Очень порадовала скорость и оперативность перевода,а также то,что есть возможность перевести деньги без комиссии. Недавно открыли счет,все очень быстро сделали. В общем,рекомендую.",5,
38,Наталья Колева,2024-02-08 13:46:27,Отличный банк.Хорошая уютная атмосфера.,5,
39,Бибинур Хуснеева,2024-01-26 15:24:09,"Филиал этого банка вызвал у меня прятный шок!Здесь совсем другой уровень обслуживания клиентов.Никаких очередей, просто сидишь на удобном диване и ожидаешь консультации.Это действительно комфортно.",5,
40,Никита Жоленц,2023-07-03 02:02:45,"Интересно оформлены конечно банки у них, после посещения остаётся намного приятнее ощущение, чем от посещения сбера (например), ну или других банков.",4,
41,Иван Осколков,2022-12-19 14:59:52,"Очень быстро помогли мне оформить вклад. Хотел сделать сам т.к. не люблю отделения, но всё же пришлось прийти - не разобрался. Менеджер мне помог и рассказал об условиях, выбрали подходящие и теперь я уже активный клиент альфа банка.",5,
42,Александр Красовский,2023-07-16 11:43:04,Быстрое приятное обслуживание оператор Вячеслав все доходчиво рассказал по времени вышло минут 15 одобрили кредит,5,
43,Яна Барышева,2024-02-15 18:18:31,Работа менеджеров в отделении банка вызывает только положительные эмоции. Они помогли мне оформить кредитную карту быстро и профессионально. Банкоматы тоже на высоте!,5,
44,Евгения Л.,2023-05-25 14:08:06,"Все сотрудники являются квалифицированными специалистами, они работают чётко, грамотно и понятно.",5,
45,Светлана Абатурова,2023-05-18 03:17:17,"Открыла новый счёт в Альфа банке. Я являюсь давним клиентом банка, и всегда отмечала исключительный профессионализм и ответственный подход сотрудников.",5,
46,Елена,2024-02-07 18:50:45,"Альфа банк - один из немногих банков, который действительно заботиться о клиентах, быстро отвечает на вопросы и помогает сложных ситуациях.",5,
47,наталья Вячеславовна,2023-09-30 18:05:17,"Мы пришли с мужем в ближайшее к дому отделение Альфа банка,оформить ипотеку. Мы выбрали этот банк из-за его выгодных ставок. Оформление оказалось быстрым и не сложным,заняло всего 20 минут, и нам не потребовалось предоставлять лишних документов. Особая благодарность позитивному сотруднику,который сделал этот процесс приятным,несмотря на его сложность.",5,
48,Антон Л.,2022-09-15 13:42:36,"Не рекомендую этот банк и сам из него ухожу (блокирую карточки и удаляю приложение) и никогда, никаких продуктов брать в нем не собираюсь. Также как и в АльфаСтраховании жизнь. Причина:
Жене нужно было взять кредит на 50 000 рублей. Пришла в Альфа-Банк, ей там выдали кредит в 50 000 рублей + навязали страховку (АльфаСтрахование жизнь) стоимостью в 30 000 рублей (ничего об этом не сказав). Прошло несколько месяцев, у нас появились деньги и мы решили погасить кредит заранее и с ужасом обнаружили, что гасить нужно не 50 000 рублей, а 80 000!!!! Позвонили в банк, там нас заверили, что после полного досрочного погашения вернется часть страховки. Услышав это с облегчением погасил весь кредит. После этого пришел в АльфаСтрахование жизнь с женой, где нам сказали, что страховки на самом деле две, одна 700 рублей, а вторая примерно 29 000 и вернуть часть страховки мы сможем только с 700 рублей и то какую-то часть. Я был просто в шоке от этого!!! И ладно бы мы были какими-то богатыми людьми, но мы обычные студенты ВУЗа и дарить какому-то банку пол зарплаты за то, что вынужденно взяли деньги на пару месяцев это уже слишком! Никому не рекомендую этот банк, а в частности это отделение, где облапошивают неопытных заемщиков!!!",1,
49,Бибулдин А.,2023-06-22 16:42:18,"Сотрудники банка всегда вежливы и отзывчивы. Они понятно и доступно объясняют все вопросы. В очереди никогда не приходится стоять долго, все происходит быстро. Кроме того, мне нравится возможность оплаты штрафов и налогов, не выходя из банка.",5,
50,Марина Волкова,2023-07-23 14:17:08,"Очень нравиться персонал!!!
Все внимание, обходительные. Как на подбор. 
Браво банку.",5,
51,Галлямова Альфира,2023-09-08 10:52:05,"Отлично,обслуживают хорошо,приятно заходит,желаю процветание 😍",5,
52,дмитрий Елисеев,2023-09-15 12:51:12,"Сделали быстро, всё объяснили долго ждать не пришлось. Сразу видно что работают профессионалы . Я доволен.",5,
53,Ксения Соломонова,2022-10-25 15:40:34,"Здравствуйте. Являюсь клиентом Альфа много лет. И первый раз у меня произошло недопонимание с вашим банком ! Сотрудник по имени ИГНАТОВА ВИКТОРИЯ абсолютно не компетентный сотрудник , грубиянка , медлительная. Считаю , если ты на выспался не выходи на работу . Хотела открыть сберегательный счёт в вашем банке , но по итогу уйду в другой банк , где условия Хуже , но из-за таких менеджеров , ничего не хочется",1,
54,Александр Чубаев,2023-06-18 15:34:35,"Хороший банк , а в Академ городке так особенно. Уютный офис. Быстро решают проблемы. Нужно было закрыть кредитку решили за 20 минут",5,
55,Елена Сычева,2023-01-22 18:19:24,"Удобное расположение,много банкоматов,очередей нет,персонал вежливый и приветливый.Быстро и качественно обслуживают.Очень удобное расположение,буквально в двух шагах от дома.Много банкоматов.",5,
56,Дмитрий Качалков,2023-06-16 14:36:08,"Отдельное спасибо кассиру, который всегда приветлив и улыбается. Все мои вопросы решались максимально быстро в любой ситуации, когда мне приходилось посещать отделение. Просто замечательно!",5,
57,Айзат А,2024-02-11 17:30:20,"Этот банк предлагает лучший кэшбек по карте, превосходящий другие банки. Я заинтересована познакомиться с другими продуктами банка. Продолжайте в том же духе!",5,
58,Евгений Кудашкин,2023-04-15 23:52:49,"персонал👍👍👍,приветливые,искренне помогают людям по всем вопросам,молодцы так держать.👌",5,
59,Наташа Кононович,2023-01-18 16:05:39,"Отличный банк! С детства пользуюсь его услугами , так как живу рядом. В банке можно оплатить практически все услуги , начиная от штрафов , налогов и заканчивая квартплатой.",5,
60,Юля С.,2023-04-19 14:42:37,"Оперативно и качественно обслуживают.Всегда вежливый персонал.Очень нравятся условия открытия счета в этом банке. После открытия счета, банк предоставляет бонусную карту, которой можно оплачивать покупки.",5,
61,Светлана Щур,2022-08-05 08:23:59,"Отвратительно организована работа: пришла взяла талон сказали необходимо подождать минут 15... Ок, жду ...
Проходит 15 минут, те кто пришли до меня решили свои вопросы, ушли. Смотрю начинают вызывать тех кто пришел позже... Начала ругаться, когда женщина которая не просидела в очереди и минуту была приглашена... В итоге потратила больше часа времени, 40минут из низ в ождании...
Не советую обращатться",1,
62,Глазков Ярослав,2022-08-07 08:50:41,"Через Альфа Банк купил автомобиль в кредит. Мне в салоне несколько вариантов кредитования предложили, вот у Альфа Банка наиболее выгодные условия оказались. Что привлекло, это то, что не навязывают каско оформлять. У меня получился комфортный ежемесячный платеж, так что доволен.",5,
63,Ирина Шамраева,2023-07-14 04:29:50,"Недавно мне понадобилось оформить кредит, и все было сделано оперативно. Через несколько дней после подачи я посетила банк, чтобы подписать договор и получить кредит. Мне потребовался только паспорт, заполнение анкеты, и мне сказали что через час я смогу забрать свой кредит. Все прошло очень быстро, и я осталась довольна.",5,
64,Гульдар Тайгунова,2023-05-23 18:33:22,"При посещении отделения меня сразу приветливо встретил работник, который оперативно помог мне оплатить кредит. Видно, что ему не все равно, он подробно и чётко ответил на все мои вопросы . Рекомендую это отделение Альфа банка всем , кто ищет качественное обслуживание.",5,
65,Александр Исаев,2022-01-11 11:52:49,"Банк нового поколения. Опенспейс, приветливые менеджеры. Все четко, быстро и по делу. Раньше отдавал предпочтение зелёному конкуренту,теперь только Альфа. Работают честно. Приложение удобное.",5,
66,Елена Романова,2023-05-21 11:02:35,"Я являюсь клиентом Альфа-банка с момента открытия их в нашем городе. В первую очередь я хочу выразить благодарность сотрудникам, особенно менеджеру по обслуживанию клиентов Татьяне. Она всегда доброжелательная и внимательная. Она всегда помогает мне в решении вопроса.",5,
67,Екатерина,2023-12-12 17:34:53,"ИП через Альфа-банк оформляла бесплатно, сразу открыли счет. Не нужно ходить в налоговую, Альфа сама оформляет ЭЦП. Раньше это было не так просто!",5,
68,Irina P.,2024-01-17 17:58:52,"Пришла с сыном, и сотрудница предложила ему занятие. Могла спокойно оформить слуги, благодаря заботе о ребёнке. Благодарю за внимание!",5,
69,Светлана Масляк,2023-07-31 16:38:30,"У меня сложилось впечатление, что работники этого банка действительно работают на совесть. Хотя я не являюсь их клиентом, мои впечатления о банке оказались очень приятными. Всем рекомендую этот банк.",5,
70,Ильназ И.,2022-12-01 10:19:55,Столкнулся с проблемой длительного списания средств и зачисления на счет кредита в другом банке. Перевел списания кредита на карту Альфы. Сейчас проблем с зачислением средств по кредиту нет. Деньги доходят до адреса не более суток.,5,
71,Tapivoka,2021-08-02 00:53:10,"Ну и фото тут выбрали для альфы... Задний фасад торгового центра... Офис новый, просторный, современный с отличным дизайном, столиками со стульями в зале, диванчиками. Сотрудники работают быстро.",5,
72,Любовь Белова,2023-10-28 14:10:31,"Сотрудник банка, подошёл к моей проблеме профессионально и участливо. За время консультации, меня даже угостили водой. Очень благодарна",5,
73,Данил Копысов,2023-08-28 16:19:37,"Благодаря совету друзей, я узнал об уникальном предложении - кредитной карте с годом без процентов. Не так давно я решил оформить эту карту, и пользование ею и мобильным приложением приносит мне множество удобств.",5,
74,Эдуард Зубков,2023-08-21 17:20:23,Вполне стандартный офис для этого банка. Ни разу нее возникало никаких проблем с обслуживанием.,5,
75,Марина Кубатина,2023-08-18 16:18:30,"Оформление карты в Альфа Банке проходит максимально удобно и оперативно. Заявку подала онлайн, а карту решила получить в данном филиале. Это было быстро, удобно и, к тому же, бесплатно!",5,
76,Степан Беляков,2023-12-25 14:15:12,"Дружелюбный персонал, понятный операционный зал и очередей для оплаты услуг или оформления кредитов.",5,
77,Елена Булатова,2023-04-14 14:46:13,"Всё на высшем уровне. Сотрудник очень быстро и профессионально проводит операции, и при этом даже не отвлекается от компьютера. За всё время, что я там была, я не слышала ни одного грубого слова",5,
78,Артем,2022-01-03 11:46:02,"Как-то все очень модно.... От того непривычно и не то, что бы совсем удобно. Но жить можно))) Вот что плохо - на праздниках не было отражено в приложении, что отделение не работает. Ткнулись носом в запертые двери.",4,
79,Юрий,2022-11-07 13:34:20,"Отличное расположенное отделение , очень удобно и дойти и доехать / запарковаться .",5,
80,Yulia Limorenko,2023-03-14 14:22:08,"Очень долго приходится ждать менеджера. Почти всё переспрашиваю, потому что сотрудники тараторят или говорят тихо и невнятно.",3,"Здравствуйте!
В моменты загруженности, время ожидания свободного менеджера может быть больше чем обычно.
Грустно, что вы столкнулись с негативным опытом. Мы обязательно проработаем все ваши замечания и примем меры. Извините."
81,Евгения Астапова,2023-07-24 13:37:53,"Прикольный интерьер, диваны столики. Но как везде, обещают 200, приходишь в банк на 60...",5,
82,машук,2023-05-16 16:37:41,"Я фрилансером работаю. Уже 2 года зарегалась как самозанятая. Плачу регулярно налог в 4%, банк мне в этом помогает",5,
83,Галина,2023-07-24 18:47:55,"Полгода назад взяла кредит, но возникла необходимость его досрочно погасить. Зашла в отделение банка и была приятно удивлена, что вопрос решается всего за пять минут. Осталась довольна всем процессом.",5,
84,светлана сапожкова,2023-04-27 12:47:59,Я решила оформить дебетовую карту в альфе и посетила их отделение. Сотрудники банка оказались очень дружелюбными и готовыми помочь мне с оформлением карты. Они также объяснили мне все условия использования карты и дали мне полезные советы.,5,
85,Ирина К.,2023-09-08 14:24:56,"Я являюсь обладателем дебетовой карты Premium и всегда обслуживаюсь в данном офисе. Здесь работает вежливый персонал, а время ожидания минимально.",5,
86,Ольга Т.,2023-08-26 17:43:53,"Визиты в отделения Альфа банка всегда радуют,ведь там работают доброжелательные и опытные специалисты,готовые решить любые вопросы.",5,
87,Кристина Поломина,2023-12-29 03:21:53,Получение приятных бонусов при каждой покупке с картой Альфа банка - это удивительно приятно!,5,
88,Гульнара З.,2023-07-26 19:07:41,"Недавно узнала от знакомых про карту «Год без процентов». Я долго откладывала , но наконец -то решилась зайти в отделение банка и оставить заявку. Все прошло горазде быстрее , чем я ожидала .Очень впечатлилась , это действительно круто !",5,
89,Наталья Б.,2022-07-14 12:20:35,"Огромное спасибо сотруднице (извините, не посмотрела на бэйджик), очень выручила в трудной ситуации! Продвижения вам по карьерной лестнице, 08.07.22, окошко №2.",5,
90,Сергей Романов,2024-02-29 14:52:02,"Всегда ,все замечательно) быстро,радушно,доходчиво)",5,
91,Анжелика Мишурова,2023-05-08 14:19:51,"Вот уж чего не ожидала, так вот этих платёжных стикеров. Думала, не освою, но быстро разобралась и уже оплачиваю",5,
92,Анна Д.,2022-03-22 09:13:12,"Некомпетентные сотрудники, которые не умеют выполнять свою работу. Огромные очереди, очень медленное обслуживание. Накосячили с выдачей карты. Полтора часа прождала в очереди, и теперь снова ехать разбираться. На горячей линии отмазки, послала всех куда подальше, невозможно с ними разговаривать. Ужасный банк и ужасные отделения. Формат ""хожу по залу, ищу клиента"" - это просто треш какой-то!",1,
93,Егор Муравьев,2023-04-19 13:27:39,"В этом отделении впервые оплатил кредит, никаких сложностей и проблем не было, разобраться в терминале просто.",5,
94,Александр М.,2024-01-26 01:16:28,"Как всегда, банк на высоте!",5,
95,Анна Драгунова,2023-04-12 06:18:04,"Для меня это пока лучший банк по сервисам и услугам. И убеждаюсь в этом каждый раз когда захожу. Недавно вот приходила с проблемой с приложением, со всем помогли, подсказали, и в очереди стоять не пришлось",5,
96,Екатерина Ерёмина,2023-08-07 10:03:59,"Заполнила заявку онлайн на дебетовую карту. Через 3 дня посетила офис для получения. В очереди провела лишь пару минут, а в офисе все оформили за 5 минут,и карта была у меня. Благодарю!",5,
97,Ольга М,2023-09-06 13:31:12,"Один вопрос - зачем? 
Вы серьезно думает что это круто когда мы видим ваши экраны??? А что если мы другие увидят мою информацию на вашем экране. 
И очередь, конечно большая",3,"Здравствуйте, Ольга.

Жаль, что сложилось такое мнение. Мы хотели выйти за рамки привычного отделения и старались сделать офис уютнее и комфортнее для наших клиентов."
98,Вероника Хакимова,2023-04-19 04:55:28,"Для юридических лиц отличный банк. Поддержка всегда на связи, тарифы выгодные",5,
99,Владимир Хабаров,2022-04-23 01:16:28,"Привет, краивый прия тный офис. Позитивные сотрудники относятся к клиентам внимательно и уважительно быстро решают заявку, обьяснят, Вцелом молодцы.",5,
100,Som,2023-08-21 10:43:11,"Став клиентом Альфа банка, я оценил качество предоставляемых услуг. Моя карта работает стабильно , обслуживание на высшем уровне , а бесплатные переводы - дополнительный плюс.",5,
101,Максим Зебаров,2023-04-17 13:25:28,"Всё быстро и чётко. Не могу сказать про другие отделения, но в этом банке всё чётко и понятно. Был там не раз, всё понятно и доступно. И очередей практически нет.",5,
102,просто Вова,2023-04-28 15:45:41,"Решил открыть ИП полностью оформил все тут, в альфа банке. В отличии от налоговой, тут не надо стоять в очереди, работники общаются нормально и дружелюбно, проконсультировали по всем вопросам оперативно и конкретно, здесь только плюсы.",5,
103,Владимир Л.,2023-03-27 01:23:32,"Я уже пару лет как зарплатный клиент альфы. Офис в порядке, но большинство действий осуществляю именно через сайт. В следствии этого оставляю отзыв: спасибо разработчикам за такой удобный инструмент.",5,
104,Татьяна Учаева,2023-04-18 09:57:19,"Отличный банк для бизнеса. Платежи проходят без задержек, тарифы выгодные.",5,
105,Наталья Казначеева,2022-09-21 17:14:34,"Крайний не проффесиолизм, не желание работать с клиентами, крайне не корректное предоставление информации, спихивание от одного специалиста ""к другому"", не советую....",1,
106,Либхен Р.,2023-04-06 21:22:58,"Приходила в это отделение в в январе этого года, чтобы закрыть счет. Подала заявление, прошла к специалисту, всё обговорили, все детали. В целом, процедура заняла буквально минут 15, ну может 20 максимум. Я считаю, очень быстро, тем более что я много вопросов задавала.",5,
107,Натали Ш,2022-12-03 09:05:47,Такое у меня впервые!!!! Сижу уже 40 минут что бы получить карту. Сколько еще ждать не понятно! Считаю чтт это не уважение к свом клиентам!,1,"Здравствуйте! Простите, если расстроили ожиданием и обслуживанием, стараемся помогать клиентам как можно быстрее, но иногда есть вопросы, которые требуют большего рассмотрения.
Уточните, ваш вопрос решён?"
108,Жанна Клыкова,2021-10-02 02:23:22,Этот офис переехал на ул. Ильича. И порадовала тому какая там домашняя и приветливая обстановка. Отношение вежливое и заботливое. Благодарю.,5,
109,Дмитрий Жильцов,2023-10-23 02:19:12,Сотрудники Альфа Банка просто молодцы. Так держать!!!,5,
110,Захар Казаков,2023-09-12 17:30:41,"Порадовало, что Альфа банк не навязывает лишних услуг и не беспокоит по телефону, они очень лояльно относятся к отказам. Большое им спасибо за это!",5,
111,489955 Гамаюнова,2021-09-17 10:43:58,"Некомпетентность сотрудников,причем не одного менеджера,а двух.Приезжали в офис 2 раза узнавали,будет ли комиссия за снятие наличных.Сказали 2 менеджера банка причем в разные дни,что снятие с вашей карты без комиссии.В итоге за снятие с карты была взята комиссия.Деньги тут же вернули в банкомат.Писали заявление ,чтоб вернули деньги за комиссию.Итог потраченное зря время.Не советую.И очередь элекронная какая то непонятная,сидишь ,ждешь и не понимаешь,когда подойдут менеджеры.А в нашем случае и еще и недостоверную информацию менеджеры донесли.",1,
112,Нчолппотргл Драелршдд,2022-03-23 05:55:32,"Из-за некомпетентности молодого человека работающего в этом отделении, придётся опять ехать в банк естественно в другое отделение, полный ноль... Пройдите обучение.... Или узнавайте информацию если не знаете чего то у специалистов... вашего банка, надеюсь не все не подготовленные работают.",1,
113,Алекс М,2022-04-20 15:15:13,"Фиджитал… Мне не нравится. Не комфортно. Не понятно сколько ждать. Как Юр.лицу - совсем плохо. Организационно именно. Сотрудники в юр.лицах прекрасные, но дело не спасает..",3,
114,Вадим,2023-03-03 16:43:37,"Работают быстро и без всяких проблем. Хожу сюда уже не первый год, так как живу рядом. Всегда обслуживают быстро, без очередей.",5,
115,Дмитрий Казаков,2022-07-17 16:06:09,"Был пару раз в этом отделении, персонал - милые девушки) обслуживают грамотно, никаких вопросов к ним, только благодарность.",5,
116,любовь морозова,2022-01-22 00:38:25,"Хроший,вежливый персонал,всё доходчиво объясняют не навязывают,как в некоторых банках,дополнительные услуги...Приятно общаться...",5,
117,Ольга,2022-04-18 13:55:42,"Терпеливый персонал. Долго оформляли карту зп, но это по причине неточности поданных данных. Наверное немного говорят хороших слов. Спасибо за терпение",5,
118,Yaroslava Savoskina,2023-04-27 10:20:16,"Не надо платить комиссию, если в другой банк перевод делаешь, хорошая функция",5,
119,Дулма Жамсаранова,2022-07-13 09:36:02,"Здесь ценят время клиента! Работают на отлично, вопросы решают без проблем, даже сложные.",5,
120,Annet,2022-05-27 09:31:11,"Пришла получать карту для работы , оформили кредитную на которую я даже не соглашалась))) Я все понимаю, работа у них такая, но совесть надо иметь.",1,
121,Александровна,2023-01-25 14:48:26,"Всё объясняют, рассказывают. Операционисты внимательные, компетентные. Есть терминалы. Можно расплатиться картой.",5,
122,Татьяна С.,2023-04-11 05:02:57,Хороший банк. Вежливые сотрудники. Не зря получают свою зарплату.,5,
123,Артем Г.,2022-07-12 16:24:16,"Пришёл в банк, взял талон в 15:03 получение/обслуживание карты. Забрал карту, на всё потратил минут 7, ничего не навязывали, всё ок.",5,
124,Павлова М.,2022-07-16 06:35:02,Выдали кредит со второго раза. Месяц назад отказали без объяснения причин. Сегодня получила 200 тысяч под 6.9%. Ура,4,
125,Анатолий Чеботарев,2023-04-22 18:19:17,Спасибо альфа банк за переводы без комиссии. Лучший банк.,5,
126,Алексей,2022-01-27 14:13:41,"Офис хороший, персонал очень не профессионален! Учиться,учиться и учиться,как завещал....",4,
127,Инкогнито 3636,2023-05-05 13:07:28,"Прекрасный офис, грамотный персонал",5,
128,Николай Иванович,2023-05-16 18:32:40,"Отделение приятное, очереди не длинные, обычно приходится ждать не более 5-6 минут. Я выбираю именно это оиделение из-зе его чистоты.",5,
129,Anton,2022-09-13 14:34:54,"Решил достраивать баню, которую лет пять назад возвёл, но так и не доделал. Обратился в этот банк за кредитом. Взял сразу 1,5 миллиона. 
Чтобы уж наверняка хватило.
Погашение удобное, на карту просто кидают деньги и с неё уже снимают в определённые даты.",5,
130,Злата Котова,2023-04-21 22:08:49,Наконец сделали переводы без комиссии! Даже в другой банк,5,
131,Сергей Доничев,2022-05-12 16:13:36,"Персонал вежливый и удивительно, как при таких очередях и массы людей они умудряются сохранять улыбки......",2,
132,Сергей Цибульчик,2022-12-27 12:49:55,Берут два процента за перевод в Сбербанк. В остальном всё как у всех.,4,"Здравствуйте, Сергей!
В сторонний банк также можете переводить деньги по номеру телефона через систему Быстрых платежей.
До 100 000 рублей перевод без комиссии, далее 0,5% от суммы операции, максимум 1500 рублей."
133,Марина Смирнова,2022-04-04 02:34:20,Постоянные звонки с предложениями взять кредитную карту! Откуда у них мои персональные данные: Ф.И.О. и номер телефона? Я им их не представляла!,1,
134,Золотой Асхар,2023-03-21 13:35:28,"Грамотные, чуткие консультанты",5,
135,Alexey Shangin,2021-04-15 17:41:17,"Очень странный офис, непрозрачная электронная очередь: не ясно сколько придется ждать, нет информации сколько перед тобой людей. Пришёл всего лишь получить карту в будний день вечером, прождал 40 минут потому что ""менеджер для премиальных клиентов уже ушёл"", а ""остальные не все видят вашу очередь"".",2,
136,Дмитрий Воробьев,2023-04-22 10:23:51,Интересная концепция работы офиса,5,
137,Ivan Drozdov,2021-04-02 10:44:49,"Клиент Альфа банка на протяжении 15 лет. Этот офис нового формата вызвал положительные эмоции. Но надо учесть, что при моём посещении было очень мало людей...посмотрим как будет дальше",5,
138,Александр Юринов,2021-04-18 10:37:48,Пошли по пути модернизации и решили обогнать в это сбер. Получилось не очень. Теперь все в одном зале обслуживаются (физ лица и юрлица) и касса одна на всех. Крайне неудобно.,4,
139,Ольга Ляшкова (дев Ухалова),2021-10-10 15:37:25,"Ужас 😨 а не офис 

Они еще и отзывы отклоняют ...Когда пишешь, что ужасно обслуживают, приходится ждать по два часа, под холодным кондиционером !!!",1,
140,Кирилл Лырчиков,2023-09-25 01:36:25,"Кредит не выдают, хотя сначала одобряют, просто время ваше тратят!",2,"Здравствуйте, Кирилл!
При подаче заявки мы сначала принимаем предварительное решение. После этого приглашаем вас в офис, чтобы проверить документы и принять окончательное решение. Увы, на этом этапе можем отказать 😔"
141,Morkovvv,2021-05-15 13:30:45,"Очень необычный офис, уютно. 
Закрывала карту. Была рада, что не мучили расспросами и ничего не предлагали. Общее время, проведённое в банке, составило минут 10.
Была в субботу утром, малолюдно.",5,
142,Никита Л.,2022-04-15 13:37:17,"Хороший персонал, чисто и хорошо",5,
143,Юлия,2021-06-18 12:32:37,"Надеюсь больше наши пути не пересекуться!! Банкомат один на весь район, чтобы закрыть счёт отстоять не один час надо",2,
144,Ольга Клементьева,2022-07-15 17:52:36,"Все хорошо, но очень долго",4,
145,Игорь Щербаков,2023-03-31 14:34:55,Обычный Банк,5,
146,Лейла кик,2022-09-30 04:40:19,Редко помогают чем либо,1,
147,cool.alexminakov,2022-02-01 12:39:36,Осень хорошо. На высшем уровне,5,
148,Мария Егорова,2023-10-21 13:22:07,Хороший альфабанк,5,
149,Митяй54,2021-05-28 16:55:10,"отличный банк, отличное месторасположение",5,
150,sergei митраков,2022-08-05 13:17:50,Очень понравилось,5,
151,Андрей Алексеев,2021-05-14 05:58:54,Все прекрасно) особенно новый подход к оформлению офиса!,5,
152,Алексей Саньков,2022-08-11 02:28:54,Современно,5,
153,tatyana_pranayma,2021-04-11 17:18:26,Отличный новый офис,4,
154,Нина Сараева,2021-06-03 13:06:05,Современный офис,5,
