,name,date,text,stars,answer
0,Toy,2023-11-30 12:33:56,"Быстро, чётко, вежливо. Всё объяснили, помогли. Милые девушки, знают свою работу. Уютное помещение. Чисто, спокойно. Остались положительные впечатления. Посмотрим, как дальше будет происходить сотрудничество",5,
1,Александр Лебедев,2023-12-01 11:16:07,"Плюс: офис красивый, тут нечего сказать.

Теперь к минусам. Заказал карту через приложение, где было сказано, что получить карту я могу в ЛЮБОМ отделении. Мотался по делам, удобно было заехать в это.

Для начала, живая очередь... в 2023 году? Серьезно? Сиди значит, запоминай за кем ты и фраза ""а кто последний"", снова актуальна. Это и есть обещанный в Phygital офисах уникальный опыт и технологии, исключающие очереди? Понятно.

Спустя минут 15-20 наконец освободилась сотрудница и я направился за стол. Которая взял паспорт и посмотрев в компьютер заявила, что а что я, мол, пришел, я же цифровую карту выпустил (на самом деле нет). Все мои слова о том, что карту я выпускал именно физическую, девушка отвергала. Пришлось открывать приложение и показывать информацию о пластике, который уже ждет меня в любом отделении.

Ок, видимо поняв, что свалить на дурака клиента не прокатило, мне наконец озвучивают, что, ой, а у нас нет карт. Да, вы можете получить её в любом отделении, но у нас закончились, вы же моментальную выпустили, а не именную (хотя приложение даже выбор не дает). Ну супер. 
Зато страховку, подключили автоматически при выпуске карты, которую я даже не получил и денежки списали.

Минус пол часа времени, и нулевой результат визита. Спасибо Альфа-банк за такой по настоящему уникальный опыт в красивом офисе.",1,"Александр, приветствуем! 

Расстроены, что наше сотрудничество началось с такой ситуации 😔 Хотим всё изучить и исправиться. 

Напишите, пожалуйста, на нашу smm@alfabank.ru почту ваше ФИО и дату рождения. В теме письма прикрепите ссылка на отзыв."
2,lubov adkina,2023-04-11 02:22:43,"Была в этом отделении не однократно , всегда приветливый персонал ! Ребята все молодцы четко по делу работают , компетентны ,приятно возвращаться к ним вновь ! Долгих очередей нет , комфортная обстановка и само пространство , приятная музыка . Молодцы ребята что развиваетесь в ногу со временем ! Желаю вам процветания и Адекватных клиентов ))",5,
3,kandemir,2024-01-14 12:27:42,Современный офис с удобной зоной ожидания для посетителей . Профессиональный и приветливый персонал предложат продукты банка.,5,
4,Vadim Kutishev,2023-09-27 14:58:14,"Процесс обслуживания был очень быстрым, и сотрудники четко объяснили все детали без навязывания дополнительных услуг. Они работали вежливо и спокойно. Большое спасибо за проделанную работу.",5,
5,СНЕЖАННА СНЕЖАНОВНА,2023-11-10 07:25:01,"Никогда не заходите в это отделение. Сидит 2 девушки, еле говорят, еле дышать и так же еле работают. Живая очередь. Я 1 раз заказывала дебетовую карту, ждала 1 час, 2 человека передо мной были. Сейчас чтобы забрать карту, уже 30 минут жду и ни один клиент не был ещё обслужен",1,"Здравствуйте, Снежанна! 
Бывают ситуации, когда клиенты приходят в офис с несколькими вопросами, поэтому на решение нужно больше времени. 
Мы подумаем, как сделать лучше, чтобы сократить время ожидания в очереди. 
Извините, что заставили ждать."
6,Валерий Сорокин,2024-01-24 17:07:14,"Банк оказался щедрым на кешбек. Понравилось что при получении кредитной карты мне выдали еще и дебетовку, обе активировали сразу на месте. Удобно и практично)",5,
7,Елена,2024-03-31 15:35:03,"Такое впечатление, что посетители в шапках невидимках. Как сидели, чай пили, ноль внимания на всех. Через минут 15 ожидания, демонстративно захлопнули дверь в свою коморку ...

и исчезли все сотрудники. Это работа?",1,"Здравствуйте!
Удивлены прочитанным. Всегда стремимся помочь и предоставить качественный сервис.
В период нагрузки можем обслуживать дольше, простите."
8,Саша Горшков,2024-03-29 17:37:33,"Получал тут кредит, понадобились срочно деньги. Занимать у знакомых не имею привычки. По этому поводу и состоялся мой визит в банк. По паспорту отправили запрос. В этом отлично помогла сотрудница Ира. Одобрили быстро. На другой день сумма пришла мне на счет.",5,
9,Потешин Александр,2024-04-25 19:42:08,"Присел на диван в очереди и чуть не уснул). Так удобно. В отделении не душно, народа не много. Приняли меня быстро. Помогли выбрать программу кредитования.",5,
10,Антон Безруков,2024-01-30 13:47:18,"Банк нравится, он единственный в отделениях которого находиться реально комфортно. Нет давки, очередь понятная, сотрудники приятные.",5,
11,Дарья Попова,2024-03-27 11:38:30,"Мне нравится сервис, который предоставляет персонал. Никогда не заставляют долго ждать. Карту выдали за 5 минут. Это быстро и удобно! Желаю, чтобы было больше таких банков!",5,
12,Олеся,2023-08-09 16:38:00,"Отделение новое, современное. Нет барьеров между клиентом и сотрудником. Судя по обстановке, сотрудники должны быть дружелюбны к клиентам. А на деле работают в этом отделении совершенно не клиентоориентированные работники. Каждый раз как приходишь, не понятно куда идти, то ли живая очередь, то ли по талончикам. Ни здрасти, ни до свидания, ни даже жалкой приветственной улыбочки. Короче, полное безразличие к людям. Стараюсь приходить туда как можно реже!",3,"Здравствуйте, Олеся!
В каждом офисе есть терминал электронной очереди, где вы регистрируетесь при обращении. Всегда перед началом работы поприветствуем клиента и попрощаемся по завершению."
13,Всеволод Т.,2023-07-21 11:52:23,"Расположение отделения очень удобное, так как я живу на соседней улице. Поэтому всегда предпочитаю посещать именно этот филиал. Обслуживание здесь всегда на высшем уровне, а сотрудники проявляют высокую профессиональную компетенцию.",5,
14,Руслан Ткачев,2024-01-24 15:18:51,"Вклад мне открыли быстро, от меня же требовалось только терпение. Отделение комфортное, не так уж и страшно скоротать тут некоторое время)",5,
15,Надежда Шубина,2023-11-21 15:23:57,"Хожу в этот офис давнов, всегда быстрое обслуживание и грамотные, вежливые сотрудники.",5,
16,Елизавета,2023-05-15 14:15:21,"Обслуживание в Альфа банке проходит быстро и четко, а самое главное - без необходимости стоять в очереди. Сотрудники отличаются вежливостью, внимательностью и профессионализмом. В то же время, условия на продукты банка являются приемлемыми и доступными.",5,
17,Елена Никитина,2023-05-01 19:03:40,"Всё быстро и четко! Самое главное - без очереди! Сотрудники вежливые, внимательные и, главное, профессионалы! При этом условия на продукты банка вполне приемлемые!",5,
18,Валентина Домасеевич,2023-02-24 18:42:24,"Давно пользуюсь кредитной картой Альфа банка, довольно удобно. Помогает в самый нужный момент. Да и в целом Альфа банк мне нравится, стабильно работает даже в самые тяжёлые времена. Процветания вам!",5,
19,Дина Стешова,2023-04-13 15:20:21,"Я очень довольна. В банке все очень оперативно, хорошо и быстро решают вопросы. Сотрудники компетентны, вежливы и внимательны. Я довольна обслуживанием и не хочу менять банк.",5,
20,soffa-cvetkova,2023-05-20 14:38:57,"Отделение банка расположено очень удобно, всего в нескольких шагах от моего дома. Персонал здесь искренне вежливый и отзывчивый. Всегда готовы понятно объяснить и помочь. Очень рада, что в моем районе есть такое замечательное отделение. Теперь я знаю, куда обратиться. Огромное вам спасибо!",5,
21,Гульнара З.,2024-02-06 17:42:15,Сервис Альфы мне нравится уже не первый год .В поддержке дружелюбные ребята всегда предоставляют быструю помощь. Все банковские продукты на высоком уровне.,5,
22,Андрей Чепуштанов,2023-04-06 02:22:16,"Обслужили быстро, качественно. В офисе удобно, свободное общение и обстановка! Карту получил быстро, без лишних вопросов и проблем! Доброжелательрый персонал",5,
23,Никита Синдеев,2023-06-25 14:27:00,"Отделение очень хорошее, здесь удобно ожидать свою очередь, имеются кондиционеры. Сотрудники профессионалы, они помогут в решении любых проблем",5,
24,валентина тимофеева,2023-08-19 13:42:29,"Совершили страхование здесь с мужем . После онлайн-изучения вариантов на сайте пришли в офис . Процесс прошел гладко , на следующий день страховка на квартиру была оформлена , а документы выданы сразу . Рекомендую",5,
25,Анастасия Г.,2023-06-27 13:49:26,"Сотрудники заслуживают похвалы за свою вежливость и отзывчивость! Всё происходит быстро и чётко! Я отдала карту на перевыпуск, и через две недели мне позвонили, сообщив, что всё готово! Я пришла в отделение и забрала свою карту.",5,
26,юра александров,2023-12-19 03:35:31,Неудобное расположение мебели в офисе. Посреди зала стоит стол за которым сидят клиенты и сотрудники банка.,3,"Здравствуйте, Юрий!
Мы стремимся к тому, чтобы обслуживание было максимально комфортным и быстрым.
Благодарим за обратную связь, будем исправляться."
27,natas4a-lie,2023-03-02 21:49:30,"Никогда не думала, что буду писать отзывы на банк, но на днях была в Альфа банке и хочу поделиться впечатлением. В отделение просторно, чисто, царит добродушная атмосфера, нет никакой суеты и суматохи, сотрудники все вопросы клиентов решают грамотно и оперативно, оттого и очередь движется довольно быстро. Отличный сервис!",5,
28,Наталья Грибанова,2023-05-11 08:22:00,"Офис Альфа банка находится в удобном месте, и его легко найти. Внутри очень чисто и аккуратно, персонал дружелюбный и готов помочь.",5,
29,Екатерина Грачева,2023-05-18 16:14:45,"Работа с опытными сотрудниками приносит мне огромное удовольствие. Когда я пришла оплатить кредит, они подробно объяснили, как это правильно сделать, и помогли мне выполнить все необходимые действия.",5,
30,Мария Успехова,2023-11-13 15:26:02,"Очень грамотные менеджеры. 
Сама обстановка не принужденного общения.",5,
31,Мира Гариулина,2023-06-18 18:05:10,"В альфа банке можно получить множество бонусов и удобных услуг, которые делают финансы управляемыми и безопасными. Я довольна своим выбором.",5,
32,дежнева,2023-06-14 09:09:43,"Альфа банк - это лучший банк, с которым я когда-либо работал! Они предлагают идеальный сервис, квалифицированный персонал и быстрое обслуживание!",5,
33,Виктория Сербова,2023-06-09 12:26:35,"Получение кредита в альфа банке было простым и прозрачным и все это благодаря прекрасному обслуживанию и профессионализму сотрудников банка, благодарю за это.",5,
34,Алексей Ш.,2023-05-21 19:44:04,"С уверенностью могу сказать, что это лучший банк в России. Операцианисты работают быстро, всегда готовы подсказать и помочь. Сотрудники банка всегда вежливы.",5,
35,Руслан Ахметов,2023-07-31 19:59:29,"Расположение отделения банка очень удобное. Много банкоматов, что очень удобно. Все сотрудники банка были внимательны и отзывчивы. Помогли с оформлением кредита. Я очень довольна этим отделением",5,
36,Юлиана Нариманян,2023-06-07 15:34:22,"Получение кредита в Альфа-Банке - это самое удобное, что вы можете сделать. Вас не попросят предоставить множество документов. Все, что вам нужно - это паспорт и снилс. Лично я был приятно удивлен.",5,
37,Анна Наволокина,2023-06-14 09:07:35,"Работа с Альфа банком всегда быстро, безопасно и максимально удобно! Я рекомендую их всем своим знакомым!",5,
38,Светлана Ф,2023-08-12 06:01:34,"Спасибо за отличное обслуживание! В данном отделении работает прекрасный персонал, всегда дружелюбный, отзывчивый и понимающий. Большое спасибо за помощь с оформлением банковской карты!",5,
39,lidarihar,2023-09-06 15:52:53,"Оформляла ипотеку на новостройку в этом банке. Меня впечатлили как проценты, так и информация, предоставленная менеджером, о сроках и выгодных возможностях досрочных погашений.",5,
40,Саша Иванов,2023-08-27 19:32:23,"Радует удобное местоположение отделения банка, всего пять минут пешком от дома. Хотя я не часто посещаю офис, так как многое можно делать онлайн через их удобное приложение. Но всегда есть вопросы, требующие личного визита, поэтому расположение офиса - большой плюс.",5,
41,азалия Гайнутдинова,2023-05-20 19:33:27,"Давно пользуюсь услугами альфа банка и очень довольна качеством обслуживания. Карта работает без проблем, а консультанты настоящие молодцы.",5,
42,Ирина Чумак,2024-03-21 14:23:40,"Во-первых, очень приветливый персонал, готовы всегда помочь. Во-вторых в офисе не кольцо терминалов, что очень удобно. И, наконец, нет очередей!",5,
43,Райхана С.,2023-09-30 15:02:24,"Это замечательный банк,с которым я постоянно сотрудничаю. Обслуживание здесь всегда быстрое и профессиональное. Операторы всегда вежливы и готовы ответить на любой вопрос. Большое спасибо за ваш труд!",5,
44,Александра Бальева,2023-03-14 14:50:49,"Думаю альфа получил все возможные санкции, которые мог. Много условий стали не такие вкусные, как были раньше, но банк держится. Не понимаю хейтеров, попробуйте поработать в условиях санкций, посмотрим, что с вашим бизнесом будет",5,
45,М М,2023-06-10 13:51:47,"Я взяла кредит в компании потребительского кредитования. Меня порадовало, что мне не пришлось собирать много документов. В том числе таких, как справка о доходах. Это сэкономило время и нервы.",5,
46,Ольга Метрохина,2023-06-05 15:05:21,"Получив кредит в альфа-банке, я сразу заметила, что стандарты обслуживания в этом банке на уровне! Все документы были обработаны быстро и профессионально.",5,
47,svetana n.,2023-12-25 09:20:42,В отделении помогли с досрочным погашением кредита за 5 минут. Очень понравилось!,5,
48,Азиза А.,2022-09-14 13:18:15,"Отличное отделение, сотрудники быстро сориентировались в моем вопросе и оперативно помогли. Отдельная благодарность Светлане за проявленное терпение и повторное разъяснение деталей.",5,
49,Лена,2023-04-17 17:10:39,"К сожалению, валюту в банкоматах не выдают по решению ЦБ. И чтобы уж гарантированно получить свой кэш, нужно заранее заказать в офисе и это с комиссией. Но… пусть и с комиссией, но зато свои доллары я получила))",5,
50,Максим Красов,2022-09-21 16:08:06,"Для решения ваших проблем советую этот банк. Меняла валюту - быстро и качественно обслужили, хороший курс, отзывчивые сотрудники и нет больших очередей. Приятное отделение банка.",5,
51,Андрей Московский,2023-04-18 13:13:00,"Отличное отделение банка! Очень удобное расположение, приветливый персонал, все быстро и на хорошем уровне! Зарплату получаю тут уже год, за это время не было ни одного нарекания. Сотрудники всегда доброжелательно относились ко мне.",5,
52,Наталья Зырянова,2024-01-26 11:47:40,"В банке чисто, окуратно ,специалисты вежливые.",5,
53,Ксения Кеслер,2023-06-17 15:31:58,"Сотрудники банка всегда вежливы и обслуживают быстро. На сайте банка можно получить всю необходимую информацию о счёте, что очень удобно. Кроме того, информацию можно открыть на мобильном телефоне, если это удобно. Все сервисы работают быстро и просто. Банк идеально подходит для тех, кто ценит своё время.",5,
54,Андрей,2023-06-06 16:24:13,Купил машину через партнёра Альфа банка.Банк содействовать в оформлении и выборе машины.Очень удобно так как нет Каско.,5,
55,юрий мирошников,2023-11-18 10:22:13,"Необычный офис, сотрудники не сидят за ширмой, общаются с людьми в зале",5,
56,Тимур Roblox,2023-06-14 12:01:32,"Сотрудники Альфа Банка явно искренне стремятся оказать максимальное качество обслуживания, чего я не могу сказать о многих других банках. Отношение к клиентам на высшем уровне!",5,
57,Наталья Синица,2023-11-15 18:49:44,"Здесь работает дружелюбный персонал, а условия и продукты отличные, без подводных камней.",5,
58,Александра Полтавцева,2022-12-12 17:25:40,На этой неделе решила открыть вклад в Альфа банке .Сотрудник помог подобрать мне наиболее подходящий для меня вариант и рассказал обо всех условиях . Очень порадовало отношение сотрудника к своему клиенту .,5,
59,Роксана Павлова,2022-06-04 09:14:50,"Хочу выразить огромную благодарность сотрудникам отделения Альфа банка на пр. К.Маркса, 55, г. Новосибирска. Всегда внимательны, вежливы, отзывчивы, оперативно отвечают и решают все вопросы.",5,
60,Вадим Г.,2023-06-02 15:49:30,Пользуюсь стикером Альфы уже несколько месяцев! Безумно нравится и это очень удобно! Спасибо за такое новшество!,5,
61,Анастасия Ильина,2023-09-12 05:40:42,"мы, как семья, долгое время пользуемся услугами альфа - банка. мы оформили через них ипотеку по самым выгодным условиям, которые нам удалось найти после долгих поисков. сейчас мы уже выплачиваем ее 5й месяц, и у нас не были никаких неожиданных событий со стороны банка. сотрудники всегда доступны для консультации по телефону или в офисе.",5,
62,Яна Денисова,2023-04-04 13:15:10,"Очень доброжелательное обслуживание, быстро закрыли все счета. Специалисты грамотно ответили на все интересующие вопросы",5,
63,Владимир К.,2023-10-06 04:17:39,"Если вы ищете банк для ипотеки, то я настоятельнот рекомендую обратить внимание сюда. Здесь все аспекты только в положительном ключе: процентная ставка, проуесс оформления, скорость работы, а так же высококвалифицированный персонал. Этот банк вдохновляет доверие в таклм важном вопросе",5,
64,Дарья Арсеньева,2023-09-21 13:50:20,"Обслуживание здесь выдающееся! Недавно посетила отделение, чтобы открыть счет для своей компании. Они эффективно подобрали наиболее подходящий тип счета и разъяснили все мои вопросы.",5,
65,Михаил Дударев,2024-02-21 14:22:51,"Отличный офис, все быстро. Очереди нет.",5,
66,Китаева Елена,2023-03-24 16:44:30,"Давно хотела поделиться впечатлением моей бабушки о этом отделении Альфа-Банка. Она тут получает пенсию, оплачивает счета. Всегда отзывается с добротой о сотрудниках банка. Решила зайти и написать вам, спасибо!",5,
67,Алина Путято,2023-09-16 17:34:18,За все 5 лет сотрудничества с этим банком я ни разу не столкнулась с неприятностями. Благодарю за стабильно высокий уровень обслуживания. Мне надежно и комфортно здесь.,5,
68,FRESH_ MEN,2023-05-03 00:32:06,Пользуюсь дебетовой картой Альфабанка и в прицепе всем доволен. Единственный минус - комиссия если снимать через другие банковские приложения.,5,
69,Марина Разливанова,2023-01-20 13:52:32,"Очень удобный терминал,можно оплатить практически все что угодно.В здании банка есть кафе,где можно перекусить и отдохнуть.Отделение удобное,просторное,большое количество окон.Обслуживание на высшем уровне.",5,
70,Оксана .,2024-03-13 17:37:23,Часто пользуюсь услугами этого офиса «Альфа банка» и никогда не была недовольна. Сотрудники всегда готовы помочь и предложить лучшие условия.,5,
71,Жанна Постникова,2023-06-07 18:20:10,"Нравится, что в альфе так хорошо развит интернет банкинг. Пользоваться удобно",5,
72,алана гареева,2024-01-16 15:40:00,"Не ожидала , что ипотеку одобрят так быстро. Были сомнения из-за потребительского кредита в другом банке. Так что скоро заеду жить в свой дом.",5,
73,Snewana Duruva,2023-04-04 15:35:13,"Оплачиваю все свои покупки с Альфы уже около двух лет. Должна признаться, лучшей карты лично для меня никогда не было. Мне все очень нравится.",5,
74,Олежа Электрофорезов,2023-05-20 18:47:39,"Дебетовая карта у них отличная. Мир пока в архиве не знаю почему, а старая классик все еще функционирует, еще и кешбек есть.",5,
75,Мурад Щукин,2023-02-06 19:00:19,"Все четко, быстро и без проволочек. Ходим сюда с семьей уже несколько лет. И очень довольны!",5,
76,Настя Сомина,2023-04-28 20:41:20,"Быстро, профессионально и главное, без бюрократии. Зарплату получаю на карточку. И это очень удобно никуда не надо ходить. Наличные не нужны. А главное, что всегда вовремя. Банк надёжный и современный. Не раз выручал меня.",5,
77,Ирина А.,2023-05-04 15:56:47,"Альфа банк предлагает превосходную кредитную карту на год без процентов. Оформление было очень простым, а условие карты удобными.",5,
78,филя _.,2023-05-22 07:40:04,Сервис в альфа просто отличный. Всегда получаю полноценные ответы на любой вопрос. Всем советую,5,
79,Иришка Карагодина,2023-04-12 14:03:57,"Шикарные условия кредита и страхования.Также радует работа приложения и офисов,когда нужно решить вопрос оффлайн.",5,
80,Эльза М.,2023-08-05 19:12:47,"Не первый год пользуемся услугами Альфа-банка. В этом году решили взять ипотеку на квартиру. Предложили ""Семейную ипотеку"", и условия нам подошли идеально. Процентная ставка комфортная. Уже переехали в новое жилье.",5,
81,Sobir Oev,2023-06-06 12:36:02,Я работаю репетитором. Зарегаться нужно было как самозанятая. Сделала это через Альфа банк. Быстро и доходчиво,5,
82,Алина,2023-05-27 14:43:20,"Из всех банков, что у нас в стране имеются, Альфа самый лучший и честный. Заботится о клиентах и всегда радует бонусами и классными акциями.",5,
83,Владимир Лычкин,2023-12-21 11:41:23,Оформлял карту всё быстро и понятно.,4,
84,Валерия,2024-01-29 14:08:02,"Альфа-Банк предоставляет отличные условия для кредитования. Уже брала у них 2 кредита, успешно закрыла, и если нужно, вернусь.",5,
85,Serega,2023-04-13 05:56:42,"Заказала карту, доставили в этот же день, удобно, спасибо, + карту рассрочки дали, пригодится)))",5,
86,Вероника К.,2023-03-03 07:40:17,"Спасибо менеджерам отдела кредитования! Помогли в очень сложной ситуации! Я обратилась с просьбой о рефинансировании кредита, т.к. меня не устраивала процентная ставка. Менеджер по телефону все подробно рассказала, условия оказались очень выгодные и я согласилась. Через неделю уже получила решение по кредиту. Все прошло быстро, четко и профессионально!",5,
87,Марина Кубатина,2023-08-25 14:55:27,"Однажды меня приятно удивило, когда сотрудница Альфа банка помогла моему отцу разобраться с оплатой коммунальных услуг через карту. Оказывается, это не просто разговоры, у вас действительно терпеливый персонал!",5,
88,Лилия Мухаметшина,2022-11-08 13:37:49,"Очень просто оформить рассрочку на товар, заявку можно просто на сайте оставить и с тобой свяжутся. Курьер приехал, документы сфоткал, а вечером уже написали что могу приходить за товаром-удобно.",5,
89,Ева Уткина,2023-12-18 14:24:11,"получила подробную консультацию по ипотеке, понятно и просто объяснили все детали. Буду оформлять ипотеку здесь",5,
90,Зухра Камалтдинова,2023-10-15 14:57:52,"Не могу утверждать ничего о всех отделениях, но наше имеет отличных сотрудников. Всегда готовы помочь и с вниманием отвечают на вопросы. Кроме того, они всегда вежливы и приветливы)",5,
91,Татьяна Теркунова,2023-07-30 03:15:36,"Воспользовалась услугой обмена валюты в данном банке. Быстро,профессионально, без лишних задержек и проблем с наличием валюты. Банкоматы всегда исправно работают, за что им большое спасибо.",5,
92,Анна,2023-07-12 11:33:05,"Очень довольна банком Альфа. Взяла кредит на 4 года и получила справку о доходах в их офисе. Все прошло быстро, спокойно и с вежливостью. Сотрудники всегда готовы ответить на вопросы клиента.",5,
93,Мария М.,2023-02-19 16:12:02,Хочу выразить благодарность сотрудникам отдела взыскания за вежливое общение и профессионализм. В процессе общения с сотрудниками банка была приятно удивлена. За что им огромное спасибо.,5,
94,Алексей С.,2023-08-10 06:35:07,"Впечатляющий персонал! Всегда готовы предоставить искреннюю помощь с радостной улыбкой.
Отсутствует навязчивость в продаже дополнительных услуг, не характерной для других банков.",5,
95,Artem Anpleev,2023-04-11 02:07:24,"Прикольное отделение, всё не стандартно так. Получал зарплату карту, всё понравилось.",5,
96,Елена Иголкина,2023-11-11 23:49:28,"Отделение с приятной атмосферой, чувствуешь себя уютно.",5,
97,Сергей Капустин,2022-09-28 11:36:04,"Отличное отделение, приятное обслуживание. Менеджеры очень квалификацированны и доброжелательны. Никогда не возникало проблем с банком.",5,
98,Алия Гаязова,2023-02-26 12:51:03,"Обращалась сюда для оформления вклада, впервые в жизни если честно, так что было много не понятных для меня вещей. Меня обслуживал менеджер, очень вежливый и приятный молодой человек. Очень приятно всегда получать такой сервис!",5,
99,Юлия Б.,2022-04-08 14:58:11,"Радует большое количество банкоматов, обслуживание тоже хорошее, правда без навязчивых акционных предложений не обошлось, но это реалии современного мира.",5,
100,Иван И.,2022-12-13 08:38:24,"Сотрудница альфа банка, это обращение к вам, если нам по 20 лет, и мы пришли оформлять ипотеку, это не значит что нужно смотреть на нас осуждающим взглядом и закатывать глаза:)",1,"Здравствуйте, Иван! 
Не разделяем такое отношение к клиентам и хотим поддержать вас в такой ответственный и важный момент в жизни. Поэтому, мы сосредоточены на результате, который облегчит вам оформление ипотеки. 
Простите нас!"
101,Elena Sidorova,2023-02-12 17:32:03,"Весь персонал вежливый и дружелюбный. Филиал работает без выходных, что очень радует. Часто пользуюсь услугами банка. У меня есть накопительный счёт и пластиковая карта.",5,
102,Зульфия Муратбакиева,2022-06-26 11:55:52,"Мои родители критически относятся ко всяким там вкладам в банке, говорят, что под подушкой дома надежнее))). Мне все-таки удалось их переубедить и они воспользовались предложением банка и разместили свои сбережения под 18% годовых. Сейчас копят проценты на поездку на море))",5,
103,Андрей,2022-05-21 13:25:02,"Перепробывал много банков, но только альфа банке самые выгодные условия для своих клиентов. Так ещё и обслуживание на высоком уровне. Быстро и без косяков.",5,
104,Анонимный отзыв,2023-04-23 13:08:51,"Огромное спасибо альфа банку за
их лояльное отношения ко мне и
Грамотные консультации по всем 
Вопросам. Так как я обслуживаюсь как
Физ. И как юр. Лицо, то взаимодействую
С банком почти каждый день -доволен.",5,
105,Мария Воронина,2023-02-21 15:19:34,Закрыла годовой вклад пару недель назад. Деньги получила в четко отведенный день без проблем и косяков со стороны сотрудников.,5,
106,Ka M.,2022-05-23 13:17:02,"Очень быстрая регистрация ИП, без поездок в налоговую, без оплаты пошлины. ЭЦП также делается бесплатно, что крайне удобно. Документы в ФНС банк отправляет самостоятельно и через 3 дня уже все зарегистрировано.",5,
107,Светлана Назарова,2023-05-23 04:40:42,"В отличие от многих других банков, здесь клиенты воспринимаются очень лояльно. У меня сложилось впечатление, что они не просто банк, а настоящие друзья, готовые помочь в трудную минуту.",5,
108,Кристина Володина,2023-06-09 17:01:05,"Хороший банк, если открывает счёт для бизнеса. Проблем с работой и платежами не возникало",5,
109,виктория е.,2023-02-24 13:05:58,"Если вы не хотите стоять в очередях, то лучше приходить где-то через несколько часов после открытия, потому что все ранние клиенты уже ушли, а обеденные ещё не заходят. Небольшое такое окошко, но всегда выручает, особенно когда срочно надо в отделение зайти.",5,
110,Алиса Кисткина,2023-05-10 12:36:59,"С ВТБ перешел в Альфа-Банк, юридически вроде все чисто. Но вот бумаги до сих пор заблочены.",5,
111,Дарья Медяная,2023-05-25 07:58:21,"Хорошее приложение, много услуг доступно прямо там",5,
112,Екатерина Саакянц,2023-04-21 01:32:23,"Самое главное в таких заведения, что сотрудники не оставляют вас в беде, всегда подскажут и помогут. И тут поддержка клиентов максимальная. Спасибо Альфе",5,
113,Евгения,2023-02-05 13:31:33,"Здесь можно получить консультацию по вопросам, связанным с банковскими картами, кредитными и дебетовыми картами, а также оформить ряд операций, связанных с пластиковыми картами. В отделении работает несколько банкоматов",5,
114,Анна Шамина,2022-05-20 12:33:26,"Оформляли здесь ипотеку с использованием мат.капитала. Процесс не быстрый, но сотрудники стараются, работают оперативно.",5,
115,Тимон Сухов,2022-06-21 15:23:53,"Ребята молодцы. Все время придумывают какие-то акции и бонусы. Помню на Новый год в латерит выиграл 500₽, вот так подарок был для меня)",5,
116,Дарья Кривошеева,2023-02-26 07:30:50,"На днях не могла провести никаких операций с Альфа карты, сразу запаниковала, обратилась в поддержку через вконтакте, оператор тут же решил мою проблему, точнее объяснил, что я делала не так) Спасибо за терпение и внимание!)",5,
117,Анатолий кушнарев,2023-10-27 11:15:32,"Быстро, комфортно, удобно.",5,
118,Тимур Мухаметшин,2023-06-02 15:47:13,У Альфы лучший сервис! Банк максимально лояльный по отношению к клиентам!,5,
119,Aleksey Nikiforov,2023-02-10 12:21:10,"Неделю назад стал клиентом банка и был очень приятно удивлен. Оформил дебетовую карту и кредитку без процентов, беспроцентный период даже удивил сначала, не поверил, что так вобще можно. Пользуюсь, всем доволен.",5,
120,евгений д.,2022-03-19 09:48:05,Просто ужасное отделение !!!! Вранье от сотрудников!!!! Сказали что просто обновили паспортные данные!!! На самом деле взяли и открыли счет по моему паспорту без моего согласия !!! Просто ужас !!!!,1,
121,Дмитрий Казаков,2022-06-06 15:24:09,"Оформил кредитку на сайте, через день пришёл сюда забирать. Работало несколько окошек, впринципе обслужили быстро. Про карту пока ничего не могу сказать.",5,
122,Сергей Проценко,2022-02-13 16:06:05,"Давно тут был, сейчас ремонт сделали, но спасибо персоналу, несколько проблем или решили оперативно. Остальное, что не смогли отправили на Ленина решать.",5,
123,Рус Рус,2023-12-29 06:54:34,Перешeл полнoстью в этoт банк. Услoвия и oбслуживаниe лучшиe.,5,
124,Лена Санникова,2022-06-10 14:03:54,"Всегда можно быстро снять тут наличность. 
В зале работают несколько девушек. Если есть какой-то вопрос, то они помогают.",5,
125,София Сорокина,2022-12-27 20:10:35,"После того, как я посетила это отделение вопросов у меня не осталось по поводу возврата процентов на карту. Девушка все максимально подробно рассказала за что я очень ей благодарна.",5,
126,Константин Х.,2022-12-13 02:47:27,"Удобное быстрое обслуживание. Без очередей, предварительная запись.",5,
127,Lena,2022-06-22 12:38:20,"С работы сюда быстренько заезжаю, чтоб зарплату снять. Один раз трое передо мной стояли, а сейчас почти всегда я одна, без очередей",5,
128,Alina Ponomareva,2024-02-18 20:06:44,"Для расчетов в рублях ничего не изменилось, так что все в порядке!",5,
129,Артем Г.,2022-06-02 17:49:09,Обслуживаюсь в банке не первый год. Все на высшем уровне. Ребята профессионалы своего дела!,5,
130,Максим Малышев,2023-02-19 13:18:26,Всего два сотрудника поток людей большой очень долго сидели в очереди,5,
131,Стася.,2023-05-08 14:22:19,Необходимо было открыть дополнительный счёт в иностранной валюте и я обратилась сюда. Все прошло гладко и быстро.,5,
132,Екатерина Потапенко,2022-06-22 13:33:30,Кредитку сделали через 3 дня. Пришла забирать. Уже подписывать ничего не просили. Через пару минут ушла с готовой кредиткой,5,
133,Николай Иванович,2023-04-29 16:41:11,"Я был впечатлен технической оснащенностью отделения Альфа - банка, что позволяет быстро и эффективно обрабатывать клиентские запросы.",5,
134,Юлия Зайцева,2023-03-13 13:40:55,"Общаюсь с ними только в вк. Приятные менеджеры, отвечают быстро",5,
135,Илхом И.,2023-03-27 12:14:40,"Отличное отделение, хороший персонал.",5,
136,Кира Н,2021-05-29 17:14:15,"Все понравилось. Был грамотный консультант. На все вопросы ответили. Да и в целом, мне этот банк нравится. Не плохие финансовые продукты. Кредитные карты с 3 месяцами льготного периода. Кэшбеки на дебетовую карту. 👍",5,
137,Евгений Кудашкин,2023-05-08 11:25:48,"обслуживание на высоте,молодцы👍",5,
138,Ольга Родина,2023-04-16 11:24:30,Внимательный и грамотный персонал.,5,
139,Татьяна Назарова,2022-03-09 17:19:26,"2 месяца назад взяла кредит наличными, очень быстро оформили онлайн, погашение без комиссий. Очень удобно!",5,
140,Эльмира Фамиловна,2021-11-08 08:44:35,"Навязывают не нужные опции, если открываете счёт сразу узнавайте всё, снять деньги с карты причём в банкомате с процентом. Считаю что не удобный банк.",3,
141,Виктория Крайнова,2022-12-27 14:07:07,"Уютный офис, отзывчивый персонал",5,
142,СТК и РМТБ отдел оборудования,2022-09-17 07:38:40,С четвертого визита решили вопрос. Очень неквалифицированные сотрудники.,2,
143,Яна П.,2022-04-09 07:17:42,"Не так давно, обращалась в отделение, комфортная зона ожидания, не большие очереди",5,
144,Оксана Байисланова,2022-11-01 12:13:27,Мой любимый банк. Всегда идут навстречу,5,
145,Надежда Тамашова,2023-02-27 11:40:20,"Современный банк, который шагает в ногу со временем. Есть интересные акции",5,
146,Виталий Быков,2021-10-01 13:42:21,"Зашёл по проблеме с переводом с банка на банк. Помогли за пару минут, очередей вообще не было, сотрудники вежливые. Спасибо 🙏🏾",5,
147,Юрий Демин,2021-10-21 07:30:13,"Интересные ребята, на дебетовой карте сделали отрицательный баланс, пришел разбираться говорят ""Приставы сняли"" с дебетовой карты! В итоге полчаса разбирались, так и не разобрались, пришлось писать заявление. К сотрудникам вопросов нет, очень терпеливые.",3,
148,busya-and-masya B&amp;M,2019-11-11 10:10:33,"Все хорошо с Альфа-банком, просто замечательно с одним лишь минусом: ВСЕ БАНКОМАТЫ (ВСЕ!!! без исключений, во всех отделениях Альфа-банка).. На уровне пупка и поставлены для Хоббитов.. Некрасиво сравнивать, но в этом вопросе подучиться бы у ВТБ... Хотя, я понимаю, ничего идеального не бывает...",4,
149,Андрей Рыбальченко,2021-10-30 04:20:12,"Ужасно долгое обслуживание. Обманули со страховкой. Говорили что при досрочном закрытии, вернут часть суммы. Врут.",1,
150,Марина,2020-02-14 17:11:11,"Банк хороший, но сотрудники банка никогда до конца не рассказывают все преимущества, а так же умалчивают о том, что добровольную страховку можно расторгнуть в течении 7 дней со дня подписания договора так как им за это платят поэтому они молчат, а страховка то добровольная, но 80 % людей не знают об этом и в итоге платят свой кредит и еще страховку под %",3,
151,Алексей Сирота,2023-04-11 01:06:58,Быстрое обслуживание,5,
152,Екатерина Сахарнян,2022-04-08 13:29:16,"Недавно оформила кредитную карту, очень выручает под конец месяца",5,
153,Пётр Акулинский,2020-05-09 01:02:05,После переделки этого офиса стало живее обслуживание. Вообще последний год ощущаются позитивные изменения. Даже банкоматы теперь работают не пополам. Пользуюсь их совместным с Яндексом продуктом.,4,
154,Андрей,2022-03-18 06:30:42,Предоставили не верную информацию по тарифу кредитной карты,1,
155,nazamiedano,2022-11-08 15:35:04,приятное обслуживание,5,
156,Михаил,2019-11-27 02:59:25,"Раньше ходил в банкомат, после реконструкции не был. Да и с тем что Альфа замутили бескомиссионный перевод с карты Сбера- спасибо вам! отпала необходимость ходить к вам!",5,
157,Денис Иванов,2021-08-19 16:19:30,Мне нравится их кредитная карта со 100 беспроцентными днями,4,
158,оксана евдокимова,2021-05-10 14:01:35,Самый близкий территориально. Хорошие сотрудники,5,
159,татьяна татьяна,2021-04-14 04:01:05,"Отзывчивый персонал, подробные консультации",5,
160,Снежана Балканжеева,2022-12-03 13:42:18,Обслуживание,5,
161,Вячеслав Б.,2021-05-04 04:53:28,Невозможно дозвониться до оператора !!!,1,
162,Дмитрий,2019-10-22 13:07:49,Хороший современный офис хорошей и срвремееной компании.,5,
163,Свиридов Александр,2023-02-02 13:10:21,Быстро,5,
164,Сергей Бондаренко,2021-02-05 01:16:16,Задолбали звонками.,1,
165,Александр Чураков,2019-11-03 11:09:36,"Навязчивое обслуживание, никакого уважения к клиентам.",1,
166,Кристина Зыкова,2020-03-15 13:13:39,Была в этом банке мне очень понравилось,5,
167,Иван Шульгинов,2019-10-28 17:56:55,Нормальные кредитное учреждение,5,
168,Наталия Дагаева,2020-03-24 15:41:12,Народу всегда меньше,4,
169,Андрей Шаповалов,2020-01-03 13:50:53,Это высший пилотаж,5,
170,Юля К.,2019-11-20 01:38:24,Быстро обслуживают.,5,
171,Андрей,2019-11-05 07:47:10,Хорошие отделения,5,
172,Михаил,2019-10-10 16:49:11,Правильный банк в правильном месте,4,
