,name,date,text,stars,answer
0,людмила петрова,2024-03-04 06:37:54,"Заблокировали карты, как сказали, без объяснения причин., не смотря на то, что имеются кредиты и проездная карта пенсионера.
Услугами банка пользовалась 17 лет и пришлось уйти в другой банк.
В перевыпуске карты отказано.
Теперь приходится ездить каждый месяц в банк, чтобы оплатить кредит, а пенсию перевести в другой банк.
Вот так относятся к своим клиентам. 
Разочарована.",2,
1,Ольга Юрченко,2023-11-10 16:32:13,Быстро. Удобно расположен ( вблизи остановки) . Персонал вежливый. Обслуживание быстрое. Очередей нет. Банкоматы работают круглосуточно.,5,
2,vikki-viksi,2024-02-03 06:06:02,"Добрый день! 
Хотелось бы поблагодарить сотрудницу Сбербанка по ул.Железнякова 18/а старшего менеджера по работе с клиентами 
Татьяну Низамову!
Татьяна,желаю вам дальнейшего карьерного роста, профессиональных успехов и всего самого наилучшего!
Спасибо за вашу работу!!!",5,
3,Алех Мальков,2024-03-18 12:15:01,"Заблокировали карту без какой либо причины, когда обратились в банк сотрудници по работе с картами ничего сделать не смогли, стояли и мялись мол позвоните по номеру мы ничего сделать не можем. Смысл тогда этих сотрудников и их просиживание пятых точек, если толку от них 0.",1,
4,Лидия Демещук,2023-03-01 12:10:46,"Была несколько раз. Молодцы сотрудники! Доброжелательны, внимательны, профессиональны, обслуживают быстро, всё в зале удобно расположено, просторно, светло, красиво! Спасибо!",5,
5,svetlana barantseva,2024-04-16 08:27:25,"Квалифицированные , внимательнее работники.Приятно посещать это отделение банка.рРекомендую",5,
6,василий иванов,2023-05-11 18:08:17,"Отличный Сбербанк, сотрудники супер. На территории всегда убрано, дворник просто класс - 10 уровень. Отличная пиццерия, и магазины напитков. Охрана на высоте.",5,
7,YP,2023-11-19 18:03:00,"Практически не бывает очередей, быстрое обслуживание, всегда чисто",5,
8,Андрей,2023-09-19 12:13:39,"Такое себе отделение, может конечно так и есть во всех сберах, у банкоматов вечные очереди, студенты, пенсионеры с группами поддержки,в самом отделении тоже всегда много людей, не понравилось.",2,
9,Пусик Макаровы,2023-03-05 15:06:00,Мы с женой слабослышащие. Хотели взять немного сумму кредита а эта молодая девушка хитрая ревнует очень мы сказали ей чтобы было без страховки она игнорировала ставила большую сумму и зарплату большую мы были в шоке от неё кредит отказали нам. Из за этой девушки молодой. Не то слово просто ужас. Советуем не приходить туда!!!,1,
10,Alisa Demon,2023-12-27 12:18:50,"Типичное отделение сбера, но на входе очень много грязи зимой и осенью!",5,
11,Марго,2022-07-04 18:19:23,"Филиал достойный-быстрое и внимательное обслуживание,индивидуальный подход и просто Сбербанк!Сотрудники образованны и терпеливы к каждому клиенту.Офис находится близко и очень удобно.",5,
12,Поневажев Дмитрий,2024-01-23 17:14:13,"Нормальное отделение, всё на хорошем уровне.",4,
13,лусине г.,2023-05-25 17:13:34,классное здание Сбербанка.отличное обслуживание и отзывчивый персонал.всегда когда иду гулять захожу туда.,5,
14,Yaroslav Mudry,2023-07-07 18:37:37,"Банкоматы постоянно не работают, в отделении людей тьма, и ни один кондер в летнее время не включен. Примите меры! Не экономьте на здоровье ваших клиентов",1,
15,Анатолий Бекетов,2023-03-05 12:29:50,"Мне нравится это отделение Сбера ! Быстро , вежливо , профессионально! Спасибо Вам девушки - работники Сбербанка!",5,
16,Анна Льгова,2023-07-01 17:19:12,"Быстрое обслуживание, нам понравилось. Просторный зал,грамотный оператор",5,
17,MatNik,2023-01-01 14:32:15,"Отсутствует парковка, всего 2 банкомата на ограниченном пространстве, но в любом случае случае хорошо, что здесь вообще есть отделение Сбера",4,
18,Екатерина Федорова,2023-07-24 06:01:56,Внимательный персонал. Ответили на все интересующие вопросы. Приемлемое время ожидания,5,
19,Инкогнито 9919,2024-02-26 17:51:41,Отделение работает выше всяких похвал.,5,
20,Ирина Викторовна П.,2023-05-11 19:44:17,Спасибо мне всё нравится состояние и быстрое обслуживание и внимание персонала к клиентам.,5,
21,Татьяна К.,2023-11-07 05:53:24,Часто большие очереди. Поэтому стараюсь посещать другие отделения.,4,
22,Екатерина Феоктистова,2023-01-12 20:08:24,Хороший Сбербанк. Можно заказать карту и есть сами автоматы для ложения денег на карту. В самом офисе очереди по билетам . Хорошее обслуживание.,5,
23,Галина Пенькова,2023-02-02 18:00:39,Хорошее обслуживание приятно ходить единственный минус немного медленное обслуживание,5,
24,светлана зыбина,2022-12-08 13:11:06,"Самое лучшее по моему мнению обслуживание, всегда подойдут помогут, подскажут и решат проблему которую человек сам не знает как решить",5,
25,Алексей Ч.,2021-08-06 13:23:46,"Ужас. В силу своей занятости, отправила родителей самих подтвердить личность на Госуслугах, через Сбербанк с инструкцией, что нужно сделать. У них уже были оформлены страницы в Госуслугах. Оператор самовольно, заново их зарегистрировала, перепутала их номера телефонов и паспорта .Впарила карту МИР, никаких паролей тебе, ничего. Сейчас сижу долбаюсь. Называется ни ходите старики сами в Сбербанк. Очень помогли, лучше бы обратились ПОЧТА РОССИИ по быстрее и по умнее получилось бы. Ставлю оценку 1. Не справились. Не удивительно, что большинство действий мошенников связано со СБЕРБАНК.",1,
26,Татьяна Волчек,2022-10-26 12:03:10,"Всего 2 терминала на выдачу денег. Сколько раз обслуживалась в операционном зале, всегда оставалась недовольной. Но, видимо, это специфика работы ""Сбера"".",1,
27,Игорь,2022-02-02 15:05:09,"Отличное отделение! Иногда не работает 1 банкомат., но это бывает нечасто.приятный персонал. Офис чистый, просторный, удобный.",5,
28,Валентина,2022-11-04 11:39:54,"Быстрое обслуживание, вежливый и внимательный персонал. Рекомендую.)))",5,
29,Немшилов Сергей,2022-10-22 12:18:18,"Очень удобно для меня расположен, рядом с домом. А так типичный банк.. .",5,
30,Оксана,2023-10-14 17:46:36,Вежливые и грамотные консультанты,5,
31,Ирина Пацека,2023-04-09 18:11:23,"Быстро, качественно. Каждый раз оказывают полную помощь.",5,
32,Светлана Брянцева,2023-01-09 17:30:09,Работники офиса быстро и качественно предоставляют услуги. Всё понятно,5,
33,Елена Попова,2022-11-20 12:07:31,"Хорошее и вежливые обслуживание. 
Удобное расположение.",5,
34,Марина Черных,2023-07-17 18:45:45,"Пользовалась только банкоматом. Чистые, работали",4,
35,Вячеслав Жучков,2023-12-27 18:05:11,Постоянно очереди,1,
36,Инкогнито 3204,2023-06-02 18:57:43,"Хорошее обслуживание, выбираю это отделение, потому что мало людей",5,
37,Вики Малышева - плюшевые игрушки,2022-12-24 23:26:36,"Приветливый, добродушный персонал. Короткое время ожидания очереди",5,
38,Марина Спасенова,2023-12-06 09:47:06,Отличный банк,5,
39,Маргарита Ткачева,2021-09-08 15:21:51,"Отличный филиал.Я туда часто хожу.Персонал порчдочный , обьяснят...Очередей не бывает почти.Всё время на терминалах кто то есть из персонала для помощи..Молрдцы",5,
40,Андрей Якунин,2022-09-05 18:33:08,Услугами этого банка я пользуюсь уже несколько лет.Не помню чтобы когда либо у меня возникли нарекания к обслуживанию.,5,
41,Михаил Малый,2022-06-07 17:59:36,Очень много в районе отделения людей без опреленного места жительства и злоупотреблящих людей,4,
42,Емельян Иванов,2023-01-26 07:18:44,Обслуживание на уровне. Быстро помогли решить вопрос,4,
43,Виктория Мироненко,2022-08-27 18:22:38,"Обслуживающий персонал внимателен, умеет выслушать и объяснить. Спасибо вам!",5,
44,Скурятин Артем,2021-12-12 12:57:23,"Персонал+ всегда стараются помочь решить проблему, вай фай го-но, через моб.приложения не получиться ничего сделать. Вцелом неплохое отделение.",3,
45,Александр Евланников,2023-08-07 20:15:52,Отличный филиал. Отзывчивый персонал. Решают проблемы,5,
46,Татьяна Колпакова,2022-01-19 16:49:50,"Хорошее отделение банка. Всегда чисто, очередей практически нет.Спасибо сотрудникам за сервис!",5,
47,Татьяна О,2022-07-28 12:00:05,"В основном, обслуживание приличное. Ждать в очереди приходится примерно около 15 минут.",4,
48,Светлана Короткова,2023-09-11 17:42:53,Удобно комфортно,5,
49,Сергей Безруков,2022-12-27 20:12:59,"Сбер это самое лучшее, что может быть
Рекомендую всем",5,
50,Ольга,2023-03-11 19:01:13,"Быстро, четко, результативно",5,
51,Оксана Ерофтеева,2023-07-20 17:00:31,Банкомат всегда работает,5,
52,301424 Лавриненко,2023-05-12 18:43:25,Замечательное обслуживание,5,
53,Юлия,2021-03-20 19:03:40,"Удобное расположение, грамотные специалисты, банкоматы всегда работают, хорошее отделение",5,
54,Станислав,2022-09-19 10:20:49,"Опиротивно,вежливый персонал,я доволен.",5,
55,Инна Соловьева,2021-07-08 13:36:16,"Хорошее отделение банка. Уютно, чисто, персонал вежливый",5,
56,Алексей,2023-02-13 16:38:55,Вкусная выпечка !!!!!,5,
57,Pavel Fedorenko,2022-09-01 08:35:48,"Бесконечные очереди по талонам, приходите заранее",4,
58,Лидия К.,2020-03-05 10:39:05,"Они, конечно, молодцы, что придумали лифт для инвалидов, но как-то надо было изначально его планировать, потому что сделали они его за счет лестничного марша - два человека на нем теперь не разойдутся. Удобно, что есть два банкомата на прием платежей и два банкомата на выдачу и внесение денег.",4,
59,Алексей,2022-05-13 15:54:50,"Всё,ок. Весь перечень услуг по банковским делам",4,
60,Елена Пестова,2023-03-02 17:53:54,Отличный персонал,5,
61,Александр Белобров,2019-10-14 11:49:13,"Хороший офис, удобно расположен, приветливые сотрудники, есть места для Парковки, хотя их немного. Работают четыре банкомата",5,
62,Ира,2020-11-19 17:38:04,Нравится это отделение. Всегда все вопросы решала быстро. Персонал хороший.,5,
63,Ирина С.,2019-08-20 14:58:57,"Парковки нет,нехватка персонала,очереди. Но те,кто работает,в основном,вежливы,есть некоторые сотрудники,которые откровенно хамят. К управляющему с жалобой не попасть,да и она будет бегать от вас,лишь бы не помочь решить проблему. Банкоматы работают через раз, сотрудников помощников возле банкоматов нет. Грустно",3,
64,Анастасия,2020-05-21 15:31:06,"Очень хороший персонал, отзывчивые и вежливые. Так держать! Приятно обращаться к ним",5,
65,Дмитрий Агошков,2023-04-04 13:46:27,Нет очередей!,5,
66,Светлана Стаменова,2020-02-02 15:21:48,"Быстрое обслуживание, рядом с домом, грамотные консультанты. Как постоянному клиенту процент по кредитам дают ниже обычного.",5,
67,Вита Анатольевна,2021-10-02 16:04:36,"Очереди почти нет, радуют круглосуточные банкоматы.",5,
68,Дмитрий Тямоло,2020-03-06 13:48:18,"Да нормально все, и электронная очередь и места для ожидания, есть Wi-Fi, но мало места, где банкомат, постоянно очереди к ним, места мало для людей...",4,
69,Андрей Луговской,2022-01-12 12:20:08,Обычное отделение сбербанка ничего примечательного.,4,
70,Сергей Салеев,2022-05-03 17:23:11,Удабный современный центр.,5,
71,Сергей Хаванский,2023-04-01 18:46:11,Удобно,5,
72,Галина Ульяниченко,2022-05-18 15:32:04,Всё на хорошем уровне.,5,
73,Александр,2021-08-21 14:25:59,Нравится это отделение. Вежливые сотрудницы.,5,
74,Анастасия Скурихина,2023-04-04 08:41:48,Там хорошо обслуживают,5,
75,Оксана Величко,2019-09-08 06:22:50,"Очень быстрое обслуживание в зале, очередей нет. Грамотный персонал, много банкоматов для снятия наличных.",5,
76,Виктория Тимофеева,2020-04-04 07:50:11,"Чтсто, комфортно. Внимательный персонал. Не было случая, что бы вопрос остался не решенным.",4,
77,Наталья Гриднева,2020-02-24 13:49:15,"Мне нравятся сотрудники, особенно Наталья, брали с мужем кредит 2 раза. Внимательный персонал.",5,
78,Егор В.,2020-01-09 18:54:11,"Нормальный такой ""Сбер"", персонал отзывчивый, мне доходчиво все объяснили",5,
79,ИРИНА Украинская,2021-04-22 14:22:45,"Чисто, очередей нет, пользуемся не часто.",5,
80,Анна Кравчук,2020-02-26 14:49:12,"Сбербанк хорошый.Консультанты и операторы приветливые,стараються сразу решить ваши проблемы.Молодцы)))",5,
81,Марина Пчёлкина,2022-12-30 14:28:55,Норм,4,
82,Юлия М.,2017-06-08 17:42:16,"Сегодня хотел обменять монеты на банкноты, взял талончик, отсидел в очереди, когда зашел в кассу кассир мне в обмене отказала, заявив что машинка сломана, я обратился к заместителю руководителя с вопросом: знает ли она что рабочее оборудование в неисправном состоянии? В ответ увидел удивленное лицо, и заверение, что машинка сломалась только что. На мой вопрос что за все время ожидания было два клиента и ни один из них размен монет не производил и следовательно машинка ""сломалась "" не только что, ответа не получил. Я бы может и поверил в это хамство и вранье, если бы это был не второй отказ, от этого кассира. Крайне недоволен! Сделал вывод что в данном отделении нет никакой дисциплины, уважения к клиентам и чувства ответственности! Пишу с адреса дочери. Матвеев Андрей Сергеевич.",1,
83,All S,2021-09-14 08:59:54,с утра редко когда есть очереди,5,
84,николай королев,2022-01-16 17:03:56,Хорошее обслуживание 👍,5,
85,Мари Я,2021-06-28 19:52:04,"Огромный плюс, банкомат 24/7",5,
86,Виктория Смирнова,2020-01-20 11:02:25,"Обслуживание на хорошем уровне, быстро и компетентно.",5,
87,Modest Turov,2022-08-09 16:42:27,Все ок,5,
88,Евгений Ж,2020-06-14 20:37:13,Очень быстрое и грамотное обслуживание,5,
89,гостья гостья,2021-10-26 08:52:08,Хорошее обслуживание,5,
90,Оксана Б.,2019-10-19 12:48:26,"Быстрое обслуживание, приятные внимательные консультанты",5,
91,Станислав,2020-03-02 15:08:08,Сберьанк как Сбербанк...Радует что рядом с домом.,4,
92,Александр Ф.,2017-01-30 14:44:50,"Обслуживание отвратительное!!! Я крайне не доволен! Пришел повторно забрать карту. навязали 100 не нужных мне услуг от которых я отказался, попросил побыстрее отдать карту так как спешу. Карту отдали и попросили еще подождать якобы что бы ее ""активировать"" иначе она не будет работать, что полный бред так как в предыдущий раз я ничего не активировал и все работало прекрасно. Возле банкомата девушка на мои вопросы и просьбы ничего не подключать никак не отреагировала и подключила не нужный мне мобильный банк и еще что то якобы для проверки карты, как я понял это и была ""активация"". Хотя я настоятельно просил этого не делать! Теперь чтобы его отключить надо писать заявления и так далее, опять трата времени и не нужная мне волокита! В общем я крайне не доволен!",0,
93,""" ДОВЕРИЕ """,2017-09-12 06:39:35,"отказали в продлении бесплатной карте маэстро,стали навязывать услуги платных карт, пошла в другое отделение сбербанка другого города мне без проблем всё выдали. Не услышав и не переспросив, чего хотел клиент,меня просто мягко говоря отшили сказ фразу что больше нету бесплатных карт...Ужасное обслуживание",1,
94,Нюта,2022-08-26 13:42:09,Хороший персонал,5,
95,Галина Мордвичева,2020-03-05 16:36:03,Долговато сидеть в очереди.Консультанты-молодцы.,4,
96,Руслан Филенко,2018-05-24 10:26:36,"Банкомат выдает максимум по 5000 рублей (если снимать с карты другого банка). А так в принципе, как обычный банк. Плохой уровень сигнала сотовой связи внутри, зато есть WIFI",4,
97,Леонид В.,2018-06-25 17:54:19,Мало того .что в сбербанке. как и во всех банках кредит грабительский с процентами 20% .так еще и отказали.я инвалид и взять не реально.как и во всех банках,1,
98,Евгения Головина,2021-07-28 18:10:09,Рядом с домом,4,
99,Анатолий Дмитриевич,2019-08-18 17:50:25,Очень профессиональный и вежливый коллектив,5,
100,Владислава Лявбон,2020-03-22 14:39:41,В целом неплохо. Но к банкоматам очереди,5,
101,Николай Коломыцев,2019-09-04 12:09:43,"Есть пандус для колясок ,но если на машине ,то трудно припарковаться.",4,
102,Екатерина Бредихина,2020-02-28 17:42:40,"Отделение обычное, как все. Машину поставить негде",3,
103,Виктор Шульц,2019-10-04 17:42:31,Вопрос с заменой карты моему брату-инвалиду не решился. Уже не надо.,1,
104,Евгений Ткаченко,2019-09-20 03:40:26,Хороший банк и персонал всегда помогут,5,
105,Светлана Боровская,2020-02-27 11:32:52,"Хорошо обслуживают, мало очереди.",5,
106,Антон Серов,2020-09-20 11:09:01,Быстрое обслуживание,5,
107,Nataly Иванова,2020-04-20 20:59:50,+Понравилось обслуживание.,4,
108,Марина Ч.,2020-02-07 15:06:10,Часто не работает часть банкоматов.,4,
109,Данил Сафонов,2021-05-17 09:02:33,Удобно,5,
110,Александр Мокрушанов,2021-07-02 22:38:55,не очень,1,
111,Александр Горячев,2020-03-11 08:49:36,"Работают хорошо,жалоб нет .",5,
112,Людмила С,2020-03-08 18:10:21,Бывают большие очереди,4,
113,Ленок Ткаченко,2018-03-12 15:34:30,Хорошее место. Только бывают очереди и очень даже большие.,4,
114,Серж Г.,2020-01-06 10:35:36,Оперативное обследование,5,
115,Alex Mor,2019-11-20 10:54:36,Всегда можно снять бабло,5,
116,Леся,2020-02-02 11:39:19,Всё на вышем уровне!,5,
117,максим сатункин,2021-04-29 12:23:19,Класс,5,
118,Рамик Мехтиев,2019-12-10 08:05:28,Хорошо обслуживают,5,
119,Инесса,2020-06-20 12:24:32,"Грязь и срач возле банка,неприятно",1,
120,Alexandr Zhukov,2019-11-09 00:23:26,все как везде.,3,
121,Александр Клинов,2020-02-17 05:05:44,Жиды,1,
122,Андрей С.,2018-07-19 14:06:03,"быстро, без очередей",5,
