,name,date,text,stars,answer
0,Александр Грицаенко,2023-03-22 07:11:58,"Расположение удобное, в центре деловой жизни поселка🙂. Помещение чистое, достаточно просторное. Банкоматы о кофейный автомат в круглосуточном доступе (кофе, кстати, лучшее в округе). Имеется постамат сбермегамаркета. Посетителей много не юывает, видимо, операторы работают быстро. Обслуживание оперативное, адекватное. Единственный минус, на мой взгляд, слишком крутая лестница к зданию, но имеется пологий пандус.",5,
1,Марина,2023-11-18 17:15:48,"Очень доброжелательный коллектив, хорошее отношение к клиентам, отличное обслуживание, спасибо большое за компетентность.",5,
2,Александр,2023-03-17 12:28:59,"Обслуживающий персонал вежлив, приятен. 
Банкоматы при входе, иногда очереди, но это на весь посёлок единственное место с банкоматами. 
Помещение светлое, чистое.",5,
3,Андрей,2023-12-09 08:40:25,"Хорошее обслуживание, спокойная обстановка, вежливый персонал",5,
4,Ирина Иванова,2023-07-18 11:01:20,"Обслуживание на отлично, персонал вежливый, к клиентам относятся с понимаем. Стараются решить поставленный вопрос как можно быстрее, чтобы клиенты не долго ожидали своей очереди",5,
5,Сергей Николаевич,2023-01-29 10:43:01,"Удачное расположение в п.Северном,много банкоматов все девочки с улыбкой очень приятно. обслуживают быстро,очередей практически нет.снять наличные или оплатить квитанцию займёт от 5 до 10минут.",5,
6,Анастасия Че,2022-12-28 18:53:42,Всегда помогут решить любой вопрос. Банкомат всегда работает. Сотрудники помогают при сложностях. Ну и удобно что рядом с домом и не нужно ехать в Белгород решать вопросы по ипотеке или кредитам.,5,
7,Сэм,2022-10-30 16:42:47,"Банк нормальный . персонал вежливый. Отношения клиентам нормально. Есть место для парковки своего автомобиля . есть аппарат для кофе и чая , есть место где можно посидеть отдохнуть подумать .",5,
8,Александр Дрыжал,2023-06-19 17:47:10,Хорошо что в северном имеется данное отделение банка. Все удобно. Персонал приветливый. Вопросы решаются быстро.,5,
9,Катерина А.,2023-02-05 16:32:42,"Удобное расположение банкоматов, безопасно и спокойно. Очередей практически нет. Всё культурно и чисто. Рекомендую.",5,
10,Анастасия Кулешова,2023-09-01 17:39:50,"Сам по себе сбербанк не плохой и обслуживание доброжелательное, только почему-то не работает табло с номерами талонов и мало сотрудников из 8 окон работают только 4-5.",3,
11,Анна Алексеева,2024-03-24 17:53:53,Сотрудники банка квалифицированны и добродушны. При недавнем обстреле города всех посетителей банка и просто людей с улицы укрыли в убежище. Спасибо огромное и храни нас всех Бог!,5,
12,Денис М,2023-06-29 08:58:49,"Как и любой другой Сбербанк этот в той же поре, правда размерчик его поменьше чем в городских Сберах, но отношение персонала в принципе хорошее !)",5,
13,Алёна С.,2024-04-26 17:33:49,Очень внимательный и вежливый персонал.,5,
14,Дмитрий М,2022-11-21 11:55:58,"Типичный Сбербанк. Всё как и везде. Нужное место для Северного, чтобы ради оплаты или перевода не терять времени на поездку в город. Персонал как и везде не особо приятный, но общаются нормально. Банкоматов хватает.",5,
15,Rexonsuk,2022-07-11 23:03:39,"Класическое здание банка, есть подъём для инвалидов, также можно адекватно подняться ко вхожу здания по ступенькам, за которыми следят и не возникает такой ситуации что где-то плитка провалилась, либо же вообще наступаешь а там вместо ступеньки земля. 
По обслуживанию всё ок быстро и чётко. 
Банкоматы стоят адекватные. 
Внутри и снаружи чисто и опрятно.",5,
16,Александр Бурцев,2023-09-09 21:37:20,"Нормальное отделение , по всем вопросам подскажут и помогут , по крайней мере у меня было так",5,
17,Александра Игнатович,2024-02-22 14:38:13,Быстрое вежливое обслуживание,5,
18,RiriWi,2022-02-15 13:36:44,"Чисто, культурно. Персонал хороший. Всегда отвечают на вопросы, помогают - если вдруг чего-то не знаешь.
Есть очереди, но они не так утомительны. 
В целом - хорошо.",4,
19,Ирина Хромова,2023-08-21 08:31:41,"Вежливый персонал, все расскажет и подскажет",5,
20,Миля,2023-07-02 13:37:30,"Отличное заведение 
Обслуживание хорошее",5,
21,Геннадий Савченко,2023-11-06 17:30:56,"Ничего личного, просто я лично плохо отношусь к сбербанку.",3,
22,Гнев хомяка в норке,2022-12-09 16:21:38,"Удобный график работы,вежливый персонал,быстрое обслуживание.",5,
23,Людмила иванова,2023-07-12 17:44:31,Была только у банкомата. Всё по привычному обслуживанию.,5,
24,Светлана,2023-06-27 18:32:36,"Хорошее качество обслуживания,советую.",5,
25,Сергей Миторенко,2023-10-12 21:38:04,Удобное отделение для меня.,5,
26,МАРИЯ АРУТЮНЯН,2020-10-19 20:29:23,Самый лучший Банк : рядом Дом ' учтивый консультант Диана' а Самое Главное опытный и дисциплинированный Директор Банка Игорь Николаевич. Респект Вам . Вперёд и только вперёд,5,
27,Лариса Коновалова,2021-08-22 10:40:25,"Хорошее обслуживание, вежливые сотрудники. Всегда выслушают и подскажут. Спасибо за ваш труд! 👍👍👍",5,
28,Семён Самарин,2022-06-17 16:25:39,"Ни чего особенного, все как везде. Сотрудники сбера относятся к клиентам как к ничтожеству. Для них это в порядке вещей.",3,
29,Александр Беседин,2023-06-12 17:18:41,"СБЕР. 
Такой же как и все, ни больше ни меньше.",5,
30,Наталья Рудик,2023-08-23 17:22:02,"Все хорошо, Рекомендую",5,
31,Дмитрий Зенин,2022-05-22 20:45:34,"Нормальный филиал, в принципе как и во всех филиалах Сбера, обслуживание на уровне",5,
32,Tanq A.,2021-10-22 15:42:08,"Часто пользуюсь услугами Сбербанка, сотрудники вежливы и доброжелательны.Очень довольна от обслуживания",5,
33,Алексей Еньшин,2023-02-26 22:12:25,Всё Вполне устраивает придраться не к чему,5,
34,Veronika G.,2021-11-24 12:19:05,"Частенько бываю в этом отделении, и всегда обслуживание на самом высоком уровне! Так держать!",5,
35,Наталья Болдак,2022-12-07 16:38:04,"Обычное отделение Сбера, позовалась только банкоматами.",5,
36,Олег Березка,2019-12-01 08:03:02,Супер Банк мне всё нравится💵💵💵 сдесь мне делали карту мир очень добрые сотрудники всегда подскажут скоро мне сделают интернет СберМобайл я теперь клиен сбера осень добрый персонал здоровья им💚💚💚💚,5,
37,Владислав Заваров,2021-08-28 05:56:35,"Быстрое обслуживание всё отлично, но некоторые консультанты немного грубоваты.",4,
38,алексанрд л.,2023-07-31 11:33:28,Обслуживания на нуле,1,
39,Александр Аниськов,2023-02-06 18:17:17,Очень компетентный персонал.,5,
40,Виктор Шутенко,2023-08-24 18:23:51,Всегда рядом,5,
41,Евгений $.,2020-07-21 07:58:47,"Отделение Сбербанка на Северном. Электронная очередь, доброжелательный персонал, быстрое обслуживание. Круглосуточные банкоматы.",5,
42,Лана Хёрх,2021-08-19 14:55:42,"Ну 50/50 мало грамотные работки, на простые вопросы по своей работе, ответить не могут. Ребят только без обид, но это правда.",5,
43,Валерий Дружинин,2021-12-19 12:25:51,"Добрый и отзывчивый персонал, очень нам помогли при открытии счета",5,
44,Андрей Маслиёв,2022-05-27 04:03:05,"Обслуживание быстрое, банкоматов много...",5,
45,PERICHE BELGOROD,2022-12-11 18:41:35,Народу тьма. Открывайте еще один филиал.,5,
46,Оля Вавринчук,2022-06-19 06:59:16,"Хороший збербанк ,красивый уютный",5,
47,Lurdess,2020-11-06 14:13:43,"Ну не нравится мне Сбер!!!
Буквально за всё с людей деньги дерут)) платишь коммуналку, вз*имают % сверху, а в чеке пишут ""перевод"". Ну что за чушь, какой же это перевод, если это оплата ком.услуг...? Последнее с людей дерут))",1,
48,Сергей Живилов,2020-10-11 19:50:44,"Хороший центр сбербанка. Рядом трасса. Парковка есть. Ремонт внутренний.
Всем советую",4,
49,GitaraFM,2022-07-28 11:05:53,"В принципе нормальный банк, там можно снять деньги !",5,
50,Михаил Теванчук,2023-03-22 16:07:07,Хорошее обслуживание,5,
51,Оля,2019-09-25 22:53:03,Всегда приветливые сотрудники. Быстро решают любую проблему или просьбу. Подскажут что выгодно.Помогут правильно справиться с терминалом по-любому вопросу.Спасибо вам,5,
52,Андрей Николаев,2021-09-08 16:20:13,"Как и любой сбер. Всё по талонам,что не понятно, всё работники вежливо об""еснят.",5,
53,Ксения К.,2022-03-25 18:04:47,"Персонал, обслуживание - отличное.",5,
54,Александр К.,2022-02-01 07:21:58,Все не плохо. Жаль что нет ( м/ж). В целом отделением доволен!,4,
55,Максим Махов,2021-08-17 14:04:22,Обычный рядовой филиал с хорошим уровнем обслуживания.,4,
56,Оксана К.,2020-06-21 07:42:29,Работают профессионалы своего дела! Быстрое и качественное обслуживание!,5,
57,Наталья,2021-07-21 11:23:07,Внимание и вежливое обращение сотрудников к клиентам не их конёк. А жаль.,3,
58,Алексей,2022-05-13 15:51:06,"Всё,ок. Весь перечень услуг",4,
59,Андрей Мельник,2019-11-09 11:54:18,"Да, филиал норм-й все хорошо. А когда же откроется такой же на Масиве 20, 20А в п. Северном. Там народу, очень много.",5,
60,Ксения Павлова,2021-07-06 20:01:41,"Нормальный банк, но постоянные очереди и медленное обслуживание",4,
61,Дмитрий Намутин,2019-12-16 08:51:06,"По сравнению с другими отделениями, это жесть. Кроме банкоматов, больше никакими услугами не пользуюсь, навязчивые до такой степени, что просто отказываешься от предложений самого банка.",2,
62,Сергей Иванов,2021-10-27 07:58:01,Чтобы переоформить вклад нужно потерять день,1,
63,Федор Кольцов,2022-07-03 03:59:28,Отличное место))),5,
64,Evg Linzhu,2021-07-08 09:11:39,"Здание на 5
Специалисты никакие, перевод сделать не могут",5,
65,Анна,2021-01-08 06:09:37,Все отлично. Приятное обслуживание,5,
66,"Виктория, Мама лучшего мальчика !!!",2022-01-22 12:57:05,Нормально все с банком!,4,
67,Жанна Донская,2021-06-09 13:29:49,Очень много людей всегда очередь,4,
68,Анатолий Элярт,2021-04-05 07:49:46,Обыкновенное отделение Сбербанка России !,4,
69,asssssaa10@gmail.com,2021-06-11 17:37:44,Хорошее маленькое отделение),5,
70,Ромашечка Василиска,2019-08-05 09:02:28,"Удобно что все по талончикам, девочки консультанты все подскажу",5,
71,Егорушка,2021-04-13 08:32:20,Отделение работает хорошо. Парковка маленькая,4,
72,pb 31,2020-02-11 19:43:38,довольно таки большой офис для такого маленького п. Северный.,5,
73,Надежда,2019-09-16 18:07:49,"Быстрое обслуживание, удобное расположение. У банкоматов почти всегда очереди.",5,
74,Юлия Гусева,2021-05-12 18:29:08,Часто не работают банкоматы,4,
75,Илья Пражский,2020-01-26 15:38:25,"Грамотные консультанты, быстрое обслуживание",5,
76,fantomas,2019-09-11 20:47:39,"профессионализм некоторых сотрудников меня смущает сильно, учитывая что общался с ними.",3,
77,Евгений Бархатов,2021-10-24 19:06:29,Есть банкоматы,5,
78,Саня Ч.,2021-08-09 12:56:36,Есть куда стремиться,4,
79,М,2020-10-22 13:58:46,Работники не компетентны. Постоянные очереди,1,
80,Андрей Стеценко,2019-11-21 12:40:38,"Частая ситуация когда работает только один банкомат,тогда скапливается толпа народа.",3,
81,Любовь Жилина,2020-04-11 14:03:50,Вежливые кассиры и руководство) молодцы!!!,5,
82,Ольга Земцова,2019-12-24 14:06:06,"Обычный СБЕРБАНК как и везде. Банкоматы, консультанты.",5,
83,Денис П.,2021-12-26 09:59:31,Рекомендую),5,
84,Евгений Гуревич,2020-02-09 11:17:34,Все отлично !! Все бы так работали.,5,
85,Наталия К.,2019-09-07 09:30:58,Единственное отделение банка в нашем посёлке. Но вполне нормально,5,
86,СВЕТЛАНА ЕРМАКОВА,2021-10-03 19:39:08,Отлично,5,
87,Валерий Хлапонин,2018-11-12 23:43:57,"Прекрасное обслуживание, очень внимательный персонал,",5,
88,Dima B.,2020-03-13 10:23:41,Всё супер хорошо работают,5,
89,Роман Тихонов,2019-12-11 07:44:07,"Не особо сильно много тратится времени, на туже оплату за квартиру.",5,
90,Александр К.,2020-01-06 19:46:31,"Хорошее обслуживание,порковки почти нет...",5,
91,АНДРЕЙ,2020-01-14 13:19:50,"Персонал адекватный, терпеливый!",5,
92,Mария,2019-10-01 22:39:19,"Хороший банк ,вежливый персонал.",5,
93,Елена Борисенко,2020-02-07 18:22:32,Банкоматы не все работают и очередь к ним,3,
94,Наталья Ш.,2020-07-10 19:15:04,Быстрое обслуживание,5,
95,advel,2020-07-28 09:28:31,Хорошее отделение,5,
96,Александр Беседин,2021-03-03 10:09:38,Знаю класс,5,
97,sinakovat,2019-11-06 09:19:12,Качественное обслуживание. Уютно.,5,
98,сергей сальников,2021-06-11 13:00:05,Молодцы,4,
99,Екатерина Середенина,2020-03-14 05:27:51,Очень хороший банк,5,
100,Варвара Кострубова,2020-01-04 10:28:48,"Всо быстро, класс😍🤘🏼",4,
101,Олег Зарубин,2019-08-22 14:20:21,Сбер как сбер. Всего в меру.,4,
102,Руслан М.,2019-11-20 22:15:24,Комиссия на киви большая,5,
103,Владимир Семенов,2020-10-04 21:31:35,Идёт ремонт,3,
104,Таня Посохова,2020-04-01 14:29:04,"Банк,как банк!!",3,
105,Боец,2019-08-12 08:03:32,Как то медленно работаю и с неохотой,3,
106,1984Kalinina,2019-10-26 05:30:02,"Вечно огромные очереди в банкомат, очень душно в помещении.",3,
107,Оксана,2019-10-15 12:48:02,Обычное отделение банка..,4,
108,Сергей,2020-01-30 08:00:47,Очереди постоянно,3,
109,марина мур,2020-10-20 12:29:20,Нет очереди,5,
110,Сергей М.,2019-12-10 06:01:26,Постоянные очереди,3,
111,Иван,2019-10-25 07:14:13,Всё нормально. Нареканий не было.,5,
112,ИВАН О.,2019-09-20 16:21:06,Хорошее обслуживание,5,
113,Денис Б.,2019-10-13 10:20:26,Хороший филиал,5,
114,Алексей Вербовой,2019-11-25 20:09:46,Хороший персонал,5,
115,Александр Крюков,2020-01-22 20:47:27,"Сбер, как сбер",4,
116,Анонимный отзыв,2019-11-29 10:28:08,такой себе банк,3,
117,Роман Блинов,2019-08-29 15:23:55,Новый терминал,5,
