,name,date,text,stars,answer
0,Александр шпак,2024-03-12 00:07:30,"Большое спасибо работникам !!!, мы привели 82 летнюю бабушку 11.03.24 за 5 минут до обеденного перерыва и сотрудники не обращая внимания на обед сделали всё, подключили услуги и вели себя очень благородно и терпеливо... Спасибо Вам большое за ваше терпение и неравнодушие !!!",5,
1,ilya594006,2023-12-13 09:31:03,"качественное обслуживание , ответили на все вопросы , быстро получил продукт который нужен был",5,
2,Ирина Урманова,2022-11-04 21:18:26,"Обслуживание вежливое, персонал очень квалифицированный, уже много лет обслуживаюсь только здесь. Один минус, несколько раз попадала на неработающий банкомат, а это большая проблема! В ближайшем банкомате на больнице не всегда получается обслужиться по причине большой очереди, или потому, что он тупит. А следующий ближайший только в городе.",5,
3,Денис П.,2022-11-19 11:26:03,"Отличный офис, приятные и грамотные, вежливые сотрудницы, качественное и быстрое обслуживание, чуткое отношение к клиентам, удобное месторасположение, удобныйграфикработы!",5,
4,Сергей Морозов,2022-12-03 18:36:47,"Это Сбербанк, этим все сказано. Несмотря на то, что находится в селе и народу там должно быть немного, вам придется стоять в очереди. И еще доставил график работы 8:30-16:45. Вы где-нибудь видели работу по такому графику? Я нет. Я считаю, что в 21м веке, когда есть банки конкуренты, можно подстроить свой график работы, удобный впервую очередь для клиента.",2,
5,Евгений к.....,2023-06-26 06:03:44,Хорошо быстрое обслуживание приветливый персонал всегда помогут подскажут,5,
6,Александр,2023-08-16 16:32:39,"Банкомат работает 24 часа, что очень удобно
В банк к сожалению не обращался, а так в целом отзывы слышал положительные.",5,
7,Алина Фролова,2022-11-06 11:19:04,"Наихудшее отделение сбербанка! Для такого большого населения в село Стрелецкое, можно сделать уже и больше его! Работает только одно окно, вечно тьма людей…очереди! Персонал злой, пытается задеть постоянно",1,
8,Инкогнито 6325,2023-09-16 19:48:49,Два окна. Живая очередь. Долгое обслуживание по вине тупящей аппаратуры.,2,
9,Сергей Подопригора,2022-08-26 12:02:13,"Наконец поставили нормальный банкомат, который работает всегда, ани как был предыдущий. Три часа работает, сутки нет. То деньги не принимает, то не выдает.",5,
10,Татьяна Боталова,2022-03-17 06:28:11,Банк ужасный защиты ноль. Взломали карту прлизошло списание помочь не можем. Пишите заявление. Деньги списаны правительство России. Хотя чего удивляться если ай ти занимается этот гомик психиатр с орт.,1,
11,Вася,2023-08-02 19:05:31,"Постоянно ломается банкомат, когда работает, очередь",1,
12,Антон Геннадьевичь,2022-01-17 16:24:46,"Пришёл с вопросом как изменить кодовое слово, предложили взять ещё одну карту , не уверен что они вообще могут решить чью то проблему с картой или внятно ответить на вопрос.",2,
13,Ольга Павленко,2021-12-05 16:31:04,"Работники отделения просто замечательные! Относятся к посетителям по- человечески, а не потому, что надо всем улыбаться и говорить заученные фразы.",5,
14,Александр,2022-08-26 16:29:19,Банкоматы нужны. Хорошо если ещё один поставить рядом или во внутрь сбербанка.,5,
15,Елена Беспалова,2022-11-28 08:08:47,"Не понравился!
Я так смотрю модераторы на зарплате у Сбербанка сидят!",1,
16,Vadim,2022-06-07 11:04:37,"Наиужаснейшее место, банкоматом там вообще не пользуйтесь, съест ваши деньки и будете ждать приличный промежуток времени, да и не факт, что вам всё вернут.",1,
17,Марина Олимпиева,2021-07-08 09:16:18,Часто ломается ( не работает) банкомат.Не удобный режим работы.До 16.15- это для кого? Суббота вообще не рабочий день.,4,
18,АС.,2022-09-03 12:02:51,Работает команда профессионалов!,5,
19,Фати Фати,2020-03-23 09:28:20,"Банкомат работает медленно. Обслуживание в самом банке не соответствует качественному приёму клиента. Не все сотрудники не соответствуют нормам поведения, но есть женщина, которая слишком ведёт себя предвзято (грубит, заставляет ждать, комментирует)",2,
20,Александр Иванов,2021-10-12 09:16:57,Деревенский офис.... 2 окошка и банкомат. Персонал отзывчивый.,3,
21,святослав васильев,2022-06-24 16:38:55,Банкомат современный и есть внесение и снятие!,5,
22,25958 виктория,2023-11-06 11:33:20,Супер,5,
23,Олег Ш.,2022-07-22 18:20:11,Когда не подъедешь банкомат не работает,1,
24,Светлана Светланова,2022-12-01 18:05:12,Отличное обслуживание!,5,
25,Анастасия Амирова,2021-09-25 14:58:55,Не удобный график работы. Работающему человеку туда попасть очень сложно.,1,
26,Александр нефедов,2021-08-24 15:02:32,Очень очень плохо ! По сравнению с п. майским и почему не работает в выходные,1,
27,Варвара Свиридова,2022-07-11 15:00:20,Замечательные сотрудники,5,
28,Маша Малышева,2021-07-04 15:29:10,Не Сбербанк а тока название один автомат на всё село смешно вроде не хутор у нас,1,
29,Подпоринова Вика,2022-09-13 14:12:05,Всё супер! Сотрудники молодцы!,5,
30,Кирилл Подорванов,2022-06-23 14:24:27,Закрывается слишком рано,3,
31,Елена Мишенина,2021-09-03 11:25:44,Все быстро и качественно,5,
32,Фартовый,2021-07-13 16:26:56,"Всё отлично, помогли на 5+",5,
33,Юрий Божедаров,2021-09-30 16:25:25,Часто не работает банкомат,4,
34,Сергей Долгополов,2021-11-03 14:46:41,Неплохой банкомат,5,
35,Иван Сидоров,2021-07-02 13:33:10,Банкомат в дождь бьёт током,1,
36,Alex White,2021-09-17 17:54:19,Вежливые сотрудники,5,
37,KriS Sh,2022-01-28 13:37:46,Все отлично,5,
38,Владимир Шумаков,2020-03-18 10:56:21,Просто удивительный режим работы. Не понятно для кого удобный...?,1,
39,Наталья Гончарова,2019-11-21 02:52:10,"Сотрудники отзывчивые, всегда помогут",5,
40,Вокруг света),2021-05-09 06:06:12,Маленькое хорошее отделение),5,
41,Татьяна Самутина,2019-11-26 11:17:19,"Обычное отделение, ничем не отличается от многих",3,
42,V,2019-10-17 06:47:21,"Всегда очереди, часто не работает терминал",3,
43,Екатерина винакова,2019-11-19 12:45:09,Часто не работает банкомат,1,
44,Тимур,2020-01-20 12:11:17,Старый банкомат,1,
45,Олег Березка,2019-12-02 12:47:23,Уличшить сервис,3,
46,Елена Пастарнак,2018-12-28 07:27:32,неудобное время работы,2,
