,name,date,text,stars,answer
0,Илья,2023-10-20 14:12:00,"Персонал относится к человеку (к вам) с уважением, Все чисто, банкоматы работают круглосуточно, в банкоматах всегда достаточно денег обычно до 1000000 рублей",5,
1,Сергей Свинокраков,2023-04-07 13:39:14,"При всей загружености коллектив всегда доброжелательный, помощь всегда профессиональная и достаточно доходчивая, ведь не все горожане разбираются тонкостях банковского дкла. Спасибо!",5,
2,Максим Машковцев,2023-07-21 07:28:26,"Был на сделке по продаже квартиры по ипотеке через дом клик, говорили что процесс займёт 40 минут, по факту просидели три часа! Ужасное качество связи, для всяких подтверждений через интернет приходилось выходить на УЛИЦУ!!! И это 2023 год!!! СЛОЖНО ПОСТАВИТЬ WI-FI РОУТЕР??? В кафешках и то он есть....",1,
3,АННА Шахтарова,2023-10-08 08:46:31,"Осталось только 2 банкомата,всегда очереди к ним.Персонал вежливый,но иногда не дождаться консультанта,который должен быть в зале",3,
4,Алексей Перепелица,2024-02-09 17:05:42,Быстрое обслуживание. Минимальное время ожидания.,5,
5,Ольга Артемьева,2022-11-11 07:08:34,"Отвратительное обслуживание клиентов
Можно сказать от слова СОВСЕМ
Незнание полное
Сваливают на интернет -Завис
И на новую программу,которую еще не освоили
Позорище...
Хочется спросить руководство
Где набрали незнаек-сотруднико??!!
Стыдно так работать...",1,
6,Сергей Соколов,2023-11-19 13:03:29,"В зале нет работника, но не их вина...Оптимизация....",4,
7,Елена Петлевая,2021-09-05 20:22:44,"Бывала там несколько раз, хорошее отделение банка, чисто, аккуратно. Обычно хожу в своё отделение банка, в ж/д части города, там же и все счета открывала и карты получала.",5,
8,Елена Катмакова,2023-09-10 16:52:14,Класс Класс класс Класс Класс класс Класс Класс класс Класс Класс класс Класс Класс класс Класс Класс класс Класс Класс класс,5,
9,Анна Кудряшова,2022-05-26 18:40:16,Единственное отделение сбербанка в речной части. Это очень неудобно.теперь там вечно много народу. Хотя и работает много окон в будние дни очереди(,5,
10,Ирина Храновская,2022-07-13 19:59:41,"Быстрое, доходчивое и вежливое обслуживание клиентов.",5,
11,Елена В.,2021-07-01 14:54:06,"Не банк, а кошмар. Отсидела в очереди 1час20 минут. Ещë и отфутболили. Хотела узнать про пенсионные отчисления. А у них нет специалистов, сказали звоните на горячую линию. На этом всë и закончилось. Как так?",1,
12,Александр Ищенко,2022-02-17 16:40:15,Всё отлично обслуживание быстро отношение приветливое,5,
13,Ковчегов Владимир,2021-12-26 11:38:00,"Очереди, обслуживание медленное, постоянно все друг с другом бегают советываться, такое ощущение, что профессионализма там нет вообще",1,
14,Богослав Вячеслав,2022-07-04 16:23:59,"Молодцы, пожалуйста уменьшите оплату по кредиту, спасибо",5,
15,Ольга Мастинен,2022-07-06 17:32:59,Единственный в речной части города😆,5,
16,Че Бурашка,2021-07-10 09:56:38,"Вроде все по современному, но очередь бывает двигается по старому…",4,
17,Олег Ломакин,2021-11-14 10:05:50,"Очень вежливый персонал, знают свою работу.",5,
18,Владимир,2021-08-28 09:54:07,"Очень плохо для самого крупного банка РФ, только и слышно от персонала все виснет.",2,
19,Виктор Глоба,2021-09-18 15:23:46,"Все стандартно- как и во всех ""зелёных"" банках страны",4,
20,Оля С.,2021-09-17 13:29:58,Просидела в очереди 39 минут. Сотрудник сбербанка провел своего человека без очереди. Пришлось сидеть в очереди ещё 20 минут. Ужас. Обслуживание никакое.,1,
21,Дмитрий С.,2019-12-09 13:20:19,"Не могли сделать именно на меня справки госслужащих, тогда когда мне они были нужны. Делали через другую программу, пришлось писать заявление. Хотя у жены, такие же справки сделались за минуту!",3,
22,Александр Свистула,2021-07-03 14:37:00,"Вежливый персонал, быстрое обслуживание.",5,
23,Светлана Бибикова,2023-02-18 09:24:50,Обслуживание,4,
24,София (Валентина),2019-10-30 16:23:16,"Очереди есть, но сотрудники хорошо с ней справляются,долго ждать не приходится. Консультанты внимательны, отзывчивы и терпеливы)))",5,
25,сергей юрин,2021-09-04 17:33:09,"Обслуживание на высшем уровне, так держать.",5,
26,Наталья О.,2021-05-16 11:29:06,"Всё устраивает, но один минус перестал работать в воскресенье.",4,
27,Виктория Рочева,2021-12-17 05:13:18,Все нравится! Молодцы!!!,5,
28,федор майоров,2021-12-13 22:31:59,Круглосуточный доступ к банкоматам,5,
29,Ирина Ларионова,2020-03-12 05:59:25,"Мне нравится, не всегда правда общаются сотрудники вежливо и очень высокомерно, но в целом хорошо",5,
30,андрей андреев,2019-07-21 07:29:06,Удобное расположен хорошее обслуживания но мало места для машин.,4,
31,Светочь,2020-05-23 11:45:00,"Хорошее, быстрое обслуживание.Приятные молодые люди.",5,
32,Наталья П.,2019-05-28 14:26:06,"Быстрое обслуживание, грамотные сотрудники, всегда готовы помочь",5,
33,Людмила Анатольевна,2020-01-20 07:18:11,Хорошие девочки. Внимательны и вежливы.,5,
34,Наталья А.,2019-09-05 14:28:36,"Всё быстро, удобно, внимательные сотрудники.",5,
35,Татьяна,2019-11-06 14:51:35,Обращалась не один раз всегда удачно. довольна,4,
36,роман ф.,2020-02-07 14:38:50,"Нормальный немецкий банк,но нужно всегда быть на чеку",5,
37,Олег Чикунов,2020-11-03 13:27:00,Обслуживание на высоте!,5,
38,Яна Г.,2020-09-06 04:55:13,Всё в целом хорошо!,5,
39,Виктор,2021-08-26 13:10:09,Удобна,4,
40,Наташа,2018-04-23 20:21:40,"Понравилось быстрое обслуживание, помощь консультантов",5,
41,Сергей Антоненко,2019-12-14 07:02:21,Банк удобно рядом.,5,
42,Юрий Кузнецов,2020-04-10 15:54:26,Хорошее обслуживание,5,
43,Юлия Бибичева,2020-03-22 17:38:23,"Сто лет не была, а денежку снимаем без проблем)",5,
44,Петро Хамбанга,2019-10-31 20:19:34,Все на высшем уровне,5,
45,Сандра. Татьяна,2021-02-14 06:50:48,Доверяю.,5,
46,Светлана Мезенцева,2019-11-30 08:20:04,Грамотные консультаньы,5,
47,((((((,2020-01-16 16:07:45,Сбербанк нравится только онлайн)),5,
48,Людмила Макарчук,2019-08-09 23:24:57,Быстро и удобно,5,
49,Виктор Недосеков,2019-09-23 13:49:34,Ок,4,
50,Александр С.,2019-08-07 03:57:34,Очереди,3,
