,name,icon_href,date,text,stars,answer
0,IT NT,,2023-11-04 11:56:39,"Удобное расположение, всегда можно припарковаться недалеко. Чисто. Очередей никогда не видел. Персонал вежливый.",5,Ваш положительный отзыв – наша лучшая награда 😊
1,eleninsergey,https://avatars.mds.yandex.net/get-yapic/24700/enc-8a89fd9ff74f831f56518da477d1e3ba98eee9008467e0d4eb455d6405be2647/islands-68,2024-04-11 08:08:09,шикарный офис и работа сотрудников! приятно удивили профессионализмом))) Операционист Вьюгина Екатерина быстро решила сложный вопрос. Так держать!,5,
2,Мария Щ.,,2024-01-22 18:34:19,"Мне нравится отделение по этому адресу. Мало сотрудников,время ожидания довольно продолжительное. Правда,сотрудники очень вежливые и старательно все объяснят",4,"Сожалеем, что обслуживание в нашем офисе доставило вам неудобства. Мы обязательно организуем проверку на основании ваших замечаний вместе с его руководителем и примем необходимые меры. Простите, что заставили вас ждать."
3,константин сафонов,https://avatars.mds.yandex.net/get-yapic/45848/BcISdyotKQyFMHCYS2s9nb98Jj4-1/islands-68,2024-02-16 13:54:19,Клиентом ВТБ стал недавно. Народа немного. Персонал вежливвый. Обслуживание очень внимательное и доброжелательное. Мне там понравилось.,5,"Спасибо, что уделили время и оставили отзыв. Конечно, нам приятно видеть, что посещение офиса вызвало у вас исключительно положительные эмоции 👍"
4,Сергей Бондаренко,,2023-12-21 16:49:37,"Ну не знаю, просидел 1,5 часа, чтоб просто внести паспортные данные из-за смены паспорта в отделе ""привилегии"", т.к. обслуживаюсь там. В обычном отделе по работе с физлицами тоже не смогли помочь - у вас же ""привилегии"" идите туда... Зачем такие ""привелегии"" нужны не понятно? 
Так и ушел ничего не сделав, сотрудников море - все ходят туда сюда толку 0, никто не поинтересоваться зачем пришли и почему сидите. Пойду в другое отделение за порцией новых ""привилегий"", спасибо за обслуживание...",1,"Спасибо, что поделились с нами. Информацию в полном объеме мы передали ответственным руководителям для детального разбора и проведения необходимого цикла работ, чтобы в будущем снизить время ожидания при обращении в офис и исключить возможность повторения подобных ситуаций. Приносим извинения за доставленные неудобства.

Важно сказать, что мы реализовали возможность дистанционной смены персональных данных с помощью учетной записи на портале Госуслуги. Личный профиль ВТБ Онлайн → раздел «Документы» → выбираете «Паспорт» → кликаете «Обновить через Госуслуги»."
5,Леонид Мурзаев,https://avatars.mds.yandex.net/get-yapic/39803/egULFNHMOKGyISFYU2ZUf6KsR0-1/islands-68,2024-02-16 17:08:24,"Ставлю пятёрку из-за воспоминаний. Раньше тут был Военкомат Ленинского района Москвы, здесь заканчивал службу мой отец - был зам. военкома, часто бывал у него на работе - благо мой детский сад находился в соседнем подъезде. Ну и конечно же - желаю процветания вашему банку и всем сотрудникам, место историческое)))",5,"Спасибо, что уделили время и оставили отзыв. Нам приятно видеть, что посещение офиса вызвало у вас исключительно положительные эмоции 👍"
6,Инкогнито 3530,,2023-11-07 12:14:45,"В любом уважаемом банке касса обычно расположена в отдельном помещении. Но не в этом Отделении ВТБ. Все в открытом доступе и те, кто ждёт очереди к окошку и видят, и слышат все, что происходит у кассы. Увы, это выглядит уже НЕ привычным.",1,"Позвольте поблагодарить вас за обратную связь, которая позволяет нам эффективнее работать над улучшением качества обслуживания. Обязательно обсудим с руководством офиса ваш отзыв. Приносим извинения за неудобства."
7,Ruben U.,,2023-10-18 11:31:13,"Хорошее место,очень все организованно и цивилизацованно,добрые сотрудники,все с с кайфом)",5,"Очень приятно получить такую высокую оценку, спасибо 😊"
8,Игорь,https://avatars.mds.yandex.net/get-yapic/63032/GQUbUHdXAxO22FW5rC7aZO1bA-1/islands-68,2023-05-23 17:44:13,"Быстрое, качественное обслуживание. Очень доброжелательно, без лишних действий решили все вопросы. Молодцы. Был первый раз в этом офисе - остался доволен. Уютно.",5,"Благодарим за положительный отзыв работы. Рады, что вы остались довольны 🙂"
9,Гриев Андрей,,2024-01-14 12:15:43,"Место хорошее, есть парковка. Внутри комфортно и сотрудница просто прекрасна у которой интернет в лкне плохо ловит)",5,Спасибо за отзыв. Ваш комфорт - наша основная задача 👌
10,Сергей Еремеев,,2023-12-23 14:30:06,Клиентов в этом заведении не любят обслуживание очень плохое сотрудники некогда не торопятся помоч тянут резину спасибо что хотябы есть банкоматы им спасибо не рекомендую есть банки где к тебе относятся как к человеку,1,"Будем благодарны, если расскажете подробнее, с какой ситуацией пришлось столкнуться при обращении в офис. Не оставим без внимания и во всем разберёмся 👌"
11,Валентина Серова,,2023-11-22 16:51:34,"Прошу объявить благодарность заместителю директора Волчкову П.В.,за профессионализм, коммуникабельность в работе с клиентами и сотрудниками банка",5,"Для нас очень важно, чтобы наша работа приносила вам только приятные впечатления. Постараемся и дальше вас радовать! Отдельное спасибо, что отметили работу конкретного сотрудника 👍"
12,Hatawa Plotnikova,https://avatars.mds.yandex.net/get-yapic/29310/AFAvCzoqMcdlvcY4oCqVQwS9c-1/islands-68,2023-02-16 17:34:09,"Минут 10-15 от метро, что не очень далеко и главное можно сразу найти. В банке чисто, все вежливые. Помогли взять талон, отдельное спасибо девушке которая в течение 10 минут смогла решить мою проблему. Так же помогла всё установить подключить. Люблю такой подход к клиентам. Выходишь в хорошо настроение)",5,"Огромное спасибо за приятный отклик 💛 Рады, что смогли помочь в решение вопроса 😉"
13,marina ignatova,https://avatars.mds.yandex.net/get-yapic/20706/enc-30060a946267c61958dd5766efea7665/islands-68,2023-12-23 09:28:41,Очередь не очень большая... Передо мной было человек 5. Но почти без движения! ( потеряла очень много времени. Сотрудники неторопливые(,3,"Ваше замечание не останется без внимания и будет незамедлительно передано ответственным руководителям с целью реализации мер, которые обязательно будут направлены на повышение скорости предоставляемых услуг. Простите, что заставили вас долго ждать."
14,Алексей Хмель,https://avatars.mds.yandex.net/get-yapic/25817/enc-4d34887b088df477bd1c85a9112ee376fcf0727ca3b6a73f9e0ac0318a9d3c04/islands-68,2023-10-01 11:48:56,"Банк ВТБ, думаю не нуждается в рекламе или еще чего то. Отделение на Фрунзенской, такое же как остальные))) девушка которая занималась моим вопросом, не помню ее имени, достаточно понятно все объяснила и быстренько все сделала)
Парковка есть. Не знаю что еще сказать🙂",5,"Спасибо за отзыв, нам особенно приятно получать положительную обратную связь 😊 Надеемся на дальнейшее плодотворное сотрудничество!"
15,Р. Р. С.,https://avatars.mds.yandex.net/get-yapic/21377/enc-b2da7e9e168cfbdd5c9a23a334275b50b258976f2c3ad874aa76c9afbae08952/islands-68,2022-07-04 18:49:18,"Являюсь юридическим клиентом данного отделения уже более 10 лет. Спокойная профессиональная обстановка, великолепное обслуживание, удобное местоположение, обходительный персонал. Удачи и процветания.",5,
16,Сергей Еремеев,,2023-08-23 17:06:13,Ужасное место всё сотрудники занимаются своими делами подойти посылают от Данилы до Гаврилы сколько раз приходил с каким то вопросам ответа толкового не получал приходилось пользоваться услугами другого филиала всегда очереди всё медленно ужас,1,"Благодарим вас за отзыв. Нам очень важно знать ваше мнение. Мы стремимся к тому, чтобы быть лучше. Проведем работу в целях улучшения качества обслуживания."
17,Андрей Егоров,https://avatars.mds.yandex.net/get-yapic/29310/XE65XjpU3rk3XosSsNEoX2UXh4-1/islands-68,2023-03-13 04:40:17,"11 марта 2023 года пришел в это отделение получить зарплатную карту. 40 минут получал! Но это пол беды. В итоге девушка с короткой стрижкой без моего ведома, якобы устанавливая на телефон приложение, подключила автоплатеж на телефон (у меня автоплатеж через Сбер) и страховку от мошенничества за 99 рублей (сказала, что якобы за активацию карты). После обращения на горячую линию деньги за страховку вернули, но осадок остался. Сама поступила как ***. В ближайшее время зайду в этот офис, в глазки ей посмотреть.",1,"Андрей, спасибо, что поделились с нами деталями. Поверьте, мы всегда стремимся быть лучше. Мы обязательно обсудим с руководителем офиса все детали, описанные в отзыве, и учтем ваши замечания. Примите, пожалуйста, наши извинения."
18,Елена Яковлева,,2023-11-03 16:48:09,"Всего лишь хотела забрать готовую карту.Попала к ужасной сотруднице, бесконечные попытки навязать ненужные услуги. Потом в ЛК отключала много. На мои вопросы-просьбы отвечала «нужно пополнить карту» неоднократно. 
Карта была безымянной, чтобы заказать именную нужно пополнить эту. 

Я обратилась в другое отделение, и за 2 мин мне сделали всё, что я просила без доплат.",1,"Благодарим за обратную связь. Мы не оставим без внимания ваш отзыв и направим его руководителю офиса для дальнейшего анализа.

Позвольте отметить, что любые договоры с Банком могут быть заключены только с добровольного согласия клиента.

Приносим извинения за возможные неудобства."
19,Станислав Бойко,,2023-03-13 05:09:22,"Как и во многих офисах офисах ВТБ поведнюение сотрудников такое, что к ним больше никогда не хочется обращаться.

Не рекомендую этот банк. Если у вас есть возможность, то пользуйтесь другими банками.

Руководители ВТБ, проводите пожалуйста работу со своими сотрудниками, объясните им, что они для клиента и без клиента их работа никому не нужна.",1,"Благодарим вас за отзыв. Нам очень важно знать ваше мнение. Мы стремимся к тому, чтобы быть лучше. Проведем работу в целях улучшения качества обслуживания."
20,Наталья М,https://avatars.mds.yandex.net/get-yapic/54535/RqWSiIEJM9CqrodZGfXpbAp9B8U-1/islands-68,2022-07-08 10:13:32,"Качество обслуживания в этом отделении очень сильно упало(((( Особенно работа кассы, один сотрудник на обслуживание всего филиала, т.е. юридических и физических лиц-это безобразие! Ждёшь в очереди по часу, а то и больше. 
Отдельно хочу отметить ведение РКО юридических лиц. С каждым днём желание перевести счета в другие банки усиливается. Абсолютно отсутствует коммуникация между подразделениями сотрудников. Ошибочно списанные комиссии со счетов в начале года, так и не вернулись на счета, и думаю, что не вернуться. Сотрудники внятно ничего объяснить не могут, только перекладываются ответственность на другие подразделения. А новый так называемый интернет-банк🙈, это «шедевр». Уж точно сделан он не для клиентов. Все в крайней степени не удобно, от интерфейса до подтверждения платежей. Это прям квест и проверка на стрессоустойчивость!!! Откатили клиентов в начало нулевых годов😡😡😡",1,
21,Димитрий Ефремов,,2024-03-04 06:56:13,"Хороший банк, профессиональный сотрудники, есть парковка",5,"Спасибо за положительный отзыв, нам очень приятно 👍"
22,Ella,https://avatars.mds.yandex.net/get-yapic/30955/upEW5bqrfknRiu2ZSwgLYo2oVU-1/islands-68,2023-08-20 13:18:24,"Обслужили замечательно. Навязать кредит. карточку ( ну работа такая) , которую я затем благополучно заблокировала. Сотрудники терпеливые, скачали приложение и объяснили основные принципы исользования. Что сказать - молодцы.",5,"Благодарим за положительный отзыв работы. Рады, что вы остались довольны 🙂"
23,Ирина Н.,,2023-05-20 22:15:06,"Внимательное обслуживание, стремление помочь клиенту.
Несколько раз попадалась на недовольство граждан, не знаю с чем связано... У меня всегда всё быстро, чётко.
Удобная парковка.",5,"Рады, что вам понравилось. Ждем вас снова 😃"
24,Андрей Андронов,https://avatars.mds.yandex.net/get-yapic/45131/FeiBjGJMevsYtH3gRQH5K1dP6U-1/islands-68,2024-01-22 21:19:36,"четко, оперативно и по делу. опер зал работает как часы!",5,"Спасибо, нам очень приятно получать обратную связь 💛"
25,Vadim Azarenkov,https://avatars.mds.yandex.net/get-yapic/33202/enc-838477a09b933d57fa38413a35cfdf0a0c9e052377160dd4f5c42147dd85fdd4/islands-68,2023-02-17 15:20:52,"Работает всего одно окно из представленных 6. 
Некомпетентность сотрудников зашкалива на столько, что они не смогли открыть счёт, ссылаясь на то, что именно в их отделении такой счёт не открывается и отправили нас на горячую линию, и на горячей линии нас сказали, что и в этом отделении такой счёт открывают. В итоге все просто переводили друг на друга стрелки. 
Планируем писать жалобу в главный офис и цб",1,"Vadim, спасибо за отзыв. Обязательно проведем проверку в данном отделении на основание ваших замечаний и примем меры, которые позволят оперативно решать вопросы клиентов."
26,Зоя Новицкая,,2023-06-23 06:25:36,"Некомпетентные работники, считающие себя умнее всех) Дважды пришлось идти в этот банк, чтобы получить правильную справку для собеса. Вопрос разрешился тогда, когда я по громкой связи соединила консультанта банка и работницу собеса.",3,"Сожалеем, что обслуживание в нашем офисе доставило вам неудобства. Мы обязательно организуем встречу с руководителем и сотрудниками, на которой обсудим вопросы повышения качества обслуживания клиентов. Примите, пожалуйста, наши извинения."
27,Владимир Неделько,https://avatars.mds.yandex.net/get-yapic/20706/enc-471809ec5503a97def01b85e34cebe15/islands-68,2023-10-21 08:00:45,"Хотел пополнить вклад.
В общей сложности потерял 40 минут.
Терпенья не хватило.Ушёл.",3,Благодарим вас за отзыв. Обратная связь помогает понять наши проблемы и принять меры для улучшения сервиса и качества обслуживания. Надеемся на сотрудничество в в дальнейшем.
28,..,,2023-03-06 13:55:56,"Ужасное отделение. В очереди можно полдня провести.
То работают в субботу то не работают. Привелегия то есть в этом отделении то нет. Из 6 окон по факту работает одно и по всем вопросам. Остальные сотрудники просто просиживают",1,"Сожалеем, что вынуждены были потратить ваше личное время на ожидание в очереди. Поверьте, мы всегда стремимся быть лучше. Обязательно обсудим с руководителем офиса все детали, описанные в отзыве, и учтем ваши замечания. Примите, пожалуйста, наши извинения."
29,Максим Карочкин,https://avatars.mds.yandex.net/get-yapic/61207/zyUNJw3JIxGzIXGkR4GUnVz15tg-1/islands-68,2023-12-07 11:57:56,"Хорошее отделение банка, без очередей, приятные сотрудники.",5,"Приятно видеть, что посещение нашего офиса вызвало у вас исключительно положительные эмоции 😉"
30,Марина Лукьянова,https://avatars.mds.yandex.net/get-yapic/30431/oC3LhcvAWubJnWUCwDlCZiIZ6M-1/islands-68,2023-01-18 13:34:29,"Хотела бы поблагодарить Шейкину Викторию, которая решила мой сложный вопрос. Она не отмахнулась, не перенаправила, как обычно сейчас делают непрофессионалы, а досконально изучила мою проблему и помогла еë решить",5,"Огромное спасибо за приятный отклик 💛 Рады, что смогли помочь в решение вопроса 😉"
31,Света Богачева,,2023-12-12 17:25:20,"Хорошее отделение, специалисты внимательные",5,"Благодарим за положительный отзыв, нам очень приятно 👍"
32,Александр Скворцов,,2023-08-29 06:07:07,Доброжелательный персонал. Время ожидания не большое. Удобная стоянка у входа.,5,"Александр, спасибо, нам очень приятно получать обратную связь 👌 Приезжайте ещё 💛"
33,KulumanZone,https://avatars.mds.yandex.net/get-yapic/29310/6yu9lHRUtRWI3djVmfitHaSoRw-1/islands-68,2023-07-23 12:40:07,"Постоянно очереди. Банкоматы то принимает 5000, то необходимо с улицы заходить в соседнее помещение. Есть над чем поработать!",4,"Поверьте, мы всегда стремимся быть лучше. Обязательно обсудим с руководителем офиса все детали, описанные в отзыве, и учтем ваши замечания. Примите, пожалуйста, наши извинения."
34,Alex KR,,2022-11-05 19:35:46,Был здесь два раза в середине дня. В очереди долго не сидел. Оба раза визит был быстрым и четким. Оба раза был компетентный сотрудник. По результатам своего опыта - отделение рекомендую.,5,"Спасибо вам, очень приятно получать обратную связь 🙏👌 Приезжайте ещё 💛"
35,Анна О.,https://avatars.mds.yandex.net/get-yapic/36777/enc-609b498b409f85b913ecd0bb3b45de56de17e81ffc2bf77633935c8a71fde8cc/islands-68,2023-06-12 04:22:38,"Отвратительный маленький офис, долгое время обслуживания клиентов, постоянное отсутствие персонала на месте, духота, вечные очереди, позор!!!!!",1,"Огорчены, что вы оцениваете опыт работы с нашим Банком как отрицательный. Мы не оставим без внимания ваши замечания и продолжим работу в целях улучшения сервиса и качества обслуживания. Приносим извинения за возможные неудобства."
36,Дмитрий Савин,https://avatars.mds.yandex.net/get-yapic/28439/9pqBxNoMldHNY0ppydAJjzbx8Y-1568542198/islands-68,2022-06-20 17:43:13,"Хорошее обслуживание : для физ лиц прием сотрудниками банка, операционистами по талонам очереди ждать не долго, есть вода из кулера...Обслуживание юр. лиц - отдельный зал и Вип зал есть. Отношение к клиентам - юр лицам хорошее, помогают решить требуемые вопросы. Начальник опер зала- тоже адекватно относится к клиентам- юр.лицам.",5,
37,татьяна титова,,2022-09-13 17:29:15,Доброжелательное отношение. Всегда можно получить исчерпывающую информацию по возникающим вопросам. Сотрудники даже помогут найти альтернативный выход в сложившейся финансовой ситуации.,5,Спасибо за такие приятные слова. Всегда Вам рады помочь 💪
38,Андрей Никонов,https://avatars.mds.yandex.net/get-yapic/21377/enc-e76e9a7553c886e990fdef624f0b1eba98eee9008467e0d4eb455d6405be2647/islands-68,2023-05-20 18:43:30,Отвратительно. Менеджер при обещании льготного кредита перед новым годом уговорила открыть расчетный счет. После не брала трубку. Удивительно! Крайне не рекомендую работать с этим отделением!,1,"Поверьте, мы всегда стремимся быть лучше. Мы обязательно обсудим с руководителем офиса все детали, описанные в отзыве, и учтем ваши замечания. Примите, пожалуйста, наши извинения."
39,Aeshich,https://avatars.mds.yandex.net/get-yapic/27232/8P3j8lflr9mWCPeaUhrMD0pjE-1/islands-68,2021-11-12 13:50:32,"Отделение рядом с домом, но сколько бы в него не заходил, создаётся ощущение, что с клиентоориентированностью в нем не все в порядке.
Сам пользуюсь статусом Привилегия, но даже с ним чувствую себя не очень комфортно. Персонал не очень дружелюбный. 
С точки зрения возможности воспользоваться банкоматами тоже беда. Они или не работают, или в них невозможно снять деньги. Не спасает даже отдельно стоящий банкомат вне помещения отделения, рядом. 
Не говорю уже про то, что банкоматы не настроены на возможность бесконтактной работы. 
С получением новых продуктов тоже придётся потерять время.
Хотя все это относится не столько к самому отделению, а к системе ВТБ.",2,
40,Максим Морозов,https://avatars.mds.yandex.net/get-yapic/45848/2Lljymi63PmHKNgca2VWum4YQPA-1/islands-68,2023-01-16 20:07:13,"Не дали справку об отсутствие вкладов для подачи на единоразовую выплату одиноким не работающим пенсионерам, сослались на техническую проблему.....другое отделение спокойно выдало в тот же день....",3,"Поверьте, мы всегда стремимся быть лучше. Мы обязательно обсудим с руководителем офиса все детали, описанные в отзыве, и учтем ваши замечания. Примите, пожалуйста, наши извинения."
41,Андрей Паскал,https://avatars.mds.yandex.net/get-yapic/28053/enc-7fdf69e022d8ac1dc3ccecbd8f0508e411b8de14e8f03f005b528685b75f860f/islands-68,2022-08-23 17:04:16,"Отзывчивый персонал. Быстро открыли счёт, не навязывают лишних услуг. Отдельно хотел поблагодарить руководителя Олесю Альфредовну. Лучшее отделение банка ВТБ.",5,"Андрей, так приятно, что вы поставили нам высокую оценку и отметили работу сотрудника!"
42,Андрей,https://avatars.mds.yandex.net/get-yapic/30955/I0VvfRXb8isG7zpBWGyJBZRSlTg-1/islands-68,2022-09-17 17:17:31,"В принципе банк не для людей создан. Очевидно, цели у него другие. Конкретно в этом отделении по всему банку летает какая-то мошкара неприятная. Такое впечатление, что там кто-то умер и про тело забыли и появились отвратительные мелкие мошки. Очереди, как в лучшие времена Сбера.",2,"Андрей, благодарим за сигнал. Передадим ваши замечания руководителю отделения для принятия мер. Примите наши извинения за неудобства."
43,Михаил Кутенков,https://avatars.mds.yandex.net/get-yapic/65952/V8fZ6b5Vcu30CDv3j2ziyndlnXk-1/islands-68,2022-01-09 10:32:06,"Самое хорошее обслуживание из всех офисов, в которых был. Реально приятно туда приезжать. Видно что сотрудники делают все возможное, чтобы полностью удовлетворить потребности клиентов. Выше похвал.",5,Спасибо за такие приятные слова. Всегда Вам рады помочь 💪
44,Алексей Соловьев,https://avatars.mds.yandex.net/get-yapic/56823/AYNrDvCMyGjR9zUPp8ECNfRr8I-1/islands-68,2022-11-20 19:52:45,"Все быстро сделали, карту выдали за считанные минуты, единственное летают маленькие мошки что очень бесит, пока сидишь познакомишься с каждой поименно",4,"Поверьте, мы стремимся быть лучше. Обратная связь нам помогает понять наши проблемы и принять меры для улучшения сервиса и обслуживания. Благодарим вас за отзыв."
45,Юлия Павлова,,2023-12-12 05:41:51,"Грамотный специалист, не навязчиво предложила мне несколько услуг , которыми я с Справочная Отделения Трудовой Миграции воспользовалась.",5,"Рады видеть, что вы оценили нас на 5 ⭐"
46,Анна Романова (Ильина),https://avatars.mds.yandex.net/get-yapic/23134/OcX7gHZvQfUmBGpKx5hC5wWdE-1/islands-68,2022-04-29 16:31:20,"Общение в категории привилегия очень вежливое. Удобное расположение, общественная парковка перед входом.",5,
47,Любовь Я.,,2022-03-19 13:07:26,"Сказать, что здесь работают непрофессионалы - не сказать ничего. Приехала неделю назад, чтобы подтвердить номер телефона, потому что у них произошёл какой то технический сбой. Типа подтвердили. Захожу в веб версию в Личный кабинет - опять подтвердите номер. Приезжаю снова на 3-ю фрунзенскую, ответ просто потряс - Вам не так подтвердили, теперь катайтесь по городу и ищите отделение, где есть специалист, который подтвердит Вам номер. Приезжаю в другое отделение, говорят - да везде могут это сделать, странно, что Вам так сказали. Ну что тут сказать - «специалисты» работают.",1,
48,Марина Щербакова,,2022-04-29 14:16:50,"Помещение банка небольшое, иногда, приходится ждать долго,т.к.всего 4 операционных окна и,конечно,какое-нибудь,а то и не одно не работают. Не могу сказаиь,что очень приветливый персонал,все на троечку.",3,
49,Анастасия С,https://avatars.mds.yandex.net/get-yapic/48449/oO35BjZS6upOw5Ja9e0PPeRJsQc-1/islands-68,2023-05-03 18:34:03,Бестолковая работница так и не смогла выдать мне нормально карточку. До сих пор не могу задать пароль. Придется ехать опять.,2,"Поверьте, мы всегда стремимся быть лучше. Мы обязательно обсудим с руководителем офиса все детали, описанные в отзыве, и учтем ваши замечания. Примите, пожалуйста, наши извинения."
50,Паша Сивеньков,https://avatars.mds.yandex.net/get-yapic/25817/SksWBBy1tkrHFa45JLluzlJ8VXE-1/islands-68,2022-08-25 06:47:03,"Отличный банк, которым я пользуюсь уже не первый год. Единственный камень в ваш огород всё-таки кину, медленное обслуживание, даже по простому вопросу бывает долго сижу",5,"Поверьте, мы принимаем меры для того, чтобы время ожидания было минимальным. Проведем проверку в отделении и обсудим с руководителем данную проблему. Надеемся, что в дальнейшем мы не заставим Вас ждать."
51,Katerina Kh.,https://avatars.mds.yandex.net/get-yapic/25358/ndIDGeUAZcx64Art1gAGjJxKhFE-1/islands-68,2022-03-21 08:41:08,"Чрезвычайно медленное обслуживание. Была в субботний день, клиентов много, консультантов - два человека. Некоторые вопросы не смогли решить, сложилось впечатление, что не знали, как технически это сделать.",2,"Поверьте, мы всегда стремимся быть лучше. Мы обязательно обсудим с руководителем офиса все детали, описанные в отзыве, и учтем ваши замечания. Примите, пожалуйста, наши извинения."
52,Владимир Алексеев,,2023-09-29 19:52:02,Очередей нет! Самые лучшие специалисты работают в этом отделение!,5,"Благодарим за такой положительный отзыв, нам очень приятно 👍"
53,Елена Шумилина,https://avatars.mds.yandex.net/get-yapic/24700/enc-dda3b164ea69cd9320f0cdf7dde9a760952dc9d18c62bc983d2a60c9f4a6d83a/islands-68,2022-06-30 12:02:33,"Отличное обслуживание, внимательные сотрудники. Многофукнциональный, обслуживание физиков, вип, юридические лица.",5,
54,Elena Sedova,https://avatars.mds.yandex.net/get-yapic/29310/enc-44b9f3b1ba2cda27004267421f281c415327fa38668ffebac2ca6178c500dfb1/islands-68,2022-05-21 17:43:32,Отличный персонал.Удобная парковка.Все услуги оказываются в порядке живой очереди по предварительно взятому талону в банке.Так как большое количество персонала очередей нет.,5,Спасибо за отзыв! Будем продолжать в том же духе 💪
55,Макс,,2022-05-24 17:27:53,"Отличный банк, хорошие сотрудники. Работаю с этим банком не первый год и очень доволен качеством оказываемых услуг.",5,"Очень приятно получить такую высокую оценку, спасибо 😊"
56,Марина Кочемасова,https://avatars.mds.yandex.net/get-yapic/54535/wv1tNGO8aJ7De6gQyqT3kh9jmGo-1/islands-68,2022-09-05 13:20:39,"Очень большие очереди, два менеджера на все отделение.. люди сидят в очереди по часу и больше. Правда, они об этом предупреждают при входе)",3,"Сожалеем, что вынуждены были потратить ваше личное время на ожидание в очереди. Обсудим с руководителем данную ситуацию и примем меры, которые позволят сократить длительное время ожидания."
57,Алексей,https://avatars.mds.yandex.net/get-yapic/50595/iJedz5PUu69miy89S2meTVkd8-1/islands-68,2023-02-19 07:05:40,Быстрое и качественное обслуживание. Спасибо.,5,"Спасибо, рады стараться 😃"
58,Любовь Батынкова,https://avatars.mds.yandex.net/get-yapic/43978/ieM5zZIS9S2d6lhivnJTyHCQZ0-1/islands-68,2022-05-01 18:03:32,"Потрясающий персонал,очень вежливый,народу мало,спасибо,все проблемы решила на ура",5,
59,Анна Хорошкова,,2022-04-28 21:20:48,Безумно безумно долго. Неудобное расположение места ожидания очереди относительно операционного зала.,2,
60,Александр Поликарпов,,2022-01-14 08:41:23,"Не смог дозвониться и записаться на получении кары приорити пас. Когда в прошлый раз пришел без записи, в отдел приоритет было очень много народа более 5 чел. и ожидание 1 час. Желание помочь у сотрудников отсутствовало. Понятие клиентоориентированность отсутсвует в принципе.",1,
61,Галина Л.,,2021-12-16 18:52:09,"Пребываю в шоке от некомпетентности сотрудников банка. По одному вопросу обращалась к трем сотрудниками, никто не смог решить вопрос, все предоставляют абсолютно разную информацию. Похоже, высшему руководству, стоит задуматься о смене руководителя отделения!",1,
62,Владимир Хандамиров,https://avatars.mds.yandex.net/get-yapic/21377/enc-7899101c40fa8ae64d9c981526b43f19a1edfe99a0a1290907c3a9c8298ba6a3/islands-68,2023-08-08 20:32:12,"Лучшее отделение!
Всегда помогут.",5,"Спасибо, мы стараемся! Рады, что вы это оценили 😃"
63,И И,,2024-02-29 17:07:25,Удобный офис,5,"Спасибо за положительный отзыв, нам очень приятно 👍"
64,Анонимный отзыв,,2022-06-30 17:32:31,"Валюту заказывать за пол месяца. Кредит оформить заявку долго и в конце выяснить что ип не предоставляют, очень по государственному, с плохой стороны",2,
65,надежда надежда,,2021-11-19 08:44:25,"Полная некомпетентность сотрудников бизнес отдела!!! Не знают ответы ни на какие вопросы, выдают полностью противоположную информацию той, которая была получена по телефону у техподдержки.
Обслуживание в ВТБ привилегия настолько отвратительно, что хочется оттуда сбежать и забыть, что вообще связался с ними!",1,
66,Алексей А.,,2022-11-13 16:20:43,"Хороший банк, приветливый персонал, народу всегда мало",5,Спасибо за отзыв! Будем продолжать в том же духе 💪
67,Алина Беликова,,2023-11-28 16:48:56,Рай на земле,5,"Искренне рады, что выбрали наш Банк своим финансовым партнёром! Спасибо за высокую оценку 🙂"
68,Ольга Б.,,2022-03-29 17:10:35,"Ужасная клиентоориентированность!!! Мне не смогли просто выдать карту, сказав, что у них это займёт много времени! 
Однозначно больше туда не приеду.",1,
69,pro-svet-msc,https://avatars.mds.yandex.net/get-yapic/23134/S9BZ1WrVYb5RvhRgAxyY7cyOghQ-1/islands-68,2022-11-18 11:39:08,Долгое обслуживание. Большие очереди. Сотрудники ходят часто курить (запах пепельницы).,2,"Спасибо за отзыв. Обязательно проведем проверку в данном отделении на основание Ваших замечаний и примем меры, которые позволят оперативно решать вопросы клиентов."
70,А.А.,,2021-08-02 08:39:01,"Вежливо, прохладно (в прямом смысле слова - есть кондиционеры). Была рада посидеть там в жару пока решался мой вопрос.",5,"Благодарим. Нам очень важно, чтобы каждый клиент оставался доволен 😃"
71,инкогнито,https://avatars.mds.yandex.net/get-yapic/37154/Gha34LGFDvPSaFjwPyIavu6TUVU-1/islands-68,2022-07-04 17:38:42,Ужасный банк менеджеры не опытные единственый менеджер гульнара который работает а все остальные лоботрясы,1,
72,Анна Е.,,2023-04-11 07:24:34,"В будний день работает 2 окна, очередь больше 7 человек",1,"Анна, спасибо, что поделились с нами. Ваша обратная связь очень помогает в решении наших проблем. Проведем проверку в отделении и выясним причины такого построения графика работы сотрудников. Примите, пожалуйста, наши извинения."
73,Петр Букин,https://avatars.mds.yandex.net/get-yapic/47747/SPiC5rORe7ohwaP4FHgtc8kLoMU-1/islands-68,2022-02-17 17:35:25,Отличный банк. Хороший и внимательный коллектив готовый помочь клиенту.,5,"Благодарим. Нам очень важно, чтобы каждый клиент оставался доволен 😃"
74,Дарья Степина,,2022-01-03 11:13:30,"Ужасное отделение, сотрудники отдела работы с юридическими лицами ничего не знают, все медленно и по каждому вопросу необходимо приезжать в банк.",1,"Поверьте, мы всегда стремимся быть лучше. Мы обязательно обсудим с руководителем офиса все детали, описанные в отзыве, и учтем ваши замечания. Примите, пожалуйста, наши извинения."
75,Alan Temiraev,https://avatars.mds.yandex.net/get-yapic/50595/w7RtUdlYHFPcg09cgOFQX3uUU-1/islands-68,2023-05-27 17:16:48,Привелегия не дает привелегий на самом деле,1,"Хотели бы разобраться в ситуации, с которой вы столкнулись в офисе. Расскажите, пожалуйста, подробнее. Обязательно изучим информацию и примем меры 👌"
76,Евгений Одарюк,https://avatars.mds.yandex.net/get-yapic/24700/enc-3902c219343a6b4aed29bbd9bdbcf6f4dcbe8a09400c16218cf7c9fb627c0354/islands-68,2020-03-13 14:01:22,"Хорошее отделение банка. Электронная очередь, быстрое и качественное обслуживание как физических, так и юридических лиц. Персонал отзывчивый, всегда помогут и подскажут если это вам необходимо. В банк есть доступ маломобильным гражданам на коляске.",5,
77,Валерий,,2021-01-30 11:52:11,"Хочу поблагодарить сотрудников этого отделения, за решение вопросов. Очень внимательные и профессиональные люди, остались лучшие впечатления. Спасибо и всех благ!",5,
78,Иван Иванов,,2022-09-05 15:43:21,"В пятницу вечером 10 клиентов в очереди. Сегодня в пн 8, практически не возможно попасть",1,"Согласимся с Вами, что длительного ожидания не должно быть. Обратим внимание руководителя отделения на данную проблему и примем меры 👌 Надеемся, что в дальнейшем мы не заставим Вас ждать."
79,Евгений Н.,,2023-10-06 17:44:04,Карту быстро получил,5,"Благодарим за положительный отзыв работы. Рады, что вы остались довольны 🙂"
80,Максим,https://avatars.mds.yandex.net/get-yapic/51169/1H1N9NnBBeYUwpXthcIRWOWebg-1/islands-68,2022-05-06 17:18:50,"Неплохой банк, всё чистенько! Персонал хороший",5,Спасибо за отзыв! Будем продолжать в том же духе 💪
81,James Webb,,2023-06-16 03:31:33,Сотрудники плохо делвють свою работу,2,Благодарим вас за отзыв. Обратная связь помогает понять наши проблемы и принять меры для улучшения сервиса и качества обслуживания. Приносим извинения за возможные неудобства.
82,Василий,https://avatars.mds.yandex.net/get-yapic/28053/1ydmWXIgesQY1KOu54oXFlS4YxI-1/islands-68,2021-11-29 13:01:23,Очень долгое и неграмотное обслуживание. Паспортные данные(старые на новые )3 часа20мин вносили изменения что бы в кассе деньги со счёта. Работники так знакомились с компьютером,1,
83,Николай Смирнов,,2022-02-22 18:35:57,"Очереди ни разу не видел!Персонал вежливый ,грамотный,доброжелательный!",5,"Так приятно, что вы по достоинству оценили нашу работу! Это очень ценно для нас. Постараемся и дальше соответствовать вашей пятерке))"
84,Sergei Surkichin,,2021-11-27 06:29:46,"Постоянно очереди. Очереди к менеджерам, очередеи в банкоматы. Номер талона надо запомнить, так как не пичатает, зато память тренеруешь.",2,
85,Александр,,2021-12-03 07:00:14,"Некомпетентность, непрофессионализм и совершенно безразличное отношение сотрудников банка! Вместо одной суммы на погашение кредита ,выписали другую, в итоге кредит вовремя погашён не был! Потом меня же ещё и обвинили, что внёс неправильную сумму! Такое впечатление, что все там занимаются своими делами, или сидят в соцсетях, иногда , в качестве одолжения, отвлекаясь на докучающих клиентов! Неприятная контора..",1,
86,Оля,https://avatars.mds.yandex.net/get-yapic/31804/Qecq1XhR0vsp7ne0E4DaS7bD2Mo-1/islands-68,2022-10-29 16:53:57,Хочется больше внимания от персонала данного отделения.,4,"Спасибо, что поделились с нами вашим опытом обслуживания. Мы обязательно учтем ваши замечания и проработаем их с сотрудниками офиса, чтобы в дальнейшем у вас не возникало сомнений в правильности выбора нашего Банка."
87,Ялта,,2021-04-13 12:19:01,"Худшее отделение банка ВТБ из всех, в которых я бывал.

Тут вас ожидают:
- некомпетентные сотрудники
- длительное ожидание (свыше 40 минут) даже если в очереди перед вами нет людей (да, такое в этом отделении тоже бывало неоднократно)
- темные и неуютные помещения",1,
88,Сергей Олеников,https://avatars.mds.yandex.net/get-yapic/35885/oigaNyqQCHXme9GZ0qj1o7B0Vzc-1/islands-68,2021-10-21 08:07:44,"Очень рад, что во первых он, рядом со мной и мне очень нравится их условия, по кредиткам и другим продуктам",5,
89,dems02,,2022-07-22 18:15:46,"Хороший персонал, помогли разобраться с онлайн банком.",5,
90,Mariya,,2021-03-04 11:51:50,"Пыталась купить доллары в кассе этого отделения банка, но как оказалось купить можно только за наличные. с карты оплатить нельзя. В банке и нельзя оплатить банковской картой!!! предложили сходить в банкомат и снять наличные, офигенный сервис.",2,
91,Игорь Лунин,,2022-11-02 15:42:48,Чисто и вежливые сотрудники.,5,"Рады, что Вы остались довольны. Ждем Вас снова 😃"
92,Марина Миллер,,2021-06-19 12:35:11,Отвратительная работа отделения. Приезжала 2 раза за зарплатой картой. Меньше 30-40 минут в очереди не сидела. Буду переводить зп в другой банк.,2,"Сожалеем, что вынуждены были потратить свое личное время из-за длительного времени ожидания. Примем к сведению данную информацию и проведем необходимые мероприятия, которые позволят сократить очередь и решить оперативно вопрос клиента."
93,Кацер Анжела,https://avatars.mds.yandex.net/get-yapic/27274/PgLsj5bhqsHj1MFggcOoLtwCjk-1/islands-68,2021-04-22 12:01:26,"Уважаемые люди почему везде сплошной обман,онлайн заявка кредит одобрен пришла в банк проценты объявляют совершенно другие и через сутки отказ , вот такая у нас поддержка самозанятых граждан выплывай как хочешь,только время зря потратила 😴😴😴😴",1,
94,Ленин,https://avatars.mds.yandex.net/get-yapic/56823/7Qj2Gt5S3TuI80w81jsIBktMIps-1/islands-68,2021-08-22 06:07:37,"Я думал в Сбере ужас, так здесь просто АД. Очереди по 1.5 часа, работники ничего не знают, приходиться приходить по 10 раз. Лучше храните сбережения в матрасе)))",1,"Извините нас, что заставили вас ждать. Мы с вами полностью согласны, такого долгого ожидания быть не должно! Информацию довели до сведения руководителя офиса, обязательно примем меры 👌"
95,Екатерина Микрюкова,https://avatars.mds.yandex.net/get-yapic/53031/QL0KuZ4IdGFo1Vnu830SQyoY85Y-1/islands-68,2020-10-12 12:19:08,"Отвратительное обслуживание. Ожидание в очереди не бывает меньше 30 мин. Сотрудники некомпетентные, закрывают счёт, говоря что деньги модно будет получить в любом отделению, по факту оказывается, что только у них, а закрыть можно было в любом. САМОЕ УЖАСНОЕ ОБСЛУЖИВАНИЕ В ВТБ. Никогда бы по своей воле не связалась бы с этим банком.",1,
96,инфо,https://avatars.mds.yandex.net/get-yapic/38663/qFiL9JctcBfwstBPiW5cjhIMCpg-1/islands-68,2021-04-12 15:52:21,территориально расположение удобно. главное чтобы расценки соответствовали вашим запросам,4,
97,Alexei Kuzmin,,2022-05-19 17:54:34,Всё как всегда в ВТБ: маленькие помещения и древние тормозные банкоматы,1,"Поверьте, мы стремимся быть лучше. Обратная связь нам помогает понять наши проблемы и принять меры для улучшения сервиса и обслуживания. Благодарим Вас за отзыв. Примем во внимание ваш отзыв."
98,Фёдор К.,,2020-07-24 10:46:52,"Встал в очередь в 13:11, перед мной было 2 человека, я ждал 22е минуты, и очень начала двигаться только после того, как я обратился к сотруднику. Мне нужно бы забрать карту, девушка выдавала ее еще минут 15
Сервис отвратителен, никто не шевелится.",1,
99,Shon Uzakov,,2023-01-09 12:01:24,"Сотрудники заняты собой, не в первый раз",1,"Спасибо за отзыв. Обязательно проведем проверку в данном отделении на основание ваших замечаний и примем меры, которые позволят оперативно решать вопросы клиентов."
100,%username%,https://avatars.mds.yandex.net/get-yapic/25358/7JhXOsOL4wOIfblRxOVIa7x2rTg-1/islands-68,2022-03-25 13:34:50,"На картах написано: Работает до 20, оказывается привилегия в пятницу до 5 - идеально, а главное - удобно! Плюс офис какой-то лабиринт…",1,"Благодарим Вас за отзыв. Отдел по работе с клиентами ""Привилегия"" работает по графику Пн-Пт 09:00-18:00. Выясним причины отсутствия сотрудника на рабочем месте."
101,Leona Mishi,https://avatars.mds.yandex.net/get-yapic/63032/qLLuQTsbgdE9uRRg3RRXj652nw-1/islands-68,2022-12-18 18:18:55,Хорошее и удобное отделение банка.,5,"Рады видеть, что Вы оценили нас на 5 ⭐"
102,Александр Пирогов,https://avatars.mds.yandex.net/get-yapic/65952/Bke6JbF7NawhGLT9JxwKC0vh7pw-1/islands-68,2021-10-06 10:00:43,"Буду ходить но тут нас один раз Непали и нам пришлось ехать в другую но об этом чуть чуть 
Позже короче хорошее место всеровно",4,
103,Елена Г.,https://avatars.mds.yandex.net/get-yapic/68143/40ifufOJWmVGJgbVitGoI0TvTE-1/islands-68,2020-06-29 08:41:05,"Рядом с работой, но так как отделение маленькое, бывают очереди. Персонал вежливый, всегда всё подробно объяснят",4,
104,Чопер,https://avatars.mds.yandex.net/get-yapic/45848/enc-d95ba7c45e45ef18784184530088c62c4a389d845ebcc21b5deb522d96a70ca0/islands-68,2021-09-07 13:11:53,Сотрудники абсолютно некомпетентные!!! Неуважительно относятся к посетителям! Начальство не реагирует на замечания!,1,
105,Daria M.,,2022-05-16 13:40:37,"Не все специалисты доброжелательны. Так же столкнулась с тем что, сотрудница отделения, не владея достоверной информацией ввела в заблуждения, в связи с чем я потеряла много времени.",4,Примите наши извинения за непрофессиональное обслуживание. Организуем встречу с сотрудниками и обсудим вопросы повышения качества обслуживания.
106,Сергей Волков,https://avatars.mds.yandex.net/get-yapic/45131/TXZ7f8xm4Kwe5f5KI4pu5V1af8M-1/islands-68,2022-05-06 16:06:52,Очень внимательные и профиссеонадьные работники .,5,Благодарны вам за пятерку и добрые слова о работе наших сотрудников))
107,Андрей Кузнецов,,2023-06-05 16:13:10,Обычное отделение,4,"Андрей, спасибо, нам приятно получать обратную связь. Приходите к нам почаще!"
108,Юлия,https://avatars.mds.yandex.net/get-yapic/30061/enc-c16033c5e3aa788030c136e7da3873c44b5dea2a26754a04aaf2bc1ed20ebc16/islands-68,2021-09-02 18:05:52,"Долгое обслуживание, иногда не работают банкоматы. Часто бывают большие очереди.",4,
109,Людмила Суспицына,,2020-07-15 11:05:43,"Внимательные и доброжелательные сотрудники, быстрое обслуживание, удобное расположение.",5,
110,Queen D,,2022-10-24 09:59:02,"Мало окон, много клиентов и из-за этого долгое ожидание своей очереди. 
В офисе действительно летают мелкие мушки 👎🏻",1,"Благодарим за подробное описание ситуации, выясним причины такого построения графика работы сотрудников и проведем работу для ускорения обслуживания, а также для повышения комфортности"
111,Владимир Гусаров,https://avatars.mds.yandex.net/get-yapic/53031/Uplid24edLAzUyf83vqnbRk4M-1/islands-68,2019-09-30 12:53:20,"Самое отвратительное место из всех банковских мест, отделений и филиалов, где мне призодилось бывать и обслуживаться. Уже закрыл в этом банке-отстойнике и карты, и счета. К сожалению, осталась оплаченная ячейка. Ожидание не бывает меньше 40 минут!!! Очереди постоянно, в любое время суток. Писал эалобы, обращался - всё им по барабану. Не ходите в ВТБ. Никогда. Жаль, нельзя ставить отрицательные оценки = - 100!",1,
112,Alexey,,2019-04-07 13:20:14,"Все свои вопросы всегда решал оперативно и без негатива.
Половина очереди приходит с проблемами, которые элементарно решаются в приложении, не выходя из дома (выписки, депозиты, коммуналка, оплата мобильников и пр.).
Люди, вы реально за ЭТИМ в банк приходите?? Или чтобы устроить ругань и разборки с такими же как вы клиентами и персоналом, для собственного развлечения? У банкомата регулярно очередь из-за таких операций и сотрудники вынуждены, по факту, сами, своими руками все за всех вбивать. При этом одни верещат ""помогитеее"" и ставят все вверх дном через одного, а другие вымещают свое недовольство и пишут отзывы, что все долго, потому что сотрудники из зала носятся к банкомату ""спасать"" потерпевших, а не занимаются своей нормальной работой.
Большинство вопросов по моим хоть и кратковременным, но регулярным наблюдениям - не к банку, а к самим клиентам и их адекватности.
С Привилегией все несколько попроще, но уши слышат, а глаза видят.
Коллеги-клиенты, в приложениях все устроено достаточно просто и логично, выписки, оплата чего угодно, операции с депозитами, кредитами и прочее - все элементарно делается с телефона за считанные минуты.
Вы же как-то воцапами, инстаграммами, телеграммами и прочими граммами в большинстве своем пользуетесь? Или бегаете по каждому вопросу в отделение Воцап-Телеграмм-Банка (сокращенно - ВТБ), чтобы узнать, как отправить Ивану свою геопозицию...а теперь - как Петру??
Лучше попросите, чтобы вам показали где и как, если уж сами не можете разобраться, но потом это сэкономит ваши же силы и время, и время с нервами остальных ""товарищей по несчастью"".
Теперь к банку:
Основные мелкие недоразумения связаны, как мне кажется, с работой одновременно в двух базах данных - ВТБ и Банк Москвы. Все допиливается руководством банка и айтишниками. Будет лучше, проще и эффективнее. Основная проблема, как я понял, возникает с клиентами БМ, идет процесс интеграции баз после объединения. Надо допиливать.
Сотрудникам: ребята, вы оказываете услуги и работаете в сфере обслуживания населения - к сожалению, это подразумевает, что вы будете сталкиваться и с адекватными людьми, и с совсем не адекватными, из разных слоев общества. Такой ваш избранный хлеб - будьте терпеливы, не ведитесь на провокации и старайтесь сделать все хорошо. Может быть, стоит уделить отдельное внимание обучению клиентов пользованию мобильными или стационарными устройствами для совершения операций. Лично у меня к вам претензий нет, потому ставлю свои 5.",5,
113,Виктория Мирошниченко,https://avatars.mds.yandex.net/get-yapic/41409/enc-d0a27c6b5d96af84ae37df9655e0c809874d4fb0b869923f5ac9fd247e8a816c/islands-68,2022-04-30 12:57:34,"Очень внимательные менеджеры, решили все вопросы",5,
114,Алфёрова Нина,https://avatars.mds.yandex.net/get-yapic/21377/enc-aac4820463830a936852d444a279da0a/islands-68,2019-09-20 18:22:32,"в отделении, под руководством макаровой юлии николаевны, сотрудники настолько малознающие и некомпентентные, практически, ни одну операцию трое сотрудников из четырех не смогли провести самостоятельно, постоянно отвлекая вопросами друг друга. Поэтому одного клиента обслуживали по полчаса и больше. Я находилась в отделении больше двух часов и не получила никакой квалифицированной помощи,при неоднократной просьбе вызвать ко мне кого-нибудь из руководства, моя просьба была просто проигнорирована.Вообще, все сотрудники работают незаинтересованно, невнимательно,игнорируя многие вопросы, не говоря уже о профессиональных данных! Особенно хочу обратить на недостойное выступление сотрудника этого отделения Зарницкого Евгения Владимировича.Он работает в отделении на первой линии с клиентами, т.е. является представляющим лицом одного из ведущих банков России,но его неумение вести диалог с клиентами, его нервозность, равнодушие и полное отсутствие человеческого фактора в работе с людьми, не то место, где он мог бы работать и самоутверждаться .По-моему, задача банка привлекать клиентов , а не отталкивать, а после выступлений этого сотрудника ( его хамских замечаний ), остается нехороший осадок!",1,
115,Сергей,,2020-02-05 17:55:37,"Удобное для меня расположение, время обслуживания. Приятный персонал, есть ВИП обслуживание",5,
116,Владимир А.,,2022-01-18 14:19:49,Банк как банк...но персонал по хамски себя ведет...не солидно для банка такого уровня,2,
117,sosnovaya.yuliya,https://avatars.mds.yandex.net/get-yapic/34189/1iHac221CteTumRIdinwFAdpDs-1/islands-68,2019-08-13 16:27:36,"Ужасное отделение банка.Всегда большая очередь ожидания, много народу, а самое возмущающее сотрудники-вроде все работают, только что делают не понятно, в зал нужно привлекать сотрудников готовых помочь клиентам, несколько сотрудников занимаются обзваниванием клиентов предлагая кредиты:( Счмиаю что таких людей необходимо посадить в отдельный кабинет, чтобы они находились не на глазах пришедших клиентов",1,
118,Владимир Пименов,https://avatars.mds.yandex.net/get-yapic/36777/mchJgt9ww1uu19YUYk0YKX5w-1/islands-68,2021-12-02 12:24:18,"Пришёл в банк, просидел 20 минут, очередь не сдвинулась ни на одного человека. Ушёл.",2,
119,Сергей Разильдеев,https://avatars.mds.yandex.net/get-yapic/44850/5a72Bs4FyrpJol0jz938whbf2E-1/islands-68,2021-12-25 09:42:36,"Отличные менеджеры ,всё распросят что да как и естественно помогут.",5,Благодарны вам за пятерку и добрые слова о работе наших сотрудников))
120,Дима С,https://avatars.mds.yandex.net/get-yapic/68143/N6ahRxmRL0c23EIZtgXaijaWHQ-1/islands-68,2022-04-09 18:47:08,"Постоянные очереди, обслуживание не качественное,",3,
121,Екатерина О.,,2021-12-04 12:57:39,Персонал работает плохо. Просидела в очереди час. Хотя народу по сути вообще нет.,1,
122,Геноцвале Геноцвальный,https://avatars.mds.yandex.net/get-yapic/25817/AaEewqFCHa26cMsxn4k6viKOE-1/islands-68,2022-05-08 18:16:43,Быстро провели корректировку данных нового паспорта,5,"Очень приятно, что оценили нас. Рады стараться 😊"
123,Андрей Андреев,https://avatars.mds.yandex.net/get-yapic/34189/f22ADXXD0xTLpTSqqnCTl1yBWk-1570548564/islands-68,2021-10-22 13:01:13,На несепшене стоит человек который не разбирается вообще в банковском деле. Да и профессионализм сотрудников оставляет желать лучшего. И помочь не смогли и время потратили.,1,
124,Ольга Лузганова,https://avatars.mds.yandex.net/get-yapic/36777/3RSEjc2EdpKrg5kHpqILFfBdPg-1/islands-68,2022-10-17 10:46:11,Внимательное обслуживание,5,"Благодарим. Нам очень важно, чтобы каждый клиент оставался доволен 😃"
125,Федор,https://avatars.mds.yandex.net/get-yapic/50595/epTBxkf35kq0s5PNrn37XqK3Wn0-1/islands-68,2022-07-06 17:00:48,Компактное отделение у дома,5,
126,свр свр,,2023-03-02 10:18:37,Правильный банк,5,"Очень приятно получить такую высокую оценку, спасибо 😊"
127,Елена,https://avatars.mds.yandex.net/get-yapic/30061/Pumq28ZZWnMaNRht7H20ZrDrs-1/islands-68,2019-10-21 09:59:55,"Сотрудники данного отделения очень медленно обслуживают клиентуру. Для того, чтобы получить зарплатную карту , мне нужно было провести в очереди более двух часов, причём очередь была смешанного порядка. Я подходила к администратору, но ссылка была на то, что не работают компьютеры. Просьба, улучшить качество обслуживания в данном отделении банка ВТБ.",1,
128,Константин К.,,2021-08-19 16:29:57,Отличное обслуживание. Вежливые сотрудники,5,"Рады, что Вам понравилось. Ждем Вас снова 😃"
129,Владимир Поддубный,https://avatars.mds.yandex.net/get-yapic/49368/4FJXpFO59dQIkklPvtqii6iQr6w-1/islands-68,2022-11-21 15:26:05,Всё отлично!!!,5,"Спасибо, рады стараться 😃"
130,Михаил Г.,,2020-07-10 08:11:34,"Сотрудники работать не хотят совсем! 
Вечные очереди, долгое обслуживание, сотрудники не желают помочь в решении вопроса и отсылают на горячую линию!",1,
131,Алина Торунлу,,2021-09-27 16:50:11,Ближайшие отделение банка. При необходимости пользуемся. Нареканий нет.,5,
132,"""СИТИ Эксклюзив""",https://avatars.mds.yandex.net/get-yapic/37154/03IFM9uhJoXE8X2FZ6VKPYMVO0o-1/islands-68,2021-01-19 11:35:23,"Отличный - компетентный персонал! В отличии от Сбера, атмосфера радушия и ориентации на клиента.",5,
133,Aleksey Zh,,2019-08-29 08:31:53,"прождал в отделении 50 минут!!!!!!!!!!!!!!!!!!!!!!!! так и не вызвали, в офисе банка работает 4 человека и как сказать «работают», вялотекуще общаются о чем то

это самое совковое отделение, здесь 90-е остались!!! видимо бывшее отделение банка Москвы

номер очереди а004 28.08.2019 взял чек в 16.01, ушел в 16:55.
Обратился к сотрудникам, сказали «еще долго».",1,
134,Александр,https://avatars.mds.yandex.net/get-yapic/29310/K8xP6ux4f1o5iDxt2Wvtxn73mo-1/islands-68,2020-02-19 20:37:31,"хорошее отделение, мало народа, просторный зал. Персонал, правда не всегда нужной квалификации, счет закрывали 1,5 часа...",4,
135,Magnificent M.,https://avatars.mds.yandex.net/get-yapic/69015/enc-90305914a6dc06ab0c311d000095a79ab882283ca15a055e28ad5191c6f271ce/islands-68,2019-10-03 15:57:32,"Из 6 окон работает от силы три. И настолько медленно (примерно 1 человек в 30-40 минут), что образовываются гигантские очереди. А поскольку именно это отделение выдает зарплатные карты от организаций, людей всегда море. Кошмарное отделение. Позорное. Просто издевательское отношение к клиенту, ВТБ. Читайте отзывы. Верх некомпетентности!",1,
136,Владимир Жуков,https://avatars.mds.yandex.net/get-yapic/30061/JD11Zo4l7jDQfmkVJuc3mUja0wU-1/islands-68,2022-10-29 06:01:54,Два старых банкомата,3,Спасибо за отзыв! Приняли во внимание.
137,Олег М,https://avatars.mds.yandex.net/get-yapic/50595/z7pnpkDv8aQM45506ofpG23u9TU-1/islands-68,2021-12-15 06:30:40,"И даже не сам банк, а люди которые работают… молодцы!",5,
138,Елена Соколова,https://avatars.mds.yandex.net/get-yapic/27503/m1MnI9iDGskIv7xCAY2Zf63NddI-1/islands-68,2020-04-26 15:38:14,"Условия и быстрота обслуживания неплохие, но не идеальные, особенно работа консультантов",4,
139,Евгений Добрышин,,2022-11-11 08:56:47,Убобное обслуживание,5,"Благодарим за положительный отзыв работы. Рады, что вы остались довольны 🙂"
140,Анонимный отзыв,,2018-12-13 13:02:52,"Знаете почему такое долгое ожидание ?! девушка, выдающая талоны , своим сотрудникам вытаскивает по 2-3 талона ( следовательно на каждый талон дается минимум 15 минут времени) и сотрудники могут заняться своими делами и уйти минут на 40, а люди сидят и ждут, у которых тоже есть свои дела. В зале всего человек 5 , включая меня было, а талоны с номерами на табло менялись раз 10 . Отвратительное отношение. Мой вопрос решался в течение 20 минут, а проторчала я там полтора часа. Просто ужасное отделение",1,
141,Друг,,2022-03-11 16:49:11,Не отдают деньги. Даже если заказывать !!! Без объяснения причин. Получить официальный отказ невозможно. Обходите стороной этот банк,1,"Мы делаем всё возможное, чтобы исполнить все заявки в полном объёме и указанный срок. Однако, в связи с существенно возросшим спросом на выдачу наличных сроки доставки могут сдвигаться. Просим с пониманием отнестись к данной ситуации."
142,Andrey Ga,https://avatars.mds.yandex.net/get-yapic/27503/VKilR1Jtfy6tTw392b0o7DOcQ-1/islands-68,2020-07-23 06:16:51,Самый большой недостаток отделения - наличие всего одного круглосуточно го банкомата,4,
143,Эмилия Прыткова,,2023-06-06 15:41:54,норм,5,👍
144,Ирина Югфельд,,2021-06-24 10:52:41,Всегда внимательный персонал. И это радует!,5,"Благодарим за положительный отзыв, нам очень приятно 👍"
145,Alex Sid,https://avatars.mds.yandex.net/get-yapic/27503/zMS5dPX4sECgNIDIIVPeIm5kU-1/islands-68,2019-06-05 16:36:19,"Час до закрытия. На 6 оборудованных местах работают 2 сотрудника. И ещё один что то делает тихо сам с собой. На билете электронной очереди надпись - перед вами 9 человек. Это фиаско. 
Если у вас много времени - вам сюда. 
Если хотите быстро - в соседнее отделение на набережной",1,
146,Аюб Тошпулатов,https://avatars.mds.yandex.net/get-yapic/21377/enc-2df67c4e1c66adcbabf9be4c195ca64475e174156018245c4cfe7b34b4e2e489/islands-68,2019-06-13 07:02:08,"Обслуживающих мало,всегда очеред,по имени Марат не хочет даже разговариват,сказал одной девочке персоналу чтоб обяснила.После как мне на нервы играли пришла другая сотрудница по ее команде все я карту получил которое было готово на выдачу и эти которые не хотели выдават.Пусть не забудут что мы кл еети этого банка и освоих обязанностях",1,
147,DagothWarez,https://avatars.mds.yandex.net/get-yapic/31078/jAP3ClDXbX5RHNvm802sKm9xX0M-1/islands-68,2020-07-31 00:48:59,"Это собственно и есть моё отделение. Не считая пару ошибочной информации полученной от персонала, что для меня неважно, я и сам читать правила умею, всё остальное мне нравится. Удобное место, красивое отделение, люди работают вежливые. Я даже дам пятёрку.",5,
148,Ivan Ivanov,https://avatars.mds.yandex.net/get-yapic/38663/TT3DownDllL6rHX7AvddzPbrRV8-1/islands-68,2021-10-27 15:30:36,"Нормальный банк,нормальное обслуживание",5,
149,Анна Исаева,,2021-06-20 18:48:58,"Единственный банк в районе с сейфовыми ячейками, на сколько мне известно",5,"Благодарим за положительный отзыв, нам очень приятно 👍"
