,name,icon_href,date,text,stars,answer
0,Михаил Карпычев,,2023-12-20 16:40:04,"Сотрудник Егельская Станислава Владимировна показала себя как примерный идеальный сотрудник. Очень вежливая , добрая, приветливая, терпеливая. Лучше сотрудника я не встречал. Грамотно все выполнила. Все сотрудники должны быть такие, как она сегодня. Наградите ее обязательно, похвалите. Я со своей стороны выражаю благодарность. Все было идеально!!!!!!!!!",5,
1,Павел Ильин,https://avatars.mds.yandex.net/get-yapic/36777/Ut3FulwCIKEfnUWfJZ8GzoyL48E-1/islands-68,2024-04-02 06:16:06,"Удобно расположенный филиал банка, рядом большая парковка, вежливые сотрудники, быстрое обслуживание, чистота и порядок внутри помещений, удобная зона ожидания.",5,"Спасибо, что поделились своими впечатлениями. Мы очень ценим обратную связь 💙"
2,Владимир Егельский,https://avatars.mds.yandex.net/get-yapic/25358/B3WP51MEJ60ZNqC4COl4thtU6ao-1/islands-68,2023-10-23 16:10:22,"Дельный рабочий офис втб. Опаздывал, приехал под закрытие, девушки вошли в положение и задержались, чтобы обслужить. Всё было оформлено четко, быстро, профессионально. При форсмажорных ситуациях обращусь именно в этот офис втб.",5,"Спасибо, что уделили время и оставили отзыв! Приятно видеть, что помощь наших специалистов вызвала у вас положительные эмоции 😊"
3,Василий Ш.,,2024-01-16 15:26:51,"Я хочу оставить главному клиентскому менеджеру Станиславе ,самый тёплый отзыв,за её пунктуальность отзывчивость и быстрое решение моего вопроса.
Крепкого Сибирского Здоровья
И Кавказского Долголетия!!!",5,Благодарны вам за пятёрку и добрые слова в адрес нашего сотрудника 💛
4,Елена Карпова,,2024-03-13 10:09:57,"Посетила недавно данное отделение. 
Быстрое обслуживание, всё четко и по делу. Доброжелательный персонал! Помогли решить вопрос",5,"Спасибо за положительный отзыв, нам очень приятно 👍"
5,Astra Sidus,,2024-01-22 12:52:14,"Очень долгое ожидание. Работают вроде, но очень медленно движется очередь. Две единицы ( сотрудницы) по работе с юридическими лицами просто сидят бумажки перекладывают. Никогда не вид4ла их с юридическими лицами работающими. Бываю в банке 3-4 раза в месяц. А могли бы с физическими поработать!!! Плозой менеджмент . Одна из сотрудниц в окне 2 сидит всегда с таким кислым видом и так заформализована, что к ней и садиться не хочется никогда.",3,"Сожалеем, что обслуживание в нашем офисе доставило вам неудобства. Мы обязательно организуем проверку на основании ваших замечаний вместе с его руководителем и примем необходимые меры. Приносим свои извинения."
6,PB,,2024-01-30 16:56:13,"Мало сотрудников , почти всегда очередь, но ! Всегда на помощь придет начальник) ,а забота о клиенте это важно! Вообще впечатление домашней обстановки) , правда особо никто никуда не торопится..",5,"Спасибо за обратную связь, которая помогает понять наши проблемы и принять меры для улучшения качества обслуживания!"
7,Татьяна -,,2024-02-09 12:58:00,"Перевела пенсию, довольна работой банка. Сотрудники офиса доброжелательные и всегда готовы помочь. Очень довольна сервисом. Отдельное спасибо сотруднице Ольге, за ее работу",5,"Благодарим вас за отзыв. Для нас важно, чтобы обслуживание в нашем Банке приносило только положительные впечатления. Постараемся и дальше вас радовать 💙"
8,Татьяна Лихачева,,2024-03-16 11:01:34,Отличая работа сотрудника Соколова Сергея.Благодарность за особо внимательное отношение к пенсионерам и квалифицированная помощь в переводе пенсии в ваш банк.,5,Довольные клиенты - наша лучшая награда. Благодарим за высокую оценку работы нашего сотрудника 💙
9,татьяна п.,,2024-03-06 11:51:56,Спасибо Илье и Станиславе за хорошие советы по размещению вкладов. Станиславе отдельное спасибо за настройку в моем телефоне приложения ВТБ.,5,"Так приятно, что вы поставили нам высокую оценку и отметили работу сотрудников 👍"
10,danvs88,,2023-10-14 18:01:35,Быстрое обслуживание и вежливый персонал который за мотивирован в помощи клиентам в отделении чисто и приятная температура очередь продвигается быстро.,5,"Рады, что вам понравилось. Ждем вас снова 😃"
11,Вадим Л.,,2023-04-18 11:14:00,"Ну совсем плохо там все стало… много лет там обслуживал как юрлицо свои фирмы…Как только хорошие менеджеры ушли, набрали не пойми что…. И все теперь каждый мой поход в это отделение это час- полтора потерянного времени ожидания( раньше это занимало 15-20 минут… ) 
Именно поэтому
Написал заявления на перевод в другое отделение… так они и тут меня мурыжат уже больше месяца… когда это должно занимать 1-3 рабочих дня… 
В общем ловите жалобу через Центробанк
Может этот орган надзора как то приведет это НЕ до отделение в чувства!!!",1,
12,Галина Воронова,,2023-10-23 14:33:40,"Замечательный офис, прекрасные профессиональные сотрудники. Хочется возвращаться.",5,"Спасибо, нам очень приятно получать обратную связь 💛"
13,Ирина А.,,2022-09-20 17:07:33,"Отличное отделение банка. Давно нахожусь там на обслуживании. Недавно получала карту. Все прошло быстро и оперативно. Все сотрудники отделения профессиональны и компетентны, вежливые, клиентоориентированные, готовы помочь в любых вопросах.",5,"Рады, что Вам понравилось. Ждем Вас снова 😃"
14,Стася Егельская,https://avatars.mds.yandex.net/get-yapic/15430/enc-1ce3f11eea41c85f7e82375b71d9483118286658fd116f8c9b91f424046f5633/islands-68,2023-07-24 10:24:15,"Классный офис, нет очередей, очень грамотные и вежливые сотрудники, решают любой вопрос быстро и качественно",5,Ваш положительный отзыв – наша лучшая награда 😊
15,Дарья,,2024-03-24 16:13:50,"Офис удобно расположен, сотрудники вежливые и приятные, управляющий Александр оставил очень приятное впечатление. Хорошее обслуживание",5,"Для нас очень важно, чтобы наша работа приносила вам только приятные впечатления. Постараемся и дальше вас радовать! Отдельное спасибо, что отметили работу конкретного сотрудника 👍"
16,Ольга Путилова,https://avatars.mds.yandex.net/get-yapic/21493/enc-8f9b67a53a083e95ffa1b909b4cbc73d/islands-68,2023-02-02 06:35:08,"Сотрудникиименно этого офиса не сильно грамотные в своём деле. Включая руководство. Страховки и кредитки, совсем не нужные при оформлении кредита наличными, навязать они умеют (сказали, что обязательно взять надо и кредитку, и страховку, мол вообще без страховки не дадут, если не хотите оформлять страховку жизни и здоровья к кредиту - купите страхование квартиры и ребёнка и чего то там ещё, пришлось купить ради взятия займа, а потом отказываться от этих ненужных страховок через центральный офис их страховой компании с потерей времени и огромными очередями из таких же, как и я, пострадавших и желающих отказаться от навязанных страховых услуг) А вот действовать в сложных нестандартных ситуациях - совсем не умеют. Когда надо было, чтобы платёж по кредиту списался с текущего счета мужа из-за временной блокировки моего счета - руководитель их офиса ничего не мог объяснить, не мог правильный счёт мужу открыть, все попутал. Когда с мужем поехали в другой офис - вопрос решили. Но время мы потеряли. Пришлось ради нормального обслуживания менять офис и посещать не тот, что рядом с домом, а ездить куда-то в другие офисы в течение всего срока, пока не погасила свой кредит. Здесь конкретных сотрудников, меня обслуживавших, называть не буду. Для желающих ознакомиться подробнее с моей историей знакомства с этим офисом банка - могу скинуть подробный отзыв на банках.ру с ответами от банка. А так как по телефону сотрудники колл центра также не блещут интеллектом и абсолютно любые мелочи приходилось решать именно в далёких от дома офисах - постаралась погасить кредит намного быстрее срока. После закрытия ещё и личный кабинет заблокировать пришлось в целях безопасности из-за начавшихся звонков телефонных мошенников, ссылающиеся на переводы из моего личного кабинета. Вывод: единственный раз взяла в этом банке кредит и сто раз пожалела. Не рекомендую банк в целом, но если уж ""посчастливилось"" быть его клиентом - именно этот офис обходите стороной!",2,"Поверьте, мы стремимся быть лучше. Обратная связь нам помогает понять наши проблемы и принять меры для улучшения сервиса и обслуживания. Благодарим вас за отзыв."
17,Вера Я.,https://avatars.mds.yandex.net/get-yapic/31804/pXnu1Di1m9WLeFidtInaXAzWLRk-1/islands-68,2023-10-23 13:46:20,"Очень хорошее отделение, всегда помогут и практически никогда нет очереди)",5,"Спасибо, нам очень приятно получать обратную связь 💛"
18,Нарина Ламбарян,,2023-08-02 14:56:55,"Отличный офис,очень приятные работники
Быстрое обслуживание и хорошее отношение к клиентам",5,"Рады, что вам понравилось. Ждем вас снова 😃"
19,Михаил Г,https://avatars.mds.yandex.net/get-yapic/45566/84aNYsxdyn1rz0gdi1uO2azivVo-1/islands-68,2023-06-28 19:45:42,"Если бы банкоматы работали 7-24, то поставил бы 5. 
А так только 3
Парковки нет. Только платная зона. 
К операторам ОЧЕРЕДИЩИ до морковкина заговения. 
Не люблю этот офис хотя живу не далеко.",3,Благодарим вас за отзыв. Обратная связь помогает понять наши проблемы и принять меры для улучшения сервиса и качества обслуживания.
20,Елена Гурова,https://avatars.mds.yandex.net/get-yapic/20706/enc-508755c29cae1adc0f03742b8ba1cafbd4244a9ff2dd625fc99e2cbf3aa36589/islands-68,2023-12-30 17:03:36,При минимальном количестве посетителей сотрудники все равно умудряются создать очередь.,2,"Приносим вам извинения за неудобства. Поверьте, мы стремимся к быстрому обслуживанию. К сожалению, периодически клиенты сталкиваются с очередью и длительным временем ожидания. Мы, со своей стороны, проводим постоянную работу для ускорения обслуживания. Надеемся, что при следующем визите вы заметите положительные изменения."
21,Вероника Т.,,2022-12-21 19:01:07,"Оформляли страховку через втб, приехали узнать в
этот офис, в какую страховую компанию нам обратиться, и зря. Менеджер Станислав (так написано в выданной справке) решил не напрягаться и не искать информацию о нашем кредите и сказал, что нам надо поехать в любое отделение Согаза. Из-за чего мы объездили пол-Москвы, потому что только в одном отделении занимаются нашим вопросом. Просидели там час в очереди, а в итоге узнали, что мы застрахованы не в Согазе, а в другой страховой. В другом отделении втб девушка за минуту открыла нашу информацию и сказала, куда обратиться, а из-за некомпетентности Станислава мы потратили целый день на разъезды по городу и очереди. Но главную информацию, которую Станислав не забыл нам сказать, - это то, что распечатка одной справки у них стоит 200 рублей)) впервые такое вижу в банке, во всех остальных всё печатают бесплатно.",1,"Вероника, мы сожалеем, что вы столкнулись с такой ситуацией. Со своей стороны организуем встречу с руководителем и сотрудником и примем меры для повышения качества обслуживания. Надеемся, что в дальнейшем обслуживание будет соответствовать вашим ожиданиям. Примите наши извинения за неудобства."
22,259956михаил калинин,https://avatars.mds.yandex.net/get-yapic/25817/TVeoSc1VOq6wwEwfRuQKheHJ4-1/islands-68,2024-04-01 11:44:55,Заходил сегодня .......рядом.......бес проблем....проблемы решили быстро.....,5,"Для нас очень ценно то, что вы остались довольны визитом к нам и поставили столь высокую оценку нашей работе. Постараемся и в дальнейшем радовать вас 🙂"
23,Мария Ермакова,https://avatars.mds.yandex.net/get-yapic/64336/gty6875fHLoHML1fshV8jxPWH4I-1/islands-68,2024-02-16 17:11:56,"Была в этом офисе, перевела в ВТБ пенсию.оплачиваю всё без комиссии. СБ только обещал и забыл.)))",5,"Спасибо, что уделили время и оставили отзыв. Нам приятно видеть, что посещение офиса вызвало у вас исключительно положительные эмоции 👍"
24,Надежда Ширшикова,,2023-03-23 08:16:42,"Являюсь зарплатным клиентом а течении многих лет, всегда огромные очереди, даже в выходной день. Обслуживающий персонал относится к своим клиентам пренебрежительно, особенно управляющий. Работой отделения недовольна. Буду менять банк.",3,"Надежда, мы стараемся решать вопросы оперативно, чтобы клиентам не приходилось тратить время на длительное ожидание. Поэтому обязательно обсудим с руководителем причины образования очереди, а также проработаем вопрос с сотрудниками с целью соблюдения стандартов клиентского обслуживания. Примите извинения за неудобства. Надеемся на дальнейшее сотрудничество 💛"
25,Иван Севастьянов,https://avatars.mds.yandex.net/get-yapic/30955/wtNHokeQLgmR1lHBsY8MLAEbvag-1/islands-68,2023-09-10 13:55:47,"Быстро приняли, оперативно отработали все вопросы юр лица. Тут же и как физика приняли. Людей немного, очередей нет. Так что вперед товарищи",5,"Благодарим за положительный отзыв работы. Рады, что вы остались довольны 🙂"
26,Виктор К.,,2023-02-04 17:28:08,"Ужасно, что в субботу зависала их внутренняя система, ни выдать простейшую выписку по счёту, ни карту они не могут, тогда зачем вообще работает офис по субботам? Позор какой-то, что за слабая команда программистов создаёт и поддерживает такие системы. Ну и сотрудница тоже удивила, когда, видимо, не особо хотела заморачиваться и предложила мне выдать выписку по счёту за целый год, а мне нужен был один день.",1,"Поверьте, мы всегда стремимся быть лучше. Мы обязательно обсудим с руководителем офиса все детали, описанные в отзыве, и учтем ваши замечания. Примите, пожалуйста, наши извинения."
27,Елена Д.,,2022-09-20 14:36:27,"Здравствуйте. Я являюсь клиентом ВТБ банка уже не первый год. Обслуживаюсь в офисе банка по адресу: г. Москва, ул. Свободы д.13/2 с1А. Хочу выразить свою благодарность работникам этого офиса. Когда бы я не обращалась в этот офис на все мои вопросы мне всё понятно, доходчиво и квалифицированно объясняли работники банка. Большое спасибо за их вежливое, внимательное отношение. Отдельное спасибо руководителю этого офиса Аракелян Татев Мартиновне за грамотную организацию работы сотрудников. Желаю всем успехов, хорошего настроения и позитивных клиентов!",5,"Елена, для нас очень важно, чтобы наша работа приносила вам только приятные впечатления. Постараемся и дальше вас радовать! Отдельное спасибо, что отметили работу конкретного сотрудника."
28,владимир фарнасов,https://avatars.mds.yandex.net/get-yapic/25817/aLumGuLbgO2GAxHyYhV4MmrVpbY-1/islands-68,2023-02-05 19:21:37,"Небольшое, но уютное отделение банка. Очень внимательные операторы, стараются решить все вопросы клиентов. Не очень удобно добираться.",5,Благодарны вам за пятерку и добрые слова о работе наших сотрудников))
29,Рябинкина Ангелина Васильевна,https://avatars.mds.yandex.net/get-yapic/45566/qGflKsuXuJVfS4Ct1IhVvPZvyLw-1/islands-68,2023-04-10 14:58:04,"Пользуюсь услугами этого банка. Оплата за коммунальные услугих без комисии ,хороший процент по вкладу. Персонал с клиентам вежлив, терпелив,но бывает долгое ожидание очереди(",5,"Очень приятно получить такую высокую оценку, спасибо 😊
Поверьте, мы постоянно проводим необходимые мероприятия, которые позволяют сокращать очереди и более оперативно решать вопросы клиентов.
Надеемся, что в дальнейшем мы не заставим вас ждать."
30,татьяна петрова,,2023-11-27 12:41:54,"Отличный офис, перевела сюда пенсию и очень довольна",5,"Спасибо, что доверяете нам! Постараемся и дальше соответствовать вашей пятёрке 💪"
31,Сергей Архипов,https://avatars.mds.yandex.net/get-yapic/65952/Li4jbngndazHkvgU37Aulpkk5GQ-1/islands-68,2023-04-13 12:28:02,"Банк хороший и отделение нормальное, но последнее время очень медленно обслуживают и почти всегда большие очереди, может мне так везет на час пик. Но как не зайду , то очереди",5,"Сергей, поверьте, мы всегда стремимся быть лучше. Действительно, вопрос очереди требует незамедлительного решения. Нам важно, чтобы каждый клиент мог решать вопросы без длительного ожидания. Продолжим работу в данном направлении. Надеемся, что в дальнейшем мы не заставим вас ждать."
32,Елена Бакшиева,,2022-09-06 19:09:20,"Внимательное отношение к клиентам, не первый год обслуживаемся. В отделе юр.лиц Екатерина всегда во всем старается помочь. Опытная и дружелюбная. Спасибо!",5,"Елена, спасибо вам большое за доверие 🤗 Приходите к нам почаще!"
33,александр александр,https://avatars.mds.yandex.net/get-yapic/40841/ST8kC5UihtkkhpaxJEwyhRxRQfA-1/islands-68,2023-01-27 14:30:05,"Мало того что банк ВТБ сам по себе очень проблемный, какой то вопрос решить там максимально сложно. Помимо этого сотрудники отделения абсолютно некомпетентные в подавляющем большинстве случаев. По возможности не рекомендую пользоваться услугами данного банка, это полное фиаско.",1,"Благодарим вас за отзыв. Нам очень важно знать ваше мнение. Мы стремимся к тому, чтобы быть лучше. Проведем работу в целях улучшения качества обслуживания."
34,Сергей Алешин_3data,https://avatars.mds.yandex.net/get-yapic/27232/9uD2hjnJLMWD0JlI6oacnLRQw-1/islands-68,2021-06-03 14:46:56,"Прекрасное обслуживание в офисе, быстро и удобно! Профессиональные Консультации и помощь сотрудников в оформлении! Особенная Искренняя Благодарность за Профессионализм и прекрасные человеческие качества и заботу Татев Мартиновне Аракелян! Люблю ВТБ! Всегда с Вами! Ваш Клиент Алёшин Сергей Александрович.",5,"Очень приятно получить такую высокую оценку, спасибо 😊 Спасибо, что выбрали нас и являетесь нашим лояльным клиентом."
35,Андрей Голов,,2021-08-22 04:47:17,"Офис оставил приятное впечатление. В первое посещение все вопросы решили очень быстро. Хочется отметить сотрудницу банка Эльвиру, которая быстро и грамотно решила все вопросы по переносу счета из одного банка в другой. Все доходчиво объяснила. При получении именной карты в следующее посещение банка девушка Настя доходчиво рассказала о всех продуктах банка и помогла подобрать удобную кредитную программу. Еще раз хочется поблагодарить сотрудниц Эльвиру и Настю за доброжелательность, отзывчивость и терпение при работе с клиентами.",5,
36,Михаил Б.,,2024-01-10 12:13:02,Очень медленное обслуживание. При полу пустом зале пришлось ждать 15 минут.,4,"Ваше замечание не останется без внимания и будет незамедлительно передано ответственным руководителям с целью реализации мер, которые обязательно будут направлены на повышение скорости предоставляемых услуг. Простите за возможные неудобства!"
37,Виктор Межерицкий,https://avatars.mds.yandex.net/get-yapic/45566/LznofuoqjOXFrGXjMLV6QeHgKig-1/islands-68,2024-03-24 17:09:42,Сейчас в моде ВТБ -дают высокий процент!! Народа всегда битком..,5,"Благодарим за отзыв. Так приятно, что вы поставили нам высокую оценку 👍"
38,Анна Тарасова,https://avatars.mds.yandex.net/get-yapic/21493/enc-8025e05b219be38e064f298922eb8b7b/islands-68,2024-03-10 13:15:43,Очень много народу всегда. Работают медленно,3,"Сожалеем, что вынуждены были потратить ваше личное время на ожидание в очереди. Проведем необходимые мероприятия, которые позволят сократить очередь и более оперативно решать вопросы клиентов. Примите наши извинения, мы исправимся."
39,OlGa,https://avatars.mds.yandex.net/get-yapic/45566/Ap7cIkXZvhuKDrjkqFZwDVTaNU-1/islands-68,2021-10-29 08:48:00,"Отличный офис банка, достаточно свободно, нет очередей, имеются несколько банкоматов. Хорошее расположение и транспортная доступность, рядом в наличии места с бесплатной парковкой.",5,
40,Александр К.,,2023-12-06 09:36:44,Прекрасный офис все понравилось,5,"Спасибо, что воспользовались услугами нашего Банка! Приходите к нам ещё 💛"
41,Татьяна,https://avatars.mds.yandex.net/get-yapic/49368/vkA3nssUw3RHcrUKzOouazDMFM-1/islands-68,2023-12-24 16:42:27,"Отделение не плохое, ну почему всё так долго????",4,"Приносим вам извинения за неудобства. Поверьте, мы стремимся к быстрому обслуживанию. К сожалению, периодически клиенты сталкиваются с очередью и длительным временем ожидания. Мы, со своей стороны, проводим постоянную работу для ускорения обслуживания. Надеемся, что при следующем визите вы заметите положительные изменения."
42,Александр Михайлов,https://avatars.mds.yandex.net/get-yapic/31804/cPVHJsTKLxHCUa0WO9a3NXhHc3k-1/islands-68,2024-01-01 14:33:18,Очень отзывчивый персонал.,5,"Благодарим за отзыв. Наши сотрудники всегда стараются быть внимательными и заботливыми к каждому клиенту, и мы рады, что вы ощутили это на себе. Приходите к нам почаще!"
43,Олег Анатиенко,https://avatars.mds.yandex.net/get-yapic/69015/IQExcaDPayeOk4TipmWVU0Vjvk4-1/islands-68,2022-04-25 18:04:52,"Очень приятное отделение !!! Персонал очень грамотный, вежливый !!! Все вопросы оперативно решаются !!!",5,
44,марина курносова,https://avatars.mds.yandex.net/get-yapic/51169/mL1kJYlC3Sr5RhFyb0JTx2ohl0-1/islands-68,2023-11-18 15:55:53,Очень медленное обслуживание.,1,"Приносим извинения за неудобства. Поверьте, мы всегда стремимся быть лучше, чтобы каждый клиент мог решать вопросы без длительного ожидания. Продолжим работу в данном направлении. Надеемся, что в дальнейшем вы заметите положительные изменения."
45,Максим Стеняев,,2021-11-18 19:18:38,"Вижу оценки людей которые поставили 5 звёзд этому отделению и с удивлением негодую!!! На мой взгляд самая подходящая оценка ""-5""! Отвратительное отделение банка ВТБ! 6-7 окон из которых обслуживают клиентов только 2 окна! Все остальные сотрудники занимаются своими делами (не знаю, может в банке ВТБ у сотрудников в трудовых обязанностей прописаны перекуры после каждого посетителя?) всякое бывает! На все можно закрыть глаза! На то что приходится ждать в очереди по 40-60 минут, и на частые перекуры ""читмиллы/кофе-брейки"" все же мы люди! Но моя история не об этом! Суть в том, что я получаю ЗП на карту ВТБ (зарплатные проект). Срок действие карты подходил к концу, и нам работодатель объявил дату прихода сотрудников банка, чтоб те вручили нам новые карты! Срок действия истечения карты был 10/21 года. Сотрудники банка пришли конечно, но увы по какой то непонятной причине моей фамилии из списка людей на получение новой не было(( ну да ладно не беда! Пошел значит я в отделение, чтоб самому написать заявление на изготовление и выдачу новой карты. В колцентре ВТБ мне сказали, что дистанционно мы не сможем это сделать, почему? Они и сами не знают! Пришел в отделение, прождал как обычно в очереди 50 минут, ну и наконец то написал заявление )))уважаемая сотрудница банка сказала, что карта будет готова через 5-10 дней и попросила оставить лестный отзыв, что я сейчас и делаю. Прошло 20 дней, думаю, пора сходить карту забрать)) кстати никаких оповещений о готовности карты не приходило.
Прихожу сегодня в отделение, в надежде получить новенькую красивую мультикарту. Но не тут то было))) А кстати чуть не забыл, в очереди постоял опять 50 минут ))) подхожу к сотруднице, говорю так мол и так, что пришел за картой)) Она мне говорит, что карта готова, сейчас я вам ее вручу. Приносит карту и бумаги на подпись, беру карту и смотрю, что на ней срок действия карты , угадаете? До 10/21 года! До 10/21 года Карл!!!!??!?!? Как так то? Ну соответственно ответ был: извините ошибочка вышла ))))",1,
46,Евгения Г.,,2020-11-18 15:12:39,"Очень хороший офис, замечательные, вежливые, квалифицированные специалисты. Отдельная благодарность специалисту Миронычевой Е.А. за содействие в решении сложных вопросов - оперативность, терпение, точность, профессионализм. Спасибо!",5,
47,Алена Руднева,https://avatars.mds.yandex.net/get-yapic/60687/MUeg9Xz1o3hmrgRAHOC2k0fTiwU-1/islands-68,2021-04-04 06:06:09,Отличное отделение квалифицированные сотрудники особенно хотелось бы отметить девушку по имени Эльвира😁👍 все очень хорошо и доступно объясняет и советует предложения выгодные клиенту👍👍👍,5,
48,Nika Nika,,2021-10-03 18:37:49,"Удобно расположенное отделение банка! Большое количество операционистов! Отзывчатый, в основном профессиональный персонал! Два банкомата! Редко бывают очереди! Время ожидания очереди10-15 минут!",5,
49,Светлана,https://avatars.mds.yandex.net/get-yapic/43473/k4ZgmWTKsjvTS1k0SMpE4CvKZ8-1/islands-68,2022-03-16 18:25:03,"Сегодня обратились в банк для получения выписки со счета о перечисленных суммах за ЖКУ с 01.012018 (для суда). Получен отказ. Можно сделать вывод, либо специалисты не квалифицированные, либо программа не доработана (не смогли отсортировать запрос по тематике). Общий запрос составляет 300 листов, его результат выдать также отказали, при этом кол-во выдаваемых листов нигде не регламентирован. Хотелось бы получить внятный ответ.",1,
50,А А,,2022-07-10 18:29:11,"Менеджер по обслуживанию юридических лиц Екатерина не профессиональный не клиентоориентированный работник, который только открывает счета и сразу же их блокирует, ужасного банка, который только берёт деньги за обслуживание счетов.",1,
51,Serg Hover,https://avatars.mds.yandex.net/get-yapic/63256/WIw3Hcjq9UJGb7PBsZqZZUjrB84-1570478481/islands-68,2023-12-26 16:53:37,"Норм, быстро, просто",5,"Рады видеть, что вы оценили нас на 5 ⭐"
52,Лилия Ф.,,2020-11-11 16:38:11,"Хочу выразить благодарность этому отделению! Обслуживаюсь и как физ.лицо и как юр.лицо. Девочки которые работают с юр.лицами, Лана и Катя, вежливы, внимательны, войдут в положение и решат проблему. Отдельное спасибо кассирам этого отделения, Татьяне Петровне и Юле, четко, быстро, профессионально. Сотрудники которые обслуживают физ.лиц, всегда помогут, вежливы, компетентны. Спасибо вам, всегда ухожу от вас с улыбкой",5,
53,Айсулу Губайдулина,https://avatars.mds.yandex.net/get-yapic/62162/sKImtUDehELF1RPdbEn2VM0HpA-1/islands-68,2022-12-01 03:41:06,Всё отлично 👍. Спасибо персоналу за ваше внимание и работу.,5,"Айсулу, благодарны вам за пятерку и добрые слова о работе наших сотрудников))"
54,Егор Жулин,,2024-03-05 14:08:16,"Открывал вклад, при личном присутствии предложили процент больше, чем через приложение, доволен.",5,Спасибо за высокую оценку нашей работы!
55,Екатерина Л.,,2022-04-16 10:01:05,"отвратительное отделение. В субботу в разгар рабочего дня работает один сотрудник. Очередь скопилась человек 5. Только после возмущения людей с видом - аля все достали не очень довольно вышел второй сотрудник, а за ним минут через 5 с таким же не довольным лицом выплыл и третий сотрудник...",1,
56,Глеб литвинов,,2023-10-04 06:25:05,"Хуже банка не встречал , обслуживание юр лиц на уровне 1993 года.",1,"Благодарим вас за отзыв. Нам очень важно знать ваше мнение. Мы стремимся к тому, чтобы быть лучше. Проведем работу в целях улучшения качества обслуживания."
57,Иван Шапкин,,2023-11-23 18:51:30,Отделение простенькое.,4,"Спасибо за отзыв!
Надеемся, что в будущем сможем заслужить от вас 5 ⭐"
58,Андрей Елисеев,,2023-12-02 17:52:22,Отличное отделение,5,"Рады видеть, что вы оценили нас на 5 ⭐"
59,Ольга Р.,https://avatars.mds.yandex.net/get-yapic/40841/eO7Tmy3Ecw0uYW4TQp4k6Ld7gxM-1/islands-68,2021-11-11 11:33:00,"Самый ужасный банк и самое медленное отделение. Всегда приходится очень долго ждать. По вопросу вступления в наследство пришлось приходить 4 раза. И проводить в банке каждый раз больше 1,5 часа. То виснет компьютер, то сразу нельзя провести операцию, то отдельно надо прийти щакрыть счета. Кстати сказать в сбербанке все тоже самое заняло 1 визит и 30 минут времени.",1,
60,Михаил Вашковский,,2022-10-29 11:00:42,Очень долго. Люди которые подошли спросить начинают принимать без очереди . Работают два человека и то переодически куда-то отлучаются,1,"Михаил, поверьте, мы принимаем меры для того, чтобы время ожидания было минимальным. Проведем проверку в отделении и обсудим с руководителем данную проблему. Надеемся, что в дальнейшем мы не заставим Вас ждать."
61,Александр Виноградов,https://avatars.mds.yandex.net/get-yapic/28439/enc-e2fbc119343936b2c93e260363acebd0c52d4f7175e6aaa90a29f192c3034981/islands-68,2022-06-19 18:12:02,"Всё хорошо,отличные операторы , отношение супер, но в интернете указан другой график работы (на час дольше)и изменения на текущие праздничные дни.",4,
62,VLAD K.,https://avatars.mds.yandex.net/get-yapic/31804/EjPVe7qqGC2lvDx7rveI5luh8jc-1/islands-68,2022-11-09 11:30:56,"Кассир в обменнике - это прям лицо филиала ВТБ, по моему мнению. Бизнес в бизнесе. Ограничение на обмен устанавливает явно по соображениям личной симпатии и антипатии, старая школа. Антилогика. Нужны были евро, пришли втроём, взяв талоны подряд, зашли в порядке очереди, зная про ограничения в обменниках ВТБ конечно заранее. Запросили все мы по 5000 евро / покупка, уверенно, больше и не продадут. Первому 1500 оказалось можно, следующему 2000, третьему все 5000, да почему же, женщина)",0,"Поверьте, мы всегда стремимся быть лучше. Мы обязательно обсудим с руководителем офиса все детали, описанные в отзыве, и учтем ваши замечания."
63,Borman13,,2021-09-24 14:44:14,"Банк ВТБ, отделение 
vtb.ru
4,0Банк
Открыто до 22:00 
 
 
4 / 5
1 424 оценки · 235 отзывов

ром бур

 24 сен 2021
Отвратительный банк. Во первых при оплате госпошлины не дал сдачи банкомат и написал за сдачей обратиться в ближайшее отделение. При обращении составили кучу бумаг и сказали ждать до 30 дней. Пришло уведомление о готовности и приглашение в банк. Придя в банк меня обрадовали, что без паспорта (сдан на замену) мои деньги они не вернут пока нет паспорта или какой то справки. Отвратительный банк, никогда и никому не советую им пользоваться",1,
64,Константин К,https://avatars.mds.yandex.net/get-yapic/63032/J1C6G9MxPzJbBQDCebPybAaq5M-1/islands-68,2023-02-20 14:37:42,Очень долго обслуживают. Штат скорее всего неукомплектован . Некоторые сотрудники некомпетентны от слова совсем. Осталась переписка в которой сотрудник банка пишет что у одного и того же аккаунта в мобильной версии и веб разные пароли могут быть одновременно.🤦🏻‍♂️,2,"Благодарим вас за отзыв. Нам очень важно знать ваше мнение. Мы стремимся к тому, чтобы быть лучше. Проведем работу в целях улучшения качества обслуживания."
65,Марина Д,,2022-11-12 17:24:35,"Медленно обслуживают. Бывает, что люди сидят в очереди, а свободные сотрудники в телефонах. Может, по работе?..",4,"Марина, поверьте, мы принимаем меры для того, чтобы время ожидания было минимальным. Проведем проверку в отделении и обсудим с руководителем данную проблему. Надеемся, что в дальнейшем мы не заставим Вас ждать."
66,Владимир Саркисов,https://avatars.mds.yandex.net/get-yapic/61207/j8JHixNqkJnwfYnnoYqSIxK7TY-1/islands-68,2023-01-18 11:40:58,"Ленинский проспект 69 операционистка ввела заблуждения дезинформировал об истинном проценте вклада,низко и подло",1,"Мы сожалеем, что у вас возникла такая ситуация во время визита в наш офис. Со своей стороны обязуемся провести комплексную проверку вместе с руководителем офиса и примем соответствующие меры. Примите наши извинения за ситуацию и надеемся, что она не повлияет на ваше решение продолжить сотрудничество с нами."
67,дмитрий,https://avatars.mds.yandex.net/get-yapic/25817/U2DTrZSjzjYoc6bLARMo73GqN0-1/islands-68,2021-08-31 10:12:45,"Очень сильно потрясён тем,что сотрудники,ради собственной выгоды,впарили неработающему пенсионеру (72 года) ИИС. Зачем он ему,тем более что у него уже был ИИС в Сбербанке (так же впарили),который пришлось идти закрывать досрочно с убытком. Тут молодёжь не разбирается в этом,а они,наездив по ушам,принуждают пенсионеров открывать ИИС. Ради хороших отчётов,они готовы на всё. И это пугает. На что они пойдут дальше. Вопрос.",1,
68,Cvetochniy Dvorik,https://avatars.mds.yandex.net/get-yapic/50071/enc-621988e23858ee9cd54b32fca613cf9cc5996b21c60f8bee75a766be653f9bf3/islands-68,2023-09-13 17:15:54,Обслуживание на хорошо с плюсом!,5,Спасибо за отзыв! Будем продолжать в том же духе 💪
69,31970 Голов,https://avatars.mds.yandex.net/get-yapic/45131/a525AaSoylZKAsdLSE2HuhvWTU-1/islands-68,2021-08-22 10:46:20,"Посещение данного отделения оставило только положительные эмоции.большое человеческое спасибо сотрудницам банка Эльвире и Насте за чуткое отношение к клиентам, быструю и грамотную работу. Побольш таких специалистов.",5,
70,Виктор Владимирович,https://avatars.mds.yandex.net/get-yapic/40841/fsqMt3VHLeED8tGOy9yOU4E51O4-1/islands-68,2021-05-18 13:36:32,"Находусь сейчас в этом отделении, более 20 минут ожидания, 0 внимание сотрудников, свободных сотрудников полно, но они все заняты своими делами. Такое отношение к коиентам очень сильно портит отношение к банку! Я очень надеюсь что вышестоящее руководство читает отзывы и примет максимальные меры в отношении работников данного отделения!",1,
71,Elen,,2021-11-28 20:13:29,"Сотрудники офиса быстро помогли в решении проблемы. Стала жертвой мошенников((
Обратилась в отделение банка, оперативно заблокировали карты и помогли подать заявку на выпуск новых. Вежливые сотрудники! Отличный офис 👍👍",5,
72,Sen Sue,https://avatars.mds.yandex.net/get-yapic/25358/rUfycwtMsXs76cfuY1Hv3MEvqP0-1/islands-68,2021-05-21 06:14:07,"Система безопасности отсутствует вообще. Допускают утечку информации о вкладчиках. Мошенники звонят с подтвержденного номера данной организации, имея уже все необходимые данные о вас. Сотрудники считают, что это норма и ничего с этим делать не собираются. Во всяком случае сотрудник банка на мой вопрос ""почему вы с этим ничего не делаете? тем более, что случаев немало"" Просто улыбнулся и ответил, что с этим ничего не сделаешь. В общем, в носке держать средства и то надёжнее. Не советую",1,
73,Ольга Бородуля,,2023-07-16 03:21:22,"Обслуживание стало получше, нет очереди.",4,"Здравствуйте!
Благодарим за отзыв! Надеемся, что в дальнейшем сможем заслужить от вас 5 ⭐"
74,Дмитрий С.,,2020-09-03 07:54:27,"Обслуживание на высшем уровне, персонал - профессионалы своего дела. Приятные сотрудники, войдут в положение и решат вашу проблему. Не то что в банке с зелёным логотипом. Брал кредит пару месяцев назад. Оформили быстро, ответ пришёл через пару минут. Кабала конечно, но солярис сам на себя не накопит, такие дела. Спасибо, всем советую именно это отделение!",5,
75,Рано А.,,2021-03-17 10:17:43,"Хочу оставить хороший отзыв сотруднику банка ВТБ Габриляну Тиграна Хачатуровичу. Пришла в банк по своему вопросу, даже не ведая .что у меня есть долг по предыдущий карте. Тигран меня проинформировал и вовремя помог мне его закрыть. Вот это для людей. Я имею ввиду работа Тиграна. Спасибо большое за такого сотрудника, побольше бы таких отзывчивых.Теперь я больше доверяю банку ВТБ.",5,
76,Натали,https://avatars.mds.yandex.net/get-yapic/68143/3rTDT14FjYDTIqLk4oJxD6wrBVQ-1/islands-68,2020-03-12 09:05:00,"Изначально обслуживались в Банке Москвы, потом, соответственно, перешли в ВТБ, так как Банк Москвы стал его частью. За все годы, а это уже практически 10 лет, наше ООО обслуживается в данном отделении. 
Ничего не могу сказать касаемо физ лиц, но сотрудники по юр лицам заслуживают похвалы! Компетентны, всегда помогут, дадут совет, стараются всеми силами решить любой вопрос. Лучшего отделения и персонала по работе с юридическими лицами я не встречала за всю свою коммерческую деятельность!! 
Спасибо!! И надеюсь, что наше сотрудничество продолжится в таком же положительном ключе и дальше!!",5,
77,Инкогнито 0224,,2023-04-10 17:28:33,"Всегда очередь. Даже если три человека, можно 2 часа потерять",3,"Сожалеем, что вынуждены были потратить ваше личное время на ожидание в очереди. Проведем необходимые мероприятия, которые позволят сократить очередь и более оперативно решать вопросы клиентов. Примите наши извинения."
78,Дмитрий Копылов,,2024-04-12 16:49:22,"Как приду , то очередь то банкомат закрыт -когда он необходим.",3,
79,Мария Л.,https://avatars.mds.yandex.net/get-yapic/6214067/UI2tkb8t9hk4sxibT02EuLhtNyA-1/islands-68,2022-04-01 10:50:54,"Очень медленное обслуживание! Сотрудники ходят туда сюда, и когда спрашиваешь, скоро ли они начнут принимать клиентов, игнорируют в ответ",1,
80,Елена Сошенкова,,2021-12-06 10:32:19,"Как всегда в ВТБ, сотрудников сидит 4 человека, пятый рядом, двое в телефонах, обслуживает один сотрудник. Что то надо с этим делать. В Сбербанке такого нет. Всё быстро и чётко.",1,
81,Влад Нурм,https://avatars.mds.yandex.net/get-yapic/39727/vvGT0eMXMUH88n4dXGCZxA0MKV8-1/islands-68,2020-08-23 10:12:24,"Уютно. Спокойно. Операторы внимательные. Пока здесь было отделение Банка Москвы, было хуже. Недостатки: маленькое отделение, нет толковой стоянки, банкоматы внутри офиса и не работают 7/24. Но за последнее время впечатления только положительные.",4,"Благодарим Вас за подробный комментарий и высокую оценку нашей работе. Ваши замечания обязательно учтем в ходе реализации мер, направленных на повышение качества обслуживания. Рады, что Вы являетесь нашим клиентом, мы это действительно ценим!"
82,Александр Неплюев,,2023-03-24 14:43:50,Самый надежный и безопасный банк в районе.,5,"Александр, спасибо за доверие 🤗 Приходите к нам почаще 👍"
83,Egor Puskarev,https://avatars.mds.yandex.net/get-yapic/65952/dy9HYvC214vP59TwoW1KlG7gSnU-1/islands-68,2022-12-24 08:47:24,"Нет смысла пользоватся этим банком,карт нет только касса да старый банкоматы.",4,"Поверьте, мы стремимся быть лучше. Обратная связь нам помогает понять наши проблемы и принять меры для улучшения сервиса и обслуживания. Благодарим Вас за отзыв."
84,Роман Мор-ков,https://avatars.mds.yandex.net/get-yapic/47747/enc-e8eecda856318ca0310e2f03965dfa059bb5612c4bc4f610ccf44ce7f35f2735/islands-68,2024-02-20 16:11:57,Хорошо...! Продукты сами выбирайте,4,Благодарим за высокую оценку нашей работы!
85,Катков В.,,2021-09-19 11:41:48,"Прошу отметить благодарностью Казакову Анастасию за высокий профессионализм, компетентность благожилительное отношение к клиентам банка.",5,
86,"Мы другие, с нами Знание...",https://avatars.mds.yandex.net/get-yapic/43473/P5kWnPMF6XTFh0rFje1f1xTuNg-1/islands-68,2022-08-17 17:30:44,Сонные сотрудницы там работают которые не сильно заинтересованны в клиентах. Больше туда не зайду,1,"Благодарим Вас за отзыв. Нам очень важно знать Ваше мнение. Мы стремимся к тому, чтобы быть лучше. Проведем работу в целях улучшения качества обслуживания."
87,Саша Ф.,https://avatars.mds.yandex.net/get-yapic/30061/3so9gRBG6oHycKF5zhIMHRvD3Q0-1/islands-68,2020-08-29 07:43:49,"Был в офисе получал зарплатную карту , огромное спасибо сотруднице Елене , всё быстро и четко !!Никаких нареканий))Обезательно приду за кредитом так как процент ниже чем в других банках))",5,
88,Milena Fox,https://avatars.mds.yandex.net/get-yapic/49368/8ICyxlyNsPjaE7JuTeYWjJactmE-1/islands-68,2021-09-23 14:02:16,"Пришлось отсидеть в очереди целый час,из 5 окон работают только два,очень 
медленно работают сотрудники обслуживают клиентов от 30 минут,лучше выбрать другое отделение.",2,
89,Сергей Р.,,2022-03-12 12:54:45,"12.03.2022. Работает три окна, из которых одно - касса. В талоне ""перед вами 18 человек "", отделение битком, человек 20+.",1,"Благодарим за подробное описание ситуации, выясним причины такого построения графика работы сотрудников и проведем работу для ускорения обслуживания."
90,Степан,https://avatars.mds.yandex.net/get-yapic/30955/a1r8kNihF0IOiDDHJbHNbwODgA-1/islands-68,2023-01-26 05:26:26,Маленький офис ВТБ. На территорию заехать нельзя. Платный паркинг только на прилегающих улицах - 40 рублей в час. Есть Привилегия.,5,"Степан, благодарим за обратную связь. Примем к сведению ваши замечания. Хотим отметить, что Банк не предоставляет места для парковки."
91,Михаил Донских,,2022-02-13 13:00:46,Отлично. Хорошее обслуживание. Адекватные сотрудники.,5,
92,Давид Д.,,2020-08-29 16:46:30,"Удивлён негативным отзывам. на днях получал карту, сотрудник все грамотно объяснила, помогла активировать карту, второй сотрудник помог установить приложение. Само приложение очень удобное, и пользоваться им очень комфортно.",5,
93,Татьяна К.,,2020-08-13 19:28:10,"Отличный офис. Сотрудница посоветовала мне сменить опцию по мультикарте на более выгодную, осталась давольная. Спасибо, что есть клиентоориентированные сотрудники. Надеюсь, она и вам поможет в этом офисе.",5,
94,Денис Натейкин,https://avatars.mds.yandex.net/get-yapic/30955/0QMxEfaiYq8UYMzU0vSBMictQYo-1/islands-68,2023-03-10 09:17:28,Большие очереди. Работает 2 окна из 3,3,"Денис, поверьте, мы всегда стремимся быть лучше. Действительно, вопрос очереди требует незамедлительного решения. Нам важно, чтобы каждый клиент мог решать вопросы без длительного ожидания. Продолжим работу в данном направлении. Надеемся, что в дальнейшем мы не заставим вас ждать."
95,Soob13,,2023-03-21 11:30:03,Обслуживание очень сильно страдает,1,"Благодарим вас за отзыв. Нам очень важно знать ваше мнение. Мы стремимся к тому, чтобы быть лучше. Проведем работу в целях улучшения качества обслуживания."
96,Роман З.,https://avatars.mds.yandex.net/get-yapic/49368/enc-1927580a2182b1995e5e7cc8819bfaccba4656e16369ebe8f015796efbbde669/islands-68,2021-05-29 09:58:44,"Сегодня снял в банкомате другого банка 2000 рублей, на экране было предупреждение о возможной коммисии до 5%, после снятия в чеке коммисия 0 руб. Захожу в ВТБ онлайн 300 рублей сняли сверху за это",1,
97,Серёжа,https://avatars.mds.yandex.net/get-yapic/45566/rSbuShVj8OnlMO3NTewd0Dpc-1/islands-68,2023-08-07 18:03:59,Отношение к клиентам,5,"Спасибо, нам очень приятно получать обратную связь 👌 Приезжайте ещё!"
98,Евгений,,2022-08-26 09:46:35,"Снимал в банкомате средства, все отлично",5,"Очень приятно получить такую высокую оценку, спасибо 😊"
99,Михаил Хмелевский,,2021-10-16 09:44:18,"К сотрудникам или офису вопросов нет, обслуживание на уровне. Но отделение явно перегружено, приходится ждать и стоять в очереди.",4,
100,Водолазова Жанна Михайловна,https://avatars.mds.yandex.net/get-yapic/48449/SUpqEhNMOwjIMAPzXdBIhSqyEA-1/islands-68,2021-08-30 09:08:31,Отличные специалисты. Оперативно и профессионально работают.,5,
101,Yulia Abusokhon,https://avatars.mds.yandex.net/get-yapic/47747/f6AthBehkVOAqliYBKv1axx4-1573151155/islands-68,2021-06-09 23:47:53,"Где отдел безопасности , мошенники дают номер карты втб, звоню сообщить об мошенниках , а мне ответ , у нас нет отдела безопасности ! Ну крутой банк",1,"Юлия, в Банке конечно же есть служба безопасности. Ваш отзыв мы не оставим без внимания, хотим провести анализ и исключить такие ситуации в дальнейшем. Напишите нам на адрес электронной почты SMedia@vtb.ru номер карты, которую вам передали мошенники, а также номер телефона, с которого звонили, и дату звонка В теме письма просим указать «Яндекс. ул. Свободы, 13/2с1А, Москва, 10.06.21». Передадим коллегам в службу безопасности для анализа."
102,Лариса Локтишова,https://avatars.mds.yandex.net/get-yapic/56823/ez2rDar7IV4PGrJpdhYWUGYn6U-1/islands-68,2021-10-01 17:23:13,"Рядом с домом и уже хорошо.Ребятки приветливые, спасибо💕",5,
103,Михаил Ивакин,https://avatars.mds.yandex.net/get-yapic/59871/oUuAfdNs9Zh3sYvfoVsAF11aJY-1/islands-68,2023-06-09 17:16:43,Нормальный банк,5,"Благодарим за обратную связь! Рады видеть, что вы оценили нас на 5 ⭐"
104,Зарина О.,,2021-11-25 14:34:08,Хорошее отделение. Сотрудники отзывчивые. Спасибо 👍🏻,5,
105,Алексей И.,,2020-11-07 11:04:25,"Сижу в этом недотделении уже полтора часа. Обслуживают каждого по часу, медленно. Душно, электронная очередь не работает. Без очереди берут обслуживать ""своих"", кто пришел за кредитом видимо... отвратительное отделение, отвратительная работа...",1,
106,Мария,https://avatars.mds.yandex.net/get-yapic/49368/enc-100f80b581cefbab6161ab73eb742fa189a3e3b823b7ad90659ebc4e770715c6/islands-68,2019-11-26 18:47:30,"Пришла смс от этого банка, что мне одобрена их мультикарта (я давнишний клиент). Оформление заняло 2 (!!!) часа... Разумеется, об этом не предупреждают - на время клиентов плевать же :) И что карта уже одобрена - ничего не значит, в отделении устраивается проверка, повторное заполнение данных... На мой вопрос будет ли обслуживание в ноябре бесплатным (целых 5 дней) обещали, что да, вот только уже в конце оформления почему-то пришлось заплатить 249 руб и почему-то именно наличными (повезло, что кошелек с собой взяла), а иначе с льготным периодом будет облом. Весь процесс сопровождался злорадными усмешками насчет долгов (!!!), навязыванием платных смс оповещений и защиты карты, периодической поправкой хвоста из грязных волос... Мерзкое ощущение от посещения этого отделения, притом не первый раз. Вобщем, ВТБ есть к чему стремиться - такого медленного обслуживания нет нигде, а сотрудники - обнять и плакать) При первой же возможности перекредитоваться с удовольствием расстанусь с этим банком :)",1,
107,sennikovv,,2022-12-18 17:25:08,Банкоматы работают только во время работы отделения. После закрытия доступа к банкоматам нет.,1,Спасибо за отзыв! Приняли во внимание.
108,Geruld,https://avatars.mds.yandex.net/get-yapic/30955/vbmIrnL7eCDmSKS7o3Y5Luzh3o-1/islands-68,2021-06-03 15:38:01,"Специалисты, быстро решают вопросы, улыбаются. Все понравилось, давно пользуюсь услугами банка ВТБ.",5,Спасибо за отзыв! Будем продолжать в том же духе 💪
109,Анна Рэрих,https://avatars.mds.yandex.net/get-yapic/65952/Wq21J6StBtT10LLwwDyzPimZJdU-1/islands-68,2021-07-03 09:30:28,"Очень приятный персонал, быстрое обслуживание, очереди нет))",5,
110,Николай,https://avatars.mds.yandex.net/get-yapic/45848/jfyUlnTM3TJ6vTXkb1Geih0Ka4k-1/islands-68,2022-02-08 13:09:24,Почти совсем нет народу. Парковка рядом платная (40р),5,"Рады видеть, что Вы оценили нас на 5 ⭐"
111,Денис Казаков,https://avatars.mds.yandex.net/get-yapic/28439/Ww18vuhYw1I1h4s1GVGMeMtimUg-1574417274/islands-68,2020-08-06 07:07:47,Очень понравилось быстрое и профессиональное обслуживание. Кредитную карту выдали буквально за 15 минут. Очень советую этот банк. Раньше был клиентом сбербанк это просто ужас.,5,
112,Евгений К.,https://avatars.mds.yandex.net/get-yapic/29310/R0viNZIHp6hnCgk7cWefrnI9qk-1/islands-68,2021-11-25 18:08:53,"Отличный офис. Всегда все чётко, оперативно, сотрудники знают своё дело.",5,
113,Иван Самойлов,https://avatars.mds.yandex.net/get-yapic/35885/zK29gwxsTX0FH2GCcmfVCFCnj4-1/islands-68,2020-09-22 10:17:46,"Это самое бестолковое отделение во всей Москве. За последние 4года, ничего не изменилось. Все очень медленно. Крайне долго и душно. Людей очень мало, а время обслуживания больше чем пол часа.",1,
114,Александр Арутюнов,https://avatars.mds.yandex.net/get-yapic/51169/0utRRKZfjljMyvzMKTCPNXDgkc-1/islands-68,2022-11-23 17:43:03,"Отлично,быстро",5,Довольные клиенты - наша лучшая награда. Благодарим за высокую оценку нашей работы.
115,Милашка,https://avatars.mds.yandex.net/get-yapic/24700/enc-9b386ef78d5599d168c42c38461ea5c2/islands-68,2022-06-22 06:02:26,Всегда куча народу. Медленно обслуживают,4,
116,Олег Бабкин,https://avatars.mds.yandex.net/get-yapic/61207/da0ojorKKIiaRr9NGEWdRad1HYY-1/islands-68,2023-03-19 12:47:04,Нужно и точка))),5,Спасибо за высокую оценку!
117,V T,,2021-04-11 12:11:08,"Позвонили из банка. Начали предлагать услуги. Когда я ответил, что меня не интересует ничего, начали оскорблять нецензурными словами. Звонок был в 15:00",1,
118,знаток,,2022-02-22 08:58:31,"Отвратительное отделение и банк в целом , при звонке на поддержку говорят одно , в отделении совершенно другое . Можно же работать по единым стандартам внутри банка (((",1,
119,Аркадий,,2019-10-06 19:43:27,"Являюсь клиентом банка уже несколько лет, как и физ.лицо, но и как юр.лицо. Был в нескольких отделениях, но этот лучший. Всегда решают все вопросы. Из минусов- бывают очереди в банке для физ. лиц, т.к. много клиентов.",5,
120,иван 251274 и.,,2020-09-02 06:30:44,Удобное расположение. Не бывает очередей. Оказали хорошую помощь. Спасибо!,5,
121,Серафима Ермакова,https://avatars.mds.yandex.net/get-yapic/21493/enc-9e651013ce475590e67a1f3f3ebdd41e/islands-68,2022-11-15 07:24:53,Всё прекрасно!,5,Спасибо за отзыв! Будем продолжать в том же духе 💪
122,Дима Зайцев,https://avatars.mds.yandex.net/get-yapic/36777/PtEoTek6fZ70VQkKHI6SaxBmJU-1/islands-68,2020-05-26 16:29:27,Здравствуйте сегодня был в 14:00 просто был в шоке во время карантина в помещении было человек 30-40 пожалуйста разберитесь с этой проблемой поставьте сотрудника что бы он следил поток и система дизенфеции рук текла!!!!,1,
123,Валерий Фиров,https://avatars.mds.yandex.net/get-yapic/31804/EwWLMq6QrpQk9aexfO0XaK5ufUU-1/islands-68,2021-08-06 13:41:39,Очень приятно посещать ! Все на уровне,5,
124,Ирина О.,,2018-12-15 12:22:04,"Почитала отзывы - в ужасе. Обслуживаюсь как юр.лицо тут уже год. Никаких проблем не возникало, по всем вопросам можно позвонить. Все расскажут, обьяснят без проблем... Банкоматов мало - это не качество обслуживания. Не знаю когда писались прошлые отзывы, год уже как всё в порядке у меня. Даже придраться не знаю к чему. Очередей нет в 1 половине дня. Приезжаю утром и всегда быстро!",5,
125,Георг Сорокин,https://avatars.mds.yandex.net/get-yapic/47747/TiGJkXqVuU04eBblFY7QsmNGF5Q-1/islands-68,2022-06-21 02:02:15,Обычный офис в здании администрации,4,
126,Андрей Кетов,https://avatars.mds.yandex.net/get-yapic/39249/IncnOcV4NtoI1n5NumNhA6THBYA-1/islands-68,2022-12-28 19:15:32,Отличный банк.,5,Спасибо за отзыв! Будем продолжать в том же духе 💪
127,Наталья,https://avatars.mds.yandex.net/get-yapic/28439/OmSK4Kai8AzruO7qwYiipZ34Y-1/islands-68,2021-06-30 20:04:59,"Медленно и печально. За счёт чего живёт этот банк мне не ясно, ничего личного и ничего лишнего....",3,
128,Nataliya Mitrokhina,,2022-03-26 09:35:09,"2 специалиста всего, народу тьма, очередь вообще не двигается. Самый отвратительный банк на сегодняшний день.",1,
129,Егор Рябинкин,https://avatars.mds.yandex.net/get-yapic/25817/RDIOjbbSvAsEPfiZYn75TBaCX0-1/islands-68,2023-05-30 07:53:07,Норм тема,5,"Егор, спасибо за 5 ⭐"
130,Евгений Батушев,https://avatars.mds.yandex.net/get-yapic/21377/enc-29adb22ed1eaf6004a32b50dc191365aea4164df66245418d988e4a39b5f57f2/islands-68,2021-12-29 10:48:30,Передо мной почти никого небыло просидел в очереди полтора часа.,2,
131,Дмитрий К.,,2020-07-18 10:46:04,"Поставил бы -1, к сожалению такой оценки нет. Обслуживался в банке с 2007 г., этим летом закрою расчетный счет. С приходом группы ВТБ , все изменилось в худшую сторону. Обратной связи никакой.Просто интернет банк.",1,
132,Михаил Богданов,https://avatars.mds.yandex.net/get-yapic/65952/Jnw0DAXdqcNR7hAPGtaNeWXfjxE-1/islands-68,2020-05-17 09:07:30,"Операционист умудрился в платежке допустить аж 3 ошибки, перепроверял его /ее несколько раз. Платеж был больше трехсотен. На мое раздражение она только улыбалась...никаких извинений и подавно... Ни ногой в этот банк.",2,
133,Денис Андреевич,,2022-09-14 16:50:39,Банкомат без очередей,5,"Рады видеть, что Вы оценили нас на 5 ⭐"
134,Константин,https://avatars.mds.yandex.net/get-yapic/49368/qOhlXV7xTh0vlaNnzDzoyowk5k-1/islands-68,2020-09-22 12:20:38,Очень медленное обслуживание. 30 минут нужно ждать очереди. Либо сложные бизнес-процессы обслуживания либо нерасторопные сотрудники,2,
135,Анонимный отзыв,,2020-11-07 10:34:44,"Электронная очередь не работает. Обслуживают 2 окна, на данный момент 8 человек в очереди. Из-за этого обслуживание каждого человека очень долгое. Если вам надо в это отделение - готовьтесь выбросить 1-2 часа ради элементарного вопроса.",1,
136,Алексеев Алексей,https://avatars.mds.yandex.net/get-yapic/62162/n545QItdxGiFTGXLiWVeTqrlO0-1/islands-68,2023-01-13 16:36:27,Банк супер.,5,"Спасибо, рады стараться 😃"
137,Мск Репетиторы,https://avatars.mds.yandex.net/get-yapic/21493/enc-1791eedd3e379262c13b70a6fbae7190b258976f2c3ad874aa76c9afbae08952/islands-68,2019-09-13 06:34:07,"Пришел в 9 утра 13.09.2019 забрать зарплатную карту: ничего не работает, компьютеры загружаются по 10 минут, принтеры не печатают. Сотрудника, который выдает карты, нет. Электронная очередь не работает. В итоге потратил полчаса на получение готовой (!!!) карты! И это я был первый в очереди...",1,
138,Вячеслав Продажа,,2022-08-21 19:42:21,Платежи не принимают,3,"Поверьте, мы стремимся быть лучше. Обратная связь нам помогает понять наши проблемы и принять меры для улучшения сервиса и обслуживания. Благодарим Вас за отзыв."
139,SL,https://avatars.mds.yandex.net/get-yapic/25817/r4Y3k0QgCq5OKOp63eoQU2q0Edw-1/islands-68,2022-01-16 06:23:35,"Летом духота дикая,зимой не продохнуть,постоянные толпы и мало места.
Иногда сотрудники не одевают маску.",2,
140,Христина Коршунова,,2021-07-23 13:02:21,"Сотрудники в офисе ул свободы ничего не знают, пришлось закрыть вклады.",1,
141,EGBond,https://avatars.mds.yandex.net/get-yapic/21377/enc-2e578a08936318a22a94a8e13af604bc4a1d83d40d3579984c38a1f9e4ccfe5a/islands-68,2019-07-26 15:50:38,"Банк когда-то был неплохой, но потом операторы стали слишком чванливые. Несмотря на то, что этот банк мне более удобен, пришлось перенести вклады в другой банк...",4,
142,Ольга Т.,,2018-11-12 13:03:50,"Ужасное отделение!
Специалисты сидят и хохочут, разговаривая о своих девичьих проблемках, при этом полный зал клиентов. Отвратительная база данных в которой они работают, постоянно виснет, а они в это время хохочут. Для обновления паспортных данных клиента необходимо 40 минут времени. И эта проблема хроническая, примерно года два назад ситуация была примерно такая же",1,
143,Нелли Т.,,2020-09-01 10:21:46,"Хороший офис, приятные и приветливые сотрудники!",5,
144,Лола С.,https://avatars.mds.yandex.net/get-yapic/51169/enc-18459670345a2175e2aae6d6179e58e2e237afe69d3df318163b4904bec43b84/islands-68,2020-09-01 17:12:30,"Отличный офис, сотрудники хорошо разбираются в своём деле.",5,
145,Григорий М.,https://avatars.mds.yandex.net/get-yapic/30955/Bxhul9wYfmxs6nwQSXE6vD9Py54-1/islands-68,2020-08-12 13:34:22,Аккуратнее с подписанием формы w8! Подсовывают платный вариант для внебиржевого рынка.,3,
146,Анна,,2021-09-28 12:18:53,персонал не умеет объяснять банальные вещи,1,
147,Наталья Б.,https://avatars.mds.yandex.net/get-yapic/39803/hciHJo2EqdmYAvjnyFtKLPbhE-1/islands-68,2021-08-14 12:26:03,Все быстро и удобно!,5,
148,Максим Обыграйкин,,2019-10-24 06:53:23,"Я думал, что все отделения ВТБ примерно одинаковые, но тут видимо давно не делали ремонт. Сотрудники вежливые и достаточно расторопные.",3,
149,Федя Кастро.,https://avatars.mds.yandex.net/get-yapic/27274/BulThHWleSWVXeFJ9NXQFkdIE1k-1/islands-68,2022-05-15 17:44:00,Я доверяю ВТБ!,5,"Спасибо, рады стараться 😃"
150,Елена Мехтиева,https://avatars.mds.yandex.net/get-yapic/27274/enc-5fb7dff76a3eeda9bbd56b6d299554db817701d243dbcfc32e41a22d2b4f3a27/islands-68,2019-09-26 11:49:15,"Отвратительный банк! Сидят только два сотрудника в окошках, естественно медленное обслуживание! Ждать свою очередь из 3х человек , пришлось 45 мин! Ужас !",1,
151,Dr. J.K.,,2022-05-16 06:11:36,"Отделение закрыто. Не тратьте время, ищите сразу другое.",1,"Отделение открыто и работает по графику Пн-Пт 10:00-19:00
Сб 10:00-17:00."
152,Александр Ющенко,,2021-07-24 11:25:10,"Понравилось обслуживание, вежливые менеджеры!",5,
153,Кирилл Ф,https://avatars.mds.yandex.net/get-yapic/43978/wXOS48ZEQO4TbOD2ecYsEojjaY-1/islands-68,2022-01-04 11:17:41,Лучшее отделение,5,"Спасибо, рады стараться 😃"
154,Илья,https://avatars.mds.yandex.net/get-yapic/26057/enc-7097a16b7dc61f6754e803410da0e4b6ba08c98141b568115898ec6baa71854f/islands-68,2021-02-17 11:07:21,Худшее обслуживание и представить сложно,1,
155,Ася,https://avatars.mds.yandex.net/get-yapic/57243/JvvEkmLMHWMZwOkABiYqJNkIbBE-1/islands-68,2019-11-28 09:14:11,"Хорошо работают ребята. и даже если моя очередь подошда за 5 мин до закрытия, все равно обслужат",5,
156,Дмитрий Р.,https://avatars.mds.yandex.net/get-yapic/40138/qV3ADywQSCHQdMIp54cDLspa6DY-1/islands-68,2019-05-25 07:28:58,"В очередной раз менеджеры хамят. В этот раз миронычева Елена Андреевна. 
Вот поэтому я сегодня и закрыл счёт в этом банке.",1,
157,Юрий Ш.,https://avatars.mds.yandex.net/get-yapic/40841/enc-5a5e92a029aaca9fa273f94fcb0bfd376d0528739b22e3eae26b73f849adfafa/islands-68,2018-07-27 07:42:50,"Ждать приходится по 2 часа, каждый раз!Процент за перевод 3900 составил 1000! Тагого грабежа я не видел ни в одном банке.Пока считаю ВТБ худшим банком с которым я работал!Думаю перевести оттуда счет.",1,
158,Наталия М.,https://avatars.mds.yandex.net/get-yapic/43978/ZvcUMNa84hz2X1JMOgR8ZnigXU-1/islands-68,2018-03-21 10:10:55,"Приезжала 2 раза. Очередь огромная. Не кто не модет обьяснить как подтверждать личность в гос услугах. Не успела взять талон как мне сказал персонал что я зря это делаю ожидание больше часа. Время пугать очередью есть, а помочь взять талон нету.",1,
159,кука-нина,https://avatars.mds.yandex.net/get-yapic/20706/enc-af39d39e52c126724709de95a3bddbea/islands-68,2020-03-20 21:25:44,"Всегда приходится долго ждать, не всегда вежливый персонал.",3,
160,Дмитрий Поляков,https://avatars.mds.yandex.net/get-yapic/61207/gjPSOzzclMRUdLY7BAG0CPKDqmY-1/islands-68,2020-06-11 13:50:46,"Персонала много, толку мало. Медленно обслуживают клиентов.",2,
161,Алекс Петров,https://avatars.mds.yandex.net/get-yapic/39803/enc-4263f810f67644cc4b0fe01a54a2b996afb5925b8ab7277798188b76d48dd1e0/islands-68,2020-07-31 01:52:21,Быстро хорошо обслуживание,5,
162,Тома,,2020-09-24 19:26:12,"Очень долго приходится ждать очередъ! Не однократно уходила, так и не дождавшись вызова по талону!",5,
163,Игорь Вахромеев,https://avatars.mds.yandex.net/get-yapic/29310/6xazIwlVSZe5VjcMPZh49i2uAbw-1/islands-68,2018-04-20 07:23:12,"Несколько раз посещал этот дополнительный офис. Вне зависимости от кол-ва клиентов, сотрудников 1-2 занимается их обслуживанием. На 1 клиента уходило на обслуживание от 15 минут.",1,
164,А,,2019-03-05 16:03:50,"Стою уже час, перед мной 4 человека указано в чеке... клиентов отпускают и сами сотрудники уходят... не ногой сюда больше...",1,
165,Валерий Ф.,https://avatars.mds.yandex.net/get-yapic/39803/enc-5e514e955a1fde4ca3ff7ed68497bcf78133ef1fd20c27b5b554f867e2e80e9d/islands-68,2020-06-14 12:05:30,Очень приятное отношение !!!,5,
166,Анонимный отзыв,,2020-01-10 08:30:50,"Отличный банк.
Профессиональные сотрудники.",5,
167,Илья С.,,2019-10-19 10:11:54,"Очень большое время ожидания очереди, сотрудники очень медлительные...",3,
168,Александр Климанский,https://avatars.mds.yandex.net/get-yapic/27503/HbDGmbv9h5fKwJamUscB4I6ziE-1/islands-68,2020-06-05 13:36:56,"Обычный госбанк, лучше не иметь дел с ними.",3,
169,Trent,https://avatars.mds.yandex.net/get-yapic/21377/enc-f7e750291dacf3ac4b6582e794841a718983ea4af2bfa8955c77a02ebd74b280/islands-68,2018-12-27 11:16:11,"Я потерял там 40 минут и так и не смог сделать вклад, так как кассир тупо ушла обедать, никто об этом не предупредил, внимания к клиентам просто ноль, сотрудники не стесняясь пациентов спрашивают друг у друга:. ""а как ты это сделала а я не смогла"" Абсолютно непрофессиональная работа",1,
170,Ника,https://avatars.mds.yandex.net/get-yapic/58107/6gNuMFKU9umOQ70639R5RJ3dcg-1/islands-68,2020-04-05 11:10:54,Один нормальный консультант На все отделение,3,
171,Ольга Р.,https://avatars.mds.yandex.net/get-yapic/51381/enc-884c8ee6c18775c59b623bb6165589bf5a47f75abc92da32e23e931e397dfb5e/islands-68,2019-05-15 08:36:16,..всегда доброе обслуживание и добрые эмоции от посещения,5,
172,Marko Dasvel,,2020-06-20 13:16:38,Все долго и не расторопно! Ужасный банк,1,
173,Руслан Боциев,,2018-03-06 16:00:49,Ужасное отвратительное качество обслуживания клиентов намерено вводят в заблуждение тупо из-за лени ссылаясь что операция невозможна посетителей такое ощущение словно пришёл в дом к специалисту и что-то от него требуешь,1,
174,Александр Шац,https://avatars.mds.yandex.net/get-yapic/29310/enc-d1f1c4bbc560f039737ea03e79f7f8f103cf43130a85b9770af77f6c8eef12cf/islands-68,2019-10-28 10:26:02,Пусто в будни но нет возможности присесть на приеме нет стульев,2,
175,Дмитрий Захаров,https://avatars.mds.yandex.net/get-yapic/45131/Wv1miiElXfoG4BNrxdLUI80jFc-1/islands-68,2021-04-06 08:41:27,в целом не плохо,4,
176,Николай,https://avatars.mds.yandex.net/get-yapic/27503/hnhGoMkcmIcnqe2EdslWkibsg-1/islands-68,2019-05-10 14:45:37,"По выходным банк и банкомат не работают, а информации нет! Будьте внимательны.!",4,
177,WA,,2018-04-22 12:25:55,"Очень большое время ожидания. Хоть в субботу, хоть в будний день. Будьте готовы долго ждать. Очень долго ждать!",2,
178,aborigen77,https://avatars.mds.yandex.net/get-yapic/30431/enc-72d830a27612bdab92428bebfc3b68e4f24874f4dc922b4eb50b455107676f1a/islands-68,2020-05-19 12:06:04,Время обслуживания велико. Долго.,2,
179,Александр Чевычелов,,2020-04-04 19:50:57,"Все как обычно,бывают авралы у всех",4,
180,дима к.,,2018-06-25 10:11:03,Ужасное отделение я сидел 2часа чтобы получить зарплатную карту так и не получил!!!!можно потерять весь день,1,
181,евгения кулакова,,2019-10-16 14:32:43,"постоянные очереди,дозвониться невозможно,нет паркочных мест",3,
182,Максим Дорошенко,https://avatars.mds.yandex.net/get-yapic/49368/7fk3gTU7xS6SYwYS5psgkW5wNCE-1/islands-68,2018-04-23 13:26:38,"Обслуживают только ""своих"" клиентов, клиентов их данного отделения. По любым другим вопросам отправляют в Москва-Сити",2,
183,Ханна,https://avatars.mds.yandex.net/get-yapic/36689/RRCEJ0gQiEwODXIJqRCMQ3Hu8-1/islands-68,2021-11-06 13:10:36,Долгое ожидание.,4,
184,владимир вдовин,https://avatars.mds.yandex.net/get-yapic/43473/zAGlr3NS2Lg7Zc2JWtB73PT01Ts-1/islands-68,2019-08-18 13:55:44,Банк в моем доме.но всегда долгое обслуживание,4,
185,Игорь Серебряков,https://avatars.mds.yandex.net/get-yapic/50595/Fbta4yLOd1JrPZ2ojnrTBoZ710-1/islands-68,2019-12-04 19:05:37,Нет очереди. Вежливый персонал,5,
186,Илья Репич,https://avatars.mds.yandex.net/get-yapic/38135/enc-dfb6d6742afc5c782fc4bef03a3c10df9b3698e0e1ceeb12ac7b0858b885f617/islands-68,2019-08-25 18:09:42,"Банкомат убрали,теперь после 20.00 не воспользуешся",3,
187,Kzot,,2020-01-26 16:59:46,Дружелюбный персонал. Очереди совсем маленькие. Да и ждать долго не приходится,5,
188,Виктор Д.,https://avatars.mds.yandex.net/get-yapic/27503/Tu3sPhQPqbz8BTort5AX2mCDi7k-1/islands-68,2019-12-26 09:31:11,Очень внимательный персонал,5,
189,Михаил Коданёв,https://avatars.mds.yandex.net/get-yapic/49368/enc-77b54b0d0d7fb49c16d57905b2a75de72b5cd92195de424459b3bfd2600763ea/islands-68,2020-02-22 17:56:00,Слишком много ненужных де,3,
190,Анонимный отзыв,,2019-12-05 10:22:21,Лучше туда не ходить!!!,1,
191,Елена Кузнецова,,2019-08-30 11:39:45,Очень медленно обслуживают клиентов,4,
192,mr-umyarov,,2018-09-21 13:36:27,дикое отделение. минут по 40 на человека.,1,
193,Наталья,,2019-10-29 20:36:47,Безразличие сотрудников.,3,
194,Илья Ч.,https://avatars.mds.yandex.net/get-yapic/30431/CxpEX9mqf4v3EUr1mRLqiFsELY-1/islands-68,2019-09-27 03:53:33,Отличное место,5,
195,Ратиборец,https://avatars.mds.yandex.net/get-yapic/59871/enc-a7e3477668c925be0a6a7802522b118db1bd4376f0ac076bd61cae99bbe4b259/islands-68,2018-04-26 12:43:13,"Очереди большие, мало банкоматов.",3,
