,name,icon_href,date,text,stars,answer
0,Вера Соболева,https://avatars.mds.yandex.net/get-yapic/34189/ViVss2RM6eDWA8nwKPHLkXnE0Kw-1/islands-68,2023-06-26 13:08:39,"Была там не давно, знаете мое отношение изменилось, меня обслуживала Альбина- брюнетка. Очень вежливая была и внимательная, старалась максимально убрать весь негатив, полученный от её сотрудников. И рассказала и показала, без возмущений, грубостей и хамства как можно убрать будущие негативные стыки с её коллегами. Большое спасибо. Мое отношение к этому банку изменилось.",4,"Вера, спасибо, что уделили время и оставили отзыв. Конечно, нам приятно видеть, что помощь нашего сотрудника вызвала у вас исключительно положительные эмоции 👍"
1,елена маринович,,2024-04-12 13:53:19,"нужна была выписка по карте за год, смогли распечатать только за 23 год, почему - не обяснили. на горячей линии банка посоветовали походить по городу и поискать отделение, где смогут дать выписку за 2024 год!",1,
2,4SK20Y,https://avatars.mds.yandex.net/get-yapic/28053/enc-902a8b9c9a91b36a159d05ff02a8094d322eb2b544f89cb386d6a2b52176f873/islands-68,2023-07-10 16:55:46,"Очень отзывчивые сотрудники, помогли решить вопрос быстро, очереди не было, я остался доволен визитом, конечно отделение далековато от метро, но в целом приемлимо",5,"Огромное спасибо за приятный отклик 💛 Рады, что смогли помочь в решении вопроса 😉"
3,Александр Балябочкин,https://avatars.mds.yandex.net/get-yapic/23186/iuUK8DtloWgoJjnPcowzg7LWQ-1/islands-68,2022-12-16 13:23:27,"Удобное расположение офиса и банкоматов. Отдельно хочу остановиться на персонале этого отделения. Несколько раз обращался в это отделение по вопросам звонков мошенников, причём указал номера с которых мне приходили звонки, в ответ мне лишь предложили в приложении ВТБ на телефоне пожаловаться в чат-бот. Номера мошенников не взяли, в службу безопасности не сообщили, заявление писать сказали бесполезно, лишь отмахнулись фразами которые написал выше. Так себе персонал!",2,"Благодарим вас за отзыв. Нам очень важно знать ваше мнение. Мы стремимся к тому, чтобы быть лучше. Проведем работу в целях улучшения качества обслуживания."
4,Василий,https://avatars.mds.yandex.net/get-yapic/65952/YHVaRNgaFTvX1IzlVmSMt8dSGsU-1/islands-68,2023-07-23 13:06:08,"Втб-банк хороший. У меня нет слов, всегда им пользуюсь, всегда уважения улыбаются, отвечают на вопросы, сразу не задумываюсь. Даже думается, как будто они знают, что я должен сказать, какой вопрос задать. Спасибо.",5,"Здравствуйте!
Очень приятно получить такую высокую оценку нашей работы, спасибо 😊"
5,Родзенский Эдуард,https://avatars.mds.yandex.net/get-yapic/30955/SJJI2QUB3SnyhLt8vSBsaQltFk-1/islands-68,2022-05-16 22:54:02,"Мне очень нравится это отделение банка ВТБ. Во первых оно не очень большое, там не бывает много посетителей. Работает и с юридическими лицами и физическими лицами. Есть отделение «привилегия», есть банковские ячейки. Персонал отличный, ну или мне попадался только такой), все мои вопросы решались быстро и оперативно. В самом отделении очень уютно. Парковка есть только со стороны набережной (дублёр), при подъеме, на садовое кольцо, около госучреждения.",5,"Спасибо вам, очень приятно получать обратную связь 🙏👌 Приезжайте ещё 💛"
6,Александр З,https://avatars.mds.yandex.net/get-yapic/30061/eyhDh8y6YiEI3t8seHHvJpTR0-1/islands-68,2023-01-25 12:18:17,"Отличное отделение банка ВТБ. Сотрудники работают очень профессионально, всегда помогут выбрать правильное решение. Обслуживаюсь в этом отделении постоянно.",5,"Спасибо вам, очень приятно получать обратную связь 🙏👌 Приезжайте ещё 💛"
7,Евгений,,2023-03-14 12:45:15,"Отделение удобное. Но есть но!!! Пустой офис передо мной 1 чел, сотрудников человек 8 перемещаются по офису. Просидел минут 10, принимать никто не собирался, плюнул на все ушел. Поищите в следующий раз меня, а то в личном кабинете просят обратиться в ближайшее отделение банка для сверки документов, больше не пойду к вам.",2,"Евгений, благодарим за отзыв. Обязательно выясним причины такого построения графика работы сотрудников и проведем работу для ускорения обслуживания, а также для повышения комфортности. Надеемся, что при следующем визите вы заметите наши изменения."
8,Zarina Mamedowa,https://avatars.mds.yandex.net/get-yapic/53031/enc-192e3ee5a4c0b387d3ec6003e32bd5af5a7b24019d653af4276caaa1fa2e768b/islands-68,2023-03-14 12:43:12,"Банк расположен очень удобно...Быстрое обслуживание, вежливое отношение к клиентам...",5,"Зарина, спасибо, мы рады стараться 😃"
9,Александр Аксянов,https://avatars.mds.yandex.net/get-yapic/57243/kAYivAUguFfKCnu8lFaBwwuteg-1/islands-68,2023-02-14 10:57:31,"Людей нет, и сотрудников тоже, грубят, когда спрашиваешь, через сколько смогут принять(""такие все умные""), очереди нет ( перед вами 0 человек) посылают то в одну часть зала, то в другую, приняли, когда стал фотографировать)",1,"Благодарим вас за отзыв. Нам очень важно знать ваше мнение. Мы стремимся к тому, чтобы быть лучше. Проведем работу в целях улучшения качества обслуживания."
10,Топчубаев Шаршен,,2023-12-03 16:34:37,"Не мог подъехать близко ,рядом не одной парковки",1,"Благодарим за обратную связь. Сожалеем, что данное обстоятельство стало причиной такой низкой оценки. Замечание приняли к сведению."
11,Александр Е.,https://avatars.mds.yandex.net/get-yapic/43978/4SECjFNz2ktoWpAcehCHpphoPW0-1/islands-68,2023-10-16 13:37:11,"Отличный банк, отличный персонао. Всегда готовы помочь..",4,"Спасибо вам, очень приятно получать обратную связь 🙏👌 Приезжайте ещё 💛"
12,Виталий Болдовский,https://avatars.mds.yandex.net/get-yapic/26311/a5Pc0XN45Is4o3LhYQ8AKRuDsk-1/islands-68,2021-08-07 09:40:44,"Обратился к менеджеру банка с просьбой расчитать кредит.
Что понравилось:
Вежливый менеджер;
Удобные места для ожидания. 
Что не понравилось:
Время ожидания (очень долго);
Менеджер не предложил ознакомиться с кредитным договором;
Настойчиво прелагал страховку;
После направления заявки в андерайтинг, менеджер сообщил, что кредит не одобрили, потому что отказался от страховки. При этом, в приложении банка в онлайн банк кредит на тех же условиях был одобрен без страховки.
После визита в банк сложилось стойкое мнение, что сотрудники банка заинтересованы в оформлении дополнительных услуг, поэтому их навязывают и идут на о кровенный обман потенциального клиента. 
Не советую обращаться в данный филиал за какими либо услугами, если не готовы оформить дополнительные и ненужные Вам услуги.",1,
13,Александр Необердин,,2023-05-26 06:14:58,"Хорошее отделение, на входе расположены круглосуточные банкоматы. Парковки нет, поэтому людей мало и очень удобно снимать и класть большие суммы - никто не дышит в затылок и не завидует)))",5,"Александр, рады, что вам нравится у нас. Приходите почаще 😃"
14,Дарья,https://avatars.mds.yandex.net/get-yapic/51381/VFbv7W7X8nHlETC2RSzdqGwjRE-1/islands-68,2022-05-19 11:44:27,"Крайне недружелюбные сотрудники. Кассир, к которой направила менеджер, рявкнула ""вообще -то у меня перерыв"". Потом всё-таки согласилась принять деньги, но довольно странное поведение, учитывая, что это единственная работающая касса в банке. Всё происходит очень медленно, менеджер не знала, как провести в системе простейшую операцию - положить деньги на счёт, пришлось обращаться к другому сотруднику.",1,"Мы сожалеем, что обслуживание в нашем офисе доставило вам неудобства. Мы обязательно проведем проверку ситуации из вашего отзыва и организуем встречу с руководителем офиса и сотрудниками, на которой обсудим вопросы повышения качества обслуживания клиентов. Примите наши извинения за доставленные неудобства, исправимся 👌"
15,Алексей Аверьянов,https://avatars.mds.yandex.net/get-yapic/45566/Resx3Rd0RxZJw9u75hnrgqJMHlQ-1/islands-68,2023-10-31 20:51:47,"Банк, который всегда тебя обманет",1,"Расскажите, пожалуйста, подробнее, что стало причиной такого мнения о нашем Банке. Не оставим без внимания и во всем разберёмся 👌"
16,Анна Тарханова,https://avatars.mds.yandex.net/get-yapic/21493/enc-05d9f80a17b5ac8ad536cbea87a8d87098eee9008467e0d4eb455d6405be2647/islands-68,2021-12-17 12:35:01,"Ждать не пришлось. Специалист принял сразу же после взятия талона. Причина обращения в банк - выдача наличными крупной суммы, причем мой счёт ВТБ открыт в дальнем регионе страны, в Москве ранее в банке не обслуживалась. Кто с таким сталкивался, тот знает, что это морока. Но мой вопрос был решен практически мгновенно (даже с учётом того, что мой родной банк уже спал в это время). Деньги были выданы в тот день и время, когда мне было нужно. Респект. Вы лучшие😘",5,Спасибо за такие приятные слова. Всегда Вам рады помочь 💪
17,Маша Вавилова,https://avatars.mds.yandex.net/get-yapic/44850/1JB7V2GIMq79OehEm0ozELol74-1/islands-68,2022-07-14 08:39:05,"Вот говорят обслуживание быстрое, ну видимо я в не особо удачный момент пришла. Ждала полтора часа пока обслужат, так ещё и сотрудник притормаживал.",4,"Сожалеем, что вынуждены были потратить ваше личное время на ожидание в очереди. Примем меры и исправимся 💪"
18,Валерия Г.,,2020-06-24 13:16:58,Очень профессиональные сотрудники! обращаюсь в это отделение очень часто - мои вопросы решаются быстро и качественно! Особенно можно отметить клиентоориентированность сотрудников и индивидуальный подход к каждому клиенту! Однозначно рекомендую это отделение банка ВТБ!,5,
19,Кирилл Нехаев,,2023-11-28 17:07:29,"Класс, что надо",5,"Рады видеть, что вы оценили нас на 5 ⭐"
20,вера б.,,2023-01-22 14:20:56,"Все очень хорошо, только ннмного долековато от дома",5,"Рады видеть, что Вы оценили нас на 5 ⭐"
21,Инкогнито 8082,,2024-01-24 15:54:57,Хороший офис,5,"Рады видеть, что вы оценили нас на 5 ⭐"
22,ирина ирина,,2021-06-10 15:19:31,"Лучший. Много лет уже там обслуживаюсь . Напрягает только отсутствие Парковки , но обслуживание и операции проводятся моментально. Лучший ! Сбербанку от Вас ну очень ещё далеко 😀😅",5,"Рады видеть, что Вы оценили нас на 5 ⭐"
23,LUDMILA,,2022-10-19 11:36:24,"Хороший офис, очереди нет
Менеджер всё разжевала и помогла, спасибо ей",5,"Огромное спасибо за приятный отклик 💛 Рады, что смогли помочь в решение вопроса 😉"
24,Константин С.,,2020-06-24 10:09:06,"Отличное обслуживание в отделе «Привилегия». Всегда уютная атмосфера, нет очередей. Сотрудники всегда готовы предложить чай, кофе. Однозначно лучший клиентоориентированный офис, в котором я когда либо бывал.",5,
25,Dasya S.,,2022-09-26 15:51:09,"Очень долгое ожидание. Когда была, работало всего 2 окошка на прием клиентов ....полчаса принимали троих",2,"Согласимся с Вами, что длительного ожидания не должно быть. Мы стараемся решать вопросы оперативно. Обратим внимание руководителя на отсутствие сотрудников при наличие очереди. Примем меры для сокращения времени обслуживания."
26,Александр Б.,https://avatars.mds.yandex.net/get-yapic/61207/49RPqSBSnAFzGdZ5PIO2vny1zyc-1/islands-68,2021-09-09 10:21:43,Хорошее отделение. Из минусов нет парковки и далеко от метро. Операционистки относятся с пониманием. В целом молодцы. Звездочку не дотянули из за минусов которые описал выше.,4,
27,Михаил Д,https://avatars.mds.yandex.net/get-yapic/39803/kA3bDHohCQInTutwfwJs06sYaFM-1/islands-68,2023-02-03 17:06:50,"2 часа потерянного времени. По тлф одни условия в банке в 4 раза хуже, не репомендую",2,"Сожалеем, что у вас остались негативные впечатления от посещения отделения банка."
28,Кранч Дуров,https://avatars.mds.yandex.net/get-yapic/63032/oYZW0sgJIA45pL0J5P81GOVhPOo-1/islands-68,2021-02-20 06:59:25,"устроился работать в компанию, предложили несколько банков для выплаты зарплаты. выбрал ВТБ, как наиболее распространенный. В итоге озвучили на всю москву 5-6 адресов для получения карты. Это что за дребедень! Почему я не могу назвать ближайшее к себе отделение банка? В итоге, проживая в Черемушках, ближайшим ко мне оказалось отделение на Земляном, до которого от метро пешим ходом идти минут 15-20. Позор.",3,
29,Alexei Shabrov,https://avatars.mds.yandex.net/get-yapic/25817/OtMU5NFos962Bqc6juQzCczGdw-1/islands-68,2020-11-16 13:15:27,"В понедельник, 16.11.2020 года в 14:31, мной при посещении указанного дополнительного офиса, был взят талон H006. На талоне было указано, что передо мной в очереди 2 человека. Обслуживания я прождал около 40 минут. При этом в окнах 4-7 передо мной было обслужено более 2 человек, при (из этих более 2-х человек) двоих, которые пришли после меня и взяли талоны на обслуживание после меня сотрудники, находящиеся в зоне окон 4-7 операционного зала обслужили без очереди, вызова данных клиентов на информационном табло, ни до обслуживания этих 2-х человек, ни после не появилось. На мой обоснованный вопрос, почему было допущено обслуживание клиентов без очереди и не по талонам, специалист в окне обслуживания №4 нагло и самым беспардонным образом меня обманывала, говоря об их обслуживании в порядке общей очереди, что очевидно было наоборот. Это абсолютно безобразное отношение к клиентам банка. Реально, сидят и в носу ковыряют. Ждут по долгу все практически.",1,
30,Андрей Веников,https://avatars.mds.yandex.net/get-yapic/50071/y3j9tGDbs9rd2Hz30fTwl0jn0-1/islands-68,2021-06-01 10:38:11,"Привет всем. Вообще мне кажется на сегодняшний момент ВТБ лучший банк. По обслуживанию, по банковским продуктам, по атмосфере. Вообщем рекомендую.",5,Спасибо за отзыв! Будем продолжать в том же духе 💪
31,Виталий Экгардт,https://avatars.mds.yandex.net/get-yapic/44850/rJAvKTFIUQPkLIElyILjCpJZG0-1/islands-68,2023-07-12 12:33:02,Всегда свободно без очередей,5,"Виталий, спасибо за отзыв! Будем продолжать в том же духе 💪"
32,Александр Лайков,https://avatars.mds.yandex.net/get-yapic/15298/dcy0aYkJG8N95EBtkJOPNxT6L68-1/islands-68,2022-12-20 19:15:07,"Быстро оформили кредитку, рассказали все условия.",5,Довольные клиенты - наша лучшая награда. Благодарим за высокую оценку нашей работы.
33,Павел Суслиганов,https://avatars.mds.yandex.net/get-yapic/28439/enc-fe72f1497fee0ece13cedbcb1da3b62f548488cc74d6cf961c5f5bc0e8b0b357/islands-68,2021-11-02 10:11:59,"Худший банк.
Просил закрыть счета в 2018 году, отсидев 1.5 часа в очереди, не закрыли. Узнал об этом в этом году.
В отделении всегда ГРОМАДНАЯ очередь, тормозные сотрудники.
Совок. Неудобство.",1,
34,Анастасия Романовна,https://avatars.mds.yandex.net/get-yapic/51381/ioMlFE1H2zqCi5hFUttJbQQJac-1/islands-68,2020-06-24 13:33:26,"Недавно посетила данное отделение втб, решала вопрос с арендой банковской ячейки. Хочу поблагодарить персонал за отличное обслуживание, сделали все быстро и качественно. 
Спасибо!",5,
35,Вадим Мышкин,https://avatars.mds.yandex.net/get-yapic/28053/gysIq3BpsxdBLM16i16A5xJI5qQ-1/islands-68,2022-02-09 09:49:20,Любимая поликлиника. Персонал в основном дружелюбен и внимателен,5,"Рады видеть, что Вы оценили нас на 5 ⭐"
36,Алексей Вячеславович,,2021-10-01 11:37:34,"Одно из худших отделений в плане оперативности обслуживания физических лиц. Если вы запланиповали посещение данного офиса, то рассчитывайте время с запасом, чтобы потом никуда не опоздать.",1,
37,Анастасия Т.,,2020-06-24 15:02:15,"Очень удобно расположено отделение. Обращалась в данное отделение за потребительским кредитом, сделали все супер быстро и дали хорошие условия. Спасибо!",5,
38,Ольга 1.,,2020-07-01 10:30:04,"Отличный банк! Вежливые сотрудники. Работаем здесь и как юр.лицо и как физ.лицо. Менеджеры всё предельно ясно объясняют, помогают решать любые вопросы. Будем рекомендовать друзьям этот отделение.",5,
39,Суад Катунина,https://avatars.mds.yandex.net/get-yapic/30955/UREm6aLwuyjmoUnofvD4Bu54A-1/islands-68,2021-11-10 13:24:23,"Место удобное для банка, сотрудники не понравились, обманным путём навязали на кредит и страховку, узнала об этом когда получала кредит. Больше не буду обращаться",4,
40,кирилл игоревич,,2022-12-08 06:47:29,"Банкоматов много, работают без нареканий",5,"Спасибо вам, очень приятно получать обратную связь 🙏👌 Приезжайте ещё 💛"
41,Сергей Новак,https://avatars.mds.yandex.net/get-yapic/59871/rIcnKg2Wsq9CUITT1A0QYw14N7Y-1/islands-68,2021-12-05 12:22:37,"Приезжал получать зарплатную карту. С первого раза не получилось, т.к. у них что-то там не работало. Больше туда никогда не сунусь.",2,
42,Любовь Карбаева,,2023-01-16 17:09:51,Хороший банк. Быстрое обслуживание,5,Довольные клиенты - наша лучшая награда. Благодарим за высокую оценку нашей работы.
43,Максим Б.,,2020-04-23 16:19:27,"Я не один раз приходил в банк втб, по разным адресам. Но этот банк меня обидел и пока я ожидал работника по работе с физическими лицами я наблюдал такое же безразличие к другим посетителям. В общем зашел в банк и подошел к терминалу, далее выбрал нужный раздел и не получил талон из-за законченной ленты. Подошел к ближайшему окошку где небыло клиента объяснил проблему с терминалом, но был послан куда подальше так как я не юридическое лицо. Я подождал минут 20, но так никого не дождался. Все другие окна были заняты клиентами и все приходящие люди также подходили с просьбой поменять ленту в терминале. И также были все посланы. Я просто ушел. Не рекомендую данное заведение никому.",1,
44,Евгения К.,,2020-06-24 10:44:31,"Были в этом отделении . Менеджер по ипотечному кредитованию работает оперативно и профессионально. Очень довольны , что получили качественную консультацию!",5,
45,Людмила,https://avatars.mds.yandex.net/get-yapic/42215/uiCjJFmNj9A9Suot87UCWJs-1/islands-68,2020-06-24 10:22:19,"Посещала сегодня данный офис, очень слаженная работа сотрудников в обслуживании клиентов!! Быстро получила выписку по банковской карте и так же сотрудник проинформировал о персональном актуальном предложении по кредиту. Обслуживание в данном отделении всегда на отлично!",5,
46,Вячеслав,https://avatars.mds.yandex.net/get-yapic/38135/Bu38jo4Mc2MsCw93SuXtYPNwPXQ-1/islands-68,2022-02-14 13:53:18,"хорошее отделение, недалеко есть муниципальная парковка, всегда есть места",5,
47,Оксана С.,,2020-06-24 18:20:34,"Очень хорошее отделение!
Все очень вежливые! Помогли разобраться и подсказали куда стоит обратиться чтобы решился мой вопрос. Очень довольна.",5,
48,Irina Suslina,https://avatars.mds.yandex.net/get-yapic/63256/DNfkxHeNcf3rUBikJiSpiDh0dg-1/islands-68,2022-06-05 18:41:14,"Вежливые, но не сделали что должны были. Пришлось повторять в другом отделении",3,
49,Владимир,,2023-05-29 04:55:21,Хорошее отделение,4,"Рады, что вам понравилось. Ждем вас снова 😃"
50,Анна Е.,,2020-06-24 19:08:12,"Хорошее обслуживание, доброжелательный персонал. Сотрудники работают быстро, в отличии от других отделений....",5,
51,Екатерина М.,,2020-06-24 10:15:04,"Обожаю этот эфис. Приветливый и доброжелательный персонал. Ни раз решали все мои вопросы) 
Советую для посещения",5,
52,Оксана С.,,2023-03-05 12:26:00,Милейший персонал!!!,5,"Спасибо, рады стараться 😃"
53,сурен в.,,2020-06-24 10:11:25,"Вежливы и опытный персонал, каждый сотрудник знает свое дело. Лояльное отношение к клиентам и индивидуальный подход",5,
54,Дмитрий Коршунов,https://avatars.mds.yandex.net/get-yapic/20706/enc-a8614e5d4a8d7de3b4f093830dfc22ccd4244a9ff2dd625fc99e2cbf3aa36589/islands-68,2022-05-20 17:28:07,"Кучу сотрудников а толку нет. 
Почта Банке и то быстрей карту выдают.",3,"Сожалеем, что вынуждены были потратить ваше личное время на ожидание в очереди. Проведем необходимые мероприятия, которые позволят сократить очередь и решать оперативнее вопросы клиентов. Примите наши извинения, мы исправимся."
55,Жанна,https://avatars.mds.yandex.net/get-yapic/26311/gpLsI7lYm91FkyZCgeDCEW7FugI-1/islands-68,2021-12-18 14:12:02,Отличное уютное отделение банка ВТБ. Рядом с работой.,5,"Рады, что Вам нравится. Ждем Вас снова 😃"
56,Егор Козловский,https://avatars.mds.yandex.net/get-yapic/15298/enc-417612fc9a10473c9fae8a228feb663098eee9008467e0d4eb455d6405be2647/islands-68,2022-12-21 20:58:39,Раз на раз- не приходится!,3,"Благодарим Вас за отзыв. Нам очень важно знать Ваше мнение. Мы стремимся к тому, чтобы быть лучше. Проведем работу в целях улучшения качества обслуживания."
57,Азамат Абдуллоев,https://avatars.mds.yandex.net/get-yapic/38436/5cDidtODWXguWfGaHY9D5Anlw-1/islands-68,2023-03-04 16:30:34,Хороший обслуживание,5,"Азамат, ваш положительный отзыв для нас – лучшая награда 😊"
58,Наталья Наумова,,2023-02-15 11:13:10,Обычное отделение банка,5,Спасибо за отзыв!
59,Григорий AA R,,2022-05-30 18:02:40,Приятные и заботливые сотрудники,5,
60,Вероника Горовая,https://avatars.mds.yandex.net/get-yapic/29310/U0hzkNt3gUJgk8zH5ybjRYL4-1/islands-68,2021-09-14 11:02:22,"Проблемы с паркингом. Большое отделение, очереди не большие. Нет ипотечного отдела.",5,
61,Monohrome,,2020-11-09 12:13:13,"Втб как всегда: огромное отделение, работает 1 специалист. Время затраченное на получение перелущенной карты-1 час. Блестяще ✊🏼",1,
62,Ольга Салтиева,,2022-04-27 17:06:02,Отличное качество обслуживания!!!,5,
63,Vik,,2020-07-03 07:32:35,Восканян Сурен менеджер банка ВТБ проявил настоящий профисанализм в общении со мной зарплатным клиентом Вашего Банка убедительно прошу руководство банка положительно отметить его работу,5,
64,blagoveda,,2020-06-24 13:33:18,"Опытные сотрудники,нет очередей, быстро обслуживают.
Так же продали страховку с хорошими условиями.
Я довольна!",5,
65,Владимир Лякишев,https://avatars.mds.yandex.net/get-yapic/47747/VKiJL7X93OcSycXg8cZXuPEGCqk-1/islands-68,2020-12-16 12:49:32,"Заблокировали деб.карту,что бы узнать причину,надо писать заявление, на рассмотрение 3 робочих дня. Долго.",3,
66,Владислав Ф.,,2022-07-23 21:20:54,Некомпетентные сотрудники.,1,
67,Алексей А.,,2022-07-03 17:52:38,Адекватное отделение банка,5,"Рады видеть, что Вы оценили нас на 5 ⭐"
68,мария к.,,2020-06-24 10:19:42,"Отличное отделение, никогда нет очереди, все сотрудники вежливые и приветливые",5,
69,Anna S. L.,,2020-08-10 17:07:49,"Даже если 2 чел очередь, долго ждать. Из множества столов консультантов большая часть не работает. Консультанты не все компетентные, хорошо, что старшие рядом и исправляют ошибки.",3,
70,SAM,,2021-09-15 10:14:18,"Крайне недоброжелательной коллектив, ноги моей там больше не будет!",2,
71,Мария Данилова,https://avatars.mds.yandex.net/get-yapic/69015/BeOfYl4yIyv8h5Lv25hDW7HlkA-1/islands-68,2020-05-14 12:37:38,"Обслуживаюсь по привелегии. Была пару раз, ребята расторопные, вопросы мои решали быстро.",5,
72,Александр И.,https://avatars.mds.yandex.net/get-yapic/28439/YCpbHL72ztDKNkP79hmdhyov4iU-1/islands-68,2020-10-22 12:17:34,"Ранее обслуживались еще в двух офисах ВТБ. Так вот этот хуже всех. Хамоватый персонал, вечно на перекурах. Ни кому ни чего не надо.",1,
73,Елена Г.,,2020-06-24 10:20:48,Вежливый персонал! Быстро и качественно решают твой вопрос.,5,
74,Алексей,https://avatars.mds.yandex.net/get-yapic/51381/1pBY3INKUu8qaWNTMuPWL7h8PM-1/islands-68,2022-08-26 11:39:34,Его уже давно нет,1,ДО Земляной вал открыт и работает по графику Пн-Пт 10:00-19:00.
75,Марк Янович,https://avatars.mds.yandex.net/get-yapic/54535/qXSuFphgx0SNLA4Pa5XDpc42JuE-1/islands-68,2019-07-11 09:57:15,"Все быстро, в обед народа не было, отделение с нормальным ремонтом, вежливые работники. Закрывала карту, но может если бы все отделения были такими, оставила бы",5,
76,Инна Клюквина,https://avatars.mds.yandex.net/get-yapic/26057/EcnfZbYb0TGSh6Rk7pFr8AWDQ-1/islands-68,2020-03-23 10:54:09,В свое время в этом банке сотрудники очень мне помогли!!! Спасибо за профессионализм и решение проблемы.,5,
77,Анастасия Н.,,2020-06-24 10:16:39,"Хорошее обслуживание, оперативно решают все вопросы. Очередей нет",5,
78,Ольга П.,https://avatars.mds.yandex.net/get-yapic/68143/enc-87acdd304b8d5957fa919114075bfbd1241ad6fe3de2360dfacaa13c3ce11b6a/islands-68,2019-07-15 14:28:49,"Ужасный банк! Работники ходят туда сюда, а люди сидят в очередях в надежде, что их примут, зачем столько работников, если они не могут обслужить 4-5 человек...",1,
79,Константин В.,,2020-01-17 14:54:26,Пришёл за справкой. Все оформили очень быстро - спасибо сотрудникам.,5,
80,Алексей Д.,https://avatars.mds.yandex.net/get-yapic/45566/X8vYttF6yqEvg0uTMoxmv21uiCU-1/islands-68,2020-02-27 14:58:54,"Обычное отделение банка, мне показалось что посетителей не так много , обслуживают быстро.",5,
81,Андрей Князев,https://avatars.mds.yandex.net/get-yapic/68143/Gl5XxWQjgfxmL0L0pqB9B3h4nI-1/islands-68,2020-01-23 11:03:53,"Хороший банк, выгодные условия есть по кредиту. Когда то мне очень помог этот банк",4,
82,Дмитрий Шилов,https://avatars.mds.yandex.net/get-yapic/50071/Ql2voFMpXC9SAHX2NwHFEXWz8UI-1/islands-68,2019-07-25 02:41:24,Хорошее обслуживание и вежливые сотрудники. Помогли с открытием вклада.,5,
83,александр антонов,https://avatars.mds.yandex.net/get-yapic/61207/yk22vF7rJn7ieFQJkCSsSCJ48w-1/islands-68,2020-03-10 16:02:00,"Был в этом банке! Персонал буря!!!
Встречают прям у дверей и всё на высшем уровне.",5,
84,Roman_sky,https://avatars.mds.yandex.net/get-yapic/49368/WzeqkrAUNCxf1oP5Hz7tECwGzTw-1/islands-68,2019-08-07 09:24:58,"Сотрудники не внимательные: карту закрыли, а деньги со счета списывать продолжались 
Причина - халатность сотрудника
После посещения банка стали регулярно поступать звонки от мошенников.
Знали про меня всю информацию: ФИО, номер карты
Банк свалил все на сотового оператора
Обходите офис стороной",1,
85,Андрей,,2019-08-12 11:25:06,"Очень не внимательные сотрудники! Не могут одобренную заявку на кредит оформить должным образом, пришлось обращаться в другой банк. Ещё навязывают различные страховки при получении кредита. Посещать это отделение не советую.",1,
86,Владислав Чащин,,2021-12-10 14:50:34,Офис как офис,5,
87,Иван Шатохин,https://avatars.mds.yandex.net/get-yapic/63256/enc-61e00026fd32052b445add39bd559ed7a95fee220a919448c723b6c8709676cf/islands-68,2020-03-11 10:32:47,"Нормально, раньше банкомат был на улице, теперь догадались в здание ""внести""",4,
88,Алисия Юрченко,,2022-02-23 19:40:12,Неплохо,5,
89,Oleg S.,https://avatars.mds.yandex.net/get-yapic/63032/kYLZ5IIjt5W8RIRSGDuscDjTgAw-1/islands-68,2019-09-11 18:38:26,"Хорошее и быстрое обслуживание, даже кофе предложили",4,
90,Юлия Романова,https://avatars.mds.yandex.net/get-yapic/39803/WGPAingUhFRnjGwYq0qAuHvn6A-1/islands-68,2019-07-27 13:05:57,"Вежливый персонал. Очередь если и есть, то не большая.",5,
91,a k,,2019-11-12 09:05:21,Хочется более выгодные условия по банковским продуктам,4,
92,Илья Лазуткин,https://avatars.mds.yandex.net/get-yapic/31078/lmdQVf9RMtimsU9g023HQabS3Hs-1/islands-68,2018-05-11 13:05:48,"Хорошое отделеное банка, отличный персонал, но при обмене валюты берут 100р если меньше 300$ или 300€",4,
93,sherbakovandrei,https://avatars.mds.yandex.net/get-yapic/15298/enc-f35bc77a8e0aec6dc3471b1e6527186f98eee9008467e0d4eb455d6405be2647/islands-68,2019-08-02 12:35:12,"Очень мало места, ожидать приходится практически в дверях.",3,
94,Жанна Туловова,https://avatars.mds.yandex.net/get-yapic/21493/enc-c2b9bddf0c14578edb8993abc9fd3250/islands-68,2019-10-28 16:02:13,долгое обслуживание. впаривают ненужные продукты банка.,2,
95,FamilyDacha,https://avatars.mds.yandex.net/get-yapic/61207/WsNSbfbSqO5aIpWPM29vCWZxs-1/islands-68,2020-07-20 11:02:59,Привелегия на высоте!,5,
96,Александр Б,https://avatars.mds.yandex.net/get-yapic/25817/L64V7aXseQbgKygaGieok4YJ2yg-1/islands-68,2020-09-30 07:02:06,"Нормально встретили. 
Все решили.",5,
97,Владимир Иноземцев,https://avatars.mds.yandex.net/get-yapic/60687/u8wpgaKquWjXBXW8BbaViLtt5I-1/islands-68,2018-01-17 14:37:28,"Очень долгое обслуживание.
Электронная очередь часто не работает.
Больше не обращусь в это отделение.",2,
98,Ольга М.,,2018-07-17 15:19:35,"Очень долго пришлось ждать. 18.30 - много клиентов, работает три окна.",2,
99,Ирина К.,https://avatars.mds.yandex.net/get-yapic/23134/enc-e4e79cdc7074ae6c42e45e14632615423dac18c6c2bfe3e043b92a1371198c17/islands-68,2016-03-09 15:54:10,"в информации нет разделения на график обслуживания физ и юр лиц. в итоге потратила время в пробках и получила информацию от представителей банка, что юр лица обслуживаются в других временных рамках. причем сотрудник бегал и смотрел на листочек наклеенный на входную дверь... не цените время своих клиентов!!",1,
100,Андрей,https://avatars.mds.yandex.net/get-yapic/25358/8cnhASVzqiuC34z9hvmqSRnxEM-1/islands-68,2020-06-10 09:32:08,Неплохой банк. Мне понравилось.,4,
101,Титов Дмитрий,,2019-04-10 07:10:28,Не успеваю добежать с работы. Рано закрывается отделение,3,
102,Валерий К,https://avatars.mds.yandex.net/get-yapic/30061/Q5Kd8yI3bQe7K1qSGccFvtyxI-1/islands-68,2020-07-09 07:07:24,Отделение крупного надежного банка.,5,
103,Андрей Егоров,https://avatars.mds.yandex.net/get-yapic/53031/9cvupeBsr4jmO1IsYzXksMj40Jw-1/islands-68,2018-10-23 14:46:41,Очень плохое обслуживание. Операторы крайне некомпетентные.,1,
104,Metr ZER,https://avatars.mds.yandex.net/get-yapic/21493/enc-212ed5174dde6e924848d00dc5baa3e5/islands-68,2018-08-02 07:17:12,Правильно сделали: для непосредственного общения с клиентами посадили красивых девушек ),5,
105,Maestro service,https://avatars.mds.yandex.net/get-yapic/38663/1RbRDUQW5xyNyTqE8wGASAiwLbI-1575069568/islands-68,2021-12-21 02:28:35,Норм..,4,Рады стараться 😃
106,Андрей,,2018-02-18 13:07:33,"Все норм, только страховки впаривают а потом мучаешься их возвращать",5,
107,Catherine A. Studio,https://avatars.mds.yandex.net/get-yapic/25358/ngzwWcaLDXSfjMZy4ekJoqjPtJ4-1/islands-68,2015-09-10 16:07:53,Этот офис закрыт! Банкомата даже нет,1,
