,name,icon_href,date,text,stars,answer
0,Иван Карпов,https://avatars.mds.yandex.net/get-yapic/39460/enc-a0eb1032fc0c7d72c20eb3fef330fd0dd741288fa41b4c9db972043833cc47ca/islands-68,2024-02-20 17:55:31,"Прекрасное обслуживание. Очередей практически нет. В зале чисто , убрано, свежо. Сотрудники грамотно обслуживают. Отдельное Спасибо хочу выразить сотруднику банка из отдела привилегий Дарье. Это какой-то лучик солнца в этом отделении. Очень грамотно и доступно всё объяснила, быстро решила все мои вопросы . И хоть был конец рабочего дня и сотрудники устали, Дарья излучала такой позитив, как будто это было утро выходного дня 😁 Всё чудесно, всё прекрасно. Спасибо всей команде этого отделения))",5,"Спасибо вам большое за тёплые слова о нашей работе. Мы рады, что у нас есть такие отзывчивые клиенты, как вы. Это отличный стимул для дальнейшего совершенствования и профессионального роста 😊"
1,Кирилл Прокуратов,,2024-02-06 18:17:08,"Чисто , приятно, народу было много но оперативно рассосались. Понравился розовый стул детский , обязательно возьму ребёнку или детям . сотрудник Ксения топ",5,"Спасибо, нам очень приятно получать обратную связь 💛"
2,Марина Калинина,,2024-02-22 14:38:28,"Выражаю благодарность Тарануха Дарье Сергеевне за профессионализм, быстроту обслуживания, за помощь в рациональном подходе к размещению денежных средств, и вообще за хорошее настроение!",5,"Спасибо за высокую оценку и за то, что отметили работу сотрудника 👍"
3,Александр Шляховой,,2024-01-29 16:01:50,"Очень внимательный и доброжелательный сотрудник Дарья Тарануха, помогла решить проблему с картами и проконсультировала по новым продуктам.",5,"Спасибо, что поделились своими впечатлениями. Мы очень ценим обратную связь 💛"
4,Вячеслав Як,,2024-03-30 10:12:12,"Благодарность сотруднику банка Дарье Сергеевне Т. за оперативность и профессионализм! Получили требуемый результат за минимальное время, искренне рады, что попали именно к Дарье Сергеевне! Ознакомился с другими отзывами, надеюсь, другие клиенты меня поддержат: требуем поощрить и продвинуть! )) Это точно в интересах Банка!",5,"Благодарим вас за отзыв. Мы с удовольствием передадим информацию руководителю сотрудника, который с вами взаимодействовал. Уровень его компетенции и проведенная работа будут хорошим примером для всех наших коллег."
5,Gulnara,,2024-02-06 19:48:19,"Не решила вопрос положительно, но ушла довольная. Очень приветливые сотрудники. Хочу отметить особенно Ангелину. К этой девушке хочется просто зайти, очень положительный человек. Такая редкость!",5,"Спасибо, нам очень приятно получать обратную связь 💛"
6,expert Moscow✔,https://avatars.mds.yandex.net/get-yapic/60687/D4T3bhCAZl4uqVKP8kYXkz2Ew-1/islands-68,2024-03-24 06:54:39,"Заходил посмотреть . Все чистенько. Все исправили. Мододцы. Очередей нет все окна работают +2*

Очень грязно, даже удивительно винаше время. Много приемных окон, но движется огромная очередь очень медленно. 
 Находится у Дмитровского шоссе и негде припарковаться.",5,Благодарим вас за обратную связь. Обратим внимание руководителя офиса на ваши замечания. Для нас важен ваш комфорт!
7,Ирина Курочкина,,2023-12-04 12:08:18,"Решили вопросы быстро, качественно. Приветливый персонал, готовый помочь в решении проблемы.",5,"Огромное спасибо за приятный отклик 💛 Рады, что смогли помочь в решении ваших вопросов 😉"
8,Кристина Машкова,,2024-03-18 11:26:42,"Ужасное обслуживание 
Дневное время, будни, работает всего 2 окна по обслуживанию физ. Лиц, очередь из 12 человек. Более часа в очереди в ожидании. Обслуживание долгое и вялое. Сотрудники банка явно трудится не хотят. И как бонус сбилась нумерация на табло…",1,"Согласны с вами, при обращении в Банк клиент ожидает получить профессиональную консультацию по имеющимся вопросам. Обратная связь помогает понять, над чем нам необходимо работать.

Не оставим без внимания ваш отзыв и передадим его руководителю офиса для анализа."
9,Фиохина Е.,,2024-02-13 08:20:29,"Во время даже ленту в аппарате для талонов поменять не могут, не говорю уже о решении проблем, просто сидите и ждите, а то чтовина сотрудников никто решать вопрос не хочет, отвратительное отношение.",1,"Нам жаль, если при обращении в офис Банка сотрудники не смогли помочь в решении вопроса. Обязательно проведем работу для повышения качества обслуживания."
10,Анастасия Раскина,https://avatars.mds.yandex.net/get-yapic/27503/IAikISoKGAxWn6G7UkO697nEtkA-1/islands-68,2023-05-16 10:08:52,"Большой светлый Офис. Приятная атмосфера. Есть банкоматы. Сотрудники компетентные и работают быстро
 Обслуживание клиентов быстрое и качественное без попытки сэкономить бумагу",5,"Благодарим за положительный отзыв работы. Рады, что вы остались довольны 🙂"
11,Вера С.,,2024-03-12 10:44:49,"Очень долгое обслуживание , люди не дожидаются и уходят, вызывают не по талонам. При посещении нужно располагать большим количеством времени",2,"Ваше замечание не останется без внимания и будет незамедлительно передано ответственным руководителям с целью реализации мер, которые обязательно будут направлены на повышение скорости предоставляемых услуг. Простите за возможные неудобства!"
12,Екатерина Шестакова,,2024-03-29 06:04:47,"Скорость работы минимальная , очередь безумная 
Сотрудников двое было, собралась ОГРОМНАЯ очередь и никто из сотрудников банка не обращал на это внимание совершенно. Карту получать передумала :)",1,"Сожалеем, что вынуждены были потратить ваше личное время на ожидание в очереди. Проведем необходимые мероприятия, которые позволят сократить очередь и более оперативно решать вопросы клиентов. Примите наши извинения, мы исправимся."
13,Малова Марина,,2024-04-13 11:32:51,"Отличное помещение, персонал супер вежливый, быстрое обслуживание",5,
14,Кирилл,https://avatars.mds.yandex.net/get-yapic/39249/enc-aaac4c904d67dd9f8b3493222f73adfe7386a70c49ac158280b9a7c5c26a57d7/islands-68,2024-02-20 09:44:21,"Тормозное отделение, каждый раз приходя сюда, будьте готовы просидеть в очереди из трёх человек минимум полчаса.
Крайне не рекомендую.",1,"Мы постоянно работаем над сокращением времени ожидания. К сожалению, клиенты могут столкнуться с очередью. Возьмем этот вопрос на контроль. Примите наши извинения за неудобства!"
15,Ennie Ebergardt,https://avatars.mds.yandex.net/get-yapic/64336/sDO7VteIJEVKzVeYWYbVSVve0o-1/islands-68,2024-01-14 11:57:03,Чисто и аккуратно. Вежливый персонал. Очередей мало или же почти нет. Быстро решили возникшие вопросы по поводу блокировки карт и счетов.,5,"Спасибо, что поделились своими впечатлениями. Мы очень ценим обратную связь 💛"
16,Ирина,,2023-06-15 12:36:15,Доброжелательное отношение к клиентам. Профессиональный персонал. Максимальное время ожидания - не более 10 минут. Удобное расположение. Одним словом: всё хорошо.,5,"Спасибо, мы стараемся! Приятно, что вы это оценили 😊"
17,Сергей А.,,2024-04-01 18:21:09,"Огромное Спасибо сотруднику Дарье Тарануха за решение нашего вопроса, касательно денежного перевода! Ее доброжелательность, профессионализм, клиентоориентированность и желание помочь трудно переоценить. Несмотря на то что филиал очень загруженный, особенно по понедельникам, Дарья всегда исключительно позитивна. Общались с ней несколько раз по разным вопросам, всегда все решалось быстро и четко!",5,"Спасибо за отзыв. Мы любим и ценим наших клиентов, поэтому стремимся предоставлять им высококачественное обслуживание. Рады, что вы оценили это 😊"
18,Павел Бакаев,,2024-04-03 09:09:54,"Очень медленное обслуживание, и при этом без очереди обслуживают знакомых ! 
Три звезды за удобные диваны 🤓",3,"Ваше замечание не останется без внимания и будет незамедлительно передано ответственным руководителям с целью реализации мер, которые обязательно будут направлены на повышение скорости предоставляемых услуг. Простите за возможные неудобства!"
19,Artyom Nikolaevich,https://avatars.mds.yandex.net/get-yapic/56823/MgYPK1kd0E8xKCNOH0oyJhMM6R0-1/islands-68,2024-03-04 09:33:37,"Отвратительное обслуживание.
Электронная очередь не работает,влезть может любой ,не важно следующий вы в очереди или нет.",1,"Спасибо, что поделились с нами вашим опытом обслуживания. Мы обязательно учтем и проработаем ваши замечания, чтобы в дальнейшем у вас не возникало сомнений в правильности выбора нашего Банка!"
20,Наталья,,2024-03-07 13:30:25,"Не смогли проконсультировать по вопросу перевода акций, отправили в отделение по адресу, которое фактически не существует.",1,"Будем благодарны, если расскажете подробнее, с какой ситуацией пришлось столкнуться. Не оставим без внимания и во всем разберёмся 👌"
21,марианна пипия,https://avatars.mds.yandex.net/get-yapic/62162/4xi7JfRpVlI6Jmsbk4tT8igbm1k-1/islands-68,2024-04-05 11:11:46,Мой банк. Прилежные работники. Все быстро четко делают,5,"Большое спасибо за отзыв и внимание к нашей работе. Мы очень ценим, что у нас есть такие отзывчивые клиенты, как вы 💙"
22,Сергей Андрианов,,2023-02-17 22:10:26,"Персонал работает на отлично, что не скажешь о топ менеджерах банка(Костин и компания). Элементарного автоплатежа в онлайн банке нет. Ремонт хороший. Кредитная политика очень слабая, что может привести к банкротству банка или его санации со стороны государства.",3,
23,Владимир Костарев,,2023-05-02 14:33:57,"Удобно, персонал доброжелательный четыре банкомата на входе. Из минусов - работает с 10.00 и с воскресение выходной",5,"Спасибо вам, очень приятно получать обратную связь 🙏👌 Приезжайте ещё 💛"
24,Serguei Roukavishnikov,,2022-12-05 13:33:13,"качественное обслуживание, квалифицированный персонал, удобное расположение, близко метро, автобусы, электробус, электричка",5,"Благодарим. Нам очень важно, чтобы каждый клиент оставался доволен 😃"
25,Эльмирка,https://avatars.mds.yandex.net/get-yapic/28439/i419CD5LDxRVEtZSESW1WfNHzhg-1/islands-68,2022-11-23 09:46:18,"Просто ужас, очень плохо, 12 ноября пришло сообщение о том, что корпоративная карта в отделении и готова к выдаче, 13 ноября я пришла в отдел, продержали меня 20 минут, болтая между собой и куда-то уходя и приходя, сказали что нет у них какого-то доступа и перезвонят как появится, сегодня 23 ноября, мне никто не звонил, всем все равно, я позвонила сама, меня несколько раз с главной линии соединяли с отделением, меня просто сбрасывали, когда наконец-то взяли, сказали что доступ восстановлен, на мой вопрос почему не позвонили мне и не поставили в известность что-то промямлили",1,"Поверьте, мы всегда стремимся быть лучше. Мы обязательно обсудим с руководителем офиса все детали, описанные в отзыве, и учтем ваши замечания. Примите, пожалуйста, наши извинения."
26,$$,https://avatars.mds.yandex.net/get-yapic/30061/kZaWvpRgPS68gs5S5egfehL9D74-1/islands-68,2023-07-11 12:03:56,"Большой и светлый офис.
Молодой приветливый коллектив.
Хорошее обслуживание.",5,"Рады, что вам понравилось. Ждем вас снова 😃"
27,Саяпина Светлана,https://avatars.mds.yandex.net/get-yapic/57243/Id0CvXqgGsn9JEcV1rIDbU1cEI-1/islands-68,2022-09-19 07:53:35,"была 8 сентября , юридическое лицо. Заинтересованности в клиенте не увидела.Сотрудники отдела по работе с юрлицами - отстраненные, позволяют себе разговоры по телефону во время работы с клиентом, пусть клиент подождет. В итоге - услуга не была оказана, изменения а карточккюридического лица не были внесены, хотя документы мои были приняты и отсканированы, возможно, уже используются в мошеннических целях. т.к. по телефону сотрудник банка мне сообщил, что документов в отделении нет. Не обращайтесь в данное отделение Бутырская, 11, здесь работают - некомпетентные сотрудники. Открывайте счета в других банках.",1,"Благодарим Вас за отзыв. Нам очень важно знать Ваше мнение. Мы стремимся к тому, чтобы быть лучше. Проведем работу в целях улучшения качества обслуживания."
28,Владимир Вавилкин,https://avatars.mds.yandex.net/get-yapic/38436/enc-23d180cfb2db1f521cbc9a1a609adfb6d26c72ca17503bc6f8fea58ab6be0906/islands-68,2022-12-02 07:18:31,"Пришел, взял талон, сразу пригласили к менеджеру, девушка вежливо поинтересовалась о сути проблемы и тут же занялась решением. Пусть не сразу, но с задачей справилась. Затем направила к другому оператору и та быстро обслужила. Все происходило в атмосфере благожелательности и внимания к клиенту. Рекомендую как сам Банк, так и данное отделение.",5,"Благодарим за положительный отзыв работы. Рады, что вы остались довольны 🙂"
29,Татьяна Р.,,2023-01-09 17:29:33,"Приняли вежливо, что не часто встретишь в отделених этого банка. Пришла под закрытие, обслужили, хоть и было много возни с моими вопросами. Обьяснили, оформили, настроили, выслушали, спасибо терпеливым девочкам",5,"Спасибо вам, очень приятно получать обратную связь 🙏👌 Приезжайте ещё 💛"
30,Александр С.,,2022-09-03 10:14:27,"Был в субботу, народу полно. Как известно большинство филиалов этого банка в Москве в субботу не работает. Персонал нетороплив, малокомпетентен. Горячая линия также кстати некомпетентная. Сижу в очереди больше часа, хотя в талоне передо мной 0 человек. Решал проблему с блокировкой интернет банка, так как по глупости позвонил в службу поддержки из-за кредитной карты, которую мне втихую оформил банк. Мальчик в поддержке заблокировал мне весь интернет банк и другие дебетовые карты. Женщина с длинными чёрными волосами ходит по залу и вызывает вне электронной очереди на своё усмотрение. С некоторыми проблемами других людей отсылает по-дальше из-за якобы неработающей программы. Буду жаловаться дальше. Весь свой отзыв написал в очереди и она не подошла в итоге.",1,"Александр, нам жаль, что вы столкнулись с трудностями при обслуживании в нашем Банке. Наша основная задача - оперативное и качественное решение вопросов. Обратим внимание руководителей на компетенцию сотрудников. Еще раз проработаем вопрос длительного обслуживания в офисе. Надеемся, что при следующем обращении вы останетесь довольны."
31,Александр Гречишников,,2023-03-18 15:05:33,"Обычное отделение. Важно какой специалист вам попадет. Мне попался если не отличный, то очень хороший, отделения привелегия. К сожалению не запомнил её имя.",5,"Благодарим за положительный отзыв работы. Рады, что вы остались довольны 🙂"
32,Светлана Донцова,https://avatars.mds.yandex.net/get-yapic/29310/6hqMWQHVSexrUERx2PBZPkCu11o-1/islands-68,2021-11-29 14:04:29,"Удобный офис, зона с банкоматами и зал обслуживания просторные, много рабочих мест для обслуживания посетителей. Все достаточно оперативно и вежливо.",5,
33,tim timov,https://avatars.mds.yandex.net/get-yapic/49368/enc-841a6bf630c531efa00f2e424dbdb2f8bc8f9622ef649be0b83e4fe6f88ec1ff/islands-68,2024-03-28 15:41:29,"Если прийти в 18, просидеть до 19, посмотреть как с одними сидят по 50 минут а других берут без номерков, то потеряв час в 19 уйдете ни чего не получив, по тому что их рабочий день закончен.",1,"Ваше замечание не останется без внимания и будет незамедлительно передано ответственным руководителям с целью реализации мер, которые обязательно будут направлены на повышение скорости предоставляемых услуг. Простите за возможные неудобства!"
34,Светлана,https://avatars.mds.yandex.net/get-yapic/36777/cXYGif1XyyCOTz6ZVSjhMXWgC0-1/islands-68,2022-10-10 22:22:58,"Получала в этом филиале карту зарплатную.Выдали быстро Но долго ждала очередь,мало специалистов.Филиал сам современный хороший ремонт Персонал вежливый",4,"Сожалеем, что вынуждены были потратить ваше личное время на ожидание в очереди. Примем меры и исправимся. Отдельно хотим вас поблагодарить за то, что отметили наших сотрудников."
35,Яна Яна,https://avatars.mds.yandex.net/get-yapic/50595/SsmNvHfBimBYCWRul0XRYOpSD5g-1/islands-68,2023-11-04 12:10:46,Большое отделение. Круглосуточные банкоматы,5,"Очень приятно получить такую высокую оценку, спасибо 😊"
36,Daimo,https://avatars.mds.yandex.net/get-yapic/26311/AgUUk8UGVKx9e78igVH18GfADQ-1/islands-68,2022-10-15 11:39:21,"Персонал поражает своей некомпетентностью. 
Отдельное ""спасибо"" оператору Станиславу: грубит, отправляет знакомиться с законами, которые сам неверно цитирует, утверждает, что банку параллельно""(цитата!) на 152 ФЗ и делать будет он так, как у него в контракте прописано. Первый и последний раз в этом банке. 
Очередь из четырёх человек три оператора обслуживали более получаса",1,"Согласны с вами, что при обращении в Банк клиент ожидает профессиональную консультацию по имеющимся вопросам. Обратная связь помогает нам понять, над чем нам необходимо работать. Обратим внимание руководителя на компетенцию сотрудника. Примите наши извинения."
37,Виктор Костиков,https://avatars.mds.yandex.net/get-yapic/25817/lRrEX0tz88COfPxsSlzBAf4MJ4-1/islands-68,2023-07-17 16:59:27,"Хорошие проценты на карту, банкоматы обычно пустуют, персонал не всегда готов ответить на вопросы и помочь.",4,"Спасибо, что поделились с нами. Мы обязательно учтем и проработаем ваше замечание, чтобы в дальнейшем у вас не возникало сомнений в правильности выбора нашего Банка. Приносим извинения за возможные неудобства."
38,Екатерина Яснопольская,https://avatars.mds.yandex.net/get-yapic/38135/f947oauOEf2Y1rjVCFJojS2KfUk-1/islands-68,2022-09-01 16:08:04,"Мне все нравится вообще отличный банк. Все проблемы были имюсключительнл по моей вине. Точнее бестолковости. Офис уютный, обслуживают быстро.",5,"Благодарим за положительный отзыв, нам очень приятно 👍"
39,О. Казанцев,https://avatars.mds.yandex.net/get-yapic/40841/enc-3caebb03077d97ac5ba19bfd96acc4743240a0e453f5c07ca8428cf878e7c5e4/islands-68,2022-09-03 11:11:13,"Был 03.09.2022г. Получеашь удовольствие от посещения в банк когда обслуживает знающие свое дело сотрудники, в моем случае Петракова Наталья Владимировна. Спасибо!",5,"Огромное спасибо за приятный отклик 💛 Рады, что смогли помочь в решение вопроса 😉"
40,Anatoly Zelev,https://avatars.mds.yandex.net/get-yapic/47747/enc-b62855735aeb7a2ea4ac1428cb37e908fa38f3a87a0c016a9d91ae2c1d541e44/islands-68,2023-01-07 06:30:31,Вежливый и профессиональный персонал. Есть персональные менеджеры для клиентов с картами Привилегия.,4,"Благодарим. Нам очень важно, чтобы каждый клиент оставался доволен 😃"
41,Виктория,https://avatars.mds.yandex.net/get-yapic/56823/jiL6gLwRAIWci0Xf98xEBe0ZFgg-1/islands-68,2023-02-24 22:42:30,"Всегда чисто , всегда подойдут и поинтересуются чем могут помочь , всем рекомендую.",5,Довольные клиенты - наша лучшая награда. Благодарим за высокую оценку нашей работы.
42,Ириночка,https://avatars.mds.yandex.net/get-yapic/51169/Wjp5m5Dji5J86u01sOOR4zih3q0-1/islands-68,2022-03-05 07:45:36,"Приехала в офис за 40 минут до закрытия. Работали половина оборудованных окон и операторов. 40 мин.просидела в очереди. При этом попала к неопытному оператору, которая обратилась типа к ""старшей"". Так вот старшая соответствовала кассирше в палатке ))))) на весь зал кричала, ""я одна вас много"". В итоге мою заявку по подключению к СМС оповещению по телефону не выполнили. Поеду еще раз. Впервые попала в такой банк. Офис на Петровско Разумовск.в Парусе такой же загруженный. ТА ЖЕ ситуация - не все окна обслуживают. Но сотрудники более компетентны.",2,"Примите наши извинения за возникшую ситуацию. Со своей стороны обязательно организуем встречу с руководителем офиса и разберем ситуацию в деталях, чтобы в будущем такого избежать."
43,Андрей Анатольевич,https://avatars.mds.yandex.net/get-yapic/31804/ZAYcfhfIuLM4vC4Nrlm592DkxM-1/islands-68,2022-08-16 11:32:08,"Отличное отделение, очень помогли. У себя рядом с домом персонал грубый и наглый, тут же действительно люди помогают и объясняют всё что вас интересует! Спасибо!",5,"Рады, что Вам понравилось. Ждем Вас снова 😃"
44,Татьяна Широкова,,2021-10-30 09:05:13,"Удобное месторасположение, много банкоматов поэтому нет очередей. Вежливый и грамотный персонал. Большой просторный зал. Приятно заходить!",5,Благодарны вам за пятерку и добрые слова!
45,Юлия Романова,https://avatars.mds.yandex.net/get-yapic/39803/WGPAingUhFRnjGwYq0qAuHvn6A-1/islands-68,2022-10-20 18:45:39,Мне достался очень приветливый сотрудник. Была в утреннее время. Ждать долго не пришлось. Все вопросы были решены. Осталось приятное впечатление.,5,"Огромное спасибо за приятный отклик 💛 Рады, что смогли помочь в решение вопроса 😉"
46,Елена,https://avatars.mds.yandex.net/get-yapic/54535/qBBZKFcQwFnnGJCFYcvzjsJtRY-1/islands-68,2023-11-14 13:19:08,"Удобно, рядом с домом",5,Спасибо вам за высокую оценку 🤗 Приходите к нам почаще!
47,Анна,,2022-09-03 10:26:15,"Прождав 40 минут в очереди, так и не дождалась. Работают 2 окна, обслуживание супер медленное. Это при том, что мне пришлось второй раз идти в отделение банка, чтобы закрыть счёт, это у них делается аж в 2 этапа, и всегда нужно физическое присутствие.",1,"Анна, действительно, для закрытия счета и расторжения ДКО необходимо дважды обращаться в офис для оформления заявления, так как при первом визите необходимо оформить заявление на закрытие карт. Что касается длительного ожидания, то данный вопрос у нас на контроле. Мы на постоянной основе проводим мероприятия для сокращения времени ожидания. Примите извинения за неудобства."
48,Tanya Gova,https://avatars.mds.yandex.net/get-yapic/40841/UjRbW15IsSW31x5rhy4v6XUNLI-1/islands-68,2022-05-24 13:58:01,"Сотрудник банка очень компетентно ответила на все вопросы и сделала даже больше, чем требовалось, для того, чтобы я могла решить свой вопрос с совершёнными переводами в другой банк: помимо справки распечатала и утвердила печатью все необходимые выписки.",5,
49,Виктор Абрамов,https://avatars.mds.yandex.net/get-yapic/15298/enc-9bd0f298948d3470a01be338aa30096a98eee9008467e0d4eb455d6405be2647/islands-68,2024-02-03 09:31:12,Нормальное отделение приличного банка,4,Благодарим за высокую оценку нашей работы!
50,Никита Волков,https://avatars.mds.yandex.net/get-yapic/21377/enc-48ec7c85e6d7eb17ac736696262e436d22a61c3a1baa22030c3985fa0f2fce44/islands-68,2023-05-26 11:59:30,"большое помещение
есть электронная очередь
оперативное обслуживание",5,"Спасибо, нам очень приятно получать обратную связь 💛"
51,Дмитрий Г.,https://avatars.mds.yandex.net/get-yapic/27274/oVGCJKFNFF2RivIMDmJ3cgnMFo-1/islands-68,2022-07-27 10:25:05,"Быстро, чётко, приветливо и дружелюбно. Офис просторный, много воздуха. Хорошо.",5,
52,Tata Sakharova,https://avatars.mds.yandex.net/get-yapic/30431/nfqKvjenvQLvvC1MFWdjgxvuOU-1/islands-68,2021-11-02 14:59:07,"Меня там обслужили вполне клиентоориентированно - в будний день около 12. Но своей очереди пришлось ждать довольно долго в пустом отделении, т к работали всего 2 окна из 4 (обслуживание физлиц), и обслуживание 1 клиента может затянуться на 15 и более минут, если пришел новый клиент или пожилой человек. Конечно это неудобно.",4,"Спасибо, за высокую оценку. Ваши замечания относительно длительного ожидания мы не оставим без внимания и примем меры."
53,Andrey Morozov,https://avatars.mds.yandex.net/get-yapic/40138/ajxCDigBFvFwELvbu7EPrX3F51Q-1/islands-68,2021-08-25 17:07:53,"Был в банке в субботу 21.08.21 в районе 12.00. Количество клиентов минимум. Отделение банка большое, работало много окон. Очереди не было совсем в отличие от других отделений втб, в которых мне приходится бывать. Тут я получил необходимую услугу очень быстро. Сотрудик банка (к сожалению не запомнил ее имя) , произвела крайне приятное впечатление, т.к. решила ряд важных для меня вопросов за одно обращение.",5,
54,Liudmila,https://avatars.mds.yandex.net/get-yapic/43978/k0LcSu3thW2OvWi3bp2HerL0PJE-1/islands-68,2021-10-18 06:46:49,"Удобное расположение, большой просторный зал, всегда мало посетителей в ожидании, обслуживают быстро, компетентно. Есть банкоматы.",5,"Благодарим за положительный отзыв, нам очень приятно 👍"
55,Лилия Романовна,https://avatars.mds.yandex.net/get-yapic/32838/11fTKx4Px4vIh8yJ2haUaI0BXA-1/islands-68,2022-07-17 18:38:13,Мне этот адрес ближе всего. Заказывала карточку.кот.нужно перевыпустить. Обслужили быстро и вежливо.,5,
56,сергей шаталов,,2023-03-17 08:27:59,обманывают.обещали в течении месяца прислать смс по вкладу жены а воз и ныне там.прошло больше месяца,1,"Будем благодарны вам за уточнения деталей вашего визита в Банк. Для этого просим направить на наш адрес SMedia@vtb.ru ваши ФИО, дату рождения и подробности ситуации, которая стала причиной такой низкой оценки. В теме письма необходимо указать «Яндекс, Бутырская улица, 11. 17.03.23». Обязательно изучим информацию и примем меры 👌"
57,Воробьева риелтор Самолет Плюс,https://avatars.mds.yandex.net/get-yapic/69015/w8pk2cYVNIiFSrnSY6Gw90sSTas-1/islands-68,2023-06-21 18:19:59,"Открывала счет, все быстро и слаженно работают!",5,"Спасибо, рады стараться 😊"
58,Алексей Сергеевич,https://avatars.mds.yandex.net/get-yapic/64336/enc-547fcee4cdeaf389718111cdb823758232c23269dd026d03e5e64617f78a1980/islands-68,2022-08-28 12:09:11,"Приятные консультанты, девушка которая оформляла договор, все разжевала, объяснила. Люди в данном отделении на уровне.",5,"Алексей, благодарны вам за пятерку и добрые слова о работе наших сотрудников))"
59,Сем Груздев,,2022-08-10 12:07:09,"Сидят 2 человека в огромном посещении , никого не было, 20 минут прождал!! Ужас, как улитки работают, весь персонал в возрасте, пора менять уже.",1,"Спасибо за отзыв. Обязательно проведем проверку в данном отделении на основание Ваших замечаний и примем меры, которые позволят оперативно решать вопросы клиентов."
60,Светлана Якубовская,https://avatars.mds.yandex.net/get-yapic/62162/zHFkeliclMh2qfFv2PA0FD3XpEI-1/islands-68,2023-06-15 18:32:30,"Хорошое , современное отделение, не далеко от Савеловского вокзала.",5,"Рады, что вам понравилось. Ждем вас снова 😃"
61,Екатерина Горская,,2022-04-30 11:19:39,"Удобное расположение, просторный зал. Услугами воспользоваться не удалось, так как информация на сайте не соответствовала действительности",5,
62,алексей малышев,,2024-03-26 03:52:33,Медленно работают...,4,"Ваше замечание не останется без внимания и будет незамедлительно передано ответственным руководителям с целью реализации мер, которые обязательно будут направлены на повышение скорости предоставляемых услуг. Простите за возможные неудобства!"
63,Анатолий К,,2022-12-30 18:04:04,Как будто год все никак не закончат ремонт. Но персонал приветливый и грамотный,4,Благодарим вас за отзыв. Обратная связь нам помогает понять наши проблемы и принять меры для улучшения сервиса и обслуживания.
64,Маруся Климова,https://avatars.mds.yandex.net/get-yapic/23134/aXDI8vzZRVHzSpR9KbcXiLKIdXU-1/islands-68,2022-07-30 10:51:04,Удобное расположение. Быстро обслуживают. Много банкоматов.,5,
65,Милена Кренделева,,2022-02-28 11:22:45,"Вклад в евро 28 февраля не выдают, хотя он был заказан 24 февраля. Не было инкассации, тысяча причин... ля-ля... У нас есть для вас предложение по страховке, по вкладу...))) Чтобы делать предложения, надо выполнять обязательства, не???",1,
66,Наталья Ж.,,2022-07-05 08:18:52,"Ужасный банк! Сотрудники абсолютно не компетентные! Теряют документы, забывают донести важную информацию. Никому не желаю работать с данным банком!!!",1,
67,Ольга Ильинична,https://avatars.mds.yandex.net/get-yapic/57243/J7nKQ2SksL16XgXrRJ9b7nxncy4-1/islands-68,2021-11-13 18:01:08,"Была необходимость получить справки и выписки в банке , ребята очень быстро всё сделали , помогли разобраться в ситуации , позвонили в службу уточнили в каком формате им нужна выписка , большое им спасибо .",5,"Ольга, нам очень приятно, что мы смогли быстро решить ваш вопрос, и вы остались довольны."
68,Игорь Куколев,https://avatars.mds.yandex.net/get-yapic/45848/3jjnblt6HLjlAKlnXEeKaTzCQ-1/islands-68,2021-04-30 22:25:17,"Здравствуйте все кому интересно моё сугубо личное мнение о работе некоторых сотрудниках этого учреждения. Профи единицы. Решил по пробовать ВТБ МОБАИЛ. Обьяснить как это работает только один парень. В кассу очередь. То что можно внести деньги на вклад через банкомат не говорят.Не чего не имею против курящих сотрудников банка, сам курю. Но профессионализм надо повышать. А ВТБ МОБАИЛ так и не настроил...",2,
69,Ivan Kozlov,https://avatars.mds.yandex.net/get-yapic/51169/enc-2cd699696397af9a7f72b0ae861666a5ac2ed4f3336a829fbbe08a0b5d1b62fd/islands-68,2022-10-13 15:07:35,"Фасад отделения в аварийном состоянии, персонал работает долго! В целом задачу свою выполняют.",3,"Благодарим за обратную связь. Поверьте, мы работаем над сокращением времени ожидания. Надеемся, что в дальнейшем вы увидите наши изменения. Обратим внимание руководителя на ваши замечания относительно необходимости проведения ремонтных работ."
70,Бахтиёр Назаров,https://avatars.mds.yandex.net/get-yapic/47747/jPu9Syqot9396yWz2mEXytssi5o-1/islands-68,2022-06-17 12:01:14,Хороший банк. Хорошее обслуживание. Удобное месторасположение.,5,
71,Andrey T.,https://avatars.mds.yandex.net/get-yapic/39249/YN1MwNEmoM9oCmBkCUxXoVatOs-1/islands-68,2021-12-22 09:38:30,"Отвратительная работа отдела по работе с юр лицами. Месяц! Месяц не могу пользоваться открытым счётом! Свое техническое несовершенство сотрудники разных отделов валят друг на друга, пока клиент сидит и месяц не может воспользоваться ""открытым"" счётом. В 21-ом веке... В банке ВТБ... Позор",1,
72,Владимир Самойлов,https://avatars.mds.yandex.net/get-yapic/63032/pLku6AyQDkOeqc6JnOvm9CVNKw-1/islands-68,2023-08-04 14:36:56,Отличный офис. Людей не много,5,"Благодарим за положительный отзыв, нам очень приятно 👍"
73,Артём Овчинников,https://avatars.mds.yandex.net/get-yapic/31078/SYoLKa489xYjxurtyzhgxoTjrCc-1/islands-68,2022-11-05 17:58:54,"Банк испорчен. Особенно, Привилегия, которая работает на банк, а не на клиента. Крайне неприятно.",1,"Поверьте, мы стремимся быть лучше. Обратная связь нам помогает понять наши проблемы и принять меры для улучшения сервиса и обслуживания. Благодарим Вас за отзыв."
74,Натали,https://avatars.mds.yandex.net/get-yapic/50595/8Xmj9YlA1GSYoxnUk5zL1q9a4-1/islands-68,2023-10-07 06:40:46,"Очень медленное обслуживание. Чтобы получить готовую карту, моё ожидание составило 40 минут",4,"Наталья, приносим извинения за длительное ожидание. Мы проведем проверку и выясним причины длительного обслуживания. Примем меры для увеличения скорости обслуживания."
75,ДФ,https://avatars.mds.yandex.net/get-yapic/61207/ly10CGO4GXhgONGGgNlJ8cC2OYU-1/islands-68,2022-11-08 17:07:54,"Удобно расположен, приятные сотрудники!!!",5,"Благодарим. Нам очень важно, чтобы каждый клиент оставался доволен 😃"
76,Анастасия Е.,https://avatars.mds.yandex.net/get-yapic/21377/enc-de87d3b3efcdc437e03314a810925e87f69e0d9e9d0ff638611d6654c740cbcb/islands-68,2020-09-07 16:51:02,"Выражаю огромную благодарность сотрудникам банка ВТБ по адресу: улица Бутырская, дом 11. Хочется сказать большое человеческое спасибо, за ваш профессионализм. Вопрос был сложным, но Вы смогли найти индивидуальный подход, проявив весь свой профессионализм и индивидуальный подход к своим клиентам, особую благодарность выражаю сотруднику Полякову Максиму Игоревичу, спасибо Вам огромное за Ваш не легкий труд и умение найти подход к вашим вкладчикам.",4,
77,БатырпулЯ,https://avatars.mds.yandex.net/get-yapic/57243/13CbdyTNgjXXaF44KzIvqlZnuw-1/islands-68,2023-03-18 08:24:30,"Удобная доступность, быстро, оперативно, рекомендую👍5",5,"Спасибо, рады стараться 😃"
78,dima dima,,2022-07-15 12:08:14,Пользовался банкомата и - всегда работают отлично 👍🏻,5,
79,Татьяна Мельник,https://avatars.mds.yandex.net/get-yapic/50595/enc-2abff2d2d91041bd7257340014e94664516a5d4a22269f774c7513252b380b08/islands-68,2022-07-22 12:10:39,Быстро обслужили.Сотрудник откликнулся на просьбу и распечатал необходимые документы,5,
80,Lena Kuligina,https://avatars.mds.yandex.net/get-yapic/40841/enc-917d486ae07dc0978469d63e7e248c96ab0efb114d01455b16146e2de4bc86f6/islands-68,2023-04-11 18:19:10,"Редко бывают очереди на полчаса, как в других отделениях.",5,"Благодарим за 5 ⭐, нам очень приятно!
Всегда проводим необходимые мероприятия, которые позволяют сокращать очереди и более оперативно решать вопросы клиентов."
81,Э.Ш.,,2023-09-15 16:42:25,Медленно идёт обслуживание,2,"Простите, пожалуйста, что заставили вас ждать. Обсудим с руководителем офиса данную ситуацию и примем меры, которые позволят более оперативно решать вопросы клиентов."
82,Сигал,,2021-09-05 13:01:59,Хороший Банк для ВТБ. Обычно не так много посетителей. Достаточно толковые и дружелюбные сотрудники.,4,
83,Андрей Кривошеев,https://avatars.mds.yandex.net/get-yapic/21377/enc-bbfbdcacd5345808931bddf67a08658e98eee9008467e0d4eb455d6405be2647/islands-68,2020-10-28 18:28:00,"Был в период ограничений в связи с Covid по поводу замены карты.
Народу не много. Персонал, соблюдает правила. Вежливы, доброжелательны. Помогают другу и клиенту быстрее решить все вопросы.",5,
84,Павел Никулин,,2022-11-06 17:50:41,Народу ни кого. Парковки нет. Но клиентский менеджер Ирина молодец.,4,"Павел, благодарим, что отметили нашего сотрудника. Хотим отметить, что Банк не предоставляет места для парковки."
85,Андрей Молянов,,2022-08-13 17:53:33,Приветливый персонал и комфортное помещение,5,"Благодарим за положительный отзыв, нам очень приятно 👍"
86,Елена Ковалёва,https://avatars.mds.yandex.net/get-yapic/27232/Xohn3oMjxPdyX7juWV8DXUZKFM-1/islands-68,2023-09-09 17:01:21,Быстрое обслуживание,5,"Спасибо, мы стараемся! Приятно, что вы это оценили 😊"
87,Александр Шнурко,https://avatars.mds.yandex.net/get-yapic/63032/VPHrhIIzy4VLQbxRdKr9HyRqKhQ-1/islands-68,2023-04-08 05:04:31,Качество обслуживания точно нужно улучшать,3,"Мы понимаем, что каждый клиент ожидает от нас высокого качества услуг и постоянного совершенствования сервиса. Работаем над этим. Надеемся, что в дальнейшем обслуживание будет соответствовать вашим ожиданиям."
88,Елена Яковлева,https://avatars.mds.yandex.net/get-yapic/25817/b1LXj9SecFqPNYuwweN825MSymE-1/islands-68,2023-01-27 16:40:21,Очереди нет. Грмотный вежливый персонал,5,Благодарны вам за пятерку и добрые слова о работе наших сотрудников))
89,Р-Н,,2022-01-17 18:38:31,Всё отлично. Персонал вежливый. Решили вопрос быстро.,5,
90,Дмитрий Орлов,https://avatars.mds.yandex.net/get-yapic/28053/0foWeaXAePWVFhM9ELnzfyScy40-1/islands-68,2021-12-04 09:37:18,"Удобное расположение, вежливый персонал, очередей практически нет",5,
91,Юлия Свирина,,2023-08-24 19:13:15,Отличное отделение!,5,Ваш положительный отзыв – наша лучшая награда 😊
92,"""КлинЧип""",https://avatars.mds.yandex.net/get-yapic/15430/KSnAx1hM64CLrR9t1ilJYH6xu8-1/islands-68,2021-07-15 17:54:15,"На самом деле, готовился ругаться. Но сотрудница вникла, подключила коллег и вопрос был решён положительно. От ВТБ я ожидал худшего))) Меняются к лучшему. Молодцы!",5,
93,Данила,,2021-05-13 08:11:11,"Обращался ни раз с дедушкой пожилым, всегда с пониманием относились, объясняли так, чтоб он понял. Очень благодарен сотрудникам за понимание и терпеливость) советую",5,
94,Galina Y,,2021-04-01 09:12:54,Отвратительное обслуживание. Сотрудники заточены на то чтобы втюхать продукт и поэтому часть инфомации не договаривается. Будьте очень внимательны покупая инвестиционные паи - всё не так как обещают менеджеры банка,1,
95,Дмитрий Клеймюк,https://avatars.mds.yandex.net/get-yapic/53031/RroBQoELOVCk4LfkU3Z9u8MMfY-1/islands-68,2022-09-07 20:52:25,"Оформлял кредитную карту, сотрудница помогла всё сделать как надо.",5,"Мы рады, что обслуживание в Банке оставило у вас приятные впечатления, и спасибо Вам за то, что уделили время и написали этот положительный отзыв о работе нашего сотрудника."
96,Виктор Ахматов,https://avatars.mds.yandex.net/get-yapic/50595/n1Gd2Kx50WsHZDi11y48AR9ghsE-1/islands-68,2021-09-09 08:40:12,"Классный филиал, персонал на позитиве, все грамотно доносят 
Очереди нет",5,
97,Смирнова Наталья,https://avatars.mds.yandex.net/get-yapic/23186/enc-e82256b99a059e8e19bdc03304045f3af24874f4dc922b4eb50b455107676f1a/islands-68,2021-08-01 16:12:22,"Самый лучший банк! Персонал очень вежливый, готовы помочь с любым вопросом.",5,
98,Татьяна С.,,2021-06-16 12:41:04,"Отвратительное Обслуживание. Начальник отделения, даже не вышла, чтобы помочь решить проблему своим сотрудникам! У них постоянный сбой компьютерных программ.",1,"Сожалеем, что у Вас возникла такая ситуация при обслуживании в Банке. Мы не оставим без внимания Ваш отзыв и обязательно проведем проверку. Мы стремимся к повышению уровня клиентского обслуживания. Нам важно, чтобы каждый клиент оставался под приятным впечатлением после обслуживания в Банке. Надеемся на дальнейшее плодотворное сотрудничество."
99,Сергей Амплеев,,2021-03-28 09:22:55,"Чисто, просторно. Но, как правило, очередь движется медленно и это раздражает. Если в помещении больше 3 клиентов, почти гарантированно зависаешь на час.",4,
100,Роман Медов,https://avatars.mds.yandex.net/get-yapic/27232/hxczIClXr5JLwltFdBN5A2WW2g-1/islands-68,2021-11-01 11:58:20,"Очень аккуратный зал, очередей практически нет, обслуживание быстрое",5,"Рады, что Вам понравилось. Ждем Вас снова 😃"
101,Александр Зимин,https://avatars.mds.yandex.net/get-yapic/51169/CLaa9KBKqxmljnLiok3djT1Ziv8-1/islands-68,2021-12-11 08:57:08,"Огромный банк. Как обычно, есть очередь. Обслуживание было хорошим и понятным.",5,
102,Мой аккаунт,,2022-03-10 17:23:27,Не умеют закрывать ОФЗН даже руководитель отделения.Нет Инвестиционного консультанта,1,"Благодарим вас за отзыв. Обязательно обратим внимание на ваши замечания. Хотим отметить, что в офисе есть сотрудник по брокерскому обслуживанию."
103,Михаил Новик,https://avatars.mds.yandex.net/get-yapic/48449/qHNnTe3hmlgp0LVdZq0LBvkU-1/islands-68,2021-09-14 13:47:43,"Большой офис, всегда свободные банкоматы. Удобное расположение.",5,
104,Афатдин Сафаров,https://avatars.mds.yandex.net/get-yapic/43978/QBWC2HWnNjyXGkChRENYJVMs-1/islands-68,2022-08-14 21:08:45,Очень плохие сотрудники!!! Особенно Ангелина Позор ВТБ !!!,1,"Хотим разобраться в ситуации. Для этого просим направить на наш адрес SMedia@vtb.ru ваши ФИО, дату рождения и подробности ситуации, которая стала причиной такой низкой оценки. В теме письма необходимо указать «Яндекс, Москва, Бутырская улица, 11, 15.08.22». Обязательно изучим информацию и примем меры 👌"
105,Александр Б.,,2023-01-18 11:40:42,Пришел открыть рас. счет просидел 40 мин,1,"Александр, приносим извинения за длительное ожидание. Мы проведем проверку и выясним причины длительного обслуживания. Примем меры для увеличения скорости обслуживания."
106,Sergei,https://avatars.mds.yandex.net/get-yapic/48449/gxmD0cNyatsRsBxEZ4mqMdsyh8-1/islands-68,2023-08-12 11:14:39,"Постоянные очереди, мало работающих окон, блуждающие сотрудники.",3,"Поверьте, мы всегда стремимся быть лучше. Мы обязательно обсудим с руководителем офиса все детали, описанные в отзыве, и учтем ваши замечания. Простите, что заставили вас ждать."
107,Владимир,https://avatars.mds.yandex.net/get-yapic/50595/thRH88zHQwUDTwcePuQHqWDEA8-1/islands-68,2021-05-08 17:45:33,Рядом с домом. Удобно. Вежливый персонал. Большой выбор услуг.,4,
108,Svetlana Chirkunova,,2022-01-18 11:46:02,в окно 1 приняли быстро но в кассу пришлось ждать 30 минут так как сотрудник пошла обедать,1,
109,Grigory Artamonov,https://avatars.mds.yandex.net/get-yapic/26057/IyXaNWqXfMv6BK7IBzETfzIfzog-1/islands-68,2023-01-10 17:44:23,Интернет сервисы всё хуже и хуже!,3,"Поверьте, мы стремимся быть лучше. Обратная связь нам помогает понять наши проблемы и принять меры для улучшения сервиса и обслуживания. Благодарим Вас за отзыв."
110,Arss,https://avatars.mds.yandex.net/get-yapic/50595/9bpesUpphPnr6kwn8nAdBkiVMtA-1/islands-68,2022-10-03 12:15:28,"Отдел по работе с юр лицами хороший
С физиками тупят",5,"Рады, что остались довольны обслуживанием. Передадим благодарность сотрудникам отдела по работе с юридическими лицами. Также примем меры для повышения качества обслуживания в отделе по работе с физ. лицами."
111,Артём Игитян,,2019-06-11 12:34:41,"Неважно какого размера очередь, ждать вы будете долго.
Для персонала является нормой встать и уйти по своим делам даже в пиковые часы. 
1 раз я приехал сюда, чтобы оформить ипотеку. Сразу не разобрался какой пункт выбрать в терминале, выдающем талоны. Сотрудник банка показал куда тыкать. Когда очередь дошла до меня (прошло минут 40), выяснилось, что это отделение вопросами ипотеки не занимается. Т.е. непонятно на кой там в терминале вообще нужен этот пункт с ипотекой, и почему сотрудник банка сразу мне ничего не сказал. 
В общем, лучше проехаться до другого отделения банка, чем посещать это",1,
112,Ирина Киселева,,2022-04-23 14:38:25,Четкая доброжелательная работа сотрудников.,5,
113,александр корбут,,2022-06-09 13:07:18,"Медленное обслуживание, работает только два сотрудника!",2,
114,Са-ша Г.,,2020-06-05 15:27:41,"Люблю это отделение. Обычно вопросы решаются быстро. Обращалась 03.06.2020, помогли активировать карту. Хотя так и не поняла, почему при закрытии счета 05.06.2020 по зарплатной карте, сказали, что деньги со счета смогу получить только 07.07.2020. Таким образом, он оставили меня без зарплаты)",5,
115,Ярослав,https://avatars.mds.yandex.net/get-yapic/45848/sY8Hm5wQWzR4rvgpOs1rbtqk-1/islands-68,2021-03-16 17:27:09,"В целом хорошее отделение. Иногда в предбаннике тесновато у банкоматов. Единственный раз ждал в очереди в зале более часа, но это было связано с тяжёлыми ситуациями по предыдущим клиентам.",5,
116,Илья,,2021-12-22 09:07:07,"Длительное ожидание в очереди. Лучше вообще не заходить, ушел, так и не дождался.",1,
117,Ольга Салтиева,,2022-04-27 17:01:37,Офис с высочайшим качеством обслуживания!!!,5,
118,Петра,https://avatars.mds.yandex.net/get-yapic/37154/kuRrFBnM12VJVaSnOTZ18e2GQ-1/islands-68,2020-08-01 15:24:03,"Лжевалютная ипотека в японских иенах с 2008 года. Муж пытался оплатить месячный аннуитетный платёж, конвертируют по курсу ЦБ плюс 6 рублей!!!! В договоре прописан льготный курс не более 0,5 рубля к курсу ЦБ. Экономист Максим Поляков не в курсе типа. С руководством контакта нет. КОГДА НАСЫТИТЕСЬ УЖЕ, в ГРОБ , как Лужков, ВСЕ СОБИРАЕТЕ?!",1,
119,Елена Панина,,2021-09-29 17:45:17,Удобно расположен. Вежливый персонал.,5,
120,Алексей,https://avatars.mds.yandex.net/get-yapic/25817/YXVGM3KnH6B6iylDRDqLALEUSW8-1/islands-68,2019-11-30 07:04:00,"Удобно расположен, нет очередей. Работники вроде знают что делают. Перекредитовался недавно, дали хороший процент. Хотя сейчас все снижают ставку. Пока доволен их работой.",5,
121,garret35731,,2019-12-13 18:31:25,"Очень долгое обслуживание - отбивает желание обращаться к ним потом напрочь вообще. Телефон горячей линии ""футболит"" к отделениям, те обратно...ничего внятного обьяснить не могут. Если клиент неинтересен, то с ним не общаются. Это свинский подход. Учитесь у коллег, которые появились позже и относятся по человечески.
Дополню... ""впаривать"" ненужные продукты не нужно. Рядом (а не в Питере), есть более внятное и быстрое. За последние пару лет изменений в лучшую сторону не произошло.",1,
122,Диля Баротова,,2023-09-17 11:07:46,Хорошо,5,Спасибо за отзыв! Будем продолжать в том же духе 💪
123,Александра,,2022-02-06 22:35:38,"Все отлично , всем рекомендую",5,
124,Александра Прекрасная,https://avatars.mds.yandex.net/get-yapic/36777/13hT4MeovnIhibSGBW9Wjx2hZrI-1/islands-68,2022-01-25 17:02:11,"Было бы не плохо, если бы работал в выходные.. а так все отлично!",4,
125,Павел Костриков,,2021-09-13 17:09:37,"Быстро решил проблему, без очередей и людского хаоса. Персонал профессионален",5,
126,Григорий Егоров,https://avatars.mds.yandex.net/get-yapic/32838/ndyktmRRAgOyjlSemvx29rmXzdA-1/islands-68,2022-05-28 06:51:29,"Добиваться не очень удобно, через пень колоду.",3,
127,Евгений Зинковский,,2022-07-22 17:21:04,Хорошее обслуживание! Нет очередей,5,
128,Семен Некрасов,https://avatars.mds.yandex.net/get-yapic/31078/zNfM9q7RmwzqUjbO4UU1CI3IQ-1/islands-68,2023-01-01 10:33:49,Понравилось внимательное отношение сотрудников.,5,"Рады, что Вам понравилось. Ждем Вас снова 😃"
129,Инкогнито 2124,,2023-06-19 20:44:42,"Спокойный офис, не много посетителей.",5,"Рады, что вам у нас понравилось. Ждем вас снова 😃"
130,Bektursun Aibekuulu,,2021-10-05 19:27:16,Да я здесь был отлично обсуживал специалист физически лиц!,3,Благодарим за хороший отзыв о работе наших специалистов!
131,Сергей Молчановский,https://avatars.mds.yandex.net/get-yapic/15298/enc-2128283a70de2bd8712193a2c348fa8498eee9008467e0d4eb455d6405be2647/islands-68,2022-01-27 13:06:05,"Был один раз, ждал 50 секунд, после взятия талона! Все прекрасно!",5,
132,Кафе Má Mì,https://avatars.mds.yandex.net/get-yapic/45848/R9VaGquILErlnrgukmCsNtKkXI-1/islands-68,2022-06-19 12:42:02,Пожалуй самый некомпитентный банк в РФ,1,
133,Конон,https://avatars.mds.yandex.net/get-yapic/45848/vvreteCknnkWR6zpsaXke904-1/islands-68,2021-02-15 12:26:19,"Пришел закрывать счет просидел в очереди минут 30 это долго на мой взгляд,персонал вежливый приветливый!",3,
134,Евгения Циттель,https://avatars.mds.yandex.net/get-yapic/28439/rwg3O27el9UTl4rhV76xoAl1l8-1/islands-68,2023-01-29 17:30:44,Хороший банк,5,"Спасибо вам, очень приятно получать обратную связь 🙏👌 Приезжайте ещё 💛"
135,Labmgsu Labmgsu,,2021-08-29 09:54:16,"Практически нет очередей 

Проблема с парковкой, ее поблизости нет",4,
136,Саша Герасимова,https://avatars.mds.yandex.net/get-yapic/63032/9XttGe4LH3N38JLKII8DgbZUmtE-1/islands-68,2022-07-27 15:26:50,"Посетив банк, оказалось, что ещё подсунули ещё и кредитную карту, хотя я его не подтвердила!",1,
137,Alexander Sokolov,,2022-09-13 09:43:54,Сервис пока на четвёрку,4,"Благодарим Вас за отзыв. Нам очень важно знать Ваше мнение. Мы стремимся к тому, чтобы быть лучше. Проведем работу в целях улучшения качества обслуживания."
138,sirojiddin r.,https://avatars.mds.yandex.net/get-yapic/40138/enc-f0b4677d566a57d11ae4c5a49237c6859179de6743d123de46ab0377d5114e3c/islands-68,2022-12-13 17:31:12,Отличный банк,5,"Спасибо, рады стараться 😃"
139,Владислав,https://avatars.mds.yandex.net/get-yapic/39803/eiNe9mo1ngbLJwoBzpS29HxaWn0-1/islands-68,2019-12-03 05:12:34,"В данном случае оценка не банку, а персоналу в отделении, Ведут себя надменно, вызывающе. Как будто клиенты для них, а не они для клиентов. Руководству точно стоит обратить внимание на проф пригодность операционистов за стойкой. Такое поведение точно вредит реноме банка.",1,
140,Tim,https://avatars.mds.yandex.net/get-yapic/43978/WiKPl4w2LWBTLaTDB9ZZEJ3so-1/islands-68,2022-04-25 19:07:18,Хороший и надёжный банк!,5,
141,Татьяна,,2018-09-15 10:00:01,"Я являюсь постоянным клиентом банка втб 24. Вчера я весь день плакала из-за халатности сотрудников данного отделения! Бывший банк Москвы, после объединения. Я 13 сентября приехала в банк и досрочно погасила полностью свой кредит, объяснив сотрудникам, что мне это нужно сделать срочно и получить справку о закрытии кредита. Тк я могу потерять большие деньги. Сразу хочу обратить внимание, что и кассир тоже не клиентоориентированный. Мне сотрудница в кассе хамила и постоянно говорила поторопитесь и давайте быстрее. Так себя не ведут сотрудники хорошего банка, особенно, когда им отсчитывают большую сумму. На этом история не закончилась. 14 сентября я должна была получить справку и мой кредит долден был закрыться, тк 13го я внесла всю сумму! В итоге по вине менеджера, которая как выяснилось, не правильно распределила мои деньги и положила не туда, мой кредит не закрылся и я потеряю миллионы, тк необзодимо заново оформлять процедуру и только 16го дегьги могут поступить и только 17го я могу получить справку, а это поздно и моя жизн будет уже сломана! По вине сотрудников банка! Прошу проверить данное отлелание, оштрафовать сотрудников и уволить. И прошу возместить мне те деньги, которые у меня будут сняты за те дни, которые сейчас идут до закрытия кредита! Деньги я внесла 13го! Это халатное отношение к работе и ошибка сотрудников банка!!! Прошу срочно закрыть мой кредит, тк я всю сумму внесла и выдать мне справку! Иначе мне придется обращаться в суд.",1,
142,Роман,https://avatars.mds.yandex.net/get-yapic/15298/enc-8e347ff16da39c637788b44e8ec7bc93ab0efb114d01455b16146e2de4bc86f6/islands-68,2022-11-22 17:26:09,Банк как банк,5,"Рады видеть, что Вы оценили нас на 5 ⭐"
143,Сергей Аршава,,2021-09-16 19:34:16,Великолепное отделение банка. И сотрудники тоже.,4,
144,Юрий,,2023-02-17 18:23:59,Приемлемо.,3,Спасибо за отзыв! Приняли во внимание.
145,GOR,https://avatars.mds.yandex.net/get-yapic/56823/enc-0df922eb29fe9bd3cbf6970430df684c3e217cfb7d870da87ce7abc9b77e2cf7/islands-68,2022-07-05 08:28:21,Банкоматы в норме,5,
146,Evgeniy,,2020-02-09 06:56:03,"Можно сделать всё что надо, сухо тепло светло, персонал разговаривает и обясняет. Все морально скучно и сухо.",4,
147,Решала,https://avatars.mds.yandex.net/get-yapic/57243/bowNkz0wJ1ia3KhRpESaBtQU-1/islands-68,2022-09-05 12:17:44,Пришлось быть настойчивым что бы получить услугу в этом банке.,4,Благодарим вас за хорошую оценку. Ваш отзыв мы не оставим без внимания.
148,Ким,https://avatars.mds.yandex.net/get-yapic/45848/Mhl2G2bPhLkcF5JRI44SBxlQ0-1/islands-68,2021-05-04 10:00:15,Документы быстро оформили. Все устроило.,5,
149,А.,,2020-03-14 15:10:29,"Внимание! По субботам работают до 17:00! Уже не в первый раз проблемы именно с этим отделением, хотя и вообще этот банк почти как сбер",1,
150,Андрей,,2019-07-25 13:16:25,В этом отделении был достаточно часто. Обслуживание быстрое и качественное. Рекомендую,5,
151,Anna,,2019-10-16 13:32:23,"Хорошее отделение, периодически аврал и очередь, но ребята стараются (есть с чем сравнивать)",5,
152,Rommel,https://avatars.mds.yandex.net/get-yapic/61207/CWwSObmP47UskGUe4wQWc0oJSs-1/islands-68,2020-08-05 14:29:16,"Это не ВТБ, а ВТБ Привилегия. Он не принимает обычных клиентов. Только в заблуждение Карты вводят",1,
153,Виталий Третьяков,https://avatars.mds.yandex.net/get-yapic/42215/ygC1B1nWqPvMlmN1T7oYZrfUNzw-1/islands-68,2020-02-10 22:41:44,"Сотрудники банка не могут ответить на элементарные вопросы при посещении. И суть их местонахождения там, непонятна.",3,
154,Дмитрий Ривкин,https://avatars.mds.yandex.net/get-yapic/21377/enc-194c5d82bc8b102c59ac0fc5763612bd/islands-68,2019-12-19 08:44:32,Быстрое обслуживание приветливый коллектив очень хвалю этот банк.,5,
155,Stan,https://avatars.mds.yandex.net/get-yapic/40138/XzVxO0GXXqtvLJxIMV8o2TJgQc-1/islands-68,2020-12-09 05:47:15,"Очередей нет, но сотрудники грубые и уставшие. ВТБ в приципе - банк так себе...",3,
156,Татьяна В.,https://avatars.mds.yandex.net/get-yapic/68143/enc-aaff198b3fb7788781f7bec718d9411de0ce88243222f0bac1426bbb9ad280da/islands-68,2018-06-06 12:45:11,"Грубое отношение оператора к клиенту.
По нотариальной генеральной доверенности от матери-инвалида (в коляске) на сына, отказались заключать (возобновить после слияния двух банков) договор, заявив, что штатный юрист обязан проверить нотариальный документ. Что за идиотское правило, глупость на уровне дебилизма? Проверка будет длится семь дней до 13 июня.
Обратите внимание! Из 10 отзывов - 8 НЕГАТИВ.",1,
157,Роберт,https://avatars.mds.yandex.net/get-yapic/51381/6WSdLGjQ3Sxw8iMB19F7EoEPG78-1/islands-68,2021-03-17 12:09:34,"Если идти в субботу, то народу не много. Вообще не ждал",5,
158,Александр М.,,2018-10-05 14:32:06,"Отвратительное и долгое обслуживание. Сервис не полный, говорят, что к ВТБ отношения не имеют, т.к бывший банк Москвы. Управляющего и старших менеджеров после 16:45 в отделении нет на месте, отдыхают. Не могут даже копию платежного поручения распечатать.",1,
159,Lidar,https://avatars.mds.yandex.net/get-yapic/40841/gxsHsxCNwx4YyhNMvnS1NYEW9ZA-1/islands-68,2021-08-17 14:38:14,Как все банки(не берите кредиты,5,
160,Артур Валериевич,https://avatars.mds.yandex.net/get-yapic/45566/z27VqgeptpHnP4LTgzdcJlKKwA-1/islands-68,2021-04-07 21:06:09,Банкоматы не читают карту с телефона (NFC),1,
161,Сергей Б.,,2019-04-14 10:56:58,"Удобное отделение, отзывчивые сотрудники, достаточное количество терминалов.",5,
162,Илона Борисова,,2021-04-28 15:40:46,"Ужасное отделкние, хамский по рсонал",1,
163,Deus_Zeus,https://avatars.mds.yandex.net/get-yapic/47747/iGqhe7b1X6c7hvjHtjEPMc2bA-1/islands-68,2021-12-01 13:18:52,С парковой туго.,3,
164,Алексей,https://avatars.mds.yandex.net/get-yapic/29310/kUrGbZMOkP9nJBzaWQENakQk0-1/islands-68,2020-07-11 17:01:50,Приятное помещение. Внимательный персонал.,5,
165,Anastasia,https://avatars.mds.yandex.net/get-yapic/21377/RREvOmPa0b9fUoaSyWejN1PH04-1/islands-68,2018-07-19 14:45:22,"ужасное отделение! всё ооочень медленно. пришла, сидит три человека, работает 4 окна. взяла талончик. за это время успела выулять около отделения собаку и чуть не упасть в обморок. а потом меня вызвали, спустя 45 мин. и ещё 35 минут оператор проверяла в базе данных мой снилс. собственно говоря, я пришла просто подтвердить то, что это мой снилс, так как банк отказал моему работодателю в выдаче мне зарплатной карты из-за несовпадения данных. (вопрос откуда я или мой снилс вообще в базе этого банка остался открытым)",1,
166,Татьяна,https://avatars.mds.yandex.net/get-yapic/21493/enc-4f7dff18a13a74f8d8bf33b61be8973498eee9008467e0d4eb455d6405be2647/islands-68,2020-09-18 08:43:14,"Удобное расположение офиса, быстрое обслуживание.",5,
167,Елена М,https://avatars.mds.yandex.net/get-yapic/27274/8ifZgyiGVjzlHoJkWgojAvf3w-1/islands-68,2022-03-29 17:20:10,Все хорошо,5,
168,Юлия Давлятшина (moltenro),https://avatars.mds.yandex.net/get-yapic/38436/enc-88a28729727d1a92b30ee9708d5b87139fcba7f26012e8d3bfaabca6186ea63b/islands-68,2020-01-22 09:24:58,Долгое обслуживание и некомпететные сотрудники. Испортило все впечатление о ВТБ,1,
169,Яков Лейбман,https://avatars.mds.yandex.net/get-yapic/64336/kcyMR8LN6eqj9YoIATHhaccTTpA-1/islands-68,2019-10-03 05:31:19,"Как и все остальные отделения. Работники неприветливые, но оно и понятно, они же «банкиры» .",4,
170,Лидия Михайлова,https://avatars.mds.yandex.net/get-yapic/43473/74pAjLy2gy9k8NEXT5mr0IlkjMg-1/islands-68,2021-06-24 11:22:04,быстро обслуживают,5,Ваш положительный отзыв для нас – лучшая награда 😊
171,Светлана М.,,2018-01-22 06:29:11,"Все очень медленно. приехали оформить кредит, прождали электронную очередь больше часа, имея специальное предложение нам сказали что без страховки в 60-70 тыс удачи не видать, сотрудники не заинтересованы в новых клиентах! надеюсь такая ситуация только в этом отделении.",1,
172,Константин Гуреев,https://avatars.mds.yandex.net/get-yapic/41409/v5BbvfBEvAuyM2Nmmc0IHd1Pw-1/islands-68,2021-06-26 18:51:17,Неторопливая контора..,3,"Благодарим Вас за отзыв. Примем к сведению данную информацию и проведем необходимые мероприятия, которые позволят сократить очередь и решить оперативно вопрос клиента."
173,Александр Шушпанов,https://avatars.mds.yandex.net/get-yapic/31804/27haixX4BZ5gqxk0YKDaTyrMg-1/islands-68,2020-05-23 07:04:57,"Любые кредиты не выгодны, но сервис подкупает",5,
174,Тимур Б.,https://avatars.mds.yandex.net/get-yapic/27232/BiAqMCN2Z0KTkc8bPzme8FX8OZQ-1/islands-68,2020-02-06 15:14:30,"Втб, как Втб. Но большинство из менеджеров отзывчивый.",4,
175,Open Game Krasivo jit,https://avatars.mds.yandex.net/get-yapic/47747/ZLWfkK35tNBEQzLTeXtVMGRFCXA-1571035305/islands-68,2019-06-24 10:09:36,"Очень плохо работают, медленно долго, тянут , сидят не чем не занимаются, а люди стоят ,жара а воды нет , отстой.",2,
176,Юлия Олейник,,2018-06-01 11:14:11,Не работают банкоматы! Старые и постоянно сбои! Забирают Карты! А сотрудники никак не решают проблему! В общем подальше от такого обслуживания...!!!!!!😡,1,
177,Антон Балякин,https://avatars.mds.yandex.net/get-yapic/28053/BNYvIJzN0OZFcU3COojtZztSXOU-1/islands-68,2019-09-17 05:13:22,Отличный персонал. Быстро обслуживают. Не вещают лапшу на уши.,5,
178,Олег,https://avatars.mds.yandex.net/get-yapic/20706/enc-01b723a15d4d9f5003d43fdea5d7c401/islands-68,2018-12-10 16:22:47,"Просторный офис, хорошие диваны. Вежливый персонал.",5,
179,Наталья Селиванова,,2022-01-21 16:45:35,Нармально,5,
180,Qween2019,https://avatars.mds.yandex.net/get-yapic/29310/sExRDLAvnfnbSZ46fO35prBRpk-1/islands-68,2020-07-04 22:17:00,Ненравиться обслуживающий персонал.,1,
181,Алексей,https://avatars.mds.yandex.net/get-yapic/44850/4JAbjnzcMAMRfgk5ysPOE5IFJs-1/islands-68,2019-08-10 08:18:48,"Безграмонтный персонал, ужасный онлайн банк, ну и чистотой помещение не блещет.",2,
182,Иван Л.,,2018-07-18 15:08:12,"Очень медленное обслуживание. Операторы отвлекаются от обслуживания клиентов на телефонные звонки. Кроме того, это не полноценное отделение ВТБ, а бывшее отделение банка москвы, поэтому часть операций в отделении выполнить не смогут, но узнаете вы об этом через 40 минут ожидания в очереди.",1,
183,Алексей,https://avatars.mds.yandex.net/get-yapic/40841/enc-cb4ac2674b5826ed61a18d6c287846de34db150df9f2eb38ef91afdc57ecb5cb/islands-68,2019-11-23 08:54:41,"Хорошее отделение, вообще рекомендую ВТБ, бывают накладки и здесь, но Сбербанк точно хуже !",5,
184,Галина Семенова,https://avatars.mds.yandex.net/get-yapic/64336/Ar3POSlbQj9eqDM6nPfR24WXs8-1/islands-68,2019-12-15 19:53:39,Нормальное отделение нормального банка. Работают неспешно.,5,
185,Fortels,https://avatars.mds.yandex.net/get-yapic/24700/enc-de31f51bc16c787f8fdf8ed9ffd489d098eee9008467e0d4eb455d6405be2647/islands-68,2020-03-02 15:44:45,Не выявил внимательного отношения к клиентам :(,2,
186,Дмитрий Геннадьевич,https://avatars.mds.yandex.net/get-yapic/40138/j0Av619HSvOSR4ROkM6tlXbPdY-1/islands-68,2020-09-20 21:10:32,Не работают с Юр.лицами,1,
187,Александра Гетманенко,https://avatars.mds.yandex.net/get-yapic/27503/enc-6b4723e2cb9acc79b7d39f4e4e35e4acd7e0bd5bb93624156af2cf2826258e9b/islands-68,2020-11-18 08:17:33,Мой банк! Спасибо!,5,
188,Алексей Семёнов,https://avatars.mds.yandex.net/get-yapic/28053/0y08g9W0hQiG2hMz5QZOpQS65A-1/islands-68,2019-11-15 12:01:55,Большие очереди был клиентом 1год. перевелся,2,
189,михаил ваганов,,2021-06-24 18:51:09,Плохое обслуживание(((,1,"Нам очень жаль, что после обслуживания в Банке остаются негативные впечатления. Главная наша цель – оперативное и качественное решение вопросов клиентов. Обязательно проведем проверку в офисе. Надеемся, что в дальнейшем обслуживание будет соответствовать Вашим ожиданиям."
190,o$,https://avatars.mds.yandex.net/get-yapic/15298/enc-635919b4105c4f2b9c447a6d7b9ea96598eee9008467e0d4eb455d6405be2647/islands-68,2019-02-02 10:23:36,работают 3 человека из всего зала на 9 окон. оооооочень все долго,3,
191,Роман харясов,,2021-06-13 19:55:42,Всё норм,5,Большое спасибо за 5 ⭐
192,rombernik,https://avatars.mds.yandex.net/get-yapic/28439/BFzYQOsco3r27mWsVPaQc0iEY-1/islands-68,2018-04-03 11:51:34,"Хорошее, чистое отделение, приветливый персонал.",5,
193,Alex Nau,https://avatars.mds.yandex.net/get-yapic/44850/GHzvwOlYZa3f6u3g3DcvCgcCH1I-1/islands-68,2020-01-02 13:09:43,"Банк как бынк, офис как офис.",2,
194,andrew,,2019-08-07 11:45:38,"Ужасное отделение, вечно толпа народа и скучаю щит операторы которые не жаждет общения с клиентами",2,
195,It’s me,,2019-07-25 12:43:37,"Хорошее отделение, удобное расположение",4,
196,АРТЁМ АРТЁМОВ,https://avatars.mds.yandex.net/get-yapic/30955/O4C96bUwXPJPdODiq5GE1Hkyq7w-1/islands-68,2020-04-08 11:19:27,Хорошие консультанты!,5,
197,Екатерина П,https://avatars.mds.yandex.net/get-yapic/30955/Ni7fxiQ2cyfvoizdrNPXT1W7Q-1/islands-68,2019-11-02 09:12:17,"Мало сотрудников,большие очереди.",3,
198,Дмитрий К,,2019-10-13 09:16:02,"Большие очереди, долго ждать",4,
199,Сергей К.,,2018-08-21 16:23:18,Ужасное ДО! Сотрудники еле шевелятся. Мест для ожидания всем не хватает!,1,
200,Александр,,2019-08-02 12:44:45,Медленное обслуживание и не всегда компетентный персонал.,3,
201,Денис,https://avatars.mds.yandex.net/get-yapic/40138/EBKez6csLHgrQT1Dzb8xWH31Qc-1/islands-68,2019-08-05 06:24:19,Очень хорошо обслужили.,5,
202,Александр Клименко,,2018-04-03 13:26:05,"Не посоветую , очереди в любое время суток
Долгое ожидание от 20 до 60 минут",1,
203,наталья к.,https://avatars.mds.yandex.net/get-yapic/57243/4cB9PxGO001ffNi54krraOBHHAM-1/islands-68,2019-09-15 13:56:15,Прекрасные специалисты.,5,
204,Олег Л.,https://avatars.mds.yandex.net/get-yapic/62162/YbjgKNz1FmOJmO84zREAoqlSmY-1/islands-68,2019-09-30 16:31:11,Медленное обслуживание.,4,
205,Helen Rudneva,https://avatars.mds.yandex.net/get-yapic/20706/enc-888d80f3762db9933a38a728c70efd2975e174156018245c4cfe7b34b4e2e489/islands-68,2019-11-12 19:29:22,бестолковые менеджеры,1,
206,Светлана Строганова,https://avatars.mds.yandex.net/get-yapic/26311/enc-5b9b1d3d8ac326ed3ee0dc0d04137c58f55166c63db4f270a3df699932de0bc1/islands-68,2019-11-04 03:52:37,Всегда долго ждешь,4,
207,Кудрявцев Максим,,2018-04-06 06:48:49,"все очень медленно. почти нет людей, но работает только 3 окошка",1,
208,Rathenn,https://avatars.mds.yandex.net/get-yapic/43978/HUxJB8GxQaPLwmiAkJuqCWsqnI-1/islands-68,2018-05-28 11:17:23,Капец какое медленное обслуживание((( то от спецов мало то ли ещё что... но справку ждал час с лишним((,2,
209,Шмаков Евгений,,2018-08-24 08:19:35,Из 7 сотрудников работают только 2 и то еле-еле,1,
210,Валерий К.,,2018-07-30 15:18:33,"Нет очередей никогда , вежливый персонал",5,
211,Николай,https://avatars.mds.yandex.net/get-yapic/63032/chUTcIho0aokCzDJxA2wSmc0eU-1/islands-68,2019-09-01 11:34:02,Неграмотные сотрудники,2,
212,Юрий Куликов,https://avatars.mds.yandex.net/get-yapic/39803/uJMHrAB224XtwbkqqYPIirKfLPU-1/islands-68,2020-07-24 16:16:47,Туда сюда,5,
213,Алексей К.,,2018-03-01 09:29:07,Большая очередь хотя специалисты свободны но не вызывают,2,
214,Константин М,,2018-10-01 15:55:56,"Слушайте, реально самое заторможенное отделение втб из всех где был.",1,
215,Анастасия П.,https://avatars.mds.yandex.net/get-yapic/41409/enc-8e3e3a63233841faea01863276d74cfc6c10a1cc21b613112a0bce453f16e352/islands-68,2018-03-20 19:03:54,Быстро помогли со всеми вопросами,5,
216,Анонимный отзыв,,2020-05-28 07:39:37,"Втб24, фото старое",5,
217,,https://avatars.mds.yandex.net/get-yapic/31804/Wrh5qlRHl93BylEr1SbLvll7pw-1569623074/islands-68,2019-09-18 08:37:01,,5,
218,Алексей,,2019-12-25 07:14:12,самый бестолковый банк,1,
219,Антон,,2018-08-20 12:45:59,Это самый ужасный банк. В 21 веке стыдно такими быть.,1,
220,Анна К.,https://avatars.mds.yandex.net/get-yapic/44850/HSL9R8lXuzc76DT0DuJZNJmfpho-1/islands-68,2019-09-23 12:03:52,Нормально,5,
221,Николай П.,https://avatars.mds.yandex.net/get-yapic/50071/sag2b9gjKmGAhQCwf4CtA1YqxE-1/islands-68,2018-04-06 07:00:18,Очень долгое ожидание,1,
