,name,icon_href,date,text,stars,answer
0,Елена Александровна,https://avatars.mds.yandex.net/get-yapic/43978/enc-8821968bbdfd799015383d23b35c2b5c548488cc74d6cf961c5f5bc0e8b0b357/islands-68,2023-12-06 17:52:29,"В этом отделении все сотрудники прекрасны, всегда приветливы, всегда помогут, объяснят, сделают оперативно. Отдельно, хочется выделить менеджеров по работе с юр.лицами - они крутые специалисты, особенно для нас это менеджер Юлиана - не первый год работаем именно с ней и компетентнее сотрудника нам кажется сложно найти, нет проблем и ситуаций возникающих во время работы, которые она не поможет решить.",5,Довольные клиенты - наша лучшая награда. Благодарим за высокую оценку работы нашего сотрудника 💛
1,Владислав Е.,,2024-03-13 10:31:15,"Прекрасный, профессиональный персонал. Все очень вежливы и тактичны. Был сегодня там для решения одного сложного вопроса, безмерная благодарность за его решение специалисту Дарье Еремкиной. Все сделала на высшем уровне.",5,"Для нас очень ценно то, что вы остались довольны визитом к нам и поставили столь высокую оценку нашей работе. Постараемся и в дальнейшем радовать вас 🙂"
2,Ольга Камышанская,https://avatars.mds.yandex.net/get-yapic/31078/Ec8jAAQPIUAaqA028CzUX4xrqmg-1/islands-68,2024-01-05 15:27:42,"Отделение со стандартным набором банковских услуг. Персонал вежливый, готовы помочь по мере сил. Снаружи есть круглосуточный банкомат. Очередей почти не бывает.",5,"Спасибо, что поделились своими впечатлениями. Мы очень ценим обратную связь 💛"
3,Маргарита Сиротенко,,2023-11-17 06:33:32,"Отличный банк! Вежливый персонал, работают быстро! 
Самый лучший банк, очень рада что являюсь клиентам банка ВТБ🔥",5,Спасибо за приятный отзыв. Довольные клиенты - наша лучшая награда 👍
4,Константин Андреев,,2024-04-01 14:23:09,"Обслуживание вежливое, но компетенция некоторых сотрудников оставляет желать лучшего. Вместо обычных 30-40 минут в других офисах, здесь чтобы снять деньги по разрешению финансового управляющего ушло более 2-х часов...",3,"Мы сожалеем, что у вас возникла такая ситуация во время визита в наш офис. Со своей стороны, обязуемся провести комплексную проверку вместе с его руководителем и принять соответствующие меры. Простите за неудобства!"
5,svetlanka *.,,2023-11-17 06:42:44,"Хорошее обслуживание, все быстро и четко. Срочно нужен был кредит, подключилась заведующая, все сделали в день в день",5,"Спасибо, что воспользовались услугами нашего банка! Приходите к нам ещё 💛"
6,Юнесс,https://avatars.mds.yandex.net/get-yapic/29310/KPhiqA39kZQXbRQctCVg6AgOrHk-1/islands-68,2023-06-05 21:24:48,"Банк отвратительный. Мало того, что пожалел в целом об открытии счёта: бестолковый менеджер, который заинтересован тобой только до момента открытия счёта, а потом растворяется, так ещё сам банк и его клиент кривее некуда. Страшно намучался около полугода и перешёл в другой банк. При этом когда решил закрыть счёт здесь через клиент с использованием ЭЦП начали вставлять всевозможные палки в колёса. Сначала заявление было заполнено не по форме, потом образовался долг за месячное обслуживание пустого счёта, которое я оплатил, отправил заявление по форме в 12-14 числах оплаченного месяца. 29 числа (! Через 2 недели) отвечают что заявление не принято потому что «подпись не соответствует образцам», несмотря на то, что я вписал все свои данные в заявлении и подписал электронной подписью. 31го списывается оплата за пользование счетом в размере 2500. При том что я 3 недели назад отправил 3е заявление на закрытие расчётного счёта. Изначально у меня вообще был счёт «старт» без абонентской платы. Если сначала я предполагал что это просто древний банк, то теперь смело считаю его одним из худших и не порекомендую ни одному предпринимателю.",1,"Здравствуйте!
Нам очень жаль, что ваше мнение о Банке изменилось в худшую сторону. Надеемся, что в дальнейшем ещё будет возможность вас переубедить и возобновить плодотворное сотрудничество."
7,ТётЁля,https://avatars.mds.yandex.net/get-yapic/54535/nqwSdWEfZl4AOm2nSs0MoCxrVGw-1/islands-68,2022-12-30 11:04:53,"Один из топовых отделений банка. Расположен удобно . В центр города ,близко метро, есть небольшая парковка огороженная у офиса ВТБ.
Обслуживание на уровне!
Зоя- высочайшего уровня специалист!",5,"Благодарим за положительный отзыв работы. Рады, что вы остались довольны 🙂"
8,светлана верета,,2023-06-22 13:27:37,"Отделение банка ВТБ небольшое в «тихом» центре . Персонал приветливый , работают быстро , 
Из негатива - персонал не всегда носит бейдж, что затрудняет идентификацию сотрудника . Есть и другие недостатки относящиеся к обеспечению безопасности",4,"Светлана, спасибо, нам очень приятно получать обратную связь 💛 Обратим внимание руководителя офиса на ваше замечание. Будем благодарны, если вы поделитесь с всеми подробностями. Не оставим без внимания."
9,Vladimir,https://avatars.mds.yandex.net/get-yapic/47747/qKH6eyEPy2E1HKOHD8yHzJWI-1/islands-68,2023-11-22 12:58:27,"Офис ВТБ, как офис. Всегда свободно. Банкоматы свободны их два в офисе и один на улице. Атмосфера спокойная, без всяких яких.",5,Спасибо за отзыв. Ваш комфорт - наша основная задача 👌
10,сергей с.,https://avatars.mds.yandex.net/get-yapic/25358/PzjMdG4zb6KQ53QAgIHuTsnywCo-1/islands-68,2023-03-29 13:06:16,"Чисто, быстро,чётко и очень красивое место само по себе рядом с отделением. Советую данное отделение, если вам удобна доступность",5,"Очень приятно получить такую высокую оценку, спасибо 😊"
11,Татьяна Жукова,,2023-09-23 18:29:12,"Всё отлично, быстро, конструктивно, лаконично, удобное расположение, вежливый персонал",5,"Благодарим за положительный отзыв, нам очень приятно 👍"
12,Денис Иванов,,2024-02-29 16:39:25,"Хороший офис, для вип клиентов есть стоянка и хорошее обслуживание!!!",5,"Спасибо за положительный отзыв, нам очень приятно 👍"
13,Наргиз👑,,2022-10-26 18:56:51,"Через интернет подавали на юр.лица кредит. Все прошли , сказали все хорошо , надо счёт открыть и вам туда перечислять деньги . После открытые счета , каким то образом был отказ . До открытие счета главный Менеждер отдела с корпоративными клиентами Меляков Дмитрий Александрович , вел себя очень хорошо, названивал , все время писал. Как был отказ , по какой причине , даже не объяснил , писала , звонила нет ответа!!!! Главное для него плюс, что мы открыли счёт ????????? Наша компания не смотря на этот отказ банка, все равно будем работать , но попросим поменять менеджера , что такой менеджер нам не нужен.",1,"Поверьте, мы всегда стремимся быть лучше. Мы обязательно обсудим с руководителем офиса все детали, описанные в отзыве, и учтем ваши замечания. Примите, пожалуйста, наши извинения."
14,mrgr,https://avatars.mds.yandex.net/get-yapic/30061/95zsh71DNpJMFx1UGLGwIV8aa0-1/islands-68,2023-12-05 09:56:03,"Ни в коем случае не стоит ехать сюда. Ужасное отношение. Разводят на то чтобы открыть вам счет для ип, уверяя что он бесплатный, но при открытии оказывается что обслуживание платное и нужно срочно закинуть средства чтоб списалась комиссия. Но проблемма не в этом, а в том что закрыть счет нужно будет именно в этом филиале.",1,"Позвольте пояснить. Стоимость обслуживания и ведения расчетного счета ИП зависит от выбранного тарифа и подключенных дополнительных опций.
Для новых клиентов банка доступен тариф «На старте» с бесплатным обслуживанием счета в первые 3 месяца.
Вся информация по тарифам размещена в открытом доступе на сайте: https://www.vtb.ru/malyj-biznes/otkryt-schet/otkryt-schet-ip/.

Нам очень жаль, что у вас сложилось негативное впечатление о Банке из-за порядка закрытия расчётного счёта!"
15,Вероника Евгеньевна,https://avatars.mds.yandex.net/get-yapic/32838/WCbkGAUlZP3sedATt2ZDQLLHHZg-1/islands-68,2022-11-19 13:11:07,"Отличное отношение, быстрое обслуживание, удобное расположение. 
Оператор рассказала о правилах использования карты Мир, помогла с установкой приложения на телефон, дала ответы на вопросы. Рекомендую",5,"Благодарим вас за положительный отзыв! Обязательно передадим вашу благодарность сотруднику.
Рады, что вы являетесь нашим клиентом и выбрали наш Банк."
16,Анонимный отзыв,,2022-11-15 11:24:13,"Добрый день. Работаю недалеко, хожу каждый месяц в отделение Б. Никитская, 31/33 и каждый раз вижу одну картину, из 8 окон работает всего 2 окна, очередь скапливается, хоть в обед, хоть с утра, халатное отношение, очень долго принимают клиентов(( отпросилась на несколько мин. с работы - простояла 15 мин. в итоге так и не попала(((((",1,"Анжела, приносим извинения за длительное ожидание. Мы проведем проверку и выясним причины длительного обслуживания. Примем меры для увеличения скорости обслуживания."
17,Наталья Меньшагина,https://avatars.mds.yandex.net/get-yapic/43473/jcP0EZerJsKBgiB1eGFa2a8wGE-1/islands-68,2023-08-13 05:52:41,Приятный персонал. Обслужили быстро и профессионально. Банк оставил приятное впечатление.,5,"Благодарим за положительный отзыв, нам очень приятно 👍"
18,сергей о.,https://avatars.mds.yandex.net/get-yapic/15298/enc-91619431fc734a1b8c141b6205f873a9e58dd3c16286397356f6faa5e2319823/islands-68,2023-01-16 16:11:58,"Обслуживаюсь в этом отделении давно. Отличное место, оперативное решение вопросов, вежливый и отзывчивый персонал. Так держать!",5,"Спасибо, рады стараться 😃"
19,Анна Дорошенко,,2023-06-15 14:54:54,"Лучший график работы, оперативно все вопросы решили. Удобная локация, быстрое обслуживание.",5,"Анна, благодарим за положительный отзыв, нам очень приятно 👍"
20,Алексей Атишев,https://avatars.mds.yandex.net/get-yapic/39727/UZxPa2cLgljIvEo3WcrKcfhBZU0-1574553260/islands-68,2024-03-25 06:23:54,"Пришёл чтобы внести мат.капитал в ипотеку просидел 15 минут, сотрудники не знают как и что делать, сказали вы идите, мы вам перезвоним, как найдём решение, но не перезвонили.
В другое отделение пришел, все быстро и понятно рассказали, что и как делать.",1,"Нам жаль, если при обращении в офис Банка сотрудники не смогли помочь в решении вопроса. Обязательно проведем работу для повышения качества обслуживания."
21,Oksana,https://avatars.mds.yandex.net/get-yapic/42215/Q0HIQflevHI584yNRduVCjsA5qI-1/islands-68,2022-12-05 10:11:47,"Узнавала по горячей линии график работы отделения для юр.лиц, сказали, что точно до 19:00. По факту приезжаешь и говорят, что принимают до 18:00. Исправьте в интернет-ресурсах и проинформируйте своих сотрудников на горячей линии по какому графику работаете, чтобы не вводить в заблуждение клиентов и не тратить их время зря. Зачем вообще эта горячая линия, если даже такой вопрос простой не могут подсказать правильно?",3,Спасибо за отзыв! Проверим.
22,Ikromidin,https://avatars.mds.yandex.net/get-yapic/25817/L6u2PSRZutSymDWxAH36yRwrm8-1/islands-68,2023-08-10 17:11:49,Чистота 100% самый лучший сотрудники 😎😎 помогают быстро спосибо.!!,5,Спасибо за отзыв! Будем продолжать в том же духе 💪
23,Aleksei SHevtsov,https://avatars.mds.yandex.net/get-yapic/64336/jpRThAoAxCoAcW8lYTQdJa7CfE-1/islands-68,2023-05-05 18:26:02,"4 ставлю авансом. Уговорили открыть счет. Условия вро де вкусные, со всех сторон. Посмотрю, как будут себя вести... Что б в одностороннем порядке не взяли иииии все испортили. Время покажет)",4,"Спасибо вам, очень приятно получать обратную связь 🙏👌 Приезжайте ещё 💛"
24,Сергей С.,https://avatars.mds.yandex.net/get-yapic/64336/ZIXkgGWWh4LQCAxEY1gm1NkbgnQ-1/islands-68,2023-01-19 11:57:32,"Банк как банк. Но, внезапно оказался ВИП-клиентом. Угостили кофе, были вежливы. Девчонки красавицы. Блин, но как все медленно. Мне нужно было, всего лишь, получить карточку.",5,"Сергей, благодарим за добрые слова о наших сотрудниках. Ваши замечания не оставим без внимания. Примем меры для сокращения времени обслуживания."
25,Ольга,https://avatars.mds.yandex.net/get-yapic/49368/enc-15f62555bca41e3b1a78d75e9c2c16a8ec01a1aaf4b8c43d044852a5f9acd9ea/islands-68,2022-09-11 17:58:38,"Первое посещение порадовало очень. Все быстро и четко. Но второй раз... это кошмар! Сотрудники как сонные мухи, еле ходят, вальяжные и медлительные. Менеджера ждали человек 5 и никто не знал где он! Пол часа потрачено зря. Не советую, разочарована",3,"Сожалеем, что вынуждены были потратить ваше личное время на ожидание в очереди. Примем меры и исправимся 💪"
26,Эдо,https://avatars.mds.yandex.net/get-yapic/65952/UEKJ0rXI83Id3xNQyMH5gt7cBQ-1/islands-68,2022-02-06 11:37:06,"Неплохое отделение. Получал тут зарплатную карту. Был в очереди 4-м, вместе с ожиданием своей очереди, получение карты заняло у меня по времени примерно 45 минут. Из минусов, немного не удобный график работы данного отделения. Первый раз приезжал туда после работы. В 18:15 Вас уже не примут, объяснив это тем, что прием физ.лиц ведется до 18:00. Хотя на сайте время работы указанно до 19:00.",4,
27,Константин Абрамов,https://avatars.mds.yandex.net/get-yapic/31078/mlzkBfZvVeKp3A9YqCkSkTJcZP0-1/islands-68,2022-06-06 17:16:06,"Обслуживание отвратительное, отношение наплевательское, персонал такое впечатление что я у них первый клиент в жизни, простейшие вопросы решить не могут, очередь создают искусственно живую, сами пробивают талоны чтобы не нарушать электронную и при этом я думал что там наладится что-то (был и при открытии и в дальнейшем) но ничего не меняется со временем как было так и есть АБСОЛЮТНО ВСЁ!!! Видимо пока руководство филиала не поменяется там ничего не изменится.",1,
28,Алексей Демьяненко,,2023-03-05 12:56:49,Довольно быстро и оперативно обслужили приятные люди. Нет нареканий,5,Спасибо за отзыв! Будем продолжать в том же духе 💪
29,master spanish,,2023-06-22 13:37:16,"Если хотите просидеть часок-другой, то вам точно туда.работают 2 операциониста, остальные обедают в любое время суток.",1,"Поверьте, мы всегда стремимся быть лучше. Обязательно обсудим с руководителем офиса ваши замечания и примем необходимые меры. Простите, что заставили вас ждать."
30,Кирилл Балашов,,2023-12-12 17:09:26,Грубое отношение охранника за калитко1,1,"Будем благодарны, если расскажете подробнее, с какой ситуацией пришлось столкнуться при обращении в офис. Не оставим без внимания и во всем разберёмся 👌"
31,Роман Прибоченков,https://avatars.mds.yandex.net/get-yapic/28053/jszs4gkl0Lr7u97utGAe9o6hMzg-1/islands-68,2024-01-31 17:22:16,"Это относится к самому банку 
Приезжать за своей картой в это отделение просто жесть.
Могли бы и спросить куда вам удобно прислать карту.",1,"Будем благодарны, если расскажете подробнее, с какой ситуацией пришлось столкнуться при обращении в офис. Не оставим без внимания и во всем разберёмся 👌"
32,Анна Пригородова,https://avatars.mds.yandex.net/get-yapic/42215/yzs7EsSlw7xuKjRgCeavFGKtcQ-1/islands-68,2023-10-16 11:42:42,"свободный просторный офис, работают быстро.",5,"Спасибо вам, очень приятно получать обратную связь 🙏👌 Приезжайте ещё 💛"
33,Елена Сергеевна,,2021-11-11 08:08:06,"Отвратительное обслуживание, хотя о каком обслуживание может идти речь если его нет!!!!!!!!! Взяла талон, просидела в очереди 55 минут….сотрудники все медлительные, постоянно переговариваются между собой, мобильный телефон из рук не выпускают, ходят от одного стола к другому, а клиент тем временем ждёт. Один клиент, в период моего ожидания, просидел у окна 32 минуты, а по тому как громко разговаривал работник банка , ему всего лишь получить карту!!!!!!! О перерывах между клиентами я вообще молчу……
Руководители этого отделения примите меры, премию к концу года все хотят получить, а есть ли за что платить??????? Это ужас!!!!",1,
34,Шалва,https://avatars.mds.yandex.net/get-yapic/47747/iEydc67MRsYUqxP8aPxQbmRCOM-1/islands-68,2022-01-11 11:09:18,"В последнее время это отделение стало очень популярным и как следствие возникают очереди к менеджерам по работе с частными лицами. Заходишь, а коридор полный т.к. в зале все места заняты. На втором этаже, где обслуживают юр. лиц с этим проблем нет. И еще один плюс, банкоматов достаточное количество, ждать обычно не приходится.",4,"Поверьте, мы стремимся к быстрому обслуживанию. К сожалению, периодически клиенты сталкиваются с очередью и длительным временем ожидания. Мы со своей стороны проводим постоянную работу для ускорения обслуживания. Продолжим работу в данном направлении. Надеемся, что при следующем визите вы заметите наши изменения."
35,Олег Смирнов,,2023-01-29 16:12:27,"Отличный офис, чисто, мало очередей, хороший персоонал",5,"Олег, так приятно, что вы по достоинству оценили нашу работу! Это очень ценно для нас. Постараемся и дальше соответствовать вашей пятерке))"
36,Жду весну,,2023-07-19 10:06:53,"Прекрасное обслуживание, вежливый персонал",5,"Здравствуйте!
Благодарим за положительный отзыв о нашей работе! Рады, что вы остались довольны 🙂"
37,Анатолий Иванович,,2022-09-01 17:39:29,"Посетил отделение для оформления пакета Привилегия. Кажется, положительные отзывы сильно накручены, либо сбой в алгоритмах яндекса. Но отделению не могу поставить рейтирнг выше единицы.
Девушка идентифицировала мой договор с банком, рассказала основные условия. Пообещала, что буквально завтра перезвонит с подтверждением условий подключения пакета Привилегия. Минуло три дня, со мной так никто и не связался. Низкая квалификация персонала и низкий уровень обслуживания. Длительное время обслуживания.
На случай, если захотите дать обратную связь - карта *** 7485",1,"Хотим разобраться в ситуации. Для этого просим направить на наш адрес SMedia@vtb.ru ваши ФИО и дату рождения. В теме письма необходимо указать «Яндекс, Москва, улица Большая Никитская, 33, строение 1, 01.09.22»."
38,Stanislav Grishin,,2021-07-25 14:22:09,"Редкостные по своей некомпетентности товарищи. Им сделали ремонт, скотч вокруг кассовых окон со стороны клиента никто не снял. В клиентском зале нет воды в кулере - необходимо сходить в соседний зал к ВИПам. Там рядом с кулером горя грязных чашек из-под кофе и натуральный мох в поддоне кулера - просто напирать воду противно. Рядовые клиентские менеджеры не могут ответить на вопросы клиентов, хотя и искренне стараются, но компетентности не хватает, а руководитель Оперзала делает вид, что ничего не слышит и не видит. Алминистратор зала сначала отклеивает пластырь с пяток и тут же этими же руками без обработки начинает помогать клиентам заполнять документы или надевать маску на лицо клиенту (зашёл Инвалид на костылях).
Пригласил Начальника офиса, чтобы показать ему весь этот стыд. ждал 40!!! минут. Вышел какой-то зам зама, вроде Роман. Дежурно выслушал и каааак, ничего не сделал.
В общем, врак, смрад и стыд.",1,"Станислав, спасибо за отзыв. Обязательно проведем проверку в данном отделении 👌"
39,Денис Евдокимов,https://avatars.mds.yandex.net/get-yapic/36689/VHABn17w6siOGfblJ1knPnp6Os-1/islands-68,2022-05-02 10:35:11,"Приезжал получить зарплатной карту! Указал какая нужна карта все обговорили ! В итоге не ту карту выпустили и когда был в офисе девушка сказала сделать снимок для биометрических данных обновить, говорю хорошо спустя час , как уехал пришла смс о одобрении кредита ! Составил жалобу и через три дня прислали извинения !",1,
40,Елена Новикова,,2022-11-23 06:20:07,"При большом количестве клиентов (8-9 чел), сотрудников было 2 человека. Чуть позже один из них тоже ушел. Прождала 1 час, больше ждать не смогла.",1,"Благодарим за подробное описание ситуации, выясним причины такого построения графика работы сотрудников и проведем работу для ускорения обслуживания, а также для повышения комфортности."
41,Анна Анна,,2023-03-08 16:11:43,В ВТБ вообще работают сплошные ленивцы. Очень медленноооо. Но впарить втихоря платные допуслуги-это у них быстро.,3,"Поверьте, мы стремимся быть лучше. Обратная связь нам помогает понять наши проблемы и принять меры для улучшения сервиса и обслуживания. Благодарим вас за отзыв."
42,Сергей Лупарев,,2024-03-25 17:16:36,Персонал на высоте,5,"Благодарим за отзыв. Так приятно, что вы поставили нам высокую оценку 👍"
43,Ольга Ермилова,,2022-01-23 15:48:21,"Облуживаемся в отделе юридических лиц. Всё чётко, корректно, быстро! Отлично работают сотрудники! БОЛЬШОЕ СПАСИБО!!!",5,
44,Марина,https://avatars.mds.yandex.net/get-yapic/50595/MCkddHmRPOYjJgTOVZSjXRwD6CU-1/islands-68,2021-07-02 09:58:12,"Сегодня получала зарплатную карту в этом отделении. Начитавшись отзывов, была в ожидании худшего. Но оно не оправдалось! Меня обсужили быстро, без очередей, залетела к ведущему финансовому консультанту Илье максимально быстро. Он также быстро обслужил, проконсультировал и выдал карту. Все в порядке. Не поняла я негативных отзывов) видимо, когда все хорошо - люди не пишут, а как только что-то не то - энергии строчить негативщину дофига)))",5,Ваш положительный отзыв для нас – лучшая награда 😊
45,Tamara Perova,https://avatars.mds.yandex.net/get-yapic/63256/enc-8b408d068d5efef06ec89eb2457a7de84259ca9bf196c8398075543c41a19282/islands-68,2022-01-31 06:18:58,"Само отделение достаточно хорошее, есть отдел привилегия. Но то, что все отделения ВТБ в центре работают только до 19 (кроме ГУМа), это, конечно, страааанно)) даже в области банк до 20.",4,
46,Екатерина З.,https://avatars.mds.yandex.net/get-yapic/50595/u31RTi6TWbkSGS3HG1uIDdYkDs-1/islands-68,2024-02-09 07:16:33,"Очень не удобный график работы, установите пожалуйста хотя бы пару дней в неделю до 19.00!",1,Благодарим за обратную связь. Возможность изменения графика работы мы обязательно обсудим с руководителем отделения.
47,Садриддин айни,,2021-12-30 15:57:51,Хуже этот филиал ВТБ я не видел пришол для получение карты девушка с порого не пустила сказала мы уже не работаем а время было ишо 18 30 приходите зафтра пришол на следующий день подождите сейчас подождите сейчас так и я не получил своё карту бросил всё и буду ходит с наличками этому филиалу я поставлю -5,1,"Сожалеем, что так произошло. Ваш отзыв обязательно рассмотрим, чтобы исключить такие ситуации в дальнейшем. Напишите нам на адрес электронной почты SMedia@vtb.ru ваши ФИО и дату рождения. В теме письма просим указать «Яндекс. Москва, Большая Никитская улица, 33, стр. 1, 30.12.21»"
48,Милена Халитова,,2021-09-13 17:48:11,"Очень понравилось обслуживание девочки на входе! Доходчиво объяснила всё и помогла решить вопрос с онлайн банком.
Насколько помню, девочку зовут Ксения.",5,Довольные клиенты - наша лучшая награда. Благодарим за высокую оценку нашей работы.
49,Екатерина С.,,2021-08-10 15:44:22,"Отвратительное Отделение . Сотрудники абсолютно не компетентны , долгое ожидание к одному сотруднику , который не смог решить вопрос, потом к другому , который также ничего не понял и решить не смог . Пришлось ехать в другое Отделение , где вопрос был , естественна решен. Очень долгое ожидание в очереди,. Не тратье своё время и нервы- идите в другое Отделение . Сотрудники молодые , не опытные , как и их руководитель , который помочь им просто не смог . Жуткое впечатление о банке из за таких сотрудников .",1,"Поверьте, мы всегда стремимся быть лучше. Мы обязательно обсудим с руководителем офиса все детали, описанные в отзыве, и учтем ваши замечания. Примите, пожалуйста, наши извинения."
50,Михаил Юрьевич,https://avatars.mds.yandex.net/get-yapic/50595/x6OG6Q17t95e9ORWtF3FnZVHOo-1/islands-68,2022-05-16 13:26:42,"Отвратительное обращение с клиентами.
При полном зале (очереди) клиентов работают три сотрудника, остальные разукрашенные девицы ,типа сотрудники,прогулочным шагом перемещаются то покурить то обратно. Безобразие. 
2- тут катастрофически нечем дышать. 
Почта России даже быстрее работает…",1,"Проведем проверку в отделении и выясним причины отсутствия сотрудников на рабочих местах. Согласимся, что такого быть не должно. Спасибо, что поделились с нами. Нам очень помогает обратная связь в решении наших проблем."
51,Сергей,,2021-09-13 10:16:21,"Повторное посещение офиса на Никитской, в первый раз думал случайность, номерок на приём принесли значительно позже, сегодня повторение, пришёл номерок не дали, говорят подождите, что то химичат, наверное руководство вводят в заблуждение!
Это плохо, как минимум возможно были бы приняты меры!
Очень жаль!
Желание просто уйти, и отказаться от затеи обслуживания в данном месте!",1,"Сергей, спасибо за отзыв. Обязательно проведем проверку в данном отделении на основание Ваших замечаний и примем меры. Исправимся."
52,Екатерина Васильева,https://avatars.mds.yandex.net/get-yapic/51381/nTuOhGtwwxwdWoVidsWxaZSQYoc-1/islands-68,2023-07-15 17:00:18,Работают быстро и качественно,5,"Здравствуйте!
Спасибо за положительный отзыв! Будем продолжать в том же духе 💪"
53,Сергей,,2023-01-28 17:34:02,"Нашел офис рядом для физ.лиц, проблему решили быстро.",5,"Огромное спасибо за приятный отклик 💛 Рады, что смогли помочь в решение вопроса 😉"
54,utrish u.,,2021-09-24 09:56:24,"Сегодня был в этом офисе. Специалист Большева Ксения помогла быстро поняла что мне нужно и как это сделать. Затратил немного времени, хотя думал будет намного дольше. Отличный сотрудник и хороший офис.",5,"Благодарим за положительный отзыв работы сотрудника. Рады, что вы остались довольны 🙂"
55,Julia S,,2021-12-19 14:41:32,"Постоянно долгое обслуживание несмотря на то, что очередь электронная, не внимательный персонал и не всегда четко знающий свои должностные обязанности, советую выбирать другие отделения ВТБ",2,
56,Александр Журавлёв,,2024-02-14 12:32:36,Хороший банк,5,Спасибо за положительный отзыв. Довольные клиенты - наша лучшая награда 👍
57,OGI,,2021-10-12 15:00:04,"Обратился в офис за консультацией по вкладу. Вызвали по талону быстро на удивление, сотрудник доброжелательный и профессиональный! Приятный офис!",5,
58,Алекс Юстас,,2024-03-16 05:57:37,Всё как надо,5,Благодарим за высокую оценку нашей работы!
59,Павел Кабанов,https://avatars.mds.yandex.net/get-yapic/48449/3s38xeIY1CEoYphtTJ2eA4VwaYg-1/islands-68,2021-05-16 09:34:38,"Обслуживание физических лиц крайне не понравилось! Очень медленно! Сотрудники молодые и крайне не компетентны, ничего не знают и постоянно бегают по любому вопросу или звонят, спрашивают у старшего! Это политика Банка платить низкую зарплату и набирать на работу восемнадцатилетних, поскольку аналогичная ситуация проявляется последние годы во всех отделениях!",1,
60,Ольга Фирсова,https://avatars.mds.yandex.net/get-yapic/68143/rTgrW45CUbF6iXaHIAZe3cfIgPU-1/islands-68,2022-12-12 07:36:43,ВТБ как всегда программы часто не работают.Получить зарплатную карту получилось лишь через час,1,"При работе программного комплекса могут возникнуть сбои, но мы стараемся оперативно решать данные проблемы. Надеемся, что при следующем визите вы сможете оперативно решить вопрос."
61,d.k,,2021-10-14 11:03:28,Этот банк не заслуживает ни одной звезды. Сотрудница банка меня отпихнула от терминала выдачи талонов. И начала оформлять толпу людей. Как будто меня там нет. Тем самым увеличив время моего ожидания. Ваша сотрудница поступила некорректно.,1,
62,Андрей Семиногов,https://avatars.mds.yandex.net/get-yapic/51169/AbWKzwhE0HePcMXYTBtZdXcnT8-1/islands-68,2023-08-26 12:01:39,"Нужный банк, в хорошем месте",5,"Спасибо, что доверяете нам! Постараемся и дальше соответствовать вашей пятёрке 💪"
63,Марина,https://avatars.mds.yandex.net/get-yapic/20706/enc-e7bd5e026c1807a44a0db38f36e0d1d198eee9008467e0d4eb455d6405be2647/islands-68,2020-12-10 12:43:38,"Хуже отделения не видела. Передо мной был один человек. Мне только надо было получить зп карту, уже готовую. Я 20 минут сидела около оператора, с которой уже подписали все документы. Кто-то должен был ее принести, но этот кто-то был оказывается сильно занят. Потом все-таки карту откуда-то откопали. И практически как собачонке кинули. Без всякой информации, без конверта. Не объяснив о ее активации, ни о приложении. Уважаемое руководство научитесь работать с клиентами. Почему в других отделениях карта выдаётся в конверте и еще в подарок впервые оформившим карту Банка ВТБ дают сим- карту Теле2. Ваше отделение не ориентировано на клиента. Она ориентировано на личные обстоятельства. Вы не дорожите репутацией своего отделения и клиентами.",1,
64,Максим Максим,https://avatars.mds.yandex.net/get-yapic/42215/t3wXRfHD35Fe4GAMWaHMllfjUc-1/islands-68,2021-09-14 15:30:04,"Отвратительно долгое обслуживание. Талонов нет, живая очередь. Девушка на входе говорит перед Вами 5 человек, за мной заходит следующие человек, ему уже говорит «перед Вами 10 человек». Вводит в заблуждение! Работают очень медленно!",1,"Максим, спасибо за отзыв. Обязательно проведем проверку в данном отделении 👌"
65,Анна Галлай,,2021-09-14 15:26:55,"Худшее отделение Москвы.
Чтобы сделать банальное действие и просто закрыть карту - пришлось ждать больше месяца. Так и не поняла, зачем. Про очереди, очень медленную работу и абсолютную профнепригодность сотрудников молчу. К счастью, с ВТБ больше дела не имею.",1,"Поверьте, мы всегда стремимся быть лучше. Мы обязательно обсудим с руководителем офиса все детали, описанные в отзыве, и учтем ваши замечания. Примите, пожалуйста, наши извинения."
66,Гаджиев Илья,,2021-10-27 07:16:15,"Ждал в очереди 40 минут. Передо мной было 3 человека. Не дождался ушёл. Коллега говорит, просто получить уже готовую карту заняло 1,5 часа. И это в вип зале. Что-то не так в этой организации с организацией.",1,
67,Vik Hoff,https://avatars.mds.yandex.net/get-yapic/45131/ofZIheG8nZFoUr0Nasj3NWULBJw-1/islands-68,2022-02-08 05:30:20,"ВТБ всегда на высоте они хотябы уважают людей как и у всех банков имеют ньюансы
нераскрытые но не как Збер в карман лезут... Удачи Вам...",5,
68,C. D.,,2021-09-14 16:26:10,"К сожалению, не могу сказать ничего приятного. Когда я пришел в банк, и хотел получить талон из автомата, подошла девушка сказала, что не нужно брать талон, что сама подойдёт и принесёт мне талон. Подождал мин. 10 и заметил, что другие люди как пришли в банк, берут талоны из автомата. Подошёл к девушке и спросил, где мой талон, только тогда она его мне дала. Соответственно мне пришлось пропустить двух чел. В зале справа от входа, работали всего три окна, а потом всего два. За получением готовой карты я потратил почти час !!! Раньше думал хуже Сбера нет на свете, теперь я меняю сове мнение 😂😂😂 Хотя молодая девушка, которая меня обслужила в окне, была очень приятно в общении, вежлива, была готова помочь по всем интересующимся мной вопросам.",1,"Спасибо, что поделились с нами. Проведем проверку в отделении и обсудим с руководителем имеющиеся проблемы, чтобы в дальнейшем обслуживание в Банке не доставляло Вам неудобства."
69,Панченко Елена,,2021-12-10 14:56:15,"Отвратительно работают сотрудники этого отделения. Не просто ни куда не спеша, а по-черепашьи! Такой вялой работы я давно ни где не наблюдала. Зато о своём языки почесать - успевают.",1,
70,Гулиа Валиева,https://avatars.mds.yandex.net/get-yapic/21493/enc-38c1323b5dc2683dfb197226814fdeb998eee9008467e0d4eb455d6405be2647/islands-68,2021-08-22 19:47:10,"немного как будто неторопливые ленивые сотрудники или может они уже усталые и измотанные, непонятно, будто нет активности и оживленности, будто их там из под палки куда-то заставляют идти... но что есть банк в таком месте - уже хорошо...поэтому 5 звёзд",5,"Благодарим за высокую оценку. Ваш отзыв не оставим без внимания и организуем встречу с руководителем офиса и сотрудниками, на которой обсудим вопросы повышения заинтересованности и клиентоориентированности."
71,Alex Switchkovskiy,https://avatars.mds.yandex.net/get-yapic/36777/iPXQUol3elEIO81z2PycOlxIwM8-1/islands-68,2023-01-31 14:48:10,"Достойный офис, приятное общение. Претензий нет",5,"Рады, что вам понравилось. Ждем вас снова 😃"
72,Михаил Непахарев,,2023-02-24 16:54:24,очень красивые девушки работают тут )))),5,"Михаил, благодарны вам за пятерку и добрые слова о работе наших сотрудников))"
73,Leonov Michail,,2022-11-11 20:55:09,Очень хороший отзывчивый и квалифицированный персонал! Рекомендую,5,"Благодарим за положительный отзыв работы. Рады, что вы остались довольны 🙂"
74,Арсен Люпен,,2022-03-01 14:47:24,"Самое долгое отделение, где очень долго неумелые специалисты работают и не ценят время клиентов! Рекомендуется заменить весь персонал!",1,"Благодарим Вас за отзыв. Нам очень важно знать Ваше мнение. Мы стремимся к тому, чтобы быть лучше. Проведем работу в целях улучшения качества обслуживания."
75,Павел Щекочихин,https://avatars.mds.yandex.net/get-yapic/63032/P2QkVIzoHcrmtj4LoBeHFZr94Pk-1/islands-68,2021-08-26 17:14:08,"Банк, как банк, на машине не удобно, парковки дорогие и те заняты, есть соседний переулок, там на удивление вообще бесплатный кусочек, но редко везёт конечно.",4,"Благодарим Вас за отзыв. Хотим отметить, что Банк не предоставляет места для парковки."
76,ефим белов,,2023-07-31 19:37:03,Там работают специалисты.,5,"Рады видеть, что вы оценили нас на 5 ⭐"
77,Павел Кабанов,https://avatars.mds.yandex.net/get-yapic/68143/l2piyVBh3m5mlCodonHHyylYlek-1/islands-68,2022-02-11 21:26:46,"Все в рамках политики Банка! 
Зону для юр лиц на 2 этаже можно сделать и по уютнее!",5,
78,Ирина Т.,https://avatars.mds.yandex.net/get-yapic/40138/NIJamo2M9K1nnAse79Ybh4wLLhM-1/islands-68,2022-12-03 11:28:48,Хорошее отделение с внимательными сотрудниками👍,5,"Ирина, благодарны вам за пятерку и добрые слова о работе наших сотрудников))"
79,Николай С.,https://avatars.mds.yandex.net/get-yapic/25817/enc-4424e4fd22fbcf620463a132fb13490d17e3a55d7216341f39a43b3ef1e0cde9/islands-68,2020-08-31 07:01:23,"Действительно народу много, и что бы получить зарплату карту нужно торчать очень долго, я пробыл там час, а очередь так и не продвинулись хотя передомной было 2 человека, ужасный фелиал хуже ещё не видел, а ещё они сваих сотрудников во время работы обслуживают вне очереди, пока другие ждут в живой очереди и тратят свое драгоценное время, очень плохой филиал банка ВТБ",1,
80,Олег Данилов,https://avatars.mds.yandex.net/get-yapic/43978/uhfml3HEv5HkwZ3ZTW5abFQincU-1/islands-68,2022-02-23 06:30:41,О личный банк я там карты получал все удобно быстро мне нравится банк,5,
81,Мария К.,https://avatars.mds.yandex.net/get-yapic/61207/RyKz0WsEwBT1NIvw6a7mVONUuNs-1/islands-68,2022-07-29 17:34:39,"Всё как обычно. Зашёл, взял талон, прошёл к окну. Не лучше и не хуже иных офисов иных банков.",5,
82,Vl_Lilia,https://avatars.mds.yandex.net/get-yapic/40841/ma1Pnysgu01qqWvrg9BCb4xKdww-1/islands-68,2022-12-22 12:56:11,"Приятный зал ожидание, народу почти нет или мне так везло)",5,"Рады, что Вам понравилось. Ждем Вас снова 😃"
83,vell s.,,2021-04-16 13:03:05,"Выдают симкарты преподнося что без этого никак не получить карту. Говорят что можно это вернуть, но когда связываешься с втб Мобайл говорят что возврата можете не ждать )
Ну вы понимаете друзья, не верьте ни единому слову, хорошего дня",1,
84,Виталий С.,,2022-11-21 17:11:39,"Выдали карту, ничего не объяснили, в итоге нужно ехать опять в банк",1,"Благодарим вас за отзыв. Нам очень важно знать ваше мнение. Мы стремимся к тому, чтобы быть лучше. Проведем работу в целях улучшения качества обслуживания."
85,Vladimir Nikolaev,https://avatars.mds.yandex.net/get-yapic/60687/enc-2f026a717b9a805c30ea91cc6cee56d4289d703adcc1e677a9ca5ce6ccd7cec7/islands-68,2021-12-20 06:02:43,"Пригласили рефинансировать кредит, но что-то пошло не так и система отказала, зачем приглашали…. Но заботливые спецы и оперативные",4,"Каждая заявка рассматривается индивидуально. Первоначально Банк может принять положительное решение. При принятии окончательного решения условия по заявке могут измениться, в том числе Банк может отказать в выдаче кредита. Примите извинения за неудобства."
86,игорь ч.,,2021-11-03 07:15:02,"Получал зарплатную карту в этом отделение Банка. Хотел бы отметить сотрудницу Юлию, за ее отзывчивость и профессионализм.",5,
87,Евгения Марасанова,https://avatars.mds.yandex.net/get-yapic/38663/FrGnx6L49IKh73jkFc9lJZ38-1/islands-68,2023-08-10 16:36:29,Хорошее обслуживание),5,"Спасибо, рады стараться 😃"
88,Александр И.,,2019-09-12 14:53:39,"Из плюсов: близость в станции метро Павелецкая. Из минусов: очереди и ещё раз очереди. Не спасает даже терминал с электронной очередью. Это относиься как к банковским, так р к страховым услугам. Что касается самого банка ВТБ: хотел взять ипотеку, был в ситуации перехода из одного подразделения организации (где ВТБ был зарплату в проектом) в другое подразделение (зарплатные проект иной). Срок моей работы в новом подразделении был менее месяца, ВТБ в ипотеке отказал, на том основании, что я проработал на одном месте менее года. То, что организация одна и та же, не имеет значения. То, что я три года пользовался услугами банка не имеет значения, в офисе ВТБ мне сообщили, что я перестал быть клиентом банка, если у меня иной зарплатные проект. Закрыл карту ВТБ, сотрудничать с банком не хочу.",3,
89,Виктор Игнатьев,https://avatars.mds.yandex.net/get-yapic/47747/qFef88brqPhPGWe5SdrTRw5h4v4-1/islands-68,2021-11-12 13:10:48,При обращении не могли решить проблему. Техническая служба сказала что всё хорошо. После чего все стали отмораживаться...,1,
90,Егор,https://avatars.mds.yandex.net/get-yapic/65952/B2fINYqcRsuWimA3M4GQTue8kE-1/islands-68,2022-05-16 07:08:01,Большой плюс за парковку для авто по предварительному согласованию,5,"Рады видеть, что Вы оценили нас на 5 ⭐"
91,SemGanzha,https://avatars.mds.yandex.net/get-yapic/42215/enc-8c78dcdfd41378ee93ac962cc68b891b75fe12c1830a63b47e76a4446dbbbfc8/islands-68,2020-09-12 08:34:20,"До ВТБ тут было отделение Банк Москвы. ужасное медленное с ох...им персоналом отбитым наглухо. После рокировки стало отделением ВТБ а персонал больше половины остался. Это самое упоротое отделение банка. Ни кто ни за что не отвечают, простую карту оформить не могут без проблем. Берегите нервы проходите стороной это отделение.",1,
92,Алина Арифуллина,https://avatars.mds.yandex.net/get-yapic/59871/YniYeGRAdD6bu9EUmKhYKOTPs-1/islands-68,2020-10-02 09:49:43,"Уважаемый банк! Обучайте, пожалуйста, менеджеров. Они не знают как работать с аккредитивами. На вопросы клиента об аккредитиве ничего внятного не могут ответить. Допускают ошибки при заполнении заявлений. И это при том, что клиенты доверяют банку десятки миллионов рублей. 

Из-за безграмотности сотрудников, чуть не сорвалась сделка.",2,
93,Denchik,https://avatars.mds.yandex.net/get-yapic/30431/SXGS92GDvh3qNvXq0Ll8tW4jeBo-1/islands-68,2020-07-21 09:38:15,"Ужасное отделение!,в офисе работают плохообученные сотрудники в лице студентов,которые всё время ""косячат""приходится всё время приезжать..то счета задвоили,то логин забыли и т.д...даже днём всегда очереди,банковские карты выдают два человека,хотя сотрудников 8человек,остальные либо отсутствуют на рабочих местах,либо стоят в сторонке и болтают",1,
94,Айгуль Карабаева,https://avatars.mds.yandex.net/get-yapic/47747/7aYomqVAod8u6ZmWWAsN2Lk988-1/islands-68,2021-10-27 12:57:41,Отличный банк. Обслуживание высокое. Без лишних проблем можно оформить кредит.,5,
95,Владислав Ч.,,2020-07-06 13:11:29,"Совок настоящий! Чтобы получить новую карту, просидел в очереди 1 час, передо мной было 3 человека. Электронная очередь отсутствует как класс. При это за 6 рабочими местами было 4 менеджера, 1 из них игрался в телефоне, второй - помогал третьему! До этого дня думал, что Сбербанк является дном. Нет, я просто не знал, что такое на самом деле дно.",1,
96,Анонимный отзыв,,2020-01-18 21:27:18,"Отделение в з....це мира, от метро тверская идти 3 дня лесом, паркова на 10 машин, и то надо выписывать пропуск за неделю, но особо удивило что оказывается можно быть зам-руком отделения или что то типо того, даже если ты пустое место, и не умеешь работать с клиентами, речь о каком то там рукаводителе, чего то там, Антоне Филатове, большая просьба, увольте это, не портите репутацию.",2,
97,Этери Богдасарова,https://avatars.mds.yandex.net/get-yapic/27274/h0gluXjVWtKCMAPyQugW7BX2Vg-1/islands-68,2020-09-06 19:45:45,"У меня неприятные воспоминания. Недобросовестно повела себя сотрудница , по документам не прописала процентную ставку по вкладу. Я не проверив, поставила подпись .Написала письмо руководству, в мягкой форме от меня открестились. Больше услугами этого банка не пользуюсь",1,
98,Ирина Колесник,https://avatars.mds.yandex.net/get-yapic/27503/Co3L9xafKV17du7mVjNb1AZtc-1/islands-68,2022-08-12 18:39:46,"Не плохое обслуживание, но я предпочитаю другой банк",5,"Мы рады, что вам у нас понравилось!"
99,Юрий,https://avatars.mds.yandex.net/get-yapic/61207/vajzDS0IR3HnKp4rj7bqjd5BPUs-1/islands-68,2021-07-30 07:29:21,"Удобный подъезд, отличный сервис, компетентные сотрудники.",5,"Благодарим за положительный отзыв. Рады, что вы остались довольны 🙂"
100,Анатолий Мальцев,,2022-05-07 17:56:50,"Неплохо, все быстро. Вежливо",4,Спасибо за отзыв! Будем продолжать в том же духе 💪
101,Трасса е-95,https://avatars.mds.yandex.net/get-yapic/65952/XozfOoMkrRzsVWD7GyMSAQNbql0-1/islands-68,2020-08-27 16:20:34,"Недавно посетила данное отделение ВТБ,несмотря на приличную очередь качеством обслуживания осталась вполне довольна.",5,
102,Мария Я,https://avatars.mds.yandex.net/get-yapic/30955/enc-c748632c0ee8ef8f1d0bf2a71940bb65e69f81fb9c195fc356f323f647963fde/islands-68,2022-09-17 11:37:06,"Удобный банк, но нет парковки",5,"Мария, благодарим за пятерку. Хотим отметить, что Банк не предоставляет места для парковки."
103,Александра Шудра,https://avatars.mds.yandex.net/get-yapic/21493/enc-0b100833570ad06a4d195a8816c7b6ef98eee9008467e0d4eb455d6405be2647/islands-68,2022-02-10 19:04:25,"Быстро, вопросы решили. Место ожидания...можно сесть. Что не везде",5,
104,Ксения,https://avatars.mds.yandex.net/get-yapic/27274/YKMJ5gci9RsPylazGMmq7smtao-1/islands-68,2019-03-30 02:42:42,"Как физ.лицо ничего не могу сказать, а вот как юр.лицо жалоб нет скажем так, крайний раз при посещении все очень понравилось, сотрудница молодая, шустрая, все оформила быстро, сотрудники очень вежливые. А вот года два назад, будучи на тот момент в прекрасном положении, я была в шоке от потраченного времени и усталости, при оформлении документов с сотрудницей, которая мягко скажем очень медленная и заторможенная дама, для меня на тот момент 3,5 часа были очень тяжки)))))))) В целом все гуд!",5,
105,Елена П.,https://avatars.mds.yandex.net/get-yapic/25358/enc-bc6e2efa293525a42544af4f5bc9f98b205d7e3a87fb711626fb4d9d0dcbca7e/islands-68,2020-08-28 10:26:41,"Меняли карту с такими трудностями и именно по вине банка, просто безразличие к клиенту банка!!! При этом неимоверная Очередь и просили предпринять какие то меры, на что ответ принимаются, но нет!!!",1,
106,Алексей Соломатин,,2020-06-30 22:14:05,"Ужасный банк ВТБ в целом, и это отделение в частности. Здесь у меня украли со счета большую сумму денег, которую я взял в кредит у банка ВТБ. Так что я плачу проценты за деньги, которые банк ВТБ у меня украл. Никому не советую иметь дел с ВТБ!!!",1,
107,Сем,,2021-07-03 09:04:07,"Мне понравилось как работают, даже если их кто замучил, объясняют до конца , пришлось слушать, смотреть.",4,"Благодарим за положительный отзыв, нам очень приятно 👍"
108,Наталия Бражникова,https://avatars.mds.yandex.net/get-yapic/39803/3FvYGAngnJQb54bpnO0b3MkIo-1/islands-68,2022-12-24 07:35:00,Всегда долго ждать...,2,"Сожалеем, что вынуждены были потратить ваше личное время на ожидание в очереди. Примем меры и исправимся 💪"
109,Ирина С.,,2019-06-13 16:25:03,"Самое ужасное отделение банка, в котором мне довелось побывать. Очереди огромные. Работают очень медленно, ходят друг за другом. При пяти рабочих компьютерах работают только на двух. В зале сидят двое контролёров, которые просто смотрят в потолок и никак не помогают разгрузить очередь. Если прийти к ним за час до закрытия, то шансов сделать свои дела у Вас нулевые. Так как они вообще не торопятся. И ещё в углу сидит мальчик - стажёр или вахтер, непонятно. Просто сидит и всё. И есть люди, которые, якобы, работают до семи, но сидят и играют там в игры на телефоне до восьми вечера. Вот это я понимаю эффективная работа отделения банка.",1,
110,Ирина Г.,,2021-06-03 18:28:35,"Ужасное отделение, постоянные очереди, вечно ждать приходится минут по сорок. Служащие банка, словно сонные черепахи.",2,"Ирина, сожалеем, что для решения вопроса вам пришлось потратить свое личное время на длительное ожидание в очереди. Мы обязательно примем меры для сокращения времени ожидания. Приносим извинения за неудобства."
111,Владимир,https://avatars.mds.yandex.net/get-yapic/27232/8mJi7vRlN0Vkix2O90O8RWTjCGg-1/islands-68,2020-08-27 04:07:01,"Всё медленно, электронной очереди нет. Потерял 2 часа драгоценного времени, услугу так и не получил. Самое плохое отделение банка из тех, где приходилось побывать",1,
112,Boris Sima,https://avatars.mds.yandex.net/get-yapic/57243/C7U9T2mSJ12Nk6S8KfJ5kKjLqo-1/islands-68,2023-02-14 17:40:02,Неплохой банк,5,"Благодарим. Нам очень важно, чтобы каждый клиент оставался доволен 😃"
113,Елена Юргенева,https://avatars.mds.yandex.net/get-yapic/21493/enc-80771c7de3de91ddf1d16b3189e0068c0c54fe6e0618583554a09c3014bcd8ee/islands-68,2021-03-13 15:16:04,"Очень медленно и долгое обслуживание; и ещё - никто ничего не знает. Надо как-то обучать персонал, это же невозможно",1,
114,Анна,https://avatars.mds.yandex.net/get-yapic/47747/g8DAdIvUCRVvDSvSZVMkcqBEw-1/islands-68,2021-06-23 12:55:02,"Указано, что работают 23.06.21, приезжаю, а они не работают👍
ВТБ как всегда на высоте))",1,"Анна, извините за такие неудобства. Обязательно проверим работу данного офиса 23.06.21. В настоящее время отделение работает штатно, физических лиц обслуживает с понедельника по пятницу по графику с 09:00 до 19:00. Будем рады видеть вас."
115,гришин максим,https://avatars.mds.yandex.net/get-yapic/63256/enc-fa59f8ef1e7efc71d5e3c98f35972f6e7c604911e118e1f4b32dabb2ab3fac6b/islands-68,2022-03-14 07:53:34,Медленно работают. Не выдержал долгого ожидания (((,2,"Сожалеем, что вынуждены были потратить ваше личное время на ожидание в очереди. Примем меры и исправимся 💪"
116,Анонимный отзыв,,2020-10-30 09:03:46,"Медленное обслуживание при маленькой очереди, плохая навигация, «живая очередь» с неясным порядком людей без электронной очереди",1,
117,", Галина Куликова",,2022-11-18 18:00:51,Вежливый персонал,5,"Рады, что Вам понравилось. Ждем Вас снова 😃"
118,Елена Наговицына,,2022-06-10 17:10:32,Очень долгое обслуживание,4,
119,Екатерина Петренко,,2020-06-15 10:32:28,"Скотское отношение. Работающие здесь вялые мухи создают очередь на ровном месте, и это во время пандемии. Электронная очередь не работает, только общая живая.",1,
120,Аграил,https://avatars.mds.yandex.net/get-yapic/35885/sB3XLoqeXOcoukKw9xbPs3AtPow-1/islands-68,2019-11-21 22:47:02,"Выдавать дебетовую карту полтора часа - это надо либо иметь органические поражения коры головного мозга либо быть сотрудником втб.

В придачу приложение и смс уведомления писали и настраивали очень странные люди.",1,
121,Maria Yakubova,https://avatars.mds.yandex.net/get-yapic/48449/enc-fd3afd90cf9201ada1f3b209e8638cbf9bac221863543ea1b44fa883a0e3101e/islands-68,2021-06-04 12:21:19,"Это самое плохое отделение втб. 
Сотрудники плавают как мухи, очереди огромные.",1,"Сожалеем, что вынуждены были потратить ваше личное время из-за длительного времени ожидания. Примем к сведению данную информацию и проведем необходимые мероприятия, которые позволят сократить очередь и решать в будущем оперативнее вопросы клиентов. Примите наши извинения, исправимся 👍"
122,Эльмира Гебедова,https://avatars.mds.yandex.net/get-yapic/32838/enc-3b3479519b6f9fb9636f0a2e02e5e85dee7d776e21d4d77bceb5a1e86eb65b77/islands-68,2022-01-31 00:19:50,Банк как банк . Персонал хороший.,5,
123,Red W.,https://avatars.mds.yandex.net/get-yapic/37154/V01z1NENt30pftx84eseRc9bDbE-1/islands-68,2023-04-25 19:44:25,Быстрл,5,"Спасибо вам, очень приятно получать обратную связь 🙏👌 Приезжайте ещё 💛"
124,Анна,,2019-12-01 10:25:34,"Из плюсов: Очень вежливые сотрудники, помогут и ответят на все вопросы. Из минусов: отсутствие электронной очереди.",4,
125,Сим си,,2020-03-31 14:00:29,Аккуратные вежливые ребята удивилась очень молодой коллектив так держать,5,
126,Анна,,2019-11-14 22:27:12,"Любое отделение банка ВТБ - это один из кругов ада, ждёшь по пол часа минимум, чтобы оператор сказал, что не может ничего сделать, то 3 коп. на счету мешают, то ещё что-нибудь...счёт пыталась закрыть - фигушки!",1,
127,Василий Бурханов,,2022-01-29 12:09:17,Мало обслуживающего персонала,4,
128,Андрей Алямкин,,2020-07-31 13:31:19,"Первый раз пришлось присутствовать в таком отделении банка! Очередь живая, сотрудники никуда не торопятся. Больше того, втроём не могут разобратся как помочь одному клиенту. Ну после пяти минутного консилиум с задачей всё-таки удается справится. Сижу 40 минут очередь не сдвинулась",1,
129,Виктория А.,https://avatars.mds.yandex.net/get-yapic/49368/MoukyzrhciFrHp0S9s5K9A4kI-1/islands-68,2019-05-30 13:44:33,"Отделение откровенно плохое.
Была здесь два раза. Простые операции выполняютя в этом банке сотрудниками 40 минут. Как следствие очередь не движется.
Два раза была и 2 раза ждала просто свободного оператора/ менеджера.
Очереди как таковой нет. 2-3 человека ждет.Люди не дожидаются и уходят.",1,
130,Danil Suyunduk,https://avatars.mds.yandex.net/get-yapic/58107/6ulOmwqLGkY3RGoH6B90OXU-1/islands-68,2021-09-11 16:16:45,"рекомендую, вежливый персонал",5,"Спасибо, рады стараться 😃"
131,Ольга Е.,https://avatars.mds.yandex.net/get-yapic/39460/enc-35cbb085f7ca31e24f997b2e1fce5f891aa219ee9ab6782fcca629cf8753a3c2/islands-68,2020-10-05 13:49:30,Ужасное отделение. Всегда очередь и проблема не решается. Ужасный банк и обслуживание!!!!!!!!,1,
132,Алексей Лягин,https://avatars.mds.yandex.net/get-yapic/45566/QpicltLULVtHuCkD5eO1b9GM-1/islands-68,2020-03-24 08:47:53,"Всегда мало народу, ждать не приходится. Персонал грамотный и вежливый. Так и должно быть в столь солидном банке.",5,
133,Алекс В.,https://avatars.mds.yandex.net/get-yapic/64336/RTHBTptiXBQVTLSvNwQK3T2uaZE-1/islands-68,2020-08-06 13:15:25,"Отделение ужасное, сотрудники медленные как сонные мухи. Любая нестандартная операция вызывает ступор",1,
134,Артем Овсянников,https://avatars.mds.yandex.net/get-yapic/54535/F5dsBiNYDQfnf2gl0cQk8rqJPqU-1/islands-68,2020-02-11 15:05:10,"Удобное месторасположение, профессиональный коллектив",5,
135,Fea Masha,https://avatars.mds.yandex.net/get-yapic/28439/tUeFNGd0YXzWHVCpMklcVuSiQQ-1574400425/islands-68,2019-08-23 12:21:39,"Долго обслуживают, в зале привелегия ожидание 40минут, оформила карту, о ней забыли и не создали заявку, в итоге приезжала 3 раза, чтобы решить вопрос с картой",1,
136,Вадим Падалко,,2021-03-04 09:10:37,"Отличный сервис, грамотный персонал",5,
137,Эдди,https://avatars.mds.yandex.net/get-yapic/64336/eabC5gZ4YZteJAuB6FnfMe7Eg-1/islands-68,2021-12-22 07:13:45,Получил зарплатную карту.,5,"Рады видеть, что Вы оценили нас на 5 ⭐"
138,Вадим Скрипник,,2021-09-14 12:58:45,"Учат друг друга как работать, опыта 0",1,"Благодарим Вас за отзыв. Нам очень важно знать Ваше мнение. Мы стремимся к тому, чтобы быть лучше. Проведем работу в целях улучшения качества обслуживания."
139,Светлова Алина,,2020-09-29 12:01:21,"Ужасно,стою 2й час, чтобы получить карту, очередь общая,народу полно,сотрудники не торопяться",1,
140,В.B.K.,https://avatars.mds.yandex.net/get-yapic/25358/0bXIXuT5uZASdkNVd6r9GMcy5QM-1/islands-68,2021-12-08 19:15:07,Трепетное обслуживание,5,
141,Станислав Пантелеев,https://avatars.mds.yandex.net/get-yapic/58107/aSHLPjKp0VbUWcbg8WhH4UoAn8-1/islands-68,2021-03-27 10:39:52,"Хорошее обслуживание, но немного долго",5,
142,Татьяна С.,,2020-03-21 17:03:27,"Очереди постоянно, если бы ночью работал - то и в это время были бы очереди! Оч медленно работают сотрудники",2,
143,Денис Сушков,https://avatars.mds.yandex.net/get-yapic/65952/enc-6c6302a1867a426927fa2048ec8cf2f4f19a24bb8c777777b09e557e9f68d0df/islands-68,2022-06-10 04:19:04,Все отлично,5,
144,Олег Смирнов,,2021-05-21 10:42:33,Всегда очень долгое обслуживание,3,
145,Natalya Fedorova,https://avatars.mds.yandex.net/get-yapic/58107/bbBjhgKr7oRabMuYOuMzKHfu7g-1/islands-68,2019-09-15 13:38:57,"Огромная очередь ! Через 20 мин стояния-сидения неправильная информация о заведении карты - заказе по телефону, в чем мне было отказано",1,
146,Павел М.,,2020-10-15 12:10:08,Прекрасное обслуживание на сделке с ячейкой. Спасибо менеджеру Валентине Пискун.,5,
147,Алексей К.,,2018-09-25 13:08:04,"Сотрудники, мягко говоря не профи.
Получаю свою зарплатную карту 3-ю неделю и всё без результатно....
Надоели эти""курицы"", которые не могут даже объяснить, что с картой.!!!
Вот сижу без зарплаты... СПАСИБО!!!",1,
148,Inko Gnito,https://avatars.mds.yandex.net/get-yapic/28439/enc-97c107c367393009ace9f88b71f65180a559e257810c674c47ece33eb53eae7f/islands-68,2020-05-20 08:38:51,"Отвратительно,персанал работать не хочет! Самый ужастное отделение,сидят в телефонах",1,
149,Alexey Vedev,https://avatars.mds.yandex.net/get-yapic/23186/DVyaJZJ5R8qpk2wZj13c7Sktff0-1/islands-68,2021-08-15 11:25:15,ВТБ стал гораздо лучше,5,"Спасибо, рады стараться 😃"
150,Якубжан Худайбердиев,https://avatars.mds.yandex.net/get-yapic/33202/OCNb2Bul4rbpUUOCkQsuxievJlk-1/islands-68,2020-09-14 04:44:51,"Очень медленно обслуживают посетителей, большие очереди",4,
151,Елена Золотова,https://avatars.mds.yandex.net/get-yapic/27274/vBTBTfxGP8TzkAsHtkXcuZDO9Q-1/islands-68,2021-10-19 17:26:18,Милый персонал.,5,
152,Владимирович,https://avatars.mds.yandex.net/get-yapic/57243/lXBWNEGxjrgzKHgIFism5w7zM4-1/islands-68,2021-04-22 09:03:02,"Был раз, но на пять звёзд не тянет",4,
153,Арман Казеян,https://avatars.mds.yandex.net/get-yapic/63256/enc-3e646281d753acfae1522af834bc12666a510cecc48b81e2e417e8a86908173d/islands-68,2021-08-24 17:33:31,Лучший офис ВТБ!,5,"Рады, что Вам понравилось. Ждем Вас снова 😃"
154,Шелпитотир,https://avatars.mds.yandex.net/get-yapic/30061/zqLYdhAPzLlpg5D9qjjD3rmeYLY-1/islands-68,2020-02-26 15:03:57,"Я пользуюсь другим отделением. Один из 10-15 банков, которые можно оставить.",5,
155,Сергей Смирнов,,2021-09-02 17:58:54,Банк как банк.,3,"Поверьте, мы стремимся быть лучше. Обратная связь нам помогает понять наши проблемы и принять меры для улучшения сервиса и обслуживания. Благодарим Вас за отзыв."
156,бурлаков павел,,2019-09-30 10:25:54,"Очень долгое обслуживание,большая очередь.Из шести сотрудников обслуживают трое",1,
157,юра Бад,,2020-11-30 18:06:26,Очень медленный персонал,1,
158,Илья Сапов,https://avatars.mds.yandex.net/get-yapic/27274/YoqM073rvjjdgnb9ocDB1fog8Sc-1/islands-68,2019-07-30 17:36:02,Хорошее отделение банка! Все доступно! Так держать,5,
159,Сергей Михайлович,https://avatars.mds.yandex.net/get-yapic/27503/IF7fAseHbAqXXBPHaG80cnGHIQ-1/islands-68,2021-04-14 23:52:16,красивое здание,5,
160,Alex Shara,https://avatars.mds.yandex.net/get-yapic/65952/opf70uwduA009D9woGF0pBLWk-1/islands-68,2020-07-23 08:30:23,"Электронной очереди нет, отсюда и волокита",2,
161,Сергей К,https://avatars.mds.yandex.net/get-yapic/43473/8KuKVTIeSeAkCea4MqDmrNapZY-1/islands-68,2020-09-28 17:23:57,Долго ждали персональных менеджеров,4,
162,Анонимный отзыв,,2020-02-10 09:10:12,Банк в целом не плохой но большинство работников портят имидж.,2,
163,Илья,,2021-02-03 14:48:46,"Единственный плюс, что рядом с работой",1,
164,Игорь З,,2020-07-17 14:56:18,"Долгое обслуживание, вечная очередь.",1,
165,Алекс Иванов,,2020-10-04 14:58:03,Работают профессионалы,5,
166,Анонимный отзыв,,2020-01-30 11:22:05,"Отличное отделение, вежливый персонал",5,
167,Гамид Апаев,https://avatars.mds.yandex.net/get-yapic/21377/enc-e8ea5e40233a57159922112fe6ca157a98eee9008467e0d4eb455d6405be2647/islands-68,2020-10-05 13:58:17,Буду краток: УЖАС,1,
168,Дарья,https://avatars.mds.yandex.net/get-yapic/51169/7Sbug253AaA16bPUZT6QDI-1/islands-68,2019-11-28 13:51:06,Это отделение банка закрыто уже больше года!,1,
169,Александр Ф.,https://avatars.mds.yandex.net/get-yapic/69015/fp76zbac4gjA3ilWGEPuNWH8DY-1/islands-68,2020-02-03 20:58:17,Банк как банк. Похож на другие.,4,
170,Артем Лаптев,,2020-01-14 04:56:25,Грамотный персонал.,5,
