,name,icon_href,date,text,stars,answer
0,Владимир Чубков,https://avatars.mds.yandex.net/get-yapic/38663/z2SjKp6guHFw67FSQRuOg65XA-1/islands-68,2024-03-06 16:34:19,"Хочу выразить своё уважение и восхищение работой сотрудников ВТБ: директором доп.офиса ""Планерный"" Тимофеевой Ольгой Владимировной - за её профессионализм, чуткость к клиенту, отзывчивость и отличное руководство коллективом. Я в жизни редко встречал таких прекрасных руководителей и высокого уровня профессионалов!!!! А так же благодарность сотрудникам офиса: *Розановой Анастасии 
*Ильиной Анне
. В целом я восхищён работой данного офиса ВТБ!!! Берегите таких шикарных сотрудников - в хорошем смысле слова - фанаты своего дела!!!! С уважением Владимир Чубков.",5,Довольные клиенты - наша лучшая награда. Благодарим за высокую оценку работы наших сотрудников 💙
1,CocoSh,,2024-01-25 11:37:53,"Отличное отделение на Планерной. Внимательные и компетентные сотрудники. Хочется поблагодарить директора Тимофееву Ольгу Владимировну за организацию работы в этом офисе. Не первый раз посещаю это отделение. Посетителей почти не было. Разговорились с одной пенсионеркой. Она восхищёна сотрудником Малин Игорь. Очень внимательный, всегда поможет с оплатой квитанций. Меня обслуживала Дзамихова Милана. Приятная девушка. Очень быстро оформила карту, рассказала все условия по карте. Рассказала про мультибонусы и другие фишки банковских продуктов. Отделение рекомендую.",5,"Спасибо, нам очень приятно получать обратную связь 💛"
2,Валентина М.,,2024-01-25 12:22:36,"Очень довольна работой офиса банка ВТБ на Планерной! Слаженная работа команды, всегда готовы помочь решить любой вопрос!Особенно хочу отметить работу Игоря! Очень внимательный и грамотный сотрудник! Благодарю за ваш труд!",5,"Рады стараться! Спасибо, что вы это оценили 😊"
3,Алёнушка И.,https://avatars.mds.yandex.net/get-yapic/28053/enc-473d5a1fe170d9c8926a65f64a6ca491003396738d64901a7da7652756be574a/islands-68,2023-12-15 15:02:07,Прекрасное отделение банка ВТБ. Приятная и дружелюбная обстановка. Выражаю отдельную благодарность Фаине Владиславовне Унашхотлевой и Ольге Владимировне Тимофеевой. Спасибо за тёплое отношение и заботу о клиентах ❤️❤️❤️,5,"Спасибо за положительный отзыв! Поверьте, мы это очень ценим 💛"
4,Svetlana E,,2024-03-03 19:02:05,"Всегда приходится обращаться на планерную к ребятам из юр.отдела, обслуживание на высшем уровне. Никогда нет очередей, заранее можно позвонить и назначить встречу, так же доходчиво объясняют, за что им отдельное спасибо 🙏🏻 ведь сейчас работников, которые вникают в твою проблему и пытаются найти как можно быстрее решение очень мало.",5,"Благодарим вас за отзыв. Мы всегда стремимся предоставлять нашим клиентам качественное обслуживание и рады, что вы оценили это 😊"
5,Александра Ф,,2024-01-10 10:48:46,"Отличное отделение! Особенно хочу отметить работу сотрудника Фаина, все четко ясно понятно ! Всегда старается помочь , объяснить все до мелочей !!! Располагает ей довериться !!!",5,"Приятно видеть, что посещение нашего офиса вызывает у вас исключительно положительные эмоции 😉"
6,Nadezhda Drobot,,2023-11-17 19:01:38,"Работает этот офис отвратительно. С 09 ноября не могут выдать две справки для соцзащиты по нотариальной доверенности от дочери маме по нулевым счетам. Вначале Розанова говорила о 3-х рабочих днях, 15 ноября заявила уже о пяти. Сегодня, 17 ноября, Ильина что-то куда-то написала и отправила. Потому что когда я уже шла домой позвонила Кристина и представилась сотрудником центрального офиса. После разговора со мной она собиралась переговорить с моей дочкой по WhatsApp. Но эта соцсеть у дочки оказалась на другом телефоне.
Завтра планирую в центральный офис, потому что внуку сегодня уже сказали о 10 раб. днях на выдачу этих справок.",1,"Нам искренне жаль, что вы столкнулись с такими трудностями. Надеемся, что к текущему моменту ситуация уже решена или это произойдёт в ближайшее время. Примите, пожалуйста, наши извинения за неудобства."
7,Эльвира Долгова,https://avatars.mds.yandex.net/get-yapic/35885/8ZXVkZfvvlfOApyTXIKDVikG7yE-1/islands-68,2024-02-03 17:11:43,"Спасибо за быстрое и качественное обслуживание!
Особую благодарность хотелось бы выразить сотруднику Игорю за грамотную консультацию и доброжелательность",5,"Спасибо, нам очень приятно получать обратную связь 💛"
8,Елизавета Сехина,,2024-01-25 12:35:45,"Удобное расположение офиса рядом с метро. Во время посещения нет больших очередей , есть электронная очередь . Спасибо сотрудникам за профессионализм!",5,Ваш положительный отзыв – наша лучшая награда 😊
9,Алан Тетуев,https://avatars.mds.yandex.net/get-yapic/44850/cFmILpRQWPC3xz6dIameyU6CD0-1/islands-68,2024-03-20 18:16:05,"Отличный банк. Пользуюсь давно и каждый раз довольна обслуживанием. Вопросы решаются быстро, в этом помогают вежливые сотрудники. Всем советую данный банк!",5,"Спасибо вам большое за тёплые слова о нашей работе. Мы рады, что у нас есть такие отзывчивые клиенты, как вы. Это отличный стимул для дальнейшего совершенствования и профессионального роста 😊"
10,Ирина Сметанина,,2024-01-22 18:56:47,"Отличное отделение банка ВТБ. При открытии счета сотрудник грамотно проконсультировал ,ответил на все возникшие вопросы. Все быстро и четко!",5,Большое спасибо за высокую оценку 😊
11,Желтобрюхова Нина,,2024-02-08 08:56:43,"Прекрасное обслуживание, быстро и чётко, особенно хочу выделить работу Игоря, грамотный сотрудник.",5,"Нам очень приятно, что вы поставили нам высокую оценку. Заходите к нам снова, мы всегда рады встрече с вами!"
12,Наталия К.,https://avatars.mds.yandex.net/get-yapic/43473/NWj71T5zPhMnKTWlLFEl7QVLwPQ-1/islands-68,2024-02-01 21:54:38,"Если бы я захотела связать свои деньги и этот банк,то точно никогда. Сливает ю информацию, сложно взять выписки по счетам,да и все что связано со счетами очень странно,открывают валютный счёт автоматически. Единственный плюс,консультанты,на этом банк не экономит",3,"Спасибо за обратную связь, которая помогает понять наши проблемы и принять меры для улучшения качества обслуживания!"
13,Николай Лесных,,2024-02-08 09:15:14,"Быстрое и качественное обслуживание, Малин Игорь, очень приятный и квалифицированный сотрудник",5,"Спасибо за высокую оценку и за то, что отметили работу сотрудника 👍"
14,Любовь Е.,,2024-02-17 12:15:10,Спасибо сотруднику отделения Сехиной Веронике за консультацию и граммотное обслуживание клиентов Побольше таких клиентов.,5,"Спасибо, что оценили нас на 5 ⭐"
15,Александр Бородовский,,2023-07-25 22:38:33,"Отрицательное впечатление. Почитал отзывы - много негативных, что подтверждает мое ощущение, что отделение деградирует. Не первый раз уже по отзывам не работает электронная очередь, хотя терминал выдает талоны. Я телепатически должен понять, что перешли на живую очередь? Ходил сюда с 2008 г, когда еще Банк Москвы был. Толи совсем зелёную молодёжь набирают, экономят, толи руководство не тянет, но после 2-х накладок в разное время, испорченного настроения и потери времени из-за некомпетентности персонала больше не буду пользоваться этим отделением, понимая, что обязательно во что-то там вляпаюсь. Написал официаль ные жалобы на горячую линию. ПРОСТО ОТСТОЙ(((",1,"Спасибо, что поделились с нами. Информацию в полном объеме мы передали ответственным руководителям для детального разбора и проведения необходимого цикла мероприятий. Надеемся, что в дальнейшем обслуживание будет соответствовать вашим ожиданиям. Приносим извинения за возможные неудобства."
16,sorenbatisil,,2024-01-04 12:59:54,"Всегда приходится очень долго ждать,хотелось бы не доброжелательности,хотя бы учтивой корректности; после посещения всегда остаётся осадок от резкости ответа сотрудника на бестолковость клиента",1,"Спасибо за отзыв. Мы обязательно учтем и проработаем ваши замечания, чтобы в дальнейшем у вас не возникало сомнений в правильности выбора нашего Банка!"
17,александр петров,https://avatars.mds.yandex.net/get-yapic/43473/enc-eec0f443d31a735d98bdf7c0c79e08a21f56aaedc96c15f42459bf24fe705e74/islands-68,2023-02-15 13:07:28,"Территориально удобно рядом с домом,рядом магазины несколько аптек 
Магазин перекрёсток, универмаг ""верный"" не знаю насколько,работает недавно!Народ хвалит говорят есть почти всё,как в Греции.",5,"Александр, спасибо за теплые слова. Довольные клиенты - наша лучшая награда."
18,Александр Соколов,,2023-07-03 15:53:56,"Некомпетентность сотрудников включая управляющую , поражает ровно также как и отсутствия сотрудниками понимания правил электронной очереди. 
Управляющую Ольгу пришлось ждать с мая, чтобы получить услугу в которой она даже не разбирается. Если такой руководитель , то что ожидать от ее сотрудников ? 

Касаемо очереди - в пиковые часы сажать за окошки двух сотрудников ,которые игнорируя электронную очередь приглашают к себе людей , которые даже зашли позже чем я.",1,"Спасибо, что поделились с нами. Информацию в полном объеме мы передали ответственным руководителям для детального разбора и проведения необходимого цикла мероприятий. Надеемся, что в дальнейшем обслуживание будет соответствовать вашим ожиданиям. Приносим извинения за возможные неудобства."
19,137802 Гришина,,2023-11-22 04:03:59,"прекрасные сотрудники, грамотные, терпеливые, вежливые",5,"Довольные клиенты - наша лучшая награда. Благодарим за то, что так высоко оценили нашу работу 💛"
20,Василий Ч.,https://avatars.mds.yandex.net/get-yapic/36777/cahtSMyqUcpCpouRzhB7mNDDw-1/islands-68,2024-02-03 12:33:55,"Доброжелательный персонала, быстро помогли во всём разобраться!",5,"Спасибо, нам очень приятно получать обратную связь 💛"
21,Елена Бокова,,2023-03-14 15:09:20,"Отвратительный офис!!!! Из 4 окон, обслуживающих физических лиц, работало только одно. Электронная очередь не работает, поэтому сотрудники позволяют себе просто сидеть беседовать с посетителями или вообще торчать в телефоне. Полный зал народу, а руководителю, выхолящему в зал на пару минут, дело до такой работы своих сотрудников нет никакого. Я сама работник головного офиса ВТБ, такого отношения к своим клиентам никогда не встречала.",1,"Елена, мы стараемся решать вопросы оперативно. Обратим внимание руководителя на отсутствие сотрудников при наличии очереди. Примем меры для сокращения времени обслуживания. Извините нас за доставленные неудобства. Надеемся, что при следующем визите вы сможете оперативно решить вопрос."
22,марина ризавна буравкова,,2024-04-02 11:43:53,Надежный банк. Пользуюсь им уже много лет. Новичкам выше проценты,5,Огромное спасибо за приятный отклик и доверие 💙
23,i s,,2024-03-29 13:07:10,"Все как везде, один плюс график работы нормальный, можно попасть после работы.",5,"Рады видеть, что вы оценили нас на 5 ⭐"
24,Дмитрий Андреевич Каприн,https://avatars.mds.yandex.net/get-yapic/58107/EElpH9SYyS4prGCzKnCDxXxZudk-1/islands-68,2023-01-15 17:56:19,"Хорошее отделение, близко к дому, все сотрудники компетентные, могут помочь и подсказать, постоянно прихожу в это отделение. Процветания вам и развития",5,Спасибо за такие приятные слова. Всегда Вам рады помочь 💪
25,Кристина,,2023-02-28 22:00:19,"Мало того что территорию около входа не чистят, что пенсионеры падают, так ещё и не профессиональное и никчёмное обслуживание. Не компетентный персонал, не могут решить проблему. Просто все ужасно. Завтра будем жалобу писать официально.",1,"Кристина, согласны с вами, что при обращении в Банк клиент ожидает профессиональную консультацию по имеющимся вопросам. Обратная связь помогает нам понять, над чем необходимо работать. Обратим внимание руководителя на компетенцию сотрудников. Примите наши извинения."
26,Елена,https://avatars.mds.yandex.net/get-yapic/36777/WyEcObWY5Ttb8fnwNgzh8xBZupk-1/islands-68,2022-07-25 05:00:45,"Рядом с м. Планерная. Чисто. Нет очередей. Сотрудники вежливые,грамотные. Все расскажут и покажут. Парковка только через дорогу у метро или во дворах.",5,
27,tor5,https://avatars.mds.yandex.net/get-yapic/40138/o4bk6QZuWCUzQ8vkqp9gRsRyKY-1/islands-68,2023-09-28 13:03:21,"Нормальное отделение, но иногда работает недостаточно окошек, потому приходится довольно долго ждать своей очереди.",4,"Поверьте, мы принимаем меры для того, чтобы время ожидания было минимальным. Проведем проверку в отделении и обсудим с руководителем данную проблему. Надеемся, что в дальнейшем мы не заставим вас ждать."
28,Елена Капитанова,https://avatars.mds.yandex.net/get-yapic/45566/IsL5l8R7ljTq2HlFXNqB6S0biE-1/islands-68,2023-01-10 13:16:10,"Всегда много народу, специалисты к тебе относятся как к дурачку, мне нужна была выписка по приходу и уходу денег с карты, так специалист долго не хотел давать, заговаривал мне зубы, в результате приблизительно 15 минут разговора всё таки принял от меня заявление о выдаче мне выписки.",2,"Елена, спасибо, что поделились с нами вашим опытом обслуживания. Мы обязательно учтем ваши замечания и проработаем их с сотрудниками офиса, чтобы в дальнейшем у вас не возникало сомнений в правильности выбора нашего Банка."
29,Юлия Ивановская,,2024-01-19 09:18:57,"Быстрое обслуживание, вежливые сотрудники",5,"Очень приятно получить такую высокую оценку, спасибо 😊"
30,евгения юскова,https://avatars.mds.yandex.net/get-yapic/48449/KetjLGuLHE5mjiWSZDYS62D2Rc-1/islands-68,2022-02-02 17:01:53,Быстрое и компетентное обслуживание. Электронная очередь идёт быстро. Персонал доброжелстельный. Всегда подсксжут лучшее решение вопроса. Рядом метро Планерная. Находится через дорогу от тпу Планерная. Надёжный банк.,5,
31,Ekaterina S.,,2023-10-03 06:26:51,"Фактический режим с 10-00 до 19-00, о чем висит объявление на входе. На сайте неправильный режим указан, вводите в заблуждение",1,"Благодарим за сигнал 🤝
Информацию скорректировали 👌"
32,Александр Кондрашов,,2023-11-03 18:20:32,"Стандартный банк, людей мало, пригласили через минуту после получения талона.",5,"Спасибо за отзыв. Так приятно, что вы поставили нам высокую оценку 👍"
33,Polina Orlova,https://avatars.mds.yandex.net/get-yapic/40138/enc-45fe8803ce8b5b2aba03a8c57564028b2c6cf2a2bd6f593d474c49520390fece/islands-68,2022-07-08 12:51:39,"Слишком долго, просто выпустила карту - просидела у девушки 50 минут. Мало того, что столько просидела, в итоге у меня не работали некоторые функции, и при визите в другое отделение выяснилось, что данная сотрудница (Ерёмкина), видимо для повышения каких-то своих показателей, пыталась выдать мне кредит наличными, у неё это не получилось, мне пришла СМС об отказе, на мой вопрос ""что это"", она сказала, что ""так надо""🤦🏼‍♀️, как-то пообъединяла мне аккаунты для этого, что у меня был сбой в приложении с некоторыми функциями. Больше сюда не пойду",1,
34,SAZON,https://avatars.mds.yandex.net/get-yapic/61207/Gb4WXM1RUB36mTGNq1YwcZng1Q-1/islands-68,2024-01-18 16:16:15,Быстро и качественно обслужили,5,"Спасибо, нам очень приятно получать обратную связь 💛"
35,Волощенко Галина,,2022-09-19 16:45:15,"Обслуживание неплохое, профессиональное.с клиентами персонал внжлив, внимателен.единственный минус, время ожидания несколько затянуто.Но возможно потому, что молодые сотрудники стараются более внимательно относится к клиентам, многие из которых пожилые люди.",5,"Галина, так приятно, что вы по достоинству оценили нашу работу! Это очень ценно для нас. Постараемся и дальше соответствовать вашей пятерке))"
36,Татьяна Качурина,https://avatars.mds.yandex.net/get-yapic/40841/JzCxndV5eEBrDSqhdcgs5KhJM-1/islands-68,2023-12-29 16:41:56,Решили вопрос очень быстро. Благодарю.,5,"Огромное спасибо за приятный отклик 💛 Рады, что смогли помочь в решении вопроса 😉"
37,Мармеркейплейст,,2023-11-01 15:20:05,"Отличный банк, который помог быстро решить проблему, спасибо. Такой же филиал банка в Лобне мне отказал промурыжив целый час, послал на Планерную. Где все и решили, за 20 минут.",5,"Спасибо за отзыв! Рады видеть, что вы оценили нас на 5 ⭐"
38,Сергей Данилов,https://avatars.mds.yandex.net/get-yapic/31804/3jQhbgytOCjeJV6CWqsvxrISA-1/islands-68,2024-04-03 02:56:50,Отделение банка с двумя банкоматами при входе. Очередей почти нет.,5,Спасибо за обратную связь. Это помогает нам расти и развиваться 😊
39,Mariya_Ka,https://avatars.mds.yandex.net/get-yapic/58107/4FxFDVQNPATd0DujvNzhv3Frn8-1/islands-68,2024-02-02 10:19:16,"Мало сотрудников, в очереди по 40 минут приходится сидеть!",2,"Хотим извиниться перед вами за долгое ожидание. 40 минут - действительно недопустимо. Мы передадим ваш отзыв руководителю отделения и вместе разработаем комплекс мер, которые не позволят ситуации повториться."
40,Ирина Гощинская,https://avatars.mds.yandex.net/get-yapic/27503/X6lcHTzfxPEjPyPiXLlBl7vgxs-1/islands-68,2024-02-09 12:43:32,Удобное расположение. Надёжный банк,4,"Рады, что вы остались довольны после посещения офиса 💙"
41,Юрий Крючков,https://avatars.mds.yandex.net/get-yapic/21493/enc-3fc7bee2bd06fe31cba77a2bf2d71ebeab0efb114d01455b16146e2de4bc86f6/islands-68,2022-11-08 13:49:26,"Огромная благодарность сотруднице по работе с клиентами Светлане за добросовестное отношение к своим обязанностям, компетентность, чуткость, понимание и отзвчивость.
Виктор Иванович",5,"Юрий, так приятно, что вы поставили нам высокую оценку и отметили работу сотрудника!"
42,Владимир Евгеньевич,https://avatars.mds.yandex.net/get-yapic/62162/ngH8aQVDr07mKc4LIqwt9gfzvc-1/islands-68,2023-01-09 04:06:25,"Один из немногих офисов ВТБ, который сохранил давний формат еще со времен Банка Москвы. Рядом с метро, очереди быаают только в банкоматы",5,"Благодарим за положительный отзыв, нам очень приятно 👍"
43,Наталья Сосновская,,2022-11-22 11:31:42,"Очень длинные очереди всегда , и есть некомпетентные сотрудники , обманывали когда баксы с ограничением выдавали , сказали придти через какойто срок пришла , а в итоге сказали денег нет в очереди стойте и вам позвонят . Руководство не позвали по моему требованию",1,"Благодарим вас за отзыв. Нам очень важно знать ваше мнение. Мы стремимся к тому, чтобы быть лучше. Проведем работу в целях улучшения качества обслуживания."
44,Fil,https://avatars.mds.yandex.net/get-yapic/23134/8KvEt4N6weJ3n0B5u6E12zM2ErE-1/islands-68,2023-04-09 12:00:13,"Хороший персонал,внимательный. Обслуживают быстро,квалифицырованно",5,Благодарны вам за пятерку и добрые слова о работе наших сотрудников))
45,Женечка Соруцкая,https://avatars.mds.yandex.net/get-yapic/57243/bXiKXqcVLJxay1KBGBCagWs-1/islands-68,2022-12-10 10:26:36,"Приехала забирать карту в отделение Втб на Планерной в субботу. Все очень долго, работало только 3 окна, я была с грудным ребенком, в помещении очень жарко, ждали своей очереди 30 минут.",1,"Сожалеем, что вынуждены были потратить ваше личное время на ожидание в очереди. Примем меры и исправимся 💪"
46,Natali,https://avatars.mds.yandex.net/get-yapic/26057/CrMVZa5LnuQhrWqaSYMYkDIn2YA-1/islands-68,2022-10-22 19:53:09,"Обслуживание очень долгое, очередь ждала больше 30 мин. А так персонал вежливый. Отделение большое, операторов маловато. Попросила консультанта - сказали только по талонам...",2,"Поверьте, мы принимаем меры для того, чтобы время ожидания было минимальным. Проведем проверку в отделении и обсудим с руководителем данную проблему. Надеемся, что в дальнейшем мы не заставим Вас ждать."
47,Лидия,https://avatars.mds.yandex.net/get-yapic/30955/FCzl2KburZzAOm8el3ZWHfBZE-1/islands-68,2022-11-08 06:31:52,"Все время полный зал народа. Ожидание длительное. А потом еще оказалось, что они помочь не могут, нужно обращаться на Сходненскую, где тоже очередь. В итоге потеряла целый день.",4,"Согласимся с Вами, что длительного ожидания не должно быть. Обратим внимание руководителя отделения на данную проблему и примем меры 👌 Надеемся, что в дальнейшем мы не заставим Вас ждать."
48,Светлана,,2022-10-20 13:52:55,"Треш полный - на кондеях экономят духота Ожидание по талону час! В итоге сотрудник допустил ошибку и пришлось приходить еще раз Ответ управляющего 5 баллов- что вы хотите,такая ситуация в стране! Жесть",1,"Спасибо, что поделились с нами вашим опытом обслуживания. Мы обязательно учтем ваши замечания и проработаем их с сотрудниками офиса, чтобы в дальнейшем у вас не возникало сомнений в правильности выбора нашего Банка."
49,Руслан,https://avatars.mds.yandex.net/get-yapic/63256/FjI31VEkOi4W7O6NyVkelNXXFus-1/islands-68,2022-05-20 12:55:00,"Вежливый персонал. Все спокойно и чинно. Думаю продукты банка схожи с остальными, но его близость к Государству и отношение к клиентам дает приоритет.",5,"Огромное спасибо за приятный отклик 💛 Рады, что смогли помочь в решение вопроса 😉"
50,Pavel Volkov,https://avatars.mds.yandex.net/get-yapic/36777/enc-ae37ca34c6751b2cdcbb16ea4700ebfc243fbcd240ad161b69d1076e0c748a35/islands-68,2022-11-12 17:49:41,"Народу очень много, персонал принимает 2 человека из 5, просидели более 30 минут, вопрос так и не смогли решить отправили в отделение на сходненской",4,"Согласны с вами, проблема с долгим ожиданием стоит в этом офисе остро. Мы работаем над увеличением скорости обслуживания. Надеемся, что при следующем визите вы уже сможете оценить, как изменилась ситуация."
51,Татьяна Гарипова,,2021-12-21 11:51:46,"Отвратительный филиал. Сотрудники банка не могут не только решить проблему, но и внятно объяснить в чем проблема. Так же и управляющий не смог дать компетентный ответ. С подобным вопросом обращалась год назад, так же и сегодня ушла так и не получив внятно в чем проблема. Да, может ситуация и не простая, но в другом филиале все решили быстро без проблем. Знаю что и мои коллеги ушли из ВТБ только по причине, это филиал самый удобный по расположению, но толку от него ноль.",1,
52,Tati P.,,2022-09-30 11:17:47,"Провела в банке больше 40 минут, была с ребёнком. Ребёнок захотел в туалет. Банковский работник отказал в посещении туалета, т.к он служебный. Это ужасно, потому что выхода нет никакого.",2,"Поверьте, мы стремимся быть лучше. Обратная связь нам помогает понять наши проблемы и принять меры для улучшения сервиса и обслуживания. Благодарим Вас за отзыв."
53,Юлия,,2021-09-01 08:24:00,"27.08.2021 в 16.51 я столкнулась со следующей ситуацией. Мне необходимо было срочно закрыть банковский счет. Сотрудник данного отделения банка ответил, что его закрыть в данный момент невозможно, и что закрыть его я смогу только спустя 3 месяца, сославшись на какие-то «правила банка» и на какие-то «условия банка», не пояснив, при этом, о каких конкретно «правилах» и «условиях» идет речь, и не пояснив также чем именно это всё регламентировано. Подчеркну, что по моему мнению никаких проблем, препятствующих закрытию счета в тот момент не было. Время в тот день у меня было ограничено и пришлось отложить решение данного вопроса. Далее я позвонила в банк (на номер 1000), чтобы еще раз всё уточнить про те самые загадочные «правила», «условия» и невозможность закрытия счета. Сотрудник банка всё проверил и сказал, что никаких препятствий для закрытия счета нет и не было изначально (в день обращения в отделение банка 27.08.2021 в частности), и что никаких особых «правил», «условий», а также ограничений к данному счету не применено, и что закрыть я его могла (в день обращения в отделение банка 27.08.2021), а также смогу закрыть в любой день. И снова пришлось идти в данное отделение банка. Уже другой сотрудник данного отделения закрыл мне этот несчастный счет за несколько минут и без всяких проблем! Хочется обратиться к руководству данного отделения банка и порекомендовать более тщательно проверять и следить на постоянной основе за компетентностью, профессионализмом, квалифицированностью своих сотрудников. Сотрудник Вашего отделения, с которым я столкнулась 27.08.2021, и его объем знаний в частности, заставляют тратить лишнее время на решение каких-то на мой взгляд элементарных и простых вопросов, а также вынуждают звонить в банк и по несколько раз ходить в отделение банка. Разочарование одним словом.",1,
54,Алексей,https://avatars.mds.yandex.net/get-yapic/31078/aRACtPYtBQQEviqDkgksSjVKAQ-1/islands-68,2022-11-29 13:40:41,"Сотрудники выходят отдыхать после каждого клиента,очереди огромные,сидишь больше получаса,а то и весь час. Потом еще и карту час открывают.",1,"Сожалеем, что вынуждены были потратить ваше личное время на ожидание в очереди. Обсудим с руководителем данную ситуацию и примем меры, которые позволят сократить длительное время ожидания."
55,Марина,https://avatars.mds.yandex.net/get-yapic/20706/enc-e7bd5e026c1807a44a0db38f36e0d1d198eee9008467e0d4eb455d6405be2647/islands-68,2020-12-10 12:53:39,"Хорошее отделение! Информированный сотрудники. Хорошие консультанты. Пока ждала в очереди, поняла что сотрудники на своём месте. Каждый даст грамотную консультацию. Подберут выгодный вклад. Помогут с приложением. Карты выдаются в конверте, а не как собакам кидают на Б.Никитской. 
Если и есть очередь, то только потому что, сами посетители задают много вопросов и просят конкретно все и доступно им разжевать. Очень хорошее отделение. Все операторы работают.",5,
56,Елена Ф.,,2022-05-28 17:11:28,"Быстрое обслуживание,очередь всегда не большая .есть банкомат.Внимательный персонал,который ответит на все интересующие вопросы",5,
57,Strange Msk,https://avatars.mds.yandex.net/get-yapic/38663/VvodlIub9vwkFT2fBZiCjc2kTc-1/islands-68,2023-04-16 17:33:13,Удобное расположение и учтивый персонал.,5,"Очень приятно получить такую высокую оценку, спасибо 😊
Приходите к нам ещё!"
58,Гюзель Какушкина,https://avatars.mds.yandex.net/get-yapic/25358/J9voMSTgx7SqQMAu00TKWeRlag-1/islands-68,2024-01-10 17:16:09,Долгое обслуживание.,3,"Приносим вам извинения за неудобства. Поверьте, мы стремимся к быстрому обслуживанию. К сожалению, периодически клиенты сталкиваются с очередью и длительным временем ожидания. Мы проводим постоянную работу для ускорения обслуживания. Надеемся, что при следующем визите вы заметите положительные изменения."
59,Александр,,2023-07-07 16:39:12,Постоянно хожу в это отделение. Очередь маленькая. Сотрудники хорошие.,5,"Александр, рады, что вам нравится у нас. Не зря стараемся 😃"
60,Оксана К.,,2022-11-12 09:25:11,"Очень медленное обслуживание. Сотрудники ни клиентоориентированы, все делают медленно не спеша, их не волнует что образовалась очередь.",1,"Оксана, спасибо за отзыв. Обязательно проведем проверку в данном отделении на основание Ваших замечаний и примем меры, которые позволят оперативно решать вопросы клиентов."
61,Вениамин Антонов,,2022-06-23 18:01:15,"Хорошее отношение к клиентам,особенно хороший сотрудник,девушка Анна.
Спасибо ей большое,побольше таких сотрудников в банк!!!",5,
62,Егор Самонов,https://avatars.mds.yandex.net/get-yapic/58107/VhkAw1dTLUvKuyycc4W58LzG9c-1/islands-68,2021-11-07 21:18:57,"Маленько отделение, тем кто на машине места просто не найти , их нет, не продумано. 
Сотрудники отзывчивые, отлично помогли с оформлением кредита. Основную функцию банк ВЫПОЛНЯЕТ👍🏻",4,
63,Оксана Беликова,https://avatars.mds.yandex.net/get-yapic/51169/enc-d1249e06a5d3571f5cd1963ae3ab3eb8f5da59ec83fb47e53f8b4ca5fe05150a/islands-68,2022-07-06 11:48:36,ВТБ рядом с домом. Очередей не бывает. Персонал вежливый. Банкоматы круглосуточные.,4,
64,ирина 0,,2023-04-01 17:43:38,"Всегда много народа и мало сотрудников, которые работают с физическими лицами",5,"Спасибо, что поделились с нами. Нам очень помогает обратная связь в решении наших проблем. Проведем проверку в отделении и выясним причины такого построения графика работы сотрудников. Примите, пожалуйста, наши извинения за ожидание."
65,Александр Гранкин,https://avatars.mds.yandex.net/get-yapic/29310/AriowL2XjaRBK0ynFcYdZFEo6o-1/islands-68,2022-07-18 11:41:06,"Хорошее отделение банка, все вежливые, очень внимательно выслушали и помогли решить мой вопрос!",5,
66,Максим Белоглазов,https://avatars.mds.yandex.net/get-yapic/34189/enc-ac9b484ed2b4ec9dba221df67a18f6e36e61bb229c21d33715dc55e8bd5ddccf/islands-68,2021-04-09 09:43:19,"Не рекомендую , по задолженности сказал это сначала комиссия за обслуживания карты , затем , что какой то штраф , потом когда предложил третий вариант ....я написал заявку , на которую так и не ответили внятно , за что !!!!, как и в отделении на Соколе, ужас 😱, по истечению месяца , а звонил я раз 10, все таки нашёлся сотрудник колл центра который мне все таки объяснил , а не придумывал варианты откуда образовалась задолженность, ужас я с этим баком после такого обслуживания иметь дело не стану конечно",1,
67,ольга молчанова,,2021-11-26 11:48:49,"Приехала поменять зп карту, из 6 сотрудников только работали 2 человека, а сотрудник Микоян приглашает мужчину без очереди и талона и по такому же вопросу! А меня ждёт ребёнок, а я сижу в очереди! Очередь была из 7 человек! Прошу разобраться с сотрудником, почему она так ведёт себя- так как она сама хочет!!!",1,
68,Елена Галкина,https://avatars.mds.yandex.net/get-yapic/49368/xLp7RRFlJ4Gln2PndtHk9eVqRas-1/islands-68,2022-04-28 15:26:36,"Одно из отделений банка. Время ожидания всегда по разному, так как могут одновременно обслуживать клиентов в долгими операциями. Стараются максимально помочь при обращении",5,
69,577772 Баталова,,2023-08-16 18:11:54,"Персонал не перезванивает, не работает, вечно очереди",2,"Позвольте поблагодарить вас за обратную связь, которая помогает нам эффективнее работать над улучшением качества обслуживания. Обязательно обсудим с руководителем офиса ваши замечания и примем меры.
Приносим извинения за доставленные неудобства."
70,Артем Злой,https://avatars.mds.yandex.net/get-yapic/38436/xgP6TijgWYCsTqGhA482rDc-1/islands-68,2021-09-01 08:10:23,"Тот случай, когда понимаешь, что госучреждения (типа ПФР, МФЦ) стали работать лучше, быстрее и комфортнее, чем богатые прогрессивные банки. 30 минут ожидания в очереди как вам?! И не чашки кофе, как в МФЦ, ни даже извинений...",1,
71,Рамис Алирзаев,https://avatars.mds.yandex.net/get-yapic/25358/AC26LmbHTTcUyZ4hZ7TQvJqPE0-1/islands-68,2020-12-21 12:33:37,"Никому не рекомендую обращаться в данный офис банка. Сотрудники крайне некомпетентные. Худшего уровня обслуживания и наплевательского отношения, я не видел за всю свою жизнь нигде, даже странах СНГ, в колхозных городках сервис будет получше. Обратился с элементарным вопросом получения денег в сумме 3000 рублей со своего счета. Мурыжили 3 часа. Не могли объяснить причину отказа, хотя никаких ограничений в получении денег у меня нет, об этом сообщили специалисты горячей линии.Не сказали сроки решения моего вопроса. Оставил номер телефона. ОБЕЩАЛИ позвонить НЕ позвонили. Позвонил сам. Опять обещали позвонить, опять не позвонили. Сел к специалисту в 10-30, попросила посидеть и подождать ответа на направленный еë куда то запрос. Сколько ждать не сказала. Ждал до 11-20, потом оставил номер телефона потому что ждать больше не мог и уехал по делам. Никто не позвонил. Вернулся обратно в 13-20, опять сказали ждать. Прождал до 15 часов. При этом чего ждать примерно сколько ждать не пояснили, на все мои вопросы ответ был один - этого мы пояснить не можем. Оставил телефон, прошло два дня, так и не перезвонили. Короче полный бардак. До меня было ещё три клиента, которые также были крайне не довольны работой специалистов данного офиса и открыто выражали им своё недовольство, и говорили им об их полной некомпетентности. Никогда не думал, что в банке могут так бездарно работать. Отвратительный сервис.",1,
72,Ирина Косарцова,,2022-12-25 07:35:01,Единственный офис ВТБ на Планерной. Поэтому всегда большие очереди,3,"Мы прекрасно вас понимаем. Данный офис очень востребован для клиентов, поэтому часто возникают очереди. Поверьте, мы работаем над сокращением очередей. Надеемся, что при следующем визите вы сможете оперативно решить вопрос."
73,Ирма Френсес,,2023-05-15 06:20:58,Быстро. Спокойно. Четко работают!,5,Довольные клиенты - наша лучшая награда. Благодарим за высокую оценку нашей работы.
74,Ира Иванова,,2022-09-03 10:27:34,"Постоянно очереди. Сидеть по часу в очереди, потом еше час у оператора. Ну никогда не спешат. Спят в своих окошках",1,"Сожалеем, что вынуждены были потратить ваше личное время на ожидание в очереди. Проведем необходимые мероприятия, которые позволят сократить очередь и решать оперативнее вопросы клиентов. Примите наши извинения, мы исправимся."
75,Елена Витренко,https://avatars.mds.yandex.net/get-yapic/25817/nzM4QMRwvkUXi13oOyEZt28ZBg-1/islands-68,2022-09-08 17:50:42,"Любимое отделение банка!
Все профессионалы.
Спасибо! Так держать!",5,Спасибо за такие приятные слова. Всегда Вам рады помочь 💪
76,Julija Orlova,https://avatars.mds.yandex.net/get-yapic/38436/1uioOseZz0BsEykXdRMFQk9yY-1/islands-68,2022-02-18 11:23:33,Работает всего 3 сотрудника из 6 окошек!!!! Автомат по выдаче талонов не работает - живая очередь на 30-60 минут!!! Кому как повезёт…. И это коммерческий банк!,1,
77,Лорд Фейдер,https://avatars.mds.yandex.net/get-yapic/63032/eEMaSK66gv8t3n6Fq3TWQxh34-1/islands-68,2023-07-04 17:53:41,Не помогли ! Отшили ( очень вежливо ),2,"Спасибо за отзыв. Обязательно проведем проверку в данном отделении на основание ваших замечаний и примем меры, которые позволят оперативно решать вопросы клиентов."
78,Григорий Овчинников,https://avatars.mds.yandex.net/get-yapic/30955/JdyUh5KYhC3B1OJJQ2wF6tgaBE-1/islands-68,2022-12-21 15:35:29,"Нормальный честный банк, пользуюсь зарплатной картой от них, оформлял здесь. Ребята приветливые здесь работают",5,"Так приятно, что вы по достоинству оценили нашу работу! Это очень ценно для нас. Постараемся и дальше соответствовать вашей пятерке))"
79,Японамама,https://avatars.mds.yandex.net/get-yapic/45131/enc-6e399841d09a3fd684650f947c3a450bbacbc1715f7a3341bf8f78d1bf20bbb4/islands-68,2022-06-06 11:28:18,"Расположение удобное,недалеко от метро.Персонал внимательный,объяснят,помогут.Единственный малюсенький минус-долго ждать своей очереди (для тех,кто спешит и ограничен во времени)",4,
80,Мага Хан,https://avatars.mds.yandex.net/get-yapic/31804/1zvELSM0Ub3S6Nj43zWJQEuFsI-1/islands-68,2021-10-11 14:29:06,"Спасибооооооо Дзахимова Милана Мусовна , умная и добрая сотрудница ,,, по больше таких и ВТБ процветал ,,, 👍👍👍Решила вопрос грамотно и ждать не пришлось долго",5,
81,Оксана Грачева,,2021-02-26 11:08:01,"Здесь всегда очень длительное время ожидания.У меня заканчивается срок действия карты в этом месяце,два раза уже сидела в очереди по сорок минут,так и не смогла дождаться, потому что не рассчитывала на такое длительное время ожидания.Благо есть карты и других банков и с этим банком уже не хочется иметь дело,жаль терять столько времени в очередях",1,
82,Елена Нестерова,,2022-04-26 01:38:43,Очень медленно работают из 6-ти окон работали 3.хотя операторы были на месте.не обоснованно создается очередь сидела 1ч15мин Долго,3,
83,Позабытый Диетолог,https://avatars.mds.yandex.net/get-yapic/31804/XrzlTFBVHREC3jIqmrLfqn45M-1/islands-68,2021-12-03 12:54:04,"40 минут сидел ""курил бамбук"" Работники банка сидят воздух гоняют, тянут резину, только не работают! И самое главное они это понимают и улыбаются, лодыри! Больше ни ногой, да и банк менять буду",1,
84,Даля,https://avatars.mds.yandex.net/get-yapic/68143/QHbfOWWgRVKASHnsZYkrEL0r5aA-1/islands-68,2021-10-01 14:41:17,"В общих чертах хорошо, но в одном из банкоматов нет бесконтактного соединения картой с сервисом. В самом офисе я не была, но выглядит симпатично.",5,
85,Камиль,https://avatars.mds.yandex.net/get-yapic/49368/LDwpr8PWVhP6fnHedBvHinwhrrI-1/islands-68,2023-09-17 17:20:27,"Хорошее отделение банка,",5,"Рады, что вам понравилось. Ждем вас снова 😃"
86,Dilmenr Valiev,https://avatars.mds.yandex.net/get-yapic/44850/uB6dzSLH6VeKPWzvRyi2k5cL8w8-1/islands-68,2023-06-15 17:20:17,Хороший отношения к клиентам,1,Спасибо за обратную связь 👍
87,Александра К.,https://avatars.mds.yandex.net/get-yapic/61207/dAjoROnxjfdr4g8a94XWbZVC5Q-1/islands-68,2022-11-12 12:08:14,"Отвратительная работа отделения и сотрудников, медленно и непрофессионально.",1,"Благодарим Вас за отзыв. Нам очень важно знать Ваше мнение. Мы стремимся к тому, чтобы быть лучше. Проведем работу в целях улучшения качества обслуживания."
88,Владимир Х.,,2022-12-06 17:07:37,"Внимательные понимающие сотрудники.
Спасибо.",5,"Владимир, благодарны вам за пятерку и добрые слова о работе наших сотрудников))"
89,Алекс Косит,,2021-06-01 06:26:51,"Полная некомпетентность персонала. Очереди просто огромные, два раза сидел в очередях более 
чем по полчаса. Думаю, связано с неграмотным руководством. Будьте готовы к потере времени, рекомендую любой другой офис вместо этого",1,"Здравствуйте! Сожалеем, что для решения вопроса вам пришлось потратить свое личное время на длительное ожидание в очереди. Мы обязательно примем меры для сокращения времени ожидания, а также организуем встречу с сотрудниками и руководителем офиса для анализа ситуации и с целью не допускать подобного в будущем. Приносим извинения за неудобства."
90,Виктория Михайлова,https://avatars.mds.yandex.net/get-yapic/64336/V4LxhyqM94sIECezpsUYXdQTVk-1/islands-68,2023-07-22 13:46:16,Очень медленно работают,3,"Благодарим вас за отзыв. Поверьте, мы стремимся к тому, чтобы быть лучше. Обязательно проведем работу в целях повышения скорости обслуживания."
91,Margo Margo,https://avatars.mds.yandex.net/get-yapic/15430/enc-4f65ce0ee1fcc492457455f1ca00598f18296ea403851d038103cb6ff621525f/islands-68,2021-01-29 12:37:53,"Максимальная ненависть к всей организации банка. Начиная от того, что банк не может гарантировать сохранность ваших же денежных средств, теряет документы и никто не несёт ответственность за это, приложение и КЦ работают не корректно, а информация в каждом источнике разная. 🤦🏼‍♀️",1,
92,Дарья Шмалий,,2021-06-18 09:37:00,Уже не первый раз в отделении и каждый раз ждала по 40-50 минут приема в окошке. На талоне «Перед вами 1 человек». Оочень долго обслуживают клиентов. Работает максимум 3 окна из 6.,1,"Дарья, хотим извиниться перед вами за долгое ожидание. 40-50 минут - действительно недопустимо. Мы передадим ваш отзыв руководителю отделения, и вместе мы разработаем комплекс мер, которые не позволят ситуации повториться."
93,Инна Кузаускас,https://avatars.mds.yandex.net/get-yapic/54535/5qLJrfdRV3yzFNHqWEJVMQXLoto-1/islands-68,2022-11-08 11:39:07,Обслуживание клиентов сотрудниками банка на должном уровне👍,5,"Очень приятно получить такую высокую оценку, спасибо 😊"
94,юлия и.,,2020-11-13 14:25:39,"Нужно было актуализировать данные для получения карты. Просидела больше часа в ожидании, но так и не дождалась своей очереди. Причем это был будний день, 14 часов. Народу было не много. Сотрудники очень медлительные, в креслах чуть ли не лежат, болтают между собой. Девушка на ресепшене (где талончики) грубоватая.",1,
95,Евгений Б,,2021-12-01 15:19:54,"Самое тормозное отделение ВТБ в Москве! Сотрудники не хотят работать вообще!
Очередь 4 человека - больше часа ожидания",1,
96,Александр,https://avatars.mds.yandex.net/get-yapic/27503/bstOxVjZK3kMV4yafGR4kTcLU6M-1/islands-68,2022-12-02 07:45:32,"Зашёл и вышел, народу полно сотрудники не торопятся",1,"Александр, спасибо за отзыв. Обязательно проведем проверку в данном отделении на основание ваших замечаний и примем меры, которые позволят оперативно решать вопросы клиентов."
97,Denis,,2020-11-11 11:45:46,"Если можно было пол звезды бы поставил, и то только за то что на голову дождь не идёт. Из 5 окон работают 2, остальные сидят но не принимают. Очередь не продвигается. Если есть варианты не ходите",1,
98,Кирилл Мазуров,,2021-04-01 12:17:57,"Это бывшее отделение банка Москва. Поэтому некоторые операции по карте ВТБ не доступны, отправляют в отделения, в которых доступна какая-то система.",4,
99,ZB,,2022-11-11 11:18:25,"Хотите посидеть 1-1,5 в очереди! Вперед 😡",1,"Примите наши извинения за длительное ожидание. Нас такое ожидание не красит. Мы организуем встречу с руководителем и вместе разработаем комплекс мер, которые позволят решить данный вопрос."
100,Анастасия Цветкова,https://avatars.mds.yandex.net/get-yapic/58107/enc-661ddc3dc0552ac4d5121a57dea087f1d924e9b8152dee7c64caa86d6225dd55/islands-68,2019-11-29 06:15:26,"Отвратительное отделение банка, сотрудники не компетентный совсем! Пришла активировать карту, час просидела в очереди хотя была не в час пик, а в будни в час дня, сотрудник 30 минут бегал с моим паспортом, потом в итоге в вёл мои данные и сказал что через сутки всё будет активно, в итоге пошли вторые сутки, позвонила в банк, на что мне сказали что в их базе нет даже моих данных!!! Жаль что нужно при отзыве ставить ""звезду"" я бы вообще ничего не ставила! И как после этого относится в банку ВТБ!? ОЧЕНЬ ЖАЛЬ ЧТО СОЦКАРТА ИМЕННО ЭТОГО БАНКА, БЫЛА БЫ ВОЗМОЖНОСТЬ ПОМЕНЯЛА БЫ НА ДРУГУЮ",1,
101,Маргарита Кузнецова,https://avatars.mds.yandex.net/get-yapic/64336/YCwVDUdj2bj6zbz7jvM1CTnrss-1/islands-68,2023-04-29 18:07:52,"Понравился,надеюсь в следующий раз намного больше помогут)))",5,"Маргарита, спасибо за такие приятные слова. Всегда рады вам помочь 💪"
102,Владимир.Б,https://avatars.mds.yandex.net/get-yapic/41409/gWZu0DCeuclq7GCxS3bU5lEqHOc-1/islands-68,2020-07-10 16:36:41,"Сегодня 10.07.20 примерно в 16.00 был в банке(получал карту) сидел около 30 мин. или чуть больше и наблюдал как сотрудник Михаил все это время ( может больше) болтал с молодыми девчатами, о том кто где и кем работает,какие у него были дорогие ботинки и т.д. но так и не позвал ожидавших очередь клиентов,даже на кнопку лень нажать было,что бы очередь на табло поменялась. Сотрудникам приходилось кричать "" кто следующий"" вобщем пока сидел ждал очередь наслушался его разговора с девушками до отрыжки, за что ЕМУ отдельное"" спасибо""",2,
103,Tim_Navy_RF,https://avatars.mds.yandex.net/get-yapic/24700/enc-be1349ac5147ba28666079f05db04d90ef3f180de8b7e49898b67c1b33065692/islands-68,2022-01-09 08:35:21,Приготовьтесь потратить около часа на очередь и не спешную работу не многочисленных операторов.,3,"Примите наши извинения за длительное ожидание. Нас такое ожидание не красит. Мы организуем встречу с руководителем и вместе разработаем комплекс мер, которые позволят решить данный вопрос."
104,alenpi,https://avatars.mds.yandex.net/get-yapic/53031/HmpKWdc6OETN8onxAgq5MPArAa8-1/islands-68,2021-08-11 06:22:02,Хороший вариант. Близко. Быстро. Грамотные консультанты.,4,"Благодарим за положительный отзыв, нам очень приятно 👍"
105,Berry_,https://avatars.mds.yandex.net/get-yapic/58107/cecspNvaw4UpOPwZlFWU54RRrR8-1/islands-68,2019-10-14 12:43:26,"Обслуживание очень медленное, обращалась в это отделение несколько раз и все одно и тоже. Сотрудники банка словно плавают... Как ленивци передвигаются. Где сервис банка?? В наше время, когда дорог каждый час у нас отнимают время и мы просиживаем долгое время в очереди смотря на то, как невыспавшиеся сотрудники неохотно выполняют свою работу. Пользовалась картой банка и держала в нем вклад- из за такого сервиса я отказалась от карты и перевела вклад в болие приятный банк, где клиент на первом месте!!!!",1,
106,Ольга Молчанова,,2021-11-26 11:59:41,"Ожидание в очереди более 30 минут и в отделение сидят 6 специалистов, а принимают только 3!",1,
107,Александра А.,,2022-03-15 09:03:20,"Отвратительно, получение карты 1,5 часа….1,5 часа Карл! Получить выпущенную карту!",1,
108,Александр Козлов,https://avatars.mds.yandex.net/get-yapic/45566/MnjzpWc9jixbevJIgrN2kiW5hk-1/islands-68,2021-09-14 10:18:31,"Зашла туда , спросить хотела их. Всего два работника. Стойте и ждите сказали они строго . Вот и обслуга😬",1,
109,Шум,,2021-06-08 16:51:09,"Лучшее отделение ВТБ в котором бывал!
Что на белорусской, что на каланчевской, дно по сравнению с этим , хотя они привелегия по идее!
Сотрудникам и директору филиала, почёт и уважение! Удачи в нелегком деле )",5,Спасибо за отзыв! Будем продолжать в том же духе 💪
110,Анастасия Б.,,2021-09-07 11:46:31,"Очереди сидим больше 40 минут. работают два человека , большие очереди!
Обратите внимание уважаемое руководство",1,
111,Александр Зайцев,,2022-01-27 18:06:13,"Обслуживание, время ожидания, расположение, персонал",5,
112,Анатолий Пахомов,,2022-09-04 23:29:06,Не понятно как использовать мультибонусы.,3,Накопленные «мультибонусы» вы можете тратить на товары и услуги в каталоге программы и у партнеров программы.
113,Mr.Black,https://avatars.mds.yandex.net/get-yapic/57243/3eRUiX1ZDbvQELtWvVDV54JPogU-1/islands-68,2021-08-14 08:27:09,"Ужасное отделение,наверное самое худшее и медленное что я видел в москве.Был здесь в 2020,прошел год ничего не изменилось.Если руководство ничего не делает с таким бездарным управлением в отделении,то и Банк ВТБ судя по всему такое же убожество.",1,Спасибо за отзыв. Обязательно проведем проверку в данном отделении 👌
114,Владимир Иванович Рощин,https://avatars.mds.yandex.net/get-yapic/24700/enc-e92db46200b6ed1cc89384b58d486b6c874d4fb0b869923f5ac9fd247e8a816c/islands-68,2021-11-18 10:59:23,"Доброжнлательные менеджеры, спокойная обстановка. Пять.",5,
115,Иван Колупаев,https://avatars.mds.yandex.net/get-yapic/24700/enc-599f43886fb63ac65c65a611ade6cca9cde1fe236e5d78d33c0d6c934ced65b5/islands-68,2020-02-01 08:02:35,Очень отзывчивый и профессиональный персонал. Отношение к клиентам очень душевное. Отдельное СПАСИБО Власовой Дарье.,5,
116,Anna,,2020-03-14 10:56:15,"Готовьтесь провести в этом отделении не менее 30 мин. Специалисты никуда не спешат. Ведут неспешные беседы с каждым посетителем, развалившись в кресле. Есть более профессиональные отделения ВТБ, если бы не срочный платеж по кредиту не стала бы ждать",1,
117,Людмила,,2021-04-15 07:57:45,"Долго сидела в очереди, хотя народу не много было. Кроме того, нет валютного контролёра, отправили в другое отделение.",4,
118,Andrey Penkoff,,2020-06-27 09:06:27,"Очень медленное обслуживание, неторопливые менеджеры, всегда большие очереди. Готовьтесь в любой день потерять не меньше 2-х часов в этом отделении, чтобы оформить любую операцию",1,
119,Катерина Соколова,,2021-09-11 10:28:46,"Долгое ожидание в очереди (порядка 30 минут), часто не работает один из двух банкоматов.",4,
120,сергей а.,https://avatars.mds.yandex.net/get-yapic/36777/enc-02a4fdb858b615a4411a2a109a9bae49db0e1abaf14fec84deb8efc53da36ac3/islands-68,2020-09-10 16:24:08,"Отвратительное отделение, на талончике пишут, что перед вами 2 человека, однако, проходит десяток. Сидел два дня по часу, но так и не смог сделать вклад. Звезды не заслужили.",1,
121,Сергей Але,,2021-11-03 11:44:36,Очень медленное обслуживание!!! Чтобы просто положить деньги нужно ждать час!!!,1,
122,Галина Викторова,https://avatars.mds.yandex.net/get-yapic/29310/CRCDa8agTTiqWHxhMZG8Ybg7s-1/islands-68,2020-12-07 12:09:51,"Очереди огромные, персонал грубый и непрофессиональный. Клиентоориентированности поучиться. Ушли оттуда всей семьей, надоели хамством своим.",1,
123,Татьяна Б.,https://avatars.mds.yandex.net/get-yapic/31078/5vdDIxTNFyl7N8SQod112JcLmo-1/islands-68,2021-07-23 10:58:57,"Вежливые компетентные сотрудники, быстрое решение вопросов, остутствие проблем за 5 лет взаимодействия",5,Спасибо за такие приятные слова. Всегда Вам рады помочь 💪
124,Anna Zubova,https://avatars.mds.yandex.net/get-yapic/69015/mZPpGm2gYdu8plFj94aC9ikRpg-1/islands-68,2021-09-20 16:07:45,"Лучшее отделение, отличные сотрудники!",5,
125,ТвояСовесть,,2020-06-13 18:52:31,Всегда длинные очереди. Терминалы стоят в душном предбаннике. Несколько раз столкнулась с вопиющим непрофессионализмом сотрудников и даже грубостью. Давно ушла из этого банка.,1,
126,Глеб Терехов,,2022-03-29 14:00:05,Хороший банк 🏦 всё получилось,5,
127,Валентина Афанасьева,https://avatars.mds.yandex.net/get-yapic/31078/1BgLlANNPXbtcmyZsucfP6lGz4-1/islands-68,2021-12-01 02:37:08,Хороший ВТБ банк рядом с метро Планерная.,4,
128,Марий К.,https://avatars.mds.yandex.net/get-yapic/31804/eFKmtE6eFZyhx79htDs6npgu7YY-1/islands-68,2022-10-07 12:59:28,Оооочень всё медленно! Нет обслуживания по привилегии.,3,"Сожалеем, что вынуждены были потратить ваше личное время на ожидание в очереди. Примем меры. Ваши замечания примем к сведению."
129,Йорики,https://avatars.mds.yandex.net/get-yapic/50595/YohwDC7UBkNuJ5oI9dDEdzjcRY-1/islands-68,2021-10-12 09:02:07,"Ну очень долго обслуживает клиентов, сам банк хороший",1,
130,людмила чуприкова,,2022-08-24 18:18:45,Быстро и понятно,5,Спасибо за отзыв! Будем продолжать в том же духе 💪
131,Виталий Нечукин,,2019-10-08 14:58:13,"В целом неплохо, но в былые времена была очень большая очередь. И еще в тамбуре где стоят банкоматы жарко как в бане",5,
132,Арнольд Ложкин,https://avatars.mds.yandex.net/get-yapic/56823/4EHkVOgjPg3IbMIGgBsfafpsdeg-1/islands-68,2021-09-28 10:38:25,Хороший банк. Коммуналка - без комиссии.,5,
133,Алёна В,,2021-11-21 12:00:00,Очень долго и очень медленно работают,2,
134,Игорь Тимошин,,2021-11-09 18:28:45,Ужастно некомпетентный персонал,1,
135,Юрий Зимин,https://avatars.mds.yandex.net/get-yapic/36689/ukpiinaODdrLNxRMWkm1iJ6NSw-1/islands-68,2021-02-28 12:56:23,Глюченный банкомат. Благо второй работал. Народу не много,4,
136,Максим,https://avatars.mds.yandex.net/get-yapic/45131/enc-af8fb7f7af116a8eceb5d5c0ef22131e86e47549e511b9bba4c885a4a48c79db/islands-68,2020-01-09 12:03:53,"Огромные очереди в любое время. Бородатый оператор Михаил сидит наполовину под столом, не скрывая смеётся над клиентами и разговаривает как быдло. Как будто он маленький царь, а к нему приходят крестьяне за милостыней. Сделайте что-нибудь с ним - это ужас.",1,
137,Lena P.,,2021-09-06 10:29:22,Вообще не торопятся обслуживать! Мрак!,1,
138,Александр Шевелев,https://avatars.mds.yandex.net/get-yapic/28053/NjymQoG2W4hkwycEG9SLHOWjE-1/islands-68,2020-07-30 14:16:50,Отвратительное отделение. Менеджеры работают очень медленно и их мало. Большая потеря времени.,1,
139,sveta golisina,https://avatars.mds.yandex.net/get-yapic/45131/T9x3RRUHsXfXtkIbWE8oOnqXDbw-1/islands-68,2019-07-24 19:44:35,"Очень не вежливый персонал. Может на такую смену наткнулась. Как мне сказал администратор, если вас кредит не интересует, то попрошу на выход.....",3,
140,Елена,https://avatars.mds.yandex.net/get-yapic/41409/enc-544028b69f267f5599519baacd8fa0d1c15bee01662dd5ceb3098aebddcb435e/islands-68,2019-08-26 06:42:40,"Такого отвратительного обслуживания в банке у меня давно не было. Очереди... Всё оформляется, как в кадре замедленной съёмки...На два вопроса, из 8 получила внятный ответ.",1,
141,Владислав Кимович,https://avatars.mds.yandex.net/get-yapic/44850/QqaD13IIHGFNa8Anq9riPjwh8-1/islands-68,2020-08-25 03:24:36,Очень долго обслуживают персонал ходит на почитателей 0 внимания,1,
142,Мария Новикова,,2018-06-18 08:07:58,"Необоснованно долгое ожидание в очереди. При работе 4-5 операционистов и при очереди в 3-4 человека можно смело сидеть не меньше 1,5 часов в ожидании. Люди работают ну очень неспешно. В сравнении в Сбербанке сотрудники просто летают. Некомпетентность в решении элементарных вопросов с перевыпуском карты!",1,
143,Евгений З.,,2020-07-21 12:00:11,"Ужасный банк, всё очень долго, специалистов мало народу много, ждёшь по часу.",1,
144,Светлана,https://avatars.mds.yandex.net/get-yapic/53031/enc-f3074000ea5c1c4a33ad2f38d2648e5a24bbf3b36d14aa8f4396d36c2317ae56/islands-68,2018-09-27 16:44:42,"Все последние негативные отзывы поддерживаю! Почему такая плохая работа банка ВТБ на Планерной, может из-за низкой зарплаты работников? Мало каши ели? Но почему же хамят клиентам? На это сил хватает.",1,
145,Саша,,2020-01-11 14:36:43,"К специалистам всегда очередь, в любое время. Всё очень долго.",3,
146,Карина Селезнева,,2019-12-21 10:38:22,"Банк как банк, жаль что теряют клиентов у кого справок нет, кто работает по 10 лет неофициально",5,
147,Петр Фефелов,https://avatars.mds.yandex.net/get-yapic/39249/enc-c1ed38101948e50ca21266acde07a7bb488e0cce821ac2e678a64d1aa3498448/islands-68,2021-01-25 13:40:55,"Неужели одного клиента в час только можно обслужить,пропускная способность данного отделения ноль.",1,
148,Alex C.,,2018-06-24 13:40:47,"Даже в часы максимального наплыва клиентов, работает 2-3 окна. Работники вяло смотрят в рабочие мониторы, но активно ведут переписку в своих телефонах. Если есть очередь из 3-4 человек, можно потерять до часа времени.",1,
149,Игорь,https://avatars.mds.yandex.net/get-yapic/44850/CAzxRYeJyUeZly6yWPyK36fvL90-1/islands-68,2021-08-27 18:57:42,Длинющщие очереди,1,"Сожалеем, что вынуждены были потратить ваше личное время на ожидание в очереди. Примем меры и исправимся 💪"
150,Александр Ковейша,,2018-07-25 12:53:05,"Абсолютно непрофессиональное и невежливое отношение к клиентам со стороны работника банка Мизюкаева Михаила Сергеевича. Не донес полную информацию об услугах банка, чем сорвал крупную для меня сделку, не указав накануне о дополнительных затратах для меня, при снятии ден. средств с моего счета. Даже не было попытки как то извинится за свою ошибку. Клиентов в нормальных банках так не обслуживают. Отдает советским гастрономом, мясным отделом.",1,
151,Крис,https://avatars.mds.yandex.net/get-yapic/47747/BbQ4Nsv9bFjV5oG029K4STC1jY-1/islands-68,2020-09-03 11:22:16,Удобно все банки рядом!!!,5,
152,Михаил,https://avatars.mds.yandex.net/get-yapic/27232/uo1GY1YEvFokbfNk7YjFM5HT4s-1/islands-68,2021-08-15 08:04:27,Неплохой банк.,4,"Рады, что Вам понравилось. Ждем Вас снова 😃"
153,смирнова альбина,,2019-10-07 19:59:57,"Круглосуточные банкоматы, но в помещение очень жарко как в бани.",3,
154,сергей,https://avatars.mds.yandex.net/get-yapic/31804/6t2k6gRzpumj8ehXmgI1VYy1cjI-1/islands-68,2021-04-05 09:15:43,По 40 минут в очереди...,5,
155,Юлия Ерёмина,https://avatars.mds.yandex.net/get-yapic/47747/zinjlma7ypMuSzrHtYZfox5gY5E-1/islands-68,2020-02-14 18:33:04,"Ничего плохого сказать о этом офисе не могу, но мнение о банке очень плохое.",1,
156,Alexandr Pedarasenko,https://avatars.mds.yandex.net/get-yapic/28053/CTQ8uR7dBbrn20fWHulSwUzs-1/islands-68,2019-11-21 00:36:20,Хорошее отделение с нормальным обслуживанием!!!😻😻,5,
157,УАндрэй,,2020-09-09 13:49:01,ВТБ это беда кругом во всех офисах бардак,2,
158,Ольга Ольговна,,2021-02-09 21:03:44,Долгое ожидание,1,
159,Дорогой,https://avatars.mds.yandex.net/get-yapic/15298/enc-1c968c3f0e059f01ef984fb830784012f24874f4dc922b4eb50b455107676f1a/islands-68,2019-08-27 13:52:49,"Всего два банкомата в душном тамбуре.
Парковка как таковая отсутствует.",3,
160,Дмитрий Афанасьев,https://avatars.mds.yandex.net/get-yapic/24700/enc-35f521d8403a1db79a34aac19803f2e0/islands-68,2019-11-10 05:34:29,Классный персонал. Выгодные тарифы.,5,
161,Василий Жучков,https://avatars.mds.yandex.net/get-yapic/20706/enc-1713d8447ada6b9e9c18b0bc4b3353e3cf3ca6f376ea1991fb6e9deb869cdc20/islands-68,2018-04-05 12:48:05,Не смотря на электронное распределение посетителей - долгие очереди. Вопросы к сокращению времени обработки обращения посетителя.,4,
162,Владимир Шевцов,,2019-08-15 20:55:58,Надёжность не гарантирует высокого процента по вкладу.,4,
163,ИрБр,,2019-10-16 06:55:18,"Нормальный офис, сама работа банка неоднозначна",4,
164,Ipostas Arhontov,https://avatars.mds.yandex.net/get-yapic/30061/Cwnby8b7T4bHZujkKeLvACEtSw-1/islands-68,2020-02-05 05:28:55,Неторопливое обслуживание,3,
165,Алексей Сорокин,https://avatars.mds.yandex.net/get-yapic/24700/enc-e429173d000a02f52a4f88f95211e9b698eee9008467e0d4eb455d6405be2647/islands-68,2019-10-22 09:32:48,Частенько банкоматы ее работают на прием.,3,
166,Андрей Стецюк,https://avatars.mds.yandex.net/get-yapic/21493/enc-bfeb28d4945b81d392070220dc5fdf2fea4164df66245418d988e4a39b5f57f2/islands-68,2019-07-28 14:11:34,Находится не так далеко от выхода метро Планерная,5,
167,IRA IRA,https://avatars.mds.yandex.net/get-yapic/15298/enc-cfbec442312485745caa6b9f93c46e7720d6fa4e581d699e083721a522e5e84f/islands-68,2019-08-28 07:54:57,Быстро. И есть кому нам потребителям помоч.,4,
168,Алексей Т.,,2020-08-21 11:57:11,Отличный офис,5,
169,Сергей М.,,2019-11-29 18:53:12,Очень медленные как тюлени!,1,
170,Жилко Сергей,https://avatars.mds.yandex.net/get-yapic/65952/wYqj3DeaqoNAM5C1tzsjyep52M-1573434369/islands-68,2019-11-19 07:01:57,Добавьте менеджеров. Долго ждать,4,
171,Максим Сбродов,,2020-12-14 16:30:52,Класс,5,
172,Олег,https://avatars.mds.yandex.net/get-yapic/64336/f4bjv1cg1qx2tbRJEqEtRkAvweo-1/islands-68,2020-08-22 13:02:14,Просто банк. Просто ВТБ,4,
173,Андрей А.,,2019-05-27 19:30:20,Всё грамотно и понятно объяснили.,5,
174,Анонимный отзыв,,2019-09-10 06:02:56,нареканий нет,5,
175,Юлия,https://avatars.mds.yandex.net/get-yapic/21493/enc-fe3a7c983176bf491f0909aaa09ea1a5ab0efb114d01455b16146e2de4bc86f6/islands-68,2019-05-27 19:50:19,Все понравилось,5,
176,vladimir-boyark,https://avatars.mds.yandex.net/get-yapic/27232/huZfRwX4OaqPBH7zQhEQ7wqXMA8-1/islands-68,2019-09-08 04:29:10,Работает,5,
