,name,icon_href,date,text,stars,answer
0,Ирина Спорыхина,,2024-03-12 05:17:44,"Обратилась в банк для снятия наличных по договору купли-продажи. Очень понравилась работа сотрудников, все компетентны, дружелюбны и профессионалы своего дела! Очень вам благодарна! ОСОБАЯ БЛАГОДАРНОСТЬ Пудаловой Надежде Дмитриевне и старшему кассиру Чижиковой Ю.Я. Карьерного Вам роста , успехов, адекватных клиентов!!! Самый лучший банк!!! Рекомендую! Буду советовать всем своим друзьям и знакомым!",5,"Для нас очень ценно то, что вы остались довольны визитом к нам и поставили столь высокую оценку нашей работе. Постараемся и в дальнейшем радовать вас 🙂"
1,Dmitry,https://avatars.mds.yandex.net/get-yapic/45566/enc-0994852c79829382e3284d4afe2e356cf681217e21001495cb56f3a21c69b1ec/islands-68,2023-12-20 12:02:52,"Данный филиал соответствует всем стандартам ипретензиям банка ВТБ.Всё удобно и современно.Вообще на мой взгляд ВТБ расчитан на прогрессивную молодёжь,которая желает реализоваться в любых направлениях!Здесь и инвестиции и бизнес и накопления и связь...и как приятный сюрприз бонусная программа!Чрезвычайно удобная оплата любым способом!Вообщем это мой банк!Рекомендую!!!",5,"Искренне рады, что выбрали наш Банк своим финансовым партнёром! Спасибо за высокую оценку 🙂"
2,Татьяна Старцева,,2023-11-16 13:29:56,"Очень понравилась работа сотрудников сотрудников отдела сопровождения ипотеки, все компетентны, дружелюбны и профессионалы своего дела, очень вам благодарна! Карьерного вам роста , успехови много адекватных клиентов!!!",5,"Благодарим вас за отзыв. Для нас действительно важно, чтобы обслуживание в нашем Банке приносило только положительные впечатления. Постараемся и дальше вас радовать!"
3,Валентина Петровна,https://avatars.mds.yandex.net/get-yapic/45566/BthLyM00ikcLn3MeeyMo76XEOis-1/islands-68,2024-04-12 16:10:42,"Была сегодня выражаю огромную благодарность за проделанную работу сотрудника Ганджиевой Альбины в 9 окне, вы очень талантливая - вам нужно в хор. Все отделение знало зачем я пришла к сожалению мне было очень не комфортно. Я знаю што я плохо слышу не обязательно было на меня кричать. Надеюсь я не попаду больше к этому сотруднику.",2,
4,Вреднулька,,2023-11-03 11:51:10,"Была у менеджера Лященко Екатерины сидит в 6 окне, обращаюсь уже второй раз очень грамотно проконсультировала по кредитной карте,+ получила приятный бонус по кредитной карте выполнив условия,рекомендую👍👍👍",5,Спасибо за приятный отзыв. Довольные клиенты - наша лучшая награда 👍
5,Оля И.,https://avatars.mds.yandex.net/get-yapic/34189/enc-b9271356827907145a9d5892303ba09920d6fa4e581d699e083721a522e5e84f/islands-68,2024-01-16 04:11:47,"Здравствуйте, хотелось бы поблагодарить сотрудника данного банка Терентьеву Светлану Аркадьевна за помощь в решении моей проблемы. Человек, знающий й свое дело, доброжелательно и внимательно отнеслась ко мне, решив всё буквально за 10 минут, в отличии от сотрудников банка на Металлургов, 25.Спасибо Вам большое!!",5,Благодарны вам за пятёрку и добрые слова в адрес нашего сотрудника 💛
6,светлана тетерина,,2023-11-03 04:31:19,"Очень хочется поблагодарить менеджера Зотову Наталью из офиса банка на ул.Павловского за чуткое и внимательное отношение к клиентам. Помогает даже не в рабочее время решить любую проблему. Желаю успехов и благополучия Наталье, спасибо за работу!!",5,"Так приятно, что вы поставили нам высокую оценку и отметили работу сотрудника 👍"
7,Наталья Салбакова,,2023-11-14 12:09:38,"+сами сотрудники офиса, помогут всегда решить проблему, на протяжении всей всего срока по ипотеке сколько раз к ним обращалась, всегда решали мои вопросы, в частности отдел сопровождения. 
Минусы у банка на горячей линии-много раз звонила и решение не было, пока в сам банк не придешь или решали, но не в срок.",5,"Благодарим за обратную связь! Рады видеть, что вы оценили нас на 5 ⭐"
8,yapilavodku,,2024-03-26 17:07:11,"Добрый день, было бы 0 звезд, я бы поставил ноль, прошу обработать информацию, в 6 окне Лященко Екатерина и ее коллега рядом Валерия спекулируют средствами и незнанием клиентов о продуктах банка, отговорю всех получать зарплату на Ваш банк, потому что обязательно подключать страхование, где это видано?
Я разочарован. Или может с сотрудниками стоит провести обучающее мероприятие, как не делать недовольное лицо и на шиворот болтать о личной жизни, а помогать клиенту, для выгоды клиента, а не для своей личной.",1,"Благодарим вас за обратную связь.

Ваши замечания незамедлительно направим ответственным руководителям с целью улучшения клиентского сервиса и реализации мер, которые обязательно будут направлены на повышение качества предоставляемых услуг.

Приносим извинения за доставленные неудобства!"
9,Valeriya,https://avatars.mds.yandex.net/get-yapic/63256/Q3fUxCyzy67O6uOh1YYcmbpgBYc-1/islands-68,2023-03-11 17:14:30,"Снаружи такое маленькое здание, внутри компактное. По обстановке - как стандартное гос.учреждение, похоже очень. Сотрудники максимально вежливые, приятное обслуживание. По времени ожидания - лучше, чем в новом формате Альфа-банка, ну и плюс, я посещала в выходной день, может поэтому показалось чуть дольше, чем хотелось бы. Свою твёрдую и уверенную 4 заслужили. Очень стабильный банк.",4,"Рады, что вам понравилось. Валерия, приезжайте ещё 💛"
10,Алёна Баранова,https://avatars.mds.yandex.net/get-yapic/43978/FTVZA1S0V0KZUhNcle6b4OqFYqs-1/islands-68,2024-04-04 13:45:18,"Очень положительный сотрудник Марина Александровна, спросила у некой Алёны, интересующий меня вопрос. Алёна подбежала, разговаривала нервно и надменно, очень неприятно такое отношение, я не каждый день сталкиваюсь с какими-то продуктами банка и не обязана их знать. В целом банк удобно расположен, всегда чисто, есть зона ожидания с диванами. Имеется терминал для электронной очереди.",4,"Благодарим вас за то, что поделились с нами своими впечатлениями. Обязательно проработаем с сотрудниками вопрос соблюдения стандартов клиентского обслуживания. Примите извинения за неудобства!"
11,Елена А.,,2023-10-09 13:30:25,"Хорошее обслуживание. 3 банкомата, один из которых расположен на цокольном этаже, где удобно проводить финансовые операции без «дышащих в спину» людей. Рекомендую.",5,"Спасибо вам, очень приятно получать обратную связь 🙏👌 Приезжайте ещё 💛"
12,Viktor Zalesskiy,,2024-01-16 16:40:46,"Пришел расторгнуть негосударстенную пенсию, оформленную в Почта Банке, сотрудник в 9 окне посоветовала открыть карту для перечисления и выдала кредитную с кешбеком 20%, чтобы окупить потери. Спасибо!",5,"Искренне рады, что выбрали наш Банк своим финансовым партнёром! Спасибо за высокую оценку 🙂"
13,Константин Пичугин,https://avatars.mds.yandex.net/get-yapic/57243/nQ8gsfKdDvnhZATuPHkqcmFBrqs-1/islands-68,2023-12-14 17:36:34,"Супер! Быстро, компетентно, радушно, комфортно. Удобно припарковаться.",5,"Благодарим вас за отзыв. Для нас действительно важно, чтобы обслуживание в нашем Банке приносило только положительные впечатления. Постараемся и дальше вас радовать!"
14,Ольга Кузьмина,,2023-11-02 13:29:26,"Хорошее обслуживание,персонал вежливый!одно плохо,маленькое помещение!тем не не мешает сотрудникам быстро работать с клиентами своего банка.",5,"Благодарим за положительный отзыв. Позвольте отметить, что мы стараемся максимально использовать все пространство офиса для комфорта наших клиентов. Приняли во внимание ваше замечание 👌"
15,Gulira Rudakova,,2023-10-23 09:18:10,Являюсь клиентом банка ВТБ на Кирова в Новокузнецке уже много лет! Очень довольна обслуживанием! Спасибо!,5,"Спасибо, что доверяете нам! Постараемся и дальше соответствовать вашей пятёрке 💪"
16,Захар Р.,https://avatars.mds.yandex.net/get-yapic/31078/enc-4ada771326e53e715756a22d905bc05526d657a98ba29de5fcc43ccd18ae32fc/islands-68,2023-11-07 13:53:19,"Само отделение чистое, но что банк, что сотрудники там не очень, проблемы решают очень долго, а их технические ошибки решают месяцами, ужас",2,"Сожалеем, что у вас сложилось негативное мнение о нашем Банке. Поверьте, мы стремимся к тому, чтобы быть лучше. Надеемся, в дальнейшем ваше мнение о ВТБ изменится в положительную сторону."
17,Наталья Р.,https://avatars.mds.yandex.net/get-yapic/43978/mKz38PxMJSsnQNCzHFaw8iYMgM-1/islands-68,2023-02-09 03:04:57,"Обратились за консультацией в ипотечный отдел.Получили квалифицированную бесплатную консультацию ,электронный вариант оформления документа и практические советы по купли-продаже квартиры.Благодарны за помощь в очень сложном для нас вопросе.",5,"Огромное спасибо за приятный отклик 💛 Рады, что смогли помочь в решение вопроса 😉"
18,Александр,https://avatars.mds.yandex.net/get-yapic/29310/OkqPGAHowvAAjGooUh0Xx1l3GVY-1/islands-68,2023-01-21 06:19:56,"Довольно тесно, ожидающие сидят близко к сотрудникам и порой все слышно о чем идет речь, что считаю не приемлемым. Сотрудник выдал мне не правильную информацию, ввел в заблуждение. В итоге условия оказались приемлемыми для меня, но некомпетентность сотрудников настораживает. Возможно мне попался молодой и неопытный сотрудник, но допускать таких к работе без наставников, это плохой шаг руководства. Множество лестниц однозначно проблема для пожилых людей. Был зимой, дорожки у банка не чищены, не посыпаны песком, что тоже вызывает сомнение, что пожилые люди дойдут туда.",3,"Поверьте, мы стремимся быть лучше. Обратная связь нам помогает понять наши проблемы и принять меры для улучшения сервиса и обслуживания. Благодарим вас за отзыв."
19,Лариса Красильникова,https://avatars.mds.yandex.net/get-yapic/44850/HoZ3B5mAOq8gbT4ZlcQTQNwm5UM-1/islands-68,2022-12-30 11:01:40,"Расположение банка удобное, хороший подъезд для машин, от остановки не далеко. Обслуживание хорошее, персонал доброжелательный, время ожидания быстро, вообщем всё замечательно",5,Довольные клиенты - наша лучшая награда. Благодарим за высокую оценку нашей работы.
20,Павел Зацепин,https://avatars.mds.yandex.net/get-yapic/36777/u7o52Kcez2cUyc6gyLak2vgfJE-1/islands-68,2023-06-28 00:22:23,"Последний раз оформляли кредит, достаточно быстро и терпеливо все возможные варианты объяснили, мы остались довольны , уже не первый раз.",5,Спасибо вам большое за доверие 🤗 Приходите к нам почаще!
21,По теме Родионофф,https://avatars.mds.yandex.net/get-yapic/65952/A94oy7nnSIIZwrVh27zUdvqnI-1/islands-68,2023-04-08 18:08:53,В Целом банк довольно деспатичен . Лояльности к своим клиентам -100000000000000 .Речь не идет о конкретном филиали .Свои кредиты они не перефенансируют проценты высокие прежде чем связываться с этим банком нужно крепко подумать . Не советую данную организацию,1,
22,Мария Милохина,,2023-11-06 13:40:34,"Мой любимый банк! В нем была ипотека, сейчас потребительский кредит) Зарплатный проект!)",5,"Спасибо за такой положительный отзыв!
Рады видеть, что вы оценили нас на 5 ⭐"
23,Дмитрий Макаров,https://avatars.mds.yandex.net/get-yapic/25358/seytGYx5WolgDFJElPpgvvakvI-1/islands-68,2023-03-23 14:16:59,"Обслуживание класс. Все доброжелательны. То что нужно подскажут, расскажут.и помогут.ожидание не большое если народу не много конечно.",5,Довольные клиенты - наша лучшая награда. Благодарим за высокую оценку нашей работы.
24,Павел Реуцкий,https://avatars.mds.yandex.net/get-yapic/27232/qFBp4fvByMbPbLN052mym1YxM-1/islands-68,2023-06-28 11:26:33,"Это банк,который так называется,но вот операции по выдаче кредитов там видимо не рассматривают.Или может быть они вообще не знают,что есть такой банковский продукт.Не просите, всё равно,здесь вы его не получите.",2,"Банк рассматривает кажду заявку индивидуально и принимает решение, на основании имеющейся информации."
25,Vladimir V.,https://avatars.mds.yandex.net/get-yapic/15298/enc-2be27ce3e215f4883151e04a9f04a97498eee9008467e0d4eb455d6405be2647/islands-68,2022-01-14 10:22:22,"Хочу сказать добрые слова о ресторане Батоно. Отличное место для отдыха и возможности посидеть иподумать под хорошую музыку, приятный,аутентичный интерьер. Плюс достойная кухня! Спасибо Вам!",5,
26,879244 Аверина,,2023-02-23 06:28:47,"Отношение работников желает быть лучше! А так банк мне очень нравится, реальный процент по кредиту по сравнению со сбером!!! Много банкоматов по городу, в общем мне нравится!!!",4,"Благодарим вас за отзыв. Нам очень важно знать ваше мнение. Мы стремимся к тому, чтобы быть лучше. Проведем работу в целях улучшения качества обслуживания."
27,Евгения Шушакова,,2023-10-02 16:19:23,"Всё нравится, жаль только что убрали консультантов на входе, 90%хорошие консультанты, жалко что не все",5,"Рады, что вам понравилось. Ждем вас снова 😃"
28,Галина Хворостова,,2023-12-27 13:03:53,Всегда культурное грамотное обслуживание.,5,"Благодарим вас за отзыв. Мы всегда стремимся предоставлять нашим клиентам качественное обслуживание и рады, что вы оценили это 😊"
29,Inna Vlasova,,2022-11-22 11:17:14,"С конца октября не могу оформить дубликат карты мужа( он мобилизован). Сотрудники пытаются помочь, но каждый раз у них возникает новая проблема. Дали телефон, чтоб муж заказал карту мне, а там робот разговаривает и говорит что карт нет. Достали. Это великая проблема, оформить дубликат? Мне втб только проблему создал и раньше ничего хорошего от них не видела! Самый конченный банк!",1,"Inna, спасибо за отзыв. Обязательно проведем проверку в данном отделении на основание ваших замечаний и примем меры, которые позволят оперативно решать вопросы клиентов."
30,елена ф.,https://avatars.mds.yandex.net/get-yapic/48449/enc-ecb3afa69a8ac54536fe84592256a83df17383ebb4459c17631b84707c76d061/islands-68,2023-01-19 13:45:12,"Наплевательское отношение к клиентам.Дозаониться не возможно.Специально чернз месяц после открытия счета приходила в офис ,чтоб отключили страховку.Понадеялась не сразу увидела ежемесячные списания.Делаю вывод,за всем надо следить, оператора без разницы.ПЛОХО поставлена работа.",1,"Благодарим вас за отзыв. Нам очень важно знать ваше мнение. Мы стремимся к тому, чтобы быть лучше. Проведем работу в целях улучшения качества обслуживания."
31,Людмила Ш.,https://avatars.mds.yandex.net/get-yapic/57243/qXLkZb4p0ftOvHzshiMFg7pYQU-1571417976/islands-68,2022-11-22 09:39:25,"Сегодня,22.11 пришла в отделение ВТБ,чтобы получить карту,взяла талон,прождала 20 минут и тут сотрудница вызывает сразу два номера в одно окно,я была второй,мне сказали ожидать.Далее очередь пошла по порядку,моя очередь пропала,мне предложили снова брать талон.Почему я должна терять личное время из-за ошибок сотрудников?Желание получать карту и иметь дело далее с этим банком пропало.",1,"Поверьте, мы всегда стремимся быть лучше. Мы обязательно обсудим с руководителем офиса все детали, описанные в отзыве, и учтем ваши замечания. Примите, пожалуйста, наши извинения."
32,Митяй,https://avatars.mds.yandex.net/get-yapic/50595/CMSdlxRRHFnRj9mC1JGveCoom0-1/islands-68,2023-10-15 13:05:31,"Отличный банк! Менеджеры грамотные, ухоженные,вежливые!",5,"Спасибо вам, очень приятно получать обратную связь 🙏👌 Приезжайте ещё 💛"
33,Наталья Антонова,,2023-03-26 19:03:20,Навязчивые. Работают по шаблону. Нет индивидуального подхода к клиенту. Пожалела что кредит ранее взяла именно в этом банке. Не очень вежливый персонал.,2,"Благодарим вас за отзыв. Нам очень важно знать ваше мнение. Мы стремимся к тому, чтобы быть лучше. Проведем работу в целях улучшения качества обслуживания."
34,Александр Архипкин,,2022-10-26 04:27:29,"Заманиваете к себе пенсионеров , предлогая подачку в тысячу рублей , а в банкоматы не загружаете даже сто рублёвые купюры ! ( про пятидесяти рублёвые даже говорить без смысленно ). Пошёл сегодня в единственный банкомат в восточной половине нашего района ( расположенный в ТЦ Лента , ул Малая 7 ) , а там купюры 500, 1000, 5000 и я остаток 300 ₽ снять не смог ! А для пенсионера 300 ₽ - это деньги.",3,Спасибо за отзыв! Передадим информацию по банкоматам.
35,Владимир Шалахин,https://avatars.mds.yandex.net/get-yapic/23186/enc-f21dbd032c8e34c14375b3bbf681ac0eb053626cc2ec4d7e169332f005af0d08/islands-68,2023-05-13 13:02:38,"Всё понравилось, очень и каждому клиенту,отдельный подход даже, для граждан с инвалидностью.",5,"Благодарим. Нам очень важно, чтобы каждый клиент оставался доволен 😃"
36,Копнина Василиса,,2023-08-26 08:04:39,"Всегда большая очередь, сколько раз приходила, минут тридцать точно ждать,пока вызовут твой талон..",3,"Мы прекрасно вас понимаем. Данный офис очень востребован для клиентов, поэтому могут возникать очереди. Поверьте, мы работаем над их сокращением. Надеемся, что при следующем визите вы сможете оперативно решить вопрос."
37,Светлана Вахромеева,https://avatars.mds.yandex.net/get-yapic/68143/enc-c9082d234ab5a26fcb444b0350e7038ff398de46bf1fe9b4a92da7c77021503a/islands-68,2023-02-15 14:07:59,"Все хорошо, внимательно слушают, помогают, быстро, профессионально.",5,Спасибо за такие приятные слова. Всегда вам рады помочь 💪
38,Дмитрий Вдовин,,2023-10-03 06:34:07,"Можно долго просидеть в очереди, обслуживание клиентов на высшем уровне",4,"Спасибо вам, очень приятно получать обратную связь 🙏👌 Приезжайте ещё 💛"
39,елена варлакова,,2022-08-02 13:13:45,Очень понравилось обслуживание в банке! Нет не нужных навязчивым услуг. Сотрудники компетенты!!! Чувствуется профессионализм. Внимательное отношение к клиентам! Очень понравилось,5,Довольные клиенты - наша лучшая награда. Благодарим за высокую оценку нашей работы.
40,Алекс Вшивков,https://avatars.mds.yandex.net/get-yapic/34189/enc-5d756ac37ef25f86c60d648be20081e7874d4fb0b869923f5ac9fd247e8a816c/islands-68,2022-01-05 14:38:20,"Банк как банк , приятно что менеджеры готовы помочь и легко идут на контакт , есть диванчики на которых удобно ожидать и дозвониться тоже всегда можно",5,
41,Марина Л.,,2022-03-18 13:54:50,"Катастрофически некомпетентны и высокомерны менеджеры офиса ВТБ на Кирова 58а г.Новокузнецка,занимающиеся клиентами-банкротами!!! ""Скан""от подлинной подписи не отличают,счёт разблокировать не могут,параллельно свои какие-то личные вопросы решают,...в итоге рвут все документы и,мягко говоря,посылают!!! Тут же обращаешься в другое отделение,и никаких проблем (например, на Металлургов 25 и на Орджоникидзе 29)",3,
42,Марина Василенко,,2021-12-19 11:55:56,"Офис в центре города. Удобно, электронная очередь. Много рабочих окон, администратор внимательно относиться к каждому приходящему клиенту. Многофункциональный банк для каждого !!!",5,
43,Екатерина,,2022-05-29 04:21:34,"Хороший ,чистый, уютный офис . Отличное обслуживание , качественно и быстро . 👍",5,
44,б е,,2022-10-28 10:49:06,"Отвратительное отношение к клиентам. Персонал хам на хаме. На замечание клиента только негатив.
В открытую навязывание всяких домов.
Больше никогда не зайду в это отделение",1,"Благодарим Вас за отзыв. Нам очень важно знать Ваше мнение. Мы стремимся к тому, чтобы быть лучше. Проведем работу в целях улучшения качества обслуживания."
45,Лилия Белоногова,,2021-08-04 07:47:51,"Пользовалась услугами многих банков, но банк Втб для меня самый лучший. Вежливость, быстрое обслуживание, высокий профессионализм сотрудников. Втб так ДЕРЖАТЬ. ЛИЛИЯ Б.",5,
46,Инна Анова,https://avatars.mds.yandex.net/get-yapic/39460/a5UcWmFI1CNy5QuH3FEX5Qe2Zc-1/islands-68,2022-07-05 15:37:44,"Помещения в банке просторные. Когда я туда зашла, там был один клиент, ожидающий, когда его примут, и один сотрудник. Остальные сотрудники находились в другом помещении. Проценты по рублевым вкладам не самые выгодные (максимально 7%). А, например, в Совкомбанке в тот же день предлагали 9% на тот же срок и на ту же сумму. Из-за того, что проценты по вкладам ниже, чем в других банках, вкладчиком ВТБ не стала.",3,
47,Ксения Д.,,2022-09-28 04:57:30,"Ужасный банк сотрудники не компетентные ни в каких вопросах, утаивают информацию и по итогу организации попадают на деньги.",1,"Благодарим Вас за отзыв. Нам очень важно знать Ваше мнение. Мы стремимся к тому, чтобы быть лучше. Проведем работу в целях улучшения качества обслуживания."
48,юрий бурзин,,2023-05-09 00:34:17,Отличный банк хороший подъезд не долеко от вогзала,5,"Спасибо вам, очень приятно получать обратную связь 🙏👌 Приезжайте ещё 💛"
49,Антон Шутков,,2023-11-06 12:51:56,Всё на уровне!,5,"Рады видеть, что вы оценили нас на 5 ⭐"
50,"ДВЕРИ, КОНТЕЙНЕРА, БЫТОВКИ",https://avatars.mds.yandex.net/get-yapic/41409/xhuDQ0ctM8hsKUycmt3Rct38-1/islands-68,2022-08-29 04:47:46,"Была проблема, с картой менеджеры молодцы всем коллективом пытались оказать помощь.",5,"Огромное спасибо за приятный отклик 💛 Рады, что смогли помочь в решение вопроса 😉"
51,Антон Прокофьев,https://avatars.mds.yandex.net/get-yapic/25817/7et8WQCEXbbuIFIWHk5YDIAdc-1/islands-68,2022-07-10 14:56:35,За отношение к клиентам только 1. По моему мнению худший банк который для меня в топ три самых бездарных банков вместе с альфой и халвой,1,
52,Вероника Л,https://avatars.mds.yandex.net/get-yapic/59871/uQl101iMKLuBkfIa8ofJ5chhg-1/islands-68,2022-01-15 15:44:08,"Обслуживание хорошее, персонал вежливый. Есть стоянка для автомобилей.",5,
53,Алёна Нискова,https://avatars.mds.yandex.net/get-yapic/28053/enc-1c860ea762196e89060b550a3403d11511a7da98cf8a4e7a0fdc52fdb3f2083c/islands-68,2023-03-09 14:03:16,Хороший банк. Квалифицированные сотрудники.,5,Благодарны вам за пятерку и добрые слова о работе наших сотрудников))
54,Хрущь,https://avatars.mds.yandex.net/get-yapic/40841/9t62NEIkG4MhHskrrVtahOZ0J4-1/islands-68,2021-08-05 08:50:00,"1. Вечно лагающее приложение для телефона. Лежит каждый день по 10 раз
2. Часто бывает что деньги не приходят по 1-2 дня
3 Если перевод из-за рубежа не в рублях, то деньги могут не поступать по неделе
4. Удобное приложение ""инвестиции"" Только из-за этого и использую, за это 1 звезду накинул",2,
55,Елизавета Б.,,2022-04-17 05:32:45,"Невозможно связаться с оператором, переводят на голосового помощника, приложение не работает, смс приходят не актуальные. Отвратительный банк!",1,
56,Вячеслав Исаев,https://avatars.mds.yandex.net/get-yapic/44850/X44Rv1q1MHR7bXf7AP6qezMO4-1/islands-68,2022-11-30 14:10:00,"Обслуживание хорошее,но мест для ожидания клиентам,мало",5,"Вячеслав, благодарим за пятерку. Примем к сведению ваши замечания!"
57,Сергей Гладышев,https://avatars.mds.yandex.net/get-yapic/33202/co5uRaGKyVoaSYwxFoxwRd3QbE-1/islands-68,2023-03-15 12:08:23,Ждать очередь слишком утомительно. И в верхней одежде жарко.,3,"Мы стараемся решать вопросы оперативно, чтобы клиентам не приходилось тратить время на длительное ожидание. Поэтому обязательно обсудим с руководителем причины образования очереди. Примите извинения за неудобства."
58,Анатолий Иванов,,2021-04-28 13:29:08,Новокузнецк.Кирова центральный банк ВТБ обратился вечером после то го как в 7 часов утра пришла смс о списании денег 1700 смелочью с работы сразу заехал 4 окно спрашивает паспорт его у меня не было она сидит улыбается делать нечего не будет без паспорта что там с деньгами моими проблемы не её а мои.Будет возможность зарплату в другой банк переведу.28.04.2021,1,
59,Наталья Голоперова,https://avatars.mds.yandex.net/get-yapic/39460/enc-3fa2ad325c9794242d4b0ae693923066cfbbe2771a6b2387fbaed3eea731f3c2/islands-68,2021-10-25 10:14:48,"Банк ВТБ, есть очереди, есть придирки к документам, лишь бы не работать с клиентом, но есть и вежливость и предупредительность, есть все)) как повезет",4,
60,Сергеич,https://avatars.mds.yandex.net/get-yapic/30955/mcsVfj7MZfcd6nSeXwq4J0h4Z0-1/islands-68,2024-03-05 14:27:18,Непрофессионалы на местах. 2 часа у специалиста. Толку ноль.,2,"Нам жаль, если при обращении в офис Банка сотрудники не смогли предоставить вам качественное обслуживание. Обязательно проведем работу над повышением качества предоставления услуг!"
61,Эльвира Романовская,https://avatars.mds.yandex.net/get-yapic/63032/enc-5ccb3e6830fad91d4c1cffabbcec243a31be98c17116bde514ee0a2c18647dec/islands-68,2021-04-19 08:24:12,"Хороший банк рядом с домом, обслуживание быстрое,вежливое, большой спект услуг, иногда бывает очередь.",5,
62,Жанна,,2023-06-30 14:25:19,Быстрое и граммотное обслуживание,5,"Рады, что вам понравилось. Не зря стараемся 😃"
63,Оля Сон,https://avatars.mds.yandex.net/get-yapic/43978/pPznHXvMGNX1omvPa2nSOq09fzE-1/islands-68,2021-10-11 02:23:45,"Взяла в инфомате талон,по которому просидела час,за это время сотрудники провели в окно,в которое я ожидала своей очереди двоих клиентов без очереди.После замечания приняли меня,но мой вопрос по делу,не был решён.",2,
64,татьяна,https://avatars.mds.yandex.net/get-yapic/51169/dxXziN5zcP4bRgZ6xZ9h2s6N64-1/islands-68,2021-08-16 11:15:25,"В данном банке если вы к премеру не работаете дадут только 50000. могут отправить в почтобанк , но там тоже такая же история. в очереди можно долго просидеть . но банк предоставляет ипотеку на выгодных условиях.",5,
65,Марина М.,https://avatars.mds.yandex.net/get-yapic/27503/enc-bd1933ab778a9f2b30234692043fe5d204836453ef90eb5f58161e908cb7bfdd/islands-68,2021-11-17 06:27:51,"Наймите уже сотрудников, чтобы не нужно было ожидать час-два в очереди из трёх человек! Из раза в раз ДО меня обслуживаются те, кто пришёл ПОСЛЕ меня! Офис на Павловского, 27.",1,
66,wolf5800,https://avatars.mds.yandex.net/get-yapic/50071/h4R4Fo51CgbsLXR5Ch75yInY8Hw-1/islands-68,2022-01-23 12:29:42,Удобное расположение. Персонал оперативно принимает и отвечает на вопросы.,5,
67,Виктор,https://avatars.mds.yandex.net/get-yapic/69015/EvWboraab9fkssyIGTQFZmgD0-1/islands-68,2021-09-21 09:28:26,3 раза был и всегда обслуживание гавно с ипотекой вообще часа 3 часа сидели вечные очереди единственное что хорошо ежедневный лимит 350тр даже на сайте врут вклады пишут 7 процентов на деле 5.5пр,1,
68,олег герасименко,,2021-01-30 04:46:25,"1.сервис ниже плинтуса,если бы была возможность получать 
зарплату в другом банке,то давно бы отказался от втб
2.срок действия кредитной карты закончился осенью,не успел новую забрать,а теперь оказывается,что перевыпустить невозможно,а почему-никто не знает
3.перевыпустили дебетовую карту,а получать в другом отделении в другой части города,и по выходным там не работают
4. И зачем мне такой замечательный банк",1,
69,Серргей Крысанов,,2024-02-21 13:59:34,Хорошо,5,"Рады видеть, что вы оценили нас на 5 ⭐"
70,Виталий Андреенко,https://avatars.mds.yandex.net/get-yapic/31804/Af99jYoQMJ1idAK8MywEymN45b8-1/islands-68,2022-11-13 15:51:49,Сервис ВТБ на высоте от выдачи ипотечного кредита до банкоматов.,5,Спасибо за такие приятные слова. Всегда Вам рады помочь 💪
71,Михаил К.,https://avatars.mds.yandex.net/get-yapic/50071/bERqZ0VPh7BviUCUMYXZBnhaQ-1/islands-68,2022-10-29 12:23:24,Ну обслуживание храмает от слова совсем ты там сам по себе.,3,"Благодарим Вас за отзыв. Нам очень важно знать Ваше мнение. Мы стремимся к тому, чтобы быть лучше. Проведем работу в целях улучшения качества обслуживания."
72,Ольга Стрелковская,https://avatars.mds.yandex.net/get-yapic/51381/dSewRLaOvLNstHe9fNgI6lh8feA-1/islands-68,2021-12-02 13:17:26,"Вежливые специалисты, понятные консультации, быстрое обслуживание",5,
73,Елена Попова,,2021-12-24 12:50:15,"Нужно срочно перевести деньги,приложение вечно виснет,пишет что сервис временно недоступен. Подумываю сменить банк!!!!!!",1,
74,Станислав,https://avatars.mds.yandex.net/get-yapic/29310/Awm6W18LXkKeFgbcuGVBDcLDiU-1/islands-68,2021-07-12 10:46:50,"Удобная парковка, вежливые сотрудники, много лет сотрудничаю с этим банком.",5,
75,Андрей,https://avatars.mds.yandex.net/get-yapic/33202/yPp94snJa9Q1KuJmDwbdaEtcRA-1/islands-68,2022-08-16 13:25:03,"Хороший персонал,рядом с домом",4,"Рады, что Вам понравилось. Ждем Вас снова 😃"
76,Дмитрий Г.,,2021-12-04 12:11:35,Вернули закладную на следующий день после обращения! Спасибо за индивидуальный подход!!!,5,
77,ratkekonstantin,,2022-07-16 06:33:36,Хорошие и быстрое обслуживание.,5,
78,Дмитрий Янкович,https://avatars.mds.yandex.net/get-yapic/27232/OFeLZRvNXFIMwwrv2E3y9xAL19g-1/islands-68,2019-12-22 14:08:44,"Постоянная очередь.Для удобства и комфорта клиентов ни чего нет.А почему бы не поставить кофе машину,ну или что нибудь в этом роде.Комфортные кресла и т.д.Клиенты стоя ожидают своей очереди.Хотел взять потреб.кредит,позвонил в офис.Сотрудник всё доходчиво объяснила,меня устроило и % и срок.Но когда я явился в офис банка,оказывается % ставка на порядок больше и объзателная страховка.Плюнул я на этот банк и ушёл в Сбербанк))",3,
79,Ольга Короткевич,,2021-07-08 12:34:22,Однажды мне даже повезло и там не было сто человек в очереди. А так сотрудники квалифицированные.,5,
80,штраус штильман,,2022-08-22 14:06:20,В тихую втюхивают ненужные услуги,2,"Мы не оставим без внимания Ваш отзыв. Хотим отметить, что без согласия клиента оформление продуктов не производится."
81,Ольга Андраханова,https://avatars.mds.yandex.net/get-yapic/40841/e4RDhXbUCf6Hfp4tO9EDoPf0-1/islands-68,2023-06-23 15:02:11,Все хорошо,5,"Рады, что вам понравилось у нас. Ждем вас снова 😃"
82,Наталья Ремаренко,,2019-11-27 13:54:11,Несомненно грамотные специалисты! Быстрое обслуживание на любом уровне от консультаций до выдачи ипотечного кредита,5,
83,Ульяна Кабина,,2021-06-07 10:16:09,Появилась услуга электронной регистрации сделки. Очень удобно,5,
84,Иванов Виктор,https://avatars.mds.yandex.net/get-yapic/25358/enc-0923bff73590c2d7c66836a91379382bfdd2b27541712389411e509278ae8443/islands-68,2022-11-13 13:01:53,Обычное отделение банка.,5,"Рады видеть, что Вы оценили нас на 5 ⭐"
85,Наталья Чудинова,,2022-05-28 14:24:23,Быстрое и качаственное обслуживание.,5,
86,Саша Игнатьев,,2021-12-12 13:31:52,Очень плохо персонал обходятся с клиентами больше нечего сказать.,1,
87,Александр И.,,2021-11-18 12:41:43,За ипотекой - сюда. Да и за остальным к сожалению тоже сюда.,4,
88,Марианна Александровна,,2022-08-12 06:42:15,Достойное обслуживание.,4,"Мы рады, что обслуживание в Банке оставило у вас приятные впечатления, и спасибо Вам за то, что уделили время и написали этот положительный отзыв."
89,Ксения Быстрова,https://avatars.mds.yandex.net/get-yapic/51381/knCNMvs7lmxnBMw8WAfV8K407QY-1/islands-68,2022-11-21 13:10:08,Отличный банк .,5,"Спасибо, рады стараться 😃"
90,Сергей С.,,2022-04-21 13:55:19,Всё хорошо и достойно,5,Ваш положительный отзыв для нас – лучшая награда 😊
91,алексей мусохранов,https://avatars.mds.yandex.net/get-yapic/27503/ChT6fneOawRDkHNhX2Ccfb51GM-1/islands-68,2021-07-28 05:28:42,"Не работает кондиционер, жара, работников много, терминал очереди не работает",1,
92,Галина И.,https://avatars.mds.yandex.net/get-yapic/26057/A8ITzrU10wZjugBjgFdsQvvuwGk-1/islands-68,2022-04-26 14:43:16,"Быстро, понятно, вежливо",5,"Спасибо, рады стараться 😃"
93,Ольга,https://avatars.mds.yandex.net/get-yapic/58107/yakBOpzMitsa6Gcfy8ZZ7JE-1/islands-68,2020-04-07 02:23:00,Хороший и удобный офис отличное обслуживание грамотные специалисты,4,
94,Алина,https://avatars.mds.yandex.net/get-yapic/49368/MF9C7CxI8Bd76oKJXooSmODwGg-1/islands-68,2021-12-03 13:20:26,Обслуживание хорошее. Быстро.,5,
95,Марина Горбунова,,2021-12-14 14:46:38,Хорошее и быстрое обслуживание,5,
96,Максим,https://avatars.mds.yandex.net/get-yapic/45848/vh0IkSxqOgZjyVv9rOUCzJS7uQ-1/islands-68,2021-08-30 14:11:37,Хороший банк открывал как то счёт заделали всё быстро,5,
97,Стася,https://avatars.mds.yandex.net/get-yapic/25358/ALq3JzT6T4d82KDbuqQ0LWTQ9o-1/islands-68,2019-10-28 09:22:12,"Хороший банк, удобное расположение, никаких очередей. Получаем з/п, пару раз брали кредит, если будет необходимость в получении очередного кредита, то обязательно в ВТБ.",5,
98,максим,https://avatars.mds.yandex.net/get-yapic/68143/vnMOcEEVsZi7S8BoBQngGJDP8-1/islands-68,2021-11-23 09:51:39,Как не приедешь всегда очередь большая.,3,
99,Григорий,https://avatars.mds.yandex.net/get-yapic/29310/iWQQFxyd7YvL99HmNZS5rixg7c-1/islands-68,2021-09-30 17:29:43,"Вечная очередь, (((некомпетентностые сотрудники (",3,
100,Елена - Неждана Усанова,https://avatars.mds.yandex.net/get-yapic/41409/8pLkzBw37opbXC58mhNtjUMJSVE-1/islands-68,2021-05-16 10:45:00,Оооочень долгое и не компетентное обслуживание. Не рекомендую.,1,
101,Vera K.,https://avatars.mds.yandex.net/get-yapic/31804/enc-a5dbd5deb86768b286c144004c1d3198e53a2b5f8f47286c7bb6ccdbe0b4aa2c/islands-68,2020-10-12 17:20:34,"Есть хорошие сотрудники, а также и плохие специалисты в этом банке. Будьте бдительны",4,
102,Мария Кулакова,https://avatars.mds.yandex.net/get-yapic/43473/0YRAcY2oBqiaT1SwpLfNL9U1c-1/islands-68,2021-02-24 12:05:11,Известная кредитная организация. Получала раньше зарплату на их карту.,3,
103,Илья,https://avatars.mds.yandex.net/get-yapic/45848/viaNUwo1agQv2PizvvMf63IUOg-1/islands-68,2020-03-02 12:44:07,Стандартное отделение банка ВТБ. Достаточно бастро обслуживают! Очередей практически нет!,4,
104,Виктор К,,2019-09-23 10:56:42,"Брали сложную ипотеку по одобрению из другого региона. Специалисты во всём разобрались оперативно, оставили только приятные впечатления.",5,
105,Анонимный отзыв,,2018-06-16 06:56:53,"Я являюсь риэлтором Федеральной компании «Этажи» и могу сказать, что настолько грамотного, индивидуального подхода к клиентам, а так же обходительности и вежливости сотрудников, я не видел ни в одном банке!",5,
106,Так живём,,2019-02-22 08:55:00,"Очень долго обслуживают . Ну очень долго. Передо мной было 5 человек я сидела в очереди час! К сожалению получаю зарплату в этом банке,поэтому вынуждена обращаться туда . Не советую !!!",1,
107,Андрей Николаевич П.,https://avatars.mds.yandex.net/get-yapic/57243/eW2AI0rvFY5gPNjQYcjjDpwp30-1/islands-68,2020-04-27 01:48:41,"Грамотные консультанты. И остальные сотрудники, включая руководство.",5,
108,Ринат Дасаев,https://avatars.mds.yandex.net/get-yapic/28053/JK84RKwlaPC1YBekHzOJSid3U-1/islands-68,2019-09-02 02:14:46,Банк сливает информацию о клиентах финансовым мошенникам после чего всячески закрывает информацию о них чтобы клиент не мог вернуть свои деньги,1,
109,Кристина Клемс,https://avatars.mds.yandex.net/get-yapic/38663/X71V2vpUjfgBHdVeKJiYNmbaVuA-1/islands-68,2020-01-31 12:17:54,Быстро и моментально сделали мне карту. Персонал хороший.,5,
110,Татьяна,https://avatars.mds.yandex.net/get-yapic/26311/flMLy91EE3tEkUoBqsNAwfTm8-1/islands-68,2019-10-12 17:31:56,один из лучших банков! Интересные предложения! Любимый банк - КББ!,5,
111,Анонимный отзыв,,2020-04-06 10:52:57,"Все как всегда, но сколько раз был всегда очередь и долгое время ожидания",4,
112,Constantin,https://avatars.mds.yandex.net/get-yapic/27503/BG6UnL8UoL2IUqRKmOColvK8Nc-1/islands-68,2018-04-03 01:46:38,"Лучше, чем в Новосибирске на ул. Фрунзе.
По объективной оценке те же самые грабли, только повежливие и на парковке бывает свободное место.",2,
113,Виоллета,https://avatars.mds.yandex.net/get-yapic/60687/kvqlwjhrf7zWvjImZgWoqjeEFI-1/islands-68,2020-07-26 09:56:10,Хорошее отношение и быстро обслужили,5,
114,Александр .,https://avatars.mds.yandex.net/get-yapic/63256/ZORuUNIkrDuIPeAPiniYIXuDnI-1/islands-68,2020-11-03 12:02:58,низкая пропускная способность,2,
115,Марина Селяненко,https://avatars.mds.yandex.net/get-yapic/40138/PNTOSDWzLyfVr5qRTd2UU1Bxs-1/islands-68,2021-12-28 12:01:59,Не всегда быстрый приём,5,
116,андрей мягких,https://avatars.mds.yandex.net/get-yapic/35885/0oq50UKx4kJajjABR4rFctZvG4-1/islands-68,2019-11-06 11:47:28,хороший банк и обслуживание на высшем уровне,5,
117,Ксения,https://avatars.mds.yandex.net/get-yapic/27503/hy1CJi6vmcenIJ5C57FDFi2RM-1/islands-68,2019-11-06 14:31:29,Персонал не квалифицированный в большенстве своем.,2,
118,Сергей Шиш,https://avatars.mds.yandex.net/get-yapic/27503/8uFli0K6OuxoHoNDRoac0MwDGE-1/islands-68,2019-12-01 07:43:11,Быстро и качественно оказали услугу.,5,
119,igorosipov1979,https://avatars.mds.yandex.net/get-yapic/59871/bnXzmKVEEIQX6arCu8HtvobxZw-1/islands-68,2019-12-15 16:40:41,Сам пользуюсь услугами ВТБ и вам РЕКОМЕНДУЮ....,5,
120,Артем Петрищев,,2019-08-13 11:39:04,Маленькая парковка для такого крупного отделения.,4,
121,Илья Тапоков,,2021-08-19 16:13:44,Ужааааас,1,
122,Анастасия Миловская,https://avatars.mds.yandex.net/get-yapic/56823/enc-3ec6bfb9483437e63a9d56f5d6e9033227b2e692341f7ca56b9f6bebb975b2f5/islands-68,2021-08-08 13:08:20,Класс,5,
123,Сергей Куцый,https://avatars.mds.yandex.net/get-yapic/51169/qZB6jAuyT4uAPc8PDMW5w07Jes-1/islands-68,2020-07-13 01:50:08,часто не работает сайт,4,
124,Ксения Воложанина,https://avatars.mds.yandex.net/get-yapic/63032/YPlaMJyNBhdZwmTFHA2anG6TlkE-1570891523/islands-68,2019-03-11 08:15:31,Вечные очереди. Час стоишь за справкой. Касс много работает 5 из 15,1,
125,Александр,https://avatars.mds.yandex.net/get-yapic/39249/38JsjgkCxtP18G14yHDXrSEFDM-1/islands-68,2020-09-30 14:17:13,Хороший банк.,5,
126,Иван Антрацитов,https://avatars.mds.yandex.net/get-yapic/29310/xB17Vdpos43tIWhxDS94anL09k-1/islands-68,2020-01-07 11:26:04,"Так себе банк! Разденут до нитки, втюхают карты и страховки",1,
127,Tanya Adusheva,https://avatars.mds.yandex.net/get-yapic/15298/enc-cf8dd3919920c3c4b8da9cf36125f611ba08c98141b568115898ec6baa71854f/islands-68,2019-08-23 14:36:05,"Культурное, вежливое обслуживание",5,
128,Лариса Янкина,,2019-08-20 16:22:47,Грамотные специалисты,4,
129,ТБМ-Маркет Н.,https://avatars.mds.yandex.net/get-yapic/40138/enc-8c4370725a1a1e5e9d7759d965d7b87e09d7f0da67f82085626cae05f8b37847/islands-68,2018-07-11 02:18:41,"Обычный банк, зачастую очереди и тупящий персонал.",4,
130,Нина М.,,2019-12-14 05:34:29,Конченый банк,2,
