,name,icon_href,date,text,stars,answer
0,Niki4,,2023-12-25 18:21:34,"Самый лучший офис ВТБ) очень доходчиво объясняют, вежливый персонал, предлагают вкусный кофе и к нему вкусные конфеты) всём рекомендую данное отделение ВТБ. Хотелось бы отметить менеджера Александру, очень помогла, вежливо и хорошо объяснила! Благодаря таким работникам банк ВТБ показывает всемирно-профессиональный уровень!!!",5,"Так приятно, что вы поставили нам высокую оценку и отметили работу сотрудника 👍"
1,Александра Б.,,2023-12-22 18:47:44,"Отличный офис!
Всегда посещение этого офиса проходит с позитивом, предлагают кофе и очень вкусные конфеты, все очень быстро и качественно. Отдельное спасибо моему менеджеру Марине, побольше бы таких квалифицированных сотрудников.",5,"Для нас очень важно, чтобы наша работа приносила вам только приятные впечатления. Постараемся и дальше вас радовать! Отдельное спасибо, что отметили работу конкретного сотрудника 👍"
2,Анастасия К.,https://avatars.mds.yandex.net/get-yapic/30955/S5R6ltRdQ7PFZs7zzwiWB4Usg-1/islands-68,2023-12-15 08:08:41,"Один из лучших офисов ВТБ: быстро, понятно, всегда очень вежливый персонал. Стараются все объяснить, чтобы сложилось понимание о том как работает услуга. Оформляла кредитную карту, первый раз узнала как на самом деле процентная ставка влияет на сумму платежа и как пользоваться, чтобы не переплачивать. Большое спасибо, очень приятные впечатления!",5,"Приятно видеть, что посещение нашего офиса вызвало у вас исключительно положительные эмоции 😉"
3,Татьяна Беляева,,2024-03-02 13:05:04,"Мария Ушакова - высокопрофессиональный персональный менеджер! Всегда вежлива, улыбчива; на любой вопрос дается подробный профессиональный ответ. Все банковские продукты ею отлично изучены.",5,"Спасибо за высокую оценку и за то, что отметили работу сотрудника 👍"
4,Ирина Афанасьевп,,2023-12-21 11:18:09,"Мне очень нравится это отделение, всегда вежливо и терпеливо относятся, чëтко и внятно ненавязчиво, всегда подскажут как лучше и какие есть фишки, доступно доносят информацию, чисто и уютно.",5,"Спасибо, что пользуетесь услугами нашего Банка!"
5,Максим,,2023-12-21 05:42:22,"Отличный офис,приятные и гастиприимные сотрудники , кофем угощают. Пришел получить карту, все быстро оформили, рассказали приимущества и как получать мах бонусы. Если возникнут вопросы обязательно обращусь только в этот офис. Спасибо ребята.",5,"Благодарим за отзыв. Мы стремимся предоставлять нашим клиентам качественное обслуживание и рады, что вы оценили это. Наши сотрудники всегда стараются быть внимательными и заботливыми к каждому клиенту. Приходите к нам почаще!"
6,Татьяна Евлампиева,,2024-01-26 17:48:26,"Обратилась 25.01.24 в банк ВТБ ДО ""Краснопресненский"" г.Москва для приобретения китайских юаней,был уже вечер и так как данная валюта пользуется большим спросом,в наличии ее не оказалось.Мне было предложено прийти на следующий день,но у меня срочная командировка -юани мне были необходимы именно сегодня.Кассир Елена вошла в мое положение и не только обзвонила все ближайшие доп.офисы,нашла и заказала мне юани,но и в подробностях объяснила,как лучше и быстрее добраться до нужного адреса.
Хочу выразить большую благодарность Елене за ее тактичность,понимание и отзывчивость.В следующие разы для получения качественного обслуживания буду обращаться только в этот офис.",5,"Довольные клиенты - наша лучшая награда. Благодарим за то, что так высоко оценили нашу работу 💛"
7,Дарья Е.,,2023-12-22 15:08:47,"Приходила недавно получать зарплатную карту. Обслужили быстро, всё объяснили доступно, показали наглядно, при мне всё настроили. Сотрудники вежливые и человечный. Рекомендую!",5,"Искренне рады, что выбрали наш Банк своим финансовым партнёром! Спасибо за высокую оценку 🙂"
8,Ольга Лелеко,,2024-02-05 09:33:27,"Специалист Милана очень оперативно, доступно всё проверила, разъяснила и помогла решить вопросы. Экономия моего времени, а самое главное нервов. 
Всё просто здорово. Спасибо за обслуживание.",5,"Огромное спасибо за приятный отклик 💛 Рады, что смогли помочь в решении вопроса 😉"
9,Татьяна С.,,2023-12-22 16:11:31,"Добрый день, всем интересующимся! 
Данное отделение посещаю, очень удобное и современное, сотрудники все необходимые вопросы помогают решить быстро и понятно. Благодарю",5,Спасибо вам большое за доверие 🤗 Приходите к нам почаще!
10,Сергей,,2023-12-21 10:57:41,"Быстрое обслуживание, приветливый персонал. Менеджер Сергей очень проффесионально все сделал и помог разобраться с выгодными предложениями банка, отдельное спасибо.",5,"Так приятно, что вы поставили нам высокую оценку и отметили работу сотрудника 👍"
11,Александр Е.,https://avatars.mds.yandex.net/get-yapic/45131/enc-3cea48d82810607b24cec27021d9a576a918f626f7f35e9b8097ee169be4a687/islands-68,2023-12-22 15:14:25,"Заходил вчера настроить биометрию. Без замечательных умниц-сотрудниц бы не справился. Всё подсказали, со всем помогли, да ещё и с улыбкой! Осталось приятное впечатление, буду обращаться ещё",5,"Благодарим за отзыв. Наши сотрудники всегда стараются быть внимательными и заботливыми к каждому клиенту, и мы рады, что вы ощутили это на себе. Приходите к нам почаще!"
12,Алина Вычерова,,2024-01-26 05:20:59,"Хочу выразить благодарность банку ВТБ и в отличие менеджера Александру. 
Огромное спасибо за доходчивое объяснение работы карты, доброжелательность и
профессионализм.
Рекомендую данный офис)",5,"Спасибо, рады стараться 😊"
13,Михаил Хансон,,2024-01-26 06:31:25,"Одно из лучших отделений банка, брал ипотеку на квартиру, очень подробно и понятно объяснили условия и представили лучшие, особое внимание могу уделить менеджеру Александре, помогала от начала до конца, спасибо большое",5,Спасибо за теплые слова. Довольные клиенты - наша лучшая награда 👍
14,Нина Д.,,2023-11-19 19:39:49,"Люблю ходить именно в это отделение банка, так как оно ближе всего к моему дому.
Со мной всегда вежливо общаются и помогают решить возникающие у меня проблемы. Спасибо!",5,"Благодарим за положительный отзыв о нашей работе. Рады, что вы остались довольны 💛"
15,Тимур Ибрагимов,https://avatars.mds.yandex.net/get-yapic/64336/LWcuY6OwGxwpHyyshSHF0UqBc-1/islands-68,2023-12-21 12:14:13,"Выражаю благодарность сотруднице Марине! Помогла мне в моих банковских вопросах! 
Была бы моя воля, я бы ей премию выписал 👍👍 хорошо что в наше время есть еще хорошие достойные сотрудники.",5,Благодарим за высокую оценку работы нашего сотрудника 💛
16,ТАТЬЯНА Лач,,2023-12-21 11:14:10,"Удобное расположение, сотрудники просто выше всяких похвал!очень доступно объясняют и реагируют на все просьбы.",5,"Спасибо, что поделились своими впечатлениями. Мы очень ценим обратную связь 💛"
17,Анастасия Р.,,2023-12-25 16:58:15,"Добрый день!
Помогли разобраться в банковских вопросах и услугах) 
Спасибо большое, буду дальше обслуживаться у вас! 
Александре выражаю благодарность!",5,Спасибо за такие приятные слова. Всегда рады вам помочь 💪
18,Юлия З.,,2024-01-26 07:29:20,"Вежливые сотрудники, посещать офис одно удовольствие. Всегда решат любые вопросы, иногда даже по телефону. Выражаю благодарность!",5,"Приятно видеть, что посещение нашего офиса вызвало у вас исключительно положительные эмоции 😉"
19,Дарья Балашова,,2023-12-21 11:21:58,"Являясь клиентом этого офиса, хочу выразить благодарность сотрудникам за компетентную работу, оперативное решение проблем и высокую квалификацию!",5,"Так приятно, что вы поставили нам высокую оценку и отметили работу сотрудников 👍"
20,Сергей Гороханов,https://avatars.mds.yandex.net/get-yapic/48449/XwbHxGj9aW7yUgip8Z9Wj4Zgxok-1573440093/islands-68,2024-02-12 17:51:53,"Отделение хорошее, банк нет. Не защищает своих клиентов по заявлениям по оспариванию платежей. Поэтому я ни кому не советую быть их клиентами. Если вас обманут в интернете, втб вам не поможет. Ни кому не помогают.",5,"Огорчены, что у вас сложилось такое негативное мнение о нашем Банке.

Мы обеспечиваем все необходимые меры для сохранности ваших данных, используя самые современные инструменты обеспечения безопасности.

Если вы стали жертвой мошенников рекомендуем обратиться с соответствующим заявлением в правоохранительные органы. При поступлении документов от органов в Банк мы стараемся максимально ускорять принятие решения по подобным случаям."
21,Джулия Анахасян,,2023-11-19 19:04:16,"Хороший персонал! Вежливое обслуживание, деликатное решение проблем, отношение к клиентам 👍🏼 спасибо",5,"Спасибо за отзыв. Мы стремимся предоставлять нашим клиентам качественное обслуживание и рады, что вы оценили это 😃"
22,Ксения Андрончева,,2023-12-20 07:51:08,"Менеджеры прекрасно с полуслова понимают что от них хотят и не пытаются навязать, то что не нужно. Приятный офис, достойное обслуживание, все как надо)",5,"Спасибо за положительный отзыв! Поверьте, мы это очень ценим 💛"
23,Галина Х,,2023-12-06 10:45:09,"20 мин в пустом зале просидела, чтобы карточку получить! И это привилегия? 
При условии, что свободны были 3 менеджера - у них клиентов за столами не было, но они были чем-то «заняты»",2,"Спасибо, что поделились с нами. Информацию в полном объеме мы передали ответственным руководителям для детального разбора и проведения необходимого цикла работ, чтобы в будущем исключить возможность повторения подобных ситуаций.
Приносим извинения за доставленные неудобства."
24,Александра Хомутовская,https://avatars.mds.yandex.net/get-yapic/54535/f133Y8WfQ8IGrteaziJZxAsKX7Y-1/islands-68,2023-07-06 14:11:42,"Отличный офис! Обслуживание на высшем уровне, очень доброжелательные и приятные сотрудники. Вопрос помогли решить быстро и качественно. Рекомендую!",5,"Огромное спасибо за приятный отклик 💛 Рады, что смогли помочь в решении вопроса 😉"
25,Саак Хачатрян,https://avatars.mds.yandex.net/get-yapic/65952/g7QbldhRZjeDwnxVKwbboajnDQU-1/islands-68,2023-05-31 04:02:53,Все отлично!!! Обслуживание персонала на высшем уровне !!! Нареканий нет!!! Я очень рад!!!Неоднократно обращался по различным вопросам всегда помогали!!!,5,"Очень приятно получить такую высокую оценку нашей работы, спасибо 😊"
26,Роман Данелия,https://avatars.mds.yandex.net/get-yapic/62162/mNdKVcUw12sIDclaLjPMPz4gc0-1/islands-68,2023-11-19 19:33:51,Очень удобно расположенно отделение банка. Обслужили отлично. Рекомендую.,5,Спасибо за высокую оценку 👍
27,Ирина,,2023-12-13 14:39:53,"Максимально странная планировка банка, клиентские менеджеры тоже радушием не отличаются. Отдав заполнять заявление от руки, КМ просто сидел в телефоне. Сервис оставляет желать лучшего",3,"Спасибо, что поделились с нами. Мы обязательно учтем и проработаем ваше замечание, чтобы в дальнейшем у вас не возникало сомнений в правильности выбора нашего Банка. Приносим извинения за неудобства."
28,SimonPhelps1,,2023-12-20 12:50:34,"Подключала в этом офисе банка биометрию, всё понятно объяснили, рассказали и показали. Сотрудники тут хорошие, спасибо.",5,"Благодарим за отзыв. Наши сотрудники всегда стараются быть внимательными и заботливыми к каждому клиенту, и мы рады, что вы ощутили это на себе. Приходите к нам почаще!"
29,Михаил Бурдин,,2023-12-21 11:37:31,"Лучший офис банка в котором я был
Четко, понятно, без воды
Марину как профессионального менеджера рекомендую",5,Спасибо за приятный отзыв. Довольные клиенты - наша лучшая награда 👍
30,Татьяна Л.,https://avatars.mds.yandex.net/get-yapic/24700/enc-a03350f50e983d58b9a6233ebcdb215a98eee9008467e0d4eb455d6405be2647/islands-68,2023-12-22 09:30:09,"Прекрасные сотрудники,очень оперативно помогли,подсказали,благодарю🙏",5,"Благодарим за отзыв. Наши сотрудники всегда стараются быть внимательными и заботливыми к каждому клиенту, и мы рады, что вы ощутили это на себе. Приходите к нам почаще!"
31,Сергей,,2023-04-11 18:17:06,"Это отделение ВТБ Привилегия , т.е. у кого на счету не менее 1,5 млн. руб. и кто за эту функцию платит отдельно. Узнал об этом когда пришел в операционное время в 15 часов дня. Кроме одного сотрудника, котоый занимался пенсионерами более 40 минут никто не работал и занимались своими личными делами сотрудники банка, при этом предоставляли заведомо ложную информацию по занятости сотрудников этого отделения. Как написал выше, пришел в 15 часов дня, на 4 рабочих места, на своих местах находятся 2, сотрудника, один обслуживал пенсионеров ( сказала надолго) второй оказался контролером, который не уполномочен выполнить простую операцию провести платежный расчет с одного счета на другой. На мой резонный вопрос кто сможет и где остальные сотрудники был ответ все заняты клиентами( как потом выяснилось один сотрудник вообще отсутстсвовал весь день на работе, второй ушел по своим личным делам в рабочее время и руководство и другие сотруднии это покрывали ). Кассир тоже не мог по какой причине сделать простую операцию. Руководитель отделения также отказал в обслуживании, сказав что клиентам не занимается. И это отдедение для ВИП клиентов, Вы серьезно? Прождал 40 минут, при этом сотрудники банка делали замечание, чтобы я сидел на месте и ждал, даже вставать нельзя( это для ВИП такой сервис?) . Когда появился сотрудник который смог меня принять, и отсутствовал по своим личным делам, отказал в дальнейшем обслуживании при этом оказалось что имея на счету несколько млн. я не считаюсь ВИП клиентом, так как сотрудник ВТБ который заводил мне ранее счет забыл поставить галочку в какой то программе. И было предложено за 5 тыс это сделать в отделении. В итоге я добрался за 5 минут до другого обычного отделения втб, где мне все сделали быстро и бесплатно . Что за подход? Контроль качества ВТБ проведите поверку данного отделения на адекватность и операционную эффективность и сделайте соотвествующий статусу привелегия это отделение или закройте его совсем",1,"Сергей, примите, пожалуйста, наши извинения за доставленные неудобства. Поверьте, мы всегда стремимся быть лучше. Обязательно обсудим с руководителем офиса все детали, описанные в отзыве, и учтем ваши замечания. Надеемся, что в дальнейшем у вас не возникнет сомнений в правильности выбора нашего Банка."
32,MaryFox24,,2023-11-16 10:06:01,"Прекрасное обслуживание! Добрые, внимательные и отзывчивые сотрудники!",5,"Очень приятно получить такую высокую оценку, спасибо 😊"
33,марианна саргсян,,2023-11-27 09:08:23,"Отделение понравилось,нареканий нет.
Сотрудники выполняют свою работу с особым профессионализмом👍🏿",5,"Рады, что вам понравилось. Не зря стараемся 😃"
34,Антон Бирюков,https://avatars.mds.yandex.net/get-yapic/20706/enc-69dfc389bcfb5d92fee41083ac17da9798eee9008467e0d4eb455d6405be2647/islands-68,2022-12-28 12:28:28,"Удобное месторасположение, приятная атмосфера, быстрое и профессиональное обслуживание. Все вопросы были решены оперативно. Молодцы, это именно то, что ждёшь от банка и его сотрудников.",5,"Огромное спасибо за приятный отклик 💛 Рады, что смогли помочь в решение вопроса 😉"
35,Дарья Данелия,https://avatars.mds.yandex.net/get-yapic/50071/cBlj3elR2wpxSFhGIxBUyVqkvs-1/islands-68,2023-11-19 19:26:59,"Отличное отделение банка! Деликатное обслуживание, помощь по всем вопросам. Благодарю !",5,Спасибо за приятный отзыв. Довольные клиенты - наша лучшая награда 👍
36,Несбитый Лётчик,https://avatars.mds.yandex.net/get-yapic/21377/enc-4192831def765e47b0109b5b8735190875e174156018245c4cfe7b34b4e2e489/islands-68,2023-05-24 20:29:22,"Только для избранных. НО! Нигде ни полслова не сказано. Идите своим пешком и проверяйте, так чтоли? Три половозрелые девахи сползают со стульев от безделья. Это сразу в глаза бросается. А четвёртая в дверях служебного входа стоит и языком чешет. И НИКОГО! Алё, руководство, я к вам обращаюсь! Четыре зарплаты за что? Если клиентов нет, а тех кто пришёл не обслуживают, тогда что они делают на рабочем месте? Кажется я понял, они работают над собой, точно!",1,"Мы любим и ценим всех наших клиентов!
Данное отделение обслуживает только держателей пакета «Привилегия». Информация об этом есть в разделе «Контакты».
Уточнить формат офиса и выбрать другой удобный для вас можно на сайте нашего Банка vtb.ru/about/offices
Обязательно проведем проверку ситуации из вашего отзыва и передадим информацию руководителю офиса для организации необходимых мероприятий.
Приносим извинения за возможные неудобства."
37,Anna I.,,2023-08-31 17:09:51,"Совершенно пустой офис, три сотрудника сидят , смотрят пустыми глазами перед собой. Сказали что офис только для вип клиентов. Ближайшие (относительно ближайшие) два офиса - один работает до 6 вечера, второй - загружен и надо ждать в очереди.",1,"Сожалеем, что возникла такая ситуация. Данное отделение действительно обслуживает только держателей пакета «Привилегия». Информация об этом есть в разделе «Особенности».
Уточнить формат офиса можно также в чате ВТБ Онлайн или по номеру телефона 1000.
Приносим извинения за возможные неудобства."
38,Евгений Е,https://avatars.mds.yandex.net/get-yapic/43473/8tWCUSwKYiqpdT43SgiZJmwLtow-1/islands-68,2023-10-18 10:48:39,"Бесполезное отделение банка. Этого нет, того нет. Зато 3 банкомата и на 6 столов всего два сотрудника 👍",3,"Хотели бы разобраться в ситуации, с которой вы столкнулись в офисе. Расскажите, пожалуйста, подробнее. Обязательно изучим информацию и примем меры 👌"
39,Василий Б.,https://avatars.mds.yandex.net/get-yapic/68143/enc-c4e1064404aeec986d266a68200cd4f42cac9652dfcc9f5361ef7b9285509e5d/islands-68,2023-11-27 08:27:18,"В описании стоит указать, что офис не для всех, а то люди едут зря. Сотрудники приятные.",1,"Информация указана в разделе «Особенности» и «Контакты. Формат работы офиса можно также уточнить перед посещением на нашем сайте vtb.ru/about/offices или по звонку в контактный центр по номеру телефона 1000 с мобильного.
Простите за возможные неудобства."
40,Графская Р.,,2023-12-20 13:21:26,Приветливый персонал и быстрое решение вопросов.,5,"Приятно видеть, что посещение нашего офиса вызвало у вас исключительно положительные эмоции 😉"
41,Алла Алексеевна,,2023-03-28 07:29:05,"Огромное спасибо выражаю сотрудникам банка на Красной пресне!
Александра, спасибо большое за помощь в решении вопросов.
С радостью обращусь ещё ни один раз))
Успехов!",5,"Огромное спасибо за приятный отклик 💛 Рады, что смогли помочь в решении вопроса 😉"
42,Анна Телегина,https://avatars.mds.yandex.net/get-yapic/54535/9GTkgqdjFqB8U5dSNuGC6OK40n0-1/islands-68,2024-03-01 11:43:33,"удобное расположение, но часто не бывает наличных",3,"Спасибо, что отметили наши плюсы и за обратную связь, которая помогает понять наши проблемы и принять меры для улучшения качества обслуживания. Простите за возможные неудобства."
43,Сергей Пырчев,,2022-12-29 11:28:22,"Впервые узнал, что в этом банке есть такие отделения. Соглашусь с пользователями с отсутствием какой-либо информации в Яндекс-картах, поэтому приходится тратить время впустую на выяснение этого факта. ВИП-клиентов угощают мандаринками на наши деньги. Молодцы!",1,Спасибо за отзыв! Добавим информацию в описание.
44,Ксения Ч.,,2023-10-10 15:15:15,"Хотя бы написали где-то, что это только для тех, у кого привилегии и счета от 2.5 млн, чтобы люди время не тратили.",1,Спасибо за отзыв. Приняли во внимание.
45,Алена Бережная,https://avatars.mds.yandex.net/get-yapic/26057/5zY4dXVCASwEn999yLnsrzykaLc-1/islands-68,2023-07-24 18:07:03,"Вежливая и симпатичная девушка, очереди не было, но с частными лицами не работают. Дала адрес другого филиала, но там не оказалось кассы",5,"Алена, благодарим вас за отзыв. Уточнить информацию о наличии кассового обслуживания можно в нашем контактном центре по номеру телефона 1000, а также в чате ВТБ Онлайн.
Приносим извинения за возможные неудобства."
46,Ямоко,,2024-03-06 15:36:46,Только для клиентов привелегия. Но в описании нигде этого нет.,1,"Нам очень жаль, что у вас сложилось негативное впечатление о Банке. ДО «Краснопресненский» - отделение премиального обслуживания, здесь осуществляется обслуживание клиентов с пакетом «Привилегия».

Данная информация размещена в открытом доступе на нашем сайте online.vtb.ru/map/offices/, а также на данном сервисе в разделе «Особенности»."
47,Сергей,https://avatars.mds.yandex.net/get-yapic/44850/tqbWccgfVLqWN1Hb8YJ6lcqNejs-1/islands-68,2024-01-04 12:45:05,"Точка для банкоматов отличная!!! Для клиентов нет!!!((( только для вип и премиум! Если простой, посылают далеко!!!(((не есть , хорошо!!!)))",3,"Благодарим за ваше мнение. ДО «Краснопресненский» - отделение премиального обслуживания.

Ознакомиться с информацией о формате офисов и выбрать другой удобный для вас можно на сайте нашего Банка online.vtb.ru/map/offices/. Приносим извинения за возможные неудобства."
48,Виктор,https://avatars.mds.yandex.net/get-yapic/50595/LlwsZfrbnmXeh3bYdtTy4ip02E-1/islands-68,2023-07-06 06:23:51,"Достойный уровень обслуживания, персональный менеджер Наталья - умна/мудра не по годам",5,"Виктор, ваш положительный отзыв для нас – лучшая награда 😊"
49,Виктория Х.,,2023-12-20 09:08:05,"Приятные люди,вежливые,милашки!",5,Спасибо за такие добрые слова! Приходите к нам ещё 💛
50,Анастасия,https://avatars.mds.yandex.net/get-yapic/39727/LYchc4vKzPwW4Lpy5Fm4pAQF1A-1/islands-68,2023-07-06 14:27:14,"Спасибо ! Обслуживание замечательное, девушки очень вежливые.",5,"Благодарим вас за отзыв. Очень приятно, что обслуживание в нашем офисе оставило у вас положительные впечатления. Ждем вас снова 😃"
51,Светлана А.,,2022-08-06 08:14:25,"Отвратительное отделение!Менеджеры завлекают высокими доходами вложения денег, но скрывают риски. Потеряла в этом отделении 600 000 ₽.С апреля 2022 года не могу забрать остаток. Ещё один брокерский счёт оказался на 10 лет, хотя менеджер утверждала, что на год.Директор отделения Маркова не компетентная и не может решить ни один вопрос.",1,"Хотим разобраться в ситуации. Для этого просим направить на наш адрес SMedia@vtb.ru ваши ФИО, дату рождения и подробности ситуации, которая стала причиной такой низкой оценки. В теме письма необходимо указать «Яндекс, Москва, улица Красная Пресня, 11, 06.08.22»."
52,Николай П.,https://avatars.mds.yandex.net/get-yapic/51169/xv9rzgOOwmigAdiZ8nmIsFZmL8-1/islands-68,2023-04-15 17:10:06,"Банк, в котором вас постараются надуть. А когда вы хотите закрыть счёт или кредит, то с вас сдерут процент на процент. И ещё процент за закрытие счета.",2,"Николай, хотели бы разобраться в ситуации, с которой вы столкнулись в офисе. Расскажите, пожалуйста, подробнее. Обязательно изучим информацию и примем меры 👌

Отметим также, что тарифы Банка размещены в открытом доступе на нашем сайте: vtb.ru/tarify/
Мы никого не обманываем."
53,Марина Александровна,,2023-06-03 12:16:58,"Пришла в офис сделать вклад, в одном офисе был цирк, зашла сюда… тут привелегтя , говорят обслуживаем если у вас вклад от такой то суммы… сумма то была больше ,но сам подход думаю ладно, сколько ждать 20-25 минут… сесть некуда . Девушка даже не предложила, после первого офиса , и после нахождения второго. Закрыли для себя этот банк окончательно",1,"Здравствуйте, Марина Александровна!
Сожалеем, что у вас сложилось негативное мнение о нашем Банке. Поверьте, мы стремимся к тому, чтобы быть лучше. Надеемся, в дальнейшем ваше мнение о ВТБ изменится в положительную сторону."
54,Ок. Стю,https://avatars.mds.yandex.net/get-yapic/27232/EvoMCsdtzxKdrykBK9QY1Rwhzs-1/islands-68,2023-07-17 11:20:54,"Очень хорошо, что нет информации о привилегии))
Едешь, кучу времени тратишь, приезжаешь, а тут привилегия👍",1,"Данное отделение обслуживает только держателей пакета «Привилегия». Информация об этом есть в разделе «Контакты». К сожалению, сервис не позволяет разместить ее в другом поле. Приносим извинения за возможные неудобства.
Ознакомиться с информацией о формате офисов можно также на сайте нашего Банка."
55,Павел,,2024-03-25 19:39:18,4 банкомата. Работают круглосуточно!,5,"Благодарим за отзыв. Так приятно, что вы поставили нам высокую оценку 👍"
56,Ivan,https://avatars.mds.yandex.net/get-yapic/58107/PnD1sYHrqekNZ6Z8mYDyGKsQu4-1/islands-68,2023-12-22 18:56:42,Спасибо Марине !!! Очень приятный и профессиональный менеджер!!!,5,"Спасибо за высокую оценку и за то, что отметили работу сотрудника 👍"
57,Rustam Gloyan,,2023-12-20 17:48:47,Качество обслуживание просто 😍💪🏾,5,"Спасибо, мы стараемся! Приятно, что вы это оценили 😊"
58,Денис К.,https://avatars.mds.yandex.net/get-yapic/44850/m3MmTnJzamce5by1n9L9NFV0ZqI-1/islands-68,2022-10-27 14:35:17,"В данном отделении обслуживание только вип клиентов. Простых смертных обслуживают немного дальше, на Звенигородском шоссе, через две остановки.",4,"Действительно, данный офис обслуживает только клиентов пакета ""Привилегия""."
59,Нина Бондарева,,2022-06-22 18:50:02,"Спасобо большое. Очень внимательные сотрудники. Мне как пожилому человеку все обьяснили, спасибо грамотному персооналу офиса.",5,
60,Алла С.,https://avatars.mds.yandex.net/get-yapic/39727/enc-bc5271d3c33e6fd202c2155b47ea72715a16b1a7602e82822b5442f6e7bdf893/islands-68,2021-05-31 18:11:37,"К покупке дорогостоящих вещей подхожу основательно. Процесс для меня трудоемкий (обзор рынка, сравнение топовых предложений, консультации…) И вот, наконец-то, решение принято! Оплати заветную покупку … и будет тебе счастье! ОДНАКО, новенький пин-код, который я сменила перед выходом (неоднократно), почему-то не сработал! Эх, знать бы заранее, как ведет себя система безопасности!
Спасением стали ближайший офис «Краснопресненский» (Москва) и сотрудники, проявившие участие и оперативность в решении вопроса - получить крупную сумму наличкой, в пятницу вечером и за несколько минут до закрытия! 
ОГРОМНАЯ БЛАГОДАРНОСТЬ ПЯЧИНОЙ МАРИНЕ И АМБАРЦУМЯН ОЛЬГЕ! ДЕВУШКИ, УСПЕХА ВАМ, КАРЬЕРНОГО РОСТА И ДОСТОЙНОГО ВОЗНАГРАЖДЕНИЯ!",5,
61,Олег Митченков,https://avatars.mds.yandex.net/get-yapic/24700/enc-2ad7db5850ec0317613f820e6bac826998eee9008467e0d4eb455d6405be2647/islands-68,2023-09-25 18:16:47,"Удобный офис, профессиональные сотрудники",5,"Спасибо, нам очень приятно получать обратную связь 💛"
62,Зимарин Алексей,,2023-12-21 07:29:43,Обслуживание класс,5,"Спасибо, рады стараться 😊"
63,Диана Караханян,,2023-12-20 07:58:06,достойное обслуживание и отличные сотрудники!,5,"Спасибо за положительный отзыв! Поверьте, мы это очень ценим 💛"
64,NoCaAbY,https://avatars.mds.yandex.net/get-yapic/54535/enc-541d8e17bae4338c8dc2a93c499740582e5336bcc6ef15526064b1b2932c0ea5/islands-68,2023-04-03 15:18:06,"""Только для клиентов ВТБ Привилегия"". Спасибо, что указываете это на вывеске и картах! (Сарказм)",1,"Действительно, данное отделение обслуживает только держателей пакета «Привилегия». С подробной информацией о формате офиса вы можете ознакомиться здесь: vtb.ru/about/offices/
Приносим извинения за возможные неудобства."
65,Alexander Zagaynov,https://avatars.mds.yandex.net/get-yapic/25358/nGmmAXDbM4ZOfR04tuWGjqov94-1/islands-68,2023-03-30 22:55:46,Некультурное и колхозное обслуживание. Сотрудникам лучше огурцами на рынке торговать.,1,"Благодарим вас за отзыв. Нам очень важно знать ваше мнение. Мы стремимся к тому, чтобы быть лучше. Проведем работу в целях улучшения качества обслуживания."
66,Пилот,,2022-03-18 08:12:02,"Сотрудник не умеет сделать обычного перевода, грубо обращвется к клиентам, я в шоке что в 21 в. Держат таких сотрудников!!! 
Больше ни ногой!!!! Вчера в 18.00 мне отказали от перевода, я 40 мин ждал с маленьким ребёнком в пустую.
Все к вам вернет девушка!!!",1,
67,Роман Аношин,https://avatars.mds.yandex.net/get-yapic/21377/enc-d94b6e2fa712f52524d9d11d803f646498eee9008467e0d4eb455d6405be2647/islands-68,2021-06-15 10:26:27,"Похоже, это фирменный стиль отношения к клиентам. 
На работе обязали перейти на зарплатную карту ВТБ. В итоге не могу зайти на свой личный кабинет, И деньги снять тоже, ес-сно. Справочная (тел) банка задает вопрос, почему это не было урегулировано сотрудником банка при вручении карты (мне задает, а не своему сотруднику) и что надо обращаться в офис банка. Ножками сходить. ...Обратился на Краснопресненскую, 11. Сказали, что с мелочевкой не связываются, иди... Причем на сайте ничего про ""мелочевку"" не удосужились..
Третий контакт, третий косяк!",1,"Нам жаль, что после обслуживания в Банке у Вас остались негативные впечатления. Мы не оставим без внимания Ваш отзыв и передадим его руководителю для анализа. Мы хотим разобраться в ситуации, с которой Вы столкнулись, и помочь в решении вопроса. Для этого просим направить нам на адрес электронной почты SMedia@vtb.ru Ваши ФИО и дату рождения, дату, время визита в офис и наименование офиса, а также подробное описание ситуации. В теме письма просим указать «Яндекс. Москва, ул. Красная Пресня, 11, 15 июня 2021». Хотим отметить, что указанное отделение Банка обслуживает только владельцев пакета ""Привилегия""."
68,Людмила Иванова,,2023-01-08 13:18:04,Приятные девушки. Добро желательно всё. Минус это банк привилегия)))),5,Благодарны вам за пятерку и добрые слова о работе наших сотрудников))
69,Павел,https://avatars.mds.yandex.net/get-yapic/30955/FmUaL3zXpW32wzFcKHirpH1Vso-1/islands-68,2023-06-09 15:07:37,"Хороший филиал, удобно и быстро",5,Спасибо за отзыв! Будем продолжать в том же духе 💪
70,Андрей Б,,2023-01-07 19:18:01,"Бан обыкновенный ВТБ. 
Ничего особенного. 
Обслуживание как в СССР, на высшем уровне.",1,"Благодарим Вас за отзыв. Нам очень важно знать Ваше мнение. Мы стремимся к тому, чтобы быть лучше. Проведем работу в целях улучшения качества обслуживания."
71,Закария Токтобеков,,2023-11-14 15:22:27,Очень хорошо,5,Благодарим за высокую оценку!
72,Andrey Sungurov,https://avatars.mds.yandex.net/get-yapic/65952/59neWUd2RR4EBCQb4qftzfVa0bw-1/islands-68,2020-07-16 14:48:45,"«Спасибо» ВТБ за теплый прием. Если делаете отделение для привилегированных клиентов, сделайте, пожалуйста, ВЕЗДЕ информацию для обычных клиентов. В Яндексе нет информации, на самой вывеске - половина со словом Привилегия, половина просто ВТБ. Предупреждения на входе, что это специализированное отделение нет никакого, что посторонним вход воспрещен. И вроде вежливо отказали, но потратить полчаса времени, чтобы дойти и уйти - это бесценно для клиента! Сразу хочется хвалить банк за удобство работы. 
Просьба перенять опыт Райффайзен, Альфа, Сбербанк по работе с ВИП клиентами.

А еще обидно, что и народу то никого. Но нет, whites only",1,
73,Владимир,https://avatars.mds.yandex.net/get-yapic/39249/jYN9TOBmAGlynEF09gaPehENu2M-1573197976/islands-68,2022-09-18 12:20:16,Очень быстро и качественно решили мои проблемы.,5,"Огромное спасибо за приятный отклик 💛 Рады, что смогли помочь в решение вопроса 😉"
74,Zalina_L,https://avatars.mds.yandex.net/get-yapic/23134/lM7myI5AhgjCof55VJagNEa5Av4-1/islands-68,2023-09-09 11:36:11,Удобное расположение,5,Спасибо за отзыв. Ваш комфорт - наша основная задача 👌
75,Ольга Н.,,2021-06-08 09:02:42,"Закрытый офис Привилегия, Всегда приятная обстановка, профессиональные сотрудники, помогают по любым возникающим вопросам.",5,Ваш положительный отзыв для нас – лучшая награда 😊
76,Анжела Р.,,2021-07-14 10:47:04,"Почему не написано что только для ""Привилегия""!!! Ужас! Специально приехала, а мне говорят пройдите пешком по 35С жаре пол километра или езжайте в душном автобусе до ближайшего отделения. Что за сервис!!!",1,
77,Денис,,2023-07-17 15:33:33,+ одно бесполезное отделение,1,"Расскажите, пожалуйста, подробнее, что стало причиной такой низкой оценки. Обратная связь помогает понять наши проблемы и принять меры для улучшения сервиса и качества обслуживания."
78,Александр Андрианов,https://avatars.mds.yandex.net/get-yapic/28053/QiN891BBADlUR0q9MAtCjLwMsTI-1/islands-68,2022-07-12 15:08:52,"Отделение привилегия , отзывчивые сотрудники банка , помогли решить мой вопрос .",5,
79,Наталия Никифорова,https://avatars.mds.yandex.net/get-yapic/39727/qH2RgaHmIF2cBQGavfPXh2kths-1/islands-68,2021-06-06 06:35:32,"Банк не для всех, обслуживают только с миллиона. Расположение удобное, но вежливо отшили, поскольку миллиона у меня не было",3,"Благодарим Вас за отзыв. Хотим отметить, что данное отделение обслуживает владельцев пакета ""Привилегия"". В том случае, если Вы не являетесь держателем пакета, рекомендуем обратиться в другое отделение Банка."
80,Александр Б.,https://avatars.mds.yandex.net/get-yapic/20706/enc-257fede82c5ac4f3f624edeee24831ae98eee9008467e0d4eb455d6405be2647/islands-68,2021-04-07 09:37:31,"Хороший и уютный офис, хороший персонал, всегда помогают по всем возникающим вопросам✔️",5,
81,Алексей Ц.,https://avatars.mds.yandex.net/get-yapic/48449/r1YT0UHpdA1tl63S2ARWUARGKrU-1/islands-68,2020-12-11 10:07:19,"Ужасное отделение, все очень долго, все злые какие то, никто не улыбается, в составлении документов на ячейку допустили ошибки в оформлении, переделывали целых 30 мин ! Смысл в том что отделение с привилегиями никто из нас так и не понял. На наших глазах были не только мы возмущены, но и другие клиенты",1,
82,Алексей А.,,2023-04-04 15:07:58,Обслуживают только вип клиентов,1,"Алексей, мы рады всем нашим клиентам 😊
Действительно, данное отделение обслуживает только держателей пакета «Привилегия». Ознакомиться с информацией о формате офисов и выбрать другое удобное отделение для вас можно здесь: vtb.ru/about/offices/
Приносим извинения за возможные неудобства."
83,Светлана К,https://avatars.mds.yandex.net/get-yapic/49368/IoQerqKKuo1BKKBS1SkXLOsmI4-1/islands-68,2022-11-22 14:39:20,Отвратительный банк с отвратительными манерами персонала,1,"Благодарим вас за отзыв. Нам очень важно знать ваше мнение. Мы стремимся к тому, чтобы быть лучше. Проведем работу в целях улучшения качества обслуживания."
84,Alesya A.,https://avatars.mds.yandex.net/get-yapic/39727/enc-3b64bca97b7295e29c6e19b05eb17dc5542fcb79fa7ab73f9fe618577ad835e5/islands-68,2021-01-29 12:54:05,"Данное отделение обслуживает только клиентов с привилегией. Хоть бы отобразили эту информацию в картах!!! Зря потраченное время на дорогу, нерешенный вопрос - очень не приятно . При этом пустой зал.",1,
85,Руслан Ацаев,https://avatars.mds.yandex.net/get-yapic/62162/VPtZAswHnMEI0Yv2TN6s6DHGUI-1/islands-68,2023-03-17 20:16:11,Профессионалы своего дела!,5,"Руслан, спасибо за отзыв! Будем продолжать в том же духе 💪"
86,Александр Елизаров,https://avatars.mds.yandex.net/get-yapic/20749/enc-64c0f9deba78bb9796b3400e7daa79f6c825b83960d6e5ba57edc9081ad2c046/islands-68,2023-07-08 12:28:41,Хорошее отделение,5,"Рады, что вам понравилось. Ждем вас снова 😃"
87,Ali,https://avatars.mds.yandex.net/get-yapic/38663/in5jKEfG59Q5JoEgobxj7K7STgs-1/islands-68,2023-07-08 12:29:56,Very good location.,5,
88,Андрей,https://avatars.mds.yandex.net/get-yapic/48449/37k8gvksDDxTXhTIzZYW6KWoHI-1/islands-68,2020-08-20 17:29:50,"Сделать целый офис в людном месте для избранных клиентов - это ж додуматься надо. Ладно бы випов просто вне очереди обслуживали, так нет, клиентов без спецпакета услуг посылают лесом. И это при полностью пустом офисе и скучающих операционистах.",1,
89,Л,,2022-11-26 19:25:15,"Отличное отделение!
Отличные сотрудники!
Отличное обслуживание!",5,"Благодарим. Нам очень важно, чтобы каждый клиент оставался доволен 😃"
90,Мистер Вульф,,2020-07-16 18:13:54,"Обслуживание только клиентов привелегии, и это сделано на высоком уровне. Далеко не все отделения соответствуют смыслу слова привелегия, который закладывался банком ВТБ, в данном офисе формат оправдан.",5,
91,Ольга У.,,2022-05-16 11:50:14,Хорошее отделение.но очень долгое обслуживание,4,"Поверьте, мы принимаем меры для того, чтобы время ожидания было минимальным. Надеемся, что в дальнейшем мы не заставим Вас ждать."
92,Кирилл,,2021-12-03 08:48:17,"Позвонить нереально, снятие денег проблемно, все через одно место. Самый худший из крупных банков!",1,
93,Любовь Ш.,https://avatars.mds.yandex.net/get-yapic/32838/enc-bff9f5d0cb4e021ae13eafaad96640d175e174156018245c4cfe7b34b4e2e489/islands-68,2021-06-23 10:53:07,"Нигде не отражено, что это отделение с привелегией, кроме как на стекле самого отделения и информации от сотрудника.",1,"Благодарим Вас за отзыв. Сообщаем, что на сайте Банка www.vtb.ru представлена информация об отделениях Банка, в том числе и об услугах, которые оказывают в отделениях. При выборе указанного офиса под логотипом ВТБ отображена информация о том, что офис сегмента ""Привилегия""."
94,Виктор Иванов,,2020-02-25 07:27:04,"Премиум отделение? Все по телефону, что по телефону не получается, то пришел, сел, подписал, ушел.5ть, ну 10 минут и все.

Одно но, нет парковки ( была, но кончилась). По этому или во двор, или идти пешком минут 5-10 (те идти дольше чем в банке сидеть)",5,
95,Nate L.,https://avatars.mds.yandex.net/get-yapic/30061/7mbGAs6BK93ZDuzQOR48pW8URgk-1/islands-68,2020-08-05 15:02:30,"Отделение только для Премиум клиентов, никакой инфы об этом нет нигде. Единственное, чем предлагают помочь – « можем открыть вам премиум пакет». Я пришла закрывать счет. Спасибо, ребят.",1,
96,Марина К.,https://avatars.mds.yandex.net/get-yapic/51381/2V8sZvaadU5YmcdeYGlfV1fY-1/islands-68,2022-06-10 07:01:37,"Замечательный офис, никогда нет очереди",5,
97,Михаил Иванов,,2022-01-13 09:48:32,"Можно указать что это Отделение привилегия , чтобы люди время не тратили",1,
98,Владимир Андреев,,2022-07-21 21:10:36,Хорошие люди на своём месте,5,
99,Лев С.,,2020-03-02 08:39:17,"ВТБ стоит указывать на карте, что это только для привелегии. Отношение к клиентам тут весьма спорное. Сидят 3 Маринки, не работают, офис пустой. И они отправляют в другое отделение.",1,
100,Чес С.,,2022-05-31 07:28:38,Сотрудники не компетентны. И грубы,1,
101,ИЛДАР САЛАХЕТДИНОВ,,2022-05-13 19:20:55,Принимают только вип клиентов,1,"Данный офис только для клиентов пакета ""Привилегия""."
102,Yaroslav Astakhov,,2022-04-11 14:50:12,Только для привилегированных,1,
103,Александр Федотов,https://avatars.mds.yandex.net/get-yapic/21493/enc-3fae068de33bdbfbac60523e03133a4998eee9008467e0d4eb455d6405be2647/islands-68,2019-11-27 18:14:20,"Отделение банка ВТБ для владельцев карт с пакетом Привилегия. Обслуживание в целом на хорошем уровне, без очередей. Владельцам обычных карт вход закрыт.",4,
104,роман черников,https://avatars.mds.yandex.net/get-yapic/56823/9u8OCW1pgHqGQud28QzjB99oSSU-1/islands-68,2022-05-11 11:55:56,Обслуживание отличное,5,"Спасибо, рады стараться 😃"
105,Ольга Р.,https://avatars.mds.yandex.net/get-yapic/15298/enc-4299ce0f3df3ed88825e4f577c3df595d4244a9ff2dd625fc99e2cbf3aa36589/islands-68,2022-05-05 12:30:46,Только вип обслуживание,1,"Данный офис только для клиентов пакета ""Привилегия""."
106,Roman T.,https://avatars.mds.yandex.net/get-yapic/24700/enc-c6b2607ccefc3cec13cba8138d1df4dd98eee9008467e0d4eb455d6405be2647/islands-68,2021-08-20 06:33:19,"Закрыл и забыл. Оказалось не закрыли. Получмл перевод на счёт, а все доки уничтожил. И с оператором не поговорить.",1,
107,димон Фролов,https://avatars.mds.yandex.net/get-yapic/68143/A4DYAFcR6qBcM2D8SPXy5TrDQwI-1/islands-68,2023-01-29 11:18:31,Не плохо,5,"Спасибо вам, очень приятно получать обратную связь 🙏👌 Приезжайте ещё 💛"
108,Алексей Романов,,2019-10-02 10:23:45,"Припарковаться практически негде, персонал не грамотный, это отделение ""Привелегия"" и обычных физлиц там не обслуживают",3,
109,Людмила,,2020-02-08 07:37:20,"Приличный, комфортный офис, работники приветливые, вежливые.",5,
110,Виталий,,2020-07-03 12:42:36,"Это отделение Привилегированное (не обслуживают иных клиентов, кроме зоны банкоматов)",4,
111,Елена Ф.,https://avatars.mds.yandex.net/get-yapic/65952/CEIYRzoRU1AKJUaTYv5MOBye3g-1/islands-68,2020-08-17 16:15:24,Информация не соответствует действительности. Отделение работает до 19:00!,3,
112,Александр Киселёв,,2020-07-26 10:14:17,Удобно. Есть персональные клиентские менеджеры,5,
113,Константин Караваев,https://avatars.mds.yandex.net/get-yapic/41409/qm35AgzZFCncymV4SFnh7F3DC8-1/islands-68,2021-07-08 08:44:44,Обслуживают вип клиентов только,1,
114,igor b.,,2021-10-22 12:02:00,Отказали в облуживании.,1,
115,Татьяна Артамонова,https://avatars.mds.yandex.net/get-yapic/20706/enc-4d70b1a7d0f405a2f987fefc9c89faee98eee9008467e0d4eb455d6405be2647/islands-68,2021-08-20 19:06:39,Только для ВИП клиентов.,1,
116,Polina Stranina,,2021-09-25 12:28:33,только для богатых,4,
117,lvan alekseev,https://avatars.mds.yandex.net/get-yapic/36777/waeTPMyOInFG5YRpc3GN5j1Kw-1/islands-68,2020-06-18 18:59:41,банк втб я там аформлял дебетовую карту персонал вежливый 5 балов,5,
118,Борис Б,https://avatars.mds.yandex.net/get-yapic/25817/YcRmohZwCJVbRGunWWUCOoWcSjk-1/islands-68,2020-04-08 14:39:47,"Привилегия.., но банкоматы доступны всем... да и место не самое людное... так что очередей не видел ни разу...",5,
119,Наталия,https://avatars.mds.yandex.net/get-yapic/39803/Gqu0theSuJIeKFGD70sGAsL1Y0-1/islands-68,2019-12-11 10:49:46,"Обычное отделение, ничем не примечательное. В банкоматах часто не бывает мелких купюр.",4,
120,Роман Шеламов,,2021-07-28 09:45:07,Отзывчивый персонал,5,
121,Сергей Петров,,2020-04-03 07:01:45,Не шустро работают. Справочку хочешь - гони 1000р. Бумажка очень дорогая у них.,3,
122,Irina Rybakova,https://avatars.mds.yandex.net/get-yapic/20706/enc-6b972dcf0173d7feef2d2f634172a35a/islands-68,2020-01-13 20:52:46,Рекомендую персональным менеджерам повысить скиллы клиентского сервиса,3,
123,Philipp Zolotov,,2021-04-01 15:53:45,Ни одного банкомата с nfc,1,
124,Максимус,https://avatars.mds.yandex.net/get-yapic/41409/CXk724Qm3ZeHxLDXFr4mYcyVUo-1/islands-68,2021-10-10 09:43:47,Удобно,4,
125,Михаил Г.,,2019-09-24 09:45:07,"Отвратительное отношение, обычные физ лица не обслуживаются",1,
126,Ольга,https://avatars.mds.yandex.net/get-yapic/51169/LtmNmAWrwXhXt8oIqtFhxVZFqyQ-1/islands-68,2019-11-05 13:51:22,"обслуживают только владельцев карт ""Привелегия""",4,
127,Оксана З.,,2020-05-16 16:11:54,Удобное расположение.,5,
128,Dmitriy R.,https://avatars.mds.yandex.net/get-yapic/33202/enc-2f5568e28403480a5ab8edd636b22da693c6a8ac3d64ace0870f82043a9a5279/islands-68,2018-03-17 23:19:05,Блестящий Руководитель! Идеальное отделеление! Доволен максимально!,5,
129,Алексей Михайлович Бондарев,https://avatars.mds.yandex.net/get-yapic/32838/0l7PlkCJYne19ZPHgyOTlSpzcTg-1/islands-68,2020-04-27 17:03:44,Отличное отделение ВТБ,5,
130,Роман Шаров,https://avatars.mds.yandex.net/get-yapic/50595/gnyk6Th8jyE4IiCFSn4NDvgY3hw-1/islands-68,2020-09-17 22:22:01,Хороший банк,3,
131,Анонимный отзыв,,2019-09-20 18:18:11,Отвратительное отношение к клиентам.,1,
132,Анатолий Глыбышен,,2020-05-25 13:14:57,Всё супер,5,
