,name,icon_href,date,text,stars,answer
0,Оксана Бессонова,,2024-03-06 07:27:48,"Удобное расположение офиса рядом с метро в историческом здании. Вежливый персонал и обслуживание. Получила квалифицированную консультацию от порофессионального специалиста Екатерины Рогулевой, помогла принять нужное решение по вкладу. Спасибо.",5,Спасибо за высокую оценку нашей работы!
1,Птица Феникс,https://avatars.mds.yandex.net/get-yapic/28439/Qna6Jz6r22dqjmKEjo6B4t8t2oI-1/islands-68,2024-02-21 15:28:56,"Именно в этом отделении каждый раз чёрти-что.5 окон для обслуживания физ.лиц,работает одно.""Все сотрудники заняты"".Если было бы так-не было бы претензий.А по факту:3 сотрудницы прохаживались по залам,в ""зоне привилегий""-4сотрудницы не делают ничего!Беседуют!В то время,как 1работает с физ.лицом,в очереди четверо и 4 окна свободны!!!
Одна хамоватая сотрудница,с которой любая простейшая операция превращается в негатив.Двухминутный вопрос занимает час!!!Попросили её позвать кого-то ещё в зал-отказала.

Из положительных моментов:один раз,когда точка кипения была выше нЕкуда,сотрудница швырнула документы и убежала,отказавшись выполнять свою работу (не забыв нахамить),решать ситуацию вышел руководитель (мужчина).Разобрался во всём в течении 5минут (до этого-сначала ожидание приёма минут 40,потом-выяснения на полчаса).Грамотно,чётко,по делу.Вот,понятно,что человек на своём месте работает и получает свою зар.плату не зря.",1,"Согласны с вами, при обращении в Банк клиент ожидает получить профессиональную консультацию по имеющимся вопросам. Обратная связь помогает понять, над чем нам необходимо работать.

Не оставим без внимания ваш отзыв и передадим его руководителю офиса для анализа."
2,Владимир Борисов,https://avatars.mds.yandex.net/get-yapic/15298/enc-65a8cf0e510cdc81928fb0fb9e1ee4a6/islands-68,2023-12-20 05:34:55,"Быстрое и толковое обслуживание. Может мне везло: немноголюдно. Удобная локация: рядом с метро.
Екатерине Рогулевой большое спасибо за дельные комментарии по продуктам банка.",5,"Так приятно, что вы поставили нам высокую оценку и отметили работу сотрудника 👍"
3,Анастасия Шаронова,,2023-12-12 11:13:35,"Девушка быстро помогла решить проблему, офис чистый, сотрудники все очень отзывчивые. Посещение этого отделения оставило положительное впечатление. 5 баллов, супер",5,"Спасибо, что поделились своими впечатлениями. Мы очень ценим обратную связь 💛"
4,Елена Сумарокова,,2024-03-05 10:31:40,"Давно обслуживаюсь в этом отделении. 
Хожу с удовольствием! Всегда помогут, подскажут! Быстро, чётко)! Благодарю Екатерину за помощь и доброжелательность!",5,"Спасибо за отзыв. Так приятно, что вы поставили нам высокую оценку 👍"
5,Александр Бологов,,2023-12-14 13:18:09,"Доволен данным офисом а также сотрудниками. В частности хочу отметить высокий профессионализм персонального менеджера Виктории. В кратчайшие сроки консультирует по возникшим вопросам. 
Из минусов отмечу только отсутствие парковочных мест.",5,"Спасибо, что поделились своими впечатлениями. Мы очень ценим обратную связь 💛"
6,Оксана,,2024-02-28 17:25:16,"Ужасное обслуживание, как не зайдёшь всегда очереди. Специально отключают терминал, якобы только живая очередь, но люди не дожидаются, разворачиваются и уходят. Сотрудница меня обманула, сказала одно, по факту другое. Потом вообще передали мои данные в какое-то ООО. В итоге разблокировал кто-то мою заблокированную карту и пользовались ей, отключив уведомления. Не рекомендую обращаться именно в этот офис!!! В другом обслуживание было намного лучше!",1,"Мы хотим разобраться в ситуации, которая стала причиной вашей низкой оценки. Для этого просим направить на наш адрес SMedia@vtb.ru ваши ФИО и дату рождения. В теме письма необходимо указать «Яндекс, Москва, улица Воздвиженка, 9, 28.02.24». Обязательно изучим информацию и примем меры 👌"
7,Завсегдатай,,2024-02-27 06:21:53,"Работает один сотрудник, остальные - болтают между собой или прохаживаются по залу. Пока сидел ждал стал невольным свидетелем как единственный работающий сотрудник каждому из присаживающихся к нему клиентов рассказывал как у них в программе то это, то то не работает и она не знает как это объяснять недовольным. В итоге куча времени впустую и длительное ожидание. Моя простейшая операция по закрытию счетов растянулась на два этапа: сегодня мы закроем карты, а через десять дней придете и закроем уже счета. На мое недоумение последовала фраза: ну это же очевидно. Для кого очевидно? Для банка втб? Удивительно!",1,"Спасибо, что поделились с нами. Обязательно проработаем с сотрудниками вопрос соблюдения стандартов клиентского обслуживания.

Обращаем внимание, что закрытие счетов производится только по заявлению в офисе Банка, которое подается отдельно, спустя 10 дней после оформления заявления на закрытие карт.

Примите извинения за возможные неудобства!"
8,Олег Булла,,2024-03-28 15:45:58,"Выражаю благодарность директору офиса ВТБ на Воздвиженке,9 Остаховой Алёне Игоревне, а также сотрудникам Белоус Виктории и Фадеевой Наталье за внимательное отношении и высокий профессионализм",5,"Спасибо за отзыв. Мы любим и ценим наших клиентов, поэтому стремимся предоставлять им высококачественное обслуживание. Рады, что вы оценили это 😊 Отдельно благодарим вас за то, что отметили работу конкретных сотрудников."
9,Виктория Ш.,https://avatars.mds.yandex.net/get-yapic/21493/enc-bbfe65c573bc1b04a401646acd453ff9b63ccc489e8a6ba55257f36f231a37b5/islands-68,2023-12-30 13:44:48,"Прекрасное отделение ВТБ. Быстрое и чуткое обслуживание, оказана помощь по всем волнующим вопросам без насаждения лишних опций. Особо хочется отметить приветливость персонала!",5,"Спасибо, что нашли время оставить отзыв. Приятно видеть, что помощь нашего сотрудника вызвала у вас исключительно положительные эмоции 👍"
10,Svetlana Wagner,https://avatars.mds.yandex.net/get-yapic/44850/3TfwMhfLtjQOSKdm5GjekWgWYQ-1/islands-68,2023-11-12 05:14:41,"Всего два банкомата , но денег достаточно всегда! Здание на Воздвиженке красивое и старинное , мне очень нравится.",4,"Спасибо, нам очень приятно получать обратную связь 👌"
11,Филипп Тимошенко,,2023-12-14 08:10:24,"Быстро обслужили и помогли, качественно проконсультировали по инвестиционным продуктам, никогда бы не подумал, что есть возможность зарабатывать в два раза больше чем по вкладу",5,Спасибо за отзыв! Будем продолжать в том же духе 💪
12,Инкогнито 8016,,2023-11-15 15:58:07,"Отличное отделение, приятно находиться, вежливое отношение, всегда быстро и профессионально",5,"Довольные клиенты - наша лучшая награда. Благодарим за то, что так высоко оценили нашу работу 💛"
13,Павел,https://avatars.mds.yandex.net/get-yapic/30955/FmUaL3zXpW32wzFcKHirpH1Vso-1/islands-68,2023-11-30 13:54:00,"Не плохой филиал ВТБ . Профессиональный персонал, быстрое обслуживание, но мало банкоматов, всего два , иногда приходится ждать очереди , Но в основном нормально.",4,"Спасибо за положительный отзыв! Поверьте, мы это очень ценим 💛
Замечание приняли во внимание."
14,Алексей К.,,2023-11-04 19:27:21,"Оформлял в самом начале сентября кредитную карту возможностей (200 дней). После списания 1 октября и 1 ноября сумм пошел выяснять в банк что это за суммы списываются. Оказалось, что при оформлении карты мне подключили страхование. Ставлю банку за такие вещи КОЛ!",1,"Благодарим за обратную связь. Ваши замечания незамедлительно направим ответственным руководителям с целью улучшения клиентского сервиса и реализации мер, которые обязательно будут направлены на повышение качества предоставляемых услуг.

Важно также отметить, что сотрудники всегда стараются предложить наилучшие решения, которые соответствуют требованиям клиента. При этом любые договоры с Банком могут быть заключены только с его добровольного согласия. Это не может пройти незаметно, так как оформляется соответствующими документами и заверяется вашей электронной или собственноручной подписью.

Приносим извинения за возможные неудобства."
15,Darya,https://avatars.mds.yandex.net/get-yapic/28053/vIWlBMDcLgRLMmAcSn9i3rBNEo-1/islands-68,2024-03-28 15:52:37,"Ужасное обслуживание. Отправили меня в кассу с моим талончиком, там женщина полулежа в телефоне сидит. Мой вопрос оказался не к ней, сказала идти к операционисту, а кто это, где его искать не сказала, номер моего талона никуда не перенаправили. В итоге я ушла.",1,"Спасибо, что поделились с нами. Обязательно проработаем с сотрудниками вопрос соблюдения стандартов клиентского обслуживания. Примите извинения за неудобства!"
16,никита лобов,,2023-12-06 09:11:40,"Оформил кредитку на Воздвиженке, 9. Сотрудник банка не сказал о страховке и о необходимости отдельной регистрации в Мультибонус (бонусы долго не начислялись), не пришёл пароль к мультибонус.",2,"Благодарим вас за отзыв. Поверьте, мы стремимся к тому, чтобы быть лучше. Обязательно проведем работу в целях повышения качества обслуживания.

После регистрации в программе в течение 3-х календарных дней вам поступит смс-сообщение с временным паролем для входа в личный кабинет (временный пароль – бессрочный).

Если этого не произошло, просим направить на наш адрес SMedia@vtb.ru ваши ФИО и дату рождения. В теме письма необходимо указать «Яндекс, Москва, улица Воздвиженка, 9, 06.12.23»."
17,Polina Perekhoda,https://avatars.mds.yandex.net/get-yapic/21493/enc-a8fe03af8f11da6694762debbcccbf46b63ccc489e8a6ba55257f36f231a37b5/islands-68,2024-02-24 11:57:42,"Посещала в январе 2024 г.

Менеджеры по обслуживанию карт и счетов профессионалы своего дела.

А вот в отделе ""Привилегия"" менеджер не знала ничего. Перенаправила на многоканальный телефон, что затянуло решение вопроса.",3,"Спасибо, что отметили наши плюсы и за обратную связь, которая помогает понять наши проблемы и принять меры для улучшения качества обслуживания. Простите за возможные неудобства."
18,Golden E.,,2024-03-01 08:01:25,"Пришёл снять наличные в кассе банка, мало того меня футболили от одного окна к другому, да так еще ничего ни у кого не работает. Час потратил для того чтобы снять наличку с карты. Мрак и ужас.",1,"Сожалеем, что для решения вопроса вам пришлось потратить свое личное время на длительное ожидание. Мы обязательно примем меры для сокращения времени ожидания. Приносим свои извинения!"
19,Юрий,https://avatars.mds.yandex.net/get-yapic/28053/olbHIufcXz1bU18v7GgU1GMCTY8-1/islands-68,2023-12-28 12:22:56,"Я обратился в этот банк дважды: первый раз в общий отдел, а во второй раз в VIP одел - оба одела обслужили меня на высоком профессиональном уровне.",5,Спасибо за приятный отзыв. Довольные клиенты - наша лучшая награда 👍
20,Наталья,,2023-12-12 09:42:23,"Отличное отделение, компетентные сотрудники. Очередей практически нет. Решила все свои вопросы без проблем.",5,"Спасибо за положительный отзыв! Поверьте, мы это очень ценим 💛"
21,Андрей Титов,https://avatars.mds.yandex.net/get-yapic/50595/yA3F2u5LdLI11PbaheDtMW3N1Q0-1/islands-68,2024-01-11 13:29:20,"Девчонки обслуживают очень грамотно и оперативно.
Все быстро и по делу.",5,"Рады стараться! Спасибо, что вы это оценили 😊"
22,Елена Ульянина,,2024-03-05 11:28:58,"Быстрое и качественное обслуживание. Вежливые сотрудники особенно Екатерина, не помню фамилию.",5,Спасибо за высокую оценку нашей работы!
23,Дмитрий Михайлович Ильвовский,https://avatars.mds.yandex.net/get-yapic/24700/enc-614fd72553c2c570a9836a9c5433761d/islands-68,2022-03-05 03:07:31,"Огромным плюсом является хорошо организованная и слаженная работа профессиональной команды всего офиса. Есть отдельная часть офиса для привелегированных клиентов. Даже 4 марта на апогее неразберихи и информационной войны, банк продолжает как принимать вклады, так и выдавать заранее заказанную наличность и даже в валюте. Конечно, хотелось бы чтобы офисы втб были такими же! Сразу предупреждаю, что фотография, сделанная мною на 4 марта, и не является статичной...",5,
24,Фахрад Абдулаев,https://avatars.mds.yandex.net/get-yapic/64336/OM7RYlyqoHaaK7EgfbIsrpi1U-1/islands-68,2024-03-04 20:28:55,Очень вежливая девочка за 3им столом.Звать ее помоему Татьяна.Худенькая красивая.,5,"Спасибо за положительный отзыв, нам очень приятно 👍"
25,Olivka🍁,https://avatars.mds.yandex.net/get-yapic/64336/fblriywpMv1aTGu6MBsGiPsDNQ-1/islands-68,2023-05-01 19:22:24,"Очень комфортный филиал банка ВТБ. Без очередей, прекрасный положительный персонал, отличные консультанты! 
Современное помещение, удобная локация",5,"Рады, что вам понравилось. Ждем вас снова 😃"
26,Андрей,,2023-12-19 10:51:35,"Отличные специалисты, хороший офис, обращусь еще раз, спасибо!",5,"Спасибо, что поделились своими впечатлениями. Мы очень ценим обратную связь 💛"
27,Андрей,,2023-11-12 14:09:20,"Чистенький, мальнький офис. Обращался несколько раз.Главное сотрудники грамотные и консультируют ( с нормальным человеческим лицом). Некоторым специалистам в других банках нужно и них брать пример. Просто приехать и послушать как девочки общаются",5,"Спасибо, что доверяете нам! Постараемся и дальше соответствовать вашей пятёрке 💪"
28,Vladimir SOKOLOV,https://avatars.mds.yandex.net/get-yapic/68143/enc-584f2a9dcf317e3ea35c5e86f5a9950e/islands-68,2022-12-18 18:05:06,"Удобный достаточно просторный офис. Есть 4 банкомата. Электронная очередь с сопровождением ассистента, зоной вип-обслуживания, кассы. Лучше избегать приходить в часы пик. Менеджеры вежливы, корректны, работают довольно четко.",4,Спасибо за теплые слова. Довольные клиенты - наша лучшая награда.
29,Константин К.,,2023-12-12 11:47:46,"Сотрудники всегда решают вопросы до конца, была сложная ситуация, только в этом офисе мне помогли",5,Спасибо за отзыв. Всегда рады вам помочь 💪
30,Елена Кочетова,,2024-02-10 14:38:44,"Профессиональное отношение, быстрое обслуживание, внимание к деталям",5,"Так приятно, что вы высоко оценили нашу работу! Это очень важно для нас. Постараемся и дальше соответствовать вашей пятёрке 👌"
31,Александр Клипов,,2022-09-16 12:19:24,"Был сегодня в отделении, где то 9:30-10:00.. взял талон, пошел в свое окошко по брокерскому/инвестиционному вопросу. Объяснил девушке ситуацию, что мой иис перенесен в Альфа банк, что мне нужны документы для налоговой, для получения вычета.. на что она спрашивает, мол а вычет на покупку квартиры? Я удивился, смотрю талон тот, окошко верное, да и отделение с брокерским обслуживанием.. объяснил ей что такое иис, она сказала что таким не занимаемся, это вот туда, направила меня в прайват , ну думаю, ладно, там то наверное любой вопрос решить могут, иду в соседнее помещение, повторяю сотрудникам что мне нужно, они в недоумении.. Объясняю им что такое иис, что там вычет можно получать, какие у меня есть документы, какие мне нужны от них.. сотрудник спросила, мол по какому номера телефона я звонил в банк, что меня аж к ним направили! Прямо спорила со мной, что такого быть не могло, что они справку мне предоставить не могут, а получить что выписку, что информацию я могу только в личном кабинете)) пришлось звонить по громкой связи и доказывать что звонил я тоже по номеру брокерского обслуживания, тогда сотрудник решила таки начать вдаваться в курс дела! Начала кому то звонить, что то спрашивать.. Мне требовалось ""платёжное поручение на пополнение иис"", для 2 сотрудников данного отделения это что то непосильное! Все через личный кабинет, говорили они) 
Просьба проверить данных сотрудников на компетеность работать не то что в центре Москвы, а вообще в банке, особенно прайват , когда мне доказывают, якобы я звонил не туда, мне сказали не то, да и я вам не помогу! 
Спасибо за внимание!",1,"Александр, согласны с вами, что при обращении в Банк клиент ожидает профессиональную консультацию по имеющимся вопросам. Обратная связь помогает нам понять, над чем нам необходимо работать. Обратим внимание руководителя на компетенцию сотрудников. Примите наши извинения."
32,Жека,https://avatars.mds.yandex.net/get-yapic/69015/vXhKdbXHeMYaUCdPgsMsliWoMac-1/islands-68,2023-08-11 20:29:08,"Девочки просто умнички, в бизнес отделе и физ отделе, оперативно разобрались с моей проблемой, с полу слова все поняли, не ожидал, спасибо 👍",5,"Рады, что вам понравилось. Ждем вас снова 😃"
33,Владимир Б.,,2023-03-14 12:58:38,"Наконец то смог решить свои проблему со сменой номера в ВТБ инвестициях, которую не мог решить почти полгода. Это было четвёртое отделение, в котором, наконец то, все получилось. Отдельное спасибо Любови, которая держала вопрос на контроле.",5,"Владимир, огромное спасибо за приятный отклик! Рады, что смогли помочь в решении вопроса 😉"
34,KlenOfSky,https://avatars.mds.yandex.net/get-yapic/64336/PudTU0Eujor12tZIQ2xK261Lc-1/islands-68,2023-03-30 10:17:46,"Банкоматы 5 000 купюры старого образца не принимают.
Послали в кассу ВТБ.
В кассе карта не читается, послали к операционистам.
Итог:
Надо было просто положить на карточку денег, подарил ВТБ пол часа своего времени.
По чувствам:
Раздражение, отчаяние, разочарование.",1,"Благодарим вас за отзыв. Обратная связь нам помогает понять наши проблемы и принять меры для улучшения сервиса и качества обслуживания. Примите, пожалуйста, наши извинения за неудобства."
35,Сергей Симонов,https://avatars.mds.yandex.net/get-yapic/24700/enc-1e9fee5f34808ff84945b6209bef3ee93e217cfb7d870da87ce7abc9b77e2cf7/islands-68,2023-12-04 11:25:38,Все на высшем уровне. Даже есть vip - зона.,5,"Спасибо, что поделились своими впечатлениями. Мы очень ценим обратную связь 💛"
36,meelena-mulina,https://avatars.mds.yandex.net/get-yapic/38135/LJyvpBMBPj7m7ldneSas6ztuuG8-1/islands-68,2023-02-11 12:20:11,"Отличное отделение, замечательный персонал. Очень благодарна им за помощь. Нужно было оплатить обучение за границей, были проблемы с оформлением, возникли трудности, помогли, спасибо им огромное.",5,"Огромное спасибо за приятный отклик 💛 Рады, что смогли помочь в решение вопроса 😉"
37,Михаил Исаков,https://avatars.mds.yandex.net/get-yapic/43978/qSdQrNQ9hizBMwjelENuxtHikU-1/islands-68,2023-09-20 12:53:15,Просторный офис. Вежливые сотрудницы. Остался доволен посещением.,5,"Благодарим вас за отзыв. Очень приятно, что обслуживание в нашем офисе оставило у вас положительные впечатления. Ждем вас снова 😃"
38,Еленa Фролoвa,https://avatars.mds.yandex.net/get-yapic/30431/enc-d28b2932233f83aa07286e7ade22d4daee0aaf0f2ad2c5a27dba02439527d0e1/islands-68,2024-01-21 12:21:53,Очень хорошие сотрудники работают в этом отделении,5,Благодарим за высокую оценку нашей работы 💛
39,Олег О.,,2023-01-24 10:21:46,"Обратился в отделение банка для восстановления sim карты ВТБ получил отказ сказали что не работает программное обеспечение, переходят на Российское поэтому могут быть проблемы при выдаче сим карт.",3,"Поверьте, мы всегда стремимся быть лучше. Мы обязательно обсудим с руководителем офиса все детали, описанные в отзыве, и учтем ваши замечания. Примите, пожалуйста, наши извинения."
40,Алексей Бехтин,https://avatars.mds.yandex.net/get-yapic/37154/7D3CEVUj6rOx6j0InYcckcgTo-1/islands-68,2022-12-23 17:55:40,"Удобное расположение, всегда мало народа. Довольно быстро и вежливо обслуживают.",5,"Благодарим за положительный отзыв, нам очень приятно 👍"
41,Илья Жданов,,2023-10-17 11:36:33,Отличное отделение банка с очень приятными сотрудниками,5,"Спасибо за отзыв, нам особенно приятно получать положительную обратную связь 😊 Надеемся на дальнейшее плодотворное сотрудничество!"
42,Влад Владимиров,,2023-02-14 12:44:50,"Обслуживание - жуть! Какое медленное!!!
15 минут я сидела в очереди и не могла просто получить карту! В других банках это занимает МАКСИМУМ 5 минут.",2,"Примите наши извинения за длительное ожидание. Нас такое ожидание не красит. Мы организуем встречу с руководителем и вместе разработаем комплекс мер, которые позволят решить данный вопрос."
43,Biria,https://avatars.mds.yandex.net/get-yapic/45131/z648db90WXPyKtcMWo1U1McOvlo-1/islands-68,2022-05-16 14:05:05,"С назначением нового руководства (непонятно вообще, как такие люди попадают на такие посты, хотя, конечно, понятно...) отделение превратилось в Почту России времён СССР - долгое обслуживание, полная некомпетентность по любому вопросу, если и не явное хамство, то полное безразличие к клиенту, в т.ч. привилегированному. Раньше отделение было одним из лучших, теперь просто противно заходить.",1,
44,Валентина С.,,2023-04-19 17:44:06,"Самое ближайшее к работе отделение. Очередей не бывает практически никогда, но и компетенция, бывает, хромает.",4,"Валентина, поверьте, мы очень серьезно относимся к качеству обслуживания и будем продолжать работать над его улучшением. Благодарим вас за обратную связь 🙏"
45,Вадим М.,https://avatars.mds.yandex.net/get-yapic/63032/enc-eacbcfe4c7ae0f063e0bd556569efae8657f571aa6d8b3f48b9f2b8f5ea78ec9/islands-68,2023-01-15 13:30:58,"Удобно расположенное отделение банка, рядом с метро, внутри есть 3 миниофиса.",5,"Рады, что Вам понравилось. Ждем Вас снова 😃"
46,Чынгызкан Э.,https://avatars.mds.yandex.net/get-yapic/45131/m99codqVKFJgDK3LAUw1TeyHcgE-1/islands-68,2024-03-22 09:28:53,"Сотрудники нет , очередь большой.",1,"Мы постоянно работаем над сокращением времени ожидания. К сожалению, клиенты могут столкнуться с очередью. Возьмем этот вопрос на контроль. Примите наши извинения за неудобства!"
47,Александр Зайцев,,2022-12-01 15:55:06,"Обслуживание, отношение к клиентам, персонал, нет очередей, чисто и уютно",5,"Очень приятно получить такую высокую оценку, спасибо 😊"
48,Саша K.,,2023-07-09 18:06:03,"Обычное отделение, хорошее обслуживаю в привилегии, но минус у банкоматов: принимают только новые купюры, а старые выбрасывает обратно! Причем об этом предупреждают, но неохотно стоять и передать деньги! Поменяйте банкоматы на нормальные!!!",4,"Спасибо, что отметили наши плюсы, нам приятно 😃
Ваши замечания по работе банкоматов направили в профильный отдел. Простите за возможные неудобства."
49,Ирина Кудряшова,https://avatars.mds.yandex.net/get-yapic/21377/enc-efb32ff792dde651cba003bc72f0120498eee9008467e0d4eb455d6405be2647/islands-68,2021-12-11 12:16:50,"Удобное расположение, приятный персонал, людей принимают очень спокойно и обходительно. Когда долго ждали даже чай, кофе предлагали. Нормальный банк.",5,Спасибо за такие приятные слова. Всегда Вам рады помочь 💪
50,Ярослав Экенберг,https://avatars.mds.yandex.net/get-yapic/51169/SMF6M0PzWsMrQRyraePQla6ZTxQ-1/islands-68,2022-11-09 08:44:52,"Хорошее отделение, как и все остальные у банка. Чисто, приятно, спокойно.",5,"Благодарим. Нам очень важно, чтобы каждый клиент оставался доволен 😃"
51,Павел Паламарчук,https://avatars.mds.yandex.net/get-yapic/58107/hZw8okStl1T5XxtOr8fyiuySKU-1/islands-68,2022-05-11 12:29:01,"пустое отделеление, никакого народа, а обслужить может по вопросу открытия эскроу счетов один сотрудник, который берет и уходит обслуживать вип-клиента. 

после 20 минут ожидания пересаживают к другому сотруднику, который оказывается все таки мог сделать то что нужно.",2,"Спасибо, что поделились с нами вашим опытом обслуживания. Мы обязательно учтем ваши замечания и проработаем их с сотрудниками офиса, чтобы в дальнейшем у вас не возникало сомнений в правильности выбора нашего Банка."
52,Артем Цимбалистов,https://avatars.mds.yandex.net/get-yapic/45566/T06vQvpYgQRWr5Z6QioOKkemhEI-1/islands-68,2022-11-26 18:42:42,"Быстрое обслуживание. Чуткое отношение к клиентам. Внимательный и вежливый персонал. Удобное расположение, возле работы)",5,"Благодарим. Нам очень важно, чтобы каждый клиент оставался доволен 😃"
53,медведь медведев,https://avatars.mds.yandex.net/get-yapic/63256/AqXN98hWDds7zJOQbOyRUnq5W0A-1/islands-68,2022-12-19 19:49:13,Оооо зер гуд. Быстро оформился. Справочку получил сразу же. И конечно же 5 Джи бонус при установке в банке приложений,5,"Рады видеть, что Вы оценили нас на 5 ⭐"
54,Andrey Kashirin,https://avatars.mds.yandex.net/get-yapic/51169/HB0TmDsMEmhOXonFYhkqizUggY-1/islands-68,2023-01-03 17:11:58,Хорошее отделение. Обслуживался здесь около пяти лет. Все на уровне корпоративной и современной этики. Впечатление положительное. Ожидания оправдывали.,4,"Благодарим. Нам очень важно, чтобы каждый клиент оставался доволен 😃"
55,Мехрибан Изотова,https://avatars.mds.yandex.net/get-yapic/50595/58kOvqvg3Ri4Yze39yc6W4DiXQ-1/islands-68,2023-12-27 06:12:02,Навязывание доп.услуг,1,"Будем благодарны, если расскажете подробнее, что стало причиной такой низкой оценки. Обратная связь помогает понять наши проблемы и принять меры для улучшения сервиса и качества обслуживания 👌"
56,Alexey Tochenov,https://avatars.mds.yandex.net/get-yapic/69015/qBvPtBXlVaIES5zyK95s7AEnww-1/islands-68,2021-12-09 11:24:07,"Ужас! По огромному залу неспешно прохаживаются служащие банка с равнодушием взирающие на очередь из тоскующих клиентов. Некоторые служащие сидят за рабочими местами, но в гордом одиночестве, в смысле без клиентов, но с очень занятым видом, что делают - загадка. Если хотите поскучать часок-другой в очереди к не блещащему (в большинстве своем) умственными способностями персоналу - Вам сюда.",1,
57,Сергей Литвиненко,https://avatars.mds.yandex.net/get-yapic/65952/VkpMaBsR0G004fkksLMvOGZyEj0-1/islands-68,2021-11-07 12:11:17,"Очень вежливый и отзывчивый персонал. Всегда всё вопросы решали в течение нескольких минут. Каждый раз предлагают кофе или чай, пока ожидаешь очереди.",5,
58,лилия лилия,,2022-05-26 13:31:34,"Внимательное отношение к клиентам! Чисто, светло, уютно и немноголюдно!",5,"Благодарим за положительный отзыв, нам очень приятно 👍"
59,Елена К,,2023-10-16 06:52:04,Удобно заскочить в дождь...,5,Спасибо за отзыв и высокую оценку.
60,Альбина Гурова,,2022-12-08 17:13:58,"Быстрое обслуживание, доброжелательные девушки. По моему вопросу провела в банке не более 15 минут.",5,Спасибо за такие приятные слова. Всегда вам рады помочь 💪
61,Ирина Петрушка,,2024-01-16 12:02:57,Нормальный бане,5,"Рады видеть, что вы оценили нас на 5 ⭐"
62,Владислав Шумов,https://avatars.mds.yandex.net/get-yapic/51169/eiqJN0Oho2DhTm8XyPhQPNuS8-1/islands-68,2023-11-24 05:54:18,Отличный офис,5,Благодарим за высокую оценку!
63,Татьяна К,https://avatars.mds.yandex.net/get-yapic/30955/ACOZoUlrNGlmtxTmZaryNQkB4A-1/islands-68,2022-02-04 12:12:36,"Хотела только узнать процент по кредиту, на минутку.... застряла на 2 часа. Мне показалось , что они не только свои услуги предлагали , но и соседнего банка тоже... настолько этих услуг много... а мне то надо было только узнать процент(((( много времени потеряла(((",4,
64,Сергей,https://avatars.mds.yandex.net/get-yapic/38135/MjnaNRqaGeGHOvOhjKXtsoRRwtA-1/islands-68,2022-11-24 08:14:01,"В этом отделении столкнулся с низкой квалификацией сотрудников, нежеланием помочь клиенту. Оставил предметную письменную жалобу. В ответ получил шаблонную отписку. Общей уровень сервиса и клиентоориентированности банка крайне низкий.",2,"Благодарим вас за отзыв. Нам очень важно знать ваше мнение. Мы стремимся к тому, чтобы быть лучше. Проведем работу в целях улучшения качества обслуживания."
65,Василенко Валерий,https://avatars.mds.yandex.net/get-yapic/36777/IRrIzQrla5nfZSHiT2eEt8YI-1/islands-68,2023-06-26 12:27:16,"Все здорово, быстро и по делу",5,"Рады, что вам понравилось. Ждем вас снова 😃"
66,ВАСИЛИЙ,,2022-08-09 06:52:34,"Быстрое обслуживание, много операторов с хорошей подготовкой.",5,"Василий, мы рады, что вы остались довольны. Всегда вам рады."
67,Татьяна Ловчикова,,2022-02-15 15:36:23,"Тихое спокойное место. Народу немного. Профессиональные менеджеры. Жаль, что меняются для вип клиентов.",5,
68,Лилия Набиуллина,,2023-04-03 14:30:57,"Обслуживание ужасное. Не зря как не зайдёшь клиентов там нет. Несколько раз заходила в разное время, и постоянно сталкивалась с неприветливым персоналом. Не советую этот филиал",1,"Огорчены, что вы оцениваете опыт работы с нашим Банком как отрицательный. Мы не оставим без внимания ваши замечания и продолжим работу в целях улучшения сервиса и качества обслуживания."
69,Игорь Иванов,,2021-12-31 02:00:54,"Персонал Банка не компетентен, вопросы решить не могут. 
30 декабря время 17 часов на ресепшене никого, терминала по выдаче талонов не работает.
Из 5 окон работает только 2.
В результате зашел на 15 минут, провел целый час в отделении. 
По горячей линии предлагают решать вопрос в отделении банка.
В отделении банка крайне не компетентная девушка мне попалась. К сожалению фамилию не могу написать, т.к в справке выписке она не указала свою фамилию.
Банк автоматически списывает средства с зарплаты по Исполнительному листу, даже не вникая, что и сколько списали. Свои ошибки признавать нее желают. ссылаются на закон, а сами не могут объяснить действие закона, в результате поступают так как считают сами.
Категорически не советую пользоваться услугами данного банка",1,
70,Екатерина Соловьева,https://avatars.mds.yandex.net/get-yapic/54535/PqdJvfnKi8wj1ldpfZ3u5RG18Ds-1/islands-68,2023-09-20 23:08:31,"Оболванили, одобрили, но не то что надо",1,"Хотели бы разобраться в ситуации, с которой вы столкнулись в офисе. Расскажите, пожалуйста, подробнее. Обязательно изучим информацию и примем меры 👌"
71,Марина Р.,,2022-01-16 15:57:38,"Вежливый, доброжелательный и знающий персонал. С готовностью подключаются к решению вопросов. Спасибо.",5,"Так приятно, что вы по достоинству оценили нашу работу! Это очень ценно для нас. Постараемся и дальше соответствовать вашей пятерке))"
72,Игорь Бизин,,2022-08-06 14:39:44,"Удобно, быстро, комфортно, хорошие специалисты",5,Спасибо за отзыв! Будем продолжать в том же духе 💪
73,Галина,https://avatars.mds.yandex.net/get-yapic/56823/26A1iDVimcaVoa17rVX1fqzcs-1/islands-68,2021-05-19 11:51:20,"Грамотные специалисты, объясняют толково,без суеты и нажима.Надежный банк.Пользуюсь услугами этого банка более 10 лет.Процветания и надёжности банку!!!!",5,
74,Ната Ативаз,https://avatars.mds.yandex.net/get-yapic/30061/TzMYIJ77CwqAglZJUObjmfihdZE-1/islands-68,2022-01-19 13:22:42,"Удобно расположен, людей мало. Банкоматы при входе работают даже когда банк закрыт. Обслуживание хорошее.",5,"Рады, что Вам понравилось. Ждем Вас снова 😃"
75,Андрей Ваванович,,2023-02-11 12:00:57,Хорошо работают весть спектр услуг на машине подъехать невозможно,5,Благодарим вас за отзыв. Обратная связь нам помогает понять наши проблемы и принять меры для улучшения сервиса и обслуживания.
76,Наталья Коломина,https://avatars.mds.yandex.net/get-yapic/29310/f3zvEgKXMl1QMWcdXVEYsfioKE-1/islands-68,2021-03-24 11:07:39,"Замечательный филиал, не то что у нас на Севере, хочу отметить сотрудницу этого филиала Викторию Николаевну к сожалению не запомнила фамилию.... Человек добрейшей души, внимательна, аккуратна помогла во всех вопросах.. По больше бы таких людей",5,
77,Тоня М.,https://avatars.mds.yandex.net/get-yapic/50071/06me0IV2FWGsB0R2TFKcLZwwOVU-1/islands-68,2021-10-06 11:54:37,"Обращалась с активацией карты москвенок, не смогли активировать, мало того, они продержали больше 30 минут, говорили сейчас все будет, в итоге ничего не сделали. Потеряла время, больше не вернусь в этот офис.",1,
78,Игорь Кадоманов,,2022-05-15 17:25:46,Обслуживание на высшем уровне. Приятно было получить информацию и сервис.,5,Спасибо вам большое за доверие 🤗 Приходите к нам почаще!
79,Татьяна,,2022-06-16 05:15:48,"Близко к метро , народу немного , как во всех банках надо брать талон , банкоматы есть",5,
80,Сергей Оглоблин,https://avatars.mds.yandex.net/get-yapic/30061/DD9MkrpKkjmWNljEqiNohrHw9tE-1/islands-68,2021-10-24 06:36:12,Хороший удобный банк рядом с метро Арбатская ...хороший вежливый персонал,5,
81,Анонимный отзыв,,2021-09-10 20:37:19,"Небольшой уютный офис, главное преимущество - рядом с работой, все отлично",4,
82,Евгений Скоробогатов,,2023-04-25 14:58:23,Удобно.Быстро.Вежливо.Профессионально!,5,"Евгений, спасибо за теплые слова. Довольные клиенты - наша лучшая награда."
83,Алексей Суворов,https://avatars.mds.yandex.net/get-yapic/44850/E1i0Nq2VabklGnUExQnk6xbiyjE-1/islands-68,2020-11-17 06:13:03,"реконструкция особняка... переделаны внутренние помещения. Много переговорных комнат, квалифицированные сотрудники отдела привилегия! Решат даже сложные вопросы",5,
84,Моисей Аронов,,2022-12-25 16:25:54,"Удобный филиал, быстрое обслуживание",5,Спасибо за отзыв! Будем продолжать в том же духе 💪
85,Александр Мошнинов,https://avatars.mds.yandex.net/get-yapic/26057/qmwA4sAt0MeWn603SmY6Ft2k1lw-1568613882/islands-68,2023-12-04 20:10:19,Норм,5,"Рады видеть, что вы оценили нас на 5 ⭐"
86,Дмитрий Мисорин,,2022-08-07 17:56:10,Отличное отделение открывают все быстро,5,"Благодарим. Нам очень важно, чтобы каждый клиент оставался доволен 😃"
87,Екатерина .,https://avatars.mds.yandex.net/get-yapic/62162/enc-af7ed73313ea4ef0b3710d57fa7866a8f24874f4dc922b4eb50b455107676f1a/islands-68,2020-12-14 13:00:22,"По вечерам большие очереди даже в зоне привилегии. Много круглосуточных банкоматов ВТБ. Сотрудники приятные, стараются помочь.",4,
88,Валерий Ф.,https://avatars.mds.yandex.net/get-yapic/26311/knMqda35SS3Wq3OSsuULYIj4n8-1/islands-68,2019-12-26 17:53:35,"Удобно. Сотрудницы молоды, симпатичны, дружелюбны и при этом высокопрофессиональны. Терпеливо оказывают помощь. Чувствуется хорошая работа банка с кадрами. Но не все зависит от них в делах банка. Место хорошее, а банк - другое дело.",5,
89,Александр И.,,2021-09-28 16:15:19,"Очень вежливые сотрудники, все как нужно сделали. Хотя ИТ-система у ВТБ слабенькая, то адрес неправильный подтягивает, то реквизиты",5,
90,Бро,,2022-09-10 06:10:21,Оператор обманным путем изменила в базе мои данные. Увидел через неделю.,2,"Хотим разобраться в ситуации. Для этого просим направить на наш адрес SMedia@vtb.ru ваши ФИО и дату рождения, а также подробное описание ситуации, с которой вы столкнулись. В теме письма необходимо указать «Яндекс, Москва, улица Воздвиженка, 9, 10.09.22»."
91,Елена Я,,2022-04-27 09:21:46,Обслуживание быстрое и качественное. Это радует,5,
92,Даша Р.,https://avatars.mds.yandex.net/get-yapic/30955/dn7zlqExAcNeN7C5mvOoAVqGHF8-1/islands-68,2020-11-10 09:00:42,"Каждый раз когда приходишь сидишь 1-2 часа, причем не важно в очереди 15 человек или 4, просто безумно медленное обслуживание, всегда открыто всего несколько окон. По времени реально выходит быстрее найти другой банк даже если этот ближайший",1,
93,Татьяна Мохова,https://avatars.mds.yandex.net/get-yapic/47747/yM8Ip1vgoKOgDWu2mGDnkvqy18-1/islands-68,2023-05-28 20:31:31,Вежливый персонал,5,"Татьяна, благодарны вам за пятерку и добрые слова о работе наших сотрудников))"
94,V_lamic,,2021-09-09 14:31:12,"Удобное расположение и внимательный, компетентный персонал.",5,
95,Маргарита Иванова,https://avatars.mds.yandex.net/get-yapic/51169/enc-fd3832984b828beef061d52c5ce12e8b1b188f6b1e83e2d6b51664847a695f77/islands-68,2021-12-26 18:48:36,"В целом ВТБ не плох. Офис в целом быстро обслуживает, персонал вежливый.",5,
96,Салават Ярмухаметов,,2020-01-02 18:28:58,"Очень приветливые сотрудники в отличие от в другом отделении ВТБ (было дело, сталкивался). Очередь идет достаточно быстро. Есть брокерское обслуживание. Иногда специально езжу туда и решаю вопросы, которые в маленьких офисах затрудняются и долго обслуживают вообще.",5,
97,Андрей Кими,https://avatars.mds.yandex.net/get-yapic/42215/vVhTBdADz7axtjJkdnbLdXefeg-1/islands-68,2021-05-06 07:51:38,"Классное отделение, часто бывает много военных, однако на обслуживании это не сказывается.",5,
98,Ю М,,2023-04-16 17:48:00,Обаятельные девушки!,4,"Спасибо, нам очень приятно получать обратную связь 💛"
99,Станислав Викулов,https://avatars.mds.yandex.net/get-yapic/63032/DNpJcDzmD1BQHp7xvoWzvrCokl8-1/islands-68,2024-03-16 13:56:00,Лучшее отделение!,5,"Спасибо за положительный отзыв, нам очень приятно 👍"
100,Анна Глизница,,2021-10-19 11:48:16,"Нерасторопные некомпетентные сотрудники, не знают ни закона РФ, ни элементарных правил этикета. Работает 2 окна из 7-8",1,
101,Дмитрий К,https://avatars.mds.yandex.net/get-yapic/21493/enc-6f2bf50bae14f4cf46dd07dea5d5cae998eee9008467e0d4eb455d6405be2647/islands-68,2020-09-17 20:08:51,"За час до закрытия отделения пытался получить консультацию. Стулья стоят в метре от стоек. Двигать не разрешают. Плюс сотрудники за защитными экранами, было еле слышно. Рабочие включили моющие пылесосы и стали ходить по залу. в том числе между стойкой сотрудника и клиентами. не было слышно вообще ничего, рабочие, естественно, видели это, сотрудник не пытался даже как-то решить это, рабочие просто остановили работу зала, общаться было невозможно, выглядело это как намеренное вредительство. До закрытия час. Зачем отделение работает, если невозможно общаться. Просто хамское отношение банка к клиентам. Более такого не видел нигде. Как можно объяснить срыв работы зала двумя уборщиками?",1,
102,Дмитрий,https://avatars.mds.yandex.net/get-yapic/27232/YsHxJMyOO6TU88sqKcRZVvWHM-1/islands-68,2021-08-26 16:53:43,Помещение большое работает один человек из 10 остальные 9 делают вид что работают будете ждать очень долго и упорно.,1,
103,иван,https://avatars.mds.yandex.net/get-yapic/39727/SD7JTYxZS47mW0PisDCH5yOGxDk-1/islands-68,2021-08-26 21:53:32,"Многофункциональный, регламентированно-поставленный на клиента персонал!",5,
104,юлия караванова,,2022-01-26 06:14:10,"Хороший банк. Но,часто большие очереди при обслуживании у операционистов.",4,
105,Клава,,2021-07-01 05:35:09,"Отвратиельные неграмотные сотрудники,, начиная от ""специалистов"" за барьером, заканчивая дирехтором офиса",1,
106,мустафочон наимов,,2023-08-01 12:53:56,Классно,5,"Так приятно, что вы поставили нам высокую оценку 👍 Постараемся и дальше ей соответствовать!"
107,V,https://avatars.mds.yandex.net/get-yapic/21377/enc-8c681d9a86fd2af3b966a37c56ea5c3e98eee9008467e0d4eb455d6405be2647/islands-68,2021-06-10 15:45:57,Очереди! Работает два окна из 10ти возможных. Один клиент по часу сидит. При этом сотрудники позволяют себе уходить с рабочего места на 15минут и где-то ходить. Настолько медленной работы отделения я еще не видела!,1,"Согласимся с Вами, что вопрос длительности ожидания в очереди в настоящее время требует решения и работы в данном направлении. Мы обязательно проведем анализ для выявления причин и примем меры, которые позволят сократить очередь и решить оперативно вопрос клиента."
108,Митин Дмитрий,,2022-12-30 17:46:36,хорошее отделение банка.,5,"Рады, что Вам понравилось. Ждем Вас снова 😃"
109,Валентин Клюжев,https://avatars.mds.yandex.net/get-yapic/51169/OpanGOG9zNLO8lTGpGqLcIPYv4w-1/islands-68,2020-08-17 11:26:41,"Удобное расположение. Вежливые, компетентные сотрудники. Практически не бывает очередей",5,
110,Евгений Марченко,,2022-08-28 07:52:34,Очень классное отделение.,5,Получить высокую оценку от нашего клиента – это наивысшая награда за работу для всего Банка.
111,Федор,,2020-09-18 21:05:09,Получил карту. После первого же зачисления заблокировали счёт без объяснения причин. Говорят обращаться в отделение где получал карту и разблокировать. Вот такое отношение к клиентам :),1,
112,Людмила Б.,,2020-11-03 16:01:04,Нет вы серьезно? Не работает в субботу (ладно воскресенье)!? То есть я чтобы им деньги принести (фигурально) еще и с работы должна отпроситься!? Шедеврально!!!,1,
113,top s.,,2019-05-16 15:48:45,"Очередь огромная, еле движется. За 2 часа прошло всего 4 человека!!! Закрыл мультикарту и подключил пакет ""базовый"", через 2 дня пришло оповещение, что подключён пакет услуг ""золотой""!!! На вопрос, как это получилось, получил ответ "" автоматически "", то есть виноват компьютер. Счёт закрыть можно только через 10 дней после закрытия мультикарты, что очень странно, ибо через этот счёт без моего ведома могут прокатить огромные суммы, то есть сделать его временно транзитным для сомнительных операций. При подключении мультикарты не озвучили условия, при которых идёт списание за обслуживание, в итоге, без оповещения, за 1 год списали деньги трижды!",1,
114,Alexandr P,,2021-06-16 20:35:51,"Грамотные консультанты, но почти всегда к ним очередь. Много банкоматов.",4,Благодарим за положительный отзыв работы сотрудников. Ваши замечания мы не оставим без внимания. Мы обязательно примем меры для сокращения времени ожидания.
115,Наталья,https://avatars.mds.yandex.net/get-yapic/25817/E2ZYTpUBZ2XTWTu6kvJ6VmF1Sc-1569725640/islands-68,2019-04-15 13:27:32,"Не знаю, что случилось с втб.. но столько неудобства он никогда не приносил. Кассиры ошибаются, приходится несколько раз приезжать. Счет закрывают сутки, карты выпущенные не хранятся долго. С досрочным погашением ошибки, по телефону вводят в заблуждение по досрочному погашению, по документам которые нужно взять с собой при отказе от страховки, по кредитной мультикарте начисляют проценты, за что объяснить не могут, да копейки начтсляют, но почему неясно, пробую погасить - ошибки.. 
Все банки делают ошибки, но этот на встречу не идет. Чтобы и отзыв оставила большая редкость... Избегать нужно этот банк и этот офис",1,
116,Роман В.,https://avatars.mds.yandex.net/get-yapic/36777/MAv6EohvgvluUcpA0ANpb9JzBg-1/islands-68,2021-08-20 17:05:02,Нравится банк ВТБ. Доброжелательный персонал. Рекомендую,5,
117,Михаил М,https://avatars.mds.yandex.net/get-yapic/45848/wfCqoDsLYIZZZrCkCQ063xOycoc-1/islands-68,2021-09-22 11:24:31,ВТБ - самый заторможеный и отсталый банк в нашей прекрасной и прогрессивной стране,1,
118,Павел,https://avatars.mds.yandex.net/get-yapic/25817/VJEg98QYpSZvG6pan3Q2yQ2U3k-1/islands-68,2022-01-25 17:45:30,Всё чётко и быстро и вежливо.,5,
119,Ирина П.,,2021-12-20 11:23:01,Что бы провести простейшую операцию проторчала целый час в этом отделении.,1,"Сожалеем, что вынуждены были потратить ваше личное время на ожидание в очереди. Примем меры и исправимся 💪"
120,Дмитрий Чекин,https://avatars.mds.yandex.net/get-yapic/65952/352IbCZbGKjs5ZNYOalZmRPk00-1/islands-68,2022-10-28 11:52:40,Главное - народу никого.,5,"Рады видеть, что Вы оценили нас на 5 ⭐"
121,Любовь Миронова,,2022-02-20 17:38:52,Очередей почти никогда нет. Приветливый персонал,5,
122,Атлас Котиков,https://avatars.mds.yandex.net/get-yapic/26311/pqMvzNxhChHcsr7vE0Ws6mmDmw-1/islands-68,2021-09-11 10:57:44,Маленькое отделение. Единственный плюс - недалеко от метро,3,
123,Наталия,https://avatars.mds.yandex.net/get-yapic/49368/dRGn076lAbjDa6Wz3KahJBZTcg-1/islands-68,2020-03-07 07:43:59,"Очередей больших нет, это большой плюс. Приветливый персонал, быстро и качественно реагируют на вопросы клиентов.",5,
124,Isa M.,https://avatars.mds.yandex.net/get-yapic/62162/X3KqLSoJmTA1oxUEWqS4XBAsi8-1/islands-68,2020-03-18 11:55:53,"Хорошее отделение, новое. Удобно обращаться за оказанием услуг. Персонал приветливый.",5,
125,Леонид Долгунов,https://avatars.mds.yandex.net/get-yapic/42215/owLFtyG92dUupjPgAHXZHmWmadc-1/islands-68,2021-07-31 07:38:42,"Обслуживание понравилось, вежливые сотрудники",5,
126,Алексей Ю. Гридасов,https://avatars.mds.yandex.net/get-yapic/26311/6fCvMCSJ7JM39TLhceFPpEikmY-1/islands-68,2021-10-08 17:23:22,Удобно. Комфортно. Очередей нет. Хоть и в центре Москвы.,5,
127,Dalí,https://avatars.mds.yandex.net/get-yapic/15298/enc-23dd23cdeb4a567c837835d30ecd5e8e98eee9008467e0d4eb455d6405be2647/islands-68,2020-11-13 12:19:07,"Отвратительно! Очереди всегда! Приходится очень долго ждать, сотрудников практически нет. Ждать долго приходится даже в зале Привилегий",1,
128,денис Смирнов,https://avatars.mds.yandex.net/get-yapic/24700/enc-5a17d970e6299e588f78eafd1895d0bf98eee9008467e0d4eb455d6405be2647/islands-68,2022-11-21 16:59:23,"Очень плохое, безразличное к клиенту обслуживание.",2,"Благодарим вас за отзыв. Нам очень важно знать ваше мнение. Мы стремимся к тому, чтобы быть лучше. Проведем работу в целях улучшения качества обслуживания."
129,Kristina R.,,2021-09-10 15:19:42,"Ужасно медленное обслуживание, работают 2 человека на десяти стойках",1,
130,Наташа,https://avatars.mds.yandex.net/get-yapic/29310/cFLuwviTecsLHsRB6MzGKP5yhpY-1/islands-68,2022-09-05 18:12:00,Обычный отдел банка.,5,"Рады видеть, что Вы оценили нас на 5 ⭐"
131,Виктор Пашенных,https://avatars.mds.yandex.net/get-yapic/43473/tLVzCJDVnXe9aWpldmxhSanq0-1569438247/islands-68,2021-07-05 14:47:43,Зарплатным клиентам навязывают страховки и т. д. Вообщем сплошной пессимизм...,1,
132,ли демчук,https://avatars.mds.yandex.net/get-yapic/65952/p0sAXp1qZxeHiC0e4XWJPvoQe8-1/islands-68,2022-11-19 19:57:06,хороший банк,5,"Благодарим за положительный отзыв, нам очень приятно 👍"
133,Леонид Софронов,,2019-02-01 11:02:44,"Пришел получить выписку по счету (социальная карта) на сына, сказали что без свидетельства о рождении (оригинал) не дадут, хотя принес конверт и все прилагаемые документы, когда получали карточку. Принес свидетельство о рождении, теперь им нужна сама социальная карточка, без неё не дадут. А сразу нельзя было огласить весь список необходимых документов?! Кроме того, в этом отделении на меня оформили 3 кредитные карты, хотя я заявления не писал.",1,
134,Марк,https://avatars.mds.yandex.net/get-yapic/43978/4o0wuMMh6bRFLoEZCTwG5rjuz8-1/islands-68,2022-02-11 17:38:57,"Грамотный персонал,помог решить вопросы мои,что не могли сделать в филиале.",5,
135,Анонимный отзыв,,2017-12-14 13:19:05,"Сотрудники банка, равно как и управляющая, ведут некорректную работу, обманывают клиентов. 
В офис обращались 3 раза для подачи заявки на потребительский кредит. При первом и втором обращении (08.11.17 и 11.12.17) была подана заявка на кредит, по которой получено одобрение и со слов сотрудников можно просто прийти и забрать деньги в нужный день. В итоге, пришла забирать деньги 13.12.17 по уже одобренной заявке, оказалось, что предыдущий сотрудник сделал все неправильно и необходимо заново переподавать заявку и все документы. На этот день у меня назначена у нотариуса, где все по времени, сделка. Просидела в офисе вместо обещанных 15 минут 3,5 часа, а оказалось что в добавок и нужной суммы денег нет в кассе, а ее нужно заказывать заранее (приходила 11.12 и сообщала об этом). Сегодня, 14.12 пришла в офис для подачи заявление на отказ от страховки, а оказалось, что продан был абсолютно новый продукт, который введен как 2 недели в работу, по которому нельзя отказаться от страховки. На момент первого и второго обращения читала образец кредитного договора, где ничего сказано об этом не было, на момент подписи нового договора заверили, что все то же самое, просто в нужной для банка форме. Как понимаете, просидев 3,5 часа и опаздывая на сделку, в условиях стресса не было возможности ознакомиться досканально с новым договором. 
Выводи, клиенты данного банка, делайте сами. Обманывают, разбираться не хотят ни в чем и за свои действия и работу не отвечают!!!",1,
136,Sanya Titov,https://avatars.mds.yandex.net/get-yapic/40841/MmlVnLMCP4sOiOVokblL0QhPmBk-1/islands-68,2020-06-04 12:32:04,Очень удобно и хорошо как для сотрудников так и посетителей.,5,
137,Vetal Madey,,2021-05-13 13:49:10,удобное расположение рядом с моим домом. хороший офис,5,
138,Mуладзе-Gerasimov Muladze-Герасимов,https://avatars.mds.yandex.net/get-yapic/15298/enc-ba00bc1a6fc5155a0a325514a770eddab63ccc489e8a6ba55257f36f231a37b5/islands-68,2021-06-05 09:13:39,"Я тут ИП счёт открыл,все удобно и центр",5,Ваш положительный отзыв для нас – лучшая награда 😊
139,Алексей Гуркин,https://avatars.mds.yandex.net/get-yapic/40841/wKQZbAYe8IBjjNTWPu3MFS5lpGk-1/islands-68,2021-09-14 09:10:20,"Всë нормально, банкоматов маловато.",3,
140,Даниил Е.,https://avatars.mds.yandex.net/get-yapic/54535/xt5FOL1QteCb2TyWqa5I8Et8FFo-1/islands-68,2022-07-15 14:27:12,Все отлично),5,
141,Александр Соколов,https://avatars.mds.yandex.net/get-yapic/36689/oW0crWRNcsw3KY8bNCe07GHU7E-1/islands-68,2021-04-26 12:41:23,"Народу не очень много, быстро обслуживают",5,
142,Михаил,,2021-04-08 10:46:09,Хороший офис. Приятные сотрудники. Нравится тут обслуживаться.,5,
143,Пинаев Олег,https://avatars.mds.yandex.net/get-yapic/44850/yYDKznCdnz1lgiJ9bD1yYw8180-1/islands-68,2021-08-25 07:09:46,Все вопросы решаются быстро👍,5,
144,Ольга Рябчевская,https://avatars.mds.yandex.net/get-yapic/15298/enc-7e400630439a060e0daac823e4e001c0/islands-68,2018-12-28 13:19:36,"Отличное отделение. Была вечером, ожидание минимальное, электронная очередь работает, грамотный персонал. Молодцы!",5,
145,Иван,,2022-04-21 16:27:29,Огромные очереди,1,
146,Могилевский Герман,https://avatars.mds.yandex.net/get-yapic/33202/5BqGDr6ZZGoMvgYxH9owxrjmqQw-1/islands-68,2021-12-02 13:21:12,Служба одного работающего окна,1,
147,Алексей Колпаков,https://avatars.mds.yandex.net/get-yapic/49368/K39uXjUqQ1I1YXkqguYxxT2YgM-1574926475/islands-68,2021-05-11 14:58:40,Посещал это отделение. Спокойное и ждать недолго.,4,
148,Михаил П,https://avatars.mds.yandex.net/get-yapic/40841/B6oAQMZiwhva1AvtgQpgPpYuU-1/islands-68,2020-08-28 09:43:21,"Удобное расположение, компетентные сотрудники. Ждать не надо!!!",5,
149,Андрей,https://avatars.mds.yandex.net/get-yapic/48449/y649Fi0aJSwtv5hffxSedXuMhM4-1/islands-68,2022-03-10 16:01:13,"Работают 2 окна, вместо 5. Очереди по 16-20 человек.",1,
150,Dali D.,https://avatars.mds.yandex.net/get-yapic/25358/E0V1kfab9WbAiDKXwJ8VpJIkaY-1/islands-68,2019-11-20 06:23:32,До 10.00 сюда вообще нельзя приходить. Никого нет!! Сидит один сонный сотрудник. Еле дождалась кассира. Встретила с недовольной физиономией,1,
151,Роман Федоров,,2020-03-27 12:20:41,"Вечно большие очереди, не расторопные сотрудники, половина окон не работают, сотрудники курят, болтают, управляющая постоянно болтает по телефону по личным вопросам (просидел 45 минут в очереди из 3 человек).",1,
152,Эдуард,https://avatars.mds.yandex.net/get-yapic/21493/enc-b33103c9783e10bae8d30a9e7810e8b1b63ccc489e8a6ba55257f36f231a37b5/islands-68,2017-09-23 12:16:40,"Офис рядом с метро, что очень удобно. Сотрудники очень внимательные, работают быстро, вникают в суть проблемы и подсказывают лучшие варианты. Был несколько раз, остался полностью доволен. Рекомендую всем.",5,
153,Оксана Толчеева,https://avatars.mds.yandex.net/get-yapic/38663/R9jmByczePMgu1qDoJoxDs508SU-1/islands-68,2021-08-11 14:32:58,Удобное расположение.,5,
154,Ксения Н.,,2019-10-29 14:40:39,"Постоянно очереди,работают медленно-всего 1-2человека, постоянно ждешь очень долго. Ужасный банк,худший из всех втб.",1,
155,Ирина Михайловна,https://avatars.mds.yandex.net/get-yapic/58107/wHlB6bN1RhILb114i9bkYGyTOI-1/islands-68,2020-08-11 15:39:24,Обслуживание на высоком уровне. Большое отделение,5,
156,Николай К.,https://avatars.mds.yandex.net/get-yapic/42215/H78XekSTWp9EMMqTGtZGacEtvo0-1/islands-68,2019-05-29 08:53:21,Хорошее отделение банка. Всегда мало народу и практически не бывает очереди. Постоянный клиент данного банка и офиса.,5,
157,Анна Дмитриева,https://avatars.mds.yandex.net/get-yapic/21493/enc-df909a1f9278736b7970a63265a2b7ea98eee9008467e0d4eb455d6405be2647/islands-68,2019-08-01 14:49:32,Грамотные и вежливые консультанты. Быстрое обслуживание,5,
158,Виталий Сидоренко,,2020-02-08 05:41:30,Хорошо. Советую персонал обучен и приветлив.,5,
159,Головина Виктория,,2021-05-13 08:16:26,Все четко и быстро,5,
160,Александр Тихомиров,https://avatars.mds.yandex.net/get-yapic/31078/SBdGiVyKC9YCTjsZN9n6mkTbE-1/islands-68,2020-07-15 10:15:17,"Удобно расположен, рядом сетро",5,
161,Leonid T.,,2019-10-01 20:38:50,Всегда работает тодько 2 - 3 сотрудника. Иногда в очереди от 30 мин до часа просидеть можно!,3,
162,madwe,https://avatars.mds.yandex.net/get-yapic/27274/es428ndYdFbfbnztBdTLVuQI8-1/islands-68,2019-11-04 01:48:28,Приветливые люди и всегда чисто и свежо,5,
163,Victoria Zaretskaya,https://avatars.mds.yandex.net/get-yapic/31804/txQ9RO9Wnx93oAuI2H1zZEGwjrw-1/islands-68,2021-07-13 05:10:50,Быстрое обслуживание,4,
164,Людмила Добрецова,,2020-02-14 16:04:20,Вполне приличное отделение. Много народа не бывает.,4,
165,Михаил Архаров,,2022-05-13 18:53:25,На 5,5,"Рады видеть, что Вы оценили нас на 5 ⭐"
166,Александр Владимирович Почеревин,https://avatars.mds.yandex.net/get-yapic/61207/aCoxKCRZfXvU9RhK1PB0Kt9UrYE-1/islands-68,2019-12-05 06:46:53,"Самый конченный банк, клиентов за людей не считают, воруют деньги со счетов, обманывают с кредитами.",1,
167,Sergei Baglai,https://avatars.mds.yandex.net/get-yapic/21377/enc-599fa8cb03d867041bd4e1357fc11c02/islands-68,2019-04-02 07:04:53,"Все зависит от самого отделения.Одному можно ставить двойку,а в другом грамотные и внимательные.",4,
168,Андрей,,2019-12-07 18:48:12,"Несколько раз был, ожидание 0 минут, кадры вроде квалифицированные.",5,
169,Дан,https://avatars.mds.yandex.net/get-yapic/50071/enc-eec381d5c084bb87b436db7a6d06cb8bba08c98141b568115898ec6baa71854f/islands-68,2018-07-20 11:15:23,Отличное отделение. Учтивый и грамотный персонал. Все виды услуг!,5,
170,Alexander Ф.,,2019-11-16 18:44:37,Очень вежливый персонал. Бывают очереди.,5,
171,Сергей,https://avatars.mds.yandex.net/get-yapic/30061/EGOXvH0yeZgf0IxUeYqKA9vJN0g-1/islands-68,2021-07-21 11:46:49,Чудесный банк,5,
172,Ксения,https://avatars.mds.yandex.net/get-yapic/27274/YKMJ5gci9RsPylazGMmq7smtao-1/islands-68,2019-09-20 18:39:28,"Все нормально, но во время ремонта это было жутко долго по лабиринтам ходить.",5,
173,Андрей Сидоров,https://avatars.mds.yandex.net/get-yapic/63256/enc-58f478dbb88dbc957405e05ad98da2def54d216c2e691194ff6c79c4c69f0385/islands-68,2020-12-08 21:14:22,"Быстро, четко...",4,
174,Адвокат,https://avatars.mds.yandex.net/get-yapic/50071/GHFKvto3rD8LqjyWIMT3UOnEI-1/islands-68,2021-09-17 05:45:30,Всё норм,4,
175,Андрей Скубыра,,2021-04-22 15:40:15,Самое отвратительное обслуживание!,1,
176,Андрей Иванов,https://avatars.mds.yandex.net/get-yapic/29310/YHDLmFcn4LwivgOJiStqbMUbk-1/islands-68,2020-03-16 15:23:00,Все очень достойно,3,
177,Евгений Ш,https://avatars.mds.yandex.net/get-yapic/39249/enc-6bbe29a1b2b68769b1d182711a9f366d98eee9008467e0d4eb455d6405be2647/islands-68,2019-12-28 19:01:09,Очень медленное обслуживание,3,
178,Екатерина Кислова,https://avatars.mds.yandex.net/get-yapic/35885/enc-e4e6673560eeec9c7786f0b4111cc74485f0baf072a91c52f89c8ef5afa5bc2d/islands-68,2018-04-15 14:01:10,Очень медленное обслуживание не могли принять деньги на счет ждали два часа доступ к операционисту,2,
179,Eugene PEV,https://avatars.mds.yandex.net/get-yapic/27232/euis12y9gwtKhQVgqAXFYC9cJOc-1/islands-68,2020-06-27 18:01:39,Быстрый сервис,5,
180,Алексей Нетреба,https://avatars.mds.yandex.net/get-yapic/37154/enc-a621b9501183660448661fa3fa75a16ab63ccc489e8a6ba55257f36f231a37b5/islands-68,2019-12-23 16:17:16,Вечер рабочего дня. Операторов - полтора человека. Сижу. В очереди 50 минут...,1,
181,Мария Н.,,2018-03-21 18:53:17,"Нет парковки, но за то в отделение мало народу, нет очередей и много банкоматов.",5,
182,niK_dm1,https://avatars.mds.yandex.net/get-yapic/62162/nBt0SPvGtIw7anCMrwY8k5YglY-1/islands-68,2019-08-23 12:15:06,Не качественное обслуживание!,3,
183,И.,https://avatars.mds.yandex.net/get-yapic/38436/enc-f48e8dfed89d6a2753ea9d31a6248af6f24874f4dc922b4eb50b455107676f1a/islands-68,2020-04-06 15:15:08,Почти нет очередей,5,
184,Ирина Владимировна,https://avatars.mds.yandex.net/get-yapic/38663/cKSQEDZWUyvXwfJT3TXy7dQDt8E-1/islands-68,2019-01-23 11:59:11,"Удобное расположение, но очень медленно.",1,
185,Дмитрий П.,https://avatars.mds.yandex.net/get-yapic/26311/zHZL65s9pJjMeNd0QbfMzuNbg-1/islands-68,2019-10-07 10:23:45,Быстрое обслуживание,5,
186,Дмитрий Титов,https://avatars.mds.yandex.net/get-yapic/35885/X1zfHnfxMhFvIJyHuw9o3MJVX4-1/islands-68,2019-09-07 08:01:36,Отличное обслуживание,5,
187,Евгений Легенда,https://avatars.mds.yandex.net/get-yapic/56823/EEQ8CvebvbyTCLQyuVaFnpo6DPM-1/islands-68,2019-05-23 18:45:49,Очереди и работают медленно,5,
188,Диков Жума,,2019-06-30 12:35:40,ипотеку дали все топ,5,
189,Сергей Филиппенко,https://avatars.mds.yandex.net/get-yapic/69015/jBlqjRy1EN2LWB0bpKNaUoy9To-1/islands-68,2019-08-06 19:33:14,Приятный персонал,5,
190,Слава С.,,2017-12-24 12:03:33,"Все здорово, быстро, доступно!",5,
191,Niko B.,https://avatars.mds.yandex.net/get-yapic/26057/ZaDLely6s6SusQUxql5fvoCS0-1/islands-68,2019-06-27 14:53:01,Очень медленный банк,2,
192,Андрей У.,,2019-07-29 14:44:29,Бывают очереди,3,
193,Stan,https://avatars.mds.yandex.net/get-yapic/34189/g1UcyuD0vUOL6vMIUNGfMpcXT2Q-1/islands-68,2018-02-22 17:30:40,Медленно даже когда никого кроме тебя нет. Кассир просто ужас! Такого хамского отношения давно не припомню.,1,
194,Андрей,https://avatars.mds.yandex.net/get-yapic/44850/2sPe48a4TresrGnrSEEJrhhFTU-1/islands-68,2018-07-19 14:37:49,Профессионалы своего дела!👩‍💻👍,5,
195,Ольга,https://avatars.mds.yandex.net/get-yapic/51169/zDUxaZY3JojmmwJacYSLEZwvz2Y-1/islands-68,2018-07-18 18:48:32,В обед бывают очереди!!,5,
196,Андрей Жолобов,,2018-01-15 19:13:37,Безумно медленно! Минимум сотрудников.,1,
