,name,icon_href,date,text,stars,answer
0,Марина Т.,,2024-01-24 14:49:07,"Добрый день! Хочу выразить свою благодарность команде ДО Московский в лице директора Витушкиной Кристины Валерьевны и администратора зала Малякиной Екатерины . Сотрудники оперативно помогли решить мне, находясь в другом городе,вопрос переоформления вкладов,как клиенту привилегия. Работа таких сотрудников несомненно повышает привлекательность работы банка ВТБ. Спасибо за работу!",5,"Для нас очень важно, чтобы наша работа приносила вам только приятные впечатления. Постараемся и дальше вас радовать! Отдельное спасибо, что отметили работу конкретного сотрудника 👍"
1,Валерий Николаевич,,2024-04-02 19:29:45,"Вчера с женой (мы пенсионеры) посетили отделение банка. Самые положительные впечатления от общения с директором Кристиной Валерьевной и менеджером Иваненко Данилой Ивановичем. Оперативно, доходчиво и доброжелательно помогли с открытием счета. Работали с нами сверх рабочего времени, так как мы прибыли в офис незадолго до закрытия. Будем рекомендовать нашим знакомым. Спасибо!",5,Благодарны вам за пятёрку и добрые слова о работе наших сотрудников 💙
2,Татевик Абраамян,,2024-02-01 09:48:40,"Добрый день, благодарим за обслуживание и клиентоориентированность. Сотрудники максимально помогли перекредитоваться и сохранить бюджет. Спасибо за помощь и содействие директору офиса Кристине Валерьевне. Очень рады обращению, будем рекомендовать знакомым и друзьям",5,"Нам приятно, что вы поставили нам высокую оценку 👍 Постараемся и дальше ей соответствовать!"
3,Светлана К,https://avatars.mds.yandex.net/get-yapic/63032/PeBKZJaYBd9jVZBESAFzsF1L10-1/islands-68,2024-03-27 10:44:52,"Перестало работать приложение, обратилась в этот офис. Быстро помогли все настроиться и ответили на мои вопросы. Была большая очередь, но достаточно оперативно обслуживали клиентов и не пришлось долго ждать. Спасибо ☺️",5,"Для нас очень ценно то, что вы остались довольны визитом к нам и поставили столь высокую оценку нашей работе. Постараемся и в дальнейшем радовать вас 🙂"
4,Мирослава А.,https://avatars.mds.yandex.net/get-yapic/29310/1hSeyqVIiGUruv6aZzyHXkqQQ5s-1/islands-68,2023-08-17 09:01:48,"Добрый день! Вчера с мужем были в отделении банка ВТБ по адресу 3 микрорайон , стр.9-А, г. Московский , Москва, очень понравилась обстановка , уютный офис , приветливый персонал , особенно хочется отметить работу менеджера Аркади Асланяна , подробная консультация по кредиту , ни чего лишнего не было навязано , спокойно ответил на все интересующие вопросы и за короткое время оформил кредит по заниженной ставке , спасибо большое !",5,Спасибо за приятный отзыв. Довольные клиенты - наша лучшая награда 👍
5,Татьяна Вишнякова,,2023-10-25 10:19:02,"Приятно, что работают такие специалисты как Якимова Олеся Николаевна. Милая и приветливая девушка. Квалифицированный специалист. Спасибо ей.",5,"Так приятно, что вы поставили нам высокую оценку и отметили работу сотрудника 👍"
6,Рамиль Незаметдинов,,2024-03-19 16:02:06,"Компетентные специалисты, очень грамотно проконсультировали и помогли разобраться в имеющихся вопросах. Очень вежливо и доброжелательно.",5,Спасибо за высокую оценку нашей работы!
7,Мурад Г.,,2024-02-01 07:56:23,"Добрый день сегодня был в отделении , очень понравилось обслуживание всё что нужно подробно объяснили, огромная благодарность сотруднику Олеся Якимовне за обслуживание",5,"Спасибо за отзыв 💛 Мы стремимся предоставлять нашим клиентам качественное обслуживание. Рады, что вы оценили это 😃"
8,Алексей В.,https://avatars.mds.yandex.net/get-yapic/60687/cjJfzEwPOdSH5GpPJ0XaB9SNI-1/islands-68,2024-02-02 15:59:38,"Офис небольшой, уютный, сотрудники быстро работают, благодарю Евгению Крючкову, очень быстро, внимательно, в полном объёме решила мой вопрос. Рекомендую",5,"Очень приятно получить высокую оценку, спасибо 😊"
9,Илхом Ходикназаров,,2024-02-01 12:49:58,"Отличный банк. Оператор Евгения ответсвенная, грамотная вежливая. Знает свою работу отлично. Я очень довольный обслуживание. Спасибо",5,"Нам приятно, что вы поставили нам высокую оценку 👍 Постараемся и дальше ей соответствовать!"
10,Юрий Василенко,,2024-02-02 10:19:29,"Очень понравилось в офисе. Решили мою проблему быстро, качественно!!! В офисе работают действительно профессионалы своего дела.",5,"Приятно видеть, что посещение нашего офиса вызвало у вас положительные эмоции 😉"
11,Антон Олек,https://avatars.mds.yandex.net/get-yapic/23134/enc-e99ed3ee9bea774cfd757eadbeb8ba5d/islands-68,2024-02-16 15:37:38,"Рядом с домом, самое главное, уютный небольшой офис. Всегда помогут разобраться с любой ситуацией, есть банкомат.",5,"Спасибо, что уделили время и оставили отзыв. Нам приятно видеть, что посещение офиса вызвало у вас исключительно положительные эмоции 👍"
12,Анатолий Я.,,2023-08-11 09:08:48,"Мне кажется это лучший банк из банков ВТБ! Самый вежливый и отзывчивый персонал. Удобнейшее расположение офиса, просто супер. Но пожалуйста, увеличьте окна, добавьте обслуживание юридических лиц, ипотечное обслуживание, а не только оформление.",5,"Спасибо, что доверяете нам! Постараемся и дальше соответствовать вашей пятёрке 💪
Замечание приняли во внимание."
13,Фатима Асхабова,https://avatars.mds.yandex.net/get-yapic/61207/Hd5dv22ywDyTmOClzJzvo02kgE-1/islands-68,2024-03-15 15:32:58,"Прекрасные сотрудники, приветливые, отзывчивые. Предложат самый лучший вариант и помогут советом, благодарю!🥰",5,"Рады, что вы остались довольны после посещения офиса 💙"
14,Елена Бугаева,,2023-09-20 16:03:58,"Пришла в банк 18:45, вопросы по карте решить нужно было. Специалист Олеся Якимова супер умница, быстро все, аккуратно, спасибо! Побольше бы таких спецов! Само отделение чистенько, приятно.",5,"Елена, спасибо, что нашли время оставить отзыв. Приятно видеть, что помощь нашего сотрудника вызвала у вас исключительно положительные эмоции 👍"
15,Nikita Dyachenko,https://avatars.mds.yandex.net/get-yapic/39249/wlmpKEA83cjAcA37OdYmZpObPko-1/islands-68,2024-03-07 16:18:15,"Маленькое отделение. Всегда очередь. 
Персонал приветливый. Банкоматов много, 3 банкомата работают круглосуточно...",4,Спасибо за обратную связь. Это помогает нам расти и развиваться 😊
16,Эркинай Сабиятова,https://avatars.mds.yandex.net/get-yapic/27274/cohdlsGgS4q6V71qK5LYCJSUbM-1/islands-68,2023-04-11 04:58:35,"Каждый раз в этот банк ходим 
самые отзывчивые добра желательные сотрудники особенно Наталья Алексеевна, все документы быстро сделала и уходиш , обслуживание великолепное , приятное чистое атмосфера .",5,"Спасибо, что уделили время и оставили отзыв. Конечно, нам приятно видеть, что помощь нашего сотрудника вызывает у вас исключительно положительные эмоции 👍"
17,Татьяна Роженко,https://avatars.mds.yandex.net/get-yapic/45848/xAtzym2b8f3Nu8IdNLdwgd1yqc-1/islands-68,2023-12-28 12:17:58,"Бывает ажиотаж, конечно, но девочки работают хорошо, доступно все объясняют, терпения на всех хватает.",5,Большое спасибо за высокую оценку и вашу лояльность 😊
18,ирина н.,,2024-01-17 05:42:23,"Хорошее обслуживание в отделении. Но в самом банке невозможно дозвониться до специалиста. Вход в личный кабинет разблокировать не могли целый месяц и сейчас еще не проверяла, могу ли в него заходить, возможно, так и не работает.",2,"Сожалеем, что пришлось столкнуться с трудностями.

Горячая линия работает в штатном режиме. Голосовой помощник переключает на специалиста, если не может ответить на вопрос. Также можно ускорить этот процесс, сообщив о необходимости соединения со специалистом.

Уточните, пожалуйста, номер вашего обращения. Проверим информацию дополнительно."
19,Константин ..,https://avatars.mds.yandex.net/get-yapic/36777/V5y4Jad7ZoESBpD4h1iHVRg-1/islands-68,2024-04-02 13:24:47,"Великолепное отделение банка. Хороший и отзывчивый персонал. Проконсултировали по всем интересующим вопросам. 
Отсутствие очереди.",5,Благодарны вам за пятёрку и добрые слова о работе наших сотрудников 💙
20,Оксана В.,,2023-08-11 19:21:42,"Обращалась с офис 10.08.2023, несмотря на очередь, помогли решить вопрос моментально. Отличный персонал, внимательный и дружелюбный коллектив. Очень довольна. Всем советую.",5,"Спасибо большое за высокую оценку и вашу лояльность. Мы очень рады, что вы остались довольны качеством обслуживания!"
21,ЭхО,https://avatars.mds.yandex.net/get-yapic/62162/2lq8f7ygaO0w6PdgQWLAA3mMXw-1/islands-68,2024-03-17 09:45:56,"Маленький офис. Но хотя бы такой... Стандартные банкоматы круглосуточного доступа и несколько операторов в дневное рабочее время...
Всегда много народа.",4,Благодарим вас за обратную связь. Обратим внимание руководителя офиса на ваши замечания. Для нас важен ваш комфорт!
22,Любовь Малушко,,2023-09-03 19:05:23,"На днях посетила отделение ВТБ в Московском. Вопрос был достаточно непростой и требовал оперативного решения. Менеджер Иваненко Данил быстро и квалифицированно помог мне в решении моего вопроса, за что я выражаю ему благодарность!",5,"Так приятно, что вы поставили нам высокую оценку и отметили работу сотрудника 👍"
23,Солонина Анна Вячеславовна Отдел СКЛ ТиНАО,https://avatars.mds.yandex.net/get-yapic/27274/TrXskP6LK0JBlBHiEBv8Kh4t30-1/islands-68,2023-08-29 16:20:00,Обратились в данный филиал после многочисленных попыток решить вопрос в других филиалах. Крючкова Евгения решила оперативно все наши проблемы. Очень внимательные и вежливые специалисты. Рекомендую!!!,5,"Для нас очень важно, чтобы наша работа приносила вам только приятные впечатления. Постараемся и дальше вас радовать! Отдельное спасибо, что отметили работу конкретного сотрудника 👍"
24,сулим эльсанукаев,https://avatars.mds.yandex.net/get-yapic/27503/3kKDkfTCyBeHux1J1AQyFkFkB5g-1/islands-68,2024-02-25 17:22:37,Сотрудники банка добрые отзывчивые хорошо всё объяснили всё показали молодцы спасибо им.,5,Так приятно видеть положительный отзыв! Это очень ценно для нас. Постараемся и дальше соответствовать этой пятёрке 👌
25,Наталья леонтьева,,2024-04-05 14:00:53,"Из четырех окон работает 2 окна. Народу очень много. Сидели в очереди час, хотя перед нами было 3 человека. Девушка на входе приветливая и улыбчивая.",1,"Ваше замечание не останется без внимания и будет незамедлительно передано ответственным руководителям с целью реализации мер, которые обязательно будут направлены на повышение скорости предоставляемых услуг. Простите за возможные неудобства!"
26,Марина Л.,,2024-01-22 08:07:51,Очень вежливые и отзывчивые сотрудники! Работают быстро и профессионально!,5,"Спасибо, нам очень приятно получать обратную связь 💛"
27,Людмила У.,,2023-08-22 13:23:26,"Выражаю благодарность менеджеру ДО Московский Крючковой Евгении за внимательное и заботливое отношение, оказание помощи! Мне 71 год, все мои вопросы решены, подробно и терпеливо разъяснены!",5,"Огромное спасибо за приятный отклик 💛 Рады, что смогли помочь в решении вопроса 😉"
28,Майя Плешанова,,2024-03-21 13:54:53,С большой благодарностью Крючковой Евгении за высокий профессионализм и клиентоориентированность.,5,Довольные клиенты - наша лучшая награда. Благодарим за высокую оценку работы нашего сотрудника 💙
29,Елена Криницина,https://avatars.mds.yandex.net/get-yapic/45566/e0UvnqYPofkdDFg4V37IDZOqdU-1/islands-68,2024-03-18 16:17:55,"Отделение небольшое, но очень профессиональные и отзывчивые сотрудники.",5,Спасибо за высокую оценку нашей работы!
30,Инкогнито 3038,,2024-03-13 08:19:43,"Очень хороший офис, добрые сотрудники, рад что карта для зарплаты в ВТБ. СПАСИБО СОТРУДНИКАМ",5,"Спасибо за положительный отзыв, нам очень приятно 👍"
31,Илья Сутулин,https://avatars.mds.yandex.net/get-yapic/37154/VaJEWz51v41JWlBwHatbb0mu8-1/islands-68,2023-05-29 04:57:56,"Хорошо оборудованное отделение. Есть возможность рядом припарковаться. Персонал вежливый, профессионально подготовленный.",5,"Спасибо вам, очень приятно получать обратную связь 🙏👌 Приезжайте ещё 💛"
32,Нурахмед Гасанов,,2024-01-22 06:46:57,"Уютный офис, сотрудники приветливые. Пять баллов из пяти. Рекомендую!",5,"Спасибо, нам очень приятно получать обратную связь 💛"
33,Валерия Толмачева,,2023-06-03 18:45:37,"Мужу оформили дебетовую карту. Ни разу ей не пользовался. Сейчас зашли в личный кабинет, баланс – ""минус пять тысяч"" – комиссия за то, что не пользовался картой при подключенном пакете услуг ""Привилегия Мультикарта"". При оформлении о таких условиях не говорили, о подключении пакета и правилах пользования тоже, иначе мы бы даже не стали оформлять такую карту. В пакете нужно выполнять требования, которые мы в целом не потянем. Очень неприятно, нигде раньше с таким не встречались.",1,"Здравствуйте!
Сожалеем, что возникла такая неприятная ситуация. Отметим, что сотрудники офиса могут сами предложить оформить привилегированный пакет услуг, если видят, что на данный момент условия для бесплатного обслуживания выполняются. При этом, без согласия клиента никакие продукты не оформляются. Тарифы же расположены в общем доступе на нашем сайте www.vtb.ru/tarify/chastnim-licam/. В любом случае приносим извинения за неудобства и надеемся, что в будущем ваше мнение о нас изменится в положительную сторону."
34,Екатерина Малякина,https://avatars.mds.yandex.net/get-yapic/26311/z7FCjrb0rt5wQYf97g8LPUVBjcQ-1/islands-68,2024-01-24 14:42:58,"Отличный офис, вежливые и грамотные сотрудники.Рекомендую.",5,"Рады, что вы остались довольны после посещения офиса 💛"
35,lucine,,2023-08-13 06:06:35,"вежливые сотрудники, доброжелательные. стараются быстро решить вопрос. удобное расположение. парковка",5,"Очень приятно получить такую высокую оценку, спасибо 😊"
36,Эмиль Ч.,,2024-03-26 13:17:43,"Очень все нерасторопные. Еле-еле всё происходит, приходится долго ждать. Люди из очереди просто выбрасывают талончики и уходят.",1,"Ваше замечание не останется без внимания и будет незамедлительно передано ответственным руководителям с целью реализации мер, которые обязательно будут направлены на повышение скорости предоставляемых услуг.

Простите за возможные неудобства!"
37,Юлия К.,,2023-04-26 09:29:37,"Отличное отделение, очень доброжелательный персонал: возникла нетипичная проблема, руководитель отделения Наталия Каткова лично присоединилась к решению и проблемы больше нет.",5,"Юлия, так приятно, что вы по достоинству оценили нашу работу! Это очень ценно для нас. Постараемся и дальше соответствовать вашей пятёрке 👌"
38,Анастасия,https://avatars.mds.yandex.net/get-yapic/36777/t4IaLcd34buao3FY7ivvjbyr1sI-1/islands-68,2023-02-21 18:47:43,"Небольшое отделение но очередь всегда маленькая,помогают оперативно со всеми вопросами,много банкоматов. Единственно работу начинают с 10 часов не очень удобно.",5,"Спасибо вам, очень приятно получать обратную связь 🙏👌 Приезжайте ещё 💛"
39,Rts,,2023-01-25 15:49:01,"Вот отзыв, который я писал сначала. Он ниже...и оценку я поставил 1.


Приехали гасить кредит.
Кассы не оказалось.
Сотрудники любезно предложили внести через банкомат, аргументируя, что кассы это прошлый век, все через банкоматы и тд.
Банкомат естественно ""сожрал"" пачку денег не зачислив на счет.
Выдал чек об ошибке с суммой меньше внесенной.
Имеем головняк🤦
Сотрудники развели руками...увы мол бывает, но все будет хорошо...

Теперь я хочу свой первый отзыв дополнить продолжением.

Во первых. Мне все деньги вернули.
Причем отмечу, что банкомат выдал ошибочную сумму на чеке. Выдал чек с суммой меньше на 40 тысяч.

 Вернули всю сумму сполна. Молодцы!
Отдельно хочу отметить руководителя отделения Наталью, которая максимально профессионально себя повела и взяла данную неприятную ситуацию под свой контроль.

Оценку меняю с единицы на 4ку..бал снял за лишний для меня кипиш.",4,"Благодарим, что поделились вашим опытом обслуживания. Надеемся на дальнейшее сотрудничество."
40,Заур Гонгапшев,,2022-09-01 15:01:54,"Отделение как и все у ВТБ современные! Есть парковка, не маленькая, приличная! Отделение приятное, но коридор ""узковат""! Очередей нет... Вызвали быстро, девочки любезны, приятные! Но валюту не поменяли...! Правда подсказали ближайшие отделения где это возможно! Видимо теперь её можно менять в ограниченных отделениях...!",4,"Рады, что Вам понравилось. Ждем Вас снова 😃 Хотим отметить, что наличие и курс валюты необходимо уточнять в отделении Банка."
41,Антонина В.,,2024-01-19 14:45:15,Очень хороший банк. Оперативно решили вопрос. Компетентные сотрудники!,5,Довольные клиенты - наша лучшая награда. Благодарим за высокую оценку 💛
42,Ирина Полякова,https://avatars.mds.yandex.net/get-yapic/24700/enc-d171b56f6cf645713d88f01b59f8f7d198eee9008467e0d4eb455d6405be2647/islands-68,2023-02-16 12:32:50,"Помещение не очень большое, в зоне ожидания стул свободный присутствовал, электронная очередь подошла, обслужили быстро и грамотно. И припарковаться смогли практически напротив входа в отделение",5,"Спасибо вам, очень приятно получать обратную связь 🙏👌 Приезжайте ещё 💛"
43,Наталья Понкратова,,2023-12-29 16:03:47,"Отличный офис, помогли решить вопрос!!! Думал зависну на целый день, в итоге решили за 10 мин.",5,"Огромное спасибо за приятный отклик 💛 Рады, что смогли помочь в решении вопроса 😉"
44,Константин Наумов,https://avatars.mds.yandex.net/get-yapic/21493/enc-5fe2735908c8a9649303118fc5d2fa34b63ccc489e8a6ba55257f36f231a37b5/islands-68,2023-11-25 07:11:02,"Удачное расположение, рядом есть бесплатный паркинг",5,"Рады видеть, что вы оценили нас на 5 ⭐"
45,Сергей Воронков,https://avatars.mds.yandex.net/get-yapic/40841/mG8THhanifF7LqXNlAeEXzWz08-1/islands-68,2023-03-04 17:08:01,"Сотрудники банка молодцы. Сам банк ВТБ великолепный. Этот банк я вижу лучше, чем сбербанк. Я желаю ВТБ банку, низкие проценты для людей и большого процветания. Рекомендую ВТБ.",5,"Спасибо вам, очень приятно получать обратную связь 🙏👌 Приезжайте ещё 💛"
46,Анна К.,,2022-11-19 06:07:12,"Начиная с 18.11.2022 пытаюсь осуществить частичное погашение кредита. Он Лайн кабинет выдаёт: произошла ошибка при загрузке страницы. Пошла в отделении, там тоже помочь не смогли типо тоже самое у них, сказали звонить на номер 1000, там тоже не помогли сказали писать в чат и оставлять обращение. Оператор в чате написал что ошибка не типичная и то с этим делать он не знает и это будет решаться аж до 25.11.2022! Вопрос- почему из ошибки банка я должна платить проценты и что это за такая ерунда что все типо в банке зависло и не реально осуществить платёж. Напоминает просто развод!!!! Номер моей заявки CR-9954522. На утро 19.11.2022 он Лайн кабинет выдаёт туже ошибку! В чате уже на обращение никто не отвечает! Не берите в этом банке кредиты!!!",1,
47,Татьяна Максимова,,2023-04-01 18:09:45,"Обратилась в банк ВТБ по поводу некоторых вопросов. Специалист Олеся Якименко тактично и толково все обьяснила, все сделала. Большое ей спасибо!",5,"Спасибо, что уделили время и оставили отзыв. Конечно, нам приятно видеть, что помощь нашего специалиста вызвала у вас исключительно положительные эмоции 👍"
48,Татьяна Школа,,2023-04-14 17:57:40,"Отличный банк, быстрое обслуживание, профессиональный персонал, вежливый, к каждому клиенту свой подход.",5,"Рады, что вам понравилось. Ждем вас снова 😃"
49,геннадий гунчин,,2024-03-13 07:04:32,"Благодарю сотрудников банка, в часности евгению анатольевну. Спасибо.",5,"Спасибо за положительный отзыв, нам очень приятно 👍"
50,Алексей Смирнов,https://avatars.mds.yandex.net/get-yapic/38663/GDSkywgZHPAZeu8QVDLAdYxeBmA-1/islands-68,2023-08-27 16:54:59,"ВТБ стандартно всё, есть банкоматы и офис, добраться удобно, парковка есть. Если есть необходимость в офисе то в московском это единственное место.",5,"Спасибо, нам очень приятно получать обратную связь 💛"
51,Мария,https://avatars.mds.yandex.net/get-yapic/51381/ij1uE41mZyeRzItDkjdxKOGgibY-1/islands-68,2022-10-22 18:52:20,"Для такого маленького отделения всë очень хорошо, сотрудники замечательные, атмосфера приятная, чисто и комфортно.",5,"Благодарим. Нам очень важно, чтобы каждый клиент оставался доволен 😃"
52,Инкогнито 0603,https://avatars.mds.yandex.net/get-yapic/65952/MjBe995BS05yTDtuNCCQv6HaBmM-1/islands-68,2023-08-26 08:37:46,ВтБ банк удобный. И быстрое обслуживание. Спасибо вам. И очень внимательные операторы.,5,"Спасибо, рады стараться 😊"
53,Настя Л.,,2024-03-07 09:30:57,Нет кассового аппарата. Нигде нет предупреждения. Потеряла полчаса в этом отделении,2,"Сожалеем, что данное обстоятельство стало причиной такой низкой оценки.

В ДО «Московский» действительно не осуществляется кассовое обслуживание, но при этом наши клиенты могут дистанционно проводить операции в личном кабинете ВТБ Онлайн. А для операций с наличными денежными средствами — пользоваться банкоматами ВТБ и банков-партнёров. Отсутствие кассы не влияет на оказание полного спектра представленных услуг.

Данная информация размещена в открытом доступе на нашем сайте online.vtb.ru/map/offices/."
54,елена д.,,2022-08-11 15:35:09,"Попала в ужасную ситуацию - 08.07. 2022 г получила новую зарплатную карту МИР взамен старой в офисе ВТБ , кот.находится в аэропорту Внуково , они туда перевели мои деньги , потом еще пришла зарплата и аванс , я не снимала ничего перед отпуском и вот 10 августа обнаружилось , что я не могу снять свои деньги , банкомат показывает , что на счету 0.В офисе эти горе специалисты ничего не могут объяснить - сделали заявку в техподдержку и получается , что на счету деньги есть , а снять не могу!!! На гор.линии тоже помочь не могут! Люди , может кто подскажет , где у них головной офис? Куда еще можно обратиться?",5,"Примите наши извинения за неудобства. Мы не оставим ваш отзыв без внимания и обязательно проведем комплексную проверку. Просим направить нам на адрес электронной почты SMedia@vtb.ru ваши ФИО и дату рождения. В теме письма просим указать «Яндекс. Moскoвский, микрорайон 3-й, 9. 11.08.22»"
55,Галина Чернятьева,,2024-01-22 07:03:56,"Удобный офис, хорошие сотрудники, только не хватает кассы.",5,"Спасибо, нам очень приятно получать обратную связь 💛"
56,Иван Б,https://avatars.mds.yandex.net/get-yapic/56823/enc-b330b56038fbdf1a54b179679e95cb59d0857b2455e80070c9e5944d8503c9e1/islands-68,2023-03-14 19:58:49,"Отделение маленькое, очереди практически нет. На входе ребята залипают в телефон, когда уже столкнувшись лоб в лоб, только тогда обращают внимание,талон можно взять и без помощи такого сотрудника.",5,"Иван, нам очень приятно получить такую высокую оценку 😊
Спасибо, что поделились с нами деталями. Мы обязательно учтем ваши замечания и примем меры. Приезжайте ещё 💛"
57,Николай Ромашкин,https://avatars.mds.yandex.net/get-yapic/49368/Okm1xX7zhCxiTcI7yq57eNYp5s-1/islands-68,2024-03-04 17:34:27,"Маленькое помещение, очень неуютно. Непонятно, где т какой специалист принимает.",3,Благодарим вас за обратную связь. Обратим внимание руководителя офиса на ваши замечания. Для нас важен ваш комфорт!
58,Наталья Чернова,https://avatars.mds.yandex.net/get-yapic/38663/YJ7Q93jK9ZDTWGsixdH0iSPUOY-1/islands-68,2023-02-13 17:31:21,"Небольшой зал, но все аккуратно. В очереди не сидела, сотрудники квалифицированные. Круглосуточный доступ к банкоматам.",5,Довольные клиенты - наша лучшая награда. Благодарим за высокую оценку нашей работы.
59,Анна,https://avatars.mds.yandex.net/get-yapic/48449/r85E4I16P3GqcQNJmy5pShQg-1/islands-68,2023-10-25 21:20:41,Отличный клиентоориентированный менеджер Даниил,5,"Спасибо, что уделили время на написание этого отзыва! Приятно видеть, что работа нашего специалиста оставила у вас положительное впечатление 😊"
60,Андрюха Нескажу,https://avatars.mds.yandex.net/get-yapic/35885/g9xRej4F5iTNF70F0bYxPt25k-1/islands-68,2022-06-30 17:58:55,"Вы же ВТБ!!! Довелось зайти в отделение (( было 3 сотрудника , один обслуживал клиентов двое других занимались какой-то ерундой … я был второй в очереди, в итоге передо мной мужчину обслуживали 2 часа , накопилась большая очередь! В итоге через 2 часа пришёл ещё один сотрудник и принял меня. Вопрос решили за 5 минут , а мужчина передо мной все так и сидел)) вот это клиентоориентированность )) Мерзкие дешёвые оранжевые лампы ))) Надеюсь к вам больше не попадать )",2,
61,Натан Савицкий,https://avatars.mds.yandex.net/get-yapic/28053/m2SglF2EzIS9DlOrwET3zKXZA-1/islands-68,2023-10-13 10:50:34,"Отличный офис, приветливый персонал. Быстро решили мой вопрос",5,"Огромное спасибо за приятный отклик 💛 Рады, что смогли помочь в решении вопроса 😉"
62,Юлия Лозовая,https://avatars.mds.yandex.net/get-yapic/43978/9vyj2cfKwtPbZPKOXy3fy5cZg-1/islands-68,2023-09-01 14:16:07,"Обслуживание понравилось. Не спеша,без заморочек и в то же время всё быстро. Очередей нет,на момент моего обращения.",5,"Благодарим за положительный отзыв о нашей работе. Рады, что вы остались довольны 🙂"
63,Рустам Бобоев,,2023-11-01 18:46:50,Очень вежливые сотрудники быстро решили,5,"Так приятно, что вы поставили нам высокую оценку и отметили работу сотрудников 👍"
64,Александр,https://avatars.mds.yandex.net/get-yapic/29310/wcj1VSV4IGAYf9OTYokAXcYImY-1/islands-68,2021-08-30 15:29:15,"Отделение Банка ВТБ находится прямо при въезде в район рядом со школой 2065. Недалеко имеются остановки общественного транспорта.
Внутри установлено множество банкоматов.
Консультации проводят быстро.
Из минусов скорее выделю «живую» очередь, т.е. нет разделения по типу обращений, как это сделано в других банках по талонам. При посещении не так много людей присутствовало, боюсь представить, что может быть при массовых обращениях, учитывая вышеупомянутый минус.",4,
65,Константин Соколов,,2024-01-23 12:50:31,"Грамотный персонал, отзывчивы...",5,"Спасибо за отзыв. Так приятно, что вы поставили нам высокую оценку 👍"
66,Зим,,2023-08-22 18:28:02,"Обращалась в отделение банка. Был сложный вопрос, но помогли решить в короткий срок. Благодарю сотрудника Аркади.",5,"Так приятно, что вы поставили нам высокую оценку и отметили работу сотрудника!"
67,Владимир Хохлов,,2024-01-16 16:18:51,"Два банкомата всего, бывает один не работает и очередь",4,"Благодарим за отзыв. Обратная связь помогает понять наши проблемы и принять меры для улучшения сервиса и качества обслуживания.

Позвольте отметить, что мы постоянно обновляем и развиваем сеть банкоматов, анализируя возможность установки новых устройств. Многие из них уже оснащены самыми современными функциями на данный момент. Будем продолжать работать в этом направлении 👌

Приносим извинения за возможные неудобства."
68,Tanya Denisova,https://avatars.mds.yandex.net/get-yapic/23134/enc-35c5778e1f93f2ee2d09b0eb237df4ab78fd6da710edcb7dbcb0457ccba92515/islands-68,2023-06-10 10:17:23,"В банкомате, при снятии наличных с карты другого Банка не указывают про комиссию 10℅. Как так? Я бы не стала снимать деньги. Мошенничество какое-то!!!!",1,"Здравствуйте.
ВТБ не удерживает комиссию за снятие наличных в наших банкоматах с карт сторонних российских банков (подробнее: www.vtb.ru/tarify/chastnim-licam/). Рекомендуем обратиться за разъяснениями в Банк, выпустивший карту, т.к. комиссию удержали они."
69,Екатерина Коняева,https://avatars.mds.yandex.net/get-yapic/26057/XqfARgONvKJf7RvxSkAbJWQk-1/islands-68,2024-02-15 19:47:41,"Хороший персонал, но очереди ооочень долгие",5,"Мы стремимся предоставлять нашим клиентам качественное обслуживание и рады, что вы оценили это. Приходите к нам почаще 👍"
70,Елена Иванова,https://avatars.mds.yandex.net/get-yapic/30955/3rnJgwLb2nicm3xjO7QDC4s-1/islands-68,2023-05-22 20:50:17,Обратились за консультацией и открытием счета. Сотрудник все подробно рассказал и открыл счет без навязанных услуг.,5,"Благодарим за положительный отзыв работы. Рады, что вы остались довольны 🙂"
71,Альбина Вагибова,,2024-04-12 13:13:34,Обслужили быстро и ответил на все вопросы,5,
72,S,,2024-01-30 18:16:39,"Людей мало, но обслуживание очень долго...",4,"Спасибо за обратную связь, которая помогает понять наши проблемы и принять меры для улучшения качества обслуживания!"
73,Dmitrii Kovalev,,2022-09-03 07:00:17,"Сотрудников в отделении мало. Из-за это безумные очереди. Услугу оформления банковской карты ребёнку не смогли до конца оказать. Либо некомпетентный сотрудник, либо функционал офиса никакой. Сотрудник оформила счёт, а дальнейшие действия по оформлению карты не совершила. Место мало. Портит все отношение к банку у молодежи и старых клиентов.",2,"Благодарим за сигнал. Согласимся, что такого обслуживания быть не должно. Организуем встречу с руководителем офиса и проведем проверку. Надеемся, что в дальнейшем обслуживание будет соответствовать вашим ожиданиям."
74,Марина Мартыненко,https://avatars.mds.yandex.net/get-yapic/63032/ZQU23YHNr0ck5I0BkgIqq4nyKE-1/islands-68,2023-11-02 17:38:41,Хорошие и грамотные сотрудники.,5,"Так приятно, что вы поставили нам высокую оценку и отметили работу сотрудников 👍"
75,Андрей Волокитин,https://avatars.mds.yandex.net/get-yapic/27232/IjmqPVD2HjTgT1H68J7M0n3JA-1/islands-68,2022-01-14 23:06:20,"Мне в принципе нравится этот банк, но приехав в это отделение, были с супругой приятно удивлены. Вежливый менеджер Дорджи, очень нам помог, по больше бы таких работников банка. Большое ему спасибо",5,"Благодарим за положительный отзыв работы сотрудника. Рады, что вы остались довольны 🙂"
76,Александр Тараканов,,2023-10-26 11:42:21,Не нашёл. Может их уже и нет втом месте.,1,"Александр, благодарим за обратную связь. Проверили информацию - офис находится по указанному адресу."
77,Инкогнито 6443,,2024-03-16 14:43:12,Банк ВТБ - Это хороший банк потому что делают хорошие карты очень красивые Ну всё мы подходим к концу до свидания,5,Благодарим за высокую оценку нашей работы!
78,Тати Няшная,https://avatars.mds.yandex.net/get-yapic/68143/VWRfnPWssuRIXgeSs9fXyk6xa0-1/islands-68,2022-06-12 19:40:34,"Обслуживание отличное,персонал вежливый и очень внимательно относятся к клиентам учитывая все пожелания",5,"Благодарим за положительный отзыв, нам очень приятно 👍"
79,Иван М.,,2023-08-28 10:07:18,Квалифицированно и быстро решили вопрос. Спасибо!,5,"Спасибо, рады стараться 😊"
80,Александр М.,https://avatars.mds.yandex.net/get-yapic/38663/m5fuzEhUn2XMEnXlbneTAprWyHo-1/islands-68,2024-01-07 16:28:50,Очень маленький и безобразный филиал,3,"Понимаем, наш офис может показаться небольшим, но наша главная цель - обеспечить высокое качество обслуживания каждого клиента. Мы работаем над улучшением сервиса и стараемся делать все возможное для удобства наших клиентов.

Хотели бы разобраться в ситуации, с которой вы столкнулись в офисе. Расскажите, пожалуйста, подробнее. Обязательно изучим информацию и примем меры 👌"
81,МАРУФХОЧА ПУЛОТОВ,,2023-03-16 09:22:54,"Очень грубые сотрудники, нормально не обеснают если спросить ещё раз отвечают грубо, мне не понравилось обслуживания этого банка 👎",1,"Благодарим вас за сигнал. Обязательно проработаем вопрос с сотрудниками по соблюдению стандартов клиентского обслуживания. Примите извинения за неудобства. Надеемся, что при следующем визите вы заметите наши изменения."
82,LELA BONITA,https://avatars.mds.yandex.net/get-yapic/50595/2xGbsgNaNxdnuOxaUN0rRB9uX6A-1/islands-68,2023-10-18 12:52:03,Тоже мой банк и мне нравится,5,"Рады, что вам понравилось. Ждем вас снова 😃"
83,Zero,https://avatars.mds.yandex.net/get-yapic/26057/L1FuoVeo3QtyK7YAMihvheodE-1/islands-68,2022-11-01 17:33:47,"Банк ВТБ в моей памяти остался как один из самых отстойных банков. Отделение отвратительное- узкое, вентиляция явно не справляется, зоны обслуживания как в 90х",3,"Поверьте, мы стремимся быть лучше. Обратная связь нам помогает понять наши проблемы и принять меры для улучшения сервиса и обслуживания. Благодарим Вас за отзыв."
84,Саидов Акбарджон,https://avatars.mds.yandex.net/get-yapic/36777/du1nG7theE8Jk8AfcZ7Z8kda9M-1/islands-68,2023-10-09 16:10:25,"Спасибо за персонал, бистро решили проблему.",5,"Огромное спасибо за приятный отклик 💛 Рады, что смогли помочь в решении вопроса 😉"
85,Кадрия Якубова,,2022-12-07 14:40:45,Очень уютный с добрым персоналом все вежливые даже охранник супер,5,"Рады, что вам понравилось. Ждем вас снова 😃"
86,Николай Самохин,https://avatars.mds.yandex.net/get-yapic/48449/H1ZLNvOdnZO2hDsYwKxoa6FWHzU-1/islands-68,2024-04-07 16:03:54,"Я евляюсь клиентом этого банка. Обслуживание на высшем уровне! Всем советую, не пожалеете 👍",5,"Благодарим за положительный отзыв! Поверьте, мы это очень ценим 💙"
87,Алла Г.,https://avatars.mds.yandex.net/get-yapic/23186/lz8g8vXaw08IoBNVw88Fxo8lvyg-1/islands-68,2023-03-07 05:14:01,"Не банк, а полное недоразумение. 
Помещение хорошее, чистое, светлое, а сам банк в его понимании-мрак!",1,"Нам очень жаль, что у вас сложилось негативное впечатление о банке. Надеемся, в будущем сможем это изменить."
88,Сильва даниелян,,2022-07-17 06:39:14,"Отличное обслуживание, персонал, вежлив, чисто. Круглосуточно банкоматы.",5,"Рады видеть, что Вы оценили нас на 5 ⭐"
89,Александра К.,https://avatars.mds.yandex.net/get-yapic/29310/JjPM2sShNdVb58my6zssb4aIhU-1/islands-68,2022-09-14 15:25:47,"Хорошее уютное маленькое отделение. Персонал приветливый, старается помочь чем может",4,"Благодарим за положительный отзыв, нам очень приятно 👍"
90,Дмитрий Лукин,https://avatars.mds.yandex.net/get-yapic/44850/sdZHoGlPiTZLNilOMoSjRzOp4-1/islands-68,2022-03-13 16:28:16,"Очень все долго. Провел в отделении 2 часа, из них 1,5 в ожидании. Персонал при этом очень вежлив и компетениен. Страдает чисто организация всего этого.",2,
91,Константин Тимошкин,,2022-11-11 18:58:51,Отдельной кассы нет. Чтобы положить в банкоматы большую сумму на счёт стоишь перед всеми клиентами которые ждут очередь,4,"Поверьте, мы стремимся быть лучше. Обратная связь нам помогает понять наши проблемы и принять меры для улучшения сервиса и обслуживания. Благодарим Вас за отзыв."
92,Светлана Наумова,,2022-04-07 20:16:27,"Работают тогда, когда все работающие на работе, это как? Только для бездельников, которые дома сидят? Как попасть до 19 00,если ты работаешь? В банкоматах вечно проблемы, то на выдачу не работают, то на приём",1,"Светлана, благодарим Вас за обратную связь. Учтем Ваши замечания относительно графика работы. Проверим работу банкоматов в отделении."
93,Владимир Дука,,2022-04-23 16:33:37,"Отлично. Особенно благодарю заведующую, которая неоднократно помогала решать вопросы, дверь в её кабинет всегда открыта.",5,Спасибо вам большое за доверие 🤗 Приходите к нам почаще!
94,Ирина Щербакова,,2022-04-22 18:59:10,"Всё понравилось.Персонал очень коммуникабельный, вежливый. Обслуживание грамотное.",5,"Спасибо, рады стараться 😃"
95,Елена,https://avatars.mds.yandex.net/get-yapic/62162/lkdeOViemMIbm4pQNsxNk6271yo-1/islands-68,2024-03-23 17:37:40,Тесновато очень,3,Благодарим вас за обратную связь. Обратим внимание руководителя офиса на ваши замечания. Для нас важен ваш комфорт!
96,Алина Тимуровна,,2022-03-18 11:23:55,"Отвратительно медленно работают сотрудники, либо это политика банка, либо коллектив такой, пока на заявил о том, что очень много людей и не движется очередь, никто и не собирался быстро обслуживать, после моих слов помогать стала, наверное руководство отделения",1,
97,СергоФАН,https://avatars.mds.yandex.net/get-yapic/62162/RicIFalE0xIA3oUsRoo46E9Gpd0-1/islands-68,2022-11-06 17:24:53,"Вполне нормальное отделение, при том что не большое. Суеты нет, адекватный персонал, директор офиса очень профессиональный человек - пришел с нестандартным вопросом, лично пригласила, дала разъяснения. Побольше таких руководителей, ставлю 5 звезд.",5,Спасибо вам большое за доверие 🤗 Приходите к нам почаще!
98,Артем Ю.,,2023-02-16 07:43:06,"Очень маленький зал, скученность. Выбирайте лучше другой банк для посещения",2,Спасибо за отзыв! Приняли во внимание.
99,Инкогнито,https://avatars.mds.yandex.net/get-yapic/62162/nJ6tQpSngPmtJIFF9iXTzw30uA-1/islands-68,2023-05-20 12:18:14,"Быстрое обслуживание, приятный персонал!",5,"Рады, что вам понравилось. Ждем вас снова 😃"
100,Ух большой,https://avatars.mds.yandex.net/get-yapic/63256/5BeDYjUfTWdSxTaJ4sgHe0vBzQ-1/islands-68,2022-12-02 11:49:47,Очень некомпетентные сотрудники. Да и в целом сам банк не очень. Блокируют счета без объяснения причин потом невозможно неделями вернуть свои деньги,1,"Благодарим вас за отзыв. Нам очень важно знать ваше мнение. Мы стремимся к тому, чтобы быть лучше. Проведем работу в целях улучшения качества обслуживания."
101,Ренат Бахтигозин,,2022-12-25 04:45:37,"Быстро решили вопрос по карте, ответили на все задаваемые вопросы по кредиту. Вежливый персонал.",5,"Очень приятно получить такую высокую оценку, спасибо 😊"
102,Оксана Оксана,,2021-10-28 09:39:22,"Удобное отделение банка. Банкоматы практически всегда работают как снаружи, так и внутри. Чистота в помещении, приветливые и профессиональные сотрудники.",5,"Так приятно, что вы по достоинству оценили нашу работу! Это очень ценно для нас. Постараемся и дальше соответствовать вашей пятерке))"
103,Николай Астахов,https://avatars.mds.yandex.net/get-yapic/45566/enc-687bdab508df406ce47c25daa00497c009572e335ab7980e058292ae622b23c7/islands-68,2021-12-21 08:42:17,"Небольшое отделение банка. Вежливый персонал, хорошие специалисты. Получал дебетовую карту в этом отделение. Могу посоветовать одно, подготовьтесь чем то занять себя в ожидании очереди и будет Вам счастье)",4,
104,Инкогнито 4180,,2024-01-22 15:36:35,Очень долго все,1,"Простите, если заставили вас ждать. Поверьте, мы регулярно проводим необходимые мероприятия, которые позволяют сокращать очередь и более оперативно решать вопросы клиентов!"
105,Валерий К.,https://avatars.mds.yandex.net/get-yapic/36689/4QWfsSURJQtPUzQpUncgRBMK0-1574974539/islands-68,2023-12-05 07:48:39,Постоянно очередь!,2,"Валерий, простите, что заставили вас ждать. Данный офис очень востребован для клиентов, поэтому могут возникать очереди. Поверьте, мы не оставляем этот вопрос без внимания и стараемся оперативно принимать меры для сокращения времени обслуживания. Дополнительно обсудим этот вопрос с руководителем отделения."
106,Николай М.,https://avatars.mds.yandex.net/get-yapic/64336/enc-17e312408e3ee4922f8f776ce76947869e339a48781a90678df17d203e28517d/islands-68,2022-08-30 06:25:08,Сколько не заходил всё время много людей. Сотрудник банка быстро и качественно решил все мои проблемы. В данном отделении нет кассы.,3,"Николай, мы рады, что вы остались довольны и мы смогли помочь в решении вопроса. Офис, действительно, востребован, поэтому клиенты могут столкнуться с очередью."
107,Виктория Любочка,,2022-05-17 13:12:11,"Уютное расположение,банкоматы, быстрое обслуживание, грамотный персонал",5,
108,marina s.,,2024-03-05 07:54:36,"Аппарат по выдаче талонов не работает,очередь большая стоит или сидит в маленьком закутке",1,Благодарим вас за обратную связь. Обратим внимание руководителя офиса на ваши замечания. Для нас важен ваш комфорт!
109,Данилевский Вадим,https://avatars.mds.yandex.net/get-yapic/26311/p7ff5hIJoOnaPjqqTzLl9EOgvUw-1/islands-68,2023-06-21 17:59:01,"Всё понравилось, желательно наличие кассы",5,"Вадим, благодарим вас за положительный отзыв о нашей работе 😃Действительно, не во всех отделениях есть кассовое обслуживание. Но при этом наши клиенты могут дистанционно проводить операции в личном кабинете ВТБ Онлайн."
110,Гарик 🤗,https://avatars.mds.yandex.net/get-yapic/69015/R6FY4ODy1t5JryATLxeDxCtrjGI-1/islands-68,2023-09-06 16:39:17,Нормально быстро обслуживают,5,"Рады стараться! Спасибо, что вы это оценили 😊"
111,Валентина,https://avatars.mds.yandex.net/get-yapic/41409/qYrXkzDeGkJ3fNH5Onf9AQYiiCc-1/islands-68,2022-04-26 11:47:51,"Офис небольшой, работают не так давно. Пока не смогла получить ответы на свои вопросы, то очень большая очередь, то, офис закрыт по каким то причинам.",3,
112,Анонимный отзыв,,2021-07-23 15:23:30,"Никакой электронной очереди, никаких соблюдений социальной дистанции. Работают 3 специалиста, обслуживают оооочень медленно.
Мест для ожидания только 3 (по количеству работников).
В таком микрорайоне нужно открыть что-то по лучше. Пусть возьмут пример со Сбера.",1,"Поверьте, мы всегда стремимся быть лучше. Мы обязательно обсудим с руководителем офиса все детали, описанные в отзыве, и учтем ваши замечания. Примите, пожалуйста, наши извинения."
113,Константин,https://avatars.mds.yandex.net/get-yapic/28053/jkdgPcPezE3StDYahA74ppSQ92Y-1/islands-68,2022-11-05 11:45:49,"Очень долго пришлось ждать, чтобы дождаться обслуживания, но зато само обслуживание нормальное",3,"Сожалеем, что вынуждены были потратить ваше личное время на ожидание в очереди. Примем меры и исправимся 💪"
114,Софья Никитина,,2022-08-12 17:17:47,"Чисто, уютно, аккуратно. Персонал готов оказать помощь",4,Спасибо за отзыв! Будем продолжать в том же духе 💪
115,ирина карасева,https://avatars.mds.yandex.net/get-yapic/20706/enc-ace4782e59d2541a44cbb0f20d720c4e5226a10ec27f07ed9545fd14a72a893f/islands-68,2022-12-10 12:05:53,"Хороший банк. Вежливые сотрудники. Все разьяснили, что было непонятно.",4,"Благодарим за положительный отзыв работы. Рады, что вы остались довольны 🙂"
116,Елена Яковлева,,2022-06-14 06:41:15,"Небольшое помещение. Часто много не работающих окон, да и вообще не понятно кто работает а кто просто сидит",3,"Елена, спасибо за отзыв. Обязательно проведем проверку в данном отделении 👌"
117,pelagea01,https://avatars.mds.yandex.net/get-yapic/53031/QCkaSPsKN92UgWLbQalqvj10-1/islands-68,2024-03-29 04:49:12,Мало места,4,"Благодарим вас за обратную связь. Понимаем, что наш офис может показаться небольшим, однако наша главная цель - обеспечить высокое качество обслуживания каждого клиента. Мы работаем над улучшением сервиса и стараемся делать все возможное для удобства наших клиентов."
118,RomanG,,2021-04-19 10:53:23,"Просто конченые!Поменяли номер телефона в моём мобильном банке на несуществующий!И ничего не могут сделать,типа техническая проблема!3 дня динамят и ничего не хотят делать!Старший специалист ничего не решает,ещё и пререкается!Обращение в службу поддержки 1000 ничего не даёт,отправляют обратно в банк!Отвратительное отделение и банк в целом!",1,
119,Ольга,https://avatars.mds.yandex.net/get-yapic/43978/faDmC7Q5xvL3Ay0UtQ3tYCowbGY-1/islands-68,2023-02-24 19:00:35,"Сам офис небольшой. Ждать конечно долго, но вопрос решили в полном объеме, плюс много банкоматов, поэтому ставлю 5 звезд.",5,"Огромное спасибо за приятный отклик 💛 Рады, что смогли помочь в решение вопроса 😉"
120,Olga Pankova,https://avatars.mds.yandex.net/get-yapic/27232/enc-aa097ae71bd45f761d77a98b67d015e1cce9c002e4139c4e965918b1239f6f4c/islands-68,2022-12-05 14:58:04,"Очень мало места , чтобы ожидать очередь, а народу очень много",3,"Поверьте, мы принимаем меры для того, чтобы время ожидания было минимальным. Проведем проверку в отделении и обсудим с руководителем данную проблему. Надеемся, что в дальнейшем мы не заставим вас ждать."
121,Маруся,https://avatars.mds.yandex.net/get-yapic/38135/0EFoCSzdXHgjyDQZMvBDrh1Jek-1/islands-68,2022-06-25 17:46:38,"Прекрасные сотрудники! Самые грамотные, которые встречались в жизни. Все объяснили и помогли. Везде бы такие были, как в Московском!",5,
122,Евгения Крючкова,,2022-05-18 15:30:44,"Доброжелательный персонал, решает вопросы оперативно,",5,
123,Карина Сиротко,https://avatars.mds.yandex.net/get-yapic/56823/6YPyQ2Zil1TCjbEgL2k06n9kZo-1/islands-68,2020-12-06 10:16:51,"Осталась довольна визитом в банк, сотрудник все четко и ясно объяснил по моему кредиту. Понравилась их система, при которой нет возни с бумажками, а все подтверждается электронной подписью через приложение. Очень удобно и экономит время.",5,
124,Андрей,https://avatars.mds.yandex.net/get-yapic/33202/CyaLwR5Hqusgs9athpmavbPHU-1/islands-68,2022-09-07 09:41:38,Ужасные очереди в отделении. Сесть некуда. 3 калеки принимают каждого клиента по пол часа,2,"Андрей, благодарим, что поделились с нами Вашим отзывом. Согласимся, что очереди не должно быть. Мы на постоянной основе проводим мероприятия, которые позволяют сокращать время ожидания. Продолжим работу в данном направлении."
125,Евгения С.,,2021-08-31 09:29:22,"Никакой социальной дистанции, толпа людей, была в 12-20 из трёх специалистов принимают две одна ушла на перерыв, хотя время работы банка с 10-00, очень странный режим работы.",2,
126,882101 Челноков,https://avatars.mds.yandex.net/get-yapic/28439/5DpJ1oaSxPn3dJ1ZqnS5me9I-1/islands-68,2022-08-16 11:22:45,"Хорошее отделение, отзывчивые сотрудники,только нет кассы.",5,"Рады, что Вам понравилось. Ждем Вас снова 😃"
127,Дмитрий Блюхер,https://avatars.mds.yandex.net/get-yapic/43473/enc-d861767c166aad8ee5f2dda7456a350489ea8836d8722fd576c7ee3eb147256b/islands-68,2021-12-31 13:26:51,Контора микрозаймов с соответствующим персоналом. Хамство и унижение Клиентов. Никакой обратной связи от руководства. Держитесь подальше.,1,
128,Олег,https://avatars.mds.yandex.net/get-yapic/26311/LsFbS7AmbyAjczc2pdc2fd9a2c-1/islands-68,2022-09-20 16:57:06,"Хорошее отделение, но маленькое, иногда приходится ждать.",5,Благодарим за высокую оценку. Не оставим ваши замечания без внимания.
129,Юлия Никитовна,https://avatars.mds.yandex.net/get-yapic/30955/zXN12GrpjwUR1PspSstofEKncp0-1/islands-68,2022-08-06 12:50:45,"Все быстро, была в будние дни, была одна в отделении , никого..",5,Юлагодарим за пятерку. Стараемся для вас 👌
130,Вадим Гришанов,https://avatars.mds.yandex.net/get-yapic/41409/YPqysu0XKw1cRjHWe5q9Qq2QuFs-1/islands-68,2022-07-16 19:36:18,Сотрудники внимательно относятся ко всем пожеланиям,5,"Спасибо вам, очень приятно получать обратную связь 🙏👌 Приезжайте ещё 💛"
131,Дмитрий Пятаченко,https://avatars.mds.yandex.net/get-yapic/40138/SbMD5eqzSovWQmK6M9tz1sFLfr4-1/islands-68,2022-05-02 17:36:26,Быстро все закрыли очередей нет вежливый персонал на 5,5,
132,Екатерина Яковлева,https://avatars.mds.yandex.net/get-yapic/39803/7fvv5OvhaMjh9cuM00HGu93TpKM-1/islands-68,2023-04-18 16:35:05,Можно положить и снять деньги,5,"Спасибо, нам очень приятно получать обратную связь 💛"
133,Елена Огаркова,,2022-08-28 06:59:45,"Хорошее образование, время ожидания по разному",4,"Елена, благодарим за хорошую оценку. Постараемся и дальше вас радовать!"
134,елена степакова,,2023-01-12 08:18:56,Не понравилось качество обслуживания,4,"Благодарим Вас за отзыв. Нам очень важно знать Ваше мнение. Мы стремимся к тому, чтобы быть лучше. Проведем работу в целях улучшения качества обслуживания."
135,Алёна Арзиманова,https://avatars.mds.yandex.net/get-yapic/28053/T8UDXE0S3mpGFzd4E1fSRVnxFHg-1/islands-68,2021-08-29 06:09:13,Помещение крохотное. Операторов мало. Создаётся очередь. Кредитную заявку доверили оформлять стажеру и оформление заняло 1ч 10 мин. Ужас!!!,1,
136,Эльвира Сатышева,https://avatars.mds.yandex.net/get-yapic/21493/enc-48499c5f5e5c080d0c232bea1abb7ea6/islands-68,2021-03-13 18:35:45,"Всё делают быстро.
Есть вопросы - объяснят детально 
В пешей доступности, что тоже плюс",5,
137,Вадим Готка,https://avatars.mds.yandex.net/get-yapic/62162/enc-be9076f031f3ece8ce057c96c03a943eab99a90d6c56dfeb5ee4d1e6eaaa79a5/islands-68,2022-01-17 16:50:56,"Открывал себе кредитную карту, очень понравился доброжелательный персонал!
Время ожидания очень долгое, это минус! 
И график работы тоже не очень!",5,"Вадим, благодарим, что отметили наших сотрудников. Приятно. Над очередью поработаем."
138,Нина ПАЛЬЧИКОВА,,2023-08-22 06:50:46,всё отлично,5,Супер!
139,Леонид Ефремов,https://avatars.mds.yandex.net/get-yapic/56823/vvhdtdbsr0RwzZRVliMLUKikLrc-1/islands-68,2023-05-26 16:53:42,"Ну, такое себе заведение. Неполноценный офис банка, многого тут не могут сделать.",3,"Леонид, мы хотели бы разобраться в ситуации, с которой вы столкнулись в нашем офисе. Расскажите, пожалуйста, подробнее. Обязательно изучим информацию и примем меры 👌"
140,маруся климова,https://avatars.mds.yandex.net/get-yapic/32838/7rCKHQNwAzT9q97SyqaFwaYTKAI-1/islands-68,2021-11-26 06:49:55,"Маленькое отделение. Очень медленно обслуживают. Можно потерять часа два, своего времени.",3,
141,Совершенству-беспредел,https://avatars.mds.yandex.net/get-yapic/64336/Kico6oE8mmwmWBVWW4hO6O0JcU-1/islands-68,2022-04-20 12:59:40,"Достаточно долго стояла в обеденное время в очереди, примерно 40 мин.",4,"Сожалеем, что вынуждены были потратить ваше личное время на ожидание в очереди. Примем меры и исправимся 💪"
142,Mikhail Ark,https://avatars.mds.yandex.net/get-yapic/31078/B4kDWf1F64YtPcy3LmmSGHohzAY-1/islands-68,2023-02-09 22:10:59,"Нет кассы, не меняют валюту",4,Спасибо за отзыв! Приняли во внимание.
143,Степан Окишор,,2023-09-18 04:04:50,Нормально,5,"Рады видеть, что вы оценили нас на 5 ⭐"
144,"Шоу-театр ""Лотос""",https://avatars.mds.yandex.net/get-yapic/48449/wVXk6TvJgragzcTL38W0y51H4aE-1/islands-68,2021-05-17 21:09:00,"Удобно и оперативно. На удивление, все терминалы работали.",5,
145,лисичка,https://avatars.mds.yandex.net/get-yapic/58107/GmCBihNHZcRmOSuCDjngssNCl0U-1/islands-68,2022-11-08 17:52:53,Нету кассы. С наличными сюда нет смысла идти и монеты тоже не обменяют. Приехали час на автобусе и зря!,1,"Поверьте, мы стремимся быть лучше. Обратная связь нам помогает понять наши проблемы и принять меры для улучшения сервиса и обслуживания. Благодарим Вас за отзыв."
146,Александр Гара,https://avatars.mds.yandex.net/get-yapic/48449/h4CDopH2fOB10Ga1vBAT6myg7Y-1/islands-68,2022-12-13 12:59:49,"Нет кассы, считаю что это минус",4,"Александр, благодарим за обратную связь. Примем к сведению ваши замечания."
147,Валерий Ш.,,2021-12-25 10:55:34,"При обращении, решил все свои вопросы, менеджер специалист высокого уровня.",5,
148,Maria Lukina,https://avatars.mds.yandex.net/get-yapic/31078/VaRMYRbuCVWRZOdXsxnIfCBhq4-1/islands-68,2022-02-06 18:21:25,"Очереди практически всегда, ограниченный набор услуг, нет Привелегии",3,
149,светлана с.,,2021-05-07 11:47:09,Н̠о̠л̠ь̠ в̠н̠и̠м̠а̠н̠и̠я̠ с̠и̠ж̠у̠ у̠ж̠е̠ ч̠а̠с̠ о̠д̠н̠а̠ о̠б̠с̠л̠у̠ж̠и̠в̠а̠е̠т̠ п̠о̠ з̠а̠п̠и̠с̠и̠ д̠р̠у̠г̠а̠я̠ п̠о̠ о̠ч̠е̠р̠е̠д̠и̠.,5,
150,ирина магденко,,2022-02-10 15:26:29,Туповатый персонал . 2 раза ходил туда счёт закрыть. Так и не закрыли)),1,
151,Иван Лебедев,,2022-04-26 12:42:01,Для физических лиц работает одно окошко. Очередь вечная,1,
152,Асатур Акопян,,2022-06-20 14:48:50,"Хороший банк, нормальное обслуживание",5,"Рады видеть, что Вы оценили нас на 5 ⭐"
153,Илья Ломакин,,2022-11-01 12:25:14,Быстро и все по делу,5,"Спасибо, рады стараться 😃"
154,Денис,,2020-01-23 10:52:23,"(-) Отсутствует привилегия, что огромный минус.
(-)Пока ещё народ учится, все медленно.
(+) новенькое отделение, свежий ремонт
(+) круглосуточные банкоматы",4,
155,Эльмира Гулиева,,2023-03-25 19:03:35,Самый лучший!!,5,"Спасибо вам, очень приятно получать обратную связь 🙏👌 Приезжайте ещё 💛"
156,Марина,https://avatars.mds.yandex.net/get-yapic/44850/B0zPYHNkzUNRlnbnGaIP4KEcZ0-1/islands-68,2020-02-23 07:33:12,"Руководитель приятная девушка, грамотно все объяснила. Все зависит от руководителя. Отличные сотрудники банка.",5,
157,Александр В.,,2020-11-03 18:12:09,"Бомжатский банк, с космической комиссией и дикими процентами по всему. Существует как усе ужасные структуры только благодаря гос поддержке.",1,
158,Asim D.,https://avatars.mds.yandex.net/get-yapic/34189/STWKjC9mKsWCRvwNWltfi1Jc60M-1/islands-68,2022-08-18 18:28:20,Очень хороший персонал 🙏👍,5,Спасибо за теплые слова. Довольные клиенты - наша лучшая награда.
159,loo l.,https://avatars.mds.yandex.net/get-yapic/28439/eLpkMn2lnX3ggwdQQqpX7o4qzT0-1/islands-68,2021-07-27 10:53:52,Очень медленно и долго. в течение 15 минут даже продвижения живой очереди не было. :(,1,"Согласимся с Вами, что длительного ожидания не должно быть. Обратим внимание руководителя отделения на данную проблему и примем меры 👌 Надеемся, что в дальнейшем мы не заставим Вас ждать."
160,Abdulgamid,https://avatars.mds.yandex.net/get-yapic/57243/JF2F4GX3wGMrKH6FaNuiHbOQX9A-1/islands-68,2023-04-03 17:55:41,Все четко,5,"Спасибо вам, очень приятно получать обратную связь 🙏👌 Приезжайте ещё 💛"
161,akmal t,,2023-07-29 17:11:32,Отличный,5,"Спасибо, что доверяете нам! Постараемся и дальше соответствовать вашей пятёрке 💪"
162,Андрей Орлов,,2022-05-18 15:38:31,"Мало операторов,маленький операционный зал",3,
163,Константин,https://avatars.mds.yandex.net/get-yapic/48449/MVCPAZs9FvIDk8V2hpGvqNLOWbQ-1/islands-68,2021-08-25 15:31:33,Позорники! 45 минут ждал! Передо мной было 4 человека! Как можно так работать??,1,"Извините нас, что заставили вас ждать. Мы с вами полностью согласны, такого долгого ожидания быть не должно! Информацию довели до сведения руководителя офиса, обязательно примем меры 👌"
164,Диля Дилек,https://avatars.mds.yandex.net/get-yapic/31804/FesILg9utg9sP138Pc262R7BO8-1/islands-68,2021-11-21 10:18:53,"Нормально, несмогли разблокировать карту сына, и т.д",4,
165,лена ермак,https://avatars.mds.yandex.net/get-yapic/61207/o40LW8AKd4xYxh5caVvNlfuai5U-1/islands-68,2021-02-17 17:10:02,"Неудобное, очень маленькое отделение. Много посетителей и мало сотрудников. Это минус",3,
166,Nina Loguntsova,https://avatars.mds.yandex.net/get-yapic/28439/RJZaZkkQgGbmhKc7kUXvsiWWdNY-1/islands-68,2021-09-11 10:22:06,Нормальное место. Только вот иногда ждать долго приходится,5,
167,Вадим Б.,https://avatars.mds.yandex.net/get-yapic/24700/enc-dc5ac64db3df145da0969b33dc29c8e4/islands-68,2021-12-23 12:00:05,"Нет кассы, всего два специалиста работают.",4,
168,Лидия Самсонова,,2022-05-06 12:00:36,Ничего нового и интересного.,1,
169,Надежда 30.09.64,https://avatars.mds.yandex.net/get-yapic/48449/9K5ufbGZuX4lsjYKTDBdBJDz8do-1/islands-68,2022-05-29 18:41:54,Приветливые сотрудники.,4,"Благодарим. Нам очень важно, чтобы каждый клиент оставался доволен 😃"
170,elvitto,https://avatars.mds.yandex.net/get-yapic/49368/wtgb7udF8oj4x5dZStxrCnRE-1/islands-68,2021-06-07 13:29:03,Быстро и профессионально. Рекомендую.,5,Ваш положительный отзыв для нас – лучшая награда 😊
171,Сергей,https://avatars.mds.yandex.net/get-yapic/41409/0zx16DWLmPMe055kfSH3w4o-1/islands-68,2023-09-20 06:54:11,Маленький офис,3,"Благодарим за отзыв. Позвольте отметить, что мы стараемся максимально использовать все пространство офиса для комфорта наших клиентов. Приняли во внимание ваше замечание 👌"
172,Регина,,2021-11-23 09:36:50,"Здорово, что открыли филиал в это районе!",5,
173,Максим Иванов,,2021-12-25 06:27:00,Маленькое помещение. Отсутствует касса,3,
174,Денис Бахмач,https://avatars.mds.yandex.net/get-yapic/50595/qpkCcFiiyY4gjNnR4UjOuuZuA-1/islands-68,2021-06-16 10:26:48,"Маленькое отделение, не работает после 19:00 и по выходным.",5,"Спасибо за Ваш отзыв. Действительно, график работы отделения Пн-Пт 10:00-19:00."
175,Калеман Пупкин,,2021-03-26 08:38:18,"Для кого открыли это отделение, для сотрудников? В выходные не работает.",3,
176,Роман Прохоров,,2022-06-18 17:06:04,За 5 минут решил вопрос,5,"Спасибо за отзыв, рады стараться 😃"
177,irina kazakova,https://avatars.mds.yandex.net/get-yapic/21377/enc-9e550888c4062ae3894d466f4addc14e98eee9008467e0d4eb455d6405be2647/islands-68,2022-02-13 20:20:27,Удобное место положения,5,
178,Дмитрий Д.,,2021-10-09 16:08:53,Самое ужасное отделение втб в котором я был!!!!,1,"Хотим разобраться в ситуации, с которой столкнулись в офисе. Для этого просим направить на наш адрес SMedia@vtb.ru ваши ФИО, дату рождения и подробное описание ситуации. В теме письма необходимо указать «Яндекс, Московский, 9А, 3-й микрорайон, 09.10.21». Обязательно изучим информацию и примем меры 👌"
179,Николай Маслов,https://avatars.mds.yandex.net/get-yapic/24700/enc-164b38b74ee4e49326ae31262b21801598eee9008467e0d4eb455d6405be2647/islands-68,2021-04-25 14:29:31,"Обслуживают в сбербанке, по моему быстрее, чем в этом отделении",3,
180,goaa,https://avatars.mds.yandex.net/get-yapic/36689/enc-4bb8f2c2e3c69fd48abc582fe77b5e18f6eb5d07c62e226d1a03e9e862b1f1af/islands-68,2022-08-29 17:30:47,"Надо подгадывать время, очереди и долго ждать",3,"Спасибо за отзыв. Обязательно проведем проверку в данном отделении на основание Ваших замечаний и примем меры, которые позволят оперативно решать вопросы клиентов."
181,Дарья Медянцева,https://avatars.mds.yandex.net/get-yapic/20706/enc-3f09940c45e7a3b8e006c84e34a07dbd7619d7828da80f26df37e09ebd669e63/islands-68,2022-01-03 22:55:34,Работают недобросовестные сотрудники,1,
182,Тигран Геворкян,,2022-04-28 13:54:37,Банк всем банкам банк,5,
183,Alex Orlovskiy,,2022-05-03 14:20:22,Хороший офис ВТБ банка,5,
184,Олег Оболенский,https://avatars.mds.yandex.net/get-yapic/30061/H3SEytRsMSjOrJBva4Iqy9JbMAo-1/islands-68,2022-04-11 10:22:20,Отвратительное место здесь вы точно умрете в ожидании. Работаю очень медленно!!!!,1,"Сожалеем, что для решения вопроса вам пришлось потратить свое личное время на длительное ожидание в очереди. Мы обязательно примем меры для сокращения времени ожидания. Приносим наши извинения."
185,Nik,https://avatars.mds.yandex.net/get-yapic/35885/RXZBKL5IJUTBNZ20pnWUJ4MxrvM-1/islands-68,2022-05-01 12:10:16,Супер во всем!!!,5,
186,Александр Шарманов,,2022-06-30 11:51:59,Классный банк,5,
187,Арт,,2021-04-18 00:04:01,Отстойное отделение которое очень урезано по банковским услугам.,3,
188,Ivan Vinnikov,https://avatars.mds.yandex.net/get-yapic/28053/igvShS2kBuLOIHkJjmp0MWeQr4-1/islands-68,2020-08-29 15:53:56,"Хороший офис, приветливый и грамотный персонал.",5,
189,Danil C.,https://avatars.mds.yandex.net/get-yapic/38663/zRjBhMjypYxOGPe0IyHN6ZXuyU-1/islands-68,2020-06-10 18:45:53,"Обслуживание хорошее, но вот нормальных продуктов здесь для людей нет. Проценты бешеные...",3,
190,Алексей Корнилов,https://avatars.mds.yandex.net/get-yapic/25817/G0KRAvHtXQsDlt7V4ZQQ4pCnM-1/islands-68,2021-04-27 14:13:36,постоянное очереди при проходимости 2 человека в час,2,
191,Сергей Кодинцев,https://avatars.mds.yandex.net/get-yapic/31804/RnZs7BkJve7jGDCe6M2vlRL7vH8-1/islands-68,2022-05-24 19:32:12,Долгое ожидание.,3,"Сергей, спасибо за отзыв. Обязательно проведем проверку в данном отделении на основание Ваших замечаний и примем меры, которые позволят оперативно решать вопросы клиентов."
192,Крутой,https://avatars.mds.yandex.net/get-yapic/61207/84px0t735jS5P7oU3HOsE0rkJHw-1/islands-68,2022-01-18 14:52:29,"Персонал вообще не вежливый, видимо, впускают лишь неплохо обеспеченных граждан",1,"Мы сожалеем, что обслуживание в нашем офисе доставило вам неудобства. Мы обязательно проведем проверку ситуации из вашего отзыва и организуем встречу с руководителем офиса и сотрудниками, на которой обсудим вопросы повышения качества обслуживания клиентов. Примите наши извинения за доставленные неудобства, исправимся 👌"
193,Георгий,,2022-04-23 07:43:59,Даже кассы нету,1,В офисе действительно нет кассы. Выбрать офис с кассовым обслуживанием вы можете на нашем сайте по ссылке https://www.vtb.ru/o-banke/kontakty/otdeleniya
194,Патимат Омарова,,2022-02-01 15:01:03,40 минут ожидание,3,
195,Margarita P.,https://avatars.mds.yandex.net/get-yapic/51381/X1gn78qUQLmsTKfcDksJmMUY40-1/islands-68,2020-07-13 12:06:49,Очень чистое отделение. Сотрудники вежливые,5,
196,Валерия Филиппова,https://avatars.mds.yandex.net/get-yapic/62162/RWUIpf3Rv2fkHWVpL0uJhJMC3GQ-1/islands-68,2021-12-24 13:46:07,Нет ипотечного окна…,1,
197,Александр,https://avatars.mds.yandex.net/get-yapic/29310/QueofBGjQaMVpP17aayJEdGXqw-1/islands-68,2021-04-08 07:39:01,При обращение всегда всё ясно объясняли!,5,
198,Timur Rezunenko,https://avatars.mds.yandex.net/get-yapic/15430/enc-bd77df252c08192fc7ab5628c751fc1ab258976f2c3ad874aa76c9afbae08952/islands-68,2020-09-30 08:13:01,"Большие живые очереди, очень медленное обслуживание.",2,
199,Nadi N.,https://avatars.mds.yandex.net/get-yapic/40841/jBMEasGqh2ALszY0fplUAoeGC4-1/islands-68,2020-08-09 16:06:06,Уютное отделение.Доброжелательное отношение.,5,
200,Стас,https://avatars.mds.yandex.net/get-yapic/44850/azJfnBl7NymT1Tfy3lrefh8LZYU-1/islands-68,2022-07-16 10:26:07,Вежливый персонал,5,"Спасибо, рады стараться 😃"
201,Григорий Т.,,2021-02-26 15:11:35,Грабит людей каждый день и узаконено.,1,
202,Сергей Бочаров,https://avatars.mds.yandex.net/get-yapic/40841/enc-5e0d2f52b817667bd3fd7751057716df84424375cd7b28842791447553eb28b6/islands-68,2021-02-14 07:10:20,"Дно, верх непрофессиональнализма",1,
203,Анна Львовна,https://avatars.mds.yandex.net/get-yapic/51381/XPyg9uMigFNRMUN1qBeJFGTMTZg-1/islands-68,2022-02-23 05:40:28,Как правило часто очередь.,4,"Поверьте, мы принимаем меры для того, чтобы время ожидания было минимальным. Проведем проверку в отделении и обсудим с руководителем данную проблему. Надеемся, что в дальнейшем мы не заставим Вас ждать."
204,Ирина Пучкова,https://avatars.mds.yandex.net/get-yapic/31078/M7Yt1uzUmnAllZyhmYnYdVUKs-1/islands-68,2020-02-07 15:04:01,Очень тесно. Работал один менеджер. Ждала свою очередь стоя. Негде сесть,1,
205,sid0rowaelen4,https://avatars.mds.yandex.net/get-yapic/64336/6Q4BrtU1lOmcNmvUidphB1qk4Fg-1/islands-68,2020-10-09 10:09:05,Великолепное обслуживание,5,
206,Ирина Ремарк,https://avatars.mds.yandex.net/get-yapic/68143/OUV0Oy5TRrf215eOygUbGe3U6gA-1/islands-68,2021-05-23 14:51:54,Мало операторов,5,
207,Риточка Десорина,https://avatars.mds.yandex.net/get-yapic/20749/eLHHTtFhzu0DygmukbjWttbiU-1/islands-68,2021-11-29 14:48:57,Супер,5,
208,Маша Иванова,,2021-03-12 17:38:19,Блокируют счета.,1,
209,Виталий,,2020-07-28 11:28:48,"Хороший банк, без очередей",5,
210,Николай,https://avatars.mds.yandex.net/get-yapic/45131/Hylq1G0pBu8i0B17OYf35w8tW0-1/islands-68,2020-02-20 17:12:35,Нормальное отделение баека,5,
211,Оксана Мартынова,https://avatars.mds.yandex.net/get-yapic/63256/6uJgVJO6QT60TjEkx0O35vu0QQ-1/islands-68,2020-08-18 19:04:02,Наконец открылись.,5,
212,Гор,,2020-03-14 18:20:11,Крутой маленький офис,5,
213,Михаил,https://avatars.mds.yandex.net/get-yapic/27232/u1tfj3P0yNuW8get11YBqVRkpE-1/islands-68,2020-02-17 16:46:50,Удобное размещение,5,
214,Diana Gor,https://avatars.mds.yandex.net/get-yapic/24700/enc-9cb4dffcc0dd0e1b01abced5bd1cdfd409d7f0da67f82085626cae05f8b37847/islands-68,2020-03-21 05:25:48,Отличный банк,5,
