,name,icon_href,date,text,stars,answer
0,николай иванов,,2024-04-07 18:05:22,"Приятное, чистое, современное отделение…так же и как работники, очень приятные и вежливые.
Особенно хочу подчеркнуть работу менеджера Чернавцевой Анастасии, уровень обслуживания пять звезд.
А так же благодарю менеджера Андриянову Ольгу за помощь в решении моих вопросов!!!",5,"Для нас очень важно, чтобы наша работа приносила вам только приятные впечатления. Постараемся и дальше вас радовать! Отдельное спасибо, что отметили работу конкретных сотрудников 👍"
1,Тихон Кудлай,https://avatars.mds.yandex.net/get-yapic/63032/t5UeAq7VL9zDs7aehPsqfPcgl4E-1/islands-68,2023-11-04 14:43:41,"Замечательное просторное и коиентоориентированное отделение, очаровательные специалисты помогут в решении любого вашего вопроса.
Очень рекомендую, в пику отделению у метро Раменки, где диаметрально противоположная ситуация, и местные барышни найдут к чему прикопаться и какой пункт инструкций использовать в ущерб клиенту.",5,"Очень приятно получить такую высокую оценку, спасибо 😊"
2,Aygiz,,2023-11-23 11:44:55,"Отличное отделение банка, отзывчивый персонал, всегда быстро и качественно выполняют свою работу, доволен обслуживанием.",5,"Приятно знать, что посещение нашего офиса вызвало у вас исключительно положительные эмоции 😉"
3,Маркет Плейс,https://avatars.mds.yandex.net/get-yapic/20749/DsylVbIxAokCvMjwcmcVlVl1l1Q-1/islands-68,2023-10-24 16:39:15,"В этом отделении имеется Касса, что для сделок очень удобно! Большой зал и удобное место ожидания! Рядом тц Фестиваль, где можно пообедать.",5,"Спасибо, нам очень приятно получать обратную связь 👍"
4,Лисафьев Владимир,https://avatars.mds.yandex.net/get-yapic/45566/CBaNfImsa7Em5XgiaBJZzWEtVOs-1/islands-68,2024-01-10 13:48:05,"Благодарю вашего консультанта по имени Яна, вежливая и отзывчивая, быстро помогла решить проблему, возникшую у клиента ВТБ ""Привилегия"".Спасибо.Лисафьев Владимир.",5,"Спасибо, что нашли время оставить отзыв. Приятно видеть, что помощь нашего сотрудника вызвала у вас исключительно положительные эмоции!"
5,Анна Мацюк,https://avatars.mds.yandex.net/get-yapic/21377/enc-1f4a047222a384122447fe6efc2314c6e78d40fd37be81f6ca2113571bb9b0cd/islands-68,2023-10-19 19:39:04,"Странная концепция банка - отделение есть, но только для випов. То есть ты обычный клиент - тебе обслуживание не светит. Сделайте отдел по работе с клиентами - даже небольшой. Это очень неудобно, когда у тебя как у клиента проблема, а тебя разворачивают, потому что в этом банке у тебя нет миллионов на счету! Дискриминация в чистом виде!",1,"Данное отделение банка обслуживает только клиентов пакета ""Привилегия"". Рекомендуем обратиться в соседние отделения."
6,NikTaraskin,https://avatars.mds.yandex.net/get-yapic/39803/enc-c22e6561ded22cb61ccdd7e580cdbe9bf24874f4dc922b4eb50b455107676f1a/islands-68,2023-11-02 10:43:32,"Оказывается данное отделение только для ""ПРИВИЛЕГИРОВАННЫХ"" клиентов, остальные проходите мимо...
Нужно было лишь актуализировать паспортные данные, но нет - вам здесь не рады, езжайте в другие отделения.
Самое противное в том, что в отделении на тот момент не было ни одного посетителя, от слова совсем! 
Ваша заслуженная ЕДИНИЦА, так держать!",1,"Сожалеем, что возникла такая ситуация. Офис действительно обслуживает только держателей пакета «Привилегия». Информация об этом на данном сервисе указана.

Формат работы отделения можно также уточнить перед посещением на нашем сайте: vtb.ru/about/offices или по звонку в контактный центр по номеру телефона 8 800 100-24-24 или 1000 с мобильного.

Приносим извинения за возможные неудобства."
7,Victoria Zorina,https://avatars.mds.yandex.net/get-yapic/40841/fZwo7t8e3huGpjhiZLuTEJKwk8-1/islands-68,2023-12-02 16:49:57,"Обслуживание нормальное, отделение хорошее. Проблема в том, что зимой крыльцо очень скользкое, коврики далеко, и упасть на пороге ничего не стоит (со мной так и произошло сегодня). Пожалуйста, подвиньте их поближе или постелите что-то, можно и ногу сломать.",3,Спасибо за сигнал. Обратим внимание руководителя офиса на ваши замечания. Приносим извинения за возможные неудобства.
8,Екатерина Д.,,2024-02-17 12:20:00,"Не обслуживают обычных клиентов банка, только ""привилегию"". Об этом нигде не написано, просто вы приедете и потратите своё время. Я лично мама в декрете, шла в ближайшее отделение по пустяковому вопросу, который не могут решить на горячей линии. Отправили в другие отделения, а у меня на это нет времени. Вопрос так и не решила, хотя отделение пустое и народу никого",2,"Нам очень жаль, что у вас сложилось негативное впечатление о Банке. ДО «Олимпийский» - отделение премиального обслуживания, здесь осуществляется обслуживание клиентов с пакетом «Привилегия».

Данная информация размещена в открытом доступе на нашем сайте online.vtb.ru/map/offices/, а также на данном сервисе в разделе «Особенности».

Приносим извинения за возможные неудобства!"
9,Руслан М.,https://avatars.mds.yandex.net/get-yapic/63032/ccyeIabiRWgvuZ8SiwdEGnxplDw-1/islands-68,2023-08-06 13:14:31,"Вежливые и знающие свое дело сотрудники, всегда в хорошем настроении, с большим позитивом и приятным общением. Желаю всем сотрудникам этого отделения успехов и отличного настроения!",5,"Здравствуйте!
Спасибо, что уделили время и оставили отзыв! Приятно видеть, что помощь наших специалистов вызвала у вас положительные эмоции 😊"
10,Nankka,https://avatars.mds.yandex.net/get-yapic/36689/enc-669ea48badff5f2bdadb83f844ca3ba8906b34197d53518395b22861079b9f40/islands-68,2024-02-03 07:22:40,Досадно. Шла по морозу и меня развернули. 10:19 в отделении 3 сотрудника общаются между собой. И ни души! Ни одного клиента. Что ж прощание с ВТБ быстрым не получилось. Но теперь точно прощаемся!!! И верните деньги моего мужа! Было распоряжение Путина заблокировать счета частных иностранных инвесторов и эти деньги вернуть инвесторам резидентам РФ. Другой банк распоряжение исполнил.,1,
11,Serega M.,https://avatars.mds.yandex.net/get-yapic/47747/iI5dSOsfe7UmkuG1nkjS6dWUKU-1/islands-68,2022-12-11 09:49:41,"Банк норм. Персонал вежливый. Внутри чисто , аккуратно, народу мало бывает. Стараются всем помочь. В доль дороги парковка , рядом тц есть , если что там можно припарковаться, поесть , закупиться....рекомендую.",5,"Рады, что вам понравилось. Ждем вас снова 😃"
12,Анастасия Т.,https://avatars.mds.yandex.net/get-yapic/58107/dfhfJ7cYiw8SMbwq5a6udzVBSc-1569471230/islands-68,2024-02-14 22:54:56,"Хорошее отделение, вежливые сотрудники, помогли быстро и оперативно решить мою проблему.",5,"Благодарим за отзыв! Рады, что вы остались довольны. Приходите ещё 💙"
13,Даниил Б.,https://avatars.mds.yandex.net/get-yapic/30061/enc-17f3af7663cf9f827405810d119b487f806798b8d6bd0e173a813d8949cf813c/islands-68,2024-02-13 13:40:36,"Спасибо, обслуживание на вашем уровне, приятный и улыбчивый коллектив, готовые помочь)",5,Ваш положительный отзыв – наша лучшая награда 👍
14,Михаил,,2023-12-09 11:55:58,"Ходили пожилые родственники, в отделении сказали, что вклад в этом отделении можно открыть только от определенной суммы в размере несколько млн. рублей. Оказалось, что отделение обслуживает только привилегированных клиентов.",3,"Сожалеем, что возникла такая ситуация. Офис действительно обслуживает только держателей пакета «Привилегия». Информация об этом указана в разделах «Контакты» и «Особенности».

Формат работы отделения можно также уточнить перед посещением на нашем сайте: vtb.ru/about/offices или по звонку в контактный центр по номеру телефона 8 800 100-24-24 или 1000 с мобильного."
15,Anatoly Litvinenko,https://avatars.mds.yandex.net/get-yapic/48449/trWUAWXeYsTIs43EdQwKJtiwwg0-1/islands-68,2023-09-15 11:39:41,"4 года являюсь клиентом этого отделения банка. 
Красиво, просторно, нет очередей, обслуживание разумно- быстрое, к мнению клиентов прислушиваются.",5,"Спасибо, что доверяете нам! Постараемся и дальше соответствовать вашей пятёрке 💪"
16,Тамара Угляничная,,2023-10-16 10:49:05,"Офис чисто для клиентов Привилегия. Все соответствует. Замечаний нет. Было однажды, что с ОБЕДА ждала кассира долго, считаю, что в таком офисе нужно идти навстречу клиентам и прерывать обед…Хотя бывает большой поток клиентов конечно и тогда кому-то все равно придется ожидать, пока человек перекусит",5,Благодарим вас за отзыв. Обратная связь нам помогает понять наши проблемы и принять меры для улучшения сервиса и обслуживания.
17,golvik1,https://avatars.mds.yandex.net/get-yapic/68143/77VQiR4ljD60h3HRNCjUYMcFuSQ-1/islands-68,2023-11-02 11:46:21,"Отделение банка для ""белых"".
Прочитал официальный ответ ВТБ. 
Уважаемые авторы ответа! Я написал отзыв не о доставленных мне неудобствах, а о политике ВТБ фактического разделения общества на бедных и богатых.",1,"Не ставили себе такую задачу. Мы ценим всех наших клиентов 💛
С условиями обслуживания пакета «Привилегия» можно ознакомиться на нашем сайте: vtb.ru/privilegia/karty/"
18,Городская Сити,https://avatars.mds.yandex.net/get-yapic/58107/lo7Kd9U3PnJQIENb4TZcbo8MUo-1/islands-68,2022-12-18 09:46:51,"Что можно написать про отделение? Нормальное, я не отношусь к категории премиум клиентов, в связи с этим само обслуживание сотрудниками банка оценить не могу.Хотелось бы, чтобы начали обслуживать частных клиентов, не премиум сегмента, чтобы обычным людям обслуживаться. За обслуживанием для простых граждан, приходиться ехать на Юго западную или в Раменки, что не очень удобно. Тем более такой большой район, рядом ТЦ. Ну и наладить работу банкоматов, есть те, которые очень долго прогружаются именно на внесение наличных, зависают.",4,"Ольга, обратная связь помогает нам стать лучше. Примем к сведению ваши замечания."
19,Наталья М,https://avatars.mds.yandex.net/get-yapic/37154/BTC7FolAbmh4Vv6TYbkefIfl7s-1/islands-68,2024-01-09 12:29:21,Хорошее отделение в шаговой доступности от остановки общественного транспорта,5,Благодарим за положительный отзыв 👍
20,Анастасия А.,https://avatars.mds.yandex.net/get-yapic/20706/enc-a0cb65353109044c0b8d7866a84c9af298eee9008467e0d4eb455d6405be2647/islands-68,2023-11-10 10:13:51,"Нет возможности обслуживаться в отделении рядом с домом, т.к. оно только для Привилегированных клиентов",1,"Благодарим за обратную связь. Данное отделение действительно обслуживает только держателей пакета «Привилегия».
Отметим, что мы продолжаем развивать сеть наших офисов. Для вашего удобства мы реализовали возможность проведения большинства операций в личном кабинете ВТБ Онлайн."
21,денис чегодаев,,2023-11-07 10:37:52,"Ужасное отделение, нужно взять выписку и закрыть счет, а они этого сделать не могут, только кредит впарить. Не рекомендую!",1,"Благодарим за отзыв. Обратная связь помогает понять наши проблемы и принять меры для улучшения сервиса и качества обслуживания.

Важно отметить, что сотрудники всегда стараются предложить наилучшие решения, которые соответствуют требованиям клиента. При этом любые договоры с Банком могут быть заключены только с его добровольного согласия.

Расскажите, пожалуйста, подробнее, какие трудности возникли с закрытием счета и получением выписки? Позвольте также отметить, что большинство справок/выписок вы можете получить в личном кабинете ВТБ Онлайн."
22,Роман Романов,,2024-02-05 17:29:01,"Работают только с людьми у которых болшие вклады и я так понимаю с юрлицам. Банкоматы либо пустые, либо не работают.",2,"Нам очень жаль, что у вас сложилось негативное впечатление о Банке. ДО «Олимпийский» - отделение премиального обслуживания, здесь осуществляется обслуживание клиентов с пакетом «Привилегия».

Данная информация размещена в открытом доступе на нашем сайте online.vtb.ru/map/offices/."
23,Весельчак Меломан,https://avatars.mds.yandex.net/get-yapic/30431/JE9SfXrf5opUFe77CToknc5T8-1/islands-68,2024-02-12 19:26:25,"Отличное отделение, очередей нет. Особая благодарность менеджерам которые решили мой вопрос.",5,"Так приятно, что поставили нам высокую оценку 💙 Рады стараться для вас 👍"
24,Роман Дубовик,,2023-03-18 07:09:07,"Банк ВТБ сродни мошенникам. Достаточно активно пользовался их кредитной картой и в один день перед Новым Годом от банка пришло предложение в мобильное приложение о кредитных каникулах. Решил воспользоваться, предварительно побывав в отделении банка, у меня пакет ""Привилегия"", и уточнив у сотрудника банка все нюансы. В итоге банк всё-таки выставил проценты и никакие заявления (их было 2) не помогли. Налицо некомпетентность работников банка и по попросту обман. Был и второй случай, когда банк списал с меня комиссию за невыполнение требований бесплатного обслуживания пакета ""Привилегия"", хотя несколько лет я их выполнял. А тут банк их поменял, не уведомив меня как клиента. Просто отвратительное отношение к своим клиентам у банка, никому не рекомендую ВТБ.",1,"Поверьте, мы всегда стремимся быть лучше. Мы обязательно обсудим с руководителем офиса все детали, описанные в отзыве, и учтем ваши замечания. Примите, пожалуйста, наши извинения."
25,Ярослав,,2022-08-18 17:05:15,Отличное отделение. Первый опыт работы с ВТБ. Дружелюбный персонал. Очень квалифицированные персональные менеджеры. Имел дело с девушкой по имени Ольга. Полностью удовлетворен качеством обслуживания.,5,"Мы рады, что обслуживание в Банке оставило у вас приятные впечатления, и спасибо Вам за то, что уделили время и написали этот положительный отзыв о работе нашего сотрудника."
26,akhalkatsi@mail.ru,,2023-03-29 11:08:52,"Прошло примерно 2 года после закрытия счёта. Процесс выплаты процентов и закрытие счёта сам по себе был сопряжён с некомпетентностью и вызывал сильное раздражение и негативные эмоции.
Так вот, как оказалось , счёт не был закрыт, и туда случайно попали чужие деньги, которые надо было вернуть. У меня взяли заявку по телефону на закрытие счёта и возврат денег.
 В назначенное время заявка не была исполнена, мне сказали, что такие заявки не принимают оказывается по телефону, и ждать надо ещё месяц. А вообще надо ехать в отделение чтобы закрыть счёт.
 Третий (!) раз ехать в отделение чтобы сделать простую процедуру - закрыть и счёта Это кошмар какой-то!",1,"Поверьте, мы стремимся быть лучше. Обратная связь нам помогает понять наши проблемы и принять меры для улучшения сервиса и обслуживания. Благодарим вас за отзыв."
27,Ольга А.,,2023-11-23 11:24:56,Быстрое обслуживание и удобное расположение.,5,"Благодарим за положительный отзыв, нам очень приятно 👍"
28,Ирина Овдиенко,https://avatars.mds.yandex.net/get-yapic/51381/ZKZx4oeD8UFiNvcwveQx5w5riAY-1/islands-68,2023-06-02 09:47:29,"Приветливый и грамотный персонал, помог в решении вопроса. Несколько банкоматов, что очень радует, очередей там не видела",5,"Ирина, очень приятно получить такую высокую оценку, спасибо 😊"
29,Владимир Щелков,https://avatars.mds.yandex.net/get-yapic/63256/enc-cde7c6055a0f8f832947743bc2533e65ba08c98141b568115898ec6baa71854f/islands-68,2024-02-26 17:45:10,"Хорошее обслуживание, приветливый персонал!",5,"Довольные клиенты - наша лучшая награда. Благодарим за то, что так высоко оценили нашу работу 💙"
30,Ирина Ларина,,2023-06-30 13:28:06,"В целом, всё хорошо. Показалось только, что сотрудники несколько высокомерно относятся к посетителям, первый вопрос: ""Вы являетесь членом программы Привилегия?""",5,"Ирина, огромное спасибо за приятный отклик 💛
Ваше замечание мы обязательно направим руководителю офиса для дальнейшего анализа. Простите за возможные неудобства."
31,АлексейЛ.,https://avatars.mds.yandex.net/get-yapic/27274/cKCBlEss5UU3fUEJXDwYOkojA-1/islands-68,2022-05-22 17:15:43,Хорошее отделение. Просторный офис. Вежливые и компетентные сотрудники. Приятно обслуживаться. Благодарность главному администратору отделение и всем сотрудникам.,5,Спасибо за отзыв! Будем продолжать в том же духе 💪
32,Сергей,https://avatars.mds.yandex.net/get-yapic/25817/zPVifcCc4mzAPZMfeXrrxLH0I-1/islands-68,2023-11-28 11:02:28,"Это не операционное отделение в выходные проблему не решат, только пошлют где решат.",3,"Примите, пожалуйста, наши извинения за неудобства. Мы всегда стремимся быть лучше, поэтому надеемся, что ваш дальнейший опыт взаимодействия с ВТБ будет исключительно положительным."
33,Ильдар,https://avatars.mds.yandex.net/get-yapic/28439/aTjpq3tvSHfOXlJoq7FXEJds-1/islands-68,2022-01-31 16:27:26,"Удобное расположение. В банкоматах нет очереди, потому что грамотный специалист, установил четыре банкоматах в отделении, что является большим приоритетом. Сотрудники отзывчивы и помогают всегда в решении любых вопросов, за что им огромное спасибо.",5,
34,Serdgi Serdgi,,2023-01-04 12:24:32,"Удобно располагается, обслуживание тока для особых клиентов, у кого мульты вложены под проценты. Для обыкновенных людей другие точки такого банка. Персонал вежливы. От входа до директора.",4,Благодарим вас за отзыв. Обратная связь нам помогает понять наши проблемы и принять меры для улучшения сервиса и обслуживания.
35,Валера И.,,2023-05-17 07:49:05,"Ужасный филиал. Сотрудники не обслуживают, ссылаются на обслуживание только VIP клиентов. Лодари и бездельникии. Закрою все карты этого ужасного банка. Никому не советую посещать этот филиал, да и вообще ВТБ.",1,"Здравствуйте!
Сожалеем, что данная ситуация вызвала у вас негативные эмоции. Отметим, что данный офис действительно обслуживает только держателей пакета «Прививлегия». Подобрать подходящее отделение можно на нашем официальном сайте: www.vtb.ru/about/offices/"
36,Полина Э.,https://avatars.mds.yandex.net/get-yapic/59871/1yvhvFHuXnuFKRLJbem8uOv0L0-1/islands-68,2024-02-12 15:13:47,"Хорошее отделение,отзывчивый персонал !",5,"Благодарим за отзыв. Наши сотрудники всегда стараются быть внимательными и заботливыми к каждому клиенту, и мы рады, что вы ощутили это на себе. Приходите к нам почаще!"
37,П П,,2022-04-18 14:38:31,"Позвонил мне менеджер и начал красиво петь, что у Вас уровень обслуживания повышен до ""Приват банкинга"", на электронную почту пришло сообщение с подтверждением повышения уровня до вышеуказанного. 
Пришёл в данное отделение с целью получения справки о состоянии счётов. На входе меня встретил самодовольный парень и спросил имею ли я уровень привилегии для обслуживания в данном офисе,на что я ответил,что у меня уровень приват банкинг. Я объяснил ему, что не необходимо получить справки. После чего он взял мой паспорт и ушёл, как я подумал делать справки. Через 
 время он вернулся ко мне и с совершенно неприятным выражением лица указал мне на дверь и сказал, что у меня нет никакого статуса и я ещё не дорос до уровня обслуживания в их отделении. Я объяснил ему про своц статус в их банке, но ему было это совершенно не интересно, с челядью он не разговаривает. 
Выйдя из отделения, я позвонил в банке по номеру телефона, который мне оставил персональный менеджер присваивающийся при приобретении вышеуказанного статуса, но по данному номеру меня с ним соеденить не смогли, ответил другой менеджер и сказал, что у меня нет никакого статуса и он ничего не знает. 
При этом до этого менеджер пел, что мне этот статус на год дают, не зависимо сколько денег будет в дальнейшем на счету. 
Банк ВТБ стал откровенным дном. Сейчас я закрываю все свои счета в вашем банке и не хочу иметь более с вами никаких дел. 
Разберитесь с вашими бездарными сотрудниками.",1,
38,Артём Малахов,https://avatars.mds.yandex.net/get-yapic/25358/eVAu5XQhnPjFbItrAsOy5tIR8Yw-1/islands-68,2024-01-22 17:43:15,"Кайф, новые быстрые банкоматы, почти нет очередей",5,"Рады, что вам понравилось. Не зря стараемся 😃"
39,Алексей Д.,https://avatars.mds.yandex.net/get-yapic/53031/enc-d86540753b4957a4aa5e971d3b91908a630572771774cfc5f97d7d6834af041f/islands-68,2022-08-18 09:06:08,"Что могу сказать. Классический втб. Пришёл получить выписку платежей ипотеке. был вежливо послан, что тут офис только для членов клуба привилегий. А значит что я не могу ничего там получить, если не являюсь членом этого «элитного « закрытого клуба. Более того, при виде моего удивленного лица, девушка сразу на юзала продавать мне это членство.

Дорогой втб, если вы в пустом офисе не можете обслужить одного клиента с базовой просьбой, то ни о какой лояльности к банку говорить нельзя. 

Какая степень лени мешает вам сделать пометку что в этом офисе ты не получишь ничего, если ты не в «элитном» клубе? 

Пустая трата моего времени",1,"Информация об обслуживании только клиентов Привилегии указана в вкладке ""Особенности"" при просмотре информации об офисе."
40,Вера,,2022-03-15 15:18:01,"Работа отделения сотрудников на отличном уровне. Всегда готовы помочь, сейчас в не простое время для ВТБ в целом, пожелания стрессоустойчивости и оптимизма! Управляющий Сергей Александрович, при неоднократном обращении оказывал помощь в разрешении проблем, профессионал своего дела.",5,
41,Шиндина Наталия,,2023-02-27 09:31:56,"Сегодня была, нужно было только подтвердить новый паспорт. Так они работать с превилигированными клиентами)
Очень удивило меня. Огромный зал, пустой!
Так почему нет информации???",1,Спасибо за отзыв! Добавим информацию.
42,Ирина,https://avatars.mds.yandex.net/get-yapic/49368/etIFw8NAp0qJY4J1qPSBC9RlhHs-1/islands-68,2022-09-06 23:24:04,"Просто шикарный офис, колличестпосетителей меньше чем свободных операционистов, для решения вопросов есть приватные зоны, четыре современных банкомата в тамбуре)) Если кто-то претендует на обслуживание , обращайтесь в офис!",5,Получить высокую оценку от нашего клиента – это наивысшая награда за работу для всего Банка.
43,Mikhail N.,https://avatars.mds.yandex.net/get-yapic/42215/enc-7f24867cc5f5297ff8ff2dd025ac44f6a8c0ebbfcc6c0e39f897789be3f68f92/islands-68,2023-09-15 09:20:30,"По телефону говорят, что эскроу счет можно открыть в любом офисе ВТБ. по факту тут шлют в другие офисы. потраченное в пустую время!",1,"Хотели бы разобраться в ситуации, с которой вы столкнулись в офисе. Расскажите, пожалуйста, подробнее. Обязательно изучим информацию и примем меры.
Дополнительно отметим, что с паспортом и договором долевого участия действительно можно обратиться в любой офис для срочного открытия счета."
44,вадим К.,,2023-08-10 13:18:43,"Простых клиентов не обслуживают, отправляют в другие отделения , если ты не являешься клиентом их программы привелегий",1,"Данное отделение действительно обслуживает только держателей пакета «Привилегия». Информация об этом есть в разделе «Контакты». К сожалению, сервис не позволяет разместить ее в другом поле.

Ознакомиться с информацией о формате офисов можно также на сайте vtb.ru/about/offices/ или по звонку в контактный центр 8 800 100-24-24 или 1000 с мобильного.
Приносим извинения за возможные неудобства."
45,Лил Бел,,2022-12-31 09:09:33,"Сам банк может и красивый и удобный,но профессиализм сотрудников по некоторым вопросам это пустая трата ,или шулерские фокусы!!!
Даже если вы и являетесь членом привиллегий!
Всетречают по одежке!!!
Все нацеленно только чтобы вы больше оставили и ушли ни с чем !!
Не решены элементарные вопросы!!
Не могут актвировать элементарный Onpass!!
А зачем вы им манили или вводили если элементарно не можете ответить на простые вопросы?!
Вме отмашки что вам сменили систему ,так если сменили будте добры изучить новую систему или хоьябы вникнуть в суть вопроса ! .чай и кофе вам будут предлогать когда с вас хотят вытрясти бабки!
Так что не думайте что Привеллегия что то даст !!",3,"Благодарим вас за отзыв. Нам очень важно знать ваше мнение. Мы стремимся к тому, чтобы быть лучше. Проведем работу в целях улучшения качества обслуживания."
46,GILYA,https://avatars.mds.yandex.net/get-yapic/50595/5lEEY2856JZi7prC0oM3omPeBvg-1/islands-68,2023-07-20 16:29:47,"Ужасный офис и отвратительное обслуживание.
Чтобы выдать уже заказанную карту, продержали около получаса. Потом стали впаривать свою ""привилегию""... Потерянное время",1,"Благодарим вас за отзыв. Поверьте, мы стремимся к тому, чтобы быть лучше. Обязательно проведем работу в целях повышения качества и скорости обслуживания.
Позвольте отметить, что любые договоры с Банком могут быть заключены только с добровольного согласия клиента.
Приносим извинения за возможные неудобства."
47,Анастасия К.,,2024-01-10 10:00:01,Сотрудники банка хамят посетителям. Неподобающее поведение!,1,"Будем благодарны, если расскажете подробнее, с какой ситуацией пришлось столкнуться при обращении в офис. Не оставим без внимания и во всем разберёмся 👌"
48,Римма Корсакова,https://avatars.mds.yandex.net/get-yapic/39249/hvXECBjnZFPX2ApnkwfYY2CBF8-1/islands-68,2023-03-26 07:33:58,"ВТБ, или прекращайте игрушки с цифровизацией, или увольте своих криворуких айтишников и найдите профессионалов! Вчера в филиале на Тушинской люди так не смогли оформить что им было нужно, возились минут 40. Запрашивали коды, обшались с вашими роботами, которые то не видели их номер телефона в базе, то присылали пин-коды, которые не проходили. Люди ушли ни с чем, потратив кучу времени. Это и есть ваша хваленая цифровизация?! Которая на практике только создает людям проблемы, а не решает их. По старинке, без всяких роботов и кодов все это было бы оформлено за 5 минут. У вас цель - тупо внедрить то,что навязывает Всемирный банк, цифровизация ради цифровизации, а на людей плевать?",2,"Поверьте, мы всегда стремимся быть лучше. Мы обязательно обсудим с руководителем офиса все детали, описанные в отзыве, и учтем ваши замечания. Примите, пожалуйста, наши извинения."
49,Ольга Ольгина,,2023-06-02 06:28:52,"Доброжелательный персонал. Всегда быстро обслуживают, без очередей.",5,"Ольга, спасибо, что уделили время и оставили отзыв. Постараемся и дальше соответствовать вашей пятёрке 💪"
50,Светлана Алимова,,2023-10-17 09:49:06,"Приветливый персонал, хорошо, быстро, понятно.",5,"Рады, что вам понравилось. Ждем вас снова 😃"
51,Дима Рудницкий,https://avatars.mds.yandex.net/get-yapic/43978/7DTLCmWEs9k5PPE1GDovelv5o-1/islands-68,2024-03-01 19:31:50,Обслуживание только определенной категории лиц.,5,"Спасибо за положительный отзыв, нам очень приятно 👍"
52,Polina,https://avatars.mds.yandex.net/get-yapic/40841/ZGHS54bFcLSK144SaFvJZ4Hapw-1/islands-68,2023-07-03 13:31:47,"Очень неприятный опыт от посещения.
Я не клиент привилегии, и зашла туда по ошибке. Оценив меня по одежке, менеджер очень громко стала спрашивать меня об уровне дохода и трат, со словами, что «да мы вам сейчас привилегию подключим и все здесь оформим». 
Так не общаются с потенциальными премиальными клиентами - раз, стоит хотя бы сначала описать мне преимущество программы - два. 

До этого опыт посещения отделений был исключительно положительным.",2,"Спасибо, что поделились с нами. Обязательно проработаем с сотрудниками вопрос соблюдения стандартов клиентского обслуживания. Примите наши извинения за неудобства."
53,Арсений,,2023-11-02 17:57:33,"ВТБ Привелегия - этим все сказано. Отличный сервис. Ещё ни разу не был разочарован. Все расскажут, покажут, помогут. Молодцы. Спасибо.",5,"Спасибо, рады стараться 😃"
54,amid,https://avatars.mds.yandex.net/get-yapic/27232/ZEG4ptZIB5VzXjRAsUUC9G1yAeY-1/islands-68,2024-01-25 14:32:32,Вполне вероятно что это одекватное учреждение,4,Спасибо за оценку!
55,паша ванин,,2023-11-20 19:08:38,Профессиональная молодая команда.,5,"Благодарим за положительный отзыв о нашей работе. Рады, что вы остались довольны 💛"
56,Борис,https://avatars.mds.yandex.net/get-yapic/21493/enc-044dcb20e08b09e6c8e9e9e3378ec9a8/islands-68,2023-11-23 11:54:49,Отличное отделение! Приветливые и квалифицированные сотрудники.,5,"Спасибо, что поделились своими впечатлениями. Мы очень ценим обратную связь 💛"
57,Сергей Осипов,,2022-11-22 18:04:51,Хорошее отделение. Всегда подробно проконсультируют. Прекрасное отношение к клиентам.,5,"Спасибо вам, очень приятно получать обратную связь 🙏👌 Приезжайте ещё 💛"
58,bvk-moscow,,2022-09-20 17:28:20,"Отличное отделение по программе Привилегия. Быстро, компетентно, приятно. Рекомендую .",5,"Позвольте Вас поблагодарить за высокую оценку. Поверьте, видеть положительные эмоции наших клиентов – бесценно. Спасибо за вашу лояльность и финансовое сотрудничество с нами."
59,Яков М.,https://avatars.mds.yandex.net/get-yapic/59871/enc-15babe74ad0517ca56d3cad2429ce35db089544d1ddc559dfbd8dd4ba6f13530/islands-68,2023-05-26 13:20:29,"Стоит указать, что данный офис предназначен только для толстосумов, обычным смертным тут не рады и не обслуживают",1,"Яков, благодарим за обратную связь. Мы рады всем нашим клиентам!
Данное отделение обслуживает только держателей пакета «Привилегия». Информация об этом есть в разделе «Контакты». К сожалению, сервис не позволяет разместить ее в другом поле.
Уточнить формат офиса можно на сайте нашего Банка vtb.ru/about/offices
Приносим извинения за возможные неудобства."
60,Елена Ходакова,https://avatars.mds.yandex.net/get-yapic/51381/GDEnUnJaGlT30xxpHiWz1bQGxE-1/islands-68,2023-03-20 08:30:53,"Только для привилегированных особ, счет не закрыли, хотя на горячей линии сказали, что в любом отделении, пожалуйста",1,"Приносим извинения за доставленные неудобства, но данное отделение обслуживает клиентов пакета ""Привилегия"". Рекомендуем обратиться в другое отделение."
61,София А.,https://avatars.mds.yandex.net/get-yapic/38135/kmXqi02QS9YdihnGMYvZgypniXU-1/islands-68,2022-05-01 17:33:26,Процесс обслуживания в этом филиале проходит быстро и четко. Мой менеджер Татьяна Дудина - лучшая! На каждый мой запрос получаю исчерпывающий ответ.,5,
62,Антон П.,,2023-06-05 14:12:44,"О том, что это офис private banking узнаешь во время отказа в обслуживании. Отказались открывать счета",1,"Здравствуйте, Антон!
Сожалеем, что возникла такая неприятная ситуация. Действительно, существуют отделения, которые обслуживают только держателей привилегированного пакета обслуживания. На Яндекс Картах такая информация отображается в разделе Особенности → Прочее → Вид отделения. Также можем рекомендовать подбирать подходящие офисы на нашем сайте: www.vtb.ru/about/offices/"
63,Владимир Чернышов,https://avatars.mds.yandex.net/get-yapic/48449/QulT9DdQymIiI4ARaicFCjw8x4-1/islands-68,2023-11-18 18:45:53,Быстро качественно,5,"Спасибо, рады стараться 😊"
64,Мятный Чай,https://avatars.mds.yandex.net/get-yapic/26057/z74Jrskyko6Pw99tBYD4S4Khx1o-1/islands-68,2022-09-06 07:52:28,"Тут не заключают договоры комплексного обслуживания и все прочее, что не относится к какой-то «привилегии». Звоните уточняйте в отделение будут ли вас обслуживать. На карте и в описании ничего не указано",1,"Благодарим за обратную связь. В данном отделении обслуживаются клиенты - держатели пакета ""Привилегия"". Ваши змечания мы учтем. Извините за неудобства."
65,Александр Ш,https://avatars.mds.yandex.net/get-yapic/59871/qYxeOHHasYIGRiwGXia8kReltw-1/islands-68,2021-11-28 09:04:00,Дичь. Одним словом. Звонишь на тел техподдержки. Там робот подсказывает где банкоматы на прием с NFC. Обьезжаешь три адреса. Нигде банкоматы не работают. В отделении отказываются положить деньги на карту т.к нет пакета приоритет или чтото типа того. Купить допы чтобы была возможность через кассу пополнять карту. Вы серьезно…? Банкоматы ж не работают. Бежать. Прочь из этого банка. Далеко.,1,
66,Просто я,,2022-10-31 17:21:09,"Прям крайне недружелюбное отношение выказали мне как клиенту втб. В данном отделении обслуживают только особенных клиентов, а на остальных откровенно всё равно",2,"Благодарим Вас за отзыв. Нам очень важно знать Ваше мнение. Мы стремимся к тому, чтобы быть лучше. Проведем работу в целях улучшения качества обслуживания."
67,шахматист,,2021-08-18 18:49:39,"Являюсь клиентом и довольно давно контактирую с менеджером Владимиром Гусевым( ещё со времен его работы в филиале на Покрышкина) . Спокойный, корректный, очень грамотный и внимательный. Всегда на связи и готов помочь.",5,
68,Людмила П.,https://avatars.mds.yandex.net/get-yapic/65952/p68TcAVgrDAeHokpqGM5JHRKbQ-1/islands-68,2022-08-22 11:34:11,"Была один раз, нужно было задать несколько вопросов. Услугами не воспользовалась, но впечатления приятные. Очень любезные и корректные сотрудники.",5,"Спасибо вам, очень приятно получать обратную связь 🙏👌 Приезжайте ещё 💛"
69,Алексей К,https://avatars.mds.yandex.net/get-yapic/25817/mYoUvtrYwuuhINQiXd8HtmuPBg0-1/islands-68,2022-04-23 09:16:24,"Очень удобное отделение с грамотным персоналом. Банкоматов в достаточном количестве, что бы не образовывалась очередь.",5,
70,Костик салют,https://avatars.mds.yandex.net/get-yapic/30955/tDdrc6o5KGTgHxczek3q2lClj4-1/islands-68,2024-01-27 16:11:25,Да в целом не плохо отделение банка.,5,"Рады видеть, что вы оценили нас на 5 ⭐"
71,Марина Токлуева(Грачёва),https://avatars.mds.yandex.net/get-yapic/21377/enc-bced23bcbf3e62a2e897a00ddcc82370/islands-68,2021-10-19 08:54:03,"Скорее всего вас здесь не примут! Нет никакой пометки, что здесь принимают только избранных. Обратилась с картой втб ( которую выдали в школе ребёнку), внести денежные средства на карту нельзя, соответственно ребёнок не может пользоваться транспортом. Ребёнку сказали, что нужно идти родителю в банк, активировать карту ( замечу: это нельзя сделать через пин в банкомате, как во всех банках!) обратилась в данное отделение, чтобы активировать карту. Сказали, что это не к ним, даже в офис не пустили, хотя никого не было из клиентов. Если ты не Клиент Привилегии, то идите вон.",1,
72,Голубовский Алексей,https://avatars.mds.yandex.net/get-yapic/38663/oDpYmvfiVenLz9ZcJxAoCu5nxI-1/islands-68,2023-12-21 17:03:06,Все классно !!!,5,"Очень приятно получить такую высокую оценку, спасибо 😊"
73,Алексей Рябов,,2023-01-01 21:47:28,"Очень грамотный персонал, помог решить проблему очень быстро",5,"Огромное спасибо за приятный отклик 💛 Рады, что смогли помочь в решение вопроса 😉"
74,Виктор Ульянов,https://avatars.mds.yandex.net/get-yapic/68143/IvWdXo7ZZ81olIerdMWbn4GOU-1/islands-68,2021-09-30 16:50:32,"БЦ "" Чемпион Парк "" на первом этаже уютно, есть удобные кожаные диваны, чисто, есть ресепшн, помогут с любыми трудностями, охрана, ресторан Руки Вверх, ВТБ банк, кофейня, бесплатная парковка под видеонаблюдением.",5,
75,Иван И.,,2024-01-17 17:38:13,Качество обслуживания,5,"Рады видеть, что вы оценили нас на 5 ⭐"
76,Незнакомка,,2022-05-30 07:19:08,"Это филиал только для тех, кто подключил статус ""Привелегия"" (была в мае 2022). Остальных тут не обслуживают, отправляют на Мичуринский, д. 7. Народу, естественно, никого. Банкоматы доступны всем, но иногда некоторые подвисают.",1,
77,Анонимный отзыв,,2022-10-22 16:53:43,"Это отделение можно охарактеризовать как - быстро, качественно, вежливо",5,"Благодарим. Нам очень важно, чтобы каждый клиент оставался доволен 😃"
78,Gayana,https://avatars.mds.yandex.net/get-yapic/47747/rEIzqq9VtbNelNUGE3U6lx92ifE-1/islands-68,2021-09-07 15:57:49,"Банк нормально, да бывают очереди, но зато работают с клиентами, не решенным никогда не оставляют проблему, очень довольна и благодарна сотрудникам данного отделения, в консультации и помощи в моей проблеме , которую создали мне в другом отделении ВТБ, а решать пришлось этим ребятам",5,
79,Виталий Элерс,,2024-02-10 09:13:56,Хорошее обслуживание!,5,Спасибо большое за доверие 🤗 Приходите к нам почаще!
80,Людмила Полевая,,2023-01-13 12:39:42,"Обслуживание на высшем уровне! Грамотные сотрудники, нет людской толчии.",5,"Благодарим. Нам очень важно, чтобы каждый клиент оставался доволен 😃"
81,Михаил Кудряшов,https://avatars.mds.yandex.net/get-yapic/40841/UofJUiSfzq6ODuE7vD0wgEAiU-1/islands-68,2022-12-19 14:32:46,"Хороший персонал, понятное обслуживание, банкоматы у добные для меня.",5,"Рады, что Вам понравилось. Ждем Вас снова 😃"
82,Лилия,https://avatars.mds.yandex.net/get-yapic/58107/uVF3bbwoB4QVlMOAbkJbrVXvEc-1/islands-68,2024-02-08 18:09:04,Замечательно,5,"Спасибо, нам очень приятно получать обратную связь 💙"
83,Кирилл Седых,,2023-11-15 16:20:05,Лучшее отделение,5,Спасибо за высокую оценку 👍
84,Владимир Чебанов,,2022-07-28 17:12:57,Отстойный банк именно в этом офисе меня не обслужили и мне пришлось ехать в другой офис ВТБ в другой день. Одним словом потерял только время обратившись в этот офис ВТБ,1,
85,Инкогнито 5109,,2024-01-13 12:34:03,Все отлично,5,"Спасибо, рады стараться 😊"
86,Саша Мищенко,https://avatars.mds.yandex.net/get-yapic/25358/aRgbKegAZdN7cUoD8UukdRl2fI-1/islands-68,2024-03-15 18:03:29,Нормальное место,5,Благодарим за высокую оценку нашей работы!
87,Георгий Иванов,,2024-04-06 12:39:47,"Очень хороший офис, вежливые сотрудники.",5,"Благодарим за положительный отзыв! Поверьте, мы это очень ценим 💙"
88,Максим Б.,https://avatars.mds.yandex.net/get-yapic/36689/RPEYv1EEbplD3uXeDrWuDCVsTs-1/islands-68,2023-06-03 13:16:06,"Нужно сразу указывать, что обслуживание только премиум клиентов.",1,"Здравствуйте, Максим.
Информация о том, что данный офис работает только с привилегированным клиентами указана в разделе Особенности → Вид отделения. К сожалению, данный геосервис не позволяет указать такие сведения в более заметном месте."
89,Лена Пешкова,https://avatars.mds.yandex.net/get-yapic/28053/zOKW8lrDdzlOQrt8rHUtPDTduM-1/islands-68,2021-07-27 16:39:22,"Добрый день!Первый раз столкнулась с таким банком,где не могу добиться об оплате кредита,звонят просят оплатить кредит по карте,а деньги в кассе не проходят и нет никакого решения.Не один оператор не может решить мою проблему.Я очень удивлена такой тупости.Я желаю платить кредит а операторы банка ВТБ не принимают.Буду писать в Партал,быстро решится вопрос мой.",1,
90,Андрей П.,https://avatars.mds.yandex.net/get-yapic/26311/jzMtNxrHcFkYGQBxVBUoWXzfTc-1/islands-68,2024-02-06 14:33:14,"информации не актуальна, так как не обслуживает без пакета привилегия",1,"Нам очень жаль, что у вас сложилось негативное впечатление о Банке. ДО «Олимпийский» - отделение премиального обслуживания, здесь осуществляется обслуживание клиентов с пакетом «Привилегия».

Данная информация размещена в открытом доступе на нашем сайте online.vtb.ru/map/offices/."
91,Павел Ларин,https://avatars.mds.yandex.net/get-yapic/31078/AKPydJOoGWafG6Uwt2lDLlMezA-1/islands-68,2023-08-21 17:02:41,Очень хороший офис и сотрудники,5,"Рады, что вам понравилось. Ждем вас снова 😃"
92,дмитрий блюхер,,2023-10-13 16:14:15,"Это не офис, какой-то обман сплошной.",1,"Сожалеем, что у вас сложилось такое мнение. Поверьте, мы стремимся к тому, чтобы быть лучше. Надеемся, в дальнейшем ваше мнение о сотрудничестве с нами изменится в положительную сторону"
93,Роман Черемухин,https://avatars.mds.yandex.net/get-yapic/41409/tFR9x2DVCSyudiFQggNAGxak2Mk-1/islands-68,2021-12-18 12:02:30,"Какой-то ужас! Являюсь клиентом банка, приехал в банк оформить договор, чтобы привязать карту к приложению, мне отказали, так как работают в этом банке только с привилегированными клиентами, хотя пустяковый вопрос. Ужас!",1,
94,Светлана Бочкарёва,https://avatars.mds.yandex.net/get-yapic/49368/tspAdQW9caLc7v3J7EOjBA421nc-1/islands-68,2021-07-04 06:20:35,"Доброго времени суток! Обращалась в этот банк 2019г. как физическое лицо! Обслужили отлично, кредит оформили в этот же день, не смотря на то что я не клиент привелегии! Все разъяснили, правильно оформили документы! Большое спасибо !",5,
95,Олег Валентинович Вехов,https://avatars.mds.yandex.net/get-yapic/45566/fynpqLJTwJaaWzdhgbmCgU5CzT4-1/islands-68,2022-03-14 20:13:51,"Год назад поставил одну звезду. Ничего не изменилось. Отношение к клиенту банка механическое и бездумное. Руководитель офиса - очередной клерк способный говорить только заученными фразами. Жаль, ВТБ остаётся на дне.",1,
96,Владимир Самарин,,2022-11-16 11:52:19,"Отделение не для всех. 
Ни где не указано. 
Потратил время, а меня отфутболили и не дали выписку.",1,Спасибо за отзыв! Добавим информацию в описание.
97,Наталия Круглова,https://avatars.mds.yandex.net/get-yapic/32838/n6bSWSbwwX7Ouh7wTbhj2HBd4dE-1/islands-68,2022-06-22 16:46:45,Спасибо менеджеру Ольге Андриановой за помощь- профи!! Банкоматы выдают до 400 тыс ежедневно,5,
98,Дмитрий Преображенский,,2023-01-31 16:18:47,"Только привилегия клиенты. Народу мало это понятно, но с парковкой беда, вдоль дороги постоянно занято если только найти место в соседнем ТЦ",4,Спасибо за отзыв! Приняли во внимание.
99,марина,,2022-11-26 04:53:18,"Мало людей, обслуживание быстрое и вежливое",5,"Рады, что вам понравилось. Ждем вас снова 😃"
100,Владислав,https://avatars.mds.yandex.net/get-yapic/45566/cnl4hQza8cBuTkpS0xrcbOrqWA-1/islands-68,2022-11-25 10:38:13,"Обратился с самым обычным вопросом ""Реквизиты зарплатной карты"" и был послан так как я не Член клуба ""ВТБ Привелегии"" 
Полностью пустое отделение с 4 сотрудниками неможет напечатать листик с циферками
ВТБ прощай я ушёл в СовКом",1,"Сожалеем, но в данном отделении обслуживаются только клиенты пакета ""Привилегия"". Рекомендуем обратиться в ближайшее от него отделение."
101,GGZ,https://avatars.mds.yandex.net/get-yapic/31804/SZ4C3ekSNpWv6rtZLvqMvZDqRQ-1/islands-68,2022-07-08 08:47:16,мне нравится сюда приходить когда возникает необходимость. Приветливый и грамотный персонал,5,"Рады, что Вам понравилось. Ждем Вас снова 😃"
102,Виктор,,2023-08-10 18:06:11,Обычное отделение банка.,3,"Будем благодарны, если расскажете подробнее, что стало причиной такой низкой оценки. Ваше мнение очень важно для нас."
103,Юрий Донченко,https://avatars.mds.yandex.net/get-yapic/20706/enc-91033f83acf2bb46771a69dd2b3ab58a98eee9008467e0d4eb455d6405be2647/islands-68,2022-11-25 17:54:30,Только для привилегированных клиентов. В фойе 6 банкоматов,4,Спасибо за отзыв!
104,Владимир Шадский,https://avatars.mds.yandex.net/get-yapic/27503/cvjqUu8TwmAhpI2OfhUg9msSoE-1/islands-68,2021-04-17 07:06:44,"Худший банк, худшие работники, никакой информативности! Офис для vip-клиентов, вы откуда такое взяли вообще? Где пометка в интернете об этом? Нет доступа к счетам обычных людей, хорошо хоть холопом не назвали. Самый худший банк в России! Вообще никому не советую",1,
105,Александр,https://avatars.mds.yandex.net/get-yapic/59871/LU7x0IFUcnJrNstkF8GH3zNEnLk-1/islands-68,2020-04-08 16:48:20,"Втб - очень надёжный и современный 

банк, всегда будет поддерживать население России,,,, всем советую,, грамотные, консультанты, быстрое обслуживание.",5,
106,Vladimir S.,https://avatars.mds.yandex.net/get-yapic/42215/VovSNvCU4pYdSgUKW6y9qJPX8x8-1/islands-68,2021-12-01 09:51:24,"Послали сюда из другого офиса ВТБ. А оказалось тут обслуживают вип клиентов. Поехал дальше, в Раменки. Просто задолбали в тот день.",1,
107,Вика Бл,,2023-09-15 06:31:01,"Лучшее отделение , особенно девушка за первым столом",5,Спасибо вам большое за доверие 🤗 Приходите к нам почаще!
108,Наталья,,2022-12-16 19:37:19,Хороший офис и грамотные сотрудники.,5,"Очень приятно получить такую высокую оценку, спасибо 😊"
109,Виталий,https://avatars.mds.yandex.net/get-yapic/44850/mDZAbZyTyBymm3dvVuvgnpE-1/islands-68,2022-06-11 07:57:35,"Внимательный персонал, приятная обстановка",5,
110,Maksym Asaturov,https://avatars.mds.yandex.net/get-yapic/53031/ZF1dJlRMUDkwn3uKCh69w1bJFH8-1/islands-68,2021-10-14 14:30:04,"Как оказалось это отделение для ВИП клиентов о чем на сайте ВТБ ни слова, отказались меня обслужить-я не вип клиент.осажочек остался...",2,
111,Макс А,,2024-02-23 03:35:52,Почему-то тут не смог открыть счет..,3,"Будем благодарны, если расскажете подробнее, с какой ситуацией пришлось столкнуться. Не оставим без внимания и во всем разберёмся 👌"
112,А.Г.,https://avatars.mds.yandex.net/get-yapic/45131/7V1g6BBIhmhrbGeHvRegle4-1/islands-68,2020-05-12 13:28:47,"Посещал один раз, когда многие отделения не работали из-за пандемии. Все очень понравилось, чисто, аккуратно, хорошие работники.",5,
113,Irina I.,,2021-07-22 14:04:42,"Нужна была заверенная банком платёжка. Специально уточняла на сайте возможно ли получить её в любом отделении. Заверили, что в любом. Но при обращении в это отделение, сотрудники сказали, что ничего сделать не могут, так как у них не домтупа к обычным счетам, а только к счетам клиентов Привилегии. Предложили обратиться в ближайшее отделение. Жаль потерянного времени. Обслуживание в банке в целом - отвратное!",2,
114,"Алексей Никулкин ""ДровНик58""",https://avatars.mds.yandex.net/get-yapic/30061/enyN05rLg2EjnJEigoAbRxrsfQI-1/islands-68,2021-09-02 18:18:03,Всё хорошо! Сотрудники с удовольствием помогают разобраться во всём,5,
115,Ksenia Z.,,2024-04-02 02:28:11,Удобное отделение,5,Спасибо за отзыв. Ваш комфорт - наша основная задача 👌
116,Иван Сусанин,,2022-11-21 16:01:11,На карте никакой информации о «привелегии»,2,Спасибо за отзыв! Добавим информацию.
117,Netspirit,https://avatars.mds.yandex.net/get-yapic/26057/5n5QvctPswGGoBKhAC2SnuMo7M-1/islands-68,2021-09-12 06:45:54,"Хороший офис. Для привилегированных клиентов. Не очень уютно, но спокойно, без очередей и толп.",5,
118,Владимир Голубев,https://avatars.mds.yandex.net/get-yapic/38135/HIgHK0X4jTIwcrQPP153NTqrGU-1/islands-68,2022-07-12 06:03:23,"Отличный, приятный персонал.",5,"Спасибо, рады стараться 😃"
119,Денис,https://avatars.mds.yandex.net/get-yapic/15298/enc-ad91b1b17ebb47ce4214667ca831198a/islands-68,2021-09-15 13:35:29,"ТОЛЬКО ДЛЯ СТАТУСА ПРИВЕЛЕГИЯ!!! нужно прям как-то выделять этот момент, когда торопишься можно потерять время…",4,
120,Иван Кожан,https://avatars.mds.yandex.net/get-yapic/39803/enc-246455640d9037ed0f3701b186f3cf6abe347143b0d56f46e9f13c74fcc8803d/islands-68,2021-10-27 14:30:54,"Приехал а ВТБ, а тут привелегия отделения, но на карте инфы нигде не было, только время потратил",1,
121,Руслан А.,,2019-08-21 08:57:53,"Для «привилегии» недостаточный уровень обслуживания. Работают очень долго, реагируют на твое появление оперативно, но вопросы решают очень медленно, консультации могут длиться по 2 часа. В банке несколько вкладов, обслуживаюсь третий год, ничего не меняется. И в целом, сотрудники хоть и стараются но выглядят некомпетентными, по каждому вопросу они советуются с коллегами и по два раза. Элементарную задачу «снять деньги в кассе», растянут на пол часа, в отсутствии очереди.",2,
122,Дима *,https://avatars.mds.yandex.net/get-yapic/49368/enc-0d727c3314dc72b2e82b810af329b236d4244a9ff2dd625fc99e2cbf3aa36589/islands-68,2022-07-11 21:48:27,"Людей не много, персонал приветлив",5,"Спасибо вам, очень приятно получать обратную связь 🙏👌 Приезжайте ещё 💛"
123,anna@Voorhees77,https://avatars.mds.yandex.net/get-yapic/39460/enc-7f896bae377cf948c68e64eff1d23815f6d1c9fe6a96fbf22ba70f679cb3bc04/islands-68,2021-07-30 09:23:37,"Доброе время суток .даёт кредит банк и предлагают в довесок ещё сумму и карточку ,создаёт лишние хлопоты.",3,
124,Александр Старовойтов,,2021-09-01 13:15:54,Ужасное отношение к клиенту начальника офиса Сергея Александровича. Самодовольный чванливый чиновник,1,
125,Владимир,https://avatars.mds.yandex.net/get-yapic/61207/NE0J2HdJNGP8jMmG28V2RxPFg-1/islands-68,2019-10-06 09:45:01,"Часто здесь бываю, и мне все здесь нравится. Коллектив приветливый, всегда уделят время и дадут профессиональные разъяснения.",5,
126,Оксана,,2022-03-21 15:51:35,"Всегда очереди.
Уже почти два года мне меняют номер телефона👍",1,
127,Владимир Гев,https://avatars.mds.yandex.net/get-yapic/50595/bgdAQ3MDsVboXKVHTCZVcnlo4N0-1/islands-68,2022-08-03 13:41:15,"Все хорошие менеджеры ушли, банк ни о чем",5,"Благодарим Вас за отзыв. Нам очень важно знать Ваше мнение. Мы стремимся к тому, чтобы быть лучше. Проведем работу в целях улучшения качества обслуживания."
128,꧁༺ Тима𝓥𝓮𝓻𝓽𝓾 ༻꧂,https://avatars.mds.yandex.net/get-yapic/51169/TSc4oQtUIeDJss9iH7heNSM03I-1/islands-68,2022-05-21 11:24:26,"Для вип персон. Не для простых людей, в натуре...",1,"Нам очень жаль, что это стало причиной низкой оценки :("
129,Катерина Иванова,,2022-08-29 16:40:02,Только для ключевых клиентов,3,"Данный офис действительно только длчя обслуживания клиентов - держателей пакета ""Привилегия""."
130,Ольга Королева,,2022-07-01 16:23:47,Отзывчивые добрые работники,5,"Благодарим. Нам очень важно, чтобы каждый клиент оставался доволен 😃"
131,Анна Есенина,https://avatars.mds.yandex.net/get-yapic/27232/VkTZbDOkHIUCQuYYKKT53qUx6Q-1/islands-68,2021-10-09 13:21:51,"Сделайте пометку, что это не обычное отделение, а только для отдельных клиентов",1,
132,Владимир,https://avatars.mds.yandex.net/get-yapic/20706/enc-b9035675aa1e03fdbe1d854a3cf8749e/islands-68,2021-12-13 16:58:08,"Напишите сразу, что только для VIP персон. И в Яндекс-картах также отметьте, а то хотел счет открыть, а пришлось ехать в другое отделение",2,
133,Элэн Д.,,2021-03-27 19:15:12,Нигде не указано что данный банк работает на премиум вкладчиков. Остальные езжайте в обычное отделение,3,
134,Олег Олег,,2022-02-18 18:42:50,Молодцы хорошее обслуживание.,5,
135,Мистер Пропер,,2021-03-10 10:59:31,"очень крутое отделение , работают профессионалы своего дела",5,
136,Galina G.L.,https://avatars.mds.yandex.net/get-yapic/38135/r3fAxmD9o2xP3gz7k8ynzkfiQXs-1571375001/islands-68,2022-06-22 06:21:29,Только для юридических лиц…,5,
137,Дмитрий Трифонов,https://avatars.mds.yandex.net/get-yapic/29310/l30s6TBMMU2ueq7whZt8UmFWb2Y-1/islands-68,2022-09-04 18:01:39,Обычное отделение.,5,Спасибо за пятерку! Всегда Вам рады.
138,Константин Дунаев,,2020-06-26 08:14:33,"Отделение банка ничем не отличается от других. Персонал вежливый, вполне профессиональный! Кофе не подают😁, но мне и не надо!!!",5,
139,Елена,,2021-12-10 17:51:56,Обслуживание только определенной категории лиц,5,
140,Татьяна Рыбалко,https://avatars.mds.yandex.net/get-yapic/26057/WqVxnjRPlAj9OU0ertjeL9brK8-1574586626/islands-68,2019-11-09 15:09:08,"Периодически пользуюсь услугами.
Обслуживанием довольна. Все быстро и доброжелательно.",4,
141,Кирилл Anabolic,,2021-10-01 12:10:14,"ну очень странный банк, не именно это отделение, а сам банк",1,
142,Sergey,,2022-02-11 19:47:41,Обслуживают только золотых клиентов,1,
143,Дилара Садриева,https://avatars.mds.yandex.net/get-yapic/24700/enc-46152457505d0fd3280cd86533e401c2e0ce88243222f0bac1426bbb9ad280da/islands-68,2019-01-23 12:05:23,"Единственное отделение ВТБ где сошлось все, грамотные специалисты, быстрое обслуживание, уютный офис, большое количество банкоматов.",5,
144,......,,2022-11-14 18:10:56,все отлично,5,Спасибо за отзыв! Будем продолжать в том же духе 💪
145,Илья Громов,https://avatars.mds.yandex.net/get-yapic/59871/yQ7m9zB7Xedp2Cr9yc27heXaI-1/islands-68,2021-12-14 08:07:28,Тут принимают только клиентов привелегии,1,
146,mom23kot,,2022-01-29 10:01:14,Обслуживание только вип лиц,1,
147,Артем Анненко,https://avatars.mds.yandex.net/get-yapic/20706/enc-22754e5d644975a5c30cf9257efe4cf198eee9008467e0d4eb455d6405be2647/islands-68,2021-09-23 13:34:06,Общение персонала оставляет желать лучшего,2,
148,Ирина ..,https://avatars.mds.yandex.net/get-yapic/63256/azddDkHhuzibUF2omOPZPiWwVQ-1/islands-68,2023-01-29 19:17:22,Всё ок.,5,"Спасибо вам, очень приятно получать обратную связь 🙏👌 Приезжайте ещё 💛"
149,Ganik,https://avatars.mds.yandex.net/get-yapic/32838/yRXPNoFiBLcxtIfvHOf2gdY23A-1/islands-68,2020-06-17 15:37:01,"Конкретно в этом банке не был но сколько раз имел чести общаться с банком ВТБ 
Не разу не остался довольным. 
Но общаться приходится так как к несчастью я их клиент. Если меня попросят сказать что то хорошее то мне не чего будет даже сказать. Как о самом банке так и о сотрудниках банка",1,
150,Евлампия Тараканова,,2021-04-16 13:22:23,ДО не понятно чем занимается. Простые операции выполнить не могут.,1,
151,Сергей,,2021-07-27 02:13:15,ВТБ привилегия. Простым людям там делать нечего.,1,
152,Денис Федоров,,2021-08-19 09:42:54,Очень не профессиональные сотрудники,1,
153,Дмитрий Силяев,,2022-05-13 16:23:01,Отличный банк,5,Спасибо за отзыв! Будем продолжать в том же духе 💪
154,Petr Venikov,https://avatars.mds.yandex.net/get-yapic/36689/enc-b85986b30b1dfc5210a64b20cecce74ca5cffb6fbf014b71798eab9d824894f6/islands-68,2021-09-09 11:44:04,Простых смертных не принимают,1,
155,Эдуард,https://avatars.mds.yandex.net/get-yapic/21493/enc-b33103c9783e10bae8d30a9e7810e8b1b63ccc489e8a6ba55257f36f231a37b5/islands-68,2019-08-30 11:30:02,"Обслуживают ТОЛЬКО клиентов с ""Привилегией"". Остальных клиентов ВТБ ""посылают"" искать другой офис, при этом ехидно улыбаются! Отзыв опубликован уже год, реакции ВТБ нет никакой! Что и требовалось доказать. На людей этому офису наплевать... P.S. Судя по двум недовольным - отзыв работники этого офиса наконец-то прочитали! Оценку подтверждаю!",1,
156,Мария Чиркина,https://avatars.mds.yandex.net/get-yapic/27503/eFuREKCOidbS3b0X24R4jAKw5fA-1/islands-68,2019-07-04 16:11:31,Все быстро и по делу. Очень приятные и вежливые сотрудники,5,
157,Эдвардс,https://avatars.mds.yandex.net/get-yapic/57243/hKfm9QJBAtLEVQtyAMeKxqUcXw-1/islands-68,2020-07-26 06:38:05,"Чисто, быстро, банкомат есть",5,
158,Ирина,https://avatars.mds.yandex.net/get-yapic/54535/enc-267fd475792b26e6d0672ff30c232cecd227ca162dadb905750f01b0cf9ff6db/islands-68,2021-07-11 09:22:44,До сих пор нареканий нет.,5,
159,Сергей Сорокин,,2019-11-20 14:46:58,"В округе отделения переполнены, а в этом ни одного клиента. За что они там зарплату получают.",1,
160,Klim S,https://avatars.mds.yandex.net/get-yapic/28053/gHZxyYVsk1Rghwbw8iQLx9Jum8-1/islands-68,2020-03-28 14:04:03,"Сотрудники не компетентные, на элементарные вопросы ответить не могут...",2,
161,Greenly,,2019-11-04 08:10:44,"Что значит - только для вип клиентов???? Заходила менять валюту, так дамы-работники смотрят так, будто они акционеры банка, а я милостыню пришла просить ! 👎",2,
162,Александр Аришин,https://avatars.mds.yandex.net/get-yapic/56823/kmc4u7GCUoELC5aZ1lYXreLrg-1/islands-68,2019-08-23 20:32:24,Как и всегда сервис на высоте. Сотрудники знают своё дело.,5,
163,Kay Ess,,2019-09-01 06:10:10,"Дальше порога зайти не решился, слишком привилегированно. В предбаннике с банкоматами тоже было хорошо, но мне они нужны и были.",5,
164,Елена Юшкова,https://avatars.mds.yandex.net/get-yapic/21377/enc-25ab38972c6b38048dd98d701081533dba08c98141b568115898ec6baa71854f/islands-68,2019-06-14 15:34:20,Приятная обстановка . Грамотный персонал,5,
165,wsdlegal,https://avatars.mds.yandex.net/get-yapic/30061/gHQ1fqNOxdqnaPYJPy4WEs6KeBc-1/islands-68,2019-10-06 17:06:57,Хорошее отделение и отличное обслужвнаие,5,
166,Татьяна М.,https://avatars.mds.yandex.net/get-yapic/31078/Lf8X0wNMJDZl6AnzaEe5m0Qb8-1/islands-68,2020-01-03 13:46:48,"Не смогли помочь мне,отправили в то отделение где брала кредит",1,
167,Дмитрий,https://avatars.mds.yandex.net/get-yapic/56823/Mg4xnePWjZngHDj1TQx0eQsRc4-1/islands-68,2019-08-25 13:08:05,"Здесь обслуживают только избранных! У меня зарплатная ""быдлокарта"".",1,
168,Олег,https://avatars.mds.yandex.net/get-yapic/20706/enc-01b723a15d4d9f5003d43fdea5d7c401/islands-68,2018-12-10 06:54:34,Отделение ТОЛЬКО для клиентов с пакетом Привилегия. Обычных посетителей не обслуживают.,2,
169,Евгений Сидоренко,https://avatars.mds.yandex.net/get-yapic/31804/enc-8ad176e2a371ceb2dceb4198a2cc525f8da5d01fc0d1fe8de3fc63f0b36bf9bf/islands-68,2019-03-31 18:35:21,"Все отлично, быстро, профессионально",5,
170,Vladimir Dorovsky,https://avatars.mds.yandex.net/get-yapic/38663/enc-db58803e5195521486ab096a14c00d7823fa55f04ec805d9e12d4f0f2310a832/islands-68,2019-10-20 11:59:26,"Доступное отделение, а в остальном стандарт",4,
171,Вера Сухих,https://avatars.mds.yandex.net/get-yapic/29310/woWe4Y5JQXIqfP0NxwQrWUIjkJI-1/islands-68,2019-09-06 06:58:13,"Отвратительно!
Не дали обычную справку!
Нет привилегий 
И никаких вывесок что обычным людям тут не место.",1,
172,Барабулька,,2019-07-28 18:34:55,"Парковки нет, могли бы позаботиться о вип клиентах",1,
173,алексей харитонов,,2018-02-17 07:41:01,"Мне попался абсолютно неквалифицированный работник Елдин И.А, который своей безграмотностью или ленью вводит клиентов в заблуждение",1,
174,Григорий,https://avatars.mds.yandex.net/get-yapic/28053/stDIlhYrPTFVZIrb9TMdtBtGHac-1/islands-68,2019-08-23 16:29:11,Да я заходил. Я не вип но всё было мило.,5,
175,korvet82,https://avatars.mds.yandex.net/get-yapic/39460/enc-dc038401e50a41a341c3e6eb98a6f7f7d4244a9ff2dd625fc99e2cbf3aa36589/islands-68,2019-03-13 15:28:17,"Обычных клиентов не обслуживают, только тех у кого есть корона",1,
176,Максим,https://avatars.mds.yandex.net/get-yapic/61207/smV3jaJYI85Ota3C7N0ffNqZWA-1/islands-68,2019-01-16 10:44:42,"Напишите, что в этом отделение только VIP. А то не хорошо получается. Хотел карточку открыть - выгнали ))",1,
177,Алексей Банников,https://avatars.mds.yandex.net/get-yapic/59871/W4rrCXuMyWp9QQJcORMp40pOPU-1/islands-68,2019-12-06 15:50:57,Не знаю там випов обслуживают,5,
178,Борис Александров,https://avatars.mds.yandex.net/get-yapic/36777/enc-f56fc0b95c0054d0dce18ea5802e382a76c632649bb865ff6839c56e8c8bd5d1/islands-68,2019-12-08 17:53:52,Заходил ноль людей и это радует,3,
179,Турист,,2020-03-13 03:52:06,Отличный персонал.,5,
180,Светлана Малащук,https://avatars.mds.yandex.net/get-yapic/32838/atfnHrEZ3qFzNmCbLlibjKXs4-1/islands-68,2019-10-20 07:44:01,"Клиентов нет, персонал спит! Ляпота!",5,
181,Максим Н.,https://avatars.mds.yandex.net/get-yapic/64336/lFudhIIK3fhlgkku6UCT75nxQY-1/islands-68,2019-12-24 20:54:42,Персонал хамит и охрана тоже,3,
182,Дмитрий Кузовлев,,2019-03-13 14:18:22,работают только с ВИП клиентами,1,
183,руслодиус д.,,2018-03-14 13:08:25,Очень мало парковочных мест и очередь в сам банкомат (,4,
184,Сергей С.,,2019-09-04 20:25:25,Отличный Банк.,5,
185,Artem,,2018-11-10 12:09:31,Не для простых смертных,1,
186,Olejjjka,https://avatars.mds.yandex.net/get-yapic/21493/enc-324f711443b017409ec376b97317624298eee9008467e0d4eb455d6405be2647/islands-68,2019-05-09 10:53:10,Только вип,1,
187,Artem N,,2019-07-22 11:24:21,Нет очередей,5,
