,name,icon_href,date,text,stars,answer
0,Фаина И.,,2024-02-12 10:15:42,"Ставлю высокую оценку специалисту Хрусталевой Анжелике. Очень компетентная консультация, все оперативно, доступно. 
Офис комфортный, атмосфера приятная. Все сотрудники открыты и доброжелательные. Благодарю.",5,"Для нас очень важно, чтобы наша работа приносила вам только приятные впечатления. Постараемся и дальше вас радовать! Отдельное спасибо, что отметили работу конкретного сотрудника 👍"
1,Михаил Крутов,https://avatars.mds.yandex.net/get-yapic/30955/5GOASyFufqAOyzg2rpl6mQb0-1/islands-68,2024-02-26 17:15:00,"Прекрасно организованная работа отделения, особая благодарность за это руководству! Минимальное время ожидания, очень приятные, доброжелательные сотрудники, квалифицированные сотрудники, удачное территориальное расположение банка, наличие парковки, теперь только сюда! Рекомендую!",5,"Довольные клиенты - наша лучшая награда. Благодарим за то, что так высоко оценили нашу работу 💙"
2,Игорь,https://avatars.mds.yandex.net/get-yapic/24700/enc-509d2552efd0a37958fbe8581258f73d98eee9008467e0d4eb455d6405be2647/islands-68,2023-12-26 07:02:00,"Удобное расположение офиса, есть парковка недалеко от входа, на входе клиентов банка встречает сотрудница и подробно обьясняет порядок обслуживания, консультирует по всем вопросам, есть два банкомата, один у входа в офис, другой-на 1м этаже, слева от главного выхода в здание.",4,"Благодарим за отзыв! Надеемся, что в будущем сможем заслужить от вас 5 ⭐"
3,Татьяна Витенко,,2024-04-09 17:43:35,"Отличное обслуживание в офисе, компетентный персонал, удобное расположение офиса, есть парковка. Являюсь вкладчиком и получаю пенсию в банке, очень довольна услугами банка и работой отделения. Рекомендую",5,"Довольные клиенты - наша лучшая награда. Благодарим за то, что так высоко оценили нашу работу 💙"
4,Алёна П.,,2024-04-10 20:39:52,"Офис хороший, хотя и редко в него захожу. Обычно не возникает необходимости. Но на днях оформляла кредитную карту. Спасибо девочкам, все доступно объяснили, рассказали про выгоды. Очереди не было, была третьей, но у среднем провела в банке не более получаса.",5,
5,Ирина,https://avatars.mds.yandex.net/get-yapic/31078/BDTX5m83CtlzlQICiuPcM1MZU-1/islands-68,2024-04-10 09:53:28,"Отличный офис, компетентные сотрудники, в отделении просторно, работает много окон, есть модуль обслуживания юр лиц, касса. Если вопрос не решается на месте, обязательно уточнят информацию и прозвонят позже. Время ожидания в очереди приемлемое",5,"Большое спасибо за замечательный отзыв и внимание к нашей работе. Мы очень ценим, что у нас есть такие отзывчивые клиенты, как вы 💙"
6,Глафира Фил,,2024-01-13 18:40:37,"Вновь стали клиентами ВТБ недавно. Территориально удобен филиал на А.Покрышкина. Долго сомневались в выборе банка...Но сомнения исчезли, как только мы
 пообщались с менеджером Владиславой 
Балюгиной. Крайне доброжелательно, 
терпеливо, ненавязчиво (что важно!) получили 
квалифицированные ответы на свои 
вопросы. Потом обращались к Владиславе еще и 
всегда обслуживание на 5+! Спасибо отделению 
за такого замечательного специалиста.",5,Довольные клиенты - наша лучшая награда. Благодарим за высокую оценку работы нашего сотрудника 💛
7,Дмитрий Орлов,https://avatars.mds.yandex.net/get-yapic/27232/f77oKmooNoDZaj1je8epP0VRdE-1/islands-68,2023-04-22 11:15:56,"Хорошее удобно расположенное отделение. Находится на втором этаже - вход по лестнице справа через центральный вход делового центра. Вполне просторный зал, внимательные сотрудники ( пару раз интересовались - решил ли я вопрос, нужно ли мне помочь... ) Работу филиала банка оцениваю как хорошую. Объяснил что мне нужно - подсказали и помогли. Всё понравилось. Даже машину удалось припарковать рядом. Можем, когда захотим - это радует.",5,Довольные клиенты - наша лучшая награда. Благодарим за высокую оценку нашей работы.
8,152567 Евтушенко,,2024-03-14 18:23:08,"Отделение хорошее,сотрудников работает много. Несмотря на длительное ожидание в очереди,сотрудник помог мне решить вопрос очень быстро и компетентно. Оформлял вклад и сотрудник помог мне оформить пенсионные накопления.",5,"Спасибо за положительный отзыв, нам очень приятно 👍"
9,mk7801,,2024-02-08 11:17:35,"Отношение к клиентам наплевательское! Не ожидала такого от банка, тем более, что я являюсь зарплатным клиентом ВТБ уже много лет. Заблокировали счет, пытаюсь выяснить причину по горечей линии. На это уходит несколько дней! В первый раз не увидели причины и отправили самостоятельно писать по почте в техподдержку. Сотрудник, оказывается, не может отправить обращение в техподдержку, клиент должен сам писать им, делать скрины, заполнять все данные и т.д. Ни в одном другом банке такого нет! Хорошо, я отправила им письмо. Нет ответа. Через сутки снова звоню, оказывается уже видно причину блокировки - технический сбой банка! Но опять нельзя никак решить, обязательно надо прийти в отделение. Пришла. Простояла в очереди почти час, отделение одно на округ, народу всегда много, специалистов мало, места мало, присесть некуда даже. Наконец получила ответ на свою проблему, мне объяснили, что вина банка, технический сбой, сотрудник составила обращение, сказала, к вечеру проблему решат и она мне позвонит. Кстати, извинений я и в этот раз не услышала. Прошли ещё сутки, никто мне не позвонил, вопрос не решен. Опять звонок на горячую линию. И опять жду решение. Извинения услышала в этот раз, но после того, как спросила, куда писать жалобу! Итог - неделю у меня заблокирован счет по вине банка, я не могу совершить важные платежи, теряю время, нервы, убытки, получить качественную и главное своевременную помощь от банка могу!",1,"Сожалеем, что пришлось столкнуться с трудностями в процессе обслуживания. Сообщите нам, пожалуйста, номер вашего обращения, проверим информацию и постараемся ускорить его рассмотрение."
10,Инкогнито 3643,,2024-03-30 11:36:49,"Всем привет . Банк хороший и место у него удобное , все очень культурные без внимания не оставят , спросят , помогут . Один минус ну очень медленно обслуживают , хочется пожелать Пошевеливайтесь Ребятки , время деньги .....",4,Спасибо за обратную связь. Это помогает нам расти и развиваться 😊
11,povetkin-in,,2023-11-07 08:55:49,"Таких очередей в банках не видел со времён советского союза. Ну очень медленное обслуживание, днём в будний день в очереди сидело 25 человек, страшно представить, что здесь творится в выходные и вечером. Время самое дорогое, что нельзя купить, поэтому 1 звезда, этого никакие плюсы не перекроют. Даже если они и есть, пока не обнаружил.",1,Благодарим за обратную связь. Организуем комплексную проверку в офисе и обсудим с его руководителем ваши замечания. Простите за возможные неудобства.
12,Татьяна Кононова,https://avatars.mds.yandex.net/get-yapic/20706/enc-a1aea6ec671768605c09544971c3dc1098eee9008467e0d4eb455d6405be2647/islands-68,2023-11-24 05:41:05,"Сотрудники просто блеск, отзывчивые и профессиональные, помогут по любому вопросу. Банк находится в удобном месте.",5,"Спасибо, что нашли время оставить отзыв. Приятно видеть, что помощь наших сотрудников вызвала у вас исключительно положительные эмоции 👍"
13,Юлия Сафронова,https://avatars.mds.yandex.net/get-yapic/51169/BuDvhbV7zOU4vPZHLKOdxIjfdes-1/islands-68,2024-04-02 14:49:00,"Удобное расположение есть парковка, сотрудники помогут вам оформить что угодно. Внизу есть хороший магазин.",5,"Спасибо за положительный отзыв! Поверьте, мы это очень ценим 💙"
14,humanBG humanBG,https://avatars.mds.yandex.net/get-yapic/39249/enc-d97ed743f57dcb2e956a1f7336b9efc0db326aeb63ed188f8c0e31caaa5d9206/islands-68,2024-01-10 06:59:48,"Прекрасное обслуживание, очень приятный персонал, сервис на 5+. Быстро решили проблему, отличный банк",5,"Довольные клиенты - наша лучшая награда. Благодарим за то, что так высоко оценили нашу работу 💛"
15,Валерий Григорьян,,2024-02-19 13:28:27,"Втб хороший отдел. Был там. Ёсть один сотрудник его зовут Нельсон! Открытый, ничего не утвивает, очень положительный человек. Подсказал мне очень много. Подводных камней",5,"Благодарим за положительный отзыв о нашей работе. Рады, что вы остались довольны 💙"
16,S.y.a.123ru,,2023-11-11 11:36:52,"Хороший банк ,вежливые операторы ,все доходчиво объясняют,молодцы.Очереди большие ,но работают быстро!",5,"Спасибо за отзыв. Так приятно, что вы поставили нам высокую оценку 👍"
17,Ольга Т,,2024-01-23 20:02:31,"Отделение банка находится на втором этаже. Берёте талончик и ждёте когда вызовут. Мы пришли забирать карту. Очереди не было совсем. Нас вызвали сразу. Девушка очень приятная, всё нам объяснила, помогла скачать приложение. Отделением довольны, посмотрим как будут дела обстоять с использованием карты.",5,"Рады стараться! Спасибо, что вы это оценили 😊"
18,4375 Моисеенко,,2024-03-10 13:27:35,Банки ВТБ все офисы работают по одной схеме. Что и не удивительно. Операторы приветливые и пытаются хорошо обслужить. Выходит по разному. Просят сразу оценить их работу. Как то не корректно.,4,"Спасибо, что отметили наши плюсы и за обратную связь, которая помогает понять наши проблемы и принять меры для улучшения качества обслуживания. Простите за возможные неудобства."
19,Николай П.,,2024-04-10 11:25:20,"Хороший офис, отзывчивые сотрудники. Я зарплатный клиент. Несколько раз обращался с открытием и закрытием счетов, продлением карты, все без проблем сделали.",5,
20,Людмила Мрикотенко,,2024-03-14 04:07:31,"Радует работа банкомата вне банка. Даже когда банк закрыт, можно воспользоваться услугой . Спасибо. Хорошо что он здесь находится, до центрального офиса далеко. Рекомендую.",5,"Спасибо за положительный отзыв, нам очень приятно 👍"
21,Вера Сорокина,https://avatars.mds.yandex.net/get-yapic/65952/59h0CyIz3XQNdAgOf0geGlX31k-1/islands-68,2024-01-22 17:31:11,"Удобное место расположения . а так в целом как и во всех банках . сотрудники знают свое дело , сдержаны , вроде как компетентны .",5,"Нам очень приятно, что вы поставили нам высокую оценку. Заходите к нам снова, мы всегда рады встрече с вами!"
22,Lytsenko Denis,,2024-01-20 13:01:15,"Будьте внимательны. Советую изучить все условия по кредиту на сайте. Сотрудники хоть и улыбаются, но они всегда на стороне своего банка. А вам нужно обязательно самим разобраться в вопросе!!!",1,"Все наши условия прозрачны. Информация про продуктам и условиям размещена в открытом доступе на нашем сайте.
Будем благодарны, если расскажете подробнее, с какой ситуацией пришлось столкнуться при обслуживании в нашем Банке. Не оставим без внимания и во всем разберёмся 👌"
23,Татьяна,https://avatars.mds.yandex.net/get-yapic/63256/enc-800b6dd3aac1ad359ca7a56decb92d3080f6371dc7e9d89205a659baaf01f01c/islands-68,2023-03-27 10:59:01,"Только плюсы)
Особенно хочу выразить благодарность от всего сердца Максименко Евгении Анатольевне! И как специалист и как человек замечательная! Я очень рада, что попала именно к Евгении Анатольевне. Быстрое решение вопроса, сделали максимально всё возможное, чтобы получить моё платёжное поручение.",5,"Татьяна, благодарны вам за пятёрку и добрые слова о работе конкретного сотрудника! Всегда вам рады помочь 💪"
24,Дмитрий Калинин,,2023-11-27 01:47:32,Очень хороший банк. Сервис отличный. Специалисты молодцы. Стараются для вас из всех сил.,5,"Спасибо за отзыв. Мы любим и ценим наших клиентов, поэтому стремимся предоставлять им высококачественное обслуживание. Рады, что вы оценили это 😃"
25,Виктория Ротова,,2023-08-23 14:57:21,"Самый ужасный банк который я знаю, второй раз уже проблемы со страховкой по ипотеке, оплачиваешь все своевременно, а в итоге тебе все равно поднимают %ставку, видите ли не увидели оплаты, отделение банка не смог взять оплату, т. К. У них нет реквизитов для оплаты их же страховки, постоянно нужно бегать, жаловаться, ругаться. Надоело уже. На горячей линии вообще не понятно кого берут, звонишь чтобы решить вопрос, в итоге по ушам тебе поездили и все на этом. 5 месяц пытаемся добиться чтобы ваш банк принял эту страховку, которая по сути мне наиг не нужна!!!!! Беспредел и полнейший бардак!!!!! Напомню что с такой ситуацией уже сталкиваюсь 3 раз,!!!!! Разберитесь уже наконец то. Также столкнулись с ситуацией когда *** списали деньги с дебетовой карты, поехали в отделение банка, нам закрыли карту и сказали что остаток денн. Средств переведут на новую открытую карту, итог-банк до сих пор не перевёл этот остаток денег, а карты заблокированной уже и в помиме нет,мне не жалко подавитесь этим остатком, но явно такого не ожидаешь от крупного банка",1,"Благодарим вас за обратную связь.
Для продления договора страхования до наступления срока оплаты следующего периода необходимо обратиться в страховую компанию, в которой оформлен договор страхования, и получить квитанцию на оплату очередного взноса.
Копии документов по ипотечному страхованию, оплаченной квитанции необходимо направить на 1233@vtb.ru, указав в письме полные ФИО/дату рождения заемщика, номер кредитного договора и город оформления ипотечного кредита.
Мы обработаем ваше письмо и внесем сведения об оплате в программу, после чего вы увидите информацию об этом в ВТБ Онлайн в разделе «Страхование», не позднее конца месяца, следующего за месяцем отправки квитанции.
Подробная информация есть на нашем сайте: vtb.ru/personal/ipoteka/informacija-dlja-zaemshhikov/strahovanie/

По спорным вопросам вы всегда можете зарегистрировать соответствующее обращение в нашем контактном центре по номеру 8 800 100-24-24 или 1000 с мобильного, а также в чате ВТБ Онлайн. Банк его рассмотрит и предоставит официальный ответ.

Приносим извинения за возможные неудобства."
26,Игорь Мироненко,,2024-04-05 18:07:25,Хороший филиал.Обслуживание быстрое.Персонал вежливый.Время ожидания в пределах разумного.,5,"Благодарим вас за отзыв. Мы всегда стремимся предоставлять нашим клиентам качественное обслуживание и рады, что вы оценили это 😊"
27,Анна Свечникова,https://avatars.mds.yandex.net/get-yapic/42215/A0EUrgMH1CH0kSFwpNPp5WG6iOw-1/islands-68,2023-11-22 18:09:22,"Здорово!!!! Вежливые сотрудники! Я бы всем выписала премии! Спасибо, что Вы есть! Браво🛜! Так жержать!",5,Спасибо за отзыв. Ваш комфорт - наша основная задача 👌
28,elena,,2024-03-19 12:31:29,"Замечательный банк. В восторге от высокого уровня клиентоориентированности, внимания и профессионализма",5,Спасибо за высокую оценку нашей работы!
29,OWL,https://avatars.mds.yandex.net/get-yapic/63256/Fcrjt1NDStncGX2rWQ4IMiWEQk-1575236032/islands-68,2024-04-11 14:42:59,"Нравится расположение офиса, а еще больше компетентный персонал. На любой вопрос будет ответ максимально доступный и понятный. Сотрудники стараются создать клиентам максимально удобные условия при консультации. Только позитив и хорошее отношение. Вообще пользуюсь услугами банка давно, меня все устраивает",5,
30,Дементиевский Сергей,https://avatars.mds.yandex.net/get-yapic/49368/7aoC5co6EC5wto7UA7eahb3pzFs-1/islands-68,2024-04-11 20:24:11,"Супер , брал кредит на автомобиль , оформили быстро , рассказали как в дальнейшем отказаться от страховки жизни без изменения ставки",5,
31,малик виталий,https://avatars.mds.yandex.net/get-yapic/27232/nWjiE5w82djdz7yz82PxY6dGTyA-1/islands-68,2024-04-02 06:10:54,"Очереди огромные. Сотрудники не поворотливые. Если пришли туда, то просидите не меньше часа. Из11 столиков работает 3-4. Категорически не рекомендую!!!",1,"Сожалеем, что обслуживание в нашем офисе доставило вам неудобства. Обязательно проведем проверку ситуации из вашего отзыва и передадим информацию руководителю офиса для организации мероприятий по повышению качества и скорости обслуживания."
32,Марина Янц,https://avatars.mds.yandex.net/get-yapic/62162/tyQ0cOMfgIYZtNSYDZnKJAXZ4vU-1/islands-68,2023-10-20 07:49:39,"не работает терминал в очереди,очень не удобно,а так персонал грамотный,знают свою работу",3,Спасибо за сигнал. Обязательно организуем проверку в данном отделении. Простите за неудобства.
33,Антон Борисович,,2023-05-31 21:10:23,"Зашёл, взял талон и сразу оказался приглашён к очень вежливой девушке-оператору. Всё что нужно выяснил, оформил новую карту, закрыл старые, проконсультировался по ипотеке. Всё очень быстро.
 Офис находиться на втором этаже, что может быть проблемой для маломобильных граждан. Вполне возможно там есть лифт, не обратил внимания.",5,"Спасибо, что нашли время и оставили отзыв. Рады, что вы остались довольны 🙂"
34,Виталий И,https://avatars.mds.yandex.net/get-yapic/44850/6QhL23MP2FFIYilSe9Z6clDaTA-1/islands-68,2024-02-18 08:52:19,"Есть касса , так же на входе банкомат на первом этаже и в самом офисе банка два банкомата . С парковкой не очень .",4,Спасибо за обратную связь. Это помогает нам расти и развиваться 😊
35,Татьяна К.,https://avatars.mds.yandex.net/get-yapic/20749/enc-9c9d46ec206a02404f637e50c2c28e8598eee9008467e0d4eb455d6405be2647/islands-68,2024-04-10 09:48:29,Хороший офис. Удобное расположение. Вежливые сотрудники.,5,
36,Sergey Gubanov,https://avatars.mds.yandex.net/get-yapic/45131/enc-c9604a8fa8dd6388e6794af2648ea95dd4de9875522e6af17933ae18d2840456/islands-68,2023-02-14 08:29:41,"Ужасное обслуживание банка. Заинтересованности нет.
Закрыть ипотечный кредит нельзя без приложения ВТБ онлайн - не работает сформированное заявление. 
Ожидайте месяц как починят))) 

Банк ВТБ пожалуйста будьте клиенто-ориентированым банком. 
Приходиться ездить по отделениям банка и выклянчивать заявление на закрытие ипотечного договора.

Еденица из за того, что я в принципе за 5 лет не посетил не один банк, все вопросы онлайн.
Так же в тех поддержке говорят совсем другое, что можете физически закрыть ипотечный договор, если есть в отделении касса. В этом отделении была касса и тех поддержка подтверждает, что я могу заполниь от руки заявление и оплатить всю часть.

Потратил суммарно рабочий день. Ужас",1,"Поверьте, мы стремимся быть лучше. Обратная связь нам помогает понять наши проблемы и принять меры для улучшения сервиса и обслуживания. Благодарим вас за отзыв."
37,Николай Проскуряков,,2024-03-27 17:05:27,"Неплохое отделение, но как по мне маловато для данной локации. Всегда очереди",4,"Благодарим вас за обратную связь.
Понимаем, что наш офис может показаться небольшим, однако наша главная цель - обеспечить высокое качество обслуживания каждого клиента.
Проведем необходимые мероприятия, которые позволят сократить очередь и более оперативно решать вопросы клиентов.
Примите наши извинения, мы исправимся."
38,Лариса Исаева,,2022-11-18 09:56:45,"Благодарна Витенко Ирине Константиновне за решение всех моих проблем!!! Очень компетентна во всех вопросах.Внимательная,доброжелательная умница!!! Услугами банка пользуюсь давно ,все устраивает.",5,"Лариса, так приятно, что вы поставили нам высокую оценку и отметили работу сотрудника!"
39,Светлана Гренц,,2022-12-02 03:21:21,"Обслуживание отличное,персонал супер вежливый всё досконально объяснят,ожидание в эл.очереди минимально.Зал очень просторный. График обычный в выходные банк не работает.",5,"Благодарим. Нам очень важно, чтобы каждый клиент оставался доволен 😃"
40,Мария Фролова,https://avatars.mds.yandex.net/get-yapic/38663/enc-9fa7c561ea3afb5897f3182d9f075a352fc2fbecbfdf35631f0f97b31ef99bfe/islands-68,2023-12-26 16:26:30,"Местечко не для слабонервных. Помещение мизерное, народу тьма. Банку надо ещё папу отделений в этой части города.",1,"Сожалеем, что обслуживание в нашем офисе доставило вам неудобства. Обязательно организуем проверку на основании ваших замечаний вместе с его руководителем и примем необходимые меры.

При выборе месторасположения офиса мы руководствуемся различными критериями, такими как инфраструктура и близость к общественному транспорту. Отметим, что мы продолжаем развиваться и расти. Приняли ваше замечание к сведению."
41,эдуард славинский,,2023-01-01 21:05:55,Обслуживание клиентов очень хорошо . Внимательный персонал ответит на все вопросы.очередь очень быстро проходит. Ребята быстро и чётко работают.,5,Спасибо за такие приятные слова. Всегда Вам рады помочь 💪
42,Александр Ковалев,https://avatars.mds.yandex.net/get-yapic/26057/vvfMB7YernExAG0aBuVLwWhf9w-1/islands-68,2024-03-10 18:20:47,Очень долгое обслуживание. Много людей и мало менеджеров. Ещё и в кассу простояли целый час.,3,"Ваше замечание не останется без внимания и будет незамедлительно передано ответственным руководителям с целью реализации мер, которые обязательно будут направлены на повышение скорости предоставляемых услуг. Простите за возможные неудобства!"
43,[LP] DENCIK,https://avatars.mds.yandex.net/get-yapic/65952/4vlqdZBSS5jNeYRd8TU4GuK57As-1/islands-68,2023-09-19 18:02:15,"нормально
мне очень понравилось я люблю это место для проведения работ по договору с ООО ТД ООО ТД ООО ТД ООО ТД ООО СК",5,"Рады, что вам понравилось. Ждем вас снова 😃"
44,Леонид БОНДАРЕВ,,2024-04-03 11:04:11,Самый лучший банк. Самые выгрдные условия по всем продуктам,5,"Большое спасибо за замечательный отзыв и внимание к нашей работе. Мы очень ценим, что у нас есть такие отзывчивые клиенты, как вы 💙"
45,ya.maksskam,https://avatars.mds.yandex.net/get-yapic/63032/enc-86de078797683901bcec6d31b1f4ca64453ce5df13991001eda058a2fe65af6e/islands-68,2023-04-16 17:11:27,"Персонал приветливый и общительный. Обслуживание хорошее. Удобное расположение, рядом астоновка и стоянка, в здании несколько банкоматов.",0,"Рады, что вам понравилось. Ждем вас снова 😃"
46,АнатолийС.,,2023-10-23 13:13:36,"Обращаюсь по мере необходимости, вопросы решаются быстро, спасибо.",5,Спасибо за отзыв! Будем продолжать в том же духе 💪
47,Александр Анисовец,,2023-05-31 12:56:17,"Не главный менеджер, не директор не решают вопрос кредита... Простой менеджер сказал то же самое.... И зачем держать таких работников????? Банк ВТБ я с2029 года ваш клиент и мне отказали в оформлении крестной карты, ссылаясь что у меня временная регистрация..... А я имею здесь собственность!!!!!",1,"Действительно, для оформление кредитной карты есть требование к постоянной регистрации. Если у вас имеется постоянно регистрация, то вероятно, нужно обновить данные в банке и после оформлять заявку."
48,Даниил Лапин,,2023-12-17 13:24:58,"Вежливые сотрудники, и быстрая работа персонала",5,Благодарны вам за пятёрку и добрые слова о работе наших сотрудников 💛
49,Галина Кошевая,,2024-03-26 07:51:27,Перевела в этот банк пенсию и осталась довольна. Обслуживание на высшем уровне!,5,"Довольные клиенты - наша лучшая награда. Благодарим за то, что так высоко оценили нашу работу 💙"
50,Розит Асад,https://avatars.mds.yandex.net/get-yapic/21377/enc-136a89780b8c8dd8a0ed6cb442c8668fba08c98141b568115898ec6baa71854f/islands-68,2024-02-06 07:56:09,"Удобное расположение, вежливые сотрудники банка.",5,Благодарны вам за пятёрку и добрые слова о работе наших сотрудников 💛
51,Татьяна,https://avatars.mds.yandex.net/get-yapic/60687/enc-41a196f0118d33e1d68494659a3df9015944e92f2e14399d416f976ea8844069/islands-68,2022-11-10 18:50:07,"В банке работают не компитентные сотрудники! Попросила закрыть кредитную карту и все, что с ней связано. У оператора уточнила, что я не хочу чтобы что-то меня связывало с ВТБ банком, девушка скащала, что через месяц все будет закрыто. Итог: через 2 месяца в бюро кредитных историй и в сбере эта карта висит как активная, на горячей линии данную информацию не могут разъяснить, предлагают обратиться в офис. Это уже третий визит относительно закрытия будет. ВТБ банк только время и деньги тратит!",1,"Благодарим Вас за отзыв. Нам очень важно знать Ваше мнение. Мы стремимся к тому, чтобы быть лучше. Проведем работу в целях улучшения качества обслуживания."
52,Артур Никогосян,https://avatars.mds.yandex.net/get-yapic/27503/NpWR76ykaDSwFtAl0G47ERa2ts-1/islands-68,2023-02-07 03:49:12,"Приглашают взять предварительно одобренный кредит ) приезжаешь туда, заполняешь заявку, как в первый раз все ) вываливают совершенно другие условия ) несравнимо хуже ) и так раз в год )) девочка оправдывается, говорит все так делают )))",2,Банк принимает окончательное решение по выдаче кредита после предоставления документов в банк.
53,Дмитрий,,2023-03-19 11:59:49,"Обращался в банк , нужно было распечатать реквизиты, спасибо сотрудникам, сделали всё качественно, выполнили свою работу полностью, рассказали про всё предложения от банка.",5,Довольные клиенты - наша лучшая награда. Благодарим за высокую оценку нашей работы.
54,Дмитрий Сухарев,https://avatars.mds.yandex.net/get-yapic/49368/Kc1rhQDhFDJZsNkgJySEpVkzo0-1/islands-68,2022-11-14 10:20:27,"В выходной работало, больше не работает. 
На весь город миллионник оставили 2 отделения принимающих в субботу. Клиенто - ориентированность, нет, не слышали.
Претензия не к отделению наверное, они все +- одинаково работают. Претензия к руководству банка. Мы ему не нужны. 
Делайте вывод, идти туда или лучше пойти в другой банк.",1,"Поверьте, мы стремимся быть лучше. Обратная связь нам помогает понять наши проблемы и принять меры для улучшения сервиса и обслуживания. Благодарим вас за отзыв."
55,Алексей Матвеев,https://avatars.mds.yandex.net/get-yapic/51381/NLdFs0zZFaeAhlyZPNAaIPJtNQA-1/islands-68,2022-06-02 13:38:08,"Был там, всё норм и ровно. Народу почти не было и обслуживание было быстрое. Персонал приветливый, прохладно классно. Все молодцы.",5,
56,Сергей Погосян,,2023-06-09 23:37:39,Хорошие вежливые сотрудники на все интересующие вопросы грамотные и своевременное ответы,5,"Спасибо, что уделили время для оценки работы наших специалистов! Постараемся и дальше соответствовать вашей пятёрке 😊"
57,Мадина Х,https://avatars.mds.yandex.net/get-yapic/57243/bcMoEisDUf8pi7WGaCjGOpkI-1/islands-68,2024-02-06 17:01:49,"Не раз обращалась в этот банк. Всегда помогут,объяснят.",5,"Спасибо, что нашли время оставить отзыв. Приятно видеть, что помощь нашего сотрудника вызвала у вас положительные эмоции 👍"
58,Илона Арутюнян,,2022-12-24 21:49:43,"Часто стою в очередях ,особенно в последнее время участились случаи по вкладу.А так все нормально -сотрудники всегда вежливые и всегда готовы помочь",4,"Благодарим, что отметили наших сотрудников. Над вопросом длительного ожидания мы работаем."
59,Сергей Б.,https://avatars.mds.yandex.net/get-yapic/28439/GUxRcaCMDlgmiEfOe2HEs6Vq3Bw-1/islands-68,2023-12-08 07:35:21,"Парковка мала, да и ожидающих клиентов многовато!",4,"Благодарим за отзыв. Мы постоянно проводим необходимые мероприятия, которые позволяют сокращать очереди и более оперативно решать вопросы клиентов.
Замечание по парковке приняли во внимание."
60,Ирина Ч.,https://avatars.mds.yandex.net/get-yapic/61207/JCbST1vwUPdjQGFPYWorabV0To-1572558721/islands-68,2024-02-14 14:41:03,Всё прекрасно!!! Всем премию😍,5,Спасибо большое за высокую оценку и вашу лояльность 😊
61,Виталий Елисеев,https://avatars.mds.yandex.net/get-yapic/57243/k3IIv4SeWbe3CGHOrT9wntMBOA-1/islands-68,2022-09-23 06:12:47,"Отделение работает до 19:00, а касса, внимание, до 17:30... И никто об этом не предупреждает... 
Какой смысл этого? Не понятно... 
Обслужиться не удалось, может и к лучшему, а то вообще на 1 звезду наработали бы... 
А да, и народу полно, и очередь электронная не работает... Комбо!!!",3,"Благодарим Вас за отзыв. Нам очень важно знать Ваше мнение. Мы стремимся к тому, чтобы быть лучше. Проведем работу в целях улучшения качества обслуживания."
62,Евгений Зинченко,https://avatars.mds.yandex.net/get-yapic/30431/ldSZ3IvsBIdYvMoNEb0OOjWxho-1/islands-68,2022-06-10 18:08:42,"Не очень приятное ощущение от посещения, хотя в помещении чисто и аккуратно. Есть электронная очередь, просто нам попалась девочка стажёр и обслуживание затянулось.",3,
63,Евгений Шкурник,https://avatars.mds.yandex.net/get-yapic/30955/PgTwZmDa5uonCPBjs3695xDc9jY-1/islands-68,2023-10-22 11:29:07,Очень хорошее отношение к посетителям.,5,"Спасибо за отзыв! Рады видеть, что вы оценили нас на 5 ⭐"
64,я я,,2023-07-18 06:03:46,Особая благодарность Рае Романовне! Спасибо большое!!!,5,"Спасибо за высокую оценку и за то, что отметили работу сотрудника 👍"
65,Юлия Худякова,https://avatars.mds.yandex.net/get-yapic/27232/HQEsb0D5rwA86wBa8ywEq3JZRVs-1/islands-68,2023-01-06 15:11:44,"Вежливые, компетентные сотрудники, искренне пытались помочь и подсказать как лучше сделать.",5,Спасибо за такие приятные слова. Всегда Вам рады помочь 💪
66,ОЛЬГА АЛЯЕВА,https://avatars.mds.yandex.net/get-yapic/28053/tgHE8knidxqyKO4OHw5ecOeuk-1/islands-68,2022-06-27 17:49:34,"Взяла кредитную карту,наложили арест,теперь банк не дает возможности платить ежемесячный платеж,пока я не погашу сумму ареста,проценты идут,выхода не нахожу,каждый раз сотрудники банка дают информацию разную,сказали оплати через кассу,в итоге деньги не зачислили,и не списали долг приставам.Какой то замкнутый круг.Видно банку выгодно заморозить деньги,и посадить клиента в долговую яму",1,
67,Вячеслав Л.,,2023-12-11 18:59:46,Респект ВТБ профи молоци.,5,"Искренне рады, что выбрали наш Банк своим финансовым партнёром! Спасибо за высокую оценку 🙂"
68,Александр Жуков,,2023-05-13 20:30:58,"Вопрос не смогли решить, но персонал замечательный. Остались впечатления хорошие.",4,"Спасибо вам, очень приятно получать обратную связь 🙏👌 Приезжайте ещё 💛"
69,Дмитрий,https://avatars.mds.yandex.net/get-yapic/43978/nAX3wlJ9BjtSTXMzaEM5KXxx2KI-1/islands-68,2021-09-16 10:54:06,"Посетил данное отделение 15.09.2021 для открытие карты Мир, отстаял очередь как все, после как подошла моя очередь отдал сотрудницы банка свой паспорт для открытия карты Мир с платежной системой мир, объяснил для чего мне нужна карта, девушка удалилась на 1 минуту после пришла и мне ответила что отказано в обслуживании банка без объяснения причины, я был вазмущен, спросил ещё раз причина отказа мне в открытии дебитовой карты Мир, ответ был без объяснения причин. Я ушёл без руготни, но больше в этот банк ВТБ я никогда не приду даже если пригласят и никому не посоветую этот банк. А так все желаю удачи и быть осторожнее с банками и не трать зря свое время и ВНИМАНИЕ.",1,"Дмитрий, хотим пояснить, что в соответствие с правилами комплексного обслуживания Банк вправе отказать в заключении договора комплексного обслуживания и оформления карты по следующим причинам:- если клиентом не предоставлены документы, подтверждающие сведения, необходимые для идентификации клиента в соответствии с законодательством Российской Федерации;
- предоставлены недостоверные документы;
- у Банка имеется информация о том, что целью заключения такого договора является совершение операций в целях легализации (отмывания) доходов, полученных преступным путем, или финансирования терроризма;
- при не предоставлении клиентом номера мобильного телефона;
- по иным причинам, предусмотренным законодательством Российской Федерации."
70,Наталья Игошина,https://avatars.mds.yandex.net/get-yapic/30431/U1U0Bfdkf2Dme8mX2hhHj8qZOA-1/islands-68,2022-08-19 17:55:36,"Быстро, четко, без очереди. Приехала к открытию, к 9.00. Отделение открылось вовремя. Выпускала дебетовую карту, заняло около 20 минут по времени. Доброжелательные сотрудники.",5,"Рады, что Вам понравилось. Ждем Вас снова 😃"
71,Алекс Романов,https://avatars.mds.yandex.net/get-yapic/43473/WKv0U8TmWPtjvDfjzv67eGATxQE-1/islands-68,2021-10-11 14:17:44,"Работа сотрудников на высоте . Быстро провели все необходимые операции . Вежливый персонал . Большая проходимость , т.е . я задержался там буквально на 20 минут .",5,
72,Владимир К.,,2023-08-30 14:45:29,Если работает то обычный банк которых сотни.Не чем не лучше и нехуже .,3,"Мы очень серьезно относимся к качеству наших услуг и будем продолжать работать над их улучшением 💪
Благодарим вас за обратную связь. Надеемся, что в будущем мы сможем заслужить от вас более высокую оценку!"
73,Светлана Ус,,2022-12-20 06:35:55,"Вежливые операторы, решили веё вопросы, не навязывали доп обслуживание. Уютный зал ожидания, правда ждать пришлось около получаса",5,Спасибо за такие приятные слова. Всегда Вам рады помочь 💪
74,Мария Амшокова,https://avatars.mds.yandex.net/get-yapic/68143/C6RlhqWkVfsHLdnFvFMshbZwo-1/islands-68,2022-12-03 07:27:21,"Приехала ,потратила в пустую время. А суббота оказывается не рабочий день. Будьте добры, поменяйте тогда и здесь график работы . 
Что это за беспредел ?",1,Спасибо за отзыв! Поправим информацию.
75,Ованес Карганян,,2022-12-17 18:30:22,"Всегда большие очереди. Сотрудники банка работают на пределе. Касса одна. Такой большой банк, а филиалов не много и все маленькие.",4,"Поверьте, мы стремимся быть лучше. Обратная связь нам помогает понять наши проблемы и принять меры для улучшения сервиса и обслуживания. Благодарим Вас за отзыв."
76,Ольга Мурдаслва,,2021-09-29 10:22:14,"Замечательное обслуживание: быстро, профессионально, решила все проблемы. Спасибо Александру(надеюсь не ошиблась) . Огромный плюс-отделение работает в субботу.",5,
77,Тамара Осипова,https://avatars.mds.yandex.net/get-yapic/29310/bfYUMMfJujylFi5hpgwLVQhtTI-1/islands-68,2021-10-27 13:22:01,"МЯСНОЙ КОРОЛЬ, есть мясной король, выпечка свежая, салаты блюда мясные выглядят очень аппетитно, полуфабрикаты очень заманчиво, нехочешь, но купишь👍",5,
78,Надежда Кононова,https://avatars.mds.yandex.net/get-yapic/27274/dWYPp7EXgWsAWcD9F9htU3sA2fo-1/islands-68,2023-06-08 17:40:30,"Отличный чистый офис.
Вежливый персонал",5,"Спасибо вам, очень приятно получать обратную связь 🙏👌 Приезжайте ещё 💛"
79,Артём Нагайцев,,2022-02-05 19:24:37,"Отличное отделение. Вежливый персонал, редкие очереди, немного бы увеличить время работы - хотя бы до 20:00, было бы гораздо удобнее.",5,
80,Nistel,https://avatars.mds.yandex.net/get-yapic/21493/enc-cbab8d3ef90eb21545fb1b36a2dd8a1b5e2dcb639316143104a8cc20868371ed/islands-68,2023-06-13 17:51:43,"Хотели взять одну сумму в кредит, вроде одобрили, а когда начал вникать в условия кредита, оказалось, что к моей сумме кредита прибавили 20% страховки 😏 Хотя об этом заранее менеджер банка НИЧЕГО не сказал",2,"Здравствуйте!
Сожалеем, что у вас сложилось негативное мнение о нашем Банке. Поверьте, мы стремимся к тому, чтобы быть лучше. Надеемся, в дальнейшем ваше мнение о ВТБ изменится в положительную сторону."
81,Алена В.,https://avatars.mds.yandex.net/get-yapic/24700/enc-f9d53a4e870264756d4b3431b5b1db0eab0efb114d01455b16146e2de4bc86f6/islands-68,2022-05-29 15:31:30,"Хороший банк, обслуживание хорошее. Деньги на покупку квартиры хранила здесь на процентах. Все устраивает, продолжаю пользоваться.",5,
82,Надежда Гордышева,,2022-12-15 18:18:58,"Хорошее обслуживание, вежливый персонал, всё хорошо.",5,Спасибо за такие приятные слова. Всегда Вам рады помочь 💪
83,Елена Плескевич,,2022-06-22 19:45:40,"Прекрасное обслуживание, очень вежливые сотрудники. Всегда все быстро .",5,
84,Алина,https://avatars.mds.yandex.net/get-yapic/50071/WvlwA0zFeVjcNX7eC1fxQIH3bw-1/islands-68,2021-11-12 13:50:41,"Перешла на ВТБ и не могу нарадоваться, обслуживаюсь по Привелегии в отдельном кабинете с компетентным сотрудником. Остальные операции можно провести в свободных окнах или в кассе. На входе банкоматы, которые всегда работают.",5,Спасибо за отзыв! Будем продолжать в том же духе 💪
85,Сергей У.,https://avatars.mds.yandex.net/get-yapic/56823/WHPYC8onod8Wa09cr3mWJnP4zdk-1/islands-68,2024-03-19 09:41:45,Отличный офис!,5,Спасибо за высокую оценку нашей работы!
86,Мороз Дедушка,https://avatars.mds.yandex.net/get-yapic/27503/rLNzwe5w2RkchGaDGyQ8Z8WbxhI-1/islands-68,2022-05-04 17:59:57,"Дружелюбный коллектив 
Есть талоны для инвалидов 
Всё помогли и решили все проблемы 
Спасибо вам",5,
87,Евгений Матвеев,https://avatars.mds.yandex.net/get-yapic/29310/9Vrf9Osf8voa7dLJAsCHiQkEYc8-1/islands-68,2023-05-27 12:24:35,"Что то очень душно было в офисе, может сплит сломался, но так себе было.",4,Спасибо за отзыв! Приняли во внимание.
88,Серж Г.,,2022-12-20 11:46:47,"Дозвониться не возможно, голосовой помошник глушит своими вопросами и ответами и все мимо",1,Сообщите голосовому помощнику о необходимости соединится с оператором.
89,Nural A.,https://avatars.mds.yandex.net/get-yapic/45848/enc-fcd5aab5ca0144ba65fdde9634c34347aba49ee1b058847699ebcab8583a387b/islands-68,2022-08-10 07:28:21,"Всегда проблема с парковкой,лучше оставить машину на против тц красный площади",5,Спасибо за отзыв!
90,Наталья Лазарева,https://avatars.mds.yandex.net/get-yapic/57243/62wMwcgt7GOZp8sGK0Mk64uZpQ-1/islands-68,2022-05-16 17:03:06,"В офисе банка всегда долго ждёшь своей очереди по талону. Сотрудники обслужили мой вопрос крайне невнимательно, пришлось повторно приезжать.",3,
91,Ирина Алалиева,,2022-05-26 11:53:48,"Постоянные очереди. Медленное обслуживание. При этом в любое время, ближе к вечеру, или утром. Руководство, примите меры.",4,
92,Байбазаров Улан,https://avatars.mds.yandex.net/get-yapic/40138/hfqoYwKBtAuHSD9BgXKqdgDMw-1/islands-68,2023-08-05 12:06:11,Не работал. Жаль потраченного времени,1,"Будем благодарны, если расскажете подробнее, с какой ситуацией пришлось столкнуться при обращении в офис. Не оставим без внимания и во всем разберёмся 👌"
93,eseniya.dardo,https://avatars.mds.yandex.net/get-yapic/28439/lHQW0VT4RcCbF2fZh08Apex88mY-1/islands-68,2023-08-30 15:56:10,"Душно, народу много,очереди огромные",1,"Сожалеем, что обслуживание в нашем офисе доставило вам неудобства. Обязательно организуем проверку на основании ваших замечаний вместе с его руководителем и примем необходимые меры. Благодарим вас за отзыв."
94,Иван Петров,,2023-09-09 16:39:40,На многие вопросы не могут ответить,4,"Позвольте поблагодарить вас за обратную связь, которая помогает нам эффективнее работать над улучшением качества обслуживания. Обязательно обсудим с руководителем офиса ваши замечания и примем меры."
95,Дмитрий Баженов,https://avatars.mds.yandex.net/get-yapic/51169/qYiQ7FIOKqHuzkOCVEGjdmS1QLE-1/islands-68,2023-07-04 17:35:19,"Хороший офис, но бывают очереди",5,"Спасибо вам, очень приятно получать обратную связь 🙏👌 Приезжайте ещё 💛"
96,Ася Sh,https://avatars.mds.yandex.net/get-yapic/57243/BzgnnmmgCujSMYKbVOmBTAxD0-1/islands-68,2023-05-19 16:10:31,Очередей нет. Всё оперативно решают,5,"Рады стараться! Спасибо, что вы это оценили 😊"
97,Ирина Данильченко,https://avatars.mds.yandex.net/get-yapic/27503/LIwIGLe2geRah4H6LjCf66VMLqM-1/islands-68,2023-06-13 14:36:49,Внимательные консультанты,5,"Ирина, спасибо за отзыв. Наши сотрудники всегда стараются быть внимательными и заботливыми к каждому клиенту. Мы рады, что вы ощутили это на себе. Приходите к нам почаще!"
98,Миротворец МИРНЫЙ,https://avatars.mds.yandex.net/get-yapic/45566/6cXQrbiQKNsI1YEdv5hfYGh7FlY-1/islands-68,2022-11-02 06:27:39,Молодцы. Чётко работают вежливые. Обслуживание на высшем уровне,5,"Благодарим. Нам очень важно, чтобы каждый клиент оставался доволен 😃"
99,вась вась,,2021-04-24 15:01:36,"Сотрудники банка не соответствуют своей квалификации. Такие ляпы можно услышать, что кажется туда набрали стажеров. Руководителя часто нет на месте. Пару раз его спрашивал, а его не оказалось на месте. Какой руководитель, такие и сотрудники одним словом.",1,
100,Ольга,,2021-03-13 12:35:09,"Отвратительное обслуживание. Такое впечатление, что сотрудники спят на ходу. Больше часа сижу в очереди в попытке 
получить зарплатную карту. Работают 4 окна из 6, очередь огромная, скорость черепашья. Если бы не зарплатный проект - никогда не стала бы сюда обращаться.",2,
101,оксана силантьева,https://avatars.mds.yandex.net/get-yapic/38663/ET87ghCtcKU7Fbr0pls9dW6K9U-1/islands-68,2023-05-21 19:56:36,"Хороший банк, нет очереди",5,"Спасибо вам, очень приятно получать обратную связь 🙏👌 Приезжайте ещё 💛"
102,Тамара Утевская (Шахнович),https://avatars.mds.yandex.net/get-yapic/54535/OAVkXrF9ehrHN65LkHe4lskl7w-1/islands-68,2022-12-19 16:59:17,"Если бы не очередь, то все нормально в обслуживании",3,"Согласимся с Вами, что длительного ожидания не должно быть. Обратим внимание руководителя отделения на данную проблему и примем меры 👌 Надеемся, что в дальнейшем мы не заставим Вас ждать."
103,Валерий,,2023-08-19 16:07:33,Вайфай не работает,1,Благодарим за сигнал. Обязательно проверим 👌
104,Elena Анатольевна,https://avatars.mds.yandex.net/get-yapic/27503/XQhtITGH49jZ8gTjxcVeriL4Q-1/islands-68,2021-12-25 12:54:37,Маленькое помещение. Всегда много народа. Персонал компетентный через одного,3,
105,Елена Д.,,2021-02-03 11:10:07,"Я являлся постоянным клиентом банка. За 10 лет не просрочил ни один платеж. Подал заявку, одобрили, приехал в банк, кредит не выдали. Отношение к клиенту очень плохое. Больше к ним не обращусь. НЕ тратьте на них свое время.",1,
106,Сергей,,2023-04-21 08:18:00,Обслуживание нормальное,5,"Сергей. спасибо, рады стараться 😃"
107,Просто Я,,2021-12-15 15:12:13,"Обычный банк. Ни чем не лучше и далеко не хуже других. Обслуживание... Все зависит о того, к кому попадёшь.",4,
108,Татьяна С.,https://avatars.mds.yandex.net/get-yapic/48449/xzXSJDSeLTvBIQOBTXKYHRL9o8I-1/islands-68,2022-11-03 17:42:09,"Обслуживание на низком уровне, персонал грубый",1,"Благодарим Вас за отзыв. Нам очень важно знать Ваше мнение. Мы стремимся к тому, чтобы быть лучше. Проведем работу в целях улучшения качества обслуживания."
109,Оксана Швецова,https://avatars.mds.yandex.net/get-yapic/15298/enc-1493dcc4a587fe0ef5ba68a7cd054f7998eee9008467e0d4eb455d6405be2647/islands-68,2022-09-05 17:04:51,Данный офис ВТБ не доступен для маломобильных граждан,1,"Оксана, не все офисы оборудованы для маломобильных клиентов. Вы можете обратиться в другое отделение Банка, оборудованное пандусом. Примите извинения за неудобства."
110,Аделя,https://avatars.mds.yandex.net/get-yapic/54535/Qos10qTRDPUay5JKuqM7bOdEd0-1/islands-68,2022-11-08 14:59:40,"Быстро, вопрос решили . Спасибо",5,Спасибо за такие приятные слова. Всегда Вам рады помочь 💪
111,Елена,https://avatars.mds.yandex.net/get-yapic/56823/CUJt0ItfmpalY6XKKdUI1h7Tkxk-1/islands-68,2021-10-10 14:33:08,"Страховку в этом банке нет смысла оформлять. Посмотрите отчеты страховой Втб о доходах и банках. И почитайте форумы тех, у кого наступил страховой случай. Вот и у нас уже Верховный суд. Справедливость и стразовая Втб, как и сам банк Втб это вещи не совместимые.",1,
112,Младший Сержант,,2022-04-10 08:30:02,Самый лучший сотрудник Ирина Андреевна Настич,5,
113,vodnevaira78,,2021-09-04 13:04:17,"Внимательные сотрудники, готовые объяснить, что не понятно, народу когда там бывала немного.",5,Спасибо за такие приятные слова. Всегда Вам рады помочь 💪
114,302273 Кузнецова,,2022-10-30 17:57:34,"Клиент явно не в приоритете, сонное царство",1,"Поверьте, мы принимаем меры для того, чтобы время ожидания было минимальным. Проведем проверку в отделении и обсудим с руководителем данную проблему. Надеемся, что в дальнейшем мы не заставим Вас ждать."
115,Екатерина Костомарова,https://avatars.mds.yandex.net/get-yapic/23134/c8C3w0beAf46dGk0IVVBi4K3c-1/islands-68,2022-08-24 11:34:01,Обслуживание медленное ООО очень медленное,3,"Сожалеем, что вынуждены были потратить ваше личное время на ожидание в очереди. Примем меры и исправимся 💪"
116,Светлана,https://avatars.mds.yandex.net/get-yapic/60687/zdDNLGjQ2trKWFd2TIc5CZoo9P4-1/islands-68,2020-08-31 12:46:24,"Удобное расположение, приятные служащие, профессиональный подход. Несколько банкоматов.",5,
117,LM,https://avatars.mds.yandex.net/get-yapic/27274/S64IUVtAU7D8WUzggqlVsZS7k-1/islands-68,2021-09-10 09:31:02,"В отделении бывает, что не работают банкоматы на первом этаже, приходится подниматься на второй",3,Примите извинения за неудобства. Направим информацию специалистам для проверки работы устройств.
118,Дмитрий С,,2021-07-19 05:36:35,"из 6 окон работает 3 - очередь вообще не движется. 
но персонал вежливый, проблему решили быстро",2,
119,Виктория,,2022-11-20 09:17:33,"Медленное
 обслуживание",1,"Виктория, спасибо за отзыв. Обязательно проведем проверку в данном отделении на основание Ваших замечаний и примем меры, которые позволят оперативно решать вопросы клиентов."
120,Alena Otmohova,https://avatars.mds.yandex.net/get-yapic/35885/EGoTXJsUUucNaEcAIwtdS5LisA-1/islands-68,2023-02-21 17:41:53,Хорошее обслуживание,5,"Рады, что Вам понравилось. Ждем Вас снова 😃"
121,Татьяна Исаева,,2020-07-08 09:19:17,Офис очень уютный. Сотрудники доброжелательные и отзывчивые. Помогли в оформлении и получении кредита. Особенно хотим отметить Евгению и Антона. Очень им благодарны.,5,
122,Валентина Едименченко,https://avatars.mds.yandex.net/get-yapic/53031/WP27SmhhTJFP6wY2oidlJXhdA-1/islands-68,2021-04-24 10:39:36,"Нет очередей, всё четко организованно, хороший руководитель, сразу видно",5,
123,Ольга,https://avatars.mds.yandex.net/get-yapic/48449/7LBPXdrfZUsp5TjzEXeiGSynfGg-1/islands-68,2020-01-29 18:01:21,Условие и предложение по кредитам выгодные.. Вежливые и граммотные консультанты..Отличная команда. Молодцы,5,
124,Москов сити.,https://avatars.mds.yandex.net/get-yapic/58107/HPC4qkIi8x1AJrKatwF2wCQ-1572094832/islands-68,2022-01-22 12:14:07,"Ужасное обслуживание менеджером по выдачи карт. Такое ощущение, что мне банк нужен а не я банку.Отказался от карты из-за менеджера по выдачи карт.",2,
125,Денис Вакула,,2022-12-17 14:50:53,Мало парковочных мест,4,"Денис, Банк не предоставляет места для парковки."
126,Ирина Бусуëк,,2022-12-17 08:46:39,Закрыт по субботам,1,Спасибо за отзыв! Приняли во внимание.
127,Георгий Елкин,,2021-06-11 11:32:17,все быстро. очередей нет. персонал приветливый,5,
128,денис денис,,2021-04-13 12:20:42,Обслуживание очень медленое по любой проблеми неделя ходить можно,2,
129,Наталья Шевченко,,2022-09-18 13:35:25,Сомнительная организация,1,"Расскажите подробнее, что не понравилось. Информацию просим направить на наш адрес SMedia@vtb.ru. В теме письма необходимо указать «Яндекс, Краснодар, улица Александра Покрышкина, 30, 18.09.22»."
130,виктор Кох,,2022-12-20 17:22:28,Хороший персонал,5,"Благодарим за положительный отзыв, нам очень приятно 👍"
131,Михаил Панов,https://avatars.mds.yandex.net/get-yapic/40841/LweI4HsM2t5sWL6bTQQXlyFX6Xs-1/islands-68,2021-05-08 09:07:40,"Очень быстро, вежливо и без лишних эмоций!)))",5,
132,Юли Мин,https://avatars.mds.yandex.net/get-yapic/30061/j8Uc15S3Lttte0OlhvkMoJ6r6DI-1/islands-68,2021-11-26 15:01:48,"Все делают быстро. Без особой очереди,",5,"Рады, что Вам понравилось. Ждем Вас снова 😃"
133,Игорь Шулешко,https://avatars.mds.yandex.net/get-yapic/49368/PjFnFJDOHBKi68C5GlCyvbHGg-1/islands-68,2019-09-16 13:49:30,"Быстро все оформил получил карту без какой то либо очереди проконсультировали по всем вопросом очень грамотно услышал больше чем предполагал, приятно удевлен",5,
134,Анонимный отзыв,,2022-01-01 12:45:26,"Толпы посетителей, порой не компетентный персонал.",3,"Поверьте, мы стремимся быть лучше. Обратная связь нам помогает понять наши проблемы и принять меры для улучшения сервиса и обслуживания. Благодарим Вас за отзыв."
135,Татьяна,https://avatars.mds.yandex.net/get-yapic/45566/LSSfEcDZskxnOHKQUiVFuQSMgU-1/islands-68,2020-03-14 09:25:37,Нравится банк ВТБ!!! Подход к каждому клиенту!!! Уже как лет 15 пользуясь сама и родственники данным банком и его предложениями. Рекомендую!!!,5,
136,Игорь Ч.,,2019-12-27 11:30:54,"Есть ""электронная очередь"", но она не работала. Окошек много - ждать недолго. Реально стараются помочь в возникшей проблеме, а не перенаправляют на ""линию техподдержки"".",4,
137,Александер,https://avatars.mds.yandex.net/get-yapic/65952/enc-ae7bddb1d922402b4cf43381824d171f4c753200e594a07d6e604f9a958a9b0d/islands-68,2020-01-12 19:58:06,"Как и любой другой банк, пока кредит не оформил, обласкают с ног до головы, даже диву даёшься их вежливости, после.... стандартное обращение к клиенту, без грубости, но линию свою гнут.",3,
138,Леха Горбунов,,2021-08-13 06:18:27,Все отлично и качественно.,5,
139,Андрей Карамазов,https://avatars.mds.yandex.net/get-yapic/51169/e7PehowkzbeOF57rSTNnZVAMxdo-1/islands-68,2022-09-17 21:11:22,Хороший банк.,5,"Спасибо, рады стараться 😃"
140,Роман Д.,,2021-12-16 08:29:11,"Все очень плохо!!!
Не какой помощи!!!!",1,
141,Valeri,https://avatars.mds.yandex.net/get-yapic/30431/vT19KrkTMYJs4kaVqRmMlVckd7w-1/islands-68,2021-08-07 09:19:00,"Хороший филиал, приветливый и отзывчивый персонал",5,
142,Igor,,2021-02-08 12:00:13,"Припарковатся очень сложно.
По юр лицам 2 оператора и можно сидеть час в очереди.",1,
143,tut,,2021-08-01 07:56:51,"приятный персонал, грамотный.",5,
144,Максим Кремнев,https://avatars.mds.yandex.net/get-yapic/27232/c1FxWZEeIWodRKuAgoG2tVT7wKE-1/islands-68,2021-02-24 09:37:15,Супер девочки в ВИП отделе. Парковка маленькая(,5,
145,Андрей Чепурных,https://avatars.mds.yandex.net/get-yapic/63032/ZhM2xJm8PH8o2vcYVGcvwRx2c0-1/islands-68,2022-11-04 12:16:22,Удобно,5,Приходите почаще)
146,Валерий Измалков,https://avatars.mds.yandex.net/get-yapic/39727/enc-78c499884f1387deb16036b869ec641f16c7e3af00428dbeeec92b7057a5f454/islands-68,2022-11-04 16:35:37,"Доступно, есть банкомат",5,"Рады видеть, что Вы оценили нас на 5 ⭐"
147,папусик,https://avatars.mds.yandex.net/get-yapic/59871/DKqk7PCkyQrM3MxgVwmaTTenmQ-1/islands-68,2020-01-07 16:55:21,"Главное для банка это: быстрота и точность. Именно в этом отделении все четко, быстро и отлично.
Минусов нет.",5,
148,Варвара,https://avatars.mds.yandex.net/get-yapic/30955/56k99OT09JY87LZ3uvkO5JeFBFs-1/islands-68,2021-06-15 13:34:14,"Мне нравится, всегда выкладка товара на 5+",4,
149,Дмитрий Мельников,,2019-08-16 14:10:56,"Сотрудники при мне выясняли отношения, кто, что должен делать, только после обратили внимание на меня, отвратительно, банкомат на 1 этаже всегда не работает, или нет, к моему приходу перестаёт работать",3,
