,name,icon_href,date,text,stars,answer
0,Влад К.,https://avatars.mds.yandex.net/get-yapic/40841/oao7tnoFfj1teXmi6heD3SAi8-1/islands-68,2023-12-03 18:35:27,"Спасибо сотрудникам допофиса за быструю грамотную помощь и разъяснение по интересующему меня вопросу.

Добрые слова и пожелания успехов в работе в адрес специалиста банка Ирины Артёмьевны, которая быстро и качественно оформила мне новую дебитовую карту! 
Спасибо за благожелательное отношение к клиентам и приятную атмосферу в отделении!",5,Довольные клиенты - наша лучшая награда. Благодарим за высокую оценку работы нашего сотрудника 💛
1,Ольга Кирюшина,,2023-12-07 14:42:26,"Обратились в это отделение на переоформление эскроу-счета 07.12, нам выпала счастье попасть к девушке в окно N6. Девушка, не вникая в суть вопроса, сказала абсолютную чепуху про какую-то заявку от застройщика или она сделать ничего не сможет и вообще она работает до 17.00. Хотя заявлено, что работа с физлицами далеко не до 17 часов и заявка в итоге никакая не нужна. Мы поехали в другой офис на Зубовский б-р, где успешно переоформляем эскроу. Спасибо втб за сервис, который позволяет кататься в час пик по всему центру в поисках вменяемого сотрудника",1,"Сожалеем, что обслуживание в нашем офисе доставило вам неудобства. Мы обязательно организуем встречу с его руководителем и сотрудниками, на которой обсудим вопросы повышения качества обслуживания клиентов. Примите, пожалуйста, наши извинения."
2,Герман Стерлигов,https://avatars.mds.yandex.net/get-yapic/47747/PLRJIUyuGch8RWtDeMUmqOP4kQ-1/islands-68,2024-01-23 13:48:46,"Отделение банка в шаговой доступности исторического центра города Москва -, чистенько и уютно.",5,Спасибо за отзыв. Ваш комфорт - наша основная задача 👌
3,Тимофей 11,,2024-03-01 14:51:03,"Благодарю Гейдорову Шахту за грамотность, вежливость и быстрое обслуживание, внимание к клиентам и терпение. Спасибо огромное",5,"Спасибо за высокую оценку и за то, что отметили работу сотрудника 👍"
4,Игла Шприцева,https://avatars.mds.yandex.net/get-yapic/47747/wOWdjVWb20y3z6nHNHTAgZwmdcg-1/islands-68,2023-01-27 06:32:53,"Отделение расположено в самом центре Москвы,посетителей всегда хватает, из-за чего иногда увеличивается время ожидания.. Удобно для посещения, рядом метро. Персонал внимательный, вежливый. Имеется два банкомат при входе. Рекомендую.",5,"Спасибо вам, очень приятно получать обратную связь 🙏👌 Приезжайте ещё 💛"
5,Аркадий Крельман,https://avatars.mds.yandex.net/get-yapic/40841/UPTLUjAd08bqyq6uJzR3WNUomI-1/islands-68,2023-08-28 11:10:17,"Оформил подключени ООО в этом офисе,есть опыт обслуживания другой организации в другом офисе ВТБ. Отношение к клиенту в офисе на Арбате,51 с.1 разительно отличается от того,которое было в другом офисе,причем в лучшую сторону,решил перевести другую компанию тоже к ним. Особое спасибо гл.специалисту Федотовой Юлианне Петровне за благожелательное и чуткое отношение к клиенту - побольше бы таких сотрудников в банковской сфере!",5,"Аркадий, спасибо за такой приятный отзыв. Довольные клиенты - наша лучшая награда 👍"
6,Любовь Сбитнева,https://avatars.mds.yandex.net/get-yapic/53031/5Fv6kVBLpbWoOxnlZLRhG5BI-1/islands-68,2024-03-01 17:53:45,"Мне понравился. Квалифицированные специалисты ответили на все мои вопросы и объяснили, как действовать дальше.",5,"Рады, что вы остались довольны после посещения офиса 💙"
7,Игорь Рызоглазов,https://avatars.mds.yandex.net/get-yapic/36689/H6KB2zSFEAo7fHyRRE2TB7lwuOE-1/islands-68,2023-04-07 09:04:22,"Стало родным это отделение. Всегда рад приходить сюда, как юридическое лицо. Сотрудники вежливые и профессионалы своего дела. Хочется отметить одну девушку, по моему её зовут Залина. Всем привет.",5,"Игорь, спасибо за такие приятные слова. Всегда рады вам 💛"
8,Сергей Гнатюк,https://avatars.mds.yandex.net/get-yapic/20706/enc-148ae5472565de093d71e9ece990f71498eee9008467e0d4eb455d6405be2647/islands-68,2023-04-07 17:11:36,Отличное обслуживание в данном отделение. Менеджеры отзывчивые и приветливые. Рекомендую данное отделение банка. Хотя скорее всего многое зависит от смены.,5,Спасибо за отзыв! Будем продолжать в том же духе 💪
9,Андрей Галай,,2023-09-06 14:57:23,"Отличный офис, классное обслуживание! Доброжелательные и внимательные сотрудники!",5,"Андрей, спасибо за теплые слова. Довольные клиенты - наша лучшая награда."
10,Елена,https://avatars.mds.yandex.net/get-yapic/63032/y399N0DpUxe7I3wlesAN9snbclo-1/islands-68,2023-06-11 09:40:23,"Небольшое отделение, при этом время ожидания меньше есть 5 минут, персонал с высоким уровнем профессионализма и клиентоориентированностью. В отделении есть один банкомат.",5,"Спасибо за отзыв, нам особенно приятно получать положительную обратную связь 😊 Надеемся на дальнейшее плодотворное сотрудничество!"
11,Подруга Друга,https://avatars.mds.yandex.net/get-yapic/26057/OBkua4ItZQEY99WyWxSXxHVoI8-1/islands-68,2023-05-02 10:58:15,"Удобное расположение. Целью был банкомат, поэтому профессионализм сотрудников оценить не берусь. Помещение само по себе небольшое, но наплыва людей в очереди не замечено.",5,"Благодарим за положительный отзыв работы. Рады, что вы остались довольны 🙂"
12,Юлия Следзь,https://avatars.mds.yandex.net/get-yapic/56823/enc-cc0cbc80c36b837a31a16929e01a8d60f2a2bb899b9a3a3ce5279e9b4b85f781/islands-68,2023-08-13 10:30:56,Быстро открыли карту. Персонал вежливый. Все без заморочек. Понравилось,5,"Спасибо за отзыв. Так приятно, что вы поставили нам высокую оценку 👍"
13,Ирина Шульженко,https://avatars.mds.yandex.net/get-yapic/56823/enc-09f605bfa76f36131d120b00fb90cebd1521b8eabdb9358a2bcf7b4afbc04370/islands-68,2023-09-05 11:39:36,"В самом отделении не обслуживалась, пользовалась банкоматами (их два) на входе, внутри в помещении,обычно очередей нет или 1-2 человека.",5,"Спасибо вам, очень приятно получать обратную связь 🙏👌 Приезжайте ещё 💛"
14,Никита Абт,https://avatars.mds.yandex.net/get-yapic/31804/3VncFqggiw4FjIvU4woxtsohBc8-1/islands-68,2022-06-30 17:51:55,"Самое плохое обслуживание с которым когда-либо приходилось сталкиваться!!Сотрудник работающий с Юр.лицами, Визирякина Анастасия Сергеевна, грубая, ленивая барышня, навязывающая своё мнение и видение, на вопросы не отвечает, помочь не помогает, только тараторит как робот, что «вам это не нужно» «мы такие справки не выдаём» «мы печати не ставим» и всегда очень торопится скорее избавится от клиента , при этом не решив ни одного вопроса. А если вдруг вы зашли в банк за 20 минут до закрытия, ну тут Анастасия Сергеевна «выступит во всей красе» раздражительность и негатив прёт изо всех её щелей. Руководитель офиса судя по-всему покрывает подобные действия, т.к. жалуются многие, Визирякина А.С. всё там же, и всё более агрессивна. Перешёл в Сбер. уж больно раздражают люди Анастасию Сергеевну «лучшего работника» ВТБ бизнес по программе «Привилегия».",1,
15,Юрий Вяч.,https://avatars.mds.yandex.net/get-yapic/31804/3jyl6NdNkna0YvwykON6SF5d4-1/islands-68,2022-11-26 17:34:27,"Старый знакомый. Бывший Москвы. Никаких нареканий. Вежливо,даже местами приветливы. Терпеливы, когда случаются заминки. Никаких очередей. Не выгнали даже когда попросил отладить мобильный банк. Молодцы",4,"Юрий, спасибо за теплые слова. Довольные клиенты - наша лучшая награда."
16,Олежи К О,,2022-09-13 13:16:01,"Получил талон с002, на нём написано перед вами 0 человек. При этом я наблюдаю в отделении 5 человек, из которых только 1 работал с физическими лицами, а 2 вообще сидели считали ключи! Все время пока я ждал. После 20 минут ожидания ничего не изменилось.
Только после громких возмущений начинает двигаться очередь, в которой уже больше 3 человек.
Обходите это отделение через другой район, если у вас нет лишних часов жизни, которые можно провести в этом бесполезном отделении.",1,"Примите наши извинения за возникшую ситуацию. Мы с вами полностью согласны. Информацию прямо сейчас доведем до руководителя офиса, чтобы в дальнейшем такие ситуации не повторялись."
17,Алексей Никифоров,https://avatars.mds.yandex.net/get-yapic/33202/2Km7YnPkG4eSBZjdnGj0DoIs2I-1/islands-68,2023-10-18 11:25:29,"Совдепия, очереди и кислые мины сотрудников. Банк так и остался совком",2,"Алексей, поверьте, мы принимаем меры для того, чтобы время ожидания было минимальным. Проведем проверку в отделении и обсудим с руководителем данную проблему. Надеемся, что в дальнейшем мы не заставим вас ждать."
18,Влад Васильев,https://avatars.mds.yandex.net/get-yapic/27503/PHhI65G5R7ULijenxrezwqw5FQ-1/islands-68,2023-03-10 04:15:06,"Очень вежливые сотрудники, народу мало.
Закрыть карты не могут(говорят, что закрывают, а сами просто блокируют), заявление на отзыв персональных данных принять не могут. Ссылаются на внутренние порядки(хотя согласно 152 ФЗ, заявление пишется в отделении, и лично, что бы сотрудник мог идентификацировать), и не принять заявление - не имеют право!
Один раз уже потерял 20 дней. Надо было закрыть 3 счета и 3 карты. Счета закрываются спустя 10 дней после закрытия карт. Когда пришел и мне якобы закрыли карты и прошло 10 дней, уже в другом отделении меня ""обрадовали"", что карты просто заблокированы, мне их закрыли и пришлось ждать ещё 10 дней.
После вчерашнего(9 марта 2033 года) инцидента с пер.данными, больше в это отделение не ногой. Хотя и банком этим пользоваться тоже желание нет. В том числе благодаря работе сотрудников.",3,"Примите наши извинения за такое долгое ожидание. Не оставим ваш отзыв без нашего внимания и во всем разберемся. Для этого просим направить нам на адрес электронной почты SMedia@vtb.ru ваши ФИО и дату рождения. В теме потребуется указать «Яндекс. Москва, улица Арбат, 51с1. 10.03.23»"
19,Вадим Белов,https://avatars.mds.yandex.net/get-yapic/51381/wp2WBgqpk7dLFGA7XC4kHxRNWJE-1/islands-68,2023-11-19 17:48:56,"Второй банк Москвы, а иногда есть сбой электронной очереди.",4,"Примите, пожалуйста, наши извинения за неудобства. Мы всегда стремимся быть лучше, поэтому надеемся, что ваш дальнейший опыт взаимодействия с ВТБ будет исключительно положительным."
20,Иван Высоцкий,https://avatars.mds.yandex.net/get-yapic/50595/irVfAd4y391H0OP7sdeRmrxH0-1/islands-68,2023-03-30 13:22:21,"Постепенно отделение банка стало удобным. Пропали очереди, и сотрудники научились решать возникающие вопросы и проблемы, а не создавать их.",5,"Иван, спасибо, что вы поделись с нами вашим отзывом. Это очень ценно для нас. Будем продолжать в том же духе 💪"
21,Тамара Филатова,https://avatars.mds.yandex.net/get-yapic/29310/SyTJcPSSijpDzrbrFPCRl2jtXc-1/islands-68,2022-07-03 07:21:42,"Сотрудник данного отделения банка Визирякина А.С., (обслуживает юр.лиц) изначально была негативно настроена; была груба, даже агрессивна и всячески выказывала своё пренебрежение и раздражение. Не смогла помочь в решении даже самых элементарных вопросах, просто потому-что или не хотела, или ей было лень. Причём такое происходит уже не первый раз. Сколько раз посещала это отделение (оно ближайшее к дому) столько раз наблюдала подобное отношение к клиентам, именно от этого сотрудника. Очень жаль, что такой Банк не следит за работой сотрудника, тем более работающего с юр.лицами.",1,
22,Дмитрий Погосов,https://avatars.mds.yandex.net/get-yapic/64336/rWEiCBObfXmnGGDb9KrD9Grw-1/islands-68,2022-12-14 17:21:34,"Очень хорошее обслуживание! С нами работала Татьяна, специалист по работе с клиентами «Привилегия». Благодарю!",5,"Благодарим за положительный отзыв работы сотрудника. Рады, что вы остались довольны 🙂"
23,Serge SSS,https://avatars.mds.yandex.net/get-yapic/25817/KvElNf6jdcqQQ1mkMVTzBGEqcmo-1/islands-68,2023-06-25 17:39:44,"Для такого местоположения, как Арбат, можно было бы офис и поглобальней сделать...",4,"Будем благодарны, если поделитесь с нами подробностями. Мы всегда открыты для обсуждения ваших потребностей 👌"
24,Маргарита Кашуба,https://avatars.mds.yandex.net/get-yapic/58107/kn7cBIR0DUxOiHnFSOaLi7HW2Fc-1/islands-68,2023-04-28 13:07:30,"К сожалению в этом отделении не понравилось. Очень долго провела время в кассе, было очень душно . Не могла подумать ,что так будет.",1,"Маргарита, спасибо за отзыв. Обязательно проведем проверку в данном отделении на основании ваших замечаний и примем меры. Надеемся, что в следующий раз вы заметите наши изменения."
25,Tatyana O,,2022-07-29 14:35:57,"Небольшое отделение рядом с метро Смоленская арбатско-покровской линии. Обращалась 2 раза. Первый - неполную информацию предоставили. Второй - был маленький вопрос, сразу ответили.",4,
26,Юлия Денисова,https://avatars.mds.yandex.net/get-yapic/27503/enc-c823c8ba334a0d6e93abae3318ad4ffaee2af3a5c3b1660c9104150d706a015f/islands-68,2023-08-29 13:29:26,"Хороший офис, сотрудники все отзывчивые.",5,"Рады, что вам понравилось. Ждем вас снова 😃"
27,Артур Харитонов,https://avatars.mds.yandex.net/get-yapic/50595/enc-bace866bc04c103316c52e2006f5ce4b32621c491fa2b41205603a0fff8e416b/islands-68,2023-06-27 13:27:36,"Хорошее отделение, часто заходил сюда к банкомату. Как клиент был один раз в офисе",5,"Благодарим. Нам очень важно, чтобы каждый клиент оставался доволен 😃"
28,Энжka Moskvina,https://avatars.mds.yandex.net/get-yapic/31804/a2CtfcsmD7lzPwu8HYWWkMn8yyM-1/islands-68,2022-12-23 14:44:11,"Живу в этом доме, но почти не хожу в этот банк из-за... Что-то там не так, есть очень неприятные работники.",3,"Благодарим Вас за отзыв. Нам очень важно знать Ваше мнение. Мы стремимся к тому, чтобы быть лучше. Проведем работу в целях улучшения качества обслуживания."
29,aleksandra a.,,2022-09-12 11:43:51,"Никогда сюда не приходите ! Из 5 окон работает 2, очереди на 40 минут , сидят ещё 2 сотрудника и ничего не делают. Просто за наиб карту уже готовую занято час!!!!!! И это уже не первый раз",1,"Сожалеем, что для решения вопроса вам пришлось потратить свое личное время на длительное ожидание в очереди. Мы обязательно примем меры для сокращения времени ожидания. Приносим наши извинения."
30,Аааа Рррр,,2022-09-22 17:34:59,"В юридическом отделе есть Анастасия , это самая худшая консультация в банке что кто мог сказать , говорит без остановки , когда вы будете у неё что то спрашивать она будет без остановки разговаривать , делать вид что самая умная , лутше с ней не общается если есть проблемы и нужна помощь то вам не к ней она не чем не поможет . Ужас . Куда смотрит банк .",1,"Благодарим Вас за отзыв. Нам очень важно знать Ваше мнение. Мы стремимся к тому, чтобы быть лучше. Проведем работу в целях улучшения качества обслуживания."
31,Demon,https://avatars.mds.yandex.net/get-yapic/26057/8vTFZYoJkLCKMlb5yCGCLgXPu3I-1568914214/islands-68,2021-08-09 17:16:48,"Сегодня посетил данное отделение. Мне на редкость повезло с сотрудницей Маргарита. Очень вежливый, грамотный и профессиональный сотрудник. Не только решила мой вопрос но и попутно решила ещё один и провела понятную консультацию по банковским предложениям. Ещё раз ей спасибо. Побольше бы таких профессионалов своего дела.",5,Спасибо за такие приятные слова. Всегда Вам рады помочь 💪
32,prof expert,https://avatars.mds.yandex.net/get-yapic/25817/gw1vw3MhKCNTrduLwePt83RZsWU-1/islands-68,2023-07-05 14:19:26,"Хорошее место, отлично расположено)",5,"Рады, что вам понравилось. Ждем вас снова 😃"
33,Инкогнито 6658,https://avatars.mds.yandex.net/get-yapic/30955/bt6LZDrDI9Y5CeaEOrjFHK0qIjc-1/islands-68,2022-11-06 11:30:28,"Офис небольшой, но ни разу не видела долгих очередей. Персонал грамотный и корректный. Есть банкомат",5,"Очень приятно получить такую высокую оценку, спасибо 😊"
34,Оксана,https://avatars.mds.yandex.net/get-yapic/63032/enc-e7d038717407253a8201313e59563045945c4af3b51ad88c878d910224f566cc/islands-68,2022-12-23 12:06:45,"Ожидание недолгое. Сотрудники и отношение разные, кто то приветлив кто то нет. 
К сожалению, не все могут решить на месте день в день, нужно ждать иногда долго. Но это не зависит от этого отделения.",4,"Благодарим Вас за отзыв. Нам очень важно знать Ваше мнение. Мы стремимся к тому, чтобы быть лучше. Проведем работу в целях улучшения качества обслуживания."
35,Талантбек О.,,2024-04-08 11:29:24,Очень медленно,1,"Благодарим вас за обратную связь. Ваше замечание не останется без внимания и будет незамедлительно передано ответственным руководителям с целью реализации мер, которые обязательно будут направлены на повышение скорости предоставляемых услуг. Простите за возможные неудобства!"
36,Рыжий kot,https://avatars.mds.yandex.net/get-yapic/51381/AoJQwaN2IsvkTq4c529P5I3EXig-1/islands-68,2021-10-12 14:52:15,"Очень удобно что на пешеходных зонах среди заведений общепита для разных социальных слоёв населения, можно найти отделение где можно обналичить денежные средства)",5,
37,Съезд учителей математики,https://avatars.mds.yandex.net/get-yapic/60687/9mk3dYu6IkU69u40ibZsvXFbgLA-1/islands-68,2022-12-09 12:53:42,Банк все время работает над собой. Стало удобнее и быстрее.,5,Довольные клиенты - наша лучшая награда. Благодарим за высокую оценку нашей работы.
38,Ольга Петрова,https://avatars.mds.yandex.net/get-yapic/29310/7vPb8hHNDzUGzIr2yhmXOtbGow-1/islands-68,2023-07-08 19:02:41,"Очень медленно работает кассир, 15мин очередь из 3х человек",3,"Ольга, благодарим вас за сигнал. Поверьте, мы стремимся к тому, чтобы быть лучше. Обязательно проведем работу в целях повышения скорости обслуживания. Простите за возможные неудобства."
39,Натали,,2023-01-09 13:00:52,Очень люблю данное отделение банка. Персонал опытный и дружелюбный,5,"Натали, спасибо вам большое за доверие 🤗 Приходите к нам почаще!"
40,Андрей Щипилов,https://avatars.mds.yandex.net/get-yapic/64336/ljzVnK1GVj0hhfQrL54AjleWY-1/islands-68,2023-07-15 07:39:51,"Достаточный формат, скоро и их не будет. Заменят роботы))))",4,"Здравствуйте!
Спасибо за отзыв. Надеемся, что в будущем сможем заслужить от вас 5 ⭐"
41,Надежда Божко,https://avatars.mds.yandex.net/get-yapic/20706/enc-652f83b991c689f43abb40d890f9a2d2952dc9d18c62bc983d2a60c9f4a6d83a/islands-68,2024-03-02 18:29:06,Хороший банк,5,"Спасибо за положительный отзыв, нам очень приятно 👍"
42,Мага М,,2023-12-31 16:24:54,Лучший банк.,5,"Спасибо, рады стараться 😊"
43,Евгений Подшибякин,https://avatars.mds.yandex.net/get-yapic/41409/fhRDa7y24xxPRat5gsGxsVptUNc-1/islands-68,2023-02-10 17:53:28,"Место хорошее, но мало места,не развернуться. Подумайте о расширение заведения.",5,Спасибо за отзыв! Приняли во внимание.
44,сударь Блинофф,,2021-10-17 17:49:12,Быстро и качественно оказали услугу. Консультанту Залине большая благодарность! 👍 Только с парковкой плохо: нет мест да ещё и 380р/час.,5,
45,Константин Канаев,https://avatars.mds.yandex.net/get-yapic/24700/enc-541d7a0b722c4343e19fc3cdb7741617874d4fb0b869923f5ac9fd247e8a816c/islands-68,2023-02-11 16:44:08,"Отделение небольшое, но обслуживание быстрое",5,"Спасибо, рады стараться 😃"
46,Марина Храпова,https://avatars.mds.yandex.net/get-yapic/53031/HuEkhRYaeW0KWNC8XavqbngX8s-1/islands-68,2022-11-17 06:29:33,В течении 8 часов не могли открыть экскроу счет((( Пришлисо приезжать на следующий день,2,"Благодарим вас за отзыв. Нам очень важно знать ваше мнение. Мы стремимся к тому, чтобы быть лучше. Проведем работу в целях улучшения качества обслуживания."
47,Александр М,,2021-09-14 15:29:17,"Рядовой офис банка. Работает до 19:00, поэтому иногда приходится спешить. Сотрудники почти всегда вежливы. При этом не всегда внимательны. Пока с ВТБ сотрудничаю (по старой памяти).",4,
48,Мая Клочкова,,2023-01-25 18:21:20,"Менеджеры сидят в своих айфонах, хамят клиентам, давно такого не встречала",1,"Благодарим за сигнал. Согласимся, что такая ситуация нас не красит. Организуем встречу с руководителем офиса и проведем проверку. Надеемся, что в дальнейшем обслуживание будет соответствовать вашим ожиданиям."
49,Вика Бл,,2022-10-14 12:30:13,"Раз на раз не приходится , какое-то время стало нормальное обслуживание , сегодня посетила отделение и опять ад , 2 не спешащие девушки и очередь из 4-х человек … час ожидания очереди в банке в центре Москвы перебор … управленцы этого отделения явно не справляются с задачами",1,"Вика, хотим извиниться перед вами за долгое ожидание. Час в очереди - действительно недопустимо. Мы передадим ваш отзыв руководителю отделения, и вместе разработаем комплекс мер, которые не позволят ситуации повториться."
50,Sergey M.,https://avatars.mds.yandex.net/get-yapic/15430/7Pn8jz9nJw27DJaJwwLU0Q44Q-1/islands-68,2022-09-19 15:21:35,Не плохо но работник не очень умеют обращаться с людьми которые не часто ходят по банкам.,4,"Спасибо, что поделились с нами вашим опытом обслуживания. Мы обязательно учтем ваши замечания и проработаем их с сотрудниками офиса, чтобы в дальнейшем у вас не возникало сомнений в правильности выбора нашего Банка."
51,Наталья,https://avatars.mds.yandex.net/get-yapic/15430/BMvTDUq1Vve3gniJNGz2HLmPE-1/islands-68,2021-10-16 12:14:16,"Пока вполне довольна. Сотрудники внимательны, всё об'ясняют, но СМС уведомление не подключили, хотя и заверили в этом. Пришлось подключать в другом офисе.",4,
52,Раиса Николаевна,https://avatars.mds.yandex.net/get-yapic/39460/HtDWIwsy2O2uIsHwmROo3DvJjE-1/islands-68,2023-09-19 07:47:49,Отличное обслуживание,5,"Рады, что вам понравилось. Ждем вас снова 😃"
53,Элла,https://avatars.mds.yandex.net/get-yapic/15298/enc-49afdd9e94318d0f9131cf06b49099dd98eee9008467e0d4eb455d6405be2647/islands-68,2023-09-16 07:19:49,Удобная локация,5,Спасибо за отзыв. Ваш комфорт - наша основная задача 👌
54,Vadim Popov,https://avatars.mds.yandex.net/get-yapic/61207/hICwQS9j7JXDfujbBu1SpK49tNQ-1/islands-68,2023-03-16 14:36:05,Отличное отделение и персонал,5,"Вадим, рады, что вам понравилось. Ждем вас снова 😃"
55,Ксения Кремлёва,,2022-05-11 20:09:44,"Очень странный банк. Попросила разблокировать карту, подписала заявление, а в итоге всё без изменений.",3,"Хотим разобраться в ситуации. Для этого просим направить на наш адрес SMedia@vtb.ru ваши ФИО, дату рождения. В теме письма необходимо указать «Яндекс, Москва, улица Арбат, 51, стр. 1, 11.05.22». Обязательно изучим информацию и примем меры 👌"
56,Галя,,2023-08-13 23:43:59,Отличное обслуживание.,5,"Рады, что вам понравилось. Ждем вас снова 😃"
57,Насриддинджон Абдулхакимов,https://avatars.mds.yandex.net/get-yapic/40841/Br3vEEc1lXDib5weT7yHu0hbRrY-1/islands-68,2024-01-13 16:00:30,Хороший,5,Благодарны вам за пятёрку 💛
58,Наиля Измаилова,,2022-05-17 06:55:33,"Банк хороший,но очень медленно работают сотрудники,приходится долгое время сидеть в очереди",3,"Сожалеем, что вынуждены были потратить ваше личное время на ожидание в очереди. Обсудим с руководителем данную ситуацию и примем меры, которые позволят сократить длительное время ожидания."
59,Олег,https://avatars.mds.yandex.net/get-yapic/47747/Kn7j9ZWbuhMPndj2eD57ERaDRI-1/islands-68,2022-11-02 11:28:31,В отделении вечные очереди и не слишком вежливые сотрудники,2,"Благодарим Вас за отзыв. Нам очень важно знать Ваше мнение. Мы стремимся к тому, чтобы быть лучше. Проведем работу в целях улучшения качества обслуживания."
60,Александр Андриянов,,2023-04-28 12:46:18,Очень долгое ожидание в очереди,3,"Сожалеем, что для решения вопроса вам пришлось потратить свое личное время на длительное ожидание в очереди. Мы обязательно примем меры для сокращения времени ожидания. Приносим наши извинения."
61,Тома,,2021-11-18 13:56:28,"Единственный филиал на районе, ещё два закрылись, а здесь извечная проблема с банкоматами и хотя установили новые, результат тот же.",3,
62,Арбат-тур,https://avatars.mds.yandex.net/get-yapic/27274/N4PDtGRpzr9fD1lDcuvqRV78w-1/islands-68,2022-11-21 12:56:06,"Банк, как банк, если бы не медленное обслцживание",5,"Сожалеем, что вынуждены были потратить ваше личное время на ожидание в очереди. Примем меры и исправимся 💪"
63,Vokinlogu,,2022-09-12 18:29:38,"Хороший персонал, но запросы на документы , как в союзе",5,"Рады видеть, что Вы оценили нас на 5 ⭐"
64,И.К.,,2022-06-08 13:29:25,"Лапшу на уши повесили, на следующий день другая смена операционисток была не в теме лапши, что повесили днём ранее). Две звезды за потраченное время.",2,
65,вячеслав бойко,,2022-09-19 07:41:43,Приятный и отзывчивый персонал,5,"Вячеслав, благодарны вам за пятерку и добрые слова о работе наших сотрудников))"
66,Елизавета Д.,,2022-07-15 15:18:03,"Работает приятный персонал , в 3 секунды решили проблему)",5,"Огромное спасибо за приятный отклик 💛 Рады, что смогли помочь в решение вопроса 😉"
67,М Л,https://avatars.mds.yandex.net/get-yapic/20706/enc-60faf1eb9d37d8a4e6de7a1887b4d06d/islands-68,2021-05-26 11:43:51,"Всегда очередь к банкоматам (их только два при входе, из которых один может быть сломан). В зале банкоматов нет. Еще и соседний офис на Арбате закрыли.",1,
68,Olesya Gornikh,,2020-04-28 13:32:27,"Адский ад. Ждёшь по 2 часа, с тобой прекращают беседу - просто разворачиваются и уходят. Сейчас отделение не работает, но ни в каком другом отделение ты не можешь получить свои деньги по закрытом счету. Сидим и ждём окончания карантина. Перевести на карту тоже не могут. Втб вернулся на уровень советского магазина, посетитель никто, звать никак, пусть скажет спасибо, что вообще пустили. Почта России и то сейчас бодрее. Если бы это не зарплатная карта, то никогда ни при каких условиях ничего общего с ВТБ",1,
69,Eva,https://avatars.mds.yandex.net/get-yapic/54535/CjG1bWoNQVKdw00z6M2yOAzE9LQ-1/islands-68,2022-10-18 18:11:37,Всегда какая-то история со вторым банкоматом,3,Благодарим за сигнал. Направим специалистов для проверки работы банкоматов и восстановления работы устройств.
70,Евгений Руденко,https://avatars.mds.yandex.net/get-yapic/53031/enc-cda304084a9e47fefa684bbed56f09ccf2d92fb30b3f619ef53bc91cb64ae083/islands-68,2021-10-15 10:33:01,"Сделайте отдельную очередь для стариков, часами люди ждут минутный вопрос решить пока вы развлекаете из разговорами!",1,
71,галина корнева,https://avatars.mds.yandex.net/get-yapic/60687/3gILXvyrEAhaX6edlidGlgv68-1/islands-68,2022-12-25 18:04:33,Спасибо сотрудникам за отношение!,5,Благодарны вам за пятерку и добрые слова о работе наших сотрудников))
72,Белка воробьева,,2022-09-03 08:24:06,"Ужасный банк, приложение не открывается, офис не работает",1,"Нам жаль, что у вас остались негативные впечатления при обращении в Банк. Офис работает по графику: Пн-Пт 10:00-19:00. Поверьте, мы работаем над повышением качества обслуживания и предлагаемых услуг."
73,Михаил Леонов,https://avatars.mds.yandex.net/get-yapic/25817/yoFl0AtmHNMFl5DEyc8HdXOtsNA-1/islands-68,2022-12-12 16:25:02,"Четко, близко, быстро,",5,"Михаил, спасибо за теплые слова. Довольные клиенты - наша лучшая награда."
74,Svetlana Glazunova,https://avatars.mds.yandex.net/get-yapic/57243/enc-94286e9d91973e65f3fbd0adf43f3736dbf3fca45c55c417c53b2af36f0df44f/islands-68,2022-08-04 16:22:11,Юр обслуживание всегда максимально помогают,5,"Благодарим. Нам очень важно, чтобы каждый клиент оставался доволен 😃"
75,Элина Козлова,https://avatars.mds.yandex.net/get-yapic/49368/aaZV47btf29exFC9Dsj7eMvs-1/islands-68,2022-08-04 14:12:17,"Банк неплохой, но в самом банкомате нет нужного размена.",3,"Поверьте, мы всегда стремимся быть лучше. Мы обязательно обсудим с руководителем офиса все детали, описанные в отзыве, и учтем ваши замечания. Примите, пожалуйста, наши извинения."
76,Сергей Кирюшин,,2020-07-20 13:53:31,Захожу 3 раз в отделение банка и полный офис таджиков-такое впечатление что это таджикбанк.Я не националист но почему в других банках нет такого.К операторам огромная очередь из лиц кавказской национальности .Второй раз ухожу потеряв 20 мин . своего времени так и не дождавшись очереди и не открыв сберегательного счета.,1,
77,Nataly Spy,https://avatars.mds.yandex.net/get-yapic/30955/B6MaVl6qxy3xjtpZLRIq6eppC5o-1/islands-68,2019-11-29 17:56:29,"Зашли спросить элементарный вопрос «почему не приходят смс о списании/зачислении», нам посоветовали взять талон и подождать. Перед нами было 4 человека. Просидели 40 минут и по очереди прошли уже другие люди, вновь пришедшие. На вопрос «почему мы так долго сидим и уже новые клиенты пошли по талонной ‘’очереди’’», сотрудница по-хамски ответила, что не она выбирает талоны. Я сотрудник банка и я знаю как работает данная система талонной очереди. Не выясняя отношения с той девушкой мы ушли. Хотелось бы напомнить, что люди в банки приходят за консультацией/помощью! Прошу администрацию взять в работу данный инцидент.",1,
78,Женя,https://avatars.mds.yandex.net/get-yapic/27232/VM4Qa5YLzB1o9mmamqufcNZWsk-1/islands-68,2022-08-04 07:33:30,"Стать клиентом просто, а уйти от них невозможно!!! Не отпускают!!!!!!!!!!! Надо ещё поискать специальное на то отделение!!!!",1,"Хотели бы разобраться в ситуации, с которой вы столкнулись в офисе. Расскажите, пожалуйста, подробнее. Обязательно изучим информацию и примем меры 👌"
79,сергей батюшкофф,,2022-02-16 19:22:31,"Мило, аккуратно, профессионально.",5,
80,Тоня М.,https://avatars.mds.yandex.net/get-yapic/50071/06me0IV2FWGsB0R2TFKcLZwwOVU-1/islands-68,2021-10-06 11:50:53,"Плохая работа операциониста, активировать не смогли соц.карту москвенок для ребенка.",1,
81,Иван,,2020-11-10 11:08:31,Из 5 окон работает только одно окно и тот сидит играется в телефоне... На вопрос когда начнут принимать людей сотрудник отвечает я занят.. Видимо очень важную миссию выполняет в игре... Для получения зарплатой карты просидел 1.5 часа в очереди из 4 человек.. Пока не подошли граждани Кыргызстана только тогда началось шевеления.. Это что за отношение...? Полнейший беспредел,2,
82,Оксана Васина,https://avatars.mds.yandex.net/get-yapic/38135/y18SSZrPHVsevGp1CmRJVu5SMJI-1/islands-68,2022-10-28 07:32:34,очень медленно обслуживают,3,"Оксана, приносим извинения за длительное ожидание. Мы проведем проверку и выясним причины длительного обслуживания. Примем меры для увеличения скорости обслуживания."
83,Лисафьев Владимир,https://avatars.mds.yandex.net/get-yapic/45566/CBaNfImsa7Em5XgiaBJZzWEtVOs-1/islands-68,2022-05-01 16:32:48,Не очень отзывчивые консультанты,4,
84,Артем Сидоров,https://avatars.mds.yandex.net/get-yapic/15430/enc-34e5edc0efbe7f92e37349e87051a5f798eee9008467e0d4eb455d6405be2647/islands-68,2019-09-05 06:11:08,"Раньше обслуживался в этом отделении в банке Москвы - все было нормально. Теперь банк Москвы присоединили к ВТБ и стало намного хуже. Жуткие очереди, всё делается очень медленно, половины сотрудников на рабочем месте постоянно нет, какие-то постоянные запросы в центральный офис. В общем счет закрываю.",1,
85,Валерий Бочарников,,2020-09-24 07:30:18,"Ужасное обслуживание и отношение.Сотрудники не компетентны. Постоянные огромные очереди. Сидят свободные операторы, а не могут обслужить людей!",1,
86,Игорь Моряков,,2022-10-19 17:37:31,"Крайне медленное обслуживание, иногда по часу приходилось ждать в очереди.",2,"Согласимся с Вами, что длительного ожидания не должно быть. Обратим внимание руководителя отделения на данную проблему и примем меры 👌 Надеемся, что в дальнейшем мы не заставим Вас ждать."
87,Даниэла Берг,https://avatars.mds.yandex.net/get-yapic/36777/2tOaF4cbTIaEv7PIzfx4hgbKDt8-1/islands-68,2020-09-25 16:36:58,"Пользовалась как-то услугами данного банка, в итоге сумасшедшие процентные ставки, абсолютно невыгодно, клиент не на первом месте, сплошные «подводные камни».",3,
88,Маргарита Чёрная,,2020-07-01 06:44:23,"Отличный офис, хороший сервис, внимательные сотрудники! Рекомендую.",5,
89,Puteschestvennicha,https://avatars.mds.yandex.net/get-yapic/41409/2b6cYGsVcFA7pRZNXpcwBPlfZM-1/islands-68,2020-07-25 18:13:43,"Очень грамотные консультанты всегда все подскажут,только очереди большие в это отделение",4,
90,р,https://avatars.mds.yandex.net/get-yapic/21377/enc-07f94a81b4917d7a238be768f77b0104ab0efb114d01455b16146e2de4bc86f6/islands-68,2020-10-01 12:42:12,"Сижу уже больше часа, подошла мая очередь, но девушка не дожидаясь реакции менеджера содится и оформляет кредит. Подрабатывает социальным психологом, успокаивает клиента, вирус не на всегда... скидки... страховки... А клиент пусть ждёт три часа...",1,
91,123 123,,2020-02-01 17:33:31,"Периодически по выходным сюда захожу.
Обслуживание обычное.
Но вечно надо ждать. Просидеть 40 минут в очереди это норма.",3,
92,Павел С,,2021-08-06 09:44:19,Банк как банк )) терминалы только «туповаты» )),5,Спасибо за отзыв!
93,королев сергей,,2021-06-11 12:04:23,Хорошее качество обслуживания клиентов.,5,"Рады видеть, что Вы оценили нас на 5 ⭐"
94,Ирек Вильданов,https://avatars.mds.yandex.net/get-yapic/26057/enc-80eddeac3fd62fe2976adcc731e03776ba72719b1f32b17df29a7fa31b7028dc/islands-68,2021-08-26 10:31:22,"мало банкоматов, приходится стоять в очереди",3,
95,Николай Нам,https://avatars.mds.yandex.net/get-yapic/21493/enc-4e4452ba99b4fd362a54547b3e5870bc6b1fa8562ac22961afbc7827958df98f/islands-68,2020-07-06 15:33:39,"Простоял в очереди 30 минут, потом предложили поменять мою операцию за 30 минут до закрытия. Женщину пропустили передо мной, которая пришла через 5 минут. Электронная очередь не работала, как должна. Сюда больше не прийду.",1,
96,Алексей Д.,https://avatars.mds.yandex.net/get-yapic/61207/enc-b6b0733362adba1e58aabd079ed13c60dcf9a17b8d9a324a799ecf0fbe8384d4/islands-68,2020-01-23 09:55:32,"Некомпетентность сотрудников зашкаливает. Все сотрудники ленивые и медленные, очереди колоссальные, особенно в обеденное время.",1,
97,Вячеслав Чистяков,,2022-07-07 17:48:28,Серьёзно все,4,"Спасибо, рады стараться 😃"
98,Александр Ткаченко,https://avatars.mds.yandex.net/get-yapic/48449/ww6lJrpNnRNMsesmOYj5bvEHs-1/islands-68,2020-08-03 09:19:03,"Лично меня быстро обслужили, девушка приветливая. Спасибо.",5,
99,марина П.,,2019-03-02 12:25:56,"Если хотите, чтобы вас обслужили в этом отделении, занимайте очередь с утра, т.к. время ожидания составляет 2-3 часа. Сотрудники на свое усмотрение принимают некоторых клиентов Вне очереди, устраивают для себя перерывы. Все, как в Зверополисе. Помните Блица?",1,
100,Анатолий К.,,2018-11-24 21:22:36,"Решил привязать к банковской карте номер телефона. Пришел в 12-00, прождал 2 часа, очередь практически не продвинулась. Развернулся и ушел. Ноги бы моей в этом чертовом банке не было, но зарплату мне, к сожалению, перечисляют на карту банка ВТБ.",1,
101,Анастасия,https://avatars.mds.yandex.net/get-yapic/51169/oQXaROWKh0yaOCNccLV5MzmkU8-1/islands-68,2020-01-23 10:13:11,"Пришла сделать вклад, пол часа просидела и тишина, из всех операторов работало на месте 2 в итоге ушла тк по времени уже не успевала.",2,
102,Grigory M.,,2020-10-22 11:27:11,"Всегда длинные очереди, очень медленное обслуживание.",2,
103,To and Fro,https://avatars.mds.yandex.net/get-yapic/53031/tdbOd4Fvev6Fx1eNRk8nClKAKe0-1/islands-68,2019-04-16 16:09:39,"ВТБ вы .. офонарели, простите? 
зачем в электронном терминале записи вариант оплаты квитанций, если, прождав в очереди, клиент был послан в бан. . банкомат??? 
Бабушке то же самое скажете? 

Давно не лишался дара речи при ответе. 

Сегодня, 16 апреля 2019 г., с 9:20 до 9:29, окно 2 (касса).

Лишь молвил - что мне, в ****банк идти? 
Идите - отвечают. 

Где и приняли оплату с пониманием, выдав нужный чек с подписью. 
Даже неважно где.",1,
104,Эльдар Узденов,https://avatars.mds.yandex.net/get-yapic/33202/W8mgF1i79pgshEFk7fMZaetkgE-1/islands-68,2021-07-16 07:03:45,"Внутри душно, тесно, большие очереди",3,"Эльдар, благодарим за сигнал. Обязательно проведем проверку в данном отделении 👌"
105,Александр железкинский,,2021-11-06 11:01:25,Устанешь ждать очередь,3,
106,Анна Егорова,https://avatars.mds.yandex.net/get-yapic/61207/ofPhVs5arYEUg7p4Oy5uebawc5I-1/islands-68,2021-08-16 19:13:43,Медленные работники,1,"Анна, благодарим, что нашли время поделиться вашим впечатлением об обслуживании в Банке. Мы не оставим этот отзыв без внимания и примем необходимые меры, которые позволят сократить время ожидания и обслуживания. Приносим извинения за неудобства и надеемся на дальнейшее сотрудничество."
107,Анонимный отзыв,,2019-06-11 13:45:33,"В очереди можно прождать полчаса. Половины операционистов, как правило, нет - они либо «обедают», либо просто отсутствуют",1,
108,Олег Воронкин,,2020-07-14 17:46:36,"Все было быстро, хороший персонал",5,
109,Елена Ивочкина,https://avatars.mds.yandex.net/get-yapic/21377/enc-8bf3ac0c65f79d1abc8510f0bafdb65d20d6fa4e581d699e083721a522e5e84f/islands-68,2020-07-12 10:40:18,Быстрое и вежливое обслуживание,5,
110,Шамиль Вика,https://avatars.mds.yandex.net/get-yapic/25817/HF35DRP3RWz4eeyXLxhvqCCWU-1569263113/islands-68,2020-06-11 03:21:35,"Мало посетителей,доброжелательный персонал",0,
111,Станислав Вознесенский,https://avatars.mds.yandex.net/get-yapic/53031/GQ292pAd5YEZ5Gvdiz4nVrWEXQ-1/islands-68,2019-08-03 16:08:06,"Очень грамотный персонал, всегда получал ответы на все вопросы.",5,
112,alex const,https://avatars.mds.yandex.net/get-yapic/51169/eDaw808Q9OTdTk2DgJrIOeUrlo-1/islands-68,2019-06-28 16:34:59,"Пришёл в отделение, тут работает моющий пылесос, на полу реки воды, жутки, находиться невозможно. Сотрудники говорят что это нормально.",1,
113,АнеттАнетт,https://avatars.mds.yandex.net/get-yapic/64336/QbODaVLGUun3jC1L5sHJOm72vo-1/islands-68,2020-08-21 12:34:38,Хорошеё отделение.Внимательный персонал,4,
114,Дмитрий Романов,,2019-12-05 07:39:28,"Хотел активировать карту москвича для ребёнка, в этом отделении - отбутболили.",1,
115,Евгений М.,,2019-09-30 06:46:13,Обслуживание плохое сотрудники отвратительные пришлось стоять два раза очереди,1,
116,Живописецъ Анна Ягужинская,https://avatars.mds.yandex.net/get-yapic/49368/DAODHjoLFwkRUpGNxTZxTTwpRk-1/islands-68,2019-10-21 11:31:22,"Была один раз, мучилась с банкоматом, ничего не поняла и ушла в раздражении.",2,
117,михаил,,2021-02-20 16:00:18,Не плохое обслуживание,4,
118,-,,2021-09-07 11:18:32,Вечно очереди и не все окна работают.,1,
119,Алексей,https://avatars.mds.yandex.net/get-yapic/49368/VRZXuIoCPoZF855h9uJLEPRSX4-1/islands-68,2019-05-24 14:24:26,Очень медленное обслуживание клиентов. В очереди можно прождать не один час.,1,
120,Катерина Ш.,,2017-03-14 10:52:22,"Это ужас! Самый центр Москвы, Арбат, а обслуживание хуже некуда. Чтобы просто забрать карту, пришлось 2 ЧАСА сидеть в очереди! Не все ""окна"" работали, люди вставали и уходили. Ужасное отделение.",1,
121,Богданов Андрей,https://avatars.mds.yandex.net/get-yapic/20706/enc-4e07b93139eecaa18bbb30c30b01843b/islands-68,2020-01-31 11:25:13,"куча народу, вонь, медлительные сотрудники",1,
122,Даша Л.,,2019-08-09 16:47:15,Таких безразличных и грубых работников нужно ещё поискать,1,
123,Александр Баранов,https://avatars.mds.yandex.net/get-yapic/25358/M0lXOatYGr9nLLBYebVTweG3I9M-1/islands-68,2019-12-25 04:40:10,"Хороший банк, пользуюсь его услугами.",5,
124,Евгений Е.,https://avatars.mds.yandex.net/get-yapic/54535/DxXJnGlQHjRnX17FPeziglfiHyc-1/islands-68,2019-11-26 12:59:56,Быстрое обслуживание в час пик 🤓👍,5,
125,Виталий К.,https://avatars.mds.yandex.net/get-yapic/50595/z9gpbSFGtlxeqzDDB4uLIsjWwyQ-1/islands-68,2019-08-07 07:54:39,Не большое отделение банка. Вежливый персонал. Есть банкомат.,5,
126,Артем Коробьянц,https://avatars.mds.yandex.net/get-yapic/51169/cdycHcNVxuNbWLQjbzRusXc9mQ-1/islands-68,2019-08-05 13:06:29,"Удобный, но очень маленький офис",5,
127,Панда,,2019-11-29 13:40:04,Всегда много народа !!!,1,
128,Игорь Ш,https://avatars.mds.yandex.net/get-yapic/45848/NtvEyfU7qqkXQjP3TfYkpxvLyk-1/islands-68,2019-12-16 16:51:11,"Тесный и маленький офис, очереди.",2,
129,Алексей Матвеев,,2019-12-25 15:20:23,"Отвратительное место, очередь часами сидишь. Лучше идите в другое отделение",1,
130,Сергей Сергеев,https://avatars.mds.yandex.net/get-yapic/21377/enc-54fa69b1de3bf34d4b2b5e8603279b8a98eee9008467e0d4eb455d6405be2647/islands-68,2018-07-10 16:10:20,"Небольшое отделение и много народу, а в остальном как везде.",4,
131,Юрий,https://avatars.mds.yandex.net/get-yapic/65952/XlPPsc5CAxRY6imFqgsmWuTaI0-1/islands-68,2019-07-25 14:48:29,"Вывеска ""Банк Москвы"" дезориентирует, можно пройти мимо до следующего отделения.",3,
132,Илья,https://avatars.mds.yandex.net/get-yapic/26057/enc-7097a16b7dc61f6754e803410da0e4b6ba08c98141b568115898ec6baa71854f/islands-68,2019-09-15 13:03:05,"Бегите, бегите из этого банка!!!!!",1,
133,Дмитрий К.,,2018-09-03 16:16:06,"Ожидание в очереди 40 минут. Три окна, три человека человека в очереди.",1,
134,Сергей В.,,2018-10-08 11:50:47,Ожидание более 50 минут. До сих пор сижу. Время 15:00 будний день,1,
135,Ivan A.,https://avatars.mds.yandex.net/get-yapic/26311/7kWCMaYriBt6jenW40kBIk9KG0-1/islands-68,2020-07-08 18:12:09,Хороший банк,4,
136,andrey m.,,2018-07-31 10:52:44,"Неплохое отделение, но очень много народу.",3,
137,GTatiana,https://avatars.mds.yandex.net/get-yapic/25817/mOYj3ltBKWYMU1PKiz39JEFLA-1/islands-68,2021-11-24 16:41:02,Нормально,4,
138,Эдуард,https://avatars.mds.yandex.net/get-yapic/23186/P3csMQjTa2FyVcOjDCWFgbrL0-1/islands-68,2019-08-08 08:04:41,Банкоматы работают круглосуточно на приём и выдачу 👍,5,
139,Артем Фомичев,https://avatars.mds.yandex.net/get-yapic/36777/enc-df34812dffa71efed2aa494874f3293e0f580b06e62233e23179e9c50a2aa1a3/islands-68,2019-06-10 16:59:46,"Обслуживание меееедленное, 3/5 окон в час пик. Зоны Привилегии нет.",1,
140,Денис Анохин,https://avatars.mds.yandex.net/get-yapic/23134/enc-854b70d60827fa1a59c9a095b9fe3f184eda884a80d670fc9a1dcf65efaade4a/islands-68,2019-09-07 14:56:35,До поздна работает,5,
141,Strannik,https://avatars.mds.yandex.net/get-yapic/63032/IpTjQhdVtGv2XK6xzy3eC6iOg3o-1/islands-68,2018-07-30 08:33:37,"ВТБ себе не изменяет… Строго, быстро, честно!",5,
142,Дмитрий Б.,,2018-03-28 14:07:51,Хорошее обслуживание и два банкомата),5,
143,Андрей Ш.,,2018-09-07 16:44:38,Невероятно доооооолго,1,
144,Максим Д.,,2018-04-18 11:40:17,Нет консультанта в зале,2,
