,name,icon_href,date,text,stars,answer
0,В том то и дело,,2023-12-24 14:23:37,"С первого дня ""знакомства"" не понравился, сдержанное высокомерие некоторого персонала.
Складывается впечатление что это не их работа а так делают одолжение.
Типичное поведение назначенцев
Но больше всего удручает конечно, это кредитная политика..,% по автокредиту в итоге просто неимоверный.
То есть банку или финансовым менеджерам нужен ни сколько заработать на добросовестном плательщике ,...а сколько предоставить(на бытовом языке навязать по максимуму) услуг и вписаться в 
условия по предоставлению кредита заёмщику и забыть. 
Ни один банк даже не задумывается о том, что увеличивая премию за риск, он тем самым пропорционально сам увеличивает риск не выплаты для заёмщика.
Отсюда можно сделать вывод: все риски заложены в кредите уже давно и по максимуму.Кредитая история заёмщика особо никого не беспокоит ..за исключением наверное(предполагаю),злобных не платильшиков которые в запрете.
Не понимаю до сих пор,как так можно взаимодействуя с партнёрами автосалона- разница в суммах салона и рассчитанного банком составит более 50%(с учётом каких то обсолютно необязательных услуг).
Менеджер салона озвучивает платеж за авто на 7 лет по 27-30 т/руб в месяц,в ВТБ он становится 53 т/руб в месяц 😱.
Это как,плата за риски во всем российском банковском секторе или конкретно в ВТБ, или аппетит приходит во время еды.
На самом деле в вопросе автокредитование это особенно удручает.
Складывается впечатление , что партнёры банка,особенно такие как ООО ""Авангард"" ,он же Дженсер на Ленинградском шоссе,Химки участвствует в согласованной схеме отьема денег.
Выше упомянутая фирма-партнер банка ВТБ, с уставным капиталом. 10 000 руб и зарегистрированная чуть более года назад , делает все чтобы уйти от исполнения исковых требований...
Позиция банка, потрясает ,а точнее :

Автомобиль (как объект кредита) сдан в салон, кредит платится ..но салон всячески пытается уйти под разными предлогами(подписывает мировое соглашение, забирает авто по акту, все официально и затем тут же отказывается от выплаты).
Банк в свою очередь, представитель которого находится в самом салоне особо это не беспокоит, сплошное беззаконие. Документы проверяются даже не заверенные работодателем письменно (справки НДФЛ и прочее необходимые печатные документы).
В настоящий момент ООО "" Авангард пытается ""заморозить"" активную финансово-хозяйственную деятельность дабы уйти от исполнения исковых требований.
Для всех будущих потенциальных покупателей ООО "" Авангард""(он же салон Дженсер) категорически не советую связываться , в том числе получать автокредит ч/з ВТБ.
 Очень разачаровала сделка с этим салоном",2,"Сожалеем, что у вас сложилось такое мнение о нашем Банке.

Каждую кредитную заявку Банк рассматривает индивидуально. На размер процентной ставки влияет много факторов: кредитный рейтинг заемщика, сумма автокредита, срок кредитования и др. Параметры кредита рассчитываются персонально для каждого клиента.

Подобрать подходящий кредит и рассчитать предварительную сумму ежемесячных платежей можно на сайте. Кредитный онлайн-калькулятор поможет узнать предварительные параметры кредита с учетом первоначального взноса, стоимости автомобиля, а также использования дополнительных услуг.

Стоит так же отметить, что без согласия клиента оформление продуктов не производится. Приносим извинения за возможные неудобства."
1,А.А.,,2024-01-22 09:43:49,"Оформил кредит - объяснили условия и ответили на все вопросы. Любезные сотрудники. Малолюдно. Сервисом доволен - быстро, удобно, надежно. Рекомендую!",5,"Спасибо, нам очень приятно получать обратную связь 💛"
2,Альбина Гайнуллина,,2023-10-24 09:30:49,"Открыть мне сотрудник банка ВТБ личный кабинет в ВИМ инвестиции так и не смогла, апеллируя на то, что не имеет стастуса Привелегия (только они якобы могут открывать л.к. в ВИМ инвестиции) у меня якобы есть свой менеджер, пусть он и делает. Бегала с моим паспортом в кабинет, поменяла личные данные, прибегала за кодом и все, что они умеют делать. Попросилась пройти с ней, она сказала не стоит. Что они там делали с моим паспортом, может копии снимали:)? Вела в заблуждение, что нужно внести 5000 на счет при регистрации, когда на сайте четко написано, что от 1000 рублей. Зачем держать столько непрофессионалов? Прошу принять меры. 24.10.23 приняла девушка за 8 окном.",1,Благодарим за обратную связь. Организуем комплексную проверку в офисе и обсудим с его руководителем ваши замечания. Простите за возможные неудобства.
3,Алина Иванова,,2024-01-22 08:23:39,"Компетентные сотрудники , быстро решают все вопросы , всегда рады помочь. удобное расположение офиса , нет больших очередей",5,"Спасибо, нам очень приятно получать обратную связь 💛"
4,Лисковец Е.,,2024-01-30 19:41:21,"Была в банке 29.01.2024. Приветливые сотрудники, быстро решили вопрос, особая благодарность Тиховой Наталье и ещё одному сотруднику ( к сожалению не знаю по имени) за оперативность и разрешение сложного вопроса по документам. Приятно встретить профессионалов в своей работе.",5,"Нам очень приятно, что вы поставили нам высокую оценку. Заходите к нам снова, мы всегда рады встрече с вами!"
5,зоиджон парпиев,https://avatars.mds.yandex.net/get-yapic/45131/raWnQC6PDi78n0MlmeoC7QKN0-1/islands-68,2023-07-19 20:01:29,"Самый надёжный банк. Если в этот банк зайдёте обязательно вас обслуживать очень хорошо и вежливо. И уйдёте с настроением. Спасибо сотрудникам, они не зря получают свою зарплату. Там есть девушка очень хорошо работает. И знает, что делать? Всегда помогает отзывчивый.молодая девушка. Она знает свою работу, очень хорошо относится к этому. Сакина? Я бы поставила 5-10 с плюсом. Она очень помогла. Я всем советую. Спасибо большое.",5,"Зоиджон, так приятно, что вы по достоинству оценили нашу работу! Это очень ценно для нас. Постараемся и дальше соответствовать вашей пятёрке 👌"
6,Валентина климова,https://avatars.mds.yandex.net/get-yapic/31078/Lmt4ImdnWrmgQBM85aREHEaYzl8-1/islands-68,2024-03-28 15:59:01,Это отделение мне всегда нравится. Очередей нет. Сотрудники решают вопросы оперативно и квалифицированно. Я перевела туда пенсию. Осень довольна обслуживанием,5,"Довольные клиенты - наша лучшая награда. Благодарим за то, что так высоко оценили нашу работу 💙"
7,alana t.,,2024-01-24 07:43:10,"Я являюсь клиентом ВТБ Банка уже несколько лет, и за это время я получила только положительный опыт обслуживания. Всегда прихожу в данный офис на Машинцева 5Б потому, что тут всегда быстрое и качественное обслуживание.",5,Огромное спасибо за приятный отклик и доверие 💛
8,Крис Шведова,https://avatars.mds.yandex.net/get-yapic/56823/Lxm9tqzA6zKqtYjXmjvdJV7nAk-1/islands-68,2024-01-22 08:56:10,"При обращении в отделение обслуживанием осталась довольна! Сотрудники грамотные, добрые, всё объяснили и показали. Рекомендую к посещению!",5,"Спасибо, нам очень приятно получать обратную связь 💛"
9,Роман Слепцов,https://avatars.mds.yandex.net/get-yapic/60687/A7NXSTxjiwPh81QfxVh6ONxnvE-1/islands-68,2024-01-22 08:21:11,Добрый день! Обращался в офис для оформления ипотеки. Сотрудники ответили на все вопросы и помогли подать заявку. Большое спасибо за профессионализм и клиентоориентированность.,5,"Спасибо, нам очень приятно получать обратную связь 💛"
10,Ирина,,2024-02-08 09:20:44,"Большая благодарность Тиховой Наталье,Кристине и всем сотрудникам первого этажа,прошу руководителя ВТБ поощерить сотрудников.",5,Благодарны вам за пятёрку и добрые слова о работе наших сотрудников 💙
11,Олеся Галушко,,2024-01-24 07:13:30,"Очень хорошее отделение! Вежливые сотрудники, быстро решают вопросы, всегда обьяснят и помогут.",5,"Спасибо, нам очень приятно получать обратную связь 💛"
12,Павел Олегович,,2023-09-07 12:39:12,"Хорошее отделение, внутри чисто и опрятно. Вежливый персонал. Если приходить днём, то можно и без очереди сразу попасть к специалисту. Сам банк вообще неплохой, самое ужасное это приложение мобильного банка. Баг-репорт можно написать в трёх томах.
Upd: Спустя время и воспользовавшись услугами банка по кредитованию. Банк предлагает самые невыгодные условия на рынке. Есть услуга ""ваша ставка"" по факту является разводом от банка, где вас кинут на 200к и на этом всё. При пересчёте кредита выгоднее выходит тот где выше ставка, но сотрудники банка потратят много часов вашего времени чтобы убедить вас в обратном, потому что получают за это премию. Так же вам будет сказано что без дополнительных страховых продуктов СОГАЗ получить кредит невозможно и потом вы узнаете что оказывается можно было и не оформлять, но чтобы отказаться вы поедите в Одинцово либо будете отправлять документы почтой. Потому что единственный офис где можно решить вопрос, находится в области , а документы подписать электронное можно, но вот расторгнуть нельзя! 
Ну и приложение по прежнему кусок с обочины разработки",1,Благодарим вас за отзыв. Обратная связь нам помогает понять наши проблемы и принять меры для улучшения сервиса и обслуживания.
13,Никита Игнатьев,https://avatars.mds.yandex.net/get-yapic/57243/KFE8ucBQuD99DJMu6mLnv3Hfd0-1/islands-68,2023-11-14 00:09:26,"Самое обычное отделение банка. Ходил сюда 2 раза, пока что сказать ничего интересного не могу. Могу отметить приятный персонал, чистоту и удобство.",4,"Никита, спасибо, что поделились своими впечатлениями. Мы очень ценим любую обратную связь 💛"
14,Наталья Горбунович,,2024-02-26 19:10:10,Отличный офис и очень приветливые сотрудники! Быстро и профессионально!,5,"Спасибо, нам очень приятно получать положительную обратную связь 💙"
15,Ирина Бочарова,,2024-03-28 12:14:22,"Большое спасибо Тиховой Наталье за профессиональную поддержку.
Желание еденедельно посещать Ваш офис!",5,"Спасибо, что нашли время оставить отзыв. Приятно видеть, что помощь нашего сотрудника вызвала у вас исключительно положительные эмоции 👍"
16,Олег Ивакин,,2024-02-26 18:12:12,"Из всех банков, продуктами которых пользуюсь- самый неудобный, но менеджеры милые и доброжелательные",3,"Спасибо, что отметили наши плюсы и за обратную связь, которая помогает понять наши проблемы и принять меры для улучшения качества обслуживания."
17,Александр Анисимов,,2024-03-04 16:09:16,"Быстро оперативно решили мой вопрос, с счётом накопительным.
Спасибо Андрею Арнаут",5,"Огромное спасибо за приятный отклик 💙 Рады, что смогли помочь в решении вопроса 😉"
18,Игорь Клаповский,,2024-03-12 10:15:18,"Спасибо менеджеру Кристине предложила выгодно рефинансировать действующие кредиты , за что большое спасибо !!!",5,"Спасибо за высокую оценку и за то, что отметили работу сотрудника 👍"
19,Алексей Баланкин,,2024-03-20 10:59:02,"Быстро, удобно, малолюдно. Отдельную благодарность выражаю Андрею А.",5,"Спасибо за высокую оценку и за то, что отметили работу сотрудника 👍"
20,Инкогнито 4851,,2023-09-14 08:45:45,"Добрый день! Хочу пожаловаться на мошеннические действия со стороны сотрудницы этого банка. Можно было подключить СМС/Push 
базовый, бесплатно, мне навязали (по умолчанию) полный контроль за деньгами за 79 руб. в месяц.+ подключила платную страховку от мошенничества. Теперь необходимо вновь ехать в банк писать заявление, чтобы ее отключить. Спасибо огромное за навязанные услуги. Банк стал богаче на 99 рублей, которые сразу сняли со счета.",1,"Спасибо, что поделились с нами. Мы не оставим без внимания ваши замечания и продолжим работу в целях улучшения сервиса и качества обслуживания.

Позвольте также отметить, что мы всегда стараемся предложить наилучшие решения, которые соответствуют требованиям клиента. При этом любые договоры с Банком могут быть заключены только с добровольного согласия клиента.
Стоит также сказать, что без вашего согласия открыть/закрыть продукт не представляется возможным, так как оформляется соответствующими документами и заверяется вашей электронной или собственноручной подписью.
Перейти на бесплатный «Базовый» пакет уведомлений можно самостоятельно через интернет-версию ВТБ Онлайн online.vtb.ru/login → Профиль → Настройки → Уведомления → Подключить или изменить пакет.

Приносим извинения за возможные неудобства."
21,Виталий Головачев,https://avatars.mds.yandex.net/get-yapic/59871/enc-63d97a1c365835f5f37b9715320a3483ec0356e103c3bdaa09ead01d71ca593a/islands-68,2023-10-07 18:08:13,Кайф! Небольшой ! Но оперативный офис! Внутри быстро! Кофе за 20₽! И сотрудники вежливый и умненькие,5,"Рады, что вам понравилось. Ждем вас снова 😃"
22,Антон Иванов,,2023-12-08 07:11:35,"Юр лицам там делать нечего! Да вы там обслуживаете и девушка там работает отличная, но условия банка просто не в рынке на сегодня!",1,"Антон, благодарим за обратную связь. Мы учли текущие предложения на рынке услуг и выработали конкурентоспособные условия. Надеемся, что в будущем мы сможем предложить вам услугу или продукт, которые вас порадуют 👌"
23,Валентина Ивашова,,2024-03-04 13:28:50,"Решили вопрлс быстро и без очереди. Офис чистый, сотрудники любезные. Рекомендую!",5,"Огромное спасибо за приятный отклик 💙 Рады, что смогли помочь в решении вопроса 😉"
24,Missis Skarlett,https://avatars.mds.yandex.net/get-yapic/28053/XhljvGVeDjkSg7umtX0UhoOrnY-1/islands-68,2023-05-13 20:43:05,"Мне очень нравится этот банк, всегда встречают приветливо, на все вопросы отвечают подробно. И даже если залетаешь за 5 минут до закрытия, тебя не выгонят, а помогут решить вопрос с которым ты обратился.",5,Спасибо за такие приятные слова. Всегда вам рады помочь 💪
25,Галина Гущина,,2024-03-04 15:56:04,"Обслуживание отличное, работают грамотные специалисты",5,"Спасибо за отзыв. Мы любим и ценим наших клиентов, поэтому стремимся предоставлять им высококачественное обслуживание. Рады, что вы оценили это 😊"
26,G.S.,https://avatars.mds.yandex.net/get-yapic/54535/KPAF7ZcbQYuxKHVsegILntkY2A-1/islands-68,2024-02-11 10:34:34,Сотрудники хорошие а вот когда будете закрывать карту не забудьте бумагу что у вас нет Долгов ибо потом вам приедут не понятные пени ?!,5,"Так приятно, что вы поставили нам высокую оценку 👍 Будем стараться и дальше ей соответствовать!"
27,Елена М.,,2023-12-26 19:03:06,"Очень долгое обслуживание, пришли получить внуку карту студента, при очереди в одного человека, прождали 50 минут",4,"Хотим извиниться перед вами за долгое ожидание. 50 минут - действительно недопустимо. Мы передадим ваш отзыв руководителю отделения и вместе разработаем комплекс мер, которые не позволят ситуации повториться."
28,олег иванов,,2023-11-01 16:41:56,"Грамотный персонал..быстрое обслуживание,стоянка для авто",4,"Спасибо, что поделились своими впечатлениями. Мы очень ценим обратную связь!"
29,Данила Сандраков,,2023-08-10 03:34:57,"Купил автомобиль у человека, который покупал его в автокредит. 7го числа при мне был погашен кредит! Есть справка о погашении. Из реестра залогов автомобиль не выходит спустя 3е суток. В чем дело? Куда обратиться? Автомобиль уже у меня!",3,"Информация о снятии залога автоматически передается в Федеральную нотариальную палату. Как правило, обременение снимают в течение нескольких рабочих дней после погашения кредита. Задержки бывают в редких случаях по независящим от нас причинам. Вы можете проконтролировать, что залог снят, на сайте Реестра залогов автомобилей: reestr-zalogov.ru

Клиент может обратиться для получения необходимой информации, все проверим индивидуально.

Мы всегда на связи и готовы помочь в любом из наших каналов обслуживания: vtb.ru/about/contacts/

Благодарим за обратную связь."
30,Татьяна Зайцева,,2024-03-06 11:00:00,"Отличное отделение, супер вежливые сотрудники!",5,"Спасибо за положительный отзыв, нам очень приятно 👍"
31,Антон Лисицкий,https://avatars.mds.yandex.net/get-yapic/45848/enc-4d825a6c474dfe630e976da47b407416e575881c7e310aa46d3cf0c281550134/islands-68,2024-01-22 08:19:19,"Быстрое обслуживание, вежливый персонал. Очередей нет!",5,"Спасибо, нам очень приятно получать обратную связь 💛"
32,Екатерина Степанова,https://avatars.mds.yandex.net/get-yapic/34189/enc-bc9e1a49f037a9b14ed062289187abf83d22fccf99efad8ef30e2a229339302c/islands-68,2022-09-09 12:38:00,"Большое просторное помещение. Были с супругом 08.09.22 г. нас обслуживал менеджер КОСЕНКО СВЕТЛАНА. Мы два пенсионера, естественно трудности с установкой программ на телефон и вообще. Светлана нам помогла во всем. Предложила хороший продукт. Помогла супругу во всем разобраться. Смогла аргументированно объяснить возможность перевода пенсии в ВТБ. Спасибо ей. Таких сотрудников необходимо поощрять!",5,"Мы рады, что обслуживание в Банке оставило у вас приятные впечатления, и спасибо Вам за то, что уделили время и написали этот положительный отзыв о работе нашего сотрудника. Видеть такие благодарности для нас очень приятно."
33,Olga Dolgova,https://avatars.mds.yandex.net/get-yapic/27232/RdJs9uHkT9810vsnvKbWRmG8g-1/islands-68,2023-04-12 18:56:54,"Чтобы взять ипотеку /кредит можно все онлайн, а потом чтобы оформит закладную, нужно миллион документов, и кредитный договор подписанный лично, и ехать все равно в офис. Никто не хочет ничего делать, миллион раз звонишь, все спецы говорят по разному, и в конечном счёте надл ехать в отделение разбираться, иначе повысят проверь по ипотеке. Зато звонков, предлагающих новые кредиты, миллион. Не рекомендую для ипотеки",1,"Ольга, сожалеем, что у вас возникли трудности при обслуживании. Хотим отметить, что Банк старается переводить ряд процедур в дистанционный канал обслуживания, в том числе возможность оформления электронной закладной. Мы не оставим ваш отзыв без внимания и примем меры для повышения сервиса и качества обслуживания. Примите извинения за неудобства."
34,Илья | Globus travel,https://avatars.mds.yandex.net/get-yapic/62162/NjmBWQDPzNn41oTgduFJyUma3Z0-1/islands-68,2022-07-13 19:32:19,"Большое просторное отделение. Народа мало. Очередей нет. Пришел, взял талон и через 5 мин уже сел к менеджеру. Правда я сел неудачно) пришел закрыть социальный счет Банка Москва 11 летней давности, на который приходила стипендия. Сотрудник, отвечающий за Банк Москвы был в отпуске( ну ничего. Съездил в ТЦ Лига. Там этот сотрудник был на месте. Но, как сказал бы Каневский: это уже другая история))",5,
35,Руслан,https://avatars.mds.yandex.net/get-yapic/61207/BP2Fihw3FrACQuA8Zwzq5XOew-1/islands-68,2022-12-25 19:35:26,"Банком пользуюсь давно, и расчетный счет открыт в нем. Единственное не понятно почему нельзя и оплатить квитанции коммунальной службы как в том же сбер банке. Нет надо идти на аппарат и пробовать там но если там не считывает сканер то ехать в другой банкомат втб. Разве это нормально?. Если оценивать банк для работы то да все супер , если оценивать потребительски то этот момент очень огорчает.",3,"Поверьте, мы стремимся быть лучше. Обратная связь нам помогает понять наши проблемы и принять меры для улучшения сервиса и обслуживания. Благодарим Вас за отзыв."
36,Алла М.,https://avatars.mds.yandex.net/get-yapic/21377/enc-043ec2a25f08e28d08b61fc8cc71fb7f98eee9008467e0d4eb455d6405be2647/islands-68,2024-01-24 07:07:47,Быстрое обслуживание и внимательные менеджеры!,5,"Спасибо, что доверяете нам! Постараемся и дальше соответствовать вашей пятёрке 💪"
37,Юрий Поздняков,https://avatars.mds.yandex.net/get-yapic/27232/enc-bacfda4a9819613d7d700c6ac16388d2b4bf3de52d242e2d26e178dd20a4049e/islands-68,2022-05-12 10:54:14,"Это прежний офис банка ""Возрождение"", который поглотил ВТБ. Есть небольшая парковка. Здание двухэтажное, на первом этаже обслуживаются физлица. Обслуживание не всегда оперативное. Частенько сталкивался с очередями. Нет окошка ""Привилегии"". При этом адекватный и компетентный персонал.",4,
38,Silvia s’15,https://avatars.mds.yandex.net/get-yapic/31804/6Vtyyt6efeouhaL6Kdb79xu7bY-1/islands-68,2024-03-04 10:15:45,"Все быстро, понятно, хорошие сотрудники",5,"Рады видеть, что вы оценили нас на 5 ⭐"
39,А ZEVS,,2022-08-18 10:46:46,"Приехал взял талон, вышел мой номер еще 20 минут принять не могли, тот кто был передомной оказалось что без талона а работник с клиентом сидела болтала, не приятная компания на машенцева другие сидели работники в носу колупались вот так 1 работник работает остальные сидели , пришлось взять талон еще 1 и после этого попал на того кто в носу калупался а сказать и принять не кто не хотел.",1,"Поверьте, мы принимаем меры для того, чтобы время ожидания было минимальным. Проведем проверку в отделении и обсудим с руководителем данную проблему. Надеемся, что в дальнейшем мы не заставим Вас ждать."
40,Azamjon I.,,2024-03-27 13:00:26,Очень понравилось обслуживание в этом офисе,5,"Спасибо за положительный отзыв, нам очень приятно 👍"
41,Птица,https://avatars.mds.yandex.net/get-yapic/39803/pAfo1b06CFLsbcFgs9x4epJ8pI-1/islands-68,2022-05-22 19:59:11,"В отделении банка ТЦ Лига вносила деньги через банкомат на счёт, одну из купюр 5000 не принял ни один из банкоматов. Поэтому обратилась в кассу.. Там мне сказали что только за 500 это сделают. Дашло до управляющего и большей глупости я представить не могла. Мне сказали что банкоматы не имеют к ним ни какого отношения и то что я в банке не могу себе на карту положить деньги- это моя проблема. Предложили написать претензию, что б у них работа наладилась. Бесполезный офис, с бесполезными людьми, где клиенты сами должны заниматься организацией работы отделения. Поэтому перевела свои деньги в другой банк. Молодцы. Так держать.",1,
42,З.Мурадова,https://avatars.mds.yandex.net/get-yapic/27232/CZLNrrDHxYxJmap2G6pw52zs74-1/islands-68,2022-12-15 18:24:12,"Все быстро, четко, без лишней суеты и бессмысленных допросов, опросов 
Профессионалы своего дела
Рекомендую конечно же",5,"Рады, что Вам понравилось. Ждем Вас снова 😃"
43,Кирилл М,https://avatars.mds.yandex.net/get-yapic/29310/6OqrcMzPs6OFVFLt5t2DM8jD35c-1/islands-68,2023-02-12 16:13:10,"Услуги, предложения на высоте. Но видно, что персонал замученный, по лицу видно, что работают из-под палки, это сказывается на обслуживании.",4,"Поверьте, мы стремимся быть лучше. Обратная связь нам помогает понять наши проблемы и принять меры для улучшения сервиса и обслуживания. Благодарим вас за отзыв."
44,Дим,,2022-06-23 17:07:50,"Являюсь клиентом ВТБ ещё со времён банка Москвы, как юр. так и физ. лицо. В данное отделение я обратился за кредитом как юр. лицо ( организации 16 лет) и мне даже не перезвонили, при этом кредит дали в другом банке. Из-за отношения банка, приходится открывать счета в других банках. За столько лет не получили ни одного кредита и поэтому всё дорогостоящее оборудование покупаем за свои деньги. Видимо ВТБ клиенты не интересны.",1,
45,Снежана Кошман,,2023-05-16 18:36:46,"Самое лучшее отделение банка! Спасибо за внимание, оперативность и профессионализм!",5,"Благодарим. Нам очень важно, чтобы каждый клиент оставался доволен 😃"
46,Андрей Дубянский,,2022-11-23 00:49:52,Очень милый и доброжелательный персонал. Меня там проконсультировали и реально помогли.,5,"Благодарим за положительный отзыв, нам очень приятно 👍"
47,Сергей Art,,2022-12-11 12:09:20,"Очереди практически нет, это +. Удобно припарковать авто. Но вот компетентность сотрудников желает лучшего.",4,"Благодарим вас за отзыв. Нам очень важно знать ваше мнение. Мы стремимся к тому, чтобы быть лучше. Проведем работу в целях улучшения качества обслуживания."
48,Сергей Смирнов,https://avatars.mds.yandex.net/get-yapic/36777/VYyRbDqfJ1g00W2HqMh5Bctmo4c-1/islands-68,2023-04-30 14:07:10,"Обслуживание клиентов, персонал вежливый, специалисты высшей категории",5,"Сергей, благодарим за отзыв! Очень приятно, что обслуживание в нашем офисе оставило у вас положительные впечатления 😃"
49,shornik666,https://avatars.mds.yandex.net/get-yapic/21377/enc-daf59bcca271acf58f90f83a32a4925b98eee9008467e0d4eb455d6405be2647/islands-68,2022-02-09 12:14:56,"25.01.22 я обратился в отделение этого банка у метро Беговая, с просьбой проверить счета моей умершей бабушки по праву наследования имущества. 
Сначала с меня требовали открыть у них счет. Причем именно требовали, мотивируя это тем что технически получить информацию по счету можно только после открытия счета именно у них. Приняв все необходимые документы сказали что для какой-то ""проверки"" придется ждать 2-3 дня. 
Хотя в Сбербанке та же самая процедура заняла 20 минут при первом же посещении. 
Несколько раз приходило смс с информацией о том что надо ещё что-то проверить и придётся ещё подождать. 
В итоге 04.02.22 пришло сообщение с вот таким текстом: ""Ваше заявление CR-8654792 исполнено. Денежные средства переведены по указанным реквизитам."" Хотя никаких реквизитов я не указывал, а заявление было на выдачу наличных. В тот-же день я поехал то же отделение. Но оказалось что оно уже закрыто и на двери был указан адрес другого отделения. Куда я и поехал. Там сказали что не имеют кассы и по этому доступа к информации о состоянии счета они обеспечить не могут. Направили меня в отделение у метро Сокол.
Там у меня ещё раз взяли все документы и стали опять что-то проверять, размораживать счета и т.п. Через 1,5 часа ожидания мне сказали что сегодня ничего не получится. Взяли мой номер телефона и сказали что позвонят когда всё будет готово. 07.02.22 мне позвонили и сказали что всё готово. Через день я опять приехал в отделение у м. Сокол где меня мучали ещё 1,5 часа и только после этого сообщили состояние счета.
Итог: две недели ожидания, два раза по пол дня в трубу. 
Ни вам спасибо за ожидание, ни извините за неудобства, хоть бы кофе предложили (как в любом МФЦ к стати). Похоже у них такое свинство в порядке вещей.",1,
50,Ксения Е.,https://avatars.mds.yandex.net/get-yapic/44850/J05sYdM1bB1U6B51ucrIHjJnC8-1/islands-68,2022-10-14 06:32:23,"Сотрудник Роман произвел впечатление профессионала и приятного человека, из-за него осталось положительное впечатление от посещения этого отделения",5,"Ксения, так приятно, что вы поставили нам высокую оценку и отметили работу сотрудника!"
51,екатерина степанова,https://avatars.mds.yandex.net/get-yapic/31804/tYOwEk5EJjIynhuZXxkXn9hddGY-1/islands-68,2022-09-14 15:46:59,"Супер! С утра народа вообще нет. Менеджеры прекрасно, быстро, квалифицированно обслуживают👍",5,Спасибо за такие приятные слова. Всегда Вам рады помочь 💪
52,Виталий,,2022-05-14 07:36:41,"Никогда, не связывайтесь с этим банком. Нам сорвали сделку. Нотариальную доверенность проверяют уже 10 дней. Сначала было 5. Каждый раз, сотрудники ходят между столами, куда то звонят. Базы нет, общей. Некомпетентность сотрудников зашкаливает. Ответ, у всех один...вы же не со мной общались. Мы в шоке.
Нас уже там в лицо знают, все сотрудники. И мило улыбаются.",1,
53,Влад,https://avatars.mds.yandex.net/get-yapic/27503/T0Fj0RNLVrEtEaZczXVFRm9DFFs-1/islands-68,2023-10-03 16:54:31,Больше спасибо персоналу за помощь в оформлении карты.,5,"Благодарим за положительный отзыв работы. Рады, что вы остались довольны 🙂"
54,Мария,,2022-04-29 13:54:11,"Одно из лучших отделений ВТБ - система электронной очереди, вежливый персонал, комфортная зона ожидание, большое количество обслуживающих окон, чистый зал. Возвращаюсь в это отделение всегда с удовольствием, очереди практически нет",5,
55,Alexander V.,,2021-09-05 11:19:44,"Милый филиал ВТБ, на месте банка Возрождение. Имеются все необходимые услуги, хотя нет менеджера по брокерским услугам. Само здание удобное, есть где расположится и не устать в очереди, хотя очереди небольшие. Есть парковка рядом.",5,
56,Ольга Никанорова,,2023-07-15 16:38:38,"К сожалению, сотрудники не всегда могут помочь разобраться в проблеме и помочь.",4,"Здравствуйте!
Благодарим за обратную связь! Надеемся, что в дальнейшем сможем заслужить от вас 5 ⭐"
57,Алексей М.,https://avatars.mds.yandex.net/get-yapic/45566/gy6HqNUXdfg5kIDOZLxWMtP3w0E-1/islands-68,2021-08-06 14:49:45,"А вот мне обслуживание очень нравится, захожу периодически, все быстро и чётко, ну а если что-то не получается, их директор сразу подходит и помогает, кстати очень! вежливо и позитивно (Роман, спасибо))",5,
58,Вероника,https://avatars.mds.yandex.net/get-yapic/65952/kV2SbuPnUlhFphERvbU0r7AWg-1/islands-68,2021-10-03 15:43:39,"Два часа сидели в очереди на открытие аккредитива, т.к. нигде нет информации о том, что данная услуга по предварительной записи, более того, на горячей линии сказали ""приходите и открываете"", в итоге сотрудник всячески давал понять, что мы не успеем, это согласовывается с другим регионом и т.д.. В общем потеряли кучу времени. В соседнем Сбере нам за 20 минут все сделали, перед самым закрытием, без всякого негатива!",1,
59,Мария М.,,2022-03-11 12:06:14,"Пятница 15:01 очередь 19
человек! Работают очень медленно. У терминала сотрудника нет, задать вопрос некому.
Уже час стою в очереди… вызывают не понятно как, люди вошедшие после меня уже обслужены, беспорядок полный! Операция у меня на 5 минут, а час жизни банк у меня забрал(",3,
60,Ирина А.,,2021-08-06 05:48:15,"Позвонили из данного отделения, пригласили оформить кредитную карту. Все подробно рассказали, оформили, осталось приятное впечатление! С удовольствием буду рекомендовать знакомым.",5,
61,Надежда,https://avatars.mds.yandex.net/get-yapic/43978/1jUkMZ8c3uCHUhwn7a8qX3fXk-1/islands-68,2023-09-21 17:05:57,Вежливые отзывчивые сотрудники,5,"Спасибо, что поделились своими впечатлениями. Мы очень ценим обратную связь 💛"
62,Евгений Р,https://avatars.mds.yandex.net/get-yapic/51169/1h3mHdjTx3P6YCJmU9TGtaXmo-1/islands-68,2023-07-30 01:53:05,Постоянно очереди. Вопрос решается долго. Сотрудники не компетентные,1,"Поверьте, мы всегда стремимся быть лучше. Обязательно обсудим с руководителем офиса все детали, описанные в отзыве, и учтем ваши замечания. Примите, пожалуйста, наши извинения."
63,Мирон,https://avatars.mds.yandex.net/get-yapic/62162/26ZTLGZgLVdUqlhXFzV9aKrnvI-1/islands-68,2023-09-15 17:46:30,Просто хороший банк в удобной локации,5,Спасибо за отзыв. Ваш комфорт - наша основная задача 👌
64,Александр Никонов,https://avatars.mds.yandex.net/get-yapic/63032/pfdSx0vKvXa8Z7FFKBzu7XnW3aU-1/islands-68,2023-05-28 11:59:43,Профессионально и качественно Спасибо,5,Довольные клиенты - наша лучшая награда. Благодарим за высокую оценку нашей работы.
65,Игорь Сницарев,,2021-01-28 20:28:39,"не понимаю смысл этого филиала....для кого он работает с 9 до 18 и не работает по выходным? Когда человек идёт в банк? После работы, а работа обычно до 18, и на выходных, ни в то ни в то время банк не работает. Л-логика.
после того как возраждение переделалось в ВТБ был всего 1 раз, очередь была не такой неадекватной как на мельникова, но все равно большая, правда тогда была суббота(тогда ещё отделение в субботу работало), т.е. альтернативой отделению на мельникова данное отделение тоже не является, проще дойти до Лиги. Могу только повторить вопрос, для кого здесь отделение банка?",1,
66,Шухрат Саидов,https://avatars.mds.yandex.net/get-yapic/44850/2TKimimPo2r5EbsNAfpI8fzjY3Q-1/islands-68,2023-01-15 14:57:26,Хороший банк и главное сотрудники очень вежливые ☝️,5,"Очень приятно получить такую высокую оценку, спасибо 😊"
67,Юрий М.,https://avatars.mds.yandex.net/get-yapic/20706/enc-c6e03a4226cfd2144ae7a674bc51d6aeb36f6645d0e7a1630d1f853ce42735a3/islands-68,2021-08-06 05:36:07,"На днях был в данном отделение банка ВТБ, понравилось, что быстро и качественно обслужили. Процент по кредитной ставке при визите в банк получился ниже, чем при оформлении онлайн, может конечно всё это индивидуально. Спасибо за хорошую работу.",5,
68,Николай Новицкий,https://avatars.mds.yandex.net/get-yapic/61207/gZEjMX4tg7jcJvotyxO8tlTa7hk-1/islands-68,2023-02-21 16:12:32,"Крупное отделение крупного банка. Помогают решить вопросы по вкладам,кредитам и т.д.",5,"Спасибо вам, очень приятно получать обратную связь 🙏👌 Приезжайте ещё 💛"
69,Владимир Н.,,2021-08-06 05:37:43,"Давно обслуживаюсь именно в этом отделении - находится рядом с домом. Сотрудники всегда вежливые, действительно помогают решать проблемы, а не создают видимость. Спасибо вам!",5,
70,Татьяна Алексеевна,https://avatars.mds.yandex.net/get-yapic/54535/bORcQz9S55Ptm5fbHRMkhp3T9U-1/islands-68,2021-10-12 17:54:12,Очень благодарна сотрудникам банка за быстрое решение по рефинансированию моих кредитов. Очень доброжелательные и профессиональные. Желаю вам успехов !,5,
71,Надежда М.,,2021-08-29 11:39:54,"А вот мне обслуживание очень нравится, захожу периодически, все быстро и чётко, ну а если что-то не получается, их директор сразу подходит и помогает, кстати очень!",4,
72,RB77,,2021-12-10 14:36:34,"Очень формально подходят к своей работе, есть сотрудники с низкой квалификацией, которые не понимают последовательность действий при оформлении сделок. Лучше в это отделение не обращаться.",2,
73,Анатолий,https://avatars.mds.yandex.net/get-yapic/50071/f1ls8zloPQHsIvRmxnR1Y0iE-1/islands-68,2021-09-11 16:08:45,"Быть внимательными,знающими. Просил перевести с банка Возрождение военную пенсию с июля 2021 в ВТБ а перевели из ПочтаБанк а я не просил. Основная из V банка не переведена Обманули обещали все сделать сами те втб,а я инвалид и создали мне большие проблемы.Срок действия карты банка возрождения заканчивается",2,
74,Вот таки дела,https://avatars.mds.yandex.net/get-yapic/49368/lSuQYNQrps2MLVCQVV6fVDy8VrA-1/islands-68,2022-04-06 11:11:17,"Все быстро сделали, буквально в считанные минуты. Если я что-то не понимала, сотрудник банка объясняла понятным языком. Очень довольна!",5,
75,Катерина Подливальчева,https://avatars.mds.yandex.net/get-yapic/41409/enc-a1b23d1fccbe782f6933bb6bad0f99013a0d6e60d787acc08a524201437f46fa/islands-68,2023-05-02 18:58:01,"Сам подключает какие то услуги, сам деньги списывает без спроса.",1,"Здравствуйте!
Хотим разобраться в ситуации и помочь в решении вопроса. Для этого просим направить на наш адрес SMedia@vtb.ru ваши ФИО и дату рождения, а также подробное описание ситуации, с которой вы столкнулись. В теме письма необходимо указать «Яндекс, Химки, улица Машинцева, 5Б, 02.05.23»."
76,Константин Платов,https://avatars.mds.yandex.net/get-yapic/59871/92lmT6jEnrUscixlER3tFiu8IlU-1/islands-68,2023-01-12 13:08:57,"Отличное отделение, прекрасные сотрудники!",5,Огромное спасибо за приятный отклик 💛
77,Александр С.,,2021-05-21 11:05:34,"В момент моего посещения сотрудников было много, но они постоянно покидали рабочие места, чтобы помогать друг другу, так что больше перемещались чем работали. Сотрудник на входе вообще начал мне доказывать, что мою операцию выполнить нельзя.",3,
78,рыжова наталья,,2022-01-16 17:12:38,"ВТБ давно уже не тот, не только в этом отделении, в какое б не пришла б везде грубость, большие очереди, душно, вечно у них ломается программа, очеред электронная.",2,
79,Штирлиц Штирлиц,https://avatars.mds.yandex.net/get-yapic/30955/COa9OlTMCd4cnlKAnX0Otb0OA9w-1/islands-68,2021-07-02 06:40:22,"Просто дно. 40 минут ожидания, затем счастливая фраза оператора :""О, да Вы клиент Привилегии, сейчас я Вас переброшу...."" в итоге 2 часа я провела в банке, наблюдая, как они перемещаются, хихиуают, строят глазки друг другу, вопрос не решили, я сказала, что не могу больше смотреть, как они думают, что делать и сейчас уйду. Хорошо, мы Вам позвоним. Прошло три дня....",1,"Примите наши извинения. Хотели бы разобраться в ситуации, которая стала причиной такой низкой оценки. Для этого просим уточнить, что именно произошло в офисе, по какому вопросу Вы обращались, а также ФИО, дату Вашего рождения. Направьте, пожалуйста, эти данные на адрес электронной почты SMedia@vtb.ru, в теме письма просим указать «Яндекс. Химки, ул. Машинцева, 5Б, 02.07.21»"
80,Евгения,,2022-09-18 17:59:27,"Не клинтоориентированный кредитный отдел для юр лиц и ип , банкомат не работал когда очень нужно было",1,"Поверьте, мы всегда стремимся быть лучше. Примем меры для повышения качества обслуживания. Проверим работу банкоматов в офисе."
81,Светлана дорохова,,2024-03-04 10:00:25,Отлично,5,"Рады видеть, что вы оценили нас на 5 ⭐"
82,V,,2024-02-27 13:13:46,Знают свое дело. Но и навязывают свои услуги,4,Благодарим вас за обратную связь. Обратим внимание руководителя офиса на ваши замечания. Для нас важен ваш комфорт!
83,Илья П.,https://avatars.mds.yandex.net/get-yapic/47747/HqhWfLbnvvwvOYax4BSPsrtOFo-1/islands-68,2023-01-26 18:30:22,Суда больше не нагой. Плохо. И нет парковки. Персонал работает как попало.,1,"Поверьте, мы стремимся быть лучше. Обратная связь нам помогает понять наши проблемы и принять меры для улучшения сервиса и обслуживания. Благодарим вас за отзыв."
84,Borz 01,https://avatars.mds.yandex.net/get-yapic/36777/VJDyUOK6aZo7acF3gSyCyO4-1/islands-68,2023-03-11 18:20:40,Все чётко и быстро решили вопросы,5,"Благодарим за положительный отзыв работы. Рады, что вы остались довольны 🙂"
85,Mike Rose,https://avatars.mds.yandex.net/get-yapic/24700/enc-939da224e301b6d0c82b716b8d100a56/islands-68,2022-03-11 13:51:24,"Впечатление такое, что здесь никто не работает от слова совсем. 2 человека за 40 минут обслужить - это что такое???!!!",1,
86,Evgenia Baturina,,2022-10-22 18:01:59,"Отличное обслуживание, вежливые сотрудники",5,"Благодарим. Нам очень важно, чтобы каждый клиент оставался доволен 😃"
87,Василий Коновалов,https://avatars.mds.yandex.net/get-yapic/30431/enc-52d5566df3989045bcff90495a598ee618296ea403851d038103cb6ff621525f/islands-68,2021-07-15 06:58:52,"Длинные очереди, хотя сразу же об этом предупреждают, но операторы малограмотные, впрочем в последние годы это повсеместное явление в ВТБ. Здесь разбираются со счетами Банка Москвы, но толком ничего не могут. Хотя персонал старательный, но стараниями не улучшить ухудшение работы самого ВТБ",2,"Поверьте, мы всегда стремимся быть лучше. Мы обязательно обсудим с руководителем офиса все детали, описанные в отзыве, и учтем ваши замечания. Примите, пожалуйста, наши извинения."
88,Sweet Cartridge,https://avatars.mds.yandex.net/get-yapic/57243/nzEx3EEtoW1zNblOqG27fQpt6mg-1/islands-68,2021-07-05 11:58:26,"Заказала карту онлайн, пришла забирать и парень пытался втюхать мне кредит🤦‍♀️ несколько раз говорила, что мне не нужен кредит и просила выдать мне карту, но он все равно настаивал🤦‍♀️ даже сказал, что уже одобрен, но я первый раз имею дело с ВТБ, какое одобрение?",3,"Сожалеем, что у Вас возникла такая ситуация при обслуживании в Банке. Мы не оставим без внимания Ваш отзыв и передадим его руководителю сотрудника для анализа. Стоит отметить, что без согласия клиента оформление продуктов не производится. При этом Банк может подготовить для клиента маркетинговое предложение на оформление кредитного продукта. Данное предложение не обязывает клиента оформлять продукт. Приносим извинения за неудобства."
89,Алексей Чунтомов,https://avatars.mds.yandex.net/get-yapic/31804/7SAAQaKg5lW8dKPOlPxIjsTG3s-1/islands-68,2021-05-28 06:18:47,Случайно нашёл. Полноценное отделение. Все оперативно. Есть парковка напротив банка. Прям здорово.,4,
90,Ирина Виноградова,https://avatars.mds.yandex.net/get-yapic/37154/GSzfRSczDOGKYGjh18nRxlCYSe8-1/islands-68,2022-08-01 16:51:55,"Почему-то не работали оба банкомата. Пришлось идти в кассу. Хорошо, что паспорт был с собой.",4,"Спасибо за сигнал! Мы организуем встречу с руководителем и вместе разработаем комплекс мер, которые позволят решить данный вопрос."
91,Ася О,,2021-04-30 12:11:27,"Позор...Возненавидела это отделение и сам банк За несколько посещений...беременная на 9 месЯце, сидела в очереди почти час, потом искали мою карту минут 20 и после не могли мне настроить вход в втб онлайн овен. Очень долго...предлагали мне звонить на номер 1000(((((ужас ужасный..вы что там вообще делаете?куда вы катитесь?",1,
92,Яна С.,,2021-08-06 08:23:08,"Прекрасный офис, сервис на высоте. Спасибо за быстрое и качественное решение вопросов!",5,
93,Тамара Провоторова,,2023-06-19 17:46:54,"Нормальное отделение,очередей нет.",4,"Спасибо, нам очень приятно получать обратную связь 🙏👌"
94,Артем Д.,,2021-08-27 14:00:48,"Абсолютно мертвый филиал. Сидят две девочки, которые не знают что им делать и спрашивают об этом у клиента. При этом из 5 человек работают только 2, остальные видимо на бессрочном обеде",2,
95,Олег,https://avatars.mds.yandex.net/get-yapic/60687/oKa9o8ZCPg7zeDKI7hHNsyyuHH8-1/islands-68,2021-08-14 09:16:51,"Вроде большое отделение, а операционистов мало, приходится долго ждать. Но в целом сотрудники благожелательные, но по некоторым вопросам не хватает знаний",3,
96,Zlata Dumanova,,2021-08-06 06:45:12,"Обращалась в отделение, отлично обслужили, приветливый персонал, все быстро",5,
97,Павел Д.,,2023-03-16 20:12:57,"Из 10 приходов, семь раз не смогли решить мою проблему. Управляющая прячется от клиентов в кабинете. Перестал сюда ходить.",3,"Павел, спасибо, что поделились с нами. Обратная связь помогает понять наши проблемы и принять меры для улучшения сервиса и качества обслуживания. Обязательно проведем проверку в данном отделении. Приносим извинения за неудобства и надеемся на дальнейшее сотрудничество."
98,Сергей Николаев,https://avatars.mds.yandex.net/get-yapic/62162/vkfLW9xcYXBtuOCA1EvPjIbfINA-1/islands-68,2022-10-30 14:29:08,"Чисто, светло, приятный коллектив",5,"Рады, что Вам понравилось. Ждем Вас снова 😃"
99,Светлана Гончарова,https://avatars.mds.yandex.net/get-yapic/20749/9zjFkrqlOUbHF5rrX6knNoBJock-1/islands-68,2021-11-04 08:54:27,"Чисто, уютно, без очередей . Есть кулер и автомат с кофе. Много банкоматов и сотрудников достаточно.",5,
100,Елизавета С.,,2021-08-06 05:57:23,"Делала в этом отделении денежный перевод в другую страну, сотрудник сделал все быстро, четко. Осталась довольна его работой",5,
101,Эдуард Шикунов,,2021-12-01 08:21:44,Работа отдела по оформлению кредита и услуг по регистрации недвижимости выше всяких похвал,5,
102,Асият Бексултанова,,2023-03-17 19:48:24,Очень понравилось обслуживание!,5,"Асият, ваш положительный отзыв для нас – лучшая награда 😊"
103,Анонимный отзыв,,2022-06-23 11:13:52,Отличный персонал . Все быстро и чётко.,5,
104,Михаил,https://avatars.mds.yandex.net/get-yapic/25358/ral6bBJxnYtQ4xWmOdOMFO3AVQ-1/islands-68,2021-09-19 23:02:15,"Оформлял летом заявку на кредитный продукт.
Девушка, если не изменяет память, Анастасия - грамотно все рассказала. 
Даже мило пообщались, выяснили что родились в один день))
Улыбчивый коллектив, чем притягивает и располагает",5,
105,Мария,,2022-10-04 13:32:27,Банкоматы не работают!!! Сотрудники банка не устраняют проблему!,1,"Мария, благодарим за сигнал. Проверим работу банкоматов в отделении и примем меры для восстановления работы устройств."
106,BO$$,https://avatars.mds.yandex.net/get-yapic/31078/7maApBm0iQjznrApuwNv6gcfpA-1/islands-68,2022-10-28 04:18:06,"Отличное отделение, очень вежливые сотрудники, помогли мне решить вопрос со счётом👍",5,"Огромное спасибо за приятный отклик 💛 Рады, что смогли помочь в решение вопроса 😉"
107,Dmitrii,,2021-05-11 13:45:05,"Современные банкоматы по приему пачки купюр, и несколько штук, приятно удивили, в основном такие стоят в самом отделение, да еще и не в каждом.",5,
108,Сергей Чистяков,https://avatars.mds.yandex.net/get-yapic/50595/geYoqGjMEGOFqBnckEN7pRmAOaU-1/islands-68,2023-07-16 08:54:32,Долго ждать очереди,4,"Здравствуйте, Сергей!
Приносим вам извинения за неудобства. Поверьте, мы стремимся к быстрому обслуживанию. К сожалению, периодически клиенты сталкиваются с очередью и длительным временем ожидания. Мы со своей стороны проводим постоянную работу для ускорения обслуживания. Надеемся, что при следующем визите вы заметите положительные изменения."
109,Анна о.,,2021-08-06 05:43:05,Обращалась как физическое лицо и как юридическое. Осталась очень довольна обслуживанием.,5,
110,Юлия Тарасова,https://avatars.mds.yandex.net/get-yapic/28053/uBzOcGSbJnDfloClYwM2f26ao-1/islands-68,2022-10-27 19:10:38,Не смогли открыть аккредитив под сделку. Ужас а не банк,1,"Поверьте, мы всегда стремимся быть лучше. Мы обязательно обсудим с руководителем офиса все детали, описанные в отзыве, и учтем ваши замечания. Примите, пожалуйста, наши извинения."
111,Александр Буров,https://avatars.mds.yandex.net/get-yapic/65952/5gLdGQwQFvgQfkbEApeSxTFo2po-1/islands-68,2022-10-30 19:00:59,"Пользовался банкоматами, все работали.",5,Ваш положительный отзыв для нас – лучшая награда 😊
112,Алексей Я.,https://avatars.mds.yandex.net/get-yapic/15430/enc-c7584097bb3df4de5e6fd922ae64e4b3ba08c98141b568115898ec6baa71854f/islands-68,2022-05-04 21:38:16,Большая клиентская зона. Оперативные сотрудники,4,
113,Елена,https://avatars.mds.yandex.net/get-yapic/29310/l8d4Ht8sGBCp9cXYsodSCgEyotw-1/islands-68,2021-11-29 10:15:33,"Мало хороших сотрудников. Сядешь в сторонке тебя и не заметят. Да и помочь не хотят. Одна вот только сотрудница мне попалась, действительно, сотрудница с большой буквы. Остальные, сами по себе, не до нас.",3,
114,Константин С.,,2021-08-06 05:42:40,"Огромное спасибо сотрудникам данного офиса, вопрос решили быстро, ответили на все мои вопросы.",5,
115,Ирина Афанасьева,https://avatars.mds.yandex.net/get-yapic/29310/enc-ecc0e105c54386830b4a33df903cb18a8b4e6b0182e74dee5d39401dc9dacc57/islands-68,2021-02-11 07:40:52,"В 12 часов я взяла талон, передомной было 5 человек, сейчас 13:20 и я все ещё жду своей очереди! Работает только 2 окна! Полный зал народу! Отвратительно просто 
Дополняю: в итоге я провела в этом банке 3,5 часа!!!!",1,
116,Татьяна К.,,2021-06-19 12:51:25,"Сотрудница банка помогла на 5 баллов, спасибо ей за проделанную работу. Неприятный нюанс - если вдруг вам приспичит, то не рассчитывайте, понесете домой. Сервис кондовый.",4,Благодарим Вас за положительный отзыв о качестве обслуживания. Ваши замечания обязательно примем во внимание.
117,Юрий Грибов,,2023-03-14 19:37:30,В воскресенье не работает.,3,"Юрий, благодарим вас за отзыв!"
118,Александр А.,https://avatars.mds.yandex.net/get-yapic/58107/hA3lgNIRcoe2sJaQvneMZUaPVM-1/islands-68,2022-02-14 15:14:37,"Банк как банк 
Вообщем норм. В основном не могу народу. Персонал как и везде.",4,"Благодарим за положительный отзыв, нам очень приятно 👍"
119,Иван Сергеев,,2023-06-30 17:42:33,Хороший персонал,5,"Иван, огромное спасибо за приятный отклик 💛"
120,Светлана Ситникова ;),https://avatars.mds.yandex.net/get-yapic/36777/jAskTTpNkKEKVknC7JC6tIZ03o-1/islands-68,2022-11-15 09:22:36,Самое лучшее отделение в Химках.,5,"Рады видеть, что Вы оценили нас на 5 ⭐"
121,Виктор Ким,https://avatars.mds.yandex.net/get-yapic/58107/Ws71v3OKnbNR4eBEwdP5PDQ3Au0-1/islands-68,2023-03-13 19:12:41,Очень надёжный банк,5,"Виктор, большое спасибо вам за доверие 🤗 Довольные клиенты - наша лучшая награда!"
122,Виталий Головачев,https://avatars.mds.yandex.net/get-yapic/53031/QL4bcZjyjT5kViOp75cBTlKemk-1/islands-68,2022-05-23 16:21:41,Круто! Чисто! Немноголюдно!,5,
123,Манас Осмонов,,2023-08-22 14:35:00,Супер банк,4,"Спасибо вам, очень приятно получать обратную связь 🙏👌 Приезжайте ещё 💛"
124,Владимир Анисимов,https://avatars.mds.yandex.net/get-yapic/63032/7ZpMBrVWvetk3unjuEqrSpnyZnk-1/islands-68,2021-07-16 10:10:07,"Банк не плохой, но обслуживанием не доволен, очень долго, приходится ждать часами. Не первый раз такое, а постоянно",1,"Владимир, благодарим, что нашли время поделиться вашим впечатлением об обслуживании в Банке. Мы не оставим этот отзыв без внимания и примем необходимые меры, которые позволят сократить время ожидания и обслуживания. Приносим извинения за неудобства и надеемся на дальнейшее сотрудничество."
125,Владимир Гуськов,,2023-02-27 16:49:53,Хороший филиал,5,"Рады, что Вам понравилось. Ждем Вас снова 😃"
126,Александр К.,,2021-08-06 06:39:14,"Отличное обслуживание, внимательный персонал.",5,
127,Валерий Соломеннов,,2022-04-28 17:29:19,Удобное отделение для обслуживания.,5,
128,Роман Сытин,https://avatars.mds.yandex.net/get-yapic/28439/tvoADST7C1oyUZQgFXmE9kcND3c-1/islands-68,2021-09-29 09:11:23,"Чисто , опрятно. Главное нет очередей.",5,
129,Анастасия С,,2021-08-06 05:31:08,"Обращалась в офис, решили вопрос быстро! Все понравилось",5,
130,Анастасия С.,,2022-04-06 12:33:04,"Ужасно. Очередь 50 минут!!! Нигде такого не видела, сотрудники расслабленные их вообще не интересуют клиенты.",1,
131,Алексей,https://avatars.mds.yandex.net/get-yapic/57243/tV7EBodatEAIuyYnGCFWGcOPY-1/islands-68,2021-09-05 14:23:48,"Хорошее, тихое отделение, обслуживают хорошо",5,
132,Max,https://avatars.mds.yandex.net/get-yapic/45131/fkwREo8pDOPQWKBMdMfxKEtHig-1/islands-68,2021-11-16 09:57:12,"Удобно, рядом с юбилейным проспектом",5,
133,Александр Синий,https://avatars.mds.yandex.net/get-yapic/56823/M1quSADMgv8yH4x5A7wAMuqii4Q-1/islands-68,2021-10-25 13:49:20,Теперь удобно что рядом с домом,5,
134,Nata,https://avatars.mds.yandex.net/get-yapic/68143/U3t0mvMvDnAhT2letHsUoRFSE-1/islands-68,2021-11-28 17:02:50,"Новый офис, нет очередей) это очень радует)",5,
135,Роман Москвин,,2021-01-25 11:26:26,Позорище. Стоит единственный банкомат и в нем отсутствует устройство для бесконтактной оплаты!! Мда,1,
136,Виталий Храмойкин,https://avatars.mds.yandex.net/get-yapic/51381/iX09r1oLjeNHlKxidky4jYkw5A-1/islands-68,2021-09-11 08:41:08,Банк не работает по выходным. Информация на сайтах не верная!!!,1,
137,Иван И.,,2021-06-11 15:32:32,"Шел 4 километра к ним снять денег в банкомате, ни один не работает!!!",1,Приносим извинения за неудобства. Незамедлительно проведем проверку работы банкоматов.
138,Вы просто не увидели! Туалет есть!,,2021-08-11 09:37:19,Не большое помещение и постоянно длинные очереди!!!,1,
139,Александр,,2021-08-12 11:22:25,"Сотрудники впаривают кредиты всем вместо решения вопросов, при этом их раз два и обчелся, можно целый час ждать очередь и так и уйти",2,
140,Екатерина Гаценко,https://avatars.mds.yandex.net/get-yapic/57243/1RXiTINIYLRVFtSRxzEpkhnRKA-1/islands-68,2022-04-21 13:21:58,"Быстрое обслуживание, отсутсвие очередей",5,"Спасибо, рады стараться 😃"
141,ЮРИЙ А.,https://avatars.mds.yandex.net/get-yapic/43473/P6qgAdCocjn7or2pJbphzk7QUI-1/islands-68,2021-05-31 11:17:30,"Бедный банк, в Куркино нет не офиса нет банкоматов.",1,
142,Светлана Гостева,https://avatars.mds.yandex.net/get-yapic/25817/pP6QNDyYUgwK0PuRflkPT3bTG4-1/islands-68,2021-03-29 11:57:29,Быстрое и вежливое обслуживание,5,
143,Stranalimoniya,https://avatars.mds.yandex.net/get-yapic/57243/9YICvef5iJY9cY149XwF3c4BCo-1/islands-68,2022-07-21 11:14:27,"Быстро,понятно и с улыбкой.Молодцы.",4,
144,Юлия У.,,2021-02-07 17:46:50,"Очень долгое обслуживание, нехватка сотрудников.",1,
145,Инна Б.,,2021-04-29 16:32:49,Хотите убить время? Тогда вам сюда. Безумно долго,1,
146,Ирина Тимофеева,,2021-09-08 00:05:13,Быстро и все четко,5,
147,Вячеслав Чаиркин,,2021-06-03 09:06:19,Ничего плохого не могу сказать,3,Благодарим Вас за отзыв. Будем совершенствоваться 💪
148,Валерий Соломеннов,https://avatars.mds.yandex.net/get-yapic/38135/enc-ff8536245efb4a2c9d01520d2b13abac2b0d1c8c2ecd4dbd7691ece89f0d535d/islands-68,2021-08-29 06:45:39,Отличное обслуживание!,5,
149,Theodore Silvestri,https://avatars.mds.yandex.net/get-yapic/58107/ERpeUw3arKcqoGrnawSbEPaUs-1/islands-68,2021-11-15 08:50:49,"Банк новый, очереди старые. Прямо как в почившем V- банке",1,
150,Кирилл Л.,https://avatars.mds.yandex.net/get-yapic/43473/enc-ccd304f516771914e990b795964c792f0d20a82798ee7b7bf6e01bbd8eeffdf4/islands-68,2021-03-06 08:46:05,Бессмысленный режим работы,1,
151,NSF Russia К.,,2021-06-18 08:46:27,Отвратительно,1,"Хотели бы разобраться в ситуации, которая стала причиной такой низкой оценки. Для этого просим уточнить, что именно произошло в офисе, а также ФИО, дату Вашего рождения. Направьте, пожалуйста, эти данные на адрес электронной почты SMedia@vtb.ru, в теме письма просим указать «Яндекс. Химки, ул. Машинцева, 5Б, 18.06.21»"
152,Имя на Яндексе,https://avatars.mds.yandex.net/get-yapic/43473/VPjwdhgvaDmCtNUUw7YviLuhh4-1/islands-68,2021-08-07 15:01:45,"Очереди не было, ждать пришлось не долго",5,
153,Вячеслав Кирюхин,https://avatars.mds.yandex.net/get-yapic/45848/jhH6imw9l3mo8cIwcBDa6wG4-1/islands-68,2021-12-21 15:33:49,Молодцы,5,
154,Mimin,https://avatars.mds.yandex.net/get-yapic/26311/enc-34e93128d8417f7ae4f0027ab2090a4db7322137af20a436e8ca21c637075c08/islands-68,2021-03-03 09:27:15,Отличный банк,5,
155,Мико,https://avatars.mds.yandex.net/get-yapic/24700/enc-36b8d865a60459dbf3ffd05e8057c0958abbb569b5318b1fe0d892c74bc85b92/islands-68,2021-03-01 15:10:34,"Охранника уволить надо, разговаривать не умеет.",1,
156,Наталья Никитина,https://avatars.mds.yandex.net/get-yapic/59871/vZZWSuEPmeSIoqNR4zgTbR35LM-1/islands-68,2021-08-10 11:57:19,Респект,5,
157,Егор,https://avatars.mds.yandex.net/get-yapic/21377/enc-1719f8e466360c9c632c80c62369db77d4244a9ff2dd625fc99e2cbf3aa36589/islands-68,2021-08-21 12:01:39,Нормальный.,5,
