,name,date,text,stars,answer
0,Егор В,2024-04-30 03:10:11,"Прекрасный выбор для всех, кто ценит качественное обслуживание и надежность. У меня уже длительное время открыт счет в этом банке, и я очень доволен его услугам. Персонал всегда приветлив и готов помочь с любым вопросом, интернет-банкинг удобен и функционален , а карточки и кредиты предлагаются на выгодных условиях. Я чувствую себя уверенно , зная , что мои финансы находятся под защитой надежного банка. Рекомендую!",5,
1,Кира Аникина,2024-04-19 11:58:55,"Почти каждый автобус ходит мимо этого банка, удобно доехать до него. Оформляла там кредитную карту год без процентов, менеджер Максим подробно проконультировал по условиям меня, ответил на все вопросы, через 3 дня пришл за платиковой версией карты. Приложение и правда очень удобное",5,
2,Варвара Колмакова,2024-04-18 13:43:09,"Есть где припарковать автомобиль, хорошее расположение. График работы идеальный - и до работы успеваю, и в обед. Всегда получаю быстрые и понятные консультации.",5,
3,марина шустрова,2024-04-25 06:22:06,"Пришла сюда с целью рефинансирования. Менеджеры профессионалы, помогли разобраться во всех тонкостях, доступно все объяснили. Оформили и мне без проблем одобрили. Теперь плачу меньше и без заморочек. Спасибо за помощь в оформлении.
15:57",5,
