,name,date,text,stars,answer
0,Дарья Гусева,2024-01-15 08:37:03,"Комфортабельный офис, хоть и небольшой но с наплывом клиентов справляются и удобных мест для ожидания всем хватает. Долго обычно ждать не приходится, так как работу свою тут знают и консультации всегда удовлетворительные",5,
1,Оксана Храмова,2024-04-18 14:03:19,"Долгое ожидание. Первый раз приезжала карту забрать, ждала 1,5 часа. Каждого клиента обслуживают очень долго. Второй раз приехала, чтобы приложение установить на айфон. Просидела час, в результате девушка, которая была занята, как освободилась позвала другую девушку, которая не сидит в зале и была свободна. Как оказалось нужен пароль от ICloud. Я его не помню. Просидела час просто так. Сразу что нельзя было позвать другую девушку, она же свободна была. В Сбербанк приехала, мне за 5 минут установили приложение без паролей. Но здесь же все сложно, карту получаешь пол часа, а то и больше. При этом я приезжаю из другого города. Не знаю проблема только этого офиса или в целом системы альфа-банка. Но никакого желания нет посещать такой долгий офис. При мне женщина сидела, ждала. Возмущалась, что вчера просидела 4 часа безрезультатно и сегодня опять сидит ждет.",1,"Здравствуйте, Оксана.
В офисе очередь стараемся не задерживать. Но время ожидания может быть увеличено, в зависимости от количества обращений и сложности вопросов, с которыми обращаются клиенты.
Простите, что заставили ждать 😔"
2,Екатерина Завьялова,2024-03-20 11:45:41,"Обязательно вернусь сюда снова. Замечательный коллектив банка, работают с уважением, стараются, чтобы посещение было комфортным. Оформили кредит без единой заминки",5,
3,Дмитрий Петраков,2024-03-25 14:59:46,"Банк прямо напротив остановки, удобно доезжать на общественном транспорте. Работают на совесть, в банке надолго не задержишься, обслуживают быстро. На получение карты у меня ушло минут 10-15",5,
4,Анастасия Ильина,2023-12-27 16:16:20,"Всё было ясно и оперативно. Отношение сотрудников порадовало - внимательность, скорость и профессионализм. Всё прошло гладко",5,
5,Анатолий Ситников,2023-04-09 04:54:53,"Друг прислал ссылку на получение карты, рассказал о всех плюсах карты и я решил получить ее, тем более что за получение карты получаешь деньги!!!!! Офис находится в удачном месте, сразу сходишь с остановки и вот он- офис! Думал, что меня будут фоготрафировать ( почитал про офисы альфа-банка на яндексе),но все намного проще: есть кресла и столики, хотя и несколько( наверно скоро будет больше). Зашел, все девушки были заняты, я сел на свободное кресло и через 5 минут меня позвала приятная девушка за свой столик, я показал ей смс о том, что моя карта пришла, и она сразу начала заполнять необходимые документы. Две минуты и карта уже у меня в руках!!!! Именная, что меня сразу удивило, потому как так быстро( 4 дня), ни один банк, в котором я брал кредиты и т.д. не делают именные карты, только безымянные!!! Очень приятно общаться, никаких лишних распросов о том ,зачем мне карта и другие вопросы. Мне очень понравилось пребывание в этом офисе, тем более что он только недавно открылся в нашем городе и он пока первый в своем роде!!!! Желаю чтобы офисов и банкоматов альфа банка стало больше и более доступнее для операций по карте и с наличными!!! Удачи и процветания этому банку! Много положительных эмоций по поводу мобильного приложения банка: особенно нравится розыгрыш денег каждый день, и много разных акций!!!! Спасибо, что альфа банк появился в нашем городе (Муром).",5,
6,Алиса Васильева,2024-03-08 20:02:29,"Сотрудники здесь всегда отлично организованы и профессионально выполняют свою работу. Если сравнивать с другими банками, обслуживание здесь однозначно лучше. Большинство кслуг можно офомить онлайн, что очень удобно.",5,
7,Макси стрит,2023-05-02 19:11:56,"Обращаюсь в альфа, так как знаю, что все пройдет быстро, качественно и безопасно. Сотрудники отлично справляются с работой и делают все для комфорта клиентов. За это и люблю альфа банк)",5,
8,Алексей Блинов,2023-11-23 16:13:31,"Люди добрые, не ходите в это унылое место. Площадь 20 квадратов, 4 сотрудника и все чем-то заняты. Был пару раз по делам, больше ни ногой, минус час из жизни за каждое посещение.",2,
9,Елена Майба,2024-02-09 10:39:17,Банку не нужны деньги. Неделю не могу оформить вклад в г. Муром по ген. Доверенности ничего не объясняют и не оформляют. Хочу задать вопрос для чего ген. Доверенность выдаётся чтобы потом доверитель опять сам бегал,1,"Здравствуйте, Елена. 
После получения доверенности нам нужно её проверить. Напишите, пожалуйста, на нашу почту smm@alfabank.ru, когда вы к нам обращались, ваши ФИО и дату рождения, прикрепите скриншот этого отзыва. Хотим разобраться."
10,Павел,2023-07-27 13:27:40,"Был в данном офисе, все очень прилично, сотрудники очень отзывчивые, внимательные и главное компетентные, мой вопрос был решен в кратчайшие сроки, не требовалось длительного ожидания. Твердая пятерка",5,
11,Александр Авдеев,2024-02-10 17:56:19,"Очень заботливые сотрудники. Всё объяснят. Потратят кучу времени, чтобы решить вопрос и подобрать банковский продукт с лучшими условиями.",5,
12,Диляра А.,2023-09-30 13:48:17,"В основном все запросы решаются оперативно и с вежливостью. 
Огромное спасибо! 
Я буду рекомендовать этот банк своим знакомым.",5,
13,арина Соловьева,2023-12-11 16:31:01,"Альфа банк устраивает меня во всем: хорошие офисы, отличное обслуживание и удобные карты с крутым кешбэком, который приятно удивляет каждый месяц.",5,
14,Светлана С.,2024-02-28 09:33:44,"Мы зашли в отделение, чтобы заказать альфа-стикер. Все остались довольны - приветливый менеджер быстро провел оформление, и мы счастливо приклеили их на наши телефоны для удобной оплаты покупок.",5,
15,St0ffi,2024-01-16 15:05:29,"Условия на многих вкладах настолько классные, что сам не мог определиться. Менеджер подсказал оптимальный вариант, учитывая мои запросы и возможности. Процесс простой, справились минут за десять.",5,
16,Кирилл,2023-05-31 06:56:16,"Счета для бизнеса с бесплатным обслуживанием, удобное отслеживание операций, бонусы и много преимуществ еще вижу для себя. Молодцы, супер!",5,
17,Валерия Б.,2023-07-04 11:41:34,"Один консультант на весь офис
Чтоб забрать стикер нужно 40 минут ждать когда девушка закончит оформлять кредит клиенту
За то второй сотрудник просто сидит в коморке и берет клиентов выборочно, поинтересовавшись сначала чего они хотят 
Типо оформить кредит с которого ей будет плюс к зп так она сразу прибежала, отдать наклейки трем клиентам потратив на каждого 5 минут, то нет!",2,
18,Анна В.,2023-10-26 02:41:18,"Качественное и оперативное обслуживание ,без излишних ожиданий. Хочется выразить благодарность менеджеру и руководству банка за их подход)!",5,
19,диана бакова,2024-03-21 18:09:21,"Отделение банка создаёт уютную спокойную атмосферу.Я постоянно обращаюсь с разными вопросами и задачами,и сотрудники Альфа банка всегда приветливы и компетентны.",5,
20,Татьяна Петрова,2023-04-27 17:33:47,"Мне нравится сама компания Альфа-банк. Они предоставляют отличные услуги и существенные преимущества: низкие процентные ставки, быстрый и удобный процесс обслуживания.",5,
21,Анна Я,2023-10-10 12:35:07,"Ужасно долго все. Очень долго ждала, что бы кто-то подошел. Девушка, которая оформляла карту, ничего не доделала до конца и ушла. Попросила скачать приложение, но получила отказ. Нужно было подождать, т.к. к ним пришла сотрудница на собеседование и нужно было ждать.",1,
22,Анастасия Нюхалова,2023-09-25 10:18:13,"Пришла написала заявление о возврате денежных средств социального пособия, сказали в течение 5 рабочих дней рассмотрят, но я так понимаю что они бросили его и не стали даже рассматривать. Плохие сотрудники там работают безответственные.",1,
23,ольга вахлова,2023-09-18 12:56:20,"Душно, 2 специалиста, приходится проводить там много времени в очереди. 2 раза была- сидела 40 мин и час. Людей привлекаете активно, надо подумать о возможности быстрого и качественного обслуживания.",3,
24,Артур Саманишвили,2023-09-23 17:19:54,"Самый крутой банк в нашем городе, так как у нас больше их нету. Сотрудники добрые всегда помогут, и ответят на все ваши вопросы! Рекомендую однозначно всем! <3",5,
25,Даня Репин,2023-05-03 14:50:45,"В целом, я в восторге от работы сотрудников отделения. Очень вежливые и профессиональные сотрудники. На все возникающие вопросы всегда приходят ответы и разъяснения.",5,
26,Нелли П.,2024-01-29 13:48:26,"Не знала, как настроить личный кабинет на iPhone. Девушка в отделении быстро и профессионально помогла настроить все за пять минут. Подробно рассказала, как использовать платежный стикер. Было очень удобно!",5,
27,Кристина Козлова,2024-01-12 20:30:59,"Удачное расположение отделения, удобная парковка для машины
Сотрудники проявляют внимательность и профессионализм",5,
28,Арина Николаева,2023-04-25 19:13:09,"Альфа-банк - это банк, который идет в ногу со временем. Они постоянно предлагают новые и интересные продукты, такие как Альфа-Стикер - уникальная наклейка на смартфон, которая позволяет оплачивать покупки без карты. Это очень удобно и безопасно! Я рекомендую Альфа-банк всем своим друзьям и знакомым!",5,
29,Валерия,2023-03-25 06:21:28,"Заказала карту, карта давно готова, но забрать не могу -режим работы такой же как у меня, да ещё и отдыхает в выходные. Обмлуживающие и банковские организации должны работать как-то иначе, чтоб работающее население к ним могло попасть. Курьером не доставляют, в отличие от Тинькофф, где все для людей. 
А приложение без карты попасть невозможно. Замкнутый круг...",1,
30,Vasilisa Safina,2023-03-18 18:36:36,"Я была приятно удивлена тем,насколько сотрудники банка были готовы помочь мне получить нужный мне кредит. Они провели со мной детальную консультацию,объяснили все детали и подобрали наиболее подходящий вариант. И сумму одобрили даже больше, чем я предполагала",5,
31,Елена Валитова,2023-07-21 14:52:36,"Офис имеет чистое и просторное помещение с удобными зонами для клиентов. Очереди небольшие, а сотрудники оперативно выполняют свою работу. Я всегда остаюсь довольной каждой полученной консультацией.",5,
32,Глеб Авангардов,2023-05-02 21:18:38,"Я являюсь клиентом Альфа-банка уже несколько лет и могу сказать, что я довольна их вкладами. Ставка 9% - это очень выгодно, и мне нравится, что все вклады застрахованы. Однако, мне не нравится, что их кредитные карты имеют высокие проценты.",5,
33,Дядя Артем,2023-06-27 05:47:56,"мне приятно, что отделение Альфа банка всегда расположены удобно, и практически всегда рядом есть парковочные места. Не нужно тратить много времени на поездки по городу, просто заходишь в ближайшее отделение, и тебя обслуживают так, как нужно",5,
34,Игорь Лядов,2023-04-11 17:57:22,"Просторный офис. Сотрудников ожидать не пришлось. Время на оформление карты затратилось не много. Всё профессионально, быстро, удобно.",5,
35,Женя Нечаева,2023-11-22 03:57:43,"Чистое и уютное отделение банка, персонал работает быстро и качественно. Рекомендую всем своим знакомым",5,
36,Татьяна Ш.,2024-02-10 17:55:08,Спокойно пользуюсь картой Альфа Трэвэл уже полгода и наслаждаюсь ее преимуществами. Она помогает мне экономить мили во время поездок. Всё мне нравится!,5,
37,Юля Шатохина,2024-04-11 12:51:06,"Прекрасный сервис! Все необходимые операции провожу через сайт или мобильное приложение. Просто и доступно, без затруднений.",5,
38,Anton,2023-04-04 17:06:11,"Дружелюбный банк, качественные услуги. Очень радуют девушки в окошке. Всегда подскажут, помогут, если что! Обслуживание на высшем уровне!",5,
39,Levitan,2023-04-25 20:17:37,"Хороший сервис банкоматов, везде установленные и удобные. Приложение действительно необходимая вещь, всегда под рукой карта и сама программа",5,
40,Наталья Подрезова,2023-12-23 16:55:34,"Банк отличный, хотелось бы больше таких. Все услуги под одной крышей, оперативно и без лишних заморочек, не нужно бегать по разным местам.",5,
41,Екатерина Галкова,2023-05-26 14:39:25,"Всё здесь происходит быстро, вежливо и с улыбкой на лице. По-моему, это лучший банк в нашей стране. Я всегда обслуживаюсь здесь, потому что это очень удобно - он расположен в центре города, и мне не нужно никуда ехать, всего 5 минут от дома. В общем, я рекомендую этот банк всем, потому что здесь всё на самом высоком уровне.",5,
42,Артём Старков,2023-05-28 09:55:23,"Бываю относительно часто по юр.делам и ипотекам с клиентами. Очереди всегда по разному, но не критично в пределах разумного. ",5,
43,Константин Носов,2023-08-15 15:15:09,"Банк - слишком громко для данной шараги! 
После онлайн-оформлентя карты, пригласили в свой закуток,промурыжили целый час и уменьшили лимит в десять раз - до смешной суммы! А сразу сообщить сколько одобрено ,чтобы зря не мотаться - не судьба! 21- й век - это не про них!",1,
44,Ольга Умбетова,2023-02-07 09:52:00,"Решила оценить работу Альфа банка на твердую 4. На отлично могу оценить только работу отделения, консультантов и сами банковские продукты. Но огорчает плохо работающая техподдержка, ответа можно ждать - 2/3 дня. Поэтому только оцениваю на 4. Если исправитесь, то однозначно будет 5!",4,
45,Настюхин Женехина,2023-03-15 12:16:46,"Я посетила данное отделение, чтобы получить совет относительно моих финансовых вопросов, и сотрудники банка были очень дружелюбны и готовы помочь. Они ответили на все мои вопросы и дали мне ценные советы",5,
46,Александра Федорова,2024-01-31 19:42:21,"Понравилось обслуживание - меньше очередей, сотрудники вежливы и готовы помочь. Если бы предлагали чай, было бы идеально!",5,
47,Анатолий Н.,2024-04-26 12:06:07,"Вот бы сотрудники очередь нормально отслеживали, пришел сижу жду, обслуживают тех кто зашел позже",1,"Здравствуйте, Анатолий!
Простите за такой опыт. Постараемся исправить этот момент."
48,Анна,2023-06-26 04:04:08,"Сотрудники этого отделения вежливы, отзывчивы и компетентны! Они работают быстро, четко и профессионально! Я рекомендую это отделение, особенно если вы не любите стоять в очередях, но цените грамотное обслуживание.",5,
49,Анжелика Полина,2023-07-15 20:20:41,"Альфа - банк предлагает выгодные условия и современное отделение. Они делают все возможное, чтобы клиенты чувствовали себя комфортно и доверяли им.",5,
50,Наиль Фазлетдинов,2023-06-23 07:34:38,"Это лучшее расположение банка, на мой взгляд. Оно расположено недалеко от остановки, есть парковка, при этом не слишком многолюдное, так что очереди адекватные. Внутреннее пространство просторное, и ожидать очереди комфортно. Хотя я ни разу не сидел дольше 5-10 минут.",5,
51,Полина В.,2023-08-12 05:09:48,"Во-первых,персонал встречает с приветливостью ,предоставляет информацию и помощь. Во-вторых, офис оборудован несколькими терминалами ,что удобно. В-третьих ,его удачное расположение-близость к центру города. И, в конечном итоге , здесь нет необходимости стоять в очередях!",5,
52,мария,2023-03-24 07:09:31,"В прошлый понедельник была в этом отделении банка. Понравилась работа коллектива, какие-то дружные. Управляющая на помощь пришла к консультантам, при скоплении людей в очереди.  Вежливая, шустрая. Хороший пример подает, приятно было наблюдать. ",5,
53,Марина Малыгина,2023-04-24 03:30:12,Я получила быстрый и дружелюбный ответ от службы поддержки Альфа-Банка через Вконтакте. Операторы были очень полезны и оказали мне всю необходимую помощь. Я очень довольна их работой,5,
54,Дания Кенжебаева,2023-11-27 10:09:23,"Неожиданно понадобилась кредитная карта, обратилась в отделение вместо сайта. Специалист подробно рассказал об условиях, требованиях к документам и т.д. Одобрение пришло очень быстро. Спасибо!",5,
55,Дмитрий Тарасов,2023-07-20 10:07:25,"Подал заявку на объединение аккаунтов, в итоге ничего не сделано, позвонил на горячую линию мне ответили что ни чего не сделано, что возможно мне попался не компетентный сотрудник, это как?",1,
56,IraLu,2024-03-17 15:59:41,"Персонал четко объясняет, есть удобный терминал для платежей. Оплатить коммунальные услуги, пополнить счет мобильного-все в одном месте.",5,
57,Катерина Иванова,2023-07-12 09:04:53,"Попробовала разные банки в жизни, и я могу заметить разницу в офисе Альфа-банка. Персонал активен и эффективно работает. Клиенты обслуживаются быстро и качественно, всегда есть сотрудник, готовый ответить на любые вопросы.",5,
58,Инкогнито 6250,2023-05-02 17:57:18,"Вклады в Альфа-Банке - это отличный способ управлять денежными потоками моей компании. Однако, хотелось бы иметь больше гибкости в выборе сроков вкладов и опций.",5,
59,Yulia Tarasova,2023-04-17 12:54:15,Пользовательский интерфейс в их мобильном приложении супер удобен. Я могу легко контролировать свои счета и управлять своими финансами в любое время дня или ночи.,5,
60,Анна К.,2023-12-08 10:56:55,"Консультант помог мне разобраться с выбором вклада. В итоге, решила, что бессрочный депозит мне не подходит, но до 3 -х лет это мой выбор. Альфа- вклад - мой выбор, я довольна результатом!",5,
61,Виктория Коростылева,2023-02-15 11:05:30,"Заказала дебетовую карту Альфа-Банка курьером, курьер не смог ее оформить и сказал нужно ехать в офис, перезаказала карту, приехала в офис, сидела в очереди 34 минуты, по регламенту клиент должен ожидать не более 10 минут, сотрудников только двое, очередь более 5 человек. Очень жалко тратить свое время впустую",2,
62,оксана  к.,2023-07-29 14:13:09,"Альфа - отличный выбор для тех, кто ищет надёжный и удобный банк. Я осталась довольна скоростью и профессионализмом обслуживания клиентов здесь.",5,
63,Али ш.,2023-03-27 13:18:28,"Вежливые и компетентные сотрудники, обращалась в чат-поддержку, все подробно разъяснили и помогли.",5,
64,Альбина У.,2023-11-14 16:04:10,"Обслуживание в банке было быстрым, вежливым и компетентным. Сотрудник пояснил , что можно снять заблокированные средства на карте в любом банкомате.",5,
65,Мария Ф.,2024-01-21 16:12:47,"Нужна была справка о закрытии кредита. Удивил подход менеджера - быстро и эффективно, без лишних вопросов. За 20 минут у меня был нужный документ.",5,
66,Liza C.,2024-02-01 05:06:13,"Открыла вклад в этом офисе банка, проценты не самые высокие, но среди надежных банков это один из лучших вариантов. Выбрала пополняемый вклад, чтобы увеличить сумму вклада.",5,
67,Алина Антонова,2023-03-06 09:07:33,"Отличный офис и приятный персонал. В Альфа-Банке не первый раз кредитуюсь, очень довольна условиями.",5,
68,Александр,2023-02-12 01:48:51,"Много акций,бывают интересные предложения.Мне нравится особенно кэш от партнеров и то,что за приглашение друзей бонусы капают.",5,
69,Мария Конева,2023-05-03 12:11:38,"У меня уже было несколько кредитных карт у разных банков,но карта от Альфа банка приятно порадовала.отличная функция кешбека и постоянная поддержка в чате!",5,
70,Ильгиз Мухаметов,2023-02-26 16:30:21,"Для меня опыт был очень удовлетворительным, не имел никогда проблем со страховкой . Хочется отметить кредитную и инвестиционную программы. Спасибо!",5,
71,Гульнара З.,2023-10-05 16:52:35,"Это место , куда я захожу постоянно , и многие из сотрудников уже знают меня в лицо . Они всегда учтивы , дружелюбны , и в то же время работают на профессиональном уровне . Обслуживание на высшем уровне .",5,
72,Lisin Timnolog,2023-03-03 05:15:34,"Сливают ваши данные своим партнёрам организациям микрозаймам. Замучают звонить и предлагать микрозаймы под бешеные проценты. Не рекомендую альфа, лучше пользуйтесь сбером там хотя бы не передадут ваш телефон и данные всяким жуликам и ростовщикам.",1,
73,Рената Лаврехина,2024-04-19 14:32:19,"Обслуживание лучше, чем в других банках. Грамотные сотрудники, отличные карты с кэшбэком.",5,
74,Дмитрий,2023-04-06 07:50:59,"Кредитную карту оформил онлайн, все просто и понятно - удобно, получил в ближайшем офисе банка. Супер!",5,
75,Анастасия,2023-05-16 11:37:05,"Рекламу про карту беспроцентную увидела в телевизоре, через день после оформления онлайн привезли курьерской доставкой. Супер.",5,
76,Светлана,2024-03-12 19:22:26,Забрала карту в этом отделении. Все прошло быстро и вежливо. Спасибо за приятный опыт!,5,
77,Кристина Козлова,2023-06-14 16:37:16,"Мне очень быстро помогли получить кредит. Я благодарна за оперативность, так как деньги мне нужны были срочно. Также хочу поблагодарить Марию за качественную консультацию",5,
78,Никита Сельсков,2023-08-07 09:45:39,"Часто посещаю это отделение, преимущественно для использования банкомата. Снимаю наличные, оплачиваю счета и другие операции. Банкоматом достаточно, и здесь не бывает толп. Всегда чисто, чеки аккуратно убраны.",5,
79,Алексей Натаров,2023-10-06 10:06:10,"Девчонки молодцы им 5, минус бал за схемы кредитования с безвозвратно страховкой при досрочном погашении.",4,
80,Антон Александров,2023-03-30 06:38:59,"По карте выгодно совершать крупные покупки, особенно через партнеров, выгодный кэшбек придёт",5,
81,vay tem,2023-05-22 11:50:28,"Один раз брал кредит, и быстро его погасил, сумма небольшая 250тр. После никаких долгов мне не насчитали, счёт закрыли.",5,
82,Родион,2023-06-11 06:37:33,"К самому банку я отношусь резко отрицательно. Не о нём. Но, отделение хорошее. Девушки вежливые и грамотные. Помогли закрыть счета.",4,
83,Лейсан И.,2023-05-08 16:14:03,"я как будто пиццу заказала, а не карту! Точно в срок с ""горячим"" предложением. Заявку обработали за 10 минут. Благодарю вас",5,
84,Алина Р.,2023-06-10 20:23:47,Приятно удивлена отсутствием очередей в отделениях банка. Все происходит быстро и четко. Сотрудники всегда вежливы и внимательны.,5,
85,Дарья Нестерова,2023-05-28 09:51:46,"Единственный банк, хотя и частный который проценты за воздух не начисляет. Куда не глянешь везде за все комиссию списывают. ",5,
86,Эльвина Курбанова,2024-01-26 05:35:31,"Ипотечный менеджер всегда на связи, объясняет сложные моменты до завершения сделки. Теперь буду рекомендовать этот банк всем.",5,
87,Вероника К.,2023-03-27 13:05:21,"Зашла в офис сделать себе нашумевший альфа-стикер. 5 минут и готово. Удобная штука, оплата с телефона вернулась как раньше",5,
88,Тимофей Гавинов,2023-09-21 03:36:53,"У меня возник вопрос о том, как открыть вклад. После подробной консультации по телефону, оформление в отделении прошло оперативно. Сотрудники ясно и компетентно отвечали на все мои вопросы, не занимая много времени.",5,
89,лиза павлова,2023-04-19 17:50:38,"Обращалась сюда, чтобы снять доллары,сразу не дают, нужно оформить заявку, рассматривают оперативно, ждать не долго, всего пару дней",5,
90,Бибинур Хуснеева,2023-05-18 15:35:31,"Для меня это,пожалуй,лучший банк.Я использую карту рассрочки,и это стало возможным благодаря сотруднице ,которая очень ясно объяснила мне все условия. Огромное спасибо Светлане!",5,
91,Нина Никитина,2023-03-07 20:54:45,"Хочу поблагодарить сотрудников банка за отличный сервис! Обращалась сюда уже дважды. Первый раз оформляла кредит, второй раз - карту. Понравилось, что все быстро и без лишней волокиты. Могу рекомендовать!",5,
92,Галина,2023-08-05 17:00:58,"Все мои просьбы и вопросы находят быстрое решение. Отличное обслуживание - так должны работать все банки, чтобы не было проблем. Довольна всем и благодарю!",5,
93,Анна Верховых,2023-05-23 17:57:56,"Этот банк просто замечательный! Я никогда не поменяю его на другой!! Я являюсь клиентом этого банка уже более 5 лет, и всегда получаю адекватное обслуживание и надёжные гарантии. Приятно иметь возможность доверять банку!",5,
94,Надежда Ф.,2023-04-29 11:29:22,"Получили доллары, условия нормальные. Процент есть конечно, но без валюты нам не обойтись в любом случае",5,
95,Олеся Ж.,2024-04-02 20:30:48,"Каждый раз, когда приезжаю в отделение, обслуживание там на высшем уровне! Спасибо!",5,
96,Константин Емельянов,2023-08-17 05:49:51,"Обслуживание на высшем уровне, и, в отличие от других филиалов, здесь всё очень быстро и без очередей.",5,
97,Александра Скокова,2023-04-06 14:57:47,"Добрый вечер! Забегала недавно оформить популярную карту Альфы. Пользуюсь уже третий месяц, пока все вообще без проблем. Кэшбэк стабильно приятный капает. Рада, что оформила.",5,
98,Анфиса Вирусова,2023-04-07 16:27:35,"Нет сомнений, банку Альфа можно доверять свои вложения. Позавчера сняли проценты по вкладу, очень рады!",5,
99,Татьяна Т.,2023-05-01 06:19:39,Я была довольна качеством обслуживания в отделении Альфа Банка. Сотрудники были очень дружелюбными и помогли мне быстро решить мои проблемы.,5,
100,Анастасия,2023-11-30 14:09:57,"Потерялась в оформлении, но сотрудница помогла разобраться с окошками. Благодарна за помощь!",5,
101,Елена,2023-07-31 19:03:38,"Альфа-банк оформил мне кредит на машину, в отличие от других банков, в которых я тоже подавала заявки. Особенно мне понравился персонал, они с вниманием и заботой подходят к своей работе.",5,
102,Елена Минина,2023-08-28 18:39:56,"Банк проявляет заботу о клиентах на высшем уровне. У меня несколько счетов здесь, и всегда чувствую себя в безопасности, зная, что мой капитал надёжно защищен.",5,
103,Кирилл П.,2023-05-04 06:26:31,Лучшая кредитка. Целый год без процентов и обслуживание бесплатное,5,
104,Юлия Игоревна,2023-08-09 08:00:15,"Забрала карту для бабушки, она сама не могла прийти. Все прошло гладко, никаких трудностей не возникло. Сотрудники вели себя адекватно. Большое спасибо за помощь.",5,
105,Мария Макарова,2023-03-21 14:23:47,"Альфа Банк-мой лучший друг. Я всегда могу расчитывать на него,когда мне нужна финансовая поддержка в виде кредита. Также они предоставляют удобные условия для снятия наличных и совершения безналичных операций.",5,
106,Иван Филинских,2023-02-24 03:42:40,"Был в банке 21.01.23. Хорошая смена работала, сотрудники внимательные. Оформили кредитную карту достатончно быстро, учитывая то, что очень подробно рассказали о условиях.",5,
107,Нинель,2023-03-01 19:54:17,"Все очень быстро, без очереди (в отличии от других филиалов). Обслуживание на высшем уровне. В общем я осталась очень довольна.",5,
108,кристина к,2023-04-12 10:41:56,"Можно не выходя из дома заказать кредитную карту и не тратить время на посещение банка лишний раз,прийти просто забрать. Сотрудники очень вежливые. В отделении есть все для комфортного обслуживания.",5,
109,Айсылу Мусина,2023-06-17 05:54:34,"Отделение выглядит симпатично и вызывает ощущение комфорта. Кроме того, мне очень нравится общаться с сотрудниками, когда мне нужно что-то узнать.",5,
110,Амина Ахундова,2024-04-27 18:14:49,"Всё просто отлично , я полностью довольна .",5,
111,Екатерина,2024-02-04 03:37:43,Девочки быстро приняли обслужили и решили мои вопросы. Спасибо,5,
112,Михаил Хайлов,2023-03-16 15:31:07,Я посетил офис для открытия счета и мне было предоставлено прекрсаное обслуживание. Сотрудники помогли мне выбрать подходящий вариант и ответили на все мои вопросы.,5,
113,Никита Сергеев,2024-02-14 14:42:22,"Хороший банк, сотрудники оперативно решили мой вопрос.",5,
114,Жанна Емельянова,2023-03-04 15:03:05,"Отличное отделение банка. Всё очень чисто и аккуратно. Не было очередей, обслуживание быстрое.",5,
115,Вику$'k@,2023-03-24 18:07:26,"Сегодня утром пришла в отделение, чтобы оплатить коммунальные услуги. Банкомат современный, быстрый, делается все просто и понятно. И сотрудница была рядом готовая помочь, если что",5,
116,Галина Гвенцадзе,2023-02-15 19:09:30,"Офис классный. А консультант Елена, просто умничка. По-больше бы таких сотрудников.",5,
117,Сабина А.,2023-04-01 18:20:04,"Всегда все вовремя и без проблем! Есть возможность оформить карту не выходя из дома по интернету, потом зайти в отделение и забрать. Сделали карту за сутки!",5,
118,Ilia Marichev,2023-04-29 07:34:26,"Отделение Альфа-банка является местом, где можно быстро и легко решить свои финансовые вопросы, оформить кредит или вклад, совершить перевод и многое другое.",5,
119,Foggi Murom,2023-09-25 16:50:02,Вежливые. Умные. Добрые . девчонки,5,
120,Владимир Ряплов,2023-04-19 19:04:35,С ребёнком пропустили без очереди. Спасибо и сотрудникам и посетителям банка.,5,
121,Дарья Попенко,2023-05-28 09:47:59,"Порядок есть, очереди бывает, работа слажена",5,
122,Иван Кузьми,2023-05-16 17:31:21,"Можно снимать наличные в любом банке, очень удобно.",5,
123,Гульназ Сафуанова,2023-02-26 15:33:08,Предложили очень выгодные условия по кредиту. К обслуживанию претензий нет.,5,
124,Михаил Столяров,2023-03-17 19:01:53,"Несколько лет являюсь клиентом Альфа, оказываемым сервисом более, чем доволен.",5,
125,avikuleva,2024-04-23 12:48:28,Очень долго,1,"Здравствуйте!
Простите за такой опыт и потраченное личное время. Не будем скрывать, в периоды большой нагрузки время ожидания может быть дольше обычного."
126,Наталья,2023-04-15 12:22:00,Не лучший банк для кредитования,3,
127,Екатерина К.,2023-02-22 23:20:22,Наймите компитентных сотрудников.,1,
128,ninemillion,2023-03-30 14:30:44,"Единственный Альфабанк в Муроме, но, к сожалению, только до 6",5,
129,Танечка К,2023-03-14 13:54:29,"Спасибо банку за помощь, одобрили ипотеку и помогли собрать нужные документы.",5,
