,name,date,text,stars,answer
0,Анна Дорофейчик,2024-04-21 03:16:47,"Офис очень удобно расположен. Современный дизайн , комфортная , расслабленная обстановка мне тоже по душе. Консультанты -доброжелательные , динамичные молодые люди , стараются разрешить проблему в оптимальном для клиента ключе. Общение открытое , обслуживание достаточно быстрое, даже при достаточном количестве посетителей. 
Обращалась в этот офис неоднократно , всегда мои вопросы были решены профессионально!!! Планирую посещать его и впредь.",5,
1,Геннадий Воробьев,2023-12-21 14:12:34,"Качественно и быстро помогает персонал разобраться со всеми вопросами, касательно кредитки, очень выручили. Быстро, без очередей и бумажек. Менеджеру отдельное спасибо)",5,"Здравствуйте, Геннадий!
Рады, что смогли выручить вас и порадовать ❤️ Спасибо за приятные слова и высокую оценку. Постараемся не разочаровать."
2,Амалия Доронина,2024-04-09 12:29:13,"При входе сотрудник есть, который сразу готов направить к нужному специалисту. Добираться до офиса удобно, график работы какой надо, раньше закрытия никто клиентов не выгоняет, вообще тут отношение к людям достойное. Приятно обращаются с людьми. Решила свои вопросы по кредитной карте недавно за несколько минут. Действительно хороший банк",5,
3,Галина Гусева,2024-04-09 07:49:15,"Я не так давно открыла наконец-то вклад под хороший процент. И без всяких но. Не нужно быть премиум клиентом в Альфе чтоб получать выгоду. Мне в этом отделении все рассчитали, озвучили выгоду и проконсультировали касательно оплаты налогов, что тоже оказалось важной информацией. Персонал как всегда проявил себя с хорошей стороны и я ушла домой довольна)",5,
4,Евгений Королев,2024-03-27 08:19:37,"Забегал забрать карту. Ребята молодцы, встречают с улыбкой, работают очень быстро, уложились в 10 минут. Ставлю отлично за оперативность, везде успел в этот день",5,
5,Виктория Григорьева,2024-03-27 12:00:05,"Если бы не очередь, то место можно считать идеальным. Однако не смотря на это понравилось обслуживание. Была получена информация по вкладам. Менеджер Галина вполне доходчиво мне все объяснила. Теперь стало понятно какой вклад хочу открыть",5,
6,Savel,2024-01-04 11:04:33,"Если вам важно хорошее обслуживание, тогда этот банк для вас. Условия прозрачные и адекватные, сотрудники вежливые и грамотные.",5,
7,Макс Афанасьев,2023-05-19 11:20:33,"Радует, что это отделение становится все лучше и лучше. Ремонт красивый, современный, подход к клиентам добросовестный, качественное обслуживание, главное- никаких проблем с продуктами и услугами банка у меня уже лет 5 не возникает!",5,
8,Nikki,2023-07-15 18:43:25,"Офис альфа банка достаточно приятный, в хорошем месторасположении. Много интересного есть по продуктам, я определилась с автокредитом, подобран под мой бюджет, спасибо за внимание.",5,
9,Тала Ульянова,2023-11-22 08:23:32,"Хорошие тарифы по дебетовкам, и их много, получается что всегда можно выбрать для себя что-то новое и выгодное)",5,
10,Юлия,2023-11-28 18:43:24,"Отсюда всегда ухожу с хорошим настроением. Есть небольшие очереди, но это не большая проблема. Очень довольна этим отделением благодаря удобному расположению и транспортной доступности.",5,
11,София Иванова,2024-04-09 13:31:52,"Условия для ИП на УСН в Альфа-банке отличные. После сравнения с предыдущим банком, выбор стал очевиден- больше давольна условиями в Альфе.",5,
12,Колян4ик,2023-09-26 13:32:50,Хороший банк. Есть много привлекательных программ для малого и среднего бизнеса. Давно являемся клиентом как юридическое лицо. В сравнении с другими банками для себя лучше не нашли.,5,
13,Денис Борисов,2024-01-30 12:43:37,"По дебетовым картам тарифы отличные, и их много, получается что всегда можно выбрать для себя что-то новое и выгодное)",5,
14,Яна К,2023-09-01 15:16:49,"Альфа-Банк обслуживание юридических лиц это какая-то жесть…банк работает в одно время, ты можешь приехать и поцеловать почти «дверь» потому что менеджер по юр.лицам работает через час, два, три…
Зачем тогда вообще они нужны в отделении и как решать вопросы, сидеть и ждать пока рабочий день начнётся? Может проще кого-то обучить, кто может выполнять эти функции весь рабочий день банка????",1,"Здравствуйте, Яна!
Извините, если заставили ждать 🙏

Сотрудники по обслуживанию юрлиц обслуживают клиентов по графику работы отделений для юрлиц. Ознакомиться с ним вы всегда можете на нашем сайте, в фильтре выберите пункт Малому бизнесу: alfabank.ru/office."
15,Наталия янова,2023-04-07 14:59:43,"Являюсь постоянным пользователем карт. Офис на копылова 66 один из самых лучших в Красноярске. Очень грамотнные специалисты. Решают текущие вопросы быстро и профессионально. В офисе очень комфортная атмосфера, всегда чисто и уютно. Обслуживан е проходит быстро. Вмегда есть персональные предложения. Хороший банк. Отличный офис. Рекомендую.",5,
16,Валерия Захарова,2023-07-06 12:47:22,"Мне офис понравился, персонал приветливый и вежливый, так же помогали мне на всех этапах получения кредитной карты. Сотрудники информировали обо всех возможностях карты, так что могу только похвалить за качественное обслуживание",5,
17,Валя Михайлова,2023-06-30 14:37:43,"Приятно обслуживаться именно тут, сотрудники всегда помогали. Отделение само по себе удобное, расположение продуманное, добраться не сложно. Много банкоматов и минимум людей)",5,
18,Оксана Ракоид,2024-03-07 00:15:50,"Очень довольна опытом сотрудничества с Альфа банком.Менеджеры помогли выбрать оптимальный кредитный вариант,и я получила его быстро и без проблем .Рекомендую его всем, кто ценит высокое качество и обслуживание.",5,
19,Наталья Колесникова,2023-05-19 03:19:03,"Какие приятные люди работают в этом отделении! Внимательные профессионалы, просто чувствуешь себя комфортно и защищенно! Анна специалист и девушка просто супер! Илья красавец какой!!!",5,
20,Александр Тихонов,2023-02-12 13:32:08,"Отличное обслуживание, вежливый и приятный персонал, правда пришлось немного подождать. Всё объясняют доступно и понятно. Я являюсь клиентом банка, но кредитами не пользуюсь, по этому поводу ни чего сказать не могу....",5,
21,Валерия Харченко,2023-08-21 17:57:01,"Прекрасный банк. Я клиентка уже свыше 10 лет. Никогда с Альфой у меня не было проблем, у банка ко мне тоже никогда не было претензий. Идеальные взаимоотношения банка и клиента)) Я рекомендую Альфу тем, кто еще не является клиентом банка))",5,
22,veronika,2022-12-13 12:50:02,"Обстановка как в кафе - круглые столики, кресла. Заходили оформлять карту, почему-то посадили за один стол с другими клиентами и менеджером, хотя были свободные столики. Я ещё пошутила - у вас что, только за этим столом wi-fi ловит? Никакой конфиденциальности. Все-таки классическое оформление банка, где менеджер сидит за столом, отгороженном от других сотрудников, мне больше нравится. Ну и встречаются некомпетентные сотрудники, которые могут ввести в заблуждение неверной консультацией. Был такой случай - зашла проконсультироваться, менеджер сказала одно, и тут вышел другой сотрудник, выслушал мой вопрос и поправил свою коллегу. Как оказалось потом на практике он был прав.",2,"Здравствуйте, Вероника!
Нам важно во всём разобраться. Отправьте, пожалуйста, письмо на smm@alfabank.ru, а в нём укажите ваши ФИО и дату рождения, обязательно всё проверим и проработаем с сотрудниками."
23,София Василенко,2023-09-28 16:03:17,"видела рекламу дебетовой карты от альфа. Решила ее себе оформить, ни разу не пожалела, что стала клиентом банка. Карта всегда с бесплатным обслуживанием, с хорошим кэшбэком, что является весомым плюсом для меня.",5,
24,Мария Сирявина,2023-06-26 22:30:33,"Новый отдел банка, новая система обслуживания клиентов. Для осуществления одинаковой услуги в Сбербанке я потратила 15 минут, а в этом офисе 55мин., примерно полчаса только ожидала вызова на табло. Меня так и не вызвали. Случайно сотрудник обратила на меня внимание. Затем, мы 25 мин. закрывали карту, через головной офис ожидая ответа.",2,"Здравствуйте!
Во время загруженности офиса, время ожидания может быть больше чем обычно. Обычно говорим об этом заранее, но это никак нас не оправдывает. Со своей стороны гарантируем, что проработаем этот момент и примем меры.
Извините за ситуацию."
25,Дарья Николаева,2023-08-20 22:57:10,"Детская карта доступна с 7 до 14 лет. Как дальше быть не знаю. Моему скоро 15, будем думать. Детская карта конечно очень выручала. У сына и деньги были на руках и кешбек давали в 5 за кафе",5,
26,Астраханская Светлана,2023-12-01 09:51:32,"Ужасное обслуживание, простояли целый час в кассу. Потом в итоге проводили до индидуального банкомата. Все ходят фуркают.",1,"Здравствуйте. Простите, что пришлось ждать. Очереди бывают, не скрываем. Всё зависит от сложности вопроса клиента, времени посещения и количества людей. Стараемся помочь всем."
27,Галя,2023-06-06 17:41:50,"Не могу не похвалить персонал, пол года стабильно получаю лучшее обслуживание именно тут. Персонал грамотный, отзывчивый, профи видно сразу. Не пытаются отделаться поскорее, всучив кредитку, наоборот-заинтересованы в помощи клиенту! Очень приличный банк",5,
28,Александр Машков,2023-08-30 03:29:06,"Удобно, комфортно. Персонал отзывчивый, при обращении все вопросы решал. Хорошо бы работал еще и в воскресенье...",5,
29,Svetlana☕,2024-03-27 03:26:42,"В офисе банка обширное пространство, много света и вежливый персонал. Обслуживание проходит быстро и без лишних очередей, а доступны как наличные, так и безналичные операции.",5,
30,Алёна Кустова,2023-09-17 12:45:24,"Общее впечатление от работы с Альфа банком - восхитительное. Отделение просторное, оборудовано достаточным количеством рабочих мест. Персонал дружелюбен и вежлив. Размещение банкоматов и терминалов для оплаты удобно спланировано.",5,
31,Лавренова Марина,2023-06-11 15:37:37,"Операционисты приветливые и доброжелательные. Работа банка не вызывает никаких нареканий. Иногда мне приходится пользоваться услугами банка для оплаты коммунальных услуг, и то, что я могу это сделать через терминал, а не стоять в очереди, является большим плюсом! Я рекомендую этот банк для использования услуг.",5,
32,Дождик Ливнев,2024-01-26 17:31:24,"Вместе с дочкой приобрели фирменные кружки через приложение, выбрав их в отделении. Мне больше нравится такое отделение, и условия по продуктам здесь отличные.",5,
33,Олег Никитин,2023-07-29 14:39:38,"Отделение расположено очень удобно, в шаговой доступности от общественного транспорта. Сотрудники всегда приветливые и готовы помочь, а также предоставляют возможность оплаты услуг через терминал, включая коммунальные платежи.",5,
34,Катерина Иванова,2023-08-09 10:29:48,"Замечательное обслуживание, и главное - это максимально быстро и эффективно. Нет долгих разговоров или навязывания дополнительных продуктов. Профессиональный и доброжелательный персонал, готовый помочь в любых ситуациях, и за это я говорю спасибо.",5,
35,Мирон Леонтьев,2023-08-29 19:13:20,"Альфа-банк не стыдно порекомендовать своим близким, друзьям и знакомым. Очень надежный банк и честный. Сколько уже являюсь клиентом банка, всегда остаюсь доволен.",5,
36,Леша Филатов,2023-09-01 02:03:11,"Один из самых надежных банков (или вовсе самый надежный), с коими мне приходилось сотрудничать как юридическое лицо. Альфа-банк считаю идеальным партнером для себя и своего бизнеса.",5,
37,Ольга С.,2024-04-12 11:17:51,"Здесь всегда удобно снимать наличные в банкомате. Рядом с домом, без огромных очередей. Оформление карточки также быстро и вежливо.",5,
38,СВЕТЛАНА П.,2023-05-27 06:39:31,"Не могу зайти в личный кабинет. Системы пишет - проверьте свое соединение. У меня все в порядке с интернетом. Везде, в другие приложения захожу без проблем, а в личный кабинет клиента Алфа банка не могу зайти. Полнейшей безобразие. Никому не буду рекомендовать ваш банк. И знакомым тоже расскажу.",1,"Здравствуйте, Светлана! 
Хотим во всём разобраться. Отправьте на нашу электронную почту smm@alfabank.ru письмо с темой «Я.Карты.Светлана П. Проблемы со входом в Альфа-Онлайн». К письму прикрепите скриншот этого отзыва, ошибку из личного кабинета, а также напишите свои ФИО и дату рождения."
39,филиппова,2023-08-30 17:42:38,"Хороший банк, надежный, не было проблем не при обращении в офис, не при работе в приложении, пользуюсь только дебеткой, думаю о кредитной картне, нравятся условия",5,
40,Земфира Краснова,2023-09-27 15:55:00,"Снимали за раз крупную сумму через банкомат, рникаких блокировок после этого не последовало. Сотрудники рассказали как не напороться на проблемы с этим, спасибо.",5,
41,Мария Литвинова,2023-07-31 19:06:00,"Большой выбор выгодных банковских услуг и удобное расположение отделения делают это место особенно привлекательным. Профессионализм сотрудников также заслуживает высокой оценки. Если нужно посетить отделение, то только это.",5,
42,Marina Chubarova,2023-06-04 13:02:43,"Как всегда в альфа банке приветливо, вежливо! Есть парковка. Летом прохладно, зимой тепло и уютно!",5,
43,Екатерина Ф.,2023-07-26 17:25:29,"Расположение этого отделения вблизи дома создает приятную атмосферу, а интерьер продуман для максимального комфорта. Менеджеры отделения весьма дружелюбны и позитивно настроены.",5,
44,светлана,2023-12-06 13:35:15,"Комфортное удобное место, своевременное обслуживание",5,
45,Sergey Shatalov,2023-10-06 16:45:57,"Кассир, который выдавал мне денежный перевод, мне очень понравился. Всё было сделано оперативно, чётко и с улыбкой. Огромное спасибо за помощь. А дизайн интерьера тоже не оставил равнодушным, всё аккуратно и чисто.",5,
46,Арина Филимонова,2023-09-10 11:30:18,Альфа банк предлагает отличные условия для страхования автомобилей. Я застроховал свой автомобиль и могу быть уверен в его защите в случае несчастного случая.,4,
47,Маргарита Демьяник,2023-04-04 04:06:25,"Не знаю, почему так сложилось, что именно сюда все время приходилось обращаться. И все было хорошо и вежливые сотрудники, и все быстро. В общем, в этот раз тоже все прошло хорошо. Я пришла сюда за кредитом. Быстро одобрили и оформили, осталась довольна",5,
48,Ирина Корчагина,2023-10-02 00:05:11,"Разный процент для вклада. На 12 мес 10,35, на 3 ода 12, а на 3 мес 11. Не знаю почему именно так. Я беру стабильно на 1 год и потом снимаю всё целиком",5,
49,Виктория Шувалова,2023-09-28 06:48:41,"Снимали крупную сумму через банкомат, никаких блокировок после этого не последовало. Сотрудни ки рассказали как не напороться на пролблемы с этим, спасибо.",5,
50,сергей п,2023-07-18 12:22:11,"Классный банк. Отличное приложение. Офис - общее пространство, сотрудники с ноутами ходят. Мне понравилось.",5,
51,Юлия Мальцева,2024-03-28 15:48:40,Всегда большие очереди. И консультанты не вовсем компитентны к сожалению,2,"Здравствуйте, Юлия.
Извините, если заставили ждать.
Сейчас к нам обращается много клиентов, поэтому может появиться очередь. Уже занимаемся решением этого вопроса."
52,Кристина Пришедько,2023-01-25 17:27:09,"Вот это настоящий сервис! Спасибо огромное! Обслуживание хорошее, все быстро и без проблем решили, никаких сложных пунктов. Довольна результатом,вопрос с кредитом очень быстро решили)",5,
53,Дмитрий Соломонов,2023-08-12 14:15:55,"Быстрый, эффективный и профессиональный сервис - это впечатление, которое я получил, посетив филиал альфа банка. Благодарю за выдающуюся работу",5,
54,Алексей Т.,2023-06-05 07:51:16,"Это небольшое, но уютное отделение. Здесь работают вежливые и квалифицированные сотрудники. От посещения остался доволен, здесь тепло и чисто. Отделение находится в центре города. В общем, я рекомендую его.",5,
55,Любовь Ф.,2023-11-19 17:10:14,"Узнала о карте с интересным дизайном, оказывается это от Альфа-банка. Плюс, получила полезную консультацию по дополнительным преимуществам карты, особенно порадовал кэшбэк",5,
56,Руслан Байрамов,2023-04-08 00:33:36,"Очень уютное отделение , все быстро , сотрудники профессиональны вежливые мой вопрос очень быстро решили! Рекомендую",5,
57,Николя Броссеуро,2023-07-28 18:55:59,"Банк предлагает выгодные условия для оплаты коммунальных услуг и мобильной связи через интернет Банкинг, я всегда это ценю как и своё время . По этому 5 звезд .",5,
58,Артём Савельев,2024-02-03 21:17:08,"Приветливые и вежливые сотрудники обеспечивают быстрое и качественное обслуживание, почти без очередей.",5,
59,Olga Sergushova,2022-10-18 12:10:40,"Отделение банка находится рядом с домом. Компетентные и вежливые сотрудники. Мне нравится, что с любым затруднением можно обращаться))) Без проблем помогли установить приложение и разобраться в нём =)",5,
60,Наталья Е.,2023-07-15 08:43:17,"Тут работают самые компетентные сотрудники. Всегда помогут разрулить даже самую сложную ситуацию и пойти вам навстречу, спасибо!",5,
61,Максим Филин,2023-08-24 20:24:25,Отличный банк с прекрасными условиями для клиентов. Всегда можно найти выгодное предложение.,5,
62,Михаил Дьяченко,2023-08-30 07:49:09,"Всем рекомендую и советую!
Вежливые , профессиональные и самые лучшие сотрудники.",5,
63,Александр Ли,2024-04-28 19:28:57,"В Альфа-банке по кредитам всё быстро и четко. Много банкоматов, что упрощает жизнь. Обслуживание удовлетворяет.",5,
64,Андрей К.,2023-05-31 07:24:57,"Оформил на сайте получение кредитной карты. По условию банка, самостоятельно получить нельзя. Доставляет курьер, который в назначенное время не приехал. По телефону сказал, что заявки не было",1,"Здравствуйте, Андрей.
Хотим всё проверить и помочь. Напишите нам на почту smm@alfabank.ru ваши ФИО и номер телефона, который указывали в заявке."
65,Слава Попов,2023-07-13 07:53:30,"Банку спасибо за приятный сервис. Менеджер тут помог разобрать условия по максимальному вкладу минут за 5. Никакого навязывания, только голые факты и цифры. Все понраивлось",5,
66,Арина П.,2023-04-08 20:46:51,"Уютное место, персонал хороший, вежливый. Оформляла карту, сотрудник все хорошо объяснил, компетентный.",5,
67,Classixx Scar,2024-02-24 20:36:19,"Офис заслуживает похвалы. Предоставляют все услуги, чистота и порядок внутри , также есть парковка снаружи !",5,
68,Ильзида Лутфуллина,2024-02-11 18:11:09,Офис Альфа банка удобен и функционален . Здесь работают вежливые и профессиональные сотрудники. Рекомендую.,5,
69,Иван Мамаев,2022-08-29 18:05:14,"Сейчас время непростое, а я продал дачу и нужно было куда-то деньги вложить, всякие инвестиционные программы страшат пока, на финансовой рынке стабильности мало, поэтому и пришел в отделение чтобы узнать все про вклады. Милая девушка рассказала по вариантам со снятием и пополнением, без того и другого, с другими вариантами, выбрал, чтобы побольше ставка была, положил деньги пока на год, там посмотрю.",5,
70,Адель Фаррахов,2023-08-24 20:28:21,Быстрое и качественное обслуживание клиентов.Удобный интернет-банк и мобильное приложение,5,
71,Владислав Воробьев,2023-06-27 21:19:27,"Сделки в офисе проходят быстро, кредит мне одобрили тут за сутки всего. Никакого навязывания, неприятных или конфликтных ситуаций за пол года походов сюда не возникало совсем)",5,
72,Сергей Макаров,2024-04-06 13:12:25,"Выражаю благодарность заместителю руководителя, за профессионализм, внимание, терпение и огромную помощь в решении моих проблем! С уважением, ваш клиент!",5,
73,Гузелия Галлямова,2024-01-23 20:32:00,"Менеджер предложила способы увелечения лимита по кредитной карте, выделила преимущества. Теперь у меня возможность овновить кухонную технику, и все это заняло немного времени.",5,
74,Владислав Ястребов,2024-03-11 15:23:09,"Очень приятно удвивился быстрой работе сотрудников банка, которые одобрили мою заявку за несколько минут перед началом рабочего дня. Это был отличный опыт!",5,
75,Вика Смирнова,2023-07-10 10:40:50,"Удобное расположение офиса, легко найти. Сервис довольно грамотный и ненавязчивый, менеджеры совсем не давят и общаются со мной на равных, но с уважанием. Очень люблю подобный подход.",5,
76,Ольга БузОВа,2023-08-29 09:02:36,"Очень удобная функция с калькулятором на сайте. Можно рассчитать все самостоятельно, а в отделении уже получить более точные рассчеты.",5,
77,Дарья Т.,2024-03-22 08:34:19,Очень довольна качеством обслуживания в банке. Все оформили оперативно и профессионально.,5,
78,Элина И.,2024-01-18 18:22:11,"Бумажных документов минимум, все в электронном виде. Менеджер объяснил, что так удобнее и экологичнее. Практично!",5,
79,Алексей Березуцкий,2023-02-22 02:42:43,"Мне все понравилось.Персонал отзывчивый,вежливый,все обьяснили,помогли.Обслуживание очень быстрое.Не ожидал такого подхода.Обезательно порекомендую друзьям.",5,
80,Азалия Ибрагимова,2023-07-26 13:04:37,Всегда радуют приветливые и вежливые сотрудники. Отсутствие необходимости стоять в очереди - еще один плюс этого банка. Девушки в отделении работают оперативно и точно. Благодарю за отличный уровень сервиса.,5,
81,Norty ovcinikov,2023-07-15 18:47:02,"Отличный банк, для меня самый адекватный по ставкам и продуктам. Всегда есть ответы на мои вопросы, понятный личный кабинет.",5,
82,Эльвира Раянова,2024-02-15 18:56:52,"Я считаю этот банк очень надежным! Он пережил и выстоял многое, и при этом клиенты не пострадали. Сейчас условия стали еще лучше, даже кредиты снова выдаются наличными!",5,
83,Анатолий Алексеев,2023-08-03 10:46:03,"По дебетовой карте тут условия намного лучше, чем в других банках. Сразу видно что банк делает все для удобства клиентов)",5,
84,АН Имидж,2023-02-12 03:45:24,"С одной стороны нормальный банк с другой стороны сотрудники как будто каши не ели всё вяленько в обслуживании , при выдаче продукта физическим лицам скрытые комиссии недоговаривают по юридическим лицам Претензий нет",4,"Здравствуйте!
Удивлены прочитанным, мы всегда за честность.
Хотим разобраться
Напишите, пожалуйста, подробнее о ситуации на нашу почту smm@alfabank.ru
В письме прикрепите ссылку на этот отзыв."
85,Михаил Павлов,2022-04-06 14:50:10,"Я ваш банк ""чуть-чуть"" для себя в черный список не отправил. Причина Из за ,лага, оплата проезда не прошла, а после от хода аратуры от лаг списывать оказалась нечего. После я провёл оплату через сервис Сбера, указанный в билете, с автобуса. Статус карты находился в стоп-лосе. А спустя время, далее при попытке оплаты проезда окозался в черном списке. Будте добры разберитесь в сетуацыи. Я думаю эта глупая ситуация быстра решится если в нет. Буду рассуждать о смене банка спасибо за внимание. (В этот же день) ""редактированный коментарий автором"". СПАСИБО Всё исправилось очень рад ... Написал бы второй коментарий да не работоет что-та или нельзя вобщем 🤗 я проста звёздачки переставлю на 5 🤓🤫🤣",5,
86,Юлия М.,2022-09-01 09:15:50,"Были деньги ,планировала покупать квартиру весной , но с началом СВО пришлось от идеи отказаться , страшновато как-то, поэтому решила пока открыть велад, который под 9% годовых, конечно, немного, но хоть что-то. Даже если ценник на жилье опять скаканет, у меня за время пользования веладом тоже какая-никакая прибль будет.",5,
87,Кристина К.,2023-07-22 10:50:54,"Я являюсь клиентом этого банка уже почти 7 лет, и за это время произошло много изменений. Были изменения в системе и в персонале, но банк всегда оставался надежным. Если у вас возникают сомнения, просто позвоните и задайте вопрос. Здесь работают специалисты, готовые четко объяснить все вам понятным языком.",5,
88,Айнур Набиуллин,2023-08-29 00:19:19,"Прошла неделя с момента, как я посетил банковское отделение для закрытия вклада и получения средств. Весь процесс прошел оперативно и гладко, без лишних сложностей. Получив нужную сумму, я остался очень довольным процессом обслуживания.",5,
89,Галина Гарифуллина,2023-09-04 22:56:05,"Отдала паспорт, сказали прийти через 4 дня. Надеялась тчо сделают быстрее, ну ладно. Кредитную получила, пользуюсь",5,
90,Степан Кондратушкин,2023-10-29 16:55:06,"Отличное месторасположение, с удобной парковкой. Сотрудники всегда доброжелательны и готовы помочь.",5,
91,Ольга Д.,2024-01-13 18:44:30,Вчера открыла счет Копилка для зарплаты и решила оформить дебетовую карту . Менеджер все провел быстро и профессионально,5,
92,Наталья Горбачева,2023-09-15 13:40:08,"Даты, суммы, локации я больше не запоминаю. Ставка сейчас хорошая, плачу раз в месяц и всего одним платежом",5,
93,Рената Мишина,2023-09-02 05:38:10,"Я через альфа травел ру заказала себе билет в Сингапур. У них авиалинии дешевые, ну или мне повезло со скидкой",5,
94,Анна Иванова,2023-08-24 20:38:09,"Банк находится в хорошем состоянии, время от времени я захожу сюда. Хочу отметить выдающуюся дистанционную техническую поддержку Альфа банка. Они всегда оперативно реагируют и помогают полностью разрешить любые проблемы.",5,
95,Павел Иванов,2022-11-01 09:31:43,"Многие годы работаю с этим банком. Из всех отделений нашей страны, в которых я обслуживался специалистами , здесь мне не первый раз попадаются худшие специалисты по коммуникации, общению, взаимодействию с клиентами .",2,
96,Тимофей Ермолаев,2023-08-28 15:31:06,"Платежный стикер теперь и у меня и у моего ребенка. Платим через терминал, помнить пароль, менять его, вводить повторно данные не нужно",5,
97,Марина Пинчук,2023-09-09 16:15:29,"Нормальные у них карты. Надо правила внимательно читать. я трачу больше 10тыс в месяц, с меня проценты не берут",5,
98,Серж Точный,2023-04-04 16:05:00,"Альфа банк это отличное место для решения банковских вопросов и оформления услуг. С момента открытия стабильно развивается и растет. Все просто замечательно как в банке, так и в обслуживании клиентов.",5,
99,Зыкова мария,2023-08-17 06:43:34,Хочу выразить признательность сотрудникам этого отделения Альфа за их профессионализм и оперативность. Они были очень дружелюбны и помогли решить все мои запросы.,5,
100,Соня Белоус,2023-09-03 17:20:32,"Получаю зарплату, вывожу без процентов, плачу за еду, одежду и получаю кешбек. Что еще нужно? Кредитке 5",5,
101,Галина Е.,2023-07-15 17:04:46,"Операционисты работают слаженно,быстро и качественно. В этом отделении можно оплачивать различные услуги, включая коммунальные платежи. Все прозрачно, без скрытых комиссий.",5,
102,Вячеслав СК,2022-04-13 09:21:01,"Посетил филиал 12.04. При входе очередь , встал следующим. Менеджер работавший с другими клиентами грубовато обратился к ожидающим «проходите на диваны». После меня зашли двое мужчин и присели на диваны, к ним практически сразу подошла девушка консультант и присела для консультации. На мой вопрос о порядке очереди ответила, вы юридическое лицо? Развернулся и ушёл. В других банках при входе можно получить номер очереди и спокойно присесть где угодно, рекомендую вам сделать то же самое.",3,
103,Анонимный отзыв,2023-03-12 12:52:34,"Обслуживание на высшем уровне. Все сотрудники вежливые и приветливые. В этом банке обслуживаюсь уже не первый год, и всем довольна. Очень приятно, когда в банке тебе готовы помочь и всегда идут навстречу. Спасибо большое за отличное обслуживание!",5,
104,Тимофей Белов,2023-08-30 17:21:24,"Много бонусов, много необычных продуктов. Возможно туда дальше банк еще чем-то удивит",5,
105,Кристина О.,2024-03-30 17:50:10,Обратилась за ипотекой в этот банк и осталась довольна отзывчивыми и приветливыми сотрудниками.,5,
106,Александр Маршев,2023-07-15 21:09:11,"Знающие свой продукт консультанты, это важно, отвечают на вопросы чётко без тягости, и так что было мне понятно)",5,
107,Яна Олейникова,2023-10-01 18:15:34,"У банка интуитивно понятное приложение. Счёт, кредиты, необходимые услуги очень просто найти.",5,
108,Дмитрий,2024-03-20 15:04:52,"Девушка по бизнес вопросом ,лучшая .10 из 10",5,
109,Лера Белова,2023-09-09 10:26:56,"Бонусную часть программу обновили, с этого года дают и за спор товары, и за игрушки для животных",5,
110,Анжелика Островская,2023-06-04 00:54:33,"Уютное отделение , быстрое обслуживание , профессиональные менеджеры .",5,
111,Александр Лапшин,2023-03-07 14:28:00,"Являюсь клиентом банка более 5 лет. Обслуживание всегда на уровне. Сотрудники все вежливые и внимательные, помогают в решении проблем. Всегда рад вернуться к Вам снова. Спасибо за Вашу работу!",5,
112,Кирилл Манцеров,2023-08-30 16:52:06,"Получила я свой стикер наконец-то.Он бесплатный,но со 2-ого месяца надо платить за него 50руб в месяц",5,
113,Алла Смирнова,2023-06-27 07:47:57,"Я пришла оформить кредит на образование. Это был мой первый опыт с кредитами. Мне понравилось, что сотрудники все подробно и понятно объяснили, и, конечно же, первый платеж был через 45 дней по условиям. Я смогла погасить кредит досрочно.",5,
114,Андрей Тихонов,2023-12-16 03:19:05,Помогли с проблемой которую сам решиюить не мог,5,
115,ВАЛЕРИЙ ВАЛЬЧУКАС,2022-02-09 09:57:17,"Не поставил даже бы не одной звезды да отзыв не дают оставить.Получал в прошлом году дебетовую карту консультант навязал кредитную еще. Естественно не пользовался ей. Сейчас банк шлет мне смс что у меня задолженность сначала 60 рублей, через месяц уже 1600 рублей. Аппетиты просто зашкаливают. Говорят что задолженность за годовое обслуживание.Словом *** хотя когда давали кредитку говорили что никакого обслуживания нет. Картой не пользовался от слова совсем. *** в обличии банка.Не связывайтесь...",1,
116,Евгений Мешков,2023-03-17 10:45:35,Полусонные клерки с важным видом плавают по офису имитируя бурную деятельность... на почте быстрее вопросы решают (даже с учётом очереди)...,2,"Здравствуйте, Евгений!
Грустно такое читать. Обычно стараемся быстро решать вопросы, но иногда это не получается. Всё зависит от сложности вопроса и очерёдности.
Мы проработаем этот момент и исправимся. Извините!"
117,Лариса Кочеткова,2024-02-28 15:47:58,"Сотрудники этого банка делают все возможное,чтобы обеспечить максимальный комфорт клиентам. Я рекомендую это место для банковских услуг.",5,
118,Светлана Ветрова,2023-03-06 10:06:56,"Если бы не зарплатная карта от альфы, ни за что бы не пользовались услугами здесь. Пихают кредитные карты только так
При получении зарплатной карты сказали «без кредитной никак нельзя, они только в дуете отпускаются»
Так же сестра пришла узнать, нужно ли менять данные после свадьбы
Сказали да, конечно 
Как оказалось далее, не нужно было и так же выдали ей кредитную карту, в которой она изначально не нуждалась 
Прекрасно, что вам будут какие то плюсики за кредитки👏🏼",1,"Здравствуйте, Светлана!
Грустно такое читать, это совсем на нас не похоже.
Мы не навязываем продукты, однако, если есть малейшая заинтересованность, то можем предложить.
Извините, мы обязательно проработаем этот момент."
119,Saida Bakunova,2023-03-28 13:08:01,"Достаточно уютное место для банка.Просторное помещение с красивым дизайном, есть где присесть, чистоту поддерживают, у банкоматов тоже никакого мусора.",5,
120,Макар,2023-06-17 11:21:42,"В отделении банка работают истинные профессионалы, которые быстро и качественно решают все вопросы. Операционист помогла провести операцию по переводу денег за границу, что было приятным опытом.",5,
121,Сергей Ермаков,2022-12-17 12:33:00,"Первый раз в банке где готовую карту мне выдавали 1,5 часа .
Единственный плюс сотрудники которые защищали свой банк , а так просто неуважение к клиентам .",3,"Сергей, здравствуйте!
На нас не похоже 😳 Отправьте, пожалуйста, письмо на smm@alfabank.ru, а в нём укажите ваши ФИО и дату рождения, обязательно всё проверим и проработаем с сотрудниками."
122,Саид Фармонов,2023-08-29 16:31:29,"Дружное отделение, девчонки работают уже несколько лет таким составом",5,
123,Мазикина Светлана,2022-12-21 15:45:18,"Отделение приятное. Очереди почти не видела, а если есть, то не более 5-6 минут ждать приходится. Офис тоже чистый, поэтому и хожу именно сюда.",5,
124,Olga Bzhitskaya,2023-04-10 00:39:57,"Приятная обстановка, но почему-то ждать своей очереди пришлось дольше заявленного. На получение карты ушел примерно час.",4,"Здравствуйте, Ольга.
В период загруженности, обслуживание может занимать больше времени, чем обычно. Не хотели вас расстраивать долгим ожиданием. Извините, мы исправимся."
125,Галина Беляновская,2023-01-18 13:46:19,"Банк плохой, даже говорить за него не хочется. Обдирают до нитки. Проценты бешеные. За год не продвинулись. 2500 платила из них2200 только проценты🙉",2,"Галина, здравствуйте!
Хотели бы во всём разобраться, поможете нам? 
Отправьте, пожалуйста, письмо на smm@alfabank.ru, а в нём укажите ваши ФИО и дату рождения, обязательно всё проверим и проработаем с сотрудниками."
126,Алексей Праведный,2022-08-30 08:17:37,"Рекумондую отделение. Оставил заявку на дебетовую карту, которая у них с кэшбэком и бесплатная всегда, и на следующий день уже её получил. Никакого недельного и тем более 10-дневного ожидания. Всё просто и быстро.",5,
127,Анар Мамедов,2023-09-08 15:00:16,"Я уже 4 года являюсь держателем двух карт Альфа-банка, и это говорит многое. Это отделение стало для меня основным, так как оно находится близко к моему дому.",5,
128,Далмир Дымченко,2024-04-21 14:07:08,Отличное отделение. Редко бывают очереди. Доверие в качество обслуживания,5,
129,Алексей Бабин,2023-04-12 15:54:39,"Комфортное отделение Альфы, достаточное количество банкоматов, по сотрудникам тоже отлично-никогда не пустует, есть, кому разбирать заявки и обслуживать клиентов. Благодарю за проделанную работу!",5,
130,Надежда,2022-10-01 09:41:48,"Открыла здесь социальную карту МИР, потому что здесь уже есть другие карты у меня и мужа, хороший банк. И можно выбрать разные продукты.",5,
131,Татьяна Максимова,2023-08-31 20:03:24,"Попала в отделение в час пик, когда было много клиентов, но сотрудники оперативно обслужили, и ожидание не превысило 15 минут, что было приятным сюрпризом.",5,
132,Ezertst,2023-08-26 19:49:22,"хорошее приложение, удобное ,работает без проблем👍🏻👍🏻👍🏻",5,
133,Вадим. А,2023-02-06 11:33:44,"Вежливый,услужливый коллектив. Зделают всё, чтобы вы ушли довольны.Хорошо работают",4,
134,натали кака,2023-01-18 13:54:55,"Прекрасный банк. Давно пользуюсь его услугами и очень довольна. Все впорядке и очень оперативно. Приходят смс о движении средств, если где-то не там деньги положили, всегда можно связаться с оператором и решить вопрос. В общем, рекомендую.",5,
135,Татьяна З.,2024-01-29 21:03:46,"Отличное отделение Альфа банка! Рекомендую всем, кто ценит высокий сервис.",5,
136,Алина Казанокова,2024-04-19 12:33:16,"Специалисты хороши, всё объясняют понятно и доступно!",5,
137,Валентин О.,2023-09-16 12:18:35,8 лет я знаю этот банк. Сбоев не было. все операции всегда с 1раза получались,5,
138,Андрей Васин,2023-07-15 21:46:38,Реально получила вознаграждение за подругу- она оформила карту в Альфе по моей ссылке),5,
139,Михаил Базлов,2023-07-15 21:45:39,"Интересные стикеры, заказала и себе и мужу. Это конечно удобно.",5,
140,Аля,2023-10-16 05:25:35,Команда этого банка просто отличается своим дружелюбием и вниманием. Мне пришлось подождать всего несколько минут. Очень довольна их сервисом!,5,
141,Мария Д,2023-09-23 14:08:12,"Мой выбор для первого вклада пал на Альфа банк. Рекомендации партнеров подтвердились на практике .Визит в отделение подтвердил профессионализм, ясность и дружелюбие сотрудников.",5,
142,Наталья К.,2023-08-05 17:04:56,"Всегда получаю услуги вовремя, без задержек и проволочек. Ответы на вопросы и решение проблем осуществляются оперативно, даже в выходные дни.",5,
143,Виталий Фоменко,2023-03-05 14:15:16,"Что касается обслуживания, то все вопросы можно решить в онлайн чате, для этого даже не нужно выходить из дома. Но для оформления документов на вклад пришлось всё таки зайти в отделение. Остался очень доволен сервисом.",5,
144,Престиж 24,2024-01-26 00:06:27,Очень стильный офис,5,
145,Андрей Трифонов,2023-09-03 07:14:24,"Все нравится, альфа всегда радует 👍🏼👍🏼👍🏼",5,
146,Тамара С.,2022-05-06 13:41:04,"Смс от банка-приходите и заберите карту. Когда пришла в банк сказали, что карту получить сейчас нельзя, приходите 11.05. Ещё и терминал на получения талона не работал и консультантов нет. Такого отвратительного сервиса я ещё не видела.",1,
147,Л. Константин,2023-05-18 12:29:37,"Отличное отделение альфы, грамотно всё объясняют.",5,
148,олег петров,2023-11-21 12:33:33,Быстрое обслуживание,4,
149,Женя Окдсшы,2023-07-15 19:28:35,Спасибо за помощь в установке приложения и активации карты. Сам не справишься.,5,
150,Валерия С,2023-04-07 12:28:00,"Сотрудники приветливые, все по полочкам разложили. Проценты по вкладу приличные, проценты на остаток тоже не маленькие. На мой взгляд, это один из лучших банков.",5,
151,Vycheslav Martynenko,2022-04-27 13:49:49,"Худший банк в мире, вместо перевода средств их заморозили, а служба поддержки не брала телефон в последний день, когда начался крах моего кошелька. Вообщем ни чем не помогли деньги перешли на сторону США.",1,
152,Ильдар Загидуллин,2023-08-29 05:07:00,"Заработала на акции приведи друга, аж трёх подруг на Альфу подсадила 😁",5,
153,Галина Ждановская,2021-03-30 02:35:05,"Не хочется даже 1 звезду ставить. Но если без звезд не дают отзыв написать. Второй раз сталкиваюсь с этим банком и второй раз пожелела о содеянном.
Консультации по продуктам или операциям дают две сотрудницы у порога. Тебе даже не предлодат присесть. Тут же входят народ, и тут на их пути стоишь ты консультируешься!!! 
Но сервис это не главное.........для банка.
По кредитным картам хоть и 100дней льтн период, но не расслабляйтесь, будете регулярно вносить определенные суммы на карту, а самое интересное в конце, не влодился в льгот период- щапоати 39,9% и + комиссию за 100 дней использования средств.
Сумма вылезет круглее ваших глаз)
Есть банки, даже начинающие, но с приемлимыми условиями.
Очень надеюсь что больше ни ногой в этот банк.
Сбер банк, не сиотря на то скко негатива о нем говорят,НО клиентами дорожат!!!! Сервис на уровне. После посещения отделения сбербанка даже чувство приятное. Сотрудники 100% все до одного обучены правилам общения с клинтами, поведению.",1,
154,Анна Дмитриевна,2021-09-15 16:26:49,"Офис сам по себе очень просторный, внутри красиво. Консультанты приветливые, решили вопрос и ещё даже подсказали в другом. 
Правда пришлось в очереди немного подождать.",5,
155,Татьяна Степанова,2023-10-14 12:54:36,Современный и очень аккуратный офис,5,
156,Наталья Подрезова,2023-11-12 13:44:58,Молодой персонал умеет находить решения под каждую ситуацию и клиента. Я довольна,5,
157,Александра Ананьина,2023-07-25 12:12:02,Воспользовалась картой и пожалела. Деньги сняли и не вернули.,5,
158,Алена Кузнецова,2021-08-11 14:57:38,"Приехала сегодня на Копылова 66 в Альфа - банк. Первое на что обратила внимание - это интерьер (очень круто оформлен). Второе - это то, что быстро и качественно решили мой вопрос. Очень довольна этим филиалом, теперь буду ездить только сюда!",5,
159,Никита О.,2023-07-15 21:47:04,"Банк замечательный, нравится кредитка 365 дней!",5,
160,Нaна,2023-02-14 11:05:28,Персонал очень вежливый и приветливый. Никогда не было проблем по обслуживанию. Всё прекрасно.,5,
161,Кирилл Аристархов,2023-07-15 21:49:39,"В этом отделении всегда в меру народа, нет большой очереди.",5,
162,татьяна р.,2023-03-03 08:37:22,"Сотрудники всегда на местах, отвечают на вопросы. Сотрудники всегда готовы помочь. На кассе можно узнать о продуктах банка. Всё прозрачно и понятно.",5,
163,Антон,2023-07-19 13:19:46,"Вроде банк, а внутри необычно и непривычно устроено. Смешанные впечатления от посещения.",4,
164,Ярослав Князев,2023-02-26 07:24:27,"Никогда не пользуйтесь, ушёл с из банкинга выносят теперь телефон постоянными звонками со спамом",1,"Здравствуйте, Ярослав!
Не хотели вас расстроить. Можем звонить, если есть предложение для вас.
Напишите, пожалуйста, номер телефона, на который поступают звонки на нашу почту smm@alfabank.ru
Поможем разобраться."
165,Рина Р.,2022-08-28 06:10:35,"Забегаю сюда только из-за банкоматов. Про сотрудников поэтому ничего сказать не могу. Сами банкоматы новые, проблем с ними не возникает.",5,
166,Кедр,2022-09-21 09:05:43,"С чувством, с тактом, с расстановкой. Решается нерешаемое, поток людей не большой, милые операторы.",5,
167,Виктор Плотников,2022-05-29 17:27:57,"5+ обслуживание, грамотные сотрудники, оперативно помогли решить проблему",5,
168,Любовь,2022-05-17 17:30:54,"В отделении была один раз. Обслужили быстро, кстати на двери знак, что можно с собакой, просто этот один раз была как раз с собакой.",4,
169,Чеха А.,2023-08-26 16:27:20,Здесь практически никогда не приходится ждать в очереди. Обслуживание происходит быстро и с вниманием к клиентам.,5,
170,Александр,2023-06-24 19:59:25,"Персонал общается с клиентами корректно, ясно объясняет все. Работа с такими специалистами приносит удовольствие.",5,
171,Олег,2023-02-18 23:20:43,"Банк работает с 10:00, а касса с 12:00...очень интересное расписание",3,"Здравствуйте, Олег!
Действительно, касса открывается в 12:00, когда сам офис работает с 10:00. Такой формат работы, увы, изменить его не можем.
Чтобы не возникло недопонимание в будущем, рекомендуем перед обращением смотреть график работы наших офисов на сайте: alfabank.ru/office"
172,мария ершова,2022-10-07 04:50:43,"Юридических лиц обслуживает один специалист ,жаль столько времени терять в ожидании",1,
173,Алексей Знающий.,2023-08-11 15:55:26,Очень долго просидел в очереди.,4,"Алексей, приветствуем! 
Посетители приходят в офис неравномерно, но мы стараемся всё проанализировать заранее, чтобы в период нагрузки работало как можно больше специалистов. Простите за ожидание."
174,Андрей Малышев,2021-07-16 17:00:13,Классное отделение!!! Интересный интерьер!!! Вежливый персонал!!! Спасибо! ☺️🤗✌️🙏🏼,5,
175,Бекзод Орипов,2023-04-12 07:17:30,"Ждал больше часа, а сказали подождать 10 минут",1,"Здравствуйте!
Стараемся всегда доводить дело до конца. К сожалению, заранее не можем знать, сколько времени займёт обслуживание клиентов перед вами, но называем ориентировочное время.
Извините нас, не хотели расстраивать долгим ожиданием. Мы обязательно проработаем этот момент и примем меры."
176,Артем Т.,2021-02-22 01:38:53,"Хороший филиал, чистый, новый современный ремонт соответствует времени. Приветливый и профессиональный персонал.",5,
177,747,2022-06-28 11:03:21,Обычное отделение. Девчонки очень приветливые.,4,
178,Милена Кузнецова,2023-07-09 13:20:50,Являюсь клиентом этого банка и не вижу причин для смен. Отделение очень удобное.,5,
179,Алексей Фёдоров,2021-05-06 07:50:30,Даже можно не рассказывать о высоких процентах и комиссии за все что можно и нельзя- закрыть счёт проблема. Кредитная карта не закрывается. Месяц уже не могу закрыть,1,
180,Кар Кап,2022-09-12 12:29:55,Спасибо все супер как юр лицо,5,
181,Екатерина Ю.,2022-11-09 11:32:59,До оператора не дозвониться!,1,
182,Константин,2023-03-11 13:59:29,Банк супер,5,
183,Катерина,2022-01-23 13:58:20,"Вежливый персонал,интересный дизайн",5,
184,Константин Супрунов,2021-10-14 23:55:11,Отличное обслуживание,5,
185,Роман Митрохин,2021-08-05 14:33:30,Очень достойно,5,
186,Таня,2021-11-27 02:26:24,Неплохо,3,
