,name,date,text,stars,answer,load_time
0,Анна Глушкова,2024-05-06 12:39:50,"Много раз тут была, хорошее отделение. Очень радует, что работают по субботам, потому что по будням допоздна на работе. Внутри всегда чисто и царит атмосфера уюта))) Сотрудники все вежливые",5,,2024-05-16 14:38:22
1,Мария Савченко,2024-04-25 17:53:24,"Бываю не часто, но хочется сказать, что персонал всегда работает отлично. Клиент зашел - к нему подходит менеджер, уточняет с каким вопросом. Можно проконсультироваться, и документы по счету распечатать, и данные обновить.",5,,2024-05-16 14:38:22
2,Вера Шарова,2024-05-06 11:00:24,"Иногда бываю здесь, оформляю выписки. Недавно потеряла кредитную карту, оставила ее где-то вместе с документами. Прибежала в офис, описала ситуацию, карту сразу заблокировали. Хорошо, что паспорт не потеряла, смогла заявку подать на перевыпуск кредитки. В целом, хорошее обслуживание.",5,,2024-05-16 14:38:22
3,tsimfer-k,2024-05-04 07:10:13,"С супругом оформляли здесь страхование. После просмотра вариантов на сайте Альфа банка зашли в офис. На следующий день застраховали квартиру, все документы выдали оперативно.",5,,2024-05-16 14:38:22
4,Александр,2024-05-11 08:26:30,"Здесь вежливый персонал, быстрое получение денег при необходимости. Обращался не раз и всега доволен.",5,,2024-05-16 14:38:22
5,Яна Никитина,2024-05-13 15:03:35,"Приезжала в четверг, нужно было закрыть старую карту, которой не пользуюсь. Обслуживанием осталась довольна.",5,,2024-05-16 14:38:22
6,Регина Чистякова,2024-05-03 11:19:01,"Получила ответы на все вопросы, которые были, спасибо сотруднице. Очень милое и приятное общение, чувствуется забота, обо мне как о клиенте.",5,,2024-05-16 14:38:22
