,name,date,text,stars,answer
0,Анжела Михай,2024-04-20 06:00:39,"Возможность решить быстро любой вопрос без лишних заморочек, и ожиданий в очереди - это действительно прекрасно! Возникают вопросы, то при общении с оператором всегда можно получить исчерпывающие ответы. Это действительно радует",5,
1,Максим Морозов,2024-04-19 12:26:40,"Издалека видно, где находится банк, яркая вывеска, внутри очень светло за счет больших окон, всегда поражался, как в старых зданиях можно сделать такой качественный и стильный ремонт. Схема рассадки удобная, не тесно сидеть за столиками",5,
2,Дмитрий Кудрявцев,2024-04-18 20:06:31,"Забирал тут свою кредитную карту. Думал проторчу в очереди пол дня, но нет. Все прошло как по маслу. Приняли меня быстро, сотрудник еще отличный был. Не только выдал карту но и рассказал мне про ее преимущества, объяснил как активировать и показал где в приложении кешбеки есть. Реально сервис приятно удивил. Так что офис рекомендую посетить)",5,
3,Рашит Гарифуллин,2024-04-24 15:59:51,"Консультировался тут по сберегательному счету. Могу сказать, что это очень комфортный офис. Все сделано для людей. Консультация понравилась, так же как и проценты, которые банк предлагает. Попалась мне менеджер Виктория, которая прекрасно мне все объяснила. Сотрудники вежливые все до одного.",5,
4,Агафья Филатова,2024-05-01 13:45:46,"С огромным терпением относятся сотрудники альфы к своим клиентам. Пришла с пожилой тетей открывать счет. Она очень тревожная женщина, 150 раз переспросит, уточнит все условия. И менеджер очень вежливо, без малейшей тени раздражения все объясняла, повторяя раз за разом информацию. Браво, лучший банк!",5,
5,Анжела Загибалова,2024-04-29 16:58:37,"Если хотите разобраться с каким то вопросом, то можете смело к сотрудникам тут) Отличный сервис, оформила карту буквально за считанные минуты, все четко и быстро.",5,
6,Джамиля Алиева,2024-04-25 09:33:00,"Банк надёжный, уже лет 5 с ним. Сначала как физический клиент обслуживался, а теперь как юридическое лицо. В разное время со мной работали менеджеры и все были компетентны.",5,
7,Любовь Тронина,2024-04-25 04:26:06,"С уверенностью рекомендую этот банк как наиболее надёжный. Я уже семь лет пользуюсь его услугами и знаю, что мои деньги в безопасности.",5,
8,Аня Морозова,2024-04-25 09:21:43,"В Альфа банк лучшие процентные ставки на депозиты, кредиты и ипотеку, а также надежные финансовые услуги, мне есть с чем сравнивать!",5,
9,Ирина,2024-04-19 16:25:34,"Получала в этом банке кредитную карту. Оформляла заявку с тем расчетом, чтобы мне сделать большую покупку и не платить банку проценты весь год. Повезло, что банк быстро одобрил заявку и выдал необходимую сумму. В отделении помогли активировать карту, пользуюсь, удобно",5,
