,name,date,text,stars,answer
0,Людмила Арсентьева,2021-12-08 13:09:55,"Отделение Сбербанка расположено удобно. Помещение небольшое, может разместиться человек 5. К сожалению, ввиду отсутствия необходимых знаний и умений у специалиста при обращении в августе 2021г, привело не только к невозможности получения впоследствии расчётных документов, но и было потрачено 1час 40 минут у окошка, при попытке получения услуги.",3,
1,Андрей Чеглаков,2022-05-30 03:24:55,Хороший! Персонал работает быстро очень вежливый и грамотный.,5,
2,юлия ваулина,2020-09-29 15:12:42,Неудобный график работы,4,
3,Пашков Николай,2019-08-15 09:45:31,Единственное нормальное место,5,
4,Геннадий Б.,2019-08-21 14:40:59,Грамотные консультанты,5,
5,ДИНАРА ШАРУНОВА,2019-10-15 01:49:05,Хорошее обслуживание,5,
