,name,date,text,stars,answer
0,Татьяна Гаврилов,2024-02-22 10:41:18,"Обслуживание очень хорошее, вежливые девушки, все объяснили доступно. Только очень душно и жарко в помещении, немешало бы на окна повесить жалюзи, солнце светит в окно, отсвечивает. Спасибо за обслуживание",5,
1,Мария Моторкина,2023-11-07 20:46:34,"Очень рада, что открылся офис в Алатыре. У банка лучшая карта с кешбэком, отличные условия по накопительному альфа-счету и самые выгодные проценты по вкладам. Рекомендую всем алатырцам изучить и оценить",5,
2,Dana B.,2023-12-07 11:39:18,"Халатное отношение к клиентам, сотрудники банка при клиенте разговаривают по телефону, заставляя клиентов ждать.. Также сотрудники говорят, что не могут решить проблему клиентов ( сотрудник Юля)",1,"Здравствуйте, Дана.

Удивлены прочитанным. Хотим проверить работу сотрудников и принять меры.
Отправьте, пожалуйста, письмо на smm@alfabank.ru В теме укажите ссылку на ваш отзыв, а в самом письме напишите ФИО и дату рождения, а также скриншот отзыва и дату обращения."
3,виктория Кучеренко,2024-01-04 15:15:19,"Мало чем могут помочь, ( решить проблему)... 
Но зато вежливые приятные....",4,"Здравствуйте, Виктория.

Отправьте, пожалуйста, письмо на smm@alfabank.ru В теме укажите ссылку на ваш отзыв, а в самом письме напишите ФИО и дату рождения, а также скриншот отзыва и дату обращения. Уточните также, по какому вопросу обращались."
4,Сергей Алтайский,2024-04-01 12:03:49,"Чистое, уютное место",2,"Здравствуйте, Сергей.
Видим, что поставили две звезды.
Уточните, пожалуйста, что-то не так было в обслуживании?"
5,Николай Лысенко,2024-03-29 18:03:52,Супер девчонки 👧.,5,
6,Алексей,2023-10-28 04:52:10,Неудобный банк,1,
