,name,date,text,stars,answer
0,Надежда Бадаева,2024-01-18 12:26:27,"Дорогие пользователи карт аль банка . Будете очень внимательны к срока по пользованию кредитных условий , особенно то , что предлагают вам менеджеры банка . Переспрашивайте несколько раз особенно о льготных переводах ( хотя сотрудники банка не всегда сами знают как работает новые карты и их условия ) не забываете , что на вас тестируют программы . Приложение банка работает не компетентно , вас никто не уведомит о сроках льготного перевода в точности до дня .
Это не в интересах банка . Следите и высчитывайте сами .Еще могут поменять условия , и об этом тоже не проинформируют вас .
А это ваши деньги .
Обратилась в банка по составлению претензии , менеджер банка взялась не охотно , руководитель вообще не вышла ,была занята .
Пришлось уговаривать , тратить свои нервы .
А вот если бы пришла брать кредит или новую карту , я думаю мне бы не пришлось уговаривать выслушивать мою ситуацию .",1,"Здравствуйте, Надежда.

Удивлены прочитанным. Хотим проверить работу сотрудников и принять меры.
Отправьте, пожалуйста, письмо на smm@alfabank.ru В теме укажите ссылку на ваш отзыв, а в самом письме напишите ФИО и дату рождения, а также скриншот отзыва и дату обращения."
1,Ильнара Каипова,2023-11-14 06:16:37,"Пару лет назад приобрела кредитную карту, попользовалась ей и заблокировала через приложение , отзвонилась оператору на что он мне ответил , что карта закрыта 
Через 4 года мне начали названивать банк , и говорить что у меня задолженность . Задолженность за то что я ее закрыла через приложение 
Хорошо я прошу выслать мне мой лицевой счет для того чтобы оплатить , на что они меня уже неделю кормят завтраками что скинем вам завтра, но при этом они мне каждый день звонят и говорят у вас долг 
Никогда не могла подумать что ваша компания на столько ужасная , очень разочарована в вас , счет мне так и не скинули !",1,
2,Хайдаров Р.,2024-01-25 12:58:09,"Отлично
Замечательное, прекрасное профессиональное обслуживание, вопросы решаются быстро.. Особенно хочется отметить Ахметзянову Алсу. Огромная благодарность за обслуживание",5,
3,Еленка Пенка,2023-12-18 13:52:31,"Некомпетентные сотрудники. Оформила кредитную карту год без % на покупки, перед подписанием договора, рассказала свой случай и дважды спросила, точно ли будет он считаться покупкой и будет ли действовать год без %, мне сказали да да всё будет ок. По итогу мой случай идет совсем под другую услугу, где я должна рассчитаться со всей суммой долга за 60 дней, плюс комиссия 4к и если не расплачусь за 60 дней, то процентная ставка 69,99%, крайне не советую.",1,
4,Anastasia U.,2023-08-17 13:54:58,"Хорошее новое отделение. Все очень общительные и вежливые, особенно сотрудница Алсу. Быстро, чётко и по делу. Ушла с решенной проблемой и приятными впечатлениями.",5,
5,Елена Шереметьева,2023-08-24 10:39:39,"Хорошее отделение банка,очень вежливые и грамотные сотрудники.объясняют все условия и подбирают выгодный продукт именно для тебя,спасибо буду обращаться еще.",5,
6,alinamurtazina72,2023-08-17 11:58:06,"Очень хороший банк, только им и пользуюсь. Внутри приятно, чисто. Сотрудники вежливые, все объясняют как надо. Рекомендую!",5,
7,Анонимный отзыв,2023-08-24 10:33:55,"Отличное отделение. Всегда туда обращаюсь, персонал терпиливо момогает решить все вопросы и обьясняет все сто не понятно.",5,
8,Равиль Аминов,2024-03-28 15:47:01,"Не очень разговорчивые , и не очень доброжелательные менеджеры..",1,"Здравствуйте!
Удивлены прочитанным. Всегда стремимся помочь и предоставить качественный сервис."
9,Знаток,2023-08-24 10:34:37,"Отличный филиал Альфа Банка в нашем городе. Специалисты квалифицированные и очень коммуникабельны. От обращения в филиал, до решения проблемы прошли считаные минуты. Побольше бы таких филиалов, с грамотными сотрудниками! Рекомендую.",5,
10,Адина Динина,2023-08-20 08:04:55,"Классное новое отделение. Весь функционал , карты , кредиты , кредитные карты. График работы удобный",5,
11,ВИТЯzamotanyi,2023-12-24 10:32:28,"Заказывал карту,так и не привезли..",2,
12,наиль шайгарданов,2024-02-22 18:35:04,"Девчонки молодцы, вежливо встретили и все объяснили.",4,
13,Элина,2023-08-17 10:14:33,"Приятно удивлена. Очень вежливый персонал, отвечают на все грамотно и понятным языком)",5,
