,name,date,text,stars,answer,load_time
0,Дмитрий,2024-02-25 18:04:02,"Есть парковка, в здании светло и чисто. Персонал приветлив, очень вежлив, отвечает на все вопросы, помогает разобраться в непонятных ситуациях.
P.s. Девчонки тут очень красивые!",5,,2024-05-20 12:41:22
1,Елена Пархоменко,2024-01-22 15:16:52,"Благодарю менеджера Михаила за помощь при открытии счётов и личного кабинета. Михаил очень чётко объяснил мне все правила, помог разобраться со всеми тонкостями, помог мне выбрать выгодное для меня предложение. Очень благодарна ему за внимательность и терпение. 
Вообще в банке приятная атмосфера, комфортно работать, тишина и приятный квалифицированный персонал.",5,,2024-05-20 12:41:22
2,Виктор Кузьминов,2024-05-09 07:20:27,"Лучше бы я сразу пришел в этот банк, чсем в другой, известный. Хорошо обслуживают, быстро и вежливо. Следят за отделением, поэтому всегда чисто. Банкомат имеется, всегда в рабочем состоянии.",5,,2024-05-20 12:41:22
3,Светлана Андреева,2024-01-29 18:33:56,"Хорошее обслуживание. Грамотное и вежливое отношение к клиентам. Сотрудники все доходчиво рассказали, объяснили и ответили на вопросы. Обслуживанием довольна. Спасибо.",5,,2024-05-20 12:41:22
4,Дарья Тихонова,2024-05-16 11:56:53,"Для своей дочки открыла детскую банковскую карту. В отделении банка меня встретил специалист по детским продуктам, который подробно объяснил все функции карты и предоставил инструкции по ее использованию. Классное обслуживание!",5,,2024-05-20 12:41:22
5,Иринка,2024-05-12 17:49:18,"Мой работодатель сменил банк, и теперь мы получаем зарплату в Альфе. Для меня это небо и земля, конечно. В офисе банка тебя всегда приветливо встретят, помогут и талончик взять, и где присесть подскажут. Какое -то человеческое отношение. Я себе в добавок к дебетовой еще и кредитную оформила, отличная!",5,,2024-05-20 12:41:22
6,лариса краснова,2023-11-26 18:22:50,"Персонал вежливый, грамотный, коллектив слаженный, очень понравился внешний вид сотрудников, интерьер офиса.",5,,2024-05-20 12:41:22
7,Валентин Соловьёв,2024-03-11 16:16:08,Заказал дебетовую карту 7 марта. 11 марта принесли на дом. Сотрудник банка Анастасия всё подробно объяснила и растолковала. Помогла активировать карту. Большое спасибо Анастасии.!,5,,2024-05-20 12:41:22
8,Ирина Шпагина,2023-11-04 18:04:03,"Прекрасный Банк, сотрудники - профессионалы своего дела, всё объяснят и ответят на любой вопрос. Очень красивый интерьер банка, уютно и комфортно.",5,,2024-05-20 12:41:22
9,Ксюша,2023-10-13 06:31:48,"Нужно было открыть счёт на недееспособного , муж опекун...
Пришли в этот банк, встретил нас молодой человек, мы стали ему объяснять, что так и так , надо открыть счёт на недееспособного, с учётом ,что уже на него у них открыт номинальный счет...Этот молодой человек стал нам вытирать ,что если тот на кого мы хотим открыть счёт не получал у них карточку,то не получится открыть счёт...Чем ввел нас в стопор...Мы ему объясняем,что это хочет сделать опекун на недееспособного...Ответ положил на подвал, ну пусть он придет( недееспособный) и получит карточку!!
Т.е представитель банка даже мозг не включил, что это невозможно!!!
И вот стоит нам долбит про карточку...
Потом позвал девушку ,с нами стала она общаться..но тоже начала утверждать ,что счёт открыть не сможем и т.д ..Я неоднократно повторила, что уже есть один счёт у них в банке, ...Помчалась она к руководству...
Вернулась и стала звонить куда то...При этом даже не вникая ,что это опекун хочет сделать и ТД..Я стала ей говорит ,что есть все документы мы им все показали...И в этот момент она на меня гаркнула, типо замолчите я с руководством разговариваю...Это нормально, ? Такое отношение к клиенту? Руководство подтвердило, что такие операции проводят ....
У меня вопрос,,почему ваши подчинённые такие грубые и вдобавок не компетентны в таких вопросах?",2,"Здравствуйте, Ксения!
Такие операция можно провести в офисе, если есть все необходимые документы.
Извините, что пришлось столкнуть с таким опытом.
У вас получилось решить вопрос?",2024-05-20 12:41:22
10,Павел Белинцев,2023-11-15 19:19:13,"Просторно, удобные кресла, два банкомата, немного народу, вежливые сотрудники. В общем все здорово. Парковка обычно свободна.",5,,2024-05-20 12:41:22
11,Евгения Елатникова,2023-11-23 17:30:34,"Не рекомендую проводить здесь ипотечные сделки, управляющий (возможно как человек он хороший), но работает (именно по сделке) ужасно. Минус очень большой, интерьер плюс)))",2,"Добрый день, Евгения!
Что именно пошло не так? Расскажите поподробнее нам на почту smm@alfabank.ru. Поможем разобраться и решим вопрос.",2024-05-20 12:41:22
12,elle,2023-09-24 14:27:53,"Прекрасный банк, отличный персонал работает! По какому только вопросу не обращусь, все решат, со всем помогут. Помещение банка уютное, в очереди можно взять книгу, почитать, а можно попросить кофе, который вам с удовольствием принесут!) Крайне рекомендую!",5,,2024-05-20 12:41:22
13,Турист,2024-05-17 15:26:37,Стандартный офис. Очередь ..если создаётся.... быстро двигается. После оформления карты и личного кабинета... в принципе сюда и не надо появляться.,4,,2024-05-20 12:41:22
14,Анна Б.,2023-05-23 10:36:28,"Я выбираю этот офис для обслуживания, так как сотрудники здесь вежливые и приятные. Они всегда помогают с оформлением документов, объясняют и подсказывают. Хотя можно также обратиться к ним по телефону, я предпочитаю приходить лично, если возникают вопросы.",5,,2024-05-20 12:41:22
15,Александра П.,2024-01-23 14:49:32,"Обслуживание на высшем уровне, сотрудники очень вежливы. Отличается возможностью записи на конкретное время и проведением всех необходимых операций. Реально довольна и благодарна за помощь.",5,,2024-05-20 12:41:22
16,Роман Алексеевич,2024-04-09 15:36:10,"Прекрасное отделение , решили проблему мгновенно!!! Отдельное хочу сказать благодарность сотруднику банка Яне! Спасибо вам еще раз!",5,,2024-05-20 12:41:22
17,Марина Салдохина,2023-11-28 14:27:16,"Приятное обслуживание при оплате кредита, дружелюбные сотрудники. Всё четко объяснили, как платить.",5,,2024-05-20 12:41:22
18,Алексей Смолин,2023-07-04 22:33:57,"Оставил заявку на выпуск дебетовой карты дали на выбор дату доставки, выбрал оказалась очень долго ждать начал звонить в банк в надежде что что-то можно ускорить а нет нельзя только если обратиться в банк и там выпустят карту сразу но не именуют, спросил а что у меня будет именная на что мне сказали нет ( почему зачем так долго ждать ) за четыре дня до назначенной даты стали приходить смс сегодня встреча и так два дня . Я не мог так как работал . Потом оказалось что мою карту аннулировали так как я не пришёл на встречу. Написал обращение как так я же договаривался с вами на одну дату а вы мне стали назначать на другую на что мне ответили что активных карты на ваше имя нет и вы можете попробовать выпустить новую карту . Я потерял три недели жда карту . Вот так работает банк",1,"Здравствуйте, Алексей.
Очень удивлены прочитанным, на нас это непохоже 😔 
Простите за такой опыт. Напишите, пожалуйста, нам на почту: smm@alfabank.ru ФИО, дату рождения, а также приложите скриншот отзыва. В теме укажите Жалоба. Яндекс. Алексей Смолин. Всё проверим и разберёмся.",2024-05-20 12:41:22
19,дима филатов,2024-04-27 13:57:46,"Спасибо менеджеру Михаилу! Помог вернуть проценты, которые были начислены из-за ошибки сотрудника чата.
Доброжелательный персонал.",5,,2024-05-20 12:41:22
20,Надежда Ермолаева,2024-03-12 18:26:59,"Молодой дружелюбный персонал, всё быстро оформили, проконсультировали",5,,2024-05-20 12:41:22
21,Надежда К.,2023-03-17 10:52:09,"Если было бы можно, поставила бы ""0"". Пришла в банк для получения зарплатной карты от работодателя. Встретили приветливо, но почему то для выдачи талона на обслуживание запросили паспортные данные, завели их на всеобщее обозрение в автомат! Вот это поворот!! Ну ладно, думаю, зарплатные карточки не выбирают, надо получать. Подошел менеджер, усадил в кресло, как удобно, ""никаких очередей""! И началось.. достает менеджер две карты - дебетовую и кредитную, запрашивает у меня код для входа в банк. Я говорю, что кредитная карта мне не нужна. И ""без лишнего шума"", через мессенджер я так понимаю, позвал менеджер подмогу. Подошла еще и девушка.. опытная похоже, потому что с этого момента начался откровенный обман- говорят ну давайте выдадим вам карту и тут же закроем. А мне оно зачем? После отказа с моей стороны проворачивать сомнительные операции сообщили, что по договору в зарплатный проект входит две карты. На вопрос показать договор – отказали, сказали договор у работодателя. Я решила уточнить у работодателя и прийти в другой раз. Тогда сотрудники под видом помощи мне в установке приложения (чего я не просила делать!!!) высмотрели код с моего телефона. Я согласие не давала. Оч жалко, что я оказалась в такой ситуации. В погоне за «галочками» «манагеры» вытрепали мне нервы дурацкими вопросами, типа «у вас в организации что, никто не получил кредитную карту?». На все готовы, что бы впарить продукт. В том числе на обман!! Стыдно",1,,2024-05-20 12:41:22
22,Виктория Разумовская,2024-02-13 10:41:22,"Решила взять карту с повышенным кэшбеком , при переводе денежных средств с другого телефона заблокировали карту . 
2 дня ходила в банк , чтобы разблокировать карту и тратила по 3 часа своего времени сидя в банке!
Сотрудница банка звонила на горячую линию для разблокировки карты , но более полутора часа там никто не отвечал! 

К самому отделению вопросов нет. 
Много вопросов по операционной составляющей! 
Считаю , что это недопустимо когда клиенты ждут ТАКОЕ КОЛИЧЕСТВО времени для решения своего вопроса. 

Нет желания быть клиентом данного банка!",1,"Здравствуйте, Виктория.

Можем ограничить доступ для безопасности, если видим сомнительную операцию.
Хотим проверить детали и помочь. Отправьте, пожалуйста, письмо на smm@alfabank.ru В теме укажите ссылку на ваш отзыв, а в самом письме напишите ФИО и дату рождения, а также скриншот отзыва и дату обращения.",2024-05-20 12:41:22
23,Яна Тюколева,2024-02-16 17:30:39,"Чисто, хорошо, отличные сотрудники, клиентоориентированные",5,,2024-05-20 12:41:22
24,Оксана Бердникова,2023-05-09 16:54:35,"Очень нравится отделение. Сотрудники работают всегда оперативно, всегда готовы помочь. Мы для обслуживания своей фирмы выбрали Альфа банк в том числе и из-за удобного расположения офиса и грамотной работы сотрудников",5,,2024-05-20 12:41:22
25,милана моор,2023-04-20 08:59:00,"Меня очень радует грамотный подход менеджеров банка к клиентам. Четко консультируют по продуктам банка, могут предложить какие-то новшества, расскажут про бонусы. Лояльность и клиентоориентированность на высшем уровне!",5,,2024-05-20 12:41:22
26,Юлия Александровна Гурова,2023-06-22 04:30:34,"Когда я зашла забрать карту после перевыпуска на прошлой неделе, попала на потрясающего сотрудника. Он не только выполнил работу оперативно, но и интересно рассказал о возможностях инвестиций. Приятно и полезно слушать.",5,,2024-05-20 12:41:22
27,Денис,2023-12-02 19:52:12,"Как положить деньги на свой счёт без карты, мне так и не помогли, направили в Москву. Кассы нет, только 2 банкомата",4,"Здравствуйте, Денис. Касса есть не во всех офисах. Посмотреть адреса отделений с кассой вы можете на нашем сайте: alfabank.ru/office, в фильтре отметьте Есть касса. Пополнить счёт без карты можно в любом нашем полнофункциональном банкомате с использованием кода доступа. Адреса банкоматов пишем здесь: alfabank.ru/atm.",2024-05-20 12:41:22
28,Сергей С.,2023-10-06 18:21:57,"Прекрасное обслуживание,молодой коллектив.но по знаниям уступают московским коллегам. И это факт. Желаю им подтянуться,а в Царицынском филиале так и сказал,на что сотрудник развёл плечами. Удачи!",5,,2024-05-20 12:41:22
29,Ева Иванова,2024-02-08 18:22:01,"Вежливое обслуживание, ожидание в очереди минимальное, компетентны в своей работе.",5,,2024-05-20 12:41:22
30,Наталья Королева,2023-09-16 18:17:15,Отличный банк. Недавно открыла его для себя. Условия для клиентов просто бомба. На мой взгляд - это лучший банк на данный момент. Рекомендую всем,5,,2024-05-20 12:41:22
31,Эльвира Раянова,2024-01-14 18:02:18,Благодарю Марину за подробное объяснение преимуществ кешбэка и бесплатных переводов на карты других банков. Замечательный персонал и приятная обстановка.,5,,2024-05-20 12:41:22
32,Александр С.,2023-05-28 16:47:50,"Отличное отделение в современном стиле, обслуживание на уровне, персонал доброжелателен, всё супер, рекомендую",5,,2024-05-20 12:41:22
33,Ириска,2023-05-26 19:37:54,"Очень приятная обстановка. Персонал вроде и знают, а вроде и не знают. 
Хочется задать вопрос. У них хоть образование есть, даже финансовое ??? 
Но смогли разобраться с моей проблемой, но как-то необычно - ни компьютера, все через планшет, все подписи электронные.",4,,2024-05-20 12:41:22
34,Светлана,2024-03-30 18:41:35,Я посетила несколько отделений Альфа Банка. Они все были чистыми и современными. Консультанты работали оперативно и предоставили все необходимые документы для открытия счёта,5,,2024-05-20 12:41:22
35,Виктория Лисина,2023-12-09 10:58:02,"Заглянула в филиал Альфа-Банка для открытия счета, сервис порадовал. Сотрудники были дружелюбными, помогли выбрать оптимальный вариант для финансовых нужд.",5,,2024-05-20 12:41:22
36,Вильям Крецензи,2023-05-22 11:51:12,"Отделение банка в отличном месте находится, мне буквально 3 минуты дойти, поэтому курьера для доставки не заказывал, сам пришёл. Девочки вежливые, обслужили нормально, не быстро конечно, но ничего нормально.",5,,2024-05-20 12:41:22
37,Евгений Вдовин,2023-08-26 16:32:08,"Офис банка обновлённый с современным дизайном. Внутренее пространство светлое и просторное.Несмотря на небольшие очереди, обслуживание быстрое. Так же банкоматы новые и всегда функционируют.
Режим работы удобный и стандартный",5,,2024-05-20 12:41:22
38,Татьяна Лобанова,2024-01-27 17:43:15,"Обслуживание, персонал просто супер. Отношение к клиентам. Мой любимый банк!!!",5,,2024-05-20 12:41:22
39,Алена Е.,2023-04-27 12:29:57,"Операторы звонят в течении месяца для открытия расчетного счета на ИП ,объясняла много раз,что нет ИП!
Но это не помогает ,звонят вновь 
Звонила на горячую линию операторы переключаю с одного на другого и никто не может ничего сделать ,отделы похоже между собой не имеют связи ,каждому приходилось объяснить все заново
Обслуживание на этапе предложения уже не компетентное и очень отталкивающее",1,,2024-05-20 12:41:22
40,multikniga,2024-02-07 19:03:36,"Я считаю, что банк должен иметь не только отличную репутацию, но и квалифицированный персонал. В этом банке всегда проявляется забота о клиентах, дружелюбный персонал и оперативное решение всех вопросов. Рекомендую его.",5,,2024-05-20 12:41:22
41,Александр Кузнецов,2023-04-26 19:39:19,"Я давно являюсь клиентом альфа и всегда оценивал высокий уровень сервиса. Оформление ипотеки тоже не стало исключением - все было быстро, прозрачно и без лишних хлопот.",5,,2024-05-20 12:41:22
42,nefedova1992@mail.ru,2024-02-04 03:31:36,"Впечатляют клиентоориентированные сотрудники! Очень оперативное обслуживание, никакой навязчивости. Все четко и по факту!",5,,2024-05-20 12:41:22
43,Татьяна Астахова,2023-07-17 11:43:59,"Отличный офис нового формата. Очень приветливые менеджеры. Бывает небольшое ожидание, но не критично",5,,2024-05-20 12:41:22
44,стеффани истапенкова,2023-05-31 08:23:29,"Доступно объясняют пожилому человеку, приходила с бабушкой открывать вклад. Я сама Альфа банком пользуюсь, и именно сюда рекомендовала бабуле обращаться, когда она попросила отвезти её в любой банк.",5,,2024-05-20 12:41:22
45,solo sol,2023-10-14 07:41:14,"Не работают, в субботу, а из за ерунды гоняют в отделение!!!! Ужасный банк! С какого то перепугу у мамы появился счёт на который можно перечислить деньги по спб",1,"Здравствуйте!
Может быть мама получала дебетовую карту или оформляла кредит, при этом мог быть открыть текущий счёт, он подходит для переводов по СБП. Если он не нужен, то закрыть его можно на звонке с кодовым словом.",2024-05-20 12:41:22
46,olgamalakyan,2023-06-19 10:19:27,"Недавно заезжала в это отделение. Обслуживание началось сразу, так как очередей почти не было, хотя люди присутствовали. Быстро и оперативно помогли мне с вопросом о кредите.",5,,2024-05-20 12:41:22
47,Н.С.,2023-06-02 17:07:48,"Чтобы получить талон в очередь , нужно вводить номер телефона. Я отказалась.
 Вызвала работника за столик переговоров. Консультация невнятная, я бы сказала непрофессиональная. 
 Сравниваю с обслуживанием в сбербанке и в МКБ.",1,"Здравствуйте!
Напишите нам, пожалуйста, на почту smm@alfabank.ru ваши ФИО, дату рождения и также, по какому вопросу обращались. Хотим разобраться. 
Также прикрепите ссылку или скриншот отзыва.",2024-05-20 12:41:22
48,Женя Груздев,2023-05-03 13:35:50,"Автокредит от альфа банка - хороший выбор для тех, кто хочет быстро получить автомобиль и не переплачивать за него. Мне выдали автокредит без проблем и я смог приобрести машину о которой давно мечтал)",5,,2024-05-20 12:41:22
49,Алексей А.,2022-07-27 23:22:37,"Альфа-банк раньше был хорошим банком, а сейчас он стал отвратительным.
1. Неудобное приложение. Один раз перевёл из-за этого неудобного приложения по ошибке деньги, в банке мне сказали помочь с возвратом ничем не могут.
2. Альфа-тревэл вообще смешно. Заказал информацию о бронированию конкретного отеля, дак они мне неделю не могли дать информацию!)) И я им всё это время напоминал. Потом написали что ""увы"")
3. Постоянные рассылки задолбали.
4. До оператора не дозвониться нормально. Нужно знать определённый номер и потом ещё с роботом говорить несколько минут чтобы тебя ещё соединили.
5. Чат в приложение очень слабый. Постоянно что-то уточняют, просят подождать из-за множества обращений, причём время суток не играет роли.
6. Операторы слабые, в простых вопросах помочь могут только с ожиданием.
7. Заказал большую сумму для получения в конкретном офисе (чтобы снять и в соседнем здании банке положить). Приехал, а мне сказали ""ну да мы видели ваш заказ, но наличности нет. Можете снять в банкоматах тамбура"" А в тамбуре 5-6 банкоматов и человек 20 народа. И ты стоишь такой снимаешь большую сумму, а на тебя все таращатся. Ну, альфа-банку на безопасность клиентов как бы всё-равно, поэтому..нормально.

В общем, я уже начал подыскивать себе другой банк, с этим работать крайне сложно стало..",1,,2024-05-20 12:41:22
50,Светлана С.,2023-11-12 20:32:53,"Кредит- это ответственное дело, и замечательно, что в отделениях Альфа-Банка консультируют по всем вопросам. Любая проблема решается, и отношение к клиенту лояльное. Огромное спасибо за это !",5,,2024-05-20 12:41:22
51,Ольга Малинка,2023-08-15 11:27:55,"Приятная атмосфера, грамотные специалисты, интересное обслуживание клиентов",5,,2024-05-20 12:41:22
52,максим,2023-04-11 13:08:23,"Очень вежливый персонал, приятная обстановка, все мои запросы выполнили в короткий срок, уже не первый год пользуюсь услугами данного банка !",5,,2024-05-20 12:41:22
53,Евгений Саматохин,2023-09-29 11:37:54,Они работают на высшем уровне - оперативно и без очередей. Сотрудники этого отделения всегда вежливы и ориентированы на результат. Все происходит четко и без лишних заморочек.,5,,2024-05-20 12:41:22
54,Александра Душанова,2023-10-12 14:02:46,"Рядом с моим домом находится этот филиал, и я хочу выразить огромную благодарность за оперативное решение всех вопросов при каждом моем обращении. Все делается быстро, за 10 минут, максимум.",5,,2024-05-20 12:41:22
55,Ирэн Кот,2023-08-20 20:38:28,"Понравилось обслуживание! Быстро все сделали, девочки профи , спасибо",5,,2024-05-20 12:41:22
56,Василий Журавлев,2023-12-26 16:28:40,"Банк не плохой,но почему-то не могут прислать карту по месту жительства.........",5,"Василий, здравствуйте!
Спасибо вам за обратную связь и оценку. Возможно, в ваш населённый пункт пока нет доставки. Стараемся расширять.",2024-05-20 12:41:22
57,Наталья В.,2023-10-06 04:47:33,"Все здесь очень аккуратно и красиво.Отделение расположено в уютном здании.Чисто,уютно, и я бы порекомендовала это место всем!",5,,2024-05-20 12:41:22
58,Abu al-Malik,2023-08-23 18:29:18,"приятный современный офис, меньше всего похожий на банковское отделение, а больше похожий на кафе. персонал приветливый, знающий, клиентоориентированный. phygital особо порадовал!",5,,2024-05-20 12:41:22
59,Галина Сологубова,2023-08-24 16:07:38,"Местоположение отделения удобное,а главное -всегда есть место для парковки. Здесь также есть удобная опция оплаты коммунальных услуг непосредственно в отделении ,что позволяет избежать походов в кассе.",5,,2024-05-20 12:41:22
60,Ряховская Мария,2023-04-29 16:33:00,Я была очень приятно удивлена уютной и просторной атмосферой в отделении Альфа-банка. Сотрудники были готовы ответить на все мои вопросы и провели меня через процесс оформления кредитной карты.,5,,2024-05-20 12:41:22
61,Инкогнито 5866,2023-05-03 13:46:48,"Рефинансирование кредита мне посоветовал коллега и я решил сделать это в альфа. Сказать, что я остался доволен это ничего не сказать. Банк действительно крутой)",5,,2024-05-20 12:41:22
62,Алиса Васильева,2024-01-29 18:23:34,"Узнала от знакомого о карте Альфа, заинтересовалась и решила оформить. Условия оказались выгодными, особенно порадовал ежемесячный кэшбэк на карту.",5,,2024-05-20 12:41:22
63,Владислав А.,2023-04-27 12:25:26,Система онлайн-банкинга у Альфа Банка просто потрясающая - я могу контролировать свои расходы в режиме реального времени и не когда не возникало никаких проблем,5,,2024-05-20 12:41:22
64,Стас С,2023-11-21 17:58:14,"Грамотные профессионалы, и очень отзывчивые люди в этом отделении.",5,,2024-05-20 12:41:22
65,Алексей К.,2024-02-18 17:50:43,"Обманули ))))
По поводу кредитной карты в 365 дней без процентов )",5,,2024-05-20 12:41:22
66,Антон Зайцев,2023-08-29 13:29:45,"Ставлю только три звездочки потому что просил баланс по кредитному лимиту 40000, а в итоге оказалось 48000 хотя я такой суммы не запрашивал))))",3,"Здравствуйте, Антон.

Можем предварительно одобрить определённые условия, но окончательное решение принимаем после проверки документов. Вы можете подать заявку на снижение лимита здесь: alfabank.ru/feedback/limit/.",2024-05-20 12:41:22
67,Доктор Бэр Бэр,2023-04-20 17:55:26,"Альфа-банк позволяет мне делать все мои финансовые операции из дома и мне не нужно тратить время на походы в банк. Даже кредитку они доставили мне на дом,сервис просто на высоте",5,,2024-05-20 12:41:22
68,Ольга Колесникова,2023-07-17 15:51:10,"Отвратительный банк, клиентами вообще не дорожат, информации никакой, нужно постоянно писать и звонить чтоб что то узнать, никто ни за что не отвечает, никому не посоветую!",1,"Здравствуйте, Ольга.
Очень удивлены прочитанным, на нас это непохоже 😔
Мы всегда дорожим нашими клиентами.
Всю информацию публикуем в открытых источниках, таких как наш официальный сайт.
Понимаем, что вопросы могут появиться после, поэтому отвечаем в разных каналах поддержки: чат, горячая линия, соцсети. 
Также подробно расписываем информацию по нашим продуктам в приложении и Альфа-Онлайн.",2024-05-20 12:41:22
69,Анастасия Аксенова,2023-04-07 16:52:27,"Очень понравилось обслуживание! Менеджер Алина все толком объяснила, помогла с одобрением кредита! Рекомендую данное отделение для обслуживания!!!",5,,2024-05-20 12:41:22
70,jostkii-tipaj,2024-02-25 06:37:03,"Всё нормально,приехал закрыл все счета все хорошо",5,,2024-05-20 12:41:22
71,Ландыш Галимова,2022-09-18 10:40:35,"Я была восхищена приветствием и советом, данным менеджером отделения Еленой. Профессиональный и компетентный персонал, готовый помочь с любым возникшим вопросом.",5,,2024-05-20 12:41:22
72,Алексей Г.,2023-12-11 11:52:29,"Не работает горячая линия, с оператором не возможно связаться.",1,"Здравствуйте, Алексей!
В периоды большой нагрузки время ожидания может быть немного больше. 
Вы всегда можете написать нам в чат мобильного приложения или Альфа-Онлайн.",2024-05-20 12:41:22
73,Елена Г.,2023-08-07 09:55:10,Банк предлагает высококачественное обслуживание и приветливый персонал. Посещение этого отделения Альфа банка всегда сопровождается быстрым и эффективным сервисом.,5,,2024-05-20 12:41:22
74,Александр Дьяконов,2023-05-03 07:08:52,"Оформление кредитной карты Альфа заняло у меня пятнадцать минут, а через пару дней на пороге квартиры уже стоял доброжелательный курьер, который и вручил ее мне. Рекомендую)",5,,2024-05-20 12:41:22
75,Мария,2024-01-25 23:49:31,"Ужасное отношение к людям, постоянное ожидание по часу",1,"Здравствуйте, Мария!
Простите за такой опыт, всегда стараемся помогать клиентам в моменте. В некоторых случаях время ожидания может быть дольше обычного, в зависимости от количества обращений и сложности вопросов клиентов перед вами.",2024-05-20 12:41:22
76,Олег Г.,2022-08-01 22:15:14,"Большой офис, сотрудники как и пологается к клиентам отзывчивы, учтивы и подробно объясняют, на вопросы отвечают. На мой взгляд всё нормально, есть банкомат.",5,,2024-05-20 12:41:22
77,yyrkina,2023-05-09 18:20:29,"Много раз пользовалась услугами данного банка, очень довольна. Рекомендую всем знакомым. Спасибо за то, что вы есть! и отдельное спасибо за вашу помощь в решении возникших вопросов. Всё быстро, чётко, оперативно.",5,,2024-05-20 12:41:22
78,Савелий Наумов,2023-07-26 13:52:05,"Я уже являюсь клиентом Альфа банка почти 5 лет и хочу отметить, что меня привлекает не только широкий выбор продуктов банка, но и само обслуживание. Менеджеры всегда готовы помочь с любым вопросом, и их дружелюбный подход радует.",5,,2024-05-20 12:41:22
79,Евгения Владиславовна,2022-07-19 09:54:00,"Классная концепция у Альфа банка по приему клиентов. Очень спокойная обстановка, без гула и ора табло с порядковым номером. Класный дрескод у сотрудников, процесс консультирования и продаж проходит легко и быстро. Мне очень понравилось в этом отделении и в целом мнение о банке только положительное .",5,,2024-05-20 12:41:22
80,Роман,2024-02-11 12:05:13,"Хорошие ребята, знают толк в своём деле",5,,2024-05-20 12:41:22
81,Кирилл Воробьев,2023-08-04 13:11:38,"Отвратительное обслуживание, невозможно выполнить базовые банковские операции, постоянные очереди. Только один вопрос - а это точно банк?",1,"Здравствуйте, Кирилл.

Скорость обслуживания зависит не только от количества сотрудников и клиентов, но и от сложности вопросов. Стараемся сократить время ожидания, насколько возможно.",2024-05-20 12:41:22
82,ирина ирина,2023-06-05 17:38:47,"Обслуживание странное, работники позволяют между собой болтать обо всём не смотря на клиента при обслуживании, не приятно",1,,2024-05-20 12:41:22
83,Алевтина Т.,2023-08-16 16:35:58,"В связи с моими командировками, на мой счёт поступают выплаты. Этот процесс проходит онлайн, мгновенно и без лишних хлопот. Отделение посещаю редко, однако сотрудники всегда приветливые и готовы помочь.",5,,2024-05-20 12:41:22
84,Талгат Усагалиев,2023-10-28 18:59:13,"Сотрудники проявляют дружелюбие, готовы помочь и разъяснить сложные моменты. Быстрое и качественное обслуживание.",5,,2024-05-20 12:41:22
85,яичко,2023-04-26 14:29:23,Альфа-банк является лидером среди других финансовых институтов с высокой репутацией и полным спектром услуг.,5,,2024-05-20 12:41:22
86,Ольга Петрова,2023-09-08 16:44:40,"Недавно оформила себе карту от Альфа-банка. Все оформление прошло онлайн, и уже через несколько дней я получила уведомление о готовности карты. Сотрудник банка подробно рассказал о всех выгодах и помог установить приложение.",5,,2024-05-20 12:41:22
87,Дмитрий Владимирович,2022-08-14 19:33:37,"Хорошее отделение, оперативно заменили карту, ответили на вопросы. В целом, впечатление более, чем приятное. Удобная парковка, прям в входа.",5,,2024-05-20 12:41:22
88,Гоша Куценко,2024-02-04 17:15:59,"Сотрудники , вежливые . Всё быстро , чётко оформили и объяснили .",2,"Приветствуем!
Пожалуйста, расскажите, с чем связана такая низкая оценка?",2024-05-20 12:41:22
89,Yana Kytovaya1106,2023-04-11 06:33:00,"Хороший банк , уютно . Быстро все оформили , менеджер ответил на все вопросы.",5,,2024-05-20 12:41:22
90,Иван Т.,2023-09-12 14:32:49,"Этот банк мне порекомендовала подруга, когда мне понадобился кредит. Результат меня приятно удивил- условия и обслуживание оказались на высшем уровне.",5,,2024-05-20 12:41:22
91,Людмила Михайловна,2023-09-29 11:19:56,"Отличный банк, спасибо за помощь в активации карты Заместителю Руководителя Любови",5,,2024-05-20 12:41:22
92,Максим Рау,2023-08-12 05:24:24,"Профессиональное обслуживание банка вызвало у меня удивление, я был здесь вчера. Работники банка проявили высокое внимание и заботу, и визит в банк оказался приятным и свободным от стресса.",5,,2024-05-20 12:41:22
93,Матвей Сухов,2023-05-20 06:20:11,"Много читал отзывов о банке Альфа, и заметил, чтомолодежь все больше интересуется им. Хочу идти в ногу со временем, поэтому решил попробовать и взял себе карту, пока дебетовую. Однако ч уже настроен изучать все продукты. Обслуживпние здесь отличное, а условия также привлекательные",5,,2024-05-20 12:41:22
94,Nana,2023-05-21 13:22:51,"Я выбрала Альфа-банк для открытия расчетного счета для моего индивидуального предпринимательства. Очень радует техническая поддержка и в данном отделении работают ответственные сотрудники, которые оказывают помощь в случае трудностей.",5,,2024-05-20 12:41:22
95,Людмила Шипилова,2023-05-24 11:34:34,Названивают каждый день в течении месяца с разных мобильных. Навязывают открытие р.с. Уже и по хорошему говорила и ругалась толку ноль.,1,,2024-05-20 12:41:22
96,Ирина Храмцова,2023-07-15 13:31:11,"Меня оперативно обслужили, и ни одной очереди не было. Все прошло на самом высоком уровне. Сотрудники проявляли вежливость и отзывчивость.Я настоятельно рекомендую это место!",5,,2024-05-20 12:41:22
97,Альбина Касимова,2023-06-14 17:41:57,"Офис чистый,просторное помещение, есть электронная очередь, а сотрудники не просто сидят на месте . Заслуженно считаю это отделение высших похвал .",5,,2024-05-20 12:41:22
98,Марина Митюшкина,2022-09-13 05:42:06,Спасибо за профессионализм и ответственность! В течении года принимала переводы по системе контакт. Всегда процесс проходил без нареканий. Быстро.,5,,2024-05-20 12:41:22
99,Любовь Ч.,2024-03-11 15:29:24,"Сотрудники всегда вежливы, дружелюбны и готовы помочь.",5,,2024-05-20 12:41:22
100,Евгений Соколов,2023-03-04 14:54:46,Заказал карту Альфы ради жирного кешбэка.Пользуюсь почти пол года и сэкономил уже приличную сумму просто на воздухе.Всем советую,5,,2024-05-20 12:41:22
101,Светлана К.,2024-02-19 20:33:45,Мой опыт обслуживания в Альфе всегда приносит удовлетворение. Условия кредитования выгодные.,5,,2024-05-20 12:41:22
102,Настя Сомина,2023-05-07 17:40:15,"Филиал Альфа банка имеет широкий спектр услуг для клиентов.Они предлагают кредиты , дебитовые и коедитные карты , страхование и многое другое .Я всегда найду здесь то что мне нужно.",5,,2024-05-20 12:41:22
103,Karina Nohrina,2023-07-09 21:27:40,"Я посетила офис Альфа банка,чтобы открыть новый счет,и я была уверена в профессионализме сотрудников.Они ответили на все мои вопросы и помогли мне быстро оформить необходимые документы.",5,,2024-05-20 12:41:22
104,yakusheva-tanya,2024-04-03 20:19:09,Работают не компетентные сотрудники,1,"Здравствуйте!
Жаль, что у вас сложилось такое мнение. Были бы рады узнать подробности, чтобы мы смогли во всём разобраться.",2024-05-20 12:41:22
105,Андрей Ч.,2022-05-27 07:34:21,"Отличный офис! Спасибо Альфе, что открылись в Электростали! Сотрудники, сервис, отношение к клиентам на самом высоком уровне! Даже кофе предложили!",5,,2024-05-20 12:41:22
106,Ирина Саперова,2022-08-06 20:19:43,"Когда я пришла, все сотрудники были заняты, пришлось подождать. НО, пригласили в зал ,! потом подошла менеджер все быстро рассказала, оформила. Молодцы, все супер.",5,,2024-05-20 12:41:22
107,Алина Молоствова,2023-07-23 13:37:42,Меня впечатлила искренняя заинтересованность и готовность помочь мне в решении моих проблем в этом банке. Это вызвало у меня положительные эмоции и по-настоящему оценило ваше мнение.,5,,2024-05-20 12:41:22
108,alex seryakov,2023-09-28 06:51:30,"Отсутствует касса
Не возможно внести наличные на счет
Как такое возможно не понимаю",1,"Здравствуйте!
Не во всех офисах есть касса, тут можно найти подходящий, в фильтре нужно установить В офисе есть касса alfabank.ru/office/map/",2024-05-20 12:41:22
109,Кирилл И.,2023-03-15 19:27:50,"Забежал в этот офис альфы для открытия нового счёта , и все прошло очень гладко. Сотрудники банка были очень профессиональны и дали мне все необходимые инструкции. Я был очень доволен сервисом, который я получил.",5,,2024-05-20 12:41:22
110,Алена Толмачева,2024-02-16 13:40:10,Получила высокий уровень сервиса. Сотрудник проявил заботу и внимание к моим операциям.,5,,2024-05-20 12:41:22
111,Василий Деревянко,2022-08-03 10:24:47,"Забирал карту, всё хорошо только приложения несмогли установить(были сбои). Вежливый персонал, ясно и понятно объяснили и показали.",4,,2024-05-20 12:41:22
112,Иван Шевцов,2023-03-11 20:26:46,"Свой первый депозит оформить в Альфе. Многие партнеры и коллеги советовали именно этот банк. Посетив это отделение, я понял почему. Четкость, грамотность, доброжелательность - вот как можно описать сотрудников данного банка",5,,2024-05-20 12:41:22
113,Алексей БараноVский.,2022-07-10 09:04:32,"Банк хороший, персонал доброжелательный, но не совсем грамотный, как я понял в большинстве своём это вчерашние студенты. 
Несмотря не на что впечатление положительное.",4,,2024-05-20 12:41:22
114,Маргарита Михайлова,2023-08-05 19:26:38,"Сотрудники банка помогли мне подобрать наилучший вариант по ипотечному кредиту. Не разбиралась в этом раньше, но теперь у меня полное понимание ситуации и условий. Благодарю!",5,,2024-05-20 12:41:22
115,Анастасия Шпика,2023-05-03 07:12:11,"Долго выбирал, где оформить кредитку и по итогу выбор пал на альфа банк. Очень порадовало, что все прошло быстро и не понадобилась справка о доходах. Очень выручили.",5,,2024-05-20 12:41:22
116,Мария,2022-06-08 13:15:15,"Только недавно открылись, уютно, чисто, но сотрудники сильно заняты некоторые были своими делами и очередь скопилось порядочная.",3,,2024-05-20 12:41:22
117,Ольга Малахова,2023-08-06 06:17:41,Офис любимого банка рядом с дачей: удобно,5,,2024-05-20 12:41:22
118,Кукавинец Наталья,2022-12-17 17:10:11,"Уютное отделение, вежливые и отзывчивые менеджеры! Рекомендуем!",5,,2024-05-20 12:41:22
119,me0wkat,2023-06-27 11:36:52,Офис отличный. Хочу выразить благодарность менеджеру Кристине за консультацию по вкладам. Она настоящий профессионал!,5,,2024-05-20 12:41:22
120,Мария Швец,2023-03-07 20:39:46,"В личном кабинете можно отслеживать состояние счета, делать переводы и оплачивать услуги ЖКХ, телефон, штрафы и т.д. Очень удобно, особенно если не любите приезжать в отделение. К самим сотрудникам нет нареканий! Всё прекрасно.",5,,2024-05-20 12:41:22
121,Наталья Павленко,2023-08-09 01:46:14,"Узнала, что альфа выпустила свой стикер, которого мне очень не хватало! Наконец-то вернулась функция оплаты через телефон. Большое спасибо банку за такое удобство!",5,,2024-05-20 12:41:22
122,Гуломджон Джалилов,2024-03-22 17:30:27,Обслуживание супер,5,,2024-05-20 12:41:22
123,Анастасия,2023-07-31 23:51:10,"Зашла в банк, чтобы закрыть кредитную карту. Все пролор быстро, сотрудник рассказал о новых условиях, и закрытие кредитки было приятным моментом.",5,,2024-05-20 12:41:22
124,Дмитрий В.,2022-11-09 13:58:09,"Всем возможным мошенникам раздают кредиты, а потом начинают названивать так называемым поручителям!!! Неизвестный мне человек дал мой номер без каких либо моих согласий.
Теперь сотрудники названивают мне и спрашивают а как же нам найти этого человека которого я не знаю !!! Дозвониться никогда не возможно , в ожидании робот постоянно рассказывает какой хороший банк но видимо это не так",1,,2024-05-20 12:41:22
125,Aleksei Karel,2023-06-24 19:18:48,"В очереди не приходится долго стоять! Все операции проходят быстро. Вы отдаёте карту, вам выдают договор. Затем вы идёте к банкомату и снимаете деньги. В общем, все происходит быстро и чётко!",5,,2024-05-20 12:41:22
126,Татьяна,2022-10-15 06:30:14,"Хамоватый персонал, неудобный график работы, отсутствие приложения. Самый отвратительный банк. Выдавать дебетовую карту 40 минут умудрились только они",1,,2024-05-20 12:41:22
127,Виктория А.,2023-08-21 20:14:28,"Честно говоря,очередей я в банке практически не встречала.
Возможно,в пиковые часы они имеют место быть,но лично мне не доводилось долго ждать,и это очень радует.",5,,2024-05-20 12:41:22
128,Наталья С.,2023-03-09 10:21:42,"Альфа имеет высокий уровень безопасности и защиты. Я могу чувствовать себя уверенно, что мои финансы в безопасности. Да и офис не вызывает вопросов, все сотрудники выглядят компетентно.",5,,2024-05-20 12:41:22
129,Станислав Салов,2022-08-01 16:49:14,"Очень внимательный персонал. Нет очередей . удобно, что ты приходишь не сидишь в очереди в кабинет , сотрудники сами к тебе подходят с ноутом",5,,2024-05-20 12:41:22
130,Федор К.,2023-10-09 10:26:56,Долгое обслуживание нехватка мест и сотрудников,1,"Здравствуйте, Фёдор!
Извините, что заставили вас ждать. Не все вопросы получается решить быстро, за счёт этого время ожидания может быть больше обычного.",2024-05-20 12:41:22
131,Ирина Прыганова,2022-12-01 18:12:17,"Все очень комфортно, совсем не так, как мы привыкл в банке. Здесь все креативненько.",5,,2024-05-20 12:41:22
132,"Малахова Ольга, архитектор",2022-08-30 10:43:49,"Удобно - менеджер подходит когда подходит Ваша очередь. Теперь везде так, но здесь увидела впервые.",5,,2024-05-20 12:41:22
133,294421 Луковская,2022-09-16 16:19:59,"Обслуживание качественное, отношение к клиентам внимательно, персонал на высшем уровне",5,,2024-05-20 12:41:22
134,Лариса Сатохина,2022-07-15 12:13:35,"Очень вежливый коллектив, банк отличный интерьер,обслуживают быстро",5,,2024-05-20 12:41:22
135,Александр Валтак,2022-08-07 09:10:03,"Нормальный банк, не без причуд.
Главное старайтесь избегать кредитов, темболее просрочек, заманают))
П.с.
Поржал, на коментом Алекся XD",4,,2024-05-20 12:41:22
136,Людмила Бочкарева,2022-06-01 20:58:35,"Офис появился как раз тогда, когда нам понадобился!😏 Хорошая организация, грамотные сотрудники. Мы получили все ответы и решили все вопросы,",5,,2024-05-20 12:41:22
137,Dron,2024-03-01 00:43:45,Рано закрываеться,4,,2024-05-20 12:41:22
138,Станислав Ефимов,2022-09-19 11:21:14,"Офис уютный, ребята вежливые, отношение с уважением, время ожидания незначительное.",5,,2024-05-20 12:41:22
139,Екатерина Гизун,2023-07-24 09:19:10,"Пользовались банкоматом , все работает исправно",5,,2024-05-20 12:41:22
140,Алексей,2023-09-18 10:41:17,Вежливый и грамотный персонал. Вопросы по открытию счета решили быстро.,5,,2024-05-20 12:41:22
141,Наталья П.,2023-08-14 14:05:26,"Выражаю признательность Альфа банку за щедрый кэшбэк.Ежемесячно я получаю приятную сумму,как будто из воздуха.",5,,2024-05-20 12:41:22
142,сергей п.,2022-08-10 04:40:01,"Очень хороший персонал, рассказали, подсказали, я даволен.",5,,2024-05-20 12:41:22
143,Чемоданов Александр Иванович,2022-06-02 17:15:42,Хорошее и быстрое обслуживание. Квалифицированный персонал.,5,,2024-05-20 12:41:22
144,Светлана Щербакова,2023-03-12 20:22:31,"Сделала себе ИП не выходя из офиса Альфа банка. На все про все ушло минут 15, при этом я получала развернутые ответы на все свои вопросы и я осталась очень довольна).",5,,2024-05-20 12:41:22
145,Аделя Ахметгараева,2023-05-31 08:27:18,Нормальный офис. Очередь была небольшая.,5,,2024-05-20 12:41:22
146,igor volchkov,2023-04-14 09:59:37,"Мало где найдешь банкомат в городе, чтобы снять и внести деньги",3,"Добрый день!
Стараемся расширять сеть банкоматов. Постараемся учесть пожелание. Можно пользовать и партнёрскими банкоматами: alfabank.ru/atm/map/a1d296f7%2Fmoskva/?filters=cashOut:rur,partners",2024-05-20 12:41:22
147,Уяна Мунзук,2023-04-17 14:09:26,Конкурентоспособные условия на кредиты и ипотеку.,5,,2024-05-20 12:41:22
148,Владимир Буданов,2023-02-03 14:19:16,Быстро. Удобно. Профессионально.,5,,2024-05-20 12:41:22
149,Виктория Каташевская,2022-05-10 17:21:03,Наконец-то в городе появилось отделение. Вежливые сотрудники-это радует,5,,2024-05-20 12:41:22
150,Иван Волков,2022-11-11 23:43:09,"Хорошо банк , грамотными специалистами",5,,2024-05-20 12:41:22
151,Екатерина,2022-12-07 17:36:39,Помогли быстро закачать онлай приложения,5,,2024-05-20 12:41:22
152,odva,2023-06-04 13:53:22,Все очень неплохо.,5,,2024-05-20 12:41:22
153,Алексей Сысоев,2022-06-13 11:38:09,"Вежливый персонал,приятное обслуживание",5,,2024-05-20 12:41:22
154,Артём Яриков,2022-12-12 17:54:26,"Бывают очереди,не так просто дождаться очереди",4,,2024-05-20 12:41:22
155,Владимир 777,2022-06-11 17:44:38,Супер современный банк в центре города,5,,2024-05-20 12:41:22
156,Роман Сазонов,2023-03-10 11:50:07,Нормальный офис. Только кассы нет.,4,,2024-05-20 12:41:22
157,Александр Герасимов,2022-07-10 18:50:48,Не сложилось. Не сработалось. Непонятно. Без объяснения причины,2,,2024-05-20 12:41:22
158,Мария,2022-06-04 16:55:32,Вежливый и профессиональный персонал,5,,2024-05-20 12:41:22
159,Greshnik Greshnik,2023-04-24 20:18:52,Нет обмена валюты .,3,"Здравствуйте.

ВЫ можете купить или продать доллары, евро и юани в нашем офисах: alfabank.ru/office/map/. Курс можно проверить здесь: alfabank.ru/currency/",2024-05-20 12:41:22
160,Лара,2022-07-06 15:31:29,"Грамотные специалисты.Открытые, вежливые.Спасибо!",5,,2024-05-20 12:41:22
161,Александр Ашихмин,2022-07-05 18:24:11,Обманщики(смотри мой отзыв на банки.ру),1,,2024-05-20 12:41:22
162,Назаров Анатолий,2023-06-19 06:00:07,Удобно!,5,,2024-05-20 12:41:22
163,Cергей Маякин,2022-05-27 07:45:34,Все на высшем уровне 😎,5,,2024-05-20 12:41:22
164,Ирина Воробьева,2022-06-20 18:31:55,Все отлично))),5,,2024-05-20 12:41:22
165,Aslan Aslan,2022-12-15 15:39:59,Все супер 👍,5,,2024-05-20 12:41:22
