,name,date,text,stars,answer
0,Инкогнито 4765,2024-02-11 15:43:44,Единственное отделение сбербанка в Кузнецке где консультанты девочки очень хорошо обслуживают клиентов всё подробно объяснят и расскажут. Также для удобства там сделано магазин магнит,5,
1,873289 Ханышева,2024-03-22 05:34:54,"Вчера снимала деньги с карты Газпрома в банкомате данного отделения. Так вот комиссия с 350 000 составила 3500 р.!!! 
При этом на табло банкомата об этой комиссии ни словечка, ни буковки. Специально стояла вчитывалась, чтобы в случае наличия комиссии поехать в Пензу и снять деньги без потери. 
Господа, это что за размер комиссии?!!! Где вы такое взяли? Почему клиент не уведомляется должным образом о размере комиссии?????",1,
2,Ирина Кузьмичева,2023-05-24 17:20:44,"Очень быстрое обслуживание, профессиональные сотрудники, большой спектр услуг-кредитование, ипотека, обслуживание и физических и юридических лиц, сейфовые ячейки. Удобное расположение, большая стоянка",5,
3,Любовь Голомышкина,2023-05-15 17:35:14,"Центральный банк, работают специалисты высокого уровня, всегда вежливые, готовы помочь клиенту по всем вопросам, клиентский зал светлый, чистый.",5,
4,Олег,2024-03-08 00:35:48,"Хороший и удобный офис, отличное место расположения",5,
5,Инкогнито 5289,2024-03-17 13:17:19,Быстрое и вежливое обслуживание. Очень приятно!,5,
6,202 191 Султанов,2023-11-27 11:46:45,Обслуга супер система супер и быстро итд итд и короче я неграмоьный,5,
7,Кира Ульянова,2024-01-27 17:49:14,"Чисто, терминалов много, в очереди стоять не приходится",5,
8,НазИль.,2023-09-12 19:56:45,"Яна окно 6, приветливая, отзывчивая и хороший специалист. Умница!!!",5,
9,vitalik veretennikov,2023-10-19 16:42:53,"Обслуживание хорошее, чисто, банкоматы круглосуточно",4,
10,Дмитрий Красильников,2022-07-19 18:14:59,"Хороший дополнительный офис ПАО ""Сбербанк России"", вежливые сотрудники, имеется банковский терминал. Жаль только, что сейчас от этого допофиса остается все меньше и меньше из-за ремонта. Единственный плюс - это супермаркет ""Магнит""!",5,
11,Дарья Грошева,2023-06-03 18:10:10,"После ремонта всё супер!поставили больше банкоматов,чистенько и замечательно.",5,
12,Дмитрий,2022-07-10 19:53:59,"Главный офис Сбербанка в городе. Превратился в бизнес центр . На верху мировые судьи города. Внизу слеваМагнит. Справа вход в Сбербанк.Персонал банка , отзывчивые,вежливые. Старший менеджер Елена помогла настроить сбербанк онлайн и при этом успевает помогать остальным сотрудникам. Отличный офис.",5,
13,фянис асанов,2024-04-22 12:12:58,Сбер банком работать удобнее.,5,
14,KONSTANTIN DEMENTEV,2023-04-17 16:52:49,"Хороший банк,вежлевый персонал,быстро и качественно оказали услугу.",5,
15,Кирилл Сорокин,2023-11-08 11:38:20,Отличное отделение сбербанка.,5,
16,Лариса Рябова,2024-01-06 18:36:02,"Не плохой, но долго сидишь в очередях.",4,
17,владимир ганзилович,2023-08-06 13:12:38,"Хорошее обслуживание, вежливый персонал",5,
18,Инкогнито 4223,2022-10-31 17:36:31,Очень быстрое обслуживание. Персонал приветливый и внимательный.,5,
19,Ирина,2021-09-03 03:09:29,"Доброго дня.
Хочу сказать слова благодарности сотрудникам отделения Елене Александровне и менеджеру Альфие за их высокий профессионализм и чуткое отношение.

Особенно благодарю Альфию за ее 
добросердечное отношение .
Большое вам спасибо.",3,
20,Нина Данилина,2023-05-18 05:38:09,Все хорошо. Чисто. Обслуживание по талонам.,5,
21,Ольга Евдокимова,2021-03-03 08:16:00,"Удобное расположение, большой чистый зал, много диванов и кресел для клиентов. Обслуживание клиентов быстрое, работники банка вежливые, чуткие. Спасибо вам!",5,
22,МЕБЕЛЬ НА ЗАКАЗ Москва,2023-01-29 18:49:41,"Тесновато .а операторы обслуживают быстро,вежливы 5 +",5,
23,Андрей Воробьев,2021-12-25 23:06:00,"Хороший банк,вежлевый персонал,быстро и качественно оказали услугу.Есть большая, удобная парковка.",5,
24,Алексей Б.,2022-09-19 09:53:59,"Очень ужасно, 2 дня мне не могут помочь с переводом моих же честнозаработаных средств со счета на счет. Сейчас дело дошло до блокировки физ карты",1,
25,Местный,2023-05-03 17:32:06,Сократили площадь. Обслуживание ИП по бизнес картам и счетам сделали онлайн.,2,
26,Лариса Клюева,2022-10-19 18:40:10,"Быстро, качественно, работают специалисты. Рекомендую!",5,
27,Эркин Юлдошев,2023-06-02 19:56:41,"Отлично обслуживают, молодцы",5,
28,Дмитрий Гречин,2021-12-01 08:38:37,"Качественное обслуживание, внимательные и грамотные специалисты. Сделка прошла быстро. Рекомендую.",5,
29,Татьяна Мартынова,2023-09-26 16:48:16,"Жаль, что сам Сбербанк разрушил сбербанк",4,
30,Надежда Хритова,2022-12-22 13:37:52,Нет комнаты для переговоров. Менеджер по ипотеке была не очень приветливой,3,
31,наталья довгалюк,2022-11-25 06:15:03,Спасибо все сделали очень вежливые работники..,5,
32,Марина В.,2023-04-25 12:19:48,Молодцы все чисто и красиво,5,
33,РАИСА С.,2021-03-29 08:26:47,"Обратилась по по поводу аренды кассы , В Ленинск-кузнецком .Не покупаем аппарат так как не известно сколько проработаю ИП и притом только открываемся.Ну такую сумму выдали :Ну вам обойдется около 3000 ех тыс в месяц Смотрю в интернете Стандарт 1400 руб .Столько мне наговорили ,что вышла с больной головой .Это нужно сделать им ,вот это и то.Это развод ?",1,
34,ООО АГРО ПЛЮС,2023-06-25 17:15:13,"Сотрудники ничего не знают, не могут подсказать",3,
35,Алёна Фарафонова,2024-03-12 15:19:02,Прекрасно,5,
36,Сания Рахмаева,2022-12-11 17:23:02,"Обслуживание хорошее, внимательные сотрудники",4,
37,Марина Овчинникова,2022-05-15 17:11:16,Хороший банк хожу только в него недалеко и обслуживание на высшем уровне,5,
38,Алла Милославская,2021-09-29 14:26:02,Супер супер. Наш банк м. Самый красивый. Девочки все очень внимательные.,5,
39,Венера Санжапова,2023-07-24 07:09:23,Отличный специалисты,5,
40,Kirill Lapin,2023-03-12 12:17:32,Отношения хорошее работники добрые,5,
41,Кабзон,2022-05-10 16:39:39,Хорошую банку с отзывчивым отзывчивыми девушками-консультантами,5,
42,Анна С,2021-07-02 06:36:40,"Вежливые сотрудники, спасибо девушке(непомню не имя не фамилии) помогла с кредитом, после обращалась не раз. Не ресепшн девушки всегда помогают когда требуется, раз только подключили мне зачем то автоплатеж к телефону это вот минус, я то отключу, а вот бабушки? Вообщем меня устраивает данная точка, советую.",5,
43,Имя Фамилия,2024-01-03 13:23:24,Обычное отделение.,5,
44,Irina,2022-05-10 19:14:59,Все быстро и понятно объясняют. Молодцы,5,
45,Анна Маевская,2022-02-17 17:42:54,"Работала здесь, всё норм. Можно от скуки по работать 😅",5,
46,Елена Мамыко,2021-07-13 08:31:42,"Главный офис сбербанка. Современно, культурно! Отлично!",5,
47,ириночка,2021-05-28 09:33:44,"Удобное местоположение,отличный персонал,все хорошо",5,
48,Александр П,2021-09-10 10:11:40,"Приветливые сотрудники, быстрое обслуживание, солидный банк",5,
49,EAV,2023-07-21 20:48:00,Много молодых еще некомпетентных сотрудников 😔,2,
50,Михаил Егоров,2021-09-06 13:22:35,"Отличное расположение, обслуживание на уровне",5,
51,Антон Бурков,2019-08-30 16:50:12,"Если сравнивать с прошлым, то небо и земля. Прогресс на лицо. Вежливый персонал, нет очередей, быстрое и грамотное обслуживание. Всё супер.",5,
52,Людмила Шалонкина,2021-04-17 12:58:19,"Стал намного лучше,удобная парковка,быстрое обслуживание.",4,
53,Олег Тропин,2020-11-17 21:45:12,"Нет величия ""Сбербанка"",остался только разносчик пиццы сбер,и то логотип сам придумать не смог , хорошо хоть англичане срисовали от куда то",1,
54,ирина живодерова,2021-09-21 18:48:49,"Вежливо, удобно клиентоориентированно",5,
55,Иван Иванов,2022-02-09 04:03:25,Единственный плюс парковка большая,2,
56,Иван Баженов,2021-08-16 09:36:46,Спасибо большое. Все очень хорошо.,5,
57,Саша Сашин,2022-06-01 19:09:39,тут всё и суд и банк и магазин,5,
58,Саша В.,2021-09-21 09:34:54,"Ждёшь , обычно , недолго .
Девчёнки хорошие !",5,
59,Alex_Gurman,2021-12-15 03:21:08,"Хорошо, что открыли продукты👍 -1звезда за неосвещенную парковку",4,
60,Serqei S.,2021-09-21 06:22:55,"Современно, быстрота обслуживания",5,
61,Александр Постнов,2020-07-29 18:59:24,Чисто и обслуживание нормальное. НО! Не смогли мне подключить к онлайну мой счет. Не знали как это сделать.,4,
62,Николай Берник,2019-11-02 16:01:38,Ну что сказать за Сбербанк везде одно и тоже все приветливые радостные когда ему несёшь деньги или они собирают процент из людей. Ну так всё чисто и аккуратно,5,
63,Кочурова Анна,2022-09-12 16:42:08,Он великолепен,5,
64,Юрий,2021-10-18 11:53:34,"Сбербанк как Сбербанк , центральный офис г Кузнецка",5,
65,Валентина Н.,2021-04-12 08:57:38,"Приятно, нет очереди, все вежливы.",5,
66,Алла Я,2021-04-13 12:12:24,Высший уровень. Всё как надо. Рекомендую,5,
67,Алла Нефедова,2020-04-12 19:12:25,"Быстрое обслуживание,грамотные консультанты, рекомендую.",5,
68,faritbiktimir,2022-09-16 03:24:23,Отлично,5,
69,Елена,2020-03-29 10:07:24,"Хорошее место. Консультанты все добрые, отзывчивые.",5,
70,Елена М.,2019-08-18 17:44:39,"Хороший сбербанк, просторно, вызывают по талонам, очередь всегда небольшая.",5,
71,Марина Савина,2021-02-03 13:53:49,"Удобно,быстро всё нормально",5,
72,Алексей Липецкий,2021-03-04 19:17:25,Самый дорогой по процентам банк и работники тоже,1,
73,виталий х.,2022-06-07 18:51:16,Обслуживание на высоте 👍,5,
74,Alex,2021-10-11 13:37:54,Центральное отделение сбербанка в городе. Очередей нет.,4,
75,Анна,2021-06-08 17:30:10,Долго пришлось ждать своей очереди.,3,
76,Ирина Д.,2020-02-09 07:25:13,Быстрое обслуживание грамотными специалистами!!!,5,
77,Max,2019-08-17 08:58:39,"Большое центральное отделение сбербанка, весь спектор банковских услуг можно получить там.",5,
78,рафик рафик,2020-03-13 20:44:45,"Хорошее обслуживание, вежливый персонал",5,
79,Елена В.,2020-08-14 04:58:38,Не всегда обслуживают компетентные сотрудники,4,
80,Vlad Ganeev,2021-04-21 03:20:25,Все быстро и по делу,5,
81,игорь пантелеев,2021-11-05 12:21:03,Банк кае банк,4,
82,Павел Царев,2019-11-09 07:31:16,Все очень даже отлично но чего то не хватает а вот чего пока сам не пойму!,5,
83,светлана балаева,2020-02-23 07:37:11,Хороший банк! Выгодные условия для клиентов!,5,
84,юрий ромашков,2019-12-14 11:50:24,"Единственный банк,который одобрил кредит в критической для меня ситуации.",5,
85,Юрий Петюшин,2019-09-21 19:15:46,Вежливое обслуживание и милые сотрудницы.....,5,
86,Яна,2020-01-17 14:46:29,"Отличный персонал, все на уровне",5,
87,Александр,2020-01-23 09:52:23,У меня со Сбербанком проблем нет. Много лет пользуюсь его услугами,5,
88,Елена П.,2019-09-18 14:44:34,Присылают заявку на спец.предложение и не дают кредит.А ты бегаешь собираешь док,1,
89,Сергей Кулагин,2022-06-10 16:58:37,Всё нормально,4,
90,bivkuzn,2020-02-19 19:20:10,"Много банкоматов, в операционном зале нет очередей.",5,
91,R-58,2021-11-12 07:59:58,удобный зал-просторно.,5,
92,Сашка,2020-04-06 05:10:41,"Быстрое обслуживание, Антон лучший работник сбера",5,
93,Дмитрий,2021-08-15 11:12:51,"Комфортно, быстро.",5,
94,Андрей Х.,2020-02-06 06:23:35,"Нет очередей,всегда объяснят и помогут",5,
95,Юрий Гордеев,2019-11-13 20:51:47,Быстрое и вежливое обслуживание,5,
96,влад дорофеев,2020-10-28 13:42:29,Быстрое обслуживание,4,
97,Евгений Моисеев,2019-09-22 07:17:10,"Обычное отделение, соответствует уровню провинции",4,
98,Женечка Р.,2019-07-26 08:36:40,Довольна обслуживанием специалистов))),5,
99,игорь макаревич,2021-05-03 11:10:57,Все хорошо,5,
100,Юлия,2020-05-12 11:50:45,Хорошо и удобно,5,
101,Aleksandr Makarov,2019-12-28 18:06:11,Отличный банк рекомендую.,5,
102,ирина т.,2020-02-20 04:56:23,"Нормальный банк,претензий нет",5,
103,Ирина Пинясова,2019-09-06 18:49:35,В принципе всё слаженно.,5,
104,Катерина Хлопчаткина,2019-08-18 13:11:32,Отщывчевый приятный персонал!!,5,
105,Ольга Абнер,2018-06-19 11:36:57,"Отвечают на задаваемые вопросы развернуто,всегда помогают ,нет больших очередей",5,
106,Irina Zharova,2020-05-25 06:09:33,Все нормально,5,
107,Дмитрий Кремляков,2020-04-04 22:12:24,Нормально так,5,
108,Ольга Апарина,2020-02-29 16:18:06,Иногда хамят,1,
109,Ирина Поселки,2020-03-16 16:04:22,все отлично,5,
110,Елена,2019-12-03 15:57:46,Всё хорошо,5,
111,Сергей,2019-11-23 06:16:25,всё хорошо,5,
112,Добрый,2019-09-03 06:26:56,Наконец то всё нормально,5,
113,Ю Л Е Н Ь К,2019-11-22 11:46:53,Всё ок.,5,
114,Руслан Егоров,2018-04-09 09:49:01,"Как обычно ,все на уровне.",5,
115,Светлана Казанцева,2018-05-11 11:04:49,Банкоматов и терминалов много! Это плюс!!!,5,
116,Андрей Поликарпов,2018-05-06 12:21:33,Отличное обслуживание,5,
