,name,date,text,stars,answer
0,Валентина Истомина,2024-04-24 00:17:05,"Хорошо, что теперь у нас есть офис Альфы. Заходила узнавать про эквайринг, видела проценты на сайте, решила узнать подробнее. Могу сказать, что все, что они пишут на сайте, это правда. Консультацией осталась довольна и решила заказать. Отделение понравилось, стильное и сделано для удобства клиентов.",5,
1,Милена Мурсалимова,2024-04-20 10:56:34,"Хоть я и не часто захожу сюда, но каждый раз здесь предоставляют отличный сервис. В последний раз у меня была проблема с карточкой, информация онлайн отображались неверно. Все быстро уладили, и это заняло всего минут 20. Спасибо!",5,
2,Галина Марьина,2024-04-30 11:27:48,"На днях оформляла там кредитку - год без процентов, консультант все рассказал, несколько раз дал перечитать договор, без многозначительных взглядов и тяжелых вздохов.. Задавала стопятьсот вопросов и на все получила исчерпывающий ответ. Советую и этот филиал и сам Альфабанк",5,
3,Мария Петрова,2024-04-20 04:30:41,"Пришла в офис узнать насчет кредита, народу мало, сразу села на консультацию. Задала вопросы, обрадовало, что консультант хорошо знает продукты банка, объяснил, из чего комиссия складывается, какая переплата получится. Рекомендую.",5,
4,Анна Тетерева,2024-04-30 17:11:59,"Обслуживание на уверенную пятерочку! Молодые менеджеры, во многом разбираются и о многом могут рассказать. Мне так рассказали как в приложении можно вносить платежи по кредитной карте, очень полезно!",5,
5,Дарья Голованова,2024-04-22 19:35:07,"Лично мне понравилось это отделение в целом и его сотрудники в частности. Оно как то поинтересней выглядит, чем у других банков. А сотрудники хорошо разбираются в том, что предлагают клиентам",5,
6,Наталья Маслова,2024-04-15 03:21:52,"Понравилось! Сотрудники дали ответы на все мои вопросы (доступно, понятно). Остались приятные впечатления. Спасибо!",5,
7,Оксана Ушакова,2024-04-16 19:00:52,"С отделением знакома давно, классное. Сотрудники приятные, не врут про условия и банкоматы 24/7 работаю, выручают)",5,
8,Владимир Беляков,2024-04-02 11:35:18,"В этом банке прекрасное обслуживание, рекомендую посетить этот офис.",5,
