,name,date,text,stars,answer
0,Фима Круглая,2023-10-12 15:51:00,"Очень интересно организована работа в отделении, уютненько, чистенько, девочки умницы, веселые, стараются сделать все быстро. Организация, в которой работаю, заказала зарплатные карты недавно, поэтому была в отделении пару раз. Поэтому отзыв по первому впечатлению.",5,
1,Антон Егерь,2024-04-25 04:00:28,"Удобный и функциональный офис, консультацию можно получить по любому вопросу. Приходили с женой по поводу оформления детской карты. Банком довольны.",5,
2,Инкогнито 1970,2024-04-21 14:20:28,"По рекомендации друга воспользовалась эквайрингом в Альфа-Банке. Подписала все необходимые документы быстро, условия были хорошие, и сотрудники оказали активную поддержку. Никаких проблем или жалоб не возникало.",5,
3,Любовь Миронова,2023-10-09 11:24:26,"Приятный офис, удобное расположение. Девушка-консультант оперативно решила мой вопрос, рассказала про выгодные предложения. Визитом осталась довольна.",5,
4,Семэн,2024-01-14 03:35:46,"удобное расположение, хорошее обслуживание, из минусов- всего 1 банкомат при входе в тамбуре, в выходные дни может скапливаться очередь",4,
5,Martin Erickson,2023-11-13 15:53:11,"Уютное маленькое отделение с банкоматом. Бывал много раз, огромных очередей не наблюдал. Рекомендую.",5,
6,альфия хуснутдинова,2023-10-15 14:32:34,Отличный вежливый персонал.Оперативно работают хорошо знающий своё дело.,5,
7,Виктор Стасенко,2024-03-05 15:52:28,Отличный банк вежливые грамотные сотрудники,5,
