ID,name,address,website,opening_hours,ypage,lat,lon,rating,phone,social
1108091950,СберБанк,"просп. Автозаводцев, 23, Миасс",,,,55.0586,60.10809,"4,4",,
1006489290,СберБанк,"ул. Романенко, 50А, Миасс",,,,55.047544,60.10974,"4,4",,
1035196678,СберБанк,"ул. 8 Марта, 120, Миасс",,,,55.038184,60.116387,"4,3",,
1082236923,СберБанк,"просп. Октября, 42, Миасс",,,,55.137921,60.150252,"4,3",,
1052924566,СберБанк,"просп. Макеева, 25А, Миасс",,,,55.152251,60.152319,"4,4",,
186742587391,СберБанк,"Пролетарская ул., 15, Миасс",,,,54.988381,60.102242,"4,3",,
