,ID,name,address,website,opening_hours,lat,lon,rating,phone,social,Обслуживание,Персонал,Отношение к клиентам,Время ожидания,Банкомат,Расположение
0,70277006418,СберБанк,"ул. Комарова, 18, посёлок ЗЯБ, Набережные Челны",www.sberbank.ru,"'mon': 08:30-18:00, 'tue': 08:30-18:00, 'wed': 08:30-18:00, 'thu': 08:30-18:00, 'fri': 08:30-18:00, 'sat': 08:30-18:00, 'sun': выходной",55.696090,52.348880,"4,5",['8 (800) 555-55-50Показать телефон'],"['http://ok.ru/sberbank', 'https://vk.com/sberbank']",85,94,83,75,,
1,43878289219,СберБанк,"просп. Хасана Туфана, 5Е, Набережные Челны",www.sberbank.ru,"'mon': 09:00-18:00, 'tue': 09:00-18:00, 'wed': 09:00-18:00, 'thu': 09:00-18:00, 'fri': 09:00-18:00, 'sat': 09:00-18:00, 'sun': выходной",55.738953,52.415080,"4,6",['8 (800) 555-55-50Показать телефон'],"['http://ok.ru/sberbank', 'https://vk.com/sberbank']",84,92,79,80,,
2,1036164264,СберБанк,"просп. Сююмбике, 67А, Набережные Челны",www.sberbank.ru,"'mon': 08:30-18:30, 'tue': 08:30-18:30, 'wed': 08:30-18:30, 'thu': 08:30-18:30, 'fri': 08:30-18:30, 'sat': 08:30-18:30, 'sun': выходной",55.754599,52.411152,"4,7",['8 (800) 555-55-50Показать телефон'],"['https://ok.ru/sberbank', 'https://vk.com/sberbank']",75,81,74,71,84,100
3,1107894339,СберБанк,"ул. Шамиля Усманова, 23А, Набережные Челны",www.sberbank.ru,"'mon': 08:30-18:30, 'tue': 08:30-18:30, 'wed': 08:30-18:30, 'thu': 08:30-18:30, 'fri': 08:30-18:30, 'sat': 08:30-18:30, 'sun': выходной",55.732013,52.381996,"4,7",['8 (800) 555-55-50Показать телефон'],"['http://ok.ru/sberbank', 'https://vk.com/sberbank']",86,87,86,72,82,
4,1209597899,СберБанк,"ул. Марджани, 32, Елабуга",www.sberbank.ru,"'mon': 08:30-17:30, 'tue': 08:30-17:30, 'wed': 08:30-17:30, 'thu': 08:30-17:30, 'fri': 08:30-17:30, 'sat': 08:30-17:30, 'sun': выходной",55.774610,52.011546,"4,6",['8 (800) 555-55-50Показать телефон'],"['http://ok.ru/sberbank', 'https://vk.com/sberbank']",94,100,89,94,,
5,104143113590,СберБанк,"ул. Ленина, 11, село Новотроицкое",www.sberbank.ru,"'mon': 09:21-11:30,12:15-15:00, 'tue': 08:30-11:30,12:15-15:00, 'wed': выходной, 'thu': 08:30-11:30,12:15-15:00, 'fri': выходной, 'sat': выходной, 'sun': выходной",55.618324,52.404381,"4,4",['8 (800) 555-55-50Показать телефон'],['https://vk.com/sberbank'],,,,,,
6,1006791768,СберБанк,"просп. Раиса Беляева, 12, Набережные Челны",www.sberbank.ru,"'mon': 08:30-18:00, 'tue': 08:30-18:00, 'wed': 08:30-18:00, 'thu': 08:30-18:00, 'fri': 08:30-18:00, 'sat': 08:30-18:00, 'sun': выходной",55.733974,52.404824,"4,4",['8 (800) 555-55-50Показать телефон'],"['http://ok.ru/sberbank', 'https://vk.com/sberbank']",86,88,83,73,,
7,136897517695,СберБанк,"ул. Зуфара Галиева, 17/1, село Калмаш",www.sberbank.ru,"'mon': 08:00-12:00,12:30-15:00, 'tue': 08:00-12:00,12:30-15:00, 'wed': 08:00-12:00,12:30-15:00, 'thu': 08:00-12:00,12:30-15:00, 'fri': выходной, 'sat': 08:00-12:00,12:30-15:00, 'sun': выходной",55.730806,52.640728,"4,0",['8 (800) 555-55-50Показать телефон'],"['http://ok.ru/sberbank', 'https://vk.com/sberbank']",,,,,,
8,1258005937,СберБанк,"просп. Сююмбике, 16, Набережные Челны",www.sberbank.ru,"'mon': 09:00-18:00, 'tue': 09:00-18:00, 'wed': 09:00-18:00, 'thu': 09:00-18:00, 'fri': 09:00-18:00, 'sat': 09:00-18:00, 'sun': выходной",55.736733,52.393274,"4,5",['8 (800) 555-55-50Показать телефон'],"['http://ok.ru/sberbank', 'https://vk.com/sberbank']",83,87,82,80,80,
9,138425785980,СберБанк,"Советская ул., 1, посёлок совхоза Татарстан",www.sberbank.ru,"'mon': 08:00-11:30,12:15-15:30, 'tue': 08:00-11:30,12:15-15:30, 'wed': 08:00-11:30,12:15-15:30, 'thu': 08:00-11:30,12:15-15:30, 'fri': 08:00-11:30,12:15-15:30, 'sat': 08:00-11:30,12:15-14:30, 'sun': выходной",55.622466,52.598300,"4,0",['8 (800) 555-55-50Показать телефон'],"['http://ok.ru/sberbank', 'https://vk.com/sberbank']",,,,,,
10,1103556185,СберБанк,"Московский просп., 183А, Набережные Челны",www.sberbank.ru,"'mon': 09:00-18:00, 'tue': 09:00-18:00, 'wed': 09:00-18:00, 'thu': 09:00-18:00, 'fri': 09:00-18:00, 'sat': 09:00-18:00, 'sun': выходной",55.755333,52.451057,"4,7",['8 (800) 555-55-50Показать телефон'],"['http://ok.ru/sberbank', 'https://vk.com/sberbank']",90,97,95,67,88,92
11,16760466681,СберБанк,"Набережночелнинский просп., 70/56, Набережные Челны",www.sberbank.ru,"'mon': 08:30-18:00, 'tue': 08:30-18:00, 'wed': 08:30-18:00, 'thu': 08:30-18:00, 'fri': 08:30-18:00, 'sat': 08:30-18:00, 'sun': выходной",55.719086,52.375309,"4,6",['8 (800) 555-55-50Показать телефон'],"['http://ok.ru/sberbank', 'https://vk.com/sberbank']",87,84,86,,,
12,19666282766,СберБанк,"наб. Габдуллы Тукая, 93/100, посёлок ГЭС, Набережные Челны",www.sberbank.ru,"'mon': 08:30-18:30, 'tue': 08:30-18:30, 'wed': 08:30-18:30, 'thu': 08:30-18:30, 'fri': 08:30-18:30, 'sat': 08:30-18:30, 'sun': выходной",55.698724,52.317168,"4,7",['8 (800) 555-55-50Показать телефон'],"['http://ok.ru/sberbank', 'https://t.me/sberbank', 'https://vk.com/sberbank']",83,88,92,68,,
13,1142104470,СберБанк,"просп. Нефтяников, 19, Елабуга",www.sberbank.ru,"'mon': 08:30-17:00, 'tue': 08:30-17:00, 'wed': 08:30-17:00, 'thu': 08:30-17:00, 'fri': 08:30-17:00, 'sat': 08:30-17:00, 'sun': выходной",55.751908,52.016192,"4,4",['8 (800) 555-55-50Показать телефон'],"['http://ok.ru/sberbank', 'https://vk.com/sberbank']",68,71,77,,,
14,1257677812,СберБанк,"ул. Татарстан, 18А, Набережные Челны",www.sberbank.ru,"'mon': 08:30-18:30, 'tue': 08:30-18:30, 'wed': 08:30-18:30, 'thu': 08:30-18:30, 'fri': 08:30-18:30, 'sat': 08:30-18:30, 'sun': выходной",55.765724,52.432263,"4,7",['8 (800) 555-55-50Показать телефон'],"['http://ok.ru/sberbank', 'https://vk.com/sberbank', 'https://youtube.com/user/Sberbank']",95,97,93,91,94,88
15,97838918512,СберБанк,"Интернациональная ул., 4А, Елабуга",www.sberbank.ru,"'mon': 08:30-18:30, 'tue': 08:30-18:30, 'wed': 08:30-18:30, 'thu': 08:30-18:30, 'fri': 08:30-18:30, 'sat': 08:30-18:30, 'sun': выходной",55.758694,52.007404,"4,4",['8 (800) 555-55-50Показать телефон'],"['http://ok.ru/sberbank', 'https://vk.com/sberbank']",68,68,68,50,,
16,1211399402,СберБанк,"просп. Хасана Туфана, 45А, Набережные Челны",www.sberbank.ru,"'mon': 08:30-19:00, 'tue': 08:30-19:00, 'wed': 08:30-19:00, 'thu': 08:30-19:00, 'fri': 08:30-19:00, 'sat': 08:30-19:00, 'sun': выходной",55.744180,52.388155,"4,7",['8 (800) 555-55-50Показать телефон'],"['https://ok.ru/sberbank', 'https://vk.com/sberbank']",77,81,78,67,40,100
17,1010953927,СберБанк,"просп. Мира, 24А, Набережные Челны",www.sberbank.ru,"'mon': 08:30-18:00, 'tue': 08:30-18:00, 'wed': 08:30-18:00, 'thu': 08:30-18:00, 'fri': 08:30-18:00, 'sat': 08:30-18:00, 'sun': выходной",55.730249,52.395587,"4,3",['8 (800) 555-55-50Показать телефон'],"['http://ok.ru/sberbank', 'https://vk.com/sberbank']",67,71,58,82,,
18,1013643650,СберБанк,"ул. Габдуллы Тукая, 38, Елабуга",www.sberbank.ru,"'mon': 08:30-13:00,14:00-17:15, 'tue': 08:30-13:00,14:00-17:15, 'wed': выходной, 'thu': 08:30-13:00,14:00-17:15, 'fri': 08:30-13:00,14:00-17:15, 'sat': выходной, 'sun': выходной",55.759400,52.084338,"4,0",['8 (800) 555-55-50Показать телефон'],"['http://ok.ru/sberbank', 'https://vk.com/sberbank']",,,,,,
19,1090472973,СберБанк,"Автозаводский просп., 29, Набережные Челны",www.sberbank.ru,"'mon': 08:30-18:00, 'tue': 08:30-18:00, 'wed': 08:30-18:00, 'thu': 08:30-18:00, 'fri': 08:30-18:00, 'sat': 08:30-18:00, 'sun': выходной",55.753893,52.429503,"4,5",['8 (800) 555-55-50Показать телефон'],"['http://ok.ru/sberbank', 'https://vk.com/sberbank']",88,79,83,,,
20,1211948092,СберБанк,"просп. Мусы Джалиля, 25, Набережные Челны",www.sberbank.ru,"'mon': 08:30-18:00, 'tue': 08:30-18:00, 'wed': 08:30-18:00, 'thu': 08:30-18:00, 'fri': 08:30-18:00, 'sat': 08:30-18:00, 'sun': выходной",55.681934,52.294669,"4,5",['8 (800) 555-55-50Показать телефон'],"['http://ok.ru/sberbank', 'https://vk.com/sberbank']",94,93,93,94,,
21,1119986897,СберБанк,"просп. Вахитова, 14А, Набережные Челны",www.sberbank.ru,"'mon': 09:00-18:00, 'tue': 09:00-18:00, 'wed': 09:00-18:00, 'thu': 09:00-18:00, 'fri': 09:00-18:00, 'sat': 09:00-18:00, 'sun': выходной",55.745603,52.425062,"4,5",['8 (800) 555-55-50Показать телефон'],"['http://ok.ru/sberbank', 'https://vk.com/sberbank']",90,92,96,92,,
22,1078049235,СберБанк,"Сармановский тракт, 56, Набережные Челны",www.sberbank.ru,"'mon': 08:30-18:00, 'tue': 08:30-18:00, 'wed': 08:30-18:00, 'thu': 08:30-18:00, 'fri': 08:30-18:00, 'sat': 08:30-18:00, 'sun': выходной",55.697866,52.333590,"4,5",['8 (800) 555-55-50Показать телефон'],"['http://ok.ru/sberbank', 'https://vk.com/sberbank']",81,87,83,72,,
