ID,name,address,website,opening_hours,ypage,lat,lon,rating,phone,social
1046632752,СберБанк,"ул. Некрасова, 17, Черемхово",,,,C53.13932,103.09212,"4,4",,
1240072736,СберБанк,"Первомайская ул., 201, Черемхово",,,,C53.14808,103.06727,"4,4",,
1155058016,СберБанк,"ул. Лермонтова, 2, Свирск",,,,C53.07096,103.34476,"4,7",,
113064679235,СберБанк,"4, 1-й квартал, рабочий посёлок Михайловка",,,,C52.95619,103.29603,"4,3",,
