ID,name,address,website,opening_hours,ypage,lat,lon,rating,phone,social
1132491207,СберБанк,"площадь Свободы, 10, Наро-Фоминск",,,,55.385946,36.728351,"4,9",,
1122996771,СберБанк,"Профсоюзная ул., 2А, Наро-Фоминск",,,,55.377792,36.735732,"4,8",,
1026078275,СберБанк,"ул. Пешехонова, 5Б, Наро-Фоминск",,,,55.406546,36.720317,"4,8",,
1118196651,СберБанк,"Речная ул., 2, село Атепцево",,,,55.323931,36.753177,"1,9",,
