,ID,name,address,website,opening_hours,lat,lon,rating,phone,social,Обслуживание,Отношение к клиентам,Персонал,Время ожидания,Расположение
0,1124090847,СберБанк,"3, корп. 1, район Южная Жилая Часть, микрорайон Оптимистов, Новый Уренгой",www.sberbank.ru,"'mon': 09:00-19:00, 'tue': 09:00-19:00, 'wed': 09:00-19:00, 'thu': 09:00-19:00, 'fri': 09:00-19:00, 'sat': 09:00-19:00, 'sun': выходной",66.081918,76.650485,"4,7",['8 (800) 555-55-50Показать телефон'],"['http://ok.ru/sberbank', 'https://vk.com/sberbank']",76,70,76,74,91
1,51052061631,СберБанк,"ул. 26-го съезда КПСС, 15Б, Новый Уренгой",www.sberbank.ru,"'mon': 09:00-18:30, 'tue': 09:00-18:30, 'wed': 09:00-18:30, 'thu': 09:00-18:30, 'fri': 09:00-18:30, 'sat': 09:00-18:30, 'sun': выходной",66.088082,76.687380,"4,6",['8 (800) 555-55-50Показать телефон'],"['http://ok.ru/sberbank', 'https://vk.com/sberbank']",86,86,90,79,
2,1062258148,СберБанк,"ул. Геологов, 20А, п. г. т. Уренгой",www.sberbank.ru,"'mon': 09:30-17:30, 'tue': 09:30-17:30, 'wed': 09:30-17:30, 'thu': 09:30-17:30, 'fri': 09:30-17:30, 'sat': 09:30-17:30, 'sun': выходной",65.963114,78.363034,"4,2",['8 (800) 555-55-50Показать телефон'],"['http://ok.ru/sberbank', 'https://vk.com/sberbank']",64,55,,60,
3,1671754158,СберБанк,"Таёжная ул., 30А, Новый Уренгой",www.sberbank.ru,"'mon': 09:00-19:30, 'tue': 09:00-19:30, 'wed': 09:00-19:30, 'thu': 09:00-19:30, 'fri': 09:00-19:30, 'sat': 10:00-16:30, 'sun': выходной",66.078836,76.660825,"4,7",['8 (800) 555-55-50Показать телефон'],"['http://ok.ru/sberbank', 'https://vk.com/sberbank']",83,85,89,76,82
4,1123945578,СберБанк,"2, корп. 2, район Северная Жилая Часть, микрорайон Советский, Новый Уренгой",www.sberbank.ru,"'mon': 09:00-19:00, 'tue': 09:00-19:00, 'wed': 09:00-19:00, 'thu': 09:00-19:00, 'fri': 09:00-19:00, 'sat': 09:00-19:00, 'sun': выходной",66.118337,76.677529,"4,4",['8 (800) 555-55-50Показать телефон'],"['http://ok.ru/sberbank', 'https://vk.com/sberbank']",82,80,93,77,91
5,99420360938,СберБанк,"Таёжная ул., 30А, Новый Уренгой",www.sberbank.ru,"'mon': 09:00-18:00, 'tue': 09:00-18:00, 'wed': 09:00-18:00, 'thu': 09:00-18:00, 'fri': 09:00-16:30, 'sat': выходной, 'sun': выходной",66.078856,76.660773,"4,6",['8 (800) 555-55-50Показать телефон'],"['http://ok.ru/sberbank', 'https://vk.com/sberbank']",100,100,100,,
6,36627877632,СберБанк,"Спортивная ул., 3, район Коротчаево, Новый Уренгой",www.sberbank.ru,"'mon': 09:36-18:00, 'tue': 09:30-18:00, 'wed': 09:30-18:00, 'thu': 09:30-18:00, 'fri': 09:30-18:00, 'sat': 09:30-18:00, 'sun': выходной",65.921088,78.196558,"4,3",['8 (800) 555-55-50Показать телефон'],"['http://ok.ru/sberbank', 'https://vk.com/sberbank']",,,,,
