ID,name,address,website,opening_hours,ypage,lat,lon,rating,phone,social
1101858797,СберБанк,"ул. Мира, 20, Нововоронеж",,,,51.310469,39.215621,"4,2",,
1012260833,СберБанк,"Парковый пр., 10, Нововоронеж",,,,51.317787,39.213295,"4,4",,
139479065812,СберБанк,"ул. Ленина, 20Г/3, посёлок Колодезный",,,,51.351894,39.301743,"3,6",,
71588631664,СберБанк,"Советская ул., 91, село Сторожевое 1-е",,,,51.213403,39.178054,"4,3",,
180222723490,СберБанк,"Центральная ул., 1, село Старая Хворостань",,,,51.16869,39.307393,"3,5",,
228092811123,СберБанк,"ул. Ленина, 111, село Боево",,,,51.394405,39.318703,"4,2",,
