ID,name,address,website,opening_hours,ypage,lat,lon,rating,phone,social
1111957152,СберБанк,"просп. Шахтёров, 9А, Междуреченск",,,,53.694205,88.052333,"4,6",,
1253487725,СберБанк,"просп. Строителей, 45, Междуреченск",,,,53.683701,88.078059,"4,5",,
1258032885,СберБанк,"просп. Строителей, 22, Междуреченск",,,,53.68591,88.071221,"4,4",,
1253006897,СберБанк,"просп. 50 лет Комсомола, 42, Междуреченск",,,,53.683721,88.091005,"4,2",,
1002220703,СберБанк,"просп. Шахтёров, 45Б, Междуреченск",,,,53.702244,88.031906,"4,5",,
1261733106,СберБанк,"Советская ул., 42, Мыски",,,,53.714793,87.800631,"4,3",,
1142426509,СберБанк,"Первомайская ул., 30, Мыски",,,,53.70889,87.79674,"4,4",,
77632412595,СберБанк,"ул. Мира, 30А, Мыски",,,,53.769152,87.609623,"4,4",,
