ID,name,address,website,opening_hours,ypage,lat,lon,rating,phone,social
1570981915,СберБанк,"Ленинский просп., 42, корп. 1, Норильск",,,,69.355709,88.189631,"4,3",,
1207517185,СберБанк,"площадь Металлургов, 1, Норильск",,,,69.357848,88.178732,"4,5",,
1000011890,СберБанк,"ул. Павлова, 12, Норильск",,,,69.348921,88.215017,"4,4",,
19546943345,СберБанк,"ул. Богдана Хмельницкого, 7, Норильск",,,,69.342519,88.21224,"4,3",,
1572832059,СберБанк,"Шахтёрская ул., 17, Норильск",,,,69.352806,87.755396,"4,4",,
1587664066,СберБанк,"Бауманская ул., 16А, Норильск",,,,69.492674,88.377515,"4,5",,
1674645201,СберБанк,"ул. Диксона, 5, Норильск",,,,69.485782,88.382823,"4,3",,
1623784981,СберБанк,"Енисейская ул., 8А, Норильск",,,,69.495168,88.395464,"4,4",,
