ID,name,address,website,opening_hours,ypage,lat,lon,rating,phone,social
1003349435,СберБанк,"ул. Свердлова, 39, Ливны",,,,52.422246,37.610677,"4,6",,
1099068093,СберБанк,"ул. Победы, 5, Ливны",,,,52.406973,37.567608,"4,6",,
69870679516,СберБанк,"ул. Свердлова, 39, Ливны",,,,52.422331,37.610581,"4,3",,
35473309414,СберБанк,"Комсомольская площадь, 10, посёлок Сахзаводской",,,,52.429998,37.517446,"3,9",,
1006711126,СберБанк,"Орловская область, Ливенский район, Козьминское сельское поселение, посёлок Совхозный, Центральная улица",,,,52.431815,37.658176,"3,8",,
74272840963,СберБанк,"ул. Пентюхова, 2, село Сергиевское",,,,52.363209,37.699176,"3,7",,
