ID,name,address,website,opening_hours,ypage,lat,lon,rating,phone,social
1036234288,СберБанк,"Амурская ул., 61, Южно-Сахалинск",,,,C46.95805,142.73176,"4,3",,
1079337229,СберБанк,"Комсомольская ул., 195А, Южно-Сахалинск",,,,C46.95125,142.7501,"4,5",,
1133490087,СберБанк,"Сахалинская ул., 68, Южно-Сахалинск",,,,C46.96403,142.72553,"4,7",,
1075704094,СберБанк,"просп. Мира, 420, Южно-Сахалинск",,,,C46.93480,142.74407,"4,2",,
163247873506,СберБанк,"Комсомольская ул., 259В, Южно-Сахалинск",,,,C46.93663,142.75276,"4,4",,
1066493701,СберБанк,"Украинская ул., 113Б, Южно-Сахалинск",,,,C46.98276,142.71579,"4,4",,
132367766845,СберБанк,"Комсомольская ул., 259В, Южно-Сахалинск",,,,C46.93663,142.75276,"4,6",,
1128223204,СберБанк,"ул. Ленина, 41, Анива",,,,C46.71913,142.51965,"4,2",,
127716070107,СберБанк,"Коммунистическая ул., 16, село Синегорск",,,,C47.17095,142.50957,"3,8",,
