ID,name,address,website,opening_hours,ypage,lat,lon,rating,phone,social
1546166782,СберБанк,"ул. Фрунзе, 12А, Лесной",,,,58.634553,59.776996,"4,3",,
1073528172,СберБанк,"ул. Калинина, 11, Лесной",,,,58.636586,59.615481,"3,4",,
1110343980,СберБанк,"ул. 40 лет Октября, 6А, Нижняя Тура",,,,58.621505,59.848388,"4,3",,
6336953504,СберБанк,"ул. Свердлова, 45, Качканар",,,,58.69455,59.470711,"4,2",,
96859424783,СберБанк,"ул. Свердлова, 7В, Качканар",,,,58.7046,59.481432,"4,4",,
