,ID,name,address,website,opening_hours,lat,lon,rating,phone,social,Обслуживание,Отношение к клиентам,Персонал,Время ожидания,Ипотека,Кредит,Расположение,Банкомат
0,1213522797,СберБанк,"ул. Захарова, 1А, Нижний Тагил",www.sberbank.ru,"'mon': 09:30-19:00, 'tue': 09:30-19:00, 'wed': 09:30-19:00, 'thu': 09:30-19:00, 'fri': 09:30-19:00, 'sat': 09:30-18:00, 'sun': выходной",57.870350,59.951194,"4,3",['8 (800) 555-55-50Показать телефон'],"['http://ok.ru/sberbank', 'https://vk.com/sberbank']",72,76,76,47,,,,
1,1122187377,СберБанк,"просп. Ленина, 40, Нижний Тагил",www.sberbank.ru,"'mon': выходной, 'tue': выходной, 'wed': выходной, 'thu': выходной, 'fri': выходной, 'sat': выходной, 'sun': выходной",57.909159,59.975635,"4,6",['8 (800) 555-55-50Показать телефон'],"['https://ok.ru/sberbank', 'https://t.me/sberbank', 'https://vk.com/sberbank']",80,77,80,72,75,75,100,
2,1077596548,СберБанк,"ул. Ломоносова, 49, Нижний Тагил",www.sberbank.ru,"'mon': 09:00-19:30, 'tue': 09:00-19:30, 'wed': 09:00-19:30, 'thu': 09:00-19:30, 'fri': 09:00-19:30, 'sat': 09:00-19:30, 'sun': 09:30-14:00",57.910619,59.961098,"4,3",['8 (800) 555-55-50Показать телефон'],"['http://ok.ru/sber', 'https://vk.com/sber']",68,68,81,53,,,,58
3,1024028344,СберБанк,"просп. Ленина, 50, Нижний Тагил",www.sberbank.ru,"'mon': 08:30-19:00, 'tue': 08:30-19:00, 'wed': 08:30-19:00, 'thu': 08:30-19:00, 'fri': 08:30-19:00, 'sat': 08:30-19:00, 'sun': выходной",57.910301,59.980781,"4,4",['8 (800) 555-55-50Показать телефон'],"['http://ok.ru/sberbank', 'https://vk.com/sberbank']",86,79,84,65,,,,33
4,54940346934,СберБанк,,www.sberbank.ru,"'mon': 09:00-13:00,13:48-17:30, 'tue': 09:00-13:00,13:48-17:30, 'wed': 09:00-13:00,13:48-17:30, 'thu': 09:00-13:00,13:48-17:30, 'fri': 09:00-13:00,13:48-17:30, 'sat': 09:00-15:30, 'sun': выходной",58.062574,59.906328,"4,2",['8 (800) 555-55-50Показать телефон'],"['http://ok.ru/sberbank', 'https://vk.com/sberbank']",,,,,,,,
5,1042051575,СберБанк,"ул. Победы, 26, Нижний Тагил",www.sberbank.ru,"'mon': 09:00-18:00, 'tue': 09:00-18:00, 'wed': 09:00-18:00, 'thu': 09:00-18:00, 'fri': 09:00-18:00, 'sat': 09:00-18:00, 'sun': выходной",57.925517,59.969898,"4,2",['8 (800) 555-55-50Показать телефон'],"['http://ok.ru/sberbank', 'https://vk.com/sberbank']",88,86,86,67,,,,30
6,185273438636,СберБанк,"Пионерская ул., 4, посёлок Новоасбест",www.sberbank.ru,"'mon': 09:00-13:00,14:00-17:00, 'tue': 09:00-13:00,14:00-17:00, 'wed': 09:00-13:00,14:00-17:00, 'thu': 09:00-13:00,14:00-17:00, 'fri': 09:00-13:00,14:00-17:00, 'sat': 09:00-14:55, 'sun': выходной",57.742962,60.282004,"2,6",['8 (800) 555-55-50Показать телефон'],"['http://ok.ru/sberbank', 'https://vk.com/sberbank']",,,,,,,,
7,1216042505,СберБанк,"ул. Фрунзе, 58/33, Нижний Тагил",www.sberbank.ru,"'mon': 09:00-18:00, 'tue': 09:00-18:00, 'wed': 09:00-18:00, 'thu': 09:00-18:00, 'fri': 09:00-18:00, 'sat': 09:00-18:00, 'sun': выходной",57.923541,59.940265,"4,5",['8 (800) 555-55-50Показать телефон'],"['http://ok.ru/sberbank', 'https://vk.com/sberbank']",73,73,76,45,,,,38
8,112338518047,СберБанк,"ул. Октябрьской Революции, 15, Нижний Тагил",www.sberbank.ru,"'mon': 09:00-19:00, 'tue': 09:00-19:00, 'wed': 09:00-19:00, 'thu': 09:00-19:00, 'fri': 09:00-19:00, 'sat': 09:00-18:00, 'sun': выходной",57.908313,59.987521,"4,4",['8 (800) 555-55-50Показать телефон'],"['http://ok.ru/sberbank', 'https://vk.com/sberbank']",76,79,73,75,,,,
9,1065735114,СберБанк,"Уральский просп., 46, Нижний Тагил",www.sberbank.ru,"'mon': 09:00-18:30, 'tue': 09:00-18:30, 'wed': 09:00-18:30, 'thu': 09:00-18:30, 'fri': 09:00-18:30, 'sat': 09:00-18:30, 'sun': выходной",57.878080,59.956439,"4,4",['8 (800) 555-55-50Показать телефон'],"['http://ok.ru/sberbank', 'https://vk.com/sberbank']",90,94,94,79,,,100,
10,1098215940,СберБанк,"ул. Щорса, 24, Нижний Тагил",www.sberbank.ru,"'mon': выходной, 'tue': 09:00-13:00,14:00-17:45, 'wed': 09:00-13:00,14:00-17:45, 'thu': 09:00-13:00,14:00-17:45, 'fri': 09:00-13:00,14:00-17:45, 'sat': 09:30-13:00,14:00-17:00, 'sun': выходной",57.959697,60.079245,"4,2",['8 (800) 555-55-50Показать телефон'],"['http://ok.ru/sberbank', 'https://t.me/sberbank', 'https://vk.com/sberbank']",,,,,,,,
11,1108343335,СберБанк,"ул. Ленина, 71А, село Николо-Павловское",www.sberbank.ru,"'mon': 09:00-13:00,14:00-17:00, 'tue': 09:00-13:00,14:00-17:00, 'wed': 09:00-13:00,14:00-17:00, 'thu': 09:00-13:00,14:00-17:00, 'fri': 09:00-13:00,14:00-17:00, 'sat': 09:00-14:55, 'sun': выходной",57.791854,60.055485,"2,0",['8 (800) 555-55-50Показать телефон'],"['http://ok.ru/sberbank', 'https://vk.com/sberbank']",,,,,,,,
12,145055090578,СберБанк,"ул. Юности, 16, Нижний Тагил",www.sberbank.ru,"'mon': 09:00-18:30, 'tue': 09:00-18:30, 'wed': 09:00-18:30, 'thu': 09:00-18:30, 'fri': 09:00-18:30, 'sat': 09:00-18:30, 'sun': выходной",57.910416,60.093285,"4,7",['8 (800) 555-55-50Показать телефон'],"['http://ok.ru/sberbank', 'https://vk.com/sberbank']",83,81,86,85,,,100,87
13,1251346825,СберБанк,"просп. Вагоностроителей, 70А, Нижний Тагил",www.sberbank.ru,"'mon': 09:00-18:00, 'tue': 09:00-18:00, 'wed': 09:00-18:00, 'thu': 09:00-18:00, 'fri': 09:00-18:00, 'sat': 09:00-18:00, 'sun': выходной",57.915622,60.134683,"4,3",['8 (800) 555-55-50Показать телефон'],"['http://ok.ru/sberbank', 'https://vk.com/sberbank']",78,75,79,65,,,91,67
14,1118716140,СберБанк,"ул. Попова, 14, Нижний Тагил",www.sberbank.ru,"'mon': 09:00-18:00, 'tue': 09:00-18:00, 'wed': 09:00-18:00, 'thu': 09:00-18:00, 'fri': 09:00-18:00, 'sat': 09:00-18:00, 'sun': выходной",57.942313,60.002530,"4,4",['8 (800) 555-55-50Показать телефон'],"['http://ok.ru/sberbank', 'https://vk.com/sberbank']",85,86,88,43,,,,13
15,1105957496,СберБанк,"просп. Вагоностроителей, 3, Нижний Тагил",www.sberbank.ru,"'mon': 09:00-18:00, 'tue': 09:00-18:00, 'wed': 09:00-18:00, 'thu': 09:00-18:00, 'fri': 09:00-18:00, 'sat': 09:00-18:00, 'sun': выходной",57.921208,60.104714,"4,5",['8 (800) 555-55-50Показать телефон'],"['http://ok.ru/sberbank', 'https://vk.com/sberbank']",84,88,85,67,,,,
