ID,name,address,website,opening_hours,ypage,lat,lon,rating,phone,social
1163624134,СберБанк,"просп. Мира, 76, Ноябрьск",,,,63.201712,75.440494,"4,7",,
1223597579,СберБанк,"Советская ул., 16А, Ноябрьск",,,,63.186585,75.445053,"4,5",,
1064015306,СберБанк,"ул. Ленина, 22А, Ноябрьск",,,,63.196501,75.442177,"4,4",,
1021017922,СберБанк,"ул. Ленина, 10Б, микрорайон Вынгапуровский, Ноябрьск",,,,62.983082,76.994675,"4,6",,
