ID,name,address,website,opening_hours,ypage,lat,lon,rating,phone,social
1133913277,СберБанк,"Портовая ул., 3, Находка",,,,C42.82289,132.89299,"4,4",,
1124345710,СберБанк,"Ленинская ул., 1, Находка",,,,C42.80989,132.87156,"4,5",,
1115700609,СберБанк,"Находкинский просп., 62А, Находка",,,,C42.79702,132.87247,"4,6",,
1040234880,СберБанк,"Линейная ул., 8, Находка",,,,C42.83393,132.90281,"4,4",,
1096645785,СберБанк,"Спортивная ул., 1, Находка",,,,C42.77944,132.85054,"4,4",,
1112648035,СберБанк,"Северный просп., 2/1, Находка",,,,C42.83663,132.88035,"4,3",,
1005708681,СберБанк,"ул. Пирогова, 66, Находка",,,,C42.77917,132.87163,"4,6",,
114557672258,СберБанк,"Луговая ул., 20, микрорайон Посёлок Ливадия, Находка",,,,C42.86968,132.67228,"4,1",,
197231911027,СберБанк,"Портовая ул., 3, Находка",,,,C42.82292,132.89297,"4,2",,
