ID,name,address,website,opening_hours,ypage,lat,lon,rating,phone,social
148689932472,СберБанк,"2Б, 9-й микрорайон, Лесосибирск",,,,58.218729,92.507301,"4,5",,
1670797399,СберБанк,"ул. Белинского, 17, Лесосибирск",,,,58.192914,92.527076,"4,4",,
1070235151,СберБанк,"2Б, 9-й микрорайон, Лесосибирск",,,,58.21873,92.5073,"4,3",,
1649080459,СберБанк,"ул. 40 лет Октября, 1А, посёлок Новоенисейск, Лесосибирск",,,,58.294242,92.392751,"4,4",,
1584320106,СберБанк,"ул. Бабкина, 26, Енисейск",,,,58.451484,92.172511,"4,4",,
101377696473,СберБанк,"ул. Нефтяников, 7, село Абалаково",,,,58.113033,92.707647,"3,4",,
