ID,name,address,website,opening_hours,ypage,lat,lon,rating,phone,social
1022091159,СберБанк,"ул. Свердлова, 86, Шадринск",,,,56.086685,63.630983,"4,7",,
1142168486,СберБанк,"ул. Ефремова, 8, Шадринск",,,,56.087985,63.611798,"4,4",,
152255461830,СберБанк,"ул. Свердлова, 86, Шадринск",,,,56.086613,63.631209,"4,1",,
1086056122,СберБанк,"Исетская ул., 17, село Погорелка",,,,56.078598,63.705843,"4,3",,
1179673445,СберБанк,"ул. Зелёная Роща, 3, село Красная Нива",,,,56.019596,63.645206,"3,9",,
44425068923,СберБанк,"Набережная ул., 40А, село Красномыльское",,,,56.095976,63.45604,"3,2",,
