ID,name,address,website,opening_hours,ypage,lat,lon,rating,phone,social
1652596820,СберБанк,"ул. Чехова, 79, корп. 2, Чехов",,,,55.142195,37.457257,"4,8",,
1269745154,СберБанк,"Московская ул., 81, Чехов",,,,55.147518,37.457485,"4,7",,
152461627077,СберБанк,"Московский пр., 1А, Чехов",,,,55.15681,37.461493,"4,7",,
38389383833,СберБанк,"ул. Гагарина, 16, Чехов",,,,55.16876,37.426809,"4,7",,
1006187938,СберБанк,"ул. Чехова, 2, стр. 1, Чехов",,,,55.147839,37.48739,"4,4",,
