,ID,name,address,website,opening_hours,lat,lon,rating,phone,social,Отношение к клиентам,Персонал,Обслуживание,Время ожидания,Банкомат,Расположение
0,1155555579,СберБанк,"Аллейный бул., 3, Шахты",www.sberbank.ru,"'mon': выходной, 'tue': 08:00-13:00,14:00-16:15, 'wed': 08:00-13:00,14:00-16:15, 'thu': 08:00-13:00,14:00-16:15, 'fri': 08:00-13:00,14:00-16:15, 'sat': 08:00-15:15, 'sun': выходной",47.696934,40.101289,"4,3",['8 (800) 555-55-50Показать телефон'],"['http://ok.ru/sberbank', 'https://vk.com/sberbank']",82,80,82,,,
1,93481877599,СберБанк,"ул. Металлургов, 25, Красный Сулин",www.sberbank.ru,"'mon': 08:00-17:30, 'tue': 08:00-17:30, 'wed': 08:00-17:30, 'thu': 08:00-17:30, 'fri': 08:00-17:30, 'sat': 08:00-17:30, 'sun': выходной",47.896304,40.056390,"4,6",['8 (800) 555-55-50Показать телефон'],"['http://ok.ru/sberbank', 'https://vk.com/sberbank']",86,92,91,76,82,
2,1088481055,СберБанк,"ул. Ленина, 2, село Алексеевка",www.sberbank.ru,"'mon': выходной, 'tue': выходной, 'wed': выходной, 'thu': выходной, 'fri': 08:00-13:00,13:30-17:15, 'sat': выходной, 'sun': выходной",47.682413,39.924473,"4,2",['8 (800) 555-55-50Показать телефон'],['https://vk.com/sberbank'],,,,,,
3,1068542997,СберБанк,"ул. Калинина, 2А, хутор Красный Кут",www.sberbank.ru,"'mon': выходной, 'tue': выходной, 'wed': выходной, 'thu': выходной, 'fri': 08:00-13:00,13:30-17:15, 'sat': выходной, 'sun': выходной",47.691390,40.031175,"3,0",['8 (800) 555-55-50Показать телефон'],"['http://ok.ru/sberbank', 'https://vk.com/sberbank']",,,,,,
4,1035785870,СберБанк,"Индустриальная ул., 3А, Шахты",www.sberbank.ru,"'mon': 08:00-17:00, 'tue': 08:00-17:00, 'wed': 08:00-17:00, 'thu': 08:00-17:00, 'fri': 08:00-17:00, 'sat': 08:00-17:00, 'sun': выходной",47.729508,40.243249,"4,7",['8 (800) 555-55-50Показать телефон'],"['http://ok.ru/sberbank', 'https://vk.com/sberbank']",91,94,91,73,50,
5,1120942084,СберБанк,"Харьковская ул., 131, Новошахтинск",www.sberbank.ru,"'mon': 08:00-17:00, 'tue': 08:00-17:00, 'wed': 08:00-17:00, 'thu': 08:00-17:00, 'fri': 08:00-17:00, 'sat': 08:00-17:00, 'sun': выходной",47.773636,39.928589,"4,8",['8 (800) 555-55-50Показать телефон'],"['http://ok.ru/sberbank', 'https://vk.com/sberbank']",95,95,95,83,64,
6,225364210702,СберБанк,"Рабоче-Крестьянская ул., 24, Новошахтинск",www.sberbank.ru,"'mon': 08:00-17:00, 'tue': 08:00-17:00, 'wed': 08:00-17:00, 'thu': 08:00-17:00, 'fri': 08:00-17:00, 'sat': 08:00-17:00, 'sun': выходной",47.817756,39.891334,"4,7",['8 (800) 555-55-50Показать телефон'],"['http://ok.ru/sberbank', 'https://vk.com/sberbank']",94,94,92,88,,
7,1017364165,СберБанк,"Садовая ул., 34, Новошахтинск",www.sberbank.ru,"'mon': 08:30-17:30, 'tue': 08:30-17:30, 'wed': 08:30-17:30, 'thu': 08:30-17:30, 'fri': 08:30-17:30, 'sat': 08:30-17:30, 'sun': выходной",47.755636,39.934588,"4,7",['8 (800) 555-55-50Показать телефон'],"['http://ok.ru/sberbank', 'https://vk.com/sberbank']",84,81,81,71,,80
8,1106321918,СберБанк,"ул. Радио, 4, Новошахтинск",www.sberbank.ru,"'mon': 08:00-17:00, 'tue': 08:00-17:00, 'wed': 08:00-17:00, 'thu': 08:00-17:00, 'fri': 08:00-17:00, 'sat': 08:00-17:00, 'sun': выходной",47.779298,39.869946,"4,4",['8 (800) 555-55-50Показать телефон'],"['http://ok.ru/sberbank', 'https://vk.com/sberbank']",88,83,82,85,,
