,ID,name,address,website,opening_hours,lat,lon,rating,phone,social,Обслуживание,Персонал,Отношение к клиентам,Время ожидания,Банкомат
0,1549704242,СберБанк,"Абаканская ул., 61, Минусинск",www.sberbank.ru,"'mon': 09:00-18:00, 'tue': 09:00-18:00, 'wed': 09:00-18:00, 'thu': 09:00-18:00, 'fri': 09:00-18:00, 'sat': 09:00-18:00, 'sun': выходной",53.688185,91.662079,"4,4",['8 (800) 555-55-50Показать телефон'],"['http://ok.ru/sberbank', 'https://vk.com/sberbank']",90,89,89,64,
1,1544531165,СберБанк,"ул. Журавлёва, 2, городской посёлок Зелёный Бор",www.sberbank.ru,"'mon': выходной, 'tue': выходной, 'wed': выходной, 'thu': выходной, 'fri': выходной, 'sat': выходной, 'sun': выходной",53.621698,91.624566,"3,5",['8 (800) 555-55-50Показать телефон'],"['http://ok.ru/sberbank', 'https://vk.com/sberbank']",,,,,
2,1090830408,СберБанк,"Штабная ул., 10, Минусинск",www.sberbank.ru,"'mon': 09:00-18:00, 'tue': 09:00-18:00, 'wed': 09:00-18:00, 'thu': 09:00-18:00, 'fri': 09:00-18:00, 'sat': 09:00-18:00, 'sun': выходной",53.707630,91.696700,"4,6",['8 (800) 555-55-50Показать телефон'],"['http://ok.ru/sberbank', 'https://vk.com/sberbank']",84,83,83,80,
3,1161818125,СберБанк,"ул. Ванеева, 7, Минусинск",www.sberbank.ru,"'mon': 08:30-18:00, 'tue': 08:30-18:00, 'wed': 08:30-18:00, 'thu': 08:30-18:00, 'fri': 08:30-18:00, 'sat': 08:30-18:00, 'sun': выходной",53.690792,91.674862,"4,6",['8 (800) 555-55-50Показать телефон'],"['http://ok.ru/sberbank', 'https://vk.com/sberbank']",84,83,83,,50
