ID,name,address,website,opening_hours,ypage,lat,lon,rating,phone,social
111588759589,СберБанк,"ул. Пушкина, 11/11, Магадан",,,,C59.56861,150.80049,"4,7",,
1133549415,СберБанк,"ул. Набережная реки Магаданки, 5, Магадан",,,,C59.56929,150.80902,"4,5",,
1084963485,СберБанк,"просп. Карла Маркса, 63, Магадан",,,,C59.55687,150.81827,"4,6",,
1084132531,СберБанк,"ул. Гагарина, 38, Магадан",,,,C59.55318,150.81051,"4,3",,
