ID,name,address,website,opening_hours,ypage,lat,lon,rating,phone,social
1568282561,СберБанк,"ул. Винокурова, 51, Новочебоксарск",,,,56.109704,47.480208,"4,7",,
1088325106,СберБанк,"ул. Винокурова, 20, Новочебоксарск",,,,56.119629,47.492839,"4,5",,
1155818396,СберБанк,"Советская ул., 15, Новочебоксарск",,,,56.115901,47.482288,"4,5",,
1208173576,СберБанк,"ул. Строителей, 16, Новочебоксарск",,,,56.115212,47.456853,"4,7",,
1097679154,СберБанк,"ул. 10-й Пятилетки, 31, Новочебоксарск",,,,56.110061,47.446852,"4,6",,
1154335467,СберБанк,"Парковая ул., 5, посёлок Новое Атлашево",,,,56.014348,47.556488,"4,1",,
1099827045,СберБанк,"ул. 30 лет Победы, 18, село Шоршелы",,,,56.007539,47.590929,"4,0",,
220085001687,СберБанк,"Центральная ул., 42, поселок Синьялы",,,,56.07693,47.365928,"3,0",,
