,ID,name,address,website,opening_hours,ypage,lat,lon,rating,phone,social
0,1132778715,СберБанк,"Валовая ул., 8/18, Москва",,,,55.730828,37.632204,"4,3",,
1,1090913523,СберБанк,"Новокузнецкая ул., 18/10с3, Москва",,,,55.736581,37.630813,"4,3",,
2,1128554212,СберБанк,"Лубянский пр., 17, Москва",,,,55.756045,37.633080,"4,1",,
3,37614298216,СберБанк,"Люсиновская ул., 26-28к6, Москва",,,,55.725540,37.621991,"4,4",,
4,1376364371,СберБанк,"Большая Тульская ул., 2, Москва",,,,55.709354,37.620770,"4,3",,
5,69232606482,СберБанк,"Таганская ул., 1, стр. 1, Москва",,,,55.741784,37.655904,"4,3",,
6,1003018629,СберБанк,"1-я Дубровская ул., 1А, Москва",,,,55.728269,37.669418,"4,3",,
7,1084179587,СберБанк,"Автозаводская ул., 7, Москва",,,,55.707892,37.660413,"4,3",,
8,1676107682,СберБанк,"ул. Вавилова, 3, Москва",,,,55.707158,37.590235,"4,4",,
9,1011010028,СберБанк,"Тверская ул., 22, Москва",,,,55.767646,37.600669,"4,5",,
10,1118688568,СберБанк,"7-я Кожуховская ул., 9, Москва",,,,55.710286,37.675576,"4,5",,
11,1044139121,СберБанк,"Шарикоподшипниковская ул., 13, стр. 1, Москва",,,,55.717158,37.677756,"4,4",,
12,124014009186,СберБанк,"ул. Сретенка, 14, Москва",,,,55.768324,37.632109,"4,4",,
13,118116731844,СберБанк,"ул. Земляной Вал, 41, стр. 1, Москва",,,,55.754252,37.657248,"4,3",,
14,1403583345,СберБанк,"ш. Энтузиастов, 14, Москва",,,,55.749714,37.710774,"4,5",,
15,1023606569,СберБанк,"Нижегородская ул., 13Б, Москва",,,,55.737867,37.686789,"4,6",,
16,1164162982,СберБанк,"2-й Южнопортовый пр., 12А, корп. 1, стр. 13, Москва",,,,55.702253,37.688881,"4,4",,
17,78687331961,СберБанк,"Зубовский бул., вл13с1, Москва",,,,55.735698,37.592410,"4,4",,
18,1084286048,СберБанк,"ул. Арбат, 33, Москва",,,,55.749533,37.592183,"4,7",,
19,1223180976,СберБанк,"ул. Воздвиженка, 9, стр. 2, Москва",,,,55.752699,37.603522,"4,4",,
20,1102925442,СберБанк,"Большая Андроньевская ул., 6, Москва",,,,55.745788,37.669142,"4,3",,
21,1034532827,СберБанк,"Пятницкая ул., 2/38с1, Москва",,,,55.745901,37.626220,"4,3",,
22,1002928074,СберБанк,"ул. Покровка, 19, Москва",,,,55.759562,37.646566,"4,4",,
23,130520017792,СберБанк,"Варшавское ш., 26, Москва",,,,55.683889,37.622268,"4,4",,
24,1063013654,СберБанк,"просп. Андропова, 28, корп. 2, Москва",,,,55.680153,37.663345,"4,4",,
25,1225073823,СберБанк,"Рязанский просп., 2, корп. 2, Москва",,,,55.730484,37.731426,"4,5",,
26,45493384758,СберБанк,"ул. Трофимова, 1/17, Москва",,,,55.703753,37.660603,"4,5",,
27,130324574632,СберБанк,"ул. Гиляровского, 39, стр. 3, Москва",,,,55.783341,37.632300,"4,4",,
28,1017184068,СберБанк,"бул. Энтузиастов, 2, Москва",,,,55.746482,37.682717,"4,2",,
29,1085833756,СберБанк,"Комсомольский просп., 40, Москва",,,,55.721891,37.573971,"4,4",,
30,1081974962,СберБанк,"Каланчёвская ул., 15, Москва",,,,55.771492,37.651599,"4,3",,
31,1019077304,СберБанк,"Брянская ул., 8, Москва",,,,55.744534,37.561452,"4,3",,
32,1096875379,СберБанк,"ул. Пресненский Вал, 6, стр. 2, Москва",,,,55.764578,37.564304,"4,3",,
33,216083337391,СберБанк,"ул. Вавилова, 19, Москва",,,,55.699826,37.579463,"4,9",,
34,1008675573,СберБанк,"Таганская ул., 31/22, Москва",,,,55.739506,37.669540,"4,2",,
35,121700461169,СберБанк,"Цветной бул., 2, Москва",,,,55.768232,37.623181,"4,4",,
36,1004054747,СберБанк,"Спартаковская ул., 21, Москва",,,,55.773170,37.677642,"4,3",,
37,1092553132,СберБанк,"ш. Энтузиастов, 12, корп. 2, Москва",,,,55.747798,37.705211,"4,4",,
38,1026531495,СберБанк,"Сретенский бул., 4, Москва",,,,55.766193,37.632262,"4,4",,
39,1172990790,СберБанк,"ул. Хамовнический Вал, 36, Москва",,,,55.722591,37.559432,"4,6",,
40,1094331006,СберБанк,"Краснопрудная ул., 11, Москва",,,,55.779300,37.664857,"4,3",,
41,1010200513,СберБанк,"пер. Сивцев Вражек, 29/16, Москва",,,,55.747088,37.591087,"4,4",,
42,224640232625,СберБанк,"Шмитовский пр., 16, стр. 1, Москва",,,,55.758102,37.549033,"4,5",,
43,1000199304,СберБанк,"Аптекарский пер., 10/1, Москва",,,,55.768361,37.677946,"4,4",,
44,1107699905,СберБанк,"Волгоградский просп., 63, Москва",,,,55.710083,37.735301,"4,4",,
45,1005203846,СберБанк,"Лесная ул., 4, стр. 1, Москва",,,,55.776801,37.586287,"4,3",,
46,81315124185,СберБанк,"ул. Дмитрия Ульянова, 24, Москва",,,,55.686969,37.574474,"4,5",,
47,141659955292,СберБанк,"Красноказарменная ул., 23, Москва",,,,55.753633,37.713556,"4,5",,
48,1132283404,СберБанк,"Волгоградский просп., 92, Москва",,,,55.704255,37.770412,"4,6",,
49,1050059557,СберБанк,"Ленинский просп., 45, Москва",,,,55.702838,37.572822,"4,4",,
50,1159393041,СберБанк,"Люблинская ул., 157, корп. 3, Москва",,,,55.655712,37.743863,"4,6",,
51,1056287893,СберБанк,"ул. Лефортовский Вал, 16А, Москва",,,,55.759680,37.701493,"4,6",,
52,167015643857,СберБанк,"Большая Черёмушкинская ул., 13, стр. 6, Москва",,,,55.686957,37.594787,"4,6",,
53,1086169796,СберБанк,"Кутузовский просп., 36А, Москва",,,,55.738491,37.525681,"4,3",,
54,1006645554,СберБанк,"1-я Тверская-Ямская ул., 11, Москва",,,,55.772639,37.591045,"4,3",,
55,1041055233,СберБанк,"Нагатинская ул., 16, Москва",,,,55.679108,37.642408,"4,4",,
56,1117013623,СберБанк,"ул. Большая Дмитровка, 21/7, Москва",,,,55.765525,37.610302,"4,2",,
57,1109154915,СберБанк,"Шоссейная ул., 1/2с2, Москва",,,,55.691133,37.727928,"4,5",,
58,1016535390,СберБанк,"Преображенская площадь, 7А, стр. 1, Москва",,,,55.795432,37.709135,"4,5",,
59,1038114324,СберБанк,"Цветной бул., 1, Москва",,,,55.767690,37.620834,"4,3",,
60,1021933597,СберБанк,"Чертановская ул., 1В, корп. 1, Москва",,,,55.639461,37.607143,"4,5",,
61,230760996254,СберБанк,"Хорошёвское ш., 27, Москва",,,,55.777213,37.522795,"4,5",,
62,1000927269,СберБанк,"ул. Измайловский Вал, 20, стр. 1, Москва",,,,55.784454,37.718884,"4,4",,
63,1307325955,СберБанк,"ул. Каховка, 23, Москва",,,,55.654595,37.574580,"4,5",,
64,1190385105,СберБанк,"Кутузовский просп., 30, Москва",,,,55.741278,37.537029,"4,4",,
65,188007632904,СберБанк,"Профсоюзная ул., 56, Москва",,,,55.670019,37.553457,"4,4",,
66,1261973984,СберБанк,"Садовая-Кудринская ул., 25, Москва",,,,55.765872,37.590129,"4,3",,
67,1261532735,СберБанк,"Загородное ш., 15, корп. 1, Москва",,,,55.691674,37.602926,"4,6",,
68,1128438097,СберБанк,"Ленинский просп., 75/9, Москва",,,,55.687146,37.545199,"4,4",,
69,1027516913,СберБанк,"Судостроительная ул., 32, Москва",,,,55.683816,37.686240,"4,5",,
70,1092960272,СберБанк,"Варшавское ш., 76, корп. 1, Москва",,,,55.654528,37.618731,"4,4",,
71,1294036493,СберБанк,"Большая Грузинская ул., 12, Москва",,,,55.763467,37.578775,"4,3",,
72,1107987500,СберБанк,"Селезнёвская ул., 30, Москва",,,,55.780898,37.611262,"4,4",,
73,1295053201,СберБанк,"к1, Юго-Восточный административный округ, район Кузьминки, Волжский Бульвар квартал 113А, Москва",,,,55.699942,37.752219,"4,6",,
74,242282487702,СберБанк,"Совхозная ул., 39, Москва",,,,55.673834,37.760494,"4,6",,
75,126086585532,СберБанк,"Щербаковская ул., 53, стр. 1, Москва",,,,55.783042,37.734986,"4,5",,
76,1335729456,СберБанк,"Братиславская ул., 16, корп. 1, Москва",,,,55.659268,37.757962,"4,5",,
77,1069560670,СберБанк,"Ленинградский просп., 34, Москва",,,,55.785628,37.569047,"4,4",,
78,200093053484,СберБанк,"Луганская ул., 5, Москва",,,,55.626353,37.666499,"4,8",,
79,1132040156,СберБанк,"просп. Будённого, 30/8, Москва",,,,55.762489,37.734487,"4,5",,
80,1255204801,СберБанк,"Бутырская ул., 2/18, Москва",,,,55.794227,37.586329,"4,4",,
81,1003263702,СберБанк,"Люблинская ул., 38, Москва",,,,55.686633,37.736545,"4,5",,
82,58075982453,СберБанк,"Бакунинская ул., 44/48с1, Москва",,,,55.776463,37.687554,"4,4",,
83,238115567563,СберБанк,"просп. Мира, 91, корп. 3, Москва",,,,55.806670,37.635843,"4,4",,
84,1287175300,СберБанк,"Кантемировская ул., 3, корп. 5, стр. 2, Москва",,,,55.636079,37.680952,"4,5",,
85,1030109544,СберБанк,"Ленинградский просп., 62А, Москва",,,,55.801645,37.531643,"4,3",,
86,55468574172,СберБанк,"просп. Вернадского, 86Б, Москва",,,,55.661964,37.481571,"4,3",,
87,1349377666,СберБанк,"2-я Владимирская ул., 40, Москва",,,,55.749841,37.784452,"4,4",,
88,1126079394,СберБанк,"Большая Грузинская ул., 37, Москва",,,,55.768793,37.579957,"4,3",,
89,1001159544,СберБанк,"Ленинский просп., 99, Москва",,,,55.668609,37.517991,"4,5",,
90,217428131038,СберБанк,"ул. Плющиха, 42, Москва",,,,55.742131,37.576807,"4,3",,
91,30547341753,Сбербанк,"Щёлковское ш., 75, Москва",,,,55.810967,37.801081,"4,6",,
92,1131965726,СберБанк,"Сокольническая площадь, 9, Москва",,,,55.789867,37.681079,"4,3",,
93,1119859822,СберБанк,"ул. Кржижановского, 9/20, Москва",,,,55.681695,37.566094,"4,3",,
94,1055521354,СберБанк,"Волгоградский просп., 119А, Москва",,,,55.706439,37.765658,"4,4",,
95,1033917790,СберБанк,"Ленинский просп., 62/1, Москва",,,,55.694010,37.554451,"4,3",,
96,1029759146,СберБанк,"Кантемировская ул., 47, Москва",,,,55.637691,37.655971,"4,4",,
97,1069132121,СберБанк,"Краснодарская ул., 57, корп. 1, Москва",,,,55.676634,37.766374,"4,3",,
98,1116257146,СберБанк,"просп. Вернадского, 41, стр. 3, Москва",,,,55.674557,37.504567,"4,4",,
99,1195492724,СберБанк,"Ореховый бул., 14, корп. 3, Москва",,,,55.609263,37.719524,"4,5",,
100,1011474447,СберБанк,"ул. Сущёвский Вал, 71, Москва",,,,55.793110,37.625917,"4,4",,
101,26798005782,СберБанк,"Авиамоторная ул., 51, Москва",,,,55.746435,37.720838,"4,5",,
102,1065694292,СберБанк,"просп. Маршала Жукова, 11, корп. 1, Москва",,,,55.775629,37.495637,"4,6",,
103,113007839275,СберБанк,"Волжский бул., 7, Москва",,,,55.716621,37.745678,"4,7",,
104,1088927681,СберБанк,"ул. Павла Корчагина, 11, Москва",,,,55.817572,37.660430,"4,5",,
105,1079391585,СберБанк,"Зелёный просп., 45/31, Москва",,,,55.753931,37.799620,"4,6",,
106,1615818147,СберБанк,"Мичуринский просп., 3, Москва",,,,55.704538,37.513009,"4,4",,
107,1108843273,СберБанк,"Багратионовский пр., 7, корп. 20В, Москва",,,,55.743665,37.505604,"4,4",,
108,1250036115,СберБанк,"Азовская ул., 24, стр. 1, Москва",,,,55.651467,37.597967,"4,4",,
109,227895727860,СберБанк,"Мосфильмовская ул., 17/25, Москва",,,,55.715452,37.516131,"4,4",,
110,1225493955,СберБанк,"Мичуринский просп., 26, Москва",,,,55.700339,37.502245,"4,4",,
111,1056682434,СберБанк,"Ленинградский просп., 76, корп. 2, Москва",,,,55.806305,37.515235,"4,3",,
112,35018678745,СберБанк,"ул. Красного Маяка, 2Б, Москва",,,,55.611275,37.606616,"4,6",,
113,1091205211,СберБанк,"Болотниковская ул., 21, стр. 1, Москва",,,,55.656658,37.597655,"4,3",,
114,1595999674,СберБанк,"Рязанский просп., 69, Москва",,,,55.718806,37.787148,"4,4",,
115,1122211559,СберБанк,"ул. Борисовские Пруды, 26, Москва",,,,55.640095,37.758611,"4,7",,
116,1080537908,СберБанк,"Рязанский просп., 45, корп. 1, Москва",,,,55.726589,37.760633,"4,4",,
117,235259139937,СберБанк,"ул. Юных Ленинцев, 3, Москва",,,,55.699574,37.736606,"4,4",,
118,1092767836,СберБанк,"Перовская ул., 8, корп. 1, Москва",,,,55.747196,37.758393,"4,3",,
119,37158065220,СберБанк,"ул. Бутлерова, 30А, Москва",,,,55.645740,37.543534,"4,5",,
120,1117287165,СберБанк,"бул. Маршала Рокоссовского, 18, Москва",,,,55.813316,37.723058,"4,4",,
121,1123106661,СберБанк,"ул. Сущёвский Вал, 52/17, Москва",,,,55.792823,37.614913,"4,2",,
122,1267731664,СберБанк,"Беговая ул., 17, корп. 1, Москва",,,,55.782008,37.560284,"4,2",,
123,1049401511,СберБанк,"ул. Гарибальди, 36, Москва",,,,55.672050,37.549215,"4,4",,
124,1130712814,СберБанк,"Тихвинская ул., 20, Москва",,,,55.790726,37.600043,"4,4",,
125,1099170064,СберБанк,"Пролетарский просп., 6, корп. 1, Москва",,,,55.646574,37.655943,"4,5",,
126,1199757682,СберБанк,"Матвеевская ул., 2, Москва",,,,55.705524,37.479278,"4,7",,
127,1058537510,СберБанк,"Большая Переяславская ул., 9, Москва",,,,55.783155,37.641542,"4,2",,
128,1068586559,СберБанк,"Профсоюзная ул., 104, Москва",,,,55.641192,37.523964,"4,4",,
129,1027804850,СберБанк,"Свободный просп., 33, Москва",,,,55.752820,37.819316,"4,4",,
130,91013428713,СберБанк,"Щёлковское ш., 6, Москва",,,,55.804169,37.760411,"4,6",,
131,1130216142,СберБанк,"просп. Мира, 180, Москва",,,,55.824374,37.645922,"4,4",,
132,1013311129,СберБанк,"Кировоградская ул., 8, корп. 3, Москва",,,,55.627726,37.610802,"4,6",,
133,1145622076,СберБанк,"ул. Расплетина, 10, корп. 1, Москва",,,,55.790948,37.482869,"4,6",,
134,1059022742,СберБанк,"Кастанаевская ул., 24, Москва",,,,55.738613,37.490729,"4,4",,
135,1010347723,СберБанк,"ул. Академика Королёва, 5, Москва",,,,55.820968,37.627424,"4,4",,
136,1133836910,СберБанк,"Измайловский просп., 61, стр. 1, Москва",,,,55.788741,37.783685,"4,4",,
137,1117438875,СберБанк,"Люблинская ул., 175, Москва",,,,55.645951,37.747210,"4,6",,
138,1128805042,СберБанк,"Башиловская ул., 11, Москва",,,,55.796743,37.575787,"4,6",,
139,1052738875,СберБанк,"Новочеркасский бул., 10, корп. 1, Москва",,,,55.646569,37.715410,"4,5",,
140,1075320959,СберБанк,"Красноармейская ул., 20, Москва",,,,55.800452,37.543587,"4,4",,
141,1082081308,СберБанк,"ул. Народного Ополчения, 39, корп. 1, Москва",,,,55.791064,37.488693,"4,6",,
142,1203628270,СберБанк,"Криворожская ул., 23, корп. 1, Москва",,,,55.668289,37.610761,"4,3",,
143,36058573249,СберБанк,"1, стр. 52, Западный административный округ, район Раменки, территория Ленинские Горы, Москва",,,,55.699594,37.532271,"4,3",,
144,57490556382,СберБанк,"Новоясеневский просп., 1, корп. 2, Москва",,,,55.619931,37.507110,"4,6",,
145,1115514801,СберБанк,"ул. Судакова, 17, Москва",,,,55.673088,37.749939,"4,6",,
146,1091486166,СберБанк,"Рязанский просп., 58/1, Москва",,,,55.715358,37.797552,"4,4",,
147,1130776010,СберБанк,"Ярцевская ул., 25А, Москва",,,,55.741019,37.415415,"4,4",,
148,76042338235,СберБанк,"Ходынский бул., 2, Москва",,,,55.788499,37.537194,"4,4",,
149,172015505206,СберБанк,"Новоясеневский просп., 7, Москва",,,,55.607960,37.532862,"4,4",,
150,185450832194,СберБанк,"ул. Госпитальный Вал, 18/1, Москва",,,,55.773333,37.710972,"4,4",,
151,1056987568,СберБанк,"ул. Гурьянова, 55, Москва",,,,55.680089,37.716784,"4,6",,
152,1072367573,СберБанк,"Зеленодольская ул., 22/14, Москва",,,,55.712369,37.777172,"4,5",,
153,1120097305,СберБанк,"ул. Яблочкова, 21А, Москва",,,,55.819479,37.578923,"4,4",,
154,1123781527,СберБанк,"ул. Нижняя Масловка, 14, Москва",,,,55.792061,37.576415,"4,3",,
155,1093766360,СберБанк,"ул. Намёткина, 11, Москва",,,,55.662917,37.553723,"4,4",,
156,76541561557,СберБанк,"Вешняковская ул., 18А, Москва",,,,55.723257,37.825326,"4,6",,
157,1120408681,СберБанк,"Вешняковская ул., 24Б, Москва",,,,55.720608,37.817122,"4,5",,
158,1050604603,СберБанк,"Ленинский просп., 89/2, Москва",,,,55.677923,37.531496,"4,4",,
159,54944782791,СберБанк,"Старокачаловская ул., 5А, Москва",,,,55.569851,37.579053,"4,9",,
160,1102193377,СберБанк,"Саянская ул., 18, Москва",,,,55.767101,37.834166,"4,7",,
161,1092471023,СберБанк,"Днепропетровская ул., 3, корп. 5А, Москва",,,,55.622009,37.601448,"4,4",,
162,1028158103,СберБанк,"Огородный пр., 19, Москва",,,,55.815987,37.597625,"4,3",,
163,1021880068,СберБанк,"Вешняковская ул., 12Б, стр. 1, Москва",,,,55.734894,37.825764,"4,5",,
164,1020705043,СберБанк,"Тимирязевская ул., 10/12, Москва",,,,55.811931,37.568142,"4,4",,
165,1017488654,СберБанк,"ул. Барклая, 16, корп. 1, Москва",,,,55.745968,37.496417,"4,4",,
166,1040859940,СберБанк,"ул. Академика Миллионщикова, 19, Москва",,,,55.668365,37.648543,"4,4",,
167,1105986943,СберБанк,"просп. Маршала Жукова, 44, Москва",,,,55.777309,37.467050,"4,4",,
168,1085479428,СберБанк,"Шипиловская ул., 32, Москва",,,,55.619960,37.718886,"4,7",,
169,182076831605,СберБанк,"Ясеневая ул., 26, Москва",,,,55.603934,37.735962,"4,8",,
170,1074903265,СберБанк,"Россошанская ул., 3, корп. 1А, стр. 2, Москва",,,,55.595163,37.607431,"4,7",,
171,1067092228,СберБанк,"Фестивальная ул., 2Б, Москва",,,,55.855263,37.477752,"4,5",,
172,1010197748,СберБанк,"Измайловский бул., 38, Москва",,,,55.796445,37.801787,"4,5",,
173,1188897310,СберБанк,"ул. Генерала Кузнецова, 28, корп. 1, Москва",,,,55.683034,37.852333,"4,5",,
174,1141089392,СберБанк,"Никулинская ул., 25, Москва",,,,55.669688,37.453281,"4,6",,
175,1232723322,СберБанк,"Большая Черкизовская ул., 5, корп. 1, Москва",,,,55.797290,37.720032,"4,2",,
176,1771193961,СберБанк,"ул. Хачатуряна, 18А, Москва",,,,55.862052,37.604285,"4,6",,
177,121176118798,СберБанк,"Рождественская ул., 31, Москва",,,,55.706422,37.930837,"4,7",,
178,1086967085,СберБанк,"Дмитровское ш., 64, корп. 2, Москва",,,,55.855911,37.562667,"4,6",,
179,1396706379,СберБанк,"1-я Мясниковская ул., 2, Москва",,,,55.816584,37.702509,"4,5",,
180,1026766377,СберБанк,"Юбилейный просп., 24/7, Реутов",,,,55.749179,37.862949,"4,6",,
181,1026848141,СберБанк,"Ленинский просп., 82/2, Москва",,,,55.681030,37.533877,"4,3",,
182,1055613851,СберБанк,"Озёрная ул., 10, Москва",,,,55.681422,37.458712,"4,6",,
183,1118725368,СберБанк,"Петровско-Разумовский пр., 24, корп. 2, Москва",,,,55.802057,37.564497,"4,4",,
184,1001688437,СберБанк,"Старопетровский пр., 1, стр. 2, Москва",,,,55.823641,37.500977,"4,3",,
185,1104414157,СберБанк,"ул. Академика Челомея, 4Б, Москва",,,,55.662233,37.533533,"4,5",,
186,1071704305,СберБанк,"Щукинская ул., 42, Москва",,,,55.809474,37.464481,"4,6",,
187,1138765115,СберБанк,"ул. Бажова, 24, корп. 2, Москва",,,,55.836457,37.665178,"4,5",,
188,1101504261,СберБанк,"Славянский бул., 3, Москва",,,,55.727192,37.473696,"4,3",,
189,32413334408,СберБанк,"Лесная ул., 20, стр. 1, Москва",,,,55.780419,37.591771,"4,1",,
190,1053709661,СберБанк,"Славянский бул., 15, Москва",,,,55.725413,37.461928,"4,4",,
191,1082557054,СберБанк,"Нахимовский просп., 25А, Москва",,,,55.668033,37.590135,,,
192,1102239925,СберБанк,"ул. Миклухо-Маклая, 55, Москва",,,,55.640646,37.534544,"4,5",,
193,1644852143,СберБанк,"Кустанайская ул., 6, Москва",,,,55.619760,37.752110,"4,7",,
194,100043815591,СберБанк,"Кастанаевская ул., 54, корп. 3, Москва",,,,55.735575,37.467531,"4,4",,
195,1052296229,СберБанк,"ул. Адмирала Макарова, 45, Москва",,,,55.838928,37.485076,"4,4",,
196,1254022466,СберБанк,"Дмитровское ш., 29, корп. 1, Москва",,,,55.828010,37.571958,"4,4",,
197,84941437349,СберБанк,"Бирюлёвская ул., 37, корп. 1, Москва",,,,55.588660,37.665139,"4,7",,
198,194871878014,СберБанк,"Открытое ш., 17, корп. 13, Москва",,,,55.822682,37.753869,"4,6",,
199,97140927564,СберБанк,"Череповецкая ул., 20, Москва",,,,55.897837,37.581038,"4,7",,
200,1065604418,СберБанк,"Сиреневый бул., 53, Москва",,,,55.803444,37.814443,"4,5",,
201,1089958194,СберБанк,"ул. Борисовские Пруды, 12, корп. 1, Москва",,,,55.635552,37.741515,"4,7",,
202,108849696717,СберБанк,"Ореховый бул., 22А, Москва",,,,55.611898,37.732099,"4,4",,
203,1077445172,СберБанк,"Первомайская ул., 106А, Москва",,,,55.793329,37.813097,"4,5",,
204,1017459268,СберБанк,"Домодедовская ул., 28, Москва",,,,55.604880,37.712545,"4,4",,
205,1021171198,СберБанк,"ул. Дубки, 2А, Москва",,,,55.817070,37.569329,"4,4",,
206,1212799575,СберБанк,"Ташкентская ул., 9, Москва",,,,55.707837,37.818811,"4,5",,
207,89186739078,СберБанк,"просп. Вернадского, 97, корп. 1, Москва",,,,55.667514,37.490880,"4,5",,
208,1700496759,СберБанк,"Сиреневый бул., 29/45к3, Москва",,,,55.803229,37.798252,"4,4",,
209,1137208987,СберБанк,"ул. Красного Маяка, 1, корп. 1, Москва",,,,55.611196,37.598986,"4,5",,
210,1020792492,СберБанк,"ул. Удальцова, 32, стр. 2, Москва",,,,55.681590,37.493077,"4,4",,
211,1020792492,СберБанк,"ул. Удальцова, 32, стр. 2, Москва",,,,55.681590,37.493077,"4,4",,
212,240876996528,СберБанк,"Шипиловский пр., 39, корп. 1, Москва",,,,55.610980,37.696837,"4,6",,
213,1073759529,СберБанк,"Большая Академическая ул., 15, корп. 1, Москва",,,,55.823652,37.527515,"4,5",,
214,1025767099,СберБанк,"Старокачаловская ул., 1, корп. 1, Москва",,,,55.568360,37.587815,"4,6",,
215,1109033786,СберБанк,"ул. Алабяна, 13, корп. 1, Москва",,,,55.799520,37.504912,"4,5",,
216,1031770839,СберБанк,"ул. Академика Бакулева, 2, Москва",,,,55.643495,37.489609,"4,3",,
217,1014326311,СберБанк,"Осенний бул., 12, Москва",,,,55.759302,37.408928,"4,4",,
218,96350421766,СберБанк,"Снежная ул., 13, корп. 1, Москва",,,,55.852200,37.645744,"4,5",,
219,1000217841,СберБанк,"Дмитровское ш., 98, Москва",,,,55.879387,37.546919,"4,7",,
220,87918851510,СберБанк,"Просторная ул., 8, Москва",,,,55.805034,37.717523,"4,6",,
221,1041863881,СберБанк,"Ярославское ш., 28, Москва",,,,55.861199,37.694400,"4,4",,
222,1262351001,СберБанк,"Бирюлёвская ул., 55, корп. 1, стр. 2, Москва",,,,55.583431,37.677086,"4,6",,
223,1094675240,СберБанк,"Большая Марфинская ул., 6, Москва",,,,55.831997,37.592657,"4,5",,
224,217379276094,СберБанк,"Литовский бул., 20, Москва",,,,55.612681,37.536341,"4,6",,
225,6193269325,СберБанк,"Дубнинская ул., 16, корп. 1, Москва",,,,55.868141,37.563287,"4,6",,
226,1065514172,СберБанк,"Ташкентская ул., 12/20, Москва",,,,55.705098,37.816429,"4,4",,
227,1006493872,СберБанк,"Коровинское ш., 5, корп. 1, Москва",,,,55.866784,37.540565,"4,6",,
228,1194899803,СберБанк,"2-й Покровский пр., 2, Котельники",,,,55.659251,37.855941,"4,6",,
229,1623855727,СберБанк,"Строгинский бул., 22, Москва",,,,55.803017,37.403195,"4,5",,
230,1158376490,СберБанк,"Красноармейская ул., 8, Люберцы",,,,55.678956,37.888826,"4,4",,
231,105644001647,СберБанк,"Комсомольская ул., 15А, Люберцы",,,,55.677258,37.881752,"4,8",,
232,1086573383,СберБанк,"Михалковская ул., 24, Москва",,,,55.839845,37.528109,"4,4",,
233,1101057062,СберБанк,"бул. Адмирала Ушакова, 5, Москва",,,,55.546941,37.552214,"4,7",,
234,1082012063,СберБанк,"ул. Побратимов, 7, Люберцы",,,,55.691612,37.896939,"4,8",,
235,1029356705,СберБанк,"Вяземская ул., 4, Москва",,,,55.714399,37.402759,"4,4",,
236,1101473489,СберБанк,"Чертановская ул., 32А, Москва",,,,55.617936,37.592729,"4,6",,
237,1001697864,СберБанк,"ул. Академика Янгеля, 4, корп. 2, Москва",,,,55.596015,37.593827,"4,5",,
238,170452199018,СберБанк,"Ярославское ш., 54, Москва",,,,55.866212,37.705244,"4,4",,
239,1012146630,СберБанк,"Енисейская ул., 29, Москва",,,,55.873570,37.665282,"4,3",,
240,1152730247,СберБанк,"Новокосинская ул., 36Б, Москва",,,,55.742423,37.869473,"4,6",,
241,1051222684,СберБанк,"Ореховый пр., 9, Москва",,,,55.626063,37.735384,"4,7",,
242,1133736123,СберБанк,"ул. Кирова, 9, Реутов",,,,55.757717,37.851349,"4,7",,
243,52904631303,СберБанк,"Варшавское ш., 160, Москва",,,,55.583081,37.595440,"4,6",,
244,1053742849,СберБанк,"ул. Дмитриевского, 21, Москва",,,,55.709406,37.894732,"4,7",,
245,1221636534,СберБанк,"Большая Черкизовская ул., 22, корп. 1, Москва",,,,55.798931,37.735273,"4,3",,
246,1040950472,СберБанк,"Липецкая ул., 2А, Москва",,,,55.601144,37.669865,"4,3",,
247,88737904817,СберБанк,"Солнцевский просп., 2, Москва",,,,55.652579,37.396844,"4,6",,
248,1032013243,СберБанк,"Широкая ул., 12, Москва",,,,55.886731,37.659470,"4,4",,
249,1252784550,СберБанк,"ул. Александры Монаховой, 5, корп. 2, посёлок Коммунарка",,,,55.575339,37.472939,"4,6",,
250,1000083696,СберБанк,"МКАД, 47-й километр, с20, Москва",,,,55.659398,37.430595,"4,4",,
251,1236881705,СберБанк,"Живописная ул., 6, корп. 1, Москва",,,,55.781819,37.456211,"4,6",,
252,1087586769,СберБанк,"Новочеркасский бул., 46, Москва",,,,55.646696,37.740627,"4,4",,
253,138363271928,СберБанк,"ул. Мичуринский Проспект, Олимпийская Деревня, 3, Москва",,,,55.675857,37.466885,"4,3",,
254,106674492978,СберБанк,"Октябрьский просп., 9, Люберцы",,,,55.696241,37.861566,"4,6",,
255,1058692504,СберБанк,"Можайское ш., 28, Москва",,,,55.720230,37.421601,"4,3",,
256,56395602542,СберБанк,"ул. Малыгина, 7, Москва",,,,55.880507,37.694917,"4,5",,
257,1051809560,СберБанк,"Новочеркасский бул., 41, корп. 2, Москва",,,,55.648517,37.735458,"4,4",,
258,1051809560,СберБанк,"Новочеркасский бул., 41, корп. 2, Москва",,,,55.648517,37.735458,"4,4",,
259,1014924376,СберБанк,"Профсоюзная ул., 144, Москва",,,,55.624340,37.508481,"4,4",,
260,1093145815,СберБанк,"Булатниковская ул., 6А, Москва",,,,55.580917,37.643933,"4,6",,
261,65275270244,СберБанк,"Берёзовая ул., 17, д. Сосенки",,,,55.851018,37.617479,"4,7",,
262,1064988029,СберБанк,"Севанская ул., 23, Москва",,,,55.623938,37.648410,"4,4",,
263,1134691043,СберБанк,"Рублёвское ш., 16, корп. 1, Москва",,,,55.740218,37.434389,"4,7",,
264,87177512882,СберБанк,"Ферганский пр., 10Г, стр. 1, Москва",,,,55.696173,37.821563,"4,6",,
265,1131493189,СберБанк,"Пронская ул., 2, Москва",,,,55.703343,37.845872,"4,4",,
266,1255887263,СберБанк,"Сельскохозяйственная ул., 9, Москва",,,,55.834560,37.645550,"4,3",,
267,1289802948,СберБанк,"ул. Ленина, 4, Реутов",,,,55.753869,37.859282,"4,4",,
268,44573640252,СберБанк,"Лесная ул., 5, Дзержинский",,,,55.630644,37.855328,"4,7",,
269,1102329448,СберБанк,"ул. 50 лет Октября, 11, Москва",,,,55.651798,37.412751,"4,7",,
270,1110487738,СберБанк,"Октябрьский просп., 304, Люберцы",,,,55.667984,37.906839,"4,7",,
271,1078442909,СберБанк,"ул. Римского-Корсакова, 2, Москва",,,,55.869284,37.590800,"4,7",,
272,1071667762,СберБанк,"ул. Маршала Василевского, 17, Москва",,,,55.808928,37.462277,"4,4",,
273,1130831788,СберБанк,"Ленинский просп., 148, Москва",,,,55.654833,37.492340,"4,3",,
274,1075023786,СберБанк,"Челябинская ул., 15, Москва",,,,55.778694,37.826996,"4,4",,
275,1009126495,СберБанк,"Можайское ш., 4, корп. 1, Москва",,,,55.723264,37.444171,"4,4",,
276,1022908343,СберБанк,"ул. Плещеева, 4, Москва",,,,55.883836,37.605792,"4,4",,
277,1036477749,СберБанк,"ул. Миклухо-Маклая, 17, Москва",,,,55.652090,37.505731,"4,2",,
278,1058219860,СберБанк,"Петрозаводская ул., 8, Москва",,,,55.863839,37.503417,"4,5",,
279,3727015140,СберБанк,"Новокосинская ул., 11, корп. 2, Москва",,,,55.734174,37.852983,"4,7",,
280,67660524877,СберБанк,"Инициативная ул., 7Б, Люберцы",,,,55.686198,37.899430,"4,6",,
281,1252510678,СберБанк,"просп. Ленинского Комсомола, 3, Видное",,,,55.547438,37.713749,"4,8",,
282,1237964541,СберБанк,"Профсоюзная ул., 115, корп. 1, Москва",,,,55.631054,37.519329,"4,4",,
283,1123257258,СберБанк,"Можайское ш., 41, корп. 1, Москва",,,,55.717074,37.411485,"4,4",,
284,1252510678,СберБанк,"просп. Ленинского Комсомола, 3, Видное",,,,55.547438,37.713749,"4,8",,
285,1237964541,СберБанк,"Профсоюзная ул., 115, корп. 1, Москва",,,,55.631054,37.519329,"4,4",,
286,1206339373,СберБанк,"ул. имени Зверева, 6А, Красногорск",,,,55.822451,37.363948,"4,7",,
287,169702077535,СберБанк,"Планерная ул., 12, корп. 1, Москва",,,,55.861202,37.436821,"4,5",,
288,90494940753,СберБанк,"Москва, поселение Сосенское, улица Сервантеса, 1, корп. 3",,,,55.590777,37.451407,"4,9",,
289,1007361663,СберБанк,"ул. Ивана Франко, 36, Москва",,,,55.728074,37.417500,"4,6",,
290,1080915176,СберБанк,"Новокосинская ул., 23, Москва",,,,55.740813,37.859913,"4,6",,
291,1024918157,СберБанк,"Алтайская ул., 4, Москва",,,,55.819677,37.802200,"4,6",,
292,1053371321,СберБанк,"ул. Академика Виноградова, 1, Москва",,,,55.631732,37.482103,"4,5",,
293,1054407500,СберБанк,"Филёвский бул., 1, Москва",,,,55.764918,37.494523,"4,6",,
294,1104589509,СберБанк,"ул. Архитектора Власова, 39, Москва",,,,55.668699,37.543907,"4,4",,
295,1022688614,СберБанк,"пр. Стратонавтов, 9, корп. 2, Москва",,,,55.827204,37.436358,"4,3",,
296,19884023735,СберБанк,"Анадырский пр., 13, Москва",,,,55.862812,37.680848,"4,5",,
297,81525114423,СберБанк,"Молодогвардейская ул., 25, корп. 1, Москва",,,,55.733557,37.419147,"4,5",,
298,231312639586,СберБанк,"ул. Адмирала Лазарева, 24, Москва",,,,55.546868,37.532647,"4,5",,
299,1056502159,СберБанк,"ул. Лавочкина, 34, Москва",,,,55.856473,37.493300,"4,7",,
300,106511527922,СберБанк,"ул. Егора Абакумова, 10, корп. 1, Москва",,,,55.879422,37.714918,"4,4",,
301,1112158864,СберБанк,"ул. Амундсена, 15, корп. 2, Москва",,,,55.853542,37.654431,"4,4",,
302,38482343558,СберБанк,"Медынская ул., 5А, корп. 1, Москва",,,,55.590633,37.647208,"4,5",,
303,1202457041,СберБанк,"Каширское ш., 55, корп. 4, Москва",,,,55.638964,37.694759,"4,3",,
304,1023265133,СберБанк,"Ленинградское ш., 112/1, Москва",,,,55.863839,37.465266,"4,3",,
305,1031355707,СберБанк,"Осенний бул., 23, Москва",,,,55.763684,37.406276,"4,4",,
306,1013052136,СберБанк,"Смольная ул., 7, Москва",,,,55.845591,37.499705,"4,6",,
307,1013052136,СберБанк,"Смольная ул., 7, Москва",,,,55.845591,37.499705,"4,6",,
308,1072443753,СберБанк,"Верхняя Первомайская ул., 59/35к2, Москва",,,,55.799531,37.803924,"4,6",,
309,1100986746,СберБанк,"Советская ул., 34А, Видное",,,,55.548451,37.701602,"4,9",,
310,1047820790,СберБанк,"ул. Островитянова, 18, Москва",,,,55.636361,37.511218,"4,3",,
311,1057513260,СберБанк,"Смольная ул., 35, стр. 1, Москва",,,,55.861252,37.481288,"4,6",,
312,1247944515,СберБанк,"ул. Веры Волошиной, 12, Мытищи",,,,55.893151,37.725631,"4,6",,
313,1157004705,СберБанк,"ул. Урицкого, 17, Люберцы",,,,55.701016,37.892449,"4,4",,
314,116580378923,СберБанк,"Советская ул., 6/17, Балашиха",,,,55.797523,37.934823,"4,5",,
315,1144749384,СберБанк,"Дмитровское ш., 131, корп. 2, Москва",,,,55.889129,37.540799,"4,4",,
316,1019587550,СберБанк,"ул. Маршала Федоренко, 7, Москва",,,,55.880339,37.489860,"4,5",,
317,218219919975,СберБанк,"Новотушинский пр., 8, корп. 1, Москва",,,,55.838461,37.379488,"4,4",,
318,1024058598,СберБанк,"Рублёвское ш., 42, корп. 1, Москва",,,,55.750946,37.412161,"4,4",,
319,221428274915,СберБанк,"Солнечная ул., 3, Московский",,,,55.591542,37.365820,"4,9",,
320,1266815996,СберБанк,"Сходненская ул., 9, Москва",,,,55.839519,37.437839,"4,7",,
321,1003448569,СберБанк,"Хабаровская ул., 8, Москва",,,,55.819543,37.827285,"4,5",,
322,1177691513,СберБанк,"Юбилейная ул., 3, корп. 1, Мытищи",,,,55.915079,37.722587,"4,7",,
323,1001719578,СберБанк,"Полярная ул., 1, Москва",,,,55.871523,37.637507,"4,4",,
324,1040448865,СберБанк,"Новомытищинский просп., 5, корп. 1, Мытищи",,,,55.915759,37.749699,"4,7",,
325,39537397095,СберБанк,"Международная ул., 12, Красногорск",,,,55.821304,37.387826,"4,4",,
326,1001085265,СберБанк,"Советская ул., 2Б, Видное",,,,55.552378,37.701719,"4,7",,
327,232863277765,СберБанк,"Пятницкое ш., 39, Москва",,,,55.855218,37.355656,"4,6",,
328,1013569933,СберБанк,"Волоколамское ш., 13, Москва",,,,55.808240,37.495154,"4,3",,
329,1126238700,СберБанк,"ул. Лихоборские Бугры, 8, Москва",,,,55.842915,37.547423,"4,6",,
330,63945988423,СберБанк,"бул. Яна Райниса, 1, Москва",,,,55.849847,37.436369,"4,4",,
331,1126238700,СберБанк,"ул. Лихоборские Бугры, 8, Москва",,,,55.842915,37.547423,"4,6",,
332,63945988423,СберБанк,"бул. Яна Райниса, 1, Москва",,,,55.849847,37.436369,"4,4",,
333,1046275670,СберБанк,"ул. Федосьино, 4, корп. 1, Москва",,,,55.635210,37.343036,"4,6",,
334,1345841588,СберБанк,"просп. Мельникова, 2Б, Химки",,,,55.901138,37.407069,"4,7",,
335,1082475419,СберБанк,"ул. Победы, 1/13, Химки",,,,55.899406,37.456412,"4,7",,
336,97771957388,СберБанк,"Коровинское ш., 21, корп. 1, Москва",,,,55.876471,37.524436,"4,4",,
337,1028449462,СберБанк,"Юбилейный просп., 73, Химки",,,,55.897769,37.407260,"4,6",,
338,1064888404,СберБанк,"Луговой пр., 12, корп. 1, Москва",,,,55.646170,37.752868,"4,4",,
339,49695211734,СберБанк,"Главная ул., 29, Восточный административный округ, район Восточный, Москва",,,,55.819975,37.872344,"4,9",,
340,1261868773,СберБанк,"Бескудниковский бул., 40, корп. 3, Москва",,,,55.874036,37.551299,"4,4",,
341,70412747835,СберБанк,"ул. Генерала Тюленева, 9, Москва",,,,55.625023,37.483794,"4,5",,
342,1110022701,СберБанк,"Алтуфьевское ш., 8, Москва",,,,55.852794,37.585853,"4,4",,
343,1059749193,СберБанк,"ул. Декабристов, 10, корп. 2, Москва",,,,55.865824,37.598648,"4,6",,
344,1110424183,СберБанк,"Онежская ул., 12, Москва",,,,55.849578,37.521026,"4,5",,
345,145342135950,СберБанк,"Москва, поселение Сосенское, улица Александры Монаховой, 97, стр. 1",,,,55.540542,37.491098,"4,6",,
346,1153501877,СберБанк,"15, стр. 2, Юго-Восточный административный округ, район Капотня, 5-й квартал, Москва",,,,55.633582,37.798731,"4,4",,
347,1045546947,СберБанк,"просп. Космонавтов, 6А, Королёв",,,,55.919001,37.867452,"4,7",,
348,1224593129,СберБанк,"ул. Руднёвка, 19, Москва",,,,55.716686,37.887345,"4,7",,
349,1017345598,СберБанк,"Жулебинский бул., 28, корп. 1, Москва",,,,55.689902,37.854166,"4,6",,
350,1150331545,СберБанк,"Трёхгорная ул., 4, посёлок Трёхгорка",,,,55.695961,37.335681,"4,4",,
351,16181799686,СберБанк,"Соколово-Мещерская ул., 14, Москва",,,,55.896041,37.391531,"4,6",,
352,9171423102,СберБанк,"Сухонская ул., 9А, Москва",,,,55.877181,37.651283,"4,7",,
353,1127460744,СберБанк,"Голубинская ул., 24, корп. 1, Москва",,,,55.596107,37.537095,"4,4",,
354,1006058569,СберБанк,"ул. Лётчика Бабушкина, 37, корп. 2, Москва",,,,55.872897,37.677093,"4,5",,
355,216808967729,СберБанк,"2-я Мелитопольская ул., 3А, Москва",,,,55.539192,37.573473,"4,4",,
356,1042484889,СберБанк,"Барвихинская ул., 8, Москва",,,,55.716645,37.387632,"4,4",,
357,1252924993,СберБанк,"Московская ул., 32, Химки",,,,55.888792,37.443913,"4,5",,
358,1025334033,СберБанк,"ул. Хачатуряна, 16, Москва",,,,55.860483,37.602728,"4,4",,
359,1046704156,СберБанк,"Тушинская ул., 17, Москва",,,,55.826692,37.444433,"4,5",,
360,1038153042,СберБанк,"ул. Скульптора Мухиной, 10, корп. 1, Москва",,,,55.640194,37.342261,"4,7",,
361,1059775730,СберБанк,"Первомайская ул., 40, Долгопрудный",,,,55.933839,37.520399,"4,7",,
362,1324337043,СберБанк,"10А, 3-й микрорайон, Московский",,,,55.595713,37.342662,"4,8",,
363,1063933421,СберБанк,"Чертановская ул., 48, корп. 3, Москва",,,,55.606850,37.589734,"4,4",,
364,1110263302,СберБанк,"Павшинская ул., 2, Красногорск",,,,55.815547,37.350623,"4,5",,
365,1097312939,СберБанк,"Солнечногорская ул., 5, корп. 1, Москва",,,,55.857549,37.515052,"4,6",,
366,1026502090,СберБанк,"просп. Ленина, 47, Балашиха",,,,55.797483,37.947552,"4,7",,
367,1067198702,СберБанк,"Алтуфьевское ш., 64, Москва",,,,55.885163,37.587598,"4,5",,
368,1025324746,СберБанк,"Борисовский пр., 11, корп. 1, стр. 2, Москва",,,,55.626615,37.722225,"4,3",,
369,1046811405,СберБанк,"Коровинское ш., 20, корп. 1, Москва",,,,55.879829,37.522301,"4,5",,
370,1126439223,СберБанк,"ул. Исаковского, 31, Москва",,,,55.805941,37.417433,"4,7",,
371,97135478607,СберБанк,"Железнодорожная ул., 44, Щербинка",,,,55.499240,37.567607,"4,9",,
372,1201572576,СберБанк,"просп. Королёва, 5Д, Королёв",,,,55.921815,37.843661,"4,4",,
373,1085602706,СберБанк,"просп. Пацаева, 14, Долгопрудный",,,,55.948881,37.496063,"4,6",,
374,1042248539,СберБанк,"Новый бул., 3, Долгопрудный",,,,55.937847,37.508780,"4,6",,
375,1048571428,СберБанк,"Новопеределкинская ул., 7А, Москва",,,,55.639890,37.366830,"4,5",,
376,1011118459,СберБанк,"бул. Яна Райниса, 30, корп. 1, Москва",,,,55.850810,37.409904,"4,4",,
377,151768878561,СберБанк,"пр. Дежнёва, 27, корп. 1, Москва",,,,55.870084,37.635257,"4,5",,
378,1245666277,СберБанк,"Юбилейный просп., 6А, Химки",,,,55.888862,37.428305,"4,5",,
379,118642499156,СберБанк,"1-я Вольская ул., 22, корп. 1, Москва",,,,55.683254,37.925625,"4,8",,
380,1076065473,СберБанк,"ул. Лескова, 8, Москва",,,,55.897761,37.594782,"4,4",,
381,1076065473,СберБанк,"ул. Лескова, 8, Москва",,,,55.897761,37.594782,"4,4",,
382,1156698519,СберБанк,"Лётная ул., 30, корп. 1, Мытищи",,,,55.907990,37.719514,"4,6",,
383,1123504799,СберБанк,"9-я Северная линия, 1, корп. 1, Москва",,,,55.934851,37.554367,"4,5",,
384,1072744268,СберБанк,"Таллинская ул., 26, Москва",,,,55.799552,37.407265,"4,4",,
385,95915342913,СберБанк,"28, микрорайон Гагарина, Балашиха",,,,55.823803,37.929172,"4,4",,
386,1015728560,СберБанк,"Олимпийский просп., 21, Мытищи",,,,55.924832,37.754737,"4,5",,
387,1032725977,СберБанк,"Юбилейный просп., 41А, Химки",,,,55.890630,37.411167,"4,6",,
388,1030277988,СберБанк,"Хабаровская ул., 15, Москва",,,,55.822387,37.823739,"4,6",,
389,1013416078,СберБанк,"Голубинская ул., 7, корп. 2, Москва",,,,55.606204,37.514331,"4,3",,
390,1156592777,СберБанк,"ул. Героев Панфиловцев, 16, корп. 1, Москва",,,,55.858610,37.423228,"4,6",,
391,1029799640,СберБанк,"Неманский пр., 9, Москва",,,,55.810644,37.392219,"4,4",,
392,1228254849,СберБанк,"ул. Грабина, 8Б, Королёв",,,,55.925770,37.820158,"4,6",,
393,1192524051,СберБанк,"ул. Гагарина, 12/14, Королёв",,,,55.917239,37.806045,"4,4",,
394,1010704601,СберБанк,"29А, посёлок Развилка",,,,55.589030,37.754359,"4,2",,
395,230022771663,СберБанк,"Спартаковская ул., 21, Москва",,,,55.773170,37.677642,"4,4",,
396,1076982278,СберБанк,"Клязьминская ул., 9, стр. 2, Москва",,,,55.890661,37.524110,"4,4",,
397,1121365671,СберБанк,"ул. Лескова, 30, Москва",,,,55.893405,37.615690,"4,4",,
398,63354115245,СберБанк,"Митинская ул., 47, Москва",,,,55.850985,37.352655,"4,5",,
399,1108012618,СберБанк,"Туристская ул., 19, корп. 1, Москва",,,,55.852361,37.421387,"4,6",,
400,1201846716,СберБанк,"ул. 3-е Почтовое Отделение, 54А, микрорайон Городок Б, Люберцы",,,,55.682659,37.870718,"4,3",,
401,1078463481,СберБанк,"38, микрорайон Дзержинского, Балашиха",,,,55.776586,37.900841,"4,1",,
402,39755241749,СберБанк,"Путевой пр., 40, корп. 3, Москва",,,,55.878710,37.574102,"4,6",,
403,1126390811,СберБанк,"Жулебинский бул., 9, Москва",,,,55.698537,37.846839,"4,6",,
404,1131173418,СберБанк,"Тайнинская ул., 24, Москва",,,,55.884169,37.686814,"4,5",,
405,57357712680,СберБанк,"Широкая ул., 29, Москва",,,,55.887648,37.677255,"4,5",,
406,57357712680,СберБанк,"Широкая ул., 29, Москва",,,,55.887648,37.677255,"4,5",,
407,1153685529,СберБанк,"ул. Тихонравова, 36, микрорайон Юбилейный, Королёв",,,,55.936446,37.844746,"4,8",,
408,1235641738,СберБанк,"ул. 40 лет Октября, 15/1, Щербинка",,,,55.511731,37.573517,"4,8",,
409,1054108376,СберБанк,"Вокзальная площадь, 2, Мытищи",,,,55.913409,37.761914,"4,3",,
410,1178698834,СберБанк,"Новомытищинский просп., 34/2, Мытищи",,,,55.911106,37.737103,"4,5",,
411,92487320090,СберБанк,"Совхозная ул., 11, Химки",,,,55.898007,37.477787,"4,3",,
412,32435375728,СберБанк,"ул. Генерала Белобородова, 13, Москва",,,,55.836230,37.355612,"4,5",,
413,1098772580,СберБанк,"ул. Агрохимиков, 2, рабочий посёлок Новоивановское",,,,55.705092,37.365362,"1,1",,
414,1010228810,СберБанк,"Пятницкое ш., 25, корп. 1, Москва",,,,55.848413,37.364921,"4,4",,
415,1145373091,СберБанк,"8, микрорайон Южный, Котельники",,,,55.646747,37.860720,"4,3",,
416,175941416373,СберБанк,"Москва, поселение Десеновское, 5-я Нововатутинская улица, 9",,,,55.516418,37.347618,"4,8",,
417,170360915505,СберБанк,"МКАД, 24-й километр, 1, посёлок Совхоза имени Ленина",,,,55.585327,37.724823,"4,3",,
418,40158012604,СберБанк,"Спортивная ул., 1, Лыткарино",,,,55.581419,37.910809,"4,3",,
419,81248073440,СберБанк,"Москва, поселение Воскресенское, Чечёрский проезд, 51",,,,55.524432,37.517778,"4,8",,
420,1214262643,СберБанк,"ул. Академика Каргина, 21, Мытищи",,,,55.916487,37.773821,"4,4",,
421,121370056707,СберБанк,"ул. Сущёвский Вал, 52/17, Москва",,,,55.792782,37.615117,"4,2",,
422,112543181863,СберБанк,"Южная ул., 3, стр. 1, микрорайон Кучино, Балашиха",,,,55.749874,37.952770,"4,3",,
423,1126360440,СберБанк,"ул. Корнейчука, 44, Москва",,,,55.897061,37.632100,"4,4",,
424,1198072572,СберБанк,"Юбилейный просп., 60, Химки",,,,55.889118,37.414025,"4,4",,
425,1130950876,СберБанк,"ул. Шолохова, 16, Москва",,,,55.640074,37.350931,"4,5",,
426,1226249539,СберБанк,"Лётная ул., 40, Мытищи",,,,55.903754,37.711825,"4,6",,
427,149578228690,СберБанк,"Центральная ул., 6, корп. 2, микрорайон Подрезково, Химки",,,,55.948997,37.330974,"4,5",,
428,1031178822,СберБанк,"32, посёлок завода Мосрентген",,,,55.620921,37.473291,"3,8",,
429,1204166320,СберБанк,"Речная ул., 6, Красногорск",,,,55.822898,37.338550,"4,4",,
430,1187168806,СберБанк,"ул. Гоголя, 34, рабочий посёлок Томилино",,,,55.668546,37.953498,"2,2",,
431,1115218846,СберБанк,"ул. 40 лет Победы, 1, Балашиха",,,,55.814482,37.967361,"4,5",,
432,1021508056,СберБанк,"Новомытищинский просп., 82, Мытищи",,,,55.902084,37.722793,"4,3",,
433,1059138854,СберБанк,"10, 5-й микрорайон, 1-й квартал, Лыткарино",,,,55.586194,37.897764,"4,2",,
434,221020279350,СберБанк,"Оружейный пер., 41, Москва",,,,55.773373,37.605786,"4,7",,
435,110976892300,СберБанк,"2-я Институтская ул., 18, Мытищи",,,,55.930137,37.790659,"4,3",,
436,1041408503,СберБанк,"2-я Новорублёвская ул., 1, посёлок Рублёво",,,,55.785109,37.357609,"4,0",,
437,140940244868,СберБанк,"Москва, поселение Московский, Киевское шоссе, 22-й километр, 4с1кА",,,,55.634151,37.441040,"4,4",,
438,1498939078,СберБанк,"27В, посёлок подсобного хозяйства Воскресенское",,,,55.530226,37.443550,"2,8",,
439,1055110223,СберБанк,"Советская ул., 40, микрорайон Первомайский, Королёв",,,,55.941568,37.866997,"4,7",,
440,169251836554,СберБанк,"Центральная ул., 22, посёлок Володарского",,,,55.501825,37.945961,"3,3",,
441,1033986670,СберБанк,"Силикатная ул., 39, Мытищи",,,,55.940296,37.778727,"4,4",,
442,1070432166,СберБанк,"11, рабочий посёлок Измайлово",,,,55.562828,37.644695,"1,8",,
443,1052154505,СберБанк,"Новое ш., 79, рабочий посёлок Горки Ленинские",,,,55.507412,37.778021,"3,6",,
444,34252119764,СберБанк,"Москва, поселение Десёновское, Офицерская улица, 20",,,,55.505926,37.332359,"3,9",,
445,1055432398,СберБанк,"4-я Парковая ул., 18, Мытищи",,,,55.884075,37.754296,"2,8",,
446,1088728391,СберБанк,"ул. Орджоникидзе, 40, дачный посёлок Загорянский",,,,55.900895,37.947469,"3,8",,
447,90132908781,СберБанк,"ул. Чурилково, 7А, д. Чурилково",,,,55.492579,37.833438,"2,5",,
