,ID,name,address,website,opening_hours,lat,lon,rating,phone,social,Обслуживание,Персонал,Отношение к клиентам,Время ожидания,Банкомат,Расположение
0,147877830612,СберБанк,"просп. Володарского, 13, Луга",www.sberbank.ru,"'mon': 09:00-18:00, 'tue': 09:00-18:00, 'wed': 09:00-18:00, 'thu': 09:00-18:00, 'fri': 09:00-18:00, 'sat': 09:00-18:00, 'sun': выходной",58.728596,29.847214,"4,5",['8 (800) 555-55-50Показать телефон'],"['http://ok.ru/sberbank', 'https://vk.com/sberbank']",82,80,82,54,13,
1,1056941254,СберБанк,"Новая ул., 24, д. Заклинье",www.sberbank.ru,"'mon': выходной, 'tue': 08:30-13:00,13:30-17:00, 'wed': 08:30-13:00,13:30-17:00, 'thu': 08:30-13:00,13:30-17:00, 'fri': 08:30-13:00,14:00-17:00, 'sat': 08:30-13:00,14:00-17:00, 'sun': выходной",58.727822,29.897226,"4,3",['8 (800) 555-55-50Показать телефон'],"['http://ok.ru/sberbank', 'https://vk.com/sberbank']",,,,,,
2,244019863326,СберБанк,"просп. Кирова, 67А, Луга",www.sberbank.ru,"'mon': 09:00-19:00, 'tue': 09:00-19:00, 'wed': 09:00-19:00, 'thu': 09:00-19:00, 'fri': 09:00-19:00, 'sat': 09:00-19:00, 'sun': выходной",58.734495,29.850060,"4,3",['8 (800) 555-55-50Показать телефон'],"['http://ok.ru/sberbank', 'https://vk.com/sberbank']",88,90,90,30,,
3,1016279876,СберБанк,"просп. Кирова, 67А, Луга",www.sberbank.ru,"'mon': 09:00-18:00, 'tue': 09:00-18:00, 'wed': 09:00-18:00, 'thu': 09:00-18:00, 'fri': 09:00-16:45, 'sat': выходной, 'sun': выходной",58.737349,29.848976,"4,5",['8 (800) 555-55-50Показать телефон'],"['http://ok.ru/sberbank', 'https://vk.com/sberbank']",81,87,81,57,43,73
4,94965782282,СберБанк,"5/321, микрорайон Городок, Луга",www.sberbank.ru,"'mon': выходной, 'tue': 08:30-13:00,13:30-17:00, 'wed': 08:30-13:00,13:30-17:00, 'thu': 08:30-13:00,14:00-16:45, 'fri': выходной, 'sat': выходной, 'sun': выходной",58.690583,29.838278,"4,2",['8 (800) 555-55-50Показать телефон'],"['http://ok.ru/sberbank', 'https://vk.com/sberbank']",,,,,,
5,1134274062,СберБанк,"Центральная ул., 5, посёлок Дзержинского",www.sberbank.ru,"'mon': выходной, 'tue': выходной, 'wed': 09:45-13:00,13:30-16:45, 'thu': выходной, 'fri': 09:45-13:00,13:30-16:45, 'sat': выходной, 'sun': выходной",58.666728,29.889815,"4,0",['8 (800) 555-55-50Показать телефон'],"['http://ok.ru/sberbank', 'https://vk.com/sberbank']",,,,,,
6,1525260690,СберБанк,"8/67, территория Луга-3, Луга",www.sberbank.ru,"'mon': выходной, 'tue': 09:00-13:00,14:00-18:00, 'wed': выходной, 'thu': 09:00-13:00,14:00-18:00, 'fri': выходной, 'sat': 09:00-13:00,14:00-18:00, 'sun': выходной",58.747847,29.825808,"4,1",['8 (800) 555-55-50Показать телефон'],"['http://ok.ru/sberbank', 'https://vk.com/sberbank']",,,,,,
