ID,name,address,website,opening_hours,ypage,lat,lon,rating,phone,social
111864128187,СберБанк,"ул. Гагарина, 61, Невинномысск",,,,44.624177,41.947776,"4,7",,
58727028267,СберБанк,"бул. Мира, 30, Невинномысск",,,,44.64031,41.95055,"4,5",,
1037736278,СберБанк,"Линейная ул., 19Б, Невинномысск",,,,44.633295,41.941897,"4,3",,
1049646242,СберБанк,"ул. Калинина, 180, Невинномысск",,,,44.622911,41.973314,"4,5",,
