,ID,name,address,website,opening_hours,lat,lon,rating,phone,social,Обслуживание,Персонал,Отношение к клиентам,Время ожидания,Банкомат
0,1673911895,СберБанк,"ул. Мира, 59, Южноуральск",www.sberbank.ru,"'mon': 09:00-18:00, 'tue': 09:00-18:00, 'wed': 09:00-18:00, 'thu': 09:00-18:00, 'fri': 09:00-18:00, 'sat': 09:00-18:00, 'sun': выходной",54.442780,61.281113,"4,5",['8 (800) 555-55-50Показать телефон'],"['http://ok.ru/sberbank', 'https://vk.com/sberbank']",81,80,78,64,75
1,1232206456,СберБанк,"Комсомольская ул., 27, село Кичигино",www.sberbank.ru,"'mon': выходной, 'tue': выходной, 'wed': выходной, 'thu': выходной, 'fri': выходной, 'sat': выходной, 'sun': выходной",54.516229,61.265327,"3,9",['8 (800) 555-55-50Показать телефон'],['https://vk.com/sberbank'],,,,,
2,1078668521,СберБанк,"ул. Кирова, 7, посёлок Увельский",www.sberbank.ru,"'mon': 08:30-16:45, 'tue': 08:30-16:45, 'wed': 08:30-16:45, 'thu': 08:30-16:45, 'fri': 08:30-16:45, 'sat': 08:30-16:45, 'sun': выходной",54.441628,61.360612,"4,3",['8 (800) 555-55-50Показать телефон'],"['http://ok.ru/sberbank', 'https://vk.com/sberbank']",79,75,69,60,
3,51747340789,СберБанк,"ул. Космонавтов, 15, Южноуральск",www.sberbank.ru,"'mon': 09:00-18:00, 'tue': 09:00-18:00, 'wed': 09:00-18:00, 'thu': 09:00-18:00, 'fri': 09:00-18:00, 'sat': 09:00-18:00, 'sun': выходной",54.439993,61.268434,"4,2",['8 (800) 555-55-50Показать телефон'],"['http://ok.ru/sberbank', 'https://vk.com/sberbank']",86,89,83,55,
