,ID,name,address,website,opening_hours,lat,lon,rating,phone,social,Обслуживание,Персонал,Отношение к клиентам,Время ожидания,Банкомат,Расположение,График работы,Кредит,Ипотека
0,1263887848,СберБанк,"просп. Красной Армии, 180, Сергиев Посад",www.sberbank.ru,"'mon': 09:00-18:00, 'tue': 09:00-18:00, 'wed': 09:00-18:00, 'thu': 09:00-18:00, 'fri': 09:00-18:00, 'sat': 09:00-18:00, 'sun': выходной",56.315116,38.137679,"4,5",['8 (800) 555-55-50Показать телефон'],"['http://ok.ru/sberbank', 'https://vk.com/sber']",80,83,79,77,77,,,,
1,1053536526,СберБанк,"просп. Красной Армии, 12, Сергиев Посад",www.sberbank.ru,"'mon': 09:30-18:30, 'tue': 09:30-18:30, 'wed': 09:30-18:30, 'thu': 09:30-18:30, 'fri': 09:30-18:30, 'sat': 09:30-18:30, 'sun': выходной",56.297468,38.129008,"4,6",['8 (800) 555-55-50Показать телефон'],"['http://ok.ru/sberbank', 'https://vk.com/sberbank']",81,90,81,70,74,100,,,
2,1049587967,СберБанк,"16, рабочий посёлок Скоропусковский",www.sberbank.ru,"'mon': выходной, 'tue': 08:30-13:00,13:45-17:15, 'wed': 08:30-13:00,13:45-17:15, 'thu': 08:30-13:00,13:45-17:15, 'fri': 08:30-13:00,13:45-17:15, 'sat': 08:30-13:00,13:45-17:15, 'sun': выходной",56.368231,38.139574,"4,1",['8 (800) 555-55-50Показать телефон'],"['http://ok.ru/sberbank', 'https://vk.com/sberbank']",75,71,71,,,,,,
3,233169543268,СберБанк,"Птицеградская ул., 2Б, посёлок Птицеград, Сергиев Посад",www.sberbank.ru,"'mon': выходной, 'tue': 08:30-18:00, 'wed': 08:30-18:00, 'thu': 08:30-18:00, 'fri': 08:30-18:00, 'sat': 08:30-18:00, 'sun': выходной",56.298262,38.174636,"4,4",['8 (800) 555-55-50Показать телефон'],"['http://ok.ru/sberbank', 'https://vk.com/sberbank']",88,85,84,85,,,,,
4,1076089440,СберБанк,"Новоугличское ш., 50, Сергиев Посад",www.sberbank.ru,"'mon': 09:00-19:00, 'tue': 09:00-19:00, 'wed': 09:00-19:00, 'thu': 09:00-19:00, 'fri': 09:00-19:00, 'sat': 10:00-14:00, 'sun': выходной",56.328912,38.132124,"4,5",['8 (800) 555-55-50Показать телефон'],"['http://ok.ru/sberbank', 'https://vk.com/sberbank']",79,84,78,61,53,100,85,,
5,1182625294,СберБанк,"просп. Красной Армии, 203В, Сергиев Посад",www.sberbank.ru,"'mon': 09:00-19:00, 'tue': 09:00-19:00, 'wed': выходной, 'thu': 09:00-19:00, 'fri': 09:00-19:00, 'sat': 09:00-19:00, 'sun': выходной",56.323031,38.144122,"4,7",['8 (800) 555-55-50Показать телефон'],"['http://ok.ru/sberbank', 'https://t.me/sberbank', 'https://vk.com/sber']",76,81,77,58,26,91,,53,79
6,1071230125,СберБанк,"16, посёлок Лоза",www.sberbank.ru,"'mon': выходной, 'tue': 09:00-13:00,13:45-17:00, 'wed': 09:00-13:00,13:45-17:00, 'thu': 09:00-13:00,13:45-17:00, 'fri': 09:00-13:00,13:45-17:00, 'sat': 09:00-13:00,13:45-17:00, 'sun': выходной",56.264143,38.216542,"4,1",['8 (800) 555-55-50Показать телефон'],"['http://ok.ru/sberbank', 'https://vk.com/sberbank']",92,100,90,,,,,,
7,1073637296,СберБанк,"Железнодорожная ул., 22/1, Сергиев Посад",www.sberbank.ru,"'mon': 09:00-18:00, 'tue': 09:00-18:00, 'wed': 09:00-18:00, 'thu': 09:00-18:00, 'fri': 09:00-18:00, 'sat': выходной, 'sun': выходной",56.301322,38.147495,"4,4",['8 (800) 555-55-50Показать телефон'],"['http://ok.ru/sberbank', 'https://vk.com/sberbank']",79,81,81,70,48,,46,,
8,122000955384,СберБанк,"ул. Михеенко, 14, Хотьково",www.sberbank.ru,"'mon': 12:00-19:00, 'tue': 09:00-19:00, 'wed': 09:00-19:00, 'thu': 09:00-19:00, 'fri': 09:00-19:00, 'sat': 09:00-19:00, 'sun': выходной",56.251750,37.979387,"4,5",['8 (800) 555-55-50Показать телефон'],"['https://ok.ru/sberbank', 'https://vk.com/sberbank']",73,75,71,44,45,93,,,
