ID,name,address,website,opening_hours,ypage,lat,lon,rating,phone,social
1097167561,СберБанк,"просп. Ленина, 47, Рубцовск",,,,51.517351,81.213351,"4,8",,
1073017944,СберБанк,"просп. Ленина, 171, Рубцовск",,,,51.500604,81.208097,"4,6",,
1231456937,СберБанк,"Комсомольская ул., 68, Рубцовск",,,,51.540924,81.222562,"4,5",,
1164357543,СберБанк,"Октябрьская ул., 2Б, Рубцовск",,,,51.551482,81.231819,"4,3",,
1258222673,СберБанк,"Центральная ул., 11, село Безрукавка",,,,51.583796,81.28237,"4,3",,
1018252787,СберБанк,"Школьная ул., 19, поселок Зелёная Дубрава",,,,51.457179,81.185351,"2,9",,
