ID,name,address,website,opening_hours,ypage,lat,lon,rating,phone,social
1257932136,СберБанк,"ул. Луначарского, 9, Кирово-Чепецк",,,,58.546836,50.055856,"4,5",,
1092488890,СберБанк,"ул. 60 лет Октября, 17А, Кирово-Чепецк",,,,58.533054,50.033851,"4,1",,
1180798223,СберБанк,"Вокзальная ул., 5, микрорайон Каринторф, Кирово-Чепецк",,,,58.556267,50.18203,"4,3",,
1051941082,СберБанк,"Советская ул., 11, железнодорожная станция Просница",,,,58.441207,50.235444,"4,3",,
1020463005,СберБанк,"ул. Ленина, 13А, Нововятский район, Киров",,,,58.492125,49.744184,"4,4",,
1224098467,СберБанк,"ул. Карла Маркса, 12, село Карино",,,,58.618633,50.337376,"3,5",,
1055258924,СберБанк,"Профсоюзная ул., 6, село Кстинино",,,,58.442295,49.782504,"1,8",,
1122331178,СберБанк,"ул. Павла Корчагина, 60, микрорайон Коминтерновский, Киров",,,,58.638642,49.73051,"4,3",,
1005854629,СберБанк,"ул. Кирова, 22, п. г. т. Вахруши",,,,58.689591,50.037563,"4,1",,
