ID,name,address,website,opening_hours,ypage,lat,lon,rating,phone,social
100304504590,СберБанк,"Пролетарская ул., 107, Камышин",,,,50.075303,45.398377,"4,7",,
1048157468,СберБанк,"ул. Базарова, 101, Камышин",,,,50.087374,45.379071,"4,5",,
1093234920,СберБанк,"ул. Ленина, 20, Камышин",,,,50.105701,45.416721,"4,7",,
1371804815,СберБанк,"7А, 3-й микрорайон, Камышин",,,,50.095717,45.422144,"4,4",,
189299295372,СберБанк,"Октябрьская ул., 12, Николаевск",,,,50.032018,45.454376,"4,5",,
149783784608,СберБанк,"ул. Базарова, 101, Камышин",,,,50.087374,45.379071,"4,4",,
1081940881,СберБанк,"ул. 30 лет Победы, 7, Петров Вал",,,,50.139017,45.213987,"4,4",,
193578200718,СберБанк,"ул. Ленина, 34, село Ленинское",,,,50.041218,45.539877,"3,6",,
1042004485,СберБанк,"Советская ул., 27В, село Лебяжье",,,,50.171816,45.211651,"4,2",,
