ID,name,address,website,opening_hours,ypage,lat,lon,rating,phone,social
1143202497,СберБанк,"Октябрьский просп., 83, Всеволожск",,,,60.019595,30.64762,"4,5",,
1075466067,СберБанк,"Александровская ул., 78/17, Всеволожск",,,,60.024232,30.63172,"4,4",,
1124306997,СберБанк,"Невская ул., 8, микрорайон Южный, Всеволожск",,,,59.991462,30.650976,"4,3",,
28342095795,СберБанк,"Колтушское ш., 44, корп. 1, Всеволожск",,,,60.032934,30.634211,"4,5",,
1037637529,СберБанк,"ул. Победы, 9, Всеволожск",,,,60.004591,30.609474,"3,8",,
1115579115,СберБанк,"15, посёлок Романовка",,,,60.047259,30.7066,"3,5",,
1109610256,СберБанк,"53А, посёлок Щеглово",,,,60.029072,30.751596,"3,4",,
