,ID,name,address,website,opening_hours,lat,lon,rating,phone,social,Обслуживание,Персонал,Отношение к клиентам,Время ожидания
0,142591128872,СберБанк,"ул. Ленина, 60, Воркута",www.sberbank.ru,"'mon': 09:30-18:30, 'tue': 09:30-18:30, 'wed': 09:30-18:30, 'thu': 09:30-18:30, 'fri': 09:30-18:30, 'sat': 09:30-18:30, 'sun': выходной",67.502473,64.065516,"4,3",['8 (800) 555-55-50Показать телефон'],"['http://ok.ru/sberbank', 'https://vk.com/sberbank']",84,87,83,64
1,1040472162,СберБанк,"Воргашорская ул., 13, п. г. т. Воргашор",www.sberbank.ru,"'mon': 09:00-17:30, 'tue': 09:00-17:30, 'wed': 09:00-17:30, 'thu': 09:00-17:30, 'fri': 09:00-17:30, 'sat': 09:00-17:30, 'sun': выходной",67.582115,63.782488,"4,4",['8 (800) 555-55-50Показать телефон'],"['http://ok.ru/sberbank', 'https://vk.com/sberbank']",76,89,79,50
2,1074533533,СберБанк,"ул. Ленина, 31, Воркута",www.sberbank.ru,"'mon': 09:30-18:00, 'tue': 09:30-18:00, 'wed': 09:30-18:00, 'thu': 09:30-18:00, 'fri': 09:30-18:00, 'sat': 09:30-18:00, 'sun': выходной",67.494843,64.053007,"4,4",['8 (800) 555-55-50Показать телефон'],"['http://ok.ru/sberbank', 'https://vk.com/sberbank']",93,93,93,86
3,1169545326,СберБанк,"Московская ул., 15, Воркута",www.sberbank.ru,"'mon': 09:30-17:45, 'tue': 09:30-17:45, 'wed': 09:30-17:45, 'thu': 09:30-17:45, 'fri': 09:30-17:45, 'sat': 09:30-17:45, 'sun': выходной",67.492994,64.035326,"4,6",['8 (800) 555-55-50Показать телефон'],"['http://ok.ru/sberbank', 'https://vk.com/sberbank']",77,79,75,75
4,1255031245,СберБанк,"ул. Фрунзе, 25, п. г. т. Заполярный",www.sberbank.ru,"'mon': выходной, 'tue': 10:00-13:00,14:00-18:00, 'wed': 10:00-13:00,14:00-18:00, 'thu': 10:00-13:00,14:00-18:00, 'fri': 10:00-13:00,14:00-18:00, 'sat': 10:00-13:00,13:30-16:50, 'sun': выходной",67.497162,63.723010,"4,3",['8 (800) 555-55-50Показать телефон'],"['http://ok.ru/sberbank', 'https://vk.com/sberbank']",,,,
