ID,name,address,website,opening_hours,ypage,lat,lon,rating,phone,social
1165157799,СберБанк,"Теплицкий просп., 23, Гусь-Хрустальный",,,,55.613428,40.683924,"4,5",,
1086221233,СберБанк,"ул. Калинина, 19, Гусь-Хрустальный",,,,55.61473,40.67206,"4,3",,
120296012304,СберБанк,"Советская ул., 25, посёлок Гусевский",,,,55.658662,40.560651,"4,1",,
62630133709,СберБанк,"Почтовая ул., 34, посёлок Анопино",,,,55.700015,40.662044,"3,7",,
