ID,name,address,website,opening_hours,ypage,lat,lon,rating,phone,social
1061626564,СберБанк,"ул. Ленина, 33, Сальск",,,,46.476373,41.539664,"4,5",,
1081731396,СберБанк,"ул. Ленина, 104, Сальск",,,,46.482715,41.537015,"4,6",,
1056770534,СберБанк,"ул. Кирова, 5, Сальск",,,,46.476062,41.543441,"4,1",,
1193502885,СберБанк,"ул. Ленина, 7, посёлок Конезавод имени Будённого",,,,46.547932,41.582193,"4,4",,
