ID,name,address,website,opening_hours,ypage,lat,lon,rating,phone,social
1059112060,СберБанк,"просп. Ленина, 12, Выборг",,,,60.711499,28.744295,"4,5",,
52301493808,СберБанк,"просп. Ленина, 20, Выборг",,,,60.710239,28.747615,"4,4",,
162436745206,СберБанк,"Ленинградское ш., 47, Выборг",,,,60.704484,28.775442,"4,5",,
227613812427,СберБанк,"Приморская ул., 1, Выборг",,,,60.693726,28.76182,"4,4",,
46771920771,СберБанк,"просп. Ленина, 12, Выборг",,,,60.711512,28.744205,"4,1",,
66746156343,СберБанк,"Портовая ул., 7, Высоцк",,,,60.629443,28.566749,"4,0",,
