ID,name,address,website,opening_hours,ypage,lat,lon,rating,phone,social
213271022340,СберБанк,"ул. Ленина, 78, Тулун",,,,C54.56275,100.58052,"4,4",,
1139560402,СберБанк,"5, микрорайон Угольщиков, Тулун",,,,C54.53094,100.6071,"4,4",,
204321577960,СберБанк,"Перфиловская ул., 1, село Бадар",,,,C54.39844,100.59764,,,
17321810257,СберБанк,"Привокзальная ул., 4, село Азей",,,,C54.50935,100.76597,,,
