ID,name,address,website,opening_hours,ypage,lat,lon,rating,phone,social
1203265534,СберБанк,"ул. Энергетиков, 19, Кумертау",,,,52.763652,55.819554,"4,5",,
1165389586,СберБанк,"ул. Мажита Гафури, 25, Кумертау",,,,52.754621,55.788666,"4,6",,
1015120869,СберБанк,"ул. Ленина, 17, Кумертау",,,,52.755935,55.796331,"4,3",,
1016570948,СберБанк,"ул. Горького, 8, Кумертау",,,,52.76088,55.803049,"4,4",,
