ID,name,address,website,opening_hours,ypage,lat,lon,rating,phone,social
216176021738,СберБанк,"ул. Карла Маркса, 15, Туапсе",,,,44.098333,39.077102,"4,4",,
1003228792,СберБанк,"ул. Карла Маркса, 36, Туапсе",,,,44.101128,39.081811,"4,4",,
1307440868,СберБанк,"ул. Войкова, 1, Туапсе",,,,44.106569,39.061246,"4,5",,
1053031430,СберБанк,"ул. Карла Маркса, 11Б, Туапсе",,,,44.098194,39.076446,"4,3",,
1009718811,СберБанк,"Центральная ул., 10Б, село Агой",,,,44.146581,39.038663,"4,0",,
1055504772,СберБанк,"ул. Газовиков, 6, село Небуг",,,,44.168983,39.002946,"4,2",,
1121854975,СберБанк,"Шапсугская ул., 71, аул Агуй-Шапсуг",,,,44.180989,39.068459,"3,7",,
39317588935,СберБанк,"Садовая ул., 4, село Шепси",,,,44.04128,39.15512,"3,3",,
