,ID,name,address,website,opening_hours,lat,lon,rating,phone,social,Обслуживание,Персонал,Отношение к клиентам,Время ожидания
0,59884342542,СберБанк,"Школьная ул., 26, село Урюпино",www.sberbank.ru,"'mon': 09:00-13:00,14:00-17:00, 'tue': выходной, 'wed': выходной, 'thu': 09:00-13:00,14:00-17:00, 'fri': 09:00-11:15, 'sat': выходной, 'sun': выходной",52.415521,82.684209,,['8 (800) 555-55-50Показать телефон'],['https://vk.com/sberbank'],,,,
1,1061085756,СберБанк,"Ульяновский пер., 90, Алейск",www.sberbank.ru,"'mon': 08:30-17:30, 'tue': 08:30-17:30, 'wed': 08:30-17:30, 'thu': 08:30-17:30, 'fri': 08:30-17:30, 'sat': 08:30-17:30, 'sun': выходной",52.496248,82.753320,"4,6",['8 (800) 555-55-50Показать телефон'],"['http://ok.ru/sberbank', 'https://vk.com/sberbank']",81,77,73,
2,242663176318,СберБанк,"Советская ул., 1, посёлок Алейский",www.sberbank.ru,"'mon': выходной, 'tue': выходной, 'wed': выходной, 'thu': выходной, 'fri': выходной, 'sat': выходной, 'sun': выходной",52.473087,82.725010,,['8 (800) 555-55-50Показать телефон'],"['http://ok.ru/sberbank', 'https://vk.com/sberbank']",,,,
3,1302155681,СберБанк,"Советская ул., 102, Алейск",www.sberbank.ru,"'mon': 08:30-17:00, 'tue': 08:30-17:00, 'wed': 08:30-17:00, 'thu': 08:30-17:00, 'fri': 08:30-17:00, 'sat': 08:30-17:00, 'sun': выходной",52.494038,82.777315,"4,5",['8 (800) 555-55-50Показать телефон'],"['http://ok.ru/sberbank', 'https://vk.com/sberbank']",87,84,86,85
