ID,name,address,website,opening_hours,ypage,lat,lon,rating,phone,social
1222889372,СберБанк,"ул. Куйбышева, 61БК2, Ступино",,,,54.89124,38.07121,"4,8",,
158218377374,СберБанк,"ул. Тургенева, 15/24, Ступино",,,,54.888069,38.087002,"4,7",,
1049937519,СберБанк,"Советская ул., 17А, Кашира",,,,54.834322,38.151611,"4,6",,
1099918005,СберБанк,"Садовая ул., 12, Кашира",,,,54.845301,38.244635,"4,8",,
1128999302,СберБанк,"Пионерская ул., 14, микрорайон Ожерелье, Кашира",,,,54.793975,38.266588,"4,0",,
57219335914,СберБанк,"Пролетарская ул., 14, село Ситне-Щелканово",,,,54.971786,37.959498,"3,3",,
1032577113,СберБанк,"Молодёжная ул., 7, д. Городище",,,,54.886637,38.227331,"3,8",,
1016905355,СберБанк,"Комсомольская ул., 5, рабочий посёлок Жилёво",,,,54.983851,38.018275,"2,3",,
