ID,name,address,website,opening_hours,ypage,lat,lon,rating,phone,social
1081572692,СберБанк,"Левонабережная ул., 1, Клин",,,,56.332354,36.732861,"4,8",,
1011375504,СберБанк,"ул. Карла Маркса, 35, Клин",,,,56.332008,36.714968,"4,6",,
1038554488,СберБанк,"Бородинский пр., 31, Клин",,,,56.319723,36.728469,"4,6",,
1013748908,СберБанк,"ул. Чайковского, 60, корп. 1, Клин",,,,56.324269,36.754066,"4,4",,
1095632196,СберБанк,"6, посёлок Шевляково",,,,56.397295,36.861047,"3,9",,
