ID,name,address,website,opening_hours,ypage,lat,lon,rating,phone,social
1021014537,СберБанк,"ул. имени Ленина, 7, Кинешма",,,,57.443107,42.166697,"4,7",,
93958318027,СберБанк,"ул. имени Островского, 33, Кинешма",,,,57.441863,42.144735,"4,4",,
1158787967,СберБанк,"ул. 50-летия Комсомола, 31, Кинешма",,,,57.452371,42.128096,"4,5",,
1091358455,СберБанк,"ул. Гагарина, 20А, Кинешма",,,,57.456169,42.098766,"4,6",,
50530195225,СберБанк,"ул. Мира, 21, Заволжск",,,,57.484283,42.145863,"4,6",,
1226853691,СберБанк,"Молодёжная ул., 4, д. Луговое",,,,57.414872,42.228257,"3,9",,
1043403112,СберБанк,"Фабричная ул., 10, село Заречный",,,,57.46553,42.279955,,,
