ID,name,address,website,opening_hours,ypage,lat,lon,rating,phone,social
1142104470,СберБанк,"просп. Нефтяников, 19, Елабуга",,,,55.751908,52.016192,"4,4",,
97838918512,СберБанк,"Интернациональная ул., 4А, Елабуга",,,,55.758682,52.007321,"4,4",,
1209597899,СберБанк,"ул. Марджани, 32, Елабуга",,,,55.77461,52.011546,"4,5",,
1013643650,СберБанк,"ул. Габдуллы Тукая, 38, Елабуга",,,,55.7594,52.084338,"4,0",,
