,ID,name,address,website,opening_hours,lat,lon,rating,phone,social,Обслуживание,Отношение к клиентам,Персонал,Время ожидания,Банкомат,Расположение,Кредит,Ипотека
0,57076047659,СберБанк,"ул. Карла Маркса, 23, Киров",www.sberbank.ru,"'mon': 08:30-19:30, 'tue': 08:30-19:30, 'wed': 08:30-19:30, 'thu': 08:30-19:30, 'fri': 08:30-19:30, 'sat': 08:30-19:30, 'sun': выходной",58.613449,49.666599,"4,4",['8 (800) 555-55-50Показать телефон'],"['http://ok.ru/sberbank', 'https://vk.com/sberbank']",73,71,70,66,50,,,
1,1122331178,СберБанк,"ул. Павла Корчагина, 60, микрорайон Коминтерновский, Киров",www.sberbank.ru,"'mon': 09:00-18:00, 'tue': 09:00-18:00, 'wed': 09:00-18:00, 'thu': 09:00-18:00, 'fri': 09:00-18:00, 'sat': 09:00-18:00, 'sun': выходной",58.638642,49.730510,"4,3",['8 (800) 555-55-50Показать телефон'],"['http://ok.ru/sberbank', 'https://vk.com/sberbank']",84,83,88,50,,100,,
2,1006562345,СберБанк,"Хлыновская ул., 20, Киров",www.sberbank.ru,"'mon': 08:30-19:00, 'tue': 08:30-19:00, 'wed': 08:30-19:00, 'thu': 08:30-19:00, 'fri': 08:30-19:00, 'sat': 08:30-19:00, 'sun': выходной",58.581127,49.684016,"4,3",['8 (800) 555-55-50Показать телефон'],"['http://ok.ru/sberbank', 'https://vk.com/sberbank']",64,63,68,44,30,92,,
3,1083341695,СберБанк,"Рабочая ул., 1, п. г. т. Стрижи",www.sberbank.ru,"'mon': выходной, 'tue': 08:00-13:00,14:00-17:00, 'wed': 08:00-13:00,14:00-17:00, 'thu': 08:00-13:00,14:00-17:00, 'fri': 08:00-13:00,14:00-17:00, 'sat': 08:00-13:00,14:00-17:00, 'sun': выходной",58.467536,49.258364,"4,2",['8 (800) 555-55-50Показать телефон'],"['http://ok.ru/sberbank', 'https://vk.com/sberbank']",,,,,,,,
4,1079698599,СберБанк,"ул. Некрасова, 42, Киров",www.sberbank.ru,"'mon': 08:00-19:00, 'tue': 08:00-19:00, 'wed': 08:00-19:00, 'thu': 08:00-19:00, 'fri': 08:00-19:00, 'sat': 08:00-19:00, 'sun': 08:00-14:00",58.582068,49.632318,"4,4",['8 (800) 555-55-50Показать телефон'],"['http://ok.ru/sberbank', 'https://vk.com/sberbank']",76,75,83,46,35,,,
5,1024031849,СберБанк,"ул. Правды, 4, Киров",www.sberbank.ru,"'mon': 08:00-18:30, 'tue': 08:00-18:30, 'wed': 08:00-18:30, 'thu': 08:00-18:30, 'fri': 08:00-18:30, 'sat': 08:00-18:30, 'sun': выходной",58.636504,49.618183,"4,4",['8 (800) 555-55-50Показать телефон'],"['http://ok.ru/sberbank', 'https://vk.com/sberbank']",81,83,87,60,,,,
6,1108189601,СберБанк,"ул. Риммы Юровской, 11, Киров",www.sberbank.ru,"'mon': 09:00-19:00, 'tue': 09:00-19:00, 'wed': 09:00-19:00, 'thu': 09:00-19:00, 'fri': 09:00-19:00, 'sat': 09:00-19:00, 'sun': 09:00-15:00",58.587383,49.591320,"4,4",['8 (800) 555-55-50Показать телефон'],"['http://ok.ru/sberbank', 'https://vk.com/sberbank']",66,64,67,41,59,89,,
7,48481231358,СберБанк,"Мостовицкая ул., 10, Киров",www.sberbank.ru,"'mon': 09:00-21:00, 'tue': 09:00-21:00, 'wed': 09:00-21:00, 'thu': 09:00-21:00, 'fri': 09:00-21:00, 'sat': 09:00-21:00, 'sun': 09:00-21:00",58.565162,49.648322,"4,6",['8 (800) 555-55-50Показать телефон'],['https://vk.com/sberbank'],75,77,73,,,,,
8,1018663172,СберБанк,"Московская ул., 134, Киров",www.sberbank.ru,"'mon': 08:30-18:30, 'tue': 08:30-18:30, 'wed': 08:30-18:30, 'thu': 08:30-18:30, 'fri': 08:30-18:30, 'sat': 08:30-18:30, 'sun': выходной",58.601737,49.604730,"4,4",['8 (800) 555-55-50Показать телефон'],"['http://ok.ru/sberbank', 'https://vk.com/sberbank']",69,74,74,57,,,,
9,1124155036,СберБанк,"Школьная ул., 12, село Пасегово",www.sberbank.ru,"'mon': 08:30-13:00,13:30-18:00, 'tue': выходной, 'wed': 08:30-13:00,13:30-18:00, 'thu': 08:30-13:00,13:30-18:00, 'fri': 08:30-13:00,13:30-18:00, 'sat': 08:30-13:00,13:30-18:00, 'sun': выходной",58.508235,49.513064,"2,9",['8 (800) 555-55-50Показать телефон'],"['http://ok.ru/sberbank', 'https://vk.com/sberbank']",,,,,,,,
10,1031430739,СберБанк,"Парковая ул., 1, посёлок Костино",www.sberbank.ru,"'mon': выходной, 'tue': 08:00-13:00,14:00-17:30, 'wed': 08:00-13:00,14:00-17:30, 'thu': 08:00-13:00,14:00-17:30, 'fri': 08:00-13:00,14:00-17:30, 'sat': 08:00-13:00,14:00-17:30, 'sun': выходной",58.614541,49.493381,"3,8",['8 (800) 555-55-50Показать телефон'],"['http://ok.ru/sberbank', 'https://vk.com/sberbank']",,,,,,,,
11,1585286856,СберБанк,"ул. Воровского, 104Б, Киров",www.sberbank.ru,"'mon': 08:30-18:30, 'tue': 08:30-18:30, 'wed': 08:30-18:30, 'thu': 08:30-18:30, 'fri': 08:30-18:30, 'sat': 09:00-14:30, 'sun': выходной",58.596762,49.597080,"4,4",['8 (800) 555-55-50Показать телефон'],"['http://ok.ru/sberbank', 'https://vk.com/bankdruzey']",77,73,77,73,,100,,
12,1055258924,СберБанк,"Профсоюзная ул., 6, село Кстинино",www.sberbank.ru,"'mon': выходной, 'tue': выходной, 'wed': выходной, 'thu': выходной, 'fri': выходной, 'sat': 09:00-13:00,14:00-15:45, 'sun': выходной",58.442295,49.782504,"1,8",['8 (800) 555-55-50Показать телефон'],"['http://ok.ru/sberbank', 'https://vk.com/sberbank']",,,,,,,,
13,1020463005,СберБанк,"ул. Ленина, 13А, Нововятский район, Киров",www.sberbank.ru,"'mon': 09:00-18:00, 'tue': 09:00-18:00, 'wed': 09:00-18:00, 'thu': 09:00-18:00, 'fri': 09:00-18:00, 'sat': 09:00-18:00, 'sun': выходной",58.492125,49.744184,"4,4",['8 (800) 555-55-50Показать телефон'],"['http://ok.ru/sberbank', 'https://vk.com/sberbank']",77,79,88,,,,,
14,1083934751,СберБанк,"ул. Дерендяева, 25/55, Киров",www.sberbank.ru,"'mon': 08:30-19:00, 'tue': 08:30-19:00, 'wed': 08:30-19:00, 'thu': 08:30-19:00, 'fri': 08:30-19:00, 'sat': 08:30-19:00, 'sun': 10:00-14:00",58.603971,49.661391,"4,4",['8 (800) 555-55-50Показать телефон'],"['http://ok.ru/sberbank', 'https://vk.com/sberbank']",69,62,69,59,62,94,53,70
15,101161676255,СберБанк,"Советская ул., 39, Нововятский район, Киров",www.sberbank.ru,"'mon': 09:00-18:30, 'tue': 09:00-18:30, 'wed': 09:00-18:30, 'thu': 09:00-18:30, 'fri': 09:00-18:30, 'sat': 09:00-18:30, 'sun': выходной",58.509707,49.698821,"4,4",['8 (800) 555-55-50Показать телефон'],"['http://ok.ru/sberbank', 'https://t.me/sberbank', 'https://vk.com/sberbank']",79,78,84,53,,,,
16,36746511606,СберБанк,"Комсомольская ул., 21, Ленинский район, Киров",www.sberbank.ru,"'mon': 08:30-18:30, 'tue': 08:30-18:30, 'wed': 08:30-18:30, 'thu': 08:30-18:30, 'fri': 08:30-18:30, 'sat': 08:30-18:30, 'sun': выходной",58.580909,49.656568,"4,4",['8 (800) 555-55-50Показать телефон'],"['http://ok.ru/sberbank', 'https://t.me/Sber_Business_Live_bot', 'https://vk.com/careersber']",79,78,76,44,31,100,,
17,15465852394,СберБанк,"ул. Лепсе, 4, корп. 2, Киров",www.sberbank.ru,"'mon': 09:00-18:00, 'tue': 09:00-18:00, 'wed': 09:00-18:00, 'thu': 09:00-18:00, 'fri': 09:00-18:00, 'sat': 09:00-18:00, 'sun': выходной",58.623732,49.645174,"4,3",['8 (800) 555-55-50Показать телефон'],"['http://ok.ru/sberbank', 'https://vk.com/sberbank']",69,63,73,42,,,,
18,1007063842,СберБанк,"ул. Лепсе, 62, Киров",www.sberbank.ru,"'mon': выходной, 'tue': выходной, 'wed': выходной, 'thu': выходной, 'fri': выходной, 'sat': выходной, 'sun': выходной",58.607761,49.614571,"4,4",['8 (800) 555-55-50Показать телефон'],"['http://ok.ru/sberbank', 'https://vk.com/sberbank']",83,82,88,60,75,91,,
19,236511796667,СберБанк,"ул. Воровского, 37, Киров",www.sberbank.ru,"'mon': 08:30-19:00, 'tue': 08:30-19:00, 'wed': 08:30-19:00, 'thu': 08:30-19:00, 'fri': 08:30-19:00, 'sat': 08:30-19:00, 'sun': выходной",58.594274,49.671095,"4,4",['8 (800) 555-55-50Показать телефон'],"['https://ok.ru/sberbank', 'https://vk.com/sberbank']",76,75,80,67,100,94,,
20,1240313919,СберБанк,"ул. Горького, 25, Киров",www.sberbank.ru,"'mon': 08:30-18:30, 'tue': 08:30-18:30, 'wed': 08:30-18:30, 'thu': 08:30-18:30, 'fri': 08:30-18:30, 'sat': 08:30-18:30, 'sun': выходной",58.595031,49.650160,"4,4",['8 (800) 555-55-50Показать телефон'],"['http://ok.ru/sberbank', 'https://vk.com/sberbank']",77,81,85,55,,100,,
21,118648109841,СберБанк,"Производственная ул., 10, Киров",www.sberbank.ru,"'mon': выходной, 'tue': выходной, 'wed': выходной, 'thu': выходной, 'fri': выходной, 'sat': выходной, 'sun': выходной",58.598883,49.614188,"4,5",['8 (800) 555-55-50Показать телефон'],"['http://ok.ru/sberbank', 'https://vk.com/sberbank']",66,63,72,73,,,,
22,1070159923,СберБанк,"Милицейская ул., 49, Киров",www.sberbank.ru,"'mon': выходной, 'tue': выходной, 'wed': выходной, 'thu': выходной, 'fri': выходной, 'sat': выходной, 'sun': выходной",58.587448,49.666334,"4,4",['8 (800) 555-55-50Показать телефон'],"['http://ok.ru/sberbank', 'https://vk.com/sberbank']",83,81,87,56,64,,,
