ID,name,address,website,opening_hours,ypage,lat,lon,rating,phone,social
1052816346,СберБанк,"ул. Пушкина, 15А, Барабинск",,,,55.349217,78.347882,"4,2",,
1043416014,СберБанк,"ул. Кирова, 14, Барабинск",,,,55.348705,78.369811,"4,4",,
120804666961,СберБанк,"ул. Кирова, 14, Барабинск",,,,55.348696,78.369866,"3,9",,
1097625746,СберБанк,"ул. Гуляева, 1А, Куйбышев",,,,55.443271,78.322789,"4,5",,
176842868981,СберБанк,"12А, 1-й квартал, Куйбышев",,,,55.448043,78.328583,"4,3",,
