ID,name,address,website,opening_hours,ypage,lat,lon,rating,phone,social
1055910643,СберБанк,"Юбилейная ул., 127, Березники",,,,59.405865,56.844516,"4,4",,
1092201667,СберБанк,"ул. Ломоносова, 151, Березники",,,,59.418437,56.837087,"4,3",,
1076544210,СберБанк,"ул. Пятилетки, 27, Березники",,,,59.407039,56.798957,"4,6",,
1163452012,СберБанк,"Юбилейная ул., 40, Березники",,,,59.411068,56.826243,"4,3",,
42431322663,СберБанк,"ул. Пятилетки, 62, Березники",,,,59.403867,56.815406,"4,2",,
22596449720,СберБанк,"ул. Пятилетки, 114А, Березники",,,,59.395812,56.844893,"4,4",,
124920975030,СберБанк,"ул. Ивана Дощеникова, 22, Березники",,,,59.427165,56.652415,"4,6",,
1202559272,СберБанк,"ул. 35 лет Победы, 1, посёлок Железнодорожный",,,,59.340101,57.010726,"3,1",,
130871837886,СберБанк,"Школьная ул., 6, село Родники",,,,59.554091,56.734998,"4,1",,
