,ID,name,address,website,opening_hours,lat,lon,rating,phone,social,Обслуживание,Персонал,Отношение к клиентам,Время ожидания
0,1120725690,СберБанк,"ул. Иканина, 79, Верхняя Тура",www.sberbank.ru,"'mon': 09:00-13:00,14:00-18:00, 'tue': 09:00-13:00,14:00-18:00, 'wed': 09:00-13:00,14:00-18:00, 'thu': 09:00-13:00,14:00-18:00, 'fri': 09:00-13:00,14:00-18:00, 'sat': 09:00-15:00, 'sun': выходной",58.358350,59.825499,"4,1",['8 (800) 555-55-50Показать телефон'],"['http://ok.ru/sberbank', 'https://vk.com/sberbank']",,,,
1,1008290111,СберБанк,"ул. Коммуны, 47, посёлок Баранчинский",www.sberbank.ru,"'mon': выходной, 'tue': 09:00-13:00,14:00-17:30, 'wed': 09:00-13:00,14:00-17:30, 'thu': 09:00-13:00,14:00-17:30, 'fri': 09:00-13:00,14:00-17:30, 'sat': 09:00-15:00, 'sun': выходной",58.169050,59.703812,"4,3",['8 (800) 555-55-50Показать телефон'],"['http://ok.ru/sberbank', 'https://vk.com/sberbank']",,,,
2,1194629697,СберБанк,"ул. 7 Ноября, 53, Красноуральск",www.sberbank.ru,"'mon': 09:00-18:00, 'tue': 09:00-18:00, 'wed': 09:00-18:00, 'thu': 09:00-18:00, 'fri': 09:00-18:00, 'sat': 09:00-18:00, 'sun': выходной",58.355702,60.039593,"4,3",['8 (800) 555-55-50Показать телефон'],"['http://ok.ru/sberbank', 'https://vk.com/sberbank']",87,84,85,
3,1078183687,СберБанк,"пер. Свердлова, 3, Кушва",www.sberbank.ru,"'mon': 09:00-18:00, 'tue': 09:00-18:00, 'wed': 09:00-18:00, 'thu': 09:00-18:00, 'fri': 09:00-18:00, 'sat': 09:00-18:00, 'sun': выходной",58.282623,59.756852,"4,1",['8 (800) 555-55-50Показать телефон'],"['http://ok.ru/sberbank', 'https://vk.com/sberbank']",62,71,64,50
