ID,name,address,website,opening_hours,ypage,lat,lon,rating,phone,social
1070345450,СберБанк,"ул. Семенюка, 5, Дмитров",,,,56.348058,37.517574,"4,8",,
1060908515,СберБанк,"3, микрорайон имени К.А. Аверьянова, Дмитров",,,,56.352039,37.523078,"4,5",,
1146776419,СберБанк,"ул. Космонавтов, 52, Дмитров",,,,56.340609,37.548411,"4,6",,
1003171350,СберБанк,"Загорская ул., 30, Дмитров",,,,56.342286,37.518737,"4,3",,
237691259894,СберБанк,"Загорская ул., 30, Дмитров",,,,56.342206,37.519018,"4,1",,
1060059525,СберБанк,"ул. Конярова, 2А, Яхрома",,,,56.289307,37.482729,"4,4",,
1154524470,СберБанк,"2, посёлок Орево",,,,56.430281,37.465497,"2,3",,
38650063435,СберБанк,"1А, посёлок Рыбное",,,,56.417902,37.619369,"3,5",,
