ID,name,address,website,opening_hours,ypage,lat,lon,rating,phone,social
1638008152,СберБанк,"ул. Заславского, 15/6 к2, Серов",,,,59.599123,60.570384,"4,4",,
1049826067,СберБанк,"ул. Заславского, 35, Серов",,,,59.609182,60.574203,"4,3",,
1104511022,СберБанк,"Народная ул., 8А, Серов",,,,59.597713,60.585703,"4,3",,
1129645355,СберБанк,"ул. Путилова, 1, село Филькино",,,,59.601926,60.717391,"3,8",,
