ID,name,address,website,opening_hours,ypage,lat,lon,rating,phone,social
1036746332,СберБанк,"ул. 25 Октября, 9, Вязьма",,,,55.206413,34.298231,"4,7",,
1204327239,СберБанк,"Красноармейское ш., 25, Вязьма",,,,55.198982,34.313686,"4,5",,
1116139105,СберБанк,"ул. Строителей, 6, Вязьма",,,,55.217164,34.313722,"4,7",,
1069295324,СберБанк,"Московская ул., 27, Вязьма",,,,55.182876,34.340904,"3,9",,
1239244547,СберБанк,"Юбилейная ул., 2, Вязьма",,,,55.13548,34.303068,"2,9",,
