ID,name,address,website,opening_hours,ypage,lat,lon,rating,phone,social
38029817856,СберБанк,"ул. Демьяна Бедного, 44, Кинель",,,,53.223737,50.631803,"4,5",,
1091432450,СберБанк,"ул. 27-го Партсъезда, 1Б, Кинель",,,,53.216279,50.642475,"4,4",,
161669897797,СберБанк,"Шоссейная ул., 95, п. г. т. Усть-Кинельский",,,,53.266937,50.561029,"4,7",,
216963097151,СберБанк,"Зелёная ул., 1Б, п. г. т. Алексеевка",,,,53.255472,50.485876,"4,8",,
1217448755,СберБанк,"ул. Кирова, 28В, село Бобровка",,,,53.155696,50.647213,"3,8",,
1033486536,СберБанк,"Школьная ул., 13, посёлок Чёрновский",,,,53.182967,50.462582,"3,0",,
