ID,name,address,website,opening_hours,ypage,lat,lon,rating,phone,social
131303279072,СберБанк,"Коммунистический просп., 27, Курчатов",,,,51.660663,35.656316,"4,6",,
1065862032,СберБанк,"ул. Энергетиков, 10, Курчатов",,,,51.657903,35.673382,"4,7",,
31129334675,СберБанк,"10, 5-й квартал, село Дичня",,,,51.658792,35.729098,"4,3",,
1123772179,СберБанк,"Октябрьская ул., 33, рабочий посёлок Иванино",,,,51.642597,35.576034,"4,0",,
101051592570,СберБанк,"ул. Энергетиков, 10, Курчатов",,,,51.657858,35.673474,"4,3",,
36298237011,СберБанк,"ул. Ленина, 41, рабочий посёлок имени Карла Либкнехта",,,,51.62505,35.482107,"4,1",,
