ID,name,address,website,opening_hours,ypage,lat,lon,rating,phone,social
200673314831,СберБанк,"Большевистская ул., 46, Краснокамск",,,,58.082787,55.74912,"4,4",,
1097671643,СберБанк,"Банковский пер., 4, Краснокамск",,,,58.078808,55.753614,"4,6",,
135300111227,СберБанк,"ул. Комарова, 1, Краснокамск",,,,58.076443,55.731044,"4,5",,
1036539974,СберБанк,"ул. Строителей, 4, рабочий посёлок Оверята",,,,58.076116,55.871142,"4,2",,
72583024187,СберБанк,"ул. Генерала Панфилова, 14, Пермь",,,,58.026534,55.84164,"3,0",,
1077011677,СберБанк,"Красногорская ул., 1, посёлок Майский",,,,58.106143,55.573448,"4,0",,
1047254671,СберБанк,"Строительная ул., 4, посёлок станции Чайковская",,,,58.124945,55.535665,"2,8",,
1218958149,СберБанк,"ул. Адмирала Ушакова, 36, Пермь",,,,58.032319,56.014046,"4,4",,
96079752242,СберБанк,"ул. Маршала Рыбалко, 90, Пермь",,,,58.009712,55.965312,"4,5",,
