,ID,name,address,website,opening_hours,lat,lon,rating,phone,social,Обслуживание,Отношение к клиентам,Персонал,Время ожидания,Банкомат,График работы,Расположение
0,214796228178,СберБанк,"ул. ДОС, 3Б, рабочий посёлок Калининец",www.sberbank.ru,"'mon': выходной, 'tue': 08:30-17:30, 'wed': 08:30-17:30, 'thu': 08:30-17:30, 'fri': 08:30-17:30, 'sat': 08:30-17:30, 'sun': выходной",55.567962,36.995992,"4,3",['8 (800) 555-55-50Показать телефон'],"['http://ok.ru/sberbank', 'https://vk.com/sberbank']",,,,,,,
1,1203481424,СберБанк,"Клубная ул., 55, рабочий посёлок Селятино",www.sberbank.ru,"'mon': 09:30-18:30, 'tue': 09:30-18:30, 'wed': 09:30-18:30, 'thu': 09:00-18:30, 'fri': 09:00-18:30, 'sat': выходной, 'sun': выходной",55.515039,36.982733,"4,8",['8 (800) 555-55-50Показать телефон'],"['http://ok.ru/sberbank', 'https://vk.com/sberbank']",85,86,87,64,63,30,100
2,1150473829,СберБанк,"Молодёжная ул., 2/1, Краснознаменск",www.sberbank.ru,"'mon': 10:00-20:00, 'tue': 10:00-20:00, 'wed': 10:00-20:00, 'thu': 10:00-20:00, 'fri': 10:00-20:00, 'sat': 10:00-19:00, 'sun': 10:00-16:00",55.601044,37.044103,"4,5",['8 (800) 555-55-50Показать телефон'],"['http://ok.ru/sberbank', 'https://vk.com/sberbank']",80,81,80,60,42,26,
3,89842833447,СберБанк,"ул. Дзержинского, 4, дачный посёлок Кокошкино",www.sberbank.ru,"'mon': 09:00-19:00, 'tue': 09:00-19:00, 'wed': 09:00-19:00, 'thu': 09:00-19:00, 'fri': 09:00-19:00, 'sat': 09:00-19:00, 'sun': выходной",55.601768,37.167274,"4,8",['8 (800) 555-55-50Показать телефон'],"['http://ok.ru/sberbank', 'https://vk.com/sberbank']",85,86,91,60,43,,
4,1110576565,СберБанк,"Парковая ул., 3, Апрелевка",www.sberbank.ru,"'mon': 09:00-18:30, 'tue': 09:00-18:30, 'wed': 09:00-18:30, 'thu': 09:00-18:30, 'fri': 09:00-18:30, 'sat': 09:00-18:30, 'sun': выходной",55.553656,37.072672,"4,8",['8 (800) 555-55-50Показать телефон'],"['http://ok.ru/sberbank', 'https://vk.com/sberbank']",89,90,89,76,44,,83
5,1099643556,СберБанк,"Февральская ул., 55, Апрелевка",www.sberbank.ru,"'mon': 09:00-18:00, 'tue': 09:00-18:00, 'wed': 09:00-18:00, 'thu': 09:00-18:00, 'fri': 09:00-18:00, 'sat': 09:00-18:00, 'sun': выходной",55.552707,37.083787,"4,6",['8 (800) 555-55-50Показать телефон'],"['http://ok.ru/sberbank', 'https://vk.com/sberbank']",76,79,80,61,53,,42
6,14965420528,СберБанк,"Больничная ул., 117Б, рабочий посёлок Селятино",www.sberbank.ru,"'mon': 09:00-18:00, 'tue': 09:00-18:00, 'wed': 09:00-18:00, 'thu': 08:30-18:00, 'fri': 08:30-18:00, 'sat': выходной, 'sun': выходной",55.512154,36.976355,"4,7",['8 (800) 555-55-50Показать телефон'],"['http://ok.ru/sberbank', 'https://vk.com/sberbank']",94,95,95,87,,,
