ID,name,address,website,opening_hours,ypage,lat,lon,rating,phone,social
1576732849,СберБанк,"Большая Советская ул., 41, Кингисепп",,,,59.381001,28.612359,"4,4",,
1002114088,СберБанк,"Октябрьская ул., 9, Кингисепп",,,,59.376567,28.607146,"4,4",,
81487545588,СберБанк,"ул. Воровского, 38, Кингисепп",,,,59.37879,28.61814,"4,3",,
123024895171,СберБанк,"21, посёлок Кингисеппский",,,,59.400992,28.57125,"3,8",,
