,ID,name,address,website,opening_hours,lat,lon,rating,phone,social
0,125710181109,СберБанк,"ул. Ленина, 22В, Апшеронск",www.sberbank.ru,"'mon': 08:00-22:00, 'tue': 08:00-22:00, 'wed': 08:00-22:00, 'thu': 08:00-22:00, 'fri': 08:00-22:00, 'sat': 08:00-22:00, 'sun': 08:00-22:00",44.461893,39.743503,,['8 (800) 555-55-50Показать телефон'],"['https://ok.ru/bps.sberbank', 'https://vk.com/sberbank']"
1,192636340021,СберБанк,"Коммунистическая ул., 22А, Апшеронск",www.sberbank.ru,"'mon': 08:00-22:30, 'tue': 08:00-22:30, 'wed': 08:00-22:30, 'thu': 08:00-22:30, 'fri': 08:00-22:30, 'sat': 08:00-22:30, 'sun': 08:00-22:30",44.466963,39.730041,,['8 (800) 555-55-50Показать телефон'],"['https://ok.ru/bps.sberbank', 'https://vk.com/sberbank']"
2,126886788998,СберБанк,"ул. Ворошилова, 78, Апшеронск",www.sberbank.ru,"'mon': 07:00-18:00, 'tue': 07:00-18:00, 'wed': 07:00-18:00, 'thu': 07:00-18:00, 'fri': 07:00-18:00, 'sat': выходной, 'sun': выходной",44.456827,39.745435,,['8 (800) 555-55-50Показать телефон'],"['http://ok.ru/sberbank', 'https://vk.com/sberbank']"
3,67809410023,СберБанк,"ул. Ворошилова, 16, Апшеронск",www.sberbank.ru,"'mon': 08:00-22:00, 'tue': 08:00-22:00, 'wed': 08:00-22:00, 'thu': 08:00-22:00, 'fri': 08:00-22:00, 'sat': 08:00-22:00, 'sun': 08:00-22:00",44.466037,39.738127,,['8 (800) 555-55-50Показать телефон'],"['https://ok.ru/bps.sberbank', 'https://vk.com/sberbank']"
4,175117848968,СберБанк,"Социалистическая ул., 1, Апшеронск",www.sberbank.ru,"'mon': 00:00-23:59, 'tue': 00:00-23:59, 'wed': 00:00-23:59, 'thu': 00:00-23:59, 'fri': 00:00-23:59, 'sat': 00:00-23:59, 'sun': 00:00-23:59",44.436792,39.701152,,['8 (800) 555-55-50Показать телефон'],"['https://ok.ru/bps.sberbank', 'https://vk.com/sberbank']"
5,159353161428,СберБанк,"Заводская ул., 2, Апшеронск",www.sberbank.ru,"'mon': 09:00-21:00, 'tue': 09:00-21:00, 'wed': 09:00-21:00, 'thu': 09:00-21:00, 'fri': 09:00-21:00, 'sat': 09:00-21:00, 'sun': 09:00-21:00",44.444463,39.718660,,['8 (800) 555-55-50Показать телефон'],"['https://ok.ru/bps.sberbank', 'https://vk.com/sberbank']"
6,16960187114,СберБанк,"Пролетарская ул., 170, Апшеронск",www.sberbank.ru,"'mon': 00:00-23:59, 'tue': 00:00-23:59, 'wed': 00:00-23:59, 'thu': 00:00-23:59, 'fri': 00:00-23:59, 'sat': 00:00-23:59, 'sun': 00:00-23:59",44.444887,39.719352,,['8 (800) 555-55-50Показать телефон'],"['https://ok.ru/bps.sberbank', 'https://vk.com/sberbank']"
7,117402747966,СберБанк,"ул. Ворошилова, 33, Апшеронск",www.sberbank.ru,"'mon': 08:00-17:00, 'tue': 08:00-17:00, 'wed': выходной, 'thu': 08:00-17:00, 'fri': 08:00-17:00, 'sat': выходной, 'sun': выходной",44.460279,39.743394,,['8 (800) 555-55-50Показать телефон'],"['https://ok.ru/bps.sberbank', 'https://vk.com/sberbank']"
8,27956746159,СберБанк,"Индустриальная ул., 4, Апшеронск",www.sberbank.ru,"'mon': 00:00-23:59, 'tue': 00:00-23:59, 'wed': 00:00-23:59, 'thu': 00:00-23:59, 'fri': 00:00-23:59, 'sat': 00:00-23:59, 'sun': 00:00-23:59",44.481692,39.729251,,['8 (800) 555-55-50Показать телефон'],"['https://ok.ru/bps.sberbank', 'https://vk.com/sberbank']"
