ID,name,address,website,opening_hours,ypage,lat,lon,rating,phone,social
1558447154,СберБанк,"Советская ул., 7А, Воскресенск",,,,55.319576,38.682507,"4,8",,
1127257820,СберБанк,"Рабочая ул., 118, Воскресенск",,,,55.272617,38.751444,"4,1",,
1251534665,СберБанк,"ул. Зелинского, 4, микрорайон Новлянский, Воскресенск",,,,55.315519,38.648667,"4,8",,
1003858125,СберБанк,"Центральная ул., 26, микрорайон Лопатинский, Воскресенск",,,,55.335474,38.711325,"3,9",,
1229591967,СберБанк,"Советская ул., 67, рабочий посёлок Хорлово",,,,55.333528,38.814676,"4,2",,
189092803446,СберБанк,"Почтовая ул., 38, посёлок Пески",,,,55.214789,38.768503,"4,2",,
1196920196,СберБанк,"16Б, село Непецино",,,,55.205975,38.610228,"4,2",,
1196002005,СберБанк,"ул. Новые дома, 13А, село Конобеево",,,,55.414072,38.658863,"4,0",,
