,ID,name,address,website,opening_hours,lat,lon,rating,phone,social,Обслуживание,Персонал,Отношение к клиентам,Время ожидания,Банкомат,Ремонт,Расположение,График работы
0,220139300161,СберБанк,"просп. 40-летия Победы, 79, Ростов-на-Дону",www.sberbank.ru,"'mon': 08:30-19:00, 'tue': 08:30-19:00, 'wed': 08:30-19:00, 'thu': 08:30-19:00, 'fri': 08:30-19:00, 'sat': 08:30-19:00, 'sun': выходной",47.238442,39.823614,"4,6",['8 (800) 555-55-50Показать телефон'],"['http://ok.ru/sberbank', 'https://vk.com/sberbank']",79,79,82,58,50,69,92,
1,1089356293,СберБанк,"ул. Туполева, 16, Ростов-на-Дону",www.sberbank.ru,"'mon': 09:00-18:00, 'tue': 09:00-18:00, 'wed': 09:00-18:00, 'thu': 09:00-18:00, 'fri': 09:00-18:00, 'sat': 09:00-18:00, 'sun': выходной",47.282570,39.804997,"4,6",['8 (800) 555-55-50Показать телефон'],"['https://ok.ru/sberbank', 'https://t.me/sberbank', 'https://vk.com/sberbank']",84,86,85,69,70,,94,64
2,56431861729,СберБанк,"ул. Дзержинского, 1Д, Аксай",www.sberbank.ru,"'mon': 08:30-17:30, 'tue': 08:30-17:30, 'wed': 08:30-17:30, 'thu': 08:30-17:30, 'fri': 08:30-16:15, 'sat': выходной, 'sun': выходной",47.264430,39.864040,"4,0",['8 (800) 555-55-50Показать телефон'],"['http://ok.ru/sberbank', 'https://vk.com/sberbank']",91,,,60,,,,
3,1018698387,СберБанк,"Советская ул., 67, хутор Большой Лог",www.sberbank.ru,"'mon': 08:30-12:00,13:00-15:45, 'tue': 08:30-12:00,13:00-15:45, 'wed': 08:30-12:00,13:00-15:45, 'thu': выходной, 'fri': 08:30-12:00,13:00-15:45, 'sat': 08:30-12:00,13:00-14:24, 'sun': выходной",47.295155,39.915050,"4,4",['8 (800) 555-55-50Показать телефон'],"['http://ok.ru/sberbank', 'https://vk.com/sberbank']",92,92,92,,,,,
4,1103115802,СберБанк,"Киргизская ул., 38В, Ростов-на-Дону",www.sberbank.ru,"'mon': 08:30-18:30, 'tue': 08:30-18:30, 'wed': 08:30-18:30, 'thu': 08:30-18:30, 'fri': 08:30-18:30, 'sat': 08:30-18:30, 'sun': выходной",47.276059,39.749652,"4,4",['8 (800) 555-55-50Показать телефон'],"['http://ok.ru/sberbank', 'https://vk.com/sberbank']",79,79,78,63,42,,100,
5,1104835095,СберБанк,"Вятская ул., 41/1, Ростов-на-Дону",www.sberbank.ru,"'mon': 08:30-18:30, 'tue': 08:30-18:30, 'wed': 08:30-18:30, 'thu': 08:30-18:30, 'fri': 08:30-18:30, 'sat': 08:30-18:30, 'sun': выходной",47.285321,39.753074,"4,4",['8 (800) 555-55-50Показать телефон'],"['http://ok.ru/sberbank', 'https://vk.com/sberbank']",79,83,77,66,70,79,76,60
6,1225488110,СберБанк,"просп. Ленина, 18, Аксай",www.sberbank.ru,"'mon': 08:30-17:30, 'tue': 08:30-17:30, 'wed': 08:30-17:30, 'thu': 08:30-17:30, 'fri': 08:30-17:30, 'sat': 08:30-17:30, 'sun': выходной",47.264407,39.859566,"4,4",['8 (800) 555-55-50Показать телефон'],"['http://ok.ru/sberbank', 'https://vk.com/sberbank']",65,73,67,42,45,,91,36
7,1104935763,СберБанк,"просп. 40-летия Победы, 91, Ростов-на-Дону",www.sberbank.ru,"'mon': 09:30-18:30, 'tue': 09:30-18:30, 'wed': 09:30-18:30, 'thu': 09:30-18:30, 'fri': 09:30-18:30, 'sat': 09:30-18:30, 'sun': выходной",47.239566,39.830051,"4,3",['8 (800) 555-55-50Показать телефон'],"['http://ok.ru/sberbank', 'https://vk.com/sberbank']",64,72,65,25,12,,,9
8,179621466299,СберБанк,"Брестская ул., 1/79А, посёлок Орджоникидзе, Ростов-на-Дону",www.sberbank.ru,"'mon': 09:00-18:00, 'tue': 09:00-18:00, 'wed': 09:00-18:00, 'thu': 09:00-18:00, 'fri': 09:00-18:00, 'sat': 09:00-18:00, 'sun': выходной",47.267065,39.789213,"4,5",['8 (800) 555-55-50Показать телефон'],"['http://ok.ru/sberbank', 'https://vk.com/sberbank']",77,74,75,67,80,,86,
9,1104120108,СберБанк,"ул. Дзержинского, 1Д, Аксай",www.sberbank.ru,"'mon': 09:00-18:00, 'tue': 09:00-18:00, 'wed': 09:00-18:00, 'thu': 09:00-18:00, 'fri': 09:00-18:00, 'sat': 09:00-18:00, 'sun': выходной",47.264399,39.864173,"4,2",['8 (800) 555-55-50Показать телефон'],"['http://ok.ru/sberbank', 'https://vk.com/sberbank']",71,75,70,65,,0,,
