ID,name,address,website,opening_hours,ypage,lat,lon,rating,phone,social
1326857915,СберБанк,"Комсомольская ул., 1А, Заречный",,,,53.192426,45.1781,"4,5",,
1086723227,СберБанк,"ул. Ленина, 18Б, Заречный",,,,53.191913,45.167265,"4,3",,
1092089447,СберБанк,"ул. Ленина, 65, Заречный",,,,53.202822,45.152175,"4,4",,
1098302711,СберБанк,"Коннозаводская ул., 25/1, Пенза",,,,53.172227,45.111408,"3,4",,
1175377619,СберБанк,"Фабричная ул., 13А, село Чемодановка",,,,53.222697,45.25637,"4,0",,
3800859896,СберБанк,"Школьная ул., 48, железнодорожная станция Леонидовка",,,,53.127452,45.228809,"3,9",,
1028881724,СберБанк,"ул. Антонова, 9, Пенза",,,,53.184353,45.063833,"4,7",,
