ID,name,address,website,opening_hours,ypage,lat,lon,rating,phone,social
21700341452,СберБанк,"Коммунарная ул., 48, Боровичи",,,,58.390781,33.909985,"4,4",,
202650585058,СберБанк,"Спасская площадь, 6, Боровичи",,,,58.386408,33.898999,"4,5",,
1105385257,СберБанк,"ул. Подбельского, 47, Боровичи",,,,58.393797,33.916802,"4,4",,
59873382961,СберБанк,"Спасская площадь, 6, Боровичи",,,,58.386407,33.899015,"4,2",,
1079204799,СберБанк,"Сушанская ул., 1В/2, Боровичи",,,,58.403427,33.893944,"4,2",,
119243754114,Сбербанк,"Сушанская ул., 1В/2, Боровичи",,,,58.403475,33.893892,"4,1",,
