ID,name,address,website,opening_hours,ypage,lat,lon,rating,phone,social
235143703797,СберБанк,"Европейский просп., 5, Кудрово",,,,59.898748,30.511145,"4,5",,
28304591277,СберБанк,"Ленинградская ул., 3, Кудрово",,,,59.912825,30.506193,"4,4",,
1078735287,СберБанк,"просп. Большевиков, 27, Санкт-Петербург",,,,59.900691,30.486441,"4,4",,
211764039930,СберБанк,"ул. Тельмана, 48, корп. 1, Санкт-Петербург",,,,59.893065,30.48351,"4,8",,
124070617027,СберБанк,"ул. Коллонтай, 31, корп. 2, Санкт-Петербург",,,,59.922635,30.484559,"4,4",,
89097608975,СберБанк,"просп. Большевиков, 27, Санкт-Петербург",,,,59.90052,30.485874,"4,3",,
161970409606,СберБанк,"ул. Коллонтай, 10, Санкт-Петербург",,,,59.916762,30.452567,"4,3",,
147513585970,СберБанк,"Народная ул., 2, Санкт-Петербург",,,,59.880016,30.456985,"4,4",,
