ID,name,address,website,opening_hours,ypage,lat,lon,rating,phone,social
1085309376,СберБанк,"площадь Восстания, 7, Коломна",,,,55.084164,38.804554,"4,5",,
33227499426,СберБанк,"ул. Фрунзе, 46, Коломна",,,,55.08205,38.778155,"4,6",,
1138490873,СберБанк,"Зелёная ул., 31, Коломна",,,,55.07758,38.774946,"4,6",,
178021292090,СберБанк,"Советская площадь, 5, Коломна",,,,55.092052,38.768196,"4,2",,
116299456055,СберБанк,"площадь Двух Революций, 1, Коломна",,,,55.10198,38.754937,"4,6",,
1182617172,СберБанк,"ул. Спирина, 1А, Коломна",,,,55.057332,38.748554,"4,8",,
1198807938,СберБанк,"Центральная ул., 13А, посёлок Сергиевский",,,,55.0937,38.85555,"4,1",,
228736342185,СберБанк,"Центральная ул., 13А, посёлок Сергиевский",,,,55.0937,38.85555,"4,0",,
