ID,name,address,website,opening_hours,ypage,lat,lon,rating,phone,social
1074887186,СберБанк,"24, 4-й микрорайон, Тобольск",,,,58.222083,68.284912,"4,6",,
1119382639,СберБанк,"ул. Семёна Ремезова, 124, Тобольск",,,,58.227348,68.267321,"4,4",,
1636765528,СберБанк,"30, 7-й микрорайон, Тобольск",,,,58.229599,68.273943,"4,3",,
1160885585,СберБанк,"Октябрьская ул., 50, Тобольск",,,,58.209028,68.268746,"4,5",,
1066989482,СберБанк,"Нагорная ул., 3, посёлок Сумкино",,,,58.107184,68.321199,"3,7",,
