ID,name,address,website,opening_hours,ypage,lat,lon,rating,phone,social
161799564146,СберБанк,"ул. Орджоникидзе, 15В, Елец",,,,52.613529,38.522589,"4,8",,
1060583717,СберБанк,"Комсомольская ул., 81, Елец",,,,52.624362,38.491701,"4,7",,
1269609702,СберБанк,"ул. Коммунаров, 66, Елец",,,,52.627881,38.470218,"4,7",,
1015351519,СберБанк,"Радиотехническая ул., 5, Елец",,,,52.610528,38.475086,"4,7",,
89661149771,СберБанк,"Мирная ул., 21, поселок Газопровод",,,,52.602078,38.438615,"4,2",,
202243384120,СберБанк,"Советская ул., 109Б, село Талица",,,,52.711367,38.723084,"3,3",,
1234378498,СберБанк,"Клубная ул., 18, село Воронец",,,,52.523416,38.501308,,,
