ID,name,address,website,opening_hours,ypage,lat,lon,rating,phone,social
1186616927,СберБанк,"ул. Ленина, 154, Тимашевск",,,,45.61156,38.935136,"4,9",,
64091790912,СберБанк,"ул. Ленина, 154А, Тимашевск",,,,45.61156,38.935136,"4,5",,
13189439921,СберБанк,"Гибридная ул., 2, Тимашевск",,,,45.63904,38.94928,"4,3",,
1139415659,СберБанк,"ул. Космонавтов, 10, хутор Ленинский",,,,45.673649,39.034647,"4,5",,
1074202184,СберБанк,"Советская ул., 2, хутор Танцура Крамаренко",,,,45.522403,38.938581,"3,8",,
1131947113,СберБанк,"ул. Ленина, 19, посёлок Советский",,,,45.542998,38.786128,"4,5",,
1117887850,СберБанк,"ул. Ленина, 59, станица Днепровская",,,,45.619073,38.808307,"3,9",,
1116475581,СберБанк,"Юбилейная ул., 17, хутор Беднягина",,,,45.517629,39.001651,"3,4",,
1122514947,СберБанк,"Красная ул., 17, станица Новокорсунская",,,,45.643791,39.146038,"4,3",,
