ID,name,address,website,opening_hours,ypage,lat,lon,rating,phone,social
1022468933,СберБанк,"ул. Вице-адмирала Падорина, 5, Североморск",,,,69.0679,33.403732,"4,7",,
1130595595,СберБанк,"ул. Сафонова, 12, Североморск",,,,69.075489,33.419142,"4,3",,
21687300351,СберБанк,"ул. Авиаторов, 1, Североморск",,,,69.054996,33.415272,"4,1",,
182363032393,СберБанк,"ул. Преображенского, 6, п. г. т. Сафоново",,,,69.059049,33.294097,"4,4",,
1030016010,СберБанк,"ул. Капитана Елькина, 6, посёлок Сафоново-1, п. г. т. Сафоново",,,,69.032786,33.290163,"4,3",,
