,ID,name,address,website,opening_hours,lat,lon,rating,phone,social,Обслуживание,Персонал,Отношение к клиентам,Время ожидания,Расположение,Банкомат,График работы
0,1238262598,СберБанк,"Ленинградская ул., 104, Петропавловск-Камчатский",www.sberbank.ru,"'mon': 09:00-18:00, 'tue': 09:00-18:00, 'wed': 09:00-18:00, 'thu': 09:00-18:00, 'fri': 09:00-18:00, 'sat': 09:00-18:00, 'sun': выходной",C53.03909,158.65942,"4,5",['8 (800) 555-55-50Показать телефон'],"['http://ok.ru/sberbank', 'https://vk.com/sberbank']",89,94,93,72,89,65,
1,1258010263,СберБанк,"Океанская ул., 121/2, Петропавловск-Камчатский",www.sberbank.ru,"'mon': 09:30-17:45, 'tue': 09:30-17:45, 'wed': 09:30-17:45, 'thu': 09:30-17:45, 'fri': 09:30-17:45, 'sat': 09:30-17:45, 'sun': выходной",C52.98215,158.68063,"4,5",['8 (800) 555-55-50Показать телефон'],"['http://ok.ru/sberbank', 'https://vk.com/sberbank']",87,89,85,83,95,88,50
2,13013577674,СберБанк,"ул. Нахимова, 22, жилой район Рыбачий, Вилючинск",www.sberbank.ru,"'mon': 10:45-14:00,15:00-18:30, 'tue': 10:45-14:00,15:00-18:30, 'wed': 10:45-14:00,15:00-18:30, 'thu': 10:45-14:00,15:00-18:30, 'fri': 10:45-14:00,15:00-18:30, 'sat': 10:45-14:00,15:00-18:30, 'sun': выходной",C52.91861,158.51568,"4,0",['8 (800) 555-55-50Показать телефон'],"['http://ok.ru/sberbank', 'https://vk.com/sberbank']",,,,,,,
3,1181876383,СберБанк,"ул. Мира, 7Б, Вилючинск",www.sberbank.ru,"'mon': 10:00-18:00, 'tue': 10:00-18:00, 'wed': 10:00-18:00, 'thu': 10:00-18:00, 'fri': 10:00-18:00, 'sat': 10:00-18:00, 'sun': выходной",C52.93285,158.41035,"4,2",['8 (800) 555-55-50Показать телефон'],"['http://ok.ru/sberbank', 'https://vk.com/sberbank']",72,79,71,,,,
