ID,name,address,website,opening_hours,ypage,lat,lon,rating,phone,social
1128862619,СберБанк,"Советская ул., 5/15, Солнечногорск",,,,56.185343,36.975522,"4,5",,
1013684148,СберБанк,"Банковская ул., 6, Солнечногорск",,,,56.189034,36.983152,"4,7",,
138581227583,СберБанк,"Красная ул., 6А, Солнечногорск",,,,56.176895,36.995309,"4,7",,
67779251258,СберБанк,"Подмосковная ул., 11, квартал комплексной застройки Тимоново, д. Тимоново",,,,56.216184,37.025645,"4,0",,
