ID,name,address,website,opening_hours,ypage,lat,lon,rating,phone,social
1215899790,СберБанк,"ул. Ленина, 56, Уссурийск",,,,C43.79095,131.95717,"4,6",,
1052630657,СберБанк,"ул. Пушкина, 152, Уссурийск",,,,C43.80079,131.97699,"4,6",,
89930660486,СберБанк,"ул. Горького, 47, Уссурийск",,,,C43.79802,131.94289,"4,7",,
1132672721,СберБанк,"Октябрьская ул., 56, Уссурийск",,,,C43.79569,131.95366,"4,6",,
119214625175,СберБанк,"Советская ул., 70, село Новоникольск",,,,C43.84972,131.86593,"4,2",,
1117028851,СберБанк,"ул. Ленина, 3В, село Воздвиженка",,,,C43.91275,131.90622,"4,0",,
139733877172,СберБанк,"Красноармейская ул., 25, село Михайловка",,,,C43.92646,132.00564,"4,3",,
