ID,name,address,website,opening_hours,ypage,lat,lon,rating,phone,social
1270903922,СберБанк,"ул. Воровского, 20, Грязи",,,,52.495687,39.951944,"4,8",,
1096248046,СберБанк,"Советская ул., 67, Грязи",,,,52.491128,39.964828,"4,7",,
1005598289,СберБанк,"Моршанская ул., 4А, микрорайон Матырский, Липецк",,,,52.528604,39.801691,"4,3",,
1070536418,СберБанк,"ул. Ленина, 1/2, село Казинка",,,,52.544501,39.814842,"4,1",,
1053657592,СберБанк,"Молодёжная ул., 3, село Ярлуково",,,,52.555272,39.832585,"3,8",,
