,ID,name,address,website,opening_hours,lat,lon,rating,phone,social,Обслуживание,Персонал,Отношение к клиентам,Время ожидания
0,214883602418,СберБанк,"Советская ул., 10, Мамоново",www.sberbank.ru,"'mon': 09:00-17:45, 'tue': 09:00-17:45, 'wed': 09:00-17:45, 'thu': 09:00-17:45, 'fri': 09:00-17:45, 'sat': 09:00-13:00,14:00-17:45, 'sun': выходной",54.462488,19.939312,"4,2",['8 (800) 555-55-50Показать телефон'],"['http://ok.ru/sberbank', 'https://vk.com/sberbank']",,,,
1,4128229211,СберБанк,"Калининградская ул., 21, г. Светлый",www.sberbank.ru,"'mon': 09:00-17:30, 'tue': 09:00-17:30, 'wed': 09:00-17:30, 'thu': 09:00-17:30, 'fri': 09:00-17:30, 'sat': 09:00-17:30, 'sun': выходной",54.678036,20.138630,"4,5",['8 (800) 555-55-50Показать телефон'],"['http://ok.ru/sberbank', 'https://vk.com/sberbank']",70,78,81,
2,120232981415,СберБанк,"Советская ул., 112, п. г. т. Янтарный",www.sberbank.ru,"'mon': выходной, 'tue': 09:00-14:00,15:00-17:30, 'wed': 09:00-14:00,15:00-17:30, 'thu': 09:00-14:00,15:00-17:30, 'fri': 09:00-14:00,15:00-17:30, 'sat': 09:00-13:00,14:00-17:30, 'sun': выходной",54.854802,19.946408,"4,4",['8 (800) 555-55-50Показать телефон'],"['http://ok.ru/sberbank', 'https://vk.com/sberbank']",,,,
3,111560211589,СберБанк,"Садовая ул., 6, Балтийск",www.sberbank.ru,"'mon': 09:00-18:00, 'tue': 09:00-18:00, 'wed': 09:00-18:00, 'thu': 09:00-18:00, 'fri': 09:00-18:00, 'sat': 09:00-18:00, 'sun': выходной",54.655075,19.909642,"4,5",['8 (800) 555-55-50Показать телефон'],"['http://ok.ru/sberbank', 'https://vk.com/sberbank']",77,77,73,58
4,1120889964,СберБанк,"ул. Победы, 18, Ладушкин",www.sberbank.ru,"'mon': выходной, 'tue': 08:30-14:00,15:00-17:30, 'wed': 08:30-14:00,15:00-17:30, 'thu': 08:30-14:00,15:00-17:30, 'fri': 08:30-14:00,15:00-17:30, 'sat': 08:30-14:00,15:00-17:30, 'sun': выходной",54.568203,20.171094,"4,1",['8 (800) 555-55-50Показать телефон'],"['http://ok.ru/sberbank', 'https://vk.com/sberbank']",,,,
