ID,name,address,website,opening_hours,ypage,lat,lon,rating,phone,social
1100415361,СберБанк,"ул. Комарова, 107, Балаково",,,,52.007499,47.79738,"4,6",,
1063283952,СберБанк,"Трнавская ул., 14, Балаково",,,,52.018224,47.820744,"4,7",,
1056344417,СберБанк,"ул. Ленина, 114, Балаково",,,,52.023787,47.782452,"4,8",,
1007919019,СберБанк,"ул. Ленина, 47, Балаково",,,,52.034385,47.782804,"4,6",,
1043804677,СберБанк,"Трнавская ул., 46, Балаково",,,,52.027069,47.83647,"4,6",,
171660770974,СберБанк,"ул. Карла Маркса, 4А, село Натальино",,,,52.062742,47.914539,,,
