,ID,name,address,website,opening_hours,lat,lon,rating,phone,social,Обслуживание,Персонал,Отношение к клиентам,Время ожидания,Банкомат,Ремонт,Расположение,График работы,Кредит,Ипотека
0,1055110223,СберБанк,"Советская ул., 40, микрорайон Первомайский, Королёв",www.sberbank.ru,"'mon': выходной, 'tue': 09:00-18:30, 'wed': 09:00-18:30, 'thu': 09:00-18:30, 'fri': 09:00-18:30, 'sat': 09:00-18:30, 'sun': выходной",55.941568,37.866997,"4,7",['8 (800) 555-55-50Показать телефон'],"['http://ok.ru/sberbank', 'https://vk.com/sberbank']",86,87,87,72,27,90,100,,,
1,232963480833,СберБанк,"Хлебозаводская ул., 30, Ивантеевка",www.sberbank.ru,"'mon': 09:00-18:00, 'tue': 09:00-18:00, 'wed': 09:00-18:00, 'thu': 09:00-18:00, 'fri': 09:00-18:00, 'sat': 09:00-18:00, 'sun': выходной",55.971827,37.937528,"4,7",['8 (800) 555-55-50Показать телефон'],"['http://ok.ru/sberbank', 'https://vk.com/sberbank']",74,73,77,65,74,,95,43,,
2,1177691513,СберБанк,"Юбилейная ул., 3, корп. 1, Мытищи",www.sberbank.ru,"'mon': 09:00-19:00, 'tue': 09:00-19:00, 'wed': 09:00-19:00, 'thu': 09:00-19:00, 'fri': 09:00-19:00, 'sat': 09:00-19:00, 'sun': выходной",55.915079,37.722587,"4,7",['8 (800) 555-55-50Показать телефон'],"['http://ok.ru/sberbank', 'https://vk.com/sberbank']",80,85,79,61,40,78,88,18,,
3,1040448865,СберБанк,"Новомытищинский просп., 5, корп. 1, Мытищи",www.sberbank.ru,"'mon': 09:00-19:00, 'tue': 09:00-19:00, 'wed': 09:00-19:00, 'thu': 09:00-19:00, 'fri': 09:00-19:00, 'sat': 09:00-19:00, 'sun': выходной",55.915759,37.749699,"4,7",['8 (800) 555-55-50Показать телефон'],"['https://ok.ru/sber/', 'https://t.me/sberbank', 'https://vk.com/sberbank']",70,75,68,61,68,,90,53,44,60
4,1054108376,СберБанк,"Вокзальная площадь, 2, Мытищи",www.sberbank.ru,"'mon': 09:00-19:30, 'tue': 09:00-19:30, 'wed': 09:00-19:30, 'thu': 09:00-19:30, 'fri': 09:00-19:30, 'sat': 09:00-19:30, 'sun': выходной",55.913409,37.761914,"4,3",['8 (800) 555-55-50Показать телефон'],"['https://ok.ru/sberbank', 'https://vk.com/sberbank']",79,84,77,73,18,,91,5,,
5,1153685529,СберБанк,"ул. Тихонравова, 36, микрорайон Юбилейный, Королёв",www.sberbank.ru,"'mon': 09:00-19:00, 'tue': 09:00-19:00, 'wed': 09:00-19:00, 'thu': 09:00-19:00, 'fri': 09:00-19:00, 'sat': 09:00-19:00, 'sun': выходной",55.936446,37.844746,"4,8",['8 (800) 555-55-50Показать телефон'],"['http://ok.ru/sberbank', 'https://t.me/sberbank', 'https://vk.com/sberbank']",84,86,85,66,41,,88,31,,
6,1192524051,СберБанк,"ул. Гагарина, 12/14, Королёв",www.sberbank.ru,"'mon': 09:30-18:30, 'tue': 09:30-18:30, 'wed': 09:30-18:30, 'thu': 09:30-18:30, 'fri': 09:30-18:30, 'sat': 09:30-18:30, 'sun': выходной",55.917239,37.806045,"4,4",['8 (800) 555-55-50Показать телефон'],"['http://ok.ru/sberbank', 'https://t.me/sberbank', 'https://vk.com/sberbank']",74,81,76,59,20,,95,10,,
7,1337817752,СберБанк,"8, микрорайон Богородский, Щёлково",www.sberbank.ru,"'mon': выходной, 'tue': 09:00-18:30, 'wed': 09:00-18:30, 'thu': 09:00-18:30, 'fri': 09:00-18:30, 'sat': 09:00-18:30, 'sun': выходной",55.938929,37.974260,"4,3",['8 (800) 555-55-50Показать телефон'],"['http://ok.ru/sberbank', 'https://vk.com/sberbank']",70,73,68,39,11,,82,33,,
8,239733005998,СберБанк,"Пролетарский просп., 1-1А, Щёлково",www.sberbank.ru,"'mon': 09:00-19:00, 'tue': 09:00-19:00, 'wed': 09:00-19:00, 'thu': 09:00-19:00, 'fri': 09:00-19:00, 'sat': 09:00-19:00, 'sun': выходной",55.913636,37.993257,"4,5",['8 (800) 555-55-50Показать телефон'],"['https://ok.ru/sberbank', 'https://vk.com/sberbank']",83,90,88,49,48,,,27,,
9,1056708824,СберБанк,"Студенческий пр., 2, Ивантеевка",www.sberbank.ru,"'mon': 09:00-18:30, 'tue': 09:00-18:30, 'wed': 09:00-18:30, 'thu': 09:00-18:30, 'fri': 09:00-18:30, 'sat': 09:00-18:30, 'sun': выходной",55.977153,37.907103,"4,8",['8 (800) 555-55-50Показать телефон'],"['http://ok.ru/sberbank', 'https://vk.com/sberbank']",79,77,79,63,82,,97,77,75,75
10,110976892300,СберБанк,"2-я Институтская ул., 18, Мытищи",www.sberbank.ru,"'mon': выходной, 'tue': 09:00-13:00,14:00-18:00, 'wed': 09:00-13:00,14:00-18:00, 'thu': 09:00-13:00,14:00-18:00, 'fri': 09:00-13:00,14:00-18:00, 'sat': 09:00-13:00,14:00-18:00, 'sun': выходной",55.930137,37.790659,"4,3",['8 (800) 555-55-50Показать телефон'],"['http://ok.ru/sberbank', 'https://vk.com/sberbank']",79,83,74,72,18,,,0,,
11,1201572576,СберБанк,"просп. Королёва, 5Д, Королёв",www.sberbank.ru,"'mon': 09:30-18:30, 'tue': 09:30-18:30, 'wed': 09:30-18:30, 'thu': 09:30-18:30, 'fri': 09:30-18:30, 'sat': 09:30-18:30, 'sun': выходной",55.921815,37.843661,"4,4",['8 (800) 555-55-50Показать телефон'],"['https://ok.ru/sberbank', 'https://vk.com/sberbank']",72,73,69,58,47,,94,,,
12,1228327522,СберБанк,"Фабричная ул., 6, корп. 3, микрорайон Пироговский, Мытищи",www.sberbank.ru,"'mon': выходной, 'tue': 09:00-13:00,14:00-18:30, 'wed': 09:00-13:00,14:00-18:30, 'thu': 09:00-13:00,14:00-18:30, 'fri': 09:00-13:00,14:00-18:30, 'sat': 09:00-13:00,14:00-18:30, 'sun': выходной",55.980619,37.742367,"3,9",['8 (800) 555-55-50Показать телефон'],"['http://ok.ru/sberbank', 'https://vk.com/sberbank']",66,67,64,32,0,,,,,
13,1088434062,СберБанк,"Комсомольская ул., 11, Щёлково",www.sberbank.ru,"'mon': 09:00-18:30, 'tue': 09:00-18:30, 'wed': 09:00-18:30, 'thu': 09:00-18:30, 'fri': 09:00-18:30, 'sat': 09:00-18:30, 'sun': выходной",55.928313,38.000919,"4,7",['8 (800) 555-55-50Показать телефон'],"['https://ok.ru/sberbank', 'https://vk.com/sberbank']",75,75,72,69,52,12,74,,59,71
14,1228254849,СберБанк,"ул. Грабина, 8Б, Королёв",www.sberbank.ru,"'mon': 09:30-18:30, 'tue': 09:30-18:30, 'wed': 09:30-18:30, 'thu': 09:30-18:30, 'fri': 09:30-18:30, 'sat': 09:30-18:30, 'sun': выходной",55.925770,37.820158,"4,6",['8 (800) 555-55-50Показать телефон'],"['http://ok.ru/sberbank', 'https://vk.com/sberbank']",81,81,80,66,47,,92,,,
15,1059341981,СберБанк,"ул. Толмачёва, 2, Ивантеевка",www.sberbank.ru,"'mon': 09:00-18:00, 'tue': 09:00-18:00, 'wed': 09:00-18:00, 'thu': 09:00-18:00, 'fri': 09:00-18:00, 'sat': 09:00-18:00, 'sun': выходной",55.967061,37.912811,"4,4",['8 (800) 555-55-50Показать телефон'],"['http://ok.ru/sberbank', 'https://vk.com/sberbank']",75,75,74,58,36,,,14,,
16,1033986670,СберБанк,"Силикатная ул., 39, Мытищи",www.sberbank.ru,"'mon': 09:30-18:30, 'tue': 09:30-18:30, 'wed': 09:30-18:30, 'thu': 09:30-18:30, 'fri': 09:30-18:30, 'sat': 09:30-18:30, 'sun': выходной",55.940296,37.778727,"4,4",['8 (800) 555-55-50Показать телефон'],"['http://ok.ru/sberbank', 'https://vk.com/sberbank']",86,86,88,52,26,,,11,,
17,1015728560,СберБанк,"Олимпийский просп., 21, Мытищи",www.sberbank.ru,"'mon': 09:30-19:00, 'tue': 09:30-19:00, 'wed': 09:30-19:00, 'thu': 09:30-19:00, 'fri': 09:30-19:00, 'sat': 09:30-19:00, 'sun': выходной",55.924832,37.754737,"4,5",['8 (800) 555-55-50Показать телефон'],"['http://ok.ru/sberbank', 'https://t.me/sberbank', 'https://vk.com/sberbank']",72,72,70,60,58,,93,,,
18,1045546947,СберБанк,"просп. Космонавтов, 6А, Королёв",www.sberbank.ru,"'mon': 09:00-19:00, 'tue': 09:00-19:00, 'wed': 09:00-19:00, 'thu': 09:00-19:00, 'fri': 09:00-19:00, 'sat': 09:00-19:00, 'sun': выходной",55.919001,37.867452,"4,7",['8 (800) 555-55-50Показать телефон'],"['https://ok.ru/sberbank', 'https://vk.com/sberbank']",72,73,69,60,65,,94,36,33,49
19,1156698519,СберБанк,"Лётная ул., 30, корп. 1, Мытищи",www.sberbank.ru,"'mon': 09:00-19:00, 'tue': 09:00-19:00, 'wed': 09:00-19:00, 'thu': 09:00-19:00, 'fri': 09:00-19:00, 'sat': 09:00-19:00, 'sun': выходной",55.907990,37.719514,"4,6",['8 (800) 555-55-50Показать телефон'],"['http://ok.ru/sberbank', 'https://vk.com/sberbank']",86,86,86,75,53,,94,,,
20,106511527922,СберБанк,"ул. Егора Абакумова, 10, корп. 1, Москва",www.sberbank.ru,"'mon': 08:30-19:30, 'tue': 08:30-19:30, 'wed': 08:30-19:30, 'thu': 08:30-19:30, 'fri': 08:30-19:30, 'sat': 08:30-19:30, 'sun': выходной",55.879422,37.714918,"4,4",['8 (800) 555-55-50Показать телефон'],"['http://ok.ru/sberbank', 'https://vk.com/sberbank']",75,75,74,54,53,,92,71,,
21,1214262643,СберБанк,"ул. Академика Каргина, 21, Мытищи",www.sberbank.ru,"'mon': 09:00-18:00, 'tue': 09:00-18:00, 'wed': 09:00-18:00, 'thu': 09:00-18:00, 'fri': 09:00-18:00, 'sat': 09:00-18:00, 'sun': выходной",55.916487,37.773821,"4,4",['8 (800) 555-55-50Показать телефон'],"['http://ok.ru/sberbank', 'https://vk.com/sberbank']",71,77,75,45,51,,90,17,,
22,1067539093,СберБанк,"ул. Ленина, 7, посёлок Лесные Поляны",www.sberbank.ru,"'mon': выходной, 'tue': выходной, 'wed': 09:00-13:00,13:45-18:00, 'thu': выходной, 'fri': выходной, 'sat': 09:00-13:00,13:45-18:00, 'sun': выходной",55.958850,37.862093,"2,7",['8 (800) 555-55-50Показать телефон'],"['http://ok.ru/sberbank', 'https://vk.com/sberbank']",,,,,,,,,,
23,1247944515,СберБанк,"ул. Веры Волошиной, 12, Мытищи",www.sberbank.ru,"'mon': 10:00-19:00, 'tue': 10:00-19:00, 'wed': 10:00-19:00, 'thu': 10:00-19:00, 'fri': 10:00-19:00, 'sat': 10:00-19:00, 'sun': выходной",55.893151,37.725631,"4,6",['8 (800) 555-55-50Показать телефон'],"['http://ok.ru/sberbank', 'https://vk.com/sberbank']",73,78,76,63,57,,90,61,,
