ID,name,address,website,opening_hours,ypage,lat,lon,rating,phone,social
1009131586,СберБанк,"ул. Ленина, 23, Геленджик",,,,44.565142,38.079891,"4,5",,
1084162961,СберБанк,"ул. Кирова, 56, Геленджик",,,,44.559509,38.081409,"4,6",,
1166105086,СберБанк,"Красногвардейская ул., 36, Геленджик",,,,44.553194,38.066978,"4,8",,
1128512131,СберБанк,"ул. Кирова, 19, село Дивноморское",,,,44.498296,38.136772,"4,6",,
12167612670,СберБанк,"Революционная ул., 88А, село Кабардинка",,,,44.652434,37.93819,"4,3",,
