ID,name,address,website,opening_hours,ypage,lat,lon,rating,phone,social
1241816381,СберБанк,"ул. Шестакова, 13, Волжск",,,,55.870824,48.33696,"4,4",,
94526176797,СберБанк,"ул. Татарстан, 10, Зеленодольск",,,,55.848516,48.501818,"4,4",,
1020962258,СберБанк,"ул. Ленина, 70, Зеленодольск",,,,55.845592,48.524872,"4,5",,
1254822849,СберБанк,"ул. Лобачевского, 33А, Козловка",,,,55.839289,48.242576,"4,4",,
1084877492,СберБанк,"Паратская ул., 13, Зеленодольск",,,,55.85195,48.488768,"4,3",,
1061519275,СберБанк,"Первомайская ул., 7, п. г. т. Приволжский",,,,55.9608,48.417226,"3,7",,
1003829325,СберБанк,"Первомайская ул., 32, п. г. т. Нижние Вязовые",,,,55.798759,48.525168,"3,8",,
