,ID,name,address,website,opening_hours,lat,lon,rating,phone,social,Обслуживание,Отношение к клиентам,Персонал,Время ожидания
0,1005854629,СберБанк,"ул. Кирова, 22, п. г. т. Вахруши",www.sberbank.ru,"'mon': 08:30-17:30, 'tue': 08:30-17:30, 'wed': 08:30-17:30, 'thu': 08:30-17:30, 'fri': 08:30-17:30, 'sat': 08:30-17:30, 'sun': выходной",58.689591,50.037563,"4,1",['8 (800) 555-55-50Показать телефон'],"['http://ok.ru/sberbank', 'https://vk.com/sberbank']",,,,
1,1028662925,СберБанк,"Трактовая ул., 56, д. Стулово",www.sberbank.ru,"'mon': выходной, 'tue': 08:00-12:00,12:30-16:30, 'wed': выходной, 'thu': 08:00-12:00,12:30-16:30, 'fri': выходной, 'sat': выходной, 'sun': выходной",58.718506,50.135704,"3,4",['8 (800) 555-55-50Показать телефон'],"['http://ok.ru/sberbank', 'https://vk.com/sberbank']",,,,
2,1058815393,СберБанк,"ул. Степана Халтурина, 12, Слободской",www.sberbank.ru,"'mon': 08:00-18:00, 'tue': 08:00-18:00, 'wed': 08:00-18:00, 'thu': 08:00-18:00, 'fri': 08:00-18:00, 'sat': 08:00-18:00, 'sun': выходной",58.728466,50.183978,"4,3",['8 (800) 555-55-50Показать телефон'],"['http://ok.ru/sberbank', 'https://vk.com/sberbank']",77,78,77,55
3,1224098467,СберБанк,"ул. Карла Маркса, 12, село Карино",www.sberbank.ru,"'mon': выходной, 'tue': выходной, 'wed': 08:30-12:45,13:45-15:30, 'thu': выходной, 'fri': 08:30-12:45,13:45-15:30, 'sat': 08:30-12:45,13:45-15:30, 'sun': выходной",58.618633,50.337376,"3,5",['8 (800) 555-55-50Показать телефон'],"['http://ok.ru/sberbank', 'https://vk.com/sberbank']",,,,
