ID,name,address,website,opening_hours,ypage,lat,lon,rating,phone,social
1169384714,СберБанк,"ул. Максима Горького, 31А, Валуйки",,,,50.21476,38.093241,"4,6",,
1237977615,СберБанк,"ул. 1 Мая, 30А, Валуйки",,,,50.213368,38.101145,"4,4",,
21577297153,СберБанк,"ул. Максима Горького, 31А, Валуйки",,,,50.214759,38.093225,"3,8",,
194332508815,СберБанк,"Центральная ул., 73А, село Шелаево",,,,50.121566,38.070184,"3,1",,
1252832008,СберБанк,"ул. Ленина, 14А, село Рождествено",,,,50.228872,38.182846,"4,3",,
1189526880,СберБанк,"ул. Кирова, 7, село Насоново",,,,50.254076,38.224259,"3,3",,
