ID,name,address,website,opening_hours,ypage,lat,lon,rating,phone,social
1601499382,СберБанк,"Стекловская ул., 89, Кузнецк",,,,53.118895,46.598413,"4,7",,
237783356304,СберБанк,"ул. Молодой Гвардии, 125, Кузнецк",,,,53.111715,46.620882,"4,4",,
1112773768,СберБанк,"ул. Белинского, 82, Кузнецк",,,,53.118151,46.587828,"4,7",,
68113500890,СберБанк,"ул. Победы, 43, Кузнецк",,,,53.105454,46.58646,"4,6",,
123607373895,СберБанк,"ул. Белинского, 2Е, Кузнецк",,,,53.121567,46.550437,"4,6",,
