,ID,name,address,website,opening_hours,lat,lon,rating,phone,social,Обслуживание,Персонал,Отношение к клиентам,Время ожидания,Банкомат
0,1020114978,СберБанк,"Центральная ул., 1А, село Светлогорское",www.sberbank.ru,"'mon': выходной, 'tue': выходной, 'wed': выходной, 'thu': 08:00-11:00,11:30-17:15, 'fri': выходной, 'sat': выходной, 'sun': выходной",44.837354,38.222543,"3,5",['8 (800) 555-55-50Показать телефон'],['https://vk.com/sberbank'],,,,,
1,1069925679,СберБанк,"ул. Парижской Коммуны, 16, Абинск",www.sberbank.ru,"'mon': 08:00-17:00, 'tue': 08:00-17:00, 'wed': 08:00-17:00, 'thu': 08:00-17:00, 'fri': 08:00-17:00, 'sat': 08:00-17:00, 'sun': выходной",44.863987,38.154267,"4,4",['8 (800) 555-55-50Показать телефон'],"['http://ok.ru/sberbank', 'https://vk.com/sberbank']",80,82,80,40,25
2,208823018209,СберБанк,"Советская ул., 34, п. г. т. Ахтырский",www.sberbank.ru,"'mon': выходной, 'tue': 08:00-12:00,13:00-16:00, 'wed': 08:00-12:00,13:00-16:00, 'thu': 08:00-12:00,13:00-16:00, 'fri': 08:00-12:00,13:00-16:00, 'sat': 08:00-12:00,13:00-16:00, 'sun': выходной",44.836875,38.298127,"2,3",['8 (800) 555-55-50Показать телефон'],['https://vk.com/sberbank'],,,,,
3,1156751315,СберБанк,"ул. Мира, 3, село Мерчанское",www.sberbank.ru,"'mon': выходной, 'tue': 08:00-12:00,12:30-15:00, 'wed': 08:00-12:00,12:30-15:00, 'thu': 08:00-12:00,12:30-15:00, 'fri': 08:00-12:00,12:30-15:00, 'sat': 08:00-12:00,12:30-15:00, 'sun': выходной",44.949290,38.128912,"3,9",['8 (800) 555-55-50Показать телефон'],"['http://ok.ru/sberbank', 'https://vk.com/sberbank']",,,,,
