ID,name,address,website,opening_hours,ypage,lat,lon,rating,phone,social
176633646397,СберБанк,"просп. Победы, 59, Комсомольск-на-Амуре",,,,C50.58918,137.0585,"4,4",,
1015285943,СберБанк,"просп. Ленина, 13, Комсомольск-на-Амуре",,,,C50.55279,137.01332,"4,5",,
1126721076,СберБанк,"просп. Мира, 25, Комсомольск-на-Амуре",,,,C50.54224,137.02055,"4,5",,
1032802945,СберБанк,"просп. Ленина, 60, Комсомольск-на-Амуре",,,,C50.54203,136.99325,"4,4",,
1177444594,СберБанк,"ул. Дикопольцева, 33, Комсомольск-на-Амуре",,,,C50.54666,136.96495,"4,6",,
1098566961,СберБанк,"ул. Аллея Труда, 57/8, Комсомольск-на-Амуре",,,,C50.53032,137.00206,"4,5",,
1030847510,СберБанк,"ул. Гайдара, 24, село Хурба",,,,C50.40382,136.88791,"2,2",,
