ID,name,address,website,opening_hours,ypage,lat,lon,rating,phone,social
1061345029,СберБанк,"ул. имени М.М. Володарского, 10, Троицк",,,,54.08047,61.555602,"4,6",,
55581963649,СберБанк,"ул. имени Ю.А. Гагарина, 98А, Троицк",,,,54.08885,61.560589,"4,3",,
1216948230,СберБанк,"Советская ул., 2А, Троицк",,,,54.077581,61.533497,"4,3",,
1232797299,СберБанк,"ул. Энергетиков, 24, Троицк",,,,54.045261,61.630177,"4,4",,
