,ID,name,address,website,opening_hours,lat,lon,rating,phone,social,Отношение к клиентам,Обслуживание,Персонал,Время ожидания
0,1225415568,СберБанк,"ул. Машиностроителей, 7, посёлок Центральный",www.sberbank.ru,"'mon': выходной, 'tue': выходной, 'wed': выходной, 'thu': выходной, 'fri': выходной, 'sat': выходной, 'sun': выходной",54.164292,36.501587,"4,1",['8 (800) 555-55-50Показать телефон'],"['http://ok.ru/sberbank', 'https://vk.com/sberbank']",,,,
1,5860606691,СберБанк,"Ленинская ул., 120, посёлок Черепеть",www.sberbank.ru,"'mon': выходной, 'tue': выходной, 'wed': выходной, 'thu': выходной, 'fri': выходной, 'sat': выходной, 'sun': выходной",54.119017,36.379694,"4,3",['8 (800) 555-55-50Показать телефон'],"['http://ok.ru/sberbank', 'https://vk.com/sberbank']",,,,
2,24148667074,СберБанк,"Ленинская ул., 120, посёлок Черепеть",www.sberbank.ru,"'mon': выходной, 'tue': выходной, 'wed': выходной, 'thu': выходной, 'fri': выходной, 'sat': выходной, 'sun': выходной",54.119017,36.379694,,['8 (800) 555-55-50Показать телефон'],"['http://ok.ru/sberbank', 'https://vk.com/sberbank']",,,,
3,1052425115,СберБанк,"Тульская ул., 1В, Суворов",www.sberbank.ru,"'mon': 09:00-18:00, 'tue': 09:00-18:00, 'wed': 09:00-18:00, 'thu': 09:00-18:00, 'fri': 09:00-18:00, 'sat': 09:00-18:00, 'sun': выходной",54.118881,36.506487,"4,4",['8 (800) 555-55-50Показать телефон'],"['http://ok.ru/sberbank', 'https://vk.com/sberbank']",67,74,81,59
