ID,name,address,website,opening_hours,ypage,lat,lon,rating,phone,social
1121442519,СберБанк,"ул. Энгельса, 91, Тихорецк",,,,45.852193,40.128812,"4,4",,
42491589481,СберБанк,"Октябрьская ул., 46, Тихорецк",,,,45.855946,40.12771,"4,5",,
1220482967,СберБанк,"Октябрьская ул., 95, Тихорецк",,,,45.867401,40.142837,"4,7",,
29078286523,СберБанк,"Октябрьская ул., 46, Тихорецк",,,,45.855946,40.12771,"4,4",,
1164128635,СберБанк,"ул. Дружбы, 8, посёлок Парковый",,,,45.838044,40.149411,"2,6",,
