ID,name,address,website,opening_hours,ypage,lat,lon,rating,phone,social
1034998365,СберБанк,"ул. Азина, 33, Сарапул",,,,56.473256,53.806072,"4,2",,
202929033370,СберБанк,"ул. Ленина, 1, Сарапул",,,,56.460183,53.802861,"4,5",,
1047372766,СберБанк,"ул. Раскольникова, 152Б, Сарапул",,,,56.474373,53.816694,"4,4",,
117454854086,СберБанк,"ул. 20 лет Победы, 1А, Сарапул",,,,56.443707,53.746841,"4,4",,
1130458455,СберБанк,"Электрозаводская ул., 1, Сарапул",,,,56.4463,53.77249,"4,4",,
1038167149,СберБанк,"Нагорная ул., 8А, село Северный",,,,56.464998,53.736744,"3,7",,
66716817575,СберБанк,"Советская ул., 71, село Сигаево",,,,56.424173,53.782235,"4,5",,
