ID,name,address,website,opening_hours,ypage,lat,lon,rating,phone,social
1240222403,СберБанк,"ул. Орджоникидзе, 8, Воткинск",,,,57.059047,53.993974,"4,3",,
1060773920,СберБанк,"ул. Мира, 25, Воткинск",,,,57.064774,53.98687,"4,3",,
180065197172,СберБанк,"ул. Победы, 7, Воткинск",,,,57.02615,53.992558,"4,3",,
1070964145,СберБанк,"Привокзальная ул., 1, Воткинск",,,,57.044116,54.016452,"4,2",,
1046672882,СберБанк,"ул. Курчатова, 10, Воткинск",,,,57.078179,53.985083,"3,9",,
1070863962,СберБанк,"ул. Луначарского, 20А, Воткинск",,,,57.071544,54.020082,"4,3",,
1157317711,СберБанк,"Советская ул., 25, д. Кварса",,,,56.958414,53.947624,"1,2",,
