,ID,name,address,website,opening_hours,lat,lon,rating,phone,social,Обслуживание,Персонал,Отношение к клиентам,Время ожидания,Банкомат
0,176644180134,СберБанк,"Школьная ул., 3А, село Стрелецкое",www.sberbank.ru,"'mon': 08:30-13:00,13:30-16:00, 'tue': выходной, 'wed': 08:30-11:58, 'thu': выходной, 'fri': 08:30-13:00,13:30-16:00, 'sat': 08:30-13:00,13:30-16:00, 'sun': выходной",50.723463,36.290635,"3,7",['8 (800) 555-55-50Показать телефон'],"['http://ok.ru/sberbank', 'https://vk.com/sberbank']",,,,,
1,1091550571,СберБанк,"Советская ул., 15, село Гостищево",www.sberbank.ru,"'mon': 08:00-13:00,13:45-16:15, 'tue': 08:00-13:00,13:45-16:15, 'wed': 08:00-13:00,13:45-16:15, 'thu': 08:00-13:00,13:45-16:15, 'fri': 08:00-13:00,13:45-16:15, 'sat': 08:00-13:00,13:45-16:15, 'sun': выходной",50.775854,36.653285,"4,5",['8 (800) 555-55-50Показать телефон'],"['http://ok.ru/sberbank', 'https://vk.com/sberbank']",100,100,,,
2,1021209797,СберБанк,"Олимпийская ул., 20А, рабочий посёлок Северный",www.sberbank.ru,"'mon': 09:00-18:00, 'tue': 09:00-18:00, 'wed': 09:00-18:00, 'thu': 09:00-18:00, 'fri': 09:00-18:00, 'sat': 09:00-18:00, 'sun': выходной",50.676341,36.558508,"4,7",['8 (800) 555-55-50Показать телефон'],"['http://ok.ru/sberbank', 'https://vk.com/sberbank']",83,81,84,67,64
3,1022802969,СберБанк,"ул. Королёва, 32А, село Стрелецкое",www.sberbank.ru,"'mon': 08:30-13:00,14:00-16:45, 'tue': 08:30-13:00,14:00-16:45, 'wed': 08:30-13:00,14:00-16:45, 'thu': 08:30-13:00,14:00-16:45, 'fri': 08:30-13:00,14:00-16:45, 'sat': 08:30-13:00,14:00-16:45, 'sun': выходной",50.635017,36.477323,"4,0",['8 (800) 555-55-50Показать телефон'],"['http://ok.ru/sberbank', 'https://vk.com/sberbank']",68,87,67,42,25
4,1080856105,СберБанк,"просп. Богдана Хмельницкого, 160, Белгород",www.sberbank.ru,"'mon': 08:30-17:30, 'tue': 08:30-17:30, 'wed': 08:30-17:30, 'thu': 08:30-17:30, 'fri': 08:30-17:30, 'sat': 08:30-17:30, 'sun': выходной",50.638766,36.571625,"4,4",['8 (800) 555-55-50Показать телефон'],"['http://ok.ru/sberbank', 'https://vk.com/sberbank']",79,79,78,77,
5,1121535184,СберБанк,"ул. Шаландина, 104, рабочий посёлок Яковлево",www.sberbank.ru,"'mon': 08:30-14:00, 'tue': 08:30-14:00, 'wed': выходной, 'thu': выходной, 'fri': 08:30-13:00,13:45-16:13, 'sat': выходной, 'sun': выходной",50.851520,36.457883,"3,4",['8 (800) 555-55-50Показать телефон'],"['http://ok.ru/sberbank', 'https://vk.com/sberbank']",,,,,
6,1065284327,СберБанк,"ул. Железнякова, 18А, Белгород",www.sberbank.ru,"'mon': 09:00-18:00, 'tue': 09:00-18:00, 'wed': 09:00-18:00, 'thu': 09:00-18:00, 'fri': 09:00-18:00, 'sat': 09:00-18:00, 'sun': выходной",50.632526,36.576210,"4,6",['8 (800) 555-55-50Показать телефон'],"['http://ok.ru/sberbank', 'https://vk.com/sberbank']",92,93,92,75,55
7,1049852230,СберБанк,"ул. Ленина, 21, Строитель",www.sberbank.ru,"'mon': 08:30-18:00, 'tue': 08:30-18:00, 'wed': 08:30-18:00, 'thu': 08:30-18:00, 'fri': 08:30-18:00, 'sat': 08:30-18:00, 'sun': выходной",50.782786,36.495867,"4,7",['8 (800) 555-55-50Показать телефон'],"['http://ok.ru/sberbank', 'https://vk.com/sberbank']",89,91,89,72,80
