ID,name,address,website,opening_hours,ypage,lat,lon,rating,phone,social
1193168692,СберБанк,"ул. Шевченко, 198, Анапа",,,,44.896885,37.328377,"4,7",,
1059004526,СберБанк,"ул. Ленина, 14, Анапа",,,,44.894186,37.307667,"4,9",,
1081615808,СберБанк,"ул. Горького, 72, Анапа",,,,44.9031,37.333671,"4,8",,
120714478268,СберБанк,"ул. Лермонтова, 121, Анапа",,,,44.883073,37.325456,"4,6",,
42959021929,СберБанк,"ул. Фрунзе, 72, село Супсех",,,,44.861471,37.363772,"4,1",,
