ID,name,address,website,opening_hours,ypage,lat,lon,rating,phone,social
1001933818,СберБанк,"Комсомольский просп., 35, Усолье-Сибирское",,,,C52.75738,103.63916,"4,6",,
127524408419,СберБанк,"ул. Орджоникидзе, 31, Усолье-Сибирское",,,,C52.75291,103.65991,"4,4",,
189986564257,СберБанк,"ул. Стопани, 39Б, Усолье-Сибирское",,,,C52.75259,103.62733,"4,4",,
241841006620,СберБанк,"просп. Красных Партизан, 57А, Усолье-Сибирское",,,,C52.73012,103.65748,"4,5",,
203481585768,СберБанк,"31, рабочий посёлок Белореченский",,,,C52.81243,103.52661,"4,2",,
