ID,name,address,website,opening_hours,ypage,lat,lon,rating,phone,social
1046101832,СберБанк,"ул. Шолом-Алейхема, 16, Биробиджан",,,,C48.79176,132.92937,"4,5",,
1121175389,СберБанк,"ул. Шолом-Алейхема, 5, Биробиджан",,,,C48.78931,132.93331,"4,3",,
1071715197,СберБанк,"Пионерская ул., 48, Биробиджан",,,,C48.79554,132.91395,"4,4",,
1030586379,СберБанк,"Пионерская ул., 92, Биробиджан",,,,C48.80056,132.88695,"4,3",,
