ID,name,address,website,opening_hours,ypage,lat,lon,rating,phone,social
1084613033,СберБанк,"ул. Бажова, 11, Полевской",,,,56.446519,60.159321,"4,4",,
1074208417,СберБанк,"ул. Декабристов, 4, Полевской",,,,56.497919,60.254426,"4,4",,
1053753968,СберБанк,"ул. Декабристов, 8, Полевской",,,,56.504427,60.250832,"4,5",,
1082286198,СберБанк,"Красноармейская ул., 12, посёлок Зюзельский",,,,56.487185,60.136809,"3,6",,
