ID,name,address,website,opening_hours,ypage,lat,lon,rating,phone,social
1076896687,СберБанк,"Санкт-Петербургский просп., 52, Петергоф",,,,59.88083,29.90193,"4,4",,
1062827979,СберБанк,"Чичеринская ул., 13, корп. 1, Петергоф",,,,59.874282,29.856604,"4,4",,
1059308364,СберБанк,"Центральная ул., 1, д. Низино",,,,59.838358,29.878155,"3,9",,
234477779028,СберБанк,"Михайловская ул., 40/7, Ломоносов",,,,59.902989,29.768391,"4,5",,
1066243300,СберБанк,"Санкт-Петербургское ш., 88, посёлок Стрельна",,,,59.852565,30.034111,"4,6",,
1350979351,СберБанк,"Дворцовый просп., 22, Ломоносов",,,,59.915102,29.771211,"4,6",,
1063394802,СберБанк,"2, д. Горбунки",,,,59.816102,29.987381,"2,5",,
