ID,name,address,website,opening_hours,ypage,lat,lon,rating,phone,social
1118095127,СберБанк,"ул. Вайнера, 15, Первоуральск",,,,56.907284,59.961746,"4,3",,
1702163789,СберБанк,"ул. Трубников, 54, Первоуральск",,,,56.89958,59.952778,"4,3",,
1069190717,СберБанк,"ул. Ватутина, 57, Первоуральск",,,,56.909014,59.942599,"4,5",,
1214842938,СберБанк,"просп. Космонавтов, 17/18, Первоуральск",,,,56.91054,59.931629,"4,5",,
1217412267,СберБанк,"Красноармейская ул., 58, посёлок Билимбай",,,,56.95359,59.804864,"4,2",,
1062036578,СберБанк,"ул. Максима Горького, 21, Ревда",,,,56.799099,59.908249,"4,6",,
1007984413,СберБанк,"ул. Мира, 38А, Ревда",,,,56.7966,59.918878,"4,3",,
