ID,name,address,website,opening_hours,ypage,lat,lon,rating,phone,social
1101217391,СберБанк,"ул. Яна Фабрициуса, 10, Псков",,,,57.807228,28.345967,"4,6",,
1079345204,СберБанк,"Рижский просп., 29/31, Псков",,,,57.817599,28.30641,"4,7",,
1083360811,СберБанк,"Октябрьский просп., 14, Псков",,,,57.816017,28.337055,"4,3",,
1263661105,СберБанк,"ул. Труда, 50, Псков",,,,57.838599,28.348159,"4,6",,
10843041348,СберБанк,"Коммунальная ул., 41, Псков",,,,57.820158,28.289563,"4,4",,
1051109441,СберБанк,"ул. Алтаева, 11, Псков",,,,57.830307,28.358807,"4,4",,
38780377717,СберБанк,"ул. Рокоссовского, 36А, Псков",,,,57.815238,28.271394,"4,4",,
1081101968,СберБанк,"ул. Николая Васильева, 65, Псков",,,,57.822385,28.396339,"3,6",,
