,ID,name,address,website,opening_hours,lat,lon,rating,phone,social,Обслуживание,Отношение к клиентам,Персонал
0,43566203076,СберБанк,"ул. 40 лет Победы, 3, село Тарбагатай",www.sberbank.ru,"'mon': 09:00-13:00,14:00-16:30, 'tue': 09:00-13:00,14:00-16:30, 'wed': выходной, 'thu': 09:00-13:00,14:00-16:30, 'fri': 09:00-13:00,14:00-16:30, 'sat': 09:00-13:00,14:00-16:30, 'sun': выходной",C51.17956,109.09802,"3,8",['8 (800) 555-55-50Показать телефон'],"['http://ok.ru/sberbank', 'https://vk.com/sberbank']",,,
1,85396781417,СберБанк,"Спортивная ул., 26, Петровск-Забайкальский",www.sberbank.ru,"'mon': 09:00-18:00, 'tue': 09:00-18:00, 'wed': 09:00-18:00, 'thu': 09:00-18:00, 'fri': 09:00-18:00, 'sat': 09:00-18:00, 'sun': выходной",C51.25332,108.81674,"4,4",['8 (800) 555-55-50Показать телефон'],"['http://ok.ru/sberbank', 'https://vk.com/sberbank']",81,86,92
2,169775237805,СберБанк,"Шоссейная ул., 3, село Баляга",www.sberbank.ru,"'mon': выходной, 'tue': выходной, 'wed': выходной, 'thu': выходной, 'fri': выходной, 'sat': выходной, 'sun': выходной",C51.17015,108.90161,,['8 (800) 555-55-50Показать телефон'],"['http://ok.ru/sberbank', 'https://vk.com/sberbank']",,,
3,178747403881,СберБанк,"Спортивная ул., 26, Петровск-Забайкальский",www.sberbank.ru,"'mon': 09:00-18:00, 'tue': 09:00-18:00, 'wed': 09:00-18:00, 'thu': 09:00-18:00, 'fri': 09:00-18:00, 'sat': выходной, 'sun': выходной",C51.25336,108.81671,"4,3",['8 (800) 555-55-50Показать телефон'],"['http://ok.ru/sberbank', 'https://vk.com/sberbank']",,,
