,ID,name,address,website,opening_hours,lat,lon,rating,phone,social,Обслуживание,Отношение к клиентам,Персонал,Время ожидания
0,239633532855,СберБанк,"Центральная ул., 7, п. г. т. Изъяю",www.sberbank.ru,"'mon': 08:30-12:00,12:30-16:00, 'tue': 08:30-12:00,12:30-16:00, 'wed': 08:30-12:00,12:30-16:00, 'thu': 08:30-12:00,12:30-16:00, 'fri': 08:30-11:00,11:30-13:21, 'sat': выходной, 'sun': выходной",65.107582,56.991098,"4,2",['8 (800) 555-55-50Показать телефон'],"['http://ok.ru/sberbank', 'https://vk.com/sberbank']",,,,
1,1054700945,СберБанк,"ул. Мира, 12, п. г. т. Кожва",www.sberbank.ru,"'mon': выходной, 'tue': 09:00-13:00,14:00-16:45, 'wed': 09:00-13:00,14:00-16:45, 'thu': 09:00-13:00,14:00-16:45, 'fri': 09:00-13:00,14:00-16:45, 'sat': 09:00-13:00,13:30-16:00, 'sun': выходной",65.106485,57.043928,"3,6",['8 (800) 555-55-50Показать телефон'],"['http://ok.ru/sberbank', 'https://vk.com/sberbank']",,,,
2,1130852880,СберБанк,"ул. Гагарина, 21, Печора",www.sberbank.ru,"'mon': 08:30-18:30, 'tue': 08:30-18:30, 'wed': 08:30-18:30, 'thu': 08:30-18:30, 'fri': 08:30-18:30, 'sat': 08:30-18:30, 'sun': выходной",65.119128,57.157600,"4,3",['8 (800) 555-55-50Показать телефон'],"['http://ok.ru/sberbank', 'https://vk.com/sberbank']",75,75,75,53
3,1199568026,СберБанк,"Советская ул., 44, Печора",www.sberbank.ru,"'mon': 09:00-17:30, 'tue': 09:00-17:30, 'wed': 09:00-17:30, 'thu': 09:00-17:30, 'fri': 09:00-17:30, 'sat': 09:00-17:30, 'sun': выходной",65.145183,57.218908,"4,5",['8 (800) 555-55-50Показать телефон'],"['http://ok.ru/sberbank', 'https://vk.com/sberbank']",83,86,86,
