ID,name,address,website,opening_hours,ypage,lat,lon,rating,phone,social
155396487164,СберБанк,"бул. Луначарского, 17А, Озерск",,,,55.755078,60.691401,"4,3",,
1036308728,СберБанк,"просп. Карла Маркса, 4В, Озерск",,,,55.752479,60.684225,"3,7",,
1064906941,СберБанк,"Строительная ул., 56, Озерск",,,,55.766796,60.719922,"4,5",,
80830113033,СберБанк,"просп. Победы, 16, Озерск",,,,55.769478,60.702412,"4,1",,
215745545131,СберБанк,"ул. Карла Либкнехта, 137, Кыштым",,,,55.696911,60.555611,"4,4",,
1186567229,СберБанк,"ул. Республики, 8, Кыштым",,,,55.711127,60.540153,"4,3",,
1186200204,СберБанк,"ул. Возмездия, 39, Кыштым",,,,55.734329,60.571783,"3,8",,
1178115769,СберБанк,"Октябрьская ул., 15А, посёлок Новогорный",,,,55.627036,60.787064,"2,8",,
