ID,name,address,website,opening_hours,ypage,lat,lon,rating,phone,social
1157088064,СберБанк,"просп. Маркса, 46, Обнинск",,,,55.116163,36.597046,"4,8",,
1232219738,СберБанк,"ул. Курчатова, 18А, Обнинск",,,,55.103281,36.615439,"4,6",,
1121350960,СберБанк,"просп. Ленина, 50, Обнинск",,,,55.090929,36.613377,"4,6",,
1155981509,СберБанк,"просп. Маркса, 79, Обнинск",,,,55.121958,36.605484,"4,6",,
1091018108,СберБанк,"ул. Гурьянова, 3/1, Белоусово",,,,55.089934,36.663391,"4,2",,
