,ID,name,address,website,opening_hours,lat,lon,rating,phone,social,Обслуживание,Отношение к клиентам,Персонал,Время ожидания,Банкомат,Расположение,Ремонт,График работы,Кредит,Ипотека
0,110265406586,СберБанк,"Муринская дорога, 53, Санкт-Петербург",www.sberbank.ru,"'mon': 10:00-19:30, 'tue': 10:00-19:30, 'wed': 10:00-19:30, 'thu': 10:00-19:30, 'fri': 10:00-19:30, 'sat': 10:00-19:30, 'sun': выходной",60.032330,30.458442,"4,6",['8 (800) 555-55-50Показать телефон'],"['http://ok.ru/sberbank', 'https://vk.com/sberbank']",81,80,86,61,68,96,,,,
1,1125605053,СберБанк,"Озёрная ул., 4, д. Новое Девяткино",www.sberbank.ru,"'mon': 10:00-19:30, 'tue': 10:00-19:30, 'wed': 10:00-19:30, 'thu': 10:00-19:30, 'fri': 10:00-19:30, 'sat': 10:00-19:30, 'sun': выходной",60.056952,30.476770,"4,6",['8 (800) 555-55-50Показать телефон'],"['http://ok.ru/sberbank', 'https://t.me/sberbank', 'https://vk.com/sberbank']",91,91,92,64,71,80,,,,
2,1642123270,СберБанк,"просп. Просвещения, 53, корп. 1, Санкт-Петербург",www.sberbank.ru,"'mon': 09:00-19:00, 'tue': 09:00-19:00, 'wed': 09:00-19:00, 'thu': 09:00-19:00, 'fri': 09:00-19:00, 'sat': 09:00-19:00, 'sun': выходной",60.042999,30.380855,"4,3",['8 (800) 555-55-50Показать телефон'],"['http://ok.ru/sberbank', 'https://t.me/sberbank', 'https://vk.com/sberbank']",70,68,74,46,60,89,,,,
3,1012565699,СберБанк,"просп. Науки, 30, корп. 1, Санкт-Петербург",www.sberbank.ru,"'mon': 10:00-19:30, 'tue': 10:00-19:30, 'wed': 10:00-19:30, 'thu': 10:00-19:30, 'fri': 10:00-19:30, 'sat': 10:00-19:30, 'sun': выходной",60.008349,30.418102,"4,4",['8 (800) 555-55-50Показать телефон'],"['http://ok.ru/sberbank', 'https://vk.com/sberbank']",83,84,82,58,27,90,90,,,
4,61936429444,СберБанк,"Привокзальная площадь, 1А, корп. 1, Мурино",www.sberbank.ru,"'mon': 10:00-20:00, 'tue': 10:00-20:00, 'wed': 10:00-20:00, 'thu': 10:00-20:00, 'fri': 10:00-20:00, 'sat': 10:00-20:00, 'sun': выходной",60.050707,30.446057,"4,5",['8 (800) 555-55-50Показать телефон'],"['https://ok.ru/sberbank', 'https://vk.com/sberbank']",77,75,78,59,70,96,,53,,
5,1773591450,СберБанк,"просп. Просвещения, 87, корп. 1, Санкт-Петербург",www.sberbank.ru,"'mon': 10:00-20:00, 'tue': 10:00-20:00, 'wed': 10:00-20:00, 'thu': 10:00-20:00, 'fri': 10:00-20:00, 'sat': 10:00-20:00, 'sun': 11:00-17:00",60.036481,30.413329,"4,4",['8 (800) 555-55-50Показать телефон'],"['https://ok.ru/sberbank', 'https://vk.com/sberbank']",66,64,68,49,59,100,,,,
6,1022285461,СберБанк,"просп. Просвещения, 67, Санкт-Петербург",www.sberbank.ru,"'mon': 10:00-18:30, 'tue': 10:00-18:30, 'wed': 10:00-18:30, 'thu': 10:00-18:30, 'fri': 10:00-18:30, 'sat': 10:00-18:30, 'sun': выходной",60.040688,30.392546,"4,4",['8 (800) 555-55-50Показать телефон'],"['http://ok.ru/sberbank', 'https://t.me/sberbank', 'https://vk.com/sberbank']",81,80,84,68,71,93,,,,
7,1105589432,СберБанк,"просп. Просвещения, 78, Санкт-Петербург",www.sberbank.ru,"'mon': 10:00-21:00, 'tue': 10:00-21:00, 'wed': 10:00-21:00, 'thu': 10:00-21:00, 'fri': 10:00-21:00, 'sat': 10:00-21:00, 'sun': 10:00-21:00",60.039684,30.401251,"4,3",['8 (800) 555-55-50Показать телефон'],['https://vk.com/sberbank'],65,69,69,44,25,,35,35,,
8,47641268692,СберБанк,"ул. Шувалова, 22, корп. 1, Мурино",www.sberbank.ru,"'mon': 10:00-20:00, 'tue': 10:00-20:00, 'wed': 10:00-20:00, 'thu': 10:00-20:00, 'fri': 10:00-20:00, 'sat': 10:00-20:00, 'sun': 11:00-19:00",60.060289,30.431881,"4,6",['8 (800) 555-55-50Показать телефон'],['https://vk.com/sberbank'],69,69,71,46,11,87,,17,,
9,186139030206,СберБанк,"просп. Авиаторов Балтики, 7, Мурино",www.sberbank.ru,"'mon': 10:00-20:00, 'tue': 10:00-20:00, 'wed': 10:00-20:00, 'thu': 10:00-20:00, 'fri': 10:00-20:00, 'sat': 10:00-20:00, 'sun': 11:00-16:00",60.052470,30.438872,"4,5",['8 (800) 555-55-50Показать телефон'],"['http://ok.ru/sberbank', 'https://vk.com/sberbank']",69,68,70,62,71,89,,60,44,83
10,1087111979,СберБанк,"Гражданский просп., 105, корп. 1, Санкт-Петербург",www.sberbank.ru,"'mon': 10:00-19:00, 'tue': 10:00-19:00, 'wed': 10:00-19:00, 'thu': 10:00-19:00, 'fri': 10:00-19:00, 'sat': выходной, 'sun': выходной",60.027958,30.413824,"4,4",['8 (800) 555-55-50Показать телефон'],"['https://ok.ru/sberbank', 'https://vk.com/sberbank']",84,86,86,77,44,93,,,,
11,1073820680,СберБанк,"Гражданский просп., 117, корп. 1, Санкт-Петербург",www.sberbank.ru,"'mon': 10:00-20:00, 'tue': 10:00-20:00, 'wed': 10:00-20:00, 'thu': 10:00-20:00, 'fri': 10:00-20:00, 'sat': 10:00-20:00, 'sun': выходной",60.033514,30.419412,"4,4",['8 (800) 555-55-50Показать телефон'],"['https://ok.ru/sberbank', 'https://vk.com/sberbank']",75,72,77,49,60,100,,83,,
12,1070716259,СберБанк,"просп. Науки, 41, Санкт-Петербург",www.sberbank.ru,"'mon': 10:00-19:00, 'tue': 10:00-19:00, 'wed': 10:00-19:00, 'thu': 10:00-19:00, 'fri': 10:00-19:00, 'sat': 10:00-19:00, 'sun': выходной",60.008666,30.412795,"4,4",['8 (800) 555-55-50Показать телефон'],"['http://ok.ru/sberbank', 'https://t.me/sberbank', 'https://vk.com/sberbank']",73,75,75,64,27,,,,,
13,1263754551,СберБанк,"Гражданский просп., 92, корп. 1, Санкт-Петербург",www.sberbank.ru,"'mon': 10:00-19:00, 'tue': 10:00-19:00, 'wed': 10:00-19:00, 'thu': 10:00-19:00, 'fri': 10:00-19:00, 'sat': 10:00-19:00, 'sun': выходной",60.019231,30.402790,"4,2",['8 (800) 555-55-50Показать телефон'],['https://vk.com/sberbank'],60,58,62,27,3,,,0,,
14,1063861651,СберБанк,"Шоссейная ул., 12, посёлок Бугры",www.sberbank.ru,"'mon': выходной, 'tue': 09:00-13:00,14:00-17:15, 'wed': 09:00-13:00,14:00-17:15, 'thu': 09:00-13:00,14:00-17:15, 'fri': 09:00-13:00,14:00-17:15, 'sat': 09:00-13:00,14:00-17:15, 'sun': выходной",60.068875,30.393069,"3,7",['8 (800) 555-55-50Показать телефон'],"['http://ok.ru/sberbank', 'https://vk.com/sberbank']",84,96,93,38,0,,,0,,
15,1088654887,СберБанк,"Железнодорожная ул., 24, городской посёлок Кузьмоловский",www.sberbank.ru,"'mon': 09:00-18:00, 'tue': 09:00-18:00, 'wed': 09:00-18:00, 'thu': 09:00-18:00, 'fri': 09:00-18:00, 'sat': 09:00-18:00, 'sun': выходной",60.112034,30.489468,"4,1",['8 (800) 555-55-50Показать телефон'],"['http://ok.ru/sberbank', 'https://vk.com/sberbank']",67,67,69,40,9,,,11,,
16,124264199403,СберБанк,"ул. Бутлерова, 40, Санкт-Петербург",www.sberbank.ru,"'mon': 10:00-19:30, 'tue': 10:00-19:30, 'wed': 10:00-19:30, 'thu': 10:00-19:30, 'fri': 10:00-19:30, 'sat': 10:00-19:30, 'sun': 11:00-15:00",60.010253,30.404325,"4,7",['8 (800) 555-55-50Показать телефон'],"['http://ok.ru/sberbank', 'https://vk.com/sberbank']",79,80,81,66,83,75,,,,
