,name,date,text,stars,answer
0,Ирина А.,2023-11-08 08:20:03,"Грамотный, доброжелательный коллектив, ни разу моя проблема не осталась нерешенной. Ожидание небольшое по времени- 5-10 минут, иногда сразу приглашают . Моё любимое отделение!",5,
1,Лана Маркова,2024-01-27 12:05:39,"Удобное расположение,рядом остановка трамвая, маршрутки.Просторное помещение,с удобными диванчиками,чтобы клиенты в комфорте ждали своей очереди.",5,
2,владислав к.,2024-03-06 07:42:32,Девушки знают свое дело вежливые. Опрятные .В помещение порядок. Банкоматы в последнее время работают все.,5,
3,Лилия Рябцева,2024-02-04 13:54:31,"Очень удобное расположение, всегда доступные банкоматы и вежливые сотрудники",5,
4,Наталья Слободчикова,2024-01-08 04:11:12,"Очень понравилось общение с сотрудницами банка. Очень вежливые. Оказали помощь, проконсультировали.",5,
5,Иван Чернецкий,2023-05-18 07:26:17,"Больше никогда не буду пользоваться продуктами сбербанка! У них огромные комиссии за платежи наличными в отдельных направлениях, большие проценты по кредитам. Люди, есть другим нормальные банки в которых всё удобнее, условия намного лучше для людей и меньше комиссии по платежам или их вообще нет, меньше проценты по кредитам. Банк не достоин и одной звезды.",1,
6,Андрей Яцевич,2023-12-28 09:01:52,"Пришлось обратиться один раз, персонал вежливый, решили мой вопрос на раз.",5,
7,Анна Коваленко,2023-03-31 05:28:02,"Персонал то адекватный, но поломойка всё портит!!! Уже не один раз сталкивалась с её хамством. Почему позволяют работать таким хамкам в людном месте. Отгоняет людей от банкоматов, как-будто работает в подворотне, когда можно обратиться культурно. Ну нет мы лучше будем орать стоять!!!",4,
8,ЕЛЕНА ЧЕРЕПАНОВА,2023-05-14 03:02:42,"Все хорошо. Но в зимний период в помещении ,где стоят банкоматы,собирается молодежь. Даже на окнах сидит. Как то не хочется снимать деньги при виде такой толпы",4,
9,Андрей Sosnovka,2023-07-13 01:57:15,"Проходное место, банкоматов много, в связи с большим количеством людей всегда очередь.",4,
10,Любовь Зачиняева,2023-05-12 13:08:40,"Была в Сбербанке , хотела просто положить деньги в банкомате, но я была с собакой, уборщица пыталась нас выгнать , предложила привязать её на улице , я отказалась это делать , и ушла",3,
11,Наталья Шевлякова,2022-12-05 04:14:55,"Персонал всегда примет с улыбкой и всё разнесняют понятно, отношение хорошее к каждому клиенту, с пониманием относятся, с уважением.",5,
12,Антонина Копылова,2021-03-29 09:32:16,"Самое лучшее отделение в городе. Сотрудники грамотные, вежливые, всегда помогут. Руководящие состав выше всяких похвал. Только не хватает работников в окнах. Девочек стало меньше. Просьба - вернуть работников.",5,
13,Светлана М,2023-04-27 12:43:29,Не всегда быстрое обслуживание. Сотрудники конечно стараются.,5,
14,СНЕЖАНА Иванова,2023-12-02 04:36:51,Молодцы девчата,5,
15,Никита Баранова,2023-06-05 12:29:23,Обслуживание супер самый лучший банк в мире!!;,5,
16,Ульяна Рожнова,2023-12-20 11:28:18,Быстрый приём.,5,
17,Сергей Дорофеев,2023-11-19 00:05:37,Бывает очередь,3,
18,Татьяна,2022-01-20 14:01:46,Сотрудники помогали решить ситуации которые не могли решить сотрудники в сбере на центральном рынке. Поэтому это отделениие на 1 месте для меня.,5,
19,EGE112233,2021-08-26 15:02:46,"Удобен банк около остановки трамвайной, и девушки консультантый все подробно объяснять и помогают.",5,
20,Надежда Житова,2022-02-22 13:08:14,"Очередь небольшая. Всегда помогут. Работают быстро, четко.",5,
21,Серей Куценко,2023-01-22 06:32:04,Чуткий персонал хорошее обслуживание,5,
22,Vadim-Aleksandrovich Kabanov,2022-05-19 14:07:15,"Быстрые, вежливые и квалифицированные работники! Претензий нет!",5,
23,Елена Гранина,2023-06-07 01:05:34,Мой любимый Банк,5,
24,Виктория Рай,2021-06-11 12:57:04,"Персонал работает хороший, но повторюсь ещё раз почему не следят за посетителями банка которые ходят без масок! Карантин ещё не сняли!!!",3,
25,Наталья Беляева,2023-03-29 11:54:33,Вежливый персонал.,5,
26,Лидия Б.,2019-11-12 03:16:49,"Живу недалеко, удобнее обращаться в этот банк. И обслуживание на десять баллов. Девушки очень отзывчивые, всегда обьяснят и помогут без проблем.",5,
27,BOSS,2022-12-16 13:18:41,Подьезной путь говяный,2,
28,Александр Солдатов,2022-09-19 01:03:31,На входе можно ноги подвернуть.,4,
29,АНДРЕЙ Юров,2022-06-15 17:07:07,Хорошо. Это точно. Класс.,5,
30,Анна А.,2020-02-16 13:18:54,"СБЕРБАНК шагает в ногу со временем, кредитные продукты с выгодными процентами, можно оформить в личном кабинете, без посещения отделения банка без очередей, деньги через 15 минут после одобрения заявки",5,
31,Владимир Фарафонов,2019-12-04 06:02:53,"Очень удобно,не долеко от дома и девчата молодцы, быстро все подскажут и оформят.",5,
32,Елена Тарасова,2023-02-23 12:41:46,Всё хорошо,5,
33,Елизавета Савельева,2021-05-20 11:48:33,"Очень большой банк, где можно ждать своей очереди не слишком долго",5,
34,Николай Петров,2023-03-20 11:57:22,Класс.,5,
35,Sergei,2021-09-09 08:58:05,Только положительные отзывы,5,
36,Luzifer Hidro,2021-07-25 14:28:10,"Отлично, претензий нет!",5,
37,Екатерина п.,2019-02-23 13:25:22,"Обычное отделение сбербанка. Хорошее обслуживание,вежливый, грамотный персонал",5,
38,Екатерина,2021-04-08 05:05:18,Все по стандарту. Обычный сбербанк.,4,
39,Васильевич Дядя Миша,2021-12-23 16:42:31,Хороший банк,5,
40,Екатерина Куракина,2019-11-27 04:53:59,Наш любимый и надёжный банк. Приветливый персонал.,5,
41,Олег Ш.,2021-05-10 03:11:54,Помещение просторное.,5,
42,Надежда М.,2019-08-15 03:59:18,"Побольше бы банкоматов в магазины,а то прошлый век вечно то терминал не работает то их вообще нет",4,
43,Александр,2020-03-27 05:10:35,"Обычный монополист, стрижет с населения купоны",2,
44,Александр,2021-06-28 23:56:00,Очень грязно.,3,
45,Екатерина,2019-08-29 14:51:46,"Банк, как банк 🏦 похож на другие отделения сбербанка",3,
46,Наталья АВСТРИЙСКАЯ,2020-09-24 13:51:32,Нужен для людей,5,
47,алекс .л,2019-08-31 02:15:18,"Жаль,такая столовка, была!А теперь банк.",4,
48,Ольга Донченко,2019-12-13 09:06:39,Вежливые сотрудники,3,
49,Андрей Стряпчев,2019-08-20 14:01:39,Люблю это отделение,5,
