,name,date,text,stars,answer
0,L.A.,2023-12-28 09:38:22,Банк ужасен. Да еще в единственном банкомате в Сестрорецке не положить деньги.,1,
1,Александр П.,2019-03-16 05:40:55,"Снять деньги с альфабанка можно,а вот внести ни как",4,
2,Евгения  Емельянова,2019-10-09 13:28:13,не принимает деньги,1,
3,Анонимный отзыв,2019-08-01 11:40:01,Нельзя внести деньги,1,
