,name,date,text,stars,answer
0,артем Смирнов,2024-01-27 18:29:18,"Сотрудники очень отзывчивые, атмосфера банка приятная, всё на высшем уровне",5,
1,Николаев М.,2023-12-21 08:43:28,доброжелательны и отзывчивы только мне не войти видимо из-за технического сбоя в системе с уважением Николаев МК,5,
2,Ms Kend,2023-10-20 21:23:48,"Самые доброжелательные сотрудники,все объяснили ,с отличным настроением покидаешь этот банк!",5,
3,Андрей Ш.,2024-04-20 08:42:49,Не говорят адрес офиса пока не оформишь карту,1,"Здравствуйте, Андрей.

Эту информацию не скрываем, все адреса можно посмотреть тут: alfabank.ru/office.

Сейчас выпускаем неименные карты и забрать пластик можно в любом отделении. Главное с собой взять телефон и паспорт 🙌"
