,name,date,text,stars,answer
0,Александра Раменская,2024-03-10 07:11:23,"Мне понравилось, что любая ситуация решается сотрудниками банка в кратчайшее время. Всё доступно и понятно объясняют. Без фанатизма предлагают перечень продуктов банка. Если мне понадобятся деньги, я обращусь в Альфа-Банк😉
Благодарю сотрудников банка за возможность пожить той жизнью, какой я хочу. Уже сегодня я могу путешествовать, делать ремонт в своей новенькой квартире. И постепенно выплачивать % по разумным ставкам.
Желаю сотрудникам Альфа - Банка довольных клиентов, благодарных, как я. Это вам
💝👋😃",5,
1,Федор Ларин,2024-01-24 18:14:52,"Смело рекомендую альфу друзьям. Привлекательные бонусы у них супер, но это не главное, когда хочется посоветовать реально отличную кредитную или дебетовую карту, других вариантов нет)",5,
2,елена к.,2024-04-20 10:45:24,"Очень неудобное приложение ничего не понятно такое ощущение что специально делают так что бы люди переплачивали нет никаких оповещений об оплате приближающихся платежах,какую то отсебячену приплюсовывают .Ужасно не рекомендую этот банк .Может у всех всё хорошо и я так думала пока не начала копаться в оплатах по кредитной карте.Будьте остородны всё у них продумано и ничего не докажешь просто на небольшие покупки в течении 3 дней причём гасились приличные суммы начисляют даже не комисмию а сразу в долг даже не оповестив.ОТЗЫВ НЕ О СОТРУДНИКАХ О В ЦЕЛОМ О БАНКЕ ПРЕДЛАГАЮТ КАРТЫ А НА САМОМ ДЕЛЕ КРУТЯТ ВЕРТЯТ КАК ХОТЯТ",1,
3,Серафим Снежин,2023-11-24 11:23:28,"Красиво. Формат приятный. Обстановка располагает, больше нет витрин. Общение за столом, кофемата не хватает, или он есть, я не заметил. И до, сотрудников много. Очереди, как раньше, видимо уже в прошлом.",5,
4,Галина Гусева,2024-04-09 12:41:59,"Светлое и просторное отделение. Я сюда приходила открывать дебетовую карту. Мне все сделали быстро и без проблем. Менеджер смог мне популярно разъяснить тонкости кешбека по этой карте, как каждый месяц выбирать категории",5,
5,Татьяна Нижегородцева,2023-11-24 21:12:05,"На днях были там с мужем, онлайн банк переделывали на другой номер. Очень жалею, что не узнала у девушки имя и фамилию, спасибо ей, все доходчиао объяснила, помогла установить приложение, подключила кешбек ( хотя картой этого банка пользуемся больше года, ни разу , ни один оператор об этом не говорил) 
Спасибо большое девушке- оператору , ну и банку в целом .
Чистенько, уютно , приятно к вам заходить . Молодцы !",5,
6,Лина Ненашева,2024-04-14 14:36:02,"Оформляла здесь кредит под залог. Быстро и четко объяснили все условия и завели заявку, которую одобрили в течение часа, пока я ходила в магазин рядом с отделением. Пришло смс с одобрением и я вернулась в банк и деньги перевели на карточку. Очень удобно!",5,
7,Михаил,2023-12-19 08:17:35,"Оооохо хо, как же написать... Банк хороший. Обслуживание не много с задержкой, но сами девочки, работницы услужливы и внимательны... Но я вот до сих пор не решила свою проблему( банковскую) , т.е. не хватило профессионализма? Не могу сказать, но вот мне нужно опять ехать в этот офис, а у меня совсем нет времени!!! А так, все на уровне.",4,"Здравствуйте!
Ситуации и вопросы могут быть разные, требуется разное количество времени на решение. Иногда может быть очередь. Простите, если не смогли помочь! Хотим всё проверить и исправиться. Напишите, пожалуйста, на нашу почту smm@alfabank.ru, когда и с каким вопросом обращались, ваши ФИО и дату рождения, прикрепите скриншот этого отзыва."
8,Соня Филимонова,2024-03-15 11:49:45,"Для меня альфа банк стал надёжным товарищем в жизни. Часто бывала именно в этом отделении, брала кредит. Меня хорошо проконсультировали перед подписанием договора. Все тоноксти расписали подробно. Вообще офис удобный для клиентов. Чисто и светло, есть где разместиться в ожидании очереди.",5,
9,Елена Светлова,2024-04-14 05:56:12,Обожаю Альфу за классные продукты! Да и обслуживание в офисе на высоте! Но есть пожелание - хотелось бы побольше отделений в нашем городе.,5,
10,Вера Шарова,2024-01-24 17:48:47,"Спасибо сотруднице, которая поделилась всеми лайфхаками по дебетовой альфа карте. А то по своему незнанию упустила множество выгодных предложений. А мне рассказали про специфику некоторых категорий, МСС кодов и тому подобному. Сейчас вижу что получаю теперь куда больше",5,
11,Виктория Борисова,2024-02-12 14:00:05,"Через приложение с легкостью смогла запросить кредитную карту с годом без процентов и, после одобрения, мне доставили её на работу. Лимит по ней превзошел мои ожидания, отлично, теперь начну тратить)",5,
12,Андрей Новиков,2024-04-06 15:17:27,"Данным банком пользуюсь относительно недавно, но есть одно но ... Прием граждан ведётся в открытую на виду у других посетителей или других клиентов банка, это немного напрягает но в то же время комфортно. Может с не привычки такое ощущение",5,
13,Анна Светова,2024-03-28 02:25:43,"Чтобы получить карту, пришлось просидеть 40 минут, ждать когда освободиться менеджер. При этом освободившиеся менеджеры куда-то исчезли 🤔. Как ушли с зала ,так и не появлялись. По сути одного отделения банка, причём замечу, популярного, всё таки маловато для нашего города.",3,
14,Полина Столярова,2024-04-11 12:27:05,"Недавно потеряла карту, пришлось после работы заскочить в отделение. С первых минут общения с сотрудниками почувствовала их профессионализм и желание помочь, быстро вошли в положение, и так же быстро помогли!",5,
15,Александр Орехов,2024-03-22 09:51:56,"Ничего лишнего тут не пытаются впарить, работает персонал по существу с тем что хочет клиент. Я вот кредитку оформлял без проблем, мне даже предложили страховку отключить, продукт объяснили как работает, беспроцентный период хороший, мне карта понравилась",5,
16,Наталья Новикова,2023-11-19 01:35:42,Современный банк удобный интерьер быстрое и качественное обслуживание в зале мне очень нравиться,5,
17,Василий К.,2023-12-10 10:56:55,"Отличный банк, интересный формат обслуживания, персонал вежливый. Было много людей, пришлось подождать 30 минут .",5,
18,Мария,2023-12-07 01:49:48,"ужасное обслуживание, очень долго 
сказали ждать 30 минут по итогу больше часа просидела 
кого то принимают сразу а кто то часами сидит и я не одна такая 
хотела стать новым клиентом по итогу все впечатления испорчены",1,"Здравствуйте, Мария!
Всегда стремимся помочь и предоставить качественный сервис.
В период нагрузки можем обслуживать дольше, простите.
Стараемся усовершенствовать этот процесс."
19,Владимир Колпаков,2024-04-01 11:31:22,"Оформил себе карту Альфа тревел за 15 минут тут в офисе банка. Буду получать кэшбэк милями. Курс такой: 1 р=1 миля. Классно кстати, потом куплю на них билет и в на море!",5,
20,Валя Богданова,2024-04-15 10:44:07,"Отличный банк! никто ничего не навязывает, сотрудницы обслуживают четко по делу. Брала выписку о состоянии счета, девочки все оформили за несколько минут. всем бы так работать!)",5,
21,Елена Егорова,2024-01-04 17:19:45,"Впринципи оценка на 4 , очень много сотрудников которые ходят мимо, аппарат для талонов работает через раз , и стоит очередь и непонятно по какому принципу к тебе подайдут",4,"Елена, здравствуйте!
Наши сотрудники не ходят просто так. Они выполняют рабочие задачи. Стараемся не создавать сильные очереди. На время ожидания влияет время обращения и тематика вопросов, с которыми к нам обращаются."
22,Алиса Федоровская,2024-03-19 10:54:55,"Не думала что буду брать кредит, но пришлось. Пришла в этот офис и быстро смог все решить. Сотрудник подошел к моему вопросу внимательно. Помог в оформлении.",5,
23,Николай Орлов,2023-12-16 07:57:38,Хорошее расположение. В офисе просторно и чисто. Отпускают народ тоже быстро.,5,
24,Елена К,2023-10-31 21:44:45,"Самый лучший банк. Самый высокий кешбек , самые выгодные вклады. Переводы без процентов на любую сумму. Много различных бонусов для премиум-карт.",5,
25,Алексей Строганов,2023-06-26 10:41:08,"Отличный банк.Консультанты отзывчивые и приятны в общении.И мне нравится обстановка,не стандартная для рядового банка,как то необычно уютно.",5,
26,Мария Суворова,2023-11-28 19:10:27,"Захотелось на море, а денег на было. Тогда на помощь пришла кредитка 365 дней, обожаю ее! Отдохнула и теперь плачу, никаких процентов сверху",5,
27,potato,2023-11-11 05:44:41,"Очень красивый интерьер, однако иногда бывает довольно долго всё делается.",4,
28,Ирина С.,2023-12-22 11:30:44,"Молодцы, девочки. С вами приятно общаться, просто лучшие сотрудники в городе",5,
29,Виктория Крестьяникова,2024-04-22 20:19:30,Банк хороший и удобно расположенный . Обслуживание на высоком уровне. Всегда четко и быстро. Все детали объясняют и показывают.,5,
30,_sandra_medinskaya_,2023-11-14 07:45:25,"в приложении написано, что счет можно закрыть только в банке. прождала специалиста почти час, чтобы услышать, что он не может его закрыть",1,"Здравствуйте! 
Хотим всё проверить и помочь с закрытием счёта. Напишите нам на электронную почту smm@alfabank.ru ваши ФИО и дату рождения, а также прикрепите скриншот вашего комментария. В теме укажите «Я.Карты. _sandra_medinskaya_. Закрытие счёта»."
31,Ketch 221,2023-03-03 03:50:42,"Приветливый персонал. Удобная предварительная запись на прием через приложение банка. Зал-зал просто бомба, необычно. Консультируют на русском языке, доходчиво. Не навязали никаких ненужных доп.услуг. При необходимости обращусь вновь, но не хотелось бы)",5,
32,Дарья Мусина,2024-02-10 17:58:22,Благодарю главного менеджера за профессионализм при оформлении сделки по покупке-продаже квартиры и ипотеке. Всё прошло без проблем и очень грамотно.,5,
33,Светлана Черкасова,2023-01-24 12:58:49,"Была отрицательно настроена против Альфа-банка, но посетив офис, изменила мнение на противоположное. Современный ,уютный офис. В нашей провинциальный глубинке он поражает необычным видом офиса. Это так не похоже на банк в моем понимании. Меня быстро, вежливо и ненавязчиво обслужили. Не пытались навязать ненужных мне банковских продуктов. И мне туда совсем не нужно, но хочется ещё зайти. Спасибо",5,
34,Галина TF-205 Реестр,2023-06-02 18:23:38,"Качественный сервис, быстрое обслуживание, банкоматы работают как часы. Персонал мне понравился, никаких притензий за год, сколько прихожу сюда не возникало. Так что смело могу рекомендовать к посещению!)",5,
35,Валентина Миллер,2022-12-08 12:43:28,"Обычный офис, но условия банка очень нравятся. Честно говоря, до Альфа-банка, вообще боялась брать кредиты. Но все-таки взяла кредитную карту ""100 дней без процентов"".Потом мне, как ответственному заемщику, предложили ещё одну. Сначала думала, что это обман, что без комиссий и процентов возврат денег. Оказалось что нет. Очень довольна, что стала клиентом Альфа банка. Конечно, когда какие-то справки по картам надо взять, приходится ехать в офис. Хоть и стараются работники по быстрее всех принять, очереди всё-равно скапливаются. В наше время скоростей, это раздражает. Плохо, что всего один офис . Но в целом люблю этот банк.",5,
36,Милена ЖЕЛЯКОВА,2023-11-20 19:43:53,"Пришла в отделение оформить карту 365 дней, мне рассказали все условия и оформили, Спасибо!",5,
37,Алина Красовская,2023-12-03 11:24:53,Качественное обслуживание и быстрая реакция на обращения клиентов. Молодцы!,5,
38,Лейсан Шарафутдинова,2023-10-20 17:23:07,Множество банкоматов доступно. Сотрудники в отделении очень дружелюбны. Персонал выделяется своей вежливостью. Местоположение отделения исключительно удобное.,5,
39,Можаров Дмитрий,2023-06-06 10:50:41,"Отлично сделан ремонт. Персонал вежлив и идут на встречу клиенту. И расспросят , и подскажут , и посоветуют. Ожидание зависит от ситуации",5,
40,Олеся Крючкова,2024-02-14 15:08:03,Офис альфа банка предоставляет превосходный сервис и комфортные условия. Я получила все необходимые услуги быстро и удобно.,5,
41,Анечка Фролова,2024-03-29 15:51:32,"Альфа-банк предлагает современные сервисы для экономии времени. Можно сделать все операции в приложении, что очень удобно.",5,
42,Ульяна,2024-02-01 12:01:04,"Отличное место для обслуживания. В отделении Альфа банка всегда чисто, сотрудники готовы помочь с любыми вопросами.",5,
43,Татьяна Федорова,2024-01-25 18:56:46,"Пришла чтобы открыть депозит,встретили меня доброжелательно. Решила выбрать вклад ""Максимальный"". Понравилось что мне предложили только то,что действительно нужно,не навязывая платных услуг. Оценила честные и ясные предложения",5,
44,Таисия Кудинова,2023-12-12 06:56:11,"Альфа Банк – современное и популярное место. По рекомендации друзей, решила взять карту и небольшой кредит. Обслуживание меня порадовало.",5,
45,Александр Чиндяев,2024-02-06 11:53:43,"Компетентные и честные специалисты, которые подробно расскажут обо всех нюансах продукта. Очень приятно.",5,
46,Михаил Ч.,2023-12-06 08:59:59,"1 декабря обращался в офис банка. Хотел открыть счет, но открыть его не смог, ставку 14 процентов не дали, вкладов и счетов не было, новый клиент. Хотел снять деньги через кассу, отказали, сказали только через банкомат. Бардак и безобразие. Услугами этого банка пользоваться больше не буду!",3,"Здравствуйте, Михаил!
Всегда стремимся помочь и предоставить качественный сервис.
Напишите ваши ФИО, дату рождения и подробнее о ситуации на нашу почту smm@alfabank.ru
Всё проверим и поможем разобраться."
47,Анна Морозова,2022-11-20 19:02:47,"Для нынешнего непростого времени считаю отлично работают. Оперативно все поддержка решает, интернет-банк функционирует без сбоев, проценты по кредиткам более, чем приемлемые",5,
48,Екатерина Филатова,2024-04-11 12:51:10,Обратилась в отделение для помощи в оплате по реквизитам. Сотрудники помогли провести операцию и я осталась очень довольна. Отличная работа!,5,
49,Денис С.,2022-10-18 09:47:11,"Офис вроде бы как офис, есть банкоматы и зоны для ожидания. Одна из сильных сторон это коллектив отделения, работают оперативно при наличии очередей, консультируют и предлагают разные кредитные продукты без жёсткого навязывания",5,
50,Сергей Макаров,2024-03-17 18:11:02,Всегда вкурсе своих финансов. Регулярно пользуюсь кредитами и пополняю свои счета. Очень доволен качеством обслуживания.,5,
51,Павел Верещагин,2023-01-12 13:10:30,"Современный офис, очень приятно быть внутри офиса, можно купить себе кофе пока решаешь дела. Было бы лучше если кофе было бесплатным для клиентов банка",5,
52,Алена Степанова,2024-04-30 19:22:30,"Получила обслуживание быстро, персонал вежливый и компетентный. Удобное расположение!",5,
53,Пусси бой,2022-07-06 02:15:47,"Очереди в отделении бывают, но тк единственный офис в городе. Сотрудники все равно стараются решать вопросы оперативно. А так почти все вопросы можно решить в приложении или по телефону. Альфа очень нравится как банк. Выгодные кредитные карты, где я могу не платить проценты более 100 дней, а потом пополнять и снова не платить.",3,
54,Анастасия Эберлинг,2022-09-23 11:44:30,"Уже давно являюсь клиентом банка, поэтому вроде знаю как и что работает, обычно все делаю в приложении) Но тут сделала перевод и случайно ошиблась в реквизитах получателя, а деньги уже ушли... Девочки в отделении помогли и успокоили, спасибо им. Офис единственный в городе, поэтому бывают очереди, но обслуживание того стоит!",5,
55,игорь кошляк,2023-03-27 08:09:54,"Подал заявку на кредитную карту и при отправке специально не поставил галочку на рекламу и прочее но вот не задача, сразу начали поступать смс от микрозаймов и других банков, не советую подавать заявки в этот банк не надежный!",1,"Здравствуйте, Игорь!
Данные мы не передаём посторонним — это исключено 🙅🏼♂️ Такие данные как, например, номер телефона, ФИО и даже банк легко достаются из других источников: соцсети, Интернет-магазины, службы доставки — любое место, где мы просто так оставляем информацию о себе. Важно помнить самые простые правила на звонках: не говорить свои данные, не называть коды из смс, не переводить деньги на «безопасные» счета, не устанавливать сомнительные приложения."
56,Олеся Браилко,2023-12-17 19:58:37,Отделение банка впечатлило оперативностью и простотой процесса открытия счета. Профессиональные сотрудники всегда готовы помочь и отвечать на вопросы.,5,
57,Даша А.,2022-09-18 14:21:02,"""Альфа"" банк - это мой самый лучший выбор из всех банков в нашей стране! Очень понравился их высокий уровень работы и быстрая обработка моего запроса. Обязательно обращусь к вам вновь!",5,
58,Никита Капитан,2023-11-27 07:06:39,Ожидание почти 1 час стоял 3 в очереди по итогу всех приняли кроме меня,1,"Здравствуйте, Никита! 
Мы предоставляем своим клиентам много разных услуг: карты обычные и премиальные, инвестиции, ипотека. Для каждого продукта есть специалисты. Возможно, клиент, который пришёл после вас, обратился к нам с другим вопросом, поэтому его принял другой специалист, а ваш был занят другим клиентом.
Извините, что заставили ждать."
59,Alina K.,2022-12-10 22:37:32,"Прекрасное впечатление! Квалифицированные сотрудники, при необходимости всегда подскажут и помогут. Офис хороший, все понравилось",5,
60,Anya,2023-12-11 19:06:21,"Банкоматов хватает, они всегда в исправном состоянии. Спасибо",5,
61,Сабина Конинина,2023-11-20 14:29:34,"Вежливые, приятные менеджеры.Всем бы так работать!",5,
62,Егор,2022-08-23 15:29:31,"Очень быстро, квалифицированно и вежливо обслуживают. Может быть кому-то и не понравилось, но у меня здесь все удачно сложилось в плане обслуживания клиентов.",5,
63,Евгений Кречетов,2023-12-07 02:12:49,"Хотел взять кредит, однако условия и процентная ставка слишко не выгодны",5,
64,Алина Л,2024-04-19 06:22:38,Альфа Банк помогает мне полностью контролировать мои финансы. Я могу видеть все расходы и доходы на одной странице и легко контролировать свою финансовую ситуацию.,5,
65,Татьяна Сергиевич,2024-01-20 18:45:39,"Живя в области, оформление дебетовой карты заняло всего 10 минут, несмотря на несколько человек в очереди. Все прошло быстро и без лишних замедлений.",5,
66,Яна Чеснокова,2024-03-20 15:39:43,Условия обслуживания по кредиту на ремонт участка были прекрасными. Всё прошло четко и без лишних заморочек.,5,
67,lazer_585,2022-10-28 18:58:52,"Могу лишь сказать, что лучший для себя банк я нашёл в альфе) Чаще, конечно, обращаюсь по всем вопросам в офис, ибо у дома он, и поэтому все мои восторженные отзывы благодаря опытным сотрудникам) Настоящие трудяги, доводят дело до конца",5,
68,Владислава Гапоненко,2022-10-09 11:08:30,"Впечатления прекрасные, офис явно заслуживает внимания высшего руководства (в самом лучшем смысле.) Специалисты старательные, тактично выслушают и ответят на возникающие вопросы, а если уместно, то предложат альтернативы для решения ситуации. Браво!",5,
69,АНАТОЛИЙ ПЕРЕВАЛОВ,2022-09-23 10:24:05,"Консультировался в банке по поводу кредитов которые у них на большие суммы, узнал, что максимально могут дать до 15 миллионов, что одобрение быстрое, ну и всё остальное. Второй раз поеду уже заявку подам, ну и надеюсь, что всё одобрят. Благодарность моя сотруднику, который потратил на меня почти 20 минут, на все вопросы ответив.",5,
70,Кристина Я.,2024-01-29 13:29:46,"Пришла в отделение, и отделение прошло максимально комфортно. 
Спасибо за хорошее обслуживание.",5,
71,Евгений,2022-12-11 10:09:34,"Новый формат отделения Альфа-Банка, отличный ремонт, вежливый и компетентный персонал, могут решить одновременно 2 вопроса по физ. лицам и по юр. лицам. Рекомендую к посещению!",5,
72,Гузель Архипова,2022-12-09 04:08:28,"Альфа банк это лучшее что могло случиться в жизни, сотрудники отзывчивые и готовы помочь всегда, помогли с оформлением кредита на робот пылесос и телевизор, условия самые адекватные!",5,
73,Саша В.,2022-11-02 14:40:20,"У меня списали комиссию за что то, в офисе вроде сказали что это какая-то ошибка техническая. Понимаю, что техника не идеальна, и главное, что на следующий день все уже вернули =) Спасибо за оперативность, менеджер отделения была очень понимающей",5,
74,Елизавета Романюк,2022-10-21 12:42:22,"в офисе хотелось узнать про детские карты перед оформлением. условия по обсуждению с менеджером очень неплохие, формат карты тоже интересный, так что по итогу будем оформлять, задумка полезная",5,
75,Анастасия Шапорова,2022-11-09 19:15:49,"Услугами банка пользуюсь давно. Кредитная история тоже в основном связана именно с этим банком. В самом офисе с очередями никогда не сталкивалась. Сотрудники внимательные, грамотные, на вопросы отвечают четко. Все нравится",5,
76,Кирилл Карсаков,2022-09-21 12:33:16,"Не знаю, кто там Альфой недоволен, у меня лично с ними всегда нормальные отношения. Брал кредиты, сейчас вот недавно доллары менял. Появились, конечно, небольшие задержки во всем, но главное, что услуги продолжают все предоставлять и все предоставлять и все нормально, в полном объёме, с человеческим подходом к клиенту.",5,
77,Тоха Елин,2022-12-09 20:07:29,"Очень понравилась неформальная атмосфера. Нет дибильндебильнх очередей, сел в кресло к тебе сама подошла милая девочка всё объяснила и задела.",5,
78,Наталья Никонова,2022-07-23 10:16:27,"Удобное расположение. Правда, часто бывают очереди, потому что офис один в городе. Но менеджеры стараются обслуживать клиентов быстро и качественно.",5,
79,Елена И.,2024-04-15 12:02:06,"Рада, что наконец-то получила кредит. Обслуживание было быстрым и эффективным. Очень довольна!",5,
80,Елизавета Скоморохова,2022-09-13 11:24:18,"Хочу сказать спасибо сотруднице банка, которая помогла моей пожилой маме предотвратить факт мошенничества. Маме позвонили как многим сейчас звонят с просьбой предоставить номер карты, код, прочие данные, мама сразу же пошла в банк, хорошо, что он в нашем доме и находиться, девушка - специалист все объяснила.Деньги сохранены.",5,
81,Арчи,2022-12-27 07:36:34,"""Альфа"" банк - это мой самый лучший выбор из всех банков в нашей стране!
Уже давно являюсь клиентом банка, поэтому вроде знаю как и что работает, обычно все делаю в приложении",5,
82,Маргарита Малолетко,2022-08-03 07:36:40,"Если было бы за что, обязательно покритиковала, но пока таких случаев не было, хотя за время, сколько являюсь клиентом Альфы, пользовалась разными их услугами: и карты оформляла себе и ребенку, и вклад открывала, и счет для бизнеса. Всегда сотрудники все подробно и доступно объяснят, что все становится понятно.",5,
83,Артём Бахеткин,2022-08-05 14:10:02,"Мне Альфа Банк нравится тем, что у них нет политики навязывания услуг, как у многих сейчас. Вот недавно обратился просто карту оформить и никто не предлагал дополнительно кредит оформить или ещё что-то сделать, как во многих других банках. Мне это нравится потому что если мне что-то понадобится, я сам спрошу и узнаю.",5,
84,Екатерина Т.,2024-03-12 18:01:38,"Вклады, обслуживание, карты- все на высшем уровне. Сотрудники вежливые и компетентные.",5,
85,Виталий Шевцоов,2022-09-07 20:08:17,"Мне нравится работать с альфа банком, так как у него очень выгодные условия по дебетовой карте. Обслуживание бесплатное, переводить и снимать тоже можно бесплатно. Кешбэк ощутимый и становится все больше.",5,
86,_linaaa_,2022-09-15 05:16:39,"Рефинансировала недавно несколько кредитов из разных банков здесь. Сотрудница все сделала, как надо, не запуталась сама, не запутала меня. Плачу теперь не 3, а один кредит, и стало заметно легче, ни в чем никаких заморок.",5,
87,Maria Renaissance,2022-11-22 12:29:49,"Добросовестная работа консультантов порадовала👍🌹 они всегда приходят на помощь если нам что-то непонятно 👍лично я им очень благодарна🍁
Спасибо всем работникам альфабанка🌹🌹🌹",5,
88,Артем Третьяков,2023-09-27 17:13:14,"Сервис на высшем уровне! В Альфе можно вообще не посещать банк — все операции удобно совершать через приложение: открыть/закрыть счет, делать переводы, получать выписки и многое другое!",5,
89,ольга з.,2022-01-20 09:33:49,"Добрый день, всем кто читает мой отзыв. Долго сомневалась по поводу:писать его или нет, но решилась, возможно он предостерегает кого-либо от ошибки. Знакомство с банком состоялось в августе 2021 года, когда возникла необходимость оформить кредит. Сотрудники банка уверяли, что кредитная карта 100 дней без процентов, это просто подарок судьбы. Начнём с первой неприятности, с которой вам придётся столкнуться, если вы все же решитесь, годовое обслуживание карты 1460 рублей, вопрос за что? Даже, если вы хоть 100 рублей используете из предложенных 50000 рублей, вам все равно придётся заплатить эти деньги, т. к. эта сумма списывается в течении суток с момента оформления карты. Второй минус, если вдруг вы решите закрыть кредитный продукт досрочно, будте готовы к тому, что деньги, которые вы внесли, гуляют где хотят, в прямом смысле этого слова, день в день закрыть не получиться. Третий минус сотрудники банка не разъясняют за какие операции по вашей кредитной карте будет взиматься комиссия, а она довольно таки не малая, даже за переводы. Четвёртый, по телефону горячей линии дозвониться невозможно от слова ""совсем"", вы будете часами слушать монотонную музыку и противный мужской голос, который будет вам советовать установить мобильное приложение банка. Пятый, придя в офис обслуживания клиентов, приготовьтесь провести там 1,5 часа, а то и больше, как в моем случае. Внимательно читайте условия договора, который присылают на адрес электронной почты. Выводы делайте сами...",1,
90,Никита Бондарь,2022-09-08 14:01:11,"Очень обрадовало, что в юридическом отделе было намного меньше очереди, чем у физиков. Открывал лицевой счёт. Сотрудник поздоровался и приступил к делу. Объяснил всё чётко и кратко, так что мы быстро достигли взаимопонимания.",5,
91,Анастасия К.,2022-07-15 08:17:18,"Очереди в отделении бывают, но тк единственный офис в городе. Сотрудники все равно стараются решать вопросы оперативно. А так почти все вопросы можно решить в приложении или по телефону.",5,
92,Регина Л.,2022-10-17 17:56:03,"Банк помог мне в трудной и безвыходной ситуации, когда другие банки все отказывали. Спасибо вам, вы спасли мне жизнь! Успехов вам и процветания милый и надежный Альфа Банк!",5,
93,Тимур Ш.,2022-11-15 14:49:21,"Удобный филиал по своему местоположению, работают тут молодые в основном сотрудники и можно с каждым найти общий язык. Разбираются в продуктах хорошо, ответили на все вопросы и оч хорошие впечатления оставили",5,
94,Диана,2024-01-16 14:44:00,"Отделение банка хорошо оборудовано. У одного менеджера можно получить консультацию как физическому, так и юридическому лицу.",5,
95,Ринат Муфтиев,2022-09-17 09:28:48,"Воспользовался услугами ""Альфа"" банка неделю назад в своем городе. На многое не надеялся, потому что постоянно обманывали в других банках и я был в дураках. Но в этом отделении все было отлично. Быстро выполнили мой запрос и я довольный ушел. 5+",5,
96,Катерина Б.,2022-09-13 10:24:25,"Кончился срок действия зарплатной карты, пришла перевыпускать, а теперь оказывается срок действия продлен на 5 лет и не надо перевыпускать и ждать новую. Что-то с санкциями связано, не поняла как, но главное, что карту менять не нужно и это хорошо",5,
97,Сергей П.,2023-08-31 17:52:31,"Подавал заявку на ипотечный кредит, и выбор в пользу Альфа Банка был очевидным. Хотя процесс занял некоторое время, компетентные специалисты помогли с документами, и, в конечном итоге, все было одобрено.",5,
98,Марина Т.,2022-09-23 23:54:23,"Вернули кэшбек на старый процент! Радует, что даже под санкциями Альфа-банк продолжает нормально работать и предлагать самые лучшие из возможных условий. Даже приложение работает!",5,
99,Мари,2022-09-05 15:10:00,"Хороший банк, который заботится о клиентах, постоянно улучшая текущие условия по картам и продуктам. Отдельное спасибо за крутое приложение, с которым посещать отделения вообще не нужно)",5,
100,Алексей Горлов,2023-12-07 01:16:36,удобное место расположения,5,
101,Ольга Гордеева,2022-08-01 05:31:44,"Послушала знакомых и перевела все накопления в Альфа-банк. За них не переживаю, они застрахованы в агенстве по страхованию вкладов. Изначально переживала, что сложно будет привыкать к новому приложению и условиям, но все оказалось быстро и просто",5,
102,Максим Товстенко,2023-12-04 10:53:37,"Хорошее обслуживание, рекомендую!",5,
103,Дмитрий Гусаров,2022-10-18 09:24:16,"Операторы на горячей линии вежливые и заинтересованные в проблемах клиента, самое главное нет скриптов. Общаются в рамках живого разговора. Да дозвониться туда трудно, но возможно. Мне все нравится.",5,
104,Олег Шмаковка,2023-02-03 23:56:56,"Бестолковый коллектив! Отношение нормальное, но знаний ноль. Не могут решить многих проблем при обращении, не могут работать с собственной службой поддержки.",1,"Здравствуйте!
Напишите нам на почту smm@alfabank.ru ваше ФИО, дату рождения и подробнее о ситуации. Постараемся помочь."
105,Анатолий И,2023-01-07 13:11:47,Хорошое обслуживание. Грамотный и вежлевый персонал. Быстрое решение по всем вопросам,5,
106,Ирина Попович,2023-01-24 15:25:27,"Спасибо вашей команде. За качество и отличный сервис! Альфа банк меня полностью устраивает своими услугами! И отделение неплохое, ухоженое сотрудники вежливые.",5,
107,Валерий М.,2022-08-05 14:14:18,"Неплохой кешбек оказывается здесь, но, конечно, в зависимости от категории покупки и оборота в месяц. А если через партнеров что-то покупать, то вообще чуть ли не 33%! Буду теперь пользоваться активнее своей картой!",5,
108,Инзиля,2024-04-07 13:37:58,"Самые приятные и умные сотрудники, с которыми мне доводилось общаться в банке! Я рекомендую это отделение всем!",5,
109,Дмитрий Алексеев,2022-09-03 08:33:44,"Из всех филиалов альфа банка этот - мой любимый. Кассиры дружелюбны (искренне). У меня были вещи, заверенные нотариально; Я открыл дополнительные счета, и сервис всегда был отличным!",5,
110,валерия,2024-02-22 18:44:45,"Банк проявляет честность и надежность.
Моя бабушка уже восемь лет пользуется их депозитом, и никогда ее не обманывали.",5,
111,алексей карпейкин,2022-09-14 22:24:00,"Хороший стабильный банк внутри очень уютно и очередей нет, вежливые и добросовестные работники",5,
112,Наталья,2022-11-24 22:39:18,"Хороший офис. Порадовала внутренняя атмосфера. Вежливые сотрудники. Девушка менеджер с которой я общалась ответила на все мои вопросы. Сразу видно знаток своего дела. Ничего лишнего, всё по делу.",5,
113,Анастасия Александровна,2022-04-28 08:39:45,"Недавно приходила в офис Альфа банка открыть вклад, Альфа-вклад вроде называется, достаточно выгодные условия, да и банку этому я доверяю больше, обслуживание у них всегда на высоте что немаловажно для меня. Всем своим уже порекомендовала.",5,
114,Ольга Р.,2022-11-26 07:04:37,Отличный филиал. Все вежливые. Чем необходимо помогут. Все рассказывают и объясняют.,5,
115,Александр,2022-10-29 09:25:51,"Я простой рабочий. Мне главное вовремя деньги получать. Как начальник начислит, спускаюсь к супермаркету. Там банкомат Альфы. Деньги снимаю через 2-3 минуты",5,
116,Панк,2022-09-14 07:43:27,"Нужна была сумма не очень большая, но быстро. Коллега на работе посоветовал обратиться в Альфу, что я и сделала. Итог: деньги дали безо всяких справок о доходах и реально быстро",5,
117,Анна,2021-08-31 10:24:20,"Лично столкнулась с обманом! Выдали кредитную карту, я её даже не активировать, соответственно не пользовалась, от слова вообще! И тут вдруг приходит смс с просьбой оплатить обслуживание карты 44 руб 70 коп(ЧТО!!! Я ЖЕ НИ ЧЕМ НЕ ПОЛЬЗОВАЛАСЬ?!) Ладно, думаю, поеду сдам её ( карту) не нужна она мне. Девушка на обслуги мне говорит:- А у вас снята абонентская плата карты в размере 1490руб( ЧТО!!!!) объясняю, что я ничем не пользовалась и даже не активировать и почему с этого (неактивированного счета!!!) списали деньги???? Вот это заработок!! Нормально так! Я теперь, чтоб мне не начислялись проценты должна оплатить эту сумму!!! Ужас!!!! ВОТ ЭТО МОШЕННИКИ ТАК МОШЕННИКИ!!! НА РОВНОМ МЕСТЕ ЗАРАБОТАЛИ 1490Р! ЛЮДИ БУДЬТЕ ВНИМАТЕЛЬНЫ! СВЯЗЫВАЯСЬ С АЛЬФА- БАНКОМ!!!👎👎👎👎👎👎👎👎👎👎👎👎👎👎👎🤬",1,
118,Татьяна,2022-05-21 13:45:57,"Неплохой банк. Я пользуюсь его услугами. Но, к сожалению, в нашем городе только 1 офис этого банка. Это очень неудобно. Сотрудники внимательные. Но иногда бывают очереди, приходится ждать.",4,
119,Розалина Шаймарданова,2022-10-11 07:55:28,"Я уверена в этом банке, поэтому пользуюсь несколькими продуктами. Персонал в отделении всегда вежливый, помогали решить разные задачи.",5,
120,Роман Конфи,2023-10-16 13:20:11,"Интересный дизайн, как уют в собственном доме. Автомат сразу распознаёт своего клиента. Забавные новшества.",5,
121,Татьяна,2023-03-30 10:03:50,"Недавно обращались , быстро , доступно , помогли решить проблему , что не скажешь о некоторых банках",5,
122,Сергей Шевелёв,2022-04-26 12:14:09,"Коллектив данного банка работает хорошо. На первом месте вежливость, всё подробно объяснят. Молодцы, так держать. 👍",5,
123,Татьяна Твердохлебова,2023-11-18 16:10:58,"Имеем тут вклад и не планируем его закрывать, очень выгодно, когда твои сбережения приносят доход",5,
124,Daria Sergeevna,2022-10-11 17:59:44,Мы с мужем уже несколько лет делаем выбор в пользу альфа банка. Хорошие условия по дебетовой карте и вежливость сотрудников очень радует.,5,
125,Ольга Козлова,2023-10-25 21:01:57,Офис идеально расположен недалеко от моего места работы. Никогда не было проблем с сотрудниками.,5,
126,Екатерина Л.,2022-10-25 11:07:22,"Очень нравится скорость работы сотрудников в офисе и качество. Все отлично, жаловаться не на что",5,
127,Наталья,2022-06-15 03:44:46,"Филиал в комсомольске на амуре. Обслуживание отвратительное. Пришла заплатить за кредит, ушла так и не заплатив. Банкомат сломан, в кассу заплатить не пустили. Вечные очереди, банк крайне не советую.",1,"Здравствуйте, Татьяна!
Простите за то, что не смогли сделать всё как нужно. Хотим провести работу в отделении и узнать причины, по которым за кредит заплатить не получилось. Поэтому будем благодарны, если подскажите дату вашего визита"
128,Илья Васиньков,2022-07-13 08:05:03,"Понравилось отношение к клиентам.
Стараются именно решить вопрос, а не просто бездумно отфутболить.
Хотя, по моей проблеме с ИИСом у них решения не было, но пытались найти его искренне",5,
129,Милана А.,2022-06-29 08:46:30,"В 2015 с мамой оформили ипотеку по ставке 6%. Сотрудница помогла подготовить бумаги, заполнить бланк. Сейчас вроде полегче стало, можно через интернет запрос подать и отсрочку взять без штрафов и процентов",5,
130,Айша Баки,2022-11-30 09:11:54,"Отличный филиал, сотрудники банка молодые вежливые. Ответят на каждый интересующий вопрос. В общем нет никаких жалоб давольна.",5,
131,Ayana j.,2022-11-11 03:14:04,Давно работаю с этим банком.Видно что там работают профики своего дела (вежливые сотрудники)это радует меня,5,
132,Ильдар Шайхетдинов,2022-11-02 13:55:40,Заявку онлайн оформляю. Обычно через час иногда меньше перезванивают. Банк лояльный. Всегда предложат альтернативу если что не так,5,
133,Виктория Гончарова,2022-07-21 08:16:55,"Очень милые девушки, нацеленные на помощь клиентам. Помогли оспорить операцию и вернули деньги. Вот бы все так работали и доверия к банкам было бы больше",5,
134,Мираслава Т,2023-12-24 05:00:28,"Кэшбек капает стабильно, меня он устраивает. Хоть и не большой, зато есть 👍🏼👍🏼👍🏼",5,
135,Даниил Мигушкин,2022-10-11 11:34:59,"Хорошее приложение, можно быстро и удобно проводить денежные операции.",5,
136,Vlad Dragunov,2022-10-30 12:43:00,"В колл-центре просто беда, не дозвониться. А вот в соц сетях, очень быстро отвечают операторы и вопросы решают. Пишите лучше чатах",5,
137,DIMSON N,2022-08-13 13:11:59,"Непонятный банк с отсутствием прямых банкоматов ( всего один в К-н-А), конечно есть цепочка сотруднеческих банков от аких жев Комсомольске",1,"Здравствуйте!
Будем стараться обеспечить город банкоматами в таком количестве, чтобы всем было комфортно, но на это понадобится время.
Простите за то, что обслуживание может быть неудобным. Будем рады, если поделитесь другими недочётами, чтобы у нас была возможность всё поправить"
138,Анастасия Ч.,2022-10-19 13:11:38,"Утром вообще никого) Всем советую приходить к открытию .Вечером же всегда толпа стоит, видимо популярнее становится",5,
139,Екатерина Шустова,2022-02-05 23:37:47,"Единственный в Комсомольске на Амуре ,банкомат установили на дземгах По пр. Победы. И тот вечно не работает. Неужели нельзя зделать. (((😡 А, так все меня устраивает, выручает карта когда нужно👍",3,
140,Яна Д.,2022-07-19 13:29:23,"Альфа очень нравится, как банк. Выгодные кредитные карты, где я могу не платить проценты более 100 дней, а потом пополнять и снова не платить.",5,
141,Николай К.,2022-07-21 07:42:38,"Получил кредит под хороший процент. Беру уже второй раз в альфе, всё быстро и очень удобно",5,
142,Татьяна Долгополова,2023-01-22 22:12:30,"Прекрасное обслуживание, специалиста долго ждать не пришлось все понятно объяснила.",5,
143,Елена М.,2023-02-06 13:09:55,Сервис на высшем уровне. Там не так много людей. Мне не пришлось стоять в очереди. Очень понравилось обслуживание в этом отделении. Спасибо персоналу за их работу.,5,
144,Ирина Ш.,2023-07-02 12:34:57,Отзывчивые сотрудники и вкусный кофе,5,
145,Варвара К.,2022-10-13 13:46:10,"Уютное отделение и хорошие люди в штате) Я для мамы хотела уточнить можно ли получать пенсию на карту Альфы, консультация мне понравилась, девушка была вежливой и опытной",5,
146,Виктория Шмакова,2022-02-01 22:51:27,"При заказе своей кредитной истории,обнаружилось что Альфа-Банк оформил без моего ведома на меня кредитную карту с лимитом 30т.р.,и как оказалось ею кто то благополучно пользуется,ужас.",1,
147,Никита Дворянский,2022-12-18 12:28:25,"Заезжал недавно в это отделение. Обслуживать принялись сразу т.к. очередей почти не было, хотя людей было достаточно. Очень оперативно помогли решить мой вопрос с кредитом.",5,
148,Дмитрий,2022-08-08 11:22:33,"Бываю редко тут , но если и пришёл то приходится ждать ..... Очень мало операторов... Сам банк норм , как и все.",4,
149,Анара К.,2022-11-16 14:39:08,"Захожу в это отделение в основном. Банк ориентированный на клиентов, мне всегда помогали.",5,
150,Алина,2023-04-16 01:58:23,"Сотрудники приветливые девочки, но сам по себе банк так себе.",3,"Здравствуйте!
Немного обидно 😔
Расскажите подробнее, почему такое впечатление?"
151,Белый Мотылек,2022-08-17 21:00:50,"Обслуживание на высшем уровне. Девочки просто красотки, всегда помогут, расскажут, покажут. Очень довольна.",5,
152,Виктор И.,2022-04-15 13:13:58,"Сотрудницы банка очень быстро помогли, им спасибо. Но при этом пришлось продать большую очередь, сотрудница и окон приёма мало.",5,
153,Кристина,2022-11-13 14:51:42,"Хочу порекомендовать вам данный банк,у него очень много выгодных предложений.Да и остальном тоже все отлично",5,
154,Алексей Е.,2021-08-26 03:14:33,"Банк обманщик, много скрытых платежей, очень внимательно читайте договора, в них очень много подводных камней которые позволяют банку обирать клиентов на ровном месте, вешая всякие пени и штрафы за нарушение условий пользования кредитом или картой. Реальная ставка по кредиту выше заявленной. Служба поддержки безграмотная.",1,
155,Тамара Исрафилова,2023-07-21 13:30:30,Хуже ничего не видела. Город на 50 лет отстаёт.,1,"Здравствуйте, Тамара. 
Подскажите, что стало причиной такой оценки?"
156,Татьяна Витальевна Сизова,2021-07-09 12:37:24,"Одобрят заявку на кредит на 400тыс, пригласят на выдачу, и при подписании обнаружите, что сумма без одного нолика 🤣 если хотите так, обращайтесь в этот банк, потратите свое драгоценное время и свои нервишки там оставите",1,
157,Алена Корж,2023-11-20 11:26:48,Неплохо,3,"Здравствуйте, Алёна! 
Спасибо, что поделились своими впечатлениями. Будем стараться и дальше!"
158,Sergey Perminov,2023-08-31 09:45:16,Остался доволен !!!,5,
159,Таисия Л.,2022-06-24 11:22:08,"Очень простое и понятное приложение, даже папа пенсионер понял как им пользоваться.",5,
160,Никита Кротов,2022-02-24 21:49:29,"Удобный круглосуточный банкомат, карта Альфы часто выручает",5,
161,Анонимный отзыв,2022-11-16 09:09:39,"Отличный банк, приятный персонал",5,
162,Екатерина С.,2020-11-06 11:17:16,"Брала кредитную карту и спустя где-то примерно год, решила её закрыть и расторгнуть договор, погасила всю сумму, что было в задолженности. С августа месяца они не могут расторгнуть договор и сегодняшнее число, они мне приписали госпошлину, картой не пользуюсь 4 месяца. Очень разочаровалась этим банком",1,
163,Нил Сенатский,2022-11-05 09:31:41,"И сама заявка и получение карты - все прошло легко и без каких либо сложностей, даже придраться не к чему, потому и пишу отзыв на 5 звезд",5,
164,Николай Шебалдин,2023-03-31 11:33:32,"Быстро ,четко, хоршо.",5,
165,Владимир Салимзанов,2022-09-02 11:42:07,"Альфа, этим все сказано топовый банк, можно все сделать в одном отделении, я уж молчу про мобильное приложение, шедевр.",5,
166,aigul baibulatova,2022-09-29 14:35:42,"Отличный банк, всё договорные обязательства выполняет, брали ипотеку, платим уже пятый год, всё устраивает.",5,
167,Юлия Алешкова,2022-05-03 03:58:40,"Сколько не приехала,постоянно очереди. Маленькое помещение",4,
168,Qvik Wallet,2022-06-27 12:13:36,"Выпускали зарплатную карту Альфа банка. Удобно, что счетом можно воспользоваться сразу, ещё не забрав карту.",5,
169,павел с,2021-10-31 02:13:49,"Хороший банк , руководитель Алексей молодец .",5,
170,Konstantin D.,2021-04-27 04:16:22,"Разочарован. Ни кому не советую. Хорошо подумайте, прежде чем нести свои деньги в этот банк...",1,
171,орозбай алиев,2019-12-21 06:17:18,"Хороший банк,в декабре 2019года проводится акция по оформлению кредитной карты на сумму 50000 рублей, снятие денег без комиссии, до 100 дней без процентов",5,
172,Андрей Дмитриев,2021-08-09 09:05:22,"Грамотные, отзывчивые консультанты.",4,
173,Мария К.,2019-10-04 02:32:02,"Мало рабочих мест, девочки не справляются, всегда очередь. Удобно, что банкомат работает круглосуточно!",4,
174,жмыхъ,2021-03-01 14:13:51,"Час стоял и ждал очереди, очень долгое простое получение готовой карты",1,
175,nadya-medvedeva-60@mail.ru,2019-09-25 14:48:24,"Хотела поменять валюту, отказали, объяснив что я ни их клиент. А заинтересовать чтобы человек стал клиентом нет желания? Больше туда не пойду. Не приятный осадок.",1,
176,Андрей Лисица,2021-04-05 08:15:42,"Являюсь клиентом банка. Жаль, что офис один в Комсомольске..",5,
177,Den Wall,2019-08-06 13:24:55,Названивают как назойливые мухи по поводу якобы одобренных и невероятно выгодных кредитов. По факту тратят ваше драгоценное время на всякую дрянь.,1,
178,Анатолий Кузнецов,2021-05-22 04:47:13,"Хороший банк, удобный.",5,
179,Алексей Р.,2019-08-11 12:47:51,к специолистам очередь бывает редко банкоматы работают круглосуточно.,5,
180,Татьяна Бондаренко,2020-05-20 11:59:43,"Завышенные проценты, и обслуживание карт дорогое.",3,
181,Александр Ильин,2020-01-05 08:31:17,Просто все доходчиво объясняют,5,
182,Лимузин,2019-12-23 03:46:44,нет очередей. дорогое обслуживание (((,4,
183,Евгения Щербина,2018-08-20 13:42:04,Хороший банк! очень интересные программы для физических лиц.,5,
184,Serg76,2019-07-29 19:59:54,Лучший банк где я был по отношению клиент и банк,5,
185,МАСТЕР - PRO,2020-03-02 13:07:28,Перспективный банк,4,
186,Светлана Смирнова,2019-09-02 21:44:10,"Все быстро, вежливо",5,
187,Анатолий Игнатенко,2020-09-06 18:58:31,Был выходной в банке я наличку снял.,4,
188,Валерий Добрый гр. СССР,2019-10-30 14:35:55,удобный банк в центре,5,
189,виталий сокович,2019-07-29 07:04:02,"Обслуживание физлиц хорошее, но с юрлицами полный провал",1,
190,Илья Владимирович,2018-03-03 04:29:50,Банкоматов 3 единицы. Нет очередей. Появился банкомат на Дземгах,5,
