,name,date,text,stars,answer
0,Максим С.,2024-04-24 10:18:13,"Расположен при входе посередине здания 
500 руб на парковку выдал и норм",5,
1,алле,2023-10-28 06:28:59,не могу войти в личный кабинет и в целом отвратительный банк,1,
2,Василий Шумаров,2023-03-05 10:32:38,Сожрал пол купюры и половину выплюнул,1,
3,Маша Мария,2021-11-21 13:57:24,Не работает банкомат почти месяц!,1,
4,Масума,2019-04-08 20:06:50,"На радость нам, рядом с домом, в котором мы жили с супругом, находится банкомат, так как мужу зп перечисляют на карту Альфа банка. Всегда работал исправно",5,
5,Rinat R.,2018-11-06 18:43:12,работает до 21:00,1,
