,name,date,text,stars,answer,load_time
0,Sergei I.,2023-09-11 15:58:53,"Взял талон. Направили во 2 кассу. Девушка была занята обслуживанием клиента. Когда освободилась позвали следующего по очереди клиента. Согласилась обслужить сначала меня. 
Хотел совершить три произвольных платежа в системе банка. Оказалось что за каждый платеж нужно будет выплатить по 25 руб. И это не комиссия а стоимость платежа. Дешевле оплатить с карты своего банка как произвольный платеж стоимостью 2,5 руб. Нет слов. Только потратил свое время.",1,Спасибо за отзыв! В приложении нашего банка также есть возможность совершить произвольный платеж. Комиссия составит 1 BYN за перевод,2024-05-16 14:23:41
1,Борис.,2023-09-16 16:44:49,"Отличное обслуживание, всегда ухожу с хорошим настроением. ))",5,"Спасибо за ваш отзыв! Рады, что посещение отделения вызывает у вас положительные эмоции ❤️",2024-05-16 14:23:41
2,Анастасия ..,2022-02-21 11:25:58,"Так и не научатся клиентоориентированности в Беларуси. Касса работает одна и в ней без очереди обслуживаются клиенты, направленные от других специалистов. А на обмен валют собралось уже человек 30! Часть ушла. Вот банк не считает, сколько клиентов теряет. Я понимаю, что есть более ‘прибыльные’ клиенты. Но это не значит, что остальными операциями можно жертвовать! И кстати, за время ожидания курс изменился в худшую для меня сторону. И кто оплатить мне парковку? У банка нет парковки для клиентов",2,,2024-05-16 14:23:41
3,Александр Шловенец,2022-07-04 18:32:27,"Есть электронная очередь +
Вежливый персонал + 
Комфортная мебель +
Бойлер +
И самое главное: 
Время ожидания стоит того!
А самое важное решили поставленной мной задачи.",5,"Мы рады, что вам понравилось у нас :) Спасибо за отзыв и оценку!",2024-05-16 14:23:41
4,Виталий Марко,2023-07-31 12:25:45,"Отвратительная организация обслуживания. Прождал в очереди более часа, так очень и не подошла. Ушёл. Отвратительно.",1,"Спасибо за ваш отзыв! Мы сожалеем, что вы столкнулись с большими очередями
и предпринимаем все необходимые меры для сокращения времени ожидания и улучшения эффективности работы",2024-05-16 14:23:41
5,Roman Prikhodko,2022-06-02 18:21:58,Хороший и внимательный персонал. Быстрое обслуживание. На оформление карточки ушло около 20 минут. Есть возможность оформить моментальную карту которую отдадут сразу,5,"Благодарны за вашу оценку. Надеемся, что вы останетесь довольны! .)",2024-05-16 14:23:41
6,Группа компаний Фрионофф,2021-09-22 03:33:26,"Правильный, четкий и самый ровный банк в Гродно (да и в целом в РБ и РФ). Отдельную благодарность хочется оставить Татьяне, Илье и Константину (фамилии указывать не буду, уверен их всех и так все найдут там и узнают) 
Я бы его назвал банк быстрых, даже моментальных решений, а в бизнесе это важно. От быстрой системы интернет Банкинга, до скорости выполнения любых видов операций. Всем рекомендуем!",5,Большое спасибо за отзыв и высокую оценку работу наших специалистов и банка в целом. Обязательно его зафиксируем),2024-05-16 14:23:41
7,Назарий Шегда,2021-10-06 11:55:55,Пока большинство банков находится в 2021 году - Альфабанк находится в 2030-м Шикарное отделение и с точки зрения дизайна и с точки зрения обслуживания. возможность организации мероприятий для клиентов Альфы превращает отделение банка в нечто большее,5,Благодарим за ваш отзыв! Нам очень приятно :),2024-05-16 14:23:41
8,Галина В,2022-03-18 09:29:36,"В отделении очень приветливый и улыбчивый персонал. Спасибо, Лидии за терпение и повышенную внимательность к моему вопросу. Банку процветания. Молодцы",5,"Спасибо за приятный отклик! Рады, что вам нравится :)",2024-05-16 14:23:41
9,алеся паршина,2021-10-11 15:31:44,"Комфортный офис, вежливый персонал. Правда персонала немного, поэтому часто очереди, но на комфортном диване с кондиционером можно и подождать)",5,Спасибо за приятный отзыв :),2024-05-16 14:23:41
10,Дмитрий,2022-02-18 15:40:21,"Это самый лучший банк в стране, все всегда очень вежливые добрые. Все качественно, быстро, работают одни профессионалы. Пользуюсь только этим банком, и никогда не сменю.",5,Спасибо за такой приятный отзыв :),2024-05-16 14:23:41
11,Кузьменкова Ольга,2021-12-01 12:56:58,"2 года обслуживають в этом банке, как ИП.
Качество обслуживания на высшем уровне.
Особенно радует функция уплаты налога. Благодаря альфа банку у меня ни разу не возникло проблем с декларацией",5,"Благодарим за ваш отзыв! Нам очень приятно, что вам нравится :)",2024-05-16 14:23:41
12,Александр Хилюта,2022-08-13 08:34:13,"Обслуживание на уровне, персонал все доступно объясняет...",5,"Спасибо за ваш отзыв и оценку! Рады, что вам все понравилось)",2024-05-16 14:23:41
13,Кириенко Дмитрий,2021-06-25 17:19:02,"Планировка неудобная, когда заходишь в час пик, не хочется даже интересоваться, а куда тебе, собственно, хочется просто уйти.

Все услуги банка можно получить в интернете, включая изначальную регистрацию, так что, даже не ходите в отделение.",3,"Благодарим за отзыв! Доля правды в ваших словах есть: действительно, почти все операции уже можно провести через моб / интернет банкинг)",2024-05-16 14:23:41
14,Надежда Иголко,2022-09-27 17:27:55,"Сегодня закрыла свой второй кредит здесь! Очень довольна, выдали без проблем, все проценты и работа банка прозрачные, никаких доп списываний или процентов из воздуха, спасибо за честность!",5,,2024-05-16 14:23:41
15,Люда Гончарук,2022-06-09 06:25:00,"Являюсь клиентом 3 банков, но альфа вне конкуренции. Условия, возможности и удобство не сравняться ни с какими другими банками.",5,"Добрый день! Люда, спасибо, что нашли время оставить обратную связь. Будем рады видеть вас снова.",2024-05-16 14:23:41
16,Сергей Юшковец,2023-05-28 00:50:28,"Просто пять звёзд без лишних слов
Всё супер",5,Спасибо большое за ваш отзыв и высокую оценку!💖,2024-05-16 14:23:41
17,Дом Домыч,2023-05-29 19:00:40,В субботу было мало людей. Обслужили очень быстро.,5,Благодарим за ваш отзыв!,2024-05-16 14:23:41
18,sergej demchenko,2022-03-19 09:06:41,"После 10 минут ожидания ответа оператора и так и не дождавшись его никаких нервов нехватает и это постоянно так,ужас, сделайте что нибудь.",1,"Подскажите, пожалуйста, вы обращались в контакт-центр или онлайн-чат?",2024-05-16 14:23:41
19,Алексей,2024-05-13 03:20:06,Хорошо,5,,2024-05-16 14:23:41
20,СВ,2024-05-13 10:49:35,Альфа. Он лучший. Он первый!,5,"Благодарим вас за теплый отзыв! Мы рады, что вы довольны качеством наших услуг 🥰",2024-05-16 14:23:41
21,Юля КастрЮЛЯ,2021-07-10 13:18:41,"Отличный банк, быстро, вежливо и качественно. Только положительные отзывы",5,Спасибо за такой отзыв! Приятно;),2024-05-16 14:23:41
22,Виктор С.,2021-04-28 11:17:49,Один из самых передовых банков. Все очень быстро. Обслуживание на достойном уровне.,5,"Спасибо за приятный отзыв! Рады, что остались довольны качеством нашего обслуживания)",2024-05-16 14:23:41
23,Максим Цветков,2021-09-07 23:28:00,"Прекрасный банк, хорошее отношение к клиенту, быстрое обслуживание",5,"Спасибо, мы старались!",2024-05-16 14:23:41
24,Светлана ...,2021-06-28 15:33:21,"Вечные очереди, попадёшь и пропадешь... Выйдешь через минут 30, не раньше. Три раза была и мне так везло.",3,Спасибо за отзыв! Учтем в дальнейшей работе!,2024-05-16 14:23:41
25,Сергей Вилькевич,2021-10-11 11:09:37,"По ощущениям один из лучших, по качеству обслуживания и персоналу.",5,"Спасибо, мы старались :)",2024-05-16 14:23:41
26,Natali,2021-09-07 12:11:03,"Специалисты на высшем уровне, вежливые и ответственные!",5,Спасибо за отзыв и высокую оценку нашего отделения),2024-05-16 14:23:41
27,Шаматульский Владимир,2021-10-07 13:40:37,Супер Банк.Сервис обслуживания на высоком уровне.Молодцы,5,Благодарим за ваш отзыв!,2024-05-16 14:23:41
28,Виктор,2021-10-26 15:48:20,очень долгие . чтоб оплатить в кассу надо простоять 1 час чтоб сделали платёжку .брет,1,Спасибо за ваш отзыв! Зафиксируем замечание для улучшения работы отделения,2024-05-16 14:23:41
29,Елена Кустанович,2021-10-14 14:06:15,"Как правило всегда большие очереди, специалистов мало, приходится ждать долго.",3,Спасибо за ваш отзыв! Зафиксируем замечание для улучшения работы отделения,2024-05-16 14:23:41
30,Настасья,2021-11-24 20:10:54,"Слишком длинные очереди, но по сервису все супер.",4,Спасибо на отзыв! Направим замечание для улучшения работы,2024-05-16 14:23:41
31,Елена Трусь,2020-07-27 17:41:49,"Хорошее отделение. С валютными операциями иногда долго, но в целом всё отлично",5,,2024-05-16 14:23:41
32,Валерия П.,2019-06-19 13:04:13,"пришла в отделение банка, чтобы совершить платеж, в итоге, простояв в очереди 15 минут, мне сказали что сегодня я этого сделать не могу, т.к платежи на счета других банков можно сделать до 16.00. для справки на часа было 15.53! разочарована действиями специалистов банка!",1,,2024-05-16 14:23:41
33,Дима Ковалев,2022-05-14 12:13:45,Я не доволен услугами банка.,1,"Напишите, пожалуйста, нам на почту о своей ситуации, постараемся разобраться и сделать всё возможно для её решения. Контактная почта: hype@alfa-bank.by",2024-05-16 14:23:41
34,Анастасия К.,2020-05-12 07:11:14,Очень вежливый персонал и всегда пытаются найти верное решение как для себя! Мне очень понравилась!,5,,2024-05-16 14:23:41
35,Александр К,2021-08-08 09:24:55,Банк в центре города. Очередей больших не наблюдал!,5,Спасибо за ваш отклик!,2024-05-16 14:23:41
36,АЛЕКСАНДР БРАВЧУК,2020-02-11 18:15:08,"Приветливый персонал,удобное местоположение,быстрое обслуживание.",5,,2024-05-16 14:23:41
37,Дмитрий Ш.,2019-11-30 16:22:06,"Всегда вежливо,всегда помогут,посоветуют. Обслуживаюсь здесь давно. Рекомендую!",4,,2024-05-16 14:23:41
38,Артём Кветень,2022-07-27 17:53:48,Отличный банк,5,Спасибо за ваш отзыв и оценку :),2024-05-16 14:23:41
39,Караван Парк,2022-04-21 17:37:37,Отношение прекрасное,5,"Благодарим за отзыв! Приятно, что вам понравилось :)",2024-05-16 14:23:41
40,Антон Новосад,2022-06-21 08:15:36,Отличный банк.,5,,2024-05-16 14:23:41
41,Карпинчик Николай Николаевич,2020-05-29 18:10:07,"Проблема недостатка парковочных мест, остальное без нареканий.",4,,2024-05-16 14:23:41
42,Натаха Чернова,2021-12-02 15:08:05,Вежливый персонал,5,Спасибо за ваш отзыв!,2024-05-16 14:23:41
43,Dmitriy Skripniyk,2021-11-03 10:32:12,Отличное отделение,5,Спасибо за вашу оценку!,2024-05-16 14:23:41
44,Иван,2021-06-20 10:38:47,Вежливый персонал. Хорошее впечатление.,5,Спасибо за такой отзыв! Приятно),2024-05-16 14:23:41
45,Елена Гордиевская,2020-04-15 09:38:39,"Быстрое обслуживание, вежливый персонал",5,,2024-05-16 14:23:41
46,Владимир Зубринович,2022-01-13 14:23:17,Лучший банк.,5,Спасибо за такой приятный отзыв!,2024-05-16 14:23:41
47,"Вечна жыви и квитней,Беларусь",2019-10-28 15:19:11,Много скрытой информации и скрытых от клиента списаний все время нужно их тормошить,2,,2024-05-16 14:23:41
48,Александр С.,2021-07-27 06:44:16,Хорошее обслуживание!),5,Спасибо за высокую оценку нашего отделения),2024-05-16 14:23:41
49,Мария М,2021-08-30 14:41:05,Отличный сервис и обслуживание,5,Спасибо за вашу оценку! Рады слышать),2024-05-16 14:23:41
50,Вова Желковский,2019-08-12 12:30:37,Мне нравится хороший отзывчивый персонал,5,,2024-05-16 14:23:41
51,Anya,2020-01-28 07:09:54,"Банк сам мне нравится,но долго пришлось сидеть в очереди",5,,2024-05-16 14:23:41
52,122149 ж.,2019-12-26 14:08:39,Приветливые процентная ставка меня устраивает.👌,5,,2024-05-16 14:23:41
53,гоша сахедов,2020-01-05 08:31:05,Можно пополнить счёт на месяц специальный автомат,5,,2024-05-16 14:23:41
54,Андрей Музычко,2021-10-04 10:39:06,Все класс,5,Спасибо за ваш отклик!,2024-05-16 14:23:41
55,Егор Юргель,2021-09-28 08:26:59,Норм.,5,Спасибо за оценку!,2024-05-16 14:23:41
56,Михаил Костечко,2019-11-21 17:48:36,"Обычный банк, сложно с парковкой",5,,2024-05-16 14:23:41
57,Светлана Яковинчик,2019-10-11 19:44:17,очень приятный персонал,5,,2024-05-16 14:23:41
58,Ирина Удот,2019-09-24 19:24:57,Грамотные консультанты,4,,2024-05-16 14:23:41
59,женя к.,2019-12-06 17:04:12,есть обменик валют,5,,2024-05-16 14:23:41
60,Anastasiya Zaretskaya,2020-02-29 17:34:21,Всё отлично!,5,,2024-05-16 14:23:41
61,Кирилл кунжутов,2019-12-06 18:00:01,Хорошое обслуживание,5,,2024-05-16 14:23:41
62,Hanna V.,2019-09-24 10:15:09,хорошее обслуживание,5,,2024-05-16 14:23:41
63,Олег Михаловский,2018-07-23 02:34:07,Обслуживание на высшем уровне,5,,2024-05-16 14:23:41
64,Андрей А.,2019-10-04 07:04:07,Лучший банк.,5,,2024-05-16 14:23:41
65,Аноним,2018-10-22 14:06:05,радует отсутствие очередей,3,,2024-05-16 14:23:41
