,name,date,text,stars,answer
0,Ильдар Хабибов,2023-09-21 07:59:09,"Приветливые красивые менеджеры (девушки) Уютная обстановка. Отличается от обычных банков. Чисто и аккуратно, приятно находиться. Спокойная атмосфера.",5,
1,Лариса Гарипова,2024-04-24 08:22:35,"Здравствуйте! Сегодня 24.94 приехал ваш сотрудник по адресу ул. Салавата Юлаева 10, привёз карту. Сказал, что не умеет устанавливать приложение на айфон и уехал Просто супер 👎 В результате, женщина отказалась быть клиентом банка 🤷‍♂️",1,"Здравствуйте, Лариса. 
Простите за такой опыт 😔 Напишите, пожалуйста, нам на почту smm@alfabank.ru: ФИО, дату рождения, а также приложите скриншот отзыва с указанием города, адреса отделения и даты обращения. В теме укажите Жалоба. Яндекс. Лариса Гарипова. 
Всё проверим работу представителя и разберёмся."
2,Денис Шафиков,2023-12-20 01:22:24,"Очень удобно , что появилось отделение банка в городе. Сотрудники компетентные, все хорошо.",5,
3,Инкогнито 4251,2024-02-16 15:37:13,"Классный банк особенно нравится обслуживание, девочки спасибо вам Диана, Гульназ, Диана❤️❤️❤️",5,
4,Ганеев Раиль,2024-02-05 12:27:47,Ужасное обращение .туймазы проспект Ленина 10 одна говорит другая вообще другое просто слов нет!!!,1,"Здравствуйте, Раиль! 
Напишите, пожалуйста, на нашу почту smm@alfabank.ru ваши ФИО, дату рождения, расскажите о ситуации подробней и прикрепите скриншот отзыва. 
Проверим работу сотрудников."
5,Максим Иссаев,2023-09-28 22:43:10,Отличные специалисты в этом отделении Диана и ее команда просто супер специалисты,5,
6,Азат,2023-11-27 23:45:27,"Обещают одно, по факту другое
 Не рекомендую!",1,
7,Кристинка Н.,2023-07-24 17:32:43,Хороший банкомат. Чисто. Нет очереди. Постоянно там снимала деньги. Всё хорошо.,5,
8,РустамовРустам,2023-08-20 12:52:54,"Банк классный , но могут частенько навязывать свои кредитные карты. Может перестанете уже ?",4,
9,Борис Борисович Х.,2024-01-17 14:58:16,Быстро работают и вежливые,5,
10,S PR,2024-04-05 16:23:45,Людей много,5,
11,Федя М.,2023-09-04 15:51:36,Слишком маленькое помещение,3,
12,Света Салахова,2023-08-27 16:59:38,Обстановка располагает,5,
13,лилия патрикеивна,2023-12-26 12:06:51,Супер,5,
