,name,date,text,stars,answer
0,Оленюк Лариса,2024-01-26 08:38:58,Очень хорошее ослуживание клиентов. Спасибо. Коллектив сбербанка по ул.Клинской-1 вежливые. Очень понравилось обслуживание сотрудника банка Голованевой Р.А.выслушает и поможет посоветует.,5,
1,НАТАЛЬЯ МЫСИНА,2024-04-21 03:46:32,Отличное отделение сбербанка. Обслужили чётко и быстро. Очень приятная дама в окошке. Реально помогла . Спасибо.,5,
2,максим чистяков,2024-02-09 13:28:56,"Отличный персонал и внимательный. Объяснение по вопросу с которым обратился, дали очень подробный и решили в положительном результате. Рекомендую всем.",5,
3,Елена,2024-02-25 17:39:12,"Хороший филиал, хорошие специалисты, всегда помогут и вежливо обслуживают.",5,
4,Владимир Капранчиков,2023-12-14 14:15:18,"Очень злые и недоброжелательные сотрудники, после этого в банк приходить не хочется. В сравнении с другими отделениями - это отделение очень плохое",1,
5,светлана полякова,2023-10-18 18:04:13,"Хорошее место!!! Пользуемся, конечно!! Наличку снять или на карту денежку закинуть!!! Очередей нет!! Очередь по электронке очень удобно!!!",5,
6,Екатерина Д.,2023-07-07 09:40:42,"Хочу выразить благодарность Денисову Роману. Очень вежливый, компетентный работник. Помог решить проблему, быстро и качественно.",5,
7,Дмитрий Емельянов,2023-08-20 12:25:24,"Это отделение особенное, все остальные работают до 18.30 и по субботам, а у этого до 17.30 и суббота выходной. Пропасть по сути в выходной невозможно. Когда приходил, наблюдал картину, 4 оператора, один работает, у другого не работает планшет, остальные просто обсуждают личные темы. Очередь бала человек 8.",3,
8,Сергей Макурин,2023-11-30 20:23:07,"Не очень удобный график работы с 8.30 до 17.30,а в остальном всё неплохо",3,
9,Kol’ka,2023-08-31 11:14:40,"Мне не понравилось , сотрудники не могут дать конкретных ответов. Сотрудница подсказала какой талон взять для установки СБОЛ. Просидев в очереди по талону … сказали что у них нет технической возможности установить приложение . Это странно",2,
10,Марина Кузнецова,2023-05-05 07:53:03,"Обратилась забрать оформленную карту. Зашла днём, из посетителей никого, взяла талон, и ждала минут 5 пока соизволят пригласить. Спертый воздух и духота невыносимая, хотя на улице прохладно и отопление отключено. Оператор пригласил и начал процесс оформления и активации карты, но тут ему кто- то позвонил по личному вопросу и он встал и ушел , попросив меня подождать 5 минут. Думала не выдержу духоты, все брошу и убегу оттуда, но карта нужна пришлось вытерпеть. Вернувшись менеджер ещё попросил оставить оценку 5 за качество обслуживания!",3,
11,Светлана Долгополова,2024-01-13 04:25:28,"Хорошее отделение банка, единственное могли бы и субботу сделать рабочей хотябы на полдня .",5,
12,Иван Сергеевич,2024-02-09 12:05:30,"Из 13 окон, и 6 присутствующих сотрудниках, ожидание вызова по талону 20 минут , это нормально?",1,
13,Инна Филимонова,2023-07-06 18:06:06,"Всё хорошо,но нет банкомата на улице, это совсем не удобно в выходные, а тем более когда маленький ребенок,который не всегда желает идти в помещение!!!!! Очень не удобно!!!!!",5,
14,Roman Dolmatov,2024-02-01 18:21:05,"Хотел сдать там биометрию. Потратил пол часа, но так и не разобрались сотрудники как это сделать.",3,
15,Павел Сам,2023-01-31 12:55:33,"Чудо, а не отделение. Часы работы просто бомба! Одни выходные и перерывы, народу всегда полно, грязь в зале. Заставляю себя насильно туда заходить ибо больше нет отделений рядом никаких. Банкомат уличный почти никогда не дает денег, то не работает, то купюр нет.",2,
16,Маргарита Дорохина,2023-08-03 13:33:54,"Доброжелательная обстановка,отзывчивые работники. Быстрое обслуживание.",5,
17,Александра Овчинникова,2024-01-26 03:37:16,"Очереди, конечно, есть, но когда поставили второй банкомат стало в разы легче",5,
18,nioli,2023-12-25 21:13:27,"Много народу, тесно в помещении, где приходится ждать своей очереди.",4,
19,владимир шалаев,2022-06-29 18:08:05,Очень довольным остался от посещения данного учереждения.добрые и участливые девушки работники банка.решили наш вопрос по максимальной возможности для нас.очень терпеливые. Рекомендую!!!,5,
20,Galina K.,2023-07-31 17:07:04,Все хорошо. Просто очень много народу. Проходимость большая.,5,
21,Илья,2023-01-22 18:03:02,Остался доволен обслуживанием данного отделения. Сотрудник всё вежливо и доходчиво объяснил,5,
22,Елена Рощупкина,2023-01-16 17:27:26,"Отличное отделение сбера.А Юля,я так понимаю старшая у них,так вообще золото.Все разжует и в рот положит ,только глотай,а сколько у нее терпения,да и у девочек тоже.Сколько раз обращалась,все решали и помогали.",5,
23,Владимир,2023-07-16 13:46:27,Сотрудникам большое спасибо. Всё сделали быстро и без лишних слов,5,
24,Татьяна Базаджиева,2022-06-17 08:42:09,"Сбербанк на Клинская, 1 Воронеж, сотрудники очень вежливые работают слаженно, быстро, но микрорайон разрастается, площадь банка мизерная, в день оплаты, получения пенсий не протолкнешься, на улице банкомат постоянно тормозит, хотелось бы более комфортные услуги, а персонал молодец👍💣",4,
25,Юлия .,2021-12-17 16:52:32,"Хотелось бы обратить внимание руководства Сбербанка на данное отделение, во первых крайне неудобные часы работы, до 17.30,суббота и воскресенье выходной, работающему человеку в будние дни не возможно обратиться в данное отделение, помещение отделения необходимо увеличить, в связи с тем что всего лишь одно отделение на такой большой и развивающийся район. Банкомат на улице рядом с отделением или не работает что бывает очень часто или не работает на выдачу и внесение наличных, а если и работает то очень очень медленно. Персонал старается и всегда готов помочь. По итогу данного отзыва, необходимо пересмотреть работу отделения, оснастить дополнительными банкоматами на улице и может быть расширить данное отделение",2,
26,Юрий П.,2023-04-24 13:10:07,"Небольшое помещение, но обслужили оперативно. Я доволен.",5,
27,Людмила У.,2022-07-27 17:55:44,"Большое спасибо,соторуднику Регине,помогла решить проблему быстро и качественно!",5,
28,Илья Ковыршин,2023-05-16 16:59:39,Снаружи банкомат часто не работает. Внутри на выдачу валюты постоянно очереди.,3,
29,Инкогнито 8633,2023-08-17 18:41:35,"Лучшее отделение банка, вежливый персрнал",5,
30,Гиви Гивиевич,2023-05-08 13:14:48,"Наружный банкомат всегда не работает, а внутри всегда очередь.",1,
31,Нина Мещерякова,2021-12-09 17:42:54,"Уже давно пора пересмотреть вопрос о более просторном помещении для этого банка. Микрорайон быстро разрастается, а банк малюсенький, график работы с двумя выходными уже давно не подходит для клиентов.",1,
32,Елена Бушевенко,2021-05-04 13:09:13,"Чисто, близко к дому, жаль только, что работают пятидневку, раньше работали и в субботу, минус, то что один банкомат с улицы, который работает только на выдачу денег, на прием функции нет, если банк закрыт, то приходится идти на рембазу, чтобы на карту положить",5,
33,Владимир Неретин,2022-05-21 11:22:44,"Обслуживание отличное, практически никогда не бывает очередей. Несмотря на маленькую площадь, не тесно.",5,
34,Александр Матросов,2021-05-02 17:27:23,"Удобно расположен, просторный внутри, много операторов. Посетителей, конечно, тоже много, но по моим вопросам долго ожидать очереди не приходилось.",5,
35,Арина,2022-02-09 12:30:25,Обслуживание клиентов хорошее. Грамотный персонал. Все хорошо кроме графика работы.,5,
36,Яночка К.,2021-02-17 12:32:12,"Не внимательные сотрудники !!!которые безответственно относятся к своей работе !!!! Делают переводы не правильно !!! Внимательно проверяйте все данные и чеки !!! Реквизиты . Нагло врут в лицо о том ошибки не по их вине .хотя реквизиты дала правильные и они с этим согласны !!!! Прежде чем оплатить госпошлину всегда говорите название вашей организации ,так как на писано на листе или же на телефоне .Они не видят или не хотят видеть !!!!!! Проверяйте каждую бумагу ,сотрудники НЕ КАКИЕ !!!!!!!!!! Куда смотрят не понятно !!!!!! По их вине потеряна огромная сумма денег ....",1,
37,александр перцев,2023-04-04 16:41:31,"Сотрудники квалифицированны, вежливы.",5,
38,Алексей G.,2022-08-18 11:54:49,"Обслуживание -норм, персонал- норм. График работы не очень. ""Тугой"" банкомат на улице.",5,
39,k.ledenev,2021-09-28 15:56:00,"Неоднозначные впечатления от отделения. График работы крайне не удобный (по субботам не работают) и банкомат на улице, который не даёт возможности внести деньги на карту, при снятии денежный средств работает крайне медленно, либо не работает совсем.",1,
40,Виктория Мленковская,2023-09-06 12:46:43,Очень вежливый персонал,5,
41,Роман П,2021-10-02 21:18:35,"Хорошее отделение весь сректр банковских услуг, но всего один банкомат на внесение налички и не очень удобный график работы 17-30 и без выходных",4,
42,Александр Мирошниченко,2021-08-14 10:47:52,Отличное отделение!!! Всегда помогут решить вопрос и возникшую проблему!!! Молодцы девчёнки!!!,5,
43,Олеся Л.,2023-03-26 16:38:51,Хорошее отделение. Компетентные сотрудники,5,
44,Сергей С.,2022-06-06 08:54:53,"Ужасное обслуживание. Сбердоставка, 1.5 часа очереди...Почта России быстрее работает.",1,
45,Михаил,2020-12-24 02:28:17,"Минус: 
В этом году в октябре 2020 года отделение было закрыто. Открыли в середине декабря 2020 года.
А на входе никакого сообщения о временном закрытии отделения и когда будет открыто.
Минус: 
1 банкомат на улице в стене дома, который полный тормоз, и уже несколько лет деньги не принимает.
Минус: 
года 2 назад изменился график работы, теперь работает до 17:00 и суббота выходная.

А так более менее терпимо.",4,
46,Инна Подгорная,2023-09-11 11:52:42,"стараются,но не все",4,
47,Алексей Лукьяненко,2023-02-25 17:37:52,"Быстрое обслуживание, мало посетителей",5,
48,Надежда Николаева,2021-08-02 10:29:15,"В банке изменилось руководство, все сотрудники вежливые, очередей нет, обслуживание на высоте.... Все изменилось в лучшую сторону",5,
49,Павел,2023-05-12 18:49:42,Обычное отделение Сбербанка.,5,
50,Дария Д,2020-05-31 08:03:52,"Ужасный банк. Вернее его отделение. Часы работы неудобные. В 18 они уже обработались и идут домой. Ладно бы, если бы банкомат на улице работал на внесение и на выдачу. Но он старше г-на мамонта. Или вообще не работает или работает только на выдачу. После 18 только идти через поземный переход на другую сторону улицы, чтобы внести деньги (слабое удовольствие). Какое руководство, такое и обслуживание. Бабушкам пора на пенсию. Хотя, если учесть, что в этом отделении есть правоприемственность, то на место руководителя скорее всего сядет его отпрыск, который там уже давно ""бьёт баклуши"" и получает за это зп. И круг замкнется.",1,
51,Сергей Дихтяренко,2022-06-26 16:03:11,Банкомат на улице долго грузится.в здании всё хорошо,3,
52,сергей зарафиди,2022-07-23 03:43:05,Банкомат на улице иногда зависает и не может прочитать карту сбербанка.,3,
53,aleksfroll,2021-09-22 13:02:43,"Дикие очереди дикие люди 
Вечно не работает уличный банкомат
А если работает то карту не вернёт или деньги не даст одним словом катастрофа",1,
54,Ольга Хромых,2022-07-18 20:12:12,Отзывчивые работники.Но есть одна прошивая овца.,5,
55,Ирина Галкина(Погребняк),2021-08-19 04:16:43,"Банк как банк,все люди работают и в банке тоже люди,у которых есть дети в саду и школьники.Нужно понимать труд каждого.Девочки молодцы,ни когда не откажут в помощи,всегда есть ответ,не грубят и вежливые.",5,
56,Короткова Марина,2021-09-16 10:24:19,"Ужасное обслуживание! Не работают терминалы, что бы люди оплачивали услуги у операторов с комиссией. Не ходите туда",1,
57,Дмитрий Хрестенков,2023-05-27 11:58:10,Филиал ада на земле,2,
58,Виктория Попова,2023-04-26 23:52:13,Неплохое заведенье,4,
59,Захар Богданов,2022-07-15 06:35:50,Пора давно поменять логотип на современный и расширить его,1,
60,Александр,2022-10-29 07:00:49,Знающие и компетентные сотрудники,5,
61,Лариса Цымбалова,2020-02-25 20:19:16,"Обслуживание отличное, но часы работы надо менять. Попасть работающему человеку нереально. Вечером в 18 часов они уже закрыты и в выходные дни не работают. Одно единственное отделение на огромный микрорайон. Нужно пересмотреть график работы или открыть ещё одно отделение.",4,
62,МЕДВЕДЕВА Н.,2021-04-25 21:37:40,"Учитывая то,что банк обслуживает громадный район,работа до 18 часов неудобна.Пока доберёшься с работы,а банк уже закрыт.",2,
63,SiViS,2023-02-04 17:36:54,древнее отделение,1,
64,наталья колесникова,2021-12-17 13:37:13,Хороший сбербанк отзывчивые сотрудники,5,
65,ИГОРЬ Машин,2021-10-19 17:02:12,"Маленький банк.Но хорошо,что есть ибо ближайший на Димитрова.",4,
66,Сергей Попов,2022-05-20 18:02:28,"Банкомат, хорошие обслуживание",5,
67,Леся,2021-08-29 19:33:56,"Закрываются в буднии дни рано, в выходные не работают. Из-за этого приходится ездить",1,
68,Matvey Yurkanov,2021-09-03 09:51:20,Банкомат на улице всегда очень плохо работает и собирает очередь по выходным.,4,
69,евгений бутенко,2021-09-13 16:54:54,вполне нормальное отделение небольшие очереди в час пик,5,
70,Наталья Ш.,2020-05-15 06:38:02,Постоянно обслуживаюс в этом отделении. Девочки вежливые и всегда все объясняют. Помогают.,5,
71,А,2023-02-19 19:12:34,Отлично,5,
72,Михаил,2021-09-14 15:31:51,Стыдобища!!! Банкомат в помещении Сбера НЕ РАБОТАЕТ.,2,
73,Артем Краснов,2019-12-06 12:14:52,"Обслуживают хорошо, но в других отделениях сотрудники работают быстрее. Тут очень часто очереди",3,
74,Афанасий Иванов,2021-02-25 12:08:26,не самые большие очереди. Персонал не квалифицированный,4,
75,Irina Arhipova,2022-05-10 10:47:07,Середнечковое отделение.,2,
76,юлия,2022-01-15 18:57:42,Очень классный персонал,5,
77,Евгений Просветов,2022-01-03 15:12:06,Хорошее обслуживание клиентов.,5,
78,sunnyband,2020-09-08 16:49:09,Удобное расположение в шаговой доступности,5,
79,Елена Попова,2019-10-06 03:46:32,Очень вежливый персонал. Быстрое и качественное обслуживание.,5,
80,Алексей Кушнин,2019-11-04 15:35:26,"В основном постоянные очереди...пытаются постоянно подключить какие-либо ненужные услуги, под предлогом что-то там ""проверить""...бесит",3,
81,Сергей К.,2020-07-28 13:23:39,"Отличные сотрудники,быстрое обслуживание",5,
82,Александр Русских,2020-01-21 11:36:32,"Девчонки молодцы, всегда подскажут что и как правильно сделать.",5,
83,Тайный покупатель Санчез,2021-04-13 07:20:24,Народу мало. Банкоматы свободные стоят.,4,
84,алексей концов,2018-10-29 09:31:15,"Хуже отделения не встречал,простоял 30 мин. нужно было заказать деньги на другой день,электронная очередь проходит мимо, номер 54,55,57,58,59,60,62(у меня был номер 56,потом взял 61) обслуживать никто не хочет,хотя людей было не много.",1,
85,Денис Плакс,2021-05-25 12:39:10,"Разводят с кредитами, надо быть на чеку.",1,
86,Анастасия,2020-03-16 10:23:30,"Очень вежливый персонал,удивительно для сбера",5,
87,Ольга Егорова,2019-10-15 16:43:22,"Обслуживание быстрое и качественное, но мало банкоматов на выдачу наличных.",3,
88,Александр Буров,2019-07-27 03:30:35,"Спокойное, тихое место. Легко решить вопросы. Но когда ЖКХ - море бабушек.",5,
89,Марина К.,2020-07-09 07:43:07,Толпы народу. Правда ждали не долго. Вся очередь по эл. записи .,3,
90,Ирина Б.,2019-11-08 10:11:36,"Удобное расположение, приятный персонал, быстрое обслуживание.",5,
91,Дмитрий Дуров,2021-08-22 16:59:08,Продлить время работы,3,
92,Ирина Кузнецова,2022-05-04 03:15:11,Класс,5,
93,Лилия Саратова,2021-07-20 10:58:20,Хорошее обслуживание.,5,
94,Владимир Стадник,2021-03-28 08:38:37,Почти не бывает очередей!,5,
95,pwga545,2021-05-03 13:22:29,Приветливый персонал,5,
96,Alex Gul,2020-11-05 16:16:18,Ну очень не удобное расписание☹️,5,
97,Рубен Г.,2020-04-10 15:12:37,Вежливые сотрудники. Практически нет очередей.,5,
98,Лилия Шкрабало,2021-07-10 02:59:30,Рядом с домом,5,
99,Сергей Трушин,2019-08-23 03:16:39,Отличная команда работает . Все для клиента,5,
100,Евгений И.,2019-12-22 10:46:52,"Очень старый банкомат, нет втзможности внести средсва на карту.",1,
101,Python36,2020-11-10 20:11:00,Обычный сбер с очередями,3,
102,amina.n15,2021-03-10 13:47:16,Хороший персонал 👍🏼,5,
103,Ирина,2018-06-27 11:22:13,"Хороший филиал, отличный коллектив. Всё на уровне. Молодцы",5,
104,DKV,2019-08-07 17:36:25,"В основном пользуюсь терминалом, заторможенный он немного. А так норм.",4,
105,Юрий Беглов,2019-10-23 17:10:29,Удобно хорошие консультанты,5,
106,Ирина Шкарина,2019-08-02 13:36:33,"Отзывчивые кассиры, быстрое обслуживание.",5,
107,trafik66,2019-08-06 04:48:19,очень приятный отзывчивый персонал,5,
108,Юрий Зубков,2020-04-23 20:44:05,Был один раз все хорошо!!!,5,
109,Данил,2020-02-02 09:29:22,"Если бы работал в субботу, было бы круче",4,
110,Анатолий Иванов,2019-09-18 07:22:59,"Хамят, не хотят обслуживать, когда квартплату платишь наличкой",2,
111,Елена Т.,2019-08-04 16:11:15,Быстрое и качественное обслуживание,5,
112,Alla,2020-03-17 10:44:02,В субботу не работает. И в будние дни до 18-00.разве так банки работают?,3,
113,Ирина Хартюнова,2019-07-30 23:37:01,"тесно, персонал не компетентен во многих вопросах",3,
114,Неизвестно,2020-02-17 13:44:31,Всегда огромная очередь,2,
115,Артём Олегович,2020-04-20 11:46:46,Обычный Сбербанк 🤷‍♂️,5,
116,Фёдор К.,2018-07-29 17:35:11,Рядом с домом вежливо отношения хорошее.,5,
117,zme10chka,2018-05-19 13:30:18,"Банкомат рядом сломан, не читает карты. Пришлось в очереди постоять в самом отделении",3,
118,Ояебу О.,2018-06-15 12:40:42,Крутое место - туда иногда заходят пафосные персонажи,5,
119,Алина Суркова,2019-07-25 05:35:48,Неочень вечер в банкомат очереди,3,
120,atlet2017-ivanov,2018-05-24 10:04:58,"Хорошее обслуживание,вежливые сотрудники!",5,
121,Анонимный отзыв,2016-07-28 18:02:22,"Обслуживание отвратительное, операторов постоянно нет на месте, делают ошибки в заполнении реквизитов, ведут себя не профессионально",0,
122,Танюшка Иголкина,2020-01-29 17:00:28,Отличный банк,5,
123,оля шулепова,2019-10-18 19:05:27,Хорошее обслуживание,5,
124,anatolij sidorov,2018-07-10 15:30:05,Отличное обслуживание,5,
125,Prizrak Vk,2018-07-30 11:30:53,Хорошее обслуживания,5,
126,Дмитрий,2017-04-26 10:04:32,банкомат или не работает или по 100руб только,1,
127,Алексей Ленивцев,2017-06-27 13:25:19,"мало места, неудобно, нет детского уголка",3,
128,HellWolfDraco,2018-05-29 10:28:18,Хорошее обслуживание.,5,
129,Ольга М.,2016-11-17 05:13:49,Банкомат постоянно не работает,0,
