,name,date,text,stars,answer
0,Инкогнито 5619,2023-12-20 17:00:46,Обслуживание на высоте что не ясно подойдёшь спросишь всегда помогут обращалась к Людмила Васильевна это от бога человек дай бог здоровья успехов благополучия и удачи,1,
1,Инкогнито 6835,2023-07-24 08:44:08,Банк расположен прекрасно два входа большая парковка в очереди стоять недолго персонал вежливый в банке всегда чистым Спасибо огромное вам за это,5,
2,Марина,2023-10-07 07:24:21,"Сотрудницы Снежана, Оксана и Кристина 06.09.2023 помогли проверить товар по доставке, принесли все необходимое для проверки, и помогли запаковать для дальнейшей транспортировки! Спасибо!",5,
3,Dina,2023-02-09 14:17:01,"Сколько приходилось обращаться в это отделение СберБанка,всегда все было хорошо.
Консультанты помогут и подскажут.Нет очередей.
Много банкоматов в отдельном зале.Удобно и комфортно.",5,
4,Юрий Панфилов,2023-10-04 12:55:32,"Хороший сбербанк рядом с домом. Есть электронная очередь и диваны, чтобы ожидать. Из минусов не сильно долгий режим работы, а так все хорошо.",5,
5,Вера П,2023-08-23 14:28:41,"Хороший персанал, быстро помогли , все объяснили. Очень удобное расположение.",5,
6,Xseniya Follow,2022-11-03 11:38:40,"Сбербанк перестал дорожить своими клиентами! Хочется предупредить всех прежде чем ложить деньги в банкомат пересчитайте их перед камерами, иначе в случае если будет зачислена меньшая сумма, невозможно в данном банке доказать, что ложили бОльшую сумму! В данном отделении банкомат выдал ошибку, зачислил меньшую сумму, да не на тысячу или две а на 10 тыс. рублей, в итоге у банка не оказалось основания на зачисление тех денег что были положены!! Будем теперь клиентами другого банка.",1,
7,Оксана Давыденко,2023-04-11 15:14:53,"Сегодня посетила отделение сбербанка в ТЦ "" Южный полюс"". Характер обращения предусматривал взаимодействие исключительно с администратором отделения. Время ожидания 1 час 16 минут. Ушла не дождавшись. Неприятно удивлена.",1,
8,Екатерина Ф.,2023-11-11 16:40:33,Очень вежливые сотрудники. Всегда помогут с любым вопросом. Удобный график работы.,5,
9,Евгений Тютин,2023-04-21 20:47:28,Советую для посещения находится не далеко от дома вежливый персонал.Всегда помогут консультанты.,5,
10,johnny trefilov,2023-01-30 18:51:02,"Нет нареканий. Хожу к одному врачу, так повелось, один раз попал на него, все устроило, других даже пробовать не хочу. Так что Барсукову А.В. мое почтение.",5,
11,Исломжон,2023-12-11 12:16:02,Идеальном состоянии обслуживаеть клиентов,5,
12,Алиса С.,2022-07-06 06:35:26,"Приходилось обращаться несколько раз по служебным вопросам. Так же как и во всем Сбере навязывают доп услуги, также работники не всегда компетентны. Однажды работница отследила меня у банкоматов и стала предлагать ""персональное предложение"". Обычное местечковое отделение, но пожалуй лучшее на Маштете.",4,
13,Галчонок,2021-11-20 12:13:08,"Обслуживание меня лично,вполне устраивает, работники-операторы вежливые, расположение удобное, два входа в банк, чисто, терминалы всегда работают практически все.",5,
14,Светлана Скворцова,2022-10-22 19:13:39,"Обслуживание быстрое, отношение вежливое, время ожидания короткое, наличие банкомата огромный плюс и экономия времени.",5,
15,SquallFire,2023-05-31 16:41:07,"Если говорить конкретно об отделении, то вполне нормально. Ну а сам сбербанк в представлении не нуждается.",4,
16,Дмитрий,2021-09-08 10:13:45,"В этот понедельник 06.09.2021г.,пришли с мамой пожилым человеком, переоформить вклад, который был 3.20%,нас убедили взять на 3 месяца под 2,7%,нас обманули, консультант неграмотная, ничего не знает, обратилась к управляющей, та тоже бестолковая, что то напутали, кончились дебетовая карта, попросили оформить, другую сказали таких не существует на данный момент, ни дебетовых ни цифровых, убедили взять платную. До этого управляющая была Людмила на вес золота и персонал был супер, но сейчас настолько бестолковый, необразованный, неграмотный, ни чего толком не объяснили, только обманули, из за этого все вклады и пенсии, будем переводить в другой банк. Сбербанк отвратительный банк, в нём работают хамы, бестолочи, советую другим задуматься, процент маленький на вклад, банк отстой....
Р. С. Хотели снять деньги, сказали этого не возможно, нужно заранее заказывать, ну я же не сто миллионов снимаю, что за передел, а у меня горе, нужны были деньги, теперь все средства из этого банка выведу и вам советую, я так этого хамства не оставлю, буду писать центробанк России, жаловаться, вот так и доверь свои сбережения...",1,
17,Наталия Демихова,2023-03-26 18:20:49,"Банк как банк,обслуживание вежливое, консультанты приветливые,ждать долго не приходится.",5,
18,Stalon,2021-11-05 16:31:02,"Плохое отношение к клиентам (например не могут открытую карту перенаправить с одного филиала в другой филиал,рядом с домом), нет желания помочь клиентам, стремление банка нажиться на клиентах за счёт взимания процентов (например коммунальные платежи), всем клиентам сбербанка надо самим подключать систему СПБ, в отличии от клиентов других банков где система СПБ подключена и настроена автоматически. Сколько клиентов ободрали процентами из за того, что люди не знают, что надо в сбербанк онлайн давать разрешение на подключение к СПБ?",1,
19,Ольга С.,2022-06-24 09:37:06,"Удобно расположен. Внимательные работники: помогают решить любые ""банковские"" проблемы.",5,
20,Victory Mahrakova,2021-07-31 07:55:54,"Нормальный Сбербанк. Талоны, отделение с банкоматами, не душно, есть, где присесть. Недочет - табло, на которых показывается номер клиента. Они расположены как-то неудачно. Одно в торце (на нем вообще издалека не видно, что написано), второе - напротив одной из кабинок менеджера (из зала ожидания его не видно ни с одного кресла). Приходится прислушиваться к голосу робота, называющего очередной талон.",5,
21,Елена Алаева,2022-07-17 13:30:11,"Удобное место расположение, также много предлагают интересного по акциям.",5,
22,Злая Зая,2022-04-18 20:42:43,Мне нравится и расположен удобно и обслуживают быстро и квалифицированно. Молодцы.,4,
23,Роман Гончаров,2021-08-04 13:53:31,Одно из лучших отделений Сбербанка в Воронеже. Просторное помещение. Быстрое обслуживание. Колличество банкоматов впечатляет. Являюсь клиентом этого отделения Рекомендую.,5,
24,Дина Лынова,2023-01-25 17:23:34,"Время ожидание быстрое, вежливый персонал, рекомендую!!!",5,
25,Каролина Лель,2022-10-18 18:13:37,Отличное обслуживание. Хороший вежливый персонал.,5,
26,maxim zeppeli,2023-02-11 17:43:38,"Обслуживание неплохое, работают достаточно быстро",4,
27,Инкогнито 7239,2023-02-20 21:34:09,"Хорошее отделение, доброжелательный персонал, отвечают наивен вопросы.",5,
28,ольга с.,2023-05-25 18:37:22,"Хорошее обслуживание, вежливые оаботники",5,
29,Елена Б.,2021-08-06 10:26:13,"Очень хороший банк. Отдельное спасибо девочке по имени Анастасия, вежлево и грамотно мне оказала услугу, ответила на все интересующие вопросы",5,
30,екатерина филимонова,2022-09-13 08:54:02,очень удобно расположен и вежливый персонал,5,
31,Екатерина Страмоусова,2022-08-30 11:22:59,"Удобное расположение , отличный персонал",5,
32,ал гор,2023-09-02 06:03:46,Замечательное отделение,5,
33,Milana Vogue,2023-06-12 16:44:12,Расположение удобно,5,
34,Вадим М,2023-07-18 07:31:59,Всегда много народа.,4,
35,Анонимный отзыв,2021-05-26 14:23:53,"Отвратительно. Некоторое время назад получала карту дебетовую . Нужна была срочно. Убедили, что без кредитной не дадут. Дали кредитную на 10 тыс (которая мне не нужна!) и сказали немедленно активировать. Я вышла оттуда, пришла в себя и тут же ее заблокировала. Написала жалобу потом. Плохой офис. Не советую",1,
36,Наталья,2021-10-05 14:46:31,"Остались недовольными! Посетителей мало, а по очереди электронной через 30 минут попали! На что оператор ответила -а я причём? Так компьютер распределил!",1,
37,олеся перова,2021-03-18 11:57:08,"Девочки помошници всегда помогут,а проститете парни тоже все отзывчивые и доброжелательны",5,
38,Денис Кокорев,2021-12-16 12:33:03,Быстрая работа и хороший коллектив! Быстро подскажут.,5,
39,Илья Чалый,2023-02-21 16:37:51,"Всё хорошо, подсказали",5,
40,Елена Ш.,2019-04-16 06:06:26,"Часто посещаю этот филиал. Большая удобная парковка, огромное количество окон, быстрое и вежливое обслуживание. Хожу с пожилой мамой , поэтому очень важно-много сидячих мест и внимательные, терпеливые сотрудники.",5,
41,Иван Иевлев,2023-08-11 21:19:23,всегда рядом,5,
42,Маргарита Бакаева,2021-05-06 03:12:17,"при получении карты, навязывали тех.безопасность за тысячу рублей сверху, в другом отделении получили карту и узнали что эта поддержка добровольная",1,
43,Алла Т,2022-01-01 13:08:37,"Хорошие специалисты, вежливые и внимательные",5,
44,Александр Ефимов,2020-08-21 18:57:18,"Не понравилось отношение к клиентам. Выдался случай, когда меня не путили в банк перед перерывом,хотя до него было ещё 15 мин. Объяснили, что и так много людей. В нормальных банках, этого нет.",2,
45,Ник К.,2022-11-02 04:47:16,Сбер как Сбер. Ничего отличного.,5,
46,Надежда Мануковская,2021-09-20 14:19:58,"Удобно, рядом, практично. Сотрудники вежливы.",5,
47,Ангелина Лынова,2022-07-16 12:57:29,"Банк хороший,вежливый персонал",5,
48,Юлия Белоусова,2023-01-22 18:11:56,Вежливый персонал,5,
49,Елена Кудаева,2021-10-18 10:00:30,"Хорошее отделение, в очереди ни разу не ждала. Обслуживание быстрое, культурное, вежливые сотрудники.",5,
50,Скучающий,2020-04-14 15:21:07,"Из плюсов- удобное место
Из минусов периодические столпотворения у банкоматов и в зале. 
А всё потому что после открытия этого отделения были закрыты два соседних.",3,
51,Василиса Яковлевна,2021-11-04 13:50:04,Обслуживание отвратительное. Особенно женщина в кассе выдачи и обмена .,2,
52,Александрия Честнейшина,2021-08-17 14:48:43,"Доброжелательный персонал всегда помогут, если что то не понятно",5,
53,Ольга Крымова,2022-08-21 17:47:30,Обслуживание отличное.,5,
54,Дмитрий Т,2021-04-06 18:07:02,"Приходится постоянно ждать..... Хоть и сказали приходите, а там перерыв у кассира ждите....",3,
55,Вадим Тимофеев,2019-09-02 15:16:57,"Очень большое отделение Сбербанка. Очень удобно, что есть отдельный круглосуточный зал с банкоматами.",5,
56,Татьяна Бузуверова,2021-09-11 10:03:03,Все отлично! Много банкоматов!,5,
57,Александрия,2020-08-21 12:00:04,"Находится рядом с домом ,это очень удобно,но ни когда нет консультантов или они есть но не знают ответа",4,
58,Ой.я.,2021-08-21 14:43:55,"Хорошее расположение,неплохое и быстрое обслуживание.",4,
59,Галина Пашкова,2019-09-09 06:21:43,"Обслуживание качественное, для клиентов банка удобные места для ожидания, работники уважительные! Мне очень нравится",5,
60,Марина Чудинова,2021-01-23 18:30:10,"Мы довольны. Ни разу не обидели, всегда вежливы и отзывчивы",5,
61,Виктор Меженников,2021-07-30 18:17:48,"Очень удобно, много банкоматов",5,
62,Роман Храмогин,2023-06-10 06:39:36,часто бывает закрыт,4,
63,Владимир Донской,2021-09-13 20:12:36,"Очень заниженные вклады,расчет только на кредиты.",2,
64,Игорь Шурыгин,2022-01-02 17:00:11,Нормальное отделение сбербанка,5,
65,Александр,2021-02-08 13:40:40,"Отличное отделение, быстрое обслуживание",5,
66,Алла Родченкова,2019-08-01 20:15:38,Всё хорошо и удобно. Персонал нормальный. Но не все операции можно делать в этом отделении.,4,
67,Маруся,2019-09-10 18:14:02,"Хорошее отделение... Все со рудник отзывчивые, помогут, расскажут... Чистенько..",5,
68,ОКСАНА СЕРЕГИНА,2019-09-21 18:41:19,"Обычный Сбербанк как и все, также навязывают карты и услуги. Поставила 4 звезды за то, что пенсионерам подключают лишние не нужные услуги.",4,
69,Алиса,2021-11-24 08:41:18,Тесновато в помещении.,4,
70,Марина М.,2020-06-17 06:34:08,"Быстрое, вежливое обслуживание,наличие терминала не создаёт очередь",5,
71,Артём Татевосов,2021-08-27 19:19:48,Очень компетентный персонал,5,
72,Анонимный отзыв,2020-09-09 18:15:59,"Сбербанк удобно расположен, внутри тц.",5,
73,Neverpul,2020-07-04 10:11:08,"Удобно расположен, плюс много банкоматов!",5,
74,Oleg M.,2022-07-27 04:19:36,Все здорово,5,
75,юлия пашенцева,2021-03-04 18:26:45,Все быстро и качественно,5,
76,Наталья Поликарпова,2022-09-12 06:04:51,Очереди,3,
77,Ирина Колесникова,2022-08-24 18:37:07,Норм,5,
78,Андрей,2021-01-14 15:52:09,"Электронная очередь,много банкоматов",5,
79,Алла В.,2019-10-13 18:10:26,"Не предпочитаю, всегда тьма народа, спросить, уточнить -очередь! Одна из двух в районе - жуть.",4,
80,Кристина Шах,2021-08-29 19:54:21,Быстро обслужили,4,
81,Наталья Орехова--Жарких,2021-07-25 14:48:38,Очень хорошее место,5,
82,David,2022-02-05 19:33:51,Нормально,1,
83,Н. Р.,2021-05-12 08:31:03,Хорошее отделение.,5,
84,Наталья Сушкова,2019-08-31 13:33:33,Хорошее отделение - потому что рядом) Всё как везде.,5,
85,Ольга Л.,2019-09-29 12:44:40,"Большое отделение, много банкоматов и для снятия и для оплаты.",5,
86,Лилия Саратова,2021-02-04 10:08:53,Быстрое обслуживание,5,
87,александр м.,2021-09-03 12:00:37,Сбер как сбер,5,
88,Алекс ДАВ,2020-02-16 06:14:06,Сбербанк внутри ТЦ удобно,5,
89,Олеся,2019-10-31 16:20:18,Долго ждать в очередях. Сотрудники часто не отзывчивые,2,
90,Геннадий Рыжков,2020-06-26 06:08:55,Лучшее отделение в этом районе.,5,
91,Елена Сальникова,2019-08-10 10:48:30,Очень отзывчивые и компетентные работники.,5,
92,Soul Gamer,2019-11-30 22:58:52,Все быстро и качественно.,5,
93,Shandaro,2019-08-07 14:30:39,Очень удобное месторасположение,5,
94,Юлия .К,2020-02-06 16:40:13,"Всегда народ капец, все так толго",1,
95,Ирина Кудинова,2020-09-15 14:16:31,Быстрое обслуживание,4,
96,Алекс Ром,2020-07-21 19:51:07,никогда нет разменных купюр,3,
97,Натали Собко,2021-09-21 19:12:01,Хороший,4,
98,Татьяна К,2019-12-18 10:41:12,много банкоматов и теминалов,5,
99,evstars,2020-06-20 06:06:29,Удобное отделение!,5,
100,Валентина Бочарова,2020-03-15 08:00:51,Все быстро и понятно.,5,
101,Ютубер-тик токер,2020-06-14 14:25:19,Много банкоматов,5,
102,Елена К.,2020-04-01 05:08:23,Быстрое обслуживание,5,
103,Марина,2020-01-29 17:22:02,"Ужасные очереди, всегда!!!",5,
104,Галина Панина,2020-07-28 10:47:52,все в норме.,5,
105,Елена Б.,2019-11-17 11:48:31,Девочки быстро работают,4,
106,Елена Падалкина,2019-12-20 22:51:48,Быстрое обслуживание,5,
107,Сергей,2018-02-16 10:04:09,"Бесплатная парковка,удобное расположение банка.",5,
108,rw3quc.63@mail.ru,2020-02-28 02:53:13,Все нормально.,5,
109,Сергей Булгаков,2020-02-03 14:43:45,Часто очереди,4,
110,Дина Межевикина,2019-06-29 16:21:31,Вежливые девушки.,5,
111,Camelia,2019-09-25 17:42:55,Очереди 😭,4,
112,Елена Сердюкова,2019-08-28 22:27:47,Хорошо,5,
113,Валентина О.,2017-10-27 06:11:35,отличное обслуживание.,5,
