,name,date,text,stars,answer
0,Татьяна,2024-01-25 07:00:25,"В помещении тепло и чисто, достаточное количество специалистов. Но банкоматы в этом отделении - просто отдельное зло. Всё жутко виснет, после каждого нажатия кнопки долгая загрузка. Полчаса пыталась положить деньги...",4,
1,Степанов Вячеслав,2023-12-06 14:20:13,"Моё любимое отделение банка в г. Воронеже. Штат держится, люди отзывчивые и компентнные. Здесь я совершал покупку квартиры, проблем не возникло.",5,
2,Ольга С.,2023-12-27 17:58:30,Отличное отделение. Работают настоящие знатоки своего дела. Процветания и успехов!,5,
3,Ангелина Сальникова,2024-01-27 16:33:30,"Сотрудники вежливые и приветливые, с порога помогают, поменяли мелочь 40 тысяч без проблем, хотя другие филиалы искали 1050 причин для отказа.",5,
4,Ахмад-шах Масуд,2023-12-19 14:16:03,Раньше было лучше. После реконструкции персонал работает медленно. На простейшую операцию не хватает 15 минут бесплатной парковки,4,
5,Ольга Волкова,2024-04-22 12:58:06,"Хороший новый офис. Сотрудники,с которыми общались, адекватные. Помогли решить наш вопрос",5,
6,Bob J,2023-02-02 17:08:15,"2* только за банкоматы. Женщины в окнах обслуживания это вообще нечто. Пришел забрать готовую карту, передо мной 3 человека, я подождал 10 минут, и то, потому что разговаривал по телефону, спрашиваю когда будут обслуживаться люди с талонами начинающимися на Л, ответ: ""мы не знаем, программа зависла и не отвисает"". А сказать ""не ждите сегодня, программа зависла, а мы некомпетентные тётки и решить ничего не можем"" они не в состоянии. Только принимать оплату ЖКХ и могут. В общем реновация у Сбера так себе. Банкоматы сократили, а лучше б такие никчемные отделения закрывали бы.",2,
7,Валерий Вихров,2024-01-05 09:06:34,"Удобно, на привычном месте. Но теперь с кофемашиной в клиентском зале.",4,
8,Мое почтение,2022-12-16 06:02:55,"Невыносимо навязчивая политика компании сбербанк по навязыванию своих, никому не нужных услуг. Заказал посылку специально в постамат, чтобы быстро прийти и забрать. Её зачем-то переложили из постамата на выдачу у сотрудников, пришлось сидеть в очереди. Затем, вместо того, чтобы просто за 1 минуту выдать мне посылку, началась история про какие-то кредитные карты, сберпраймы и т. д. Сбербанк ""ау"", мало от вас мне этих предложений в смс, звонках и приложении? Неужели вы не понимаете, что если мне не нужна кредитная карта, то я не буду её оформлять, хоть звоните, хоть пишите, хоть лично говорите. Прекратите отнимать у людей время! Вы реально верите, что заставите меня путем отнимания моего времени подключать ваши услуги типа сберпрайма, чтобы я его не тратил на сидение в очередях, скорее полностью отобьете желание пользоваться вашими сервисами.К сотруднику, которого заставляют всем этим заниматься претензий нет",1,
9,Виктория Кобякова,2023-12-04 11:22:19,Отличное расположение и удобный график обслуживания.,5,
10,Имя Фамилия,2023-04-13 22:17:58,"В этом отделении у меня не приняли оплату по квитанции сказали оплатите сами не через окно , потом когда деньги украли *** продолжая ещё полгода работать. Мне Сбербанк тот же отвечал что Вы же сами проводили операцию а не через оператора и мы не вернём Вам сумму. Сбербанк тогда срубил комиссию при оплате, а оператор видела что эти реквизиты у них в черном списке. И за всех у кого деньги на книжках обесценились.",1,
11,татьяна ильева,2022-04-25 18:44:08,"Отличный офис Сбера: много банкоматов в отдельном помещении, практически никогда нет очередей, несмотря на большую посещаемость. К специалистам тоже попадаешь быстро. Вежливо, грамотно, дружелюбно. Бываю в этом офисе регулярно на протяжении 40 с лишним лет. Процветание и прогресс!",5,
12,Серега Журавлев,2023-01-18 08:34:53,"Пришли уточнить на счет ипотеки. Сказали, что это не здесь, а нужно звонить на горячую линию. Поняли, приняли. Сотрудница продолжает, сегодня мы можете оформить то, другое, следующее. Мы сначала не поняли, думали что это касается нашего вопроса, но не тут то было, по нашему вопросу было только потрачено ровно 1 минута, а остальное навязывание компании. Так что не удивляйтесь почему такие очереди в отделениях.",1,
13,Анатолий Крылов,2022-09-17 16:25:08,"Лучшее отделение в городе, минимум очередей. В силу своей работы посещаю почти ежедневно это отделение. До этого прошёл от юго-западного до центра около 5 отделений. Остановил свой выбор именно на этом. Персонал очень оперативно работает, ни разу не слышал чтобы кто-то жаловался.",5,
14,Nika,2023-10-16 08:38:50,"Хороший, просторный офис. Персонал вежливый и воспитанный. Пока сидишь в очереди, можно попить кофе, есть платная кофемашина с вариантами напитков",5,
15,Николай Данковцев,2022-08-18 17:49:08,"Редактирую свой отзыв от 2018 года, когда писал: - ""Ну что тут скажешь. Годы идут а сервис не меняется(( печально""
Оказывается всё-таки меняется качество и сервис, всё-таки стали лучше чем в 2018 году. Стало больше работающих банкоматов, появились наконец платежные терминалы, даже появилась СберДоставка, правда мальчик из шкафчика достает и выдает тебе посылки, это конечно требует доработки.)))",3,
16,ШОУ-РУМ | ВОРОНЕЖ,2024-02-19 13:54:53,Быстро а самое главное умные специалисты,5,
17,Scaevola,2022-10-31 18:17:29,"Обычное отделение Сбербанка. 
Из недостатков - в отсеке с банкоматами и терминалами налево от входа, в который нужно подниматься по ступенькам, нет перил, что очень неудобно для стариков или инвалидов вроде меня.",4,
18,E K,2022-11-25 21:39:23,"Поставили услугу оповещений, не спросив хочу ли я, сняли деньги, сбер по претензии отказывается возвращать деньги, хотя позвонила сразу как увидела, выйдя спустя 5 минут смс о списании средств. Самый не клиентоориентированный банк",3,
19,Же Ша,2023-06-03 17:34:25,"Один из не многих «старых» офисов сбера, которые остались в центре. А то захочешь - денег негде положить на карту 😵‍💫",5,
20,Оксана,2023-03-27 19:00:14,"Нормальный сбер около дома.Очередей не замечала давно ,единственный минус в центральном районе мало филиалов.",5,
21,ирина романовская,2021-12-02 12:03:08,"Ну да, удобное расположение недалеко от Жд вокзала! Хорошее обслуживание, нет очереди! Быстрое решение сложных вопросов в связи с переводом вкладов из других регионов, помощь с адаптацией людей пенсионного возраста",5,
22,Андрей А,2023-06-20 16:12:09,"Оплатить квартплату, обзавестись золотыми слитками. На любой вкус и достаток.",5,
23,Путь к Истине,2023-11-12 16:20:20,Быстро и оперативно,5,
24,Елена,2022-04-14 11:53:37,"Пришли ушлые новые сотрудники, не успела глазом моргнуть в лицо тычат и сфотографировали сетчатку глаза, а потом как удалить не знает, идите мол к другому сотруднику и итог потраченные 20 мин времени, наглые сотрудники, даже разрешения не спросили, я понимаю вы проценты за это получаете! представляю как дурят пенсионеров!",1,
25,Олег Цыганков,2023-10-05 17:28:14,Приложение сбермегамаркет не работает. Вернуть товар не удалось.,1,
26,Андре,2024-02-09 17:36:05,Не быстрое обслуживание,2,
27,Игорь Гоник,2021-05-03 10:38:40,"Это отделение СБЕРа существует 
уже более полувека. Многие жители района и не только, являются его клиентами.
От простейших форм работы и учёта на бумажных носителях система ""сбер""а перешла на современные формы и методы работы. Компьютерные технологии- это огромный шаг вперёд. Удобно клиентам,быстро -это и многое другое привлекает 
людей. Коллектив в основном молодой,но работники знающие 
и грамотные.
Расположенный тут же зал банкоматов позволяет людям осуществлять многие финансовые операции, и что важно производить всевозможные платежи в любое удобное для них время.
Польза от отделения есть и немалая.",5,
28,Мирзохид Боймирзаев,2022-02-06 17:41:17,Лучше не приходит потому что я раньше хотел получить карту но сказали 2000 рублей 🤔 я позвонил 900 оператор сказал бесплатно но они наоборот. кажется тут не менеджер потому что я тоже хотел искать менеджер но в итоге не нашел думаю нет менеджер,1,
29,Ольга 36,2023-04-07 19:06:48,"Пришла оплатить квитанцию, в зале полно народу, работает один операционист, в кассе (окно 1) задорно смеется кассир, развлекая разговорами клиентов минут 15, на входе почетным караулом стоят еще три персоны.. все как бы заняты делом. ничего, народ у нас терпеливый, подождут.",1,
30,Олег Лесной-Ежик,2023-05-12 16:52:45,Очень неудобный вход. Только с одной стороны. Приходится тесниться. Не продумано,3,
31,Олег М.,2022-08-06 10:03:29,"Угораздило выбрать это отделение банка в качестве пункта доставки посылки, прождал больше 20 минут, крайне не рекомендую использовать сберлогистик",1,
32,Елена Ходаковская,2023-05-04 18:39:54,"Сотрудник банка, которая обслуживала тупила, но на новичка не была похожа",3,
33,Елена Попова,2021-09-06 18:50:38,"Очень хороший филиал. Вежливый персонал. Всегда погут, подскажут. Удобное расположение.",5,
34,Дмитрий Л.,2022-06-01 18:39:59,Лучше Банка нет! Люблю сбер! Процветания и доброжелательных клиентов!,5,
35,Ирина Болотских,2022-02-03 14:13:58,"Вежливые сотрудники,внимательный начальник,все быстро и кул.ьтурно.Рекомендую",5,
36,714300 К,2022-11-16 18:27:48,"Очень понравилось, вежливые сотрудники",5,
37,Rumpel Stilzchen,2022-10-14 12:27:58,Обычное отделение Сбера с частотное работающими банкаматами,3,
38,мария медведева,2023-09-10 08:51:26,Хорошее отделение,5,
39,Елена Б.,2022-11-15 17:07:36,"Много терминалов, компетентные сотрудники",5,
40,Елена Р.,2021-11-04 13:40:03,Хотели знакомые для сделки заказать крупную сумму-отказали. Предложили воспользоваться другим филиалом.,3,
41,александр коротаев,2022-01-18 18:15:05,"Персонал вежливый , обслуживание нормальное. Молодцы.",5,
42,Милер Ася,2019-12-11 12:55:57,"11 декабря была в этом банке. Мне нужно было отключить мобильный банк на двух картах. Попала к старшему менеджеру. На что она, сделала недовольный вид и сказала, что на БУДУЩЕЕ нужно звонить по номеру 900 и там скажут как отключить самостоятельно. У меня вопрос: я что теперь не имею право ходить в банк , если можно сделать все самостоятельно? Если такая услуга есть у вас, то я хочу и могу сходить в банк. В процессе всего обслуживание, она смотрела как я ввожу пин-код, хотя во всех банках сбербанка сотрудники отворачиваются и делала такой вид, как-будто я пришла к ней домой без разрешения. Пожалуйста, проведите уроки общения с клиентами для СТАРШЕГО менеджера в сбербанке на феоктистого",1,
43,Инкогнито,2021-02-17 07:03:42,"Греф старается за наши деньги. Приятный, современный офис. Пользуюсь банкомата мира тут. Бывает не протолкнуться.",4,
44,Ольга Б.,2020-01-08 12:46:07,"Рядом с домом, внимательное отношение к клиентам, широкий ассортимент услуг. Претензии к сбербанку в целом - высокие проц. ставки по ипотечным кредитам, и не снижаются ставки на взятые ранее кредиты. Особенно тяжело пенсионерам.",4,
45,Елена С.,2021-01-28 15:48:20,"Быстрое обслуживание, удобное расположение, грамотные специалисты",5,
46,Станислав Огиевский,2022-06-16 13:19:17,Часто бываем. Всё удобно.,5,
47,Лия К.,2020-01-05 16:38:07,"Нет указателей уведомлений на улицах о том, что вблизи имеется сбербанк. Нет бесплатных мест парковки хотябы для 2-3 машин. От любой остановки общественного транспорта находится удаленно.",3,
48,Оксана К.,2022-11-03 20:15:26,Сбербанк как и все.,4,
49,Алёна Тиликова,2022-07-27 11:02:20,Круглосуточный банкомат 👍,5,
50,Andre Ralf,2021-08-23 17:59:02,"Всё понравилось, обслуживание, парковка...",5,
51,Вадим М,2023-06-30 08:48:07,Норм,4,
52,Надежда,2019-08-11 03:08:21,"Довелось побывать в этом странном месте, просидела в очереди без людей 30 минут,подошла к оператору,она сказала что этот вопрос не в ее компетенции и она передаст меня другому оператору,еше просидела минут 15 прка приняли,на замечание об офиг тельной работе нагрубили.Лично я туда ни ногой и вам не советую!",2,
53,Света Тихотмирова,2021-07-09 15:57:27,"В этом банке я храню свои сбережения, весь персонал замечательные люди",5,
54,Anna Kalinina,2020-09-07 22:50:00,"Хороший персонал,но всегда много иностранных граждан, студентов, которые очень громко разговаривают",4,
55,Александр Неловкий,2021-05-04 08:54:06,Хорошее отделение СБ ! Мне нравится! Я часто захожу туда!,4,
56,Иринка Малинка,2022-08-25 16:44:30,Хорошее отделение.,5,
57,Андрей К.,2021-01-11 15:02:44,"Очень длительное ожидание, даже при малом количестве посетителей. Работа оптимизирована плохо.",1,
58,Илья,2021-12-10 11:17:37,"Норм отделение. Только время работы, 9- 18, для работающего человека очень неудобно",5,
59,Лора Ваг,2020-12-01 07:52:13,"Персонал вежливый,внимательный.Иногда ломается ,,Электронная очередь,,.",4,
60,Сергей,2020-09-13 15:32:32,Современное отделение банка.Иногда тяжело найти место на парковке.,4,
61,Марго Бонд,2021-10-04 17:42:28,Нет пандуса для инвалидов и людей с колясками,1,
62,Abrorov Komron,2022-08-16 17:17:32,Удобное место.,5,
63,Timofey Shevchuk,2022-05-05 22:06:20,Устаревшый формат банка,4,
64,Aleksey A,2021-12-02 12:55:07,Доброжелательный персонал,5,
65,Елена Реутова,2019-07-25 17:16:16,"Очень странно оборудованы места операторов: высоко, присесть клиенту не на что, а среди них бывают люди пожилые, которым во время обслуживания тяжело стоять.",3,
66,Марина Тарасова,2020-10-09 08:56:34,Очень грамотные и вежливые консультанты всегда помогут и объяснят,5,
67,Александр,2019-08-24 15:01:00,"Очень неудобные места - приходится всё время стоять, присесть негде, наверное для того, чтобы клиент долго не задерживался, делал свои дела, и досвидос",3,
68,Влад,2021-09-28 11:06:34,Сбербанк - наше все! Или не наше?,3,
69,Александр Туровский,2019-09-12 15:34:01,"Очереди большие, но работают быстро, больше получаса никогда не стоял. С неквалифицированностью персонала не сталкивался.",5,
70,Алексей Торгашов,2019-09-04 17:58:49,"Добродушно встретили и проконсультировали, спасибо за отзывчивость",5,
71,Елена Корешкова,2022-07-30 16:24:13,Отлично.,5,
72,Анна Салманова,2022-01-06 11:07:47,Все нормально.,5,
73,Лерка Варгасова,2022-06-27 11:55:46,Очень долгое ожидание! Отвратительно!,1,
74,Борис Знамеровский,2020-12-19 14:12:02,"Банкоматы поменяли, стало поудобней.",5,
75,Максименков Максим,2021-08-21 04:35:28,То-же очереди бывают.,4,
76,Александр Гноевой,2019-08-19 13:30:06,"Постоянно пользуюсь услугами банка этого филиала. Нареканий нет, всё отлично.",5,
77,Лариса Турова,2019-03-05 14:04:31,"типичное отделение банка в Воронеже. Что год назад, что сейчас нет никаких позитивных движений в плане сервиса и обращения с клиентами",3,
78,Primarch Romanus,2021-08-13 15:32:39,Сбербанк и Билайн это фу,1,
79,Р О,2020-04-23 06:35:58,"Удобное расположение, случается «аншлаг».",4,
80,Дмитрий Ткачев,2020-07-27 08:03:17,Смогли оперативно помочь в моём вопросе,5,
81,Дарья Рыжкова,2021-05-30 06:58:32,Когда то я здесь работала,5,
82,Nezn@komk@,2020-02-10 00:27:13,Ужасный филиал. Постоянно виснут компьютеры. Не приветливый персонал.,1,
83,Марина,2019-11-30 10:56:20,Среднестатистическое отделение сбербанка. Все как везде.,5,
84,Анонимный отзыв,2018-05-10 05:16:13,"Очень хорошее обслуживание,вежливый персонал маленькие очереди,рекомендую всем",5,
85,Елена С.,2020-07-24 14:01:10,"Очереди почти нет,вежливые сотрудники.",5,
86,Александр Д.,2019-10-20 18:41:35,"Все быстро и удобно, недалеко.",5,
87,Белов,2019-12-08 17:29:26,"Пенсионеров много, а так отлично!",5,
88,Андрей Б.,2019-09-18 13:20:09,Обычный для сбербанка офис. Терпливые сотрудники,5,
89,Анна Акинина,2020-11-06 11:44:11,"Родной,Сбер.Сберыч",5,
90,Игорь С,2020-09-10 04:45:05,Есть банкоматы и кассы,5,
91,Александр,2020-03-22 15:43:19,Всегда есть свободное окно,5,
92,Дмитрий Панёвин,2019-10-26 11:34:07,"Обслуживание долгое, общаются с клиентом плохо",2,
93,Андрей Попов,2020-06-23 07:09:40,Вежливое обслуживание,5,
94,vsegda120571@gmail.com,2020-04-19 12:25:32,Грамотные консультанты.,5,
95,Natalia Licowa,2020-06-17 13:04:16,Быстрое обслуживание,5,
96,Владимир З.,2019-12-16 08:00:36,Всегда вежливые сотрудники.,5,
97,Ольга Б.,2019-09-24 09:25:26,Хорошее вежливое обслуживание,5,
98,федор шишкин,2020-11-04 10:55:39,Так себе сервис,3,
99,Юлия Гаврилюк,2020-01-24 11:05:16,Очереди и долго обслуживают.,3,
100,Бабаджан Ачылов,2020-01-26 22:32:24,Работает день и ночь . Нет слов,5,
101,Дмитрий Ф.,2019-12-31 10:08:45,К банкоматам не подъедешь с коляской,4,
102,андрей слюсарев,2020-04-14 11:20:14,Добротное Отделение,5,
103,Евгений Белов,2020-11-01 19:18:43,Обычный сбер,4,
104,Андрей Майборода,2019-09-26 18:12:54,Обычное отделение. Как и все.,4,
105,Александр Дровненков,2020-01-30 07:48:25,Культурное обслуживание,5,
106,Владимир,2019-10-11 07:43:28,Обычное отделение. + и - не замечено,3,
107,Инна,2018-08-02 08:51:31,"Вечные очереди. Теперь и к терминалам/банкоматам 
Улучшайте он-лайн сервис!",3,
108,Александр Мащенко,2019-10-09 13:03:49,Сбер он и а африке сбер.......,3,
109,Алексей Кулюкин,2020-02-22 11:39:03,Почти без очередей!,4,
110,Евгений Мельник,2019-08-18 07:51:41,Постоянные очереди у банкоматов,4,
111,рустам хус,2020-04-02 03:43:21,Обслуживание -0,1,
112,Герман Борисов,2018-12-25 19:28:18,Позорное место! Для клиентов нет туалета!,1,
113,Елена Суханова,2019-11-05 11:13:58,Хорошее отношение,5,
114,selivanovaira.68@mail.ru,2019-11-07 15:38:54,Немного людей,4,
115,Олег М.,2019-08-22 18:49:42,Обычная касса,4,
116,Анна Б.,2020-03-07 09:43:14,Не очень,2,
117,Зинаида Ч.,2017-11-11 12:14:32,"Удобно, быстро, вежливо.",5,
118,Александр Алтухов,2020-02-28 08:38:21,Ад для бабушек,4,
