,name,date,text,stars,answer
0,Сергей Шевцов,2023-02-23 06:19:47,"Отделение находится на высоком трафике
Очень часто посещаемое обслуживание вежливое и быстрое добраться можно на любом транспорте остановка в 15 метрах
Но нужно установить два три банкомата которы принимают только оплату за ЖКХ или по другим квитанциям
Почему???
 Очень просто один человек с оплатой по квитанции держит за собой людей по 5-10 минут
А кому то нужно всего 2 минуты снять или положить деньги
В отделении очень чисто это заслуга уборщицы а не клинингоаой компании 
Именно уборщица следит за чистотой за это ей большое спасибо",4,
1,Павел Слюсарев,2023-05-04 12:42:10,"Шикарное отделение банка. Просторный зал, стильный интерьер. Много банкоматов и операторов, поэтому очередей нет. Персонал вежливый, есть помощницы, которые дежурят в зале, всегда помогут.",5,
2,Татьяна Х.,2023-06-29 23:12:39,"Одно из лучших отделений Сбера в нашем городе. Несмотря на то что в этом отделение почти всегда много клиентов, сотрудники банка довольно быстро работают. Респект работникам👍 В банке приятно находится, отзывчивый персонал, вполне комфортно.",5,
3,Анна Гайд,2023-01-19 04:16:39,"Отличное место! Просторный, модный зал! Обслуживание быстрое, специалисты грамотные , в зале чисто, работает аптека. Я осталась довольна обслуживанием. В зале расположен банкомат.",5,
4,оксана,2022-09-04 19:41:00,"В этом отделении сбербанка работает замечательный сотрудник Наталья Геннадьевна! Человек отзывчивый, вежливый и опытнейший! Выражаю ей искреннюю благодарность! Очень жалею, что там же на месте не оставила отзыв о её работе! Побольше таких замечательных специалистов! Наталья Геннадьевна, благодарю вас, что помогли разобраться с моими множественными клиентскими вопросами. Спасибо за терпение ко мне!",5,
5,Инкогнито 7972,2023-06-16 13:59:14,"В январе 2023 года пришла открыть зарплатную карту. Всё объяснила. Заполнила все необходимые документы. В итоге карта у меня дебетовая. С массой условий. Если не будут выполняться условия то каждый месяц абонпата 150 рублей. Они сказали что зарплата карта бесплатная. А я свою дебитовую карту закрыла с годовым обслуживанием 420 рублей год. Нагло обманули, сделали как им выгоднее.",3,
6,Ульви Ахмедов,2023-03-02 19:37:25,"Пожалуй самое лучшее и креативное отделение Сбера в г. Воронеже. Сотрудники очень вежливые. В помещении чисто и уютно. И большой плюс, что по субботам работают.",5,
7,Ирина Нуждина,2023-05-19 07:03:11,"Приехала с дочерью ,чтобы получить реквизиты. Во-первых,график работы с 9.00 до 18.00 очень не удобный для работающих людей. Но самое возмутительное то,что с нас хотели за две бумажки реквизитов, напечатанные на страшной жёлтой бумаге,содрать 200 рублей.( За 200р. можно пачку бумаги купить). Что это за абсурдное нововведение?! Одумайтесь! Вы ещё сделайте платным вход! Обнаглели! Совсем не хочется быть клиентом Вашего банка при таких обстоятельствах.",1,
8,Марина Хатунцева,2022-11-05 16:56:32,"Новое отделение. Стильно. Чисто. Уютно. Обслуживала Юлия (заведующая отделением), редчайший специалист: грамотность, четкость, лёгкость, скорость, харизма, без навязывания Ненужного!!!",5,
9,Александр Горбачев,2024-03-09 17:40:27,"В этом старом отделении был доступ к круглосуточным банкоматам даже если он был закрыт, было очень удобно",5,
10,Надежда Беляева,2023-02-25 18:26:36,"Отделение банка хорошее, сотрудники вежливые, грамотные. Не устраивает только одно, что стоит 3 банкомата. В одной очереди стоят люди заплатить ЖКХ и сеять/положить наличку. Это очень не удобно. Было бы неплохо, если бы установили отдельно банкомат по оплате ЖКХ и отдельно банкомат для снять/внести наличные. Как во многих других офисах. Места для этого очень много. Отдельное спасибо за чистоту уборщице.",4,
11,Denis Zastrozhnov,2023-12-06 17:19:35,"Очереди. Карту забирал пере выпуск, в течении 5 дней. Думал поближе к работе на обеде сходить. Куда там...",2,
12,Евгений Л,2023-02-03 07:11:21,"Здравствуйте. Работает много сотрудников. Чисто как и во всех отделения этого банка. Здесь можно воспользоваться большим количеством услуг, но лучше заранее уточнить есть ли нужная вам.",4,
13,Екатерина П.,2023-03-10 15:01:28,"Три недели назад пришла в это отделение к самому закрытию, имела ""удовольствие"" наблюдать, как сотрудница отделения, стоявшая у двери и говорившая, что ""отделение закрыто"", с видимым удовольствием дождалась, пока по довольно высоким ступенькам, опираясь на руку более молодой спутницы, поднимется древняя старушка, и сообщила:""Отделение закрыто"". Вы в гестапо кадры набирали? Замок повесьте, если 18:00, и не придётся горланить, как на базаре.",2,
14,Sergio Moroder,2023-09-19 09:02:25,"Чтобы снять наличные надо отстоять очередь в банкомат минут 20 , пока люди платят коммуналку , огромный офис не могут поставить банкомат для людей только на прием и снятие наличных :(((",1,
15,Zaven Takanyan,2023-04-06 10:25:38,"Банкоматов 3 штуки. Вечные очереди, график работы не пойми какой, вечером не работает, все время какие то ремонты в помещении, часто закрыт в связи с этим. Ужас. Вроде все красиво и современно но дух и менталитет уровня 2003 года.",2,
16,Владимир Ш.,2023-05-16 12:22:34,"Очень плохо то, что это отделение Сбербанка работает только до 18-00. После работы сюда уже не попасть, а на улице- единственный банкомат, который очень часто не работает, а если работает - то к нему большая очередь.",3,
17,Андрей Ивлев,2023-11-13 09:05:03,"В период с 18 по 20 число, лучше не заходить, оплата квартплаты не пробиться.",4,
18,Инкогнито 1871,2024-03-04 13:25:47,Сделали ужастно аппарат один на улице очередь дождь всё для ската а не для людей,1,
19,Hugo Fiermein,2022-09-20 13:31:14,"Внутри есть банкоматы для быстрого снятия денег.
Хорошее обслуживание, приятный персонал. Быстро наступает очередь по талону, сотрудники внимательно обращают внимание к проблеме. Рекомендую",5,
20,Алёна Левон,2022-12-11 16:10:48,"Очень удобное отделение 
, хорошие специалисты, вежливые, всё расскажут и покажут, работают оперативно, время ожидания минимальное,",5,
21,Антонина Арестова,2023-02-13 16:03:34,"Очередей нет. Персонал тотчас же выходит просит пройти клиента. Очень доходчиво и быстро объясняют, помогают с работой в онлайн. Спасибо .",5,
22,Kukkis,2023-10-12 13:31:05,"Все четко, слаженно, по существу. Обслуживание клиентов на высоте",5,
23,Денис М.,2023-04-26 04:43:38,"Шикарное отделение, ремонт и оформление на высшем уровне. Все красиво и функционально",5,
24,Константин Горбатов,2022-09-02 08:18:57,"Просторно,чисто,быстро, по крайней мере, когда был я. Огорчает сокращение количества филиалов в городе. Ожидается переток клиентов, сам приобрёл пару карт других банков.",5,
25,Pasha S.,2023-10-18 11:43:19,"Пришел установить приложение на iOS 
Просидев с девушкой пол часа, она мне заявила, что у них не работает интернет👏",1,
26,בת ישראל,2022-01-09 20:48:08,"Очень приятное впечатление осталось после посещения этого филиала, я инвалид- колясочница по этому оценила очень удобный пандус (это по технической стороне ) ,так же понравилось то что очень вежливый персонал, быстрое ,высокопрофессиональное обслуживание клиента. Благодарность и успехов в дальнейшей работе СБЕРБАНК !",5,
27,Людмила Халеева,2023-09-01 16:42:19,"Очень хороший ,жаль убрали с остановки Политехнический институт",5,
28,Наталия Супонева,2024-03-13 14:51:08,По выходным закрыто большооой минус!!!,3,
29,Евгений Уколов,2022-11-08 17:03:31,Отвратный филиал. Например посылку модно отправлять часами и так и не отправить. Хоть по электронной очереди но про вас не кто и не вспомнит . Все остальное как и везде.,3,
30,Виктория,2023-03-08 17:04:22,"Персонал вежливый. Отношения к клиенту хорошое. Банкомат не глючат, они есть как на улице так в самом банке.",5,
31,Татьяна Калинина,2023-12-12 11:33:07,Не удобное расположение,4,
32,Екатерина,2023-09-08 20:12:47,"Чистенько, но с персоналом пока не общалась!!!",5,
33,Наталья Власова,2022-08-26 18:01:27,"Очень современный, креативный и комфортный. Всё новое и красивое. Очень быстро.",5,
34,Ирина,2023-03-16 17:53:47,"Отличное отделение, персонал приветливый, рекомендую",5,
35,марина Пахомова,2022-12-09 12:04:47,"Хороший банк,отличные сотрудники(помогающие). Часто хожу туда,ближе к работе.",5,
36,Аvtor Леви,2022-08-31 16:07:52,"Очень быстрое обслуживание,культурно,чистенько! Профессионалы!",5,
37,Виктор Витальевич,2023-11-16 18:45:06,Рано закрывается,5,
38,Мартыненко Сергей,2022-07-06 19:03:59,"Персонал неплохой, вежливый, быстрое обслуживание, после ремонта уютненько.",5,
39,Роман Леднев,2022-02-09 17:01:26,"Отличное отделение, чисто автоматизировано, сотрудники вежливые приятно находится",5,
40,Галина,2023-03-05 17:28:26,"Удобный,новый банкомат.
Быстро и без очереди.",5,
41,Олеся Егорова,2022-12-23 16:53:03,"Оформили кредит за 5 мин, компетентные сотрудники, много банкоматов. Рекомендую",5,
42,Ольга Андреева,2021-02-15 11:56:46,"Будьте внимательнее!!! Особенно остерегайтесь девушки в окне 11- Лихих Ангелина.
Да, сама затупила, беременный мозг иногда просто отключается...но так поступать нельзя. Доверие к сотрудникам и к самому сбербанку на нуле. Лихих Ангелина обещала перекрыть кредитную карту с меньшим процентом. В итоге оформлена и страховка и обязательный платёж. Об условиях не предупредила. Договора даже нет. Когда идёшь в банк, то подсознательно думаешь, что тебе помогут, а не кинут на деньги. Земля круглая, каждому вернётся своё...",1,
43,Инкогнито 1864,2023-02-26 18:34:00,"Постоянные большие очереди, банкоматы очень часто не работают.",2,
44,Матыцина Анна,2022-02-10 14:39:32,Снимаю две звезды за некомпетентность сотрудников и доставленные ими неудобства. Дело было ещё до ребрендинга. Но вопрос не решён до сих пор и руки на его решение отбиты.,3,
45,Владычка Лариса,2023-03-01 18:23:22,3 банкомата на такой большой район обслуживания очень мало,1,
46,Олеся Смирнова,2022-05-06 16:18:03,Попала сюда случайно. Мне это отделение понравилось. Работают хорошо и оперативно!,5,
47,Александр Ё,2021-10-07 04:26:44,"Атмосфера не привычная,как-будто войдя в кабину машины времени отправился в путешествие,вышел на остановке ""Детский сад"",а точнее прибыл в "" Детский сад""!",5,
48,Андрей Б,2023-08-14 17:36:14,Большой современный филиал,5,
49,371881 Пономарева,2022-11-24 13:27:36,"Все хорошо, но работа персонала вялая, а так все норм",5,
50,Николай,2022-10-27 17:36:02,"Сбер становится комфортным! Нужно было срочно снять деньги со счета поздно вечером, отделение работало, ни очереди, ни лишнего шума, все отлично",5,
51,Лиза Жигулина,2024-03-12 17:49:19,Отлично!,5,
52,ольга,2022-08-23 08:00:31,"Не понравился новый формат, это не банк, а конторка какая-то. Правда, ждала недолго.",3,
53,Самир Файзуллаев,2022-07-12 13:17:36,"Хотелось поставить оценку 5 , но не могу по причине. Не все консультанты опытные.",4,
54,Алексей Чепрасов,2021-03-30 09:02:42,"Работаю рядом, поэтому удобно посещать это отделение, но с парковкой беда, напротив остановка запрещена и периодически эвакуатор работает",4,
55,lissamea,2021-10-10 10:10:13,"Часы работы очень неудобные для клиентов, до ремонта можно было успеть до работы или после забежать, теперь даже терминалы в зале",4,
56,Антон Б.,2022-07-26 10:23:09,Отвратительное место. Имел не осторожность ошибиться адресом филиала при заказе Авито доставкой. Просидел пол дня в отделении дожидаясь пока сотрудники наговорятся друг с другом.,1,
57,Лилия Цветкова,2021-12-13 09:18:31,"Спасибо, за доставку карты на дом лежачиму больному. Отзывчивость и вежливость сотрудников.",5,
58,Наталья П.,2023-03-16 12:43:36,Жаль убрали круглосуточные банкоматы.,5,
59,Ольга,2020-07-28 16:34:54,"Ужасное отделение! Сотрудники позволяют себе просматривать счета клиентов и распространять информацию третьим лицам, а управляющая закрывает на это глаза!сама лично с этим столкнулась, от другого человека узнала состояние своего счета, но в банке мне сказали, что была проверка по этому поводу и никаких нарушений не обнаружено!",1,
60,олег золотухин,2022-05-04 17:13:34,"хорошо работают много касс, быстро обслуживают",4,
61,наталия Наталия,2022-11-06 17:15:47,"Есть кофе-островок, кофе неплохой.",5,
62,Евгений Ловлинский,2022-10-25 17:01:35,"Рядом с домом, есть сбер доставка.",5,
63,Елена Некрасова,2022-10-23 17:57:59,"Всегда много людей, большие очереди.",3,
64,Людмила Гуляева,2023-08-10 17:47:55,Очень хороший,5,
65,E,2022-09-19 10:14:57,Огромные очереди в банкомат. Всего 3 банкомата. А все стоят внести квартплату. Т.к. нет ни одного терминала для оплаты услуг!,1,
66,Радмир Шамсидинов,2022-08-27 16:55:37,Ужас просто ждёшь по 40 минут. Не советую.,1,
67,Алёна Кучина,2023-03-01 16:12:48,Банкомат не работал(,4,
68,Иришка Москаленко,2019-02-07 06:49:01,"Обращалась не менее трёх раз по разным вопросам, каждый раз получала оперативную и компетентную помощь, будь то закрытие карты, выпущенной московским отделением, будь то открытие и дальнейшие консультации по вкладу, или выгрузка и распечатка реквизитов. Люди работают обычные, с ними приятно общаться. Действительно, не всегда работают все банкоматы, но это не так страшно.",5,
69,Ольга Анохина,2023-01-25 15:50:06,Современный офис,5,
70,Юлия Михеева,2023-04-21 10:06:31,Хорошее большое отделение Сбербанка,5,
71,Антон А.,2022-10-26 17:36:25,Самый лучший филиал,5,
72,Евгений Лычагин,2022-12-15 17:38:35,Норм отделение.,4,
73,A. V.,2019-10-22 12:20:59,"Очень долго все делают и видно мало опыта! А девочка (не русской национальности), которая встречает при входе.,по идее должна помогать клиентам и быть доброжелательна, но увы она ГРУБИАНКА! Для банка это не приемлемо!",2,
74,Че Рин,2020-02-26 17:49:50,"Обычное заведение сбербанка. Часто не работают от 2 до 3ех терминалов, иногда и более. Почему то в этом сбербанке все время попадаю в очереди чтобы снять или внести деньги.",3,
75,Татьяна Гоголь,2023-04-23 16:55:12,Отлично,5,
76,Яна Крицкая,2018-09-28 15:33:46,"Никогда в своей жизни не ходите сюда. Я пришла за реквизитами счета и ждала 30 минут пока меня вызовут. При этом у них огромное помещение и куча приемных окон, но работало только 2. Взяв первый талон я просидела 15 минут (люди после меня приходили и их сразу вызывали). Девушка, которая стоит у автомата с талонами дала мне новый со словами: «ожидайте, вас скоро вызовут» и я просидела ещё 15 минут. Потом я уже сама подошла и начала спрашивать на что мне сказали: «ваша очередь прошла» (при этом я сидела и следила за табло). Всю ситуацию спас молодой человек, который все быстро сделал. Единственный адекватный работник там.",1,
77,Мария Ц,2022-05-08 12:57:15,"Симпатично, современно",5,
78,Дмитрий,2022-07-04 17:10:51,Приятный дизайн и работа сотрудников.,5,
79,Анонимный отзыв,2019-12-27 09:29:28,"Хорошее отделение, приветливый персонал, но всегда просто куча народа!Постоянно один из банкоматов не работает.",4,
80,Vladimir F.,2019-08-06 15:06:50,одно из отделений Сбербанка. Помещение большое. Очереди маленькие. Операторы не тупят. Девушки из группы поддержки в зале присутствуют. Нормально,5,
81,Механик,2019-09-03 16:20:35,"Больше 10 минут не проводил в этом отделении.грамотно,быстро,доходчиво обьясняют.обслуживание на уровне",5,
82,Гера,2021-09-24 15:16:08,"Сбер, самый высокий( доход )",5,
83,Анонимный отзыв,2020-05-27 07:45:01,Удобно банкоматы и терминалы работают круглосуточно!,5,
84,Ирина,2020-09-29 19:36:57,"Прекрасное отделение, можно решить все вопросы.",5,
85,Андрей З.,2019-08-25 10:51:44,не все терминалы принимают пятитысячные купюры и при оплате коммунальных услуг на некоторых терминалах не сканируется штрих-код,4,
86,Елена,2019-07-22 07:41:49,"Крайне неудобное время работы. с 9.30 до 17.30, в субботу и воскресенье выходной. Человеку, который работает, попасть в это отделение невозможно!",1,
87,Надежда Капустина,2020-06-23 14:21:55,"Вежливое обслуживания,рабочие банкоматы,спасибо за работу",5,
88,Евгений,2022-07-15 20:50:17,Отлично,5,
89,Dr. Igor A Tiurkin,2021-09-10 15:33:22,Удобный новый офис,5,
90,Захаров Юрий Олегович,2019-12-11 09:38:08,"Отличный офис сбера, всегда все помогут подскажут",5,
91,Лана Янова,2021-02-07 17:05:50,Банкоматы работают круглосуточно.,5,
92,Владимир Ж.,2020-03-04 08:04:06,Отличное обслуживание приветливый персонал,5,
93,Михаил Петрищев,2019-10-27 03:47:35,"Хороший филиал, быстрое обслуживание, много банкоматов",5,
94,Андрей Кулишенко,2021-09-14 20:21:59,Новый формат офиса,5,
95,Дмитрий Бугаков,2019-11-26 10:43:22,"Все быстро, персонал адекватен и не надо за ним бегать что бы помогли...",5,
96,Ирина Ким,2019-09-27 09:21:20,Близко находиться . Доехать всегда можно до него на любом транспорте,5,
97,Дмитрий Фил,2021-11-22 16:50:36,Сбер как сбер.,4,
98,Alex B.,2018-01-14 01:31:37,Ужасный банк удасное отделение отвратительное обслуживание. Хамское отношение к клиентам. Был там много раз и каждый раз очереди каждый раз отношение что они щаботятся не о нас как в рекламе говопят а о себе. Квалификация некоторых соирудников можно вообще постввить под сомнение,1,
99,Екатерина,2020-01-20 12:26:19,"Большое отделение, вежливый персонал. Мало очередей",5,
100,Герман М.,2020-03-05 02:07:24,"Мне понравилось,только не пойму откуда вы знаете что я тут был?",5,
101,Yuriy Vladimir,2021-04-08 12:50:49,"Хороший банк, вежливый персонал...",4,
102,Наталия Филиппова,2020-02-05 21:33:43,Хорошее отделение и быстрое обслуживание,5,
103,Александр П.,2018-05-24 18:24:00,"Брал ипотеку ,опытный и вежливый персонал,обслужили быстро,всем доволен.",5,
104,евлампий гуверниевилевский,2020-04-07 20:48:08,Народу куча еле еле очередь постоянная,2,
105,Игорь Т.,2018-04-10 07:51:31,"Ипотечный отдел. Отвратительное, принебрежительное, местами хамское отношение к клиентам, навязывание дополнительных услуг.",1,
106,"ООО ""БелТрансЛифт""",2019-04-12 07:56:40,очереди не большие отличное отношение к клиенту,5,
107,Александр Савченко,2019-09-15 07:59:17,"Можно занять денег и потом всю жизнь их отдавать, что очень хорошо тонизирует.",4,
108,Евгений,2019-10-01 11:54:01,"персонал не отзывчивый от слова совсем,отношение там так себе...",2,
109,Екатерина Бухало,2021-04-10 14:52:52,На ремонте,5,
110,Ангел,2020-02-13 11:31:37,Нормальное отношение!,5,
111,Анонимный отзыв,2013-11-08 08:26:29,"Хочу выразить явное неудовольствие по поводу компетентности операторов данного отделения.
Подавала карту на перевыпуск-явившись через 2 недели-меня поставили перед фактом,что моего заявления нет) 
-а где Ваша карта?-добавил оператор-
-Ваш оператор же у меня её и забрал.... 
-Ну извините,заявления у нас нет!Максимум что могу сделать-ещё раз подать заявление)
Ну чудесно ,конечно-карты то у меня на руках нет!
Далее уточняю-я могу пользоваться счётом карты? я могу его оставлять клиентам-для оплаты моих услуг-ДА-ответ оператора,конечно!
И вот сегодня получаю смс-карта заблокирована,мобильный банк заблокирован-к выпуску карта вообще с другим номером- больше 30 мин меня держали у окошка- и ни слова об этих действиях не было-сейчас я просто получаю данные постфактум.
Карта заблокирована,денежные средства недоступны ещё 2 недели-просто чудесненько!
На данный момент я несу потери морального,материального характера,моя репутация,как владельца бизнеса под угрозой-и всё по вине сотрудников банка!",1,
112,Татьяна Я,2019-12-25 10:52:09,Быстро обслуживают,5,
113,Анонимный отзыв,2014-07-10 08:34:20,"Ужасное обращение к клиентам! Хамят.Электронная очередь не работает, можно прождать более часа при наличии свободных окон- сотрудники просто не вызывают по талонам. Книгу жалоб не дают, я получила ее только с пятого раза( хотя должны предъявлять по первому требованию), и то мне ее швырнули на стойку со словами:""возьмите и можете к нам больше не приходить"".",1,
114,Алек,2020-03-19 19:20:51,"Офис сбербанка, бывают очереди",3,
115,Надя,2017-07-25 15:46:06,Из-за несправности банкоматов в банке слишком огромные очереди накапливаются,3,
116,D M,2019-12-19 10:01:51,Очень душно 😰,3,
117,Изольда Р.,2020-04-11 04:11:12,Все хорошо,5,
118,Михаил Б.,2018-02-03 11:17:27,"Великолепный банк, всем рекомендую.",5,
119,BEZZZ GARAGA,2019-10-30 06:48:58,Сбер как сбер,5,
120,jyrij davidov,2018-05-04 09:46:11,"Банкомат всего один и ,,ОЧЕРЕДЬ,,!",1,
121,Dmitriy,2018-03-12 07:53:28,"Ужасный банк , работают обманываю, пошлые.",1,
122,Вячеслав,2019-08-10 09:48:38,всё ок!,5,
