,name,date,text,stars,answer
0,Екатерина Ко,2024-01-25 13:23:58,"Хорошее отделение. Обращалась несколько раз к разным специалистам, все грамотно обслужили и рассказали. Я довольна. Спасибо",5,
1,Нина Алексеева,2023-07-31 12:00:31,"Удобное местоположение. Приятный и компетентный персонал. Есть въезд для колясок. Так же есть корпус с круглосуточными банкоматами, где можно как и снять, так и внести и оплатить. Всегда чисто и комфортно.",5,
2,Irma Kleine,2024-02-21 19:06:41,"Посещала с молодым человеком. Его обслуживала вежливая девушка-консультант, а в зале, где я ждала его, перекрикивались нецензурной бранью взрослые сотрудницы.",2,
3,Евгения Шарова,2024-01-03 14:16:46,"30 декабря сделали себе сокращённый день до 13.00. Люди шли толпами. Ни объявления ни чего о графике банка не было. Вышла девушка, ещё и нагрубила всем, типа что приперлись банк не работает. Зато когда в будние дни к ним придешь, все такие вежливые",1,
4,Алексей А.,2024-02-16 16:40:31,Вежливый персонал. Всегда помогут и обьяснят. Чисто уютно удобно.,5,
5,Alexa May,2023-09-18 13:26:47,"Молодцы девочки, работают хорошо, правда в последнее время спустя рукава, но это понятно. На кой убрали сбер на СХТ? Вы считаете девочки в центре мало работают? Вы считаете что нужно работать с ЕЩЁ большим количеством невоспитанных и афигевших клиентов? Как то не по человечески....",5,
6,__KIT___,2023-12-17 17:25:43,Только один минус много людей но очень быстро и понятно всё объясняют и обслуживают,5,
7,Юлия Кудрина,2023-12-04 18:27:00,"Бесконечные очереди из за не хватки персонала из за сокращений постоянных, зарплаты низкие.",3,
8,Николай Клёцин,2023-08-07 01:28:01,"Отличное обслуживание, вежливое отношение к клиентам. Сотрудники банка встречают клиентов возле входа в банк, после обсуждения визита провожают в требуемое окно.",5,
9,Юлия Чухлебова,2024-03-14 16:52:22,В основном старые банкоматы .. Помещение давно требует ремонта.. Очень грязно при входе ..,3,
10,вера с.,2024-02-17 13:04:58,Быстрое обслуживание сочетается с качеством.,5,
11,Светлана Андронова,2023-01-22 14:10:41,"Быстрое обслуживание.Теперь нет огромных очередей,все спокойно сидят и ожидают,когда их вызовут.Бнкоматы работают круглосуточно.Их достаточное количество",5,
12,Ирина,2023-02-04 07:08:55,"Самый ужасный банк. В новой усмани три отделения банка но попасть в банк просто не реально. Один работает до 16:30, два остальных до обеда. Заказала ребёнку карту, теперь целая проблема забрать. Даже одной звезды жалко, но без везды не пропускает дальше.",1,
13,Юлия Крутских,2022-09-18 16:51:07,"Терминалы работают через раз. Народу всегда много. Один плюс: вежливый персонал. Я редко туда езжу, и Слава Богу. Былы 16.09.22, народу тьма, терминал не работает, работают 2 кассы. Наладить работу терминала, компьютера и сотрудника для помощи бабушкам и дедушкам и людей с ограниченными возможностями.",3,
14,Катерина А.,2022-12-23 13:44:59,"Хорошо только кредиты выдают. Сидят операторы которые не полностью компитентны, то не поймут как выдать с расчетного счета, то не могут позвонить когда арест со счета снят, то не могут определиться с суммой к выдаче. Для примера снимали деньги со счета в другом месте, молодой парень вск сделал за 5 мин без каких либо проблем.",4,
15,Юлия,2023-05-12 15:07:09,"Безответственная сотрудница обслуживала меня, халатно относящаяся к своим обязанностям. Пришлось ехать в другое отделение для решения моего несложного вопроса.",1,
16,Таиса Пешкова,2023-10-24 17:59:30,Коллектив хороший! Но нагрузка большая на проходимость! Сидела ждала 40 минут!!!,5,
17,Светлана Ивановна,2022-06-06 08:50:44,"Мошенничество в этом банке процветает. Будте бдительны обращаясь в этот банк и доверяя свой телефон рукам сотрудников банка. Под видом помощи сотрудники подключают платные опции, не уведомляя клиента. Моя мама доверилась сотруднику БАЛАНЮК ОКСАНЕ ЮРЬЕВНЕ, которая под предлогом помочь посмотреть код подтверждения для размещения депозита, подключила страхование жизни и инновационные медицинские услуги. Сотрудница мило улыбалась и много говорила, только о депозите. Очень грустно, что из такого масштабного банка сделали мошенническое заведение. Ещё ужаснее, что обманывают пенсионеров.",1,
18,ольга левченко,2023-12-06 16:15:28,хороший коллектив мне все устрайвает,4,
19,Юлия Царева,2023-05-22 16:32:50,"Вежливый и готовый помочь персонал, что обычно не свойственно сберу. Не плохой филиал",5,
20,Евгения Соколова,2023-06-12 18:05:34,"Больше очереди, кондиционер плохо работал, сотрудники в процессе общения с клиентом болтают по телефону...",4,
21,Наталья Бекасова,2023-10-10 18:34:59,Всегда народу много а сотрудников не найти если что то надо подсказать,4,
22,Наталия,2022-05-30 20:44:34,"Обслуживание на среднем уровне, девочки особо не торопятся. Как-то прождала в очереди на получение карты минут 40, так и не дождалась, ушла. А ещё очень смущают бомжи-попрошайки, часто сидящие на пирожках здания и просто требующих, чтобы им подали",2,
23,Елена Лопатина,2023-12-07 11:36:35,"Быстро, по электронной очереди",5,
24,Светлана,2022-06-06 11:50:15,"Мошенничество в этом банке процветает. Будьте бдительны обращаясь в этот банк и доверяя свой телефон рукам сотрудников банка. Под видом помощи, сотрудники подключают платные опции, не уведомляя клиента. Очень грустно, что из такого масштабного банка сделали мошенническое заведение. Ещё ужаснее, что обманывают пенсионеров.",1,
25,инна богомолова,2021-12-27 13:13:09,"В этом банке стало уютно , пришел взял талон с номером очереди, сел и ждешь когда тебя вызовут. Подошла очередь, специалист тебя вежливо обслужит, подскажет что и как. Очень все хорошо. Не то , что раньше: очередь на час. Отстоишь , а оказывается надо было в другое окно обращаться ,так было раньше. Теперь ,наконец то стало как у людей!",5,
26,Анастасия Данковцева,2023-10-27 17:34:39,"Большие очереди, персонал к гостям относиться пренебрежительно.",2,
27,Николай,2022-05-01 17:49:58,"Современный продвинутый офис. Всегда мало народу, любой вопрос разрешим. Хороший подъезд и автостоянка",5,
28,Ольга Голоднова,2023-07-06 13:01:57,"Удобное расположение, всегда все работает",5,
29,евгения павлова,2022-07-06 18:06:50,"Оператор встретил у двери, поинтересовался какая услуга меня интересует, сама взяла номерок, проводила к своему столу источено быстро закрыла мой вопрос. Просто браво! Давно не видела такого обслуживания в Сбербанке!",5,
30,Александр Парилов,2022-06-26 06:13:46,"Отличный банк и персонал, делал себе там карта мир, всё сделали быстро и профессионально.",5,
31,Татьяна Матчина,2022-12-30 11:07:40,"Обращались в банк,вопрос оешен быстро,квалифицированно. Спасибо сотрудникам банка.",5,
32,Denis L.,2021-05-20 10:14:41,"Типичное отделение Сбера, много посетителей, долгое обслуживание. Но при этом вежливый персонал, особенно консультанты. Имеется несколько банкоматов с круглосуточным доступом. Возле отделения постоянно дежурят местные лица маргинальной наружности, просят сигареты и денег, что бы уехать.",3,
33,Татьяна Власова,2023-03-04 05:45:00,"Хорошо,что можно в любое время суток,посетить банк,а не ждать открытия, зашёл и снял деньги!",5,
34,Надежда Голомирова,2022-04-18 17:08:43,После ремонта отделение стало гораздо лучше) радует что теперь разделили зоны оплаты квитанций и выдачи наличных. Очередей практически не бывает 👌,5,
35,Владимир Ф,2022-11-25 15:57:19,"Быстрое обслуживание, отличный персонал, отличное отношение, ждал максимум минуты три",5,
36,Арусик М.,2021-10-01 18:18:57,"Ужасное обслуживание. Сегодня пришла в это отделение сбербанка и девушка с планшетом (светлые волосы, полная девушка) повела себя очень некомпетентно, когда задала ей вопрос. Закатила глаза, развернулась и проигнорировала. Такое причем было неоднократно, ранее она так же себя вела. Очень неприятно было, надеюсь, что руководство примет меры для решения данного вопроса.",1,
37,Александр Мануковский,2023-01-06 13:02:39,"Удобно, близко, качество обслуживания на высоте!",5,
38,Марина Довженко,2022-11-07 11:12:52,"Очень удобно,что при входе в банк возле терминала стоит сотрудник и сразу консультирует",5,
39,Вячеслав Коровин,2022-11-17 14:46:22,Это отделение сбербанка хорошее.Время ожидания незначительное.персонал относится уважительно,5,
40,Дмитрий Хлоповских,2023-08-20 18:47:47,"Много банкоматов, круглосуточно",5,
41,Ольга В.,2021-10-04 10:04:51,"Самый ужасный банк, обслуживание отвратительное и по беспределу, много окошек не работает, сказали идти в 7 или 8 окошко, зашли в 7, была девушка, сказала не работает, зато следом пришел ""мужчина"" юр лицо какое то и его она обслужила тут же, очень отвратительно, т.к. Я (мне 31 год) была с бабушкой которой уже 83 года...",1,
42,Наталья Мистюкова,2021-05-23 21:08:40,Чисто. Уютно. Без очередей. Баекоматов много. Что ещё нужно. Девочки всегда помогут если есть вопросы.,5,
43,How,2021-12-13 11:06:20,Современный дизайн интерьера. Вежливое обслуживание. Квалифицированные специалисты,5,
44,кирилл п,2023-09-20 12:13:02,Как и всегда всё на уровне.,5,
45,Юрий Погорелкин,2023-04-08 17:33:10,Обслуживание на высшем уровне! Спасибо!,5,
46,Алла Маринченко,2023-04-26 17:50:55,"Персонал вежливый, время ожидания не большое",4,
47,Василий Васильев,2023-09-30 16:26:39,Всё супер быстро,5,
48,Катерина,2023-11-27 05:06:10,Идеально,5,
49,Александр Лаптиев,2021-12-01 03:57:42,"Удобное отделение сбера, в центре города, банкомат 24 /7 приветливый персонал",4,
50,Алла Фешина,2022-04-19 19:11:01,"Обслуживание,отношение к клиентам на десяточку👍.Хорошое отделение сбербанка,крупные купюры выдают терминалы😉",5,
51,Елена К.,2023-06-11 17:30:29,Столо много платных услуг,5,
52,Андрей,2023-08-06 07:24:22,"Лучше нет, всеравно",5,
53,Евгений Ларин,2021-05-19 11:16:29,"После реконструкции очень достойное место, электронные очереди это прорыв)), да и внутренний облик приятный",5,
54,Александр Буланов,2023-03-20 17:37:49,"Круглосуточно работает, очередей нет",5,
55,НАТАЛЬЯ ПИСАРЕНКО,2022-06-01 17:20:13,"Очень хочется отметить сотрудников банка, прекрасные люди там работаю.",5,
56,Алексей Михненко,2021-09-04 11:12:00,"Красивые операторы!!! И знания на высоте! Строгие, но улыбчивые! Хожу больше 10 лет!",5,
57,Lady dog,2021-06-08 20:21:49,"Сбербанк как сбербанка. Вот только девочки при входе с планшетами не понятно для чего. Сколько раз задавала им вопросы,ответов нет. Руководитель приятная девушка, бежит им на помощь",3,
58,Игорь,2021-06-06 17:51:55,"В этом отделении не совсем адекватная управляющая была, сейчас не известно. В помещении где банкоматы всегда жарко, душно и периодически плохо пахнет.",3,
59,Наталья,2019-12-05 09:04:29,"Удобное расположение, три зала, два для работы с клиентами и один с банкоматами, банкоматы работают 24 часа. Персонал банка грамотный, вежливый, внимательный. Все нравится.",5,
60,Призвание наше... Будем искать...,2021-10-14 15:44:02,"Все бы ничиго, но под 18 % римляне давали в долг и тогда это считалось грабежом. Я не об этом филиале, а вообще о сбербанке.",4,
61,Попов Михаил,2023-04-01 17:38:59,Хорошее обслуживание.,5,
62,Александр Лебедев,2023-08-21 17:22:38,Обслуживание👍,5,
63,Екатерина Лисунова,2023-09-10 17:46:03,Отлично,5,
64,Макс Максимов,2020-01-15 07:26:51,Сбербанк как и везде приходилось обращаться по некоторым вопросам хороший персонал много банкоматов один минус район большой все едут именно в этот сбербанк бывают очереди,5,
65,Александер сур,2022-05-29 18:20:24,Переехав в Новую усмань был удевлён столь малому колличеству банкоматов.Пусть не всегда но вознекают трудности со снятием наличных.,3,
66,Виктория Сайя,2021-02-09 19:51:26,"Очень жаль, что сократили работников зала, то есть помощников по пользованию банкаматами☹️ много вопросов, а помочь некому теперь!",3,
67,Oleg Pobeda,2023-10-22 06:37:12,Работает,5,
68,Евгения,2022-04-19 13:21:07,"Часто не работает часть банкоматов, что создает неудобство",4,
69,артём,2022-09-18 17:25:18,Сотрудники навязывают услуги.,2,
70,татьяна крылова,2023-09-08 17:16:12,Супер,5,
71,Наталья Перетокина,2023-06-19 04:40:00,Удобно,5,
72,8452 Шишкина,2019-08-26 15:02:46,"Здесь быстрое обслуживание, внимательные, отзывчивые сотрудники. После ремонта, стало удобно и уютно,",5,
73,андрей крутов,2022-07-17 04:22:28,Рано закрывается а так все супер,5,
74,Любовь,2022-01-11 13:29:31,Молодцы! Обслуживание очень хорошее,5,
75,abdulla xusinov,2023-07-02 17:31:26,Да хароший,5,
76,Nezn@komk@,2020-05-03 10:21:18,Консультанты не очень то стремятся помочь посетителям банкам. Удобно что банкоматы работают круглосуточно и в помещении.,1,
77,Andre Ralf,2021-06-14 19:44:58,"Всё удобно, сбербанк обычный сбербанк...",5,
78,Евгентй Степура,2023-05-27 18:33:33,Нормально,5,
79,Александр,2022-02-11 17:35:16,"Сбер как сбер… деньги туда, деньги сюда…",4,
80,Роман Вторушин,2021-11-19 14:33:05,"Все быстро мне сделали,я доволен!",5,
81,Andreeva Galina,2021-07-06 09:20:28,"Обслуживание на уровне, все отлично",5,
82,Кира Канунникова,2021-08-10 14:06:30,"Быстрое обслуживание, 1- 2 человека в зале)",5,
83,ирина мочалова,2021-09-05 18:50:44,Грамотный и вежливый персонал),5,
84,predator,2022-07-23 15:30:03,Навязывают ненужное,2,
85,Клееный-брус В.,2019-08-18 14:28:48,"В принципе, как и все Сбербанки. Но из-за местоположения в центре Новой Усмани большое кол-во людей, бывает очень большая очередь",4,
86,Екатерина,2021-10-30 14:04:25,"Бывают очереди, приходится ждать по 15-20 мин.",4,
87,Елена К,2020-01-15 14:23:17,"Обращалась в данное отделение несколько раз, остались самые неприятные ощущения!
Никто из работников не заинтересован помочь; было такое, что от одного окна в другое несколько раз отсылали!",2,
88,Сергей З,2021-05-16 11:02:25,Неплохо расположено быстро удобно,4,
89,Ольга Гревцева,2021-08-07 07:01:12,"Удобно,внимательные сотрудники",5,
90,Инкогнито 4486,2023-02-17 16:42:24,Сбербанк,5,
91,Ольга Егорова,2019-10-15 16:42:29,"Большое помещение, мало народу, быстрое, качественное обслуживание, много банкоматов.",4,
92,Марина Чекмарева,2023-04-08 16:29:12,Супер обслуживание!,5,
93,Elena Antano,2019-12-03 18:44:23,"После ремонта всё действительно прозрачно.
Благодаря руководителю Редько А.В. всё просто и понятно, даже если вопрос сложный.",5,
94,Ирина,2019-12-06 10:50:03,Большое отделение. Есть электронная очередь. Находится в центре. Парковка небольшая.,5,
95,Наталья Ярославцева,2019-12-09 15:56:27,"Сейчас удобно, обслуживают быстро, всё объясняют, стараются помочь",5,
96,василий щеклеин,2021-12-24 13:02:19,Сбер как сбер вход рубль выход два,3,
97,Enn,2021-03-31 07:44:38,Отделение с адекватными работниками. График работы неудобный,4,
98,Вин Дизель,2022-04-25 07:57:41,Отличный персонал,5,
99,SunnyGirl,2022-06-26 05:05:01,Хороший офис,5,
100,Джокер,2019-08-03 11:01:20,"С филиалом отсутствует телефонная связь, невозможно дозвониться, телефоны указанные на официальном сайте не работают. Забыл в отделении вкладную книжку, не могу связаться с персоналом.",1,
101,павел старик,2022-04-21 18:49:40,Зают свою работу,5,
102,Сабина Андреева,2020-03-06 10:33:52,"Была там 3 раза, вообще нет очередей. Много банкоматов. Приветливый персонал",5,
103,Олег В.,2022-01-11 19:40:47,Очень удобно.,5,
104,Павел Власов,2021-09-02 19:03:13,Банкоматы всегда исправны,5,
105,Роман Курильский,2021-08-16 13:37:47,Для села … может поспорить с воронежем,4,
106,чибисов павел,2021-09-07 13:25:49,Не приходится стоять в очереди.,5,
107,леха буч,2021-05-02 11:52:01,Организованно хорошо все,4,
108,Ирина С.,2021-01-08 19:37:55,"Быстрое обслуживание, грамотные специалисты, очередей почти нет)",4,
109,Александр Маяковский,2019-10-02 09:57:31,"Консультанты не отвечают на вопросы, подойдите к окну вам там все расскажут,для чего тогда консультанты существуют",4,
110,Наталья Марусова,2019-12-07 18:43:09,Рабочий день банка заканчивается в 17.00. Т.е. практически нереально решить свои вопросы если твой р.д. до 17.00.,4,
111,Роман Саликов,2019-03-02 09:34:10,"Все абсолютно устраивает, но иногда просто не хватает консультантов. А в остальном, обслуживание, общение с операторами, все супер))",4,
112,Елисей Муромский,2021-10-08 14:53:29,Неплохой коллектив,4,
113,Nataliya,2019-06-18 13:14:12,"Навязывают покупку дополнительных услуг, выпуск платных карт, запугивая, что без этого не окажут запрошенную услугу. Полный беспредел и безнаказанность.",1,
114,Галина Ульянова,2020-12-11 11:03:17,"Удобно,практично вежливо,",5,
115,Марина А.,2020-12-13 06:23:44,Обслужили вежливо и быстро,5,
116,Екатерина Быкасова,2020-12-12 18:12:21,"Персанал не внимательный, не опытные",3,
117,Анонимный отзыв,2020-03-30 13:27:13,"Вежливый персонал.
Режим работы не удобный",4,
118,Алексей,2022-03-18 16:55:40,Нормально,5,
119,Алексей Кувандиков,2021-01-26 21:11:49,Удобное расположение,5,
120,Олег Арсенал,2018-10-01 05:41:33,"Сделан ремонт очереди нет, несколько банкоматов, чисто быстрое обслуживание.",5,
121,Николай Анатолич,2019-12-06 09:20:02,"Все как везде. В общем нормально, даже очередей в последнее время не вижу...",5,
122,Екатерина,2019-03-07 15:24:04,"В кассе очередей почти нет, но зато они возле банкоматов. Банкоматы почти всегда работают.",5,
123,Людмила Т.,2020-03-08 16:44:28,Всегда можно решить свой финансовый вопрос!,5,
124,Шахова Диана,2020-12-11 19:02:35,Отзывчивые сотрудники,5,
125,Светлана Землякова,2019-08-26 08:15:12,"Вообще не люблю сбербанк, отвратный банк, но здесь хоть сотрудники нормальные.",4,
126,i.kabanoff2010,2018-06-12 13:57:41,"Центр,рядом много магазинов, рынок, много парковочных мест",5,
127,Елена Коледина,2019-12-11 09:21:48,"Иногда операторы заняты своими делами.Ждем,когда поговорят",3,
128,Pavlo Tyurini,2021-03-28 09:29:17,Отвратительно,1,
129,Людмила Кириенко,2019-10-18 20:08:25,"Комфортно,современно,операторы супер",2,
130,Таня Якшина,2019-09-24 06:53:30,Обслуживание нормальное. Банкоматы когда как работают,5,
131,Премудрости жизни,2019-10-28 17:05:17,Постоянно ремонтируют здание и помещения и толком не работают.,4,
132,Alex sac,2021-08-03 01:46:05,Все хорошо,5,
133,Евгений Неупокоев,2019-11-30 15:55:02,Приветливые и отзывчивые операторы,5,
134,Сергей,2020-07-12 12:17:50,"Пользуюсь, нет очередей, быстро, нравится!",5,
135,Юрий Клещин,2021-06-01 19:22:21,Отлично.,5,
136,Инга Семенова,2020-02-19 00:29:30,"мало профессионалов, весные очереди",3,
137,Денис Артемьев,2019-09-25 16:37:05,"Банкоматы с периодичность , частой , зависают.",3,
138,миха ф,2019-10-28 06:27:08,банкоматы почти всегда половина не работет,1,
139,Александр Кас,2021-09-15 16:20:19,Нормалек,4,
140,Алёна В.,2020-01-20 21:13:07,Все чисто и работает,5,
141,Саша Усачёв,2019-12-27 10:20:09,"Все как и в других ""сбербанках""",5,
142,VeSna,2019-08-02 14:10:54,"Очереди, как и везде. Сотрудники вежливы, готовы помочь.",4,
143,Александра Нестерова,2021-03-28 11:27:50,Нормальный.,5,
144,Oksana Skenderi,2019-10-09 13:57:56,Круглосуточный доступ к терминалам.,5,
145,Серёга Бугаков,2019-11-12 14:05:29,Вам помогут в вашых вопросах.,5,
146,Андрей Горбунов,2020-02-09 19:07:32,Нормальное обслуживание,3,
147,Виктория Нечипоренко,2019-09-13 10:56:23,Много недочетов в данной сфере,3,
148,Андрей,2018-06-27 05:27:46,"Хороший офис, только идет ремонт и из 4 работало только 2 банкомата",2,
149,ЕКАТЕРИНА,2020-01-27 08:34:51,Часто виснут апараты,4,
150,Ольга вышегородцева,2019-12-23 08:45:43,Мне всё понравилось,5,
151,Лёгенькая,2019-12-11 06:06:33,Нормальный Сбербанк,5,
152,Максим Лихачев,2019-11-26 12:18:53,Чисто хорошо,5,
153,arsentijzuboff,2019-08-29 17:11:57,Много народу но это не их вина,4,
154,Сашко XP_4ik,2019-08-27 17:01:42,Часто ломаются банкоматы,4,
155,Александр в.,2020-02-24 14:09:13,Пользуюся банком,5,
156,Лыткин Сергей,2019-12-06 18:04:05,"Как и все Сбербанки, рубят деньги на всем",1,
157,Алик Х.,2020-03-25 05:56:31,Все отлично,4,
158,Ряскин Виктор Игоревич,2020-03-03 10:37:05,Хорошие люди,5,
159,Наталья М.,2020-01-17 14:26:12,Обслуживание навязчивое,5,
160,Алексей Б,2018-05-01 07:58:31,Сбербанк - это филиал ада на земле!,1,
161,Boris Кровяков,2018-07-03 19:47:19,новый ремонт,5,
