,name,date,text,stars,answer
0,Людмила Маренкова,2023-11-04 11:56:48,Все удобно для посетителей. Специалисты грамотные и очень внимательные по всем вопросам компетентно объясняют своим клиентам. Расположение очень удобно в центре с хорошим подъездом на авто. Спасибо.,5,
1,Ирина Свиридова,2024-01-25 12:07:50,"Хорошее отделение в центре. Чисто, быстрое обслуживание. Приветливый персонал. Удобное месторасположение. Парковки рядом нет. Разнообразный комплекс услуг. Есть банкоматы.",5,
2,Элина Петросян,2024-02-08 16:50:50,"Профессиональный коллектив, отсутствие больших очередей и решение самых сложных вопросов здесь и сейчас. Процветания и успехов этому офису. И, конечно, адекватных и благодарных клиентов 🙏🏼 Спасибо за Ваш труд ❤ Отдельное СПАСИБО руководителю этого офиса - Петросян Инге Суреновне 💋",5,
3,Рекомендую/Не рекомендую,2024-01-21 12:46:54,"Здравствуйте.
1. Отличный филиал сбербанка находится в центре города с удобной парковкой для автомобиля.
2. Приветливый персонал.
3. Можно снять наличный.
Рекомендую.",5,
4,Елена Г,2024-01-22 14:53:43,"Сегодня посетила данный филиал, чтобы пролонгировать свой вклад (Срочный, закончился срок), добавив ещё средства до определенной суммы. Оператор отказался распечатать мне Договор, уверяя, что пролонгируется старый Договор и новый они не печатают. Я настаивала распечатать, так как сумма изменилась и вообще это мое право. Сотрудник с усмешкой перенаправил меня в кассу. Типа там я должна пополнить свой вклад и может там мне смогут распечатать Договор. Но кассир так же отказалась это делать, аргументируя тем, что у них даже формы Догова нет. Накануне я проделала такую же операцию в филиале 0128 по адресу улица Новосибирская, дом 32 с другим своим вкладом и мне без всякой просьбы оператор сама напечатала Договор, как впрочем и всегда делают в том филиале. И мне очень удивительно и неприятно, что в Сбербанке в самом центре города такое отношение к клиентам",1,
5,Ктото,2024-03-22 08:56:02,"Пользуюсь только сбер ,удобно ожидать ,мягкие кресла ,без нервов .Только приятные воспоминания ,везде бы так.",5,
6,Марина Абрикосова,2023-08-04 20:46:37,"Это отделение работает в старом формате, не бывает пустым, клиентов обслуживают операторы. Для меня интересен офис тем, что платежи принимают наличными деньгами живые люди, что, к сожалению, осталось не везде, в связи с переходом Сбербанка на новый формат обслуживания или терминализацию.",5,
7,leto leto,2023-02-25 05:56:59,"Были с любовью на двухчасовом массаже с баней. Сотрудники организации вежливые, обходительные, не надоедливые, нам все понравилось! Рекомендуем! Обязательно попробуйте.",5,
8,Сергей,2023-06-13 16:26:31,"Как и любое большое отделение Сбербанка, интегрированное ""по-западной"" схеме, помещение не предназначенное для людей. Только для ""клиентов"". Сидений мало, очереди катастрофические, специалисты улыбчато-бездушные.",3,
9,Евгений Демо,2023-05-19 18:28:03,"Обслуживание, отношение к клиентам, время ожидания - всё это на высшем уровне.
Единственное что отелось бы - чтобы пореже менялся персонал, а тогда и квалификация у персонала будет повыше.",4,
10,денис бал,2023-12-25 22:29:07,Обычное отделение банка в котором есть все. Маленькое удобное.,5,
11,Евгений Лапшин,2023-08-05 04:26:57,Добрый день! Филиал сбербанка находится в центре города. Нечего необычного сказать не могу. Обслуживание неплохое.,5,
12,"ГСК ""ЮРДАН""",2022-10-10 15:28:42,"Банк воров!!! 1 октября в банкомат вносили деньги, зачислили 5000, остальные не успели опустить- купюроприемник закрылся и кончики купюр остались торчать. Несколько раз пытались зайти и открыть еа съем или внесение, но кроме жжужания никакой реакции. Позвонили, составили заявку, в течении получаса деньги зачислили. А 8 октября полностью списали как ошибочно зачисленные!!! Звоню, прошу разобраться, обещают до 28 октября рассмотреть. Запись на камерах хранится до 14 октября- предоставить отказываются. Спрашиваю про инкассацию, ведь есть дебет и кредит банкомата- говорят ждать 18 (!!!) дней. В результате у меня своровали мои деньги, мне не чем кормить детей, оплачивать коммуналку и нужно ждать разбирательства 18 дней!!!",1,
13,Семен,2023-08-17 18:54:41,"Супер, работают чётко, объясняют терпеливо, вежливо, стараются помочь.",5,
14,Елена П.,2024-04-12 06:22:43,"Почти всегда очереди, и всегда несколько банкоматов не работает",2,
15,Юрий Б,2024-02-21 14:23:16,"Круглосуточно, обслуживание хорошее",5,
16,ТАТЬЯНА А.,2022-12-22 17:51:53,"Толпы людей в полуденное время: и в помещении с банкоматами и очередь на обслуживание сотрудником...Не удобно,что количество офисов сократили...",3,
17,Екатерина К.,2023-06-20 18:52:00,"Удобно,много банкоматов. Все новые. 
Просторно",5,
18,стас светлов,2022-09-18 13:57:37,"Расположение - центрее некуда) персонал отзывчивый! Время ожидания около 5 мин, отношение к клиентам дружелюбное, банкоматы есть",5,
19,Дмитрий Коваль,2024-02-04 17:18:14,Удобное расположение,4,
20,kurt kokenko,2021-04-28 21:17:52,"Удобное расположение, множество банкоматов, хорошее обслуживание. В целом как и везде. Бываю редко, особо придираться не к чему. Почти всё уже можно сделать онлайн.",5,
21,ГАЛИНА,2021-04-23 20:35:19,"Д.вечер. Хочу поблагодарить сотрудника СБЕРБАНКА Савченко Е.А. из доп.офиса №9013/037 на Плехановской 12 города Воронежа.Компетентная,приветливая и грамотная! спасибо ей за быструю помощь в решении моей проблемы! с уважением .Галина. 23 апреля 2021г.",5,
22,Сергей Тимофеев,2022-09-13 07:57:14,"Отзывчивые сотрудники, но количество клиентов и необходимость ожидания в очереди напрягает",4,
23,Екатерина Резникова,2022-08-27 11:31:41,"В целом нормально, очередей не было, но навязывание подписки и других услуг напрягает, по 100 раз нужно сказать, что ничего не нужно",4,
24,ольга яковлева,2021-11-07 19:30:52,"Очень долгое обслуживание. Коллектив не согласует свои действия... Одни говорят, что всё сделаем по любому вопросу, другие.... А кто вам такое сказал... Компетенция персонала в отличии от других филиалов ооочень низкая",2,
25,Михаил П.,2023-07-02 12:44:21,"Очень скромно,но если есть проблема ,то не к кому обратиться",3,
26,Sam P.,2023-10-06 06:09:05,Ну очень терпеливые сотрудники,5,
27,Наталья Юрьева,2023-01-10 05:47:45,"Нормально. Зависит от времени , когда прийти. Нужно смотреть график загруженности.",5,
28,Олег Кудрявцев,2023-12-04 03:17:30,Отлично,5,
29,Наталия У,2021-03-19 14:49:01,"В советские времена здесь была сберкасса. Так и теперь здесь Сбер. С консультантами и операторами всё в порядке. Кредитов не брала. А вот вклады, как и в любом отделении Сбера лучше не хранить. Но это уже относится ко всему банку.",5,
30,86214 Маслов,2024-03-13 06:57:36,Очень тесно,3,
31,В,2023-11-28 13:05:56,Крупную заранее заказанную сумму выдали мелкими купюрами,1,
32,Инкогнито 0381,2023-04-24 04:09:24,Отличный подбор персонала,5,
33,Артём Гулиевский,2023-11-30 05:24:03,Хорошо,5,
34,Elena,2021-12-18 09:18:50,"15 декабря посетила этот филиал,сотрудник помогла с отправкой сканов,большое спасибо. Результат в течении 5 дней,пока не получила.",5,
35,Людмила В.,2022-05-08 18:28:47,"Моё мнение!!!!! Когда у людей происходят мошенничестве операции с деньгами, ну , явно, без работников банка здесь не обходится",3,
36,Инна 5.,2022-03-22 15:09:24,"Очень долгое ожидание, безучастное 
Отношение к клиенту















отношение к клиенту",1,
37,Ауринко,2021-10-21 08:53:03,В 7 окне сотрудник не представляет чем она там занимается и не владеет информацией о тех продуктах которые предоставляет банк,1,
38,Алексей Казьмин,2023-03-13 10:19:24,Что б забрать карту ждёшь час! Днище банк.,1,
39,Валерия Баранова,2022-11-01 17:41:47,Отношение к клиентам оставляет желать лучшего,3,
40,Олег 55555,2022-05-23 20:25:55,Хороший.Отличный коллектив.Отличный управляющий офиса.Спасибо.,5,
41,Катя Р.,2019-12-26 17:19:12,"Не могу на пятерочку оценить, потому что в последний раз, когда мне очень нужно было это отделение и я туда приехала, там отключили свет(
Но в предыдущие раз меня все устроило - быстрое грамотное обслуживание. Условия в Банке, конечно, иногда не самые лучшие, но конкурировать с ним всё равно никто не сможет, потому что он всегда рядом))",4,
42,Виктория Букреева,2019-11-13 14:41:53,"Оформляла кредит, проплатив половину суммы 2 год из 2х, пришла просить о реструктуризации была беременная и сохранялась, зп -, одни больняки постоянная угроза, приходу они откпзали, сказав документы принимают на кольцовской, пришла туда подала. Пощже узнала, что в любом отделении обязаны делать. Отказ, посоветовали договориться с врачами сделать непрерывный б/л, что незаконно, и обратиться а страховую СБ (кредит застрахован). После родов, которые произошли раньше срока приходу в СБ Ленинск. Пр39, там всё мило, но система на столько тура, что подав заявление на страх выплаты ходила туда и до м поле родов, все время страховая СБ москва не видит доки кот ей присылают из сб и долбят звонками требуя выписки из больницы, подлинники которых я им отдала, но они слепые. Прислали отказ в страх выплат видимо не читая док. С горем пополам реструктуризацию оформила и все доступно объяснили, и то потому что родила! Пока с животом ходила никто не мог сказать родителей и приходите, гоняли по кругу, значит никто ничего не знает. Со Страх. История не закончена. СБ ужас.",1,
43,Светлана Кучеренко,2020-10-04 09:08:57,"Всегда хожу в это отделение Сбербанка. Быстрое обслуживание, приветливый персонал.Всегда готовы помочь.",5,
44,Анонимный отзыв,2023-05-16 03:39:53,Обычный сбер,5,
45,Михаил,2022-12-25 17:10:40,Много банкоматов,5,
46,Елизавета Б.,2019-11-18 18:35:22,"Отвратительный филиал с хамскими сотрудниками. Очень плохо относятся к пенсионерам. Грубо разговаривают, повторяют с большой агрессией, если человек не услышал, что надо ввести пин-код. Всегда сопровождаю дедушку в сбербанк, чтобы уменьшить пренебрежительное отношение в его сторону. С людьми от 25 до 50 очень боятся так по-хамски себя вести. Не советую обращаться.",1,
47,Руслан Санин,2019-08-18 12:55:24,"В фойе достаточно много банкоматов, а вот самих сотрудников по-моему не хватает, забегал в обеденное время в час дня за небольшой консультацией, ждал минут 30, мало работало ""окон"", но в итоге успел и посещением остался в целом доволен",4,
48,Сергей Макаров,2023-05-12 17:51:24,Огонь,5,
49,Илья Ф.,2022-11-29 05:35:59,Все понравилось,5,
50,Юлия Пономарева,2019-08-21 06:55:20,"Хорошее быстрое и профессиональное обслуживание, несколько банкоматов в холле, все удобно.",5,
51,Алексей Сазонов,2022-05-17 14:56:39,"Ну очеееннь долго, просто капец",2,
52,игорь шкруднев,2022-05-03 18:13:25,Сервис превышает нормы ЕС,5,
53,Анна К.,2021-07-30 08:46:21,"Хорошее обслуживание, небольшой офис.",5,
54,Артём И.,2019-11-27 21:48:35,"Хорошее обслуживание, все по делу, ничего лишнего. Может быть не всегда быстро, так как клиентов всегда много.",5,
55,Галина Ильичева,2018-07-07 18:13:33,"6 июля т.г. переоформляла вклад на новый срок. Менеджер по продажам Ковалёва Маргарита Александровна оформила вклад ""Побеждай"" с обязательным условием открытия металлического счёта на сумму 15000 рублей.
При выяснении обстоятельств 7 июля т.г. по номеру 900 мне сказали, что открытие металлического счёта никаким образом не связано со вкладом ""Побеждай"". Сказать, что я была шокирована - это не сказать ничего.
Размышляя о том, как я могла оказаться в подобной ситуации, я пришла к выводу, что не самостоятельно менеджер решилась на подобный дерзкий развод. Значит, в банке существует негласное разрешение на любое подобное действие вводить клиентов в заблуждение и предоставлять ложную информацию.",1,
56,Артём Татевосов,2021-08-22 18:08:53,Много банкоматов и операторов,5,
57,Евгений Белов,2021-01-17 06:07:18,Обычный сбер. Местоположение удачное.,4,
58,Екатерина Бобрик,2021-11-08 08:33:32,Ооочень всё долго,2,
59,Сергей Б,2021-08-27 12:48:04,Ну всегда очереди !,3,
60,виктор лопатин,2022-08-26 14:38:36,Хорошее отделение,5,
61,Paul S,2021-09-02 10:03:47,Есть что улучшить,3,
62,Евгения *****,2019-10-16 12:04:13,"Быстрое обслуживание, грамотные консультанты.",5,
63,Александр С,2020-02-16 10:11:47,"Большое помещение, все операции быстро, хотя народу не мало.",5,
64,Сергей Б,2021-08-09 02:45:01,Всегда очереди,3,
65,Ирина Мешкова,2020-07-11 07:37:12,Хорошее отделение и банкоматов много,5,
66,Нарра М.,2018-05-27 12:53:54,"очень хороший банк, главное доброжелательные, приветливые сотрудники",5,
67,Денис Чернышков,2019-12-09 12:28:46,"Хорошее обслуживание, но маленькое помещение.",4,
68,Анастасия фурсова,2020-06-19 13:20:53,"Работают плохо, сотрудники невнимательные",2,
69,Fenix13,2019-08-22 15:24:05,"Сбербанк , везде нормально , с парковкой не повезло .",4,
70,vonaviza,2020-01-04 00:01:15,"Кредиты невыгодные, консультатты хорошие",5,
71,Дмитрий Александрович,2019-12-03 14:35:51,Сбербанк больше коему доверия чем в остальные!,5,
72,Дмитрий Щ.,2019-09-19 09:19:48,"Хороший Сбербанк,народа много в платёжные дни(центр же)))",4,
73,Маринка Ч.,2019-12-20 19:35:14,Просто глупое времяпрепровождение,1,
74,Руслан Сверлов,2019-08-28 13:54:21,Не захотели решать вопрос в конце рабочего дня!,1,
75,Сергей Пергунов,2019-08-07 01:43:39,хороший Воронежский офис сбербанка РФ...,4,
76,Валерий Гавриков,2020-08-16 16:14:48,Банк как банк.,3,
77,Фролова Екатерина,2019-11-29 06:37:16,Хороший банк проблем с ним не было,5,
78,БАСТИОН СБ,2019-12-07 20:48:33,Негде припарковаться!!!,3,
79,Ояебу О.,2018-05-25 09:39:18,Да здравствует сбер - самый честный и справедливый банк в мире!!,5,
80,Екатерина Х.,2018-07-28 13:46:46,"Хороший банк, быстрая система оплаты платежей",5,
81,Алексей С.,2018-07-20 11:58:44,рядом с домом все быстро без очереди,5,
82,V Che,2020-02-27 10:50:27,Удобное место.,5,
83,Denis K.,2019-11-26 16:18:07,Эххх на любителя,5,
84,Дмитрий Шевелёв,2019-09-24 06:49:42,4 тока из за очереди,4,
85,Valeria T.,2018-06-22 08:50:13,эти игры очень при очень отличные,5,
86,Светлана Яковлева,2019-09-10 18:15:32,Сбербанк как сбербанк.,3,
87,Сергей С.,2018-06-08 05:41:01,Классное обслуживания,5,
88,Vanja Ivanov,2018-05-26 12:17:03,подход к клиенту,5,
89,вася п.,2016-02-08 12:16:44,"все хорошо, дозвонился с первого раза, худякова наталья лол",0,
90,Женя Глазьев,2018-06-09 17:06:35,Хорошее обслужевание,5,
91,Худякова Наталья Александровна,2013-08-09 12:27:21,Дозванивалась час так и не смогла дозвонится. Никто не берет трубку!,1,
92,Виталий Застрожнев,2014-11-12 14:48:06,телефон не отвечает никогда!!,1,
93,"МБУДО ДЭБЦ ""Росток""",2012-11-23 07:41:27,указанный номер телефона не отвечает,1,
