,name,date,text,stars,answer
0,Максим,2024-01-09 21:31:22,"Персонал банка просто чудесен. Поможет с любым вопросом, объяснит всё, что нужно. Прекрасные сотрудники. Система очереди максимально продуманная и удобная. Единственный минус это старые банкоматы и отсутствие возможности закинуть деньги по QR-коду",4,
1,Лаврентий Корсантия,2023-10-10 20:05:27,"Удобное расположение! Качественное обслуживание!!! Хорошее отношение сотрудников к людям!!! Квалифицированная помощь!!! Самый Внимательный, Квалифицированный и Красивый сотрудник Арина♥🌹🌹🌹Благодарю!!! Буду обращаться ещё!!!",5,
2,Мария Асунина,2024-02-28 18:12:29,"Много лет не знала, что в МП есть Сбер… Не сразу заметишь расположение этого отделения - вход спрятался в углу за банкоматами. А там целая «Нарния»! Полноценное просторное отделение банка с приятной командой. Сервис отличный! Спасибо",5,
3,Виталий Коржиков,2023-06-22 20:30:52,"Приветливые сотрудники. вежливое обслуживание. Очень хорошее место в Торговом центре .То что Сбербанк расширяется в сторону обслуживания и т.д и т.п
Но есть минусы:
Очень мало сидячих мест для пожилых людей
И раньше справку для получения реквизитов для зачисления денежных переводов было всё бесплатно а теперь нужно платить до 100 рублей ....",4,
4,Юпи йоу,2024-04-17 21:24:08,"Обслужили быстро. Отношение сотрудников к клиентам прекрасно. Отдельную благодарность выражаю мужчине, который меня обслуживал к сожалению имени не помню. Все прекрасно",5,
5,Светлана Трегубова,2024-04-10 07:07:44,"Миленько, работников зала много, все бегут на помощь, в часы пик, конечно народу много, но ждешь, удобное местоположение",5,
6,Екатерина,2023-02-26 00:09:31,"Хорошее местоположение офиса, найти очень легко, внутри и обычные банкоматы и для оплаты, 
 много окон для обслуживания, но, к сожалению, даже их видимо не достаточно. При посещении ожидала своей очереди ровно пол часа, сгладила впечатление после этого только сотрудник банка, которая оказалась вежливой и компетентной. Кстати, в самом офисе оказалось на удивление чисто, даже не смотря на такой ажиотажный день.",4,
7,Юлия,2023-08-01 12:27:26,"Расположено отделение очень удобно, но на этом все плюсы. На все отделение только 2-3 грамотных специалиста.Карту мне девушка заказать справилась, реквизиты счета дать отказалась, сказала возможно только при получении карты(кто не в курсе при получении карты реквизиты обойдутся в 200 рублей, при заказе карты реквизиты бесплатно). Были с дочкой, ей пришлось ждать приёма больше 40 минут при том что народа почти не было.",1,
8,Олег Сигизмундович,2023-11-07 19:05:35,"Вежливый персонал, ждать очереди долго не приходилось, все вопросы решали грамотно и оперативно.",5,
9,Oliver,2023-04-15 12:33:56,"Быстрое обслуживание без нареканий. Персонал приветливый, ответили на все вопросы, удобный график работы отделения. Если в будущем возникнут потребности, однозначно приеду в это отделение сбера.",5,
10,Юлия,2023-10-24 11:18:09,"Быстро и по сути, но есть один минус, что бы получить реквизиты, нужно заплатить 200 руб. Сотрудник, который мегя обслуживал, готовил реквизиты для распечатки, нг пришла другая (ему на помощь) и сказала, что будет стоит 200 руб. Это как ?!",5,
11,Васильева Анна,2023-08-02 15:17:02,"Ужас, ужас и ещё раз ужас!!! Пришлось обращаться дважды из-за незнания персонала как оказать нам услугу по переоформлению владельца счета при покупке квартиры. В 1й день через час мы уехали с нулевым результатом, после того как работники обзвонил все горячие линии сбера, сказав, что нам необходимы свидетельства рождения детей. Т. К. живём далеко, приехали через пару дней, все началось сначала🙈в итоге через 1.5 часа наш вопрос решили, но документы не понадобились, которые просили в 1й визит, вообщем нет слов....",1,
12,Алиса Иванова,2024-03-02 13:46:54,"Хороший офис Сбербанка, рядом с домом
Сейчас не так много посетителей, не приходится долго ожидать приёма",5,
13,Юлия Рудакова,2022-12-15 17:45:34,"Удобное расположение офиса, позволяет совершая покупки, решать банковские вопросы. Очень нравиться душевное отношение сотрудников к проблеме клиента. Можно решить любой вопрос обратившись в данное отделение. Огромная благодарность Ирине Викторовне за её компетентность.",5,
14,Юлия,2023-10-25 06:02:07,"Отличное отделение! Очень вежливый персонал. Девушка обслуживала меня в 18:59, за минуту до закрытия; очень удивила человечностью",5,
15,Фрея,2023-08-16 18:29:32,"Очень долгий персонал, только один оператор в курсе как проводить операцию по заявлениям, очень долго рассматривали заявление, каждый день откладывали решение моей проблемы, только после того как я сказала, что обращусь в суд, проблема была решена, банк для людей из совка!!!",1,
16,Нила Чернявская,2023-11-12 15:51:14,"Вежливые, компетентные сотрудники. Удобное место для посещения.",5,
17,ОЛЕГ КОТОЛЕВСКИЙ,2023-12-04 10:41:40,"Удобное расположение, маленькие очереди, персонал нормальный.",5,
18,Анонимный отзыв,2023-04-20 05:38:03,"После взятия электронного талона в кассу,стояли и ожидали 20 минут. В кассе никого не было. Ещё через 10 минут ожидания вызвали к окну,а не в кассу,куда и был взят талон. В окне мне по неизвестным причинам поменяли талон на другой. Пришлось ждать ещё 10 минут. И только после всего этого времени,наконец попали в кассу. При отсутствии очереди в кассу,ожидание в 40 минут абсолютно неприемлемо. В зале душно находиться. Никто из персонала не горит желанием помочь в решении вопроса или как то посодействовать. В кассе кассир - очень своеобразная женщина. Отношение к клиентам,будто мы пришли к ней домой. Сделала недовольно замечания,что валюту разных стран не отдали ей всю сразу,а по очереди. Причем при обмене,курс ею не был озвучен. Хотя курс может измениться непосредственно во время обмена.",1,
19,Анна Назарьева,2023-07-12 12:32:18,Время ожидания от 0 до 2 мин. Очень культурное и грамотное отношение к клиентам. Удобное расположение. В общем мне всё очень понравилось.,5,
20,Аят,2023-09-04 09:15:38,"обслуживаний на самом отвратительном уровне , элементарную справку не могли дать… 
в итоге сам с мобильного банка заказал и распечатал , адекватных сотрудников побольше сделайте пожалуйста, как цыгани предлагают всякие платные услуги якобы я не знаю что как быть ….",1,
21,Осовский Вячеслав,2024-01-16 17:48:58,"Хорошее отделение, быстро и качественно обслуживают.",4,
22,Наталья Ромащенко,2023-11-29 18:35:28,"Хорошее место все рядом, все устраивает, все супер❣️",5,
23,Наталья Никонова,2024-03-26 14:46:56,"Хорошие и отзывчивые сотрудники,приходить туда одно удовольствие 👍👍👍",5,
24,тамара карельская,2023-10-21 10:47:40,Сегодня пыталась внести деньги но с такими специалистами не получилось оказывается талончик в... Не тот посыли от одного к другом пришлось уйти не счёт вот вам хвалёный сбербанк и их работа,1,
25,Vars,2023-04-11 00:11:02,"Это именно то отделение в котором всегда очень много людей, огромные очереди , один консультант по банкоматам , которую честно говоря саму бы не мешало проконсультировать по ее работе. Неприятное и не самое чистое отделение .",3,
26,746-569 Лобков,2024-03-13 12:17:37,Просидели 3 часа так инебыли приглашены к специалисту в другом сбер банке решение было за 10 минут,1,
27,Сенной,2024-03-05 06:31:08,Квалифицированные сотрудники помогли в решении моей проблемы.,5,
28,Сергей,2023-12-24 10:00:23,"По талону моя очередь была , а обслужили сначала другого человека. Пришлось ждать еще 20 минут.",1,
29,Илья Исаков,2023-03-15 18:50:18,"Обслуживание хорошее, больших очередей нет. Единственный минус - плохая мобильная связь в помещении, так как находятся на 1 этаже большого торгового центра.",5,
30,Наташа Кучина,2023-03-31 10:05:14,"Вчера с мамой были в данном отделении,у нас было долгое по времени дело. Хотели сказать спасибо сотрудникам за терпение!!!
Так же отметить,что проходимость в отделении большая,но нет очереди",5,
31,Екатерина Дорохова,2023-04-29 20:37:45,"Разрешали сложную ситуацию. Приятно удивило неподдельное человеческое участие работников сбора, за что им сердешное спасибо",5,
32,Алексей Ларин,2022-10-28 17:44:54,"Хороший офис. Как обычно, всё на высоком уровне: сотрудники доброжелательны и не навязчивы. По времени ожидания всё в пределах разумного: не без очереди, но и не долго.",5,
33,Serg,2024-03-09 15:54:55,"Вроде серьезный банк, а кассиры то 100 рублей, то 200 не выдают, замечено не раз🤣🤣🤣 Руководство банка, вы что им зарплату не платите или заставляете их на сдаче зарабатывать? Так напишите на входе ""чаевые приветствуются""🤣🤣🤣 будем помогать женщинам на зарплату собирать👍👍👍",1,
34,Пилигрим Костюшко,2023-12-31 10:42:55,"Все норм, особенно симпатичные девушки) !!",5,
35,Виталий,2023-05-03 13:02:00,"Вежливое и быстрое обслуживание. 
Удобное расположение и наличие банкоматов.",5,
36,Ирина С,2022-06-19 10:55:56,"Удобно, что расположен прямо в торговом центре, и по магазинам пробежаться, и в банк, при надобности зайти. Есть банкоматы. А также доставка Сбер логистика",5,
37,Svetlana S.,2024-02-09 19:19:23,Все быстро. Персонал вежливый,5,
38,татевик,2023-09-18 18:05:21,Хорошие девочки очень по дружески во всем помогут подскажут,5,
39,Боб,2024-03-15 13:28:55,"Просто нужно было снять деньги со счёта банка. Карты с собой не было, в итоге только через оператора по паспорту. Просидел в очереди 57 минут ( из 6-ти окон работает только два оператора). Ужас!",1,
40,Егор Свиридов,2022-12-05 20:11:59,"Один из немногих оставшихся в городе, а именно в нашем районе офисов Сбера.
На мой взгляд не хватает современности. Нужен ремонт!",4,
41,Nickolay Tolubaev,2023-12-01 17:41:37,"Обычный сбер. У меня здесь проблем не было, поэтому 5",5,
42,Кастрыкина Людмила,2022-12-12 04:09:21,"Высокое обслуживание, быстрое решение вопросов, вежливый персонал, наличие нескольких терминалов и банкоматов, что не создаëт очередей.",5,
43,ольга чернядьева,2023-11-03 07:33:05,Быстрое и вежливые обслуживание,5,
44,Анна Попова,2022-05-23 17:31:01,"Обслуживание быстрое
Отношение к клиентам индивидуальное
Персонал вежливый
Расположение удобное
График работы отличный,7дней в неделю",5,
45,King Depression,2023-07-17 12:04:47,"Самая обычная точка, но удобная по своему. Удобна тем, что находится в ТЦ. А в целом, ни чего особенного.",5,
46,Юлия Барзий,2023-08-11 13:43:51,"Детскую карту получали 40 минут. Просто кошмар. Сотрудник ничего не объяснял. Кажется, с роботами проще",1,
47,Антон Карманов,2023-05-29 10:52:22,"Всего одна касса и у той инкассация в середине дня. Какой мегамозг придумал такую чушь?

Полчаса в никуда",1,
48,Владимир Стрекалин,2022-08-02 23:46:24,"Отличный филиал, всегда вежливое обслуживание, и всегда решают все вопросы. Рекомендую",5,
49,Сергей Тадонов,2022-04-25 16:55:21,"Сбер удивляет в хорошем смысле. Может конечно только этим отделением))) но сколько бы раз не был, выйдет специалист, побегает в поисках тебя по всему залу, найдет в Ленте в овощах, пригласит в кабинет, все такие улыбашки)) Умнички!",5,
50,Юлия Соловьева,2021-08-21 13:19:46,"Мне удобно сюда обращаться, живу на Московском проспекте, это отделение ближе всех и удобное расположение в ТРЦ, вежливый персонал, обслуживание без очередей!",5,
51,Игорь Новиков,2023-08-02 23:59:22,"Молодцы!!!! Быстро !!! Актуально!!!
Так держать!!!!",5,
52,Виктория Соболь,2023-05-29 17:58:10,"Всегда много людей, очередь. Персонал профессиональный.",5,
53,Анна Чебуракова,2022-05-28 15:15:13,"Быстрое и качественное обслуживание, вежливые сотрудники, работают и в выходные. Абсолютно всё устроило.",5,
54,Полина Паршина,2021-11-27 14:58:31,"Здравствуйте, хороший банк, обслуживание быстрое, качественное все знают свою работу, вежливые, долго нечего ждать не надо, советую сюда обращаться, точно не пожалеете!",5,
55,вячеслав б.,2021-11-05 19:26:04,"Хороший и удобный офис Сбербанка 
Минус -много народа
Второй минус- режим работы не соответствует режиму торгового центра.
Есть к чему стремиться.",4,
56,вл ку,2023-02-24 08:10:21,Удобное расположение и комфортное общение сотрудников,5,
57,Сергей,2023-05-02 02:43:10,"Всё супер, очень помогли решить вопрос .я доволен",5,
58,Надежда Хорошилова,2021-11-01 18:30:57,"Здесь всегда быстро, вежливо и качественно обслужат, помогут разобраться с разными проблемами, ответят на все вопросы. Молодцы!",5,
59,Аркадий Орлов,2022-07-26 18:10:11,"Как всегда у Сбербанка пафосно и серьезно, но увы все сервисы дороже. Сбербанк это тот камень, который не дает развиватся российской банковской системы.",3,
60,Ольга Максюк,2022-07-25 19:54:22,Приветливый персонал. Быстро и понятно объяснили как решить мой вопрос. Помогли. Спасибо.,5,
61,Александр Гришин,2021-09-15 14:56:57,"Исключительно профессиональный и компетентный коллектив, способный выполнить, как лично мне кажется, любую задачу. Впрочем, есть куда расти - проблема очереди остается актуальной.",5,
62,veraliza20062012,2023-07-17 17:43:02,"Всегда помогут, перенаправят к другому операционисту если необходимо",5,
63,Олеся Малюкова,2022-12-24 17:39:04,Отличное обслуживание. Всё быстро и вежливо,5,
64,Любовь Бортникова,2023-06-19 16:46:22,"Отзывчивый персонал, время ожидания 2 минуты)",5,
65,Элен Круз,2022-01-07 10:39:11,"Очень хорошее отделение.
Мы туда ходили ещё когда оплата была через кассы, с того времени все изменилось только в лучшую сторону, все чтоб было понятно, и камфортно.
Спасибо за камфорт и удобство",5,
66,Ирина Комова,2023-01-31 18:09:08,Быстрое обслуживание решение всех вопросов. Новые банкоматы.,5,
67,Olga L.,2023-03-05 18:03:38,"Люблю этот офис, вежливые и грамотные сотрудники.",5,
68,Людмила Трофимова,2023-02-28 13:23:47,Быстро оформили карту банка. Лояльно относятся к клиентам. Обслуживание высокое,5,
69,Игорь Печников,2023-03-04 17:34:37,Всё хорошо но очереди конешно большие и долго ждёш.,4,
70,Joe Biden,2022-09-30 16:08:49,"Адский банк! Сроки получения новой карты - загадка. Робот говорит: ""Ждите SMS."" Сколько лет ждать SMS - загадка.",1,
71,Victor Gabbasov,2022-01-23 18:21:24,В отделении очень мало места. Клиенты в очереди стоят вдоль стен. Очень узкие проходы к нужному окошку. Из плюсов есть 4 банкомата на выдачу и прием наличных.,5,
72,Сергей Периг,2022-07-17 12:18:03,"Карточку делали час , за время оформления поменял трёх сотрудников с горем пополам заказали, а в целом всё хорошо",5,
73,Таня Шиняева,2022-04-27 04:17:57,"Могу только похвалить. Всегда работают четко,обслуживают корректно, но иногда навязывают услуги.",4,
74,Анна Похилевич,2021-12-30 12:51:20,"Мне понравилось, быстро и оперативно всё оформили, очень вежливо. Спасибо.",5,
75,Ольга Кристина,2022-07-01 17:47:06,Очень хорошее отделение. Всё удобно и быстро.,5,
76,Сергей Зубов,2021-09-05 12:20:54,Очень удобное расположение отделения постоянно много народа но сотрудники справляются.,5,
77,Юлия Олеговна,2022-07-04 19:18:19,"Не очень хорошие впечатление, постоянные очереди из людей, медленное обслуживание клиентов",1,
78,Илья Куркин,2021-10-21 10:05:11,"Приехал за посылкой , обратился к консультант за помошью ,а он послал к дугому который сказал подождать и ушел перекладывать коробки с места на место. Жду уже 20 мин помощи которой НЕТ!",1,
79,Ольга Романова,2022-01-12 17:10:01,"Часто бываю. Вежливый персонал, удобное место расположения",5,
80,Инкогнито 3456,2024-04-18 10:34:50,"Это сбер, тут как везде всё работает",5,
81,алла Сафонова,2023-07-27 12:54:29,Самое маленькое отделение,3,
82,Любовь Чайка,2021-04-20 14:10:08,"Из кучи банкоматов рабочих не более3!40мин.добивалась результата, оплата жкх, Всё виснет! Спросить неукого, все мимо пробегающие сотрудники здесь не работают и бегут прочь. Одна девушка консультант на весь зал!окружонная пенсионерами. Твоя оплата твои проблемы. За что%в банке оставляю?",1,
83,Матвей Пойминов,2023-12-06 15:12:53,Быстро,5,
84,Игорь Юрченко,2021-10-15 06:38:53,"Думаю один из лучших офисов Сбера
Открывал карты здесь, грамотные и внимательные сотрудники",5,
85,Шава,2022-12-06 10:19:42,"Бистро обслуживание, хорошее отношение к клиентам",5,
86,Эльмар Калантаров,2022-01-13 06:10:39,"Посещал часто из за посылок с АлиЭкспресс,скажу честно не понравилось! Ну а банковские услуги приемлимы!",4,
87,Константин Б.,2021-11-01 02:04:51,"Всё хорошо, операторы работают быстро. По крайней мере в момент, когда я посещаю это отделение, а так бывает разное",5,
88,514402 Шулемина,2022-08-26 07:30:35,Очень часто большие очереди и долго обслуживают клиентов!,4,
89,Эмилия Боева,2022-06-27 19:11:43,Всегда бестолковая очередь в кассу. Частая смена обслуживающего персонала.,3,
90,Араз Шамилов,2023-01-20 18:05:17,"Очень доволен,часто посещяем",5,
91,Алексей Сентюрёв,2022-01-31 12:56:27,"Отличный персонал, быстро решил все вопросы!!",5,
92,Михаил Шушаков,2022-10-26 18:16:25,"Нормально, деньги снять можно, очередей нет",5,
93,Амир Тимирбаев,2022-01-22 17:13:03,Молодцы. Изощраются по доброму. Все для клинетов!,5,
94,Татьяна Сысоева,2020-07-27 19:00:08,"Единственный плюс быстрое обслуживание.Минус в том,что при кредите в 19 процентов годовых навязывают страховку,хитрят при всякой возможности,полная обдираловка.Маленькие проценты,3.6 процентов годовых.",4,
95,Оксана Авдеева,2022-12-09 12:11:05,"Очереди,высокий кредитный процент",3,
96,Юлия Б.,2022-06-23 14:03:28,Быстрое и грамотное обслуживание,5,
97,Анастасия Рабина,2021-09-24 14:46:49,Обслуживают быстро. Могут проконсультировать и решить любой вопрос,5,
98,Нинс Е-М-В,2019-09-14 04:49:00,"Посещала отделение 0186 в ТЦ МП,хочу выразить благодарность за хорошую,грамотную работу Стукаловой Ольге. Спасибо вам за помощь,Ольга!
С уважением,Нина.",5,
99,Анатолий Пономарев,2021-12-19 12:53:27,"Так всё норм, но сделав ещё и почту и из-за этого бешеные очереди, я понимаю что Сбербанк пытается охватить всё, но значит отд стройте отделения",5,
100,Марина Чалая,2022-12-20 10:21:53,Быстрое обслуживание,5,
101,Инга Оганезова,2021-06-20 08:20:55,Приветливые сотрудники. Быстро и качественно 👍,5,
102,Александр Глазунов,2021-09-23 19:20:04,Удобно. Близко от дома. Все банковские услуги.,5,
103,NatArKa,2020-10-27 09:25:36,"Если бы не вечные очереди,было бы великолепно.Но большое количество банкоматов и квалифицированный персонал,меняют дело)",5,
104,Елена Доброквашина,2022-06-09 13:16:50,"Удобно, тем более что на Ломоносова филиал закрыт",5,
105,Илхом Малханов,2023-06-13 13:11:57,Все супер.,5,
106,Наталья С.,2023-08-09 12:51:46,Хорошо,5,
107,Виктор,2022-12-16 16:38:54,Профессионально,5,
108,"""САН"" Агентство Недвижимости",2022-01-19 07:06:37,"Не большое, но вполне удобное подразделение банка.",5,
109,Иван М.,2020-02-16 13:41:36,"По талону ждал в очереди и пробыл около 40 минут, пока не заметил что начали проходить люди пришедшие после меня, взял талон по другой причине и сразу к окошку на табло, но сказали ждите очередь и я начал поднимать кипишь и сразу приняли по моему вопросу",1,
110,Маргарита,2020-11-28 09:51:31,"Ужасный офис, плохое обслуживание! Не компитетные сотрудники! Нет детского уголка! Детей не чем отвлечь пока очередь час ждешь!",1,
111,Katrin,2021-09-09 09:03:22,Удобное расположение. Работает даже в воскресенье.,5,
112,Алексей Пустовит,2022-11-22 17:55:37,Хороший Сбербанк,5,
113,Егор Булдаков,2021-09-24 11:33:47,"Отзывчивый персонал, но мало сидений, приходится долго стоять .",4,
114,Люблю свой город,2022-09-17 15:01:51,Вежливое обслуживание,5,
115,Константин Васин,2022-05-11 17:17:13,"Сбербанк есть Сбербанк, ничего выдающегося",5,
116,Vitalii T.,2021-04-18 17:02:13,"На сайте сбера указано, что отделение работает и в воскресенье до 18:00.
Приехал, а они закрыты и график у них по воскресеньям до 14:00...
Сбер, как всегда, на высоте.",3,
117,Марго,2022-01-21 18:03:52,"Персонал нестрессоустойчивый, агрессивный. Хамят.",3,
118,Елена Фролова,2022-06-17 17:03:48,Удобное расположение.,5,
119,Виктория,2022-11-03 15:04:12,Долгое ожидание!,3,
120,Ольга .,2023-04-01 17:40:21,Все хорошо,5,
121,Мы на ЗОЖе,2022-07-03 15:36:01,Постоянно большая очередь,3,
122,Александр Фролов,2022-04-28 09:28:39,наотрез как то отказались обслуживать,3,
123,Белов,2021-08-03 09:17:44,"Бывает слишком большие очереди, а в целом нормально",4,
124,мари анд,2023-10-20 16:55:52,Обычный банк.,4,
125,Сергей Бутко,2021-07-23 08:13:05,"После ремонта особых изменений нет, только не работающие банкоматы",4,
126,олег золотухин,2022-04-28 11:51:51,много банкоматов и касс,3,
127,Zaya,2022-06-28 18:02:56,Хорош й персонал,5,
128,Николай Попов,2021-12-23 08:57:35,Вежливые сотрудники. Претензий нет.,5,
129,Вера Карташова,2022-08-04 18:04:31,Вежливые люди),5,
130,Татьяна,2022-12-13 11:41:10,Всё хорошо.,5,
131,Ольга Пономарева,2021-09-02 18:04:21,Очень отзывчивый персонал.,5,
132,Юлия Снежок,2021-03-11 13:51:05,"Бестолковые консультанты,и которых пока настойчиво не позовешь - не помогут.",3,
133,Оverwhelming,2021-08-31 19:10:23,Толпы народа. Банкоматы часто не работают.,3,
134,ольга,2022-12-24 21:33:10,Вежливые,5,
135,Дмитрий Х.,2020-01-27 19:48:21,Всегда много народу. Важный плюс - большое количество банкоматов и терминалов самообслуживания,5,
136,Надежда Т.,2021-07-25 11:19:54,Персонал все понятно объясняет,5,
137,Сергей З.,2020-10-04 22:29:55,Очень удобно и быстро обслуживают.,5,
138,Елена Д.,2021-07-13 06:43:53,Место - нужное в таком месте,5,
139,Валерий Перовский,2021-10-30 14:09:06,"Долго, но прилично.",4,
140,Виталик Коржиков,2020-01-12 06:37:22,Добрые и приветливые служащие банка. Мало работников зала. В самый пик их всего 3 человека,5,
141,Евгений Белов,2020-11-03 10:42:37,"Площадь бы побольше им, а так все хорошо",4,
142,Ольга Иванникова,2020-09-02 13:23:19,Обслуживание хорошее. А вот территория банка маленькая.,4,
143,Павел Б.,2019-02-08 08:24:24,"По сравнению с другими филиалами, этот работает исправно. Да, есть очереди и есть проблемы. Но сотрудники стараются их решать.",4,
144,Ирина kh.,2021-05-07 10:08:29,Организация и логистика отсутствует,1,
145,Александр К.,2021-08-20 21:31:56,Хорошее обслуживание.,5,
146,Ольга О.,2020-06-02 11:28:39,"Девочки отзывчивые, всегда помогут!",5,
147,tati,2019-11-05 16:53:57,"Всегда полно народа. Так что если вам некогда, быстро решить вопрос нет возможности.",3,
148,Анна Мельникова,2021-06-09 09:24:12,Быстрое обслуживание,5,
149,Олег Ф,2021-08-01 12:24:00,Отличное место расположение,4,
150,Александр Д.,2021-03-30 08:10:18,Грамотные консультанты,5,
151,Карина Шин,2020-09-25 10:03:42,"хороший сбербанк, часто туда захожу",5,
152,Ksks,2019-11-08 14:30:39,сидят одни куры-никто вечно ничего не знает и не хочет делать.Не хотели принимать заявление на возврат страховки-т.к не знают как это делать(или просто не хотят).,2,
153,Шевцов Всеволод,2022-01-14 17:45:51,Всё хорошо,5,
154,Ольга Самодурова,2019-08-06 16:23:10,"Расположен близко, большое количество банкоматов",4,
155,😻Любовь,2021-04-03 10:36:38,Работает даже в субботу!,5,
156,Sonnim,2018-03-23 10:37:38,"Работает с 10 утра до 22. Хотя ТЦ работает с 9 утра. 
Половина банкоматов постоянно не работает. К остальным из-за этого очереди.
У меня их банкоматы дважды ""сжирали"" деньги.
Возврат только ч течении месяца!!!!",2,
157,Ягер,2021-04-07 11:17:32,Хороший филиал. Жаль что график работы не как у самого МП.,5,
158,114168 болосо,2022-01-06 10:38:51,Супер,5,
159,Михаил Роднов,2018-07-22 17:08:59,Услуги на высшем уровне. Спасибо! Отличный офис. Сотрудники умнички?,5,
160,Gala Th,2020-04-24 08:46:06,Очень много народу всегда,3,
161,Наталия Н.,2021-11-01 11:48:27,Все супер,5,
162,Юрий Манцуровский,2020-04-11 07:14:51,Вроде норм. - не смогли сделать биометрию.,4,
163,Александр Поздняков,2020-09-29 05:08:39,Бесит обслуживание,1,
164,Андрей Гнеушев,2020-01-30 10:19:00,Круто воыгядрабодряв,5,
165,Анастасия,2019-08-02 12:12:04,Персонал банка всегда вежливый,5,
166,Алексей К.,2020-04-25 13:36:50,Такой же как и все,4,
167,xxxxx xxxxx,2020-02-11 12:34:18,"нормально,сойдёт",4,
168,Ярослав В.,2018-03-22 15:41:45,Очень плохо работают! не принимают наличность за кварплату! Всегда много народу!,0,
169,надехда чигарева,2019-12-05 09:52:10,Очень тесно.,3,
170,Андрей,2019-10-21 11:15:50,Вечные очереди,3,
171,Legis A.,2013-12-18 13:36:29,"Добрый день.
Я даже уже не знаю,кто виноват,я с мая месяца хожу в это отделение банка как на работу и ничего не меняется. Я с мая месяца не могу получить новую кредитную карту, в замен старой, у которой истек срок службы и причину, почему мне не могут закрыть счет, мне не говорят, обещали позвонить, звонка всё нет, даже не знаю, что и делать.",2,
172,Олечка Ка,2019-03-25 06:25:58,Сотрудники отличные,1,
173,ирина минакова,2015-12-06 08:33:25,"Написано, что филиал работает сегодня до 18.00, звоню уже целый час - никто не берет трубку!!!",0,
