,name,date,text,stars,answer
0,Аленка,2023-10-21 18:46:16,"Филиал удобно расположен, есть зал с банкоматами и отдельно для приема клиентов. Сотрудники отзывчивые, терпеливые, да предлагают всем подряд их услуги, но это уже требование их руководства, а не самих работников. Была дико удивлена следующей ситуацией: как-то я успела зайти в зал и пробить толон в ту минуту когда филиал уже закрывался. Я села на диван и увидела, что жалюзи закрываются и двери тоже, посмотрела на график поняла что уже 3 минуты как филиал закрыт. Подошла к девушке в окошке спросила кому отдать талон поскольку Вы уже закрыты, на что получила ответ -ждите Вас примут. Тут же меня вызвала девушка я объяснила что у меня услуга которая не длиться 1 минуту, но не смотря на это она меня приняла и все сделала. Теперь только туда, если бы можно было бы поставить 10 звезд, то поставила бы 10.",5,
1,Татьяна Большакова,2024-01-14 14:00:05,"В этом филиале быстро и вежливо обслуживают клиентов, всё подробно объясняют, при необходимости оказывают помощь в банковских операциях. Чисто, просторно.",5,
2,Александр П.,2024-01-26 04:31:17,"При оформлении дебетовой карты мир была навязана кредитная карта. Консультант отказывался выдать дебетовую карту без получения кредитной, мотивируя это что так нельзя и не положено. Без кредитной обычную не получите. Через два месяца придёте и закроете карту. Филиал не рекомендую.",1,
3,Тайна Непознаваемая,2023-08-30 14:22:41,"Банк расположен рядом с остановкой. Имеется 2 зала. Зал по работе с клиентами и зал с банкоматами для платежей и для операций с наличными деньгами. В залах находятся сотрудники банка к которым можно обратиться за помощью. Персонал грамотный,вежливый. Имеются диванчики на которые можно присесть в ожидании очереди. Работают кондиционеры. Номер очереди объявляют и так же высвечивается на табло.",5,
4,Александр Зинковский,2024-02-08 19:26:42,"Приходил в банк, узнать кредитный потенциал, взял талон, попался к сотруднику Карине (Фамилию не помню).
Компетентный сотрудник, всё объяснила, «без лишней воды». В дальнейшем буду обращаться исключительно туда.",5,
5,Мониторинг Мониторингович,2023-12-02 12:18:33,"Не компетентные сотрудники. Специально впарили открытие кредитной карты. И только после этого начали решать проблему. Проблему 4 человека решить не могли и постоянно звонили на 900. Не рекомендую сюда заходить. Потратил впустую 1,5 часа",1,
6,Валерия,2023-06-18 07:14:39,"Хороший банк, приветливый персонал. Много очень места, есть где посидеть. Очень радует большое количество банкоматов в банке, всегда можно снять любую сумму или что-то оплатить без огромной очереди.",5,
7,Марина Чеснокова,2023-12-14 11:54:29,Отличное отделение. Очень близко от остановки общественного транспорта. Очень удобное местоположение,5,
8,Светлана Потапенко,2023-12-22 05:09:40,"Работники очень вежливые и грамотные, моя одннокласнница работала здесь, потом она уволилась по состоянию здоровья, но её до сих пор поддерживают сотрудники",5,
9,Катя Ватылина,2023-01-20 11:40:27,"Не раз пользовались данным отделением, поскольку расположено рядом с домом. Все сотрудники вежливы, опрятно выглядят, внимательны, готовы помочь. Отделение светлое, чистое.",5,
10,Ольга Г.,2024-02-25 17:01:55,"Пользуюсь редко. Но когда нужна помощь, то никого не возможно найти. Раньше около терминалов были помощники, сейчас почему-то их убрали.",4,
11,Григорий Мануйлов,2023-12-03 20:59:37,"Хорошее отделение, быстро обслужили, персонал вежливый, время ожидания минимум",5,
12,Алексей Дриняев,2023-12-08 17:53:13,Хорошо спасибо большое за информацию и за то что я не могу найти в интернете и не знаю как это сделать.,5,
13,Ольга Д.,2023-04-20 18:20:25,"Для меня важнейшим критерием оценки является решение вопроса с которым обратилась к специалисту.Но не все сотрудники отделения являются компетентными!Наоборот,навязывают дополнительные услуги,карты,а по факту вопрос не решен!Хорошо,что есть грамотные специалисты ,которые решили вопрос,пусть не с однократного посещения отделения.",4,
14,Евгения Хубаева,2023-11-06 14:15:43,"Хороший филиал, в основном отзывчивые, грамотные сотрудники.",4,
15,Даша Панкина,2023-01-14 15:18:39,"Это мой самый отвратительный опыт коммуникации с банком. Пришла я всего лишь за заказом СбермегаМаркета, а на меня уже чуть ли не кредит открыли. 
Узнали мои данные, зашли в личный кабинет, а планшет с моим акаунтом спрятали за планшет. Когда я начала просить не навязывать мне услуги банка, а просто отдать мне мой заказ, другие женщины-консультанты подбежали в круг (просто начались какие-то цыганские обряды). Я просто в шоке!!!! Когда я уходила, меня попросили поставить максимальную оценку обслуживания … что?! 
Уважаемые женщины, которые устроили это все со мной в 8 окошке, надеюсь, в вашей повседневной жизни с вами тоже так все обходятся. Кредитов вам)",1,
16,Л.Б.,2021-09-24 14:47:45,"Эти звёзды поставлены исключительно именно помещению - просторное, теплое. Достаточное количество стульев и сидячих мест. Хорошее оформление. Сбер в этом плане молодец - выбрал самый удачный и беспроигрышный цвет - травянисто-зелёный (да, зелёный имеет много оттенков!). Банкоматов, правда не так много, как в отделении чуть поодаль (Вл. Невского), но вполне достаточно. Банкоматы круглосуточные - можно положить/снять и ночью (в отличии от многих других банков, которые устанавливают банкоматы только внутри помещения).",5,
17,ольга Н,2023-09-20 20:24:36,"Находится в ТЦ Аксиома. Есть место для парковки. Много терминалов и банкоматов,часто собираются очереди.",4,
18,Анастасия Губа,2022-10-24 17:17:56,"В офисе чисто, приятная девушка помогла оперативно помочь с моей проблемой, ответила на все интересующие вопросы, предложила продукты банка, рассказала о дебетовых картах которые бы мне подошли. Жаль не помню как ее зовут.",5,
19,Л.П.,2023-04-11 17:02:17,"Хороший офис, удобно расположен. Работает даже в воскресенье, что иногда бывает нужно. Отдельно стоят банкоматы. Можно оплатить, положить или снять деньги.",5,
20,Бахтиёр,2023-01-05 06:00:34,"Сотрудники банка, отличные 5 баллов, особенно две девушки им большое спасибо за теплый прием, место где они окошка не помню слева 8 шагов, помогали с решением вопроса, обслуживание отличное, рекомендую всем, Сбербанка Воронеж, ((ба пеш))👍🙂",5,
21,Сергей,2023-01-11 17:28:17,"Всё чётко быстро, сотрудники во всех вопросах ориентируются, лишнего не втирают, всё тактично, быстро, грамотно, рекомендую, в отличии от их коллег на беговой",5,
22,Романенкова Наталья,2023-04-26 15:03:48,"Персонал доброжелательный, время ожидания недолгое. Обслуживают быстро. Банкоматов много. Подъезд хороший",5,
23,Светлана Клочкова,2023-12-04 02:19:40,Внимательный персонал. Быстрое обслуживание клиентов.,5,
24,Антонов,2023-06-20 12:19:48,Нормальное обслуживание особельно хорошо работает сотрудник Алина и сотрудник Александр молодцы,5,
25,oooriaprospekt,2024-04-05 11:07:05,"Хорошие сотрудники, быстро понимают, что ты хочешь сделать",5,
26,Lizaveta_E,2023-02-09 21:15:27,"Открывала карту в этом отделении, все прошло отлично. Спрашивала разные, даже глупые вопросы, мне все отвечали и подсказывали. Однозначно буду сюда ходить",5,
27,Андрей Минаков,2022-11-29 15:50:10,"Хорошее отделение, хороший персонал. Много банкоматов и операторов. Даже если много посетителей, очередь движется достаточно быстро. Очередь электронная, сбоев при мне не наблюдалось.",5,
28,Елена Ерошкина,2023-06-27 12:54:27,"Парковка есть, обслуживание быстрое, персонал вежливый, чисто...",5,
29,Анастасия Карпушина,2023-11-07 10:58:18,"Внимательный персонал, получила ответы на все вопросы.",5,
30,Лина,2023-06-28 09:12:39,"Ещё ни один мой вопрос не остался без положительного решения. Как хорошо, что есть такие профессионалы своего дела. Подскажут, помогут, посоветуют. Если раньше будет решен вопрос, то еще и перезвонят. РЕКОМЕНДУЮ!!!",5,
31,Юлия,2023-04-28 07:04:52,"По всем пунктам на 5+, и отношение и расположение и время ожидания.Неожиданности только приятные.",5,
32,анд пир,2023-10-25 11:51:31,"Быстрое и грамотное обслуживание, компетентность сотрудников",5,
33,Людмила,2022-08-16 06:13:57,Прекрасные условия. Вежливые сотрудники и быстрое обслуживание. По всем вопросам терпеливо подсказывают. Спасибо за работу.,5,
34,Елена Беляева,2024-01-06 08:30:20,Всегда все быстро и чётко,5,
35,инкогнито,2023-04-29 13:01:50,"Часто не работают терминалы. Персонал собирает очереди, хотя есть свободные 
 сотрудники. Есть над чем работать....",4,
36,Владимир,2023-08-06 14:39:00,"Как и любой сбер. Очереди, не выгодный курс валют.. Прошу всех подписываться, пожалуйста!",1,
37,Виктор Непочатых,2024-04-24 10:36:01,Как и все отделения этой компании.,5,
38,Владимир Игнатьев,2024-01-24 06:33:05,"Бываю часто, нареканий нет.",5,
39,Анастасия,2023-07-16 00:16:37,"Хороший банк, не всегда правда вежливый персонал",5,
40,Михаил Пугачев,2022-04-28 04:01:01,"Чисто, светло, тепло. Нет очереди, все разы которые там был очень быстро делал, что было нужно. Всё в порядке.",5,
41,Квартиры Посуточно,2022-09-06 19:06:30,Хороший сбербанк как и все остальные))) главное все есть и удобно расположен,5,
42,Александр,2023-11-03 05:29:10,Проблема с парковкой,4,
43,Екатерина Цепковская,2022-12-18 17:23:38,"Сколько раз там не бываю всегда удивление. То хорошо, то все делают как сонные мухи, и свой сберпрайм втюхивают",2,
44,Маргарита Мануковская,2023-03-21 04:46:48,"Быстро, удобно, персонал вежливый, очереди нет.",5,
45,Анонимный отзыв,2022-01-10 14:38:16,"Какой ужасный банк,заказала зарплатную карту,позвонил сотрудник банка сказал приходить в итоге карту найти не могут!Целый час провела в банке,результата ноль! Так еще навязывали услуги,которые мне не нужны!
Просьба дать обратную связь куда сотрудники дели мою карту!Ее так и не нашли",1,
46,Ж,2023-01-29 11:43:02,"Всегда скопление народа,даже можно сказать большие очереди,поэтому этот филиал стараюсь избегать",3,
47,Виктория Макаренко,2022-01-30 18:38:34,"Удобно, быстро, чисто, недалеко от дома. Приветливый персонал. Это что касается отделения. А банк жадничает.",5,
48,Сергей Егоров,2023-02-25 18:11:52,"Отличный, большой офис. Все операции проходят быстро",5,
49,Виктор Владимирович,2023-04-29 16:51:29,"Обслуживание быстрое, персонал приветлив.",5,
50,Оксана Д.,2021-12-24 11:39:00,"Операторы работают неспешно, длительное ожидание. Очень расстроила история с пожилым мужчиной явно после инсульта, с затруднения речи и движений. Он, бедный, мыкался, пока я не дёрнула нескольких служащих, никто из них не проявил элементарного милосердия, чтобы помочь. Я ему выбила талон на кассовое обслуживание. Так он чуть не плача пытался мне объяснить, что он в кассе был и его оттуда послали. После того, как я повторно обратилась к дежурной по залу, она довольно неприятным тоном ответила, что она этого мужчину уже обслужила. На мой вопрос, почему же он до сих пор пытается решить вопрос с оплатой и после обращения к ее совести, с недовольным видом пошла с ним общаться. До этого она демонстративно игнорировала инвалида, что само по себе выглядело крайне оскорбительно. В конце концов, мужчине помогли, для этого потребовалось ровно 2 минуты на кассе. Если честно, было дико стыдно за такое хамское отношение к больному человеку. Никакого сочувствия!",1,
51,Оксана Гаврилюк,2021-12-19 08:39:22,"Русским языком было сказано сотруднику ,что страхование не нужно,в конечном итоге подключили,пришлось опять ехать в отделение писать заявление,тратить свое время.Также,настойчиво навязывали дополнительные платные услуги.",1,
52,Пабло Эскобар,2023-01-15 17:33:36,"Отзывчивый персонал, все быстро, много места",5,
53,Оксана Кретинина,2023-04-30 17:07:51,"Очередей не заметила, персонал приветливый, поможет.",5,
54,света кузнецова,2021-09-13 14:43:21,"Очень нравится.Здесь обслуживающий персонал выполнит любую операцию быстро,всегда что-то подскажет и предложит",5,
55,Валерий Лоза,2022-12-22 17:03:16,"Внимательный персонал, быстрое обслуживание, помогли во всём разобраться. СПАСИБО....!",5,
56,Татьяна Чеч,2023-10-14 12:58:36,Удобно рядом с работой,5,
57,Sokol Z.,2023-07-13 17:05:38,"Быстрое обслуживание, что ещё нужно?)",5,
58,Дмитрий,2022-02-06 13:46:38,"Прекрасное отделение сбербанка. Особенно благодарен сотруднику в кассе Якушевой Елене Викторовне, которая оперативно решила мой вопрос, хоть я и пришел под закрытие.
Жаль не везде такие сотрудники в Сбере.",5,
59,Алексей Чернышев,2022-12-12 21:31:48,"Вежливое отношение персонала к клиентам. Были в субботу время ожидания к сотруднику банка было не более 7 мин, работало около 8 мест приёма клиентов.",5,
60,Виталий,2023-08-16 17:04:11,Только здесь обслуживаюсь,5,
61,VSanych36,2021-08-24 08:50:53,"Почти всегда много посетителей, однако персонал справляется быстро, банкоматы работают все.",4,
62,Александр Краснов,2023-04-23 17:54:55,Все вопросы решаются быстро.,5,
63,scoorpion1945,2021-06-11 12:11:23,"Выдали кредитку под 17.5% годовых (прописано в договоре), спустя долгое время узнал , что платил 22% годовых . единственный банк , которому доверял на 100% . Он упал в моих глазах ниже плинтуса.",1,
64,Maxat Heregoznaet,2023-09-30 13:39:37,Хорошее отделение,5,
65,Владимир Минаков,2022-02-15 16:04:56,Всё прекрасно ! Меня устраивает обслуживание ! И в воскресенье работает !!!,5,
66,Елена Елена,2023-03-12 11:45:12,Самый обычный из всех филиалов,4,
67,Инкогнито,2020-09-16 11:08:50,Заманиваете людей делать вклады под4%. Не проходит месяц- оказывается 3% далее.когда зайдешь в отделение сбербанка постоянно очередь.но многие сотрудники сидят на своем рабочем месте 30-40 мин и у них людей нет.грубо отвечая людям - у каждого своя работа.... это не правильно.это не оказания услуг клиентам.это бардак и беспредел.....,1,
68,Хаджи,2023-05-31 15:01:48,Очень долго ждать очередь,4,
69,Ольга Д.,2020-07-11 22:13:42,"Бывает людей по-разному,иногда очень много,а иногда нет,как попадёшь,в целом, обслуживание долго было, такое чувство,что никто и никуда не торопится,я конечно понимаю у них день идёт и ладно,но лично мне нужно было успеть в других организациях сделать дела,помимо сбербанка.",3,
70,Валя В.,2023-03-27 02:21:17,Время ожидания устраивает,5,
71,MeJlkuu,2021-10-01 14:26:26,"Самый обычный сбербанк, бывают очереди, но сотрудники хорошие и проблем серьезных не было!)",4,
72,Михаил Ковалёв,2021-08-03 12:55:30,"Отличный сервис, все на уровне. Не люблю банки, но Сбер - это лучший банк России.",5,
73,ogggir,2020-10-17 13:36:58,"Закрывал карты - всё чётко, быстро, профессионально. На всё понадобилось не более 10 минут, включая ожидание в очереди.",5,
74,Артем Сухачев,2022-12-27 17:42:22,Половина банкоматов не работает.,3,
75,Александр Журавлев,2022-01-25 12:51:32,Очень все понравилось при посещении. Не даром же он лучший,5,
76,Владимир Горлищев,2021-05-13 13:13:23,"Вечно здесь очень много народу, к банкоматам или терминала приходится стоять в очереди, к операторам вовсе бесполезно, не попадёшь.",4,
77,Ирина,2021-12-09 06:14:39,Всё отлично. Внимательные все сотрудники.,5,
78,Инесса,2022-12-17 12:30:03,Не очень понравилось отделение. Каждый раз приходилось достаточно долго ждать,2,
79,Boris Britva,2021-07-31 22:45:00,"Пришёл менять карту, подключили подписку онлайн кинотеатра и платные смс уведомления, без моего ведома и согласия",1,
80,елена свиридова,2021-09-12 19:35:22,"Обычное отделение, которых сотни по всему городу. Круглосуточные терминалы.",5,
81,Мария Гринько,2022-02-14 12:12:05,Приятное отношение к клиентам. Есть парковка,5,
82,Виталий Брюнцов,2022-02-15 09:00:11,Очень хорошее и быстрое обслуживание!,5,
83,Елена Мещерякова,2021-12-13 06:19:14,"Просторное отделение, вежливые сотрудники.",5,
84,Anait Tonyan,2022-11-29 15:36:19,Долгое обслуживание.,4,
85,258430 м.,2020-07-18 18:48:01,Услугами банка пользуюсь часто Нравиться работа сотрудников быстро и качественно и всегда ответят на вопросы если что то не понятно .,5,
86,Artemii,2021-09-07 10:52:19,"Много терминалов, но в период оплаты жкх их все равно не хватает)",4,
87,klyutko-rakia,2021-01-07 09:54:34,"Прекрасное,быстрое обслуживание,вежливые специалисты",5,
88,Владимир,2023-09-23 12:38:21,"Большой, удобный.",5,
89,Мария М.,2020-08-09 13:54:07,"По воскресеньям теперь график работы до 16:30, а не до 18:00! Очень обидно было потерять время из-за недостоверной информации!!",3,
90,GOLDENFABRIC,2022-07-24 06:41:09,Быстро обслуживают,5,
91,Ника У .,2020-01-21 10:36:16,"Хороший персонал , почти всегда работают все кассы , но очень душно , т. к посетителей много а место мало .В очереди примерно 5-7 минут .",4,
92,Софья Золотухина,2022-07-30 10:40:13,Я люблю Сбербанк!,5,
93,Зоя,2022-12-27 17:44:18,Отлично,4,
94,Svetka,2021-08-31 14:39:35,"Суетной, неудобно в нем. Теснота, народу много.",2,
95,Алексей,2020-09-02 11:59:34,"Хорошее обслуживание, если живешь рядом, то лучше не придумаешь",5,
96,Катерина,2021-05-14 08:07:48,"Большие очереди, сотрудники медленно работают",3,
97,Александр Стребков,2019-12-17 08:34:08,Очень часто сюда захожу. Обслуживание грамотное и оперативное.,5,
98,Юлия Р.,2021-06-19 17:15:40,После ремонта стало приятнее.,3,
99,123alex69 Ololowka,2022-02-08 05:14:10,Большие очереди,3,
100,Дмитрий Шишкин,2021-04-29 12:49:24,Большое отделение много банкоматов,4,
101,Иван,2021-03-06 13:33:44,Постоянно и не вовремя закрывается на ремонт.,3,
102,Arina Timofeevs,2020-06-11 15:41:37,Всегда очень много людей. В банкоматы очередь всегда.,3,
103,Roman Rez,2022-04-25 04:54:15,Обычный сбер.,5,
104,Владимир Ч.,2019-08-05 17:41:26,"очередь если и есть, то довольно быстро обслуживают и всегда с улыбкой",5,
105,Андрей Батищев,2021-06-05 06:50:06,Удобное расположение,5,
106,Олег Стуров,2020-03-22 15:12:53,"Все бы не плохо,но как не зайду,всегда столпотворение,а времени как всегда нет.",4,
107,Геннадий Тимошенко,2018-04-10 17:41:32,"С 15 по 20 число каждого месяца к банкоматам не прорвешься. Зато в остальное время все хорошо. 5 банкоматов на выдачу/прием, ещё 5 на оплату. Круглосуточно, что удобно.",4,
108,Vlayd Detect,2019-08-09 14:30:06,"Купил дебетовую карту, доволен. Сотрудники отзывчивые, при надобности помогут",5,
109,Евгения,2021-03-30 07:52:21,Всегда большие очереди.,2,
110,Наталья,2020-04-20 14:52:33,"Неплохое отделение банка, но когда бы не зашел, очереди огромные.",4,
111,Сергей Б.,2021-04-14 15:07:28,Грамотные консультанты,5,
112,Кошка С.,2020-01-08 21:26:02,"Не навязывайте кредитные продукты. Такого рода ""насилие"" всегда отталкивает.",2,
113,krai-6666,2020-04-26 01:40:08,"Очереди к операторам, банкоматы работают через один",4,
114,Алла Лиман,2022-01-18 20:04:20,Очереди....,3,
115,Alex D,2019-09-08 13:59:14,"бывают очереди,но обслуживание на высоте....ни хамства,ни грубости я не увидел",5,
116,Николай,2020-03-07 17:19:53,Неоднократно посещал. Всем доволен.,5,
117,Dmitry,2019-08-17 18:12:47,"дерзко навязывают свои кредитные продукты, слов ""мне это не надо"" не плнтмают",2,
118,Наталья М.,2019-08-22 20:58:46,"Очереди,еще раз очереди 
Хорошо,что есть кондиционер",3,
119,Сергей Худенцов,2019-12-10 09:44:26,"Современно, быстро, советую посетить.",5,
120,Алексей Рязанцев,2019-07-29 08:18:18,"Постоянно не работаютя банкоматы, очереди, жаркои душно",3,
121,Денис Офицеров,2020-10-07 15:49:04,Худший банк России!,1,
122,Никита Тютеньков,2018-07-23 11:36:57,"Достаточное кол-во терминалов, но часто 1-2 не работают и бывает очередь",4,
123,Mr.Mole,2019-10-05 13:22:10,Отделение со всем спектром услуг,5,
124,Виктор О.,2020-01-15 10:36:02,"Вообще не долго, специалисты хорошие",5,
125,Сергей,2019-11-14 13:40:47,"Маленький зал, мало банкоматов.",4,
126,Сергей Кирьянов,2020-10-18 10:21:09,Сбер как Сбер.,3,
127,DREAMER 332,2018-03-08 10:07:53,Хороший персонал и оперативное обслуживание.,5,
128,Макс Ч.,2020-01-13 14:58:07,Быстрое обслуживание.,5,
129,Makazuba,2020-02-02 07:15:54,"Нормальный офис, только народа много",5,
130,Роман Д.,2019-08-26 07:27:49,"Новый офис, очередей почти нет.",4,
131,Кристина,2019-07-25 21:20:58,Самое быстрое обслуживание,5,
132,Сергей,2019-08-01 22:15:33,Сотрудники ресепшена были вежлевы и отзывчивы🙂,3,
133,Геннадий З.,2019-11-04 11:09:27,Культурный уровень,5,
134,E. S.,2020-09-08 07:24:20,Не нравится,3,
135,Алексей К.,2019-07-26 17:19:38,Самый лучший фелиал,5,
136,Яна,2019-10-01 12:48:27,Постоянно тупят,1,
137,Дмитрий Гончаров,2017-12-09 10:32:43,Часто не работает несколько терминалов на прием наличных,4,
