,name,date,text,stars,answer
0,Виктор,2023-06-23 05:31:46,"Почему нет банкомата.Полный отстой!!! Есть филиал, охрана,инкасация,а банкомат убрали.Многие операции можно было бы делать через банкомат,а так приходится сидеть и ждать в очереди.Что это, глупость или привет из совка?19.06. оператор выписку не напечатала,ссылаясь на то,что не работает программа. Заезжал неделей ранее вообще компьютер у неё не работал.Супермедлительная,отчего посетители возмущаются.",1,
1,Сергей,2023-06-24 13:44:34,"Банкомат находится внутри отделения. Оно работает не круглосуточно. В субботу и воскресенье - выходной. Снять деньги практически невозможно. Приходится искать Магнит за несколько км от этого места, что крайне не удобно.",1,
2,Андрей Ш.,2022-03-28 12:30:31,"Нет человекоподдержки, на сайте есть сноска оформиьькаиту, заполняешь полчаса, а тебе потом смс приходит Бери паспорт и едь в офис лентяй, отстой в очередной, ишь.. Онлайн захотел оформить хитрый какой, СБЕРТАНК убери этот пункт если он не действительный, зачем людям морочить голову",1,
3,Ростислав,2024-02-08 15:32:05,Лучший сервис,5,
4,Кораблин Артем,2021-04-07 08:52:34,"Есть касса, пастомат сбер логистики и банкомат на прием наличности. Из минусов : неудобный график работы, прием наличных по одной купюре и снятие только через кассу. В остальном же само существование этого отделения в Отрадном уже плюс)",4,
5,ольга иванова,2023-02-08 18:11:01,Нет банкоматов. Только оплата через кассу,4,
6,Марина А.,2022-06-08 11:52:13,"Хоть бы ещё один банкомат поставили на выдачу,и продлить время работы",3,
7,Наталья Калинина,2021-11-08 08:32:24,"С учётом того,что это единственный сбербанк на все Отрадное, он работает 3 раза в неделю, это очень неудобно",1,
8,Владимир Николаев,2023-04-28 03:35:32,Часы работы не радуют.,2,
9,Ани Еганян,2023-03-02 16:53:15,Не каждый день работает,4,
10,Павел Белогорьев,2021-11-15 16:41:54,"Украшение старинного села, кроме банка в этом здании музей.",5,
11,Екаткрина Машурова,2022-02-28 08:44:38,На сайте один график работы а на самом деле другой...,1,
12,роман смагин,2021-02-25 06:49:58,"Отлично обслужили, перевыпуск карт занял 5 минут. Большое спасибо!",5,
13,Дарья Дубровская,2021-08-28 17:45:10,"Работает не понятно когда, банкомат нет и вообще не понятно для чего они тут",2,
14,Олег М.,2020-11-22 07:21:14,"Три раза заезжал, мало того что еле нашёл, так и ни разу не удалось посетить, постоянно закрыто.",1,
15,Maxplastik-vrn Maxplastik-vrn,2022-07-13 18:31:18,Недоразумение,1,
16,Оля Кузнецова Кузнецова,2020-02-03 17:05:24,Какие большое село отражена и нет банкомата где можно снять деньги только можно внести и заплатить,1,
17,Сергей Периг,2021-06-05 13:31:08,Сбербанк 👍👍👍👍,5,
18,Екатерина Прекрасная,2020-08-15 15:32:53,Нет круглосуточного банкомата,3,
19,Анастасия Землянухина,2019-12-07 12:19:52,Ну для сотрудника в возрасте норм.,3,
20,Лев Николаевич Золотухин,2020-02-16 04:17:36,Всё хорошо.,5,
