,name,date,text,stars,answer
0,Лидия криницына,2024-03-15 10:09:28,"Огромное спасибо менеджеру Бронниковой Марине Александровне за высокий профессиональный уровень, знающая толк в своей профессии ! Опытная, внимательная, ответственная Марина Александровна выполнила свою работу безукоризненно !",5,
1,Георгий Черников,2024-01-15 17:32:31,"Прекрасные сенсорные банкоматы (правда пока что только 2) отличные сотрудники, качество обслуживания на высоком уровне. Спасибо команде и руководству 🤝
Не раз ещё к вам обязательно загляну💚",5,
2,Александр Лукьянов,2024-02-15 13:11:48,"Обслуживание нормальное, квалифицированный персонал помогает для уточнения вопросов. Отношение к клиентам положительное, делают рекомендации по ряду вопросов. Время ожидание разное бывает, как попадёшь.",5,
3,Андрей Васин,2024-02-24 06:43:57,"Удобное расположение банка,а также круглосуточных банкоматов но не всегда можно внести или снять деньги, хорошо что банкоматов много, подходишь к другому и вау все получается.",4,
4,Галина Бабкина,2023-12-16 11:19:22,"заключала договор вклада, по предложению персонала заключили договор страхования, а сам договор 3 сотрудника не смогли мне распечатать, не знают как это делается. Вот и получается договор есть, а условия неизвестны. Предложили пожилому человек (около 80 лет) приехать в другой день, а они пока будут учиться печатать договор страхования.",3,
5,Александр,2024-04-22 19:16:40,"Один из дополнительных офисов Банка России, который должен обслуживать физических лиц. В 9 часов 30 минут 22.04.2024 отсутствует денежные средства для выдачи клиентам, ... как информирует оператор под номером 5. Пришлось следовать в офис, расположенный ближе к центру города.",2,
6,Ева Зельгер,2023-02-14 13:58:03,Помещение - просторное. Обслуживание - качественное. Персонал всегда вежливый. Банкоматов - много. Расположение - удобное. Есть Wi - Fi.,5,
7,Alan,2023-06-05 06:10:39,"Хорошее просторное помещение, отзывчивый персонал, не слишком долгое обслуживание. Сколько раз посещали - проблем никогда не возникало. Есть много банкоматов.",5,
8,Халик Гусейнов,2023-06-27 14:26:29,"Отличный банк и персонал хороший. Хотелось бы иметь такой-же банк вместе с персоналом в Тенистом. Были бы очень рады, так что ждём вас с нетерпением.",5,
9,Виталий Т,2023-11-11 13:52:19,"Удобное расположение, много терминалов, отлично для ночного времени суток, днём не так много посетителей, ждать приходиться не долго, персонал хороший!",5,
10,Саня Кортунов,2024-01-03 17:25:19,"Хорошее отделение, постоянно убираются внутри и снаружи, в банкоматах не всегда есть нужная сумма денег.",4,
11,Сергей Павленко,2023-12-07 18:02:44,Подскажут и помогут! Сотрудники очень приятные и внимательные,5,
12,Виктория Антоненко,2023-03-10 19:07:06,"Большое отделение, много терминалов и банкоматов, доступный вход для мам с колясками и инвалидов. Поток людей очень большой, а в дни оплаты коммунальных услуг очень большое столпотворение. Входная группа с терминалами и банкоматами, является разделяющей проходной между отделениями, и это ужасно неудобно когда много людей!",4,
13,Андрей Давыдов,2024-01-23 21:55:29,"Обычное отделение Сбера, вокруг убитые клумбы, грязь и горы снега, который никогда никто нормально не убирает",1,
14,Ветрова Ирина,2023-01-22 18:09:45,"Обслуживание всегда на высоком уровне, посоветуют, помогут, хожу только туда, если нужно решить какой то вопрос с банком! 
Недавно оператор Марина очень помогла, и бонусы показала как использовать и ребенок подарок к Новому году получил! Спасибо!",5,
15,Мина Александровна,2024-03-23 08:52:48,Всё очень ужасно! Прождали целый час пока выдадут карты! Отвратительное обслуживание!!!,1,
16,Елена Першина,2022-11-04 16:35:50,"Мне нравится это отделение. 
Компетентные и доброжелательные сотрудники, которые всегда помогут с любым вопросом. 
Несколько банкоматов и терминалов. Даже, если образуется очередь, то она движется быстро. 
Плохо то, что по вечерам там кучкуются наркоманы возле отделения. Не всегда, но бывает.",5,
17,Елена Малышева,2023-05-14 05:13:55,"Очень вежливый персонал,всегда чисто в помещение,если возник вопрос,его быстро решают сотрудники банка",5,
18,Блинова Ольга_HR_Воронеж,2023-10-07 09:28:34,"Удобное расположение и много банкоматов, можно даже в субботу сходить",5,
19,Даниил Калужский,2023-01-12 07:34:27,"Не пришла зарплата по ошибке банка, а именно из за одного менеджера которая не так вбила паспорт в систему сказали деньги придут через месяц (менеджер извинился но, деньги я не получил) благодаря вам мне нужно выживать месяц без денег. Хороший маркетинговый ход что бы взять кредит у вас под конский процень. К сожалению ниже одной звезды не ставится. По этому 1 пачка гречки из 5.",1,
20,olga lapteva,2022-12-25 13:01:01,"Офис большой,много специалистов,банкоматы круглосуточные,что очень удобно в нашем районе,так как их ни в магазинах ни на остановках нет к сожалению",5,
21,ирина кочура,2024-02-22 21:21:45,Пользуюсь давно этим заведением...постоянно очереди.Но не критично.,5,
22,Надежда Стрижак,2023-09-09 18:38:38,"Пользуюсь банкоматом,удобно,рядом с домом,очередей нет в любое время суток открыто",5,
23,Юлия Муковнина,2023-09-28 19:18:19,"Круглосуточный сбер! Чистое помещение, вежливый персонал.",5,
24,Гость,2023-08-02 08:18:33,"Персонал не компетентный в сфере банковского обслуживания.Оформляла страховой случай , так от одного до другого специалиста гоняли больше часа",1,
25,Сергей Малик,2023-11-28 17:06:01,Банк как банк.Много банкоматов.Электронная очередь.,5,
26,Валерий,2023-04-13 21:01:08,"Быстро оформили необходимые документы, сотрудник оформил карту, был вежлив и компетентен. Посетителей было мало поэтому ждать долго не пришлось.",5,
27,Александр Кожанов,2023-01-03 12:16:10,"Присутствует большое количество банкоматов. Время ожидания всегда маленькое, но это нивелируется малым количеством парковочных мест.",5,
28,Ирина Дворникова,2023-05-15 17:19:39,"Всегда очень чисто, банкоматы работают круглосуточно, удобно.",5,
29,галина костюк,2022-11-23 17:31:00,"Когда бы не зашел в этот банк, всегда толпа народа, особенно в дни выдачи пенсий. Часто зависают компьютеры и приходится довольно долго простаивать в очереди. Но персонал благожелательный и вежливый",4,
30,Юлия Иванова,2023-04-11 20:13:19,"Качественное обслуживание, приветливый персонал, много банкоматов",5,
31,Ирина Аттиах,2022-06-27 16:41:17,"Просто ужас! ""Посчастливилось"" столкнуться с полнейшим не профессионализмом! Перевыпуск Алла карту, пришла забирать, а мне сказали, что карты в отделении нет, и вообще её не выпустили. Оформили ещё один перевыпуск! А на деле оказалось, что мою карту просто доставили не в то отделение, но сотрудники этого отделения этого не увидели(( Кроме того, отделение работает до 18ч, с работы многие туда просто не успевают.",1,
32,cep85 putin,2022-08-09 11:47:36,"Обслуживание
Отношение к клиентам
Персонал
Время ожидания
Банкомат и не один, всё хорошо разъяснят, посоветуют, помогут, работники молодцы!",5,
33,Оленька Б.,2023-03-29 12:13:40,"Доброжелательные сотрудники, особенно кассир)) однако, некоторые не располагают информацией как проводить операции клиентам.",4,
34,pepper221965,2023-05-14 17:44:49,"Ну что сказать? Не много осталось банкоматов и отделений а районе. Это отделение удобное, много банкоматов.",5,
35,Вадим Богомолов,2022-09-16 12:57:41,"Хороший, тихий офис, главное возможность припарковаться, а так все как обычно в Сбере! Мне нравится!))",5,
36,Михаил Сергеевич,2022-05-03 14:07:43,"Обычное отделение Сбербанка России: есть зал банкоматов, операционный зал. Персонал приветливый, время ожидания зависит от внешних обстоятельств, но обычно небольшое.",5,
37,катя бурак,2023-09-05 18:07:46,"Работает банк ,четко без каких либо нареканий.Быстро и доступно.",5,
38,Михаил Юрьевич,2023-06-08 12:45:28,"Обслуживание, отношение к клиентам в норме. В банкомате всегда очередь. Время ожидания по разному.",4,
39,Руслан М,2022-06-12 11:45:36,"Удобное обслуживание, отношение отличное, есть множество банкоматов оплатить жкх, пополнить, перевести, расположен удобно,",5,
40,Виталий,2024-03-07 17:54:33,Сбер как сбер их таких тысячи по России,3,
41,Наталья Ярцева,2022-12-29 15:54:11,"Удобное расположение, грамотные специалисты. Всегда много посетителей",5,
42,Ольга,2023-03-31 13:18:32,"Мне повезло, рядом с домом! Хороший персонал, банкоматы 24 часа работают. Суббота тоже рабочая в этом отделении",5,
43,Засыпкина Мария,2023-04-23 18:28:20,"Удобный Сбербанк,быстрое обслуживание.но есть настойчивое навязывание ненужных услуг",4,
44,Светлана Светлана,2022-10-17 12:06:22,"Быстро. Вежливо. Получала карточку. Электронная очередь, что очень удобно. Спасибо!",5,
45,Юрий Павлов,2021-10-03 14:51:18,"Удобное местоположение, шаговая доступность, банкоматы круглосуточно. Приветливые сотрудники, проффессиональные консультации, помогают с оплатой пожилым клиентам.",5,
46,Василий Золотарёв,2022-02-18 20:01:01,"Достаточно удобное расположение, много банкоматов, что очень удобно, даже если много людей, ждать долго не приходится. Да и перносал достаточно отзывчив",5,
47,Анна Яцун,2023-04-05 17:27:15,"Персонал вежливый, отношение к клиентам доброжелательное, время ожидания не большое",5,
48,Марина Наркевич,2022-01-18 17:16:56,"Очень удобно в плане близкого расположения к домам, прекрасное большое отделение. Но увы нет парковки. Очень припаркованные машины мешают движению.",4,
49,Петр Пащенко,2022-06-11 16:38:56,Очень уважительное отношение хороший. и удобный. график прекрасный персонал удобное расположение.,5,
50,Елена,2021-08-27 14:14:02,"Приятный интерьер, есть где присесть посетителям пенсионного возраста, одно не удобно - от остановки общественного транспорта далековато - пенсионерам сложновато добираться",5,
51,Александр Бахметьев,2023-03-02 06:51:33,Часто бывает банкомат не принимает купюры. Если надо проверить купюру 5000 у них нет ничего для этого. Охренеть банк.,4,
52,burly1,2023-10-12 18:57:49,"Обслуживание профессионально,как и должно в солидном банке!Решпект!",5,
53,Бек Али,2023-11-23 13:53:41,👍👍👍отлично работает,5,
54,Светланка Гаврютина,2021-07-22 13:00:10,"Минусов не так много, но всё же для меня значимы. Помещение очень маленькое, поэтому очереди там всегда. Банкоматов мало, из-за чего в холе постоянно толкучка, невозможно пройти дальше. Деньги положить или снять с карты не всегда получается из-за очередей. Ну хоть автоматы всегда работают. Персонал тоже неплохой, всегда ответят на ваши вопросы.",3,
55,Воронеженка,2022-02-13 13:06:16,"Хорошее отделение. Всегда всё быстро. Много сотрудников, много банкоматов. Минус за график работы отделения, вторую половину субботы и всё воскресенье отделение не работает.",4,
56,Константиний Родноверов,2022-11-03 09:47:20,"Расположение удобное,круглосуточные банкоматы,но высокая концентрация маргинальных элементов",3,
57,852519 Запольская,2024-03-19 21:52:36,Нужную информацию не получили.,3,
58,Ветушка,2022-10-23 16:53:18,Квалифицированный персонал. Очень чистенько и приятно находиться),5,
59,Инкогнито 1460,2023-12-05 16:17:21,Оперативно.сотрудники на 5.,5,
60,Маргарита Берина,2023-02-09 18:51:14,Просто замечательный банк. Очень вежливые работники банка. Просто молодцы.,5,
61,Наталья Иванова,2022-08-25 19:24:06,"Альтернативы по близости нет, вот и приходится в очереди стоять и шепение не которых сотрудников выслушивать, прям как в СССР в 70-х годах прошлого века",3,
62,Любовь Я.,2022-10-29 07:34:41,"Хороший банк ,но очень много народу. Обслуживание вежливае и быстрое",5,
63,Наталья Капура,2023-06-18 18:05:00,Все хорошо. Очереди почти никогда нет. Всегда помогут,5,
64,Лада Бурлакова,2023-04-10 16:43:06,Хороший офис быстрое и качественное обслуживание,5,
65,Евгений Бобрешов,2024-02-26 03:58:42,Очень много поситителей,3,
66,Ирина Н.,2021-11-24 14:18:57,"Современный филиал Сбера, на достотаточно большой микрорайон он один. Раньше было 2, но маленьких. Помещение большое, чистое, ни разу не видела, чтобы работали все операционисты. Между входными дверями и входом в зал расположено помещение с круглосуточными банкоматами. Есть мини детский уголок)))",4,
67,Алексей Пиляев,2023-11-28 02:01:19,Нормальное отделение,5,
68,Тамара Попова,2023-04-06 18:11:12,Внимательные ВСЕГДА всё объяснят Я давольно обслуживание,5,
69,Анастасия Ф,2023-05-13 12:13:59,"Живём рядом.
Операторы супер всегда чисто",5,
70,Анастасия .,2022-06-18 17:51:37,"Сбер как сбер, ну да там неприятно ни снаружи ни внутри. Куча гопников, безопасность примерно на уровне 0😅а так банкоматы хорошие, много, очередей я там никогда не видела(возможно не попадала)",4,
71,574955 Семеренко,2023-05-23 17:46:34,"Мой банк, куда всегда обращаюсь. Нареканий нет. Наверное как и все банки",4,
72,Ольга Ситникова,2023-06-06 18:07:37,Удобно. Вежливый персонал. Просторно,5,
73,Татьяна Зыкова,2023-05-03 13:06:02,"Обслуживание на высоте. Зал светлый,большой.",5,
74,Ирина Кируша,2022-04-24 17:03:39,"Хорошее отделение, вежливые сотрудники. Единственный и жирный минус, это постоянно тусуются алкаши/наркоманы у банкоматов. В это отделение явно нужен охранник.",5,
75,Андрей Батищев,2021-07-07 17:26:02,"01.07.2021 .Была зачислена пенсия на мой счёт в сбербанке .Сегодня уже 07.07.2021 .Пришло СМС оповещение с номера сбербанка что я могу распоряжаться средствами которые были перечислены из Федерального бюджета .Проведя в этом отделении сбербанка около 40 минут пообщался с оператором ,администратором и начальницей отделения .Начальница удивилась и сказала про СМС прочитав его в своём компьютере что это бред . Понял что меня обманули в очередной раз .Средства которые мне полагаются по закону не могу получить уже 7 суток",1,
76,Инкогнито 3124,2024-04-19 12:05:25,Всë устраивает,5,
77,Света Казьмина,2023-03-29 00:02:21,"Работает много терминалов, быстрое обслуживание.",5,
78,Иван Чуприков,2023-10-01 11:07:50,"Очереди в три валюшки ,маленькое помещение",3,
79,Mr.dirik,2021-11-29 10:47:10,"Данное отделение хорошо тем что имеют большую площадь и большой штат сотрудников, хотя это не всегда решает проблему очередей, на входе большое количество банкоматов работающих круглосуточно.",5,
80,ALBINA BOEVA,2021-07-18 12:06:16,"Персонал вежливый всегда подскажут , куда обратиться. Чистота в помещении, много банкоматов, где можно снять, положить на карту деньги. Так же оплатить квитанции по всем поводам. Рекомендую всем и всегда!",5,
81,Михаил Киризлеев,2023-03-13 17:10:17,Отличное отделение банка. Внимательный персонал.,5,
82,Александра Столяр,2022-05-11 10:32:18,"Очень грязно в зимнее время, но это не так даже важно, как очереди в километр, и медленное обслуживание.....очень жаль что так.....",3,
83,Наталья,2021-09-26 09:46:19,Большой и просторный филиал. Рядом с домом. Все вопросы можно достаточно быстро решить.,5,
84,Ак тюлень.,2022-01-15 17:16:59,Бываю часто. Обслуживание и персонал хорошие. А главное рядом с домом.,5,
85,Илья Кононенко,2021-08-04 08:22:10,"Хорошее отделение. Большое помещение, в зале много аппаратов для разных целей. Быстрое обслуживание.",5,
86,Виталий,2023-01-26 17:11:38,Удобное расположение и чисто,5,
87,Spasyon,2023-11-01 17:19:59,"По субботам не работает, карту получить невозможно",2,
88,A A,2021-09-17 13:40:25,"Очереди огромные. Во многих вопросах сотрудники некомпетентны! Девушек с планшетами, к которым часто отправляют по ряду вопросов, словно со школьной скамьи взяли на работу: ""Хи-хи, ха-ха, а я не знаю"". Ужасно!",2,
89,Света Голубева,2021-12-08 10:19:52,"Грамотный персонал,большое помещение,много банкоматов,работают круглосуточно.",5,
90,Алексей Налетов76@,2022-01-17 16:43:39,"Наверно самое хреновое отделение сбера,с улицы всё нормально,а зайдёшь внутрь,- очереди неимоверные 1.5 - 2 часа чтобы оплатить коммуналку.",1,
91,Евгения Лебедева,2022-08-29 18:10:52,"Приветливый коллектив, помогли во всех вопросах",5,
92,Владимир Рябов,2021-10-01 11:10:39,"Персонал конечно ещё ""тот"". По ходу с времён СССР. Поребовалось сделать перевод с счёта на ксрту. Собралось аж 3 ""специалиста"" - сказали невозможно. Поехали в другое отделение. Там один оператор всё решил за 5 минут.",3,
93,zharckoviv,2021-09-15 15:35:16,"Отделение с довольно свежем форматом и вполне просторное, если не брать во внимание дни получения пенсий и оплаты коммунальных услуг.",4,
94,Ольга Мельникова,2022-02-19 15:46:40,"Ждала свою очередь около 5 минут. Ошиблась с целью прихода, сразу перенаправили в другое окно. Специалисты грамотные, вежливые.",5,
95,Евгений Петров,2022-04-26 11:29:05,"Удобное, большое отделение. Вежливые сотрудники, очень!",5,
96,uri,2021-10-06 12:41:45,"Отделение работает оперативно.но есть одно замечание.один сотрудник на выдачу карт.если придти в 17 30 , реально можно не успеть ее получить",4,
97,Стерво⁴ка,2022-07-02 16:45:15,"Девочки умнички ,добрые и отзывчивые ))) Так держать )))",5,
98,Шпилевский Денис,2021-06-28 06:46:29,"Удобный круглосуточный банкомат. Персонал приветливый, грубостей не было не разу, пользуюсь уже десятки лет этим отделением, ещё до их переезда на краснозвездную 42",5,
99,Алекс.Руд.,2022-12-13 05:29:01,"Всё вежливо, с улыбкой, круто.",5,
100,Евгения,2021-09-15 08:51:18,"Хорошее отделение Сбербанка, много терминалов, обслуживание нормальное. Удобные часы работы.",5,
101,Роман Романов,2022-09-07 13:02:12,"Всё отлично, быстрое обслуживание.",5,
102,Владимир Редкий,2021-07-03 15:01:58,"Вежливый, отзывчивый персонал. Все мои вопросы решились оперативно. Очередей нет",5,
103,Андрей. Комановский.,2022-12-20 14:53:09,Стандартный банк хорошо обслуживание.,5,
104,Юрий Петрин,2020-09-11 18:48:04,"Только лишь хорошо у них самому снимать деньги. Карточку заменить не смогли, хотели мне сделать дорогую карту, еле отказался и еле забрал паспорт. Плохое общение, персонал видимо все не знающие не законодательство, ни финансовую службу. Проверяют по куче документов но карту мир моментум так и не дали. Очень недаволен местом, хотел утерянный мир моментум заменить той же картой, сказали что терминал не работает.",2,
105,Ирина Тютина,2021-09-07 05:56:46,"Была в субботу, сам филиал не работал, банкоматов много, людей мало, единственный минус тесновато",5,
106,Максим,2021-10-04 12:41:45,"Среднее отделение сбербанка. Много терминалов для олаты, а вот банкоматов мало в часы пик очереди. Такмв целом все нормально",5,
107,Наталья Кондакова,2021-09-15 08:58:20,"Стандартное отделение сб с банкоматами. Пеисонал вежливый, готовы проконсультировать.",5,
108,М. К.,2021-07-29 11:26:47,"Большой удобный филиал, в банкоматах практически всегда есть и крупные, и мелкие купюры.",5,
109,Андрей,2022-06-08 18:04:20,Удобное расположение но отсутствует парковка,5,
110,Виктор Тюленев,2023-03-21 06:38:35,Очень внимательны к людям,5,
111,Павел Павлов,2021-04-12 07:08:31,Удобно. Бол шой зал все по талоном. Без суеты и спешки грамотный персонал.,5,
112,Ирина Скуратова,2021-11-25 05:11:33,"Всегда огромные очереди к терминалу, часто работают всего 2 банкомата .",4,
113,Игорь Долгополов,2021-06-17 18:22:19,Работают медленно. Старшая ругает своих подчиненных громко и при всех. Очень неприятно. Культураповедения очень сильно хромает.,3,
114,Себастьян Парейра,2021-12-24 12:59:03,На такой район маловато одного отделения. Особенно это ощущается в дни зачисления пенсии.,3,
115,Татьяна Пеленицына,2021-04-19 07:58:37,"Красивый офис, только чтобы попасть к операционисту, нужно пробиться сквозь толпу людей в зоне самообслуживания... 
Замученные операционисты....",4,
116,Сергей Пономарев,2022-12-19 17:13:09,Типо помогают но помощь не оказывают,3,
117,Виктор Чепурной,2021-08-01 10:01:46,"Ну что же, как и во всех офисах Сбера: порядок, внимательность и учтивость персонала и кондишн.",5,
118,RuMax.pro,2021-09-18 17:48:29,"Нормальное отделение,бывает не все банкоматы работают,но очередей больших не замечено",5,
119,Наталья Гайдина,2021-09-17 16:03:08,Отличное отделение сбербанка.Очень приятный персонал,5,
120,Денис Тк,2021-04-09 16:34:06,"Обычное отделение банка, только рядом с домом- удобно, хотя почти все вопросы уже решаются онлайн через личный кабинет",5,
121,Дарья Дудкина,2021-09-13 12:04:15,"Всё прекрасно, нечего лишнего сказать не могу, приходите, пользуйтесь банкоматами на здоровье!!😎",5,
122,Дарина Ковалёва,2023-09-25 07:39:33,Съел карту,3,
123,Роман Скоморохов,2021-08-06 12:10:56,"Хорошо, что здесь много терминалов, которые обычно работают все.",5,
124,Инкогнито 7581,2023-04-17 23:29:06,Да всё там нормуль,5,
125,Алексей Бахметьев,2023-06-05 10:43:13,Хороший персонал,5,
126,Алекс Семенов,2021-10-15 06:08:01,"Бальшое отделение , но не очень расторопные сотрудники!!!!!! Я бы так заметил!!!!!!",3,
127,Александр Кушко,2023-09-28 17:26:53,Работает...,5,
128,Виктория Ревина,2022-02-26 07:30:58,"Хороший персонал, грамотный администратор",5,
129,Светлана Лузина,2022-01-10 17:34:01,"Хорошее отделение, сотрудники очень компетентные.",5,
130,евгений Плетнев,2023-01-20 17:22:59,Быстро обслуживают,5,
131,Neiz Vesten,2021-07-31 01:40:37,"Мало людей. Сколько себя помню, всегда тут были отделения банков разных. Теперь уже давно Сбер...",4,
132,Сергей Пирогов,2022-01-24 15:06:31,Машину поставить не где...народу очень много(в платёжные дни)...почти всегда полина банкоматов не работает...,1,
133,961560 Машарова,2021-08-06 13:58:59,"Получала перевод денежных средств, мне понравилось обслуживание. Молодцы девочки.",5,
134,Александр Мелютин,2022-08-04 17:23:54,Нормальное отделение сбера),5,
135,Олег Шатских,2022-08-25 17:05:36,Превасходная работа калектива.,5,
136,Владислав Павленко,2023-02-13 18:02:56,Хороший сервис,5,
137,Наталия Д.,2021-03-07 12:43:12,"Быстрое обслуживание. Вежливый, внимательный персонал",5,
138,Лариса Дорожкина,2021-07-09 13:50:26,Новое отделение. Практически нет очередей. Персонал вежливый,5,
139,Ольга,2022-07-20 17:15:58,Банк. Старый. Банк. Обнавить,5,
140,Анатолий,2020-09-14 15:39:05,"Яндекс плохо проверяет информацию. Отделение работает до 18:30, а не до 19:00. Плюс я взял талон до закрытия офиса, но меня выгнали так и не обслужив, в очереди я был вторым.",1,
141,Петр Паринов,2021-09-07 13:22:04,Уже не хватает количества банкоматов которые как обычно ещё и не все работают,3,
142,Сергей Ш.,2021-03-12 07:30:48,"Очень хорошо все работает, персонал отзывчивый.",5,
143,Анонимный отзыв,2023-03-21 16:40:04,Отличный сбер,5,
144,Инкогнито 1897,2023-07-14 16:37:12,Норм.,5,
145,Aleksandr Vernigorov,2022-08-04 16:37:18,Не далеко живу иногда заходу😁👍,5,
146,Анатолий Кравец,2022-01-14 16:33:58,"Обычный сбер, всё как везде. И это радует",4,
147,Марина Бузина,2021-12-10 07:18:19,"Очень удобный, современный филиал",5,
148,336489 Анонимно,2022-01-23 18:01:27,Мало стало банкоматов. Очереди вечером большие,4,
149,елена севостьянова,2021-08-28 11:10:00,Удобно! Быстро решила проблему с картой.,5,
150,Ole_vrn,2019-08-08 20:53:38,"Обычное отделение СБ. Чистенько, аккуратно. Вежливые сотрудники. Мне повезло, отделение рядом с моим домом.",4,
151,Лариса Дорожкина,2020-08-02 13:48:37,"Большое помещение, вежливый персонал. Удобное месторасположение",5,
152,Т. Б.,2021-05-01 08:29:34,"Быстрое обслуживание, грамотные консультанты. В очереди никогда не сидела.",5,
153,Елизавета Анучина,2021-06-14 20:36:07,"Хороший Сбербанк, удобное расположение",5,
154,Элеонора,2020-05-11 19:45:34,"Остался неприятный осадок после посещения отделения Сберканка 0134 по ул. Краснозвёздной, 42, а именно после общения с сотрудницей банка Татьяной Петровной, которая решает, что мне нужно, а что нет, мне было отказано. После моего звонка на горячую линию Сбербанка её тон и намерения изменились, она дала указание сотрудникам решить мой вопрос. На то, что не приносит Сбербанку выгоду, тратить время сотрудники не будут.",2,
155,А141207,2022-08-21 18:29:55,Удобное отделение банка,5,
156,андрей краснов,2022-04-20 18:13:14,"Обычный сбербанк, как и везде",5,
157,Андрей Михайлов,2021-10-05 17:35:28,"Хороший филиал, сотрудники часто помогают",4,
158,алекс алексеев,2022-08-31 07:05:04,Хорошее отделение,5,
159,vonaviza,2020-01-07 12:55:52,"5 баллов за все! Кроме поистине ""низких"" кредитов, которые предлагают пенсионерам - 23,8% годовых. Людей за дураков считают. Сами операторы в шоке от Грефа",4,
160,Андрей Рязанцев,2022-11-06 16:25:07,Шикарный Сбер,5,
161,Александр,2022-07-20 19:53:53,Постоянные очереди,2,
162,Тамара Попова,2021-07-20 05:05:12,"Плохо работают банкоматы.из 4х один,два как правило сломаны",2,
163,Володин*Ка,2020-10-09 10:47:19,Большой. Вместительный офис. Много банкоматов. Редко когда очередь,5,
164,ПВ,2021-11-27 05:13:46,"Молодцы. Грамотные, приветливые сотрудники.",5,
165,Ирина Скрипченкова,2020-02-28 12:00:37,"Недалеко от дома, вежливое обслуживание. И если это не день получения пенсии и оплаты коммунальных услуг, то очереди не бывает.",4,
166,Александр Назарьев,2021-10-24 06:41:14,Был два раза. Все удобно.,5,
167,Дарья Копылова,2020-12-18 09:00:03,Качественное обслуживание.Только пособия списывать не надо.и так выживаем как можем,5,
168,Марина Доценко,2020-10-27 13:01:19,"Получала там карту, персонал вежливый, Всегда помогут.",4,
169,Александр Хатунцев,2021-02-10 14:40:55,"профессиональные аферисты, подключат услугу и знать не будешь за, что деньги сдерут.",1,
170,Владимир Александрович,2022-11-28 19:34:30,Отлично,5,
171,Анонимный отзыв,2020-11-10 13:01:55,Отличный сбербанк. Оплатить и снять наличьку круглосуточно.,5,
172,Андрей Воронцов,2022-05-12 05:20:48,Сбер и в Африке Сбер,4,
173,Ubaydulla Yuldoshov,2022-09-05 18:09:59,Очень хорошо,5,
174,Саша,2021-08-01 08:11:59,Хорошие отзывчивые сотрудники!,5,
175,Светлана Семеренко,2021-03-21 17:34:45,"Рядом с домом. Консультируют, помогают.",4,
176,Сенной,2020-01-28 15:41:09,"Внимательные сотрудники, вежливые. Приятная атмосфера.",5,
177,Егор Владимиров,2021-07-19 07:57:53,Не много людей. Быстрое обслуживание.,5,
178,хьа деда,2022-05-19 17:49:31,На высшем уровне,5,
179,евгений Бахтин,2021-09-10 06:49:53,Хороши́й банк.Быстрое обслуживание.,5,
180,Сергей Самурай,2020-06-11 13:10:44,"Приятные, опытные консультанты, ВСЕГДА готовы помочь!",5,
181,Grigoriy Gavrilov,2022-09-14 11:20:24,Хорошее больше отделение сбербанка.,5,
182,Константин Карташов,2021-10-03 01:03:40,"Обычное отделение, все как и везде.",5,
183,Павел Макаров,2019-11-20 16:33:52,"Новое отделение, хорошее обслуживание. Минус - мало места для стоянки автомобилей.",4,
184,Роман,2020-04-22 04:50:27,"Удобно расположен, много окон но и много народа)",5,
185,Александр Калаев,2021-12-08 15:37:35,Сигнализация постоянно орёт,3,
186,Николай Старостин,2019-12-24 14:18:06,"Народу не пробиться, электронная очередь Толи работает Толи нет. Парковки нет. Помощников один, его бабушки разорвали.",3,
187,Вася Х.,2021-10-04 08:58:36,Очередь начинается еще на улице,1,
188,Лена Кравченко,2022-02-19 17:40:12,Все отлично 👍,5,
189,Константин,2021-08-18 17:07:10,Как и все филиалы с кучей народу.,4,
190,Татьяна Сокольская,2021-08-04 12:22:22,Очень долгое обслуживание клиентов,1,
191,Юлия Шурочкина,2021-08-24 07:05:29,Очень хороший коллектив,5,
192,Аля,2020-08-15 13:35:37,"Сотрудники супер,обслуживание отличное",5,
193,Валера Чурсанов,2021-10-03 19:15:47,Грамотные консультанты,5,
194,Михаил Сергеевич,2019-10-24 06:46:26,"Удобный офис Сбербанка. Приветливый, грамотный персонал.",5,
195,Алексей Ягодкин,2022-01-02 12:46:37,Хорошее отделение.,5,
196,Сергей Сурков,2021-06-28 19:03:08,Крайне не удобное время работы офиса.,3,
197,Rusik A.,2020-09-15 08:00:14,"Удобный банк, можно быстро получить услугу.",4,
198,Александр Копытин,2021-08-06 12:52:18,Вечно какой-то банкомат не работает,3,
199,Юлия*,2021-10-01 00:36:27,В выходные не работает(,4,
200,Александр Бугаев,2020-01-17 05:23:15,Удобное расположение и быстрое обслуживание.,5,
201,Андрей Меркулов,2021-07-05 14:06:08,Претензий нет. Можно без маски),5,
202,Доцент,2020-03-31 08:38:04,"Работают оперативно, хотя народу всегда много.",5,
203,АНТОН Харитонов,2021-04-09 08:18:28,"Прикольно, много народу",5,
204,King Depression,2021-07-15 08:41:02,Как и любое другое отделение банка,4,
205,Антон Романов,2020-07-30 16:49:42,Банк как банк со своими положительными и отрицательными сторонами,3,
206,Эдуард Сидоров,2021-05-03 19:52:47,Очень долгое обслуживание,1,
207,максим,2021-09-25 14:12:08,Сбер он и есть сбер...,4,
208,Solslav,2019-09-26 09:48:22,"Чисто,немноголюдно и хорошее отношение персонала.",4,
209,Elena Panchenko,2020-02-25 15:31:42,"Это лучшее отделение СБ, в котором меня обслуживали. Идеальные сотрудники",5,
210,Галина Гриднева,2020-05-31 11:39:53,Всё очень быстро...нет толпы.обслуживают быстро,5,
211,Наталья Жаминова,2022-01-15 17:17:05,Все хорошо. 🤗,5,
212,Елена,2020-10-07 13:55:21,помогли решить проблему с пропавшей суммой денег. Спасибо,5,
213,Дмитрий,2019-09-19 20:00:00,"Быстрое обслуживание, правда в дни выдачи пенсии и оплаты коммуналки не протолкнуться...",5,
214,fine.guglin,2020-02-28 06:42:28,"Часто не работают несколько банкоматов,по несколько дней,это создаёт очереди!",4,
215,Ната,2020-03-08 21:01:53,"Быстрое обслуживание, очереди бывают, но редко",4,
216,arina_nasonova,2020-07-09 11:38:22,"Хороший банк ,очередей мало,опытные Менеджеры !",5,
217,Жорж Вебер,2021-09-09 21:16:37,Обычный филиал.,4,
218,Mdesign36,2020-10-21 12:14:37,"Удобное отделение. 
Пока здесь не хамили..",5,
219,Вор,2021-07-29 15:00:26,Высокий процент,5,
220,Анжелика Григорьева,2022-09-08 11:39:21,"Банк,как банк!",5,
221,Владимир Афанасьев,2020-03-14 08:41:23,"Я спокойно выполняю все операции, не надо три часа ждать талона.",5,
222,Марианна Г.,2020-01-18 10:45:02,Всегда быстро и оперативгт можно решить вопросы,5,
223,оксана романченко,2021-04-15 07:59:20,Быстрое обслуживание,5,
224,Татьяна Золотарева,2020-10-13 17:45:27,Удобно рядом с домом,5,
225,Елена Колосова,2019-09-05 14:59:11,"Удобное расположение,быстрое обслуживание.",4,
226,Галина Медведева,2021-11-25 18:30:24,Отлично,5,
227,Василий Н.,2019-11-22 07:04:32,"Маленькое помещение где установленны банкоматы, тесно, не удобно.",3,
228,Анонимный отзыв,2020-02-11 00:06:15,"Как и большенство отделений СБ. Много людей, банкоматы работают не все. Так себе и сомнительный сервис",2,
229,Виктор Н.,2019-11-30 11:21:53,"Удобно, но народу всегда много.",4,
230,павел сальников,2021-03-27 14:28:08,Рядом с домом.,5,
231,Честь ИМЕЮ,2021-11-12 08:58:51,Постояно много народу,3,
232,Лидия ЛазерЛюкс,2020-01-09 23:06:01,вежливое и компетентное обслуживание,5,
233,Елена Р.,2019-10-21 19:32:09,все на своих местах. все работают. очередей нет.,5,
234,Андрей Коршунов,2019-10-16 06:52:01,Удобный Сбербанк и офис в Юго западном,5,
235,natalya,2020-05-05 09:29:47,Почему то очередь в этом отделении всегда больше в сравнении с другими.,4,
236,Дмитрий А.,2020-04-21 13:01:40,Внимательный персонал к пожилым людям,5,
237,garik,2019-10-20 17:32:44,"Быстрое обслуживание,внимание к клиенту",5,
238,Тамара Б,2020-10-31 14:39:59,Нормальный банк,5,
239,Евгений Овчинников,2020-12-19 15:06:41,Приятный перснал,5,
240,Екатерина Суслова,2019-10-03 16:26:10,"Удобно, быстро, приятно",5,
241,Татьяна З.,2019-09-20 17:14:03,Хорошая быстрое обслуживание,5,
242,Саша Митин,2020-03-27 16:47:26,Рабоьтают оперативно,5,
243,Владимир Я.,2019-10-13 05:31:02,Очень доброжелательные работники,5,
244,Елена Бородина,2019-11-05 19:37:33,Всегда получала нужную мне услугу,5,
245,Тихомиро Сергей,2020-07-04 17:21:29,Вечно нет денег,3,
246,Andre Ralf,2020-07-12 08:25:30,мне удобно.,5,
247,Дмитрий Д,2020-05-24 14:57:01,Сбер есть сбер,3,
248,Dharma,2020-04-16 00:21:15,Типичное отделение сбербанка,4,
249,Александра Т.,2020-01-26 10:09:18,очень нравиться,5,
250,Маша З.,2019-08-23 06:01:14,Удобный график работы!,5,
251,Махмуджон Хусаинов,2019-10-28 14:17:00,Хорошо спасибо,5,
252,Наталия Павлова,2019-09-02 09:29:19,Банк как банк,3,
253,Жанна Щ.,2019-08-05 06:43:26,Рядом с домом,4,
254,Gennadiy Negodenko,2019-08-14 14:03:35,Всё сделали.,5,
255,Каспарс Ерге,2019-10-06 08:27:37,Всё хорошо!,5,
