,name,date,text,stars,answer
0,Екатерина Мозолевская,2023-12-07 17:36:00,"Много банкоматов, это плюс. Из минусов довольно жаркое помещение и хамоватая уборщица.Подслушивает чужие разговоры и отпускает комментарии в адрес клиентов, отвлекает операторов от работы, ведет себя как дома! Будто не в банк пришел, а к ней домой, примите уже меры в отношении этого ""сотрудника"", читала отзывы ниже, это не первый случай. Также при получении заказа со Сбермегамаркета сотрудница попросила продиктовать номер телефона при выдаче заказа, я подумала, что что-то нужно подтвердить, а оказалось, что предприимчивая женщина уже практически оформила на меня кредитку, вот это наглость. Без предупреждения,без озвучивания условий. Хорошо, что я сама спросила, что она делает в планшете с моими данными, будьте бдительны.",3,
1,Валентина П.,2023-11-26 22:11:00,"Все хорошо , расположение удобное, сотрудников много , все доброжелательные ! Поток людей большой, но быстро проходит ! Спасибо !",5,
2,Владимир К.,2023-05-16 12:31:05,"Плюсов много, так что перечислять не буду. Минусы мною, простым пользователем (ну, клиентом), не замечены. Персонал ВСЕГДА очень вежлив, корректен, квалификация у всех отменная, обслуживание быстрое, без проволочек, операционистки ВСЕГДА готовы помочь и подсказать. Очень доволен. Народу? По сравнению с тем, что творилось у нас в Воронеже в сберкассах, можно сказать одно - ""пусто"". Даже в наплыв в определённые дни ждёшь не более 10-12-15 минут. я лично 15 минут никогда не ждал, только 12- самое долгое. Одним словом, оценка этому отделению - ""ПЯТЬ"" (""ОТЛИЧНО""). Так держать. Надо бы добавить зарплату операционисткам, вот что.",5,
3,wawa,2024-03-24 16:12:04,"Я получал банковскую карту, и сотрудница, которая меня обслуживала, подробно объяснила мне, как поставить 5 звезд этому заведению. Это было похоже на то, как будто она объясняла это пенсионеру или 6-летнему ребенку, который не умеет пользоваться телефоном. Мне кажется, что это было излишне.",4,
4,Кирилл Горб,2024-01-12 13:09:11,именно в этом отделении я решил что больше со сбером сотрудничать не буду. долгое время получал зп на карту банка. в кредите отказали. в рефинансировании отказали. про переводимую туда часть пенсии вообще ни чего сказать не смогли по старому вкладу сказали это не к нам. в общем прелесть. разве что комуналку оплачивать без проблем,3,
5,Виктория Успешная,2024-04-03 21:17:44,"нормальный банк, умеренная очередь есть но долго ждать не приходится. Отношениеивежливое с уважением. Спасибо",5,
6,Инкогнито 9952,2023-09-11 12:21:16,"Удобное место деслокации, очень чисто, удивительно вежливый персонал, по факту лучший фелиал в Воронеже, ставлю 10 из 10",5,
7,Vitusha Konkretnuj,2023-04-20 12:30:55,"Сбер, как Сбер...добавить нечего! Из плюсов:много терминалов, большой офис, много сотрудников, отсюда и минусы :всегда много народа... Часто приходиться ждать, но будем честны, недолго. Также огромный минус для автолюбителей, практически невозможно найти место для авто.",4,
8,Empty811,2024-03-26 08:57:07,"Ужасно, прождал очередь, пригласили в 4 окно, от туда направили в 7 или 8,в 7 демонстративно ушли и сказали ждать, подождал 20 мин, подошел к 8( было свободно) сказали еще ждите",1,
9,Евгения К.,2023-06-20 13:42:35,"Отвратительное отношение к клиенту.Обратилась за помощью к нескольким сотрудницам(чтобы проконсультировали в вопросе перевода денег через терминал),мне было сказано,что это не входит в их обязанности и у них нет сотрудника,работающего в зале.При мне несколько бабушек пытались обратиться с такой же просьбой-их просто игнорировали.Очередей не наблюдалось,будний день,первая половина дня.Даже отстояв повторно очередь с талоном,я всё равно была культурно послана.Впервые столкнулась с таким неуважением и хамством.",1,
10,Виктор Кондратьев,2024-01-22 14:27:54,Ну куда же мы без наших банков хороший персонал помогают с терминалом покажут всё расскажут,5,
11,Олег Степанов,2024-02-23 08:12:46,"Вежливый персонал, много банкоматов, удобный график работы.",5,
12,Алексей Т.,2023-05-13 14:31:15,"Хорошее отделение банка. Хорошее обслуживание. Вежливый и внимательный персонал. Небольшое время ожидания. Посещаю его ежемесячно. Рекомендую, мне нравится данное отделение банка.",5,
13,Альберт Ребрей,2022-08-12 04:24:46,"Быстрое обслуживание,вежливое,прохладно,народу много всегда,но очередь двигается быстро.Зачем то закрыли отделение возле школы 23,а нам было оно очень удобно расположенно,теперь приходится идти на димитрова,да ещё по ступенькам,что не для больных ног.",3,
14,Надежда,2023-01-15 18:58:48,"Обслуживание отличное. Персонал вежливый, внимательный. Отношение к клиентам достойное. Даже если клиент капризный, нервозный, то и в этих случаях персонал терпелив, спокоен и сдержан. Случалось быть свидетелем. 
Что касается время ожидания, то это когда как. Банк находится в бойком месте и часто бывает много народу.",3,
15,валентина к.,2023-11-14 18:14:26,"Вежливый персонал, большой зал. Много операционных окон",5,
16,Дмитрий Горлов,2023-10-17 11:06:13,"О какой либо клиент ориентированности говорить не приходится. Людей не протолкнуться, духота. Оптимизировались. Лучше место для обмена вирусными заболеваниями. Спасибо",2,
17,Татьяна Ч.,2023-12-13 13:00:04,Очень хороший коллектив. Всегда готовы помочь.,5,
18,Ульяна Сутыгина,2023-08-19 15:23:10,"Очень внимательный персонал, все быстро получила, проконсультировали, ушла схорошим настроением.",5,
19,Серж Д.,2022-09-19 18:07:51,"Хорошее отделение банка. Работники приветливые, заботливые. Обслуживание довольно быстрое и комфортное. Время ожидания не долгое.
Приятно посещать данное отделение.",5,
20,валерий малыхин,2022-08-26 16:52:53,"Благодарю работника банка, Якимову Анастасию, за профессионализм и чуткое отношение к клиентам - все грамотно, четко объяснила и сделала по интересующему меня вопросу. По-больше бы таких людей. Надеюсь руководство банка как то поощрит данного сотрудника. Спасибо.",5,
21,Его любовь...,2023-11-27 10:48:12,Отзывчивый персонал. Приятная обстановка.,5,
22,Елена Р.,2024-01-11 20:31:29,Все хорошо! Пока хоть один Сбербанк не испортили современным ремонтом.,5,
23,Наталья Прилепина,2023-12-13 12:53:08,"Отличный офис, профессиональное обслуживание",5,
24,Марина Кинева,2024-02-01 08:34:48,"Ужас ужасный, то компьютер не работает, то программа не грузится. Всё делаю в Воронеже.",1,
25,НОВЕНЬКИЙ,2023-07-17 12:15:00,"Замечательно расположен,хорошие операторы!Вежливы приветливы и доброжелательны,работают на совесть!Пользуюсь и доволен,рекомендую!",5,
26,Владимир Савельев,2024-03-25 17:03:56,"Обычный офис сбербанка. Все хорошо, как везде.",3,
27,Alan,2024-03-10 07:52:37,"К обслуживанию вопросов нет, всегда помогали при всех обращениях.",5,
28,Валерий,2023-02-09 11:36:56,"Хочу поблагодарить Елизавету, за быстро установленное приложение и главное приятное общение, с ее стороны вызвало только положительные эмоции.",5,
29,Марина Владимировна,2023-04-14 12:15:23,"Большой, удобный филиал. Вежливое отношение к клиентам. Быстрое и качественное обслуживание.",5,
30,Irina Svezhintseva,2023-05-24 20:13:03,В моем случае очень сильно помогли. Подсказали как лучше поступить. Отзывчивые люди работают здесь.,5,
31,сергей д,2023-11-08 13:11:20,Бесконечные очереди и вечное ожидание своего номера очереди,3,
32,Алексей Ещенко,2023-05-27 15:57:37,"Банк, как и другие филиалы сбербанка России нормальный. Стоянки нет. Людской поток огромный, но все всё успевают. Рекомендую.",5,
33,Джек Воробей,2023-07-22 16:12:34,"Все как всегда, очередь из бабулек на пол часа и через 40 минут тебя обслужат. 
Куда проще работать с дистанционным банком.",1,
34,Алекс Маев,2022-12-06 12:54:36,"Хороший банк. Электронная очередь движется быстро, обслуживание квалифицированное и вежливое.",5,
35,Fanat,2022-11-03 17:59:22,"Хороший персонал и обслуживание, именно здесь я делал карту сбербанка у одной и той же сотрудницы, после разговора с работнице сбербанка, хочется только похвалить персонал",5,
36,Ирина,2022-06-16 19:34:42,"Очень отзывчивый персонал, помогут всегда и всем. Но, обычно очень много народа, особенно после закрытия двух ближайших офисов.",4,
37,Лариса Ненашева,2022-06-07 05:55:08,"Месторасположение отличное! Персонал тактичный, спокойной, компетентный. Банкоматов очень много. Всё в рабочем состоянии. В рабочем времени у специалистов Сбербанк нет медлительности, видно пожилые посетители ожидают без возмущений.",0,
38,Елена Елена,2023-12-08 19:10:49,Всегда всё на высшем уровне,5,
39,Olga Lukina,2022-08-30 11:54:03,"Обслуживание может и хорошее, но имела такую неосторожность, обратиться в этот филиал за перевыпуском карты. Вместо обычных 3-х рабочих дней, жду уже 7 дней. Как там работают, не понятно. А от робота по номеру 900 толку ноль.",1,
40,Александр,2023-03-22 16:16:36,"Хорошее отделение, быстрое обслуживание, грамотные специалисты",5,
41,Юлия Сорока,2024-02-15 09:46:59,Сбер как сбер. Всегда лучшие,5,
42,Наталия Лихобабина,2023-07-18 17:52:09,Ко всем отделениям сбербанка претензий нет. Все четко организовано.,5,
43,Олеся А.,2023-07-01 12:51:04,"Грамотные специалисты, отличное обслуживание",5,
44,Алёна Рихтер,2022-08-31 20:49:57,"Обычный сбербанк как и везде, три звёзды за огромные очередя у банкоматов, где только два или один работают на пополнение счёта, сотрудников не наблюдала",3,
45,Алексей Пятицкий,2024-02-01 15:08:20,Чисто все норм.,5,
46,V1nch1992,2024-04-09 11:48:22,Лучшее место в мире,5,
47,Ирина,2023-01-06 17:40:03,Работает 24/7. Очень удобно. Тепло. Несколько банкоматов.,5,
48,Лина Пушняк,2022-12-02 11:24:45,"Всегда улыбчивые сотрудники , помогут с удовольствием ответят на любой вопрос . 👍",5,
49,БакитА,2023-07-01 00:06:16,Банкомат работал отлично! Без лишних вопросов 🤣👍,5,
50,Наталья Слинкина,2023-09-24 09:14:23,Очень вежливые и внимательные операторы,5,
51,Dmitry Dmitry,2021-04-17 18:59:29,"Чересчур навязчивые сотрудники, если на первое предложение о кредитной карте пытаешься вежливо отказаться, то последующие десять (да, это не преувеличение) уже очень сильно раздражают. Из-за этого посещение ради ерундовой услуги (получение выписки о счете) растягивается до невозможности. Так же если вы вдруг ошибётесь с выбором нужного талона на вас кажется все грехи мира будут готовы повесить. (неужели это так принципиально важно?) В целом, пусть нужную услугу я и получил при посещении данного офиса, но неприятный осадок имел место быть.",3,
52,Алексей Стожок,2023-07-27 17:08:08,"Очень удобно , все доступно .",5,
53,Никита Белоусов,2022-07-12 16:06:42,"Отлично, хорошее место, чисто, культурно, вежливый персонал.",5,
54,Елена Потапова,2022-08-07 04:00:33,Сбербанк он и в Африке Сбербанк всё то же самое что из других отделениях с учётом того что ближайший на Димитрова закрыли очереди нехилые х,3,
55,Albina,2022-02-02 06:17:31,"Поменяйте коллектив!
Старые сотрудники так неряшливо выглядят,что к ним страшно подойти. Страшные, толстые и ленивцы- уловни.
Девочки помоложе только работают,в глазах много страха, как будто старые толстые бабы ихраздавчт если они вякнут.",3,
56,Иван М.,2023-03-19 12:20:36,Грамотные специалисты оформят ваши документы быстро и в срок...,5,
57,алексей шмаров,2023-01-06 16:43:31,"Отличный, хороший сбербанк. Очередей мало, сам сбербанк большой.",5,
58,Yemih,2023-08-09 19:24:14,Классный офис. Любой вопрос решат. Персонал компетентный и вежливый,5,
59,игорь сабынин,2023-08-25 17:14:45,"Отличные,вежливые сотрудники",5,
60,Борис К.,2022-06-08 17:53:17,"Очень много банкоматов, поэтому и очередей нет. Операторы отзывчивые, в моем случае помогли решить вопрос, пошли на встречу.",5,
61,Наталья Гневшева,2023-04-26 16:18:30,Хорошии персонал.спасибо за внимательное обслуживание,5,
62,Андрей Х,2023-07-21 16:01:13,Не люблю сбербанк. Очень много некомпетентных сотрудников,1,
63,Алексей Сёмин,2022-12-23 11:39:53,"Все хорошо, но персонал навязчивой, и на входе всегда попрошайки",3,
64,Alexei Burakov,2021-12-07 14:17:25,В банке сняли пенсии по книжкам и оплатили квартплату. Посетителей было много из - за ограничений по коронавирусу в банках торговых центров. Банк имеет отдельный вход и обслуживает посетителей в масках.,4,
65,Ирина Веретенникова,2023-03-16 12:34:52,"Удобно расположен, недалеко от работы.",4,
66,36952 садуллаев,2024-01-20 13:22:28,Новый формат,5,
67,Dm,2023-09-03 17:43:21,Обманом выдали пенсионеру кредитную карту,1,
68,Makaveli,2022-07-07 13:11:05,Есть розетка в закуточке. Если тебе негде заряжать телефон то там можно долго находиться даже если ты вонючий бомж,5,
69,Николай Анатолич,2021-10-04 12:45:06,"Всё как в других отделениях. Расположен удобно. Стоянка есть, но в час пик, сложно припарковаться...",5,
70,Марина Л.,2022-07-25 17:45:25,"Всегда пользуюсь этим филиалом,очень удобное расположение",5,
71,Просто я,2021-12-29 06:18:54,"Скажите вашей уборщице, чтобы мыла полы до приема посетителей...Вся грязь от тряпке на мне...Совершала по терминалу операции по карте...,так она меня загоняла...уберите сумку в другую руку, уберите ногу, отойдите...,2 раза не смогла ничего сделать...ушла в разочаровании, небыло больше времени ждать пока она помоет полы..Подошла к стойке операциониста, так она и там достала,сказала хватит здесь танцевать, мне мыть надо😱.Время было 8.50.Нехочу к вам больше ходить!",1,
72,Инкогнито 7996,2022-11-21 19:36:18,"Людей мало..
Вежливо об луживают..
Пока okko не втюхали, не отпустили..",5,
73,Ирина,2022-05-25 07:15:41,"Работают быстро, сразу много кассиров. Вежливое обслуживание.",5,
74,Татьянка Ляшенко,2022-10-30 11:21:56,"Всегда огромные толпы людей,но несмотря на это,работают быстро",5,
75,Inna Tr,2022-09-18 17:18:35,"Вежливые сотрудники, проблем не возникало. Надеюсь и не возникнут)))",5,
76,Константин Поединок,2021-09-26 09:08:13,"Хороший банк, внимательный персонал, быстрые банкоматы с NFC. Рядом с домом",5,
77,youngdragonbrokill,2023-02-23 17:03:38,Лестницу доделали вообще огонь теперь всё,5,
78,Тимофей Мандриков,2021-07-23 17:53:31,"Отличное место, как и у всех сбербанков. Хорошие сотрудники, быстрая работа.",5,
79,Володя Явдощук,2023-06-13 12:30:12,Быстро и удобно!,4,
80,Артём Ермолаев,2022-12-15 18:11:59,Обслуживаение на высшем уровне.,5,
81,Алек,2023-01-08 13:58:58,"Большой филиал, работаю быстро и есть сбербанк доставка",5,
82,Ольга Меркушова,2022-11-29 18:08:19,"Хороший персонал, вежливый",5,
83,елена ратушняк,2022-08-20 16:47:31,"Всегда очередь, а не все кабинки работают",3,
84,Александр Одинев,2022-01-25 15:15:36,"Постоянно огромные очереди. Работают плохо, постоянно отвлекаются. Одним словом ужас.",2,
85,Александр Сафонов,2023-02-10 16:14:12,Много банкоматов.,5,
86,Александр Данилов,2022-12-11 12:04:17,Последний оплот сбербанка.,5,
87,сергей зарафиди,2022-08-30 21:13:33,Радиовещание не очень хорошее.,3,
88,Ravil Mustafin,2022-08-08 05:06:45,"Хороший персонал, рекомендую",5,
89,Алиса М.,2022-09-13 05:09:40,"Удобно, оперативно",5,
90,Kin,2022-10-28 21:26:57,Стараются. Молодцы.,5,
91,Владимир федулов,2023-04-14 06:57:00,Всё уатроило,5,
92,V T,2022-01-03 17:26:53,"Не компетентные менеджеры, бестолковые операторы. Полный отстой. Не рекомендую",1,
93,Татьяна Мирошинская,2019-12-12 14:17:59,"Я частый гость в этом заведении.Меня все устраивает. Много поставили банкоматов. Один маленький минус - очень сложно оплачивать квитанции в банкоматах, плохо считывается штрих-код.",5,
94,Олег В.,2022-05-28 15:29:40,Хорошее большое отделение.,5,
95,Дмитрий,2021-08-15 11:55:59,"Хороший персонал, который всегда поможет)",5,
96,Алевтина Уварова,2022-08-26 17:59:16,Всё на отлично,5,
97,Наталья Изместьева,2021-07-18 12:46:09,"Быстрое обслуживание, круглосуточный банкомат",5,
98,Белов,2021-04-27 11:01:06,"Сотрудники банка помогли с моей проблемой, достойно уважения",5,
99,Juliya,2021-09-19 17:06:16,"Обычный сбербанк, вск как и во всех сбербанках",5,
100,Александр,2022-05-12 11:53:25,всегда работает банкомат,5,
101,Галочка,2022-08-13 20:12:55,Постоянные очереди,2,
102,Елизавета Шевченко,2022-07-12 12:28:25,Хорошие отделение банка,5,
103,юлия,2021-07-21 21:04:02,"Очень близко к дому, и удобно",5,
104,Виталий Тарасенко,2022-02-15 07:02:46,Мало персонала хотелось бы больше,3,
105,Lerawa 909,2022-11-24 14:05:30,Норм роботают,5,
106,Дарья Сухорукова,2022-02-04 18:32:39,"Персонал хороший, но очереди жуткие",5,
107,наталья с.,2021-07-22 13:27:02,"Терминалы на оплату через один работают, и те не сканируют штрих код",4,
108,Анатолий Антонов,2020-02-13 04:02:57,Банк расположен удобно. Места много. Обслуживание на высоком уровне.,5,
109,Виктория Бердникова,2021-10-06 09:31:35,Много банкоматов. Удобно.,5,
110,Ирина Мешкова,2021-06-28 19:32:43,"Всегда невозможно много народу, а сотрудники не расторопные",2,
111,Лёна Ремизова,2022-05-15 12:18:18,Отличный филиал.,5,
112,Михаил Кривсунов,2022-06-30 16:32:31,Нравится всеу.,5,
113,Лиза Чайкина,2020-01-21 14:54:31,"Много банкоматов, работают круглосуточно. Много операторов, много консультантов!",5,
114,Кристина М.,2021-09-20 07:45:54,Просто хороший отдел сбера,4,
115,Альфиса,2019-10-13 08:15:00,"Удобное расположение,внутри нормально,место есть,не закуток,вобщем нормальный офис этот.",5,
116,К. С.,2021-08-06 14:17:43,Очень много людей всегда,3,
117,Юджин,2020-04-02 06:27:56,"Удобное расположение,много банкоматов внутри .",5,
118,Марина Малютина,2021-11-21 06:52:49,Сбербанк как сбер,4,
119,Лидия,2020-03-13 14:36:45,Качественное обслуживание и много банкоматов.,5,
120,Светлана,2020-02-05 10:44:33,"Просторный банк, уютный, хороший персонал.",5,
121,VLADISLAV,2021-09-17 12:56:44,Всё в лучшем виде,5,
122,Vitaliy Suslov,2019-08-11 13:30:55,"Хорошее обслуживание,рядом с домом
Все хорошо!",5,
123,ShiZȺ ɮ Ҝęđах,2020-01-25 17:36:33,"Хороший персонал, всегда готовый помочь😃",5,
124,Мастер Декора,2020-04-21 05:33:49,"Хороший банк, приветливые сотрудники, круглосуточные банкоматы",5,
125,Ирина Мороховец,2022-02-09 12:40:57,Нормально.,4,
126,Юлия А.,2020-01-17 11:48:23,Обслуживание клиентов не на первом месте. Много некомпетентных сотрудников.,2,
127,Дима К.,2019-10-15 10:18:25,"Грамотное консультирование, количество банкоматов.",5,
128,Аnna,2019-08-27 16:22:15,"Быстрое обслуживание, грамотные специалисты",5,
129,Геннж,2020-03-21 16:33:46,"все очень внимательны и угодливы



.",4,
130,татьяна головнева,2020-03-21 13:22:19,"Много банкоматов, не надо долго стоять в очереди.",4,
131,Дмитрий Акулов,2020-07-21 13:32:56,Обычный сбер со своими проблемами,3,
132,Дмитрий,2019-12-22 11:55:46,Не плохое отделение Сбербанка. Всегда помогут,5,
133,Владислав,2021-04-06 10:22:03,"Хороший банк,",4,
134,Ольга Ф.,2021-02-17 07:57:37,Пять баллов!,5,
135,vesnyanka.12071984,2019-10-24 15:14:37,Обычный! Привтливый персонал!,5,
136,Альфиса,2021-09-01 10:18:26,Обычный сбер.,4,
137,Алекс Сафонов,2019-11-28 14:46:31,Классное обслуживания,5,
138,Елена Б.,2018-03-22 18:03:21,У банкоматов всегда очереди и обязательно хотя бы один не рабртает,2,
139,alter l,2020-04-30 15:53:54,Маленькое отделение народного банка,2,
140,Таня С.,2020-01-01 09:37:29,Сбербанк-выручайка,5,
141,Наталия П.,2019-08-04 17:31:00,Сотрудники курят во дворе.,4,
142,Kirill Dyatlov,2018-03-10 09:56:19,"Втюхтивают молча доп услуги, которые их подключать не просили",2,
143,Елена,2020-09-03 12:44:59,Хороший персонал,5,
144,Крис,2020-03-06 07:30:18,Мало места,4,
145,Александр Голдман,2019-07-28 14:39:44,Рядовой сбер.,4,
146,Александр Фадеев,2019-09-06 19:56:12,Нормально,4,
147,люля т.,2019-09-10 18:52:47,удобный,4,
