,name,date,text,stars,answer
0,Дамир Викторович,2024-01-12 02:47:56,"Бываю там редко, раньше часто. Служащие вежливые, всегда помогут, когда это необходимо. Расположение комфортное. Место однозначно рекомендую к посещению. Хм, ещё несколько слов, о чём? Это же банк, где сбережения гражданских. О чём здесь говорит? Это же не зоопарк, не цирк, не кинотеатр, и даже не полиция. Пришёл, получил деньги или услуги, ушёл. Впечатления? Строго положительные.",5,
1,Татьяна Иванова,2024-01-16 13:40:07,"Удобное расположение, есть и отделение, и банкоматы, и постматы. НО! Когда закрыто отделение работает всего ОДИН банкомат и туда частенько очередь 😒
Ребята сотрудники банка приветливы и отзывчивы, всегда стараются помочь",4,
2,Оксана Морозова,2023-07-20 18:05:55,"Мнение не однозначное. Общение со специалистом мне понравилось. Объяснили все доступно и популярно. Девушка чётко и профессионально выполнила свою работу. Не понравилось расположение в клиентской зоне.Терминал в одном зале на входе, дальше столы банковских работников и клиентов стоят посреди другого зала, люди проходят мимо,постоянный гул. Представляю, что там бывает , когда платёжный период.",3,
3,Егор Александрович Репников,2023-12-03 11:43:38,"Удачное отделение. После ребрендинга стало меньше места. Сотрудников не хватает, всегда большая очередь на любые услуги. Но стоит отметить чистоту. Стало намного чище.",1,
4,Алла Гурина,2024-01-27 13:01:04,"Очень хорошая аптека, провизора знающие тонкости продажи аптечных средств, не забывают предлогать воспользоваться скидками, рекомендую данную социальную аптеку.",5,
5,Любовь Машкова,2023-07-17 11:21:48,"Отделение Сбербанка очень хорошее, сплочённый, дружный коллектив, который готов вежливо обслужить любого клиента. В отделении всегда чисто и комфортно. Банкоматы всегда в рабочем состоянии.",5,
6,Ксения Островская,2023-11-04 21:48:22,"Банк очень хороший, посещаю только его, НО свою очередь ждёшь чуть ли не по часу, это очень сильно расстраивает. Сотрудники же очень добрые и обходительные, недавно если бы не одна сотрудница, я бы ещё по своему талончику ждала своей очереди ещё час. Радует что есть такие добрые работники хоть где-то)",4,
7,вадим немов,2024-03-01 18:37:28,Сам сбер в рабочие часы супер .но после 18.00и выходые один банкомат это жесть .приходят платить комуналку и это на полчаса .раньше было 6 ибыло намного лучше,4,
8,Вадим Волхов,2023-11-26 11:39:03,"Обычно все быстро, но работники не сильно понимают, что от них хотят, в общем и целом, не сильно компетентны, может быть из за того что мало работают.",4,
9,Артём Парфирьев,2023-09-06 08:23:00,"Ситуация. 
Вставил карту газпромбанка для пополнения - ввел неверный пин-код, терминал выплюнул её. На экране: в случае ввода неверного пин кода карта заблокируется, думаю Ок, сейчас вспомним. Терминал забирает карту .... и карта задержана, обратитесь к сотруднику. Обращаюсь к сотруднику, предъявите паспорт. Угу, мы ведь всегда паспорт с собой носим, что бы карты пополнять)) в итоге плюнул и ушел. 

де факто один банк отжал у незнакомого человека карту другого банка) и просят еще что то доказывать. Ребят, у вас там 101 камера на квадратный метр, с чего вы взяли что я вам что то должен/буду показывать.

 К операторам притензий нет, действуют по регламентам. 

ФИО тут видна, Сбер найдет мою карту в терминале в качестве подтверждения отзыва",1,
10,Руслан Джанибеков,2023-12-02 17:02:06,"Вежливый персонал, хорошо относятся, на мой взгляд не хватает иногда персонала на людей.",5,
11,Secret person,2023-08-21 15:04:08,"На днях у моей бабушки сняли деньги с карты и с книжки. По камерам видели 2 силуэта, которые за ней следили, после бабушкиного ухода, они пришли через 10 минут и сняли деньги. После обнаружения сразу побежала в банкомат. Подали заявление в полицию. Через пару дней, она пошла снова в банкомат. Ч то вы думаете? Она встретила эту женщину, которая её обокрала (это была точно она). Но к сожалению, рядом никого не было. Пока она добежала до персонала, чтобы её задержали,её уже и след простыл. Очень обидно.",1,
12,Анастаполик,2023-11-23 16:21:15,Принимают быстро если нужно что то решить. Народу обычно не много. Банкоматов 4 и по выходным стоит всего один.. приходится подождать,5,
13,Элеонора Егорова,2023-05-11 11:31:03,"Сбер не согласован со сбером на проспекте революции в плане акций ( прошоамм) в центре мне одно сказали карту выпустили а в этом отделении даже не слышали про ту же информацию. Попахивает махинациями, разводилово. Само отделение норм, но все специалисты черезчур молодые, есть новички, зам директора по общению не сильно опытной выглядит. Так же хотелось бы больше терминалов для самообслуживания с возможностью внесения и получения денежных средств , потому как перед и вовремя 20 чисел многие приходят платить или забирают чеки или пополняют счета, а все терминалы заняты и все сотрудники мечаться, время идёт, очереди растут, недовольство усиливается. Так же многим надоела реклама от Сбера и внезапные бесконечные изменения без предупреждения. Я не рекомендую ни это отделение, ни этот банк с сотрудниками",2,
14,Алексей Чужиков,2023-03-29 16:26:46,"Отличный персонал, всего помогу не важно с каким предлодением, крайне уважительно относиться к старшему поколению, всегда помогают у терминала (но конечно если есть такая возможность)",5,
15,Татьяна Ш.,2023-10-22 17:13:11,"Сам банк мне не интересен, захожу ради банкомата
Нов самом помещение всегда чисто, сотрудники помогают тем, кому это необходимо",5,
16,Наталья Меньшикова,2022-07-31 21:03:54,"Хорошее отделение. Всегда пользовалась услугами. После ремонта стало очень современно. Персонал профессиональный, доброжелательеый и внимательный. Мне всё нравится!",5,
17,Наталья Кожевникова,2024-03-20 06:44:15,"После ремонта стало очень некомфортно посещать банк. Не понимаю, для чего делать в месте, где люди получают деньги, опенспейс - чувствуешь себя незащищённым. К работе персонала нареканий нет.",3,
18,Наталья наумова,2023-01-24 04:00:09,"Чистый, аккуратный филиал. Один минус по банкаматам.Раньше было-оплата отдельно, положить-снять отдельно. Теперь все вместе и всего 4 банкомата. Приходится в очереди длинной стоять чтобы снять или положить.",4,
19,Кристина Колесник,2023-01-31 11:45:26,"Очень хорошее отделение. После ремонта стало только лучше. Сотрудники все компетентные. Единственный минус, после закрытия отделения на ночь, остаётся один терминал и у него постоянно очередь.",4,
20,Инкогнито 2387,2022-11-26 17:42:47,"Обслуживание на высоте. Персонал вежливый. Достаточно быстро обрабатываются запросы. Банкоматов достаточное количество, время ожидания не превышает и 5 минут.",5,
21,Anna .,2023-12-18 21:29:44,"Хорошие работники, обслуживание на высшем уровне",5,
22,Олег,2023-09-20 19:02:18,"Бытро и без долгого ожидания решил свой вопрос. Вежливые сотрудники, приятно пообщался.",5,
23,Юлия,2023-03-09 17:59:16,"Хороший филиал, консультант помог за бонусы сбер спасибо приобрести хороший миксер с большой скидкой.",5,
24,Andrew Barbos,2022-08-11 11:59:13,"Хорошее отделение банка. Модернизированное. Недавно вновь открывшееся. Жаль, что в вечернее и ночное время в работе остается всего один банкомат. Раньше, на месте теперешней аптеки было целое помещение с несколькими банковскими машинами для операций с денежными знаками и кредитно-дебетовыми картами...",5,
25,Дарья,2023-06-28 15:51:27,"Хорошее отделение.
Сотрудники отзывчивые.
Помогли разобраться в ситуации и быстро решить мой вопрос.",5,
26,валера мияшов,2023-09-02 18:13:12,"Директор до сих пор работает , дамочка которая втюхивала мне страховку по методу , что я выйду и меня собьют , а в остальном все норм .",3,
27,Лада Бурлакова,2023-04-10 16:40:15,После ремонта офис обновился обслуживание хорошее быстро и квалифицированно грамотно,4,
28,людмила ж.,2021-10-25 20:54:31,"Отделение Сбера. Удобное расположение. Хорошая организация пространства и работы. Всегда можно получить необходимые разъяснения. Ряд операций можно провести самостоятельно. Есть и банкоматы, и компьютер.",5,
29,Алексей Налетов76@,2023-08-07 16:40:46,"Обслуживание лучшее,чем ещё по 4 м адресам где я был в Сбербанке. 30 лет Октября. Г.Сибиряков.Ю.Моравская",4,
30,Никита,2022-06-16 17:23:12,"Попал в тот момент времени, когда была жуткая очередь к банкоматам. Ну это ладно, опустим. Но то, что из всех банкоматов работал только один - это я считаю недоработка. В итоге, один со временем починили путем перезагрузки, времени отняло достаточно много, учитывая, что мне нужно было только положить деньги на банковскую карту. Исправляйтесь!",2,
31,Михаил Е,2023-02-26 08:50:18,"Очень современный дизайн, красиво. Вежливый персонал, есть кофейный автомат.",5,
32,Александр Волошин,2022-06-26 18:06:23,"Все ок. После ремонта стало гораздо лучше. Я доволен. Спасибо консультанта за помощь, очень быстро помогли получить и активировать новую карту.",5,
33,Инкогнито 9741,2023-12-08 14:07:51,Персонал на 5+ помогли и всё решили!!!,5,
34,Олег Валерьевич Сибирских,2023-02-27 13:46:37,"Отделения сократили. Куча народа тепер прётся сюда, очереди в банкомат стоят на улице длинной до 50 метров. Помещение отделения маленькое. Внутри кошмар...",2,
35,Константин,2022-02-26 06:18:59,"После ремонта и модернизации оставили один банкомат обслуживающий после закрытия отделения. Очередь выстраивается на улице, что не очень ""комильфо"" в ненастную погоду. Да и после того как многие банкоматы исчезли с улиц (остановок) района, считаю издевательством над клиентами этой организации такое ""обновление"". 25.02.2022 отстояв очередь не смог снять наличные. Возможно кончились купюры. Но тогда почему один банкомат? Маркетинговый ход - совершай все операции безналом? Мне это не приемлемо и неудобно. С улыбкой",2,
36,Александр Свиридович,2023-06-09 03:03:20,"Поразила реконструкция. Теперь служащие банка сами выходят к клиенту. Очередей нет. Быстро обслужили
. Рекомендую",5,
37,Иван Иванович Иванов.,2022-07-12 13:59:18,Стал совсем не удобным после ремонта всебанкоматы убрали которые были в отдельном помещении и сделали там аптеку. Оставили только один при входе. Который работает не круглосуточно. И коммунальные услуги не удобно платить.,2,
38,Жанна,2022-06-05 23:26:28,"Маленький домашний и такой родной офис)))
Обслуживание всегда на высоте, персонал дружелюбный, всегда всё вовремя открытие-закрытие, после ремонта вообще красота. Есть банкоматы 24/7, удобное расположение и график",5,
39,Ксения Голованова,2022-11-02 16:32:35,"Место не плохое, хожу туда только для того чтобы деньги снять или положить. Но вот персонал не очень, многие какие-то хмурые ходят, как будто их заставляют там работать на сильно. Не возможно нормально что-то спросить.",3,
40,Любовь Ситникова,2022-07-03 19:24:27,"Внимательные, доброжелательные сотрудники. Время ожидания, как везде, зависит от наплыва клиентов. В нерабочее время работает только один банкомат, поэтому рано утром,в вечернее и ночное время бывают очереди",5,
41,вера сидяк,2022-11-22 20:03:40,"Отремонтировали хорошо,порядок,чистота.но по моему мнению,есть боольшой недостаток это нет изолироавнной кассы,как была касса ноиер 7, все навиду,получаешь большую сумму,а кассир считант деньги у всех на виду и то ли дойдешь до даерей,то ли нет-где гарантия,что тебе не дадут по бошке .Я с этим сталкивалась.Где изолированная касса,как в других банках？？？",4,
42,Владимир Петров,2024-03-22 18:12:04,"Всё хорошо.
Понравилось.",5,
43,Евгения Синченко,2024-03-21 13:14:36,Быстро обслуживают. Очереди почти нет,5,
44,Василий Иванович,2022-08-22 11:24:17,"Быстрое качественное обслуживание, в отделении чисто. Персонал приятен глазу и слуху.",5,
45,Анна,2021-08-28 04:42:03,"Двоякое впечатление, с одной стороны много банкоматов, ретко бывает очередь к ним, а с другой стороны расположено само отделение СБ где чисто и следят чтоб очередь была не большая, но! Как везде операторы и специалисты частенько навязывают платные услуги либо подключают к карте по умолчанию, а мне это очень не нравится",4,
46,Ирина Кравченко,2023-12-10 11:09:41,Постоянно очередь к банкомату.,1,
47,Парвиз Ибодов,2022-11-08 16:29:53,"Сотрудники работают на ура. Видно, что Руководство филиала очень ответственно относиться к работе. Успехов им и развитиея...",5,
48,Ната,2021-09-18 21:06:32,"Не плохой сбербанк, приветливые сотрудники, стараются помочь если что то не получается, заведующая очень часто находится в зале среди клиентов, помогает. Только практически нет парковки, вожу стареньких родителей и часто приходиться останавливаться вдали от сбербанка.",5,
49,Светлана,2022-05-06 09:23:41,"Очень часто бываем именно в этом отделении банка, недавно там сделали ремонт и он очень преобразился. Весь персонал очень приветливый.",5,
50,Наталья Фролова,2023-04-08 17:25:33,"Отличный Сбербанк. Удобство, обслуживание, новые терминалы.",5,
51,Валерий Макаров,2022-08-11 06:25:03,"После ремонта всё довольно пристойно. Очередей нет,банкоматы новые,сотрудники приветливые.",4,
52,Дмитрий Полянский,2023-11-17 12:20:32,"Нормально, как и везде.",5,
53,Елена Автономова,2022-05-16 22:55:37,"Обслуживание на высшем уровне,банкоматы в самом здании банка,бывают очереди. Филиал после ремонта,может сделают ещё банкоматы вне банка и круглосуточно,хотелось бы...",5,
54,Александра Ру,2024-02-01 14:49:43,Быстрое обслуживание,5,
55,Полина Ильина,2022-04-27 07:15:09,"Только что была в этом отделении, сотрудники умнички!) Делают все очень оперативно и без лишней возни, всегда бы так)",5,
56,Андрей Колотилов,2023-07-05 14:40:20,"Медленно, отношение к кллиентам отвратительное, время ожидания долгое",2,
57,Михаил Н.,2023-06-30 07:08:11,"Слишком много пенсионеров, которые просто сидят и балакают, как в поликлинике",3,
58,Линза&lt;O&gt;линзА,2021-10-27 16:49:27,Очень удобное для меня месторасположение.быстро решаю все вопросы.вежливое и профессиональное обслуживание,5,
59,Рома Арутюнян,2022-07-07 17:37:30,На ноч оставили один бонкамат люди едут туда думают открито круглосуточна но приежаеш и желееш очеред один бонкамат хренов,1,
60,Сергей Смирнов,2023-05-04 16:58:55,Известный банк. Достаточно быстро обслуживают.,5,
61,Ирина,2022-01-30 04:59:55,"Обслуживание профессиональное , но их стало меньше ,как и банкоматов. После ремонта стало очень не комфортно .",2,
62,Тамара Попова,2022-02-15 13:52:10,Мне все нравилось обслуживание Персонал Время ожидания. Банкомат Я очень жду когда откроется. Спасибо!,5,
63,Алексей Зырянов,2022-07-14 14:52:15,"Всё неплохо, главное народу не очень много, но как-то неуютно, такое ощущение что ремонт не доделали.",4,
64,Юрий Якунин,2022-06-28 17:32:19,После ремонта все супер современно. Ждать не пришлось людей мало. Обслуживание на уровне.,5,
65,Александр Сальньников,2023-09-24 16:17:24,Один банкомат в выходные работает,5,
66,Саша Жуков,2022-12-04 11:37:16,"Отсутствуют банкоматы, очень не удобно, сам офис хороший",4,
67,оксана русских,2023-01-26 06:27:32,"Вежливый персонал, помогут в любом вопросе.",5,
68,Василий Яковенко,2023-04-30 18:45:24,Вежливое обслуживание и быстрое.,5,
69,Парвиз Ибодов,2023-02-01 18:29:11,"Руководитель следит за сотруднмками и за работой, спасибо!!!",5,
70,Наталия Азарова,2022-05-15 17:25:29,"Банк после ремонта,хорошее обслуживание. Быстро и качественно",5,
71,ПАВЕЛ НОВИКОВ,2022-06-09 19:36:20,"Хороший ремонт! Перслнал молодой, неопытный! Посылку искали долго, пока не помогла сотрудница постарше!",5,
72,Дмитрий Ковалевский,2022-08-26 10:25:10,Хорошее отделение. Обслужили очень быстро. Спасибо!,5,
73,попугай К.,2022-09-18 17:10:37,После закрытия Сбера вечером работает один банкомат. Всегда очередь. Раньше было штук 10.,1,
74,Ярослав Худобин,2021-09-05 12:46:00,"Хорошее отделение. Пока пользовался -косяков не было. Конечно маловато банкоматов для района, но как ""забегаловка"" сойдет. Конечно не в дни оплаты за ЖКХ...",5,
75,Людмила Касьяненко,2022-11-16 13:22:05,"После ремонта, ещё лучше стало и в интерьере и с сотрудниками",5,
76,Ната Иванова,2023-01-06 17:49:05,Удобное помещение. Хорошее отношение к клиентам.,5,
77,Ильич Леснич,2023-06-29 20:03:24,Режим работы оставляет желать лучшего,1,
78,Роман Шишкин,2021-10-11 17:34:41,Отличное место. Посидеть расслабиться поесть шашлыки. В общем классный ресторан.,5,
79,ирина р.,2023-05-23 18:09:41,Получила карту быстро. Очередей нет)),5,
80,Инкогнито 8416,2024-04-24 18:44:54,Хорош,5,
81,Елена С.,2020-02-18 23:17:03,"Персонал вежливый, знающий свое дело. Есть место где можно посидеть, подождать (если вдруг образовалась очередь, что бывает очень редко) для пожилых людей, очень удачно. Единственный минус: от остановки общественного транспорта идти далековато",5,
82,МАКСИМ Иванов,2021-09-18 20:26:29,"Сотрудникам необходимо пройти курс уменя вежливо общаться с посетителями. Знать свои обязанности и то, каким образом их необходимо исполнять",3,
83,Ирина Анатольева,2022-12-10 18:23:28,"Грамотный, вежливый персонал!",5,
84,Елена Баженова,2022-09-20 12:25:55,"Плохо, что только один банкомат в нерабочее время. Собирается очередь.",4,
85,Надежда Сарафанникова,2023-08-10 18:21:42,Очень удобно.,4,
86,М. К.,2021-07-29 11:34:20,"Половина банкоматов практически всегда не работает, очереди на оплату жкх. Ситуация сглаживает тем, что зимой туда приходит греться очень милый серый кот.",4,
87,Ирина Тютина,2021-09-07 05:57:40,"Не работает филиал, ремонт. Очень долго ребята делаете ремонт. Это очень не удобно для посетителей",1,
88,Владимир Маслов,2020-07-24 15:38:43,"Вежливый персонал, всегда помогут и подскажут, сразу видно работают профессионалы своего дела. Всем рекомендую.",5,
89,Юлия Шурочкина,2022-05-31 23:30:58,"Обслуживание хорошие, вежливый персонал.",5,
90,ЮРИЙ,2022-08-06 17:14:24,Самые вежливые и компетентные сотрудники.,5,
91,Жанна Бартенева,2022-02-18 17:29:42,"После ремонта. очень хорошее впечатление 
Просто супер",5,
92,Екатерина коробова,2022-08-22 21:28:55,Очень мало банкоматов. Приходиться долго ждать очередь.,1,
93,Юрий Федякин,2023-04-07 17:57:08,"Хорошие сотрудники, чистота в офисе, рабочие банкоматы.",5,
94,Саша Митин,2023-03-18 17:09:56,Солидное отделение...,5,
95,Роман Кошляков,2022-07-24 16:58:04,"Испортили, оставили один круглосуточный банкомат.",3,
96,татьяна нечеухина,2022-04-22 16:44:57,Хорошие квалифицированные сотрудники))),5,
97,Дмитрий Благадир,2022-06-17 16:51:15,Новый дизайн. Быстрое обслуживание.,5,
98,Ирина Т,2019-12-22 17:17:06,"Всегда оплачиваю квитанции в этом месте, всё было хорошо, очередь небольшая и проходит быстро. Но в крайний раз бабёнка обслуживающая в 7ом окне орала на людей как фашистка, жуть, благо за стеклом гавкала а так на улице по харе получила бы наверняка.",1,
99,Серега Воронежский.,2020-05-14 17:55:18,"Был один раз в субботу, все понравилось - работают быстро, работники доброжелательные, подскажут, объяснят.",5,
100,Юлия Б.,2022-02-04 09:52:52,"Круто сделали ремонт,время ожидания максимум 5 минут",5,
101,Rusik A.,2021-06-28 08:18:34,"Удобный банк, множество операций включая осаго. Хорошие специалисты.",5,
102,Елена Кондратьева,2021-05-03 09:21:20,"Всегда открыты терминалы круглосуточно.
Очень удобно.",5,
103,Lizard,2023-04-05 18:17:45,Хороший ремонт,5,
104,Руслан,2021-04-13 12:07:14,"Все банкоматы обычно работают, очень редко бывает 2 человека на банкомат 😂",5,
105,Вера,2022-07-14 17:48:13,"Быстро, удобно, обслуживание на5 с плюсом",5,
106,Алексей Шуваев,2021-12-07 11:02:49,"Скоро откроется в новом, современном формате",5,
107,Виктор Чепурной,2021-07-27 20:32:18,"Культурное обслуживание, в прочем как и во всех оффисах Сбера.",5,
108,Павел Дмитриев,2022-06-23 19:10:20,"Отношения, Персонал в норме.",2,
109,Solslav,2021-08-13 15:59:58,Девочки менеджеры по работе с клиентами очень хорошо объявили мою ошибку.,4,
110,Роман П.,2023-04-10 20:20:59,Удобно,5,
111,павел Дмитриев,2022-02-19 18:48:36,Ремонт прошел на ура .только банкоматов не хватает,5,
112,Николай Л.,2021-09-03 21:10:09,Хороший сбер. Людей не особо много. Есть терминалы,5,
113,Татьяна,2023-05-21 12:16:56,Все класс,5,
114,Екатерина Энгель,2022-05-27 18:05:33,После ремонта постоянно очередь,1,
115,Игорь Юрченко,2022-01-13 07:21:16,"Хороший банк, быстрое обслуживание",5,
116,Анастасия Квашнина,2020-02-28 13:10:33,Отдельное помещение с банкоматами. Почти нет места для парковки. Вежливый персонал.,4,
117,Алекс Семенов,2021-10-15 05:59:49,"Закрыт на ремонт , временно. А так хороший. Большой.",4,
118,Андрей Лазоренко,2021-09-01 13:38:12,Порою бывают проблемы с качеством работы банкоматов,4,
119,Олег Филипцов,2022-05-29 04:50:00,При входе грязь постояно,2,
120,Дмитрий Сергеев,2021-03-18 06:29:37,"Обычный офис сбера, не лучше и не хуже. Хочу только в банкомат иногда.",4,
121,Сергей К.,2020-04-05 12:21:52,Хорошее отделение. Немного людей всегда. Хорошие кредитные манагеры. Не раз помогали.,5,
122,Olga Fedotova,2021-03-31 09:07:54,Всё устраивает.получаю услуги быстро и в полном объеме,5,
123,Екатерина Кохер,2019-08-06 20:58:03,"И все работники на местах, а всё равно очередь. Была там в субботу, пришлось ждать в течении часа своей очереди. Есть кулер, но нет стаканчиков. По обслуживанию всё чётко.",4,
124,вадии феоктистов,2021-08-27 11:58:46,"Долго ждать не приходится, грамотные сотрудники",5,
125,иван попов,2021-07-31 07:33:36,Самое лучшее место распрошаться с деньгами,4,
126,Андрей,2022-03-27 13:11:13,Хороший сбербанк .,5,
127,Катерина Ко.,2021-05-07 16:51:56,"Обычный Сбербанк, ни лучше ни хуже, в банкоматах бывает душно.",4,
128,Дмитрий А.,2019-12-16 14:04:16,"Единственное преимущество что обширная сеть ,много платных услуг,пользуясь моими деньгами смс платные и другие.",3,
129,andrey gavrilov,2020-03-09 05:03:13,"Близко, удобно. Персонал грамотный . Помощь грамотная.",4,
130,Дмитрий Сан,2022-05-23 18:30:44,Есть банкомат.,5,
131,Роман Скоморохов,2021-08-20 15:41:15,"Нормальный банк, но вечно банкоматы барахлят.",4,
132,Андрей Рогов,2020-08-19 08:16:00,"Все в одном месте, банкоматы , оплатить можно все,очереди не особо большие .",5,
133,Orkada O.,2022-10-30 16:43:32,Кайф,5,
134,Алексей Самойлов,2019-09-13 17:57:39,очень удобно рядом с домом оплата кредитов жкх и прочие операции с наличными и безналичными,5,
135,Татьяна Никулинкова,2021-11-12 08:51:19,Огромные очереди всегда,3,
136,Elena S.,2019-07-29 16:00:57,"В самом отделении обслуживание на высоте, пожилым людям есть где присесть, если вдруг очередь, а вот банкоматы работают через один... печалька",5,
137,Михаил,2019-11-29 04:43:19,Удобно оплачивать комуналку через терминалы. Хорошее отделение! Рекомендую!,5,
138,Антон Сорокин,2020-01-08 10:50:49,Отличное отделение. Вежливый персонал! Пока твою проблему не решат - не отпустят),5,
139,angelina pro,2020-06-24 18:14:09,Все быстро!!! Быстро решают любую проблему. Не могла войти в сбол.,5,
140,Мария М.,2020-04-29 03:27:49,"Удобное расположение, есть круглосуточный автоматы",4,
141,Владимир,2019-10-23 17:27:49,"Удобный зал банкоматов, но вот работу операционного зала могли бы и продлить до 20-00 и в воскресенье тоже",5,
142,Юрий К.,2019-12-10 12:32:03,"Хорошо. Персонал в теме, но не всегда в последних веяниях( кэшбек мир)",5,
143,Алла Шерстюкова,2019-10-12 09:17:22,"Операционисты в основном грамотные, нареканий нет, банкомат проглотил карточку, достали быстро.",5,
144,Фотиния Левашова,2019-08-30 07:30:36,"Быстрое обслуживание, вежливые и грамотные специалисты.",5,
145,Ольга Колонтаевская,2020-04-09 06:51:27,"Быстро ,чётко, качественное обслуживание.",5,
146,Велюрочка,2019-09-29 12:57:40,"Хорошее место. Но когда ждёшь своей очереди, это проходит очень долго. А так все нормально.",4,
147,Seth Damianos,2021-08-14 21:46:00,Сбер банк упал в моем лице,1,
148,Константин Пышков,2022-01-26 16:59:40,Нужное место,5,
149,Саша Митин,2020-04-02 04:39:24,"Потому, что рядом и хорошо организована работа.",5,
150,АНТОН Харитонов,2021-03-30 08:25:30,Удобно расположен.,5,
151,Александр Б.,2018-06-16 12:14:04,"Хорошо, что есть круглосуточные банкоматы. При более высоких процентах по вкладам, я делал бы вклады в этом банке. Он рядом с домом и это плюс.",4,
152,Эдуард Сидоров,2021-05-03 19:53:11,Отвратительное отделение,1,
153,kirich.kykopu,2021-09-19 08:26:07,норм отделение,5,
154,Ульяна Вострикова,2021-02-19 08:11:45,Класс спасибо большое,5,
155,Александр П,2020-01-20 12:03:31,Всегда все услуги выполняются быстро.,5,
156,Александр,2018-04-30 14:24:50,"Вечная проблема с терминалами.
180000 совал по одной 1000 втечнние 25 минут.
Попросил перевести оператора, сказали деньги придут через 5 дней....
5 дней они будут крутить мой нал...",1,
157,Наталия К.,2019-12-21 14:36:10,"Быстро,вежливо,рядом ,удобно",5,
158,575503 Вахидов,2021-08-05 20:10:46,Удобное место!,4,
159,MadRaider JackDaws,2022-04-16 13:48:40,Хорошие сотрудники,5,
160,Виталий,2022-06-07 01:29:13,Хороший банк,5,
161,Елена,2020-03-26 05:42:45,"3 года жду от них звонка, с подтверждением доверенности",2,
162,Я Юрий,2019-12-03 21:43:28,Редкостные хамы. Впаривали мне страхование финансов при выпуске карты Моментум.,1,
163,Sasha J.,2022-08-05 16:14:01,Отлично!,5,
164,Дмитрий М,2019-08-23 06:31:40,Удобно!!!приятные специалисты!,5,
165,Евгений Сушков,2019-09-14 19:11:53,"Молодые консультанты, готовы всегда прийти на помощь!",5,
166,аня федорова,2021-09-02 16:59:44,Всё супер,5,
167,Денисяра,2019-08-17 14:00:37,Близко к дому и круглосуточный банкомат,5,
168,Нина,2020-03-22 12:26:21,"Расположен рядом с двумя школами, в некоторые часы припарковаться вообще невозможно.",2,
169,Ирина,2019-12-02 07:54:06,"Большое ,просторное отделение",5,
170,Maria R,2018-03-15 20:00:10,"Все нормально, часто пользуюсь услугами этого банка, но минус тоже есть: любят навязывать ненужные услуги, например, кредит предлагают. Кому надо - сами спросят.",5,
171,natalya,2019-09-05 19:07:36,"удобное расположение, быстрая работа операторов",5,
172,Игорь,2020-03-14 07:33:43,Очень хорошее обслуживание,5,
173,Alexander Polovtsev,2021-08-08 14:03:48,Супер,5,
174,Александр ст. Матвеев,2019-12-15 09:01:48,"тягомотина, но девочки улыбчивые",2,
175,Анна Ф.,2020-04-30 14:09:22,Грамотные консультанты,4,
176,Владимир Игнатенко,2019-12-23 11:26:41,"Близко банкомат, без очереди.",5,
177,Ольгуша Лапочка,2019-08-17 09:00:32,Новое табло повесили но очереди от этого меньше не стали,4,
178,Ирина Хмелевская,2019-09-21 07:52:26,"Пользуюсь иногда банкоматом, очень удобно",5,
179,Сергей Фролов,2020-01-11 05:29:42,Вежливое обращение с клиентами,5,
180,Зоир Рахмонов,2019-12-25 07:37:25,Очень вежливое сотрудники,5,
181,Dharma,2020-04-16 00:19:47,Обычный Сбербанк. Не лучше и не хуже десятков других.,4,
182,Лиза Б.,2019-10-06 06:48:02,Не работают банкоматы очень часто,3,
183,Надин МАрина,2019-11-18 10:44:16,да все у них как в каждой сберкассе,3,
184,Игорь С,2020-09-07 01:24:36,Ну такое себе.,5,
185,Алик,2020-07-23 09:10:09,Не камфортно,1,
186,Олеся П.,2020-02-02 07:48:35,Сбер везде одинаковый.,3,
187,Артур,2020-02-02 11:35:37,Сотрудники вежливыйе .,5,
188,Андрей В.,2020-02-06 08:50:36,Хорошее обслуживание,5,
189,Артем Л.,2019-11-01 03:33:00,Очень хороший персонал.,5,
190,майя слета,2019-11-11 18:15:04,Маленькое помещение.,4,
191,Дмитрий Полянских,2020-01-22 20:49:16,Хороший филиал,4,
192,Лика,2020-10-25 16:36:58,Да обычно,4,
193,Ольга Л.,2019-09-29 12:39:18,"Обычное отделение,",5,
194,Дмитрий Щ.,2019-08-02 18:58:51,Быстрое обслужевание,5,
195,TOPler 1.,2019-09-24 13:55:26,Долгая очередь,4,
196,Natalia Vali,2013-06-25 07:08:12,"Отвратительный филиал! Оплачивала там коммуналку через терминал, терминалы сломались, сотрудники банка не удосужились из отключить, из-за этого платежи не прошли, а деньги терминал забрал! Никто не извинился, деньги возвращать не спешат, дали номер телефона, по которому узнать вернулись ли деньги, а ни один номер не отвечает! Сотрудники не квалифицированные: девочка, обслуживающая терминалы, толком не могла объяснить, как писать заявление! Никакой доброжелательности и помощи клиентам в сложившейся проблеме, причем по вине неквалифицированных сотрудников банка!!!",1,
197,Екатерина Мизгина,2021-03-06 13:23:50,Ок,5,
198,Игорь,2018-02-04 14:34:40,Ни разу не было проблем в этом отделении.,5,
199,Алла Д.,2019-11-27 12:07:34,Как везде,3,
200,Наталья С,2019-08-03 10:12:40,Все ок,5,
201,B7770P 36RUS,2019-08-01 14:38:38,Нормально,4,
202,Светлана Ю.,2013-05-17 09:01:06,"Ужасное обслуживание!! Позвонила по телефону, уточнить по банковским картам, сначала трубку бросали, потом не дослушав вопрос, бросили трубку. Хамство!",1,
