,name,date,text,stars,answer
0,Ю. Фролов,2023-12-12 13:15:46,Учень удобное расположение отделения банка. Работают профессионалы. Обслуживание на высшем уровне. Нареканий нет абсолютно никаких.,5,
1,Виктор Максимов,2023-11-28 13:49:08,"Раньше бывал ежемесячно, оплачивал коммуналку. Теперь это всё в системе Город. В банк захожу в основном в банкомат, если нужна наличка.",5,
2,Нина Химина,2023-01-13 13:34:54,Я очень часто посещаю отделение Сбербанка России по улице Советская по разным вопросам. Все вопросы получили свое решение без длительного ожидания в нормальной обстановке. Там работают грамотные Специалисты. Я не ошиблась. Их работа заслуживает высокой оценки и они специалисты с большой буквы.,5,
3,Алексей Г.,2023-04-12 04:56:10,"Мама оплатила услугу,получилось так придя домой увидела не свой адресс на чек,пришла опять в сбербанк оказалась оплатила таму человеку который был перед ней,втарую неделю ходит туда пишит заявления то заявление мы с вами не так написали то форма не та устарела чтоб вернули деньги.а она инвалид 68 лет.почему за касяки оператора моя мама страдает .",1,
4,Константин Б.,2024-03-20 14:07:19,Всегда много свободных операторов и один консультант на входе,5,
5,алефтина сквирская,2024-01-20 22:53:13,"Магазин хороший , но редко стала заезжать, не возможно припарковать машину",5,
6,Казанцев Е.А.,2022-07-20 12:35:30,"Удобное расположение, достаточная парковка, небольшое время ожидание, вежливый персонал, профессиональная работа. Минус: обязательно озвучат и позволят кредит их банка",5,
7,Алексей Черномордов,2023-06-13 13:24:06,"Персонал. Очень профессиональный. Вежливые. Всегда все подскажут, объяснят.",5,
8,Марина Карпова,2022-11-05 13:53:45,"Обслуживание вежливое, персонал объясняют все доходчево. Но ожидание не всегда быстрое, приходится ожидать",5,
9,ольга,2022-05-22 06:04:32,"Удобное расположение. Очень долго ждёшь! Приходят посылки с Алиэкспресса, приходится высиживать такие очереди чтобы забрать посылку. Очень с этим неудобно",5,
10,Анна Фокеева,2021-09-17 15:57:00,"Достаточно просторно, встретила вежливый персонал, есть где присесть. И! Круглосуточное помещение с банкоматами. Парковка.",5,
11,Света,2022-01-15 13:07:19,"Молодцы сотрудники сколько раз не прихожу всё быстро культурн о С удовольствием посещаю Сбербанк
удовольствием",5,
12,Надежда,2022-10-19 02:06:27,Хорошо что есть такой банк в районе отличное обслуживание,5,
13,Анастасия Елькина,2022-10-25 13:17:35,"Отличный персонал, обслуживание быстрое",5,
14,Костя Л.,2022-06-19 11:11:01,"Сотрудники добродушные, отзывчивые. Мне понравилось!",5,
15,Александр М.,2020-02-12 06:50:02,"Довольно быстро и качественно обслуживают, бывают конечно очереди(огромные) но это вряд ли их заслуга просто очень много людей ходит туда,а так все всегда на местах,вежливые,приветливые",5,
16,Ерохин Георгий,2023-06-26 13:32:47,Хорошее обслуживание,5,
17,Alexander Bondarenko,2022-07-07 11:42:38,"Самый обычный банк, вежливый персонал, время ожидания не большое, отношение вот самое обычное, не плохое, но и не хорошее",3,
18,Светлана Винницкая,2021-09-17 02:40:27,"выполняют только свою работу, но если это касается другого отделения не делают,хотя это одна организация.",5,
19,Александр Парахин,2021-09-07 07:09:27,"Хорошие специалисты, все подсказали и помогли. Банкоматы круглосуточно работают, тоже плюс.",5,
20,Виолетта,2021-09-03 14:09:05,Отделение банка хорошее. Сотрудники вежливые. Всегда помогут решить вопрос,4,
21,Наталья Мелкоступова,2024-01-19 15:33:53,Хороший персонал,5,
22,алексей медведев,2023-05-10 13:47:47,Скудный выбор,3,
23,Наталья Пасечник,2020-01-23 07:22:15,"Посещала несколько раз отделение, грамотные работники, быстрое обслуживание. Пользуюсь часто услугами самого Сбербанка.",5,
24,Ольга Высоцкая,2021-04-03 04:34:22,Круглосуточно работают банкоматы - это очень удобно.,4,
25,Галина Григорьевна Беспалова,2019-12-27 08:43:55,Рядом с домом быстрое обслуживание и девочки очень приветливые и все помогут и расскажут,4,
26,Ирина,2020-09-01 01:56:34,"Быстрое обслуживание, грамотные специалисты",5,
27,alekcogn1980,2021-05-17 08:27:02,Отдел сбербанка. Обслуживание норм.,5,
28,Екатерина Дымова,2020-08-01 15:05:57,Поставила 4 потому что очередь частенько бывает,4,
29,Наталья Патрушева,2020-03-14 04:56:50,"Хорошее отделение,удобгая парковка вежливое обслуживание!",5,
30,Роман Юрченко,2020-11-22 05:20:16,Удобно и уютно,5,
31,Попова Анатольевна,2020-04-05 09:01:27,"Нет очередей, грамотные специалисты.",5,
32,Андрей Федотов,2019-12-19 08:41:43,хорошо в использовании,5,
33,Алексей,2019-11-05 10:08:29,Вежливо и удобно,5,
34,Ирина Соколова (Канищева),2019-09-11 02:47:58,Нормально,5,
35,Галина Третьякова,2019-09-22 08:54:16,Хорошо.,5,
