,name,date,text,stars,answer
0,Оксана З.,2020-09-17 16:04:26,"Сейчас практически не обращаюсь в сбербанк. Но помню то время когда приходилось часто там оплачивать и свет, и кредиты. Всегда были вежливые работники банка.",4,
1,Горыныч,2020-03-28 06:08:22,Работает через раз.,2,
2,Надежда Аблаева,2020-05-02 01:38:00,Почти неработает,1,
3,мария николаева,2020-01-09 10:04:07,Постоянно закрыто,1,
