,name,date,text,stars,answer
0,Елена Барканова,2024-01-08 11:38:47,"Отделение сбера расположено в большом ТЦ. Рядом рынок, вокзал. Все услуги предоставляются. Персонал вежливый, могут помочь в любом вопросе.",5,
1,Арман,2024-04-07 12:40:10,"Данное отделение СБЕР мне нравится. 
Комфортно, уютно и вежливые отношения к клиентам, особенно к людям пожилого возраста. 
Всем рекомендую.",5,
2,Gon4аrita,2023-12-07 11:52:17,"Самый любимый филиал Сбербанка. Очередей практически не бывает. Персонал очень внимательный, не было случая, чтобы не помогли решить проблему.",5,
3,Игорь Медведев,2023-07-06 11:39:14,"Обслуживание прекрасное , персонал очень вежливый и добрый, время ожидания нет , всех обслуживают быстро , всегда есть свободные сотрудники, расположение удобное, далеко идти не приходится.",5,
4,Олег,2024-04-19 10:01:53,"Чисто, быстро, приятно. Спасибо за помощь в возникших проблемах с оплатой.",5,
5,Refeng,2023-07-04 17:06:20,"Хорошее помещение, хороший зал, всегда есть сотрудник который вам может помочь подсказать, решить вашу проблему, хорошее место! Рекомендую!",5,
6,Ирина Абрамова,2023-12-23 13:05:28,"Отличные работники , все расскажут , помогут",5,
7,Татьяна Пинигина,2023-04-27 03:46:53,"Обращалась в марте 2023 года с просьбой - замена пенсионной карты. Возникли проблемы, которые до сих пор не решены: навязанная карта, якобы получение которой обязательная процедура с последующим отказом и уничтожением коей. В результате Карта существует, идут смс с непонятным мне текстом. Устала.",3,
8,Ева,2023-07-08 16:07:09,"Доброжелателный, внимательный персонал, в очереди не стояли за получением карты поэтому время ожидания составило только на заполнение необходимых данных при выдаче карты.",5,
9,940920 Закиров Фирдавс,2023-11-14 12:14:50,Вежливые и внимательные к клиентам сотрудницы!!!,5,
10,Надежда Д.,2022-12-01 14:20:40,"Очень хороший коллектив работает в данном отделении банка. Спасибо им огромное за чуткое, внимательное отношение к клиентам",5,
11,Иван Сергачев,2022-12-15 07:17:19,"Понравился коллектив, женщин, быстрые, сообразительные, помогли моей жене у терминала отключить услуги перевязать номер к карте",5,
12,Татьяна Некрасова,2022-07-06 11:16:40,Расположение удобное.в торговом центре !!время ожидания иногда очень долго по 30мин !Персонал приветливый ну иногда делают такие тупые ошибки.сидят и глазами хлопают от низнания..откуда понабрали таких..непонятно!!,3,
13,Троянская Елена,2023-07-30 15:43:31,Очень часто пользуюсь его услугами приятные девушки работают,4,
14,Елизавета Усимова,2023-11-24 13:36:59,Обслуживание на высоте,5,
15,Анастасия К.,2022-10-21 04:23:50,"Очень хорошее отношение к клиентам, обьяснять всё легко и понятно. Работаю быстро, в очереди сидела не дольше 15 минут",5,
16,Инкогнито 6234,2023-06-17 13:51:28,Решил свои проблемы и все четко и быстро.,5,
17,Екатерина Царь,2023-08-21 12:11:03,Очередей практически нету. Все хорошо.,5,
18,Алексей О.,2024-04-24 10:22:21,Всё отлично,5,
19,Юлия Копылова,2021-08-18 09:24:58,"Часто посещаю это отделение сбербанка, персонал вежливый, компетентный. Но нередко возникают большие очереди, когда работают не все окна.",4,
20,Татьяна Караблина,2023-08-01 12:49:01,Очень приятное общение,5,
21,Анастасия Титова,2021-09-18 03:56:02,"банк как банк, ничего особенного. Расположение удобное, очередь тоже есть. Иногда не все терминалы работают.",3,
22,Юрий Филипас,2022-11-02 13:08:04,Молодцы сбер всегда на страже,5,
23,Сергей,2021-09-17 16:46:00,Очень удобно. Быстрое обслуживание. Супер банк,5,
24,Любовь Санду,2021-12-17 09:53:19,"Мой банк. Небольшой, уютный. Очередь электронная, как везде. Долго не ждёшь.",5,
25,NADEZHDA N.,2022-06-13 11:28:44,Здесь получила нормальное обслуживание,5,
26,Евгений,2019-09-17 02:47:11,"Куда же нам без сбербанка! Все остальные банки вообще непонятно что в Бийске делают. С такой-то монополией. Не понимаю какой смысл так расширяться, если потом результатом будет снижение качества и квалификации сотрудников. В итоге кусок получается слишком большим - не проглотишь! Вот и позакрывали свои офисы, пришлось людей увольнять. Все как всегда - сперва делаем, потом думаем, что надо было делать по другому!",4,
27,Надежда Аблаева,2019-12-26 08:46:10,ужасный банк не советую связываться страховка не покрывает кредиты точнее делают все что бы невыплачивать страховку мама умерла был кредит застрахованный дак они на нас все повесили еще и по судам замотали и документы типо теряли в страховой специально время выйграть.,1,
28,139,2019-10-17 02:08:49,"В целом неплохо, но иногда попадаются манерные консультанты, которые с явным неудовольствием отвечают на вопросы посетителей. Но такие девочки далеко не все и основная масса сотрудников банка всё таки доброжелательные.",3,
29,Ирина Т,2021-03-19 06:05:03,Электронная запись. Быстрое обслуживание. Ближе к вечеру очереди нет.,5,
30,Олег К.,2020-01-28 11:42:37,"А на этом месте в былое время был частный сектор, а от остановки ""А"" вниз до поворота дороги бабульки торговали ; семечками,орехом кедровым.ВОТ ТАК-ТО.",5,
31,Даша,2019-12-21 04:35:33,"Отличный компетентный персонал,вежливое обслуживание!",5,
32,Ольга,2020-06-17 03:02:39,"Хорошее расположение банка, очень удобно.",5,
33,ирина шатохина,2019-11-13 13:13:28,"Внимательный, грамотный персонал. Всегда вежливые.",5,
34,Андрей Гребёнкин,2021-11-04 00:18:39,Обслуживание хорошее,5,
35,Татьяна,2020-02-29 11:54:02,"Вежливый персонал, удобное расположение.",5,
36,Svetlana A.,2021-10-22 14:49:25,быстро обслужат,5,
37,Юрий Данилин,2021-04-21 16:50:49,Был один раз. Обычный Сбербанк,4,
38,Ольга Мартынова,2021-09-03 14:02:38,Удобное отделение.,5,
39,Ксения Курносова,2020-10-31 10:00:24,Очень долго ждёшь очереди по талону. Всегда долго.,4,
40,Елена Ведерникова,2021-09-06 07:02:49,Очень удобно.,5,
41,Sardorbek Nurmamatov,2022-01-24 11:50:27,Супер. 👍👍👍👍,5,
42,Алена Кличко,2020-02-10 13:05:58,Приятно туда заходить девочки приятные,5,
43,Евгений Старцев,2019-07-28 16:32:48,"Качественное обслуживание, но часто большие очереди",3,
44,Настя Дермилева,2020-02-17 07:11:33,Отличное обслуживание и быстро,5,
45,Роман Юрченко,2020-11-22 05:19:28,Народу больше чем кислороду,4,
46,Марина Дубкова,2019-12-20 14:45:09,Всегда во всех вопросах оказывают помощь.,5,
47,Евгений А.,2019-08-04 01:59:31,"Хорошее обслуживание, вежливые сотрудники",5,
48,Дмитрий Нагоров,2020-02-16 17:13:52,"Ну что тут сказать, деньги туда, деньги сюда",4,
49,Дарья,2019-11-24 15:44:49,Очень большие очереди всегда,4,
50,Юлия Викторовна Ланцова,2020-09-29 09:46:34,Хорошо работает,5,
51,Попова Надежда,2020-03-11 17:03:48,Грамотные консультанты,5,
52,фаина з.,2019-10-09 13:23:54,Отличные сотрудницы!!!!🙏🙏🙏🙏🙏👍👍👍👍👍,5,
53,Таня,2020-03-04 00:47:35,Грамотные консультанты,5,
54,Сергей С.,2020-02-11 01:09:05,"Ничего негативного, всё ок",5,
55,8Дмитрий Н.,2019-12-23 05:12:26,"Дорогие кредиты

🤫",5,
56,Валинтина Б.,2020-04-24 13:21:02,Быстро и долико,5,
57,Лера С.,2020-02-24 09:10:06,Хороший персонал,5,
58,лидия с.,2019-12-24 09:06:19,Все нормально,5,
59,Алексей С,2019-11-16 12:56:15,Отличный банк,5,
