,name,date,text,stars,answer
0,Софа,2023-11-25 11:30:00,"Отличное в современном стиле отделение, менеджер Татьяна Бабченко особенно удивила своим профессионализмом, сразу видно опытный и знающий свое дело сотрудник, проявила человечность в подходе к нашей ситуации, огромное спасибо Вам!!",5,
1,Алена ....,2024-03-04 20:18:15,"Замечательное обслуживание, вежливые и очень желающие помочь консультанты 👍",5,
2,Елена К.,2023-11-27 15:13:07,"Это не офис банка, а контора с тремя столами, через раз работающими приложениями, талонов на очередь нет соответственно бардак в очереди. Сотрудники вежливые за это и звезда.",1,
3,о п,2023-11-26 19:16:20,"Стильно оформлен зал
Услугами так и не воспользовались,непонадобились",5,
4,Анна Тарасова,2023-11-26 20:57:36,"Вежливые компетентные и дружелюбные содрудники, всё хорошо объясняют, вошли в положение и помогли решить вопрос.",5,
5,Наталья Емельянова,2023-12-26 04:13:41,Мне понравилось отношение вежливые и все обьясняют,5,
6,Кисханум Гасанова,2023-11-02 14:33:57,Очень хорошие сотрудники помогли быстро решить мой вопрос,5,
7,Анжелика Копайгородская,2024-01-14 12:51:16,"Специалист решала вопрос но карту мне получить не уладось, пришлось закрыть счёт,что бы можно было ""заиметь "" дебетовую карту с нужным кэшбек))",3,"Здравствуйте, Анжелика!
Возможно, что у вас был архивный счёт, к которому не смогли привязать карту с новыми условиями. Поэтому можем предложить закрыть его, чтобы выпустить новую Альфа-Карту с кэшбэком."
8,Елена Ибрагимова,2024-02-15 19:22:21,Очень хорошее обслуживание!!!,5,
9,Мурад Магомедов,2024-03-26 03:48:59,Отличный банк,5,
