,name,date,text,stars,answer
0,Лана,2024-02-10 16:14:03,"Наконец-то и у нас появился филиал Альфа - Банка! И где! Прямо в центре города! Это прекрасно, что теперь не надо ехать в Челябинск или Екатеринбург, можно все вопросы (если вы клиент Альфа- Банка или хотите им стать) решить в Кыштыме. Стильный дизайн помещения, приветливый квалифицированный персонал - первое, что вас ждёт при встрече. А приятные сюрпризы уже выберете вы сами)",5,
1,Михаил Заречный,2024-04-19 14:59:36,"Субъективное мнение про банк у меня позитивное сложилось. С кредитом помогли мне в свое время разобраться. Выгодные продукты, вдумчивый персонал, хорошее обслуживание. Мне тут все нравится.",5,
2,Евгений Белоусов,2024-02-02 08:26:50,"Очень маленький офис 
2 специалиста 
Большие очереди 
Долгое обслуживание 
1 терминал
2 ноутбука 
2 стола 
4 стула 
Больше ничего нет",1,"Здравствуйте, Евгений.

Каждый сотрудник занимается решением определённых задач. Во время большой нагрузки время ожидания увеличено. Делаем всё возможное для сокращения времени ожидания."
3,Дии,2024-04-25 03:00:05,"Неплохое отделение,работают хорошо.Электронная очередь функионирует нормально,идет быстро.",5,
4,Полина Галкина,2024-04-30 14:29:06,"Заходила сюда с ребенком, который у меня еще на коляске передвигается, удобно, что есть пандус. Для нашей габаритной коляски подошел) Сотрудники придержали дверь на входе и выходе. Забрала готовую карту минут за 10. Спасибо вам за оперативность и отличных сотрудников!",5,
5,Руслан Зубов,2024-05-04 13:22:25,"Узнавал по кредитной карте в этом отделении. Очень понравились условия и решил оформить. Вышел из отделения спустя полчаса с готовой картой. Отдельно хочу отметить интерьер отделения, ради него зайти точно стоит",5,
6,Евгений Устинов,2024-03-24 14:28:38,Хорошо,5,
