,name,date,text,stars,answer
0,Игорь Харитонов,2023-06-26 17:22:03,"Отличное отделение Сбербанка. Отличный коллектив профессионалов. Отличный персонал, помогают быстро и качественно, во всех вопросах, всегда приветливы. Лучше конечно не заходить когда идут выплаты, битком забит зал людьми ожидающих деньги. Эту проблему надо как то решать. Людей так много что к терминалу за талоном не пройти.",5,
1,Михаил Арамилев,2023-09-16 14:04:01,"Удобный офис. На сделке была Пряхина Наталья Сергеевна, очень ответственный сотрудник, быстро подготовила все документы. Был по записи. Днём бывают очереди. В целом оценка 5.",5,
2,Инкогнито 9578,2024-01-09 17:19:16,"Современное и просторное отделение, но, к сожалению, не всегда работает электронная очередь",5,
3,Ольга Подымова,2023-06-09 06:39:02,"Качественное обслуживание, чисто и комфортно,правда иногда бывают очереди, но для такой структуры это норма. Вежливые сотрудники.",5,
4,Николай Н.,2023-01-31 20:37:53,"Очереди долгие,в целом персонал довольно дружелюбный,но заметно что на посетителей в целом плевать,народу было не много но заметно что обслуживают с неохотой,получал новую карту минут 20ть и почему то связь Теле2 еле еле ловит,позже приходил попробовать оформить ипотеку,в итоге не могли соединиться с домклик,проторчал там час и кое как соединились",4,
5,𓃹,2024-01-13 14:32:26,Всë отлично правда иногда хамят а так отлично красивое помещение советую вам,5,
6,Василий Ильин,2023-12-16 06:46:15,"Лучший банк! Даже отзывы о нем отсеиваются)) Так что всем рекомендую. В общем, о Сбербанке либо хорошо, либо ничего))",4,
7,Галин Бурлакова,2023-06-06 17:12:40,"Крайне приятные эмоции вызвало посещение сбербанка в городе Людиново.Любезно, быстро , очень профессионально.",5,
8,dimka dimka,2024-04-08 11:43:34,"Очень ужасное обслуживание,ни чем не помогли,тупо отправили в полицию",1,
9,Андрей Желудов,2023-11-22 02:00:16,Хорошее обслуживание хороший коллектив,5,
10,Дмитрий Сергеевич,2023-09-30 08:45:37,"Всегда доброе отношение к клиентам. Компетентные сотрудники. Открывали маме накопительный счёт, все рассказали подробно, отношение отличное просто.",5,
11,mmokrousov,2023-11-29 03:29:13,Хороший и отзывчивый персонал.,5,
12,Наталья,2022-09-17 17:44:02,"Хороший банк!! Потому что один!!!)))) а если правда, то банк как банк, вежливые операторы, чисто, цивилизованно, без очередей. Главное не приходить когда выплаты дают, весь сбор там",5,
13,Надежда Комогорова,2023-11-22 20:56:53,Вежливые сотрудники. Хороший сервис,5,
14,Ксения Белик,2022-08-17 18:56:00,"Обслуживание быстрое, отношение к клиентам хорошее, по крайней мере мне не кто не нагрубил и не хомил. Персонал вежливый и улыбчивый. Время ожидания минимальное, но опять же может просто я в такое время попала)",5,
15,Татьяна Бурлакова,2022-02-11 07:07:56,"Прекрасное обслуживание, грамотные сотрудники. Очень вежливо и качественно консультируют. Нареканий нет.",5,
16,Есения Пронина,2022-01-18 18:19:43,"Оформляла там ипотеку, в принципе остались приятные впечатления, никто не грубил, очередей почти ни где не было, все тихо, спокойно,вежливо, как и должно быть",5,
17,Артем Евсюков,2024-03-26 17:48:47,"Работа банкоматов, гут.",4,
18,Анна С.,2023-04-24 01:31:40,"Как нарваться, можно ждать больше часа, но сотрудники вежливые, отзывчивые.",4,
19,Наталь? Ковалева,2022-11-11 17:32:24,В сбербанке коайний банкомат запрогромирован на обман. Вместо 2000 зачисляет 200. А отзывы не блокируйте а исправляйте ошибки. Зазнались по обслуживанию вы худшие,1,
20,Лина Л.,2023-08-02 18:08:23,"Удобно,доступно,приятные сотрудники",5,
21,320247 зверев,2023-05-03 16:17:21,"Отличное заве , вежливый обслуживающий персонал.",5,
22,Зиля С,2021-09-22 09:15:35,"Банк как банк, только очередь всегда большая, что в банкомат, что к сотрудникам банка. Правда сотрудники работают очень хорошо и качественно",5,
23,Игорь Ковалев,2023-10-27 17:15:51,Уровень обслуживания на высоте,5,
24,Anastasik,2023-01-16 12:22:25,Хорошее обслуживание. Подробно все объясняют.,5,
25,Александр,2022-02-05 18:22:49,"Офис сбербанка, все отлично, приветливый персонал, хорошее обслуживание.",5,
26,@Karaokemaker_moscow,2023-05-06 16:40:27,"Был на днях, все четко... быстро)",5,
27,Наталья Мельникова,2023-12-01 19:59:03,Все хорошо,1,
28,andrew64-44dml@mail.ru,2021-09-09 20:05:19,"Обращение к клиенту, как к жертве: был клиентом, готовы были ""съесть"", а когда написал заяву о прекращении сотрудничества(кстати, из-за уплаты немалых средств "" За обслуживание"") , блин, за мои же деньги, то потеряли ко мне всякий интерес... Понимаю, что эта секта везде, но хочется верить....",4,
29,Михаил С.,2022-01-25 15:12:09,Обслуживание на высоком уровне персонал внимательный и доброжелательный,5,
30,Айша Махмадова,2023-02-22 18:22:53,"Спасибо большое сотрудникам банка, 
За минуту всё решено",5,
31,Анонимный отзыв,2022-10-26 18:02:37,Обслуживание среднее. Отношение к клиентом переходят на ты и при разговоре тыкают.,5,
32,Михаил Про,2023-04-08 18:12:40,Иногда долго ждать. Банкомат круглосуточно.,5,
33,Дом на берегу Болвы,2023-01-06 08:22:53,"Хорошо, быстро, вежливо. Пять звёзд",5,
34,Олэся Меликджанова,2023-03-14 17:12:40,"Обслуживание и о отношение, прекрасное.",5,
35,Lina Ustinen,2023-03-20 06:57:31,Вежливое обслуживание клиентов.,5,
36,245434 Скоркин,2023-05-22 15:17:42,всегда всё на высоте,5,
37,Татьяна,2022-05-16 17:54:15,Обслуживание хорошее. Персонал всегда подскажит.,5,
38,752551 Малахова,2022-02-20 17:00:08,"Всё устраивает,персонал вообще на высоте,не разу не возникало проблем....",5,
39,Светлана Верясова,2021-12-09 16:17:32,"Время ожидания минимальное, доступно и вежливо объясняют.",5,
40,Вова,2022-08-03 17:43:06,"Был,не однократно.Люди знают свою работу на 100%.Компитентны.",5,
41,Артем Щербуха,2022-01-05 07:15:51,"Удобно что много банкоматов , на этом пожалуй все",4,
42,Ss Ss,2021-12-29 22:20:28,"Давка я не могу понять почему не работает персонал как надо, вечно ждёшь более получаса а то и по больше",1,
43,Евгений Платонов,2021-06-28 19:57:28,"Организация обслуживания клиентов на высоком уровне, респект персоналу.",5,
44,олег федоров,2021-11-25 12:18:21,Очень современный офис с грамотными консультантами.,5,
45,Ирина Б.,2021-07-28 11:28:21,Удобный. Качество на высоте. Персонал хороший.,5,
46,Алексей Самсонов,2023-05-01 17:49:28,Отличный банк,5,
47,Андрей К.,2020-07-29 10:56:40,"СБЕРБАНК быстрое, качественное обслуживание, профессиональный, вежливый персонал.",5,
48,Валентина Колесник,2022-09-09 18:54:05,Обслуживание и отношения к клиентам,5,
49,Александр Кривошеев,2021-12-30 18:17:50,"Типичный Сбербанк как всегда,как всегда все сложно...",1,
50,Иванков Игорь,2023-05-13 17:08:14,Отличный сбер,5,
51,Вероника Королькова,2023-07-02 16:32:58,На уровне!,5,
52,Анатолий Пустынский,2023-06-17 17:13:52,Молодцы))),5,
53,Анастасия К.,2020-02-26 14:08:34,"Вежливый персонал, электронная очередь, во время ожидания можно посидеть на удобном диванчике",5,
54,Дмитрий Сигеев,2021-05-16 18:03:30,"Большинство кассиров операторов адекватные девушки,но есть исключения",4,
55,Алексей Самохин,2022-01-26 18:51:27,"Получал карту, всё быстро получил!",4,
56,ковалев геннадий,2022-04-23 17:14:59,Отношение клиентам хорошее,5,
57,Анонимный отзыв,2021-12-24 18:26:59,"Хорошее отделение, есть постамат",5,
58,Юлия И.,2020-01-15 09:10:59,"Отличное обслуживание,грамотные специалисты,правда всегда огромные очереди",4,
59,Татьяна П,2020-08-04 18:11:44,Вежливые работники. Часто обращаюсь по работе. Объяснят и проконсультируют,5,
60,Обыватель,2019-12-25 07:51:44,Это единственное отделение сбербанка в городе филиалов нет хотите отклоняйте хотите нет это правда. Поэтому кокой бы сервис не был сравнить его не с чем.,4,
61,Skanydoc,2021-09-30 14:43:24,Жаль что один полноценный банка весь город...,4,
62,"Бухгалтер ООО ""РДК""",2021-11-18 04:30:01,Собрали в одном месте весь город. Кошмар,1,
63,Оксана Лихоманова,2021-05-29 15:08:09,"Довольно хорошее отделение, очередей нет",5,
64,Станислав Жуков,2021-08-14 10:43:20,"Всё хорошо, только очереди убивают....",4,
65,Worthy,2021-10-02 15:07:25,"Отличный персонал, всегда готовы помочь.",5,
66,Роксана Одинаева,2021-09-15 12:38:23,"Отлично, быстро решили несколько вопросов",5,
67,владислав круговой,2020-08-04 17:19:28,"Быстрое обслуживание ,грамотные консультанты.",5,
68,Игорь Ковалёв,2022-12-07 17:18:14,На уровне,5,
69,наташа,2020-07-14 19:59:12,"Быстрое обслуживание и решение ваших проблем с банком, низкие ставки по кредитам..",5,
70,Роман М.,2022-11-13 16:20:15,Молодцы,5,
71,Надежда Дроздова,2019-10-02 17:50:31,"Быстрое обслуживание, вежливые сотрудники, выгодные условия по кредитам и вкладам.",5,
72,Ирина Терехова,2021-09-13 15:28:07,"Мало мест для сидения, очень душно",4,
73,M M,2022-11-15 20:28:35,Норм,5,
74,Татьяна Р.,2019-10-25 11:40:04,"Удобные диваны, электронная очередь. Минус за то, что один раз оператор кинул на деньги. Подавали жалобу, оператора наказали",4,
75,Александр М.,2020-07-15 11:11:57,Светлое просторное помещение много операторов,5,
76,Дмитрий Журавлев,2021-08-16 12:50:06,А больше не где бабульки снимать,5,
77,Ильяс М.,2019-09-22 17:10:12,"Все понравилось, но от сотрудницы которая меня обслуживала ужасно воняло перегаром и бомжом. Обслужили быстро но я чуть не задохнулся, сотрудница явно после весёлой ночки сильно подпортило впечатление, думаю становится клиентом другого банка!",3,
78,Алексей Хурсевич,2020-07-01 14:19:55,Банк как банк - только почему то всегда очень много народу в очереди.,4,
79,Елена,2019-07-27 11:58:14,"Самый лучший банк. Профессиональные сотрудники, доброжелательные.",5,
80,Галина Т.,2019-09-13 12:08:41,"Фокина 25, маленькое помещение, непонятные стулья, расположение рабочих окон как-то ??? надо искать",3,
81,михаил,2021-05-27 08:34:09,Дебет с кредитом не совподают,3,
82,Олег Коноченков,2020-04-02 13:34:38,Много народу.В принципе всё быстро и понятно,4,
83,евгений титкин,2021-09-06 17:28:00,Нормальная работа,5,
84,Ю И.,2021-02-15 13:31:46,Нервные сотрудники. Неприветливые!!,1,
85,Сергей Корсунов,2019-07-27 18:20:46,Вежливо спокойно решил все вопросы и главное быстро,5,
86,Владимир т.,2019-10-19 12:38:08,Работают отлично и самое главное быстро,5,
87,Владимир Аверкиев,2020-03-13 15:02:43,Вроде бы быстро обслуживают но лучше кредит не брать.,5,
88,николай ушаков,2021-07-13 09:38:21,Быстро обслужили,5,
89,дмитрий пащенко,2019-08-31 16:43:24,"Есть подвижки в улучшении, люди перестали стоять в очереди и гавкать,деля очередь.",5,
90,Ольга Кошелева,2019-12-01 07:06:17,Консультанты всегда помогут в решении вопроса,5,
91,Михаил,2021-03-07 12:10:52,Постоянно много людей🙂,5,
92,Сергей М.,2020-08-26 00:44:50,Рабочий персонал хороший не хамят подс,5,
93,Екатерина Лукьянова,2020-02-21 12:17:08,Быстрое и качественное обслуживание,5,
94,Владимир З.,2019-09-09 11:43:50,"щение грамотные вежливые сотрудники ,рекомендую",1,
95,андрей а.,2019-11-12 16:09:13,"Качественное, грамотное обслуживание!",5,
96,Влад Волохов,2022-02-05 18:14:40,"Долго, не удобно.",3,
97,alecberovrasyl,2020-04-04 13:11:50,"Удобно, хорошая персонала мне нравится",5,
98,Андрей Ермаков,2019-10-13 14:00:30,"Хорошие консультанты,выгодные предложения",5,
99,Анастасия Дудина,2020-01-20 10:34:32,Всегда все быстро и по делу!,5,
100,Ольга О.,2021-08-05 14:46:38,Всё хорошо,5,
101,Андрей Колосветов,2018-08-19 10:20:32,Качественный сервис обслуживания. Культурный персонал.,5,
102,Юрий,2019-10-07 06:46:14,"Приятно зайти, всё удобно.",5,
103,Прохоров Александр,2020-03-01 17:25:15,"Хорошо работают, но не все.(",4,
104,Руслан Грачев,2020-02-12 13:50:11,Вообще сбер. Супер 10 баллов,5,
105,Наталья Иванова,2019-08-26 18:32:36,С некоторых пор отношение к этому бренду не доверительное.,2,
106,Сергей Ермаков,2019-10-05 09:02:26,"Банкоматы по всему городу, далеко идти не надо.",4,
107,Анонимный отзыв,2019-07-28 06:44:31,"Быстрое, отличное и грамотное обслуживание",5,
108,Эльдар Г.усейнкулиев,2019-12-10 13:42:01,Быстро и качественно,5,
109,Андрей П.,2020-03-12 03:04:23,удобное обслуживание,5,
110,Анастасия Леднева,2018-07-30 14:38:32,"Все быстро, четко, вежливый персонал",5,
111,Екатерина Пыжова,2019-10-16 19:04:43,"Уютно, апперотивно",5,
112,Владимир Викторович,2019-08-28 12:43:21,Как во всех филиалах по стране,4,
113,Светлана,2020-02-29 19:11:07,Я доверяю этому банку!,5,
114,Анжела Мариничева,2019-12-04 14:51:34,Приятный персонал..,5,
115,Cot Cotov,2019-09-17 07:24:49,Постоянно большие очереди,4,
116,AN2013,2019-08-09 02:46:57,Так себе... Консультанты нулевые,3,
117,Beizel beizel87,2019-12-03 19:13:20,не вежливый персонал,3,
118,Влад Смирнов,2018-06-07 11:12:50,В Людиново остался один единственный офис Сбербанка РФ!,5,
119,саша саша,2019-08-06 13:43:15,Не навязывают кредиты!,5,
120,АИА,2021-03-04 19:42:41,Удобно,4,
121,Артем Филимонов,2019-09-04 19:34:01,Быстро очень,5,
