,name,date,text,stars,answer
0,Анастасия С.,2024-02-07 14:01:25,"Солидный офис, приветливые сотрудники, современные банкоматы без сбоев. Девушки-консультанты сами подошли, проконсультировали о новых продуктах, объяснили нюансы банкоматов. Все чисто и уютно.",5,
1,Филипп Богданович,2024-04-08 11:02:49,"Сотрудники молодцы, очень быстро сработали когда приехал кредит оформить. ВСе помогли рассчитать, объяснили какие предложения есть у банка ко мне, вариантов море на разные нужды, выбрал кредит наличными из-за самой выгодной ставки для меня. Одобрение на удивление получил на всю нужную сумму и принес из докмуентов ток паспорт!",5,
2,Алексей Кириллов,2024-03-11 15:43:08,"Крайне удачное расположение. Рядом с моим домом как раз) Всегда сотрудники попадались улыбчивые, светлое помещение и необычный подход к работе с клиентами. Громадный для меня лично плюс-много банкоматов и все работают исправно!!",5,
3,Татьяна Паначева,2023-12-25 11:52:52,"Пришла сегодня закрыть кредитную карту, которая была м-н Пятерочка + кредитка Альфа банка два в одном и работает как оказалось не в каждой пятерочке как нужно. Зашла в отделение банка, подошла сотрудрица спросила что и как, сказала присаживайтесь и ждите. Сижу, прошло минут 20, подошла ещё раз к этой же сотруднице банка и спросила за кем я сижу и к какому сотруднику, мне указали на девушку за которой моя очередь. Когда девушка передо мной села на обслуживание я подошла поближе и освободившись обслуживание я подошла к сотруднику по своему вопросу.И тут началось!!! Появился вне очереди мужчина , который только что пришел в банк и начал орать что сейчас очередь его, я говорю как же так я сижу уже 40 минут посмотрите камеры и обращаюсь к сотруднице которая очередь и составляла но она на мою просьбу ни слова не произнесла а только стояла и улыбалась. А этот мужчина так разошелся что стал силком меня отталкивать от стойки и вести себя очень ко мне агрессивно, я стала ему обьяснять но всё было бесполезно. Скандал только нарастал и появились двое мужчин сотрудников банка. В общем отдать должное сотруднице банка ведущая прием как стрессоустойчивому и опытному сотруднику она мне пошла на встречу и всё сделала пока шла перералка сотрудников с этим товарищем. Самое на мой взгляд позорное что за всё время перепалки я минимум трижды обратилась к сотруднице составляющей очередь виновнице всей ситуации и сказала ей "" девушка что же вы молчите, скажите хоть что нибудь"", на что она только улыбалась смотрев на происходящее и ни слова не произнесла. В общем я в шоке от такого посещения банка ,будьте бдительны при посещении данного отделения, а то и получить вежливо говоря можно не за что с такими улыбающимися сотрудниками , ладно служба безопастности вовремя подошли.",1,"Здравствуйте, Татьяна.
Простите за такой опыт 😔 Постараемся исправиться."
4,Якушев А.,2023-11-14 17:57:12,"Очень удобное отделение в центре города, грамотные и вежливые сотрудники. Новвй просторный офис. Пока ожидаешь менеджера можно выпить вкусный кофе)))",5,
5,Елена Денисова,2024-03-14 13:29:33,"Уже не один год являюсь клиентом Альфа-банка. Сегодня посетила отделение банка на Комсомольском проспекте. Хочу выразить благодарность менеджеру Веронике за профессиональную подробную информацию по всем вопросам, которые я задавала. Получила полную консультацию. Очень доброжелательный подход. Приятно, когда работают такие сотрудники. Самые благоприятные впечатления от посещения банка.",5,
6,Татьяна,2023-12-06 14:21:53,"Интересно оформлен офис, столы и кресла для обслуживания расставлены по всему залу, менеджеру, которая обслуживала, хотелось бы добавить эмоций, она была похожа на льдинку, которая может растаять от собственной улыбки))",5,
7,Larionova Yu,2024-03-25 06:53:56,"Компетентность сотрудников просто ""на высоте"". 
Нужно было снять с кредитки определённую сумму, но ни один банкомат этого не сделал, была ошибка, что ""повторите позже"".
Нигде информацию об ограничении суммы снятия не нашли, смогли снять только часть нужной суммы.
Подошли к сотруднице, она снова проверила лимиты, которых нет и не было и отправила меня на консультацию. В итоге, как оказалось, она оформила, что я хочу получить ещё одну кредитку.",1,"Здравствуйте.
Не похоже на нас.
Хотим во всём разобраться.
Напишите нам на почту smm@alfabank.ru, указав ваши ФИО, дату рождения и прикрепите скриншот отзыва.
Проверим работу сотрудников и постараемся помочь."
8,Ренат Филипов,2024-03-07 11:47:45,"Я получал в этом отделении две карточки разом. И кредитную и дебетовую. Сотрудница молодец. В 15 минут вместила подробную консультацию по обоим продуктам с ответами на все мои вопросы и разбором работы приложения. Никаких проблем, все что хотел узнать-узнал. отличная работа!",5,
9,Валентин Дмитриев,2024-01-27 13:32:57,"Считаю Альфа-Банк одним из лучших. Связано это побольшей части с высокой степенью защиты денег, но также свою роль сыграл профессионализм представителей банка. Они всегда готовы мне помочь и объяснить если что-то непонятно как в отделении банка, так и дистанционно",5,
10,YGOR G,2024-04-25 19:49:49,"В принципе у всех банков примерно похожие ставки по кредитам. Однако в Альфе немного ниже. И требования к заемщикам не такие строгие. Придя сюда, я это испытал на себе. Консультанты стараются помочь и обслужить побыстрее. Без потери в качестве обслуживания.",5,
11,Ангелина Громова,2024-02-02 15:41:47,"Премиумом осталась довольна, не сразу решилась, так как цена все таки кусается. Но посчитав итоговую выгоду от повышенного кешбэка, бесплатного такси, поняла что он себя окупает в любом случае. Так еще и личный помощник в поддержке помогает",5,
12,Валентина Нежинская,2023-08-23 04:37:00,"Профессионалы своего дела! При выборе банка для обслуживания я всегда ставлю качество обслуживания на первое место, и здесь это безупречно. Сотрудники высокомпетентны профессионально ориентированы, готовы оказать помощь по любому вопросу и направить в нужное направление.",5,
13,Светлана,2024-03-16 05:02:58,"Красиво внутри, ожидаешь за столиком в кресле, к тебе подходит сотрудник сам.
Вежливое обслуживание.
Мне понравилось посещение альфа банка.",5,
14,Твори добро,2023-04-08 06:00:33,"Оформляла дебетовую карту, сотрудники внимательны и вежливы, всё подробно объяснили, быстро и чётко. Спасибо. Обслуживание у карты бесплатное, что очень порадовало, также есть кэшбэк. Хороший банк.",5,
15,Виктория С.,2024-01-22 07:12:44,"Получаю зарплату в банке. Зачисления на карту всегда приходят день в день, и за весь год использования не было ни одной задержки, что создает важное чувство надежности и стабильности.",5,
16,Алексей Кошелев,2024-03-29 17:38:37,"Получал тут зарплатную карту. Порадовало что потратил совсем мало времени. Улыбчивая Анастасия принесла карту за 10 минут, и собственно все. Рассказала еще про стикер. И его взял тоже.",5,
17,Андрей В.,2024-02-05 10:04:50,"Чтобы снять блокировку с карты, которая наложена по вине банка, необходимо ждать в отделении банка несколько часов пока особый отдел возьмет трубку. И не известно точно сколько часов надо ждать!!",1,"Здравствуйте, Андрей.
Блокируем карту только в целях безопасности, если заметили подозрительные операции по ней. Сохранность ваших денег для нас в приоритете.

Из-за большой нагрузки на линии можем отвечать дольше, извините за это 😔"
18,Вероника Кириллова,2024-01-09 14:43:54,"В этом банке есть вклад. За все время посещения лишь несколько раз ждала своей очереди. Сотрудников хоть и немного, но все знают свое дело и обязательно придут на помощь.",5,
19,Lyudachka Aristova,2023-12-13 16:45:19,"На прошлой неделе получили с ребенком карту в этом отделении. Ребята приятно удивили, объяснили все доступно для меня и ребенка. Профессиональный подход. Я предана Альфе, они знают, что они делают.",5,
20,Мария Бондаренко,2023-09-15 14:26:59,Отличный офис с удобным расположением и граомтным персоналом. Мне помогли разобраться с кредитом за несколько минут всего. Сотрудница попалась приятная и в общении грамотная,5,
21,yd-0962120042,2024-02-01 17:20:41,Все прошло хорошо. Вежливый персонал. Быстро качественно и профессионально.,5,
22,Денис Фролов,2023-10-17 17:24:37,"Заказал карту Альфа- премиум , ждал ее более недели, по ее готовности посетил банк и забрал , не думаю о том, что меня обманули , отложил ее , не пользовался. На следующий день мне приходит списание , которого вообще не должно быть. По итогу выдали абсолютно не ту карту, более того отказываются возвращать списанные денежные средства по их вине. Никакого профессионализма данного филиала не заметил.",1,"Здравствуйте, Денис!
Простите за такой опыт. Хотим проверить ваше обращение.
Напишите на почту smm@alfabank.ru ФИО и дату рождения, а также детали вашего обращения. Мы всё проверим и разберёмся.
В теме письма укажите Яндекс карты Денис Фролов."
23,Виктория Гусева,2024-02-12 15:23:50,"Очень быстро удалось получить дебетовую карту сегодня в этом отделении, думала почему то что понадобится больше часа, очереди все же, но нет)) Порадовали!",5,
24,Нат В.,2024-01-16 18:23:02,"Высокий уровень обслуживания, быстрое решение проблемных вопросов, активная позиция администраторов зала",5,
25,Яна Ш.,2023-11-28 02:00:17,"Клиент банка уже давно, брала кредит пару лет назад. Одобрили кредит за два дня, не понадобилась справка о доходах. Отличный сервис, спасибо!",5,
26,Людмила Доронина,2023-09-16 12:36:18,"Я нашла идеальный банк для своих потребностей! Простота и удобство- вот то, что мне важно, и Альфа-банк полностью соответствует моим ожиданиям. Здесь представляются лучшие услуги России, обслуживание на высочайшем уровне.",5,
27,Денис Стафеев,2023-10-18 11:27:47,Не очень комфортный банк! Не хватает нормального маркетолога. Заходишь и не уютно. Люди в черном не много напрягают. Хотя крайний раз очереди не было.,4,"Здравствуйте, Денис!
Поделитесь, пожалуйста, что бы смогло добавить уюта, чтобы посещение офиса не доставляло дискомфорта?"
28,Polip,2023-04-10 15:11:08,"Всё понравилось, всё быстро. В зале уютно, и обслуживание проходит мобильно на комфортных креслах. Консультанты знают своё дело, без лишних вопросов за 5 минут всё решили) лайк)",5,
29,Сергей Бороденко,2024-04-10 03:48:10,Банк очень удобно рядом с домом . Что делает вас в лучие любого чп незаменимым !,5,
30,рустам гатин,2024-02-16 11:59:48,Очень плохое обслуживание. Операторы как роботы одно да потому. Банкоматы плохо работают из-за чего я потерял денги. Выбирайте другой банк,1,"Рустам, здравствуйте! 
Очень удивлены прочитанным, на нас это непохоже 😔 
Простите за такой опыт. Напишите, пожалуйста, нам на почту: smm@alfabank.ru ФИО, дату рождения, а также приложите скриншот отзыва и опишите детальнее ситуацию с банкоматом. В теме укажите Жалоба. Яндекс. рустам гатин. Всё проверим и разберёмся."
31,Светлана Дронова,2023-10-24 08:25:24,"Попробовала перевести деньги с карты на другую именную и в результате ЗАБЛОКИРОВАЛИ карту и мобильное приложение, деньги не выдают и требуют привести родственников. Просто какой-то БРЕД придумали служба безопасности. Никому не советую туда обращаться!!!",1,"Здравствуйте, Светлана.
Карты можем заблокировать, если операции, которые вы проводили, показались нам подозрительными.
Напишите, пожалуйста, нам на почту: smm@alfabank.ru ФИО, дату рождения, а также приложите скриншот отзыва с указанием города, адреса отделения и даты обращения. В теме укажите Жалоба. Яндекс. Светлана Дронова. Всё проверим и разберёмся."
32,Алина Касымова,2024-03-13 15:04:58,В отделении Альфа-банка работает обширный персонал. Всегда вежливое и компетентное обслуживание. Здесь можно получить консультацию по различным финансовым вопросам.,5,
33,Анастасия Ф.,2023-08-27 14:37:38,"В отделении всегда поддерживается чистота, нет бумажек и мусора - урны регулярно опустошаются. За поддержание порядка в отделении выставляю пятёрку с большим плюсом!",5,
34,Юлия Н.,2023-03-01 11:03:52,"Офис современный, но крайне неудобный. Во-первых, нет ориентирования в электронной очереди, сколько человек перед тобой ожидают. 1-го числа образуется скопление клиентов, желающих в кассу: у кого-то бумажный талон, у кого-то электронный. На экране клиенты расположены рандомно, сколько времени ждать, продлять парковку или нет - неизвестно.
Во-вторых, если приходишь на консультацию не один, то с менеджером уже неудобно размещаться за столиком. Бывало такое, что менеджер не компетентен и к нам приходил руководитель, так и стояли табором вчетвером в проходе. 
В третьих, когда были вип-клиентами, обслуживали с пренебрежением, не понравилось отношение. 
Плюс один: красиво, на этом всё.",1,"Здравствуйте, Юлия!
Жаль, что вам не понравился новый формат 😔
Возьмём ваши замечания на заметку, будем думать, как сделать лучше.
Мы ценим наших клиентов, поэтому удивлены прочитанному. Извините, если не понравилось обслуживание."
35,Алёна,2024-02-12 03:05:18,Удобное расположение с хорошей парковкой делает это отделение идеальным выбором. Персонал здесь дружелюбный и всегда готов помочь.,5,
36,Дмитрий 1,2023-01-26 11:16:02,"Плюсов не увидел. В моём рейтинге худших банков этот занимает 1-е место. В связи с санкциями мои акции были переведены из ВТБ-брокера, в этот Альфа. Мне необходимо было приехать с паспортом в любое отделение банка, чтобы пройти подтверждение личности и получить доступ ко всем функциям, в т.ч. вывод средств. Я приехал в отделение на Комсомольском проспекте, там у меня взяли паспорт, куда-то сходили, всё типо сделали и отпустили. Когда пришло время выводить деньги, ничего не вышло, техподдержка говорит, что моя личность не подтверждена и мне надо ехать в любое отделение банка для подтверждения личности. Я живу не в Перми, у меня в городе нет отделения этого недобанка. В общем моё общение с техподдержкой о том, что я уже приезжал закончилось безрезультатно, теперь надо ехать опять. Сам этот банк теперь под такими же санкциями как и ВТБ, но перевести мои биржевые активы обратно в ВТБ нельзя, только за деньги. В общем я бы не стал связываться с таким банком. При первой же возможности прекращу своё сотрудничество с этой конторой.",1,"Здравствуйте, Дмитрий!
Извините нас за случившееся 😔
Хотели бы разобраться в вопросе. Напишите, пожалуйста, нам на почту smm@alfabank.ru ваши ФИО, дату рождения и когда обращались в офис. Также прикрепите скриншот этого отзыва. Всё проверим."
37,Дарья Игоревна,2024-05-01 14:13:37,Обслуживание клиентов в этом банке впечатляет. Команда всегда дружелюбна и готова помочь. Работать с таким замечательным банком — одно удовольствие. Спасибо!,5,
38,Агата Оглезнева,2023-10-05 18:28:59,"Мое посещение отделения Альфа-банка оставило очень приятное впечатление. Здесь всегда чисто и комфортно, а сотрудники встречают с улыбкой и всегда готовы помочь. Я ушла из этого банка с хорошим настроением и полной уверенностью в своём выборе.",5,
39,Мотя,2024-03-01 10:50:59,"Никакого обслуживания, сотрудники максимально не заинтересованы в клиентах, самый удачный банк который я посещала",1,"Здравствуйте.
Нам жаль, что у вас сложилось такое впечатление. Мы проверим работу коллег и постараемся исправиться."
40,Евгений Ташлыков,2023-04-09 15:22:47,"Уютный офис, удобное расположение, обращался первый раз в это отделение, встретили на входе, направили, приветливый менеджер все рассказал и показал, спасибо.",5,
41,corp-aviaotelperm42869,2023-09-18 16:57:06,"Много хорошего могу сказать про обслуживание и много плохого про сам банк. Как и много хорошего) в целом - альфа для меня - олицетворение умных и жадных банкиров, какими они, в принципе, и должны быть.",4,
42,Анастасия Р.,2022-12-10 11:27:02,"Офис альфа-банка очень стильный, нестандартный. Уютная атмосфера, нет стандартных «окошек», ты садишься в кресло(очень удобное) и специалист банка сам находит тебя. Впечатления только положительные.",5,
43,Monsieurgato,2024-03-07 19:38:41,"Бесполезный для меня банк. Оформлял заявку на кредитную карту. Карта была успешно одобрена, изготовлена именная. По факту получения после ожидания около 40 минут, была озвученна сумма лимита по карте в 30 раз меньше одобренной изначально. Ощущение обманутости. Остались неприятные впечатления от посещения отделения банка. Не могу в дальнейшем расчитывать на него, быть уверенным в нем.",1,"Здравствуйте.
Грустно, что сложилось такое мнение о нашей работе.

Окончательные условия по заявке, в том числе и лимит, можем подсказать только после проверки оригиналов ваших документов."
44,Алекс,2024-03-06 20:51:56,"Посетили банк на Комсомольском проспекте 49. Порог перед входной дверью разбит, двери грязные, болото просто в банкоматной. Обслуживание за столами, как в кафешке, типа пришел и заказал услуги и к тебе выходит важный оффициант или оффициантка. Оффициант путался в показаниях и явно хотел побыстрей избавиться от назойливых посетителей. Кое как решили вопрос.",3,"Алекс, здравствуйте.

Жаль, что не понравился формат обслуживания в офисе. Старались сделать его максимально комфортным для посетителей.

Что касается качества консультации обязательно всё проверим и примем меры."
45,Юлия Кружилина,2023-01-28 13:19:57,"Я очень довольна.В отделениях всегда есть сотрудники, которые с радостью помогут в любую минуту.Не приходится ждать своей очереди.Работники всегда приветливые и вежливые.Всегда подскажут куда и как обратиться.",5,
46,Дашенька Цифля,2024-03-05 19:11:11,"Интерьер этого отделения просто великолепен по сравнению с другими банками. Обстановка непринуждённая, приятно находиться. Создаётся ощущение, что ты находишься в кафе, а не в банке.",5,
47,Irina M.,2024-01-20 09:05:50,"Все очень отлично организовано, приятная атмосфера",5,
48,Анастасия Я.,2023-04-07 20:30:01,"Увидеоа по телевизору про какой то стикер, стало интересно. Заказала стикер на телефон привезли через час . Спасибо большое все круто работает очень удобно",5,
49,Андрей Шайхатаров,2024-03-27 16:35:02,Хороший офис. Девчонки добрые отзывчивые красивые 👍,5,
50,Ирина Карандашова,2023-06-22 10:03:52,"Было много народу, посадили ожидать. За время ожидания, была вынуждена совершить звонок по работе (удивительно же, что клиенты банка тоже работают). Во время звонка спросили ожидаю ли я. Я попросила подойти попозже. И зал пустой, куча менеджеров. Сижу декором.
А еще мобильный интернет в офисе не работает.",1,
51,Екатерина,2024-03-26 16:18:35,"Ещё давно как то зашла получить кредит на покупку жилья. Сотрудники банка были внимательны и предложили мне несколько вариантов кредитования, из которых я выбрала наиболее выгодный. Благодаря их помощи я приобрела квартиру в центре города. Спасибо",5,
52,Наташа Мусабаева,2023-04-08 10:40:15,Меняла привязку паспорта из за замены в 20 лет. Только зашла сразу всё сделали быстро буквально 5 минут . Было приятно быстро. И вежливо. Очень понравилось,5,
53,Самар Рахманкулов,2024-04-12 03:41:17,"Недавно я пришёл сюда, чтобы оформить карточку на работу. Здесь было немного людей, и меня обслужили за пять минут — все прошло быстро и вежливо.",5,
54,Антон,2023-08-30 06:29:52,"Филиал радует удобным расположением, стильным дизайном и современными банкоматами. Сотрудники всегда доброжелательны, с улыбкой на лице готовы помочь.",5,
55,Алекс А,2022-11-19 12:02:25,"Обслуживание на уровне, зал уютный , кресла , столики .. электронная очередь , персонал приветливый . Из минусов - не всегда есть возможность припарковать машину !",4,
56,Настя Р,2023-07-28 18:20:31,"В офисе работают приятные и вежливые сотрудники, которые всегда готовы помочь и проконсультировать по вопросам. Банковская карта и мобильное приложение тоже работают отлично, без каких-либо проблем!!",5,
57,Ольга,2022-12-20 12:19:35,Расположение этого отделения очень хорошее. Всегда можно машину припарковать и внутри тоже всё чисто и светло. Сотрудники тоже радуют.,5,
58,Дарья Гурова,2023-05-04 09:27:36,Отличное отделение банка с высококвалифицированными сотрудниками! Я обратилась в Альфа банк для оформления дебетовой карты и получила полную информацию по всем продуктам.,5,
59,Анастасия Барабанова,2024-03-22 14:13:17,"Условия обслуживания в этом банке на высоком уровне . Сервис безупречный, сотрудники приветливы и оперативны. Рекомендую !",5,
60,Людмила Ярмаченко,2024-02-08 09:08:10,"Недавно посетила Альфа банк,чтобы поменять PIN код на карте. и была приятно удивлена профессионализмом и доброжелательностью сотрудников.",5,
61,Снежана Анатольевна,2023-08-15 11:56:27,Недавно посетила офис Альфа для инвестиционной консультации. Глубокий и профессиональный совет впечатлил. Сотрудник помог разобраться в деталях и предоставил ценные рекомендации для правильного выбора.,5,
62,Полина Софьичева,2024-01-26 19:59:23,"Нужно было снять крупную сумму, и хорошо, что в обновленном отделении можно это сделать приватно, без лишних свидетелей. Даже есть доступ к машине пересчета денег.",5,
63,Жанна Р.,2022-07-18 15:26:52,"Находится в самом центре города- очень удобно, редко увидишь очередь, все операции в автоматах можно провести быстро и легко.Оборудование всегда исправно, вопросы решаются быстро.",5,
64,Лиана Суримова,2023-07-26 04:47:37,"Расположение отделения банка очень удобное, что делает доступным для всех жителей. Внутри офиса чистота и уют, что позволяет провести время в ожидании обслуживания с комфортом.",5,
65,Наталья,2022-04-16 13:08:10,"Самый гадкий банк из всех. При выдаче кредита навязывают две страховки, копеечная возвратная при досрочном погашении, а дорогая - нет. Через два дня после получения денег мой телефон оборвали звонки от мошенников, которые предлагали уменьшить сумму страховки. Что очень смутило, так это точно названная сумма страховки и, хоть и по слогам, но правильно выговорили аббревиатуру моего учреждения. Банк явно сливает информацию о заемщиках! Если кто то отчаянный решится взять кредит в Альфа - банке, пусть весь разговор со специалистом пишет на диктофон, иначе подарит кругленькую сумму. Категорически не рекомендую!",1,
66,кристина б.,2024-04-24 06:00:15,"Мне очень понравилось в этом отделении. Сотрудник решил мой вопрос быстро, и его позитивный настрой был очень приятный, поднял настроение)",5,
67,Юрий Назаров,2023-11-12 10:12:11,"Сомневаюсь, стоит ли мне вообще рассматривать другие банки в будущем, потому что здесь всё устраивает! Их приложение максимально удобное, и в нем доступны все необходимые функции.",5,
68,Артур Мощницкий,2023-12-05 11:45:26,"Ждать долго, очень. Сотрудники между собой не синхронизированы, электронная очередь не работают , живая очередь хаотична и зависит от того , кто наглее и расторопней, сотрудники работать не успевают.",1,"Здравствуйте, Артур!
Всегда стремимся помочь и предоставить качественный сервис.
В период нагрузки можем обслуживать дольше, простите.
Стараемся усовершенствовать этот процесс."
69,Анастасия Машина,2024-02-15 20:16:07,"Пришла забрать дебетовую карту, в том числе и карту МИР. Условия и кэшбэк приятно удивили. Очень довольна выбором этого качественного банка.",5,
70,Екатерина Т.,2023-08-09 05:09:42,"Персонал всегда в рабочем состоянии , менеджеры вежливы и готовы решать вопросы клиентов. Отличаться превосходное профессиональное мастерство сотрудников. Благодарю за внимание к каждому клиентскому обращению.",5,
71,вика к.,2023-12-24 17:01:54,Альфа- прекрасный выбор для кредитов и вкладов. Осталась довольна скоростью оформления кредита. Скоро уже третий.,5,
72,Евгений З.,2023-01-24 15:24:29,"Я уже несколько лет являюсь клиентом Банка и всегда был доволен обслуживанием. Никогда не бывает длинных очередей, сотрудники всегда вовремя реагируют и открывают доп окошки, если нужно. Спасибо!",5,
73,Mixail Buxalov,2024-02-07 13:16:28,"Ужасно долгое ожидание специалиста, 3 обращения - три ожидания в районе часа",1,"Здравствуйте, Михаил.
Извините, если заставили ждать 😔
Время обслуживания зависит от количества клиентов, а также от сложности вопроса. Прикладываем все усилия, чтобы сократить ожидание."
74,Алина Н.,2023-04-21 19:41:43,"У меня исключительно положительные впечатления по работе с банком.Часто пользуюсь кредиткой,нареканий в работе нет.Большое спасибо за Ввшу работу!",5,
75,Cофья Львова,2023-06-24 03:07:34,Пунктуальность и глубокое понимание дела. Я рада что в банках все еще есть такие высококлассные специалисты,5,
76,jurassic park,2023-07-14 13:15:00,"Медленное обслуживаете. Своих знакомых клиентов проводят в обход электронной очереди, чтоб не ждали. Не думал, что такое возможно в 2023 году",1,"Здравствуйте.
Простите, что заставили долго ждать. Всех клиентов принимаем в порядке очереди. 
Проверим работу коллег и будем работать быстрее."
77,Яна Юматова,2024-02-19 12:42:14,Огромная благодарность девушке-консультанту за оперативное решение проблемы с онлайн-банком. Она очень помогла.,5,
78,юленька,2023-04-08 13:46:24,"Я пришла в субботу, думала будет много народу, но ошибалась. очереди нет специалисты на месте, работают очень быстро и внимательно. документы проверяют сами, если чего то не хватает, сразу предупреждают, и помогут. Сколько раз ходила, могу сказать что персонал вежливый и добрый, всегда подскажет и поможет. Я довольна обслуживанием в Альфа банке.",5,
79,Леся Попова,2023-07-22 09:54:02,"Банк для людей. Условия прозрачные и вполне справедливые, а сотрудники как на подбор, так что меня все устраивает))",5,
80,Вероника Илларионова,2024-01-18 05:43:39,Благодаря сотруднику банка узнала о кэшбэке. Это действительно интересная опция. Большое спасибо за постоянное улучшение условий для клиентов.,5,
81,JZ,2023-08-06 19:49:46,"Обслуживание вызыввет восхищение! Персонвл проявил дружелюбие и провессионслизм. Процесс прошел быстро и результативно, делая мой визит в банк приятным и эффективным.",5,
82,Ксения В.,2023-09-07 19:17:13,"Решила получить дебетовую карту в Альфа Банке, и процесс оформления прошел очень быстро в отделении. Менеджер работал профессионально. Условия для кэшбека просты, и теперь каждый месяц я получаю его, это действительно здорово.",5,
83,Mikhail Egorov,2022-10-22 15:19:05,"Офис в новом формате. Кому как, а мне - не очень: раньше можно было приехать ко времени по записи, теперь смысл премиального обслуживания (в этом плане) потерян. Сидишь и ждёшь…
Зато очень толковые специалисты по работе с юрлицами))",4,
84,Денис Ильмашев,2022-04-23 11:50:46,"Достаточно было обращений в разные банки, но ваш банк с точки зрения клиента-орентированности - самый-самый отвратительный. С 24 февраля в мобильном приложении в чате никто не отвечает, просто робот отвечает шаблоном, что чат загружен и все. Если звонишь на горячую линию, то нужно пройти квест с глупым роботом чтобы добраться до живого человека. Вы скажете: идите в банк? А я скажу вам: в каком веке живем? Почему-то другие банки смогли сохранить штат сотрудников на чатах и сделать адекватный голосовой помощник на горячей линии. Как можно скорее закрою все продукты в вашем банке и ни кому и никогда, из своего окружения, не буду рекомендовать ваш банк.",1,
85,Елена Русинова,2022-05-18 10:42:01,"Отвратительный банк! Законсервировали личные средства на архивном счету,полгода бегаю не могу вернуть 8.500,принесла две справки от приставов ,,что ничего не должна и нет дел на исполнении,первая справка не устроила по формулировке,вторую вообще потеряли,в третий раз придётся брать справку у приставов и опять месяц ждать! Сотрудники не компетентны,посылают в разные офисы,на месте решить ничего не могут,с начала декабря бегаю по всему городу в Офисы альфа-банка и никакого результата ! Никому не советую этот банк! Г.Пермь",1,
86,Ирина О.,2022-06-12 10:59:24,"***! Не связывайтесь! И вклад тем более там не открывайте! Если обманывают в мелочах, то это говорит о ненадёжности банка. 
Ситуация моя:
На сайте привлекали внимание к своим продуктам акцией «вернём 1000 за первую покупку». Заказала карту, совершила оплату, а они условия акции отказались выполнять, сославшись на то, что акция закончилась..))) А ничего, что на момент отправки заявки на карту эта акция активно продвигалась на просторах интернета, в т.ч. И на официальном сайте банка?))",1,
87,Лилия Б.,2022-06-07 12:38:40,"Никогда не связывайтесь с этим банком! Не советую никому! Если есть выбор - делайте его не в их пользу! Списывают комиссии за переводы, при пополнении своих же карт, и нигде не оповещают! При частых операциях карты блокируют! И потом тебе надо доказать что ты сам эти операции делал! Сотрудники на встречу в урегулировании вопросов не идут! Я заплатила почти 3 тысячи за пополнения своих же карт на 140 тысяч! Я в здравом уме по их мнению бы это сделала, если бы была указана комиссия? Отвратительно!",1,
88,Александр,2021-12-31 17:52:39,"Несколько лет был доволен альфой, но по довольно агрессивному убеждению сотрудника очень неудачно вложил и потерял деньги. У меня был определенный кредит доверия к банку, кроме того, я не разбираюсь во всех тонкостях инвестирования, поэтому обратился за консультацией. Сотрудник очень настойчиво уговорил меня вложить деньги в довольно специфическое предприятие, которое, как он выразился, ""банк предлагает не всем клиентам"", гарантируя 100% высокую доходность аж до 18%. Я согласился, вложив на 3 года свои сбережения, ну и доходность оказалась в районе 1%, а вложенную сумму вернуть удалось только с неимоверным количеством усилий через несколько месяцев попыток. Да, мой косяк, что сразу не прочитал 100 страничный договор и не задал все вопросы этому сотруднику перед тем, ка подписать. Думал, хороший банк плохого не предложит. А вот он и предложил. Как результат, я потерял деньги, время, и всякую лояльность. Жаль, ведь обслуживание банка в целом было хорошим.",1,
89,Денис Панфилов,2023-11-22 16:01:59,Всё хорошо. Оперативно ответили,5,
90,Ирина Иринина,2021-11-19 18:21:02,"В банке необычная обстановка, стало как-то по домашнему, менеджер беседует с клиентом за журнальным столиком, сидим в креслах. В помещении чистота и уют. Приятное общение и все вопросы всегда решаемы. Молодцы!",5,
91,Анастасия Красножонова,2023-04-27 06:35:59,Я посетила отделение Альфа банка для получения новой кредитной карты. Сотрудники были очень вежливы и помогли мне выбрать подходящий вариант карты. Я была довольна скоростью и качеством обслуживания.,5,
92,Кира К.,2023-07-16 17:25:45,Я хочу выразить благодарность персоналу этого отделения банка за превосходное обслуживание. Все сотрудники были дружелюбными и готовыми помочь с любыми вопросами.,5,
93,Анастасия Я.,2023-04-10 15:31:28,"Спасибо большое все нравится я зарплатный клиент ,пришла получить стикер . Оказалось очень удобная штука .",5,
94,Olivia Fruit,2022-02-01 12:28:27,"Самый отвратительный банк который встречала! Техподдержка не работает, ни на один вопрос не могут ответить, говорят какими то шаблонными фразами, в которых нет ответа. При попытке выяснить что либо, просто кидают трубки даже не дослушав. А сами звонят по ночам, мне звонили в периоде с 1 до 3 ночи, причем за 10 мин 14 звонков, мне пришлось выключить телефон. Операторы очень грубые, могут сами позвонить и приказным тоном что то говорить, я спрашиваю по какому вопросу, они просят какую-то верификацию пройти все данные тип им сказать надо. за кредит могут списать по два раза за сутки и говорят что это нормально деньги вернутся в течении 3-х дней. они просто воруют и пользуются НЕЗАКОННО нашими деньгами. 3 банкомата на город миллионник, ну это вообще смешно. Не советую туда обращаться.",1,
95,Жираф,2022-05-11 12:54:44,"После заявки (по телефону) об открытии счета начали поступать еженедельные звонки о том, что счет взломан (счет не открыт), что персональные данные исправлены мошенниками и неприменно требуется заполнить анкету для рассылки банкам-партнерам....бред, но этот бред агрессивный, на том конце провода возмущаются, что я бросаю трубку и не желаю с ними заполнять никаких анкет. Получается, что этот паршивый банк сливает данные о клиентах??",1,
96,Илья Дикарёв,2023-03-18 04:58:06,"Я постоянно пользуюсь услугами этого банка. Обслуживание на высшем уровне. Сотрудники вежливые, доброжелательные. Очень легко и просто можно оформить кредит наличными. Все необходимые документы и справки предоставляют бесплатно. Процентная ставка у них доступная.",5,
97,Алина Д.,2023-05-21 19:00:43,"Появление Альфа-банка в моей жизни принесло успех. Удобный сайт позволяет увидеть всю информацию и сразу же произвести оплату. И самое главное, все быстро и без проблем. Я в восторге от работы этого банка.",5,
98,Марина К,2023-07-08 17:20:22,"Очень удобно, что не нужно стоять в очереди у окна, чтобы оплатить что-то. Все операции можно выполнить через банкоматы. Деньги зачисляются мгновенно. И если у меня возникает вопрос, всегда есть компетентный консультант рядом.",5,
99,Андрей С,2024-04-06 15:53:00,"Советую, отличный банк, благодарю.",5,
100,Мария Иванова,2023-06-14 11:36:21,"Мне, как человеку, не очень разбирающемуся в банковской системе, было очень комфортно. Отделение максимально ориентировано на клиентов, все происходит четко и быстро.",5,
101,Alex,2023-09-28 15:37:18,"Более года пользуюсь кредитной картой от Альфа-банка, и у меня нет никаких нареканий. Все условия соответствуют тому, что было обещано при оформлении. Сайт и мобильное приложение работают стабильно и удобно.",5,
102,Алёна Лимонова,2023-04-08 06:45:41,"Прекрасный салон, быстро и качественно обслужили. Осталось довольна.",5,
103,Andrei Suiatin,2022-07-06 17:25:31,"Я давно не был в Альфа банке и когда попал сюда, решил, что попал в отделение Премиум. Оказалось нет, самое обычное отделение! Мне понравилась сама концепция, когда специалист с ноутбуком подходит к тебе за столик и решает все твои проблемы. Подумываю о том, чтоб стать клиентом!",5,
104,Степан Нефедов,2022-05-19 17:17:07,"Банк на сегодняшний день самый удобный и как мне кажется самый лояльный по отношению к своим клиентам. Очень удобное мобильное приложение у банка, банкоматы есть в крупных ТЦ. Давно являюсь клиентом банка и пока что лучшего банка, чем Альфа для себя не нашёл.",5,
105,Михаил,2023-06-20 16:23:05,"В последнее время у меня возникают проблемы со снятием денег в банкоматах других банков, всегда получал отказ. Поэтому по совету друзей я решил снять деньги здесь. Обслуживание было быстрым, четким, без очередей. Персонал был вежливым и учтивым. Отлично распложен офис, и есть бесплатный Wi-fi.",5,
106,Алёна Ф.,2023-06-18 10:44:16,"Все банковские услуги доступны в одном месте: деньги, карты, кредиты, вклады, переводы, платежи и ипотека. Банк всегда находит индивидуальный подход и рассматривает заявки быстро. Никогда не приходилось ждать в очередях.",5,
107,Урара,2022-06-08 02:44:29,"Пришел сотрудник банка в гос учреждение, ничего не рассказав,не предложив,оставила контакты,где указано,что если что то интересно- пишите,вот номер. Решила узнать насколько выгодны их продукты в сравнении с теми,что на сайте анонсируют и мне третий день никто не отвечает.
Интересный банк",1,
108,Сергей Иващенко,2024-03-11 19:08:19,"Сделал себе дебетовую карту по рекомендации друга и получил денежный бонус. Оформление прошло быстро и без проблем, что меня порадовало.",5,
109,Максим Ш.,2022-07-16 18:03:50,Всё вежливо и быстро. Вообще Альфа удивила своим обслуживанием: в зале за столиком и с чашкой кофе) минут за пять решил все свои вопросы. Так держать!,5,
110,Максим А.,2023-05-05 18:31:45,"Был тут утром вчера,мне в принципе все понравилось. Идеальная чистота,спокойная рабочая обстановка. Люди работают дружелюбные,что редкость для банков",5,
111,Мария Петухова,2023-07-14 00:32:30,"Я уже давно оформила свой бизнес в Альфа банке. Здесь предоставляется широкий выбор дополнительных услуг, включая бесплатную бухгалтерию. Банк стал незаменимым помощником в моем предприятии.",5,
112,Юлия,2022-03-31 10:24:00,"Вокзала - вокзалом!! Бегают с ноутбукам - где найдут место - там и сядут не заботясь, что кто из-за спины видит информацию((, могут чуть ли ни у входа сесть, вместо номера на табло имена (Вася З, Маша К и т.д.)- мне вот совсем не хочется, что бы где-то мое имя светилось. Мне повезло ожидать в кресле возле туалета, сотрудники так и сновали",1,
113,Андрей Ф.,2022-09-14 09:55:52,Не верьте продуктам этого банка ! Особенно кредиткам с подписью год без процентов это чистой воды схема что бы вы остались должны выиграть в неё не реально ! 😀 я больше не когда не буду пользоваться продуктами этого банка !,1,
114,Нурия Абдулова,2023-09-08 17:33:33,"В последнее мое посещение мне очень не понравилось обслуживание,прямо унизительно...",3,"Здравствуйте, Нурия.
Расскажите подробнее, что именно не понравилось в обслуживании."
115,Артём Титов,2023-03-14 15:01:35,Отличный сервис в отделении альфа банка. Работники были очень дружелюбными и готовыми помочь мне в любое время. Я получила множество советов и рекомендаций от профессионалов.,5,
116,Ирина Ф.,2024-01-14 16:13:38,Отличные новые отделения. Сделка по ипотеке на дом заняла всего час или полтора. Восхищена!,5,
117,Иван Ем,2023-09-11 23:03:34,"Перейдя в Альфа-банк, моя жизнь стала намного проще. Здесь любой вопрос решается оперативно, будь то в отделении банка или через техническую поддержку. Я настоятельно рекомендую этот банк!",5,
118,Марина Гвоздева,2024-01-29 17:28:55,"Мне нужно было обновить паспортные данные в банке. Пришла в отделение, растерялась, но менеджер помог вместе решить за 10 минут.",5,
119,Александр Коротаев,2022-09-09 10:15:33,"Счётом не пользовался несколько лет, затем кто-то через СБП отправил 1000₽, в итоге механизм заработал и начал списывать (в минус) по 3000₽ в месяц за обслуживание пакета)) Сотрудники вопрос решить не могут.",1,
120,Виктор кузнецов,2022-05-07 17:23:17,"Вроде всё хорошо уютно, нр сотрудников не хватает. Нвроду передо ной было немного, но ждать пришлось долго, хотя бы на рисепшене поставили бы кофейный аппарат. Когда приезжаешь в офис после работы, кофе бы не помешало.",4,
121,Denis K.,2024-01-18 04:15:59,"Красивый офис, отличные сотрудники, отличный % по вкладам и кэшбэк по карте!",5,
122,Ксения М.,2023-04-30 16:03:04,"Обращались в данный отдел альфы по вопросу ипотеки. Понравилось, что всё оформили за 1 день, хотя изначально говорили, что займёт около недели. Также понравился банк тем , что он не навязывает страховку, а даёт возможность выбрать вариант страхования из предложенных.",5,
123,Марина Гребёнкина,2023-06-16 17:52:10,"Я уже давно пользуюсь услугами этого банка. Я считаю, что у них самое лучшее отношение к клиентам. Многие мои знакомые часто жалуются на работу банков, через которые получают зарплату, но у меня никогда не было проблем с этим.",5,
124,Сергей Д.,2024-02-16 14:33:49,Обслуживание на высшем уровне!,5,
125,Наталья Т.,2023-07-30 17:29:21,"Последний год моя бухгалтерия находится в Альфа банке. Несмотря на то, что я далека от бухгалтерии оказалось, что разобраться с этой темой гораздо проще, чем я думала. Большое спасибо банку за понятный сервис",5,
126,Ирина Рудер,2021-04-30 12:36:09,"С удовольствием посещаю этот офис. Персонал внимательный и приветливый. Разъяснят любой вопрос. Я во многих банковских вопросах ""чайник"", но сотрудники ни разу мне не отказали в помощи, отнеслись с пониманием. Кроме того, приятно пользоваться альфа-картой с преимуществами - за покупки мне возвращается 1,5%. Вроде мелочь, а мне пенсионеру приятно!",5,
127,Аля Ф.,2023-05-19 19:32:20,"Слышала о картах с интересным дизайном в рекламах, но не обратила внимания, что это Альфа банк. Мне также рассказали о дополнительных преимуществах этой карты - кэшбэк приятно удивляет.",5,
128,Ольга Морозова,2023-05-01 17:28:27,"Хорошее обслуживание, вежливый, профессиональный персонал",5,
129,Виктория Колобова,2023-04-17 13:19:45,"Я была удивлена качеством обслуживания в этом отделении Альфа банка. Сотрудники были дружелюбны и готовы ответить на все мои вопросы, а обстановка в отделении создавала ощущение комфорта и уюта.",5,
130,Арсений,2023-10-12 16:44:00,"Вежливые сотрудники, удобное место ожидая .",5,
131,Алексей Макаров,2023-07-22 18:52:01,"Оформил несколько дебетовых карт дистанционно. Одну использую как личную копилку,а другую регулярно применяю для оплаты покупок. В этом месяце с помощью кешбека приобрел резину для машины!",5,
132,Евгений Касимов,2023-05-08 11:20:58,"хорошее заведение, удобное место и приятные сотрудники",5,
133,Анюта,2023-03-10 14:54:51,"Не знаю почему вообще встречаю негативные отзывы. Я знаю как минимум несколько человек, которых все устраивает. Существует много филиалов,такие как этот, где, как и мне, вам могут помочь в появившихся проблемах в использовании картой или в недопониманиях договора.",5,
134,Татьяна,2023-07-28 15:07:36,"Приятное пространство, вежливые консультанты",5,
135,Ксения Денисова,2023-12-08 13:15:28,очень долгое обслуживание,1,"Здравствуйте, Ксения.
Всегда стараемся решать вопросы, как можно быстрее.
В некоторых случаях требуется больше времени, чем обычно. На это влияет вопрос клиента. Иногда может быть очередь. Простите, что заставили ждать."
136,Зиля,2023-05-09 12:17:21,"Просто прекрасный банк! и в первую очередь благодаря грамотным сотрудникам. Все расскажут, покажут, посоветуют самое оптимальное решение.",5,
137,Никита Петрушкин,2024-04-10 09:05:43,"Отделение комфортное и оперативное, я не могу найти никаких нареканий.",5,
138,Аня Коновалова,2021-11-23 05:25:51,"Светлое и современное помещение, компетентные сотрудники. Очень понравилось. Сервис - про это место, здесь он действительно присутствует на отличном уровне.",5,
139,Дмитрий Безуглов,2024-04-17 09:55:53,"Рекомендую Альфа банк как надёжного финансового партнёра.
Уже 3 года доверяю средства этому банку.",5,
140,Т,2023-04-27 13:09:01,"Время ожидания не долгое,поэтому решили вопрос в краткие сроки,вопрос был решен качественно!
Отлично Альфа,так держать,вы супер!",5,
141,Светлана Арапова,2022-05-02 12:54:56,"Отвратительный банк , поменял условия пользования карты без ведома и согласия клиента , отказали в принятии претензии сказали вам это не поможет , не пользуйтесь данным банком , ведь в любой момент они вас обманут и подведут",1,
142,Алексей Т.,2023-06-26 12:48:19,Хорошее отделение . Особенно формат как в бизнес зале.,5,
143,Сергей Долганов,2024-02-15 14:04:50,Идеальное обслуживание,5,
144,Эльвира Заретдинова,2023-03-30 15:50:59,"Отличный процент по накопительному счету. Открыла пол года назад и жалею только о том, что не сделала это раньше, потому что до этого просто хранила деньги на отдельной карте, а тут и деньги и хороший процент на них.",5,
145,Катерина К,2021-07-21 10:23:51,"В прошлом году открывала два счета в Альфе, обслужили быстро, вежливо, в очереди долго не ожидала. Достаточно удобное приложение для владельцев карт, понравилось быть клиентом. В этом году счета закрыла, также очень быстро и без проблем.",5,
146,Сергей Князев,2023-11-13 04:08:53,Закрыли счет за пару минут,5,
147,Александр В.,2021-05-10 09:43:31,"Решил в марте 2021г по акции ""Приведи друга"" подарить банку ещё одного клиента, свою маму. Мама зашла по реферальной ссылке, сгенерированной в моем личном кабинете приложения банка в конце марта. 
На дворе конец апреля, бонусов нет. Сделал запрос в начале мая. Спросили доказательства, дату регистрации, ФИО друга и пообещали к 10 мая переставить отчёт. 10 мая пишу в чат банка. На меня как на чужого смотрят и никакой заявки не видят, опять просят доказательства.
Странно, что на рекламном постере никаких доп.условий для получения бонусов не указано. Странно, что и разбираясь с моим вопросом, т очень часто две операторы перекладывают решение вопроса боту. Но что совсем нехорошо, на сайте банка нет возможности оставить обратную связь. Банку все равно. Мы нужны банк для другого. Это низко, тем более от банка такого уровня. Ловите еденичку в свой рейтинг.",1,
148,Елена Б.,2023-06-22 10:32:50,"Обслуживание быстрое, и доступное и без очередей.Практически нет очередей,особенно в кассе где я постоянно обслуживаюсь.",5,
149,Alena chi,2023-03-03 13:46:34,"Являюсь клиентом альфы уже второй год. Хочется отметить какую то невероятную поддержку клиентов. Причем куда бы я не обратилась, в отделение банка или в чат в приложении, да даже по горячей линии связываются быстро и решают все вопросы.",5,
150,Ольга Меркулова,2023-05-16 16:55:00,"Сотрудники банка всегда полностью выполняют свои задачи. Я должна отметить, что я еще никогда не жаловалась на качество обслуживания, и это очень хороший показатель.",5,
151,Uncia,2022-04-21 12:46:18,"Отвратительный сервис. 
До техподдержки не дозвониться, в чате в приложении не связаться. 
Уже неделю не работаю push уведомления, саппорт ни как не реагирует и просто скидывают и закрывают обращения",1,
152,Таисия Новикова,2023-04-10 19:31:52,"Решила зайти написать похвалить сотрудников банка за компетентность, оперативность и адекватное общение по любым вопросам. Банк с таким персоналом заслуживает доверия!",5,
153,Алина Галимзянова,2023-01-20 10:06:32,"Очень довольна работой этого банка.Спасибо большое!Рекомендую как и сам банк ,так и его отделения.",5,
154,Сергей,2023-01-20 14:28:34,"Нарушают ФЗ о должниках, операторы не работают с одним ПО, без преувеличения больше 50 разным операторам рассказывал одно и то же, но вопрос так и не решили


В офисах одна и та же песня, что приходите в будни. Приходишь в будний день, отказывают в обслуживании, потому что уже позже 18, но никто не предупреждал..",1,
155,Kristina.laifff,2023-03-16 13:57:22,"Операторы всегда подскажут, на все вопросы ответят и помогут! Побольше бы таких отделений в городе!
Спасибо за работу",5,
156,Екатерина З.,2020-11-20 06:18:01,"Приятное новое отделение! 19.11.20 3 сотрудника. Решили проблему быстро,качественно, помогли, подсказали.альфа банку огромная благодарность за очень оперативное реагирование и блокировку при мошенничестве с картами, деньги остались в сохранности! А также за оперативное положительное решение по возврату комиссии! Альфа банк вы супер! Спасибо!",5,
157,Елена П.,2023-04-11 04:10:11,"Сотрудник вежливые , быстро решили все мои вопросы !",5,
158,Анна Ф.,2023-08-02 10:09:40,Только два менеджера обслуживают на такой большой банк!,2,"Здравствуйте, Анна.
Учтём ваше замечание."
159,Акоп Аракелян,2023-11-29 08:41:59,Грубый персонал..,1,
160,наталья Вячеславовна,2023-06-29 05:20:22,"В отделении работают замечательные профессионалы! Они внимательные и вежливые, спасибо им за это!",5,
161,Валерий Ким,2022-03-11 09:55:12,"Удобно расположен, банкоматов несколько, так что очередей особо и нет. Супер, что и ночью работает",5,
162,Лунин Владимир,2023-07-14 15:29:58,"Слишком долгое обслуживание, не смогли решить проблему",3,"Здравствуйте.
Всегда стараемся решать вопросы, как можно быстрее. Какой вопрос не удалось решить?"
163,Сергей Чистин,2024-03-17 14:12:45,Все понравилось,4,
164,Евгений Чернов,2021-09-20 15:09:13,"Все, кому приходит смс,что кредит одобрен под ставку 11-12 процентов, не верьте! Эта ставка со страховками, о которых в смс уведомлении ни слова, хотя пишут, что кредит одобрен (враньё), в банке менеджер сказала, что это предварительное одобрение. В Альфа банк больше ни ногой! Одна звезда только за удобные диванчики",1,
165,Михаил Д,2023-07-09 05:31:57,Не удобый банк.отношение к клиентам внимательное,3,"Здравствуйте, Михаил. 
Подскажите, что стало причиной такой оценки?"
166,Efrizzera .,2023-04-07 15:33:40,"Очень уютный и удобный зал, сотрудники вежливые и готовы ответить на любой вопрос",5,
167,Алесксандр Постромкин,2022-05-11 14:49:47,"Новый формат банка лично меня порадовал, думаю что в час пик там не протолкнуться, но в рабочее время просто супер, а не банк.",5,
168,Ирина Цикина,2023-02-16 01:11:07,"Пространство оформлено современно, не привычно для банка",5,
169,Александр Головин,2022-08-04 17:57:33,Все отлично. Персонал обставляет приятные впечатления,5,
170,Надежда Ч.,2022-09-02 05:46:44,"Самый худший банк и менеджер Ольга вообще пустое место, ленивая, не компетентная, не сдумайте с ней работать",5,
171,Екатерина Ужегова,2022-08-05 07:56:22,"...иногда говорят одно,а на деле происходит совсем другое..))С УДОВОЛЬСТВИЕМ прекратила бы всякие отношения..)))",2,
172,Яна Светлова,2022-04-20 16:42:22,"Чисто чтоб деньги снять, а если говорить про персонал то хорошие объясняют все что нужно главное слушать их предложения)",5,
173,Серж Точный,2023-03-08 15:34:33,После очень крутой консультации сотрудника этого отделения я решился открыть вклад в альфе. И не пожалел! Условия у них и правда вкусные,5,
174,Наталья Сырцова,2022-10-16 15:01:10,"Очень долго длится ремонт фасадов.Заходишьв банк,как в избушку.Вход и проход из досок",4,
175,Даниил Кетовский,2022-05-30 10:58:38,"Нет слов после того как санкции на альфу повлияли, на контакт специалисты перестали идти, рейтинг доверия опустился",2,
176,Roza Vasileva,2022-04-14 17:18:07,"Медленно работают, долго ждали одобрения ипотеки, в итоге побрили и послали нахрен. Не рекомендую ни в коем случае. Зря только потратили время",1,
177,Андрей Т,2023-03-19 11:59:21,Персонал просто ужас . Не чего не могут внятно объяснить . Ужас,2,
178,disarios,2022-04-29 02:21:40,"Хорошее и удобное обслуживание, неадекватные посетители которые сами ничего не хотят кроме того как орать и мешать людям работать",5,
179,Елена,2022-12-29 09:22:10,"Нормальное обслуживание, но долгое ожидание, кредиты не навязывают",4,
180,Иван,2022-04-15 18:05:25,"Самый дырявый банк в мире, деньги списывает просто так, и не один сотрудник не может объяснить как такое может быть и почему.",1,
181,S.R.Gru,2021-04-03 12:13:32,"Нарушения ФЗ о работе с должниками. Названивает по 20-30 раз в день как клиенту, так и третьим лицам из списка контактов, когда активирована функция быстрых платежей в приложении. И даже после выполнения клиентом всех обязательств по договору. Альфа террор в действии.",1,
182,Мария,2023-02-14 05:26:47,Очень удобный офис. Сотрудники супер,5,
183,Алия Шарафутдинова,2023-10-27 21:00:37,"Здесь я как будто не просто клиент, а часть большой и дружной семьи.",5,
184,Светлана Х.,2023-03-12 11:49:17,"Не ожидала, что получу ответ на свой вопрос в течении 10 минут. Спасибо! Очень довольна работой сотрудников и банка в целом.",5,
185,первов,2022-02-15 13:36:47,"Быстрое обслуживание, быстрое решение запроса, хороший банк.",5,
186,vic,2022-12-26 11:13:23,Не нравится система приема клиентов. Со стойкой было лучше,3,
187,Даша Доронина,2022-05-05 09:00:25,"Недавно обращалась в данный офис. Быстро решили мою проблему, подробно ответили на все вопросы. Обстановка дружелюбная, доверительная",5,
188,Речная,2021-06-21 10:24:24,"Отвратительно, некорректная работа по моргенштернски !!!не дозвониться, и НЕ 🥲берите кредитные карты!!!! Без моего ведома на карте увеличили сумму на 22000!!! Без уведомления и дозвониться я не могу чтобы отказаться!!!",1,
189,NAS,2022-01-12 16:24:55,"Всё хорошо, если бы не но... Ваша карта готова, приходите получайте. Пришла. А надо ещё один документ... 😡 А сразу нельзя сказать???!!!",3,
190,Денис Сопегин,2022-05-27 13:47:28,Хорошее отделение. Комфортно. Внутри - больше чем снаружи.,4,
191,Светлана,2021-03-12 10:49:43,"Сегодня обратилась в отделение для распечатки квитанции за оплату ЖКХ через личный кабинет, всегда пользуюсь компьютером банка, т к нет дома принтера, а бумажная квитанция необходима. и получила отказ от молодого человека сотрудника банка, ситуация мне не понятная. зачем то попросил мой паспорт, нигде и никогда такой ситуации не возникало. чтоб зайти в свой личный кабинет по логину и паролю с СМС оповещением нужно предъявить паспорт, которого у меня не оказалось, а время я потратила зря, пришлось обратиться в другое отделение, где благополучно все сделала. Молодой человек был занят другим посетителем, но за чем то обратился ко мне не решив вопрос с другим человеком и мой вопрос не решил, я и сама всегда распечатываю, компьютер в свободном доступе",1,
192,Валерий Верзун,2022-05-01 15:02:04,"Очень приветливые , внимательные к нам клиентам коллектив Альфа банк",5,
193,Петр Кудряшов,2022-03-09 18:01:19,"Очень дружелюбный и терпеливый персонал. Сразу видно, что знают своё дело.",5,
194,Олег Рус,2022-09-09 13:30:00,Отвратительный банк не чего не делают потратил на них свое время не рекомендую,1,
195,Анна Федотова,2023-03-07 15:54:36,Очень понравилось обслуживание,5,
196,Дмитрий Star,2021-11-26 08:08:55,"Не рекомендую банк как по кредитным картам, так и вообще, дерут в 10 шкур, ещё при закрытия счета денег сдирают! 
Скотское отношение…",1,
197,Константин Шиков,2021-09-12 08:51:12,"Заказал справку, обещали сделать через месяц, так как большая очередь на такие справки. В итоге прошло два месяца, так никто и не перезвонил.",2,
198,Мария,2023-04-01 16:51:38,Очень крутой офис,5,
199,Олег Чудинов,2022-05-18 02:34:11,"Быстрое обслуживание, интересный дизайн отделения.",5,
200,Андрей о.,2021-11-24 08:19:12,"Банк острой обманывают людей оператор телефон оросает говорят мы не можем и не знаем ,что делать просто лажа а не банк.",1,
201,olga pavlova,2022-10-29 16:43:38,Супер стильно и комфортно👍🏻,5,
202,Мария П,2022-06-07 14:35:13,"Хороший офис, удобное месторасположение",5,
203,Пермяк,2020-02-26 15:22:20,"Отличное новое отделение, очередей нет, обслуживают быстро и качественно, приятные девчонки, всегда улыбаются. Люблю именно это отделение за это",5,
204,Евгений С.,2020-02-14 16:36:59,"Очень рад, что банк вновь открыл отделение на Комсомольском проспекте. Персонал компетентный и доброжелательный. Пожелание - круглосуточная работа банкомата, как в Колизее.",5,
205,Ольга Норина,2023-03-13 14:06:52,"Побольше бы таких банков, где не надо бегать по офисам и искать где взять денег.",5,
206,светлана рогачева,2020-10-14 13:30:26,"Очень медленное обслуживание. Персонал между собой"" грызется"". Нарушается режим масок и персоналом и клиентами. 40 минут в ожидании, пришлось уйти, не дождавшись приема, не решив вопроса.",1,
207,Владимир Бушмакин,2022-06-18 13:51:25,"Нормальный банк, не хуже и не лучше других банков.",4,
208,Olga Loyko,2022-04-06 05:46:21,Без предупреждения изменили условия снятия наличных с кредитной карты,1,
209,светлана карпова,2022-07-03 15:58:11,"Неуютно,как на вокзале,а не в отделении банка",3,
210,Андрей,2022-05-23 16:06:03,банк нового формата. современно,5,
211,Марина Хохлова,2020-02-08 12:29:40,"Ужас!!! Приехала из другого города за карточкой, обычной дебетовой карточкой, а мне сказали, что она находится в банке, но её не будут выдавать!!! Оператор до этого даже не предупредила, что такое может быть!!! Ужасное обслуживание, странный банк.",1,
212,Елена Л.,2019-03-01 14:56:29,"Деньги с вклада без предоставления справок об их происхождении выдавать отказываются, сумма небольшая причем, менее 1200000. Делала заказ за 2 дня, сегодня позвонила девушка сотрудник -деньги меня ждут - но без справок не выдадут. А если сумма из разных источников и надо месяц ждать справки, это им как раз и надо- крутить Ваши деньги в своих интересах без % или под супер низким %. Отпишусь чем закончится дело и получится ли забрать деньги",1,
213,Сергей Емельянов,2019-06-08 17:29:03,"Пришёл получить дебетовую карту (зарплатную),приехал из другого города,а оказалось что мне отказанно в этом службой безопастности,в чём мне перед поездкой когда я звонил на горячую линию не сказали... в итоге время потрачено,средства потрачены,остался очень неудовлетворённым от их обслуживания... Пусть будет это последний банк,больше в Альфу не обращюсь...",1,
214,Александр Кучкин,2021-10-29 06:10:33,"""Вы не успели положить деньги, мы их уже сняли"" девиз альфабанка",1,
215,Фрэнк Зиберт,2022-07-21 16:41:37,Всё на высшем уровне,5,
216,Татьяна,2021-03-29 06:29:25,"Быстрое обслуживание ,мало народу , приятные менеджеры",5,
217,Федор Борисов,2022-05-04 14:44:24,Был но все проблемы не решили,4,
218,Андрей Соснин,2022-05-16 17:27:50,"Не мгновенно, но вопросы решают.",5,
219,Никита Роготнев,2022-09-02 09:03:20,Пустой ресепшен,1,
220,Павел Д.,2021-12-29 11:53:27,Заказал карту через интернет мне её не дали,1,
221,Елена,2021-06-19 12:35:36,Очень удобный и продуманный офис,5,
222,Александр Кабаев,2020-06-03 14:03:12,"Спасибо специалистам, помогли быстро с оформлением документов и бизнес картой.",5,
223,Валерт Набак,2020-04-30 12:52:37,Нормальное отделение банка банкоматы работают круглосуточно персонал вежливый,4,
224,Павел Голяков,2022-06-06 15:20:34,Хороший офис,4,
225,Алекс Б,2022-06-15 12:13:20,Отличный банк,5,
226,Эдуард Лубов,2020-10-04 08:15:18,"Понравилось обслуживание, ждать не пришлось, операторы были вежливыми",5,
227,Екатерина Юшина,2019-04-02 04:00:54,"Офис приятен! Вежливые, внимательные сотрудники, всегда рады помочь в решении вопроса",5,
228,Муртаза Абляз,2020-06-14 09:31:20,Пользуюсь услугами достаточно давно. Претензий к работе и обслуживанию нет.,5,
229,Иван Ершов,2021-03-25 11:07:50,Вежливое обслуживание. Без очередей.,5,
230,Диана Н.,2017-12-04 08:11:17,"Отвратительное обслуживание. Заказала карту через интернет. Дебетовую с кешбеком. Пришла смс, что карта уже в офисе в Перми на Комсомольском проспекте 60. Пришли с мужем туда. Ни на какие вопросы нам не отвечали, сказали еще заполнить анкету и в течение дня позвонят. Прошло 2 недели и никаких звонков. Просто отвратительное отношение",1,
231,Александр Р.,2021-03-13 12:43:42,Открыт хорошо и классно что 24 часа.,5,
232,f3830,2021-07-12 15:02:13,отвратительное обслуживание,1,
233,Макс Да,2022-06-16 18:39:20,Удобнееько,5,
234,Дмитрий Г.,2019-07-31 14:24:33,"Отзывчивые сотрудники, было бы лучше если бы проявляли инициативу.",4,
235,saniaperm2017,2021-11-16 11:22:15,Для меня самый удобный банк,5,
236,Семён Викторович,2019-02-20 05:29:07,"Чистый офис, организована электронная очередь, сотрудники внимательны к посетителям. Из минусов - парковки нет.",4,
237,Мастер ключей,2020-04-29 09:38:15,Сейчас для меня менее удобно,5,
238,килунин евгени,2021-10-04 15:19:37,Нормально,1,
239,михаил,2020-09-24 14:15:20,обслуживанием доволен,3,
240,Dead Artist,2019-08-10 13:18:40,"Всё хорошо, быстрое обслуживание",5,
241,Сергей Мишуков,2021-09-30 17:19:19,Все ок,5,
242,Сергей Голубков,2020-03-06 08:12:35,"Прекрасное отношение к клиентам,",5,
243,Денис Русинов,2021-04-25 17:37:06,Отлично,5,
244,OrinBoid,2020-02-28 07:41:01,Грамотные консультанты,5,
245,тимур ямгуров,2020-07-03 11:44:01,Обычный Альфабанк,5,
246,Friman,2022-05-05 16:29:57,Норм,5,
247,Мария Ремнёва,2020-01-11 11:49:29,Быстрое обслуживание,5,
248,Alex D.,2018-05-07 12:01:38,Долго упирались прежде чем отдать карту)),4,
249,ИП Степанова,2018-06-14 09:24:41,Спасибо.Хорошее обслуживание.,5,
250,Анастасия,2018-05-06 10:48:23,Для 2018 года слишком убого.,3,
