,name,date,text,stars,answer
0,Алиска Пономарева,2024-03-21 18:44:43,"Дизайн лаконичный, неброский, внутри и снаружи чисто, удобный вход, с коляской зашла без проблем. Персонал приветливый и вежливый, обходительный, знает как решить любую проблему. К моему менеджеру даже другие подходили за помощью в какой-то ситуации, видимо я попала к старшему.",5,
1,Светлана Гагарина,2024-03-12 12:32:48,"Компетентность персонала не подвергается сомнению. Удобное расположение, понятные и простые рекомендации. Все обслуживание быстрое, современный подход к работе с людьми. Приятно)",5,
2,Влад Жуков,2023-12-21 14:51:08,"Забирал в этом отделении Альфа-стикер. Обслужили быстро, без очередей, все грамотно и оперативно. Спасибо менеджеру, проконсультировал по правильной активации",5,
3,Тимофей Шамаев,2024-01-15 14:04:25,"Расположение отделения очень удобное, всё находится в одном месте, включая банкоматы. Профессиональный персонал и в целом положительные впечатления.",5,
4,Фердинанд Т.,2024-04-12 13:54:22,"Забирал в отделении новую карту после блокировки старой. На удивление вся процедура заняла не больше 15 минут — это с учетом, что мне нужно было активировать карту, разобраться с другими счетами и с остатком денег на них. Вобщем, супер отделение, оперативное обслуживание, я доволен как слон)",5,
5,Кристина Ермакова,2024-02-26 13:50:52,Милые и приветливые работники тут работают. Помогли мне грамотные специалисты быстро оформить перевыпуск дебетовой карты. Не пришлось долго ждать пока на тебя обратят внимание. Сотрудница при входе сразу сориентировала,5,
6,Настя Глебова,2024-02-27 12:11:01,Милые и приветливые работники тут работают. Помогли мне грамотно быстро оформить перевыпуск дебетовой карты. Не пришлось долго ждать пока на тебя обратят внимание. Сотрудница при входе сразу сориентировала,5,
7,Саша К,2023-11-29 17:35:39,"Всегда боялась держать деньги на карте, часто слышала, что у людей *** снимают их, но с Альфа-банком об этом можно не беспокоиться - во-первых можно приобрести страховку на этот случай, а во-вторых можно просто установить лимит переводов.",5,
8,Егор Восточный,2023-12-10 13:31:47,"Отделение Альфа банка, которое я посещал несколько раз, работает на высшем уровне. Профессиональные и отзывчивые сотрудники готовы помочь с любыми вопросами.",5,
9,Андрей я,2023-12-02 07:46:56,"Сотрудники отделения ввели в заблуждение, обещая помочь с получение вознаграждения по акции ""приведи друга"". Друга привели, а денег за него отказались платить. Причём обманывают пенсионеров! Сам банк нравится, но такое отношение к людям и обман в этом отделении вызывает исключительно негативное впечатление",1,"Андрей, здравствуйте. 

Простите нас за ситуацию. Расскажите подробнее, что случилось? Разберёмся и поможем."
10,Руслан Останин,2024-01-24 16:51:52,"При открытии накопительного счета, не встретили никаких проблем, банк практически делает все за нас. В приложении легкое отслеживать, там же и перечисляем деньги с других счетов, удобно и просто.",5,
11,Алексей,2023-11-25 11:28:52,Альфа-банк-отличный выбор для надежности удобства. Профессиональное обслуживание и скорость решения вопросов.,5,
12,Максим Новиков,2024-01-29 13:59:30,"Очень нравится, что многое можно сделать даже не выходя из дома. пятиминутный вопрос решается реально за пять минут, и не нужно даже стоять в очереди)",5,
13,Маша Соколова,2024-01-10 10:08:14,"Спасибо вам за доступность сделать многое даже не выходя из дома. пятиминутный вопрос решается реально за 5 минут, и не нужно даже стоять в очереди)",5,
14,Ярослав Никитин,2023-11-24 15:39:31,"Отличное место, консультанты очень вежливые и отлично все объясняют лично от меня 10/10",5,
15,Наталия Крымова,2023-09-21 08:43:54,"Решила получить дебетовую карту в данном офисе.. По времени просидела в очереди более 30 минут. По карте специалист ничего не рассказал, что за карта, какой процент..В итоге карта не работает, при наличии денег на ней оплата не проходила, переписка с сотрудниками чата в течени 5 часов не смогли решить проблему, перекидывали с одного на другого..дозвонится до тех поддержки тоже не смогла.. Очень разочарована в работе сотрудников данного отделения и чата..хотелось бы более компетентых специалистов а не пойми кого..",1,"Здравствуйте, Наталия!

Давайте вместе во всём разберёмся.
Напишите нам на почту smm@alfabank.ru ваши ФИО и дату рождения, а также прикрепите ссылку или скриншот на ваш комментарий."
16,Руслан Миронов,2023-12-20 10:52:09,"Для всех, кто сомневается напишу - банк реально классный, продукты годные, да и такое облуживание мало где можно найти",5,
17,Ойбек Иралиев,2023-05-15 13:09:39,"Я с уверенностью рекомендую данное отделение Альфа-Банка всем, кто ищет надежное и удобное место для своих финансовых операций. Оно отличается удобным расположением, профессиональным персоналом и отсутствием длительных очередей, что является явным преимуществом по сравнению с другими банками.",5,
18,Инкогнито 6003,2023-05-15 12:33:44,"Отделение Альфа-Банка, которое находится рядом с метро Университет, является отличным местом для обслуживания клиентов. Его удобное расположение позволяет добраться до него всего за несколько минут пешком.",5,
19,Анатолий Федотов,2024-01-23 16:21:12,"Решил переоформить карту на другой тариф, все заняло в общей сложности четыре дня. Заявка подавалась через сайт, наверное это тоже повлияло на скорость.",5,
20,Ксения Вотякова,2024-02-26 15:24:20,"Благодаря кэшбеку от Альфа Банка, я смогла сэкономить на путешествиях и отдыхе. Это было очень приятно.",5,
21,Дарья П.,2024-02-12 17:13:04,"Уже три года храню деньги на сберегательном счету Альфа-банке . Приложение удобно в использовании, условия вклада полностью устраивают .",5,
22,Мария Р.,2023-11-26 18:07:37,"Банк всегда внимательно относится к нашим потребностям . Мы, пожилые люди, можем быть уверены в безопасности и надежности.",5,
23,Виктор Силин,2023-09-06 07:21:25,"Очень удобная кредитная карта, обычно совершаю по ней большие покупки, так как предложение по кешбеку тут выгодное, спасибо за классный продукт)",5,
24,Алла Мужинина,2023-12-02 19:58:15,"Быстро, четко и по делу. Решили вопрос, подсказали, помогли. Спасибо!",5,
25,Матвей Савельев,2023-11-29 14:56:08,"Благодаря банку, у меня всегда есть доступ к финансам. Они нацелены на удобство клиентов, особенно для пенсионеров.",5,
26,Екатерина К.,2024-01-25 14:39:00,"Решила воспользоваться выгодной ставкой и открыла вклад. Сотрудники оказались выше всяких похвал - оперативно и профессионально. Банк стремится к высокому уровню обслуживания , и я этому рада.",5,
27,Anna Abramenkova,2024-01-31 17:11:32,"Обслуживание всегда своевременное и профессиональное, с индивидуальным подходом к каждому клиенту. Возможность оплаты штрафов, налогов и других операций в любой точке страны - большое удобство.",5,
28,E.Katerina-1987,2023-11-21 00:06:09,"В этом офисе меня встретила приятная атмосфера. Никто не суетится, не грубит. Даже к дотошным бабушкам относятся с пониманием.",5,
29,Ольга Баранова,2024-01-23 15:28:40,"У банка надежная поддержка. Помогут советом и выручат в черезвычайной ситуации, с такой поддержкой и ни в какое отделение ходить не нужно",5,
30,Берта Агапова,2023-07-31 05:11:01,"Удобно что по многим вопросам можно обратиться в поддержку банка, решают вопросы оперативно и на все 100%, поэтому иногда даже отпадает нужда в посещении отделения.",5,
31,Елена Некрасова,2023-08-18 16:08:20,"Рекомендую Альфа Банк всем, кто столкнулся с покупкой недвижимости. Подали заявку, и практически сразу получили положительный ответ. Огромная благодарность менеджеру банка за грамотный подход в ипотечном кредитовании!",5,
32,Марина М.,2024-04-07 07:40:26,"Я обслуживаюсь в этом банке с момента открытя расчетного счета, и с каждым годом обсуживание становится только лучше.",5,
33,Виктория Бакс,2023-04-08 03:27:55,"Была недавно в данном отделении банка. Очень понравилось отношение персонала к клиентам. Особенно хочу отметить сотрудника банка Людмилу, быстрое и качественное обслуживание, без лишних навязываний ненужных мне услуг банка.",5,
34,Вероника макарова,2023-11-29 00:03:05,"Благодаря этому банку я чувствую себя уверенно и защищенно. Это важно, особенно на нашем жизненном этапе.",5,
35,Екатерина Ермоленко,2023-05-20 02:18:22,"Заходила недавно в это отделение банка. Было поблизости. Нужно было проконсультироваться по поводу ипотеки. Очень понравилось вежливое отношение сотрудников банка. Менеджер оказала мне грамотную консультацию. Теперь у меня нет сомнений, что ипотеку буду оформлять только в Альфе. Условия самые лучшие.",5,
36,Алекс Кофф,2024-02-25 14:36:07,"Отличный филиал, вежливое обслуживание, мне очень нравится",5,
37,Полина Шишова,2023-05-31 12:27:27,"Я хочу выразить благодарность Альфа Банку за их высококачественное и эффективное обслуживание. Работа с этой компанией была положительным опытом для меня,и я рекомендую ее всем своим знакомым.",5,
38,Gleb Shuplov,2023-08-24 17:15:01,"Пользуюсь услугами банка уже очень давно. Никогда еще не было такого, чтобы мой вопрос остался не разрешенным. Всегда помогают в отделении банка или же онлайн через оф.группу ВК. Отличный банк, тут без лишних слов.",5,
39,Вика Дмитриева,2023-08-31 02:04:33,Мама порекомендовала мне после довольно негативного опыта с другими банками попробовать подать заявку в альфа. И о чудо! Мне одобрили здесь кредит на довольно крупную сумму. Просто огонь!,5,
40,Екатерина Маслененникова,2023-06-05 15:18:40,"Никакой очереди, максимальный комфорт и квалифицированные специалисты вот что я нашла в отделении Альфа Банка. Высоко оценила быстрое решение вопросов и сотрудничество с банком по всем вопросам.",5,
41,Алексей Ю,2022-04-28 16:46:49,"Отличное отделение. Несколько раз обращался, все вопросы решались оперативно и квалифицированно. Предупредительный и компетентный администратор. Также благодарю сотрудницу Людмилу за быстрое, грамотное, спокойное решение вопросов. Молодцы!",5,
42,Алина Горькая,2023-09-19 18:07:13,"Отделение мне очень нравится. Просторное, элегантное здание. Обслуживание на высоком уровне. Все сотрудники приветливые и улыбчивые. Они всегда готовы подсказать , не навязывая ненужные услуги и страховки. В работе банка нет нареканий",5,
43,Ирена нескородова,2023-11-17 16:23:43,С сайтом хорошо придумали. Всё доступно и понятно. Информация в доступе.,5,
44,Виктория Белова,2023-06-14 11:29:19,Благодаря Альфа Банку мои финансы всегда под контролем! Очень быстрое и удобное оформление кредитной карты и доступный интернет-банк для полного управления своими счетами.,5,
45,Сергей Спицын,2023-04-11 04:20:38,"Сотрудники банка очень вежливы. Они всегда знают, как помочь своим клиентам и у них это получается блестяще. Пользуюсь дебетовыми, кредитными картами этого банка, меня полностью всё устраивает. Лучший банк - это Альфа-Банк.",5,
46,Анжелика Т.,2023-09-27 21:34:33,"Карта аэрофлот всегда выручает когда улетаю в отпуск. Она самая уникальная в этом банке. Платишь во всех магазинах, а кешбеки получаешь в милях!",5,
47,Семён Алимов,2023-09-14 10:33:48,"Открытие вклада в Альфа-Банке это безопасное вложение денег с выгодной процентной ставкой. Попробуй не пожалеешь, все и правда так работает",5,
48,Тахир Кагиров,2023-09-14 17:25:43,"Банк отдал мне в июле 2022 мои 190 долларов. Комиссию с меня забрал, но это лучше чем деньги застряли бы на карте. Мне их отдали наличными. пришлось в главный офис ехать.",5,
49,Ольга Х.,2023-09-24 10:19:08,"Здесь все сосредоточенно на удобстве клиентов! Процессы являются понятными и логичными,а расписание работы удобное.
Особенно радует, что предоставляются выгодные варианты вкладов,как для физических лиц, так и юридических лиц.",5,
50,Зинец И.,2023-04-12 08:32:14,"Очень хороший персонал, быстрое обслуживание, очень хорошо всё обьясняют,работают оперативно, не приходится стоять в очередях",5,
51,Öwl Time,2023-07-21 08:25:09,"Были сегодня с мамой в этом отделении, девушка помогла нам оплатить долг по кредитной карте. Вежливо и понятно ответила на вопросы моей мамы. Спасибо ей большое!",5,
52,Анастасия Г.,2024-03-20 19:38:19,"Для бизнеса несколькр раз брала кредит здесь. Условия отличные, всегда есть акции и бонусы. Рекомендую!",5,
53,Никита Терентьев,2023-05-18 13:59:45,"Я много лет уже клиентка Альфы. Ни разу не возникало проблем. Сотрудники всегда понимающие и вежливые, окажут помощь, поддержку, дадут разъяснение по любому вопросу.",5,
54,Татьяна Синицына,2024-03-13 06:10:52,"Получила замечательную кредитную карту на год без процентов в Альфа банке. Оформление прошло легко, а персонал был дружелюбным и профессиональным.",5,
55,Сергей Бузмаков,2023-11-18 08:22:59,"Открыл счет и не жалею , раньше был в другом банке , много что не устраивало.",5,
56,Елена Г.,2022-12-29 11:53:59,"Девушка по имени Анна добросовестно помогла мне. Она сделала всё, что в её силах. Именно такой подход должен быть у каждого работника любого банка! По итогу решение моей проблемы было очень простым, но Анне большое спасибо!",5,
57,Роман Д.,2023-06-10 14:23:28,"Я сделал несколько вкладов в Aльфа. Процентные ставки хорошие, и я более чем доволен. Альфа - лучший банк для вкладов. И дело не только в депозитах.",5,
58,Соня,2023-06-03 13:02:00,"Доступность банка и высокопрофессиональные сотрудники - это то, что я оцениваю в этом банке! Я очень довольна своим выбором!",5,
59,Алина Казанокова,2024-04-29 12:26:10,"Сотрудники приветливые, все очень профессионально. Проценты по вкладу и проценты на остаток приличные. Это один из лучших банков.",5,
60,Наталья Лях,2023-01-14 14:57:28,"Очередей не было. 
Обслуживание на высоте. 
Грамотный, приятный персонал.
Предложили несколько вариантов решения 
моего вопроса.
Консультацией довольна.",5,
61,Лилия Курманова,2024-03-25 18:34:22,"Сначала рассмотривала вариант кредита, но менеджер предложил кредитную карту без процентов, что оказалось более выгодным. Благодарю за отличный совет!",5,
62,Наиля А.,2024-03-16 19:12:50,"Благодаря современным технологиям, Альфа банк обеспечивает быстрые и безопасные операции, что важно для бизнеса.",5,
63,Максим Савшин,2023-06-14 13:23:44,Я благодарен Альфа Банку за отличный уровень обслуживания и возможности. Всегда чувствую себя защищенным и уверенным в завтрашнем дне!,5,
64,Danila Rysakov,2023-02-05 17:19:49,"Приятная атмосфера в офисе. Я пошел в банк, заплатил налоги и сразу же получил квитанцию. Вы также можете оплатить телефонные счета, интернет-счета и многое другое. В общем, однозначно рекомендую.",5,
65,Юлия С.,2023-12-28 21:21:26,"Не очень приятное место. Расположение неудобное, отношение ужасное",1,"Юлия, здравствуйте!
Пожалуйста, расскажите подробнее о своём опыте, написав на почту: smm@alfabank.ru. 
В теме укажите: Претензия / Яндекс Карты / Юлия С. В тело письма вложите скриншот отзыва, а также ваши ФИО и дату рождения.
Во всём разберёмся и примем меры."
66,Екатерина Волк,2024-01-19 15:37:41,"Оформляя закрытие автокредита, получила справку об отсутствии задолженности. Менеджер заранее ее подготовил, что сэкономило мое время при посещении отделения.",5,
67,Олежа Электрофорезов,2023-05-27 09:03:54,Очень доволен своим выбором в пользу Альфа. Выгодные условия и профессиональный сервис.,5,
68,Светлана Н.,2024-01-17 15:41:13,"Навязали страховку в пол кридита , отказались лишние проблемы.",3,"Здравствуйте, Светлана!
Программу страхования подключаем исключительно с вашего согласия, в договоре прописываем все условия. При полном досрочном погашении клиенты могут обратиться в АльфаСтрахование-Жизнь за возвратом части страховой премии по кредиту."
69,Гузель,2023-10-14 12:22:16,"Офис банка расположен в удобном месте ,и выбор этого места оказался успешным . Сотрудники обслуживают быстро и качественно.",5,
70,Ольга Шелеметьева,2023-12-25 18:11:19,В банке помогли решить проблему с моей кредитной картой. Сотрудница Алина сделала все возможное для исправления ситуации. Очень благодарна!,5,
71,Алсу Муталлапова,2024-04-19 01:43:42,Оформление дебетовой карты в Альфе прошло отлично. Сотрудники оказались внимательными и оперативными.,5,
72,Илья Русских,2023-08-24 17:14:22,"Очень мне нравится пользоваться платежными стикерами! Это удобно! Я даже забыла, что такое карта!)))",5,
73,ВЛАДИМИР Д.,2024-02-21 07:08:42,"Обмен валюты проходит быстро, но по другим направлениям приходится подождать немного. Персонал приветливый.",5,
74,Арина Семавина,2023-05-24 18:50:30,"У меня карта Альфа Аэрофлот. Удивлена что ее не закрыли т.к. на смену пришла мильная. По Аэрофлоту я плачу в магазинах, а кешбек получаю милями",5,
75,Любовь Ш.,2023-01-29 15:56:34,"Мясо очень вкусное , хотелось бы улучшить сервис , лук маринованный ( сейчас его кладут просто нарезанный ) , качество томатного соуса на 3 , можно улучшить",5,
76,Максим Якимов,2023-12-16 10:33:53,"Одобрили кредитку на не большую сумму,но с удивительными условиями.Менеджер подробно все объяснил в офисе,даже самому трудному клиенту.",5,
77,Елена Вишнякова,2023-01-10 14:38:52,"Приходила закрыть карту, все сделали с консультантом за 5 мин. Обслуживание нормальное, персонал вежливый и адекватный",5,
78,orlovaaaaaaaa,2023-06-07 08:33:26,Меня очень радуют условия по карте 365 дней. Просто лучшая кредитная карта с целым годом без процентов!,5,
79,Артур Д.,2023-02-08 20:11:13,"Не в каждом банке такого уровня можно получить такой качественный сервис! Здесь работают настоящие профессионалы своего дела, внимательно относятся ко всем клиентам, никогда не оставляют без внимания!",5,
80,Анна Анфилатова,2024-04-21 19:38:13,Хороший банк с отличным обслуживанием. Всё было на высшем уровне.,5,
81,Алеся Пыжова,2023-05-21 06:17:27,"Полное доверие к Альфа-банку! Ипотека получена без проблем, все формальности урегулированы вовремя. Рекомендую.",5,
82,Владимир Репринцев,2023-10-08 02:19:08,Я целиком всегда зп снимаю. Карта не уходила в минус. Я на тех.овердрафт не попадал,5,
83,Somassj,2023-09-14 05:39:48,Вручную выбрала за какие товары буду получать 5%. В других банках сами решают за человека,5,
84,Allen Gareev,2023-09-25 17:02:47,"Карту 1 год без % мне понравилась. Теперь трачу 11 тысяч, чтобы и дальше они не росли",5,
85,Пегас Ананас,2022-10-18 11:24:11,"Несколько раз обращалась в другие банки, но всегда возвращаюсь в Альфу. Как-то мне тут больше нравятся предложения все кредитные, кажутся более выгодными.",5,
86,Фируза,2024-04-25 12:10:43,"После рефинансирования плачу на 8 тыс. меньше, а дата платежей стала удобнее. Заявку рассмотрели оперативно, менеджер понимающий.",5,
87,Даниил Данилов,2022-10-12 16:58:25,"В отделение пошел с вопросами по карте (кредитке) с льготным периодом в 100 дней. Обслужили очень быстро, обо всем рассказали. Сотруднице спасибо, любезная, улыбчивая, таких доброжелательных сотрудников еще поискать надо, хотя в принципе в Альфе обычно мне такие всегда попадаются.",5,
88,Полинка,2023-05-27 15:15:26,"В Альфе эквайринг 1%!!! В то время как у других банках от 2% и выше. Ну, как бы, ребята, делайте выводы сами)",5,
89,Елена П.,2022-10-13 19:07:16,"Оформила дебетовую карту Альфы потому что у нее кэшбек и обслуживание полностью бесплатно. Кэшбек небольшой конечно, но все равно неплохой возврат средств.",5,
90,Сережка Бочаров,2023-08-17 15:15:07,"Стикер жалко только красного цвета, хочу такой же, но темно синий чтоб внимания не привлекал",5,
91,Ирина Боброва,2023-06-07 23:02:40,"Отличный интернет банк, много сервисов. Разобраться с функционалом легко",5,
92,Антон,2022-09-29 14:01:38,"Девушка, встречавшая клиентов 28 сентября, была очень приветливая, сразу предложила помочь с проблемой, помогла связаться с диспетчером горячей линии. Везде бы так.",5,
93,Поля С,2023-04-10 06:05:13,"Приятный и вежливый персонал. Девушка всё объяснила, рассказала.",5,
94,Ирина Г,2023-11-13 15:59:25,"Кредит был одобрен с первого раза, что приятно удивило. Теперь обращаюсь в это отделение более охотно.",5,
95,алина иванушкина,2023-09-11 15:12:59,"Благодаря Альфа-Банку, я ощущаю себя уверенно в управлении своими финансами.",5,
96,Денис Сафин,2023-05-15 13:10:27,"Я плачу 26 тыс за ипотеку. Оплата устраивает, ставка 12,19%. Ипотеку брала на 15 лет, 7-ой год пока пошёл",5,
97,Карина Сиваева,2023-06-06 17:33:54,"Достойный конкурент для многих банков, всегда на высоте",5,
98,Nicole Malinina,2023-09-13 19:47:23,Я стала вип-клиентом. Считаю это правильным решением. За многое удвоенные бонусы,5,
99,Матвей Щ.,2023-08-18 18:44:59,"Зороший персонал, уютно, быстро и по делу",5,
100,Дмиттрий И.,2023-02-21 18:00:35,"Удобное расположение и график работы. Сотрудники вежливые, отзывчивые. В очереди не приходилось стоять. Все вопросы решаются оперативно.",5,
101,Альбина Гималетдинова,2024-04-14 19:18:13,"Альфа банк-самый надежный банк для оплаты ипотеки. Я уверена, что они справятся с любыми проблемами.",5,
102,Олег Ильин,2023-08-30 16:31:28,"Отличный персонал, вежливый, корректный",5,
103,Иван Иванов,2023-02-02 16:38:06,"Я клиент нескольких банков, обычно переводы между счетами довольно долго проходят, но здесь был приятно удивлён - перевод прошел быстро и понятно. В отделении бываю довольно редко).",5,
104,Yaroslav Yar,2023-10-19 09:27:34,Всегда приятно получать консультации от настоящих профессионалов своего дела,5,
105,Андрей Мальцев,2022-08-27 16:17:17,"Всё нормально, вежливый,грамотный персонал,быстро, качественно!Сам клиент этого банка.",5,
106,Наталья Гордеева,2024-02-05 04:13:26,"Общее впечатление положительное, нужно лишь вникнуть. Банк и отделение понравились.",5,
107,Алексей,2023-06-12 02:20:44,"Внимательны, минимальное время ожидания, отношения к клиентам приятное.",5,
108,Даша З.,2023-01-22 03:37:00,"Отличное отделение банка! Проверила на опыте. Понадобились деньги, решила взять в кредит. Пришла в отделение, с собой были все необходимые документы, сказали что нужно только паспорт и СНИЛС. Через 10 минут деньги были у меня на руках.",5,
109,Яна С.,2023-02-19 13:47:06,"Активно пользуюсь кредиткой тут. Одобрили почти сразу, доставили на следующий день, когда оформляла. На данный момент пользуюсь больше полугода и действительно бесплатное обслуживание и никаких процентов с покупок.",5,
110,Елена Александрова,2022-09-10 07:17:19,"Давно не заходила в офис,все в мобильном приложении решала. Меня оно полностью удовлетворяет и быстро очень и очередь не нужно стоять.",5,
111,Пенсионер,2024-01-26 05:14:13,Очередь отсутствует. Все быстро и доступно,5,
112,Екатерина К.,2023-02-24 07:59:51,"Удобное расположение отделения. Зашла вчера по ЖКХ разобраться с платежами, со всем помогли, я очень довольна! Большое вам спасибо",5,
113,Анна Ершова,2023-08-24 18:15:12,"Банк просто чудесный, всей семьей пользуемся их услугами, а буквально месяц назад нам одобрили ипотеку. Счастью нет предела))",5,
114,Дарья В.,2023-01-31 13:53:16,"Сложно сказать, что нравится в банке, но мне лично приятно просто приходить и решать вопросы на месте. Адекватные сотрудники, отличные сервисы.",5,
115,Лиана С.,2023-01-09 14:17:00,"В этом банке самые выгодные предложения для клиентов, высокий уровень обслуживания и индивидуальный подход. Ни к одному банку у меня нет такого доверия, как к Альфе",5,
116,Любовь Поносова,2021-10-18 09:55:53,"Очень мало места. Банкоматы вплотную находятся к дверям. Постоянное движение идёт, а ты стоишь и трясешь деньгами прямо у входа в зал обслуживания. Подумайте над безопасностью клиентов и их денежных средств.",3,
117,Юлия Попушой,2022-01-29 12:54:19,"Есть небольшие очереди, а зона ожидания крайне мала. Девчонки работают, стараются, но о 1.5 метрах дистанции говорить не имеет смысла. Очень мало места",4,
118,Евгений Деменев,2020-01-07 14:11:54,"Отличный, светлый офис. Дружилюбный и приветливый персонал, всегда объяснят и помогут подобрать то, что выгодно и удобно. Так же есть банковские ячейки , где можно надёжно хранить документы и ценности.",5,
119,Евгения Петрова,2022-05-27 18:23:55,"Хорошие специалисты, только очень маленький офис.
Удобное расположение.",4,
120,Дмитрий Г.,2022-12-04 20:20:12,"На днях решил сделать себе кредитку Альфы, пр ссылке от друга, другу пришел бонус, а я пользоваться начал сразу, очень удобно, что обслуживание бесплатно",5,
121,Мария Горбатова,2022-11-19 17:22:46,"Комфорт и понимание клиента — тут на первом месте :) от этого и качество консультаций на уровне, сложно к чему-то прикапаться, видны старания",5,
122,Галина Калашникова,2022-07-20 10:51:18,"Быстрое обслуживание, приятный персонал.Время ожидания пару минут.",5,
123,Иван Т.,2023-01-29 03:13:57,"Любые оформления услуг проходят быстро и гладко. Спасибо сотрудникам, что экономят наши нервы и время, это дорогого стоит!",5,
124,Владимир Иванов,2023-11-11 15:48:45,Вкусно,5,
125,Анастасия Стулова,2023-01-14 17:17:46,С недавних пор увлеклась инвестициями и все благодаря альфе. Интересно и прибыльно,5,
126,Николай Трушников,2023-03-26 12:33:00,Дешево вкусно 😋 приятно,5,
127,Юлия Гурьева,2023-05-25 07:51:24,Я получила отличный сервис при регистрации ип от альфа банка. Сервис у банка просто чудесный!,5,
128,Эля Сабирзянова,2022-11-11 17:58:13,"Раньше было намного лучше, сейчас почему то на отвали работают.",3,
129,Екатерина Штейнбрехер,2023-06-07 04:40:58,"Быстро выдали банковскую карту, без лишнего ожидания. Благодарю.",5,
130,Артем Пепеляев,2022-05-04 15:00:56,"Круглосуточный,это круто.Внутри не был,только банкомат.Их там три.Все работают))",5,
131,Святослав,2020-03-02 04:39:35,"Обслуживание в этом филиале не хуже и не лучше, чем в других подобных банках. Специалисты постоянно меняются. Непонятно то ли на повышение уходят, то ли их увольняют из-за профнепригодности. Банкоматы открыты круглосуточно, деньги в них всегда есть. В Кировском районе других отделений этого банка нет. Банкоматов мало совсем. Есто банкоматы банков партнеров, но тоже немного. Особых суперпредложений по продуктам баковской сферы, тут нет.",4,
132,Евгений Александров,2023-11-07 16:05:53,Хорошее внимание,5,
133,АНАСТАСИЯ РУСИНОВА,2022-01-14 16:45:22,"Все хорошо, заказала карту и мне её сразу зделали и выдали,ждать не пришлось.",3,
134,Наталья Оломпиева,2022-01-16 18:24:51,Отделение банка «Альфа-Банк». Есть окна с операционистами и стойка информации.,5,
135,Николай,2023-01-04 16:32:08,Грамотные специалисты,5,
136,наталия т.,2022-12-26 15:15:15,Сотрудники вежливые.,5,
137,андрей пономарев,2022-06-24 15:51:14,Хороший банк.Помогает и слушает,4,
138,Сергей Аристов,2023-07-11 18:07:25,Все хорошо,5,
139,Андрей Барковский,2021-09-06 09:22:19,Банкомат 24 часа. 3 штуки. Работают. Кто то своровал красивую красную мягкую накладку на ручку входной двери. Хулиганы.,5,
140,ольга м.,2022-01-24 15:52:19,Сотрудники не выполняют свои обязанности,1,
141,Юрий Загитов,2021-06-09 16:34:23,"Быстрое обслуживание, выгодные условия по кредитам!",5,
142,Т.,2020-11-25 16:30:35,"Вежливые сотрудники, все вопросы решаются быстро",5,
143,Наталья З,2022-06-04 16:56:22,Неплохой банк,3,
144,Андрон Кло,2022-05-08 15:21:13,Хороший банк,5,
145,Данил Филоненко,2019-12-01 08:01:13,"Отличное отделение, клиента ориентированность на высоте,в основном езжу сюда",5,
146,Вячеслав Сухих,2021-11-08 10:29:28,Можно оформить кредит,5,
147,Дмитрий Тарасов,2021-03-02 08:48:07,Банк ужасен со своей карманной страховой,1,
148,angarmoniy@mail.ru,2021-06-20 08:43:19,Банк в закамске нужен.,3,
149,Александр Перо,2021-05-12 10:14:58,Норм девочки есть,5,
150,Елена Медриган,2019-12-05 07:03:55,"Грамотные специалисты, всегда готовы помочь.",5,
151,Станислав О.,2019-10-01 04:56:06,"В моём случае грамотные Консультанты, пока доволен как слон",4,
152,Антон Б.,2019-08-21 14:15:12,Профессиональный персонал! Жаль не обслуживают ип и юриков.,4,
153,Татьяна Зверева,2020-08-19 17:30:28,Комфортная обстановка,5,
154,Умеджон Расулов,2020-03-15 16:03:19,Удобно но плохо что короткий рабочий день,4,
155,Валентин,2019-08-13 10:30:29,В этом отделении отвратительное отношение к клиентам.,2,
156,Пчёлка,2020-06-03 04:30:41,"Нормальный банк, обслуживание на высоте!",4,
157,Александр Б.,2021-01-13 05:41:18,Мошенники,1,
158,Михаил Владимирович,2019-11-07 13:55:59,Маленькая парковка,4,
159,Анна Бронникова,2019-09-05 21:50:33,Вежливое обслуживание,5,
160,Люба М.,2019-11-18 14:44:55,Мой банк лучший,5,
161,игорь Химочко,2019-09-23 18:16:22,Хорошие сотрудники.,5,
162,Виктория Т.,2019-09-30 18:31:24,Хороший персонал,5,
163,Александр В.,2019-08-29 05:15:16,Все Ок,5,
