,name,date,text,stars,answer
0,Александра Cергиенко,2024-04-17 10:56:08,"Выбрала Альфу из многих и не пожалела. Менеджер мне отличный попался недавно, когда я кредитную карту для путешествий оформляла. Продукт выгодный, планирую скоро в отпуск, проверю в действии)",5,
1,Анастасия Обухова,2024-04-25 07:29:52,"Слышала много положительных отзывов про Альфу. Хочу быть в тренде, поэтому взяла себе карту, обслуживание здесь отличное, условия тоже. Спасибо большое за оперативность и внимательность",5,
2,резеда ахтямова,2024-04-28 10:16:11,"Появилась надобность в оформлении карты. Вчера ходила в банк для оформлении карты мир. Карту выдали моментально, без задержек. Сотрудник банка рассказал о всех преимуществах и как ей пользоваться. Довольна обслуживанием в этом банке.",5,
3,Эдуард Ощепков,2024-03-29 03:45:42,Приятный и профессиональный персонал. Быстро всё оформили и помогли установить приложение на телефон. Доволен.,5,
4,Alsina,2024-04-20 11:05:40,"Я открыла вклад на 3 года это мой первый опыт был) Удалось открыть хорошую сумму, и я предпочитаю хранить деньги в банке, где они под надёжной защитой и приносят проценты.",5,
5,Алексей Прутьян,2023-12-01 13:40:48,Открывал здесь расчетный счет для ИП нормальный банк внутри красиво но с скрытыми платежами не советую здесь открывать расчётные счета,5,
6,Елена Владимировна,2023-12-26 14:42:24,"Хороший банк с внимательными специалистами. Интересный интерьер, отличающийся от других банков.",4,
7,ираида васильевна,2023-08-21 12:19:20,"Грамотные консультанты, вежливые, приятное общение, спасибо, особенно самой молодой консультанте, благодарю ей за помощь, жаль не знаю её имени, спасибо.",5,
8,Мария Гончарова,2024-04-22 11:27:38,"Отделение посещала по поводу открытия депозитного счета. Проконсультировали, подобрали хорошую ставку. Открыла вклад на три месяца с возможностью потом продлить договор. Заказала еще и карту, чтобы вклады открывать в онлайнбанке.",5,
9,Алевтина Х.,2024-02-21 14:46:45,Всё очень вкусно!!!,5,
