,name,date,text,stars,answer
0,Игорь Крейтор,2023-12-07 17:50:00,"Альфа Банк расположенный в г. Нягань не рекомендую. Сотрудники данного филиала не компетентные в своей сфере деятельности, не умеют общаться с клиентами, не могут преподнести информацию по возникшим вопросам, и решить элементарные возникшие проблемы. Не представляются, бейджики не носят. Проблема в том, что банк отклоняет операцию по переводу денежных средств со счета, решив что что мной манипулируют ***. При этом блокируют счета, и приложение. Решить данную проблему при обращении по горччей линии не могут, предлагают обратиться в данный филиал Альфа банка, где сотрудники начинают наглым образом парить мозг, при этом отказываются разблокировать карту и счет. В моих глазах это выглядит так, что банк целенаправлено препятствует своеаременному погашению кредитных обязательств, что вызывает в дальнейшем просрочку по кредитам и списанию пени за неуплату в пользу банка. Я считаю, что действия банка и его сотрудников не правомерные. Задумайтесь о сотрудничестве с данным банком.",1,"Здравствуйте, Игорь.

Удивлены прочитанным. Хотим проверить работу сотрудников и принять меры.
Отправьте, пожалуйста, письмо на smm@alfabank.ru В теме укажите ссылку на ваш отзыв, а в самом письме напишите ФИО и дату рождения, а также скриншот отзыва и дату обращения."
1,Михаил Анатольевич,2023-11-18 12:42:14,"Единственное отделение в Нягани, но в моей ситуации этого было более чем достаточно, сотрудница банка помогла решить мой вопрос, а этотглавное. Отлично, рекомендую!",5,
2,Денис Стародубцев,2023-11-06 04:11:58,"Пришёл всё оформил. Всё оперативно, быстро. Всё объяснили,разложили по полочкам. Очень понравилось 👍🤝 Рекомендую!!!",5,
3,Елена С.,2024-01-20 19:20:03,Хороший банк. Отличный кэш бек!!! Вежливое обслуживание!!!,5,
4,Пëтр,2024-02-29 20:27:56,"Обратился к специалисту, помог без проблем",5,
5,Сулейман Садыгов,2024-01-04 17:30:48,Хороший персонал,5,
6,Кристина,2024-02-27 10:14:01,Отличное отношение к клиентам спасибо,5,
