,name,date,text,stars,answer
0,Николай Николаев,2023-08-23 15:14:42,"Обратился в банк..с кучей вопросов и кредит и ипотека..и многое другое. Сотрудник Любовь Витальевна, любезно ответила на все мои вопросы...все рассказала...помогла разобраться со всем...спасибо ей большое.
побольше бы таких сотрудников.",5,
1,Александр З,2023-11-07 11:21:35,"Пришли оформить ОСАГО, внесли кучу изменений в экосистему Сбера, но результата не достигли. Через сравни ру можно и из дома оформить.",3,
2,Альбина Тахаува,2023-07-01 16:18:16,"Очень доброжелательный коллектив, обслуживают быстро, грамотно, все обьяснят, всегда помогут, приятно иметь дело.",5,
3,Алия Мингалимова,2023-10-06 17:14:54,"Интересное 🤔💭 наблюдение стоит туда придти по любому вопросу сразу куча звонков из разных банков с предложением кредитов. А так быстро все решается, любые вопросы",4,
4,Альфия Гайфутдинова,2023-07-01 16:15:07,"Сколько приходилось обращаться к сотрудникам офиса, всегда всё оперативно, грамотно и результативно. Молодцы, девочки!",5,
5,ирина юрина,2023-07-11 13:36:11,"Всегда помогут по любому вопросу, очереди бывают крайне редко. Банкоматы работают. Консультант Ирина самая лучшая, знает ответ абсолютно все вопросы!",5,
6,Галина Логинова,2023-09-15 17:42:07,"Культурные ,вежливые сотрудники.Обьяснят,что не понятно",5,
7,Рустем Гаизов,2023-01-01 19:45:38,"Зам опер отдела, не помню вроде Людмила(или Люда) молодец!! Все хорошо.",5,
8,Рушана Бузерова,2023-05-17 04:07:58,"Персонал не компетентный, не хочется больше к ним обращаться",1,
9,Булат Галимов,2022-12-09 18:04:01,Сбербанк хорош,5,
10,Виталий Побудей,2023-03-15 20:25:37,Всё хорошо,5,
11,Александр Полушкин,2021-12-02 09:55:14,Удобное месторасположение,5,
12,Лилия А.,2019-12-06 14:03:53,"Грамотные консультанты, всегда помогут, подскажут, молодцы!",4,
13,Светлана К.,2019-10-27 09:43:21,"Решаются все вопросы с консультанта ми, отсутствуют очереди.",5,
14,Дима Н.,2019-12-20 14:20:04,Обыкновенный сбер,4,
15,Ильмир М.,2019-09-16 09:32:58,Все там нормально,4,
16,Асиля Р.,2019-12-23 11:23:21,Карты нет.,1,
