,name,date,text,stars,answer
0,Екатерина А.,2023-11-01 05:50:36,"Отлично, что в Обнинске открылось отделение «Альфа банка». Удобно расположен, внутри приятный дизайн, без кабинок. Приветливый, квалифицированный и доброжелательный коллектив. При входе встретил сотрудник банка и проводил к нужному специалисту. Спасибо большое Виктории, быстро оформила карту, рассказала про продукты банка, кэшбек. В итоге еще и муж решил оформить карту. Параллельно помогли еще по рабочим вопросам как с юр лицом. Спасибо Александре, все вопросы решила. 
Очень довольна посещением офиса, все оперативно и профессионально, а обстановка очень уютная. 
Однозначно рекомендую",5,
1,Ольга Фатькова,2024-02-05 14:14:26,"Офис небольшой, но очень комфортный. 
Великолепное обслуживание . Квалифицированные специалисты.. Хочется выразить огромную благодарность работникам банка!! Менеджеры очень внимательные, спокойные, Все очень доступно объясняют, и отвечают на все вопросы с выдержкой!!! 
Молодцы!!!!",5,
2,Максим Бессонов,2024-03-06 11:54:08,"Большое спасибо за оказанную оперативную помощь менеджеру Виктории! Отличный офис - быстро решают проблему, зал полон улыбок и приветливых сотрудников. Очень здорово организован интерьер - приятно решать вопросы в уютной, неформальной атмосфере.",5,
3,Анна Заитова,2024-02-16 09:24:09,"В Обнинске открыто отделение «Альфа банка». При посещении понравилось, что удобно расположен, рядом большая стоянка. Cотрудники банка приветливые, быстро помогли оформить счет и карту, объяснили по тарифам, помогли по самым выгодным тарифам оформить счет и карту. Ждать не пришлось, обслужили очень быстро.",5,
4,Елизавета Р.,2023-10-25 07:30:20,"Удобное расположение офиса , приятная атмосфера внутри и приятный персонал
Была в отделении очень понравился сам офис и качественное обслуживание , обращалась по поводу доступа в кабинет, все сделали быстро и оперативно, на входе сотрудник встретил, проводил к нужному специалисту, все объяснили и быстро помогли в решении задачи, я осталась очень довольна",5,
5,Vladislav Kovalev,2024-01-28 18:03:20,"Уже 6 лет являюсь зарплатным клиентом банка, в Обнинске получал карты и оформлял кредитные продукты, не раз консультировался у менеджера банка Армине! 

Очень удивлен что, из всех отзывов есть «особенный». Некая Татьяна ставит 2 звезды…Почитав отзывы, которые Татьяна от себя написала, заметно, что время бегать по магазинам на разных концах города у вас есть, а банк для вас отдельно в выходной должен работать…


Лично я и все знакомые у кого Альфа-банк остались очень довольны обслуживанием сотрудниками банка, девушки очень вежливые, внимательные к деталям, рассказывали все условия и привилегии зарплатного проекта и о повышенном кэшбеке. Время ожидания минимальное, самое долгое что я ожидал это 5-6 минут.",5,
6,Жанна С.,2023-11-26 07:49:32,"Открывала счет в Альфа-банке Обнинска. Очень благодарна сотруднику Виктории,которая внимательно отнеслась к моим потребностям,четко все разъясняла и помогала оформить счет и банк.карту. Спасибо за доброжелательное отношение и качественную работу.",5,
7,Аня Ворона,2023-12-30 06:57:05,"работники очень вежливые, с чувством такта, опрятные, оперативные.
но было очень неприятно, когда на сайте одни условия акции, а приходишь в отделение и ""на самом деле условия ДРУГИЕ, бонус вы не получите, звоните САМИ в поддержку и разбирайтесь, МОЖЕТ БЫТЬ помогут"" .
спасибо так сказать.. только за что?
..... альфа разочаровал, а хотела познакомиться с банком.. 🤕
да и в целом глянула, тариф по кредитке не очень. в другом банке (т-фф.) по-моему намного лучше (сама пользуюсь, наизусть знаю тариф и все особенности)... как-то так.
мораль!!!
не ведитесь на рекламу и манящие подарки, вчитывайтесь в тарифы, и, если что-то не ясно, звоните/пишите в поддержку интересующего банка и подробно расспрашивайте специалиста.",3,
8,Шерзод Расулов,2024-04-16 11:24:34,"Менеджер Виктория очень классный сотрудник, приятная, приветливая, знает свою работу даже больше чем положено, профессионал своего дела. Огромное спасибо ей за помощь, в решении многих банковских вопросов. Желаю побольше таких ответственных кадров, специалистов",5,
9,Инна Антошина,2023-11-28 18:35:27,"Банк понравился хорошим отношением к клиентам, грамотными специалистами, вполне приемлемым временем ожидания и наличием достаточного количества хороших предложений. Внешний вид офиса тоже порадовал.",5,
10,Варвара Останина,2023-10-25 07:53:46,"Очень рада, что у нас в городе открыли офис Альфы. Внутри все очень камерно и удобно. 

Обслуживание на высоте. Отдельная благодарность Элле за доброжелательность, решение моих вопросов, за то что всегда была на связи и все объясняла. Надеюсь на долгое сотрудничество",5,
11,Дарья Подшивалова,2023-11-09 18:39:54,"Впервые пришла в этот банк,невероятно комфортная атмосфера,персонал на высшем уровне,все доступно объясняют и помогают,не осталось ни одного вопроса,который был не решен,огромное спасибо🥰",5,
12,Арина Салпагарова,2024-01-18 14:19:29,"Обратилась с проблемой в отделение банка, вежливые девушки помогли решить проблему быстро и заботливо) спасибо большое! Уже не первый раз обращаюсь, и все больше пользуюсь банком благодаря сотрудникам и доступности банка в том числе. Спасибо!",5,
13,Молон Ц.,2023-10-17 09:37:34,"Был для оформления карты и открытия счета. Отделение современное, чистое и приятное. Очень хорошее обслуживание, персонал вежливый, приветливый и главное грамотный. Все оформили быстро и качественно. Всем советую!",5,
14,Екатерина Никитина,2024-03-01 14:58:26,"Пришла получить карту! Все очень понравилось! Благодарю от всей души менеджера Викторию за ее компетентность , вежливость и отзывчивость! Помогла решить все вопросы и оставила только с лучшим впечатлением после посещения отделения банка.",5,
15,Vasilisa Ef,2024-05-03 16:45:36,"Очень рада что открылся в офис в Обнинске. Неоднократно посещала, всегда все вопросы решают, сотрудники вежливые, стараются помочь в любом вопросе. Рекомендую данный банк всем.",5,
16,Диков Жума,2024-03-29 11:47:17,"Отличный филиал, очень приветливые и компетентные сотрудники, всё объяснили , всё рассказали, помогли и дали советы на будущее, буду обращаться и в будущем!!! Всем хорошего дня)",5,
17,Valody,2024-04-16 12:11:15,"Хорошый уютный офис. Помогли по вопросам расчётного счета и дебетовой карты. Быстро удобно, хорошая отмосфера, улыбчивые девочки. Спасиба огромное Дарье!!!",5,
18,Инкогнито 4129,2024-01-19 09:19:13,"Обслужили быстро, без очереди и качественно, сотрудники приятные все установили, объяснили, все отлично, безумно понравилось!!!",5,
19,Татьяна Дудина,2023-10-27 10:10:14,"Добрый день всем!
Долго ждала, когда в нашем городе откроется отделение Альфа банка. И наконец то это свершилось!
Небольшой, удобный, уютный офис открылся на одной из главных улиц.
Я сама давно являюсь клиентом банка. Карту я получала в Калуге. Была удивлена профессионализмом сотрудников. Мне все нравится. 
Уговорила мужа тоже оформить карту. Оформил карту онлайн, но саму карту нужно было забирать в Альфе.
Итак, вот тут случилось неприятное впечатление. 
1. Банк не работает в выходные, когда у всех как раз есть время зайти в банк и стать их клиентом.
Банк работает до 19.00. У нас рабочий день заканчивается в 18.00. Пока добираемся до города, время уже 18.40.
То есть, нужно либо отпрашиваться, либо бежать со всех ног, что бы успеть.
2. Что бы получить карту, необходимо содействие с менеджером. Менеджером супруга была некая дама по фамилии Оганесян.
Было видно, что девушка уже находилась на старте домой, а тут еще клиент.
1. Почему-то был выдан один экземпляр договора,который должен остаться в Альфа- банке. 
 Хотя договоры заключаются между 2 сторонами, следовательно, должно быть 2 экземпляра.
Указав на это менеджеру, та стала объяснять, повышая голос, что в их банке так положено. 
Странно, очень странно.
Либо нарушается законодательство, либо этот сотрудник не компетентен. 
2. В договоре на один пункт не захотелось давать согласие. Обычная практика, всегда есть моменты, которые обсуждаются. Но сотрудник Оганесян стала на громких тонах объяснять, что не она придумывает договор и менять ничего не может.
Было ощущение, что девушка не умеет работать с возражениями, а свою некомпетентность выражает на клиенте.
3. Менеджер не рассказала ни о привелегиях Альфа- банка, ни о кешбеках, ни о дипозитах, то есть НИ О ЧЕМ, что было бы интересно узнать новому клиенту.
С осадком на душе мы ушли из банка...",2,
20,Оксана К.,2023-10-12 08:19:53,"Очень хорошо что теперь находится в городе рядом ,очень удобно .Отличное и быстрое обслуживание и очень приветливые сотрудницы которые быстро ответят на все вопросы и помогут разобраться во всех ситуациях.",5,
21,Любовт Кашуба,2024-04-29 15:35:37,"сотрудница по имени Александра (если я правильно услышала её имя) не ознакомлена с правилами системы кредитов.
заявляла мне, что банк не одобрит мне кредитную карту (предложение которой у меня было от банка) то как, я не достигла 21 года и банк откажет мне.
больше неприятен играющий пафос на лице сотрудника. звонила в службу горячей линии, где на все вопросы мне ответели и уверили, что у меня есть предложение, и отказ мне не поступит. в итоге меня пригласили попробовать оформить карту, что успешно ивышло в итоге.
предлагаю провести эмоциональный сервис сотрудникам и так-же ознакомить с правилами. а то выходит, оператор знает больше. чем сотрудник офиса.
я так-же знаю, что кридит не одобряют лицам недостигшим 21 года. это политика не только Альфа банка.
я интересовалась именно предложением банка.",2,"Здравствуйте.
Извините за случившееся 😔
Проверим работу сотрудника и примем меры."
22,Марина Гришина,2024-04-25 09:51:36,"После посещения отделения банка остался огромный осадок. На сайте оформила онлайн дебетовую карту и пришлось отпрашиваться с работы и ехать из Балабаново в Обнинск в отделение банка в час пик по пробкам. Зайдя в отделение, меня встретила неприветливая девушка и спросила по какому вопросу я пришла, по выражению лица было ощущение ""Зачем я сюда припёрлась"". На мой ответ, что я хочу получить карту, она сказала, что в порядке живой очереди и ожидание более часа, а время было уже почти 19:00. Полное отделение, свободных мест нет, работает одно окно, хотя рабочее время до 20:00. Как так получается, банк работает до 20:00, а работает одно окно и это в рабочие часы. Что-то мне расхотелось быть клиентом банка.
Хочу дополнить свой отзыв. 25.04.2024 решила опять попытать удачу в получении карты . Приехала в банк, на этот раз получилось взять квиточек с номером. Сижу жду, народу не особо много, в зале ожидания 2 человека в очереди. Через минут 5 подходит девушка, интересуется, по какому вопросу я пришла и говорит, что ожидание моей очереди более часа, сидите и ждите. Я ещё раз убедилась в ""высоком"" обслуживании банка. Карту привезти не могут. На весь город один банк, в котором надо сидеть часами, чтобы что то получить. Да уж, слов нет",1,"Здравствуйте, Марина.
Извините за такой опыт 😔
Скорость обслуживания зависит не только от количества клиентов, но и от сложности вопроса, с которыми они обратились. 
Примем меры для сокращения очереди."
23,Сергей К.,2024-03-01 16:06:26,"обращался как юредическое лицо, общался с сотрудникам Вячеславом. отзывчивый парень! вежливо проконсультировал по поводу кредитования и заведения счёта, здорово, что открылся офис в Обнинске",5,
24,Полька К.,2023-06-13 09:15:33,"Хочу поблагодарить за быстрое и качественное обслуживание. Сотрудники оказались очень приятные и квалификацированные девушки, ответили на все вопросы, все понятно и доходчиво объяснили. Отдельную благодарность хочу выразить администратору, Асе, которая готова была помочь с любым вопросом, очень чуткая и внимательная девушка, настоящий профессионал своего дела.
От банка остались хорошие впечатления!",5,
25,Евгения Сидорова,2023-06-28 16:47:42,"Наконец-т Альфа-банк открылся в Обнинске! Очень этого ждала. Удобное расположение отделения, оочень приятный дизайн внутри, чувствуешь себя комфортно. Персонал отделения отзывчивый и доброжелательный. Спасибо Урожаевой Марии, за помощь в оформлении продуктов банка!",5,
26,Валентина Давтян,2024-04-12 07:08:05,"Персонал хороший, вежливый все подскажут что и как. Офис не большой но уютый. Была там 7 марта и всем женьщинам дарили букет тюльпан, кто посещал их офис а этот день. Было очень приятно.",5,
27,Денис Голубков,2024-02-02 06:18:20,"Отличное отделение.... пришёл выбрал, оформил и ушёл. Коллектив супер.... чисто, тепло, светло. Молодцы.....",5,
28,Владимир Маслов,2023-06-14 07:29:48,"Как и многие другие клиенты Альфа банка, я остался доволен качеством обслуживания и профессионализмом сотрудников банка. Все мои вопросы и проблемы были решены быстро и эффективно, а сотрудницы банка всегда были готовы помочь и дать полезные советы.

Особенно хочу отметить высокий уровень технологической оснащенности банка, что позволяет быстро и удобно проводить операции через интернет-банкинг и мобильное приложение. Кроме того, Альфа банк предлагает широкий спектр продуктов и услуг, что позволяет выбрать наиболее подходящий вариант для каждого клиента.

В целом, я могу рекомендовать Альфа банк как надежного и профессионального партнера в финансовых вопросах.",5,
29,ТАБИТА,2023-09-28 16:37:50,"Всё,замечательно!Атмосфера красоты,вежливости и профессионализма.
Приходила получать карту,встретила меня обратная,красивая девушка в строгом чёрном костюме.Вежливо предложила присесть,узнав вопроси цель моего визита, ринулась в рабочий бой.Четко,доступно все разложила по полочкам,так что было бы очень трудно не понять.Спасибо ей огромное,жаль имя не запомнила.А здание офиса,уютное,без лишних финтифлюшек.Здорово!",5,
30,Евгения Афанасьева,2024-01-23 15:26:08,"Хорошо,что появился офис в г.Обнинск,Альфа,процветаете.Вежливый персонал,всегда помогут и объяснят,офис чистый ,ребята на высоте!",5,
31,Александр П.,2023-09-15 11:50:59,"Обращался как юрлицо. В плане сервиса и скорости обратной связи - все на высшем уровне. Менеджеры открыты, отзывчивы и всегда готовы помочь и вникнуть в каждую конкретную ситуацию. 
Чего не скажешь о кредитных аналитиках. Минус звезда за отказ по кредиту, на который очень рассчитывал.
Тем не менее хотелось бы отметить менеджера Александру, которая помогла открыть счёт и оформить кредитную карту, и даже поднять лимит.",5,
32,евгений и.,2024-02-26 09:28:08,"Сегодня 26.02 обратился в Альфа банк в г.Обнинс, слтела учётная запись в АБ, сотрудник Элла быстро помогла решить мне проблему, в целом все хорошо , сотрудницы веживые и приветливые",5,
33,Дмитрий А.,2024-01-29 12:05:38,"Ужасное отделение, был три раза, все аналогичны. Помимо того что всегда очередь 30-40мин, так еще и сотрудниками отделения очередь не соблюдается, вызывают кого им вздумается, сотрудники которые очередь распределяют меняются постоянно, при этом талоны брать запрещают, якобы табло работает не корректно, тем самым лишают посетителей оставить обратную связь о работе этого отделения. Остались только негативные впечатления. Карту закрыл👎🏻",1,
34,оля м.,2023-06-20 17:19:37,"Великолепный офис , персонал отзывчивый и доброжелательный . К своё работе относятся серьезно и внимательно . Офис достаточно аккуратный , есть зоны ожидания , банкоматы . Очень рада , что в Обнинске открыли банк 😇",5,
35,Полина Логвиненко,2023-11-17 13:16:30,"Знакомство с банком началось недавно. Сравнивала разные банки и пришла к выводу, что лучший это Альфа банк. Пошла в банк с целью открыть счёт, сотрудник банка Алина очень помогла, рассказала какие условия есть, и что можно все сделать самой через мобильное приложение.В общем довольна. Спасибо!",5,
36,Доктор Докторов,2024-04-03 09:10:27,"Очень долгое ожидание, в течение часа при небольшой очереди для оформления дебетовой карты, предзаказа нет, эл. Очередь есть, но талоны сразу скидываются, видимо для того, чтобы не фиксировать долгое ожидание. Клиентоориентированность 0. Если такие проблемы с оформлением карты, какое же тогда будет обслуживание. Обращаться в эту компанию никакого желания ни по каким вопросам.",1,"Здравствуйте! 

Мы стремимся к тому, чтобы обслуживание было максимально комфортным и быстрым. Каждый наш сотрудник выполняет определённые задачи. Но скорость обслуживания зависит не только от количества сотрудников и клиентов, но и от сложности вопросов. Извините, что заставили ждать😔"
37,Викуля Б.,2023-09-26 13:34:01,"Удобное расположение и приятная обстановка в офисе банка,лояльные и понятные условия по карте, доброжелательное и внимательное отношение!)
Очень рада, что в нашем городе открыли филиал Альфа банка",5,
38,Александр Усков,2023-12-08 18:00:25,"Отличный сервис,на входе немного задержался специалисты уже идут к вам интересоваться с какой целью вы пришли,работают оперативно,приятн общаться с профессионалами своего дела",5,
39,Pod Klyuch,2024-02-13 08:44:43,"Отличная обстановка, персонал всегда готов помочь , а отдел по работе с юрлицами вообще прелесть )))) хочется возвращаться и возвращаться сюда",5,
40,Константин Мирошниченко,2024-03-01 07:42:21,Отличный банк. Вежливые и грамотные сотрудники.кансультировала сотрудник Виктория очень грамотно и вежливо,5,
41,евгения g,2024-04-17 10:11:38,"Непонятное отделение. Терминал для электронной очереди стоит, но обслуживание идет даже не по живой очереди, а сотрудники сам подходят, к кому захотят. На вопросы по автокредиту и страховке не ответили - не они оформляли. Сложилось впечатление в некомпетентных сотрудниках. Которые находятся даже не в зале, а за дверью, куда вход запрещён. Чай пью, наверное. По одному выходят.",1,"Здравствуйте, Евгения.
Удивлены прочитанным 🤔
Проверим работу сотрудников и примем меры."
42,Наталья П.,2023-11-02 16:55:36,"Альфа-банк в Обнинске, очень хорошо и удобно. Внимательные и компетентные сотрудники. Я очень довольна. Спасибо Виктории за консультацию и приятное общение.",5,
43,Марк Бережанский,2023-06-07 19:53:43,"Приятно удивлен посещением этого офиса,очень светлый,просторный. Расположен в центре города . Менеджер Алина подробно рассказала о всех преимуществах дебетовой карты и быстро ее оформила. С удовольствием вернусь снова.",5,
44,Ильяс И.,2023-07-06 16:50:12,"Очень рад что в городе Обнинск открылся филиал банка.Стало очень удобно, ненужно кудато ехать.
Большое спасибо персоналу банко за профессионализм, всегда готовы помочь.
Отдельно хочу поблагодарить сотрудницу Алину за помощь и отзывчивость.",5,
45,Генрих,2023-06-15 15:36:36,"Заметил, что недавно открылось в Обнинске отделение Альфа-банка. Просто замечательно. Не надо никуда путешествовать. Персонал доброжелательный, девочки молодцы - объясняют, советуют грамотно. Понравилась Наташа - доходчиво, аргументировано и с улыбкой, что очень приятно. Рекомендую",5,
46,Александр саломатников,2024-02-29 13:55:03,"От всей души хочу поблагодарить работника Альфа-банка Лаврову Алину, за очень внимательное и проффесиональное отношение к клиенту !!! Таких профессионалов , да побольше",5,
47,Петр Мельников,2024-03-30 10:48:47,"Хорошее чистое отделение, есть рядом парковочное место, в принципе хорошее место, являюсь клиентам Альфа-банка, к сожалению нету кассы, по этому ставлю 4 звезды, а так всё хорошо, добрый милый персонал!",4,
48,Алекс Сьель,2023-09-14 17:49:18,"Хочу высказать свои положительные впечатления насчёт этого прекрасного банка!
Внутри идеально поддержана чистота, а само помещение вызывает атмосферные ощущения, вплоть от цвета до самого дизайна.
Консультанты банка все красивы и добры, но больше всего мне понравилась работа и отношение к клиентам одной из сотрудниц - Алина. Помогла с вопросом открытия дебютовой карты. Все было быстро, чётко и понятно.
Сам банк предлагает выгодные условия для развития бизнеса и многое другое. Очень выгодный банк, буду предлагать его всем друзьям!",5,
49,Алиса К.,2023-11-09 12:01:56,Замечательная девушка Виктория помогла мне по моему вопросу .Решили всё быстро .Всё время вела себя вежливо и подарила настроение на весь день ),5,
50,Ирина К.,2023-06-14 07:49:29,"Очень рада этому событию) реально, это лучший офис по всем показателям - и новый, и современный, и оборудован по последнему слову) коллектив просто замечательный! Сюда хочется приходить снова и снова) наконец-то, в нашем городе достойный офис! Желаю всем успехов!",5,
51,Ольга,2023-07-07 20:26:40,"На днях посещала новое отделение Альфы в Обнинске. Была приятно удивлена форматом офиса, просторный светлый с приятными отзывчивыми сотрудниками . Приходила на открытие счета ИП, все оформили быстро и без лишней волокиты, так же заказала дебетовую карту - выдали сразу же . Спасибо за качественный сервис .",5,
52,*vitaly*,2023-06-28 17:10:52,"Не знаю, сам банк или мега квалифицированные сотрудники банка... Но для меня, это теперь лучшый банк!!!Открыл счет для некомерческого партнерства.... Вы не сможете себе представить, сколько кругов ада мне пришлось пройти, пытаясь откыть счет в других банках. 
Открыть счет в Альфа банке, для меня оказалось сказкой... Два посещения банка и мой мега сложный вопрос был решён!!! Первый раз я передал сотрудникам все необходимые документы, второй раз пришел подписать бумаги... 
Спасибо сотрудникам, отдельная благодарность управляющей банка, что прониклась моей проблемой, будто это ее личная проблема.... Девочки, огромное Вам, человеческое спасибо!!!! И низкий поклон! Успехов и процветания вашему делу!!!",5,
53,Инкогнито 1862,2023-06-20 13:00:01,"Посетил сегодня данное отделение,персонал вежливый ,все доходчиво объясняют.
На входе встретила менеджер Ася,очень приятная девушка,направила на менеджера.
Оформили все быстро и качественно.
Спасибо!!",5,
54,Ольга Ляшенко,2023-05-30 08:49:43,"В Обнинске на Маркса 50 открылся офис Альфа банка. Давно ожидала его открытия!!! Новое современное помещение. Очень приятные девушки, вежливое обслуживание. Все оформили быстро. И карту с очень хорошими условиями, и кредит одобрен под выгодный процент. Можно сделать рефинансирование кредита из других банков под более выгодные условия! 
От посещения остались самые приятные впечатления!
Хочу пожелать успехов и дальнейшего развития!",5,
55,Алексей,2024-01-31 13:06:11,"Всем доволен, доброжелательное обслуживание, все рассказали и помогли оформить. Спасибо 👍",5,
56,димитрий б.,2024-04-11 17:32:40,"Ужасное отделение, большая очередь, долгое ожидание из-за медленной работы менеджеров. Ходят еле живые, все делают видимость работы, ходят с ноутбуками туда сюда. Но очередь от этого не становится меньше!!!!! 
Не смогли выдать уже приехавшую в офис карту, зря просидели два часа. Не рекомендую никому!!!",1,"Здравствуйте, Дмитрий.
Каждый сотрудник занимается решением определённых задач. Во время большой нагрузки время ожидания увеличено. Делаем всё возможное для сокращения времени ожидания."
57,Светлана Черных,2023-09-27 18:01:34,Хорошее отделение крупного банка с внимательным персоналом и очень компетентной управляющей♡ Офис очень комфортный и весьма уютный. Огромное спасибо за прекрасное обслуживание!!!,5,
58,Михаил Рыбак,2023-08-18 11:10:35,"Был приятно удивлён, посетив новое отделение Альфа-Банка в Обнинске. Современный офис, персонал доброжелательный и квалифицированный))). Всё на 5 баллов 👍",5,
59,Валерик К.,2024-02-03 11:21:19,"Замечательная, приятная атмосфера, приятные сотрудницы. Все рассказали, показали посоветовали",5,
60,Сергей,2024-05-03 13:13:33,"Безобразное обслуживание в филиале. 30 минут ждал ""приоритетного' обслуживания. К карте втихаря пытались всучить кучу лишних ""добровольных"" услуг и платежей. В результате убил больше часа времени, карту так и не получил - отказался, потому что пытались прямо обмануть. Вот так вы цените своих старых клиентов. На этом с вами сотрудничество закончу.",1,
61,Татьяна,2024-02-22 08:33:08,"Обслуживание в банке быстрое. Очередей практически нет. Менеджеры приветливы, спасибо менеджеру Виктории за оперативное обслуживание.",5,
62,Татьяна Тим,2023-11-29 09:14:30,"Отличное обслуживание, быстро, выгодно .,удобно. Отдельно спасибо Марии и Виктории.",5,
63,Ольга П.,2024-03-07 10:23:28,"Очень рада что в Обнинске появился офис Альфа- банка.Качественное и удобное обслуживание с грамотным менеджером Дарьей приносит много позитива и удобства по новым продуктам банка, все информативно и на очень высоком уровне. Дарья специалист высокого уровня!!!",5,
64,Арина Л.,2023-06-05 10:54:42,"Давно все ждали открытия этого банка в Обнинске, и чудо свершилось. хорошая, не обычная обстановка, очень вежливый, квалифицированный персонал, спасибо девушке Армине за ее консультацию,сразу видно- профессионал своего дела. все подробно рассказала, после чего отпали все сомнения.
Всем советую.",5,
65,Лев Дельхман,2023-09-13 07:48:49,"Супер крутой банк, получил классную карту , очень удобно и быстро, сотрудницы все шустрые и улыбчивые. Приятно было посотрудничать.",5,
66,Mr. X,2024-01-26 09:05:11,"Ужасное обслуживание, персонал работает как ""сонные мухи"" еле передвигаются, исходя из этого создаются очереди такие,что клиентам негде присесть и приходится ждать на улице особенно вечером, когда люди приходят после рабочего дня. Виновно в этом только руководство филиала, так как плохо организован рабочий процесс!!!",1,
67,Екатерина Черкашина,2024-03-18 10:46:10,"Сначала на табло на обслуживании было 3 человека , потом оказался один в списке, специалисты вроде как 2 должны были освободиться. Но нет . клиенты эти же продолжали сидеть на за теми же столами . ожидала 30 минут . табло так и не изменилось . ушла",1,"Здравствуйте, Екатерина!
Мы стремимся к тому, чтобы обслуживание было максимально комфортным и быстрым. Но из-за большой нагрузки время ожидания может быть больше обычного. 
Извините, что заставили ждать."
68,Наталия Д.,2024-01-11 11:46:37,Всё понравилось в отделении. Получилось быстро подтвердить биометрию и получить дебетовую карту. Спасибо менеджеру Софии и руководителю отделения,5,
69,Михаил Т.,2024-01-31 13:31:35,"Приятное отношение, быстрое обслуживание, вежливые менеджеры. Спасибо, менеджеру Софии за сервис",5,
70,Alina Rudakova,2024-01-31 14:23:20,"Отличное отделение банка, очередей практически нет, что говорит об оперативности работы сотрудников, при обращении всегда вежливы, получала карту .",5,
71,Клюква,2024-03-14 18:40:04,"Современный офис, компетентные, вежливые специалисты. Но ставлю оценку 3 - в очереди просидели 2 часа, хотя перед нами было всего 3 человека, очень медленное обслуживание, очень.",3,"Здравствуйте!
Простите за такой опыт и потраченное личное время. В периоды большой нагрузки время ожидания может быть дольше обычного, это зависит от количества обращений и сложности вопросов клиентов перед вами."
72,Стелла Минаева,2023-09-19 19:27:04,"Обращалась в отделение по оформлению эквайринга. Хочу выразить благодарность специалисту Александре. Как говорится высший пелотаж. Осталась довольна, все сделали быстро и правильно. Советую.",5,
73,Мухаммадризо Саидхучаев,2024-01-11 07:53:25,"Отличное обслуживание, спасибо огромное менеджеру Виктории все доходчиво объяснила.",5,
74,Kate30072002,2023-07-22 04:58:36,"Недавно оформляла кредит в офисе Альфа-банка в Обнинске, хочу отметить обслуживание и отношение к клиентам. Оно на высшем уровне и очень вежливо. Особенно хочется отметить девушку, Ирину, которая выдавала кредит, очень общительная и вежливая.",5,
75,БоБ,2024-04-20 00:15:14,"1.Все банкоматы стоят за стеклянной дверью, практически, на улице. Кассы нет. Как снять приличную сумму без риска непонятно.
2. Поддержка обманывает, после разбирательства это признают, но задачу эту, совершенно простую, решить не хотят.",1,"Здравствуйте. 
Мы старались изменить заезженную концепцию отделения. Сделать его более комфортным и необычным. Не думали, что у вас останутся такие впечатления😔
Если не удалось решить вопрос в поддержке, напишите, пожалуйста, нам на почту: smm@alfabank.ru ФИО, дату рождения, а также приложите скриншот отзыва с указанием города, адреса отделения и даты обращения. В теме укажите Жалоба. Яндекс. БоБ. Всё проверим и разберёмся."
76,1 1,2023-07-21 15:47:50,"Недавно обращался в отделение Альфа Банка за бизнес кредитом . Очень порадовало обслуживание, менеджер Александра очень грамотно проконсультировала и оформила заявку . Процентная ставка приятная. Спасибо Альфа Банк за полученную возможность развивать свой бизнес",5,
77,Дарья Л.,2023-07-07 19:01:59,"Прекрасное обслуживание, очень доброжелательные и красивые сотрудницы🥰 получала дебетовую карту и открывала накопительный счет. девушка в подробностях рассказала о преимуществах карты. Очередь была, но быстро прошла. Осталась очень довольна!",5,
78,Инкогнито 0366,2023-06-26 14:00:31,"Обслуживание на высоте , очень рады что открылся офис в нашем районе, отдельное спасибо консультанту Алине в решении деликатных вопросов) все прошло быстро , ждать долго не заставили",5,
79,Марина К*,2023-06-09 18:13:31,"Удобное расположение в шаговой доступности от автобусной остановки. Уютный офис, доброжелательный персонал, обязательно вернусь туда снова.",5,
80,Ульяна Ц.,2023-06-09 06:40:57,"Добрый день! 
Я обычно не пишу отзывы, но тут определено стоит отметить качество, скорость и возможности банка. 
Брала кредит, девушка очень быстро всё оформила, я получила свои деньги и потом с возвратом никаких проблем не было! 
Очень вежливый, коммуникабельный и главное знающий толк в своём деле персонал! 

Спасибо большое, за потрясающую работу! 🌸",5,
81,Полина Г.,2023-10-18 14:37:37,"Очень хороший офис. Если правильно подобрать время, то все очень быстро и профессионально. Доброжелательное обслуживание. Рекомендую!",5,
82,Анастасия Г.,2023-08-10 19:47:13,"Недавно стала клиентом этого банка. Очень довольна обслуживанием.Очень приятный офис. Современный и комфортный. Сотрудники живые, достаточно быстро работают .😃",5,
83,Стелла Минасян,2023-10-03 21:15:02,"Прекрасный удобный офис, и очень профессиональный персонал. Спасибо за удачный кредит👍Отдельное спасибо менеджеру Виктории👍",5,
84,Полина Б.,2023-11-02 16:59:34,"Посетила офис альфа банка, персонал дружелюбный,со всеми вопросам помогли, очень уютный, комфортный офис, компетентные сотрудники.",5,
85,Галя Д.,2023-07-05 08:06:20,"Получала кредитную карту в данном офисе, сотрудник Армине все доступно рассказала, настроила и провела все нужные процедуры, спасибо и кстати очень уютный офис!",5,
86,Ира Дид,2023-09-22 13:01:01,"Довелось побывать в Альфа Банке в Обнинске. Очень классный интерьер, ни каких очередей . Обслужили быстро, легко и в непринужденной обстановке",5,
87,Leyla *,2023-08-04 09:09:58,"Была в новом отделении Обнинска в альфа банке. Очень понравилось. Встретила дружелюбная девушка Ирина. Ответила на все мои вопросы, быстро восстановила доступы в приложение. Спасибо огромное ☺️",5,
88,Евгений,2024-02-19 11:47:34,"Пришел в банк положить 10 млн на вклад, ждал 20 мин , никто не подошел, хоть и сказал сотруднику что принес деньги, вообщем не нужно в этот банк нести деньги, будете ждать под часа потом уйдете!!!",1,"Здравствуйте!
Иногда возникает очередь. К нам обращаются с разными вопросами, всегда стараемся решить их побыстрее. 
Извините, что заставили ждать."
89,1at1 2at2,2023-07-14 16:01:09,"Побывал на днях в данном отделении, для консультации по открытию бизнес счета, огромное спасибо Ирине Андреевне, без неё так ничего и не узнал бы, получил самую подробную и лучшую консультацию, рассказала все подробно, с чувством, с толком, с расстановкой, по больше бы вам таких сотрудников, теперь за открытием света и консультацией только к Ирине, вы супер, спасибо",5,
90,Максим Владимиркин,2023-06-08 15:35:23,"На днях, посетил данное отделение банка в городе Обнинск, консультировался по вопросам счета для бизнеса, консультацию проводила сотрудник Ирина Андреевна, получил ответы на все вопросы, очень подробно все объяснила, показала и аргументировала что и как лучше сделать, побольше бы таких сотрудников, Ирина спасибо вам за консультацию, теперь приходить буду только к вам!!!",5,
91,Инкогнито 7459Герман,2024-04-07 12:21:30,"Не нравится тот факт, если нет постоянной регистрации, то кредитках или еще какие займы- можно забыть, по-моему это главный недостаток данного заведения",3,"Здравствуйте!
Без постоянной регистрации не сможем выдать кредитную карту.
Займов у нас нет."
92,Геворг Минасян,2023-08-16 18:34:31,"Дружелюбный персонал , готовы помочь , помогли оформить кредит под низкий процент , очень рад что в Обнинске открылся офис , очень удобно .",5,
93,Светлана Годовикова,2023-06-28 13:41:06,"Очень хорошо, специалист грамотно и быстро, толково все объяснила. Уютная обстановка. Дарья очень доброжелательная",5,
94,Араик Араик,2024-04-08 14:21:28,"Спасибо менеджеру Виктории, на все вопросы ответила, очень быстро и качественно)",5,
95,Александр К.,2023-11-17 05:43:50,Отличное отделение банка. Самые компетентные специалисты. Отдельное спасибо менеджеру Алине!,5,
96,Ксения Андриянова,2023-08-04 09:09:25,"Была в новом отделении на Маркса, очень уютный офис, выглядит, как кафе. Оформляла карту, была очередь, но очень быстро прошла. Дарья очень вежливая и компетентная",5,
97,Лиза С.,2023-07-07 19:37:36,"Была в новом отделении Альфа банка. Очень красивый новый офис. Делала заявку на эквайринг у Ирины, осталась очень довольна. Все сделали быстро, на следующий день уже установили терминал. Огромное вам спасибо! Обязательно вернусь еще.",5,
98,Татьяна,2023-11-25 15:05:08,Считаю Альфа банк самым лучшим на данный момент. Там работают компетентные люди во всех отношениях. Желаю им процветания и успехов.,5,
99,Вера С.,2023-10-11 15:53:56,"Очень доброжелательный персонал, быстрое и качественное обслуживание. Сотрудники очень приятные и квалификацированные.",5,
100,Георгий З.,2023-06-03 08:09:26,"Приятный офис, вежливые и доброжелетельные сотрудники. Давно ждал открытие офиса в нашем городе. Получил кредит под выгодные условия. Очень понравился современный и красивый офис",5,
101,Подшивалова Евгения,2024-02-19 15:51:09,"Какой то ужас,два оператора обслуживают,народа много.По каким критериям выбирают людей из очереди совсем не понятно.Плохо работает филиал.",1,"Здравствуйте!
Мы стремимся к тому, чтобы обслуживание было максимально комфортным и быстрым. Но из-за большой нагрузки время ожидания может быть больше обычного. 
Извините, что заставили ждать."
102,Донияров Хусенжон,2023-09-21 09:11:36,Все супер! Был у Дарьи. Очень вежливо и быстро выпустили карту. Обязательно приду ещё и порекомендую своим близким!,5,
103,Сергей В.,2023-06-05 18:17:33,"Менеджер Наталья очень качественно и быстро выдала мне зарплатную карту, так же рассказала про интересные акции, хорошие ставки у банка, точно будем сотрудничать, банк рекомендую, хорошие и отзывчивые девушки!",5,
104,Олег Агарков,2023-09-29 17:54:08,"Отличный банк, современный офис! Отдельно хочется отметить менеджеров , девушки грамотные и приветливые !",5,
105,Валентина Дрожжина,2024-04-23 18:11:07,"Сотрудники работают на ура 👏 папа оформлял кредит , да получилось не за один день, но были на связи постоянно. Спасибо 🙏",5,
106,Наталья Л.,2023-06-20 09:07:06,"Очень благодарна сотруднице банка, которая проконсультировала по моему вопросу. Быстро, качественно и я довольна! Буду пользоваться услугами банка. Спасибо",5,
107,Инкогнито 6027,2023-06-20 19:55:35,"Отличный сервис,очень ждал открытия офиса ,надоело ездить в Калугу . Очень приятный коллектив , девочки как стюардессы,лучший банк за последнее время в Обнинске",5,
108,Елена Морозова,2023-06-14 16:15:21,"Давно не хватало офиса в Обнинске.Девушки сразу встретили при входе и уточнили какой вопрос интересует и тут же проводили в отдельное помещение.Открывала счет для ИП в этом отделении.Максимально быстро,комфортно.Отмечу что паралленьно сотрудницы отвечали мне на другие вопросы,касаемо обслуживания в качестве физ.лица.Процветания вашему офису и дальнейшего развития!",5,
109,Роман Д.,2023-05-30 09:05:34,"Радует что банк открыл филиал в Обнинске, до этого приходилось ездить Калугу. Необычный формат офиса, как будто приходишь в любимую кофейню)) Приятные молодые сотрудницы. В целом всё понравилось",5,
110,Анна Бакума,2023-08-27 14:22:36,"Очень красивый и современный офис😍 
Отдельно хочу поблагодарить менеджера Елену, решила мой вопрос быстро и качественно.",5,
111,Ирина С.,2023-06-19 15:03:15,"Очень ждала открытия офиса в Обнинске. Пришла открывать расчетный счет и эквайринг. Встретили две девушки, проконсультировали и подобрали максимально выгодный тариф для меня. Отдельное спасибо менеджеру Ирине, за быстрое оформление. Осталась очень довольна, приду еще",5,
112,Алексей Н.,2023-06-29 11:01:18,"Заходил в отделение банка. Офис хорошо оформлен, удобные места где обслуживают клиентов. У входа встречают вежливые сотрудники. Открыл счёт, на удивление он без платного обслуживания. Счёт оформляла Олеся, всё сделала быстро и подробно всё объяснила.",5,
113,Анастасия,2023-07-06 14:40:31,Зашла в филиал Альфа-банка в Обнинске.Хотелось бы отметить отзывчивость и профессионализм сотрудников. Девушка по имени Дарья сразу же помогла решить мою проблему.Спасибо за хорошее обслуживание.,5,
114,Матвей О.,2023-05-30 08:51:48,"Божественная девушка в красном по имени Дарья восхитила меня своим профессионализмом. Доходчиво и проствм языком всё объяснила. Ну, конечно, это заняло время. Ждал минут пять не более.",5,
115,Алексей Сиротин,2023-09-22 19:23:07,"Пришел восстановить пластиковую кредитную карту, промурыжили минут двадцать с оформлением, сказали придет оповещение через приложение, когда карта будет готова, ничего конечно не пришло, пытался связаться через службу поддержки ответа от отделения так и не пришло. Идея хорошая открыть офис Альфы в Обнинске, но видать набрали не профессионалов, поэтому не рекоммендую!",2,
116,Xatar Xatar,2023-08-28 11:51:18,"Очень чисто, красивый интерьер и мебель, быстрое обслуживание. Атмосфера профессионализма",5,
117,Надежда,2024-04-18 06:41:35,"Очень долгое ожидание в очереди, чтобы получить карту. Хотя в банке много свободных сотрудников сидят в своём кабинете.",2,"Здравствуйте, Надежда.
Извините, если заставили ждать 😔
У каждого сотрудника в офисе свой набор компетенций, поэтому они решают разные задачи. Скорее всего менеджер, который занимается выдачей карт, работал с другим клиентом."
118,Елена Квашнина,2023-07-20 06:56:11,"Поставила бы меньше, если была бы возможность!ужасный банк, ужасное приложение! В приложении нельзя закрыть кредитную карту, так как нажимаешь закрыть карту, он потом просит закрыть расчетный счет к этой карте, но сразу это сделать не дает. Только на следующий день, но так как карта заблокирована, то по ее номеру в приложение зайти не сможешь, нужен расчетный счет к этой карте!! дозвонится до них не реально, персонал переводят звонок друг на друга.",1,
119,Денис,2023-10-17 06:18:40,"Сильно рад, что открыли отделение в нашем городе! Условия хорошие. Расположение удобное. Персонал приветливый, отзывчивый. Очень мне помогла с одним вопросом менеджер Олеся, она профессионал своего дела! Спасибо",5,
120,Марина S.,2023-09-04 14:47:46,"Если можно было бы поставить ноль баллов, была бы справедливая оценка этого банка. 
Заказать платную (!!!) карту в отделение банка (!!!!!) (заказывала в это отделение), ждать её больше недели (!!!!!!) и в итоге целый день «общаться» с бесполезной поддержкой, которая каждый раз заново начинает диалог и даёт разную информацию - это просто ужас-ужас-ужас",1,
121,Инкогнито 8103,2024-02-22 09:09:10,Отличный банк! Быстрое обслуживание! Спасибо менеджеру Марине,5,
122,Olga V.,2023-07-23 18:05:51,Прекрасное обслуживание. Специалист Дарья помогла мне оформить кредит на самых выгодных условиях. Всё подробно объяснила и ответила на всё вопросы.,5,
123,Галина Дмитриева,2023-06-17 09:55:17,"Очень ждала открытия ! Интересный формат офиса , необычный ! Обслуживание на высшем уровне , быстро и качественно !",5,
124,Надежда Борисова,2023-06-07 08:12:52,"Качественное обслуживание. Меня встретила в зале Администратор Ася, сопроводила к менеджеру Олесе. Девочки объяснили, как оформить карту через онлайн кабинет .Всё получилось, спасибо.",5,
125,Vladimir D.,2023-06-14 07:08:06,"Супер. В очередной раз доволен банком и конкретно этим отделением. Девчонки отлично все объяснили, красиво и быстро все сделали.",5,
126,Феть Коу,2023-06-01 19:25:54,"Открывал расчётный счёт, менеджер по работе с юр. лицами Ирина порадовала улыбчивостью и компетентностью. Остался доволен. К слову, в банке весьма уютно - приятный ремонт, царит атмосфера доброжелательности.",5,
127,Владимир С.,2023-06-15 12:01:41,"Недавно посетил новый отзыв Альфа банк в Обнинске на Маркса.
Комфортный офис, приятный персонал.Хорошо консультируют. Помогли оформить бесплатную дебетовую карту 
Ставлю 5 из 5",5,
128,Бец Дмитрий,2023-07-01 16:24:30,"Всё хорошо. Наконец-то появился офис с нашем городе. Его отсутствие часто останавливало от желания воспользоваться услугами банка.

Вежливые менеджеры. Уже должны были закрываться, но задержались и всё согласились сделать. Спасибо!",5,
129,Ира Лаврова,2023-05-30 08:49:33,"Была необходимость в кредите, подобрали оптимальный вариант, быстро оформили все документы, деньги получила сразу, выплатила все в срок и без проблем, всем рекомендую",5,
130,Елизавета Шухова,2023-06-02 11:02:53,"Приятный и комфортный офис, вежливые и доброжелательные сотрудники. Получала карту в отделении, все быстро и понятно",5,
131,Эльвира Клименко,2023-07-11 10:54:06,"Дарья,отличный специалист и замечательный человек,спасибо огромное взяла кредит посоветовала и на хороших условиях",5,
132,Галина Белевич,2023-08-10 16:15:34,"Сотрудники банка компетентные , вежливые и отзывчивые. На все вопросы готовы ответить и оказать содействие в трудной ситуации. Спасибо за оказанную помощь!",5,
133,Ирина Нефедова,2024-04-11 10:30:11,"Очень долгое ожидание, чтобы получить уже заказанную карту нужно ждать час!!! Это пипец, даже в сбере такого нет",1,"Здравствуйте, Ирина.
Каждый сотрудник выполняет определённые задачи.
Скорость обслуживания зависит не только от количества сотрудников и клиентов, но и от сложности вопросов. Стараемся сократить время ожидания, насколько возможно."
134,Ярославна К.,2023-10-19 14:26:42,"Очень дружелюбная атмосфера 
Хочу поблагодарить консультанта Викторию 
Ответила на все, волнующие меня вопросы",5,
135,Кирилл М.,2023-07-10 05:32:54,"Обслуживался у менеджера Дарьи. Всё быстро, профессионально. Подробная, исчерпывающая консультация. Спасибо!",5,
136,Бурханов Омурбек,2024-01-18 11:07:26,"Быстра обслужили, решили вапрос, сотрудники очень приятные",5,
137,Василий Колбин,2023-06-08 12:18:58,"Ещё не был но завтра обязательно зайду, после чего оставлю свой отзыв. Честно сказать давно ждал открытие офиса в Обнинске. Удобное место расположения. В шаговой доступности от транспортной развязки Фото добавлю завтра.",5,
138,Анна С.,2023-06-02 18:42:35,"Была в новом Обнинском отделении
Обслуживание качественное .На входе меня встретил администратор,помог выбрать талон,предложил присесть , буквально через пару минут ко мне подсел менеджер,который понятно объяснил ставки по вкладам и счетам.Спасибо девочкам",5,
139,Ирина Абдулкагирова,2023-10-06 13:57:51,"Комфортный офис, вежливые сотрудники. Отдельное спасибо Дарье) очень милый менеджер 🫶",5,
140,Павел Минаев,2023-06-02 09:17:44,"Хорошее отделение, сотрудники отзывчивые. Проблемы решают сразу
Отлельную благодарность хочу выразить менеджеру по работе с физ лицами Алине!",5,
141,Александр Ж.,2023-11-23 07:57:15,"О личная работа менеджера Виктории, Благодарю за оперативность и мастерства",5,
142,Алексей Комаров,2023-07-23 18:20:59,"Отличное, быстрое и качественное обслуживание, вежливые сотрудники, два банкомата в офисе, кассы для внесения наличных средств на счет или карту нет.",5,
143,Заррина Д.,2023-05-10 12:00:06,"Ждала почти час, сотрудники не понятно чем занимаются, хотя многие мне показались свободными, когда обатилась к сотруднику сказали что сейчас вызовут, на дисплее указывали что меня уже обслуживают, но после того что я спросила они даже не подумав вызвали другого клиента который подошёл после меня...пришлось просто оставить и выйти",1,
144,Дмитрий Смирнов,2023-09-17 18:36:46,"Офис не такой как все остальные банки, красивый фасад, интерьер слово пришел в дорогой ресторан ,работники на высоте, имеется ощущение комфорта.",5,
145,Полина К.,2023-08-03 05:59:21,"Быстрое и качественное обслуживание. Приветливый персонал,который ответил на все интересующие вопросы",5,
146,Константин,2023-08-27 11:30:55,Шикарный сервис ! Комфортная обстановка! Но компетентность сотрудников желает оставлять лучшего!,3,
147,Сила,2023-10-25 17:48:14,Хороший банк. Встретили и все профессионально сделали. Особое спасибо Александре.,5,
148,Дмитрий Редькин,2023-06-26 12:44:59,"Очень понравился новый и первый офис в городе, приветливый персонал, все что не понятно подскажут и покажут.",5,
149,Влад Кирилов,2023-11-27 15:46:16,"Банк отличный, отличное обслуживание от Менеджера Виктории.",5,
150,Тамара Иволгина,2023-06-22 09:19:27,"Недавно была в отделении банка, Дарья мне очень помогла разобраться с моими картами, все чётко и по делу. Спасибо большое.",5,
151,Андрей Левин,2023-06-13 15:50:22,"Чуть удивился с открытия расчетного счёта для бизнеса, в заявлении просил открыть счёт с тарифом высокие обороты, без комиссии за входящие переводы и с выводом 1%, открыли специальный с комиссией за входящий перевод, и с выводом 4%. Понял это когда пришла смс ка о поступлении денег, следующая о снятии комиссии 100 000 р. , я опечален))",1,
152,Виктор К.,2023-06-10 06:35:51,"Отличный, красивый новый офис , открытый в центре города. Сотрудница Алина помогла решить вопросы и дала несколько советов 👍",5,
153,денис г.,2023-10-27 17:49:41,"Коллектив приветливый и внимательный! А как Банк не рекомендую! Заточен на развод людей на деньги, ни какой клиентоориентированности!!!(",1,
154,Елена Б.,2023-06-02 09:50:29,"Пытаюсь получить дебетовую карту банка с доставкой от банка - пятый раз ,то понос то золотуха,не могут доставить по разным причинам.Пришли с картой домой,сделали фото паспорта и ушли с этой же картой,сказали что у них опять не работает что-то,надо по новой заявку подавать.Думаю что нужно в милицию звонить",1,
155,Мирослава,2023-06-28 16:37:29,Очень довольны работой этого банка. Клиентоориентированный подход и оперативность сделали нашу финансовую жизнь намного легче,5,
156,Станислав Гераськин,2023-11-09 08:20:02,Дозвониться по телефону в банк невозможно. Голосовой помощник блокирует соединение с оператором,1,
157,Shukhart _,2023-10-05 12:19:35,"Вот посетил офис, карту получил. Прошло все благоприятно, мне понравилось. Если нужно будет получить карту - приду еще раз.",5,
158,AlenaZhiryakova17,2023-09-25 10:40:01,"Ужасное отношение персонала. Заказа дебетовую карту, так девушка ввела при получении не верные данные и банк отказал . Теперь нужно по новой делать заявку на карту.",1,
159,Денис Ц.,2024-05-03 15:08:03,"Все атлично,очинь быстро и качественно",5,
160,Алекс,2023-09-13 16:20:59,"Супер персонал, не могу сравнить не с одним банком, спокойная обстановка, специалист подойдет сам!!!",5,
161,Светлана,2024-04-08 15:25:39,"Просидели уйму времени, чтобы оформить карту. В итоге не стала оформлять. Те кто приходил после нас чудесным образом принимались перед нами. Квиток зачем, если скидывают его на табло. Девушки еле живые. Администратор никакой. 
И не надо отписки что сложные вопросы. Оформить карту это уже настолько легкая и автоматическая процедура.",1,"Здравствуйте, Светлана.
Каждый сотрудник занимается решением определённых задач. Во время большой нагрузки время ожидания увеличено. Делаем всё возможное для сокращения времени ожидания."
162,Александр нэб,2024-02-03 15:01:49,"Хороший сервис, помогли решить проблему,буду пользоваться этим банком)",5,
163,Виталий Галда,2024-01-11 14:58:38,"Клиентское обслуживание, на высшем уровне. Рекомендую.",5,
164,Олег Козлов,2023-10-12 08:22:17,"Очень доволен работой менеджеров: Дарья и Олеся отделение г.Обнинск.
Прошу поощрить и выдать премии. С уважением клиент. Банка.",5,
165,Наталья Ч.,2023-05-19 08:16:04,"Оформила карту онлайн, пришло сообщение получить...карта не именная. Просидела 30 мин.... Пришлось уйти, выдать такую карту (если она уже оформлена, только проверить) дело 10-15 мин., Девочки, организуйте пожалуйста работу правильно, чтобы получить карту нужно пол дня у Вас просидеть? Время сейчас очень дорого...",1,
166,Анастасия М.,2023-08-18 19:03:36,"Все было бы неплохо , только конечно банк это когда есть кассиры, и обслуживающий персонал, а не банкоматы и одна девушка, которая пытается помочь",4,
167,Андрей Вуколов,2023-07-03 18:06:13,"Странный офис. Посещение связано с негативом. Обещают одно, по факту другое. В завершение был послан (в культурной форме). После ещё потратил час на общение с поддержкой. Вопрос так и не решён. Альфа банк в своём репертуаре.",1,
168,Артем Филиштинский,2023-09-19 09:15:26,"Хороший сотрудники, добрые, с чувством юмора. Быстро помогли решить все вопросы",5,
169,марина шмакова,2023-06-26 14:54:47,"Взяла кредит на днях, Дарья подробно рассказала о преимуществах комиссии за снижение ставки. Осталась довольна от посещения в комфортный офис👌",5,
170,ЕЛЕНА ГУСЬКОВА,2024-02-01 19:55:28,"Интересное решения для офиса, вежливые сотрудники",5,
171,Лютый,2023-10-04 17:38:17,"Пригласил друга по ссылке менеджер, не смог открыть ссылку,, выдал карту мне никаких 1500 не пришло, развод, наверное уйду, если не получу дивидендов. Банкиры все обманщики",3,
172,Светлана Остапенко,2023-06-14 07:28:08,Отличные и качественные банковские продукты наконец-то и в Обнинске! очень рады!,5,
173,Константин Щербаков,2023-11-17 05:59:08,Отличное отделение с компетентными сотрудниками,5,
174,Галина,2023-08-25 16:30:19,"Приветливые сотрудники, вопрос решила быстро. Все объяснили и подсказали.",5,
175,Костя С.,2023-07-05 07:33:05,"Отлично, Я очень рад. Спасибо Дарье. Открывал накопительный счёт, очень помогли",5,
176,Мария,2023-11-16 14:02:17,"Не смотря на интересный формат банка, сотрудники производят негативное впечатление - не лояльные, очереди в банке, нет тепла от общения и желания ещё раз посетить данный офис банка.",1,
177,Александр Кондрушин,2023-11-29 15:56:44,Пять балов за вежливость обслуживающего персонала.,5,
178,Знаток,2023-08-25 16:36:16,"Персонал хороший, отзывчивый. Помогли. Очень доволен.",5,
179,Богдан Ф.,2023-06-04 06:49:48,"Девушки очень симпатичные, офис крутой, планирую взять кредит, условия меня полностью устроили, собираю документы, скоро буду Вас)))",5,
180,Азиза Хаитова,2024-02-12 16:40:03,"+ то что быстро решают проблемы
- то что очень долго ждёшь",4,
181,Алена Темиржанова,2023-06-09 09:57:51,"Очень хороший банк, вежливые специалисты, все обьяснили помогли оформить кредит.",5,
182,Диана Минасян,2023-10-31 08:54:31,"Рядом с домом , удобно . Красиво и технологично",5,
183,Сергей Р.,2024-01-21 11:41:25,"обещают бонусы за оформление стикера, но потом не выплачивают",1,
184,ярослав омельченко,2023-06-09 10:05:52,"Очень понравилось,всё чётко и профессионально.Вежливый персонал",5,
185,Елизавета М.,2023-08-25 06:58:55,"Отличный сервис. Лучшие девушки, помогли решить все вопросы)",4,
186,Emin Khachatryan,2023-09-13 07:47:41,"Дарье, огромное спасибо за консультацию!
Оформили карту быстро, в очереди не сидел!
☺️",5,
187,Филя Кошкин,2023-10-01 11:11:48,"Оформил карту, жду результат, по обслуживанию, обещали %, и бесплатное обслуживание 2 месяца",5,
188,Обиджон Хусаинов,2024-04-20 17:53:39,Альфа-Банк очень хорошо выглядеть,5,
189,Галина,2023-12-25 13:00:11,"Вежливые сотрудники, знатоки👍☝",5,
190,Екатерина,2023-07-04 14:20:20,"Очень понравилась атмосфера и обслуживание в банке
Помогли решить все вопросы",5,
191,МУНИРА худойкулова,2023-11-12 06:31:11,Хорошо открылись в Обнинске 😍,5,
192,Alina S.,2023-05-30 08:40:46,"Хорошее здание, дружелюбные сотрудники, никогда не откажут в помощи и соориентируют в нужной сфере",5,
193,алена ананьева,2024-04-17 10:59:19,Сотрудники не правильно доносят информацию 🙄,3,"Здравствуйте, Алена.
Расскажите подробнее, что случилось?"
194,Влад С.,2023-06-05 14:06:36,"Каждый из сотрудник знает толк своей работы, очень красивые девчата, спасибо)",5,
195,Владимир,2023-08-11 12:39:34,Это было классно спасибо Дарье быстро и оперативно,5,
196,Марина Биленко,2023-10-19 22:11:48,"Очень хорошо что это отделение открыли, с ним удобно",5,
197,АЛЕКСАНДР Г.,2023-11-15 08:36:56,"Клиент банка, но в Москве. 
Пока доволен",5,
198,Правдорупка,2023-05-17 13:00:14,Улыбчивые добродушные сотрудники. Все вопросы свои я решил положительно в этом отделении банка.,5,
199,Татьяна Ст,2023-07-16 17:12:11,Наконец-то и в нашем городе супер современное отделение банка.,5,
200,Василий Ш.,2024-03-27 07:28:18,Два часа ждал чтобы карту получить,1,"Здравствуйте, Василий!

Мы стремимся к тому, чтобы обслуживание было максимально комфортным и быстрым. Каждый наш сотрудник выполняет определённые задачи. Но скорость обслуживания зависит не только от количества сотрудников и клиентов, но и от сложности вопросов. Извините, что заставили ждать 😔"
201,Oleg Sergeevich,2023-06-07 12:21:43,"Рассказывают красивые сказки, потом начинаются проблемы. Блокируют счета по мелочам, ссылаясь на 115 ФЗ",3,
202,Артем Старков,2023-08-21 22:01:58,"Сотрудники банка вежливы, отвечают и разъясняют все вопросы по продуктам банка.",5,
203,Яна Кузнецова,2023-07-13 16:00:05,"Очень приятные и внимательные девушки, спасибо",5,
204,Новицкая Марина,2023-10-30 19:11:02,Любимый банк Альфа и рядом с домом. Вот повезло то Альфе,5,
205,raydom022,2023-05-05 12:01:27,"Здание хорошее, современное.
Но работа сотрудников оставляет желать лучшего, очень долгое время ожидания, сотрудников много и не понятно чем занимаются. Сказали, что время ожидания 30 минут, но в итоге ждала 50 минут.",1,
206,gordey040,2023-11-24 17:46:00,Надоели звонками с рекламой,1,
207,dima солдатов,2023-07-06 16:39:19,Обслуживание нулль что за мода как в кафе очередь не маленькая короче бред,1,
208,Игорь Фирсов,2024-04-25 07:52:55,Всё понравилось!!!!,5,
209,Василий Сергеевич Д.,2023-05-06 09:08:15,"Ребята, наконец-то! Как давно ждал вашего появления в Обнинске! 👏👏👏",5,
210,Алексей Васютин,2024-01-22 06:17:06,Хороший Банк,5,
211,Константин Владимирович,2023-09-25 17:50:01,Пока все очень хорошо)),5,
212,S V,2023-10-12 18:59:02,Альфа банк всегда на высоте,5,
213,Дина *,2023-09-21 11:23:47,Доброжелательный персонал!,5,
214,Ринат Гарифуллин,2024-01-12 14:22:02,Нормально.,4,
215,Сергей Садков,2023-07-27 12:16:01,"Был несколько раз, мне понравилось",4,
216,Сергей М.,2023-05-22 15:19:23,"Обманом зазывают в офис. Говорят по телефону, что запрашиваемая сумма одобрена, а в офисе говорят, что одобрена сумма в 5 раз меньше.",1,
217,Венера Жабборова,2023-08-21 20:38:01,Прекрасное обслуживание !,5,
218,Людмила Д.,2023-08-01 13:43:54,Ожидание безграничное,1,
219,396875 Зыков,2023-07-21 17:10:36,Хорошее обслуживание,5,
220,pashalar,2023-06-10 18:36:35,Быстрое обслуживание,5,
221,Мансур Шукуров,2023-10-05 11:15:39,Супер,5,
222,Виталик,2023-10-03 18:29:56,Минусов нет!!!,5,
