,name,date,text,stars,answer
0,катя Ломовских,2022-10-25 16:54:19,Отлично работает,5,
1,Коваленко Андрей,2021-07-05 09:14:39,"Небольшое помещение, рядом автостоянка, центр села.",5,
2,Желтикова Татьяна,2020-10-09 10:15:30,Отличный сервис. Всё чисто. Обслуживание быстрое.,5,
3,Иван Аникин,2019-11-03 06:26:48,"Есть отделение и хорошо. Ничего примечательного. Банкомат частенько подглючивает, иногда оказывается пустой. Ничего примечательного.",2,
4,Алексей И.,2020-07-02 11:19:07,Очень часто банкомат не работает или пустой,3,
5,Ekaterina N.,2019-10-15 09:12:55,Девчёнки работают хорошие. Так что 5+,5,
6,Алексей Александрович,2020-09-21 09:35:10,Ни о чем,2,
