,name,date,text,stars,answer
0,нина ф.,2024-02-12 18:55:05,"Отличные, грамотные, доброжелательные сотрудники особенно в отделе ипотеке. 
К каждому клиенту относятся с внимание, вежливым отношением и желанием помочь и решить его проблему с которой он к ним пришёл. Таких специалистов сейчас очень мало. Девчонки спасибо вам огромное за ваш труд, вы классные🥰🥰😍",5,
1,ирина лобанова,2024-02-09 18:25:02,"Центральный банк в Мичуринске. Всегда чисто. Обслуживущий персонал всегда вежливый, всё расскажет и всё подскажет. Очень приятно его посещать.",5,
2,Кристина Баева,2023-08-01 16:36:12,"Пользуюсь только банкоматами, они устраивают. Бывают сбои, как и везде. Но в общей массе времени все работает стабильно. Три банкомата, очереди есть всегда)",5,
3,Алексей Бизюкин,2023-05-23 11:18:27,"Обслуживание хорошее, отношение к клиентам хорошее, персонал вежливый и профессиональный, банкомат работает круглосуточно, что очень важно.",5,
4,Павел Медведев,2023-06-12 12:35:47,"Главный офис Сбербанка у нас в городе. Специалисты тут более грамотные,более подвижные(не как сонные мухи).
Последний раз тут был ,для получения детской карты для дочки. Всё очень понравилось и сделали всё быстро.
Советую всем!!!",5,
5,Кристина Хаустова,2022-07-11 11:09:36,"Очень понравилось отделение. Грамотный персонал, компетентный в любом вопросе. Отдельно благодарю менеджера по ипотеке Аллу. Очень отзывчивый сотрудник, готовый помочь даже в нерабочее время. Благодарю!",5,
6,Карло,2023-11-03 15:15:25,Персонал старается. Народ обслуживается. Проблемы решаются. Парковка маловата,5,
7,Витамин,2023-10-29 12:31:46,"Очень отзывчивый персонал, быстрое и качественное обслуживание.",5,
8,Надежда Е.,2023-03-13 09:28:42,"Некоторые операторы не могут нормально обслуживать клиентов. Не хотят выдавать чеки, говорят лучше электронные. А потом если телефона не будет ? Как будет доказать что проплатили кредит. Зато сами говорят лучше документы предоставить, чем в телефоне. Хоть менеджер по ипотеке и кредитам лучше знают свою работу.",1,
9,Любовь Золотарева,2023-07-15 15:52:41,"Чистота и порядок, обьесняют все внятно и понятно ,обслуживают быстро, очередь не задерживается всегда хочется туда идти.",5,
10,Марина Федотова,2023-04-30 17:29:52,Являюсь клиентом СберПремьера обслуживание на высоте Персонал высоко квалифицированный советую,5,
11,Олечка Фролова,2022-11-01 17:28:21,"Главный сбербанк в городе, круглосуточные банкомат, что встречается не часто, поэтому удобно, а так обычный сбербанк вроде",5,
12,Игорь Комяков,2022-05-29 18:53:26,"Хороший банк, приятный и симпатичный персонал который все разъяснит и покажет , единственное очень большая очередь и иногда не работает какой то банкомат а так все замечательно.",5,
13,Ирина Звягина,2023-08-11 00:07:22,"Очень хороший Сбербанк. Если очередь большая, принимают всех и консультации ок.",5,
14,Людмила,2023-07-14 11:57:37,Чётко организована работа с клиентами. Сотрудники всегда готовы прийти на помощь.,5,
15,МАРИНА НАЗИРОВНА,2023-07-12 17:50:01,"Очень мне нравится, оформляла ипотеку персоналу отлично",5,
16,Инкогнито 8346,2023-05-08 16:33:28,"Чистота, комфорт, быстрое обслуживание, всё объясняют, Спасибо",5,
17,Екатерина Дякина,2024-02-02 16:53:45,Сотрудники профессионалы своего дела.,5,
18,Danil H2W,2023-03-23 04:23:03,Обслуживание хорошее. Но очень много народу. Как главное отделение в городе.,4,
19,Ирина Н,2023-06-23 07:32:14,Центральный офис банка в нашем городе. Отзывчивые и грамотные консультанты.,5,
20,Сергей,2022-06-23 12:58:24,"Достаточное количество терминалов самообслуживания, время ожидания в очереди не больше 10-15 минут, персонал вежливый, не навязывает услуги, в которых клиент совершенно не заинтересован,в здании комфортный температурный режим, недостаток - маленькая автостоянка, которая почти всегда занята транспортом сотрудников",5,
21,Дмитрий,2023-06-08 07:04:14,Отвратительное отделение картой оплатить нильзя только наличными снимаешь деньги и сново сидишь в очереди.,1,
22,Игорь Мартынов,2022-01-18 05:03:34,"Главный офис в Мичуринске. Добрый, отзывчивый и понимающий персонал.
Конечно, частенько зависают банкоматы, но я думаю руководство об этом знает. В зале банкоматов не ВСЕГДА можно положить деньги на счёт быстро и без очереди. К сожалению....",5,
23,Антонина Ломовских,2023-02-15 03:44:50,Бес слов это вам туда надо всё узнаети ваши проблемы решити я была и убедилась спасибо предприятию вы мне очень помогли,5,
24,Людмила Бекетова,2023-10-10 16:28:29,Менеджеры банка компетентны и грамотны. Сразу помогли решить проблему.,5,
25,Сергей,2023-10-09 17:56:15,Поменяли банкоматы на новые - стало гораздо удобнее.,5,
26,Дмитрий Дмитриев,2023-12-26 18:04:08,Не компетентный персонал,1,
27,наталия я,2023-10-25 20:37:26,Быстро и не долго ждать. Заказ средст- возможен даже в этот день,5,
28,Крошечка Хаврошечка,2022-07-18 17:12:55,Грамотные и вежливые сотрудники. Всегда с улыбкой встречают посетителей. Рекомендую.,5,
29,Елена Праслова,2022-05-17 18:59:40,"Заехала в банкомат, открыв дверь меня ""снесло"" вонью химическо средства. На замечание уборчице, что этим средством в закрытом помещении пользоваться нельзя и у людей может быть аллергия, мне было сказано, что сказал начальник то и делаю, не нравится ехайте на ул. Украинскую. Вопрос, начальник отделения дубил?",1,
30,Софья Власова,2024-02-19 12:58:22,Хорошие специалисты,5,
31,Хрюндель Прюндель,2023-10-20 18:02:18,"Хорошие сотрудники, помогают, это их работа))",5,
32,Randai,2022-01-22 12:00:44,"Хорошее обслуживание и приятная атмосфера. Всегда помогут работники, а также время ожидания совсем недолгое.",5,
33,Alina Kolesova,2023-01-31 12:43:27,"В целом не плохо,но всегда очень большая очередь,вежливый персонал",4,
34,Владимир Носов,2022-08-14 19:00:33,"СБ с корпоративными стандартами обслуживания, ждать не пришлось, приняли в назначенное время. Все оформили неторопливо и обстоятельно.",4,
35,Алексей Сухорученко,2022-01-22 14:37:48,"Крупный офис Сбера. Банкоматы, много приемных окошек, возле терминалов консультант. К сожалению, всегда много народа. Есть парковка.",5,
36,роза цыбуленко,2023-09-13 18:34:58,Быстро чётко и всё понятно,5,
37,Алексей Сорокин,2022-12-11 06:17:41,"Были с дочкой, получали карту, хорошее быстрое обслуживание",5,
38,Максим Кувшинов,2022-08-31 16:48:56,Вежливые сотрудники всегда есть место для останки автомобиля,5,
39,Юрий Патутин,2024-02-11 17:38:14,Всё удобно,5,
40,Коваленко Андрей,2021-03-20 19:23:03,"Хорошее отделение Сбербанка, есть места для стоянки авто, рядом налоговая, Магнит, Пятерочка, магазин бытовой техники ЦИТ.",5,
41,Елена Ш.,2021-12-01 11:39:01,"Нормальный банк, все автоматизированной. Персонал отзывчивый, вежливый. Все быстро.",5,
42,Людмила Полунина,2022-05-28 16:18:59,"Все на уровне приветливый персонал , к каждому клиенту персональный подход",5,
43,Саня Влас,2023-05-18 16:27:19,"Всё хорошо персонал вежливый отзывчивый, объяснят всё.",5,
44,Александр Попов,2023-08-10 16:28:15,Все приветливо и понятно,5,
45,Екатерина Шатина,2022-12-05 16:58:27,Вежливый коллектив. Всегда готовы помочь.,5,
46,Светлана Ледовская,2021-03-12 17:17:24,"Всегда на высшем уровне.Компетентные,внимательные,вежливые сотрудники и очень на хорошем уровне организация работы.",5,
47,Victor Gabbasov,2022-01-25 06:10:45,Стандартное отделение Сбербанка. Есть банкоматы. Относительно большая парковка.,5,
48,Каширский Виктор Александрович,2022-11-05 16:36:17,Мне очень нравится обслуживание сотрудников.Спасибо.,5,
49,Ант,2022-05-03 16:14:59,"Все познается в сравнении в таком большом отделении один компетентный сотрудник по имени Юля, остальные мягко говоря стажеры .",1,
50,Леха Г.,2023-03-30 10:28:12,"Банк как банк че говорить , негатива от сотрудников не было",5,
51,ольга б.,2022-01-17 13:55:11,"Стабильно в это отделение не могу попасть. График работы до 17.30,в очередной раз приехала, время 16.46, дверь уже закрыта. Это как так? Пишите время работы до 16.40 тогда уж.",1,
52,Дмитрий Коршун,2022-05-06 12:33:08,Вежливый персонал. Всегда готов оказать помощь по любым возникающим вопросам,5,
53,Татьяна Щугорева,2022-05-29 19:58:18,"Была уже давно,тогда минусов не увидела,все по стандарту,работники вежливые.Долго ждать не пришлось.",5,
54,KV Beketov,2023-03-05 17:38:13,В городе Мичуринске нет конкурентов в Сбербанк,3,
55,Алексей П.,2023-07-18 16:55:51,Время работы только до 17-30,3,
56,Анна Балалыкина,2022-04-16 16:56:22,"Обращалась несколько раз и всё понравилось:выслушаю,помогут,объяснят.",5,
57,Адитья,2023-06-10 12:21:58,Душновато в помещении.,4,
58,Виторио,2021-12-05 12:27:28,"Отличный банк, грамотные специалисты, не очень удобный подъезд к нему.",4,
59,Илья Сергеевич,2023-05-21 17:35:31,Хороший банк и персонал,5,
60,Алексей Д.,2023-05-02 13:11:23,Долгое обслуживание,1,
61,Алексей Карамнов,2021-03-16 20:42:55,"Большой сбер , на весь северозапад тамбовской губернии места для парковки маловато",4,
62,Люда,2022-04-16 20:03:35,Обслуживание очень медленный очень много ожидаешь слишком долго,1,
63,Таличка,2019-08-04 11:44:16,"Пока меня всё устраивает,персонал очень вежливый обходительный.особенно девушка на кридитах Александра,она мне все обеснила,как и что,и это очень важно когда дело имееш с деньгами.Я очень довольна.все молодцы.✊✊💃💖💖💖🌹",5,
64,Алексей Шамов,2023-10-18 07:22:54,Сбербанк,5,
65,геннадий жуков,2022-11-10 15:51:58,"Мало в городе отделений,",4,
66,Роман Антонов,2021-08-29 12:07:02,Центральный офис Всегда много народу.Выбирайте филиалы.,3,
67,Александр,2022-08-17 07:39:30,Людное место здесь,5,
68,МИ СИ,2022-01-31 12:06:37,Много посетителей издержки заблуждения по закрытию отделений,4,
69,Оксана Ковригина,2021-03-02 20:09:48,Грамотные консультанты и быстрое обслуживание,5,
70,Анонимный отзыв,2022-05-07 18:03:15,Прекрасное обслуживание,5,
71,Андрей кольцов,2022-12-10 20:15:38,Всё одекватно,4,
72,Павел Чернов,2022-07-07 15:11:48,Постоянные очереди,3,
73,Галя С.,2019-11-26 04:06:14,"Быстрое и вежливое обслуживание. Однако кредиты выдают под грабительские проценты, да и еще навязывают страхование этих кредитов за наш счет.",4,
74,Константин Орлов,2021-08-28 07:54:45,Современный и комфортный офис,5,
75,Галина Дрямова,2021-04-05 10:18:48,"Быстрое обслуживание, вежливые сотрудники",5,
76,Александр Кирьянов,2022-05-20 16:22:37,Всё на должном уровне,5,
77,Егор Ремнёв,2022-06-15 14:18:48,много терминалов,4,
78,Rus Ish,2021-08-16 09:09:16,"Хороший офис ,жаль связи внутри нет (мегафон)",4,
79,Александр Сухарев,2021-01-06 20:48:35,"Удобная парковка, вежливые сотрудники.",4,
80,Ольга Р.,2019-01-12 06:12:41,Хорошо организованный процесс работы! Сотрудники всегда внимательные к клиентам банка и всегда подскажут и помогут при необходимости!!!,5,
81,сергей прищепа,2020-06-04 11:37:24,Очень все удобно во всех операциях класс !!!,5,
82,ирина н.,2021-06-11 12:07:31,Плохое обслуживание. Невежливые сотрудники.,1,
83,оксана щенёва,2021-09-11 04:39:52,Всегда много народу...,3,
84,Сергей Фролов,2021-08-02 18:26:07,"Куда угодно ,только не в сбер.😡",1,
85,Ирина Толпеева,2021-12-31 11:47:13,Хороший персонал,5,
86,сергей шмаков,2021-12-24 13:46:39,Мало парковки,5,
87,Виталий,2019-09-19 06:42:39,"Хотя и берешь талон, но все равно ждёшь очередь. В первую очередь обслуживают кому оплатить что-нибудь",4,
88,Сергей,2019-07-25 12:39:30,"Всё быстро и удобно, есть три банкомат и два терминала",5,
89,SV,2021-08-20 19:08:19,Пока что претензий нет.,4,
90,Валерий Брыков,2020-08-24 08:34:48,Хорошее и вежливое обслуживание.,5,
91,Андрей М.,2019-03-18 19:16:17,"Не дали кредит, хотя сами предложили. Предложение: не присылать предложения, если не можете их выполнить.",1,
92,Димасик,2019-11-23 06:36:28,Самые ненадежные пластиковые карты в плане взлома.. народу всегда валом у банкомата не всегда кто то есть чтоб проконсультироваться как воспользоваться услугой или как найти ее,3,
93,Николай Прасолов,2020-04-03 12:18:54,Хорошая парковка. Хорошое обслуживание,5,
94,Серж Бур,2019-11-18 17:02:04,"Отвратительно, как всегда. Это зелёное убожество всегда и везде плохо!!!",1,
95,Сергей Бельянинов,2020-01-23 12:05:33,Есть стоянка для автомобилей клиентов,5,
96,Алекс,2021-02-19 14:02:06,Работают нормально,5,
97,Сергей Тарасенко,2019-11-17 19:08:49,"Близко от работы, неплохое обслуживание.",4,
98,Сергей Шуваев,2020-05-01 11:40:28,Всё ничего но меня коробит от навязывания услуг.,4,
99,РИФАТ ИЗМАЙЛОВ,2020-07-03 09:36:28,Большие проценты на кредит 😟😟😟,2,
100,Борис Манаенков,2019-08-20 16:55:28,"клянчат десятки ,отценки такие ,хотя мой взгляд достаточно девятки",5,
101,gorlov@cit-tmb.ru,2020-10-25 09:21:49,👌 хорошее обслуживание,5,
102,Максим Пугачев,2019-09-25 04:59:25,Чисто и большое помещение.,5,
103,Людмила,2021-09-15 14:52:08,Норм,5,
104,Алексей Шаталов,2021-07-27 10:09:46,Жаль,5,
105,татьяна,2021-07-13 14:27:20,Очереди,3,
