,name,date,text,stars,answer
0,Anita Zyzy,2024-02-18 11:44:34,"Хочу выразить огромную благодарность сотруднице вашего банка Анне. Приятная девушка, все доступно объясняет, мягка в общении. Если и идти в банк, то к ней. К сожалению 40% работников ни чего не смыслят в банковском деле.",5,
1,Елена Мельник,2023-12-25 11:29:50,"Отвратительное отношение к клиентам! Мобилизованный должен бросить фронт по вашиму, для того чтобы закрыть счета?! Вы издеваетесь?! Есть все документы для этого, и долги мы никогда не делали, почему же нельзя по человечески сделать свою работу, за которую вам платят?! Вот такое отношение я должна терпеть от всех организаций, пока мой муж защищает родину. Спасибо вам люди добрые",1,
2,Сергей О.,2023-12-08 08:57:32,"Приятное отделение, новый формат офиса, совсем не похож на классический банк. Одна из самый лучших систем биометрии, По банковским услугам - стараются привлечь приятными условиями и бонусами.",5,
3,Марина,2023-11-26 16:58:19,"Хороший офис. Приветливый компетентный персонал. Здорово, что и в нашем городе есть такое отделение, спасибо!",5,
4,Юрий Проников,2024-01-20 18:15:00,"Банк не очень ориентированный на клиентов, вроде всё нормально но не очень, вместо электронной очереди живая, причём работники иногда путают кто за кем.",5,
5,ОЛ,2023-10-20 05:01:28,"Отвратительное отношение к клиентам, по просьбу помочь и оформить ипотеку, одна отвернулась и ушла, другая, в компьютер смотрела, делая вид что не слышит! А после пояснили что не могут, не знают! Зачем тогда они там.....",1,
6,Ольга,2023-10-31 12:01:55,"Очень интересный интерьер, обслуживание всё тихо ,без очередей.Самый лучший банк .",5,
7,Марина А.,2023-08-31 17:26:00,"Отделение хорошее, работники вежливые, в отделении чисто, расположение на виду, не надо долго искать его.",5,
8,Светлана Филоненко,2023-08-11 17:43:27,"Хорошо обслужили, пока все нравится, приятный офис, пока все устраивает",5,
9,Сергей,2023-10-23 07:39:23,"Видимо и голосовой помощник такой же как и банк. Вся информация которую можно услышать, так это только про кредитные карты.",1,
10,LK,2023-07-15 06:58:36,"Удобное расположение офиса, пока ещё не многочисленные очереди, отзывчивые сотрудники",5,
11,Александр Корж,2023-10-04 10:03:03,"Это что за сотрудники?
Черепахи. Четыре сотрудника не могут обслужить трёх клиентов. А если поток клиентов?",1,
12,андрей литвинчук,2023-06-12 12:41:25,"Отличное обслуживание, современные банкоматы. Рекомендую это отделение Альфа-банка.",5,
13,Галина Голубева,2023-09-21 18:05:11,Красиво оформленное отделение банка. Наконец то не надо искать банкомат банка в городе.,5,
14,Сергей К.,2024-03-01 09:43:57,Большие очереди персонал не справляется,2,"Сергей, здравствуйте!
Простите, если пришлось ждать. В моменты нагрузки такое бывает. Будем следить. Спасибо вам за обратную связь."
15,Анна,2023-05-28 18:30:53,Самый современный офис. Сотрудники всегда готовы помочь.,5,
16,владимир новичихин,2023-08-02 18:21:35,Быстро и качественно.,5,
17,Сергей,2023-09-19 18:04:37,"Худшие сотрудники работают в этом отделении.
Неграмотные до безумия.",1,
18,Алла,2023-07-14 13:30:47,Местоположение,5,
19,Дмитрий Т,2023-07-23 17:22:07,Мне не нравится такой формат офисов. Какой-то хаос.,1,
