,name,date,text,stars,answer
0,Роман К,2024-04-06 08:26:11,"Светлый, чистый офис. Удобно расположенный, хотя с парковкой проблема всё таки имеется, так как рядом большой шестнадцатиэтажный дом, а двор у них еще советских времён, под два автомобиля ну и плюс так же рядом много других организаций, поэтому часто занято, но если повезёт, можно припарковаться даже у парадного крыльца, места бывают, это для тех кому лень лишний шаг пройти 😊
В офисе есть три банкомата, очень удобно. Персонал сбербанка внимательный и доброжелательный, всегда стараются помочь по максимуму. Спасибо! 
Видел сберлогистику, сам не пользовался ещё, но думаю пригодится.",5,
1,Марья Искусница,2023-11-10 06:08:04,"Обычное отделение, банкоматы есть, можно снять, оплатить, положить. Сотрудники вежливые , в отделении тихо, спокойно, очередей нет. Для этого района отделение просто спасение, я всем довольна",5,
2,demonro22,2024-03-09 17:03:20,"Очень нужное отделение. Вокруг много магазинов. Выручают банкоматы, когда закончились средства.",5,
3,Юрий Лебедев,2023-03-10 22:42:25,"Наконец то постелили ковер, не было бы ковра поставил бы 4 звезды, а так хорошее отделение все быстро делают и банкоматы неплохие, правда денег просто так не дают
P.S. 26.01.2023 20:10 
Убрали ковер… теперь это 4 звезды.
P.S. 26.02.2023 14:48
Прошел месяц с последнего отзыва, убрали ковер и просто стал полнейший ужас, а не отделение. Ставлю 1 звезду.",1,
4,Наталья Кириллова,2023-12-07 16:43:58,Захожу пополнять деньги на карту. Всегда грязно и воняет. Перед офисом банка асфальт провалился и негде припарковаться,1,
5,Дима Виноградов,2024-01-17 11:10:17,"Само отделение работает фиг пойми когда , ну хоть есть банкоматы которые работают всегда",4,
6,Александр Новиков,2023-09-14 09:24:28,"Моторостроителей 24 самый бомбовый филиал сбербанка в Рыбинске, да что в Рыбинске во всей не побоюсь этого слова ярославской области",5,
7,Сергей Буслаев,2023-01-24 13:55:42,"Обслуживание хорошее,персонал приветливый,время ожидания не большое,но дорога рядом со сбербанком,проехать можно только на танке",3,
8,Наталья Наталья,2024-02-13 17:11:15,Напишу только минус (т. к. из-за него уже много лет не посещаю данный офис): график работы (а именно не работает в субботу и воскресенье (хотя другие офисы работают по субботам).,4,
9,Ирина К,2023-05-03 06:39:31,Нормальный офис. График работы офиса давно изменен на пятидневку с 9 до 18. Не всегда это удобно добраться до них в своё рабочее время.,4,
10,Nataliya G.,2022-06-13 17:15:59,"Наш банк, очередей теперь нет, пользуемся автоматом, чисто, если в зале то обслуживают быстро, отношение хорошее, вежливые, подскажут что нажать если не знаешь при выборе талона",5,
11,Евгений Комаров,2024-04-19 14:42:43,Удобно хорошо и рядом,5,
12,Светлана Курцевич,2022-02-15 13:36:04,Быстрое и качественное обслуживание клиентов. Хорошее отношение к клиентам. Обученный и приветливый персонал. Минимальное время ожидания. Нет очередей. Рекомендую.,5,
13,kapot,2022-08-18 15:40:28,"замечательные сотрудницы, всё отлично
получение карты быстрое",5,
14,Моноч,2022-05-14 11:42:54,"Несколько автоматов и маленькое помещение оам где банкоматы,рногда там оа4ая очередища что не пролезешь и не вылезешь.Ну а остальное норм.Лайк.",4,
15,Linkin,2021-10-13 21:01:07,"Заведение хорошее, ну прошу поставте ещё 2 автомата, бывают большие очереди. Бабушкам кансультанты всегда помогают, молодцы",4,
16,di_meow mur,2023-01-04 18:14:09,"Сотрудники очень вежливые, всегда помогут",5,
17,Елена Грибова,2022-11-12 11:12:54,"Персонал хороший, но банк не работает по выходным. Ожидание не долгое",3,
18,Анастасия,2023-10-24 05:04:22,Хороший банкомат,5,
19,Виктория быстрова,2023-08-11 10:48:00,Быстрое обслуживание,5,
20,Анна турчанова,2022-11-30 17:37:47,Обслуживание и персонал все быстро,5,
21,Алексей,2021-06-04 08:16:20,"Хорошее отделение с вежливым персоналом, но большим скоплением посетителей, особо в день выплат вообще не протолкнуться",4,
22,Екатерина Белышева,2021-12-23 16:49:15,"Сотрудники молодые, грамотные. Вопросы решают, быстро. Хороший филиал.",5,
23,Мария Похил,2022-10-25 16:44:15,Всегда довольна обслуживанием.,5,
24,Быков Алексей,2020-02-10 18:12:29,Хорошее отделение рядом с домом. Оплачиваю там различные платежки. Банкоматы работают круглосуточно. Обращаться лучше днем-не в часы пик.,5,
25,Светлана Куланина,2022-06-23 13:07:20,Внимательные сотрудники!!!,5,
26,Евгений Демидов,2021-09-11 19:01:53,"Отличное отделение, банкоматы круглочуточно",5,
27,Александр Иванов,2019-10-22 21:33:01,"Да обслуживание вполне неплохое, и персонал вежлив, но некоторые проблемы не способны решить сами,нужно повышать квалификацию",3,
28,Рыбинский житель,2021-08-22 07:57:52,В банкомат часто бывает большая очередь.,4,
29,анна густякова,2021-09-02 18:35:56,"так себе магазин, мне больше нравится светофор",3,
30,Елена Глазова,2019-09-05 12:38:26,"Работают приветливые девушки, всегда помогут оплатить квитанции, ответят на все вопросы. Бывают большие очереди, когда идёт оплата комуналки",5,
31,Александр,2021-06-24 18:54:33,Не хватает места для такого количества людей,2,
32,Таня К,2021-12-24 12:54:43,Маленькое отлеление,4,
33,Панов Егор,2019-10-21 02:58:26,"Всё хорошо, сотрудники вежливые, улыбчивые))) достаточно быстрое обслуживание.",5,
34,Людмила Воронова,2021-12-05 08:30:13,Вежливые и компетентные сотрудники.,5,
35,Ольга Соловьева,2021-08-26 14:45:02,Мой любимый сберик,5,
36,Ксения Н.,2019-10-16 15:22:59,"Хорошее учреждение, но сотрудники не всегда вежливы, большие очереди и не работают банкоматы. По этому 3",3,
37,Е. Мустратова,2019-12-14 15:05:42,"бывают очереди, как и везде. в целом все хорошо",4,
38,Колчин Владимир,2017-10-20 11:40:06,Непонятная организация работы. Подано заявление о закрытии счёта и переводе средств из ОСБ в Мурманской обл. в ОСБ г.Рыбинска по генеральной доверенности. Прошло более 1.5 месяцев.,1,
39,Галина Озерова,2019-11-07 13:03:25,Грамотный вежливый персонал,5,
40,Александр Гусев,2019-10-22 11:22:32,Все хорошо и четко,4,
41,Olga K.,2020-02-26 14:09:20,Обслуживание на 5 из 5,5,
42,Сергей З.,2019-09-20 11:33:42,Грамотные консультанты,5,
43,Михаил Х.,2019-09-24 15:25:32,Быстрое обслуживание,5,
44,Анатолий Громов,2019-10-12 04:07:52,постоянные очереди,4,
