,name,date,text,stars,answer
0,марияна препакова,2024-02-08 14:19:38,Сбербанк сотрудники отделения сбербанка вежливые и доброжелательные,5,
1,Дмитрий Третьяков,2023-10-02 18:28:22,"Банк не плохой, банкоматы работают хорошо, персонал работает до 18:00, тоесть можно прийти после работы. Жалко только что по выходным не работает персонал.",5,
2,Галина С.,2022-12-08 14:43:06,"Отличный офис.Коллектив доброжелателен,на любой вопрос можно найти ответ.Супер!Большое спасибо руководству и коллективу.",5,
3,Артем Красавин,2022-11-28 17:49:30,"Сбербанк, отличный банк сам пользуюсь, есть приятные сотрудники которые расскажут вам обо всем и решат любой ваш вопрос, интересный дизайн карт",5,
4,Татьяна В.,2023-08-05 20:24:34,Обслуживание хорошее. Персонал хороший. На вопросы отвечают чётко -понятно.,5,
5,Алексей Дмитриев,2022-11-17 16:28:27,"Очень жаль, но режим работы отделения не позволяет жителям посёлка работающим в городе пятидневную рабочую неделю полноценно пользоваться услугами данного отделения. В будни закрывается рано, выходные закрыто.",3,
6,Елена Глазова,2022-08-23 10:09:47,"Хожу редко, но вопросы решаются быстро, обьяснят, подскажут. Бывают очереди, когда получают пенсию и при оплате квитанций. По всем вопросам хожу после 20 числа. Свободно, очередей нет.",5,
7,Андрей Б.,2021-12-20 08:33:44,"Обожаю СБ рядом с домом. Маловато терминалов с возможностью снять деньги. Сегодня так подъехал- вообще нет денег. В банке нет денег? В СБ нет денег? Ау, это же банк, уж как-нибудь обеспечьте их наличие!",5,
8,YaElenk@,2021-12-01 13:30:08,"Очень нужный офис, который не работает по выходным! Сделали хотя бы в субботу короткий день. А то не всегда бывает возможность зайти на буднях. Когда пенсионеры пенсию не получают, народу немного. Очень уютно и всё удобно. Только бывает не все банкоматы работают.",4,
9,Андрей,2023-08-09 18:24:26,"Доброжелательные сотрудники, но душно в зале ожидания в жару",4,
10,sermax2010.63,2022-10-31 06:20:38,"Всегда было не плохо в этом отделении, но вот не так давно маме пенсию не додали при получении...., причём поняла она когда пришла домой..!!!",4,
11,Геннадий Карданов,2022-10-29 16:25:11,Не профессиональное обслуживание.Мало внимания посетителям. Банкоматы старые и глючат. Неуд.,2,
12,Юрий Лихачёв,2021-08-30 20:43:54,Единственная точка в посёлке.как можно оценивать такое? (имею ввиду положить деньги.открыть вклад и прочие мелочи.) банкоматы там работают немного с перебоями. но их несколько.,5,
13,Александр,2023-05-03 17:15:58,Классный Сбербанк рекомендую,5,
14,Fashist55 Gitler,2022-01-25 06:07:18,"Хорошее отделение, удобно расположено. Банкоматы функциональные",5,
15,Дмитрий Филиппенков,2022-11-25 16:28:56,"Всё хорошо, кроме очереди в банкомат иногда",5,
16,Юлия Турек,2022-01-04 08:23:06,Внимательный и вежливый персонал. Всегда готовы помочь решить вашу проблему.,5,
17,Sergey Slavov,2022-10-22 17:34:18,"Банкоматы не всегда берут деньги, с 2000 купюрами можно попотеть",4,
18,Светлана Осокина,2021-10-31 17:41:06,"Персонал и обслуживание отличные, жаль, что пешеходные дорожки, ведущие к этому зданию, в плачевном состоянии",3,
19,КРБ1-20 Анна Милошина,2020-11-02 17:24:59,"В реальности очень большие вопросы возникают о качестве обслуживания. Отношение к пенсионерам наплевательское. Заставляют бегать без причины за уже ДЕЙСТВИТЕЛЬНЫМИ справками.в связи с НАДУМАННЫМ сроком действия справки. 
Пожилой человек провел на ногах целых два дня по прихоти работников данного офиса Сбербанка.",1,
20,Симка,2023-02-15 11:35:21,Время ожидания большое.,3,
21,Ирина Смирнова,2020-01-22 14:48:08,"Всегда говорю, что у нас самый лучший сбербанк. Операторы все очень вежливые, помогут любому клиенту.Отличные профессионалы.",5,
22,Алексей Чистяков,2023-08-31 07:36:55,Удобно 👍,5,
23,Андрей Браво,2019-11-17 11:46:41,"Девушки у банкоматов работают хорошо, в кредитном отделе некоторые работают как роботы, если не могут уговорить на кредитование, то глаза потухают и интерес к клиенту пропадает, на другие вопросы начинают тупить.",3,
24,Галина Ш.,2022-11-12 17:31:06,всё устраивает,5,
25,Лилия Князева,2022-08-12 17:52:22,Вежливые сотрудники!,5,
26,Виктор К,2021-08-30 10:55:24,"Очереди не большие, но для получения карты приходится долго ждать.",5,
27,Сергей Замятин,2021-02-04 23:27:01,"Хорошее и новое отделение, работники всегда помогут если возникнет не предвиденая ситуация",5,
28,Ирина Б.,2021-12-02 15:03:45,Мне нравиться обслуживание этого банка,5,
29,Руслан Комиссаров,2020-01-21 08:47:25,"Удобен тем, что рядом с домом, можно заплатить по счетам за квартиру или еще по каким то вопросам,но специалистам не хватает опыту.",4,
30,Руслан Головкин,2021-12-22 09:47:01,Медленно работают банкоматы.,3,
31,Владимир Багров,2022-06-14 15:14:15,Банк как банк.,4,
32,Сайфулло Шамсиев,2020-01-06 11:58:07,"Удобная парковка, быстрое обслуживание, работники знают свое дело..",5,
33,Александр,2021-11-04 09:15:46,"Банк как банк, кредиты и т.д.",5,
34,Валерия Б.,2021-12-19 09:39:23,очень хорошее место.,5,
35,Дмитрий Голованов,2020-07-24 09:32:09,"Отличный офис, единственный на весь поселок.",5,
36,Алексей,2019-12-21 08:30:16,"Отличный филиал Сбербанка, интересное местоположения.",5,
37,Анонимный отзыв,2018-10-08 08:45:47,"Работа безобразная, консультантов нет, половина функций терминалов не активна и не работает. Пришлось ехать в другой филиал, потерял полтора часа на оплату кредита. Примите меры.",0,
38,Камил Адыгезалов,2019-12-07 10:37:43,"Потому что, это удобно все работает без проблем советую всем!!!",5,
39,Валентина Шереметьева,2018-08-21 09:46:43,"Сотрудник, занимающийся выдачей (в данном случае навяливанием) кредитов ведет себя с клиентами отвратительно. Спорит, настаивает на своем и убеждает меня, что я бестолочь. Теперь зарплату сотрудникам сбера за это платят?",1,
40,Сергей Пушкарев.,2020-03-17 06:28:01,"Все хорошо, обслуживание на высоте",4,
41,Anna G.,2019-11-22 11:57:23,"Очень мало банкоматов, постоянная очередь, поэтому 4 балла",4,
42,Владмир Смирнов,2019-08-15 08:21:36,"""Банк рядом""..
..., но большая часть операций через онлайн...",4,
43,Ольга Чистякова,2021-02-09 06:12:16,Есть некоторые замечания по обслуживанию.,4,
44,AleksandrK.,2019-08-22 07:35:44,"Обычное отделение банка. Несколько банкоматов, 3-4 операциониста.",4,
45,Алексей Всевидящий Маг 88 уровня,2021-10-18 21:28:14,Всегда сюда хожу,5,
46,Татьяна К.,2019-07-26 20:41:06,Несколько раз возникали проблемы с компетентность сотрудников.,3,
47,Анастасия Пикаева,2020-01-13 18:46:01,Приверженность к марке. Сбербанк только Он!!!,5,
48,людмила яковлева,2019-11-12 11:38:13,"Всё нравится,быстро и мало очереди",5,
49,Ножевые Незабудки,2019-08-30 15:01:44,Обычный сбер. Персонал вежливый.,5,
50,Марина Матвеева,2019-08-10 17:11:28,Не хватает 3 банкомата для выдачи наличных.,3,
51,Николай,2019-12-17 12:32:27,Навязчивым сервис,4,
52,VDM By,2018-04-17 11:21:45,Банкоматы работают из рук вон плохо.,2,
