,name,date,text,stars,answer
0,Александр Новиков,2023-09-24 18:51:47,"Сбер банк на волочаевской просто ван лав, один из самых любимых филиалов нашего любимого Сбера, есть пвз и постамат одноименного маркет плэйса а так же очень внимательный и компетентный персонал. Так держать ребята!",5,
1,Александра Полетаева,2023-12-27 16:47:32,"Очень нравятся сотрудники! 
Всегда тихо, спокойно объяснят, подскажут. Без суеты, но по делу.",5,
2,Елизавета Балдина,2023-12-20 17:58:24,"Вечные очереди, талоны работают через раз, часто автоматы зависают, перешли на Тинькофф всё замечательно стало, Сбербанком больше не пользуемся",2,
3,Марина Соколова,2023-09-22 12:18:21,"Коллектив девушек отзывчивый,всегда помогут решить проблему.Улыбчивые,милые девчата.😉",5,
4,Любовь Браницкая,2023-09-03 07:38:54,"Операторы вежливые, дают исчерпывающую информацию на вопрос, но возможно потому, что лето и многие в отпусках, иногда собирается очередь. А в общем все 👌",5,
5,Александра Полетаева,2023-11-16 12:28:46,Доброжелательные сотрудники. Быстрое обслуживание клиентов,5,
6,Lydmila Krestyankina,2022-12-10 13:32:15,"Быстрое обслуживание .персонал вежливый, внимательный, профессионально подготовленный. Рядом с домом, удобно.",5,
7,сергей васильев,2023-03-06 07:12:44,"Хорошее отделение. Персонал вежливый,предупредительный. Очередь бывает но не большая.
Работают быстро,",5,
8,Окси,2023-07-10 18:22:20,"Находится рядом с моим домом , поэтому всегда можно воспользоваться банкоматом",5,
9,622322 Смирнова,2024-03-17 18:15:33,"Сбер хороший,всегда помогут",5,
10,Alik Magomaev,2022-06-06 11:36:09,"Обслуживание на высоком уровне , вежливый персонал , удобное расположение банкоматов +24 в общем 100 балов",5,
11,Лена Митряшова,2023-07-12 18:18:04,"Мы часто ездим этой дорогой и заезжаем в банк,не каких проблем не испытывали,всё устраивает.",5,
12,Анастасия Аникина,2022-09-19 06:33:23,"Большие очереди к банкомата, работники помогут в случае чего. Персонал вежливый, в помещении чисто",5,
13,Александр,2022-12-06 11:21:34,"Придя в это отделение взял талон на платеж,передо мной 3 человека стояли,работало только 2е окно,просидел минут 20).Потом заходят 2 человека берут тоже талон на платежи,сели.И когда как я думал подошла моя очередь и должны вызвать меня ,то вызывать стали тех кто пришол задолго после меня.На мой вопрос почему меня не вызывают девушка сказала это не от нас зависит.Времени стоять у меня уже не было и я поехал в отделение на Горького.Там взял талон и меня сразу же вызвали и я быстро всё оплатил.Как ни приду в отделение на волочаевской так всегда какието проблемы )))",2,
14,Константин Истомин,2022-05-07 08:39:00,"Иногда приходится подождать, но это связано с периодом оплат коммунальных услуг. В остальном очень даже неплохо. Нет необходимости ехать в город. Плюсом, то что банкоматов три.",5,
15,NO NAME,2022-05-30 16:53:35,"Удачное расположение отделения, удобная парковка, есть несколько банкоматов.",5,
16,Алёна М .,2023-03-26 17:06:20,всегда быстрое обслуживание !рядом с домом!,5,
17,Любовь Нестерова,2021-12-16 13:20:26,Хорошее обслуживание. Всегда все объяснят и помогут сделать все операции. Так же есть терминалы круглосуточно,5,
18,Дмитрий Егоров,2022-03-07 09:40:47,"Сбербанк сильно подрос в качестве обслуживания. Все рельно хотят помочь. Удручает сбер доставка, сложная и вызывающая недоумение процедура получения. Надеюсь упростят.",5,
19,владимир бычков,2023-01-31 11:24:16,Я Конешно не знаю может попадаю в такое время но постоянно теряеш время. Народ всегда.,4,
20,Лариса Бочина,2023-06-20 06:16:33,Банкоматы часто не все работают в помещении нет ремонта.,3,
21,Ujuf!3,2023-06-30 12:07:28,"Приятный персонал, быстрая работа",5,
22,Елена Опарина,2021-08-09 12:47:56,Внутрь редко обращаюсь. В основном пользуюсь банкоматом. Сейчас работают все аппараты. Раньше бывали проблемы с банкоматами. В целом сейчас нормально,5,
23,Макс Подколзин,2022-12-13 16:58:22,Обслуживание хорошее время работы с 8 до 18:30 кредиты там не берет обдиралово полное,5,
24,Илья К.,2023-05-27 07:22:33,"Быстро, удобно, доступно",4,
25,Николай Филаретов,2022-02-04 17:35:27,И расположен в нужном для людей месте и персонал адекватный и прыессиональный,5,
26,алена почкина,2020-07-16 21:13:16,"В сам банк в смысле к консультантам пока не обращалась, но у входа три круглосуточных универсальных банкомата, где можно снять и пополнить. Все три работают в бесконтактном режиме. А это очень круто как я считаю. особенно для Рыбинска. Как я заметила тут люди только начинают осваивать такое! Даже в будни почти нет очередей в пиковое время. По мурманской области побольше бы таких",5,
27,Дарья,2022-12-20 17:44:26,"Пользуюсь только банкоматами, их три, почти всегда в каждом есть наличка, круглосуточный, большой плюс.",5,
28,Алексей Р.,2023-01-20 13:06:02,Банкоматы вроде в норме а сотрудники боясь начальство полное Дерьмо!,5,
29,Полина,2021-09-12 15:57:08,Удобное расположение. Но иногда бывают большие очереди в терминалы. Приходиться стоять даже на улице,5,
30,Илья Горишний,2024-01-15 19:27:18,Хороший,5,
31,Алексей,2021-05-20 08:59:21,"Неплохое отделение банка с приветливым персоналом. 
Огорчает, что как не пойду до банкомата всегда много народу. Ну и самом отделении вездесущие бабки.",4,
32,Ваш советник,2021-11-06 09:41:59,"Все отлично! Рядом с домом, очередей нет. Обслуживают быстро.",5,
33,Александр К.,2023-09-05 18:06:16,Рядом с домом),5,
34,Linessa,2022-04-20 21:54:45,Хороший персонал👍Всегда помогут и подскажут,5,
35,Андрей Малиновский,2023-01-16 12:00:46,Вполне приемлемое отделение банка,4,
36,Vera,2022-12-16 23:16:26,"Четко, быстро без очередей.",5,
37,Тимофей Заварухин,2022-12-13 06:28:33,Нужен специалист помощник у банкоматов.,4,
38,Алексей Волков,2022-10-21 10:26:38,"Долгое время ожидания, сотрудники не компетентны",1,
39,Валерий,2022-04-19 16:26:12,"Всё прекрасно, а особенно сотрудница Александра)",5,
40,Надежда Суркова,2022-09-03 18:12:49,Очень часто длительное ожидание в очереди.,4,
41,Тимур Карлюков,2022-03-01 07:30:09,"Чистенько, быстрое обслуживание",5,
42,Анатолий Соловьев,2022-05-18 06:35:38,"Иногда не работают банкоматы, возникает очередь",4,
43,алексей и.,2021-08-09 10:27:43,"В филиале банка обманывают, предлагают менять железо на бумагу, с комиссией, после чего платить за жкх",1,
44,Людмила В.,2022-01-30 16:24:50,Отзывчивые люди. Быстрое обслуживание.,5,
45,Дианка Королева,2022-12-12 17:57:12,Хорошие работники банка,5,
46,Артемий,2020-05-25 17:15:06,"Обслуживают достаточно быстро, как и везде в Сбербанке. Специалисты внимательные и терпеливые.",5,
47,Андрей Фёдоров,2022-09-19 16:08:55,Могло быть и лучше,3,
48,сергей,2022-12-01 16:31:17,Всё понравилось,5,
49,Елена Рыбинск,2020-05-13 20:55:13,"Отличная аптека,по карману, можно ещё и бонусов накопить, товар какой нибудь выбрать",5,
50,Вова Шаров,2021-10-10 17:44:37,"Банк удобнее, так как ближе к дому",4,
51,Роман,2019-04-11 12:13:06,"Профессионализм и отношение к клиентам сотрудников впечатляют. Работают быстро. Дополнительные услуги предлагают ненавязчиво и по делу. Приятно видеть, как Сбербанк год от года растет.",5,
52,Leonid,2021-09-02 17:19:00,Всегда помогут вам решить все вопросы,5,
53,Роман Смирнов,2021-05-16 07:38:22,"Небольшое отделение зеленого банка, народу обычно мало",3,
54,Андрей Волков,2021-08-13 13:35:26,"как и везде очереди,маленькое помещение.",1,
55,Алёна Трущелёва,2019-08-21 06:07:52,"Всегда хорошее обслуживание, вежливые консультанты, быстро и по делу",5,
56,Сергей Масленников,2021-08-26 08:11:43,Не самое лучшее отделение,4,
57,Ксения,2020-09-22 07:59:38,"Можно на заказ заказать лекарства,аптека небольшая",4,
58,Артём Горохов,2022-06-23 19:33:12,Удобно,4,
59,Сергей Чудов,2021-09-18 09:49:08,Хуже банка не знаю!,1,
60,Валерий,2021-08-28 10:03:49,Нормальное отделение,4,
61,Марат Загиров,2020-05-27 16:22:16,Ничего ни плохого не хорошего об этом заведении не знаю,4,
62,Mickhail K.,2019-10-09 10:26:23,"Наверное самый лучший офис в городе.
Так держать!",4,
63,Ольга Забуга,2019-08-19 15:08:13,Всегда хорошее обслуживание. Спасибо.,5,
64,Артём Бирюзов,2021-08-09 06:04:42,Всё хорошо!,5,
65,Елена Иванова (Гущина),2020-03-19 14:23:07,Очень хорошо обслуживают.,5,
66,Елена,2019-10-26 10:24:24,"Часто очереди,зря банкомат из пятерочки убрали.",3,
67,Сергей Сухачев,2020-02-26 06:34:06,Не удобный график работы.,3,
68,Алексей Всевидящий Маг 88 уровня,2021-06-10 21:44:25,Любимый банк,5,
69,Е,2019-08-28 18:41:54,"Обычное отделение сбера. 3 банкомата при входе, внутри ещё один.",4,
70,Имя,2019-03-22 08:54:00,"Часто не работает банкомат, а народу много",3,
71,Илья Котов,2019-09-25 14:30:41,Как и во всех банках,4,
72,888,2019-08-26 12:05:56,Почти без очередей,3,
73,Диана П.,2019-08-27 16:33:18,Стало лучше.,5,
74,Алексей Валко,2018-06-06 09:55:49,"Так себе,постоянно какие-то мелкие проблемы👎",1,
75,Олег Ш.,2020-02-03 17:07:13,"мало операторов,очереди",4,
76,Артем Равочкин,2018-08-23 06:16:03,"Очереди, очереди, очереди",2,
77,Валерий Бульдин,2019-09-10 18:28:30,В банкоматы очереди,5,
