,ID,name,address,website,ypage,lat,lon,rating,phone,social,opening_hours.mon,opening_hours.tue,opening_hours.wed,opening_hours.thu,opening_hours.fri,opening_hours.sat,opening_hours.sun
0,108842531028,Банк ВТБ,"ул. Бахрушина, 32, стр. 1, Москва",vtb.ru,https://yandex.ru/maps/org/bank_vtb/108842531028/?ll=37.637083%2C55.731952&z=16,55.731952,37.637083,"4,2",['8 (800) 100-24-24Показать телефон'],"['https://ok.ru/vtb', 'https://t.me/vtb_main_bot', 'https://vk.com/vtb']",09:00-20:00,09:00-20:00,09:00-20:00,09:00-20:00,09:00-20:00,выходной,выходной
1,115970153357,Банк ВТБ,"Красная площадь, 3, Москва",vtb.ru,https://yandex.ru/maps/org/bank_vtb/115970153357/?ll=37.621408%2C55.754740&z=16,55.754740,37.621408,"3,9",['8 (800) 100-24-24Показать телефон'],"['https://ok.ru/vtb', 'https://t.me/vtb_main_bot', 'https://vk.com/vtb']",10:00-22:00,10:00-22:00,10:00-22:00,10:00-22:00,10:00-22:00,10:00-22:00,10:00-22:00
2,58126187224,Банк ВТБ,"Марксистская ул., 5, Москва",vtb.ru,https://yandex.ru/maps/org/bank_vtb/58126187224/?ll=37.663953%2C55.737182&z=16,55.737182,37.663953,"4,3",['8 (800) 200-77-99Показать телефон'],"['https://ok.ru/vtb', 'https://t.me/vtb_main_bot', 'https://vk.com/vtb']",09:00-20:00,09:00-20:00,09:00-20:00,09:00-20:00,09:00-20:00,10:00-17:00,выходной
3,1269903998,Банк ВТБ,"Воронцовская ул., 43, стр. 1, Москва",vtb.ru,https://yandex.ru/maps/org/bank_vtb/1269903998/?ll=37.665201%2C55.732909&z=17,55.732909,37.665201,"4,4",['8 (800) 200-77-99Показать телефон'],"['https://ok.ru/vtb', 'https://t.me/vtb_main_bot', 'https://vk.com/vtb']",09:00-18:00,09:00-18:00,09:00-18:00,09:00-18:00,09:00-17:00,выходной,выходной
4,1065477601,Банк ВТБ,"Автозаводская ул., 6, Москва",vtb.ru,https://yandex.ru/maps/org/bank_vtb/1065477601/?ll=37.661042%2C55.709449&z=16,55.709449,37.661042,"4,3",['8 (800) 100-24-24Показать телефон'],"['https://ok.ru/vtb', 'https://t.me/vtb_main_bot', 'https://vk.com/vtb']",09:00-20:00,09:00-20:00,09:00-20:00,09:00-20:00,09:00-20:00,10:00-15:00,выходной
5,235337541767,Банк ВТБ,"Люсиновская ул., 72, Москва",vtb.ru,https://yandex.ru/maps/org/bank_vtb/235337541767/?ll=37.621840%2C55.713700&z=16,55.713700,37.621840,"4,3",['8 (800) 100-24-24Показать телефон'],"['https://ok.ru/vtb', 'https://t.me/vtb_main_bot', 'https://vk.com/vtb']",10:00-19:00,10:00-19:00,10:00-19:00,10:00-19:00,10:00-19:00,выходной,выходной
6,1494695036,Банк ВТБ,"бул. Энтузиастов, 2, Москва",vtb.ru,https://yandex.ru/maps/org/bank_vtb/1494695036/?ll=37.682619%2C55.746482&z=16,55.746482,37.682619,"4,2",['8 (800) 100-24-24Показать телефон'],"['https://ok.ru/vtb', 'https://t.me/vtb_main_bot', 'https://vk.com/vtb']",09:00-20:00,09:00-20:00,09:00-20:00,09:00-20:00,09:00-20:00,выходной,выходной
7,1018823642,Банк ВТБ,"Мясницкая ул., 35, Москва",vtb.ru,https://yandex.ru/maps/org/bank_vtb/1018823642/?ll=37.638081%2C55.766046&z=16,55.766046,37.638081,"4,2",['8 (800) 200-77-99Показать телефон'],"['https://ok.ru/vtb', 'https://t.me/vtb_main_bot', 'https://vk.com/vtb']",выходной,выходной,выходной,выходной,выходной,выходной,выходной
8,4591086156,Банк ВТБ,"Зубовский бул., 27, стр. 1, Москва",vtb.ru,https://yandex.ru/maps/org/bank_vtb/4591086156/?ll=37.588889%2C55.736858&z=16,55.736858,37.588889,"4,3",['8 (800) 100-24-24Показать телефон'],"['https://ok.ru/vtb', 'https://t.me/vtb_main_bot', 'https://vk.com/vtb']",09:00-20:00,09:00-20:00,09:00-20:00,09:00-20:00,09:00-20:00,выходной,выходной
9,220673277256,Банк ВТБ,"Авиамоторная ул., 10, корп. 1, Москва",vtb.ru,https://yandex.ru/maps/org/bank_vtb/220673277256/?ll=37.715246%2C55.754259&z=16,55.754259,37.715246,"4,2",['8 (800) 100-24-24Показать телефон'],"['https://ok.ru/vtb', 'https://t.me/vtb_main_bot', 'https://vk.com/vtb']",10:00-19:00,10:00-19:00,10:00-19:00,10:00-19:00,10:00-19:00,10:00-17:00,выходной
10,1010681681,Банк ВТБ,"ул. Большая Полянка, 30, Москва",vtb.ru,https://yandex.ru/maps/org/bank_vtb/1010681681/?ll=37.618866%2C55.734202&z=16,55.734202,37.618866,"4,2",['8 (800) 200-77-99Показать телефон'],"['https://ok.ru/vtb', 'https://t.me/vtb_main_bot', 'https://vk.com/vtb']",10:00-19:00,10:00-19:00,10:00-19:00,10:00-19:00,10:00-19:00,выходной,выходной
11,1081597905,Банк ВТБ,"ул. Земляной Вал, 27, стр. 1, Москва",vtb.ru,https://yandex.ru/maps/org/bank_vtb/1081597905/?ll=37.658293%2C55.759036&z=16,55.759036,37.658293,"4,1",['8 (800) 100-24-24Показать телефон'],"['https://ok.ru/vtb', 'https://t.me/vtb_main_bot', 'https://vk.com/vtb']",09:00-20:00,09:00-20:00,09:00-20:00,09:00-20:00,09:00-20:00,10:00-15:00,выходной
12,112742912522,Банк ВТБ,"Мытная ул., 7, стр. 1, Москва",vtb.ru,https://yandex.ru/maps/org/bank_vtb/112742912522/?ll=37.618570%2C55.722142&z=16,55.722142,37.618570,"4,2",['8 (800) 500-24-24Показать телефон'],"['https://ok.ru/vtb', 'https://t.me/vtb_main_bot', 'https://vk.com/vtb']",09:00-20:00,09:00-20:00,09:00-20:00,09:00-20:00,09:00-20:00,выходной,выходной
13,117095934626,Банк ВТБ,"просп. Андропова, 30, Москва",vtb.ru,https://yandex.ru/maps/org/bank_vtb/117095934626/?ll=37.662435%2C55.679139&z=16,55.679139,37.662435,"4,0",['8 (800) 100-24-24Показать телефон'],"['https://ok.ru/vtb', 'https://t.me/vtb_main_bot', 'https://vk.com/vtb']",10:00-20:00,10:00-20:00,10:00-20:00,10:00-20:00,10:00-20:00,10:00-17:00,выходной
14,29783571280,Банк ВТБ,"Пресненская наб., 10, стр. 1, Москва",vtb.ru,https://yandex.ru/maps/org/bank_vtb/29783571280/?ll=37.535475%2C55.748914&z=16,55.748914,37.535475,"4,3",['8 (800) 100-24-24Показать телефон'],"['https://ok.ru/vtb', 'https://t.me/vtb_main_bot', 'https://vk.com/vtb']",10:00-20:00,10:00-20:00,10:00-20:00,10:00-20:00,10:00-20:00,выходной,выходной
15,1437293025,Банк ВТБ,"Варшавское ш., 26, Москва",vtb.ru,https://yandex.ru/maps/org/bank_vtb/1437293025/?ll=37.621947%2C55.684503&z=16,55.684503,37.621947,"4,2",['8 (800) 100-24-24Показать телефон'],"['https://ok.ru/vtb', 'https://t.me/vtb_main_bot', 'https://vk.com/vtb']",10:00-19:00,10:00-19:00,10:00-19:00,10:00-19:00,10:00-19:00,выходной,выходной
16,27133499164,Банк ВТБ,"Пушечная ул., 5, Москва",vtb.ru,https://yandex.ru/maps/org/bank_vtb/27133499164/?ll=37.621983%2C55.760996&z=16,55.760996,37.621983,"4,1",['8 (800) 100-24-24Показать телефон'],"['https://ok.ru/vtb', 'https://t.me/vtb_main_bot', 'https://vk.com/vtb']",10:00-19:00,10:00-19:00,10:00-19:00,10:00-19:00,10:00-19:00,выходной,выходной
17,1130286215,Банк ВТБ,"3-я Фрунзенская ул., 9, Москва",vtb.ru,https://yandex.ru/maps/org/bank_vtb/1130286215/?ll=37.576824%2C55.721240&z=16,55.721240,37.576824,"4,3",['8 (800) 100-24-24Показать телефон'],"['https://ok.ru/vtb', 'https://t.me/vtb_main_bot', 'https://vk.com/vtb']",09:00-20:00,09:00-20:00,09:00-20:00,09:00-20:00,09:00-20:00,выходной,выходной
18,1033745759,Банк ВТБ,"Садовая-Триумфальная ул., 4/10, Москва",vtb.ru,https://yandex.ru/maps/org/bank_vtb/1033745759/?ll=37.599193%2C55.770431&z=16,55.770431,37.599193,"4,3",['8 (800) 500-24-24Показать телефон'],"['https://ok.ru/vtb', 'https://t.me/vtb_main_bot', 'https://vk.com/vtb']",10:00-19:00,10:00-19:00,10:00-19:00,10:00-19:00,10:00-19:00,выходной,выходной
19,1327391199,Банк ВТБ,"Люблинская ул., 4, корп. 1, Москва",vtb.ru,https://yandex.ru/maps/org/bank_vtb/1327391199/?ll=37.729925%2C55.707841&z=16,55.707841,37.729925,"4,2",['8 (800) 100-24-24Показать телефон'],"['https://ok.ru/vtb', 'https://t.me/vtb_main_bot', 'https://vk.com/vtb']",10:00-19:00,10:00-19:00,10:00-19:00,10:00-19:00,10:00-19:00,выходной,выходной
20,7128644451,Банк ВТБ,"Спартаковская ул., 17, Москва",vtb.ru,https://yandex.ru/maps/org/bank_vtb/7128644451/?ll=37.676313%2C55.772882&z=16,55.772882,37.676313,"4,1",['8 (800) 100-24-24Показать телефон'],"['https://ok.ru/vtb', 'https://t.me/vtb_main_bot', 'https://vk.com/vtb']",09:00-20:00,09:00-20:00,09:00-20:00,09:00-20:00,09:00-20:00,выходной,выходной
21,65217920821,Банк ВТБ,"Новослободская ул., 41, Москва",vtb.ru,https://yandex.ru/maps/org/bank_vtb/65217920821/?ll=37.596866%2C55.783393&z=16,55.783393,37.596866,"4,3",['8 (800) 100-24-24Показать телефон'],"['https://ok.ru/vtb', 'https://t.me/vtb_main_bot', 'https://vk.com/vtb']",10:00-19:00,10:00-19:00,10:00-19:00,10:00-19:00,10:00-19:00,выходной,выходной
22,1319804464,Банк ВТБ,"ул. Воздвиженка, 9, Москва",vtb.ru,https://yandex.ru/maps/org/bank_vtb/1319804464/?ll=37.604753%2C55.752592&z=16,55.752592,37.604753,"4,3",['8 (800) 100-24-24Показать телефон'],"['https://ok.ru/vtb', 'https://t.me/vtb_main_bot', 'https://vk.com/vtb']",09:00-20:00,09:00-20:00,09:00-20:00,09:00-20:00,09:00-20:00,выходной,выходной
23,1070033100,Банк ВТБ,"Семёновская площадь, 7, корп. 17, Москва",vtb.ru,https://yandex.ru/maps/org/bank_vtb/1070033100/?ll=37.721301%2C55.783610&z=16,55.783610,37.721301,"4,3",['8 (800) 100-24-24Показать телефон'],"['https://ok.ru/vtb', 'https://t.me/vtb_main_bot', 'https://vk.com/vtb']",09:00-20:00,09:00-20:00,09:00-20:00,09:00-20:00,09:00-20:00,10:00-17:00,выходной
24,72023112309,Банк ВТБ,"Новая Басманная ул., 37А, Москва",vtb.ru,https://yandex.ru/maps/org/bank_vtb/72023112309/?ll=37.669082%2C55.769970&z=16,55.769970,37.669082,"4,1",['8 (800) 100-24-24Показать телефон'],"['https://ok.ru/vtb', 'https://t.me/vtb_main_bot', 'https://vk.com/vtb']",10:00-19:00,10:00-19:00,10:00-19:00,10:00-19:00,10:00-19:00,выходной,выходной
25,11536838795,Банк ВТБ,"ул. Кузнецкий Мост, 17, Москва",vtb.ru,https://yandex.ru/maps/org/bank_vtb/11536838795/?ll=37.624812%2C55.762247&z=16,55.762247,37.624812,"4,3",['8 (800) 100-24-24Показать телефон'],"['https://ok.ru/vtb', 'https://t.me/vtb_main_bot', 'https://vk.com/vtb']",09:00-20:00,09:00-20:00,09:00-20:00,09:00-20:00,09:00-20:00,выходной,выходной
26,1255057274,Банк ВТБ,"просп. Мира, 41, стр. 2, Москва",vtb.ru,https://yandex.ru/maps/org/bank_vtb/1255057274/?ll=37.632637%2C55.781616&z=16,55.781616,37.632637,"4,1",['8 (800) 100-24-24Показать телефон'],"['https://ok.ru/vtb', 'https://t.me/vtb_main_bot', 'https://vk.com/vtb']",09:00-18:00,09:00-18:00,09:00-18:00,09:00-18:00,09:00-18:00,выходной,выходной
27,25664524981,Банк ВТБ,"площадь Победы, 1, корп. Б, Москва",vtb.ru,https://yandex.ru/maps/org/bank_vtb/25664524981/?ll=37.519539%2C55.735596&z=16,55.735596,37.519539,"4,3",['8 (800) 200-77-99Показать телефон'],"['https://ok.ru/vtb', 'https://t.me/vtb_main_bot', 'https://vk.com/vtb']",09:00-20:00,09:00-20:00,09:00-20:00,09:00-20:00,09:00-20:00,10:00-17:00,выходной
28,1057066856,Банк ВТБ,"4-й Лесной пер., 4, Москва",vtb.ru,https://yandex.ru/maps/org/bank_vtb/1057066856/?ll=37.586931%2C55.779069&z=16,55.779069,37.586931,"4,2",['8 (800) 100-24-24Показать телефон'],"['https://ok.ru/vtb', 'https://t.me/vtb_main_bot', 'https://vk.com/vtb']",10:00-19:00,10:00-19:00,10:00-19:00,10:00-19:00,10:00-19:00,выходной,выходной
29,74709651787,Банк ВТБ,"ул. Арбат, 51, стр. 1, Москва",vtb.ru,https://yandex.ru/maps/org/bank_vtb/74709651787/?ll=37.586689%2C55.747784&z=16,55.747784,37.586689,"4,3",['8 (800) 100-24-24Показать телефон'],"['https://ok.ru/vtb', 'https://t.me/vtb_main_bot', 'https://vk.com/vtb']",10:00-19:00,10:00-19:00,10:00-19:00,10:00-19:00,10:00-19:00,выходной,выходной
30,1086135893,Банк ВТБ,"Тверская ул., 8, корп. 1, Москва",vtb.ru,https://yandex.ru/maps/org/bank_vtb/1086135893/?ll=37.609640%2C55.762120&z=16,55.762120,37.609640,"4,2",['8 (800) 100-24-24Показать телефон'],"['https://ok.ru/vtb', 'https://t.me/vtb_main_bot', 'https://vk.com/vtb']",10:00-18:00,10:00-18:00,10:00-18:00,10:00-18:00,10:00-18:00,выходной,выходной
31,154867663938,Банк ВТБ,"просп. Мира, 97, Москва",vtb.ru,https://yandex.ru/maps/org/bank_vtb/154867663938/?ll=37.636338%2C55.809105&z=16,55.809105,37.636338,"4,2",['8 (800) 100-24-24Показать телефон'],"['https://ok.ru/vtb', 'https://t.me/vtb_main_bot', 'https://vk.com/vtb']",10:00-20:00,10:00-20:00,10:00-20:00,10:00-20:00,10:00-20:00,10:00-17:00,выходной
32,17240174828,Банк ВТБ,"Большая Никитская ул., 33, стр. 1, Москва",vtb.ru,https://yandex.ru/maps/org/bank_vtb/17240174828/?ll=37.595582%2C55.757075&z=16,55.757075,37.595582,"4,2",['8 (800) 200-77-99Показать телефон'],"['https://ok.ru/vtb', 'https://t.me/vtb_main_bot', 'https://vk.com/vtb']",09:00-18:00,09:00-18:00,09:00-18:00,09:00-18:00,09:00-18:00,выходной,выходной
33,1420832132,Банк ВТБ,"ул. Земляной Вал, 52/16с1, Москва",vtb.ru,https://yandex.ru/maps/org/bank_vtb/1420832132/?ll=37.655131%2C55.748949&z=16,55.748949,37.655131,"4,1",['8 (800) 100-24-24Показать телефон'],"['https://ok.ru/vtb', 'https://t.me/vtb_main_bot', 'https://vk.com/vtb']",10:00-19:00,10:00-19:00,10:00-19:00,10:00-19:00,10:00-19:00,выходной,выходной
34,1270083581,Банк ВТБ,"Звенигородское ш., 18/20к1, Москва",vtb.ru,https://yandex.ru/maps/org/bank_vtb/1270083581/?ll=37.556118%2C55.764324&z=16,55.764324,37.556118,"4,2",['8 (800) 100-24-24Показать телефон'],"['https://ok.ru/vtb', 'https://t.me/vtb_main_bot', 'https://vk.com/vtb']",10:00-19:00,10:00-19:00,10:00-19:00,10:00-19:00,10:00-19:00,выходной,выходной
35,1531857223,Банк ВТБ,"Нахимовский просп., 11, корп. 1, Москва",vtb.ru,https://yandex.ru/maps/org/bank_vtb/1531857223/?ll=37.605400%2C55.663512&z=16,55.663512,37.605400,"4,3",['8 (800) 100-24-24Показать телефон'],"['https://ok.ru/vtb', 'https://t.me/vtb_main_bot', 'https://vk.com/vtb']",10:00-19:00,10:00-19:00,10:00-19:00,10:00-19:00,10:00-19:00,выходной,выходной
36,1073336641,Банк ВТБ,"ул. Большая Лубянка, 16, стр. 1, Москва",vtb.ru,https://yandex.ru/maps/org/bank_vtb/1073336641/?ll=37.628847%2C55.762936&z=16,55.762936,37.628847,"4,4",['8 (800) 100-24-24Показать телефон'],"['https://ok.ru/vtb', 'https://t.me/vtb_main_bot', 'https://vk.com/vtb']",09:00-18:00,09:00-18:00,09:00-18:00,09:00-18:00,09:00-17:00,выходной,выходной
37,1759951598,Банк ВТБ,"ул. Красная Пресня, 11, Москва",vtb.ru,https://yandex.ru/maps/org/bank_vtb/1759951598/?ll=37.572325%2C55.761188&z=16,55.761188,37.572325,"4,2",['8 (800) 500-24-24Показать телефон'],"['https://ok.ru/vtb', 'https://t.me/vtb_main_bot', 'https://vk.com/vtb']",10:00-19:00,10:00-19:00,10:00-19:00,10:00-19:00,10:00-19:00,выходной,выходной
38,57803806217,Банк ВТБ,"Кантемировская ул., 47, Москва",vtb.ru,https://yandex.ru/maps/org/bank_vtb/57803806217/?ll=37.656182%2C55.637799&z=16,55.637799,37.656182,"4,2",['8 (800) 100-24-24Показать телефон'],"['https://ok.ru/vtb', 'https://t.me/vtb_main_bot', 'https://vk.com/vtb']",10:00-19:00,10:00-19:00,10:00-19:00,10:00-19:00,10:00-19:00,10:00-17:00,выходной
39,1394732712,Банк ВТБ,"Неглинная ул., 14, стр. 1А, Москва",vtb.ru,https://yandex.ru/maps/org/bank_vtb/1394732712/?ll=37.620393%2C55.764273&z=16,55.764273,37.620393,"4,3",['8 (800) 100-24-24Показать телефон'],"['https://ok.ru/vtb', 'https://t.me/vtb_main_bot', 'https://vk.com/vtb']",10:00-19:00,10:00-19:00,10:00-19:00,10:00-19:00,10:00-19:00,выходной,выходной
40,21763314314,Банк ВТБ,"Волгоградский просп., 94, корп. 1, Москва",vtb.ru,https://yandex.ru/maps/org/bank_vtb/21763314314/?ll=37.771328%2C55.704073&z=16,55.704073,37.771328,"4,1",['8 (800) 100-24-24Показать телефон'],"['https://ok.ru/vtb', 'https://t.me/vtb_main_bot', 'https://vk.com/vtb']",09:00-20:00,09:00-20:00,09:00-20:00,09:00-20:00,09:00-20:00,10:00-17:00,выходной
41,1096076218,Банк ВТБ,"Люблинская ул., 165, Москва",vtb.ru,https://yandex.ru/maps/org/bank_vtb/1096076218/?ll=37.745924%2C55.650506&z=16,55.650506,37.745924,"4,2",['8 (800) 100-24-24Показать телефон'],"['https://ok.ru/vtb', 'https://t.me/vtb_main_bot', 'https://vk.com/vtb']",09:00-20:00,09:00-20:00,09:00-20:00,09:00-20:00,09:00-20:00,10:00-17:00,10:00-17:00
42,186437166625,Банк ВТБ,"Сокольническая площадь, 4к1-2, Москва",vtb.ru,https://yandex.ru/maps/org/bank_vtb/186437166625/?ll=37.677894%2C55.789922&z=16,55.789922,37.677894,"4,3",['8 (800) 100-24-24Показать телефон'],"['https://ok.ru/vtb', 'https://t.me/vtb_main_bot', 'https://vk.com/vtb']",10:00-19:00,10:00-19:00,10:00-19:00,10:00-19:00,10:00-19:00,10:00-17:00,выходной
43,120349263024,Банк ВТБ,"Профсоюзная ул., 56, Москва",vtb.ru,https://yandex.ru/maps/org/bank_vtb/120349263024/?ll=37.552481%2C55.670021&z=16,55.670021,37.552481,"4,2",['8 (800) 100-24-24Показать телефон'],"['https://ok.ru/vtb', 'https://t.me/vtb_main_bot', 'https://vk.com/vtb']",10:00-20:00,10:00-20:00,10:00-20:00,10:00-20:00,10:00-20:00,10:00-17:00,выходной
44,1310673410,Банк ВТБ,"Профсоюзная ул., 15, Москва",vtb.ru,https://yandex.ru/maps/org/bank_vtb/1310673410/?ll=37.565336%2C55.679514&z=16,55.679514,37.565336,"4,2",['8 (800) 200-77-99Показать телефон'],"['https://ok.ru/vtb', 'https://t.me/vtb_main_bot', 'https://vk.com/vtb']",10:00-19:00,10:00-19:00,10:00-19:00,10:00-19:00,10:00-19:00,выходной,выходной
45,1059995666,Банк ВТБ,"Большая Сухаревская площадь, 14/7, Москва",vtb.ru,https://yandex.ru/maps/org/bank_vtb/1059995666/?ll=37.636697%2C55.771818&z=16,55.771818,37.636697,"4,2",['8 (800) 100-24-24Показать телефон'],"['https://ok.ru/vtb', 'https://t.me/vtb_main_bot', 'https://vk.com/vtb']",10:00-19:00,10:00-19:00,10:00-19:00,10:00-19:00,10:00-19:00,выходной,выходной
46,1060668956,Банк ВТБ,"ул. Покровка, 28, стр. 1, Москва",vtb.ru,https://yandex.ru/maps/org/bank_vtb/1060668956/?ll=37.650029%2C55.760429&z=16,55.760429,37.650029,"4,3",['8 (800) 500-24-24Показать телефон'],"['https://ok.ru/vtb', 'https://t.me/vtb_main_bot', 'https://vk.com/vtb']",09:00-20:00,09:00-20:00,09:00-20:00,09:00-20:00,09:00-20:00,10:00-17:00,выходной
47,182810389580,Банк ВТБ,"Совхозная ул., 41, Москва",vtb.ru,https://yandex.ru/maps/org/bank_vtb/182810389580/?ll=37.760234%2C55.674575&z=16,55.674575,37.760234,"4,3",['8 (800) 200-77-99Показать телефон'],"['https://ok.ru/vtb', 'https://t.me/vtb_main_bot', 'https://vk.com/vtb']",09:00-20:00,09:00-20:00,09:00-20:00,09:00-20:00,09:00-20:00,10:00-17:00,выходной
48,1218613928,Банк ВТБ,"Бутырская ул., 11, Москва",vtb.ru,https://yandex.ru/maps/org/bank_vtb/1218613928/?ll=37.583392%2C55.796011&z=16,55.796011,37.583392,"4,3",['8 (800) 200-77-99Показать телефон'],"['https://ok.ru/vtb', 'https://t.me/vtb_main_bot', 'https://vk.com/vtb']",10:00-19:00,10:00-19:00,10:00-19:00,10:00-19:00,10:00-19:00,выходной,выходной
49,35412070788,Банк ВТБ,"Профсоюзная ул., 12, Москва",vtb.ru,https://yandex.ru/maps/org/bank_vtb/35412070788/?ll=37.570123%2C55.685437&z=16,55.685437,37.570123,"4,2",['8 (800) 100-24-24Показать телефон'],"['https://ok.ru/vtb', 'https://t.me/vtb_main_bot', 'https://vk.com/vtb']",10:00-19:00,10:00-19:00,10:00-19:00,10:00-19:00,10:00-19:00,10:00-17:00,выходной
50,37012281512,Банк ВТБ,"Бродников пер., 4, Москва",vtb.ru,https://yandex.ru/maps/org/bank_vtb/37012281512/?ll=37.617959%2C55.737446&z=16,55.737446,37.617959,"4,2",['8 (800) 100-24-24Показать телефон'],"['https://ok.ru/vtb', 'https://t.me/vtb_main_bot', 'https://vk.com/vtb']",09:00-18:00,09:00-18:00,09:00-18:00,09:00-18:00,09:00-17:00,выходной,выходной
51,1662536963,Банк ВТБ,"1-я Тверская-Ямская ул., 7, Москва",vtb.ru,https://yandex.ru/maps/org/bank_vtb/1662536963/?ll=37.592815%2C55.771525&z=16,55.771525,37.592815,"4,2",['8 (800) 100-24-24Показать телефон'],"['https://ok.ru/vtb', 'https://t.me/vtb_main_bot', 'https://vk.com/vtb']",10:00-19:00,10:00-19:00,10:00-19:00,10:00-19:00,10:00-19:00,выходной,выходной
52,1099217561,Банк ВТБ,"Ленинский просп., 34/1, Москва",vtb.ru,https://yandex.ru/maps/org/bank_vtb/1099217561/?ll=37.577750%2C55.707365&z=16,55.707365,37.577750,"4,0",['8 (800) 100-24-24Показать телефон'],"['https://ok.ru/vtb', 'https://t.me/vtb_main_bot', 'https://vk.com/vtb']",10:00-19:00,10:00-19:00,10:00-19:00,10:00-19:00,10:00-19:00,выходной,выходной
53,83314062840,Банк ВТБ,"Киевская ул., 2, Москва",vtb.ru,https://yandex.ru/maps/org/bank_vtb/83314062840/?ll=37.562722%2C55.743467&z=16,55.743467,37.562722,"4,0",['8 (800) 100-24-24Показать телефон'],"['https://ok.ru/vtb', 'https://t.me/vtb_main_bot', 'https://vk.com/vtb']",10:00-19:00,10:00-19:00,10:00-19:00,10:00-19:00,10:00-19:00,выходной,выходной
54,1275504150,Банк ВТБ,"просп. Вернадского, 29, Москва",vtb.ru,https://yandex.ru/maps/org/bank_vtb/1275504150/?ll=37.516449%2C55.681712&z=16,55.681712,37.516449,"4,2",['8 (800) 100-24-24Показать телефон'],"['https://ok.ru/vtb', 'https://t.me/vtb_main_bot', 'https://vk.com/vtb']",09:00-20:00,09:00-20:00,09:00-20:00,09:00-20:00,09:00-20:00,10:00-17:00,выходной
55,32289656542,Банк ВТБ,"Дмитровское ш., 13А, Москва",vtb.ru,https://yandex.ru/maps/org/bank_vtb/32289656542/?ll=37.573501%2C55.818716&z=16,55.818716,37.573501,"4,1",['8 (800) 100-24-24Показать телефон'],"['https://ok.ru/vtb', 'https://t.me/vtb_main_bot', 'https://vk.com/vtb']",09:00-19:00,09:00-19:00,09:00-19:00,09:00-19:00,09:00-19:00,выходной,выходной
56,137237435722,Банк ВТБ,"ул. Дмитрия Ульянова, 24, Москва",vtb.ru,https://yandex.ru/maps/org/bank_vtb/137237435722/?ll=37.574974%2C55.686731&z=16,55.686731,37.574974,"4,1",['8 (800) 100-24-24Показать телефон'],"['https://ok.ru/vtb', 'https://t.me/vtb_main_bot', 'https://vk.com/vtb']",10:00-19:00,10:00-19:00,10:00-19:00,10:00-19:00,10:00-19:00,10:00-15:00,выходной
57,1243081137,Банк ВТБ,"Дмитровское ш., 64, корп. 1, Москва",vtb.ru,https://yandex.ru/maps/org/bank_vtb/1243081137/?ll=37.562981%2C55.855361&z=16,55.855361,37.562981,"4,3",['8 (800) 200-77-99Показать телефон'],"['https://ok.ru/vtb', 'https://t.me/vtb_main_bot', 'https://vk.com/vtb']",09:00-20:00,09:00-20:00,09:00-20:00,09:00-20:00,09:00-20:00,10:00-17:00,10:00-15:00
58,1214808353,Банк ВТБ,"Краснопрудная ул., 18, стр. 1, Москва",vtb.ru,https://yandex.ru/maps/org/bank_vtb/1214808353/?ll=37.662884%2C55.777287&z=16,55.777287,37.662884,"4,3",['8 (800) 100-24-24Показать телефон'],"['https://ok.ru/vtb', 'https://t.me/vtb_main_bot', 'https://vk.com/vtb']",10:00-19:00,10:00-19:00,10:00-19:00,10:00-19:00,10:00-19:00,выходной,выходной
59,1320953515,Банк ВТБ,"Рязанский просп., 71, корп. 1, Москва",vtb.ru,https://yandex.ru/maps/org/bank_vtb/1320953515/?ll=37.788270%2C55.718634&z=16,55.718634,37.788270,"4,3",['8 (800) 100-24-24Показать телефон'],"['https://ok.ru/vtb', 'https://t.me/vtb_main_bot', 'https://vk.com/vtb']",10:00-19:00,10:00-19:00,10:00-19:00,10:00-19:00,10:00-19:00,10:00-17:00,выходной
60,1508412341,Банк ВТБ,"Чертановская ул., 1В, корп. 1, Москва",vtb.ru,https://yandex.ru/maps/org/bank_vtb/1508412341/?ll=37.607143%2C55.639461&z=16,55.639461,37.607143,"4,3",['8 (800) 100-24-24Показать телефон'],"['https://ok.ru/vtb', 'https://t.me/vtb_main_bot', 'https://vk.com/vtb']",10:00-20:00,10:00-20:00,10:00-20:00,10:00-20:00,10:00-20:00,10:00-17:00,выходной
61,149052401015,Банк ВТБ,"Долгоруковская ул., 40, Москва",vtb.ru,https://yandex.ru/maps/org/bank_vtb/149052401015/?ll=37.602023%2C55.778735&z=16,55.778735,37.602023,"4,2",['8 (800) 100-24-24Показать телефон'],"['https://ok.ru/vtb', 'https://t.me/vtb_main_bot', 'https://vk.com/vtb']",10:00-19:00,10:00-19:00,10:00-19:00,10:00-19:00,10:00-19:00,10:00-17:00,выходной
62,44940801987,Банк ВТБ,"Мичуринский просп., 34, Москва",vtb.ru,https://yandex.ru/maps/org/bank_vtb/44940801987/?ll=37.512770%2C55.707601&z=12,55.707601,37.512770,"4,3",['8 (800) 100-24-24Показать телефон'],"['https://ok.ru/vtb', 'https://t.me/vtb_main_bot', 'https://vk.com/vtb']",09:00-20:00,09:00-20:00,09:00-20:00,09:00-20:00,09:00-20:00,10:00-17:00,выходной
63,90150627438,Банк ВТБ,"Ленинский просп., 64/2, Москва",vtb.ru,https://yandex.ru/maps/org/bank_vtb/90150627438/?ll=37.551726%2C55.692475&z=16,55.692475,37.551726,"4,2",['8 (800) 200-77-99Показать телефон'],"['https://ok.ru/vtb', 'https://t.me/vtb_main_bot', 'https://vk.com/vtb']",10:00-19:00,10:00-19:00,10:00-19:00,10:00-19:00,10:00-19:00,выходной,выходной
64,226682227522,Банк ВТБ,"Кировоградская ул., 14, Москва",vtb.ru,https://yandex.ru/maps/org/bank_vtb/226682227522/?ll=37.605939%2C55.622609&z=16,55.622609,37.605939,"4,3",['8 (800) 100-24-24Показать телефон'],"['https://ok.ru/vtb', 'https://t.me/vtb_main_bot', 'https://vk.com/vtb']",10:00-20:00,10:00-20:00,10:00-20:00,10:00-20:00,10:00-20:00,10:00-17:00,выходной
65,68953039594,Банк ВТБ,"2-я Владимирская ул., 45, Москва",vtb.ru,https://yandex.ru/maps/org/bank_vtb/68953039594/?ll=37.786267%2C55.749360&z=16,55.749360,37.786267,"4,2",['8 (800) 200-77-99Показать телефон'],"['https://ok.ru/vtb', 'https://t.me/vtb_main_bot', 'https://vk.com/vtb']",10:00-19:00,10:00-19:00,10:00-19:00,10:00-19:00,10:00-19:00,10:00-17:00,выходной
66,1503457777,Банк ВТБ,"ул. Барклая, 7, Москва",vtb.ru,https://yandex.ru/maps/org/bank_vtb/1503457777/?ll=37.499614%2C55.740426&z=16,55.740426,37.499614,"4,2",['8 (800) 100-24-24Показать телефон'],"['https://ok.ru/vtb', 'https://t.me/vtb_main_bot', 'https://vk.com/vtb']",09:00-20:00,09:00-20:00,09:00-20:00,09:00-20:00,09:00-20:00,10:00-17:00,выходной
67,1510939541,Банк ВТБ,"Комсомольский просп., 48, Москва",vtb.ru,https://yandex.ru/maps/org/bank_vtb/1510939541/?ll=37.571174%2C55.719830&z=16,55.719830,37.571174,"4,3",['8 (800) 100-24-24Показать телефон'],"['https://ok.ru/vtb', 'https://t.me/vtb_main_bot', 'https://vk.com/vtb']",09:00-20:00,09:00-20:00,09:00-20:00,09:00-20:00,09:00-20:00,выходной,выходной
68,1139314974,Банк ВТБ,"Тверская ул., 6, стр. 7, Москва",vtb.ru,https://yandex.ru/maps/org/bank_vtb/1139314974/?ll=37.612506%2C55.759735&z=16,55.759735,37.612506,"4,3",['8 (800) 100-24-24Показать телефон'],"['https://ok.ru/vtb', 'https://t.me/vtb_main_bot', 'https://vk.com/vtb']",10:00-19:00,10:00-19:00,10:00-19:00,10:00-19:00,10:00-19:00,10:00-17:00,выходной
69,32980777105,Банк ВТБ,"Каширское ш., 26, корп. 2, Москва",vtb.ru,https://yandex.ru/maps/org/bank_vtb/32980777105/?ll=37.648178%2C55.653517&z=16,55.653517,37.648178,"4,3",['8 (800) 100-24-24Показать телефон'],"['https://ok.ru/vtb', 'https://t.me/vtb_main_bot', 'https://vk.com/vtb']",10:00-19:00,10:00-19:00,10:00-19:00,10:00-19:00,10:00-19:00,выходной,выходной
70,1536220377,Банк ВТБ,"ул. Маршала Бирюзова, 8, корп. 1, Москва",vtb.ru,https://yandex.ru/maps/org/bank_vtb/1536220377/?ll=37.496794%2C55.792189&z=16,55.792189,37.496794,"4,2",['8 (800) 100-24-24Показать телефон'],"['https://ok.ru/vtb', 'https://t.me/vtb_main_bot', 'https://vk.com/vtb']",10:00-20:00,10:00-20:00,10:00-20:00,10:00-20:00,10:00-20:00,10:00-17:00,выходной
71,1417187528,Банк ВТБ,"Ленинградский просп., 60, корп. 2, Москва",vtb.ru,https://yandex.ru/maps/org/bank_vtb/1417187528/?ll=37.536185%2C55.799340&z=16,55.799340,37.536185,"4,3",['8 (800) 100-24-24Показать телефон'],"['https://ok.ru/vtb', 'https://t.me/vtb_main_bot', 'https://vk.com/vtb']",10:00-20:00,10:00-20:00,10:00-20:00,10:00-20:00,10:00-20:00,выходной,выходной
72,130819204134,Банк ВТБ,"ул. Остоженка, 11, Москва",vtb.ru,https://yandex.ru/maps/org/bank_vtb/130819204134/?ll=37.599750%2C55.741744&z=16,55.741744,37.599750,"4,3",['8 (800) 100-24-24Показать телефон'],"['https://ok.ru/vtb', 'https://t.me/vtb_main_bot', 'https://vk.com/vtb']",09:00-20:00,09:00-20:00,09:00-20:00,09:00-20:00,09:00-20:00,выходной,выходной
73,1058116075,Банк ВТБ,"Большая Черкизовская ул., 5А, Москва",vtb.ru,https://yandex.ru/maps/org/bank_vtb/1058116075/?ll=37.718723%2C55.797306&z=16,55.797306,37.718723,"4,1",['8 (800) 100-24-24Показать телефон'],"['https://ok.ru/vtb', 'https://t.me/vtb_main_bot', 'https://vk.com/vtb']",10:00-19:00,10:00-19:00,10:00-19:00,10:00-19:00,10:00-19:00,10:00-17:00,выходной
74,159633123975,Банк ВТБ,"Свободный просп., 20, Москва",vtb.ru,https://yandex.ru/maps/org/bank_vtb/159633123975/?ll=37.816238%2C55.750866&z=17,55.750866,37.816238,"4,3",['8 (800) 100-24-24Показать телефон'],"['https://ok.ru/vtb', 'https://t.me/vtb_main_bot', 'https://vk.com/vtb']",10:00-19:00,10:00-19:00,10:00-19:00,10:00-19:00,10:00-19:00,10:00-17:00,выходной
75,202736422246,Банк ВТБ,"Братиславская ул., 14, Москва",vtb.ru,https://yandex.ru/maps/org/bank_vtb/202736422246/?ll=37.755015%2C55.659124&z=16,55.659124,37.755015,"4,3",['8 (800) 100-24-24Показать телефон'],"['https://ok.ru/vtb', 'https://t.me/vtb_main_bot', 'https://vk.com/vtb']",09:00-20:00,09:00-20:00,09:00-20:00,09:00-20:00,09:00-20:00,10:00-17:00,выходной
76,1006637277,Банк ВТБ,"Варшавское ш., 87, Москва",vtb.ru,https://yandex.ru/maps/org/bank_vtb/1006637277/?ll=37.620699%2C55.652939&z=16,55.652939,37.620699,"4,3",['8 (800) 100-24-24Показать телефон'],"['https://ok.ru/vtb', 'https://t.me/vtb_main_bot', 'https://vk.com/vtb']",10:00-19:00,10:00-19:00,10:00-19:00,10:00-19:00,10:00-19:00,выходной,выходной
77,1167797824,Банк ВТБ,"ул. Генерала Белова, 33А, Москва",vtb.ru,https://yandex.ru/maps/org/bank_vtb/1167797824/?ll=37.722127%2C55.612274&z=16,55.612274,37.722127,"4,2",['8 (800) 100-24-24Показать телефон'],"['https://ok.ru/vtb', 'https://t.me/vtb_main_bot', 'https://vk.com/vtb']",10:00-19:00,10:00-19:00,10:00-19:00,10:00-19:00,10:00-19:00,10:00-17:00,10:00-17:00
78,100378522032,Банк ВТБ,"Ленинский просп., 69, Москва",vtb.ru,https://yandex.ru/maps/org/bank_vtb/100378522032/?ll=37.550657%2C55.690374&z=16,55.690374,37.550657,"4,2",['8 (800) 100-24-24Показать телефон'],"['https://ok.ru/vtb', 'https://t.me/vtb_main_bot', 'https://vk.com/vtb']",10:00-19:00,10:00-19:00,10:00-19:00,10:00-19:00,10:00-19:00,10:00-17:00,выходной
79,1027838939,Банк ВТБ,"просп. Мира, 76, Москва",vtb.ru,https://yandex.ru/maps/org/bank_vtb/1027838939/?ll=37.635180%2C55.790711&z=16,55.790711,37.635180,"4,2",['8 (800) 100-24-24Показать телефон'],"['https://ok.ru/vtb', 'https://t.me/vtb_main_bot', 'https://vk.com/vtb']",10:00-19:00,10:00-19:00,10:00-19:00,10:00-19:00,10:00-19:00,выходной,выходной
80,1452029437,Банк ВТБ,"Ленинградский просп., 77, корп. 2, Москва",vtb.ru,https://yandex.ru/maps/org/bank_vtb/1452029437/?ll=37.508184%2C55.805214&z=16,55.805214,37.508184,"4,3",['8 (800) 100-24-24Показать телефон'],"['https://ok.ru/vtb', 'https://t.me/vtb_main_bot', 'https://vk.com/vtb']",09:00-20:00,09:00-20:00,09:00-20:00,09:00-20:00,09:00-20:00,10:00-17:00,выходной
81,1271730046,Банк ВТБ,"Каланчёвская ул., 35, Москва",vtb.ru,https://yandex.ru/maps/org/bank_vtb/1271730046/?ll=37.647891%2C55.776781&z=16,55.776781,37.647891,"4,4",['8 (800) 100-24-24Показать телефон'],"['https://ok.ru/vtb', 'https://t.me/vtb_main_bot', 'https://vk.com/vtb']",10:00-19:00,10:00-19:00,10:00-19:00,10:00-19:00,10:00-19:00,выходной,выходной
82,1397223597,Банк ВТБ,"Измайловский бул., 46, Москва",vtb.ru,https://yandex.ru/maps/org/bank_vtb/1397223597/?ll=37.805842%2C55.796345&z=16,55.796345,37.805842,"4,3",['8 (800) 100-24-24Показать телефон'],"['https://ok.ru/vtb', 'https://t.me/vtb_main_bot', 'https://vk.com/vtb']",10:00-19:00,10:00-19:00,10:00-19:00,10:00-19:00,10:00-19:00,10:00-17:00,10:00-17:00
83,1365092242,Банк ВТБ,"просп. Мира, 180, Москва",vtb.ru,https://yandex.ru/maps/org/bank_vtb/1365092242/?ll=37.645897%2C55.824253&z=16,55.824253,37.645897,"4,2",['8 (800) 100-24-24Показать телефон'],"['https://ok.ru/vtb', 'https://t.me/vtb_main_bot', 'https://vk.com/vtb']",10:00-19:00,10:00-19:00,10:00-19:00,10:00-19:00,10:00-19:00,выходной,выходной
84,177929122556,Банк ВТБ,"Вешняковская ул., 20Б, Москва",vtb.ru,https://yandex.ru/maps/org/bank_vtb/177929122556/?ll=37.823062%2C55.721204&z=16,55.721204,37.823062,"4,3",['8 (800) 100-24-24Показать телефон'],"['https://ok.ru/vtb', 'https://t.me/vtb_main_bot', 'https://vk.com/vtb']",10:00-20:00,10:00-20:00,10:00-20:00,10:00-20:00,10:00-20:00,10:00-17:00,10:00-15:00
85,1017083166,Банк ВТБ,"Мичуринский просп., 7, Москва",vtb.ru,https://yandex.ru/maps/org/bank_vtb/1017083166/?ll=37.509703%2C55.702729&z=16,55.702729,37.509703,"4,3",['8 (800) 100-24-24Показать телефон'],"['https://ok.ru/vtb', 'https://t.me/vtb_main_bot', 'https://vk.com/vtb']",09:00-20:00,09:00-20:00,09:00-20:00,09:00-20:00,09:00-20:00,10:00-17:00,выходной
86,1078005708,Банк ВТБ,"Новоясеневский просп., 2А, стр. 1, Москва",vtb.ru,https://yandex.ru/maps/org/bank_vtb/1078005708/?ll=37.505768%2C55.617775&z=16,55.617775,37.505768,"4,3",['8 (800) 100-24-24Показать телефон'],"['https://ok.ru/vtb', 'https://t.me/vtb_main_bot', 'https://vk.com/vtb']",10:00-19:00,10:00-19:00,10:00-19:00,10:00-19:00,10:00-19:00,10:00-17:00,10:00-17:00
87,144951184809,Банк ВТБ,"ул. Академика Скрябина, 1, Москва",vtb.ru,https://yandex.ru/maps/org/bank_vtb/144951184809/?ll=37.797685%2C55.715728&z=16,55.715728,37.797685,"4,2",['8 (800) 200-77-99Показать телефон'],"['https://ok.ru/vtb', 'https://t.me/vtb_main_bot', 'https://vk.com/vtb']",10:00-19:00,10:00-19:00,10:00-19:00,10:00-19:00,10:00-19:00,10:00-17:00,выходной
88,1178715162,Банк ВТБ,"просп. Вернадского, 105, корп. 3, Москва",vtb.ru,https://yandex.ru/maps/org/bank_vtb/1178715162/?ll=37.484864%2C55.663812&z=16,55.663812,37.484864,"4,3",['8 (800) 100-24-24Показать телефон'],"['https://ok.ru/vtb', 'https://t.me/vtb_main_bot', 'https://vk.com/vtb']",09:00-20:00,09:00-20:00,09:00-20:00,09:00-20:00,09:00-20:00,10:00-17:00,выходной
89,85088963025,Банк ВТБ,"ул. Мичуринский Проспект, Олимпийская Деревня, 1, корп. 4, Москва",vtb.ru,https://yandex.ru/maps/org/bank_vtb/85088963025/?ll=37.468749%2C55.679260&z=16,55.679260,37.468749,"4,3",['8 (800) 500-24-24Показать телефон'],"['https://ok.ru/vtb', 'https://t.me/vtb_main_bot', 'https://vk.com/vtb']",09:00-20:00,09:00-20:00,09:00-20:00,09:00-20:00,09:00-20:00,10:00-17:00,выходной
90,113869603954,Банк ВТБ,"ул. Новый Арбат, 36, Москва",vtb.ru,https://yandex.ru/maps/org/bank_vtb/113869603954/?ll=37.577131%2C55.753666&z=16,55.753666,37.577131,"4,3",['8 (800) 200-77-99Показать телефон'],"['https://ok.ru/vtb', 'https://t.me/vtb_main_bot', 'https://vk.com/vtb']",09:00-18:00,09:00-18:00,09:00-18:00,09:00-18:00,09:00-18:00,выходной,выходной
91,1464290438,Банк ВТБ,"9-я Парковая ул., 59, корп. 1, Москва",vtb.ru,https://yandex.ru/maps/org/bank_vtb/1464290438/?ll=37.798143%2C55.807805&z=15,55.807805,37.798143,"4,2",['8 (800) 100-24-24Показать телефон'],"['https://ok.ru/vtb', 'https://t.me/vtb_main_bot', 'https://vk.com/vtb']",10:00-20:00,10:00-20:00,10:00-20:00,10:00-20:00,10:00-20:00,10:00-17:00,выходной
92,1475949901,Банк ВТБ,"Ломоносовский просп., 25, корп. 1, Москва",vtb.ru,https://yandex.ru/maps/org/bank_vtb/1475949901/?ll=37.532448%2C55.693597&z=16,55.693597,37.532448,"4,2",['8 (800) 500-24-24Показать телефон'],"['https://ok.ru/vtb', 'https://t.me/vtb_main_bot', 'https://vk.com/vtb']",09:00-20:00,09:00-20:00,09:00-20:00,09:00-20:00,09:00-20:00,выходной,выходной
93,1211913106,Банк ВТБ,"Ленинский просп., 111, корп. 1, Москва",vtb.ru,https://yandex.ru/maps/org/bank_vtb/1211913106/?ll=37.509353%2C55.661334&z=16,55.661334,37.509353,"4,4",['8 (800) 100-24-24Показать телефон'],"['https://ok.ru/vtb', 'https://t.me/vtb_main_bot', 'https://vk.com/vtb']",09:00-20:00,09:00-20:00,09:00-20:00,09:00-20:00,09:00-20:00,10:00-17:00,выходной
94,13062900424,Банк ВТБ,"ул. Академика Янгеля, 2, Москва",vtb.ru,https://yandex.ru/maps/org/bank_vtb/13062900424/?ll=37.599821%2C55.596458&z=16,55.596458,37.599821,"4,3",['8 (800) 100-24-24Показать телефон'],"['https://ok.ru/vtb', 'https://t.me/vtb_main_bot', 'https://vk.com/vtb']",10:00-19:00,10:00-19:00,10:00-19:00,10:00-19:00,10:00-19:00,10:00-17:00,выходной
95,1486115940,Банк ВТБ,"Ивантеевская ул., 23, Москва",vtb.ru,https://yandex.ru/maps/org/bank_vtb/1486115940/?ll=37.731802%2C55.815752&z=16,55.815752,37.731802,"4,3",['8 (800) 100-24-24Показать телефон'],"['https://ok.ru/vtb', 'https://t.me/vtb_main_bot', 'https://vk.com/vtb']",10:00-19:00,10:00-19:00,10:00-19:00,10:00-19:00,10:00-19:00,10:00-17:00,выходной
96,1432013573,Банк ВТБ,"ул. Декабристов, 20, корп. 2, Москва",vtb.ru,https://yandex.ru/maps/org/bank_vtb/1432013573/?ll=37.608948%2C55.862343&z=16,55.862343,37.608948,"4,3",['8 (800) 100-24-24Показать телефон'],"['https://ok.ru/vtb', 'https://t.me/vtb_main_bot', 'https://vk.com/vtb']",10:00-19:00,10:00-19:00,10:00-19:00,10:00-19:00,10:00-19:00,10:00-17:00,выходной
97,1229122030,Банк ВТБ,"Носовихинское ш., 17В, Реутов",vtb.ru,https://yandex.ru/maps/org/bank_vtb/1229122030/?ll=37.871859%2C55.747307&z=17,55.747307,37.871859,"4,5",['8 (800) 100-24-24Показать телефон'],"['https://ok.ru/vtb', 'https://t.me/vtb_main_bot', 'https://vk.com/vtb']",10:00-20:00,10:00-20:00,10:00-20:00,10:00-20:00,10:00-20:00,10:00-17:00,выходной
98,1129311545,Банк ВТБ,"ш. Энтузиастов, 31, стр. 39, Москва",vtb.ru,https://yandex.ru/maps/org/bank_vtb/1129311545/?ll=37.752050%2C55.758863&z=16,55.758863,37.752050,"4,2",['8 (800) 100-24-24Показать телефон'],"['https://ok.ru/vtb', 'https://t.me/vtb_main_bot', 'https://vk.com/vtb']",10:00-19:00,10:00-19:00,10:00-19:00,10:00-19:00,10:00-19:00,10:00-15:00,выходной
99,1492102809,Банк ВТБ,"Новоясеневский просп., 9, Москва",vtb.ru,https://yandex.ru/maps/org/bank_vtb/1492102809/?ll=37.535413%2C55.608816&z=16,55.608816,37.535413,"4,2",['8 (800) 100-24-24Показать телефон'],"['https://ok.ru/vtb', 'https://t.me/vtb_main_bot', 'https://vk.com/vtb']",09:00-20:00,09:00-20:00,09:00-20:00,09:00-20:00,09:00-20:00,10:00-17:00,10:00-17:00
100,206866879787,Банк ВТБ,"Ленинградский просп., 36, Москва",vtb.ru,https://yandex.ru/maps/org/bank_vtb/206866879787/?ll=37.559389%2C55.791248&z=16,55.791248,37.559389,"4,3",['8 (800) 100-24-24Показать телефон'],"['https://ok.ru/vtb', 'https://t.me/vtb_main_bot', 'https://vk.com/vtb']",10:00-20:00,10:00-20:00,10:00-20:00,10:00-20:00,10:00-20:00,выходной,выходной
101,175937738734,Банк ВТБ,"ул. Адмирала Макарова, 6, стр. 13, Москва",vtb.ru,https://yandex.ru/maps/org/bank_vtb/175937738734/?ll=37.490497%2C55.835660&z=16,55.835660,37.490497,"4,3",['8 (800) 100-24-24Показать телефон'],"['https://ok.ru/vtb', 'https://t.me/vtb_main_bot', 'https://vk.com/vtb']",10:00-20:00,10:00-20:00,10:00-20:00,10:00-20:00,10:00-20:00,выходной,выходной
102,1405085351,Банк ВТБ,"ул. Большая Молчановка, 17, Москва",vtb.ru,https://yandex.ru/maps/org/bank_vtb/1405085351/?ll=37.592591%2C55.753002&z=16,55.753002,37.592591,"4,0",['8 (800) 100-24-24Показать телефон'],"['https://ok.ru/vtb', 'https://t.me/vtb_main_bot', 'https://vk.com/vtb']",09:00-20:00,09:00-20:00,09:00-20:00,09:00-20:00,09:00-20:00,выходной,выходной
103,1133133174,Банк ВТБ,"площадь Победы, 2, корп. 2, Москва",vtb.ru,https://yandex.ru/maps/org/bank_vtb/1133133174/?ll=37.518381%2C55.737507&z=16,55.737507,37.518381,"4,2",['8 (800) 200-77-99Показать телефон'],"['https://ok.ru/vtb', 'https://t.me/vtb_main_bot', 'https://vk.com/vtb']",09:00-18:00,09:00-18:00,09:00-18:00,09:00-18:00,09:00-17:00,выходной,выходной
104,1090304853,Банк ВТБ,"ул. Лавочкина, 34, Москва",vtb.ru,https://yandex.ru/maps/org/bank_vtb/1090304853/?ll=37.493847%2C55.856341&z=16,55.856341,37.493847,"4,2",['8 (800) 100-24-24Показать телефон'],"['https://ok.ru/vtb', 'https://t.me/vtb_main_bot', 'https://vk.com/vtb']",10:00-20:00,10:00-20:00,10:00-20:00,10:00-20:00,10:00-20:00,10:00-17:00,10:00-17:00
105,1802731966,Банк ВТБ,"Ленинградский просп., 65, Москва",vtb.ru,https://yandex.ru/maps/org/bank_vtb/1802731966/?ll=37.519467%2C55.802998&z=16,55.802998,37.519467,"4,2",['8 (800) 200-77-99Показать телефон'],"['https://ok.ru/vtb', 'https://t.me/vtb_main_bot', 'https://vk.com/vtb']",10:00-19:00,10:00-19:00,10:00-19:00,10:00-19:00,10:00-19:00,выходной,выходной
106,58689134461,Банк ВТБ,"Ярцевская ул., 32, Москва",vtb.ru,https://yandex.ru/maps/org/bank_vtb/58689134461/?ll=37.417689%2C55.741287&z=16,55.741287,37.417689,"4,1",['8 (800) 100-24-24Показать телефон'],"['https://ok.ru/vtb', 'https://t.me/vtb_main_bot', 'https://vk.com/vtb']",09:00-20:00,09:00-20:00,09:00-20:00,09:00-20:00,09:00-20:00,10:00-17:00,10:00-17:00
107,1098414135,Банк ВТБ,"ул. Богданова, 50, Москва",vtb.ru,https://yandex.ru/maps/org/bank_vtb/1098414135/?ll=37.394449%2C55.650633&z=16,55.650633,37.394449,"3,8",['8 (800) 100-24-24Показать телефон'],"['https://ok.ru/vtb', 'https://t.me/vtb_main_bot', 'https://vk.com/vtb']",09:00-20:00,09:00-20:00,09:00-20:00,09:00-20:00,09:00-20:00,10:00-17:00,10:00-17:00
108,1019185066,Банк ВТБ,"Привольная ул., 65/32, Москва",vtb.ru,https://yandex.ru/maps/org/bank_vtb/1019185066/?ll=37.849885%2C55.681534&z=16,55.681534,37.849885,"4,4",['8 (800) 100-24-24Показать телефон'],"['https://ok.ru/vtb', 'https://t.me/vtb_main_bot', 'https://vk.com/vtb']",10:00-19:00,10:00-19:00,10:00-19:00,10:00-19:00,10:00-19:00,10:00-17:00,выходной
109,176696200464,,,,https://yandex.ru/maps/org/bank_vtb/176696200464,,,,[],[],выходной,выходной,выходной,выходной,выходной,выходной,выходной
110,179272568855,Банк ВТБ,"ул. Менжинского, 21, Москва",vtb.ru,https://yandex.ru/maps/org/bank_vtb/179272568855/?ll=37.667393%2C55.868834&z=16,55.868834,37.667393,"4,2",['8 (800) 200-77-99Показать телефон'],"['https://ok.ru/vtb', 'https://t.me/vtb_main_bot', 'https://vk.com/vtb']",10:00-20:00,10:00-20:00,10:00-20:00,10:00-20:00,10:00-20:00,10:00-17:00,10:00-15:00
111,1388074342,Банк ВТБ,"Москва, поселение Московский, Киевское шоссе, 22-й километр, 4А",vtb.ru,https://yandex.ru/maps/org/bank_vtb/1388074342/?ll=37.441036%2C55.634151&z=16,55.634151,37.441036,"4,8",['8 (800) 200-77-99Показать телефон'],"['https://ok.ru/vtb', 'https://t.me/vtb_main_bot', 'https://vk.com/vtb']",10:00-19:00,10:00-19:00,10:00-19:00,10:00-19:00,10:00-19:00,10:00-17:00,выходной
112,80526591552,Банк ВТБ,"Профсоюзная ул., 102А, Москва",vtb.ru,https://yandex.ru/maps/org/bank_vtb/80526591552/?ll=37.526519%2C55.644237&z=16,55.644237,37.526519,"4,2",['8 (800) 100-24-24Показать телефон'],"['https://ok.ru/vtb', 'https://t.me/vtb_main_bot', 'https://vk.com/vtb']",10:00-20:00,10:00-20:00,10:00-20:00,10:00-20:00,10:00-20:00,10:00-17:00,выходной
113,154162719984,Банк ВТБ,"Ленинградское ш., 13, корп. 1, Москва",vtb.ru,https://yandex.ru/maps/org/bank_vtb/154162719984/?ll=37.497198%2C55.818685&z=16,55.818685,37.497198,"4,2",['8 (800) 100-24-24Показать телефон'],"['https://ok.ru/vtb', 'https://t.me/vtb_main_bot', 'https://vk.com/vtb']",09:00-20:00,09:00-20:00,09:00-20:00,09:00-20:00,09:00-20:00,10:00-17:00,выходной
114,1079232532,Банк ВТБ,"Лермонтовский просп., 10, корп. 1, Москва",vtb.ru,https://yandex.ru/maps/org/bank_vtb/1079232532/?ll=37.851808%2C55.700563&z=16,55.700563,37.851808,"4,4",['8 (800) 100-24-24Показать телефон'],"['https://ok.ru/vtb', 'https://t.me/vtb_main_bot', 'https://vk.com/vtb']",10:00-19:00,10:00-19:00,10:00-19:00,10:00-19:00,10:00-19:00,10:00-17:00,выходной
115,1068286415,Банк ВТБ,"Большая Черкизовская ул., 12, Москва",vtb.ru,https://yandex.ru/maps/org/bank_vtb/1068286415/?ll=37.725190%2C55.797342&z=16,55.797342,37.725190,"4,3",['8 (800) 100-24-24Показать телефон'],"['https://ok.ru/vtb', 'https://t.me/vtb_main_bot', 'https://vk.com/vtb']",10:00-19:00,10:00-19:00,10:00-19:00,10:00-19:00,10:00-19:00,выходной,выходной
116,1157217772,Банк ВТБ,"просп. Маршала Жукова, 48, корп. 1, Москва",vtb.ru,https://yandex.ru/maps/org/bank_vtb/1157217772/?ll=37.465748%2C55.777793&z=16,55.777793,37.465748,"4,3",['8 (800) 100-24-24Показать телефон'],"['https://ok.ru/vtb', 'https://t.me/vtb_main_bot', 'https://vk.com/vtb']",10:00-19:00,10:00-19:00,10:00-19:00,10:00-19:00,10:00-19:00,10:00-17:00,выходной
117,171609631901,Банк ВТБ,"Венёвская ул., 6, Москва",vtb.ru,https://yandex.ru/maps/org/bank_vtb/171609631901/?ll=37.543254%2C55.547851&z=16,55.547851,37.543254,"4,3",['8 (800) 100-24-24Показать телефон'],"['https://ok.ru/vtb', 'https://t.me/vtb_main_bot', 'https://vk.com/vtb']",09:00-20:00,09:00-20:00,09:00-20:00,09:00-20:00,09:00-20:00,10:00-17:00,выходной
118,1327634980,Банк ВТБ,"Краснопресненская наб., 12, Москва",vtb.ru,https://yandex.ru/maps/org/bank_vtb/1327634980/?ll=37.556388%2C55.754203&z=16,55.754203,37.556388,"4,3",['8 (800) 100-24-24Показать телефон'],"['https://ok.ru/vtb', 'https://t.me/vtb_main_bot', 'https://vk.com/vtb']",09:00-18:00,09:00-18:00,09:00-18:00,09:00-18:00,09:00-18:00,выходной,выходной
119,199885643442,Банк ВТБ,"ул. Земляной Вал, 14/16, Москва",vtb.ru,https://yandex.ru/maps/org/bank_vtb/199885643442/?ll=37.656945%2C55.760895&z=16,55.760895,37.656945,"4,0",['8 (800) 100-24-24Показать телефон'],"['https://ok.ru/vtb', 'https://t.me/vtb_main_bot', 'https://vk.com/vtb']",09:00-18:00,09:00-18:00,09:00-18:00,09:00-18:00,09:00-17:00,выходной,выходной
120,119250669481,Банк ВТБ,"Можайское ш., 45Б, Москва",vtb.ru,https://yandex.ru/maps/org/bank_vtb/119250669481/?ll=37.406981%2C55.716448&z=16,55.716448,37.406981,"4,2",['8 (800) 100-24-24Показать телефон'],"['https://ok.ru/vtb', 'https://t.me/vtb_main_bot', 'https://vk.com/vtb']",10:00-19:00,10:00-19:00,10:00-19:00,10:00-19:00,10:00-19:00,выходной,выходной
121,1058066033,Банк ВТБ,"Рублёвское ш., 28, корп. 1, Москва",vtb.ru,https://yandex.ru/maps/org/bank_vtb/1058066033/?ll=37.421309%2C55.746796&z=16,55.746796,37.421309,"4,3",['8 (800) 100-24-24Показать телефон'],"['https://ok.ru/vtb', 'https://t.me/vtb_main_bot', 'https://vk.com/vtb']",10:00-20:00,10:00-20:00,10:00-20:00,10:00-20:00,10:00-20:00,10:00-17:00,выходной
122,176494010265,Банк ВТБ,"Смирновская ул., 2, Люберцы",vtb.ru,https://yandex.ru/maps/org/bank_vtb/176494010265/?ll=37.891172%2C55.676550&z=16,55.676550,37.891172,"4,4",['8 (800) 100-24-24Показать телефон'],"['https://ok.ru/vtb', 'https://t.me/vtb_main_bot', 'https://vk.com/vtb']",09:00-20:00,09:00-20:00,09:00-20:00,09:00-20:00,09:00-20:00,10:00-17:00,выходной
123,60132181422,Банк ВТБ,"Снежная ул., 26, Москва",vtb.ru,https://yandex.ru/maps/org/bank_vtb/60132181422/?ll=37.653388%2C55.854997&z=16,55.854997,37.653388,"4,4",['8 (800) 100-24-24Показать телефон'],"['https://ok.ru/vtb', 'https://t.me/vtb_main_bot', 'https://vk.com/vtb']",10:00-19:00,10:00-19:00,10:00-19:00,10:00-19:00,10:00-19:00,выходной,выходной
124,1010582592,Банк ВТБ,"бул. Дмитрия Донского, 11, Москва",,https://yandex.ru/maps/org/bank_vtb/1010582592/?ll=37.576393%2C55.566807&z=16,55.566807,37.576393,"4,1",['8 (800) 100-24-24Показать телефон'],"['https://ok.ru/vtb', 'https://t.me/vtb_main_bot', 'https://vk.com/vtb']",09:00-20:00,09:00-20:00,09:00-20:00,09:00-20:00,09:00-20:00,10:00-17:00,10:00-17:00
125,207919023267,Банк ВТБ,"Стремянный пер., 36, Москва",vtb.ru,https://yandex.ru/maps/org/bank_vtb/207919023267/?ll=37.627296%2C55.727263&z=17,55.727263,37.627296,"4,5",['8 (800) 200-77-99Показать телефон'],"['https://ok.ru/vtb', 'https://t.me/vtb_main_bot', 'https://vk.com/vtb']",10:00-19:00,10:00-19:00,10:00-19:00,10:00-19:00,10:00-19:00,выходной,выходной
126,78334621168,Банк ВТБ,"Щукинская ул., 42, Москва",vtb.ru,https://yandex.ru/maps/org/bank_vtb/78334621168/?ll=37.464572%2C55.809474&z=16,55.809474,37.464572,"4,3",['8 (800) 100-24-24Показать телефон'],"['https://ok.ru/vtb', 'https://t.me/vtb_main_bot', 'https://vk.com/vtb']",10:00-21:00,10:00-21:00,10:00-21:00,10:00-21:00,10:00-21:00,10:00-17:00,выходной
127,145793351030,Банк ВТБ,"Енисейская ул., 11, Москва",vtb.ru,https://yandex.ru/maps/org/bank_vtb/145793351030/?ll=37.661437%2C55.865288&z=16,55.865288,37.661437,"4,3",['8 (800) 100-24-24Показать телефон'],"['https://ok.ru/vtb', 'https://t.me/vtb_main_bot', 'https://vk.com/vtb']",10:00-19:00,10:00-19:00,10:00-19:00,10:00-19:00,10:00-19:00,выходной,выходной
128,83634203779,Банк ВТБ,"Рождественская ул., 29, Москва",vtb.ru,https://yandex.ru/maps/org/bank_vtb/83634203779/?ll=37.928632%2C55.707491&z=16,55.707491,37.928632,"4,1",['8 (800) 100-24-24Показать телефон'],"['https://ok.ru/vtb', 'https://t.me/vtb_main_bot', 'https://vk.com/vtb']",09:00-20:00,09:00-20:00,09:00-20:00,09:00-20:00,09:00-20:00,10:00-17:00,выходной
129,1368139062,Банк ВТБ,"Алтуфьевское ш., 90, Москва",vtb.ru,https://yandex.ru/maps/org/bank_vtb/1368139062/?ll=37.588305%2C55.900169&z=16,55.900169,37.588305,"4,2",['8 (800) 200-77-99Показать телефон'],"['https://ok.ru/vtb', 'https://t.me/vtb_main_bot', 'https://vk.com/vtb']",10:00-20:00,10:00-20:00,10:00-20:00,10:00-20:00,10:00-20:00,10:00-17:00,выходной
130,119121952644,Банк ВТБ,"Химкинский бул., 16А, стр. 1, Москва",vtb.ru,https://yandex.ru/maps/org/bank_vtb/119121952644/?ll=37.440990%2C55.851773&z=16,55.851773,37.440990,"4,3",['8 (800) 100-24-24Показать телефон'],"['https://ok.ru/vtb', 'https://t.me/vtb_main_bot', 'https://vk.com/vtb']",10:00-20:00,10:00-20:00,10:00-20:00,10:00-20:00,10:00-20:00,10:00-17:00,выходной
131,189663965209,Банк ВТБ,"ул. Сукромка, 7, Мытищи",vtb.ru,https://yandex.ru/maps/org/bank_vtb/189663965209/?ll=37.713440%2C55.903540&z=16,55.903540,37.713440,"4,4",['8 (800) 100-24-24Показать телефон'],"['https://ok.ru/vtb', 'https://t.me/vtb_main_bot', 'https://vk.com/vtb']",09:00-20:00,09:00-20:00,09:00-20:00,09:00-20:00,09:00-20:00,10:00-17:00,выходной
132,1070842490,Банк ВТБ,"Осенний бул., 7, корп. 1, Москва",vtb.ru,https://yandex.ru/maps/org/bank_vtb/1070842490/?ll=37.406944%2C55.757794&z=16,55.757794,37.406944,"4,2",['8 (800) 100-24-24Показать телефон'],"['https://ok.ru/vtb', 'https://t.me/vtb_main_bot', 'https://vk.com/vtb']",09:00-20:00,09:00-20:00,09:00-20:00,09:00-20:00,09:00-20:00,10:00-17:00,выходной
133,118410367881,Банк ВТБ,"ул. Пришвина, 23, Москва",vtb.ru,https://yandex.ru/maps/org/bank_vtb/118410367881/?ll=37.604682%2C55.885499&z=16,55.885499,37.604682,"4,3",['8 (800) 100-24-24Показать телефон'],"['https://ok.ru/vtb', 'https://t.me/vtb_main_bot', 'https://vk.com/vtb']",10:00-19:00,10:00-19:00,10:00-19:00,10:00-19:00,10:00-19:00,10:00-17:00,выходной
134,31364458912,Банк ВТБ,"ул. Авиаконструктора Микояна, 12, Москва",vtb.ru,https://yandex.ru/maps/org/bank_vtb/31364458912/?ll=37.527615%2C55.792362&z=16,55.792362,37.527615,"4,3",['8 (800) 100-24-24Показать телефон'],"['https://ok.ru/vtb', 'https://t.me/vtb_main_bot', 'https://vk.com/vtb']",10:00-19:00,10:00-19:00,10:00-19:00,10:00-19:00,10:00-19:00,выходной,выходной
135,203885877575,Банк ВТБ,"Октябрьский просп., 380Д, Люберцы",vtb.ru,https://yandex.ru/maps/org/bank_vtb/203885877575/?ll=37.913378%2C55.660673&z=16,55.660673,37.913378,"4,4",['8 (800) 100-24-24Показать телефон'],"['https://ok.ru/vtb', 'https://t.me/vtb_main_bot', 'https://vk.com/vtb']",09:00-20:00,09:00-20:00,09:00-20:00,09:00-20:00,09:00-20:00,10:00-17:00,выходной
136,1134774279,Банк ВТБ,"Широкая ул., 13А, Москва",vtb.ru,https://yandex.ru/maps/org/bank_vtb/1134774279/?ll=37.662461%2C55.888109&z=16,55.888109,37.662461,"4,2",['8 (800) 100-24-24Показать телефон'],"['https://ok.ru/vtb', 'https://t.me/vtb_main_bot', 'https://vk.com/vtb']",10:00-20:00,10:00-20:00,10:00-20:00,10:00-20:00,10:00-20:00,10:00-17:00,выходной
137,69051694660,Банк ВТБ,"Советская ул., 19А, Балашиха",vtb.ru,https://yandex.ru/maps/org/bank_vtb/69051694660/?ll=37.934632%2C55.803135&z=16,55.803135,37.934632,"4,4",['8 (800) 100-24-24Показать телефон'],"['https://ok.ru/vtb', 'https://t.me/vtb_main_bot', 'https://vk.com/vtb']",09:00-20:00,09:00-20:00,09:00-20:00,09:00-20:00,09:00-20:00,10:00-17:00,выходной
138,1060829363,Банк ВТБ,"ул. Ленина, 4, Реутов",vtb.ru,https://yandex.ru/maps/org/bank_vtb/1060829363/?ll=37.859184%2C55.754193&z=16,55.754193,37.859184,"4,3",['8 (800) 100-24-24Показать телефон'],"['https://ok.ru/vtb', 'https://t.me/vtb_main_bot', 'https://vk.com/vtb']",09:00-20:00,09:00-20:00,09:00-20:00,09:00-20:00,09:00-20:00,10:00-17:00,выходной
139,1624854264,Банк ВТБ,"Пролетарская ул., 8, стр. 1, Химки",vtb.ru,https://yandex.ru/maps/org/bank_vtb/1624854264/?ll=37.440444%2C55.892310&z=17,55.892310,37.440444,"4,3",['8 (800) 100-24-24Показать телефон'],"['https://ok.ru/vtb', 'https://t.me/vtb_main_bot', 'https://vk.com/vtb']",09:00-20:00,09:00-20:00,09:00-20:00,09:00-20:00,09:00-20:00,10:00-17:00,выходной
140,114281626164,Банк ВТБ,"ул. Маршала Катукова, 16, Москва",vtb.ru,https://yandex.ru/maps/org/bank_vtb/114281626164/?ll=37.406279%2C55.807395&z=16,55.807395,37.406279,"4,3",['8 (800) 100-24-24Показать телефон'],"['https://ok.ru/vtb', 'https://t.me/vtb_main_bot', 'https://vk.com/vtb']",10:00-20:00,10:00-20:00,10:00-20:00,10:00-20:00,10:00-20:00,10:00-17:00,10:00-15:00
141,1001900676,Банк ВТБ,"ул. Свободы, 13/2с1А, Москва",vtb.ru,https://yandex.ru/maps/org/bank_vtb/1001900676/?ll=37.451312%2C55.829264&z=16,55.829264,37.451312,"4,2",['8 (800) 200-77-99Показать телефон'],"['https://ok.ru/vtb', 'https://t.me/vtb_main_bot', 'https://vk.com/vtb']",10:00-19:00,10:00-19:00,10:00-19:00,10:00-19:00,10:00-19:00,10:00-17:00,выходной
142,1133672965,Банк ВТБ,"просп. Мира, 81, Москва",vtb.ru,https://yandex.ru/maps/org/bank_vtb/1133672965/?ll=37.634335%2C55.801319&z=16,55.801319,37.634335,"4,2",['8 (800) 100-24-24Показать телефон'],"['https://ok.ru/vtb', 'https://t.me/vtb_main_bot', 'https://vk.com/vtb']",09:00-18:00,09:00-18:00,09:00-18:00,09:00-18:00,09:00-17:00,выходной,выходной
143,128015644028,,,,https://yandex.ru/maps/org/bank_vtb/128015644028/?ll=37.362155%2C55.847078&z=16,55.847078,37.362155,,[],[],выходной,выходной,выходной,выходной,выходной,выходной,выходной
144,45103610626,Банк ВТБ,"просп. Ленинского Комсомола, 17, корп. 2, Видное",vtb.ru,https://yandex.ru/maps/org/bank_vtb/45103610626/?ll=37.708140%2C55.545264&z=16,55.545264,37.708140,"4,4",['8 (800) 100-24-24Показать телефон'],"['https://ok.ru/vtb', 'https://t.me/vtb_main_bot', 'https://vk.com/vtb']",09:00-20:00,09:00-20:00,09:00-20:00,09:00-20:00,09:00-20:00,10:00-17:00,выходной
145,18386599764,Банк ВТБ,"9, 3-й микрорайон, Московский",vtb.ru,https://yandex.ru/maps/org/bank_vtb/18386599764/?ll=37.344673%2C55.595863&z=16,55.595863,37.344673,"4,5",['8 (800) 100-24-24Показать телефон'],"['https://ok.ru/vtb', 'https://t.me/vtb_main_bot', 'https://vk.com/vtb']",09:00-19:00,09:00-19:00,09:00-19:00,09:00-19:00,09:00-19:00,10:00-15:00,выходной
146,1085358334,Банк ВТБ,"ул. Воровского, 1, Мытищи",vtb.ru,https://yandex.ru/maps/org/bank_vtb/1085358334/?ll=37.761626%2C55.918737&z=16,55.918737,37.761626,"4,3",['8 (800) 100-24-24Показать телефон'],"['https://ok.ru/vtb', 'https://t.me/vtb_main_bot', 'https://vk.com/vtb']",10:00-20:00,10:00-20:00,10:00-20:00,10:00-20:00,10:00-20:00,10:00-17:00,выходной
147,1069528397,Банк ВТБ,"Тверская ул., 13, Москва",vtb.ru,https://yandex.ru/maps/org/bank_vtb/1069528397/?ll=37.609057%2C55.761350&z=16,55.761350,37.609057,"4,1",['8 (800) 100-24-24Показать телефон'],"['https://ok.ru/vtb', 'https://t.me/vtb_main_bot', 'https://vk.com/vtb']",09:00-18:00,09:00-18:00,09:00-18:00,09:00-18:00,09:00-16:45,выходной,выходной
148,1117097104,Банк ВТБ,"Новомытищинский просп., 30, Мытищи",vtb.ru,https://yandex.ru/maps/org/bank_vtb/1117097104/?ll=37.738584%2C55.911924&z=17,55.911924,37.738584,"4,4",['8 (800) 100-24-24Показать телефон'],"['https://ok.ru/vtb', 'https://t.me/vtb_main_bot', 'https://vk.com/vtb']",10:00-19:00,10:00-19:00,10:00-19:00,10:00-19:00,10:00-19:00,10:00-17:00,выходной
149,1035051996,Банк ВТБ,"ул. Генерала Глаголева, 30, корп. 2, Москва",vtb.ru,https://yandex.ru/maps/org/bank_vtb/1035051996/?ll=37.466790%2C55.788631&z=16,55.788631,37.466790,"4,2",['8 (800) 100-24-24Показать телефон'],"['https://ok.ru/vtb', 'https://t.me/vtb_main_bot', 'https://vk.com/vtb']",10:00-19:00,10:00-19:00,10:00-19:00,10:00-19:00,10:00-19:00,выходной,выходной
150,51311484203,Банк ВТБ,"просп. Мельникова, 2Б, Химки",vtb.ru,https://yandex.ru/maps/org/bank_vtb/51311484203/?ll=37.407538%2C55.901183&z=16,55.901183,37.407538,"4,3",['8 (800) 100-24-24Показать телефон'],"['https://ok.ru/vtb', 'https://t.me/vtb_main_bot', 'https://vk.com/vtb']",10:00-20:00,10:00-20:00,10:00-20:00,10:00-20:00,10:00-20:00,10:00-17:00,выходной
151,1269427401,Банк ВТБ,"Планерная ул., 7, корп. 1, Москва",vtb.ru,https://yandex.ru/maps/org/bank_vtb/1269427401/?ll=37.433508%2C55.863359&z=16,55.863359,37.433508,"4,2",['8 (800) 200-77-99Показать телефон'],"['https://ok.ru/vtb', 'https://t.me/vtb_main_bot', 'https://vk.com/vtb']",10:00-19:00,10:00-19:00,10:00-19:00,10:00-19:00,10:00-19:00,10:00-17:00,выходной
152,223601498690,Банк ВТБ,"бул. Адмирала Ушакова, 2, Москва",vtb.ru,https://yandex.ru/maps/org/bank_vtb/223601498690/?ll=37.553244%2C55.548574&z=16,55.548574,37.553244,"4,2",['8 (800) 100-24-24Показать телефон'],"['https://ok.ru/vtb', 'https://t.me/vtb_main_bot', 'https://vk.com/vtb']",10:00-19:00,10:00-19:00,10:00-19:00,10:00-19:00,10:00-19:00,выходной,выходной
153,1349958378,Банк ВТБ,"просп. Королёва, 5Д, корп. 1, Королёв",vtb.ru,https://yandex.ru/maps/org/bank_vtb/1349958378/?ll=37.844119%2C55.921768&z=16,55.921768,37.844119,"4,4",['8 (800) 100-24-24Показать телефон'],"['https://ok.ru/vtb', 'https://t.me/vtb_main_bot', 'https://vk.com/vtb']",09:00-20:00,09:00-20:00,09:00-20:00,09:00-20:00,09:00-20:00,10:00-17:00,выходной
154,145962641359,Банк ВТБ,"Ломоносовский просп., 18, Москва",www.vtb.ru,https://yandex.ru/maps/org/bank_vtb/145962641359/?ll=37.539786%2C55.691726&z=14,55.691726,37.539786,"4,0",[],"['https://ok.ru/vtb', 'https://vk.com/vtb']",10:00-19:00,10:00-19:00,10:00-19:00,10:00-19:00,10:00-19:00,выходной,выходной
155,1068088965,Банк ВТБ,"Митинская ул., 35, Москва",vtb.ru,https://yandex.ru/maps/org/bank_vtb/1068088965/?ll=37.355201%2C55.848013&z=16,55.848013,37.355201,"4,3",['8 (800) 200-77-99Показать телефон'],"['https://ok.ru/vtb', 'https://t.me/vtb_main_bot', 'https://vk.com/vtb']",10:00-20:00,10:00-20:00,10:00-20:00,10:00-20:00,10:00-20:00,10:00-17:00,выходной
156,1422505338,Банк ВТБ,"просп. Пацаева, 9, Долгопрудный",vtb.ru,https://yandex.ru/maps/org/bank_vtb/1422505338/?ll=37.499381%2C55.947813&z=16,55.947813,37.499381,"4,5",['8 (800) 100-24-24Показать телефон'],"['https://ok.ru/vtb', 'https://t.me/vtb_main_bot', 'https://vk.com/vtb']",10:00-20:00,10:00-20:00,10:00-20:00,10:00-20:00,10:00-20:00,10:00-17:00,выходной
157,1466857978,Банк ВТБ,"просп. Космонавтов, 29/12к1, Королёв",vtb.ru,https://yandex.ru/maps/org/bank_vtb/1466857978/?ll=37.868310%2C55.912254&z=16,55.912254,37.868310,"4,4",['8 (800) 100-24-24Показать телефон'],"['https://ok.ru/vtb', 'https://t.me/vtb_main_bot', 'https://vk.com/vtb']",09:00-20:00,09:00-20:00,09:00-20:00,09:00-20:00,09:00-20:00,10:00-17:00,выходной
158,154019497489,Банк ВТБ,"ул. Машинцева, 5Б, Химки",vtb.ru,https://yandex.ru/maps/org/bank_vtb/154019497489/?ll=37.407829%2C55.891100&z=17,55.891100,37.407829,"4,4",['8 (800) 100-24-24Показать телефон'],"['https://ok.ru/vtb', 'https://t.me/vtb_main_bot', 'https://vk.com/vtb']",10:00-19:00,10:00-19:00,10:00-19:00,10:00-19:00,10:00-19:00,выходной,выходной
159,218367056356,Банк ВТБ,"Первомайская ул., 33, Долгопрудный",vtb.ru,https://yandex.ru/maps/org/bank_vtb/218367056356/?ll=37.516072%2C55.939661&z=17,55.939661,37.516072,"4,3",['8 (800) 100-24-24Показать телефон'],"['https://ok.ru/vtb', 'https://t.me/vtb_main_bot', 'https://vk.com/vtb']",10:00-19:00,10:00-19:00,10:00-19:00,10:00-19:00,10:00-19:00,выходной,выходной
160,129444039948,Банк ВТБ,"площадь Дмитрия Донского, 6, Дзержинский",vtb.ru,https://yandex.ru/maps/org/bank_vtb/129444039948/?ll=37.850281%2C55.629959&z=16,55.629959,37.850281,"4,2",['8 (800) 100-24-24Показать телефон'],"['https://ok.ru/vtb', 'https://t.me/vtb_main_bot', 'https://vk.com/vtb']",10:00-19:00,10:00-19:00,10:00-19:00,10:00-19:00,10:00-19:00,10:00-17:00,выходной
161,10627743983,Банк ВТБ,"Хорошёвское ш., 88, стр. 1, Москва",vtb.ru,https://yandex.ru/maps/org/bank_vtb/10627743983/?ll=37.516881%2C55.777626&z=16,55.777626,37.516881,"2,8",['8 (800) 200-77-99Показать телефон'],"['https://ok.ru/vtb', 'https://t.me/vtb_main_bot', 'https://vk.com/vtb']",10:00-19:00,10:00-19:00,10:00-19:00,10:00-19:00,10:00-19:00,выходной,выходной
162,230569956659,Банк ВТБ,"просп. Ленина, 22, Балашиха",vtb.ru,https://yandex.ru/maps/org/bank_vtb/230569956659/?ll=37.947487%2C55.796967&z=16,55.796967,37.947487,"4,3",['8 (800) 200-77-99Показать телефон'],"['https://ok.ru/vtb', 'https://t.me/vtb_main_bot', 'https://vk.com/vtb']",10:00-19:00,10:00-19:00,10:00-19:00,10:00-19:00,10:00-19:00,выходной,выходной
163,149864589024,Банк ВТБ,"Ленинградское ш., 16А, стр. 1, Москва",vtb.ru,https://yandex.ru/maps/org/bank_vtb/149864589024/?ll=37.497746%2C55.821386&z=16,55.821386,37.497746,"4,0",['8 (800) 100-24-24Показать телефон'],"['https://ok.ru/vtb', 'https://t.me/vtb_main_bot', 'https://vk.com/vtb']",10:00-20:00,10:00-20:00,10:00-20:00,10:00-20:00,10:00-20:00,10:00-17:00,выходной
164,11125010759,Банк ВТБ,"Кировоградская ул., 14, Москва",www.vtb.ru,https://yandex.ru/maps/org/bank_vtb/11125010759/?ll=37.605939%2C55.622609&z=16,55.622609,37.605939,"4,1",['8 (800) 100-24-24Показать телефон'],"['https://ok.ru/vtb', 'https://t.me/vtb_main_bot', 'https://vk.com/vtb']",10:00-20:00,10:00-20:00,10:00-20:00,10:00-20:00,10:00-20:00,10:00-17:00,выходной
