,name,date,text,stars,answer
0,Илья Костин,2024-05-01 10:10:25,"Нравится интерьер филиала Альфы, в корпоративных цветах, очень продумано. Консультанты довольно многопрофильны, знают разные услуги и можно с разными вопросами обратиться к ним, ответят, покажут, расскажут. Рекомендую данный офис.",5,
1,Карина Г.,2024-04-25 12:28:29,"Мы с мужем оформляли ипотечный кредит здесь. Приятный офис, приветливый сотрудники. Процесс оформления прошел гладко и быстро, без каких-либо проблем . В общем, мы остались довольны, поэтому решили написать отзыв.",5,
2,Николай Д,2024-04-12 15:33:01,"Нормальный офис, надо было заблокировать карту, сделали всё чётко. До этого два раза был в нижнем тагиле, они только счёт убрали чтоб не отображался. Вобщем там зделоно было хитом, а тут делали всё чётко. Офис небольшой но женщина своё дело знает молодец, только когда работает её не надо отвлекать она полностью погружается в работу.",5,
3,Глеб,2024-05-01 08:26:32,"Нужна была приличная сумма на покупку автомобиля. Брал в этом банке. По документам никаких проблем не возникло: паспорт. Автокредит предложенный мне, показался на тот момент, когда его брал, выгодным. Я его точно потянул. Деньги быстро перевели, с оплатой автомобиля проблем не возникло. С выплатами тоже понятно: фиксированная сумма, страховка тоже имеется.",5,
4,Эльмира Зырянова,2024-04-18 20:04:30,"Ни разу банк еще не обманывал меня и не подводил. С вопросами рефинансирования обращалась много куда, но только тут получила хорошее обслуживание и понятное разъяснение, как вообще процесс работает.",5,
5,Яна Денисова,2024-04-20 07:11:24,"Хочу выразить благодарность всем сотрудникам отделения. Они помогли разобраться с выписками по всем моим счетам. Очень благодарена. Не пожалею о том, что выбрала данный банк",5,
6,Инкогнито 5820,2024-03-19 13:54:09,"Просидел полдня в этом банке. Консультант сидел около часа разговаривал с клиентами, о том как они отдыхали с семьёй. Что жа неуважение к остальным клиентам?!",1,"Здравствуйте.
Простите за такой опыт, удивлены прочитанным.
Проверим работу коллег и постараемся исправиться."
7,Вячеслав Дружинин,2024-04-18 10:27:38,"Спасибо сотрудникам за отличное обслуживание и профессионализм! Обращался в этот офис, чтобы обновить анкетные данные, все быстро переоформили, никакой волокиты",5,
8,Анатолий Хмелев,2024-03-29 16:01:30,"Отличный банк! Всем советую, банкомат работает круглосуточно.",5,
9,Василиса Клещева,2024-04-07 16:10:44,Долгое обслуживание клиентов,4,"Приветствуем!
Из-за большой нагрузки и обращений клиентов может возникать очередь. Каждый вопрос клиента разбираем подробно."
10,Евгений Тимофеев,2024-02-21 15:54:33,Хороший банк.,5,
