,name,date,text,stars,answer,load_time
0,Слава Морозов,2024-05-06 08:37:42,"Неплохой филиал Альфы. Приветливый персонал порадовал, сразу подошли с предложением помочь. Обслуживание длится не долго, буквально 15-20 минут. Помещение просторное, места всем хватает. Всё понравилось",5,,2024-05-16 15:15:06
1,Даниил Исаков,2024-01-18 13:07:29,"Все отлично, обслуживание на уровне, в офисе уютно, единственный минус - это прозрачный офис)
Условия по продуктам тоже отличные, перешел в альфа банк, не жалею",5,,2024-05-16 15:15:06
2,Василий Мещеряков,2024-05-13 15:53:45,"Слишком хорошо, чтобы быть правдой... Когда у нас в стране начали так четко и быстро работат, я не успеваю🤣 Отличный персонал и классное обслуживание. Удивлен очень",5,,2024-05-16 15:15:06
3,Соня Болдырева,2024-04-18 19:38:11,"Отличный офис. Красота внутри и снаружи. Современный ремонт, ненавязчивое общение персонала. Я дебетовку свою оформила достаточно быстро, условия мне изложили в полном объеме и доставили курьером уже на следующий день)",5,,2024-05-16 15:15:06
4,Кирилл Селезнев,2024-04-25 08:32:19,"В прошлом месяце взял кредит. Выдали наличными, в нормальном режиме. Проблем с расчётом и выдачей не было. Все прикольно с сервисом, в общем. Еще удачно, что в банке нет проблем с наличкой. Кассир при мне все верно расчитал, дал на руки. Серьезная компания.",5,,2024-05-16 15:15:06
5,Катя Борисова,2024-05-07 13:27:01,"Храню уже давно деньги на вкладе в Альфе, уже несколько раз его пролонгировала, но в этот раз решила закрыть и открыть новый уже по классным условиям 16 годовых, менеджер мне все сделал. Теперь у меня еще и капитализация на карту будет каждый месяц, а не в конце срока действия вклада",5,,2024-05-16 15:15:06
6,Наталья Кибирева,2024-04-20 17:22:48,"Возник вопрос по использованию мобильного приложения. Хотела сначала позвонить в поддержку, но я лучше понимаю, когда мне на пальцах показывают. Пошла в отделение. Сотрудник очень молодой, я даже сначала подумала, что стажер и навряд ли мне сможет помочь. Но на удивление все понятно мне объяснил, показал.",5,,2024-05-16 15:15:06
7,Наталья,2024-04-07 12:03:47,"Работают двое молодых сотрудников. Первый раз не попала, оба сразу оказались на обеденном перерыве. Надо учитывать, что посетители тоже приходят в свой обеденный перерыв. Пришлось идти в другой день. Хотела обновить мобильное приложение, объяснили так, что я хотела сразу карту выбросить. Пришлось искать ответ в интернете.",3,"Здравствуйте, Наталья.
Извините за данную ситуацию, с сотрудниками проведём беседу и примем меры.",2024-05-16 15:15:06
8,Коля Исаев,2024-05-12 17:09:32,"Сначала понравились условия, а когда пришла в отделение, то и сотрудники оказались толковыми. Знакома ранее не была с банком, смогла узнать актуальные условия по всем продуктам, ребята понятные, объясняют хорошо",5,,2024-05-16 15:15:06
9,Юрий Алексеев,2024-04-30 14:55:39,"Пошел в офис альфабанка чтобы узнать об условиях ипотеки. Людей не было совсем, к специалисту попал с порога можно сказать. Он прояснил условия, ставку, документы, подсказал с какими застройщиками банк работает охотнее. Хороший сервис.",5,,2024-05-16 15:15:06
10,Ксения К.,2024-04-21 12:33:51,"По совету коллеги зашла в ближайший офис Альфа Банка, чтобы подать заявку на кредитную карту.
Было сюрпризом узнать, что кредитная карта может быть без процентов на целый год. Преимущество! И очень выгодно!",5,,2024-05-16 15:15:06
11,Вася Пономарев,2024-05-07 15:39:06,"Кредитную карту получал в этом отделении, все прошло быстро, на удивление. Менеджеры хорошие, работу выполняют на совесть.",5,,2024-05-16 15:15:06
12,Юлия Викторовна,2024-05-10 15:20:10,"Сложностей с продуктами банка не было никогда потому что персонал в офисе все объясняет подробно и быстро, спасибки)",5,,2024-05-16 15:15:06
13,Юлия,2024-05-08 12:04:02,"Часто посещаю данное отделение.
Менеджеры всегда компетенты,очереди есть,но вопросы решают быстро.",5,,2024-05-16 15:15:06
14,ирина шадчнева,2023-11-07 08:57:59,Очень хорошее обслуживание и доброжелательный персонал и парковка,1,,2024-05-16 15:15:06
15,татьяна Тычкина,2023-12-07 16:05:17,Девочки работают хорошие вежливые а вот банк на низком уровне.,2,,2024-05-16 15:15:06
16,Екатерина Тимкова,2024-04-20 15:08:55,"Являюсь клиентом более 5 лет. Всё устраивает: есть карты, были вклады и кредиты. Устраивает абсолютно все. В ближайшем будущем обратимся за ипотекой.",5,,2024-05-16 15:15:06
