,name,date,text,stars,answer,load_time
0,Александр,2024-03-15 11:43:26,"Ужасный офис! Специально стоит стойка электронной очереди, как только подходишь к ней бежит администратор и говорит что ничегошеньки не надо брать, сидите и ждите! У нее типо своя очередь! В итоге сидишь и тупо ждешь непонятно к какому менеджеру! А менеджер только и говорит « следующий», а никто не знает кто за кем, так как администратор уже где-то другими делами занимается и никто не знает какой ты в очереди у нее в голове и к какому менеджеру с твоим вопросом! Не все менеджеры там универсальны! В итоге первый кто подбежал к столу менеджера тот и садится! Напоминает Сбер 2000-х только в новой красной обертке! И то там стояли хоть друг за другом зная к какому менеджеру со своим вопросом!",1,"Здравствуйте, Александр! 
Простите за такой опыт. 
Напишите, пожалуйста, на нашу почту smm@alfabank.ru ваши ФИО, дату рождения, когда обращались в отделение и прикрепите скриншот отзыва. 
Хотим проверить работу сотрудников.",2024-05-20 08:38:46
1,Дарья Козырева,2024-05-02 11:25:15,"В Альфе оформила новую карту, старая истекла из-за срока годности. Процесс был быстрым, персонал очень вежливый, а интерьер уютный. Чувствовала себя очень комфортно, буду рекомендовать друзьям обращаться сюда с вопросами",5,,2024-05-20 08:38:46
2,Оксана Кузнецова,2024-05-16 17:54:20,"Посетила банк для консультации по поводу инвестиций. Отделение расположено в удобном месте. Сотрудник, который со мной работал, оказался настоящим экспертом и подробно разъяснил все варианты. Очень качественно работаете, ребята! Молодцы!",5,,2024-05-20 08:38:46
3,Дарья Семенова,2024-05-12 15:51:01,"Была приятно удивлена, что банки могут хорошо выглядеть. Отделение не кажется скучным, есть цветы, открытое пространство и непривычная расстановка мебели. Сотрудники со знаниями, видно что опытные, знают что делают и грамотные в общении",5,,2024-05-20 08:38:46
4,Юлия Остролуцкая,2024-04-04 11:19:35,"Наверное руководство банка устраивает, что клиенты уходят) ТАЛОН Электронной очереди не разрешают пробивать, у них типа своя очередь! пришла получить ГОТОВУЮ карту 50 минут простояла, "" ждите, к вам подойдут"", но так никто и не подошёл (( администратор отправляет всех ""присесть"" )) заявлено, что нет перерыва, при этом администратор говорит, что кассир ушла на обед и вернётся ""не знаю когда"". Девочки сотрудники уходят за дверь по очереди и не возвращаются 🤭При мне два клиента, пришедшие положить деньги на вклад ушли в другой банк) правильно, конкурентам деньги нужнее))",1,"Здравствуйте, Юлия!
Извините, что пришлось ждать. Не все вопросы получается решить быстро, за счёт этого ожидание может быть дольше обычного.
Спасибо за отзыв и обратную связь!",2024-05-20 08:38:46
5,Людмила,2024-03-18 14:59:48,"Очень понравился новый офис. Такое ощущение что пришёл не в банк, а в кафе. Сотрудники приветливые. Очереди нет. Очень домашняя, неформальная обстановка. Я в восторге. Хороший пример другим банкам.",5,,2024-05-20 08:38:46
6,Виталина Иванова,2024-04-24 00:57:21,"Супер отделение. Много места, огромное пространство. Обслуживают на уровне, нравятся менеджеры, которые не косячат и стараются улыбаться. На все вопросы отвечают, не хамят. Этим отделением полностью довольна.",5,,2024-05-20 08:38:46
7,zxzzxxxx,2024-05-06 09:49:13,"Пришёл получить зарплатную карту 6.05.2024г., талоны не выдаются, сидишь ждёшь когда подойдет менеджер по времени ожидания неизвестность!!! Да почта России в 100 раз лучше работает чем это отделение!!! Система работы с клиентами дно полное!!! Единственное плюс это вежливость девушек менеджеров. А так банк не клиентороганизован система менеджмента и организованность работы с клиентами ужасна!!!",1,"Здравствуйте.
Жаль, что сложилось такое мнение. Каждый сотрудник занимается решением определённых задач. Во время большой нагрузки время ожидания увеличено. Делаем всё возможное для сокращения времени ожидания.",2024-05-20 08:38:46
8,Тагир Дьяконов,2024-04-22 19:38:25,"Приятный такой офис банка и менеджеры приветливые и профессиональные работают. Очень здорово помогли мне разобраться с категориями cash back по дебетовой карте когда забирал ее в этом офисе. Подробно рассказали как мне получать наибольшую выгоду. Также подробно рассказали по кредитке, но я пока не решаюсь ее открывать",5,,2024-05-20 08:38:46
9,Алина Леднева,2024-04-20 05:49:47,"Пришла за готовой кредиткой, была небольшая очередь. Подумала, что стоять мне тут часа три, не меньше. Но ошиблась. Администратор, бойкая девушка, всех распределила, кто к какому специалисту и очередь быстро растворилась. На выдаче карточки я просидела несколько минут, у меня был повторный выпуск, вопросов к специалисту не было, все оперативно.",5,,2024-05-20 08:38:46
10,Andrei Chernov,2024-05-05 10:48:59,"Банк, которому можно доверять. Всегда информируют о каких-либо изменениях, новых вкладах. Очень хорошие компетентные девочки - консультанты, вежливые, обязательные.",5,,2024-05-20 08:38:46
11,Марина Стрельцова,2024-04-30 12:06:09,"Может я попала в такое время, или у меня день везения, но пришла получить карту, было три человека всего, через 15 минут я уже была за столом с менеджером! Приятно удивлена... Выдали карту, предложили помочь с приложением и выбрали кешбэк, не помню точно , сколько их там. Паренек приятный, ответил на все вопросы, пожелал хорошего дня:)",5,,2024-05-20 08:38:46
12,Анна Кудрявцева,2024-05-14 18:48:50,"Сегодня посетили данный офис с сыном,ему 14,хотели получить карту,заказанную по ссылке ""Свой в Альфе"" с любимым кэшбэком. Персонал ничего не знает. Выезд курьера при заказе карты был недоступен. Карту выдали не ту. В результате у сына в приложении теперь 2 карты. Нужный кэшбэк выбрать не получилось.",2,"Здравствуйте, Анна.
Удивлены прочитанным. Хотим проверить работу сотрудников и принять меры.
Отправьте, пожалуйста, письмо на smm@alfabank.ru В теме укажите ссылку на ваш отзыв, а в самом письме напишите ФИО и дату рождения, а также скриншот отзыва и дату обращения. 
В письме расскажите также подробнее о ситуации.",2024-05-20 08:38:46
13,Кирилл Страхов,2024-04-22 15:41:19,"С альфа банком уже давно. Сначала пользовался обычной дебетовой картой, так как сюда приходила зарплата. Но с прошлого года стал премиум-клиентом и очень доволен своим решением. И вся семья моя теперь с Альфой. Потому что тут лучшее обслуживание.",5,,2024-05-20 08:38:46
14,Марина,2024-04-19 06:56:29,"Недавно забирала свою дебетовую карту. Очереди практически не было, менеджер четко объяснила про все основные тарифы и преимущества карты. Узнала про повышенный кэшбэк на отдельные категории, супер.",5,,2024-05-20 08:38:46
15,Антонина Львова,2024-05-04 03:10:41,"Очень понравился дружный коллектив в этом отделении. Сотрудники помогают друг другу почти во всем, очень приятно такое наблюдать.",5,,2024-05-20 08:38:46
16,Славик Землянский,2024-05-11 03:41:52,"Весьма приятное отделение банка, сотрудники порадовали своими знаниями и умением решать вопросы, отлично прошла консультация по карте 365 дней без %, ни сего не утаивали, все чисто.",5,,2024-05-20 08:38:46
17,Лена Моисеева,2024-04-16 19:15:09,Всегда радовал дистанционный сервис банка. но как приехала сюда поняла что он классный везде. Менеджеру Анне спасибо за помощь с кредиткой),5,,2024-05-20 08:38:46
18,Константин,2024-05-07 03:49:56,"Оформил банковскую карту с самовывозом из данного отделения банка. Пришел в отделение и очень удивился, что нет электронной очереди. А все сидят по так называемой ""живой"" очереди, как вернулся в госучреждение из нулевых. Отделение только открылось, выглядит будто кафе в котором не подают еду. Мне лично не понравилось. Просидев минут 20 на стульчике за столиком на солнцепёке (жалюзей тоже нет), решил покинуть данное заведение, потому что работает только одна девушка, остальные же, которых я насчитал в сумме 4 человека, принимают по другим вопросам, скорее всего по кредиткам, я же ведь по дебетовой карте пришел, я им не интересен. В общем клиентоориентированность нулевая, пришел сиди и жди, не понятно чего и кого.",1,"Здравствуйте, Константин.
Мы хотели выйти за рамки привычного отделения и старались сделать офис уютнее и комфортнее для наших клиентов.
Каждый сотрудник выполняет определённые задачи.
Скорость обслуживания зависит не только от количества сотрудников и клиентов, но и от сложности вопросов. Стараемся сократить время ожидания, насколько возможно.",2024-05-20 08:38:46
19,Дмитрий Д,2024-03-11 11:06:16,"Никогда не обращайтесь в альфа-банк. Потеряете время и деньги. В отделении постоите в живой очереди к непонятным ""менеджерам"" и ""администраторам"". Которые непонятно чем занимаются.",1,"Здравствуйте!
Иногда возникает очередь. К нам обращаются с разными вопросами, всегда стараемся решить их побыстрее. 
Извините, что заставили ждать.",2024-05-20 08:38:46
20,Ксения Пашкова,2024-05-04 10:13:47,"Я приходила днем в среду, получила стикер. У администратора спокойно взяла талончик и ждала в очереди , всего минут 5-10 получилось, не дольше. Сотрудники хорошо работают.",5,,2024-05-20 08:38:46
21,александр Бондарев,2024-04-05 10:53:05,"Просидел минут сорок , три сотрудника сидят своими делами занимаются, а я жду какого то спеца, а мне всего лишь надо номер телефона поменять в настройках Альфа-Банка.",2,"Здравствуйте, Александр!
Простите за такой опыт и потраченное личное время. В периоды большой нагрузки время ожидания может быть дольше обычного, это зависит от количества обращений и сложности вопросов клиентов перед вами.",2024-05-20 08:38:46
22,Ольга Лебедева,2024-05-08 08:44:46,"Посещаю данный офис часто, так как давно являюсь вашим клиентом. Менеджеры все грамотные, доброжелательные.",5,,2024-05-20 08:38:46
23,павел,2024-04-20 09:03:36,"не знаю почему такая низкая оценка у этого отделения ,нам девушка сотрудник (беременная кстати )помогла и решила вопрос быстро и профессионально",5,,2024-05-20 08:38:46
24,Виктория Бекхам,2024-04-30 17:21:18,"Оформляли на днях через интернет карту сыну, получили в понедельник тут, удобно и быстро, хоть и очереди по талонам нет",5,,2024-05-20 08:38:46
25,Юлия Майорова,2024-05-07 17:53:05,Мне понравился данный банк и условия тут. Сотрудники банка очень вежливы и всегда подскажут при случае чего.,5,,2024-05-20 08:38:46
26,Алиса Розмерец,2024-05-02 11:23:21,"Уже лет 5 пользуюсь дебетовой картой Альфа банка. Недавно в этом отделении еще взяла себе кредитку, в умелых руках невероятно крутая штука. Теперь забыла, что такое брать деньги в долг у семьи или друзей, во всем выручает кредитная карта.",5,,2024-05-20 08:38:46
27,Екатерина Горячева,2024-04-17 10:56:01,"Приходила в отделение в понедельник, нужно было уладить пару вопросов. Выдали талон, хотя менеджер быстро освободился. Занимались со мной минут 25, потому что вопросы были глобальные, да и то, это больше я затягивала процесс. Главное что устранили все проблемы ровно за 1 посещение офиса.",5,,2024-05-20 08:38:46
28,Наталья Балабаева,2024-04-03 09:14:46,Отвратительное место! Потеря времени. Ужасное обслуживание!!!,1,"Здравствуйте, Наталья!
Почему сложилось такое мнение? Расскажите подробнее.
Можете отправить подробности, ваши данные и скриншот этого отзыва нам на почту smm@alfabank.ru",2024-05-20 08:38:46
29,Александр,2024-03-20 13:44:23,Помогли .дружелюбный персонал.,5,,2024-05-20 08:38:46
30,Дима Айвазов,2024-05-02 13:01:20,Данный банк в принципе больше заслужить не может!,1,"Здравствуйте, Дмитрий.
Почему сложилось такое мнение?",2024-05-20 08:38:46
31,Алексей Летков,2024-04-25 18:28:42,Обслуживание на высшем уровне.,5,,2024-05-20 08:38:46
32,Инкогнито 9445,2024-03-18 15:09:29,живая очередь,1,"Здравствуйте.
Каждый сотрудник занимается решением определённых задач. Во время большой нагрузки время ожидания увеличено. Делаем всё возможное для сокращения времени ожидания.",2024-05-20 08:38:46
33,Коля Д.,2024-04-21 17:51:39,Все классно,5,,2024-05-20 08:38:46
