,name,date,text,stars,answer
0,Евгения Жалдак,2023-12-14 12:27:37,"Отличное обслуживание. В отделении вежливые и внимательные сотрудники, работают грамотно и быстро. Спасибо за помощь Офицеркину Максиму. Особенную благодарность хочу выразить руководителю отделения Швырковой Наталье, оперативно и грамотно решила мой вопрос.",5,
1,Анастасия Павлова,2024-02-07 12:44:09,"Хочу выразить благодарность от всего сердца специалисту банка - Натальи (если не ошибаюсь, Лобанова), помогла мне во всём, в чём можно было: изменила мои паспортные данные, выпустила мне зарплатную карту, показала как пользоваться приложением, рассказала все нюансы, на каждый мой вопрос дала положительный и расширенный ответ. С её помощью мне было всё понятно!🤗
Спасибо большое, за помощь, и за то, что вы добрая, отзывчивая, и умеющая помогать людям!🙏
Да, поначалу, мне показался этот офис странным, т.к специалисты имеют мобильные компьютеры, передвигаются по залу с ноутбуками, обстановка расслабленная - что непривычно после обычных отделений банков. Но это не мешает специалистам выполнить высоко квалифицированную помощь клиентам банка. Да я потратила, около 2х часов ожидания, в порядке живой очереди. Но это лучше, чем ехать из Нары в Москву, и тратить пол дня на дорогу, туда и обратно, в общественном транспорте или пробках. Тем более что всё, что мне нужно было, мне сделали здесь, рядом с домом!❤️",5,
2,Елица Блинова,2024-04-15 16:54:56,"Здорово, что в городе открылось отделение банка. Очень необычный интерьер и соответственно необычное общение с клиентами. На мой взгляд современно, но неудобно. Сотрудник не должна носится с ноутбуком к клиентам. Я считаю, что у сотрудников должно быть организовано нормальное рабочее место с нормальным стационарным компьютером, принтером, сканером и тд. Мне очень не понравилось, что мой паспорт сканировали на телефон и потом загрузили в приложении Альфа-Банк. Так же считаю не безопасным такое близкое общение сотрудника банка и клиента. Все таки мы приходим в отделение банка для получения консультации, услуги и тд, а не кофейку попить с подругой. Я ни в коем случае не навязываю свое мнение, это просто мое видение на оформление офиса.",5,
3,Анонимный отзыв,2023-12-13 07:11:58,"Обслуживание на высшем уровне. Сотрудники рассказывают и расписывают всё более подробно. Всегда стараются подобрать самые выгодные условия, помочь с выбором, что очень важно в банке. 
Очереди не сильно большие, но что вы хотели за качественное обслуживание клиентов?",5,
4,Вероника Ильманова,2024-02-08 13:31:51,"Ставлю 5 звезд, всем советую данный банк. Обслужтвание прекрасное, чтобы оформить дебетовую карту, достаточно просто договорится с сотрудниками банка и они придут в любое удобное время и место. Впечатлили программы для активного долголетия, против мошенников, что является очень актуальной темой в наше время. Спасибо работникам Даниле и Максиму. Персонал прекрасный, отношение к клиентам очень трепетное, помогут с любыми вопросами. А главное, что все быстро и доходчиво все расскажут и покажут.",5,
5,Диана К.,2023-11-30 12:02:02,"Офис маленький, медленное обслуживание, приезжала 3 раза, чтобы получить карту в разное время и дни, ситуация всегда одинаковая. Сотрудники медленно работают, но это и понятно у них даже нет рабочего места, им приходится тратить время на то, чтобы встать от клиента подойти к шкафу, открыть каждую полку ключом. Формат офиса крайне неудобный, топ менеджмент подумал об экономии, но с таким подходом можно и потерять клиентов, так как за час ожидания можно доехать и до ближайших городов, для получения более качественных услуг.",1,
6,Андрей,2024-02-12 14:51:53,"Это тихий ужас.
Маленькое душное помещение. Отсутствует зона ожидания для клиентов, все стоят по стеночке. Даже нет элементарной электронной очереди, все по живой очереди. Персонал сидит и обслуживает клиентов да обычными столами с ноутбуками. В общем больше похоже на какую-то мошенническую схему. Хоть и понимаешь, что это реальный банк, но сразу возникает много вопросов, а стоит ли тут обслуживаться. При этом альфа заявляет, что у них одно из лучших приложений, начните хотя с электронной очереди и качества своих офисов, имейте уважение к своим клиентам.",1,"Здравствуйте, Андрей. Спасибо за обратную связь. Учтём ваше замечание, подумаем, как сделать обслуживание более комфортным 🤝"
7,Татьяна Козлова,2024-02-06 13:18:04,"Спасибо руководителю банка Наталье. Очень грамотно , спокойно решили мой нелегкий вопрос. Очень приятно общаться с такими людьми. Человек на своём месте!!! Наташа успехов тебе и вашему банку😇😇",5,
8,Сергей Богданов,2023-11-30 14:05:21,"Помещение маленькое, людей бывает много присесть не где. Коллектив хороший, работают грамотно и быстро. Что пожелать посетителям? Задавайте вопросы и старайтесь во всём разобраться!",4,
9,дмитрий Аугенблик,2024-04-23 15:41:47,"Хотел перейти с Тинькова а оказался в машине времени
Банков этак лет 15 назад 
Доставки карты нет, надо ехать в этот офис, работает только по будням и представляет из себя 4 столика с табуретками, двумя девушками и третьей которая ими управляет…👍🏻
Ах да, и очередь в среднем 40 минут как она сказала 
Банк для умных и свободных как говорится, 0 открытых карт из 10",1,
10,Леся Журавова,2024-04-23 06:16:11,"Просто замечательное отделение банка. Обслуживание проходит быстро, вежливо, без необходимости стоять в очередях. Доброжелательные девушки на входе придают приятную атмосферу",5,
11,Анна,2024-03-17 20:48:15,"Девочки менеджеры всегда стараются быстро обслужить всех клиентов, немного не комфортно как обустроен сам офис, что общаешься с менеджером, а все кто рядом внимательно слушают)))",5,
12,Женя Ник,2023-07-19 11:29:50,"Так как офис новый и достаточно маленький, а клиентов много, то возникают проблемы с ожиданием. Но с учётом наличия единственного (!) офиса в городе и вежливого обращения сотрудников, это находка! Особенную благодарность хочу выразить руководителю Наталье. Помогла, всё объяснила! Оперативно решила имеющийся вопрос. Качество обслуживания на высоте. А отсутствие электронной очереди и количества сотрудников - это, думаю, решаемо. Раньше приходилось ездить в Москву в Альфа-Банк, теперь такой необходимости нет, держатели карты этого банка меня поймут..
Спасибо за наличие хоть такого ""мобильного"" офиса в городе!",5,
13,Наталья К.,2024-02-07 18:43:11,"Поставила оценку пять, только из-за хорошего обслуживания менеджеров банка. Им большое спасибо. Само помещение очень маленькое, но чистое. Есть банкомат тут же рядом.",5,
14,Ирина Игоревна,2023-08-22 09:41:17,"Отличное обслуживание. Приходили всей семьей оформлять вклад и карту. Руководитель отделения Швыркова Наталья все объяснила, рассказала, на все вопросы ответила. Дочке дали раскраску, чтобы не скучала пока мы все оформляли. Кто пишет, что долго, так всех предупреждают, что ожидать нужно. 
Альфа-банку и его сотрудникам в Наро-Фоминске процветания и адекватных клиентов.",5,
15,светлана зайцева,2024-03-07 09:55:54,"Обслуживание медленное, но качественное. Персонал доброжелательный. Всегда большая толпа народа. Приходиться ждать час и больше. Для такого города очень маленький офис.",3,"Здравствуйте, Светлана.
Простите, что пришлось ждать! Ситуации и вопросы клиентов бывают разные, на решение требуется разное количество времени. Стараемся сократить время ожидания, насколько возможно. Будем работать над улучшением этого вопроса 👌"
16,Vitaly Z.,2023-11-17 08:48:40,"Маленькое помещение, очень долгое ожидание живой очереди, присесть негде, а стоять придется не меньше часа. Сотрудницы работают очень медленно, никуда не спешат. На получение обычной дебетовой карты можно потратить 2 часа! Часть людей заходят, видят очередь и уходят, банк теряет клиентов. Ужас, а не отделение.",1,
17,Дмитрий З,2024-04-16 15:30:46,"Офис чистый, идея прикольная.

Ожидание дольше, чем в зелёном банке. Почти час. Два сотрудника на 5-6 человек. Это позорище.

Очень долго ждать для банка 2024 года. А самое смешное, что многие вопросы в онлайн-поддержке не решают, отправляют в офис.",1,"Здравствуйте, Дмитрий! 
Простите за такой опыт. Всегда стараемся помочь клиентам в моменте, но иногда время ожидания может быть увеличено. Это зависит от количества и сложности вопросов клиентов перед вами."
18,Алексей Д.,2023-11-15 09:19:10,"Два раза пытался попасть в офис к менеджеру. 
Очереди не большие( 2-3 человека) но работают очень медленно. В офисе из оборудования только ноутбуки и принтер. Хотел оформить карту, но не судьба. 
Оооооочень медленно( девочки шевелитесь хоть немного. 
И ещё там душно.",1,
19,Serega Dan,2023-11-17 16:09:23,"Шикарный мини офис. Кассы нет, но не беда. Обслуживание ЮЛ один менеджер, обслуживание ФЛ 4 менеджера. По ФЛ может собраться очередь. Стоит один банкомат. К посещению советую, тем более в НФ он один",5,
20,Елена Артамонова,2023-08-24 05:24:02,"Лучший банк,быстро и оперативно решили вопросы.особенно понравилась работа менеджера Кристины по юридическим лицам,все рассказала,объяснила,Управляющая Наталья тоже поразила быстрой,качественной работой!",5,
21,Иван Домников,2023-12-27 08:02:23,Очень слабый профессионализм сотрудников. Более часа обслуживают одного человека. Знакомых принимают в не очереди. Просто уходят куда то на время. Условия ожидания ужасное. Второй раз приехал в данный банк для получения карты. Увы видимо не судьба))),1,
22,ВАДИМ КОРНАЧЁВ,2023-12-13 11:45:24,"Ужасный зал сидим как на вокзале на стульях 4 консультанта на 30 человек ждал очереди два часа пятьдесят минут,спасибо что о своих ""дорогих клиентах"" так заботитесь 
А мне нужно было просто восстановить доступ в аккаунт....",1,
23,Дмитрий,2023-11-06 06:26:41,"Решил воспользоваться банкоматом, так как Альфа-Банк в Наро-Фоминске всего один. Так прийдя туда увидел всего один банкомат, который был на ремонте. Крайне не удобно.",3,
24,вика вика,2024-04-26 12:34:54,"Пришли в отделение банка, во первых никто долго не уточнял по какому вопросу мы пришли, а когда спросили по какому вопросу, сказали ожидаете час… что? Реально думаете что мы будем час ожидать очередь?",1,
25,Ксения Е.,2023-07-24 18:20:14,"Очень рада, что отделение открылось в Наро-Фоминске, банк удобный, в нем хороший кэшбэк и условия по счетам. В отделении вежливые и внимательные сотрудники, это всегда приятно! Вопрос успешно решили, все отлично!",5,
26,Сергей,2023-09-01 16:57:01,"Новый клиент, открыл счёт. Загружаю приложение, а там у меня минус 539р. Оказывается в 2000 мохнатом году, когда айфонов ещё не было, я открыл в Мск альфе счёт и не пользовался им. И зачем то альфа решила, что в 2017 году они могут начислить мне плату за пользование счётом, а уже в 2018 г эту плату отменить.
В офисе Наро-Фоминск девчонки помогли, написали обращение - тут вопросов к ним нет, все отлично. Но альфа ответила - это ваши проблемы.",1,
27,татьяна захарова,2023-07-24 22:14:16,"На днях посетила новый офис. Удивил формат работы, что каждый клиент сидит за отдельным столом со специалиатом, и нет электронной очереди. Сотрудник Алина быстро и информативно ответила мне на все интересующие вопросы, была очень вежлива и доброжелательна, без проблем оформила дебетовую и кредитную карты, всё комфортно, быстро и удобно. Спасибо за оказанную консультацию и помощь с решением всех моих вопросов.",5,
28,Данил П.,2023-11-09 11:59:06,"Все понравилось, очень приветливый коллектив. А самое главное все было очень быстро и понятно",5,
29,андрей дворников,2023-09-13 06:31:02,"Грамотные и вежливые сотрудники, отвечают на все вопросы, помогают, если возникают трудности. Оформлял дебетовую и детскую карту, все прошло отлично, спасибо Вам за вашу работу!",5,
30,Дарья Я,2023-11-14 07:59:02,"В очереди сидишь по 40-50 мин, офис маленький, людей много, такое чувство что весь город оформляет льготную ипотеку. Все очень долго........",1,
31,Дмитрий Новиков,2023-07-12 18:31:59,"Немогу вторую неделю получить карту,которую заказывал,отделение очень маленькое,а востребованность высокая,подумайте над тем,чтобы клиент не ждал для получения карты в общей очереди,в противном случае зачем тогда открывали такой маленький мини офис и советую сделать субботу рабочим днем,так как почти все работают 5/2 и нет возможности посетить банк в будние дни",2,
32,Сергей Х.,2023-07-24 19:38:51,"Отличные сотрудники👍🏻👍🏻👍🏻 подсказали по всем фопросам. Особенно хочу поблагодарить сотрудника Алину Захарову, очень грамотный специалист.",5,
33,Елена Корнюхина,2023-09-01 16:37:16,"Как здорово, что открыли данный офис. Особенную благодарность хочу выразить руководителю Наталье. Оперативно и грамотно решила мой вопрос.",5,
34,Габулова С.,2024-01-17 14:50:03,"Нравятся все условия, спасибо сотруднику Максиму за ответы на вопросы и помощь в получении дебетовой карты банка.",5,
35,Надежда,2024-04-26 20:02:50,"Оформила карту по реферальной ссылке. По мимо приветственного бонуса теперь у меня еще имеется классная дебетовая карта, на которую капает не плохой кэш-бэк😊 Все вопросы я решаю в сообщениях соц сети В контакте, удобненько👍",5,
36,Юлия С.,2023-09-25 20:49:22,"В 21м веке уже кредитки возят курьерами отсталые банки! Даже сбер уже перешёл на виртуальные! Курьером это очень неудобно! Зачем деньги тратить на курьера вам, я не понимаю",1,
37,Илья Плескачев,2023-08-22 19:17:35,"Хорошие и добрые сотрудники обслуживание на 5+, а руководитель Наталья это вообще просто золото!!!! 
Так держать успеха и карьерного роста",5,
38,Konovalova.tata2006,2023-09-11 07:39:31,"Ужасный подход к клиентам , ожидание больше часа , ни кто ни куда не торопятся это кошмар , чтоб получить карту нужно ждать 2 часа ! 
 Люди приходят видят очередь и уходят !",1,
39,Максим Р.,2023-11-17 11:27:49,"Отделение хорошее, но сам банк мне не нравится, т.к. не разблокировали мою карту)",5,
40,Надежда Валентейчик,2023-11-03 05:24:55,"Маленькое отделение, но с прекрасным персоналом и отличным обслуживанием!",5,
41,Алексей,2023-08-05 12:32:33,"Обычный нормальный банк... когда то ,году в 2016 вроде,обращался к ним,по поводу кредита....отказали,такие сякие) а потом сами звонили и предлагали взять,но уже не нужно было.",3,
42,Лев Ким,2023-12-07 10:51:56,"Просидел полтора часа в очереди, чтобы потратить 5 минут на установку приложения…",1,
43,Дилшод Хасанович,2024-02-05 13:32:43,"Не советую это банк *** 
Звонили сказали что по кредитной карте одобрили 100 тысячи я туда подъехал ждал 2 часа очереди и 45 минут оформление отдали карточку там 20000 тысячи я отказался",1,"Здравствуйте, Дилшод. 
Решение по онлайн-заявке всегда предварительное. Окончательный лимит карты устанавливаем после проверки ваших документов и кредитного анализа. В дальнейшем можем увеличить лимит."
44,владимир владимир,2023-11-20 11:55:08,Грамотные и профессиональные сотрудники.,5,
45,Арсений О.,2023-08-09 12:06:03,"Интересный формат, но так долго в очереди банка я никогда не сидел. Больше часа в ожидании по простому вопросу - это слишком.",1,
46,лидия Бурджи,2024-02-09 06:25:28,Хороший банк советую посетить не пожалеете,5,
47,Иван Николаев,2023-07-26 10:31:47,"Это что-то уже 40 минут сижу в офисе жду своей очереди и ещё не знаю когда....
Офиса и сотрудников не хватает",2,
48,Ирина Лапшина,2023-10-26 17:48:39,"Хороший банк, вежливые сотрудники, выгодные условия.",5,
49,Ольга Иванова,2023-08-22 10:36:59,Сотрудники обслуживают максимально долго. Время ожидания в живой очереди минимально час,1,
50,Ольга Чигарева,2023-07-30 17:44:12,"Хороший банк,пришла закрывать карту, счёт закрыла,а вечером списали за обслуживание,как так?",4,
51,Виктория С.,2024-02-02 11:38:40,"Очереди огромные, очень долгое обслуживание, сидела час, а то и больше. Не первый раз прихожу и постоянно одна и та же картина.",1,"Здравствуйте, Виктория.
Простите, что пришлось ждать! Ситуации и вопросы могут быть разные, требуется разное количество времени на решение. Иногда может быть очередь. Будем работать над улучшением этого вопроса 👌"
52,Александр Лобанов,2023-07-24 18:01:23,Замечательный персонал. Обязательно женюсь на одной из них.,5,
53,ruslan11jr,2024-04-26 14:27:22,"два сотрудника на весь банк,спасибо👍",1,
54,maxim plotnikov,2024-01-23 11:56:48,"Очень долго ждать, часа 2 не меньше",1,"Здравствуйте!
Простите, что пришлось ждать! Ситуации и вопросы клиентов бывают разные, на решение требуется разное количество времени. Стараемся сократить время ожидания, насколько возможно. Будем работать над улучшением этого вопроса 👌"
55,толя ч,2023-12-25 05:25:08,Сын работает только с этим банком,5,
56,Дарья Горбунова,2023-08-21 11:04:32,"Это ужас 
Целый день потерять в банке можно 
Сделайте уже что то 
Неделю не могу закрыть счета",1,
57,Светлана Дригалова,2023-07-21 17:55:00,Отличный банк. У них самое лучшее мобильное приложение!,5,
58,Наталья Водоладова,2023-11-01 13:01:11,Благодарю за консультацию Лобанову Наталью!,5,
59,ВИТАЛИЙ.К.,2024-03-11 15:06:29,"Хорошее обслуживание, вежливый персонал 👍.",5,
60,Николай Н.,2023-12-16 09:46:09,Очередь большая.,2,
61,Диловар Д,2023-12-09 21:43:45,Бомба,5,
62,Александр Гусев,2023-10-27 11:29:53,Очень разочарован. Задрали звонками с предложением открыть счет- 5-6 раз в неделю.,1,
63,Александр Волков,2023-08-07 17:33:36,Урезанное отделение без кассы,3,
64,Анна И.,2023-07-24 12:09:38,Очень долго. Людей много,1,
65,Александр Дугин,2023-09-13 16:42:26,Какое-то подобие офиса.,1,
66,Константин Теремшонок,2023-08-10 13:48:28,"Так не работают, позор!",1,
67,Николай Шевченко,2023-08-23 16:31:35,Хороший сервис!!,5,
68,Николай Гордиенко,2023-10-29 06:10:09,Все отлично,5,
69,КорнееваГалина Николаевна,2023-10-20 17:05:04,Нормально.,5,
70,Вика Шумова,2023-10-24 16:13:48,Удобно,5,
