,name,date,text,stars,answer
0,Екатерина Давыдова,2024-03-21 16:35:16,"Отличный офис, замечательные сотрудники, доходчиво объясняют",5,
1,Владимир Швецов,2024-04-25 13:23:43,"Были вместе с женой, консультировались по детским картам. Дети подрастают, надо приучать к современным платежным средствам. Оформили карту и стикер.",5,
2,Виталий Есин,2024-02-06 14:49:55,"Не отделение, скорее микроофис. Но большинство вопросов решают!",4,
3,виталий фатхутдинов,2023-12-11 15:25:34,"Все ничего, но помещение для такого Банка смешно мало.",4,
