,name,date,text,stars,answer
0,Дарья Окишева,2023-05-25 14:47:22,"Банк мне понравился. Очень комфортный в удобном месте в центре города. Всё чисто красиво современно. Девушки, которые там работают ходят в футболках вроде, но не по классике в белых рубашках. Интересное современное решение к стилю в одежде персонала. Девушка, которая меня обслуживают была очень вежливая и компетентна во всех вопросах. Я приходила оформлять кредитную карту. Она объяснила всё понятным языком, для человека, который вообще не шарит. Имя не помню. Минус небольшой, что время ожидания около 40 минут, мне показалось долго, но благо я никуда шибко не торопилась, а в офисе комфортно было находиться.",5,
1,Софья Петрова,2024-03-19 10:09:36,"Была тут много раз, довольно хорошо обслуживали. Был вопрос о рефинансировании. Специалист Ирина умница, настолько подробно все рассказала, что моя растерянность ушла. Было приятно видеть человеческое участие касательно моего случая.",5,
2,Валентина Яковлева,2024-01-29 12:38:57,Достойный персонал. Помогли мне оформить тут дебетовую карту. Все прошло максимально быстро и на каждом вопрос нашли грамотный ответ. Нравится современный банк и быстрое обслуживание. По многим продуктам проценты гораздо выгоднее),5,
3,Олег Милавин,2023-12-08 18:04:01,"Очень всё продумано. Клиентов много, но везде столики, кресла. Конечно не всегда в час пик есть места, но в обычном режиме все очень достойно. Персонал опытный и корректный. Молодцы.",5,
4,Алексей Барболин,2024-01-16 17:50:52,"Интересный формат обслуживания клиентов, в целом понравилось. Персонал отзывчивый, доброжелательный и вполне компетентный. Рекомендую)",5,
5,Милена Яшина,2024-03-20 08:40:45,"В этом отделении Альфы работают опытные сотрудники, не раз помогали мне и подсказывали по разным вопросам. Еще мне понравились условия здесь, оформляла себе кредит, успела уже даже закрыть) Впечатления положительные",5,
6,Ильмира Моряхина,2024-04-17 15:45:46,"Красота требует жертв) Красиво и стильно внутри, но в угоду посадочным местам. А так формат обслуживания интересный и высокого качества)",5,
7,oksana o.,2024-04-15 10:23:05,"Банк спамер!!!! Постоянно звонят ваши «Партнеры» банка! Ни один банк так не названивает. Просто каждый день по несколько звонков в день! На просьбы не беспокоить обращалась в банк, обращалась к этимпартнерам, на вопрос где взяли телефон ,говорят нет информации! Уважайте людей и дайте нормально работать, так как звонят клиенты по бизнесу!! Прикладываю Ваш список партнеров!",1,"Здравствуйте!
Пожалуйста, расскажите обо всём подробнее, написав на почту: smm@alfabank.ru.
В теме укажите: Яндекс Карты / oksana o. В тело письма вложите скриншот отзыва, а также ваши ФИО и дату рождения.
Всё проверим и поможем разобраться."
8,Анна Левина,2023-12-08 03:59:06,"Даже не ожидала.. Приняли, рассказали, обслужили всё на высшем уровне!!! Если в сбере не могла две недели ничего сделать, то сдесь то де самое и даже больше!!! За 25 минут!!! Спасибо большое!!!",5,
9,Ирина К.,2024-02-21 07:43:19,"Вчера была в офисе в 15.00.зашла увидела , что много людей, спросила о решении своего вопроса, ответили что ожаниее не менее 40 мин. Возможно у некоторых посетителей и есть это время, у меня 40 мин. это много.",1,"Здравствуйте, Ирина!
Мы стремимся к тому, чтобы обслуживание было максимально комфортным и быстрым. Но из-за большой нагрузки время ожидания может быть больше обычного. Извините, что заставили ждать."
10,наташа у.,2023-11-15 18:18:14,Некомпетентные сотрудники. Два раза создавала обращение на который вопрос так и не решили. Горячая линия по часу играет музыка и не берут телефоны. Робот в чате не несёт полноты ответа. Каждый раз отвечают разное.,1,"Здравствуйте, Наталья!
Простите за такой опыт. Хотим во всём разобраться. Пожалуйста, расскажите подробнее, написав на почту: smm@alfabank.ru. 
В теме укажите: Претензия / Яндекс Карты / наташа у. В тело письма вложите скриншот отзыва, а также ваши ФИО и дату рождения. 
Всё детально проверим и поможем разобраться."
11,Alexey Razov,2023-10-31 18:24:00,"Хороший банк, удобные онлайн-сервисы,, интересные предложения для клиентов, отзывчивые сотрудники в офисе, быстрое и грамотное решение вопросов.",5,
12,Виктор Жаворонков,2023-11-20 11:24:03,"Прождал в очереди 30 минут, ушёл, тк была назначена встреча. Администратор предложила ждать ещё неизвестно сколько. Это уже второй мой визит, когда не могу попасть. Видимо, клиентом так и не стану) 
Даже в россельхозе быстрее!",1,"Здравствуйте, Виктор!
Простите за такой опыт и потраченное личное время. Стараемся помогать клиентам в моменте, но не всегда можем спрогнозировать время ожидания из-за количества и вопросов клиентов перед вами. 
Учтём ваше замечание и постараемся работать быстрее."
13,Таня Ш.,2023-04-08 10:05:40,"Очень понравился банк. Быстрое обслуживание, грамотные специалисты. Объясняют все четко и понятно. Выгодные продукты, особенно дебетовая и кредитная карты. Красивый офис нового формата. Приятная музыка.",5,
14,Соня Истомина,2023-03-27 15:52:47,"Альфа уже давно является моим финансовым партнером. И я бы хотела высказать свое мнение) Банк очень клиентоориентирован. Сотрудники всегда готовы помочь по любым вопросам. С таким партнером, как Альфа Банк, я чувствую себя под МОЩНОЙ защитой! Помимо этого, банк позволяет управлять моими финансами именно так, как мне захочется. То есть, для этого есть мобильный банк, инет банк и прочие инновации! Банку уже много лет, но он идет в ногу со временем и постоянно совершенствуется, что не может не радовать! Я очень довольна Альфой и с радостью рекомендую данный банк своим партнерам, родственникам или друзьям, как самый надежный, современный и ответственный партнер!",5,
15,евгений Зязин,2023-11-06 19:13:18,"Встретили хорошо одетые молодые менеджеры. Вежливый разговор. Доступно всё объяснили. Сразу видно, что знают свою работу и умеют вести диалог.",5,
16,Евгений Плеханов,2024-04-12 17:03:45,отделение банка 3 на 3 метра + 2 банкомата. Очередь на обслуживание по часу. Терроризируют ваш мобильный телефон с предложениями взять кредит. Стоимость просмотра баланса дебетовой карты через банкоматы партнёров = 59 рублей. Это какой то ЦИРК!,1,"Здравствуйте, Евгений!
Простите за такой опыт и потраченное личное время. Учтём ваши замечания и подумаем, что мы сможем с этим сделать."
17,александр комиссаров,2023-12-31 16:48:12,"Странная политика выбранного обслуживания, не электронная, а живая очередь. В пиковые часы и дни ожидание достигает до часа. Моё мнение :лаунч зонирование не для банков.",3,"Здравствуйте, Александр.
Извините, что заставили вас ждать 😔 
Время ожидания может быть увеличено, в зависимости от количества обращений и сложности вопросов, с которыми обращаются клиенты. Стараемся не задерживать долго очередь."
18,Elizaveta Li,2023-12-19 03:18:00,"Прождала 30 минут в очереди, девушки оооочень медленно работают, а очередь только прибавляется. Нет организованности, не советую посещать этот банк, лучше карту курьером забрать!",1,"Здравствуйте, Елизавета!
Иногда возникает очередь. К нам обращаются с разными вопросами, всегда стараемся решить их побыстрее. Извините, что заставили ждать."
19,Эвелина Галяфутдинова,2023-07-24 09:35:02,"Каждый раз, обращаясь по любому вопросу, я всегда получаю помощь и остаюсь довольной. Отмечаю высокую компетентность и профессионализм персонала. Благодарю за работу и просто за то, что вы существуете!",5,
20,Анатолий Алексеев,2024-02-14 13:32:28,"В этом году планирую прикупить новую машину, и это будет однозначно с помошью автокредита. Брать буду в Альфе, так как их условия мне подходят.",5,
21,76.vodila.76,2024-03-01 10:58:34,Ожидание больше часа это уже не в какие ворота два сотрудника работают шесть ходит из угла в угол сылаються на обед и очередь в зале четыре клиента всего,1,"Здравствуйте! 
Простите, что столкнулись с долгим ожиданием. 
Скорость обслуживания зависит не только от количества сотрудников и клиентов, но и от сложности вопросов. Стараемся сократить время ожидания, насколько возможно."
22,никита гарацев,2023-05-03 06:10:19,"Меня устраивает скорость обслуживания. Да, бывают задержки, но не критично, всегда все на высшем уровне, всегда вежливые и приветливые в общении. Всегда есть какие то бонусы и подарки.",5,
23,Инкогнито 1034,2023-06-02 15:38:09,Банк мне понравился. Очень хорошие обслуживания . Очень комфортный в удобном месте в центре города. Всё чисто красиво современно.,5,
24,Илья В.,2023-10-22 06:16:43,"Постоянная очередь, в 1 раз пришёл получать карту ждал 20 мин у меня напарник прошёл до меня ждал пол часа . В 2 раз пришёл ждал оформили 15 ,20 мин навязывали всё . Сами работники где и по набрали обычно зайдёшь в банк вме красивые а тут ужас не никого и посмотреть. Хотя была 1 за столиком которая всех записывает в очередь не плохая но 1 .",3,"Здравствуйте, Илья!
В период нагрузки можем обслуживать дольше. Не хотели вас расстроить, простите.
Стараемся усовершенствовать этот процесс."
25,павел акулов,2024-01-04 17:13:48,Плохое место для парковки и с этим учетом очень долгое обслуживание хотя внутри интерьер понравился,3,"Здравствуйте, Павел!
Спасибо за отзыв и обратную связь!"
26,Радомир Б.,2023-12-06 09:01:15,"Вежливые сотрудники, ждать очереди приходится не долго. Необычная система в этом банке, принимают прихожан прямо в зале за столиками.",5,
27,Мария Куликова,2023-10-27 11:51:18,"Очень долгое обслуживание в банке. Много новых неграмотных сотрудников, которые не понимают что и как делать. 
Для того, чтобы выдать мне деньги в кассе сотрудник минут 15 консультировалась по телефону. Ей говорят, она кнопки нажимает. Полная неграмотность в вопросе! Их вообще учат при приеме на работу?",1,"Мария, здравствуйте.
Извините, не хотели расстроить. Всегда стараемся повышать уровень квалификации наших сотрудников."
28,Александр,2024-02-04 21:52:01,"Лояльный банк, кредит получить легко, если нет задолженности в микро займах, девушки обслуживают клиентов быстро и качественно.",5,
29,Татьяна Федорова,2024-02-19 16:58:11,Очень класный офис! Приятное обслуживание! Карту выдали за несколько минут! Проконсультировали как выгоднее брать кредит. Впринципе уютно и чисто!,5,
30,Зинаида Клементьева,2023-11-02 16:54:54,"Менеджер, Алексей, очень внимательный, мне понравилось с ним общаться, но он был один и пришлось долго ждать пока он освободиться. Банк в центре города, соответственно мест для парковки нет.",4,"Здравствуйте, Зинаида!
Простите за такое долгое ожидание. Иногда не можем предугадать время ожидания, так как решение вопросов клиентов перед вами может занять больше времени. 
Учтём ваши замечания и постараемся работать быстрее."
31,Анастасия Ильина,2023-11-14 12:04:03,Один раз я умудрилась забыть карту в банкомате. Через 20 минут со мной связался сотрудник и сообщил о пропаже. Спасибо!,5,
32,Игорь С.,2023-11-29 18:03:54,"Менеджеры банка очень профессионально дают консультации, оперативно решают имеющиеся вопросы. Офис приятный, - непривычный формат, но весьма рабочий.",5,
33,Анастасия Ивановна,2023-04-28 14:48:13,"Очень удобное расположение отделения, быстрое обслуживание и дружелюбный персонал. Большой выбор услуг и продуктов для клиентов.",5,
34,Александр Назарин,2024-04-24 08:47:22,Пользовался услугами банкомата. Удобное расположение. Работает в выходные.,5,
35,Виктория Вьюшина,2023-01-09 18:46:36,"Твёрдая пятёрка! Ходила раза 4 туда и ожидания просто не было. Девочки сразу спрашивают, помогают, отвечают на вопрос. Всё быстро, комфортно, удобно, спокойно, комфортно. Классный офис. Лучший банковский офис в Вологде.",5,
36,Елена М.,2022-06-10 12:06:22,"Остались приятные ощущения после посещения данного офиса. ( 20.05.2022) 

Приятно видеть молодых и креативных сотрудников знающих своё дело. 
Отдельная благодарность менеджеру Никите. 
Доброжелательный, тактичный , молодой человек. 
Был терпелив ,помог разобраться в различных продуктах банка и установить мобильное приложение. 
Подробно пояснил по кэшбеку и рассказал как его получить. 
С удовольствием приду к вам ещё раз .",5,
37,Николь Машкарова,2023-05-03 01:39:14,"С компанией Альфа банк я сотрудничаю на протяжении пяти лет. За это время у меня были и проблемы и радости, но в целом, я доволен обслуживанием. Сотрудники всегда идут на встречу, если возникают вопросы, то отвечают на них грамотно и профессионально.",5,
38,Виталий Ч,2023-05-31 16:54:52,"Впервые в банке с такой обстановкой. Давно хотел открыть счет в этом банке и вот я пришел. Встретили, подсказали, все подробно объяснили. Я немного расстроился, касаемо правил использования кредитной карты. Ожидал более лояльного подхода. Но уже не стал отступать от приобретения кредитки.",5,
39,Соколова Ирина,2023-09-23 11:40:12,"Оформление кредита в отделении Альфа Банка принесло приятный опыт. Сотрудники помогли мне разобраться во всех условиях, и мне было комфортно провести время здесь",5,
40,Елена Белогубова,2024-03-22 20:21:02,"Мы посещаем это отделение уже не первый год и всегда остаемся довольны обслуживарием. Все происходит своевременно, зал чистый, а сотрудники - внимательные и готовы помочь.",5,
41,Artem S.,2023-07-08 13:40:06,"Отделение очень нравится! Операторы приветливые и приятные. Обслуживание на высоком уровне. Что касается очередей в отделении, их нет, по крайней мере в моем отделении (не могу сказать за другие).",5,
42,Руслан Х.,2023-06-28 14:00:28,"Простоял около 10 минут в очереди,но это понятно, так как банк популярный. Главное , что я получил полную консультацию по всем своим вопросам! Специалист рассказал мне о текущих тарифах и помог выбрать наиболее выгодный для меня.",5,
43,Амет С,2023-08-08 19:46:52,"Альфа банк - прекрасное финансовое учреждение, где предоставляется высокий уровень обслуживания, а сотрудники демонстрируют высокую квалификацию. Рекомендую его всем!",5,
44,Надежда Зайцева,2024-02-07 08:38:55,Курьер не приехал к назначенному времени и телефон не доступен. Заказывала кредитную карту с доставкой,1,"Надежда, здравствуйте. 

Хотим проверить заявку и помочь. Пришлите ваше ФИО и номер телефона на нашу почту smm@alfabank.ru с темой «Я.Карты. Прикрепите также ссылку на отзыв."
45,Маргарита Исмагилова,2023-04-24 17:25:17,Отличный банк! Всегда быстро и качественно решаются любые вопросы. Да и сотрудники банка у них вежливые и доброжелательные!,5,
46,Кристина О.,2024-01-25 20:08:13,"Менеджер в отделении помог выбрать оптимальный вариант под мои потребности. Нам нужен был вклад с возможностью свободного снятия, поэтому выбрали накопительный Альфа-счет.",5,
47,Екатерина Галкова,2023-06-11 19:49:51,"В этом банке большой выбор банкоматов. В отделение работают приветливые сотрудники, которые всегда готовы помочь. Персонал очень вежливый и отзывчивый. Отделение также удобно расположено.",5,
48,Сергей,2024-01-29 06:02:07,Отлично. Хорошее отношение и помощь при обращении в банк. Так держать.,5,
49,Любовь .,2024-02-25 19:46:33,"Очень вежливые и быстро решают проблемы,,и объясняют все понятно",5,
50,Яна Короб.,2023-05-17 13:16:12,"Менеджеры очень приятные, общительные. В суть моей проблемы вникли и помогли решить. Поэтому пройти мимо и не оставить свой комментарий я не могла себе позволить. Буду рада, если руководство как то отметит своих сотрудников.",5,
51,Ирина Коновалова,2023-09-01 16:35:03,"Отличный банк, много продуктов. Хороший современный сервис. Кешбек радует каждый месяц.",5,
52,Егор Михайлов,2023-04-28 18:08:04,"Уже несколько лет пользуюсь услугами Альфа-банка. Услуги на все 100! Очень грамотный и надёжный персонал, ответит на все интересующие вопросы. Имею карта от Альфа-банка, и очень дорожу ею! Спасибо за такой банк. Самый лучший!",5,
53,Дарья Т.,2024-02-15 09:00:06,"Чем дольше я работаю с Альфой, тем больше убеждаюсь, что это идеальный банк для меня. Их инновационный подход к услугам, таким как пополнение мобильного телефона и возможность снятия наличных в банкоматах, делает их привлекательным выбором для меня. Высокие процентные ставки по вкладам - еще один плюс.",5,
54,Татьяна Гавриленко,2024-01-29 15:31:54,"Попав в финансовые трудности, обратились в Альфу. Сотрудники оперативно помогли решить мои проблемы, предложив выгодный кредит с низкими процентами. Большое спасибо за помощь!",5,
55,Зинаида,2022-06-16 13:33:13,"Красивый, современный банк. Особенно радуют такие сотрудники, как Никита К. Очень вежливый, доброжелательный молодой человек, который всегда готов выслушать и помочь. Для меня, как для пенсионера, это очень важно. И я очень довольна, что попала именно к нему. Побольше бы таких сотрудников, как он",5,
56,Алёна Кубраченко,2023-12-24 20:07:53,"По рекомендации знакомых обратился в Альфа банк из-за выгодных условий и хороших отзывов. Все понравилось, обслуживание и техподдержка на высшем уровне.",5,
57,Егор Егоров,2023-05-23 18:58:48,"Альфа-Банк - это банк, который следит за тенденциями и технологиями. Они постоянно внедряют новые функции и возможности в свои продукты и услуги, а также используют самые современные системы и оборудование.",5,
58,Алексей,2023-04-07 15:41:02,"Зашел в банк,поинтересовался премиальным обслуживанием,сотрудник была абсолютно не заинтересована, задал уточняющие вопросы на основе информации с сайта банка,она сказала что там информация не верна,а новую даже не предложила озвучить,а менеджер по обслуживанию якобы занят, и ей некогда, хотя раньше такого не наблюдалось, пришлось уйти в другой банк.",3,"Здравствуйте, Алексей.

Удивлены прочитанным 😔 Хотим проверить работу сотрудника. Отправьте, пожалуйста, письмо на smm@alfabank.ru В теме укажите ссылку на ваш отзыв, а в самом письме напишите ФИО и дату рождения, а также дату обращения и скриншот отзыва."
59,Катя Мишинова,2022-06-17 05:41:24,"Быстрое обслуживание, приятные удобные диваны, вежливый персонал (поздаровались, спросили что интересует, проводили сразу от входа к нужному сотруднику). По банковским вопросам всё сами рассказали, всё понятно, быстро и доступно. Внутри, помимо диванчиков, приятная домашняя атмосфера (в виде всяких там кружек и других элементов декора напоминающий домашную обстановку). При этом задана единая бело-красная стилистика. Располагающий к себе банк, их маркетинг мне по душе, в отличие от соседних банков",5,
60,Ольга Зимина,2023-03-16 16:34:07,"Уже почти год как являюсь клиентом банка как ИП. Очень довольна. Экономия на экваринге и зарплатной поектепочти 1℅ по сравнению со Сбербанк. Ощутимо. Кэшбек, интересные предложения. Внимательные менеджеры. Решение всех вопросов в короткие сроки. Одназначно рекомегдую",5,
61,LËLIK,2024-04-08 12:20:15,Обслужили быстро и ненавязчиво! Все разьеснили .,5,
62,Инна Дождикова,2023-01-10 19:56:54,"Самый отвратительный банк, с которым приходилось иметь дело. Всегда читаю договор и максимально подробно расспрашиваю консультантов. Но эти пройдохи все равно смогли куда-то запрятать свои доп.комиссии, страховку. Хотя консультанты часть подводных камней и озвучили, но не всю. И самое интересное, они в смс-уведомлениях не отображаются (хотя смс-увед.подключены), втихушечку снимают деньги, случайно заметила в истории. 
Ведут себя как воры-карманники.",1,
63,Елена Михайловна,2024-04-09 15:44:17,"Приятно удивил интерьер офиса! Компетентные и вежиливые сотрудники, заботливая управляющая! Большое спасибо!",5,
64,Вик Мак,2024-03-06 14:01:18,Хороший банк с хорошим обслуживанием. Все мне понравилось.,5,
65,Ксения Перова,2024-03-31 01:36:09,"Прекрасное отделение банка - все быстро, без очередей. Сотрудники грамотные и вежливые. Обслуживание на высшем уровне.",5,
66,Ан Кул,2023-07-26 04:40:18,"При заявке на рассмотрение кредита передает информацию третьим лицам, а именно МФО, которые осуществляют дальнейшую рассылку спама, отзывать якобы согласие на передачу данных отказываются. Дозвониться до банка крайне проблематично. Не рекомендую данный банк. Есть с чем сравнивать.",1,"Здравствуйте! 
Без вашего разрешения данные третьим лицам не передаём. 
Если отказали в оформлении кредитного продукта и получили от вас разрешение, то может поступить предложение от нашего партнёра «А Деньги»."
67,Паша Борисов,2024-04-13 08:32:37,Дали за 10 минут дебетовую карту с кэшбэком. Еще рассказали что есть платежный стикер. Взял и его,5,
68,Кира Солнцева,2023-03-30 17:00:41,"У Альфа банка, я считаю, самые выгодные условия для бизнеса. Открывала как раз счет недавно в АБ. Мне все доходчиво объяснили, были со мной максимально вежливы и тактичны. Радует компетентность сотрудников!",5,
69,Юлия Ануфриева,2023-08-23 00:09:13,"Хочу выразить благодарность консультанту с именем Юля! Она замечательная специалистка. Она четко все объяснила, предприняла все возможные шаги для оказания помощи. Ее общение было вежливым, и она извинялась если прерывала. В силу отсутствия очереди, все прошло очень быстро,",5,
70,Наталья Кинякина,2023-03-20 12:54:25,"Не начислили ли кэшбек от партнёра. Заполнила на форму заявления в приложении Альфа банка - результатов ноль. Пришла в офис, написала заявление в бумажном виде. Сегодня пришло уведомление, что проблема решена. Кэшбек не начислен до сих пор. Самый худший банк изо всех, где я являюсь клиентом. По отзывам в интернете, Альфа-банк никому не начисляет кэшбек при покупках на сайтах партнёров. Очень разочарована, клиентов, грубо говоря, кидают.",1,"Здравствуйте, Наталья.

При выполнении условий выплату начисляем автоматически. Если по каким-то причинам это не произошло, проводим проверку и начисление вручную. Хотим всё проверить и разобраться. Отправьте, пожалуйста, письмо на smm@alfabank.ru В теме укажите ссылку на ваш отзыв, а в самом письме напишите ФИО и дату рождения, а также скриншот покупки."
71,Елена,2023-09-30 17:11:58,"Это действительно одно из лучших отделений банка, в которых мне довелось побывать! Профессиональный персонал, просторный и чистый офис, оперативное обслуживание.",5,
72,Евгений Ряхин,2023-03-28 16:42:52,Остался очень доволен сервисом в этом отделении Альфы! Персонал был внимательный и ответственный. В офисе было чисто и приятно. Благодаря персоналу я чувствовал себя комфортно и безопасно. Спасибо за ваш тяжелый труд!,5,
73,Ольга Семенкова,2024-02-17 18:14:44,"Хорошее обслуживание, приятная атмосфера",5,
74,Чулпан А.,2023-08-16 15:40:40,"Зал с богатым выбором банкоматов и терминалов очень удобен.Отдельное спасибо сотрудникам,которые встречают клиентов с улыбкой, помогают выбрать наилучший вариант обслуживания.",5,
75,Ева Гаранина,2023-06-02 15:12:57,"Так как я часто путешествую по работе и не только, я оформила себе кредитку Альфа-Трэвэл для путешественников. Кэшбэк до 12% милями. Условия по такой карте просто прекрасные!",5,
76,Татьяна С.,2023-10-16 06:23:24,"В последний раз, обратившись в банк, я встретила замечательную сотрудницу. Она проявила высокий профессионализм, помогла мне с решением моего кредитного вопроса и была очень вежливой и улыбчивый. Спасибо ей большое!",5,
77,Галина Сологубова,2023-08-01 14:43:53,Альфа банк мне очень нравится . Всегда быстрое и четкое обслуживание. Операторы всегда на высоте!Ксловия всегда самые выгодные!Приложение и онлайн -банк также супер!,5,
78,Альфира,2024-03-26 17:21:52,"Пользуюсь услугами Альфа банка уже давно.Решила взять кредит именно здесь,учитывая положительные отзывы.Очень довольна сервисом и оперативностью оформления!",5,
79,Ольга С.,2024-04-20 14:53:40,"Я являюсь клиентом уже давно и ни разу не пожалела о своем выборе. Особенно благодарна менеджеру по работе с клиентами, Анне, за ее профессионализм и отзывчивость.",5,
80,Валерия,2023-07-30 14:16:01,"Меня приятно удивила готовность сотрудников банка помочь мне получить нужный кредит. Они провели детальную консультацию, объяснили все детали и подобрали наиболее подходящий вариант. Более того, сумму одобрили даже больше, чем я предполагала.",5,
81,Ксения М,2023-11-30 18:46:18,Благодарю сотрудников за качественную помощь во всех обращениях. Очень ценю грамотные и развернутые ответы на вопросы.,5,
82,Сергей Шишкин,2023-07-31 17:33:51,"Вежливые, готовые помочь консультанты. С парковкой проблема, остальное отлично.",5,
83,Анастасия Димитриева,2023-09-11 18:31:00,"Очень довольна, что открыла счет в Альфе, и ни разу не пожалела об этом решении. Все удобно, дентги можно снимать в любое время без ограничений по сумме. Обслуживание быстрое, очередей нет, и сотрудники всегда проявляют доброжелательность и отзывчивость.",5,
84,Дима Миронов,2023-06-02 16:31:06,"Давно пользуюсь услугами Альфы. В моем пользовании дебетовая карта, кредитная 365 дней, оформленная ипотека, которую сейчас успешно выплачиваю. Претензий у меня к банку нет, как и у банка ко мне",5,
85,MooNya,2023-04-10 16:14:16,"Быстро и без лишних вопросов проводят перевод. При мне провели 2 перевода с карты на карту в один день. Все быстро, без проблем. В офисе очень уютно, есть удобные кресла, чай, кофе. Персонал приветливый.",5,
86,Екатерина Глинкина,2023-01-27 15:09:01,"Здесь можно узнать о своих кредитах, проверить их статус и погасить, заказать выписку по кредиту и многое другое. 
А ещё можно оплатить услуги ЖКХ, мобильную связь, интернет, погасить задолженность по штрафам ГИБДД. 
Я с телефоном дружу средне, так что прихожу в сама банк .",5,
87,Наташа К.,2022-08-03 16:41:15,"Очень пожалела, что купилась на рекламу этого банка и перешла на него с зарплатным проектом. Заявленный кэшбэк полное вранье. Чат в приложении полный трэш. Поговорить с сотрудником банка невозможно. Сегодня целый день в приложении пыталась изменить паспортные данные, возможно это сделать только отсканировав паспорт. Отсканировать так и не удалось. Приложение не работает, не даёт еереводить деньги в другой банк, что мне сейчас просто необходимо. В приложениях других банков пришли уведомления, что приложение может не работать, если не изменить паспортные данные, есть возможность загрузить фото. В альфа-банке никакого уведомления не было, просто пропала возможность перевода денег в другие банки. На весь город, пусть и небольшой, один офис, который работает с 9 до 18, суббота и воскресенье выходной, очень неудобно работающим людям. В общем, закрою кредитку и распрощаться с этим банком навеки.",1,
88,Кристина Л.,2024-04-03 13:59:52,"Уже второй год пользуюсь зарплатной картой от Альфа банка, и у меня никаких нареканий. Сервис на уровне, сотрудники компитентные. Я полностью довольна.",5,
89,София,2023-10-20 14:03:48,"Очень вежливый персонал, небольшой банк, у них только нет своей кассы если платить по бумажкам, 1 терминал.",5,
90,Andriano Shabalini,2024-04-01 11:46:05,Не выгодно так еще и касса с обедом работает. Так и не обменя валюту,1,"Здравствуйте!
Уточните, что именно было невыгодным в обслуживании?
В кассе есть режим работы, вы можете его уточнить, написав или позвонив нам."
91,Анастасия Лысых,2023-05-08 11:00:10,"Радует меня сотрудничество с этим банком, вот снова вернули повышенный кэшбек. Вроде делаешь покупки, но какая-то часть возвращается. Мелочь-но приятно.",5,
92,Милана Хабибуллина,2024-04-16 16:22:09,"Обслуживание быстрое, четкое и профессиональное. Благодарю за отличный сервис.",5,
93,Ираида Ф.,2023-01-19 15:26:05,"Альфа это лучший вариант в вопросе кредитования. Три года назад оформляла тут кредит, уже давно его закрыла и вот недавно оформляла новый. Все также четко, быстро и на хороших условиях.",5,
94,Максим,2023-02-15 20:35:08,"Быстрое обслуживание , очередей практически нет , вежливый персонал, грамотные менеджеры.",5,
95,Ангелина Шиляева,2023-05-14 15:39:26,Менеджеры отлично справляются со своей работой. Даже очереди двигаются достаточно быстро,5,
96,Светлана Крылова,2023-08-03 14:32:10,"Обслуживание хорошее. Персонал все объяснит, расскажет, поможет.",5,
97,Екатерина Пономарева,2023-03-27 18:11:25,"В целом работу всего банка и его сотрудников оцениваю на 5+, всегда помогут, всегда подскажут более выгодное решение",5,
98,Ангелина,2023-04-14 09:42:10,"Как только увидела анонс Альфы о выпуски стикеров,то сразу решила приобрести! Кстати,их достаточно быстро начали разбирать !Удобно пользоваться !",5,
99,Alex Bronk,2023-03-30 16:53:09,Во время оттепели нельзя нормально поспать в банк так как у крыльца всегда огромная и глубокая лужа. По этому нужно прыгать либо заходить в банк прихватил с собой рыболовные сапоги.,1,"Здравствуйте.

Простите, не хотели расстроить 😔 Стараемся делать офисы удобными и комфортными. Обязательно всё проверим и примем меры."
100,Kitik,2024-01-30 23:16:24,"Один плюс, большой кешбек, но в этом банке всё хуже, чем в других (",1,"Здравствуйте!
Жаль, что сложилось такое впечатление. Будем исправляться. Извините!"
101,Елена Янникова,2023-10-19 12:48:30,Приезжаю уже второй раз и не могу попасть к сотруднику! Дикие очереди и очень медленно движется процесс.,1,"Елена, здравствуйте!
Извините, что заставили ждать. Для решения некоторых вопросов нужно больше времени.
Напишите нам на почту smm@alfabank.ru ваши ФИО и дату рождения, а также прикрепите ссылку или скриншот этого комментария."
102,Денис С.,2022-06-01 11:54:30,Классный и очень современный офис! Очень приятная обстановка! Грамотные и вежливые сотрудники! Очень всё понравилось!,5,
103,Анастасия Ильина,2023-05-19 17:43:29,"Еще прошлой осенью я оформила кредитную карту и регулярно возвращаю нужную сумму. Мне очень удобно пользоваться ею, особенно учитывая хороший кешбек и бесплатное обслуживание в Альфа банке. Карта часто спасает меня",5,
104,Юлия Кирина,2022-10-19 05:56:20,"Классный, современный банк. Менеджеры приветливые. Все вопросы решили, быстро ,качественно и в комфорте))",5,
105,Михаил М,2022-12-30 11:57:49,"Конкретно по работе сотрудников и офиса - все отлично. Сотрудни вежливы, терпеливы, профессиональны.",5,
106,ирина ли,2022-11-10 10:38:53,"Заявленный кэшбэк в 10 % это всё туфта, не верьте. 10% был только первую неделю с момента получения карты, обещали месяц, теперь только 1,5 как и во всех банках. Обращались по этому поводу к работникам банка, которые нас и агитировали на переход этой карты, но они ничего не могли пояснить.",1,
107,Игорь Билык,2022-07-27 15:11:50,"Карту привезли быстро. Загрузил карту а мобильник через мир пэй. В отделении решил пополнить счёт через мобильник. В течении суток деньги не пришли. Оказалось, что альфа через мир пэй глючит, о чем в офисе банка ни кто не предупредил. В поддержке сказали, что нужен токен, и разбираться будут НЕДЕЛЮ. В офисе предупредили, что нужно всегда таскать с собой пластик. 
Р. S. Разобрались с зачислением за сутки.",3,
108,Елена Бобылева,2023-04-10 17:16:40,"Спасибо большое, банку ка компитентное отношение к клиентам, быстрое обслуживание, персонал компитентен в вопросах обслуживания",5,
109,Прохор Нефедов,2023-03-27 16:49:04,"Зашёл в банк узнать насчёт стикеров для оплаты, менеджер вежливо все рассказал, помог получить, спасибо",5,
110,Варя,2023-10-05 18:24:53,"Недавно я зашла сюда, что б оформить кредитную карту. Сотрудники были очень дружелюбными и помогли мне выбрать карту ,которая подходила мне наилутшим образом. Большое спасибо им.",5,
111,Илья Смирнов,2024-01-06 18:19:26,"Отличный банк, и условия оптимальные",5,
112,Кира Юшина,2023-05-17 09:46:54,Банк достойно держится за свое место под солнцем. И у него получается. Все у них всегда чётко.,5,
113,Max D.,2022-05-05 18:19:48,"Обычный банк, не хуже других. Ставлю 5 звёзд только из-за того, что очень понравилось обслуживание у менеджера Никиты. Пару недель назад я приходил оформить карту. Всё чётко, менеджер доброжелательный и знает свое дело. К тому же, он помог решить вопросы, с которыми я не смог справиться сам. В общем, спасибо Никите, оставил хорошее впечатление о банке)",5,
114,Дарья,2023-05-25 16:23:27,"Отделение вполне нормальное. Здесь нет скопления людей в очередях, персонал работает быстро. У меня пока не возникало никаких проблем. В общем, этот банк устраивает меня, я уже год пользуюсь картой, и кэшбэк прилично начисляется.",5,
115,Виктория Высоцкая,2023-03-30 17:25:07,"Люблю Альфу за новшества. Новые стикеры, которыми можно платить смартфоном просто супер, очень удоьно",5,
116,Екатерина Б.,2023-06-17 17:06:38,"У меня уже давно дружеские отношения с Альфа-Банком, так как он расположен рядом с моим место работы, и я являюсь их зарплатным агентом. Я полностью довольна условиями и все мои обращения всегда быстро разрешаются.",5,
117,Hanami,2022-04-26 04:33:45,"Заезжал решить вопрос с личным кабинетом. Встретил специалист и помог в моем вопросе, все четко и без лишней болтовни. Сам банк внутри очень стильный и приятный. Советую данное отделение банка",5,
118,Евгения Колмогорова,2023-05-17 13:17:50,"Куда не глянь везде альфа-банк, вроде частные, не государственный, а такой активный. И, для людей будет более выгодный, чем гос.",5,
119,Олеся Ж.,2024-02-11 17:34:49,"Обслуживание здесь супер. Сотрудники вежливые и аккуратные , не навязывают ничего.",5,
120,Евгений Кочин,2023-05-26 12:58:15,"Обслуживание хорошее. Но хорошо, что досрочно погасил в нём кредит. В рекламе показан более привлекательным, чем на самом деле...",5,
121,Дарья Б.,2022-06-16 20:14:19,"Подписана на одного трэвел блоггера, она рекомендовала открыть карту для туристов и неплохо сэкономить. Была недавно в небольшой поездке, уже получилось получить неплохие скидки.",5,
122,Вика,2024-04-11 13:47:32,"Захожу сюда снимать наличные - оперативно, всё работает, быстро и без лишних усилий.",5,
123,Татьяна Синицына,2023-12-18 16:16:10,"Оплатила коммунальные услуги в отделении. Банкомат, современный все понятно. Сотрудница была готова помочь, если что-то понадобиться.",5,
124,Юлия Анохина,2023-10-27 19:41:16,"Все проходит гладко и быстро. Приходила в четверг и, даже при наличии небольшой очереди, ожидание было коротким. Сервис здесь на высоте.",5,
125,Николай Иванович,2023-03-31 18:50:03,"Я всегда нервничаю, когда иду в банк, но этот опыт был настолькоприятным! Работники банка были очень дружелюбны и заботливы, и помогли мне с моими вопросами быстро и легко. Они сделали все возможное , чтобы я ни о чем не переживал.",5,
126,Нелли П.,2023-12-13 19:06:57,Очень ценю работу специалистов Альфа банка. Они всегда готовы ответить на любые вопросы клиентов. Большое спасибо за вашу помощь!,5,
127,Kirill G,2023-04-21 17:53:25,"Я был приятно удивлен уровнем обслуживания, который получил в отделении банка, при обращении за помощью по кредиту на недвижимость. Сотрудники банка были очень внимательны и терпеливы, помогли выбрать наиболее подходящую для моей ситуации.",5,
128,igor panichev,2023-09-10 18:49:14,Интересная концепция общения с клиентами как в кафе. Банк удобный и физику и юр лицу.,5,
129,Алекс,2022-12-24 09:38:51,"Быстрое обслуживание, каждого клиента приглашают за свой стол, персонал приветливый, грамотный...",5,
130,Маслов Владимир,2023-05-02 19:03:11,"Очень удобный и понятный сайт Альфа Банка,приложение не смог уже скачать ,но никаких проблем, можно использовать все функции карты.",5,
131,Илья Ш,2023-08-10 18:37:00,"Просто замечательно! Впечатлён процессом оформления альфа-карты. Кэшбек великолепен: чем больше расходую, тем больше получаю. Рекомендую всем.",5,
132,Юлия П.,2022-06-01 20:17:10,"Хорошее обслуживание, менеджер очень приветливая и все расказала и показала. Очереди при посещении отделения не было. Мне ,при обслуживании , все понравилось))",5,
133,Дмитрий Р.,2023-03-09 13:24:37,"Спамеры, не уважают закон РФ своими прозвонами, и рекламными звонками так называемых партеров , полное наплевательское отношение к людям и законам РФ",2,"Здравствуйте, Дмитрий!
Хотим во всём разобраться. Возможно, информация о городе вашего проживания устарела, обновим её, либо вовсе исключим номер из обзвона. Как пожелаете.
Напишите на нашу электронную почту smm@alfabank.ru с темой «Я.Карты. Дмитрий Р. Звонки из банка», а к телу письма прикрепите скриншот этого отзыва, а также укажите свои ФИО и дату рождения."
134,Зайцева Ю.,2023-10-18 10:15:45,"Сотрудники при вежливом обращении, не могут ответить внятно на поставленные вопросы.",2,"Здравствуйте!
Могли бы подробнее рассказать о своём опыте посещения офиса? На какие вопросы не удалось получить ответ?"
135,Ali Rodriges,2023-05-11 15:48:16,"Посетила этот филиал, чтобы уточнить информацию о кредитной карте. Консультант был очень внимательным и ответил на все мои вопросы. Необходимую информацию предоставили и решила оформить карту. Очень довольна обслуживанием!",5,
136,Андрей Механиков,2024-01-21 11:53:16,Отличный подход к клиентам.,5,
137,Юлия_Юлия,2023-05-08 19:54:01,"Недавно обратилась в Альфа банк, чтобы поменять Pin-код на своей карте, сотрудники были очень доброжелательны и профессиональны. Все было сделано очень быстро и без проблем.",5,
138,vladislavgg,2023-05-16 14:55:02,"сотрудники очень внимательные и терпеливые! Я задаю много вопросов,так как не очень разбираюсь в банковских вопросах,но они всегда вежливо общаются со мной. Ниразу не было неприятных ситуаций или хамства.",5,
139,Антон Сулоев,2023-09-14 06:18:52,"Очень хорошее обслуживание, вежливые сотрудники банка!",5,
140,Люба Худякова,2024-02-27 17:29:53,Всегда уверена что мои вопросы будут решены. Работники тут исключительно компитентны и всегда готовы помочь.,5,
141,Инкогнито 6909,2023-02-26 14:15:08,Быстро и оперативно помогли решить ситуацию. Особая благодарность Юлии,5,
142,Анна Синицына,2024-04-24 03:45:09,"Сотрудники Альфа банка профессиональный, всегда готовы помочь и готовы ответить на все вопросы клиентов.",5,
143,Дмитрий Курченко,2022-11-08 13:33:27,"Обсуждая условия частичного досрочного погашения ипотеки менеджер сказала, что я смогу это сделать в любую дату. После подписания договора выяснилось, что погашение возможно только в дату платежа.",2,
144,рина титова,2023-07-14 00:13:50,"Я посетила отделение банка, чтобы оформить потребительский кредит. Все прошло оперативно и безупречно. Мне одобрили кредит и предоставили реквизиты для перевода денег. Через полчаса деньги уже были на моей карте. Это очень удобно.",5,
145,Евгения Цаплина,2023-07-17 17:02:31,"Не очень понравилось отношение сотрудников, а само помещение очень удобное!",4,"Здравствуйте, Евгения.
Простите за такое впечатление. Проверим работу коллег и исправимся!"
146,Светлана Якимова,2023-06-21 14:34:00,"Обслуживание здесь быстрое и четкое, без лишней навязчивости, сотрудники не пытаются продать ненужные услуги или уговорить на кредит. Все предложения адекватны, отделение хорошее.",5,
147,Елена Ф.,2023-06-15 15:51:58,"Условия по кредиту здесь просто великолепные. График платежей шикарный, супер удобный. Не имею никаких сомнений, что снова обращусь в это отделение, чтобы воспользоваться другими услугами.",5,
148,Владимир К.,2024-03-10 16:49:52,"Обратился в Альфа банк, чтобы пополнить счет. Сотрудники оказались очень профессиональными и помогли мне в этом.",5,
149,Екатерина Железова,2023-10-15 17:50:33,"Обслуживание без очередей, грамотные специалисты.",5,
150,Дина Прошина,2023-07-16 14:11:38,"Неделю назад зашла сюда, чтобы оформить карту для работы. Людей было мало, не пришлось стоять в очереди. Вежливый персонал работал быстро, оформление заняло всего пять минут.",5,
151,Надежда Шакирова,2023-05-10 16:31:54,"Пользуюсь Альфа Банком давно, все устраивает, нравится карта с кешбэком.",5,
152,Виталий Гурвич,2023-10-09 06:27:42,"Моя заработная плата поступает на эту карту уже не первый год, но на этот раз мне пришлось посетить отделение. Заняло всего 15 минут, чтобы решить все вопросы.",5,
153,Андрей Ярыгин,2022-09-20 17:43:49,"Приветливо встретили, быстро оформили карту, в отделении удобно расставлена мебель",5,
154,Юлия Воронкова,2023-03-21 15:07:55,"Не много банков, которые дают кредит наличными, да ещё и ставку не задирают, альфа банк один из них, спасибо",5,
155,Александр Борисов,2022-10-19 13:25:25,"31 декабря 2021 года стал вкладчиком Альфа банка. Хороший процент по счёту, радужные перспективы, но случилось СВО, %- ты увеличились до 20 пунктов, но не надолго. Как говорят:"" Кому война, а кому мать родна...",2,
156,Ольга П.,2023-02-08 19:14:41,"Отличный банк, отличный офис. Я в основном хожу снимать наличные в банкоматах. Всё шикарно, всё чисто, глаз радуется.",5,
157,Валентина Козаренко,2022-05-31 20:26:45,"В такое тяжелое время далеко не все банки уцелели, санкции и все дела. Альфа банк продолжает стабильно работать, никаких нареканий. Собираюсь открыть тут вклад, очень выгодно сейчас, как пишут.",5,
158,Екатерина Ерёмина,2023-10-22 19:17:42,"Неделю ломала голову над одной проблемой, но специалист из отделения помог разобраться. Он потратил на меня время, и я очень благодарна за это.",5,
159,Ольга Чистякова,2024-02-07 19:37:22,"Получила исчерпывающую информацию от профессионалов, которые явно хорошо разбираются в своём деле!",5,
160,Костя Мясников,2022-04-15 11:50:56,"Реклама Альфа банка не соответствует действительности - банк не работает по всему миру. Банк попал на санкции и эго карты, приложение и прочее работают только на территории России ... и то не в полном объёме. Отвратительный банк.",1,
161,Андрей Геннадьевич,2022-06-15 16:40:08,"Ставлю 4. Балл снижаю из-за того, что приходится зачастую ждать, пока к тебе подойдут и решат вопрос. А консультанту Екатерине хочу пожелать, быть сдержаннее и терпеливее к клиентам.",4,
162,Denis,2023-04-09 20:59:20,"Я держатель несколько карт альфы, плюс пользуюсь банком для решения своих бизнес проблем. Вот недавно оформил онлайн кассу по совету партнеров, мне все нравится, удобно и выгодно.",5,
163,Анастасия Соскова,2022-07-05 14:43:40,Я здесь недавно смогла заработать за счёт акции приведи друга и получи 1000 рублей на счет. По моей ссылки пришло 4 человека- на моем счете появилось 4000 рублей. Круть!,5,
164,Кирилл Г.,2023-05-15 19:33:54,"Каждый раз, когда я прихожу в этот банк, я уверен, что смогу получить ответы на все свои вопросы. Работники всегда четко и ясно объясняют все ситуации и стараются помочь в решении проблем.",5,
165,Aртур Рузматов,2023-05-22 20:01:07,"Вчера с женой посетили отделение, чтобы сделать перевод в другой банк. Сотрудники банка проявили высокую внимательность и вежливость, немедленно приняли перевод, несмотря на свою занятости.",5,
166,Елизавета Виноградная,2024-04-26 19:36:56,Альфа-банк лучший банк,5,
167,Елена Г.,2023-08-30 00:45:39,"Мне понравилось предложение о кредите наличными с низкой процентной ставкой. В других банках часто ставки годовых значительно выше, а здесь они действительно заботятся о клиентах.",5,
168,Валентина Д.,2024-01-13 08:53:02,"Оформление вклада сделали быстро, я довольна работой данного филиала.",5,
169,vologda1886,2023-06-06 10:20:43,Девушки просто отлично справляются со своими обязанностями,5,
170,Мирон Пантелеев,2023-03-17 16:04:55,"Являюсь зарплатным клиентом альфа банка, претензий нет. Офисов и банкоматов по городу хватает",5,
171,Вагиз Ильгизович,2023-05-27 21:27:25,Условия по кредитной карте просто потрясающие. Несколько месяцев назад оформил её и с удовольствием пользуюсь. Карту получил в данном отделении.,5,
172,Ольга Котова,2023-03-16 21:01:26,Впервые попробовала использовать веб версию банка для оплаты кредита. Всё сделала за минуту!,5,
173,Людмила,2022-09-19 14:47:58,Кредитная карта с рассрочкой на год это обман. Не все условия по использованию данной карты менеджеры озвучивают. Поэтому советую все выяснять прежде чем оформить ее.,2,
174,Ольга И.,2023-06-07 18:50:35,"Рассматривала несколько вариантов для открытия счета, но в итоге выбрала Альфа банк и не пожалела. Я уже третий месяц пользуюсь их веб-версией приложения, и все удобно для меня.",5,
175,Евгений Битяков,2023-04-05 14:01:02,"Все супер! Абсолютно без каких-либо проблем или нареканий, не задерживали, обслужили быстро и по высшему разряду просто.",5,
176,Даша С.,2023-06-23 16:06:04,"Здесь всегда обслуживают быстро, и я ещё ни разу не видела очередей. Сотрудники всегда стараются помочь всячески и становятся на сторону клиента.",5,
177,Татьяна Расторгуева,2022-08-17 16:27:58,"Интересный формат банка, обслуживание на уровне) Сотрудники решают поставленные задачи быстро и по существу.",4,
178,Денис Чо,2023-05-08 12:08:56,"Храню тут сбережения и не переливаю. Банк крупный, надёжный, все застраховано",5,
179,Марина М,2022-05-15 17:04:13,Отличный банк. Открыла дебетовую карту. Обслуживание бесплатно. Оплата услуг ЖКХ без комиссии. Кешбек начисляется и каждый месяц можно перевести в рубли без каких-либо условий.,5,
180,Катя П.,2022-04-03 19:16:45,"Самый убогий банк с сумасшедшими процентами. Раньше хоть снятие было без % так и его убрали 
С оператором связаться невозможно , робот просто не даёт 
Загашу кредит и сломаю вашу кредитку 🙌🏻",1,
181,Алясбек Темирбеков,2023-05-17 14:48:11,Не мог зайти в ЛК.  Девушка в офисе разобралась с проблемой мастерски. ,1,"Здравствуйте! 
Расскажите, пожалуйста, что стало причиной низкой оценки?"
182,Daria Tikhonchuk,2022-05-30 20:15:44,Лучший Банк! Всем советую! Все быстро или онлайн! Карта выгоднее Сбера определённо!,5,
183,Екатерина М.,2022-09-05 10:53:31,"Хорошее обслуживание, но очень долгое ожидание, прихожу уже 3 раз и сижу по 25-40 минут и даже не понятно, на какой стадии твой менеджер.",2,
184,Егор,2022-04-29 14:10:44,"В заявке одобрили одну сумму, договорились с продавцом оборудования, оборудование из другого города!!!по итогу пришли в банк, одобрили на месте сумму в 3 раза меньше",1,
185,Till Tail,2023-02-14 13:24:36,"Заходил сегодня в банк, хотел снять деньги с карточки. В зале кроме меня было еще два человека, так что всё очень быстро получилось сделать, без гигантских очередей.",5,
186,Олег Панков,2022-05-31 11:09:41,"Превосходное обслуживание!
Шикарные условия услуг банка!
Просто восхитительно!",5,
187,Максим В.,2022-02-21 10:52:30,"По поводу погашения задолжности в другом банке с кредитной карты, полная хрень! Не ведитесь. Я когда начал говорить что а какой тогда в этом смысл, мне сказали всего доброго и сбросили)))",1,
188,Алексей Алексей,2022-07-07 17:32:40,"Долго пришлось ждать очереди, машину рядом поставить невозможно. А по работе если, то вопрос решили быстро и качественно.",5,
189,Алексей Л.,2022-04-01 11:32:02,Обслуживание отстой! Звонки по телефону переводят и не отвечают. Ради интереса ждал больше 30 мин пока ехал в машине. Мой вопрос остался открытым. Не советовал бы своим друзьям!,1,
190,Иван Шутов,2022-10-21 10:27:13,"Нет привычного терминала с информированием об очерёдности приёма специалистом, что слегка напрягает.",4,
191,Инкогнито 0861,2022-11-25 08:22:59,"Не переводит деньги по судебному решению исполнительному производстам, все сроки вышли давно",1,
192,Снежанна К.,2023-02-21 13:51:13,"Очень хороший банк. Иногда приходится заходить в отделение, уровень работы сотрудников первоклассный",5,
193,Елена Ш,2022-07-05 15:28:23,"Мы тут немного денег заработали с братом.По реф.ссылке оформила себе карту ,ему 1к упал ,мы его разделили на двоих",5,
194,Дмитрий Домрачев,2024-03-26 17:56:04,Круто,5,
195,Залог З.,2023-09-26 09:42:17,"Достали звонки ,как цыгане на рынке",1,"Здравствуйте!
Извините за беспокойство. Напишите нам на smm@alfabank.ru ФИО, ваш номер телефона и номера, с которых звонили. Всё проверим и поможем с отключением."
196,Жанна Царева,2023-05-18 18:16:40,"Долгое обслуживание, невозможно припарковаться...",3,"Здравствуйте, Жанна! 
Простите, что заставили долго ждать. Постараемся исправиться."
197,Валерий .,2022-03-08 19:07:22,"Гнилой банк, воспользовался ситуацией в стране и отменили беспроцентное снятие наличных с кредитки При этом установил 5,9% +900 р.за снятие.Многих людей загнали в тупик",1,
198,Александра Макарова,2023-02-07 01:09:14,"Внутри красиво, удобные переговорные",5,
199,Кристина Заика,2023-05-17 15:19:57,"Молодой персонал, но грамотный.",5,
200,Евгений Петрович,2022-01-28 17:03:21,"Огромная очередь, не дождались. График работы с 9 до 18 и только по будням. Большинство людей в это время работаеют, для кого такой график - не известно",1,
201,Наталья А.,2022-05-31 11:41:27,"Отличный банк, квалифицированные вежливые сотрудники",5,
202,Вера Гайнуллина,2023-03-27 16:09:56,"Кешбек 10/10, очень круто",5,
203,Дмитрий Шоргин,2024-04-16 10:19:29,Олично!,5,
204,Irina Malaya,2022-07-06 13:41:21,Через Вконтакте получилось быстрее всего получить ответ на интересующий меня вопрос,5,
205,Константин Stan,2022-06-16 19:39:56,"Сколько замечал, по утрам все таки намного меньше народу, к вечеру становится больше.",5,
206,Татьяна Долгополова,2022-09-16 18:55:10,"Обслуживание+, но время ожидания может растянуться от 30-40 минут",1,
207,Alan Mouravov,2023-02-17 13:29:50,"Быстр, очереди нет. Понравилось",5,
208,Alex,2022-08-09 12:57:29,"Исправили ошибку, но только после обращений в службу поддержки клиентов.",3,
209,Иван Стращков,2022-05-31 04:00:28,"Отвратительная организация, все акции, проводимые данным банком - враньё, обязательства свои не выполняют, сотрудники абсолютно не компетентные, получить ответы на свои вопросы невозможно",1,
210,Игорь,2023-07-29 15:47:29,Любимый банк,5,
211,Чижик Пыжик,2022-04-28 08:15:16,"1 офис в городе и тот не работает, не рекомендую их карты , надувалово полное!",1,
212,Vasiliy Igumnov,2023-01-12 14:33:08,Всё время нужно быть начеку,3,
213,Сергей Александрович,2023-03-09 19:36:29,Хороший банк,5,
214,олег березин,2022-07-07 06:09:15,Не связывайтесь с этим банком,1,
215,Олег Ильин,2022-04-27 17:56:35,Хорошее отделение Альфы! 😉,5,
216,Алексей,2023-02-22 12:28:54,клевый банк,5,
217,Александр Большаков,2022-07-10 17:54:39,Всё пришло хорошо 👍,5,
218,Cheshire Cat,2023-07-31 17:16:52,"Отличный, банк",5,
219,Ольга Б.,2022-05-31 11:29:04,Все отлично!!!,5,
220,Игорь Уханов,2022-05-18 08:30:28,Лучший банк,5,
