,name,date,text,stars,answer
0,Арина Черных,2024-03-13 10:23:32,"Персонал помогает, объясняет и рассказывает. Очень хорошо кадры подбираются, аж глаз радуется с ушами. Вежливая речь, без слов паразитов. Доступным языком объясняли мне чем вклад от счета отличается и помогли мне оформить последний за считанные минуты. Консультацией я остаюсь довольна, никаикх вопрсов после нее не осталось, спаисбо)",5,
1,Лариса Королева,2024-04-10 12:41:29,"Прямо перед входом парковка. Мне удобно, я за рулем всегда. Отлично помогают по любым вопросам. Алина, менеджер по кредитам, вообще лучшая. Её консультации высший класс.",5,
2,Юлия Беляева,2024-04-22 11:20:24,"Запомнилось человеческое отношение сотрудников. В суматохе с большим количеством людей ребята сохраняли хорошее настроение, старались каждому найти место и не реагировали на грубости. Мне было очень приятно видеть такую работу",5,
3,Соня Филимонова,2024-02-23 13:01:50,"Альфа-Банк считаю лучшим, он хороший т.к. есть с чем сравнивать отношения к клиентам. Прекрасный и быстрый персонал, ожидания практически не было. Мне одобрили кредит всего за несколько минут",5,
4,Татьяна Хохрякова,2023-07-24 11:17:21,"Офис Альфа-банка заслуживает похвалы. Все проходит чётко и эффективно. Персонал заслуживает высоких отзывов. Недавно я посетила офис в обеденное время, чтобы оплатить госпошлину по работе. Сотрудница вежливо приветствовала меня и предложила помощь. Она даже помогла мне правильно заполнить квитанции, так как я в этом не сильна. Обслуживание прошло быстро и безупречно.",5,
5,Даниил Литвинов,2024-03-19 12:53:43,"Понятный во всех деталях банк, тут консультируют подробно, не скрывают неприятных мелочей. Общаться умеют сотрудники, вежливы и учтивы, мне пока все нравится",5,
6,Арина Короткова,2024-03-30 15:45:20,"Дебетовка классная, оформляется быстро. За день после оформления уже можно было забрать в офисе, тут её минут через 5 мне выдали, все быстро и качественно",5,
7,Гульназ,2024-04-26 19:11:32,"От меня до банка пройти минут 20. И обидно бывает когда дорога до офиса и обратно занимает больше времени, чем обслуживание в банке. Сотрудники работают быстро. Качество услуг достойно уважения.",5,
8,Олеся Бондарева,2023-08-27 01:18:37,"Пользуюсь этим банком не первый год, выплачиваю здесь ипотеку, персонал отличный, расположение очень удобное для всех! Рекомендую!",5,
9,София Свиркова,2023-02-22 15:53:01,"Отличный персонал и администраторы, вежливые и приятные. Отделения работают без перерывов и выходных. Очень удобно , что в одном месте можно снять деньги с карты , а также можно оплатить коммунальные услуги и многое другое.",5,
10,Алина Ф.,2022-12-08 18:58:51,"Отличный сервис, ребята лучшие в своём деле! Клиентоориентированность, доступность, скорость работы и решение возникающих вопросов. Отделение удобно расположено, так что добираться удобно!",5,
11,Алена Г.,2022-06-29 14:17:21,"Давно пользуюсь услугами Альфа банка. Доверяю ему. Все чисто и прозрачно. Много лет вся коммуникация проходила через специалистов чата ( в приложении) или контакт центра- все вопросы всегда решались оперативно. Совсем недавно по одному из вопросов необходим был визит в офис, отделение банка. Хочу похвалить работу сотрудников. На все вопросы получила ответы, оформила услугу быстро. В офисе чисто , светло, уютно. Люблю Альфу банк как и 10 лет назад.",5,
12,Инкогнито 5422,2023-01-21 14:05:22,"Хочу поставить оценку банковскому продукту. Меня долго преследовали с предложением оформить кредитку под громким названием ""год без %"". В конечном итоге я ее сделал на 450 000 (ведь типо халява на год). При консультации с оператором и курьером было уточнено, что можно снимать без % до 50 000 в месяц (но никто не сказал, что годовой халявы на эти деньги нет, тольки снятие халявное, а в год 59.99% будьте здрасьте), но и это еще не все. Эти хитрецы придумали интересный порядок погашения задожности: снятые деньги насятся в последнюю очередь. Т.е. теперь бесплатная годовая карта стоит мне 2054р в месяц, либо закрыть всю имеющуюся задолженность и от громкой программы этой карты останется только название.",1,
13,артём Г.,2023-08-09 14:46:59,"Обслуживание на высшем уровне.
Сотрудники всегда приветливые и отзывчивые. Отличное местоположение офиса. Визуально отделение очень привлекательное и аккуратное. Возможность оплаты через терминал-большой плюс.",5,
14,Ольга Оферкина,2023-08-23 13:49:55,"Хожу сюда к банкомату. Его не советую, часто виснет, глотает деньги и не зачисляет. Несколько раз приходилось звонить в службу поддержки, чтобы зачислили деньги. Жду, когда же поставят новый😌",3,"Добрый день, Ольга!
А какой номер банкомата? Пришлите на почту smm@alfabank.ru детали обращений. 
В теме письма укажите Яндекс карты Ольга Оферкина"
15,Елизавета,2023-11-21 15:43:06,"Сравнивая с опытом в других банках, здесь все прошло отлично. Оформление заняло немного времени, возврат страховки также был без проблем и моментальный.",5,
16,Артем Юрков,2023-05-16 16:03:40,"Я перешел из другого банка в Альфу и уже четвертый месяц пользуюсь их услугами. Пока что я не имею никаких нареканий, все удобно, сайт интуитивно понятный и привлекательный, а сервис более доступен.",5,
17,Юлия Дмитриева,2023-02-19 14:19:17,"Услугами Альфы я пользуюсь давно, но в первый раз обратилась именно в это отделение, чтобы открыть вклад. Все быстро, вежливо, без очередей. Сотрудник офиса проконсультировал меня по вкладам и условиям.",5,
18,Катерина Шим,2023-02-25 05:40:14,"У Альфы максимально удобное обслуживание, даёт выбор формата-или онлайн или офлайн,везде помогут. Так же отлично работает приложение.",5,
19,Кристина Глухова,2023-09-04 20:16:50,"Недавно узнала о кредитке, которая называется 365 дней. По ней покупаешь что-то без процентов, а потом на неё закидываешься деньги. Прикольно ️",5,
20,Вика Леонова,2023-06-21 12:14:42,"Альфа Банк меня ни разу не подвел за все годы сотрудничества , условия всегда прекрасные , обслуживание на самом высоком уровне.",5,
21,Марина К,2023-08-24 15:57:49,"Я регулярно посещаю банк, обычно для пополнения счета. Меня приятно удивляет!
Процесс проходит оперативно, точно, без лишних хлопот, и мне никогда не предлагают странные услуги. В общем, всё на высшем уровне.",5,
22,lazer_585,2022-10-17 12:31:07,"Лол, только с альфой у меня не было мемной ситуации ожидание/реальность, всегда все четко так же,как и рекламе. Отдельно отмечу тяжёлый труд сотрудников отделений, столько людей обслуживают за день,а все равно всегда на позитиве.",5,
23,Ильяс Мустафин,2022-12-07 12:52:21,"Очень даже нормальный кешбэк у меня по карте Альфы. Слышал, что у многих друзей в других банках урезали условия. Специально даже зашел на днях в отделение и все подробно узнал. Тут совсем чуть-чуть сократили процент. Но почти по всему он остался и, как обычно, начисляется",5,
24,Артем А.,2023-01-23 17:04:57,"Обслуживание на высшем уровне, особенно хотелось бы отметить работу кредитного отдела. С оформлением кредита мне помогли сотрудники банка, не пришлось даже никуда ходить и ждать. В целом обслуживание очень понравилось.",5,
25,Константин Карелин,2022-07-08 10:01:24,"Убогий банк, которому не дозвониться. 20 минут слушал все комбинации автоответчика, при нажатии на 0 говорит что вызов завершен и потом по новой. Кое-как вышел на оператора, через отдел ипотеки перевели на нужного специалиста.
 При оплате услуг сотовой связи завис личный кабинет и каждый раз при нажатии "" Оплатить"" ничего не происходило, чуть позже сервис отвис и оказалось я 6 раз совершил платеж. В банке на просьбу вернуть деньги отказали, сказали что массовых проблем с ЛК не наблюдается и поэтому возврат не возможен. Отличное решение вопроса. Спасибо Альфа.",1,
26,Ерош (Воронина) Дарья,2023-08-06 01:06:46,"Обратилась для получения кредита. Понравилось, что все необходимые документы можно оформить непосредственно в офисе, без необходимости поездок! Все прошло оперативно и без нареканий.",5,
27,Александр Бобылев,2023-08-18 13:31:55,"По сравнению с предыдущими банками, здесь - настоящий рай! Зал чистый, окна закрытые, в отличие от других банков, где окна остаются открытыми даже зимой, и на полу постоянно лужи. Персонал внимателен и улыбчив. Обслуживание быстрое и качественное.",5,
28,Ольга Елисеева,2022-12-15 12:07:28,"Не работало приложение, обратилась в чат, ни ответа ни привета. Пришлось в соц сети написать. Достаточно быстро пришел ответ, с рекомендацией перейти на банк онлайн, что я и сделала. Теперь проблем не знаю.",5,
29,Дарина Мардыева,2023-08-26 22:11:36,Моя благодарность Ивановой С. А. за обслуживание. Самый быстрый и приятный менеджер,5,
30,Инна Леоненко,2022-12-07 12:25:05,"Бываю часто в этом отделении. Обычно после обеда народу не было, но вот последний раз, очередь на пол часа была точно. Так старший по залу моментально разрулил ситуацию и добавил двух сотрудников на обслуживание. Было приятно)",5,
31,Chris Morozov,2023-12-15 05:47:26,"Любимый Альфа-Банк, но терминал очень зависает",4,"Приветствуем! 

Спасибо, что цените нас 🙂 Обратим внимание на работу терминала."
32,Асмик Манукян,2023-04-29 14:28:37,Приятные сотрудники всегда к ним приятно ходить. Настоящие профессионалы своего дела,5,
33,Юлия Киевская,2022-09-16 08:54:00,"Была приятно удивлена, узнав, что для семей с детьми ипотеку можно оформить на 6 процентов всего... Оформила в тот же день, спасибо за такую возможность!",5,
34,Наталья Павленко,2023-08-20 02:32:18,"Этот филиал Альфа-банка порадовал меня своим оперативным обслуживанием. Сотрудники всегда на подходе, предлагая наиболее выгодные условия по кредитам и депозитам.",5,
35,Боря Ходжаев,2022-10-09 11:32:35,"Самый прогрессивный на данный момент банк, что он и доказывает неоднократно своим обслуживанием, в том числе офисным. Всегда встретят, подскажут что там по электронной очереди, предложат кофе, ну вот прям супер)",5,
36,Прохор Б.,2023-05-05 15:07:24,"Я пришел в офис Альфа банка, чтобы погасить кредит. Сотрудники были дружелюбны и профессиональны, помогли мне с выбором наиболее удобного способа оплаты. Я остался очень доволен обслуживанием.",5,
37,Уля Персидская,2022-11-01 12:25:07,"В отделение приходила на прошлой неделе, была очередь из человек 5 передо мной. Обслуживание ок, менеджер толковая, умею хорошо изъяснятся и слушать. Проконсультировала по комиссиям за переводы и снятия",5,
38,Aynura N.,2022-11-09 08:51:19,"Грамотные, вежливые, внимательные сотрудники. Ответили на все вопросы очень подробно. С утра создали хорошее настроение. Поставила 5*",5,
39,Анна Гусева,2023-08-22 17:53:17,"Очень радует, что в нашем городе становится все больше филиалов Альфа Банка. Уже 4 года я пользуюсь их услугами, и удобство заключается в возможности выбора разных отделений или использования соседних банкоматов.",5,
40,Василиса Щелкунова,2023-09-03 12:59:17,"Грамотное и вежливое обслуживание, самое лучшее в этом отделении",5,
41,Кристина Лаврентьева,2023-04-28 07:34:13,"Очень внимательное отношение к клиенту, очень хорошо что нет очередей . Сотрудники всегда вежливы и не смотря на то, что сейчас много банков и есть из чего выбрать, я всегда обращаюсь в Альфу.",5,
42,Кристина Козлова,2023-07-30 14:00:41,"Альфа-банк мне очень нравится, у него действительно выгодные условия. Наличие беспроцентной кредитной карты на целый год - это просто удивительно, такого ещё нигде не встречала. Большое спасибо банку за это!",5,
43,Тимофей Белов,2023-08-29 17:47:11,Кредитку Альфы обожаю. Всегда выручает и процент нормальный,5,
44,Элина Джавадова,2023-04-18 16:12:52,"Я давно уже сотрудничаю с данным банком,и очень довольна им.В начале был вклад,потом открыла карту,сейчас решила взять кредит.В банке все просто,удобно и понятно.О работе банка могу сказать,что все сотрудники вежливые и компетентные,всегда подскажут и помогут.Спасибо за ваш труд.",5,
45,Диана Бовтик,2023-08-27 16:23:48,Хорошая оценка за качественное обслуживание. Ещё ни разу не ушла с негативом из этого отделения,5,
46,Полина Костянова,2022-08-22 10:02:10,"Приятное отделение из-за расположения,уюта и сотрудников. Получала тут кредитную карту. Консультанты все рассказали. Приложения оказывается нет, но жду теперь появления",5,
47,Николаев Олег,2023-08-20 03:28:44,"У меня был вопрос по акции привели друга, в группе вк ответили быстро и все объяснили",5,
48,Розалия В.,2022-10-23 08:18:23,"Хороший современный банк. Нацелен на молодежь. Удивляюсь, как они так чётко понимают потребности клиентов и находят оптимальные решения.",5,
49,наталья шершнева,2023-03-28 15:45:09,"Что мне нравится, так это готовые всегда помочь сотрудники. Отдельную благодарность хочется выразить менеджеру Елене, которая в считанные секунды нашла решение моей проблемы! Спасибо, что вы есть.",5,
50,Григорий Уляшев,2023-08-30 14:49:52,Позитивные сотрудники- это главное украшение этого банка. Молодцы!,5,
51,Лена М.,2022-08-04 14:12:12,"Удобно, что даже в нашем далеком от столицы городе есть несколько отделений банка и у всех удобные часы работы, можно заехать вечером, если что-то нужно.",5,
52,Наташа Н.,2023-03-17 16:18:07,"Альфа банк - мое надежное финансовое партнерство уже много лет. Он предлагает широкий спектр услуг, и я всегда могу рассчитывать на его помощью Спасибо вам за отличную работу!",5,
53,татико Татьяна,2023-06-28 04:46:53,"Этот банк предлагает выгодное условия для оформления кредита без проблем. Я заполнила заявку на сайте,и через15 минут получила звонок с одобрением и инструкцией о посещении офиса. Все произошло быстро и удобно, не пришлось стоять в очереди.",5,
54,Иван Т.,2023-01-14 14:36:58,"Любимый банк уже много лет. Есть вклад, кредит и вот в скором времени оформлю ипотеку. В данном офисе всегда чисто, светло, добрые и компитентные сотрудники!",5,
55,Чингиз Ишмухаметов,2022-11-15 23:58:45,"Альфа Банк отлично справляется со своей работой, всегда всё качественно, а это очень важно.",5,
56,Григорий,2023-04-21 13:25:11,"Недавно я открыл здесь сберегательный счет в этом банке и должен сказать, что меня очень впечатлили процентные ставки. Они одни из самых высоких, которые я когда-либо видел, и я чувствую, что мои деньги усердно работают на меня. Банк вызывает доверие и надежность за свои деньги",5,
57,Татьяна К.,2023-04-23 13:54:46,"Альфа-это отличный банк, который является отличным партнёром во всех финансовых вопросах. Я посетила отделение, чтобы открыть счёт в иностранной валюте, и сотрудники помогли мне разобраться со всеми условиями и документами.",5,
58,Мария С.,2023-02-12 17:13:40,"Сотрудничаю с альфой уже больше полугода, за это время ни разу не возникло проблем с обслуживанием. Сотрудники всегда идут на встречу, помогают с решением моих вопросов. Да и обслуживание в целом на высшем уровне, так как всегда можно сделать перевод в любой момент, без очередей.",5,
59,Ирина Л.,2023-03-22 14:15:47,Сотрудники этого отделения настоящие профессионалы своего дела. Они знают свое дело и всегда готовы помочь. Я ценю их профессионализм и ответственный подход к работе.,5,
60,галия бакирова,2023-03-08 11:20:20,"Меня впечатлило мобильное приложение банка, которое позволяет мне получать доступ к своим счетам и управлять своими финансами на ходу. Приложение удобно для пользователя и имеет множество полезных функций, таких как оплата услуг жкх например. Супер удобно.",5,
61,Марина,2022-09-12 18:35:55,"Менеджеры способны решать проблемы самостоятельно, без обращения в голосовой офис. Были украдены деньги с карты и в моменте удалось разобраться и вернуть, свою роль сыграла страховка конечно, но тем не менее",5,
62,Алевтина,2023-03-16 13:22:21,"Я пользовалась альфа-банком достаточно давно, но как вторым дополнительным банком. Ну как-то так получилось, что стало посещать это отделение чаще других запятая и в итоге перешла полностью на альфа-банк. Тут и условия лучше, и визуально он мне нравится и в отделениях и в приложении.",5,
63,elapova91,2022-11-26 11:28:02,Впервые задумалась о кредитной карте и обратилась в офис. Сотрудники мне все объяснили и помогли оставить заявку. Послезавтра буду забирать её)),5,
64,лиана Аивазян,2023-05-15 20:08:26,"Редко сталкиваюсь с очередями в этом отделении банка благодаря квалифицированному персоналу. У меня важно,чтобы были удобные терминалы и адекватный курс обмена валюты.",5,
65,Вика Л.,2023-03-03 17:08:05,"Прекрасный филиал банка. У меня не было никаких проблем и я с уверенностью могу сказать, что это лучшее отделение, которое я посетила. Я являюсь клиентом этого банка уже на протяжении пяти лет. И за это время я ни разу не была недовольна, все сотрудники очень вежливы и приветливы.",5,
66,Анастасия В.,2022-08-08 07:41:35,"Хороший и очень крупный банк! Не страшно хранить в нём деньги, даже во время кризиса. Открыла два вклада уже за последний год. Процент в полтора раза выше, чем в моём старом банке!",5,
67,Таня Репина,2022-09-03 04:31:34,"Хороший банк, которому не пофигу на своих клиентов. Стараются улучшать условия и запустить акции для новичков. Позвала уже 10 человек и за всех дали вознаграждение) 5 Баллов.",5,
68,Никита,2023-08-29 18:51:40,"Люблю приложение Альфы, много полезного в нем имеется!",5,
69,Мария Ю.,2023-03-13 07:10:59,"Очень понравился! Всё быстро и удобно, без очередей. По-моему лучший банк в городе, и обслуживание супер!",5,
70,МАРИНА ПОЛЯКОВА,2022-11-10 13:57:52,"Пользуюсь дебетовой картой Альфа-банка. В целом довольна. Было одно время,они уменьшали кэшбэк на все покупки дл 0,5 %, это, конечно меня немного расстраивало, така как я шопоголик и часто собирала неплохой приятный бонус. С начало осени кэшбэк вернули обратно до 1,5 %, а это значит, что моя любимая плюшка снова в деле, всем спасибо!",5,
71,Голодов Виталий,2023-03-05 14:09:00,Все очень быстро и оперативно. Персонал вежливый. Не в каждом банке такое встретишь. Стараюсь по любым вопросам заходить именно в этот офис.,5,
72,Алексей Х.,2023-03-11 13:57:00,"Помогли оформить вклад в этом отделении Альфы. Сам разобраться не смог, поэтому решил все таки зайти и попросить помощи. 
Спасибо менеджеру, помог решить все вопросы, выбирали подходящий вариант. Вот уже пару дней как я активный клиент альфы))",5,
73,мария гвоздева,2023-08-27 13:30:35,"хочу выразить благодарность за отличный и честный банковский сервис! Рекомендую всем, кто ищет надежный банк.",5,
74,Николай Китаев,2023-09-03 13:30:25,А я уважаю этот банк за надёжность и прекрасное отношение к своим клиентам.,5,
75,Сергей Манузин,2022-06-05 10:13:23,"Специалисты молодцы, все обьясняют понятно и без лишних слов. Очереди есть коненчно, но куда сейчас без них.. Хорошее отделение. Руководителю отделения - 5-ка!",5,
76,Оксана,2023-11-02 11:00:04,"Удобный кабинет, выгодные условия по карте!",4,
77,Виталий Фоменко,2023-02-10 15:31:00,"В первый раз я посетил это отделение неделю назад, когда забирал свою карту. В целом сидячих мест не много, но всё максимально удобно и приятно. Персонал тоже показался очень вежливым и милым.",5,
78,анна юнусова,2022-10-19 11:25:16,"Народа здесь много, вроде быстро очередь двигается. Быстро дали кредитную карту и рассказали про условия и как пользоваться ей",5,
79,Даниил К.,2023-06-18 12:34:53,"Где-то год назад я оформил карту Альфа-банка, кто-то предложил, и она оказалась бесплатной. За это время я отказался от своего прежнего банка, потому что здесь удобнее, а условия более выгодные.",5,
80,Ирина Костромина,2022-11-01 13:15:17,"Очень хороший, добродушный персонал. Всегда готовы дать нужные рекомендации",5,
81,Евгений П.,2022-12-13 15:35:31,"Решил как-то начать грамотно распоряжаться своими деньгами, поэтому пришел в альфу, чтобы проконсультировали по вкладам. Менеджер по имени Екатерина очень грамотно всё разложила по полочкам и сейчас я уже являюсь вкладчиком Альфа банка)",5,
82,DREAMER BOY,2022-04-28 03:15:15,"Удобный и современный офис. Персонал приятный, сразу решили мою проблему. В такое отделение хочется возвращаться снова и снова",5,
83,Анастасия К,2022-08-27 15:46:05,Был случай на дороге. Пришлось штраф погасить. Оплатила через альфа карту. Через 2 минуты штраф был списан. С банком мне удобно. Не долбят ненужными услугами,5,
84,Виктория Татаринова,2022-09-07 06:56:06,"Карта отличная, но уже третий месяц запрашиваю увеличение кредитного лимита и все безрезультатно. Говорят нужно где-то полгода подождать. Проверим",4,
85,Мария,2022-12-29 15:26:17,"Сотрудники сразу все понимают. Когда я забирала карту, я сказала работникам, что спешу. Мужчине сделать все, что бы как можно быстрее, и дал знать, что возможно подключение различных топ услуг. Но по итогу он сделал все очень быстро",5,
86,Андрей Юрьевич,2024-01-11 12:20:49,Вежливый персонал,5,
87,Владимир Титевалов,2023-06-27 14:25:15,"Банк для ИП и юр лиц. Обслуживание хорошее,сотрудники грамотные.",5,
88,pro С.,2023-09-04 09:34:13,"Мне нравится кэшбек, стабильно раз в месяц присылают",5,
89,Александра Харламова,2022-11-07 13:22:37,"Все окей, только припарковаться рядом ни разу не удавалось, все время приходится покататься",5,
90,Светлана Кузнецова,2023-08-14 11:17:56,"Я раньше и не знала, что в Альфе можно заказать карту с твоим дизайном, это конечно не бесплатно, но услуга крутая",5,
91,Степан Иванов,2022-06-24 15:08:49,"Очередной звонок их робота с предложением кредитной карты под высокие проценты! Свой номер им не давал, а надоедают каждый месяц звонками!!!",1,
92,Severus255,2023-04-07 12:13:46,"Потряющей девушке удалось научить маму платить за коммуналку с карты,мне никак не удавалось))Спасибо за терпение и чуткость!!",5,
93,Виолетта Агаджанян,2023-09-05 12:47:47,"Мне все нравится, плохого не скажу",5,
94,Наталья А,2022-12-01 15:01:40,"Вобще тут , конечно,банк,но отдел по работе с юр лицами. Банкомат есть,это хорошо",4,
95,Ольга Р.,2022-04-06 08:30:33,"Удобное местоположение, компетентные и приветливые сотрудники.",5,
96,Георгий П.,2023-06-26 17:10:49,"Долго ждать приема, а так нормально",4,
97,Мария К.,2022-10-30 10:55:07,"Хорошо обслуживают, не хамят, это главное. Можно заходить сюда.",5,
98,Алина Молоствова,2023-03-14 20:13:34,"В общем, я всем рекомендую Альфа-банк. Я уже не в первый раз пользуюсь услугами банка и не разочаровываюсь.",5,
99,Sayrendgi,2022-11-01 16:02:29,"Одно из лучших отделений конкретно этого банка! Довелось побывать в разных городах, тут самые компетентные люди работают",5,
100,Николай,2023-01-10 08:09:58,"Как Банк не знаю. Но банкомат отл, ест что дашь 👍😎",5,
101,Юрий Бизяев,2022-08-12 15:04:53,"Банк нормальный, ни хуже ни лучше других, но: приложения на айфон всё ещё нету(",3,
102,Татьяна Кузнецова,2023-08-24 10:55:40,"Я хочу сказать, что лично для меня этот банк лидирует среди российских",5,
103,Алена С.,2023-01-18 13:37:13,Самый лучший банк и сотрудники),5,
104,Алексей Неверов,2022-08-10 14:07:14,На высшем уровне обслужили. Твердая 5,5,
105,Марина Смирнова,2022-02-22 04:17:45,"Постоянные звонки с предложением карт, отказа не понимают!",1,
106,никита д.,2022-08-11 22:05:08,очень хороший банк👍🏼👍🏼,5,
107,Эльдар,2020-02-19 00:54:22,"Только для юридических лиц, филиалов и так мало по городу, могли бы и физ. лиц тут обслуживать. Сам банк удобный в плане обслуживания.",4,
108,Инкогнито 2243,2022-07-20 15:09:22,Отличный колектив,5,
109,Софья Дорофеева,2022-09-23 12:38:37,Ну очень медленное обслуживание,3,
110,Alexey: personal chef,2022-07-14 11:59:47,все супер,5,
111,Нина Суворова,2020-07-20 08:36:33,"Все норм. Только плохо, что один банкомат. В очереди порой стоишь",4,
112,Анатолий П.,2021-04-21 10:42:40,Самый быстрый банк,5,
113,Василий М.,2021-04-19 08:51:02,Звонят денег недают,1,
114,Антон Осипенко,2019-10-02 11:33:58,Потому что для юридических лиц только А физических не принемают,4,
115,Петр К.,2018-04-06 09:32:36,"Не понравилось, что после того, как уже выпустили кредитку...в Выдаче отказали.
Понравилось, что объяснили причину отказа",3,
116,Андрей Волков,2020-02-10 00:45:17,"Неплохой банк, хотя есть недостатки.",4,
117,владимир класнер,2021-01-28 15:23:04,Отличные банк,5,
118,Томич,2020-04-04 07:35:14,"Развод на деньги, полумошенники !!!",1,
119,Владимир Кулаков,2020-04-01 06:12:46,Удобное расположение,4,
120,Жаров Максим,2021-02-04 06:44:16,"Звонят, впаривают свои карты. Спам.",1,
121,Бахтин Андрей,2018-09-27 10:29:38,"Приехал, сказали только для юр.лиц , пришлось ехать в другое отделение!",1,
122,Дмитрий Кузьмин,2019-11-05 08:53:24,Расчетный счет. Возле офиса,5,
123,Евгений Скосорев,2019-12-28 09:27:06,Офис для ЮР лиц,5,
