,name,date,text,stars,answer
0,Наталья Бекетова,2024-04-05 15:20:29,"Удобный расположенный на первом этаже филиал Сбербанка, быстро, удобно, без очередей, часто пользуюсь услугами этого филиала.",5,
1,Света Демидова,2024-04-17 04:35:28,"Самое любимое отделение Сбербанка в городе, отличный, дружный и компетентный персонал",5,
2,Агентство недвижимости Слободник,2023-11-23 16:52:03,"Практически всегда есть товар,который тебе нужен. Чисто. Нет хамства",5,
3,Милая,2023-10-07 17:51:34,"Всё ок' в коллективе,а не в работе сбера,особенно в последнее время.Даже пришлось закрыть карту,неохото с этим банком сотрудничать",4,
4,Юлия Красноперова,2023-02-02 13:04:41,"Филиал этого банка один из лучших, куда я хожу. Внимательное отношение к клиентам. В банке чисто и уютно, что делает комфортно минуты ожидания.",5,
5,Елена Андреева,2022-11-13 13:19:48,"Уютная, приятная атмосфера, вежливые , доброжелательные сотрудники, готовые помочь в решении любой проблемы. Удобное месторасположение",5,
6,Арсений Ощепков,2023-01-15 05:47:32,"Прекрасное обслуживание! 
Вежливые , грамотные сотрудники.
Всегда помогут и подскажут!
Рекомендую!!!",5,
7,Юрий Бабенышев,2023-10-14 11:05:14,"Хорошее отношение к клиенту, качественно и быстро помогли.",5,
8,Эдуард,2021-08-27 18:37:22,"Мне понравилось. Персонал вежливый, по крайне мере мне такие попадались. Очередей практически нет. Зона оформления кредитов небольшая и удобная, так же достаточно операторов и всегда рядом девушки консультанты. Так же Банкоматы 24ч снять и положить деньги, а так же сберлогистика",5,
9,иван тиунов,2023-10-07 15:24:35,"Вежливые девочки. 
Всегда пытаются уговорить на кредитную карту.",5,
10,6060061 Малиновская,2022-12-16 16:37:58,"Быстрое обслуживание, но много времени отнимают пенсионеры с коммуналкой, задерживают специалистов",5,
11,Шилова Мария,2022-12-05 13:22:29,"Отличное обслуживание, супер персонал, всегда помогут.",5,
12,Юрий,2022-12-04 16:55:06,"Вежливый, грамотный персонал, оперативно решают вопросы.",5,
13,Евгения,2021-07-05 09:44:53,"Замечаний и претензий к работе сотрудников Сбербанка нет. Банкоматы работают в круглосуточном режиме, проходимость хорошая, бывают очереди. Удобное расположение в центре города...",4,
14,Олег Дормидонтыч,2023-02-16 05:18:48,"Отличный банк, в удобном месте, грамотный персонал, постоянно туда обращаюсь, рекомендую👍",5,
15,Оксана,2022-01-30 17:41:45,"Сбербанк по ул. Банковский. Из банка уходиш в хорошем настроение. К тебе относятся вежливо, внимательно выслушаю и посоветуют как лучше сделать.",5,
16,Ира Реутова,2023-02-28 20:37:15,"Очень жарко даже зимой в помещении с банкоматами, а летом вообще парилка.",4,
17,Андрей Долгих,2023-02-18 14:57:32,Парковка неудобная и зимой нечистится а в сбере всегда очередь.,3,
18,Инкогнито 2197,2023-01-14 10:42:47,"Спасибо сотрудникам, помогли разобраться с ситуацией.",5,
19,Надежда Верещагина,2024-01-14 19:49:28,Нормально,5,
20,Денис Макурин,2022-09-25 19:50:52,"Окна летом закрыты, кандеры не работают
Из-за этого там не возможно находиться",3,
21,Любовь Поносова,2021-08-24 10:41:50,В отличии от других отделений Сбера здесь работает один и тот же персонал. Что говорят о стабильности и хорошем климате в коллективе.,5,
22,ирина Лукьянова,2023-06-25 07:36:43,Все на высшем уровне.,5,
23,Валентина федорова,2022-01-31 14:28:21,"Вежливый персонал,чисто,обслуживания быстрое",5,
24,Николай М.,2022-12-04 17:03:20,"Хороший офис, вежливые сотрудники",5,
25,Игорь Пепеляев,2023-11-13 14:51:16,Отличное обслуживание.,5,
26,Алексей Суменков,2021-11-24 02:23:35,"Работают приятные люди вежливые, всегда подскажут.",5,
27,Наталья Пуустинен,2022-12-30 13:41:23,"Быстрое обслуживание, внимательное отношение к людям.",5,
28,Александр Собянин,2022-02-11 17:18:43,Вниматетельное и вежливое отношение к посетителям.,5,
29,Илья Кадастр,2023-04-01 12:31:20,Сбер как сбер,5,
30,Михаил Светлаков,2022-10-31 05:46:43,Просто девки базарные.,1,
31,Светлана Носова,2022-08-14 15:18:45,Очень хороший персонал,5,
32,Kaban.,2020-05-15 13:31:05,"Быстрое обслуживание, персонал который всегда поможет и покажет, хорошая парковка с камерами и просто отличный банк",4,
33,Егор Патокин,2022-07-19 17:04:26,Не плохой сбербанк,5,
34,Roman Temp,2022-09-18 04:25:52,Очень хорошо,5,
35,елена коротких,2021-08-08 12:17:29,Редко бывают там. Но в целом неплохо.,5,
36,Мария Высокова,2022-07-30 05:30:03,Обычный банк,4,
37,Людмила,2021-12-19 12:46:37,Приветливый персонал,5,
38,Елена Саранина,2021-12-07 05:52:57,Быстро решают вопросы,5,
39,Яна М.,2020-02-04 14:17:15,"Хорошее отделение, вежливый и отзывчивый персонал.",5,
40,Сергей Ширяев,2021-11-10 16:25:46,Нечего добавить...Норм то,5,
41,Неизвестно Неизвестно,2021-07-22 08:42:25,Более менее норм.,4,
42,Юлия А.,2020-03-11 19:08:17,"Обычный сбер, достаточно большое отделение",5,
43,Наталья Элькинд,2020-01-19 13:00:37,"Внимательное обслуживание, ответы на все вопросы",5,
44,Елена Бурко,2021-08-09 15:48:40,Супер,5,
45,Голибжон жураев,2021-11-04 13:06:15,Это мой банк,5,
46,Наталья Тютрина,2020-01-07 17:58:47,Быстрое обслуживание,5,
47,константин сазанов,2018-10-19 13:18:18,"Не приятный и грубый персонал, особенно операторы.",1,
48,Ольга Емельянова,2019-12-19 06:45:56,Частые очереди,3,
49,eresko dim,2019-10-15 17:35:59,Хороший сервис,5,
50,Павел Антипов,2019-12-15 10:49:51,Бомжи ночуют,3,
51,Сергей Л.,2019-08-11 15:03:26,Все супер.,5,
