,name,date,text,stars,answer
0,Валентина.,2022-12-28 15:10:48,"Хорошее помещение, просторное. Вежливые, обходительные специалисты. Несколько банкоматов и специалист который всегда поможет при необходимости. Удобный график работы. Банк имеет удобную парковку и пандус для маломобильных граждан.",5,
1,живая юлия,2023-09-09 15:59:23,"Большое помещение.Электронная очередь.Круглосуточный терминал.Приветливый консультант на входе.Компетентные специалисты,помогут разрешить любые вопросы.Удобное расположение офиса.",5,
2,Светлана Ивановна,2023-05-26 09:00:58,"Отделение находится в нужном месте, удобно и пешеходам и автолюбителям. Внутри всегда чисто, персонал знающий, приветливый.",5,
3,ВАСИЛИСА Г.,2023-07-02 21:48:30,Обсуждение хорошее. Персонал добрый всегда помогут. Есть детям даже порисовать это очень хорошо. Удобен рядом с домом,5,
4,Анастасия Очкина,2023-04-28 13:24:38,Время в очереди небольшое. Вполне быстро работают. Для меня персонал хороший. Чаще заходишь из-за банкомата конечно. Если нужно все подскажут.,5,
5,Наталья З.,2024-04-22 01:35:57,"Просторный офис, очередей почти нет, вежливый персонал, отвечают на все вопросы",5,
6,Марина Кислицина,2023-04-05 00:29:36,"Обслуживают грамотно, очереди приемлемые, если на считать день когда приходят пенсионеры, в остальном не приходится долго ожидать своей очереди",5,
7,александр кобзарев,2023-08-18 02:27:16,Вежливые сотрудники. Помогают в любой затруднительной ситуатции.,5,
8,Ольга Лоскутникова,2024-04-05 23:46:19,Отличный банк,4,
9,Альбина Л.,2019-08-18 17:27:31,"В данном отделении банка комфортно, работает в зале кондиционер, много свободных мест для посетителей. Снимаю одну звезду за то, что молодой сотрудник банка была неподготовлена самостоятельно осуществить операцию и просила помощи у коллег, в итоге оформила операцию неверно и пришлось переделывать, что заняло время. Кроме того ей приходилось несколько раз звать коллегу для закрытия сессии (ключ для закрытия сессии находится у одной сотрудницы которую периодически все работники просят подойти по разным вопросам). В итоге, пробыла в банке несколько дольше чем планировала.",4,
10,Сергей Олегович,2023-08-30 17:04:49,Вежливый персонал,5,
11,Наталья Шкуратова,2022-01-17 14:21:12,Мне очень нравиться сбербанк отличное обслуживание 👍👍👍,5,
12,таня девятникова,2022-01-29 04:34:56,"Хороший, уважительное отношение к клиентам , добрые и симпотные 👍🌾🌹",5,
13,Сергей Л,2019-11-25 17:10:18,"Удобный пункт работы терминалов, даже в выходные дни, персонал доброжелательный, вежливое терпеливое общение консультантоа.",5,
14,Наталья Хохлова,2019-08-27 16:29:54,"Очереди бывают редко, и то минимальные. Специалисты грамотные, работают без проволочек, тактичны с людьми любого возраста и материального положения.",5,
15,Анна С.,2020-01-17 09:39:10,"Быстрое обслуживание- электронная очередь. Есть банкоматы,где можно и деньги снять-положить, и оплатить услуги различные.",5,
16,Андрюха Вернер,2021-07-07 13:16:53,Пытаються делать для народа но статистика такова загони в долги ближнего своего.,5,
17,Александр Кравцов,2020-03-07 17:34:52,"Очень здорово, что на привокзальном обновили филиал. Грамотные специалисты всегда готовы Вам помочь",5,
18,валера лелеко,2020-02-06 16:42:12,"Лутьше чем этот банк России я не видел опираторы и консультанты вежлевые, стораются помочь даже если заняты молодци всё делают быстро",5,
19,семён помазкин,2021-05-15 11:04:59,"Рядом с домом, грамотные специалисты",5,
20,Александр Спрукуль,2021-10-22 13:17:17,Очень нравится сберлогистика,5,
21,татьяна ободова,2021-04-24 09:51:55,"Вроде пусто , а очередь приходится ждать, пока не вызовут",4,
22,Валерия Пугачева,2020-06-29 14:24:40,"Там всё супер пупер , есть даже кулер с водичкой:)",5,
23,Наталья Балакина,2020-03-03 03:59:12,Всё устраивает . нет очереди.персонал вежлив и внимателен,5,
24,АЛЕКСЕЙ ЧУЛКИН,2019-10-19 07:58:17,Хорошее удобное отделение персонал всегда поможет,5,
25,Александр Малышев,2021-09-21 11:12:14,Все отлично!!!,5,
26,Юрий Самарин,2020-01-14 20:39:23,"Просто прелесть банкоматы в тепле и круглые сутки,часто пользуюсь.",5,
27,Инкогнито 1863,2022-07-18 13:31:13,Норм,4,
28,Надежда,2019-08-13 08:38:39,Много круглосуточных банкоматов и практически нет очередей,4,
29,Николай Хаткевич,2021-07-20 17:11:54,Сам сбер неочень,3,
30,Лариса Ф.,2019-11-26 03:27:03,"Прекрасное обслуживание,но низкие ставки по вкладвм",5,
31,Ирина Балобанова,2019-10-14 13:11:12,Офис хороший. Парковку бы побольше,4,
32,Евгений С,2019-12-27 08:45:17,Консультанты доброжелательные,4,
33,алексей м.,2020-09-12 08:17:58,Удобно рядом,5,
34,Kristina Pushina,2020-02-12 04:16:47,Обслуживание вежливо,5,
35,Семен Семенов,2020-03-25 15:00:41,Быстрое обслуживание,5,
36,72291 Учаев,2019-12-04 13:51:28,Хамское отношение к клиентам,5,
37,оксана михасова,2019-10-06 14:42:44,вежливость тут их не учили,4,
38,Александра В.,2019-01-02 16:15:12,Выгодные условия,5,
39,Sergei Shal,2019-08-09 00:53:38,Нормально,4,
40,Изосимов Евгений,2019-08-07 13:37:39,Нормально,4,
