,name,date,text,stars,answer
0,Игорь Достовалов,2024-01-23 06:46:55,"Самим банком уже давно не пользовался, так как всё есть в онлайне, изредка использовал банкомат, но скоро и в них отпадёт надобность, так как вся зп приходит на карту. В самом офисе чисто, мало народу, очередей нет - ляпота, но нужен только чтобы кредит взять или счёт открыть.",5,
1,Светлана Мокина,2024-01-27 18:38:28,"Хороший филиал банка. Грамотные специалисты. Один момент мне не нравится, пандус вроде бы и есть, но не понятно, для чего он. С коляской зайти не представляется возможным.",5,
2,Yennya,2024-04-06 09:09:34,"Мне не пришло никакой ссылки для обратной связи после приёма, поэтому напишу тут. Попросили же оставить отзыв. Всё хорошо, забирала 6.04. зп карту в 10 окне, очереди не было, сотрудница приятная. Спасибо за работу!",5,
3,Дарья Нартова,2023-12-29 04:47:31,"Пришла сегодня обменять мелочь в данном банке,но банк отказал в связи с праздниками они не принимают. Позвонила на горячую линию,такую информацию опровергли,какое то самоуправство получается.",1,
4,Юрий Денеков,2023-10-17 00:22:05,"Хороший проведённый ремонт, приятная эстетика, удобно расположены отделы по работе с клиентами, доброжелательный и отзывчивый персонал",5,
5,Татьяна Родикова,2023-05-23 16:28:29,"Обслуживание быстрое , банкоматов много , персонал хороший , вежливый. Очень внимательные, все объясняют. Помещение чистое. Все норм",5,
6,xxx xxx,2023-03-26 23:48:54,"На момент написания отзыва, в этом отделении хорошая организация и профессионализм сотрудников. Так случилось, что заезжал пару раз всегда чистенько, без очередей, без неработающих окон, из-за которых очередь. Может мне так попадалось, но и клиентов ,,с квитанциями,, душной толпой не было. В общем пока неплохо, на общем фоне, держите марку",5,
7,Мальцева С.,2022-12-20 10:28:48,"19.12.2022 в это отделпние обратилась моя мама. Были проблемы с приложением сбербанк онлайн, после обновления перестал заходить туда. Мама обратилась что бы ей помогли с доступом в приложение сбербанка. Специалист Елена (фамилии нет на бейдже) сказала что это платно 1300, поскольку сейчас санкции. Она воспользовалась, тем что перед ней пенсионер, в телефоне не понимает. Переустановила приложение и без ее ведома оформила страховку на 1300. Под предлогом что приложение платное. Совсем нет совести.",1,
8,Светлана Мухамедьянова,2023-05-31 04:56:01,"Банк удобно расположен, но персонал иногда не очень грамотно может ответить на вопросы, не знают некоторые продукты с которыми работают.",5,
9,Полина Королева,2022-12-17 12:45:50,Отношение к клиентам замечательные карты детские не детские делают очень быстро замечательный персонал очень хорошо относится к детям ко взрослым всё хорошо,5,
10,Елена Крутова,2022-11-20 03:27:10,"Банк рядом с домом, поэтому бываю часто. Нравится персонал. Всегда откликнутся на просьбу, помогут и подскажут. Оказывают грамотные консультации.",5,
11,Евгений,2022-09-16 12:25:13,"Близко к дому. Удобный подъезд, есть парковки. Отличное обслуживание, девушки всегда компетентны. Отдельный зал с банкоматами (4 взять/положить, 2 оплата), почти нет очереди.",5,
12,Сергей,2022-04-23 14:57:39,"Удобно расположенное помещение банка. Как всегда всё чётко и профессионально, в отличие от иных (напр. Уралсиб). Очень вежливы и корректны. Спасибо.",5,
13,Иванов Владимир,2022-07-06 14:13:53,"Всем здравствуйте! Был часто в банкоматной. Хорошие современные аппараты в которых не нужно по несколько раз заводить пароли. В зале уютно, чисто. В самом филиале СБ не был",3,
14,Татьяна Крылова,2022-10-20 14:38:31,Уровень сервиса мне понравился. Достаточно быстро и компетентно проведены консультация и обслуживание. Приятно удивлена👍,5,
15,Ирина Сечная,2023-02-25 17:30:41,"Всему персоналу уважение! Молодцы и терпение есть!!! Любое обращение быстро решают!!! И ни чем не пахнет, я имею ввиду запах духов. Часто задыхаюсь от перебора парфюма!!!",5,
16,Виктор Полев,2021-09-13 18:44:47,"Современный офис. Обращался много раз. Вежливый персонал. Вопросы решаются оперативно. Зал автоматов работает круглосуточно, без выходных, очень удобно. Редкий случай, но придраться не к чему!",5,
17,Анастасия Щеглова,2024-01-06 14:12:49,"Не особо опрятливый персонал, не особо вежливый",2,
18,Марина Мартемьянова,2023-04-27 14:10:18,Ну не чё так впечатляет этот сбербанк была там раз оплачивала гос пошлину сотрудники милые вежливые мне понравилось,5,
19,Svetlana,2023-03-27 12:57:01,"Обслуживание отличное, персонал доброжелательный, объясняют внятно, понятно, мне везёт очередей не бывает!",5,
20,Инкогнито 7077,2023-03-29 06:20:15,"Время ожидания быстрое, обслуживание на высшем уровне персонал доброжелательный,",5,
21,Сergio,2023-02-27 13:09:23,"В общем целом все хорошо: достаточно банкоматов, квалифицированные сотрудники, не считая того, что авто поставить некуда.",4,
22,Александр Гутов,2024-02-19 15:00:36,"Уютно, доброжелательно",5,
23,Сергей Слабодянюк,2023-07-29 13:37:53,"Удобно, просто, легко и быстро ком услуги оплачивал! Скорей уже ремонт зделали бы.",5,
24,Тимур Павлов,2022-07-02 06:59:21,"Интересно, Сберу кто-нибудь ставит больше 1й звезды ?? Зашёл оплатить квитанцию, в онлайн банке не смог подобрать реквизиты, в итоге взЛ талончик и просидел в очереди 40 минут. 40 !!",1,
25,Галина Жердева,2023-01-18 07:44:28,"Оформляла карту 120 дней без%, все быстро, сотрудники вежливые, понравилось.",5,
26,Василий Матроскин,2023-11-30 14:02:51,Отличный филиал Сбера,5,
27,亗 Ace 亗,2022-12-12 11:52:54,"Не знаю что тут еисать. 
Часто захожу туда за оплату своих дел. Персонал вежливый и адекватный.",5,
28,Мурат Овезов,2022-08-29 15:28:05,"Хорошая отделения Сбербанка. Тут хоршый персонал,сразу помогают, зачем и по какому вопросу пришли, сразу помогают занять очередь по компьютеру 👍",5,
29,карина я.,2023-01-18 05:25:12,"Всегда обращаюсь в этот офис, все быстро, по делу, все всегда внимательны",5,
30,Инкогнито 1354,2022-11-05 12:09:04,Будь ты проклят ненавистный сбербанк. Монополист коррупционер. С отвратительным качеством представления услуг социально незащищенным слоям населения,1,
31,Груня,2024-04-28 11:12:45,Нет сотрудника зала,3,
32,Нина Пшеничникова,2023-02-09 05:13:22,"Ничего плохого сказать не могу, была там пару раз, персонал вежлив, ожидание было не долгим.",5,
33,Юрий Л.,2022-01-31 09:51:34,"Сегодня обратился за выпиской, согласно талона было время ожидания. Подошла зам.руководителя офиса Ирина Сергеевна и лично обслужила. Тем самым было сокращено время ожидания и оказана услуга. Большое ей спасибо!",5,
34,Денис Кокорин,2021-10-05 12:57:04,"Хороший сервис. Удобное расположение офиса. С парковкой - можно найти место, вопрос в отдалении относительно офиса",5,
35,Светлана Тухватулина,2023-11-04 03:48:03,"Сейчас на ремонте, отделение закрыто.",4,
36,Александр Семко,2021-09-14 10:08:17,"Сбербанк, лучшее приложение пока только у сбербанка, а также нахождение в городе банкоматов и офисов, что очень удобно и облегчает жизнь.",5,
37,Анонимный отзыв,2023-04-08 04:41:56,Хороший банк и сотрудники тоже нормальные. 👍,5,
38,ольга горностаева,2022-06-30 02:22:23,Долго приходится ждать очереди даже по талонам Очень много народу в обслуживаниие хорошее,3,
39,желнов валерий,2023-08-12 16:36:59,На ремонте. Что ещё сказать,1,
40,Василий Третьяков,2022-05-19 15:09:40,"Мне хорошо помогли, особенно в 6 окне, спасибо этой Женщине.",5,
41,Василий Третьяков,2023-02-02 13:28:52,"Хороший банк, вежливые сотрудники.",5,
42,юлия шевелева,2023-01-25 03:41:13,Очень хорошое обслуживание окно 13)),5,
43,Дмитрий Шишкин,2021-01-19 02:54:51,"Нормальное отделение Сбера, они сейчас вроде все неплохо выглядят. Из минусов – навязчиво предлагают свои кредитки, но тут нужно просто не идти на поводу и хитрюги-менеджера :)",5,
44,Елена,2021-07-21 01:32:32,"Очереди везде. Раньше ходила оплачивать, теперь все оплачиваю из дома. Консультантов нет. Пожилым людям конечно тяжело, спросить не кого.",4,
45,Айдыс Ондар,2021-04-19 21:53:30,Банкоматы 24 часа в сутки работают это хорошо. Просторно парконуться есть где. Больше и нечего сказать,4,
46,Татьяна Попкова,2022-11-19 02:47:46,"Очень часто нет ленты в банкоматах,",4,
47,анна плеса,2021-09-21 11:13:25,"Оформляла карту.Очередей нет!Все быстро,понятно!Персонал вежливый.",5,
48,Р.К.,2023-01-07 13:46:26,Обслуживание без очередей.,5,
49,Анастасия П.,2022-12-01 14:02:22,Есть нормальные сотрудники,5,
50,Михаил Четвериков,2023-10-31 11:27:48,Нормально,5,
51,вартан савельев,2023-06-09 12:37:00,Нет парковки.,5,
52,Махбуба Парпиевна Абдуллаева,2022-07-12 12:11:22,"Хороший банк, вежливые сотрудники",5,
53,Сергей Краснов,2022-08-07 11:24:31,"Профессионально, вежливо",5,
54,Светлана Агеева,2021-07-21 10:08:26,"Обходительные, ненавязчивые, грамотные сотрудники.",5,
55,Валентина Прудникова,2022-04-15 14:08:22,"Все хорошо, но вот какао в аппарате отвратный.",5,
56,Михаил Скоробогатов,2023-06-03 16:20:56,нормально .,4,
57,Людмила Батаева,2022-11-24 13:26:45,Хорошие банкоматы,5,
58,Инкогнито 6243,2023-06-05 10:14:23,Нормально,4,
59,Нина Васильевна Эпова,2021-08-23 12:03:51,"Хорошее место, в шаговой доступности.",5,
60,Маргарита К.,2020-03-07 14:28:17,"Хорошее обслуживание, удобное расположение, внимательные, отзывчивые сотрудники",5,
61,иброхимжон насирдинов,2021-02-18 20:09:33,Чисто и уютно.приятно зайти и обслуживает хорошо,5,
62,Мурат Томский,2019-11-30 15:53:36,"В этом Сберегательной банке обслуживание согласно очереди, по талону. Очень достойно и хорошо слушают и обслуживают людей. Я всегда хожу в этот отдел! 👍👌",5,
63,Evgeniy Nechaev,2021-09-12 01:34:54,Давно не пользовался банком оффлайн. Всё в приложении,3,
64,Нина Николаева,2021-03-24 08:37:44,"Сотрудники замечательные, все подскажут, распечатают",5,
65,Александр Прийменко,2021-09-06 15:00:10,Классый сбер банк чуткое обслуживание и нием,5,
66,Татьяна Татьянинова,2020-08-26 07:19:48,Обслуживалась несколько раз. Вежливый персонал. Осталась довольна.,5,
67,Strabuzit Lamber,2021-06-10 09:06:36,"Банкоматы раньше работали круглосуточно, теперь до 00:00",4,
68,Александр ВВВ,2020-06-19 16:56:59,"Достойное отделение, персонал супер. Спасибо вам всем.",5,
69,ef11974,2018-05-13 12:23:32,"Удобное место для оплаты, переводов, решения проблем, связанных с финансами. Отлично помогают консультанты, поэтому ваша проблема не останется нерешенной.",5,
70,Николай Кириллов,2020-03-13 14:21:18,"Очень хорошие специалисты, большая благодарность Ольге.",5,
71,Муксунов,2020-02-05 23:39:55,"Как во всех, сразу подходит консультант. Точно, понятно отвечает на все вопросы. Хорошо!",5,
72,Надежда Ю.,2019-11-15 10:01:56,"Удобно, можно снять наличные со счета, вежливые и компетентные консультанты.",5,
73,Виктория Бердова,2021-09-10 14:32:18,всегда большие очереди,2,
74,Роменнитто,2020-03-30 13:10:51,"В этом банке очень хорошие и ведоивые сотрудники, всегда ходим сюда👍",5,
75,Елена Борисовна,2021-07-27 09:55:23,Нравится обслужи́вание,5,
76,Наталья Гончарова,2020-06-13 09:13:39,Всегда стараются сделать всё удобнее👍,5,
77,Аида И,2020-06-28 01:34:37,"Отличный банк, сотрудники доброжелательные",5,
78,Юра Денеков,2020-06-17 12:58:16,"Рядом, удобно,хорошее обслуживание.",5,
79,алексей алексеев,2021-08-27 14:13:18,Как любой другой.,3,
80,Елена Киселева,2020-02-12 01:10:05,Обычное отделение. Вышколенный персонал.,5,
81,Александр Янукович,2019-08-06 05:33:24,"Грамотные консультанты, 4 банкомата и полное отсутствие парковки :(",4,
82,Светлана селиванова,2021-06-13 14:25:33,Много банкоматов,5,
83,Виталий Гаус,2020-02-07 02:16:46,Никогда больше 10 минут не ждал своей очереди. Вежливые сотрудники.,5,
84,Ксана Колокольчик,2020-03-22 14:56:56,Отличный офис с внимательным персоналом!спасибо вам!,5,
85,Роман Целищев,2019-09-16 09:15:20,Быстрое обслуживание и вежливые сотрудники,5,
86,Максим Таусов,2020-05-02 12:45:55,Здесь быстрое обслуживание 👍,5,
87,Куратова С.,2019-10-10 09:09:45,Географически удобно расположен!!,5,
88,Evgenia Zubkova,2020-08-10 15:25:49,сбербанк как сбербанк,5,
89,Яков Л.,2020-05-07 12:07:24,Рад что РФ выкупили их акции,2,
90,Ольга Старыгина,2021-08-26 12:16:30,Не плохо.,4,
91,Валерий Карышев,2020-03-04 14:59:08,Нормальное обслуживание.,5,
92,Октябрьский район,2019-07-26 10:18:16,хороший банк для хороших людей!,5,
93,Томич,2020-04-04 07:33:36,Хорошее отделение,5,
94,Аня Ч.,2019-09-07 15:07:05,Дружелюбные консультанты,5,
95,Айсулуу Касеинова,2020-04-19 18:12:30,Отличное место.,5,
96,sunset,2019-12-24 03:55:48,Тоже лучший банк,5,
97,Антон Осипенко,2020-03-22 03:22:18,Был понравилось,4,
98,SA,2021-12-24 16:34:25,Пойдёт,4,
99,Елена,2020-01-30 16:43:35,Отличный банк,5,
100,ivan s,2019-08-26 09:40:24,Обычное отделение,3,
101,Наталия К.,2013-02-26 04:46:24,Дозвониться невозможно! ужас!,1,
