,name,date,text,stars,answer
0,Наталья Берзина,2024-02-18 19:00:40,"Отличный филиал, грамотные доброжелательные сотрудники. Все объяснили, ответили на все вопросы. Успехов вам!",5,
1,евгения лившинская,2024-03-20 15:58:05,Очень приятные и вежливые сотрудники! Помогли мне с установкой приложения),5,
2,Ольга Лебедева,2023-08-06 15:31:38,"Отличное отделение. Очень приятный персонал, народу не много помещает данное отделение или мне так попадается. Рекомендую.",5,
3,сергей кравцов,2022-04-25 14:30:06,"Вежливый персонал,быстрое обслуживание,удобная парковка. Географический центр города. Рядом с крупными торговыми центрами и транспортными развязками,делают это отделение просто незаменимым!",5,
4,470941 Копнов,2024-03-20 10:05:35,"Чисто,уютно добрый и отзывчивый персонал.",5,
5,Viktoria,2024-03-14 15:59:27,"Хороший персонал, все быстро, вежливо",5,
6,Sun Catcher,2023-12-30 12:02:22,"Все идеально, кроме освещения - внутри тускло и серо, лампы бы поменять",5,
7,дмитрий коптев,2023-05-07 11:50:49,"Обслуживание быстрое, внятно всё расказывают и показывают, вежливость на высоте сотрудников, мне понравилось.",5,
8,Oleg S.,2023-07-19 01:34:33,"Персонал приветлив.
Жаль, что ограничили доступ к банкоматам, это особенно напряжно в летний период.",4,
9,Алёна,2024-02-08 07:42:35,"Помогли во всём, осталась довольна",5,
10,𝙳 𝙴 𝙳 𝚁 𝙾 𝙸 𝙳,2022-09-20 16:28:35,"Обслуживание невероятно хорошо . Персонал тоже , отношение к клинтам хорошо, почти неожидал очередь. Спасибо",5,
11,Галина Г...,2023-06-03 12:51:16,"Банк рядом, сотрудники грамотные, объясняют всё доходчиво.",5,
12,Тамара Т.,2023-05-01 14:33:11,"Хорошее обслуживание, парковка, персонал доброжелательный.",5,
13,Марина Краус,2023-03-01 15:18:14,"Кленту хорошое отнашение ,хочу сказать.службе безопасности зашитенас ваших.клеентов от машеников",5,
14,675152 Татьяна,2021-10-26 12:51:50,"Начну с того,что очень вежливый персонал. Хочу отдать должное парню консультанту в зале,выдержка железная... Присутствовала при истерических воплях мужчины клиента. Парень конечно был прав. Рядом стоящая женщина попыталась успокоить этого мужчину, естественно получила в ответ негатив. Что сказать то, клиент всегда ,,прав,, ....лесом их на китайскую гору...",5,
15,Владимир Б.,2022-11-04 12:56:56,"Маленький, отдел. в принципе, если решить какие-то,небольшие проблемы. То можно будет зайти. Очередь, небольшая, операторов достаточно!",5,
16,валерий кустов,2022-12-01 09:11:13,"Хороший банк, удобное расположение, отзывчивый персонал!!!",5,
17,Ирина Ч,2024-02-17 00:38:22,Все прекрасно,5,
18,Оксана Лукьяненко,2022-08-19 16:52:27,"Очень качественное обслуживание, удобные банкомат, рекомендую.",5,
19,ольга руденко,2023-07-30 14:02:53,"Всё хорошо, рядом с домом.",5,
20,Dimitr,2023-06-15 14:51:22,Всегда приходится долго ждать. Работают максимум 2 окна.,2,
21,26 Аверкиева,2023-01-26 13:39:37,Ничего плохого не скажу. Пока нравится. Всегда помогают,5,
22,Елена Леонова Агент по недвижимости,2021-12-30 14:42:44,"Персонал вежливый. Хорошие работники, быстро, качественно.",4,
23,Петр Щеголихин,2021-09-14 09:14:14,Хорошее отделение карту получал всё очень быстро и толково объяснили,5,
24,Настя,2022-07-03 12:42:44,"Ужасно. Почти час просидела за картой. Люди которые после меня пришли все прошли,а я сидела ждала",1,
25,Анна Сальникова,2022-07-05 05:31:22,Всегда очень долго приходится ждать своей очереди.Самый противный банк,2,
26,Степан Иванов,2022-02-05 04:33:09,Хорошее место если вы не на машине. Сотрудники вежливы. Но всегда очередь.,2,
27,Мария,2023-02-06 15:05:17,Ничем не хуже других отделений,5,
28,Андрей Крынин,2021-07-17 08:35:02,"Вообще то снимать в Сбербанке не рекомендуется.Фото нет.А так Банк замечательный..,было бы что ещёв него ложить..",5,
29,WaG 1,2021-09-05 02:46:45,"Сделали карту довольно быстро, персонал вежливый",5,
30,Сергей Кузнецов,2023-09-17 10:56:14,НОРМ!,4,
31,Корвалол,2020-03-19 04:24:12,Безупречное обслуживание. Тактичный и грамотный консультант Андрей со смешной фамилией на Б.,5,
32,муся,2022-12-27 12:30:46,Отлично,5,
33,Дмитрий Ульянов,2021-09-10 15:44:20,"Когда как, то много народу, то нормально.",5,
34,Артём Чудаков,2021-10-05 19:34:46,"Банкоматы круглосуточно, очереди",4,
35,Victoria R.,2021-07-06 09:32:12,Вежливый персонал . С ребёнком обслуживают вне очереди 👍🏻,5,
36,Татьяна Татьянинова,2020-09-15 10:35:46,Удобно. Хорошее обслуживание. Быстро.,5,
37,Николай Дуляков,2021-03-24 10:04:46,"Хорошее, вежливое обслуживание,",5,
38,Алексей Рыков,2020-09-07 11:38:19,"Приветливый персонал, небольшие очереди.",4,
39,Вера Слободина,2019-09-26 10:02:01,"Долгое время уже клиент сбербанка, находится рядом домом где я бываю когда приезжаю в Томск",5,
40,Соляной К.,2020-12-30 11:45:55,Высоко качестнный кслуги,5,
41,Валентин крылосов,2022-02-13 12:34:59,Супер,0,
42,Dmitry Danilov,2019-12-28 02:49:29,"работает на очередную яхту, но не народу",5,
43,Владимир Еременко,2021-08-01 16:34:26,Банк реально солидный,5,
44,Вадим С.,2019-12-16 08:10:46,Здесь хорошое обслуживание.,5,
45,Оксана Трегуб,2019-11-19 12:26:12,Потому что он ближе ко мне находиться,5,
46,igor-konkovsky,2020-04-25 03:24:20,все нормально,5,
47,pogonec m.,2019-10-28 08:24:14,очень хороший банк,5,
48,Алена Т.,2020-01-14 04:10:10,Все прилично,5,
49,Александр Андреевич Госсен,2019-08-13 03:49:29,Удобный офис,5,
50,Ольга,2020-01-17 12:14:53,Все быстро,5,
