,name,date,text,stars,answer
0,Борис Ефремов,2023-12-28 13:23:30,"Корректные и вежливые сотрудники. Удобное просторное помещение. Быстрое продвижение в электронной очереди. Возможность использования банкомата и в случае значительной суммы отдельное помещение. Просто не верится, что ""советские сберкассы"" превратились в такой уровень взаимодействия с человеком. Спасибо Герман Оскарович!",5,
1,biOWOid,2023-09-14 05:36:37,"Один банкомат, в который можно закинуть деньги, это конечно же хорошо. Но он, можно сказать сделан как-будто из подручных материалов, и программированием его занимался ребенок. ""Думает"" он дольше чем тостер, иногда не работает цифра 8. Слава богу я не вставлял в него карту, боюсь остался бы без неё. А также тот момент, когда ты заходишь отстаиваешь очередь к нему, а позже стоишь и ждёшь пока он додуматься хотя бы дать тебе ввести PIN-код, а всё это действо происходит под сверлящий взгляд очереди позади тебя, которая образовалась за минуту. Про персонал ничего не говорю, скорее всего работники данного офиса, относятся к своим клиентам лучше чем машина под названием ""банкомат"".",1,
2,Инкогнито 7077,2023-05-08 13:59:17,"Обслуживание на высшем уровне персонал доброжелательный, время ожидания быстрое, отношение к клиентам на высшем уровне, всегда чистота и порядок, есть даже где можно порисовать ребёнку когда мама или папа заняты",5,
3,Светлана Кривошеева,2024-02-08 12:33:00,"Нравится этот отдел, хороший внимательный персонал, удобное расположение",5,
4,Ольга Е(С),2022-07-20 17:37:52,"Никогда не было так, что бы сразу пр дти, получить талон и получить услугу. Постоянно жду очередь, столько рабочих мест, а работает всего пара операторов и девушка у банкоматов. Последняя вообще всегда на разрыв у пенсионеров и слабовидящих.",3,
5,Алексей Бойль,2023-02-01 09:57:13,"Здесь быстрое обслуживание, выгодные условия по кредитам и грамотные консультанты!",4,
6,P GoloS,2023-02-14 12:39:07,"Крайне мало места, персонал не справляется с таким потоком клиентов. Хотя находиться в оживленном месте",2,
7,Промит,2023-09-07 13:17:59,"Простой сбербанк , зимой грязно , получал там карту персонал на 5 звезд",4,
8,Andrе Kras,2023-06-27 13:34:24,"Хорошее отношение к клиентам, убное расположение",5,
9,Юрий Пасечников,2022-10-28 14:55:45,"Этот банк - не для клиентов. Он - банк длч самого себя. Клиенты ему слегкп мешают, но он молодец, держится!",2,
10,Дмитрий Муханов,2024-01-07 15:00:10,Хорошие место,5,
11,Сергей Коробко,2023-10-09 10:00:00,"Сколько помню, всегда им пользовался.",5,
12,Инкогнито 1331,2023-12-26 13:58:07,Всё хорошо,5,
13,Ирина Золотова,2022-12-21 12:47:55,Всегда ответят на интересующие вопросы! Окажут желаемую услугу!,5,
14,Ал К,2021-12-24 17:14:10,"Квалифицированный и доброжелательный персонал, отсутствуют длинные очереди.",5,
15,Елена,2022-10-20 01:06:05,"Обычный филиал, коллектив на четвёрку.",4,
16,Александр Койнов,2021-09-13 11:55:08,"Для меня как имеющему смартфон туда не надо) да и подъехать к нему невозможно, но при этом работаю хорошие люди.",2,
17,Виктория Виртуч,2022-07-21 13:21:33,Всегда вежливые сотрудники.,5,
18,Марина Булавина,2021-08-30 19:38:36,"Были проблемы с картой, пришла в банк, всё обьяснили, и сделали распечатку.",5,
19,Anton Gulevatov,2023-01-23 06:47:21,Очереди и не самый приветливый персонал.,2,
20,сергей семёнов,2021-08-27 10:57:55,Очень уютный и хороший офис .,5,
21,Vlbeloz,2021-07-21 02:48:18,Вполне приличное отделение. Редко очереди.,4,
22,Елена,2020-06-30 17:02:43,Много лет обслуживаюсь именно здесь и хотелось бы приходить сюда и по субботам.,5,
23,Андрей В.,2020-05-31 13:54:18,"Хорошие специалисты, удобный зал ожидания! Рекомендую)))!",5,
24,Анна Рогожкина,2019-10-20 16:06:08,"Настроили совершенно ужасный пандус, никто из инвалидов на колясках не сможет подъехать (((( для кого....для чего..... Главное, что пандус есть.....(((((",1,
25,Алексей Ворсин,2020-07-06 03:35:54,"Одна из лучших организаций электронной очереди, в т.ч. и зона ожидания",5,
26,галя м.,2019-11-02 07:42:18,Бываю там редко.Поставила оценку чистую по субьективному взгляду на чистоту.,4,
27,мария колесник,2020-04-20 13:10:32,Хоршее обслуживание. Операторы внимательные. Помещение тесное.,5,
28,Я Е.,2019-11-11 11:44:16,"Мне бухому в хлам не позволили снять большую сумму, за что им большое спасибо.",5,
29,vik77zz,2019-11-25 14:51:16,"Ничего не имею против этого банка, хорошо обслужили, нареканий нет",5,
30,Maxi Maxi,2020-02-04 06:47:11,Живу в этом райне. Удобно положить и снять деньги,3,
31,маша,2019-10-10 00:28:10,А где наша мама будет платить за канумыльные,5,
