,name,date,text,stars,answer
0,Людмила Кравцова,2023-10-05 12:31:42,"Посещала сбербанк 05.10 2023. Получила большое удовольствие. Во-первых конечно бросается в глаза новый стиль офиса. Все очень современно и аккуратно. 
Во-вторых внешний вид сотрудников и правда стал более располагающим. 
Ну и конечно отделан спасибо сотруднику Марине. Очень спокойно и вкрадчиво ответила на все вопросы. Решила все возникшие трудности, перевела на нужного сотрудника и поделала успехов. 
Я получила массу положительных эмоций от похода в банк.
Спасибо огромное 💐",5,
1,Светлана Лаврешина,2024-02-14 14:19:29,"Финансовая организация, которой пользуется основная часть населения. После ремонта стало комфортно посетителям. Чёткая информация позволяет работать без огромных очередей. Персонал финансово грамотный. Всегда разъяснит, что непонятно вкладчикам своих средств в сбербанк. Проценты на вклады средние. Но банк с таким сроком бытия внушает доверие.",5,
2,Kowalski,2024-02-22 13:42:59,"Мало места,душно. Рядовые сотрудники сидящие в окнах не особо вежливые и приветливые. Один раз хотел распечатать два раза один чек для суда об оплате пошлины однако некомпетентная сотрудница мне сначала отказала,хотя я знаю что это можно легко сделать,а потом просто начала хамить и мне и своему руководству к которому мне пришлось обратится. Руководство кстати очень лояльное в общении. 

Дополнение 22.02.23
При биржевых курсах доллара на продажу 93р за 1$ и при покупку банками в Москве одного доллара по курсу 92-93р ,в этом отделении обнаружил что курс доллара по покупке 88р!!! Ниже чем у конкурентов в Москве на 5р!!! Ужастные курсы на покупку и продажу. Ни в коем случае не несите валюту в это отделение и не покупайте ее тут.
К тому же ждал пока меня пригласят на обмен 15 минут при том что я был единственный на обмен.",1,
3,@kate_loves_yonex,2024-03-29 11:29:15,"Хороший пункт Сбер банк
Вежливые и отзывчивые сотрудники, помогут разобраться в сложных вопросах , посоветуют или предложат как поступить клиенту в той или иной ситуации для решения определённых задач. 
Отдельная благодарность:Оксане, Полине, Наире к сожалению фамилий не помню. 
Каждый раз заходя в этот пункт, я всегда ухожу с решённым вопросом! 

Благодарю Вас! 
Желаю успехов в работе. 
По больше бы таких отзывчивых и внимательных сотрудников!",5,
4,Vadim Perekrestov,2024-04-14 20:08:37,"Удобно расположен в мкр 3.
Хорошие специалисты.
Встречаются душевные люди.
Конечно, отрабатывают скрипты, но излишне не навязывают ненужные услуги, а вот с нужными - помогают!
РЕКОМЕНДУЮ!",5,
5,Валентина Никалевна,2023-09-07 16:05:53,"Замечательное отделение сбербанка. Вежливый и внимательный персонал, уютное помещение( были до и после ремонта, всегда все было аккуратно и приятно на глаз). Нам помогала девушка по имени Оксана, и остались с приятными впечатлениями!",5,
6,Надежда Дерышева,2023-07-29 09:54:26,"Персонал вежливый, все очень хорошо продумано, нет никаких очередей так как все по талону и персонал быстро и качественно обслуживает и расположен в удобном месте, банкоматов тоже достаточно, вообщем очень удобно!!!",5,
7,Иоанна,2024-02-03 18:16:19,"Маленькое отделение, но девочки там, как пчёлы работают. Не покладая рук. Очень понравилось!!Нам всё делала Екатерина.Настоящий профессионал.Я в восхищении! Это сколько надо в голове держать и не сбиться. Мы-многодетная семья. Пришлось 4 детям делать разные документы. Рекомендую!!",5,
8,Люда 1.,2023-12-09 21:01:20,"Крайне возмущена ! Специально выбрала именно это отделение Сбербанка для доставки с Мегамаркет , так как есть возможность проверить товар . В итоге сотрудник всячески мешал и не разрешал проверять товар , на что я имею право по закону !! Проблемы с возвратом Мегамаркет уже были , если какая то проблема , то вернуть товар практически нельзя . Так почему я не могу его проверить на месте на комплектацию и повреждения ? Больше никогда не воспользуюсь этим разводом",1,
9,Ольга Ивановв,2024-01-27 13:58:14,"Если вы никуда не торопитесь, можете прийти сюда. Будет возможность в тишине прочитать книгу, посмотреть фильм, а если ""повезёт"", и сериал. За два посещения на этой неделе я здесь оставила около 3 часов своей жизни. Если бы не нужда, никогда бы не пришла в это отделение. Пишу, чтобы в дальнейшем я не забыла о том, что когда-то совершила ошибку, обратившись в это заведение",1,
10,Дмитрий Леонов,2024-02-27 03:44:39,"Бывает что много клиентов, сотрудники не успевают всех обслужить.. А так в целом и общем всё норм, девчата сотрудницы вежливые всё объяснят и расскажут.. 👍",4,
11,bazegit babakov,2024-02-15 07:30:35,"Сбербанки все хорошие. Персонал работает отлично. Иногда бывают очереди, но не из за персонала.",5,
12,Олег Елистратов,2023-01-16 16:44:12,"Двоякое впечатление от посещений данного заведения. С одной стороны все сделано по современному, чисто, практически без очередей, но вот желание персонала варить кредитные карты и навязать платные услуги как то отгораживает. Можно списать конечно на должностные обязанности. Пару раз менят мелочь из копилок. В первый раз поменяли без проблем, а вот во второй кассир попыталась сорвать процент, как будто она эту мелочь вручную пересчитывала. Пришлось пойти на хитрость и купить на эту мелочь валюту. Правда кассир все равно пыталась изобразить из себя дурочка и предложила сперва поменять мелкие рубли на крупные, взять процент и затем купить валюту. Не вышло. А так обычное отделение. Видно сотрудники решают все.",3,
13,Наталия,2023-11-30 17:32:31,"При том, что был не час пик и в очереди я была вторая,прождала минут двадцать. Из четырех операторов принимала только одна! Помещение не большое, представляю, что там в час пик. Была в этом отделении впервые.",3,
14,Сауле Худова,2023-09-01 16:10:47,"1. Потеряла карту телефоны. Пришла в офис восстановить карту. Девушка в очках на входе убеждала не брать талон решать вопрос позвонив на 900, так как меняются реквизиты. Вопрос с каких пор при потере и восстановлении карты меняются реквизиты? В итоге убедив сотрудницу , что займу немного времени подам только заявление я взяла карту. Заявление у меня приняли быстро , все рассказали 👌. 
2. Первого сентября пришла получать карту. Парень прежде чем выдать попросил мой телефон подключил себе в компьютер установить приложение. Установили приложение , и тут попытался (втюхать, впарить) подписки разные. Получив свою карту спустя 40 минут. Я иду домой и дома уже обнаруживаю, что Apple ID у меня вылетел из телефона.",1,
15,Лариса Л.,2023-07-22 12:36:09,Очень хорошее обслуживание. Меня обслуживала Наира. Мне очень понравилось! Всё объяснила на высшем уровне! Прошу руководство чтобы оценили своего работника и поощрили его. за отличную работу с клиентами!!!! Ставлю твердую пятерку!!!!,5,
16,Владимир А.,2023-11-18 17:32:14,"Сбербанк есть Сбербанк. Ничего хорошего и ничего плохого. Как не меняй дизайн, ничего не поменяешь пока не сменяешь отношения к людям. Комиссии, комиссии….",2,
17,Ирина Панина,2023-11-10 12:21:38,Не устраивает график работы. В субботу до 17.00. В воскресенье - выходной. Работающему человеку сложно попасть. Или банки только для НЕРАБОТАЮЩИХ?,1,
18,Айка миявушкина,2023-11-27 11:41:53,"Быстрое обслуживание , сделали отличны ремонт, тем самым стало больше места и без очередей",5,
19,Сергей Х.,2024-03-20 04:52:24,"Все корректно рассказали, сделали выписку. Помогли с онлайн оформлением услуги. Мама пенсионер плохо видит. Огромное спасибо за участие.",5,
20,Акмалжон Мамажанов,2024-03-30 09:17:32,Я хотел получить новую карту работающих офиса говорят выдают карта платные 1990 рублей этого не может быть я гражданин Кыргызия,1,
21,Екатерина Фуфаева,2023-11-24 15:13:38,"Вежливый персонал,всегда помогут с консультацией.Рекомендую!👍",5,
22,Дмитрий Ильченко,2023-11-22 17:52:49,"Классное отделение сбербанка, всё делают быстро и чётко.",5,
23,Илья,2023-10-25 11:52:03,"Наконец-то этот филиал дождался ремонта, теперь новое, современное оборудование и приятная входная группа с банкоматами",5,
24,Марина С.,2024-01-29 16:43:53,"Профессионально отвечают на вопросы, приятно, что всегда работники банка готовы прийти на помощь",5,
25,Лаки,2023-04-28 14:22:39,"Хороший банк , хорошие сотрудники. Всегда всречают с хорошим настроением вежливые, помогут и подскажут как сделать лучше. Молодцы!",5,
26,Ivan Kas,2023-04-24 11:34:22,Удобное расположение. Данное отделение покрывает почти весь район. Удобен для пенсионеров. Очень отзывчивые сотрудник. Банкоматы 24/7 работают.,5,
27,Лариса Кореневская,2023-11-03 14:09:53,"Далеко от места моего продивания, хотелось бы поближе. Сотрудники вежливые",5,
28,Елена Геворкян,2024-02-27 06:14:01,"Заходишь, в банк там всё, что тебе нужно банкоматы, если нужна консультация проконсультируют",5,
29,Инна Дзитиева,2023-02-08 04:34:42,"Обслуживание супер, полное уважение к клиентам, всë понравилось, буду ходить только сюда по любым вопросам. Любимый банк. Всë быстро и оперативно.",5,
30,Сергей Крюков,2022-12-13 17:11:56,"Заезжал один раз. Парковку рядом нашёл. Может и повезло. Машин много рядом. В офисе чисто,банкоматы работают хорошо. Финансы получил без проблем! От наледи вход чистят!",5,
31,Зелим Курбанов,2023-11-27 14:23:03,"Пол часа ждал пока примут для получения карты, не дождался, сотрудники - Блитз, Блитз, скорость без границ",1,
32,Анфиса Ермолаева,2023-03-28 17:03:24,"Отличное отделение: тихое, редко видела его переполненным. Отдельная благодарность Невзоровой И.В. - столь доброжелательных и профессиональных сотрудников надо поискать!",5,
33,Инкогнито 0603,2023-08-18 21:48:21,Только и оцениваю сбербанк. С лучшей стороны. Так как это надёжный. Банк быстрота обслуживания. Качество. Работы не заменить ни одним из банков. Спасибо. !!,5,
34,Кирилл Сергеевич К,2023-02-27 09:59:30,"Большое отделение банка. 
Очереди почти не было и не бывает.
Парковка напротив отделения , но места почти всегда заняты. 
Обслуживание хорошее или мне попался такой менеджер, который все объяснил, показал и настроил, так как переходил с другого банка. 
Предлагают много неплохих фин продуктов.",5,
35,Ольга Ефимова,2023-08-10 18:24:01,"Была дважды, в начале недели и в конце. Каждый раз ожидание очереди было около получаса. Думаю, что это из-за того, что не все окошки работают. А так, интерьер и ремонт новые, кондиционеры работают, кулер с водой имеются.",4,
36,Евгения В.,2022-12-22 09:10:31,Добрый день. Меня обслуживала Петренко Ольга. Очень внимательный и отзывчивый сотрудник. Спасибо ей большое. Все объяснила и разъяснила. Добра Вам Ольга и хороших клиентов.,5,
37,Елена У.,2024-04-03 16:21:55,Отличное отделение банка. Вежливые и внимательные сотрудники,5,
38,Серёжа Коваленко,2024-02-06 18:33:57,"Пришли за квитанцией
Девушка - Ирина, руководитель отделения.
Выражаю вам огромную благодарность за уделенное время и вашей инициативности, чтобы разобраться в моей ситуации. 
Никогда не видел такого желания у человека помочь, особенно от сотрудника банка!
Вы меня удивили и поразили, чудо, спасибо 🖤",5,
39,Екатерина Д.,2023-08-21 14:15:47,"Сотрудники отделения занимаются разводом доверчивых пенсионеров. У меня как мама сюда ни сходит, то «купит» облигации Сбербанка, то страховку. Еле успеваю разгребать. Здорово, конечно, свои планы выполнять за счёт пенсионеров с мизерной пенсией",1,
40,Анонимный отзыв,2023-04-28 01:31:27,"Вежливые и профессиональные сотрудники. Много окон обслуживания, никогда нет очередей. Сотрудники вежливые, работают очень быстро, оперативно решают вопрос. Можно к любому обратиться, подскажут, направят и помогут. Рекомендую",5,
41,Тамара Човник,2024-04-04 11:11:28,Хорошая работа. Отзывчивые работники банка. Спасибо.,5,
42,Михаил Корыпаев,2022-08-02 08:01:37,"Меня обслуживала консультант Ольга. Очень отзывчивая, грамотная и красивая девушка. Выпустила мне карту по пакету, которого уже казалось бы нет, плюсом помогла с бонусам сберспасибо. Остался очень доволен.",5,
43,Artemiy Nedelko,2022-07-23 08:12:15,"Нормальный обычный банк. Обслуживание отличное, персонал немного не хватает, отношение к клиентам прекрасное, время ожидание для получение карты у меня было много, банкоматов большое количество здесь, расположение банка подходит.",5,
44,наталья а.,2023-10-03 06:20:58,Очень классный сбер! Особенно сотрудники! Четко оперативно !,5,
45,Тарас Иванчук,2023-09-09 22:32:18,"После ремонта отделение «помолодело» 

Все четко и быстро, молодцы 👏",5,
46,Лариса С,2023-05-14 06:37:13,Вежливые сотрудники. Обслуживают быстро. Проконсультируют по любову вопросу. Очереди редко. Рекомендую!,4,
47,Манюнечка,2022-07-30 10:42:42,"Тихий чистый офис, персонал дружелюбный, готовый помочь. Никогда не ждала дольше 10 минут. Помощь квалифицированная и профессиональная! 
Я всегда была довольна 👍🏼",5,
48,Елена,2022-01-26 16:50:20,"Хорошо и удобно! Всё вопросы клиента здесь стараются разрешить оперативно и качественно. Расположение очень удобное для, клиентов. Спасибо за работу!",5,
49,Анна Коваленко,2024-02-05 17:06:52,"Отличный выбор, вежливые сотрудники",5,
50,Александр,2022-04-19 23:21:54,"Недавно я был вынужден заменить пластиковую банковскую карту Сбербанка и был приятно удивлён вниманием, компетентностью сотрудников, которые готовы оказать помощь, как при входе в банк, где кстати, есть возможность для людей с ограниченными возможностями, так и на месте, хочу отметить, что сотрудники не навязывали своих услуг, а лишь информировали о дополнительных возможностях, а также помогли мне подключить и восстановить необходимые функции в мобильном приложении Сбербанк онлайн, кстати новую карту я получил на третий день после обращения по телефону в Сбербанк, причём в том отделении банка, в котором мне было удобно. Спасибо",5,
51,hodovat,2022-08-01 10:40:02,Перевыпустила карту. Все очень оперативно и доброжелательно. Возникла проблема со снятием наличных с заблокированной карты. Помог специалист Сбера. Благодарю.,5,
52,Ярослав Фомин,2024-04-18 12:22:06,"Да, тут очень хорошо, банкоматы быстрые.",1,
53,Оксана Оксана,2021-09-17 09:17:16,"Часто посещаю отделение в 3 микрорайоне. Отличная работа банкоматов. Бывают очереди, но достаточно оперативно можно воспользоваться. 
Сотрудники Сбербанка оказывают необходимую помощь клиентам быстро и профессионально.",5,
54,Юлия Юлия,2022-08-31 00:03:45,"Обслуживание - 5
Персонал - 5 
Отношение к клиентам - 5
Время ожидания - 5
..... Чисто. Персонал внимательный. Отлично, так держать !!!!",5,
55,Jude,2024-03-11 19:30:13,Современно. Просторно. Круто.,5,
56,татьяна голышева,2022-02-05 14:08:54,Отличный персонал. Вежливое внимательное обслуживание. Время ожидания минимальное. Удобное для посетителей помещение. Удобные диванчики. Если сравнить с нашей старой сберкассой - то небо и земля.,5,
57,Татьяна,2022-09-29 07:39:19,"Обслуживание на высшем уровне. Сотрудники очень квалифицированны. Парень, к сожалению не помню его имени, быстро решил все моменты, все вопросы. И конечно после такого отношения, хочется прийти сюда снова",5,
58,Инкогнито 2123,2023-10-11 17:52:24,Все ребята и девчата молодцы. Но всегда много людей.,5,
59,Anton Golybin,2023-06-13 19:00:42,"Июнь 2023 - отделение закрылось на ремонт, значит скоро будет лучше прежнего. Хотя и в прежнем большая круглосуточная зона с терминалами.",5,
60,Husan Bobkin,2023-11-15 17:52:00,Не очень хорошо выдуть себя продавец и женщина и мальчик,1,
61,Виктор,2022-02-12 19:01:15,"Не нашел здесь распиаренного сервиса СБЕРА. Нужно было всего лишь отключить страховку на кредитке. Прождал больше 30 мин. А когда подсел к специалисту, оказалось, что у них как в монологе у Задорнова, о врачах по левой и правой ноздре: один может тольку поключить страховку, но отключить не может. Другой наоборот, только отключает, но подключить не может. Хотя на мониторе эти две кнопки РЯДОМ. 
Опять берешь талон и ждешь еще 20 мин. Сервис на гране фантастики.",1,
62,S,2024-02-04 13:38:52,"Хороший банк, быстро, грамотно",5,
63,Татьяна.,2022-01-19 18:33:29,"Отделение Сбербанка светлое,просторное. Приём ведётся по электронной очереди,что очень удобно. Есть информационное табло,на котором отражается сколько человек в очереди. В зале работают девушки-консультанты. время ожидания зависит от наплыва посетителей. Имеется несколько банкоматов.",5,
64,Galib Garajayev,2024-01-29 17:07:11,Лучшие сотрудники этого сбербанка и Алексей,5,
65,SVETLANA SKUPOVA,2023-02-15 12:20:13,"Прекрасное обслуживание! Большое Спасибо сотруднику Ольге, за помощь в решении всех моих вопросов!",5,
66,13,2023-01-29 11:20:00,"Там, всё хорошо! Чисто, уютно и обходительно. Никаких нареканий у меня Нет.",5,
67,Галина Митрофанова,2023-02-20 17:31:39,"Хороший филиал,дружный,отзывчивый коллектив всегда помогут,приличный филиал",5,
68,Olga Popova,2023-03-01 07:07:16,"10 утра, работает 4 окна из всех. Собрали очередь на ровном месте. Зато у терминала 3 человека чтоб выдать талон. Ничего не меняется! Нам ещё долго и далеко до нормально обслуживания !",1,
69,Мария Буткевич,2024-02-16 08:21:43,"Работают только три окна, целая толпа людей стоит.",1,
70,Максим Иванов,2022-04-20 04:24:34,"Само отделение сбербанка вроде как большое, но почему-то там всегда огромные очереди. Не знаю с чем это связано. Банкоматы очень часто не работают. Не удобный график работы, очень рано прекращает работу, после работы не всегда в него успеваешь. В воскресенье не работает.",3,
71,Елена Старостина,2024-02-27 08:06:30,После ремонта стало значительно лучше,5,
72,Елена Многорукова,2022-11-07 19:05:29,"Обслуживание и персонал отличные.
Обычно ждать долго не приходиться, отношение к клиентам внимательно. Все отлично",5,
73,Анастасия Мигачева,2022-10-29 11:42:07,"Отличное отношение, внимательные сотрудники, но загруженность отделения часто очень большая, приходится подолгу стоять в очереди",4,
74,Инкогнито 6443,2024-03-16 14:40:15,Извините Уважаемые людьми это сейчас не Сбербанк а Сбер но всё равно хороший удар карта карта чёрный зелёный пенсионерам Ну а детям с котиком,5,
75,Офелия Михайлова,2023-08-02 13:02:27,"Отличный персонал, всегда быстро и доступно.",5,
76,Ольга,2023-08-15 11:06:32,Всё хорошо. Быстро можно получить консультацию или оплатить платёж,5,
77,Николай М.,2022-08-30 06:21:43,Отличное отделение! Специалист сразу понял в чем у меня проблема и быстро всё настроил. Удобное расположение. График работы до 20-00,5,
78,Alexander,2023-09-17 11:24:19,Очень быстро и вежливо. Спасибо большое.,5,
79,!!! !.,2021-10-25 10:55:51,"Очень приятный,отзывчивый персонал!Обслужили на 5+.Даже была приятно удивлена качеством и профессионализмом сотрудников!Управляющий отделением молодец!видно,что работает!",5,
80,Альбина Глебова,2024-01-02 17:16:14,Отличное место рекомендую,5,
81,Егор Федоров,2023-07-27 12:36:28,"Я здесь уже 15 минут, зачем мне посещать это заведение и сидеть в очереди просто чтоб закрыть карту?",1,
82,Людмила Д.,2022-08-04 06:15:41,"Вот скажите, зачем открывать сберы в новом формате? Очередную кафешку открыли в Саларьево. Пыталась взять выписку, но нет, здесь нельзя это сделать. Пыталась закрыть карту, тоже нет. Лучше бы открыли круглосуточный банкомат и отделение со всеми функциями.",1,
83,Ольга Ковина,2023-03-22 14:07:04,"Все операции проходили быстро,вежливые сотрудники. Жаль,что нет ипотечного отдела.)",5,
84,glaz8099,2024-02-25 17:51:30,"После ремонта, стало еще лучше",5,
85,Нигина Турабова,2024-02-25 10:18:30,"Хороший персонал, вручают",5,
86,Оксана Шевцова,2023-12-04 08:26:57,"Чтстое , приятное отделение",5,
87,Нелли Карасева,2022-04-05 09:37:35,"Отличные специалисты своей профессии , всегда внимательны к клиентам и всегда стремятся помочь и разрешить какие либо возникающие проблемы ! Спасибо !",5,
88,Александра,2024-02-14 17:21:11,Отношение клиентам вежливо,5,
89,Марина Родионова,2023-10-13 18:04:06,"Ничего, нормальный сбер. Была только один раз, так что, многого сказать не могу",5,
90,Афанасьев Вадим,2023-10-19 20:27:16,"Уютный офис, но проценты по кредиту грабительские, как всегда.",4,
91,irina kazakova,2022-02-09 22:16:38,"Хорошие сотрудники, очень профессиональные, место положения очень удобное, только всегда здание переполнено, немного тесно.",5,
92,ELVIRA,2022-10-23 17:15:19,"Всегда вежливое обслуживание.. Чисто! 
Спасибо персоналу за помощь!",5,
93,Галина Лунева,2022-12-08 17:52:28,Сотрудники этого офиса Сбербанка помогли решить серьезный финансовый вопрос дважды. Профессионалы! Спасибо!,5,
94,Татьяна Батаева,2023-03-04 18:05:25,"Удобно,банкоматов достаточно,очереди быстро двигаются.",5,
95,Валентин Бушухин,2023-12-17 17:16:37,Есть где отдохнуть,5,
96,319377 Каримов,2022-09-01 16:26:39,"Банк Отличный Я сам , я валяюсь Клиентам этого Банка , В особенности Есть Сотрудник Звать Его Михаил , Ему особенное благодарность.",5,
97,Smple Mnesy,2023-07-23 12:50:42,"Обслуживание на высшем уровне, время ожидание не долгое минут 5-7",5,
98,Шамситддин Ибрахимов,2024-02-05 17:43:35,Минусов нет вроде бы,5,
99,Оксана Литвиненко,2023-02-14 13:20:55,Время ожидания минимальное. Обслуживание - профессионально высокое,5,
100,Юлия Шаталович,2023-12-19 17:52:25,Удобное отделение,5,
101,Любовь Гуреева,2023-12-22 05:13:28,Хорошее обслуживание.,5,
102,Алексей Редькин,2023-03-05 18:49:18,"Пойдёт, несмотря на субъективное мнение об ожидании некоторых услуг, наверно стандарты их позволяют",5,
103,ORIFJON,2023-11-14 16:54:03,Не решили вопрос,1,
104,Сергей Исаков,2023-11-10 17:12:20,Все отлично $,5,
105,Екатерина Родичкина,2023-06-02 13:12:16,"Персонал всегда поможет, на любой вопрос отвечают.",5,
106,Dzham,2023-09-09 11:31:57,Ожидание больше полу часа в итоге без консультации ушел,2,
107,Сергей Костромин,2024-01-24 17:14:05,Персонал класс,5,
108,Александр,2023-01-20 18:07:09,Почему в Сбербанке невозможно оплатить пошлину картой другого банка? Пришлось снимать наличные с карты в соседнем операционном отделении,3,
109,Евгений Толпеко,2024-04-11 17:17:21,Отличный офис,5,
110,юлия Кулакова,2022-08-21 10:28:14,Отличный улябчивый персонал. Все вопросы порешали. И вообще дивно место,5,
111,Travel,2023-10-27 18:30:09,Мне нравится там обслуживание,5,
112,Таша Лимонка,2022-12-10 13:26:56,Отличный банк. Персонал знает свое дело. Всегда помогут.,5,
113,Алексей,2021-09-24 11:12:16,"Хорошо, что есть Круглосуточные банкоматы. И консультантов всегда достаточно много. Надеюсь, что не закроется",5,
114,евгения,2022-08-09 11:35:49,"Обслуживание хорошее , только навязывают свои услуги …
Если надо я все сама себе подключу через Сбербанк-онлайн .",4,
115,Анна Чистякова,2023-04-05 16:20:15,"Приветливые сотрудники. Вопросы, по которым обращалась, были решены.",5,
116,Юлия Вараксина,2021-11-16 09:41:09,"Мне нравится! Очень дружелюбные и внимательные сотрудники, ждать особо не приходиться. Суматохи и скандалов среди клиентов ни разу не наблюдала. Работа поставлена на благо клиентов.",5,
117,Леонид Ефремов,2023-04-15 05:16:20,"Всегда есть очередь, но вежливый персонал не даст заскучать :) хорошее отделение.",4,
118,петр петров,2023-02-20 08:35:46,"Хороший банк, всё делается быстро и четко.",5,
119,LELA BONITA,2023-05-24 18:45:20,Очень удобный банк ... закрыли на ремонт и я страдаю ...,5,
120,Инкогнито 4357,2023-04-12 17:33:54,Я часто бываю свою работу выполнают хорошо,3,
121,Ирина Симонова,2021-06-12 08:47:53,"Сбербанку 5. Работники сбербанка работают от дущи. Обращалась не раз к ним и все время хотела написать отзыв о них-грамотные, специалисты своего дела, не бездушные, посоветуют, все расскажут. Молодцы. Помещение хорошее. Только побольше бы было, а так все замечательно.",5,
122,sergey romanov,2021-12-30 13:59:45,"Очень торопился, в банке была огромная очередь. Девушка консультант помогла решить проблему, без обращения к операционистам. Спасибо ей огромное!",5,
123,Мария,2023-01-29 11:59:32,Хорошее отделение Сбербанка. Грамотные сотрудники,5,
124,Константин Радионов,2022-05-01 16:43:23,"Персонал помог решить вопрос не связанный с их профилем дейтяльности, рассказали все что знали, спасибо за помощь",5,
125,Леся,2022-09-04 21:42:47,"Удобное расположение, комфортное обслуживание",5,
126,Олег...,2022-06-29 12:33:35,"Хорошее , грамотное обслуживание , быстро , удобно .",5,
127,Жека Бургер :),2023-09-24 16:05:33,"Ждала 47 минут, пока меня примум",2,
128,Владимир reg,2022-02-04 19:13:27,"Все медленно. Вроде и сотрудники банка в каждом окне, а очередь хоть и электронная - медленная. Простую выписку о реквизитах счёта пришлось ждать более получаса.",4,
129,Ekaterina,2022-12-23 16:43:55,Сотрудники работают быстро и качественно,5,
130,Борис,2023-09-22 17:18:49,Сбер. Идёт в ногу со временем.,5,
131,ирина карасева,2022-01-30 21:20:20,"Хороший сбер. Внимательные работники. Все растолкуют, если непонятно. Но и бывает что уговаривают на ужасно дорогие кредиты, я так попалась и теперь плачу ежемесячные огромные проценты.",4,
132,Евгения Богданова,2020-03-03 17:42:38,"Для расширяющегося микрорайона, считаю, что одно отделение данного банка как-то маловато, тем более, что это самый популярный банк и практически все переводы осуществляются через него. Банкоматы часто не работают не только в самом отделении, но и там где стоят по микрорайонам, не каждый может добраться до закутка, куда расположили данное отделение, особенно людям в возрасте, не считаю, что это было хорошим поводом для прогулки, так как не у всех есть транспорт. Не совсем нравится и персонал, не раз приходится находиться там, и долго ожидать, либо же ответ не всегда понятен и доступен.",3,
133,Люся,2021-12-12 09:57:49,Хорошее отделение Сбербанка и внимательные работники. Помогут решить любой вопрос и (или) проблему.,5,
134,Владимир Ануркин,2020-01-11 07:31:24,"Не только в этом месте, а в общем нравится работа Сбербанка! Есть конечно и здесь грехи! Предлагаю-прежде, чем блокировать чьи-то счета и карты-связываться с держателем карты или владельцем счёта! Мою карту блокировали за то, что разрешил снять своей родной сестре с неё средства! А разве не нужно в таких случаях связываться с держателем карты?? А если я нахожусь в зоне, где нет ни Сбербанков, ни связи, а деньги мои нужны в этот момент и единственный человек, кто может мне помочь-это(в моём случае) - сестра! Связывайтесь по номеру телефона с владельцем карты-это ведь несложно!! А в общем-Очень нравится и отличное обслуживание и отличный квалифицированный и вежливый персонал Сбербанка-вне зависимости от его местонахождения! В этом Администрация Сбербанка подошла Серьёзно к вопросу, да и не только в этом вопросе!! Несколькими словами если!!! - Мне нравится работа и работники Российского Сбербанка!! Улучшайте по возможности свою работу по мере возрастания проблем, а так-была бы оценка 10звёзд?-поставил бы все десять!!! Одно из лучших мест Общезначимого значения, с которым почти каждый наш человек связан(это лично моё мнение)!!! Спасибо Сбербанку, Дирекции, Персоналу-за качественное вежливое терпеливое, ну по возможности-быстрое и удобное обслуживание!!И ещё наверное много и плюсов и меньше минусов, но ещё там всегда чисто светло и уютно! Спасибо за контроль за счетами и снятием со счетов с карт, но связывайтесь пож.с владельцами ихними!!!А с другой стороны и вы правы-себя обезопасить тоже надо, чтоб потом других отзывов не было!!! Но в таких случаях просьба связываться с держателем карты или счёта, а не блокировать сразу! И тут разные ситуации могут быть-например человек отбывает срок, а человек, снимающий деньги его-помогает ему! Не очень приятный пример, но это такое есть и зачастую! В общем всё равно моя оценка Сбербанку высшая! Конечно вы не идеальны, но среди всех прочих организаций-считаю, что ваша на предельно высоком уровне!! И заметно, что вы работаете на улучшение и услуг и их качества! Ещё раз Спасибо Всем-начиная от Дирекции и, заканчивая уборщиками Российского Сбербанка-отдельно всем его Операторам!",5,
135,Анастасия П.,2024-04-11 13:00:10,Медленно,4,
136,Elena Sokolova,2021-08-25 09:10:42,Сотрудники молодцы.Оформили быстро карту мир и переслали где мне ее удобно было получить .Спасибо большое.,5,
137,натаван Байрамова,2023-10-28 06:54:27,я очень довольна 👍,5,
138,ольга михина,2023-05-10 05:17:01,Хорошо работают умело работают с клиентами,5,
139,Анастасия,2022-05-17 17:27:23,"Очень понравился большой ,просторный,попала наверно но очереди не было.",5,
140,Юлия Лозовая,2022-08-18 16:22:50,Всё оперативно. Очередей нет. Сотрудники вежливы.,5,
141,елена степакова,2023-01-04 14:32:15,Скольская плитка это очень плохо. Банкоматы часто заглатывают карты.,5,
142,Сергей,2021-07-27 06:37:10,"хорошо организованный рэкет для народа с бездумно-бестолковыми менеджерами (в большинстве своём), далёкими понятиями об истинных интересах населения",2,
143,Sagin Bereketoff,2021-05-11 09:09:18,"Удобно, около дома, много банкоматов, компетентный персонал, хорошее обслуживание, очередей мало",5,
144,Инкогнито 4937,2024-01-23 17:09:52,Хорошо,5,
145,З.А. В.,2021-12-09 16:05:40,"Многие сотрудники носят маски не закрывающие нос и плевать хотели на Здоровье клиентов, обслуживают посетителей без масок и даже не делают им замечание, это крайне не приятно",1,
146,Ирина Юрьева,2020-04-03 16:18:11,"В этом отделении на мой взгляд очень грамотные и доброжелательные консультанты, стремятся помочь посетителям. В последние дни марта, когда это отделение единственное продолжало работать во всей округе, хорошие профессиональные и человеческие качества работников банка проявились особенно ярко.",5,
147,Эгемберди Тилешов,2023-12-06 18:22:36,Отличный,5,
148,Марина Цыпкина,2022-10-31 18:27:45,"Всё быстро, профессионально, очереди нет.",5,
149,Nikolay Sm,2021-05-11 06:13:34,"Пришел пополнить брокерский счёт, сотрудники банка долго не смогли мне помочь, по номеру 900 сообщили, что это должны сделать сотрудники банка, на Яндекс картах и в приложении Сбербанка написано что офис во вторник работает с 8, а по факту с 8-30, операцианистов мало , не знают номер своей службы поддержки",1,
150,DIANA DARSO,2023-08-02 17:23:51,Лучший сбер в мире,5,
151,KPblM Andrey,2021-11-25 16:28:00,Был тут в октябре. Ждал минут 10. Всё быстро и хорошо. Мало отделений в этом районе города.,5,
152,Андрей ivanovith,2023-09-10 18:36:35,Все вопросы решил,5,
153,Инкогнито 7409,2023-09-17 10:47:34,"Душно,неприятно",3,
154,Ольга Булатова,2021-12-07 17:46:22,"Кто помнит старые времена 90х годов,то это сейчас просто супер. Все в сравнении. А вообще СБЕР ГРЕФА-что сказать...😏",3,
155,Арсен,2022-08-16 08:54:50,Был один раз. Не чего не могу сказать плохого. Чётко быстро решили мои вопросы.,5,
156,Джеймс Бонд,2022-09-16 16:31:02,Самый лучший Сбербанк. Обслуживания 100000 😎,5,
157,Нинико,2022-06-22 11:05:25,Хорошее обслуживание. Всегда помогают с вопросами.,5,
158,Анастасия П.,2020-04-21 04:18:00,"Хорошо организовано все, быстро, специалисты вменяемые, дело знают и сиараются помочь. Обращалась с непростым вопросом по наследству - разрулили.",5,
159,🤗,2023-01-23 05:30:01,"Отличный офис, сотрудники тоже .",5,
160,Елена Резцова,2022-06-28 18:07:48,В принципе все нормально. Ребята не совсем освоили новые функции),4,
161,Марина Кононенко,2023-03-05 16:17:32,Отношение к клиентам очень хорошее,5,
162,Анжелика,2023-10-19 11:13:26,Мне нравится,5,
163,Зарема Койчуманова,2021-07-15 15:38:02,"Хороший Сбербанк , всегда вежливый персонал :) очередей особо не бывает :)",5,
164,Багаудин Магомедов,2021-10-28 11:05:32,"Отличный филиал, ребята молодцы , встретят, подскажут ,",5,
165,Marina Khamoshina,2021-08-09 14:02:51,"Были с престарелой мамой, обслужили, как императрицу в отставке;) ни очереди, ни негатива - только спокойное внимание и терпение; спасибо",5,
166,Галина Ларькова,2023-01-08 12:24:24,Сбербанк неплохой но есть и очереди,5,
167,Фролов Дмитрий,2023-01-23 16:42:13,Немного долго стоять и ждать своей очереди,4,
168,nmaksimenko59@rambler.ru,2023-05-14 12:25:52,Все работают на - пять!,5,
169,Anton L.,2020-08-18 10:31:00,"Все отлично, электронная очередь, народу немного (особенно в будни), ждать долго ни разу не пришлось. Приветливые и профессиональные сотрудники.",5,
170,Максим Валерьевич,2020-05-11 12:22:40,"Конченное отделение,как и большинство.При каждой оплате ипотеки просили ген.доверенность от кредитуемого на плательщика.Каждая оплата занимала где то 40 минут без учета времени проведенного в очереди,осуществлялась только в присутствие руководителя данного отделения,который приходил после просьбы выдать мне официальную бумагу о том, что они отказываются принять оплату.Через 4 месяца перевел ипотеку в другой банк, экономия вышла более миллиона т.к. процентная ставка была снижена на 4%.Не пользуйтесь КОЛХОЗНЫМ СБЕРБАНКОМ!!!!",1,
171,Николай Горобец,2022-09-18 06:18:43,Как и любой сбер. Не особо комфортно.,4,
172,Анна Здорова,2021-12-07 11:45:26,Хорошо. Быстро и комфортно. Обслуживание на высоте.,5,
173,Елена Яковлева,2022-06-14 06:12:17,"В целом ничего, но очень медленно. Частые очереди, небольшое помещение",3,
174,ИННА Батрынча,2021-11-12 15:42:00,Добрый вечер. Спасибо большое за оперативное обслуживание клиентов.,5,
175,W A,2023-04-30 00:07:07,"Ячеек нет, не вежливы.",1,
176,MURA FORD,2023-05-15 16:46:51,Обслуживание отличное,5,
177,Денис Казаченко,2022-05-28 13:42:08,Все прекрасно очень вежливый персонал,5,
178,Юрий Давиденко,2022-11-21 16:13:06,Всё оперативно и конструктивно,5,
179,Асатур Акопян,2022-06-20 14:40:44,"Отличное обслуживание, привелмвый персонал",5,
180,Татьяна М.,2022-12-16 16:35:12,"Парень молодец,решил мою проблему",5,
181,Константин Романов,2021-09-14 07:10:14,"Очередей нет, быстро все.
Но навязывают доп. услуги которые, как потом оказывается особо и не нужны.",4,
182,Егор Пименов,2023-04-02 17:25:41,Отличное обслуживание,5,
183,Машрапова чынара,2023-03-23 19:21:59,Хорошо обслуживание,5,
184,Бабаня,2020-12-09 06:38:58,"В данном отделение очередь конечно есть, но сотрудники быстро принимают. Сотрудник всё объяснил, предлагал разные услуги но не навязывал.",4,
185,Елена Огаркова,2022-08-28 07:19:07,Оставляет желать лучшего. Постоянные очереди,3,
186,Илья Бабкин,2021-09-10 16:44:40,"Всегда многовато народу, обслуживают довольно быстро.",4,
187,Александр Николаевич Сафрошкин,2021-06-25 18:18:14,"Быстрое и качественное обслуэивание,неочень удобная парковка,но это вопрос администрации а не банка.",5,
188,Вадим Сувориков,2021-08-14 10:17:49,Интересное место тут можно неплохо провести время в очереди в банкомат,5,
189,Людмила Пономарëва,2021-11-22 19:39:15,"Персонал супер, обслуживания лучше чем в других Сбербанка",5,
190,David Shekoyan,2022-02-04 19:05:44,"Обычный сбер, всё как положено,но бывает очень много людей",5,
191,Дарья Гордеева,2022-07-28 14:16:30,"Сбер как сбер. Очереди, сотрудники, банкоматы.",5,
192,Маргарита Чернявская,2022-01-23 16:03:41,Удобно расположен. Хорошие сотрудники.,5,
193,Lollipop,2022-09-08 10:01:40,"Обычное отделение, Ни плохое, ни хорошее.",5,
194,Сергей Эктов,2022-04-26 13:14:41,"Хороший офис, много окон. Есть Wi-fi. Много банкоматов и ьерминалов для оплаты.",5,
195,Олеся Егорова,2023-02-19 18:53:40,Отличные сотрудники!,5,
196,Татьяна Б.,2021-07-17 13:46:34,Очень приятный менеджер банка мне достался. Все быстро. Плюс бонусом советы))),5,
197,Денис Денисов,2023-01-25 17:39:35,Хорошо обслуживание,4,
198,Irina Platova,2020-01-10 17:33:26,"ЗдОрово, что отделение открыли в микрорайоне - теперь рядом с домом стандартный банковский сервис и банкоматы. 
Уже года три наслаждаемся наличием отделения.",4,
199,Диля Дилек,2021-11-21 10:15:15,"Хорошая команда, быстрое обслуживание,",5,
200,Владимир,2022-12-28 18:27:53,Никак Сонное царство зелёных мух,3,
201,PChernodub,2019-08-31 09:52:44,"Хорошее отделение, как и все, в сбербанке, установите дополнительные банкоматы. Цифровая очередь значительно улучшает и делает комфортным посещение. Пять баллов.",5,
202,Оксана К.,2019-09-28 11:21:20,"Отлично, поставили банкомат! Отдельно, очень удобно. Хороший персонал, консультанты. Быстро вызывают!",5,
203,kotlyrovv,2020-05-10 09:39:16,"НАверное единственный минус - большие очереди, а так самый популярный банк в России, следовательно банкоматы есть почти в каждом городе",4,
204,Маргарита Муравьева,2020-03-20 11:55:44,Отличный офис ! Коллектив хороший .Неконфликтность ! Оперативно облуживают Я довольна .,5,
205,Светлана Б.,2023-01-19 18:00:41,Нормальный банк.,5,
206,Третьякова Татьяна,2022-12-03 18:47:05,Вежливое обслуживание,5,
207,Ulugbek Akramov,2022-07-17 13:18:06,Классный сбер. Несколько банкоматов. Круглосуточно.,5,
208,Котиков Сергей,2021-04-29 10:51:09,Отличная была идея разделить зал с банкоматами. Теперь очередей нет.,5,
209,Виктория Создателева,2021-09-24 13:13:47,обычное отделение. ничего особенного. по работе сотрудников нареканий нет.,4,
210,Васильев Игорь,2022-02-05 09:36:51,Ожидал очередь 40 минут для того чтобы получить выписку,2,
211,Абдо Чайковчи,2022-01-15 07:35:55,Обмен валюты на одну операцию ждать придётся пол часа. Я там замучился ждать.,1,
212,Marina M,2021-05-14 09:14:11,"Сотрудники банка нашло впаривают бедным пенсионерам (которые вообще ничего не понимают в технике)- дорогущие и ненужные подписки, симкарты и страховки! 
Будьте бдительны не пускайте своих родителей туда одних, разведут как цыгане.",1,
213,Дмитрий,2021-04-23 08:46:46,"Сбербанк хороший , чистый , персонал вежливый",5,
214,геннадий л.,2021-10-20 08:47:49,Хорошо ослуживают. Толково отвечают на вопросы.,5,
215,Сервеник Манукян,2022-05-14 05:38:40,Честно четко и компитентно,5,
216,Клименков Васильевич,2021-10-25 10:56:48,"Оплачивал квитанции штрафа , не понравилось , нужен паспорт плательщика .",4,
217,Евгения Воробьева,2022-02-03 16:30:48,Ужас. Посетителей не сосчитать. Стоишь целый день. Не советую,1,
218,Татьяна Владимировна Кокорева,2020-04-07 07:39:07,"Когда расширили пространство , стало гораздо лучше.Теперь зал с терминалами просторней",5,
219,Дмитрий,2020-01-31 14:22:22,"Достаточно банкоматов можно положить и снять деньги, вежливый персонал, удобно расположение.",5,
220,Насрулла Шарапов,2020-07-10 20:54:22,Оценю 5 потому что сотрудники хорошо обслуживает и удобно рядом с домом,5,
221,Елена Матвеева,2020-09-28 10:01:47,"Хорошее отделение. Но довольно часто очереди. Как к специалистам, так и в банкоматы.",4,
222,Ирина Полежаева,2023-01-31 20:21:52,Обычное отделение. Ничего плозого не замечала,5,
223,Марина С,2022-06-03 20:25:33,Приятный сотрудник Марина,5,
224,Максим,2021-12-13 09:07:21,"Много банкоматов, часто работает консультант. Очереди как в любом сбере.",4,
225,Amid Bagadirov,2022-11-27 11:16:51,На любителя.,3,
226,Валентина,2021-08-11 12:31:19,Ни разу не попадала на длительное ожидание или некомпетентного сотрудника!,5,
227,Злой Горожанин,2020-09-16 01:31:44,"Сбербанк ворует деньги, жулики и воры. Списали 300 рублей за чужой долг, приставы и работники банка в глаза долбятся немогут правильно фамилию прочитать. Чтобы вернуть 300 рублей мне только на бензин надо 1000 потратить, на это у них и расчет.... Жулье. Разрезал карту сбера, в минус увели клоуны)",1,
228,Ingvar,2022-02-20 14:47:42,"Удобно, рядом с домом",5,
229,Виктория Крупнова,2022-06-24 23:01:54,"Автомат жует, к сожалению",3,
230,смол,2022-01-31 13:54:18,Сидел в очереди почти час. Операторов нет.,2,
231,Влад Гонцов,2020-12-11 16:39:38,Очень общительные и безумно приятные сотрудники!!,5,
232,Валентина Моторина,2021-11-06 23:40:17,Хотелось бы банкоматов побольше в первом мик.,4,
233,Алёна,2021-07-30 17:48:50,"Хочу оставить жалобу на сотрудницу второй линии ,сидела в 1 окне. Она похамски со мной разговариала , и отказалась мне помочь , поменять паспортные данные",1,
234,Егор Иванов,2022-09-03 20:29:14,Как всегда лучшие,5,
235,Ольга Ч,2020-06-09 05:12:24,"Квалифицированные специалисты, много банкоматов, оперативная работа",5,
236,Тина,2021-08-13 15:23:11,"Все точно, быстро и оперативно",5,
237,ИгорьЧурбаков,2020-11-25 01:10:30,Работа сотрудников требует корректировки.С1 по 4 окно суматоха .с 5 по 8 окно длително.,1,
238,Лариса Матына,2020-12-11 17:15:05,Внимательный и отзывчивый персонал. Особо хочу отменить Анастасию👍,5,
239,Антон Соколов,2021-04-26 10:36:19,"В банкоматах бывают нереально большие очереди, впрочем как и везде",4,
240,Ульяна,2020-10-25 06:17:12,Удобное расположение и нормальное обслуживание .,5,
241,ольга ольга,2021-10-31 13:49:42,Хорошее быстрое обслуживание,5,
242,Александра Максимова,2022-02-14 17:48:25,Огромная нескончаемая очередь,3,
243,Лидия Самсонова,2021-12-25 13:58:30,Нормально.Потянет.Всё под рукой.,1,
244,сергей давранов,2021-09-04 20:05:21,Опытные работники! Объясняют хорошо👍,5,
245,Татьяна К.,2021-09-06 16:08:07,"Вроде большой филиал, но народу тоже много",3,
246,инна гриднева,2020-02-20 12:12:41,Быстрое обслуживание. Знающие специалисты. В отдельном зале много банкоматов.,5,
247,Дмитрий Молоков,2021-12-01 08:29:09,"Хороший, вежливый персонал.",5,
248,Калеман Пупкин,2021-03-26 08:37:20,"Молодцы. Конкурентов нет, поэтому смысл рекомендовать?",5,
249,Зоя Кухарева,2022-01-22 18:04:28,Очень хорошее обслуживание.,5,
250,Алексей Кондарев,2020-04-12 14:15:41,Нормальное отделение сбербанка. Много раз помогали в получении справок. Здесь часто очереди,5,
251,Наталья Ч.,2020-01-03 10:51:53,"Специалисты все очень приветливы, обслуживание всегда на высоте.",5,
252,Юля Антонова,2019-12-11 18:27:03,"Хорошее отделение, но есть и минус, банкоматы не все всегда работают и поэтому постоянно очередь...",4,
253,Наталья Кобзева,2020-06-01 12:49:03,Хорошее отделение. Внимательный и отзывчивый персонал.,5,
254,Михаил Вотинцев,2019-09-24 12:48:23,Хороший филиал. И наконец сделали отдельную комнату для банкоматов. Стало намного легче и лучше.,5,
255,Eвгений Гончар,2021-10-06 16:22:11,Всё бистро и аккуратно.,5,
256,Юлия Овчинникова,2022-08-07 10:52:11,Очень хорошо,5,
257,Вера Котова,2022-01-17 16:48:58,Рекламируют что тебе не надо,3,
258,Светлана Bdfyjdf,2019-07-30 07:07:03,"В данном отделении, как и во всех других, народу много, но работники стараются, где надо помогут и разъяснят",4,
259,Eugenio E,2019-09-03 04:33:28,"Сбербанк как обычно, дикие очереди, слабые консультанты, приложение Сбербанк отправляет данные на американские сервера, а какие именно в сбере скрывают. Только Тинькофф!",1,
260,Абдулла,2021-08-09 12:38:37,Хрен не кто не помагает самый последний банк ☹️,1,
261,saveliy hohoone,2020-06-15 07:35:45,"Отлично,удобно,быстро,сотрудники ненадоедливые)))",5,
262,Дмитрий Самородов,2021-08-27 13:11:41,Стало внутри просторно.,5,
263,## ##,2021-08-24 15:18:50,Всегда хорошее обслуживание и банкомат всегда работает,5,
264,Игорь Рокачев,2022-01-17 09:22:32,"Удобно, нормально",4,
265,Eva,2019-10-07 15:34:35,"Очень грамотный молодой сотрудник банка внимательно, вежливо, терпеливо и быстро помог выполнить операции с упрямым банкоматом. Спасибо ему, что сберег моё время.",5,
266,Ирина,2021-09-04 20:03:17,"Много банкоматов, это хорошо",4,
267,Луч,2019-08-10 14:19:16,"Отличный Сбер, всегда все банкоматы работают!!! Рекомендую!Молодцы!!!👏",5,
268,Alisher R.,2021-12-13 21:48:35,Удобное расположение.,5,
269,Алексей Дроздов,2020-06-16 15:40:58,"Иногда бардак в очередях, банкомат жует Карты, хорошо что есть бесконтактный способ использования.",3,
270,Ольга Шайдуллина,2022-01-27 18:53:17,Очень хороший офис!!!,5,
271,Анастасия,2020-09-24 19:16:55,"Очередь большая, сидела минут 20,и по талонам вызвали раньше тех людей кто пришёл позже",4,
272,Сергей Якимов,2021-06-02 11:03:20,"Подключи сбер прайм на год, под предлогом активации карты",1,
273,Maksim Denisenko,2021-05-02 10:12:38,Нужно ещё отделение в филимонках и банкомат хотя бы,3,
274,ver04ka-ivanova,2020-08-05 07:34:33,"Отличная команда, отличная работа. Спасибо.",5,
275,Нина Легкая,2021-12-05 10:38:26,"Спасибо, что вы есть у нас",5,
276,elvitto,2021-07-31 11:27:57,Удобное место. Рекомендую.,5,
277,Магомед Магомедов,2021-12-21 17:03:32,Единственный в районе,5,
278,Дмитрий Морозов,2019-08-10 11:46:27,"Как всегда в сбере, много людей в банкоматы. А так, приятный и внимательный персонал",4,
279,Александр,2020-05-24 07:42:06,Хорошее отделение с большим количеством стационарных банкоматов.,5,
280,Евгений Ильин,2019-08-03 16:28:41,"На снятие наличных и пополнение карты работает как правило один банкомат, зато на оплату услуг работают все. Постоянно очередь к банкомату.",3,
281,Наталья Наталья,2022-01-27 16:09:59,Народу всегда битком,2,
282,Андрей Шкляров,2021-11-13 00:03:21,Удобно.персонал отзывчив,5,
283,Ибодулло Атахонов,2022-02-01 18:19:00,Вежливые сотрудники,5,
284,Рустам Каримов,2022-02-16 13:20:04,Вежливый персонал,5,
285,Лаванда,2021-08-20 21:03:08,Вежливо относятся к клиентам.,5,
286,Журавлев Олег,2022-07-20 21:36:43,Отлично,5,
287,PATRİOT TVAZ,2021-03-08 15:24:49,Качество обслуживания на высшем уровне,5,
288,Софья Селютина,2021-12-31 08:31:24,Ну не очень хорошее,3,
289,Diana Gor,2020-04-05 05:51:23,"Хорошее отделение, сотрудники приветливые и опытные",5,
290,синельщиков игорь,2020-01-08 07:50:36,"Недалеко от дома, много банкоматов. В течении дня и вечером много народа.",5,
291,Little Ni,2021-06-07 08:30:10,Качественная работа сотрудников,4,
292,Алина кайдарова,2021-10-22 21:26:47,"Удобно, быстро",5,
293,Екатерина,2020-06-16 19:19:49,"Много банкоматов, работающих круглосуточно, на снятие и внесение денежных средств.",5,
294,Анна М.,2021-07-10 19:31:55,Быстро и качественно,5,
295,El V.,2020-08-03 13:49:42,Единственное отделение в районе. Спасибо что оно есть:),5,
296,Дмитрий Павлов,2019-11-12 12:27:15,"Сервис совковый, банк ненадежный Проценты по вкладам мизерные. Хуже них, только Почта банк. Связываться себе дороже выйдет.",2,
297,Александр,2019-09-24 23:24:30,"До недавнего времени было ужасно, не хватало банкоматов, постоянная очередь. Расширили помешение добавили банкоматов, все ок.",4,
298,Татьяна Бренер,2019-08-04 18:39:07,Хорошее отделение. С введением электронной очереди стало даже приятно посещать. :),5,
299,Оксана Семенова,2021-09-19 05:09:51,Обслуживание на уровне,5,
300,Пион Онлайн,2019-01-16 17:11:38,"Практически уже постоянно не работают Банкоматы и в связи с этим образуются очереди.
Ужасный консультирующий персонал, а так же и администратор данного отделения.",1,
301,Андрей Акатов,2020-07-24 04:02:38,"Нормальный филиал банка. Рядом находится банкомат, можно снять деньги.",5,
302,Кирилл,2019-09-02 18:11:24,"Постоянно просто лютые очередины, в какое время туда не зайди, парковка постоянно битком, машину поставить негде.",2,
303,Саманта,2021-08-21 17:31:31,Очень хороший персонал.,5,
304,Дмитрий Кабанов,2021-12-14 14:41:16,Сбер как сбер🤷🏼‍♂️,3,
305,Наталия С.,2019-07-28 11:11:55,"Для инвплидов очень скользкий пандус.
Хотя, операторы отзывчивые, не взирая на возраст. Молодцы.",4,
306,", .",2022-08-02 18:47:34,Пойдет,5,
307,Ирада Меликова,2020-08-25 15:15:53,"Удобное отделение, мне везло и я не стояла подолгу в очереди",5,
308,владимир зеленский,2021-07-06 12:31:04,Всё на высшем уровне.,5,
309,М.Г.,2020-04-14 11:37:22,У оператора нельзя оплатить бесконтактно. Обязательно нужно вставить карту.,4,
310,Михаил Т,2021-10-04 14:12:46,Обычное отделение.,5,
311,Тиманов Виталий,2018-01-31 11:08:07,"Дополнительный офис Сбербанк.
В холле три банкомата (приём/выдача). Немного тесновато в операционном зале и почти всегда очереди. Но это терпимо ))",5,
312,Ирина А.,2020-10-31 15:42:37,"Нормальное отделение, есть банкоматы 24",5,
313,VrednayaBoo,2020-05-26 17:00:56,"Бывают очереди, в целом приятное впечатление",5,
314,Павел Pavel,2019-09-23 07:28:30,"Как и почта россии монополист, который несмотря на попытки внедрения современных технологий продолжает оставаться в прошлом веке. Всё очень забюрократизировано.",3,
315,Инесса,2020-04-17 03:07:51,Маленький офис. Но обслуживают быстро. Комиссия за платежи большая.,5,
316,Юличка,2018-05-02 18:53:35,Девочки хорошие!Но вот начальница зло!Не советую с ней встречаться.Это те кто платежи принимают.Те которые кредиты выдают все на позитиве так как их руководитель общается со всеми очень хорошо)))Платить не ходите а за кредитом можно))),2,
317,Ольга Кравченко,2019-11-29 06:47:18,После ремонта стало больше банклматов и очередей. Но всё равно. Часто половина сломаны,3,
318,Стас,2022-07-16 10:20:16,Хорошее отделение.,5,
319,Серж Емелин,2018-04-23 11:16:09,"В районе нет Сбербанка, который работал бы каждый день до 20.00, а это очень неудобно! В субботу все отделения вокруг, работают до 17.00! Это вообще - ""ни в какие ворота не лезет""!!!",3,
320,Анна Львовна,2022-05-08 23:14:19,Хорошее отделение банка.,4,
321,Святослав,2019-08-28 16:18:00,"Обслуживание вежливое,но всегда большая очередь и очень душно зимой.",3,
322,Надежда Трушанова,2019-12-22 10:33:37,"Он-единственный, расположенный недалеко от дома.",5,
323,Тахир Газиев,2022-05-18 06:07:23,Норм,5,
324,Vera B.,2019-09-19 04:28:27,"Быстро, все разъяснят, приветливые сотрудники",5,
325,Danil C.,2020-06-10 18:44:50,"Обслукживание очень долгое, по талону ждал минут 40 наверное.",3,
326,би аб,2022-04-27 16:56:33,Норм,5,
327,Шамиль Иштаев,2019-11-20 17:25:17,"Хорошо, особенно когда банкоматы установили новые",5,
328,Я,2020-02-29 02:25:10,Быстро и качественно обслуживание,5,
329,Анатолий Летучий,2021-12-17 10:50:33,Всё класс!,5,
330,Игорь,2021-09-10 04:17:05,Сбер как сбер,5,
331,Виктория Михайлова,2020-03-25 21:01:30,Всегда очереди везде-и в банкомат и к специалистам,2,
332,Серго,2019-08-28 15:29:00,"Как и любое отделение Сбербанка: долго, нужно, «идите в отделение где оформляли».",3,
333,Анастасия Нестерова,2021-03-12 06:00:51,Всегда много людей,3,
334,Мария Фрипту,2020-08-16 09:54:22,Все что надо сотрудники подсказывают,5,
335,Свет Лана,2019-09-09 07:44:29,"Была проблема, решили оперативно. Есть очереди, как же без них)",5,
336,katia.varfol@yandex.ru,2019-10-13 12:36:20,"Очень тесно. Желательно открыть туалет. Приходишь с ребенком, а сходить некуда",5,
337,Анастасия Кожевникова,2021-02-05 00:56:36,приветливые сотрудники,5,
338,Ирина Александровна Синицына,2021-02-27 07:29:04,Очень хороший офис.,5,
339,Елена Иванова,2020-09-26 06:06:36,Большое количество банкоматов,5,
340,ал гул,2021-10-11 20:42:26,Удобно...,5,
341,Илья Харитонов,2020-02-18 11:58:31,А поближе к Никитина не могут открыть есчо один отдел?!,4,
342,Дудуадвдвд Кд,2021-04-12 13:04:29,Персонал отличный,5,
343,Yana Stem,2020-10-22 13:39:38,Сотрудники портят настроение.,1,
344,Михаил,2019-10-14 10:47:52,"Переполненное отделение, но очень нужное в нашем микрорайоне.",4,
345,Алёна Соболева,2020-09-09 16:14:08,Часто не работают банкоматы.,4,
346,Anna F.,2020-06-06 22:08:59,"Услуги оказаны в соответствии, но очереди",3,
347,Хакимжон М.,2020-04-23 20:42:43,"Все супер, но далеко от моего дома!",4,
348,Stakhov Dennis,2019-04-29 16:55:18,"Нормальное отделение, далеко продвинулись вперед по сравнению с тем когда сидели в 1микрорайоне",1,
349,Марина И.,2018-03-11 10:01:49,Банкоматы работают через раз. Один из трех почти всегда не работает. На приём денег работают отвратительно. Вечно огромная очередь в Банкоматы. Само отделение хорошее.,4,
350,Игорь Корнетов,2021-08-12 16:25:01,Как и везде,5,
351,Руслан,2019-02-23 12:58:37,"Сбербанк как сбербанк, только вот банкоматы не работают на приём купюр, что для меня полный сюр. Я бы понял, если бы они мне их выдавать не хотели, а так даже брать не хотят",3,
352,Ал Ан,2020-06-12 08:33:45,обыкновенный банк а парковка где?,1,
353,Анастасия Черашева,2021-01-17 13:28:52,Все как и везде,5,
354,Игорь Кондратьев,2019-07-26 15:06:19,Очень маленький офис для такого города как Московский,3,
355,StortaVishenka,2019-12-06 14:48:51,"Все очень долго, банкоматы часто не работают",3,
356,SvS,2019-09-12 21:24:55,"В принципе как всегда, работает один из четырёх банкоматов",1,
357,Ольга,2021-08-27 05:00:12,Наше отделение вполне,5,
358,Вячеслав Ким,2021-06-21 13:31:11,Удобно.,5,
359,Анастасия В.,2019-07-02 16:02:04,Народу много. Очень много пенсионеров почему-то.,4,
360,Людмила,2018-07-27 23:23:13,Персонал нужно обучать и экзаменовывать. Очень медленно работают и делают много ошибок.,2,
361,Наталья Галуза,2020-04-03 22:09:58,Всегда очень много людей,4,
362,Александр Дашко,2019-08-16 23:25:07,Хорошо. Но народу очень много!,4,
363,molchanovrehab,2020-05-14 11:28:10,"Удобно, что под домом",5,
364,sushigradmsk.ru,2021-05-23 18:52:55,Отличное обслуживание😁,5,
365,Evgen Butakow,2020-09-04 12:06:19,Обычное отделение банка,5,
366,МАХ А.,2021-08-28 04:47:30,Супер,5,
367,Ярослав,2019-07-25 13:41:34,Как всегда не все терминалы принимают наличность.,4,
368,Дмитрий Г.,2019-08-12 18:03:39,Всегда очереди и банкоматы глючат постоянно!!!,2,
369,Татьяна Ермилова,2020-01-20 17:01:30,"Очень много людей, всегда",2,
370,AndyZurmann,2018-02-19 17:50:24,"Мало банкоматов: всего 4, из которых 1-2 всегда не работают. Очень много народа.",3,
371,Кондратович Ирина,2019-08-29 08:59:13,"Быстрое обслуживание,надежный банк.",5,
372,GRIG GRIG,2019-07-30 15:16:39,"Обслужили нормально,но очередь как на рынке",4,
373,Валентина,2019-11-29 16:20:38,Всегда хорошее обслуживание,5,
374,Орлов Дмитрий,2020-05-26 04:15:25,Всё как в сбербанке,5,
375,Rini X.,2020-03-19 22:03:57,Все на высшем уровне,5,
376,Анна Бернгардт-Маменко,2019-12-04 17:57:09,Вежливый персонал чистинько,5,
377,Ирина,2020-06-29 09:29:27,Много банкоматов,4,
378,Светлана,2020-07-25 10:10:33,Рядом удобно,5,
379,Сыргак Ч.,2019-11-08 19:19:24,Отлично обслуживает!,5,
380,Анастасия Нестерова,2020-03-22 16:12:26,Быстрое обслуживание,5,
381,Сергей Поминов,2019-11-20 20:33:16,"Сбер как сбер, уверенная тройка)",3,
382,Юлия Ф.,2020-08-19 03:38:09,Хороший офис,5,
383,Александр,2019-05-28 19:27:01,Постоянно не работают банкоматы на приём денег,2,
384,Евгения Яркоева,2020-01-21 14:53:00,Долгое ожидание по очереди.,3,
385,хуршида давронова,2019-12-23 17:20:51,Грамотный консультант,5,
386,Alessandro Zhuravlev,2019-10-06 01:14:14,Очень вежливые сотрудник,5,
387,Вадим Сикора,2018-07-14 17:37:32,Не люблю! Банк монополист! Стараются быть лучше! Проценты за всё!,3,
388,Люся М.,2019-12-28 11:39:43,Регулярно посещяю банк для получения наличных денег.,5,
389,Анатолий Ф.,2018-06-25 18:35:21,"постоянные очереди, автоматы не работают не на выдачу не на прием денег",1,
390,Алексей Б.,2020-02-14 06:17:54,Решают любые вопросы,5,
391,Виталий,2019-10-26 05:27:27,Всегда много народу,2,
392,Иван Гинзбург,2018-05-16 10:03:21,Вечная очередь в банкомат. Два из трех банкоматов всегда не работают.,3,
393,Ивонна,2019-12-12 19:26:19,Быстрое обслуживание,5,
394,Александр К.,2018-02-11 09:43:13,"Здесь, всё отлично! Нет никаких нареканий.",5,
395,Никита Г.,2019-07-25 11:16:15,Никогда банкоматы не работают!,1,
396,Андрюха Нескажу,2018-01-30 15:32:13,"Это самый ужасный сбер в котором я когда либо был!
Ребята совсем работать не хотят...",1,
397,Наталья К.,2020-07-01 08:49:19,удобно-рядом,5,
398,Илья Звягин,2019-08-11 10:43:13,Просто обычнок отделение,5,
399,Kathrin Moser,2019-09-29 21:52:10,Быстрое обслуживание,5,
400,Александр Малышев,2019-10-03 16:47:08,Нет обслуживания юр.лиц,3,
401,Шихмирзе Керимов,2018-05-31 13:40:18,"Тут просто банкоматы не хорошие, Не возможно внести деньги на карту",5,
402,Татьяна М.,2019-10-10 06:23:49,Замечательный банк,5,
403,АРТЁМ ЯКУНИН,2019-07-31 08:39:47,удобно и быстро,5,
404,Сергей Ч,2019-11-24 10:08:04,Всегда очередь!!!,3,
405,Александр М.,2018-07-27 13:49:51,"Банкоматы часто неисправны, много посетителей.",3,
406,Виталий Г.,2019-09-25 08:20:12,Удобно быстро,5,
407,Татьяна Л.,2020-02-06 05:25:43,Всё как везде,3,
408,Екатерина С,2019-07-29 15:04:44,Быстрое обслуживание,5,
409,# #,2020-09-11 18:15:02,Как все,5,
410,Сергей,2020-07-30 18:17:19,Нет очереди,5,
411,Шерали Болтаев,2019-08-23 10:35:45,Удобная парковка,4,
412,Лариса Чикунова,2019-09-03 16:40:49,Квалифицированный персонал,5,
413,Valentin II_ANGEL_II,2021-07-19 14:30:10,Норм,5,
414,Евгения Максимова,2019-08-16 06:12:04,Тесное помещение,4,
415,Antonio neBanderas,2018-01-07 09:18:41,огромные очереди! банкоматы вечно не работают!!!,1,
416,Андрей С.,2019-08-21 10:43:48,Нет очередей,5,
417,misterLD,2016-05-26 20:31:29,"из 3 банкоматов стабильно работает только 1, с момента как открывалось данное отделение.",1,
418,Татьяна Васильева,2018-06-10 16:36:48,Часто не работают банкоматы.,4,
419,Ксения М.,2018-03-17 05:48:45,Не всегда работают все банкоматы,4,
420,Кирилл,2020-03-23 16:12:38,Хороший банк,5,
421,Зоя Т.,2019-08-20 17:43:39,Стало лучше,5,
422,Анонимный отзыв,2017-12-07 15:20:32,частенько работают не все банкоматы,0,
423,Анатолий,2018-07-07 10:55:18,"Очереди, сотрудники тупят и банкоматы не работают",1,
424,Сергей М.,2018-04-27 18:58:57,Ну очень много народу,4,
425,А К,2018-02-04 14:00:58,Много народа толпится.очередь вечно,4,
426,Александр Валерьевич Д.,2018-03-18 07:45:03,Всегда большие очереди,3,
427,Elena Sidorova,2019-08-21 14:36:15,Не очень,3,
428,Юрий,2017-12-19 12:09:37,Всегда большие очереди,3,
429,Диана З.,2018-04-08 12:50:10,Очередь всегда,4,
