,name,date,text,stars,answer
0,Ольга,2024-01-26 08:44:27,"Очень дружелюбный и внимательный персонал! Все сотрудники очень вежливы и профессионально грамотны. Особенно хочется отметить Судкову Викторию и Баженову Елизавету. По роду деятельности часто приходится обращаться в это отделение за разменом. Девушки всегда готовы помочь, очень приветливы , сообщают, когда можно подъехать . От всей души желаю им удачи, здоровья и всего самого доброго!",5,
1,Гирихан АГС,2024-01-20 10:49:30,"Отличный, внимательный, профессиональный персонал! Приятно взаимодействовать с такими людьми. Желаю успехов руководству отделения, благополучия и профессионального роста персоналу!",5,
2,Ирина Смирнова,2023-11-23 10:57:59,"Большое и просторное отделение. Много банкоматов. Персонал всегда приветливый, что радует. И вообще, это так прекрасно, что нет очередей в подобных заведениях.",5,
3,Irysik,2024-02-24 11:34:12,"Хотела узнать условия автокредита и примерно рассчитать ежемесячные платежи. Пришла в банк 24.02.2024, взяла талон К002, специалист в окне напротив терминала спросила вы хотите кредит взять, сообщила ей что хочу по автокредиту узнать условия, специалист сказала ожидайте. Ждала 10-15 минут пока вызовут талон в 11 окно. Специалист вышла на встречу спросила что я хочу, я ей озвучила что хочу узнать по автокредиту условия и какие платежи, на что мне сказали что тут они автокредитами не занимаются, на что я сообщила что не собиралась сейчас оформлять, мне узнать условия, специалист еще раз сообщила что тут в офисе мы не занимаемся автокредитами. 
Вот спрашивается где клиентоориентированность? Почему девушка в начале не могла мне сказать, что к сожалению мы вам не сможем помочь так как не предоставляем данную услугу в офисе, но можете обратиться ….. и дать ближайшие адреса, чтобы не тратить время клиента, не создавать очередь в банке и не вызывать негативные эмоции. Специалист окна не предложила даже распечатать условия с сайта или сообщить где можно подробно проконсультироваться.",1,
4,Анонимный пользователь,2023-03-17 20:54:15,"Хотела от всего сердца поблагодарить сотрудников отделения Сбербанка по адресу: г. Московский,ул.Солнечная Диану Рафиковну и Юлию🙏🏻 Чёткость и проффесионализм в любом вопросе! Помогли оформить кредит, всё доступно объяснили и проконсультировали по другим вопросам! Ни в одном отделении Сбербанка я не встречала такого дружелюбного отношения к клиенту! Я пришла в отчаянии за помощью из отделения Сбербанка по адресу: г. Московский 3-й микрорайон,где сотрудники с порога впаривают бонусы Самокат и просят оставить о себе хороший отзыв, а сами некомпетентные в простых вопросах!",5,
5,Марина Алексеева,2023-07-06 14:04:32,"Хорошее отделение. Сотрудники стараются максимально быстро и грамотно работать с клиентами. Особую благодарность хочу выразить начальнику отдела (работа с банковскими картами), которая при неясности ситуации со статусом выпуска детской карты, пыталась выяснить её местонахождение и несколько раз ходила её искать. Спасибо за проявленную чуткость к ситуации!",5,
6,Владимир Чурбанов,2024-02-10 16:26:02,"Всё отлично, персонал хорошо помогает решить вопрос,вежливо и внимательно выслушал клиента 👍",5,
7,Паша Гусев,2023-11-02 12:32:38,"Хорошее отделение. Приходил закрывать карту. Всё разъяснили, ответили на вопросы. В отделении чисто, сотрудники приветливые.",5,
8,Светлана А.,2024-04-05 11:57:50,"Это небольшое отделение, но в нем достаточно уютно и чисто. Однако разочаровывает некомпетентность отдельных сотрудников, наверное, из-за нехватки опыта.",3,
9,Мария Дубинина,2024-02-09 08:51:36,"Большое спасибо всем сотрудникам, особенно кассирам, всегда вежливые и внимательные!",5,
10,igor igor,2023-06-06 14:50:32,"Замечательное отделение! Персонал очень профессиональный и быстро работает, люди всегда есть но без толпы и застоя, в очередной раз все сделали очень быстро и качественно! 
Спасибо",5,
11,Sonya I.,2023-03-19 03:40:46,"Чаще бываю в этом Сбере, чтобы отправить посылку, чем по прямым вопросам банка. Хочу отметить, что со СберЛогистикой проблем никогда не возникало. Отправляла и получала несколько раз — все быстро и на высшем уровне. Даже когда с отправкой работала стажерка (и несколько раз извинялась за долгое время ожидания), некритично путающаяся в алгоритме процедуры — услугу оказали превосходно. 
Также оформляла карту, меняла паспортные данные в самой карте — всегда без проблем, лишних вопросов (а главное без потраченного зря времени).
Посетителей утром и вечером очень (ОЧЕНЬ) мало, в очереди сидеть не будете))",5,
12,Мечта,2023-11-26 16:14:01,"Если есть дела или вопросы про сберу, всегда иду к ним. Всегда помогут, очень быстро работают. Спасибо",5,
13,Chubarov Iliya,2023-08-30 10:54:46,Банкомат сжирает деньги и не зачисляет на счет ..если есть паспорт то после этого нужно сидеть 30 минут в сбербанке чтобы они выяснили ..если готовы потерять нервы и деньги то рискуйте остальным не советую.и да в итоге заявление рассматривается неделю.остался и без денег и с плохим настроением.буду закрывать нахрен карту сбрера и переходить в другой банк терпение мое лопнуло!!!!,2,
14,Марина,2023-07-05 15:55:53,"Отзыв не отдельно этому отделению а именно организации! Составляла в самом отделении жалобу, через горячую линию, НО! денег от этого так и не упало на карту за возврат товара. Яндекс маркет вернул деньги, прошло уже 33 дня, ничего не меняется, банк занимается отписками, просит документы какие сам придумал. Чека о возврате им мало, какие то еще документы яндекс предоставил им тоже не хватает. Сейчас сижу час в очереди, если не решается вопрос буду обращаться в суд! Или обращусь к финансовому уполномоченному . Филиал АДА!!!",1,
15,Карамышева Ирина,2024-03-29 11:51:43,"Очень хороший сбербанк. Сотрудники просто молодцы. Две девушки Юлии,вообще супер специалисты.",5,
16,елена с.,2024-03-24 18:36:42,"Как всегда, великолепно. Всегда, только положительные эмоции от посещения.",5,
17,Павел К.,2023-11-29 17:46:19,"Персонал адекватный, помещение просторное, удобная зона ожидания",5,
18,Екатерина Рогова,2023-11-03 04:38:17,"Хорошее отделение, всегда вежливый персонал, очереди проходят быстро",5,
19,Татьяна Наумова,2022-05-27 07:24:56,"Всё очень высоко проффесионально, грамотно и дружелюбно, любые задачи решаются с улыбкой на лице, пользуюсь только этим Сбербанком, всегда есть свободные банкоматы и быстро двигающиеся очереди. Расположен в хорошем удобном для посещения месте, не совсем рядом живу, но хожу только туда. Очень приятно приходить в такие места.",5,
20,Алексей,2023-10-18 06:02:52,"Прекрасное отделение, все вежливо и корректно, все профессионалы. Банкоматы доступны круглые сутки.",5,
21,Андрей Андрейченков,2024-02-27 09:49:11,"Хорошее отделение, квалифицированный и приветливый персонал",5,
22,С.Ш.,2023-01-26 12:34:22,"Удобное отделение Сбербанка, много автоматов для снятие наличных денег и оплаты услуг. В отделении просторно, персонал вежливый и всё подскажет. Советую.",5,
23,Аристов Дмитрий,2024-01-24 18:42:33,Отличное отделение Сбербанка и качество обслуживания на высоте,5,
24,ООО Либерти,2023-02-14 13:22:43,"Несколько раз отправляли и получали посылку. Очень вежливые сотрудники. Всегда очень приятно с ними иметь дело. И помогут и расскажут и пакетик найдут. Золото, а не люди! Спасибо огромное!!!",5,
25,Анна Трофимова,2023-10-04 16:35:26,"Молодцы! Всегда вежливы! Молодцы! Если выбирать из всех Сбербанка Московского,то он самый лучший",5,
26,Юнити,2022-11-24 13:33:30,"Хотела отправить посылку через «сберлогистику». На мой вопрос не поступило адекватного ответа, вместо него шаблон. Сотрудники данного банка ссылаются на «какой-то» перечень запрещенных предметов, а на просьбу показать его мне и ткнуть где я нарушаю правила, встают в ступор и показывают бумажку для детей с перечеркнутыми пистолетами и шприцами красным крестом, мол нельзя. Так же удивила сотрудница банка, которая сидя рядом слышала разговор о моей проблеме и зачем-то решила подлить масло в огонь. Сотрудники, кого вопрос не касался, считают, что выкрикивать - это красиво? И я не забуду сказать о сотруднице без бейджика, что стоит на входе у автомата по выдаче номера в очереди. Во-первых, она первый человек кого я вижу, когда захожу в отделение банка на ул. Солнечна д. 3 и даже не знаю как к ней обращаться. Она грубила, невнятно разговаривала и в итоге вообще убежала без слов в отдельную комнату для сотрудников. На поставленные мной вопросы продолжала убегать после пауз раздумий, она так же говорила о «каком-то регламенте», видимо он никому и не известен.. сотрудницу эту зовут Ташпулатова Шахноза.",1,
27,Рэйгал Хартвинд,2023-05-08 11:28:40,"Все отлично, очереди небольшие, приветливый персонал, хорошее обслуживание, небольшое время ожидания",5,
28,Анна Шубина,2023-10-17 16:41:38,"Нормальное отделение, к банкоматам часто очереди, но в принципе они быстро проходят. Иногда не работает какой-нибудь банкомат.",5,
29,Лариса Т.,2024-04-08 21:26:47,"Очень профессиональные сотрудники. Обращалась по разным вопросам, всегда довольна и консультациями, и работой. Спасибо большое.",5,
30,Mila Mila,2024-03-23 18:17:51,Хорошее отделение. Персонал вполне вежливый!,4,
31,Алексей Тургенев,2024-03-31 16:46:51,Удобно и персонал вежлив и профессионален.,5,
32,Nilush Kataeva,2023-11-07 19:29:27,Всё отлично! Удобное расположение банка.,5,
33,Умид Умид,2023-11-30 17:18:31,Быстрые отзывчивые сотрудники мне понравилось,5,
34,CT,2023-05-30 16:34:44,"Наймите вашему автомату учителя математики!
Хотел снять 500 р, автомат пишет что не может выдать средств там типа недостаточно. 

Нажал выдать 600 р, выдал сотками!

А 500 р сотками выдать не мог или считать разучился ?

Садись автомат Сбера - 2/",4,
35,Саша Кузнецов,2023-12-04 17:13:23,Быстрое обслуживание вежливый персонал,5,
36,Александр Алчинов,2024-02-24 04:53:45,Очень отзывчивый персонал. Минусов не обнаружил.,5,
37,Евгений Красавцев,2023-03-11 14:22:21,"Скажите, а как именно я должен был понять, что ваше отделение работает сегодня (11.03.23) по-особенному графику? Мне надо мониторить карты Яндекса, что бы знать это? Из-за ваших бездействий я не получил посылку из постамата…спасибо",1,
38,Вера К.,2024-02-06 13:26:34,"Обслуживание быстрое, но много народа.",5,
39,Диля Дилек,2022-06-12 22:41:04,"Хорошее обслуживание, вежливое отношение к клиентам, ответственный персонал, есть несколько банкоматов, что очень удобно, хорошее расположение.",5,
40,Anoramarket,2023-06-13 14:01:04,"Отличные сотрудники банка, вежливо и доходчиво доносят информацию до клиента, молодцы!!!",5,
41,Игорь Хныков,2024-04-10 18:18:02,Отличный банк всё хорошо работает,5,
42,Nik Torrauz,2023-07-31 11:27:12,Отличное отделение. Отправили здесь посылку родственникам. Через приложение офомлять выходит дешевле...,5,
43,A B,2021-12-09 03:36:31,"Пришли вчера вечером с семьёй отправить посылки в этом отделении. Мало того, что обслуживание было нереально долгим, так и ещё та девушка, которая нас обслуживала, была сильно больна! Насморк, бесконечный кашель, в общем, все как надо, для того, чтобы непременно идти на работу и контактировать с большим количеством людей! Как мы ни старались от неё отойти подальше (чтобы оформить посылку в приложении) , она все равно зачем-то приходила к нам через весь зал обслуживания клиентов, наклонялась над нами и заглядывала в телефоны, хотя мы быстрее без неё разобрались, что делать, чем она сама. Надеюсь, нам не достанется какой-нибудь подарок перед новым годом от этой сотрудницы в виде короны, гриппа или ещё чего-нибудь. Зачем руководство вообще допускает таких на работу - не ясно. Спасибо другой сотруднице, которая подсказала этой больной, как вообще оформлять посылки, иначе мы бы оттуда выбрались ближе к ночи.",1,
44,Арсений Воронов,2024-01-17 18:06:03,"Хорошие ,вежливые специалисты надеюсь не закроют",4,
45,Надежда,2023-07-26 19:37:13,"Внимательный персонал,быстрое обслуживание,ответы на все вопросы полно и доступно",5,
46,Алиса,2022-08-09 08:18:39,"Отвратиленьное обслуживание! Заблокировали мамину карту даже не спросив доверенность, хотя она была и забыла ее показать. Просто схитрила оператор и сказала платеж не проходит. Буду писать жалобу на персонал который доставил массу сложностей, вместо оплаты важного счета! Очень зла! Увидела уже уехав далеко, к сожалению. Пусть вам не спится!!!! Не советую ходить к этим бдительным кассиршам!!!",1,
47,Иван BBShina Москва,2024-02-16 14:23:07,"Очень старые банкоматы, тормозят и половина вечно не работает",1,
48,Юлия Косарева,2024-01-04 17:47:44,"Тихо, спокойно, нет больших очередей",5,
49,В Т,2023-10-31 12:32:20,Очень удобно. Рядом с домом,5,
50,Надежда Шумилова,2022-08-14 19:45:46,"Самые внимательные и вежливые сотрудники👍
Всегда очень подробно консультируют и стараются помочь в решении любого вопроса.",5,
51,Светлана Алпатова,2023-10-05 20:52:03,"Профессионалы!!!! Спасибо, можно решить любую проблему",5,
52,Максим Карамышев,2024-02-17 14:25:49,Всё очень быстро и удобно,5,
53,Барановский Максим,2022-07-14 20:32:39,"Парковка есть и это важно в Москве и Подмосковье, очень вежливый персонал, особенно на кассе, отличный банк,рекомендую.",5,
54,Елена Тихонова,2023-08-22 18:21:23,Очень вежливый и внимательный персонал. Решили все вопросы,5,
55,ВераБорисовна Ковшикова,2023-11-16 07:10:58,"Не перестану повторять что Сбербанк это самый плохой банк в России. Спасают его только стрессоустойчивые сотрудники, хотя помощи от них тоже как то мало",3,
56,Любовь,2022-10-22 17:22:18,"Будьте осторожны с банкоматами, иногда они не выдают деньги и пишут, что операция не возможна. Но деньги с карты снимаются. В этом случае не надо отходить от банкомата, требуйте помощь работника банка. Т. е. в воскресенье есть риск получить подобную проблему.",3,
57,алексей подколзин,2022-07-08 15:10:39,Дружный слаженый колектив время ожидония 005 мин очень удобно с профи приятно работать ул солнечная град московский,5,
58,Ivan G.,2023-06-06 15:24:20,04.06.23 18:23 За 40 минут талоны с буквой Д не взял ни один специалист. Обслуживают клиентов только по вопросам - вклады и платежи.,1,
59,Татьяна С.,2022-02-19 08:53:47,"19.02.2022 пришла взять выписку для военных, надо было взять и на ребёнка тк имеет карту с 14 лет, предоставила паспорт и паспорт ребёнка, справку давать отказали тк нужно присутствие ребёнка, хотя в банке втб достаточно было моего паспорта и ребёнка без проблем, в данном филиале пытались что-то объяснять но не смогли ответить, старшая отделения предлагала пройти в другое окно побеседовать, я пришла не беседовать а получить услугу, а точнее выписку. Перед тем как пройти по талон в 5 окно я спросила я получилу мне сказали да, но после оказалось что нет. Потрачено время и поведение старшей мне не понравилось.",1,
60,Лариса Ручкина,2021-05-19 20:49:19,"Хорошие специалисты, вежливые внимательные грамотные, удобное расположение и график работы, у банкоматов часто очередь, но быстро проворачивается т.к. их много и обычно все работают, выдача/прием пачками 2в1 ))",5,
61,Юлия Д.,2022-11-18 12:45:20,"Ташпулатова шахноза самый отвратительный сотрудник, бесполезный, постоянно отходит, ссылается на занятость, на деле советуется с начальством из-за незнания протокола действий, отказывает в обслуживании на основании собственной некомпетентности. 1",1,
62,I M,2022-02-03 13:12:58,"Иногда приходится долго ждать, но чаще всего сотрудники стараются быстро отпускать людей. Атмосфера приятная, работники простые и хорошие. Всё на уровне👍🏻",5,
63,Анонимный отзыв,2022-08-01 07:46:04,"Удивительно.Мы настолько отвыкли от человеческого отношения, что были сражены наповал.Очереди не было, сами работники набрали талон и очень вежливо пригласили.Все сделали быстро.Класс.",5,
64,Юра,2022-09-19 16:44:11,"Мой любимый отдел Сбербанка. Очень профессиональные сотрудники , особенно Анастасия Сергеевна. Очереди очень редко. Быстро решаю свои вопросы. Рядом есть кофе автомат. Рекомендую .",5,
65,Руслан Викторович,2023-09-21 13:05:53,"Хорошо работают, банкоматы выручают , в Граде их не так много.",5,
66,Ольга Щербакова,2024-01-23 17:19:33,Очень внимательные сотрудники,5,
67,Juliya Bichevina,2021-09-08 16:06:03,"Вообще все очень круто. Обстановка..атмосфера бомба! 10 баллов...🏆коллектив работает 
единой большой радостью для всех и для нас простых людей РФ.Спасибо",5,
68,Мария В.,2023-07-03 21:17:30,Хоошее отделение Сбера. Сотрудники внимательные и отзывчивые!,5,
69,Котиков Сергей,2021-10-26 08:45:46,"Хорошо что филиал открылся рядом с домом. Электронная очередь, расторопные девочки при входе. Электронная очередь, если вы в таковую попадёте, двигается быстро. Есть банкоматы на снятие и пополнение. Ну и весь пакет банковских услуг.",5,
70,Алексей Ник,2023-10-19 16:27:11,"Куча мала! В перекрестке вечно пахнет тухлой рыбой,запах которой пытаются маскировать хлоркой!",3,
71,Chess3242,2022-12-19 15:10:10,"Особая благодарность руководителю отделения Диане,всё чётко и профессионально.",5,
72,Гюлзда Керимова,2022-07-23 12:41:04,"Была 21 июля в сбере по поводу сбоя сбербанк онлайн. Подошёл молодой человек, поздоровался, представился и объяснил ситуацию. Очень вежливое и быстрое обслуживание. Я довольна.",5,
73,Ден Рачков,2022-11-20 11:31:05,"Ташпуталова Шахноза не адекватный сотрудник, когда задаешь вопрос не отвечает, постоянно куда-то отходит, очень испортила впечатление о банке в целом, сюда ни ногой.",1,
74,Сергей Ч,2023-03-13 18:16:21,"Так нормально, но появилис наши братья со Ср.Азии, тупят по вопросам ипотеки, нужно в банк вернуть русских",3,
75,Али Хасбулатов,2022-06-24 17:31:27,"Молодцы! Очень хорошо относятся к своей работе! Часто захожу к ним по работе, всегда встречают, помогают! 10из10",5,
76,Настя Никифорова,2022-06-30 11:25:31,"Отличное отделение Сбербанка. Всегда быстро, народу мало. Сотрудники очень хорошие.",5,
77,Manas Е.,2023-08-10 17:30:57,"Много людей. Нужно помещение побольше брать, этажом выше",5,
78,Юрий Борисов,2024-02-20 08:59:55,Отличное отделение! 👍,5,
79,ирина л.,2022-10-24 09:31:19,Очень хороший банк . Все сотрудники внимательные ! Пользуюсь только этим отделением . Спасибо,5,
80,Vadim Kosmakov,2023-03-26 07:17:42,Отличное отделение с очень хорошим коллективом!,5,
81,Владислав,2022-11-09 03:51:13,Этот пункт невозможно найти при оформлении посылки .Его нет на карте пунктов отправки Москвы и МО .Приходиться оформлять на месте .,3,
82,танЯ павлова,2024-01-23 18:10:51,Отличный Сбербанк,5,
83,Панда,2022-05-25 02:48:32,"Замечательное обслуживание. Помощь по всём вопросам. Персонал довольно вежлив не смотря на ""глупость"" Клиентов.",5,
84,Дмитрий Андреевич,2022-04-21 16:43:43,"Стали заниматься какой-то доставой, теперь как пункт выдачи заказов, сотрудники выдают посылки алиэкспресса. Забавно, но быстро. А в целом отделение новое, хорошее.",5,
85,Александр П,2022-02-07 19:54:56,"Сильно зависит от сотрудника, пару лет назад попал на вежливого ""бамбука"", а в общем ном, у Сбера вообще всё неплохо, и здесь в частности. Сотрудники с планшетами ходят помогаю, это гуд.",4,
86,Серж,2022-12-01 04:42:07,"Очередей нет, товары выдают быстро, банкоматов много, чисто",5,
87,Любовь,2024-03-04 05:56:26,"Быстро,спасибо!",5,
88,Наталия Симонова,2023-08-24 10:36:46,Если бы не количество иммигрантов там-цены бы не было,5,
89,Сергей Егоров,2023-10-15 12:43:49,"Хороший сбер,сотрудники супер",5,
90,Valentina Freeman's,2023-03-27 11:53:57,Внимательный персонал. Любой сложности вопросы решают.,5,
91,Мария Макарова,2021-12-23 15:02:43,"Совсем не думают о своих клиентах. Заказала карту на перевыпуск, должна была забрать, а филиал закрылся временно. Не позвонили, не предупредили, не передали карту в другой филиал. Пришлось опять перевыпускать. Уже неделю без карты. В нормальных банках так к клиентам не относятся.",1,
92,Елена,2023-06-17 06:03:17,Очень приятное место.спокойно и быстро,5,
93,Сергей Костромин,2023-12-30 18:48:16,Классные девченки,5,
94,Елена Л.,2022-01-11 12:01:22,"Очень хорошее отделение банка. Сотрудники просто супер, профессиональны, внимательны. Здесь доочке помогли оформить кредит""Знание-сила"".",5,
95,Свет,2023-05-13 17:06:48,Внимательный обслуживающий персонал.. без ответа ещё не уходила🤔😊,5,
96,Даниил Лещенко,2023-08-12 12:26:30,Хороший сбер быстрое обслуживание,5,
97,Александр А.,2023-05-29 14:25:43,Час просидел в окно 5 !!! Народу много работают медленно!!! Ужасно,1,
98,marina kuimova,2022-04-27 17:13:02,"В восторге от четкой профессиональной работы сотрудников этого отделения Сбербанка 
Очень помогли🤗",5,
99,Игорь Юрьевич,2022-09-21 13:00:47,"Открыли карту, выдали, но договор заключить забыли. Не смогли привятять телефон к системе Сбербанк Онлайн. Дно.",1,
100,Алексей Лексов,2023-07-08 16:23:50,"Были один раз,реквизиты счёта карты 200 руб.это жёстко!!!",5,
101,Михаил,2024-02-17 19:01:44,"Очень долгое обслуживание. И это при том, что в отделении никого!",4,
102,Сергей Аветисян,2023-08-07 05:05:59,"Очередей нет. 
Персонал вежливый.",4,
103,Vanuhi Sergoyan,2022-08-20 16:10:37,Приветливый персонал всегда готовы помочь при необходимости,5,
104,Мария З.,2022-08-15 06:09:13,"Хорошее отделение, удобный график работы, вежливые сотрудники",5,
105,М.К.,2023-04-24 13:22:30,"Хороший сбер, жалко не на первом этаже, за это сняла звезду.",4,
106,Ворона Линда,2021-05-12 13:06:42,"Мама пришла в это отделение, за перевыпущенной картой, так они ей страховку на планшете сами навязали. Она ничего не подписывала, пришла смс, что у вас страховка!!! Она вернулась, страховку убрали. Пока она шла домой ей позвонила сотрудница этого отделения и попросила проверить в приложении, так зайдя туда, опять автоматически подключилась страховка. ЧТО ЗА БРЕД ТАМ ТВОРИТСЯ!!!",1,
107,Ирина Полякова,2023-01-30 16:16:25,Всё хорошо! Чисто и аккуратно.,5,
108,Вероника Михайловна,2023-01-07 13:45:42,"Удобно быстро, чисто, понравилось.",5,
109,К,2020-09-27 22:00:06,"Очень удобное отделение. Очередей практически не бывает.
Замечательный персонал, всегда помогут и подскажут. 
Огромное спасибо за работу и комфорт !!",5,
110,Cергей Анатольевич,2021-09-21 17:54:05,Все внимательные и общительные. Выделил бы видимо их руководителя. Молодой парень ведёт прием всегда в первом окне. Очень внимательный в любом вопросе.,4,
111,Ilya Karavaev,2023-01-05 16:28:40,Очень вежливые и грамотные сотрудники,5,
112,Шепелева Анастасия,2021-07-08 05:49:08,"Не все сотрудники достаточно квалифицированы, хотя доброжелательны и искренне стараются помочь, но не хватает знаний и опыта.",4,
113,Родриго,2023-05-03 17:04:00,Очень доброжелательный персонал!,4,
114,тол с.,2023-06-20 16:32:24,Помогли . Все отлично,5,
115,Вероника Марочкина,2021-07-21 17:52:10,"Приятные сотрудники, все быстро, заказывали дебетовую карту онлайн. Жаль что пришла мастеркард а не мир и не позвонили когда сделали... Но это не было проблемой",5,
116,Masya Kurd,2022-09-08 11:31:37,"Была пару раз, попадала к заведующей отделением. Быстро, хорошо.",5,
117,Alexander,2023-01-16 21:27:43,Просто беспредел. Очередь - три человека сидят ждут приема 30-40 мин,3,
118,Ольчик ***,2023-10-31 16:28:26,Как и все),5,
119,Ballet Soul,2021-12-23 06:43:03,"Отличный офис, в котором можно оплатить квитанции или снять наличные. Приятно, что банкоматов несколько - очередей практически не бывает.",5,
120,Райся Хасьянова,2022-06-24 12:55:39,"Вежливый персонал внимательные ответят на все вопросы,предложат помощь",5,
121,Nemezida,2023-05-22 17:05:36,"Хорошее отделение, обслуживание.",5,
122,Камила,2021-02-18 13:14:20,"Быстрое обслуживание, стопроцентная помощь клиенту. Благо есть постоянные сотрудники ,т.е. всегда есть знакомые лица. Принципиально не меняю филиал , даже когда это территориально не очень то удобно , т.к. не хочу портить себе нервы. А тут всё круто-пришел, получил всё ,что нужно, ушёл!!!",5,
123,А.К.,2022-08-30 00:17:21,Хорошее отделение с очень грамотными специалистами!,5,
124,Katerina,2022-10-31 21:18:38,Очень хороший персонал. Люблю это отделение)),5,
125,Александр Тарасов,2024-03-23 13:34:20,Молодцы,5,
126,Anna A.,2021-12-11 10:36:35,"Пришла поменять монеты, ждала пол часа если не больше, вперёд меня пропустили 3 человека, которые пришли позже! Отвратительное обслуживание!",1,
127,Николай Кузнецов,2023-09-18 16:44:00,Вежливые сотрудники,5,
128,860188 Ямилова,2022-01-24 06:15:31,"Очень вежливый персонал!!!
Всё грамотно ! Время ожидания не больше пяти минут.",5,
129,Антон П.,2021-09-10 14:54:17,"Удобное расположение, приветливые сотрудники, всегда готовы родсказать",5,
130,Евгений Толпеко,2023-02-26 20:25:10,Отличный колектив профессионалов.,5,
131,Светлана,2020-10-19 15:39:54,"Устала спорить с роботом по телефону и в ЛК, приехала сюда. Впечатление от живых сотрудников: быстро, профессионально, доброжелательно. Спасибо. А вот тупого робота уволить, или усовершенствовать - после него возникает желание сбежать в Тинькофф",5,
132,Анонимный отзыв,2021-10-17 06:09:34,Большие очереди из-за маленького количества автоматов.много автоматов сломанных. Сбербанк не смотрит за состоянием техники,2,
133,Анастасия Боярская,2022-11-08 15:05:51,Отличное отделение. Можно сказать Доброе!,5,
134,Маргарита Б,2021-06-24 17:25:44,"У меня сложилось мнение, что тут работают новички или стажеры. Обслуживание у менеджеров очень медленное, и иногда даже не могут ответить на вопрос, идут консультироваться к товарищам.",3,
135,Анастасия,2022-02-09 21:22:38,"Персонал приветлив, много банкоматов но в них все равно много народу.",5,
136,Рахат Ы.,2023-06-15 18:19:12,Отличное обслуживание,5,
137,Светлана Уткина,2024-02-01 22:05:54,Лучший во всем районе,5,
138,Мишель К.,2020-11-22 15:41:02,"На входе в отделение неадекватные/некомпетентные специалисты! Не вникают в проблему и просьбу. Сразу же напрягают предложениями: кредит, рассрочка, займы. Поэтому проходите в зал, объяснив, что Вам надо именно к исполнителям. 
 Операционисты работают нормально, адекватно.
 Есть парковка.",3,
139,Добродед,2023-02-26 12:30:46,"Удобное расположение, вежливый персонал.",5,
140,Ekaterina Otstavnova,2021-09-07 09:19:25,Как классно что его открыли. Удобно расположен и почти без очередей,5,
141,nevedlovskaya@mail.ru,2021-10-05 16:43:06,"Не люблю сюда ходить, очень медленное обслуживание и не успеваешь выйти, как тлф твой слили и тебе уже кто-нибудь звонит((",2,
142,Evgeny,2022-05-18 17:18:05,Филиал в шаговой доступности в спальном районе.,4,
143,Владимир Ермишкин,2023-04-06 02:47:17,Вежливые консультанты.,5,
144,Ирина Баранова,2020-07-21 10:18:12,"Очень понравилось обслуживание! Все сотрудники вежливые, приветливые, помогают и подсказывают. Спасибо.",5,
145,Эльдар А.,2023-07-13 18:43:41,Молодцы просто,5,
146,Ирина Никалина,2023-07-29 07:30:15,Есть банкомат,4,
147,Виктор Д.,2022-02-01 14:54:35,"3 окна свободных, сидят бумажки перекладывают с места на место, вместо обслуживания клиентов",1,
148,coblico,2022-05-29 18:12:58,В целом норм. Только зачем на втором этаже... Лишние телодвижения...,4,
149,лена ермак,2021-05-13 11:02:56,Единственное отделение банка в Граде. Обслуживание хорошее. Есть несколько банкоматов на снятие и оплату,5,
150,Андрей Шумейко,2022-04-24 20:48:36,"Обычное отделение сбербанка, обычные очереди чтобы получить карту",4,
151,Виктория Цирекидзе,2020-04-07 14:38:51,Хорошее современное отделение Сбербанка. Быстрое обслуживание! Доброжелательные и профессиональные сотрудники!,5,
152,Мария Гужаковская,2022-08-21 12:59:40,Хороший Сбербанк и персонал тоже,5,
153,akmal t,2023-07-29 17:13:43,Удобно,5,
154,Елизавета Кольца,2022-01-14 12:30:27,Банкомат прекрасно справился со своей задачей😹👍🏼,5,
155,Наира Галстян,2023-02-26 21:33:28,Хорошое обслужевание,5,
156,Александр Сидоренко,2022-02-10 18:08:15,"Отличный сервис, внимательные сотрудники",5,
157,Лариса Баканова,2023-02-11 16:53:41,Нравится там всё.,5,
158,Игорь Гнатенко,2022-01-13 18:16:13,"Всё удобно, комфортно и быстро",5,
159,Вера Броун,2018-05-10 10:41:11,Здравствуйте ! Очень хотелось бы отметить работу открывшегося в Граде отделения Сбербанка -Жители Града ждали открытия отделения Сбербанка с 2010 года-недавно открытое отделение на Солнечной 3 покорило жителей нашего микрорайона-сотрудники отделения уникально вежливы-очень позитивны-возникшие вопросы решают очень быстро и профессионально-особенно хочется отметить сотрудников Ширякина Антона-Товмасян Соню-Ахромову Анну-=я выражаю им огромную благодарность за слаженную работу-вежливость и быстрое решение моих вопросов===,5,
160,Irina Goncharuk,2021-09-30 09:04:20,Очень внимательные сотрудники) быстро обслуживают!,5,
161,Елена Суркова,2019-11-24 17:45:47,"Отделение находится рядом с домом, консультанты очень доброжелательные и всегда помогают в решении наших проблем.",5,
162,ДНССЕРВИС.РФ,2021-09-22 11:36:19,Сбер как сбер. Ничего особенного. Стандарты сбера на высоте. Что тут говорить.,5,
163,JL,2021-08-26 07:55:06,"В общем неплохо, только почему то когда мало народу- много операторов и наоборот",4,
164,Александр,2022-09-20 16:21:40,Обсуждение отличное,5,
165,Роман Свирчевский,2021-06-09 06:00:30,"В целом нормально, но про ""нюансы"" того, что заявку на кредит можно подавать только один раз в два месяца руководитель отделения могла бы и до подачи заявления предупредить.",3,
166,Ксения Кобец,2021-03-10 14:26:00,заключила договор на страхования и не могу добиться от них самого текста договора!!! уже устала жаловаться,1,
167,Alla Nazarova,2021-10-02 09:06:22,"Отзывчивые сотрудники, когда я была людей практически не было 😊",5,
168,Григорий Матвеев,2020-11-10 07:14:53,"Тихо, быстро, вежливо и профессионально . Что еще нужно?",5,
169,Юрий,2020-10-10 13:53:09,"Некорректно указано время работы в субботу, работают до 16:30, хотя в Яндексе указано до 17:00. Зря ходил в итоге",2,
170,Николай Швецов,2020-02-08 12:05:02,"Про ипотеку хотел узнать. Специалист когда узнал что я не за оформлением, а просто узнать, потерял всякий интерес ко мне. Было не очень приятно это наблюдать",3,
171,Максим С.,2019-10-15 12:58:08,"стандартное отделение сбербанка. есть претензии к операторам, но в пределах разумного. А вот из 5 банкоматов в предбаннике половина стандартно не работает. Поэтому очереди постоянно.",4,
172,Юлия Громова,2020-01-01 21:40:18,Хороший филиал все сотрудники замечательные и отзывчивые рекомендую всем,5,
173,Тайсон Кот,2021-04-24 04:01:14,"Очень быстро, очень вежливые сотрудницы !!!!!",5,
174,Вячеслав Захаров,2021-11-14 13:26:03,"хорошее место,не много народа",5,
175,Алекс,2022-01-10 20:52:44,Без замечаний. Низкие савки по вкладам.,5,
176,Ilya Heyley,2022-07-24 16:49:56,Почти нет очереди,5,
177,игорь нестеров,2021-05-02 13:28:51,Сборище кредиторов и менял. Очень плохое место для головы и кошелька.,1,
178,Ольга Чолак,2019-12-03 10:33:49,"Не довольна работой сотрудников.Заблокировали карту,не предупредив,что новая карта готова будет через 4 дня.Да и ещё не предупредили о том,что услуга платная.",1,
179,Юлия Золушка,2020-04-15 17:25:57,"Операторы всегда вежливы, обслуживают быстро. Банкоматы не всегда работают, к сожалению.",5,
180,Александр М.,2021-11-20 17:00:20,Чуткие сотрудники. Пять балов!,5,
181,Aida Maatova,2023-01-03 17:06:24,Все ок,5,
182,AJ,2021-05-18 12:09:19,Лучшее отделение Сбера. Выжливые и компетентные сотрудники. Нет огромных очередей.,5,
183,Oksana Zacepina,2021-01-16 12:29:36,"Удобно, качество образования на высоте!",5,
184,Анонимный отзыв,2019-12-29 19:16:12,"очередей нет, штук 5 банкоматов, всегда спрашивают нужна ли помощь, просторное помещение летом кондиционируемое..",5,
185,Марк,2021-04-08 17:08:11,Отзывчивый персонал. Всегда помогут.,5,
186,Елена Исмаилова,2022-07-05 17:38:33,Жуткие очереди,1,
187,Ярослав,2021-05-03 08:44:59,Всё хорошо. Банкоматов достаточно),5,
188,"Варвара. ""Время Детства""",2019-08-15 19:20:49,"Почти всегда очень много народу.
Но это обусловлено большой плотностью населения и одним отделением банка на весь микрорайон, а то и несколько .",4,
189,Михаил Ш.,2019-11-22 07:20:00,"Отвратительный банк!! Отделение не хочет работать вообще, отмазки придумывают, что надо ехать в центральный офис, хотя потом подал заявление в другом отделение банка!!!",1,
190,александр,2021-07-27 09:28:24,"Мало народу, отзывчивый персонал.",5,
191,Чаечка,2022-10-15 09:36:44,Сбербанк),5,
192,Dmitry C.,2021-04-10 22:08:28,"Невнимательный персонал, постоянно занятый своими проблемами.",1,
193,Сергей,2021-11-02 13:48:22,Большие очереди . Ожидание по 30 мин,3,
194,Сергей,2021-09-07 15:50:11,Удобно рядом с домом!,5,
195,Месяц Июль,2021-06-09 13:22:42,Приятное и оперативное обсуждение,5,
196,Юлия Ж.,2020-10-26 14:14:15,"Быстро,четко.....как всегда в Сбербанке",5,
197,Илья,2021-09-30 16:26:50,"Хамоватые сотрудники, обшарпаный офис",1,
198,Карина Данильян,2019-10-03 12:58:53,"Удобное расположение, вежливый персонал -всегда подскажут!",5,
199,Восток Юг,2022-07-06 04:54:38,"Хорошый персонал, отзывчивый!",5,
200,Елена Котл,2020-08-08 16:12:42,Не всегда работают все банкоматы. Персонал вежливый!,4,
201,назиржон абдупаттаев,2021-05-07 08:58:38,Сотрудники работают отлично,5,
202,Ann Петри,2021-12-05 11:25:49,Мало людей. Удобно,5,
203,Василий Сергиенко,2021-05-22 06:26:08,Рядом с домом. Внимательно обслуживают. Пока альтернативы нет.,5,
204,Николай Костюков,2020-01-27 14:11:32,"Великолепное обслуживание,хорошая деловая атмосфера!",5,
205,Diana Gor,2020-04-05 05:52:31,"Современный, очереди нет, все быстро и хорошо",5,
206,Анастасия Нестерова,2020-08-09 12:28:32,"Раньше был круглосуточно, сейчас нет, а так хорошо работает",4,
207,Нина S.,2020-07-25 23:22:50,"Работники отделения - неравнодушные люди, постоянно помогают своим клиентам.",5,
208,Эльмира Рахимова,2019-08-23 02:35:56,"Около дома, Персонал всегда помогает, доброжелатеьный, отзывчивый",5,
209,Александр Вавичкин,2021-09-06 17:18:17,Обыкновенный офис Сбербанка,4,
210,Дмитрий Фролов,2021-06-25 17:47:31,Сбербанк он и есть Сбербанк.,5,
211,Наталья Наталья,2020-03-05 20:07:16,Самые приветливые и доброжелательные специалисты!,5,
212,Семнара Талибова,2021-07-05 07:26:31,Выгодные условия по кредитам,5,
213,Федор,2020-03-25 19:41:07,отделение сбербанка полностью удовлетворяющее потребности местного населения.,5,
214,sushigradmsk.ru,2021-05-06 14:35:27,"Вежливое обслуживание, много банкоматов😊",5,
215,Тоха,2022-11-08 12:07:30,Обычный сбербанк,5,
216,Геннадий Филимонов,2020-08-10 10:33:22,"Быстрое обслуживание, вежливые сотрудники.",4,
217,Константин Романов,2021-09-14 07:50:05,Очереди в банкоматы.,4,
218,Иван Приказчиков,2022-01-24 17:35:08,Обычный Сбер,5,
219,Инна Инна,2019-09-19 06:25:46,"Ну это уже не те старые времена . Все быстро, чётко! Никаких очередей. Молодцы!",5,
220,Любовь Реукова,2021-11-13 05:05:00,Отличный банк,5,
221,Владимир,2019-07-30 08:08:12,"отлично, компактный офис,банкоматы, все чт онадо базово - тут можно сделать",5,
222,Антон Ершов,2019-12-01 11:32:04,"Обычное отделение, радует что народу не очень много",5,
223,Алексей Новокшонов,2019-12-09 15:04:22,Быстрое обслуживание и вежливые сотрудники.,4,
224,Михайлова Лаура С.,2019-07-20 08:19:43,Работают в субботу - удобно! Быстрое обслуживание!,5,
225,Седико Г.,2019-10-20 10:04:05,Являюсь постоянным клиентом этого банка. Обслуживание всегда на высоте.,5,
226,Артём К.,2021-03-07 23:27:48,Удобное отделение банка,5,
227,Кристина Вешнякова,2021-04-08 19:10:45,Нормальный банк! Вежливо обслуживают!,5,
228,Наталия,2021-04-30 09:43:17,Хорошие сотрудники,5,
229,Денис И,2020-04-20 12:21:01,Не квалифицированные сотрудники отдела ПК...,1,
230,Константин С.,2020-09-29 16:33:06,Стараются некоторые сотрудники,5,
231,Додошка,2020-06-19 14:49:35,Супер что вы есть ветом раионе,5,
232,Ziyodullo T.,2021-12-22 09:18:16,Молодцы,5,
233,Vladislav Zhuk,2019-11-16 08:48:48,"Обычеое отделение сбербанка, персонал готов помочь и подсказать, что куда.",5,
234,денис мурашко,2021-04-14 14:13:53,Банк как банк!,5,
235,Дмитрий,2020-04-22 14:23:29,Единственный на весь микрорайон.,5,
236,Анонимный отзыв,2021-11-04 17:33:59,Хорошо что он есть,5,
237,Наталья,2019-08-24 03:13:48,"Быстрое обслуживание, все четко, конкретно",5,
238,Дмитрий Попович,2020-02-09 15:27:20,Быстрое обслуживание ждать долго не приходится,5,
239,Амина Магомедовна,2020-11-18 15:03:09,Хорошее отделение,5,
240,Misterio,2021-07-09 08:50:05,Это уже практически дно друзья …,1,
241,Максим Байдаков,2020-10-05 12:12:54,Не всегда работают все банкоматы (5 шт),3,
242,Justas Alex,2019-08-11 06:18:00,"Отделение на втором этаже.
Сам центр безтолковый.",5,
243,Дмитрий Смирнов,2021-07-31 18:56:34,Хорошо,4,
244,Егор Т.,2018-09-27 08:02:39,Замечательное отделение с хорошим обслуживанием.,5,
245,Oleg COLONEL,2020-07-19 10:46:46,Не много народа,5,
246,Мария И.,2019-08-01 08:11:52,Один минус - очень много народу!,4,
247,Сергей,2019-10-07 08:23:42,Отличный банк. Очередей нет.,5,
248,Валентина Поворова,2021-04-05 07:15:27,Нормально,5,
249,Евгений Тавкинь,2021-05-03 10:16:15,Обычный,3,
250,Chaihana-24,2019-10-13 19:28:03,Удобно расположена,5,
251,Алексей Соломатин,2018-08-13 16:22:19,Хорошее обслуживание клиентов в Сбербанке. Спасибо,5,
252,HS,2020-09-19 13:22:02,Хорошее место,5,
253,ИСА,2019-10-08 07:11:42,Все отлично тут,5,
254,*** ***,2021-01-28 21:38:14,Очередь как в мавзолей,3,
255,SS,2019-08-20 17:57:06,Сбербанк худший банк очереди денег в кассах нет в банкоматах тоже,1,
256,Пудло.дмитрий.витальовыч,2019-12-03 09:35:04,Я доверяю сбербанку,5,
257,Виталий Плетников,2020-04-04 21:08:50,Все отлично,5,
258,LR,2018-04-09 13:00:29,"Всё хорошо. Единственный минус - неинформативное табло очереди. То, что загорается красным - не видно",4,
259,дмитрий иванович,2020-07-01 07:13:30,Как везде!,5,
260,Anahit A.,2019-11-13 12:04:23,Хорошый сбербанк,5,
261,Алексей Малышев,2018-03-14 07:08:21,Все очень хорошо и удобно.,5,
262,Людмила,2018-07-28 00:13:49,обучайте персонал.,2,
