,name,date,text,stars,answer
0,Андрей Оверченко,2024-03-12 09:52:23,"Отличный банк, лучшие кредитные и дебетовые карты с кэшбэком, удобное приложение. Сам офис на 5+, вежливый и отзывчивый персонал. Огромное спасибо специалисту Татьяне, всё быстро и профессионально сделала.",5,
1,Татьяна Ильиных,2024-03-18 18:48:08,"Долго искала, на картах отображается некорректно. В офисе, приятная атмосфера. По времени приняли быстро, проконсультировали грамотно. Благодарю за компетентность. Рекомендую.",4,
2,Игорь Бакумов,2024-04-26 04:06:22,"Не советую , вы не успеете выйти с офиса , вас уже обсуждают,Банк заморозил мои деньги, и толком не хочет отдавать , не советую ,",1,"Здравствуйте!
Удивлены прочитанным. Всегда стремимся помочь и предоставить качественное обслуживание.
Напишите ваши ФИО, дату рождения и подробнее о ситуации на нашу почту smm@alfabank.ru
В письме прикрепите скриншот отзыва, поможем разобраться."
3,Юлия Сопрунова,2024-04-08 18:12:58,Новый современный офис,5,
4,Бабошин Василий,2024-02-27 18:01:07,Всегда без очереди!!!,5,
5,Светлана Цынгеева,2023-12-16 03:27:37,Хорошее обслуживание,5,
6,Ервант Нубарян,2024-03-01 19:38:15,Все быстро,5,
7,Данил Блинов,2024-02-25 17:23:59,сделали карту за 10 минут 👍,5,
