,name,date,text,stars,answer
0,Мария Галкина,2024-04-07 12:10:40,"Мне нравится, что Альфа-банк ставит в преоритет обслуживание клиентов. И не просто обслуживание, а качественный сервис. Я приехала сюда впервые относительно недавно. Мне нужно было оперативно перевыпустить дебетовую карту. Очереди были и я подумала все, застряла тут. Но уже минут через 7 сотрудник освободился, объяснил мне как можно перевыпускать карты прям в приложении банка. В итоге новый пластик на руках через 15 минут)",5,
1,Фёдор Симонов,2024-03-19 18:54:49,"В это отделение банка всегда хочется возвращаться, потому что здесь с порога встречают приветливые сотрудники. Всегда очень доброжелательные, приветливые, очень быстро реагируют и решают все вопросы. Я благодарю вас за такое отношение к работе, всегда из банка выхожу в приподнятом настроении и с решенным вопросом 😊😊😊",5,
2,Кристина Абдуллаева,2023-09-11 00:46:50,"Мне нравится атмосфера, царящая в офисе. Все стильно и лаконично оформлено, сотрудники безупречно одеты и всегда вежливы. Хотя на самом деле я не так уж часто посещаю офис. Служба поддержки приложения очень хорошая и работает оперативно.",5,
3,Галина Бочарова,2024-04-23 18:45:01,"Удачно пришла сюда чтоб карту получить, отличное обслуживание без проволочек и негативного осадка после выхода домой. Мне не только карту выдали но и помогли оформить Альфа-стикер для удобства использования банка. Кешбек сохраняется, а если тратить десятку в месяц то обслуживание продукта бесплатное. Здорово что банк ничего не скрывает",5,
4,Светлана Иванченко,2024-03-13 11:01:40,Хороший филиал нового современного формата. В этом офисе получала свою карточку. Все быстро и без задержек. Еще повезло что в очереди не пришлось ждать. Хотя в таком кресле я б посидела подольше и предложенный кофе оказался вкусным),5,
5,Елена Дубровина,2024-01-09 06:46:09,"Трудно было проверить, что кредитка может быть выгодной да еще и целый год без процентов, по итогу оказалось правдой. Офомляла семь месяцев назад, в первые пару дней купила телевизор и понемногу выплачиваю, ни копейки за это время не накрутили))",5,
6,Лариса Роговая,2024-03-11 10:02:43,"Сегодня 11.03.24.пришла в альфа банк г.Туапсе,являлюсь клиентом этого банка.Пришла получить вознаграждения,за то что месяц назад привела им клиента.Оказалось полный обман,завликаловка!Сотрудник неправильно мне всё объяснил,в итоге я не получила свои финансовые бонусы! Заведующая банком-Кислица Татьяна Анатольевна, меня тоже корректно отфутболила! Разочарование банком полное,просто обман!",1,"Лариса, здравствуйте! 
Очень удивлены прочитанным, на нас это непохоже 😔 
Простите за такой опыт. Напишите, пожалуйста, нам на почту: smm@alfabank.ru ФИО, дату рождения, а также приложите скриншот отзыва. В теме укажите Жалоба. Яндекс. Лариса Роговая. Всё проверим и разберёмся."
7,Оксана Щербакова,2024-04-23 14:06:43,"Нравится обслуживание в данном конкретном отделении. От раза к разу уровень сервиса не падает, сотрудники вежливы, учтивы и заинтересованы в оказании услуг. Ценю в банке стабильность, нет ни одной мысли что завтра будет по-другому",5,
8,ВИ Сидорова,2024-01-23 14:07:37,"Подход к клиенту всегда найдут. Я клиентка привередливая на самом деле, но альфа полностью соответствует моим запросам во всем, что касается качества их сервиса и условий по кредитным продуктам",5,
9,Светлана С.,2023-11-09 18:54:02,"Отношение представителя желает лучшего. Приехала, остановилась не пойми где… искали! Она оказывается не имеет желания заезжать во двор многоэтажного дома. Сказала, что она не таксист и не намерена подъезжать к подъезду указанного дома. Хотя при оформлении карты указывали дом, подъезд. Может еще а соседнем районе мне ее поискать, а не по указанному для нее же адресу",1,"Здравствуйте, Светлана!
Удивлены прочитанному 😳 
Нам очень жаль, что вы столкнулись с негативным опытом и потратили личное время.
Со своей стороны гарантируем, что проведём полную проверку и примем меры. Извините нас."
10,Людмила З,2023-12-12 18:19:26,Что можно сказать о банке?.. Его плюсы и минусы смотрите в интернете. Для нашей семьи подходит. Могу сказать о персонале: работают грамотные специалисты. Вежливое отношение к клиентам.,5,
11,Игорь Кудрявцев,2024-02-13 14:49:50,"Когда то я работал с другим банком, но там начали что-то мутить с условиями РКО, перевел счет в Альфу и только тут понял, что реально потерял много времени из-за того, что раньше этого не сделал. Альфа очень удобен для ведения бизнеса",5,
12,Геннадий Романов,2024-04-11 10:23:22,"На сайте банка получил одобрение на кредит. Потом пошел в этот филиал чтобы подписать договор. Тут быстро приняли, без проблем. Очередь минут десять. Подписал бумаги, и получил карту, на которую банк перевел сумму по кредиту. Быстро!",5,
13,Рита Кашапова,2024-01-20 18:51:05,Хочу выразить благоларность за профессиональные консультации менеджеров. При возникновении вопросов по кредитной карте я получила развернутые и понятные ответы.,5,
14,Максим Харченко,2023-07-26 15:05:36,"На самом деле если грамотно подойти к делу и зайти в офис или просто хотябы на сайт в отдел кредитных карт, то можно заметить что любой человек исходя из цели траты кредитных денег с карты, может найти свою выгоду. Например, в прошлом году я знал что хочу купить в МВидео телек, робот пылесос так я и оформил карту которая называется Альфа МВидео. Сейчас есть и в продуктовый магазин и путешествие, люди читайте информацию!",5,
15,Ильсур Ахметзянов,2023-03-09 17:03:31,Хороший банк аккуратно чистенько сотрудники есть очень хорошие очень компетентно готовы помочь во всех вопросах но есть сотрудники которые толи недавно работает толи что-то не то но лучше не попадаться,5,
16,София Артамонова,2024-04-15 13:24:23,"Очередей тут не замечала, хоть и захожу в основном чтоб просто банкоматами воспользоваться. Они работают круглосуточно и на моей памяти ни разу не сбоили)",5,
17,Алексей,2023-09-12 11:11:12,"""Девочки умницы работают. Всё знают. Всё умеют. Замечательный персонал. Работает электронная очередь."" - так я писал раньше и ставил 5 звёзд. Теперь только 3 звезды, так как электронная очередь больше не работает. Огромная живая очередь в единственное работающее окошко.",3,"Здравствуйте, Алексей!

Пожалуйста, расскажите подробнее о своём опыте, написав на почту: smm@alfabank.ru. 

В теме укажите: Очередь и долгое ожидание в офисе / Яндекс Карты / Алексей. В тело письма вложите скриншот отзыва, а также ваши ФИО и дату рождения. 

Всё проверим и примем меры."
18,Василий Штифанов,2023-07-25 15:50:29,"Классное отделение банка. Красиво все сделано. Для людей все организовано. Очередей нет, очень удобно посещать. Вежливые работники. Рекомендую.",5,
19,Анатолий Федотов,2023-12-19 12:38:38,"Возникли вопросы касательно кредитки, получил грамотный ответ специалиста. Оформили быстро, банк еще и лимит весь что нужно было одобрил. А карту привез курьер)",5,
20,Самир Осипенко,2023-10-15 19:04:15,"Альфа-банк - это не только банк, но и надежный партнер, всегда приходящий на помощь своим клиентам и их бизнесу. Заявка на кредит была подана мной, и её одобрение пришло всего за несколько часов. Профессионализм и оперативность сотрудников банка - это то, что я высоко ценю.",5,
21,Лина Андреева,2023-09-27 16:44:52,"Атмосфера в отделении приятная. Хотя я редко бываю там, предпочитая пользоваться мобильным приложением, но каждый раз, заходя, я получаю удовольствие от этого визита.",5,
22,Асташкин Сергей Олегович,2023-09-23 21:36:02,"Я конечно не клиент данного банка, но как то надо было просто внести деньги на счёт отца. Посидел там около часа, прождал какую-то сотрудницу. Потом не выдержал, ушёл, когда пришёл второй раз, потратил на эту процедуру ещё полчаса. Хотя проще операции придумать нельзя. Ну и график работы только по будням и до 18 , конечно очень неудобен. Либо отпрашивайся с работы, либо в банк тебе не попасть.",2,"Здравствуйте, Сергей.
Простите, что заставили вас ждать. Проверим работу коллег и постараемся работать быстрее."
23,юрий о.,2023-12-30 19:47:14,Обслуживание на высоте.Персонал очень внимательный.Отношение к клиентам доброжелательное.,5,
24,Лев Уральский,2023-09-21 17:47:03,"Хотел бы выразить благодарность сотруднику Агеевой Ольге по работе с юр лицами, нам срочно понадобилась помощь когда мы были на отдыхе, самое интересное что мы сами не знали что нам нужно, Ольга во всем разобралась помогла и в итоге мы заработали. Спасибо Альфа Банк.",5,
25,humanBG humanBG,2024-01-12 11:17:00,"Возникла проблема с доступом к расчётном счету. Всё решили очень быстро, сервис на уровне. Рекомендую",5,
26,Владимир,2023-04-11 12:02:23,"Быстрое обслуживание и внимательное отношение к клиентам. 
Вежливый персонал. Качественное и профессиональное решение вопросов. Всё отлично.",5,
27,артур чеботарев,2023-12-27 09:03:26,Мне нравится альфа банк с наступающим вас с новым 2024 годом!!! И счастливого волшебства!!!!,5,
28,Илья Колесников,2023-09-13 15:42:21,"Достаточно выгодные условия по кредиту. Мне помог представитель банка за несколько минут. Подобрал и рассчитал лучший для меня вариант. Все подробно, без спешки и обмана",5,
29,Светлана К.,2023-09-30 09:32:02,"Я являюсь клиентом Альфа банка уже многие годы, и по-прежнему убеждена, что это один из лучших банков. Это связано с многими факторами, но главный из них - высокий уровень обслуживания и профессионализм сотрудников.",5,
30,Ольга Шелеметьева,2023-11-30 13:41:39,"Отличное отделение, удобный график работы, оперативные консультанты, готовые ответить на любые вопросы. Рекомендую всем, останетесь довольны!",5,
31,Екатерина Вас,2023-08-21 13:57:36,"Лучше покупать цветы, ходить в салон и рестораны которые партнеры банка. Через них всегда всё дешевле и скидки стабильно",5,
32,Аделя Макарова,2024-02-14 15:42:27,"Обслуживание на высшем уровне, персонал банка всегда готов помочь. Приятно видеть, что сотрудники проходят обучение, это говорит о профессионализме. Большое спасибо!",5,
33,Андрей,2023-10-01 16:09:27,"Очень долго ждать пришлось, хотя очередей особо и не было , заехал проездом , в целом помогли решить проблему , но не до конца :) связь в отделении плохая еще , смс через раз приходят.",4,"Здравствуйте, Андрей.
Скорость обслуживания зависит как от количества сотрудников и клиентов, так и от сложности вопросов. Всегда стараемся сократить время ожидания, насколько это возможно. Увы, на качество связи вашего сотового оператора никак повлиять не сможем."
34,Павел Баранов,2023-10-23 13:30:53,"Пользуемся банком с женой. Отмечаю, что банк ориентирован на клиентов и непытается использовать нас в своих интересах.Нас не беспокоят назойливыми телефонными звонками.",5,
35,Анна Демидова,2024-02-18 15:29:04,"Отличное обслуживание, особенно хочу выразить благодарность внимательной администратору зала. Большое спасибо вам за вашу работу!",5,
36,Алёна Ганиева,2023-09-10 19:28:27,"Вот что значит современный банк, операторы обучены и приожение настроены так хорошо,, что большинство вопросов можно решить не выходя из дома, онлайн, мне удобно так",5,
37,Игорь,2023-06-01 18:21:38,"Круглосуточные банкоматы, удобное место в центре города. Сам сервис также на высоте, максимум удобств для клиентов!",5,
38,Ольга Андрианова,2024-01-31 17:03:43,Уникальное отделение с профессиональными и дружелюбными сотрудниками. Я получила всю необходимую информацию для обоснованного решения относительно вклада.,5,
39,денис,2023-09-20 18:06:26,"Обслуживание в данном офисе всегда приятное .Сотрудники здесь вежливы и готовы помочь при оформлении документов.Личное посещение всегда предпочтительнее для меня ,хотя есть и телефоническая связь.",5,
40,Ольга,2024-01-12 13:45:35,"Быстрое обслуживание и хорошее ,внимательное отношение к клиентам.",5,
41,РусБелТа,2022-07-02 13:52:05,"Удобное расположение оыиса. Комфортная атмосфера, доброжелательные, внимательные сотрудники - настоящие профессионалы своего дела. Кулер с водой, удобные диваны. Спасибо!",5,
42,Илья Лобриков,2023-09-12 09:40:26,Оформили тут кредит на небольшую сумму. Представитель банка помогал. Все разобрал вместе с нами. Несколько минут и бумаги в порядке. а одобрение пришло уже вечером,5,
43,Дания Кенжебаева,2024-03-12 19:24:04,"Лично я и моя семья очень довольны работой Альфа Банка. Сотрудники в отделениях всегда вежливы 
и понимающи к проблемам клиента. Спасибо вам за вашу работу!",5,
44,Платон Жуков,2023-08-31 14:21:02,"Альфа банк предлагает высокий уровень безопасности для своих клиентов. Я могу быть уверен, что мои финансовые данные защищены от несанкционированного доступа.",5,
45,Арина Красотка,2023-09-28 18:23:45,"Раньше я сама выбирала валюту. Сейчас по объективным причинам выбора нет. Либо рубль, либо забирай оставшуюся на карте валюту в банке через сотрудника",5,
46,маринэ,2023-01-20 10:56:07,"Никогда не возникало проблем по обслуживанию. Обращалась к ним несколько раз за кредитом, все решалось очень быстро и качественно. А какой выбор продуктов есть на сайте! Очень удобно.",5,
47,Елизавета Смирнова,2023-12-21 16:42:53,"Оформление прошло быстро и качественно, все в соответствии с договором. В офис пришлось приехать только один раз, все прозрачно и понятно.",5,
48,Алена С.,2024-03-20 10:49:11,Ужас . Работает 1 специалист и то который ушел. И сидишь ждёшь пока начнут двигаться.,1,"Здравствуйте, Алена.

Каждый сотрудник занимается решением определённых задач. Во время большой нагрузки время ожидания увеличено. Делаем всё возможное для сокращения времени ожидания."
49,Валик Голубев,2023-08-28 17:56:49,Я получил кредитную карту с низкой процентной ставкой и без ежегодной платы за обслуживание в Альфа банке. Они предлагают отличные условия для своих клиентов.,5,
50,Гена Беляев,2023-09-01 22:13:19,"Банк предоставляет удобные онлайн-инструменты для управления своими счетами. Я могу проверять баланс, совершать переводы и оплачивать счета через интернет.",5,
51,Сергей Касумян,2023-12-16 06:56:01,Самый непонятный банк. 13 одобрения кроме альфы. Карту взять целая проблема. Постоянная очередь.,1,"Здравствуйте, Сергей!
При рассмотрении заявок учитываем много разных факторов, поэтому гарантировать стопроцентное одобрение не можем. 

Простите, что пришлось ожидать. Будем стараться работать быстрее."
52,Алина Л,2024-04-29 17:01:58,"Часто посещаю отделение, и довольна обслуживанием. Персонал всегда рядом и готов помочь с улыбкой.",5,
53,Галина А.,2023-07-21 07:34:17,"Очень понравилось обслуживание, очевидно банк старается держать планку и это у него отличное получается. Развивайтесь в том же направлении)",5,
54,Артём Рахимов,2023-08-20 21:31:50,"Я 2 раза снял деньги в чужом Атм. Мне их дали по карте Альфа банка, но там комиссия большая. Лучше не лениться и искать банкомат Альфа банка. Тогда комиссии вообще не будет",5,
55,Рома,2023-08-11 21:23:51,"Отзывчивые сотрудники, знающие свое дело. Помогают быстро и качественно.",5,
56,Сергей Равен,2024-01-25 17:03:49,"Альфа -банк предоставляет разнообразные продукты,включая кредитные и дебетовые карты,наличные кредиты и другие услуги.Клиенты могут воспользоваться ими в филиалах,через интернет, а также получить консультацию по телефону или онлайн -чате.",5,
57,Марк Сарксян,2023-07-29 11:48:47,Онлайн-банкинг Альфа Банка - это удобный и безопасный способ управления финансами из любой точки мира.,5,
58,Дарья Павлова,2024-02-10 14:42:34,Девушки всегда вежливые и готовы помочь. Чистота и порядок добавляют приятных впечатлений.,5,
59,Раиса Никитина,2023-09-09 19:27:08,"В отделении предусмотрена электронная очередь, которая функционирует надёжно и обеспечивает быстрое обслуживание. Персонал весьма адекватен и дружелюбен. Возможность снятия денег без комиссии как в банкоматах, так и в кассе, имеет для меня большое значение",5,
60,Дмитрий Мак,2024-01-08 17:45:34,Профессиональные и доброжелательные сотрудники,5,
61,Рената Игнатова,2023-08-25 19:12:43,"Достойное приложение инвестиций, много обучающего материала, биржи работаю хорошо",5,
62,Фёдор Черкасов,2023-09-01 17:31:38,"Альфа банк предлагает удобный мобильный банкинг, который позволяет мне контролировать свои финансы в любое время и в любом месте.",5,
63,Вадим Сергеев,2023-08-27 06:56:21,"Решили проблему, хотя и пришлось подождать, так как все были заняты. Персонал очень вежливый и клиентоориентированный.",5,
64,Евгения Барило,2024-02-23 03:22:22,Персонал очень отзывчивый и внимательный. Они помогли мне разобраться с банкоматом и ответили на все мои вопросы.,5,
65,Максим Б.,2023-11-21 17:01:44,"ИП через Альфа банк сделал вчера. Пока всё удобно и быстро. Банк, на мой взгляд, честный и подходит для бизнеса.",5,
66,Советник президента,2023-06-20 13:26:41,"Кредит нужен был, но не устроило меня процентная ставка и скорое погашение. . Место подъезда удобное. Расположение в центре Туапсе",5,
67,Severus255,2024-01-16 12:25:03,По вопросу о моём счете позвонил в банк. Дружелюбный сотрудник предоставил немедленную помощь. Процесс был быстрым и эффективным. Рекомендую всем!,5,
68,Евгения Харина,2023-08-22 00:09:42,"Альфа карта с милями для меня очень выгодная, летаю часто, иногда бесплатно получается",5,
69,София Погодина,2023-01-25 06:15:22,"Сегодня в банке была впервые, все понравилось, очередей нет, персонал вежливый, обслуживание быстрое и по делу, сотрудники банка не навязывают свои услуги , а только предлагают.",5,
70,София Соловьева,2023-09-04 03:23:31,Я получила быстрое одобрение на свой кредит в Альфа банке. Они предоставили мне необходимые средства в кратчайшие сроки,5,
71,Милана Еланцева,2023-11-28 15:21:36,Удобные условия и оперативная техническая поддержка делают работу с банком комфортной и безопасной.,5,
72,Владимир Тюленев,2024-02-12 18:20:31,"Отличный сервис ,приятные сотрудники.",5,
73,Яковлев,2023-08-08 13:50:14,Альфа Банк предоставляет широкий выбор инвестиционных продуктов с высокой доходностью.,5,
74,Елена И.,2022-12-23 18:20:12,Всегда очень долгое время ожидания. Медленная работа персонала. Время работы отделения только для безработных граждан - с 9 до 18 и суббота воскресенье выходной. Каким образом должны работающие люди туда попадать? Для меня это огромная проблема. Мест ожидания в зале тоже не достаточно.,2,"Здравствуйте, Елена! 
Жаль, что у вас остались плохие впечатления. 
Мы всегда стараемся быстро помочь всем клиентам и не занимать ваше личное время. На счёт времени посещения и дополнительных мест, подумаем и исправимся. 
Вы можете посмотреть ближайшее отделение, которое работает в выходные дни здесь: alfabank.ru/office."
75,Андрей Михайлов,2024-03-25 17:05:54,Делал карту обслуживание отлично,5,
76,Виктория Георгадзе,2023-08-27 20:11:27,"Мне дали кредит, под залог пообещала дом. Конечно ничего не лишилась. С кредитом расплатилась, дом остался у меня по всем законам.",5,
77,Вера Калтян,2022-12-15 17:22:56,"Очень терпеливые сотрудники. Хорошее обслуживание,мне всё помогли сделать. Скачать приложение, которое я не смогла. Очень понравилось.",5,
78,Алиса Рачевская,2023-07-29 11:39:19,Альфа Банк предлагает удобные условия для ведения бизнеса - открытие расчетного счета было быстрым и простым.,5,
79,Руслан Ахметов,2023-09-14 17:43:20,"Я клиент этого банка уже почти год, и у меня не возникло ни одной проблемы. Сотрудники всегда вежливы и оперативно обслуживают клиентов, почти нет очередей. Недавно я получил карту на выгодных условиях",5,
80,саня санич,2023-09-01 10:03:52,"1 миля=1 рублю. Не знаю нормально ли это или плохо для других, но для меня в идеально. Альфа всегда был хорошии банком",5,
81,Максутова Марха,2024-03-28 15:25:11,"Уже третий раз открываю вклад,условия прекрасные.Менеджеры - просто чудо.Очень оперативно решают все вопросы",5,
82,Поля Морозова,2024-03-20 14:30:10,Люблю это отделение банка за внимание к клиентам и профессионализм сотрудников. Здесь всегда готовы помочь и решить любые вопросы.,5,
83,Комаров,2023-07-31 15:17:27,"У банка крутая процентная ставка , он даже ее не потерял при нынешних днях и при санкциях . Очень люблю его .",5,
84,Ксения Ивановна,2023-09-01 01:42:31,"Карточка дебетовая не забирает деньги с моего баланса. Комиссии нет, в этом плане легче чем с кредитной",5,
85,Лиза С.,2023-08-29 05:30:48,"Захожу в это отделение когда нужно. Оно близко к дому, выполняет быстрые переводы за границу",5,
86,Мария Т.,2024-04-11 03:49:16,Зашла забрать карту и узнала о возможности документы на самозанятость. Мне быстро и профессионально помогли с этим.,5,
87,Зоя Григорян,2023-08-20 23:49:11,"Не смотря на очередь, разобрались с моим вопросом довольно быстро, спасибо вам",5,
88,Юлия Данилова,2022-09-07 18:46:45,"Вполне отзывчивое и профессиональное агентство альфа банка, мои просьбы решаются быстро, а советы очень актуальны. Я очень рекомендую.",5,
89,Татьяна П.,2024-04-23 12:21:48,Получаю зарплату на карту Альфы уже 4 месяца. Оставила другие банки из-за устаревших условий. Здесь есть кэшбэк и дополнительные услуги.,5,
90,элина полудненко,2023-08-04 17:45:00,Хороший и вежливый персонал. Правда немного медлительный.,4,
91,дарья шальнева,2022-11-08 12:50:11,"Пришли в этот банк , из всех окошек работает только 1 , остальные работники банка стоят и общаются о чем то своем, смеются , даже внимания не обращая на клиентов .",1,
92,Ирина,2022-06-02 06:17:19,"Обслуживаюший персонал внимательный. При входе встретили, подсказали. Людей много. Ждать приходится долго. Была с детьми (6 лет и 1 год) для более взрослых деток есть столик с карандашами и раскрасками. С маленьаими конечно не удобно и долго очень показалось.",5,
93,Анна,2023-10-24 15:57:43,Здесь удобно делать банковские операции. Никогда не сталкивалась с долгим ожиданием. Система работает отлично.,5,
94,Артём Карлин,2022-09-20 06:20:58,"У меня вклад в Альфа-Банке. Доволен условиями, Альфа-Счёт - Самый оптимальный вариант. При котором начисляются 9%. Вклад можно застраховать.",5,
95,Ландыш Галимова,2022-09-16 12:12:59,"С альфа банком давно на ты. Открыт здесь брокерский счёт. Довольно выгодное сотрудничество. Удобно использовать приложение банка для пополнения, просмотра суммы, доход",5,
96,Рима Б.,2023-12-26 15:25:25,"Персонал не равнодушен, видно, что они действительно хотят помочь. Такое отношение к работе редко встречается.",5,
97,Sergey Orlov,2022-09-18 11:56:05,"Завел тут Альфа-Карту Premium. До 3% кэшбэк на покупки+ 3% на остаток по карте. Замечательные условия с учеиом того, что можно снимать деньги без процентов где угодно.",5,
98,николай князев,2022-11-22 12:47:46,Был сегодня очередь большая работают нехотя. Выражение литца и манеры общения у старшей ужасные хотя я хотел открыть счёт маме. Пришлось нехотя уйти в ВТБ. Завтра наверное и свой счёт закрою.,1,
99,Валентина,2023-12-17 19:09:00,Этот банк- надежный. Здесь нет проблем с вложениями или выплатами процентов. Доверие полностью опрвдано!,5,
100,Александра Бурлакова,2023-09-16 05:35:50,Через 30 дней как и обещали у меня начался доход по максимуму в АЛьфа счете. Благодарю!,5,
101,Борис М.,2022-12-14 11:29:47,"Благодаря менеджерам легко выбрать выгодный продукт, который подходит именно тебе и именно под твои цели.",5,
102,Георгий Медведев,2021-08-07 09:24:28,"На удивление очень внимательное обслуживание. Приехал в Туапсе в гости, срочно нужно было решить вопрос с картой. Очень приятная девушка в зале. Быстро вникла, Помогла, все объяснила. Молодцы. Именно об этом офисе, не о Банке.",5,
103,Светлана,2023-11-24 17:32:29,Отличный коллектив,5,
104,Татьяна,2023-09-21 08:56:20,"Срочно нужно решить вопрос а дозвониться нельзя, от слова СОВСЕМ. Ужас!!!!",1,"Здравствуйте, Татьяна. 
Иногда отвечаем дольше, если получаем много обращений. Мы всегда готовы помочь вам не только в телефонном центре, но и в чате в приложении или Альфа-Онлайн, либо в личных сообщениях в соцсетях."
105,Ильдар Хаертдинов,2022-10-11 05:05:07,"В альфа банке если возникают какие-то трудности, то они быстро решаются. Сотрудники очень грамотные. Спасибо большое им за работу.",5,
106,Инкогнито 1059,2024-04-13 18:46:13,Обслуживание на пять,5,
107,вася васин,2022-11-08 19:08:10,Нет контроля. Сервис на уровне плинтуса. Банкоматы вечно не работают. Очереди по таллонам просто жесть отсылают к другим операторам. Проблеммы не решают,1,
108,Егор М.,2023-03-02 18:22:01,"Самый проблемный банк, а именно меняют постоянно условия по кредитным картам. Не рекомендую",1,"Здравствуйте, Егор!
Условия по кредитным картам не меняли достаточно давно 🤔 Если что-то пересматриваем, то всегда уведомляем об этом в смс, пуш-уведомлениях или письмами на электронную почту."
109,Светлана Химина,2022-05-24 17:58:52,"Хорошее обслуживание. Оператор Антонина, всё объяснила доходчиво, огромное ей спасибо!",5,
110,Александр Шляхов,2023-11-22 17:34:38,Лучший бане!!!,5,
111,Евгения Нигматулина,2023-01-28 14:24:31,"У меня тут зарплатная карточка, поэтому я всегда обращаюсь сюда за получением наличных и безналичными переводами. В целом, я довольна, потому что все быстро и без очередей.",5,
112,Ivan Kupryanov,2023-08-15 19:09:54,Быстрое и вежливое обслуживание!,5,
113,Михаил Поляков,2023-08-05 12:24:12,Чисто опрятно и нет очередей!,5,
114,Маргарита К.,2023-03-08 14:39:35,"Долго обслуживают. А так, хороший банк. Отзывчивые сотрудники.",4,"Здравствуйте, Маргарита!
Мы стремимся к тому, чтобы обслуживание было максимально комфортным и быстрым. Но из-за большой нагрузки время ожидания может быть больше обычного. Извините, что заставили ждать."
115,Kleo,2021-04-02 08:56:53,"Сегодня 2 апреля 2021 г пришли в альфа банк.По поводу карты.Консультант толком не объяснила,проверила,карты не оказалось ее.и дала понять ,разговор окончен.Я пошла взять снова талон!Чтобы обьяснили нормально.Приложение для меня ново.Подошла к терминалу,и слышу рявк консультанта Тамары Мамищевой .НЕ НАДО БРАТЬ ТАЛОН!!Я СЕЙЧАС ВСЕ ОБЬЯСНЮ!Я опешила.Я сделала замечание.Не нужно таким тоном разговаривать с клиентами!Она не извинилась,грубо обьяснила мне .Откуда набирают таких людей?Ведут себя так,как будто пришли к ним домой.Впервые решила взять карту этого банка.Впервые посетила этот банк и такое впечатление оставили.Поэтому оценка кол.А вообще впервые я столкнулась с хамством в банке.В других банках всегда вежливо и терпеливо обьясняли.",1,
116,Алиса Жаркова,2023-10-06 21:01:15,"Банк уютный, девушки не сонные. Советую",5,
117,диана макарова,2023-09-05 02:21:31,На рабочих местах сидят безграмотные люди .,1,"Добрый день, Диана!
Что пошло не так? Расскажите о вашей ситуации поподробнее нам на почту smm@alfabank.ru. В теме письма можете указать Яндекс карты диана макарова и скриншот отзыва."
118,Альбина Мыльникова,2023-07-17 13:23:36,"Хороший банк, жалко что нет туалета для клиентов",5,
119,Белоцерковец М.,2023-09-07 18:42:18,"Клиентов у банка много, для меня это показатель. Владею 1 кредиткой, 1 дебетовой и вот платежный стикер с марта появился",5,
120,Люда Федорова,2022-05-11 17:08:55,Понравилось обслуживание. Компетентный специалист ответила на все мои вопросы. Тёплое отношение к клиентам.,4,
121,Саша Ахметов,2023-07-15 18:39:00,Я доволен высоким уровнем защиты данных в Альфа Банке - это приоритет для меня при выборе финансового учреждения.,5,
122,кот матроскин,2023-08-25 15:49:59,"Час просидел, развернулся и ушел.",2,"Добрый день!
Простите, что заставили ждать. Стараемся помогать в кратчайшие сроки, но иногда решение вопроса клиента перед вами может больше времени, чем мы рассчитываем."
123,Valery Bataev,2022-02-07 16:24:19,"Самый некомпетентный банк на этой планете проценты башенные, на горячей линии разговаривают по хамски ,на консультации правду всю не говорят .",5,
124,Артем,2021-06-29 11:44:05,"Пришёл в Туапсинское отделение альфа-банка забрать дебетовую карту. В итоге пришлось ждать 20 минут, пока консультант договорит с каким-то мужчиной (договорит на тему покупки загородного дома его сыном). На просьбу обслужить меня, ведь судя по талону давно пришла моя очередь, консультант ответила, что она занята, и чтобы я подождал. От такого обслуживания пропало желание пользоваться услугами данного банка!",1,
125,tuap,2021-03-15 16:24:29,"Был и не раз. Хитрый, сам банк, со своими хитрыми предложениями, ну ладно, это вопрос выживания банка в тяжелые годы экономики и пандемии. Вот тока, что мне не нравится, так это, если вы взяли кредит, то о досрочном погашении можно, но с подачей заявления и его не моментального рассмотрения, так что учтите. А вот работники, сотрудники банка работают на славу. Молодцы. Знают своё дело и любезно ответят на все ваши вопросы.",5,
126,Igor B.,2023-02-13 09:27:52,Всё хорошо спасибо рекомендую,5,
127,Руслан Бердыкулов,2022-07-19 13:26:44,Очень вежливое обслуживание. Специалисты грамотные,5,
128,Руслан Шхалахов,2021-09-16 09:14:23,Являюсь клиентом этого банка около 15 лет!! Проблем ни когда не было! Быстрое обслуживание! Вежливый персонал.! Приемлимая процентная ставка по кредиту!!,5,
129,Фарит,2024-03-19 14:22:07,👌,5,
130,Юля К.,2023-10-19 15:33:36,"Удивительное чувство, когда банк нацелен на долгосрочные отношения с клиентами.",5,
131,Мах,2021-11-17 10:26:36,"В Альфа банке торгуют личными данными, если кто хочет получить 100500 звонков от мошенников-добро пожаловать в Альфа банк, в тот же день после посещения ждите звоночков.",1,
132,Александра Г.,2022-07-14 18:29:34,"Приятное обслуживание , минимум очереди , решение любого вопроса 👌🏻",5,
133,Иван Вдовыдченко,2022-07-09 19:02:26,"Довольно хорошее отделение банка, услуги получил быстро.",5,
134,458168 Кешишьян,2021-12-13 12:43:26,Оформляла карту.Очень мне понравилось быстро и профисионально.Молодцы девочки,5,
135,Юрий Прус,2022-09-16 17:08:02,Очень хороший грамотный специалист,5,
136,Денис Нужнев,2021-05-14 13:54:25,Очень удобно персонал работает хорошо. Но надо больше феллиалов в туапсе,4,
137,Евгений Тейлор,2022-07-14 20:28:38,Быстро. Профессионально. Прохладно,5,
138,v o r a l e e g o,2023-10-09 16:53:36,Работает. Но деньги в банкомате сняли через три попытки ..ппц,5,
139,инна Инна,2022-07-28 18:20:05,"Отличный банк, добросовестные сотрудники.",5,
140,Лёля,2021-06-11 18:40:19,"Напыщенные сотрудники, которые разговаривают с посетителями так, как-будто делают одолжение. Не хочется лишний раз туда заходить даже.",4,
141,Александр Пятаев,2021-07-08 14:04:29,"Быстрое обслуживание,профессионалы,добрые и вежливые сотрудники",5,
142,Александр,2021-10-06 10:32:59,"Всё очень нравится, обслуживание на хорошем уровне.",5,
143,VAZO,2022-04-29 17:54:14,"Приятные сотрудники, хорошее обслуживание",5,
144,Наталья Ряднова,2023-03-31 17:11:08,Мой любимый банк 😀,5,
145,Евгения К.,2020-09-05 12:36:12,"Удасное место!!! Искала его час с навигатором, потому что он стоит не на той улице, название которой носит, а ща углом!!! Бред сивой кобылы... А когда нашла - оказалось что валюту они не меняют. А нафига вас там такая толпа? Не понятно... Спасибо Открытие недалеко от вас...",2,
146,Сергей Б,2022-07-15 15:45:49,Отношение к клиентам доброжелательное.,4,
147,данил василенко,2021-11-23 10:33:06,"Огромная очередь, чтобы получить готовую именную карту - надо пол дня провести в банке",1,
148,Ольга Кузнецова,2021-08-08 16:47:38,"Качественно помогли и объяснили проблему, спасибо.",5,
149,Людмила,2021-11-30 08:38:01,"Просто ужас. Арестовали счет, выставили задолженность. И говорят, что это не к ним.",1,
150,Иван В.,2019-11-25 17:28:24,Удобный подъезд. Удобный график работы . Очень грамотные сотрудники. Всегда готовы помочь в решении проблемы . Банкоматы 24/7,5,
151,Олеся Дергунова,2022-01-09 14:55:08,Невозможно просто поговорить с оператором!!!! Это просто ужас!!!!!!,1,
152,Николай Аристов,2023-08-12 17:39:21,Норм,5,
153,Анонимный отзыв,2020-11-24 12:14:01,"Нет обмена валют. Холодный персонал если ты не клиент этого банка. А если не клиент то работают по принципу Ты кто такой? Давай, до свидания!",2,
154,Владимир Амирович,2021-08-04 14:13:55,Отвратительный банк. Подключают услуги и снимают деньги без ведома хозяина карты!!!,1,
155,Александр Кудряшов,2022-04-14 08:11:04,Ужасный банк. Третью неделю делают карту.,1,
156,Александр Соловьев,2021-12-10 19:45:12,"Все хорошо,но только один оператор был.",4,
157,Тарон Айвазян,2022-05-12 19:39:37,Все на высшем уровне,5,
158,Олег Кудрицкий,2020-04-03 02:36:09,"Можно было бы смело ставить 5, но водосток на входе поливает в дождь щедрою струёю каждого клиента.Почти Европа , но с элементами нашего свинства)))",4,
159,Дмитрий А,2021-09-21 05:58:13,"Банк альфа, обслуживание как и во всем хромает!",4,
160,Анатолий Захаров,2021-09-18 06:58:21,"Отличный персонал, решили вопрос быстро, четко",5,
161,Эльмира Карасова,2022-08-17 17:11:58,Карту сразу дали,5,
162,Дмитрий В.,2019-05-06 11:55:32,"В офисе нет КАССЫ! деньги выдают в зале на глазах всех посетителей! Даже для выдачи крупной суммы нет отдельного помещения, нет конфиденциальности вклада и выдачи денег клиенту, это ненормально!",1,
163,Алла Полежаева,2020-06-29 18:41:32,"Отличный банк, квалифицированные сотрудники, работают на 100 баллов.",5,
164,Василий,2020-04-03 12:50:33,"Самый продажный банк, на следующий день после посещения банка сливает все твои персональные данные всяким лохатронщикам",2,
165,Кариша,2021-04-13 21:43:14,"Грамотные консультанты,особенно Ольга👍",5,
166,иван неверов,2022-05-01 02:46:14,Обманывают народ,1,
167,Евгений Беловалов,2021-06-14 10:20:05,"Норм как и везде, банкоматы 7- 24",4,
168,Татьяна Б.,2019-11-02 19:45:06,"Очень вежливый персонал, быстрое решение вопросов",5,
169,Андрей Морин,2019-08-27 10:51:45,"Чтобы подойти к сотруднику и предьявить паспорт, надо девице, выдающей талончики, предьявить паспорт. Я в шоке. Ей-то зачем? Говорит, вы же все равно будете его сотруднику предьявлять! 🤪",1,
170,Мария Лаврова,2021-06-25 17:50:36,Хорошее обслуживание.,5,
171,Ильич,2019-09-10 14:17:01,"Хорошее качество обслуживания, вежливые сотрудники.",5,
172,Марина Иванова,2019-12-09 20:06:27,"Приятное, вежливое обслуживание, время в очереди 3 минуты",5,
173,ЕВГЕНИЙ Б,2019-10-06 12:06:26,Отличное обслуживание! Девочки молодцы,5,
174,Сергей,2019-12-13 05:38:00,"Маленький но уютный, персонал на 4 из 5",5,
175,Андрей,2019-11-25 10:25:51,Отзывчивые и грамотные консультанты,5,
176,An@toli4,2021-01-31 10:01:49,Хорошее обслуживание,5,
177,Галиев Анас,2021-05-05 18:53:18,Отличной.банк!,5,
178,Добрый человек,2020-01-11 11:59:02,"Не очень хороший банк, много претензий к тому что бы открыть там счёт или взять кредитную карту.",1,
179,Олег Семенков,2020-04-25 09:38:39,Очень хороший банк,5,
180,Александр Бурковский,2019-11-24 18:07:57,На сайте не достоверная информация.,2,
181,Евгений А.,2019-10-07 12:34:07,Вежливо обслуживают клиентов банка,5,
182,ashot akopyan,2019-12-14 20:27:03,Красиво смотрится,5,
183,Елена Варабина,2019-11-28 11:37:50,Негде поставить машину,5,
184,Яценко С.,2019-07-31 13:47:03,Жлобская контора,3,
185,Александр Ланцов,2018-08-18 16:20:15,"Нет обменника, жаль...",2,
186,Лев Т.,2019-08-10 07:51:30,плохо,1,
187,Геворк Ш.,2017-10-20 13:56:02,"Офис переехал на ул. С. Перовской, 2",5,
